run_id,parameter_set_equivalence_family_id,parameter_set_equivalence_family_sha256,parameter_set_equivalence_family_size,parameter_set_id,parameter_identity_sha256,parameter_schema_version,parameter_grid_sha256,parameter_grid_ordinal,profile,rank,search_rank,requested_search_member,search_space_member,reference_roles_json,historic_reference_json,completion_index,completion_elapsed_seconds,search_fraction,global_ordinal,label,layout_type,status,iou,left_error_px,top_error_px,right_error_px,bottom_error_px,edge_error_mean_px,edge_error_maximum_px,elapsed_ms,approved_bbox_json,predicted_bbox_json,parameters_json,error_type,error_message,result_json,page_json
run-20260902-194420,3eec8a03f1de,3eec8a03f1de3751826d80f9ed3cf77505a6f7751cffee684e15e1e1f0d4344c,1,3eec8a03f1de,c409c128cf7a1ce1b8299a1ac42eddfa3e916b43dd748a8c10345420038a72e8,1,,,baseline,1,,0,1,"[""baseline""]",{},,,,1,ordinary_two_page_spread,two_page_spread,ok,0.85424412,14,38,93,28,43.25,93,1863.979,"[125, 56, 1289, 967]","[111, 18, 1382, 939]","{""agreement_weight"":0.3,""contour_epsilon_max_fraction"":0.04,""contour_minimum_area_fraction"":0.12,""contour_minimum_rectangularity"":0.55,""contour_weight"":0.45,""grabcut_border_fraction"":0.02,""grabcut_erosion_kernel_fraction"":0.015,""grabcut_iterations"":3,""grabcut_weight"":0.25,""minimum_agreement_iou"":0.3,""require_grabcut"":false}",,,"{""legacy_parameter_set_id"":""3eec8a03f1de"",""parameter_grid_ordinal"":null,""parameter_grid_sha256"":null,""parameter_identity_schema_version"":""1"",""parameter_identity_sha256"":""c409c128cf7a1ce1b8299a1ac42eddfa3e916b43dd748a8c10345420038a72e8"",""parameter_schema_version"":""1"",""parameter_set_equivalence_family_id"":""3eec8a03f1de"",""parameter_set_equivalence_family_sha256"":""3eec8a03f1de3751826d80f9ed3cf77505a6f7751cffee684e15e1e1f0d4344c"",""parameter_set_equivalence_family_size"":1,""parameter_set_id"":""3eec8a03f1de"",""parameters"":{""agreement_weight"":0.3,""contour_epsilon_max_fraction"":0.04,""contour_minimum_area_fraction"":0.12,""contour_minimum_rectangularity"":0.55,""contour_weight"":0.45,""grabcut_border_fraction"":0.02,""grabcut_erosion_kernel_fraction"":0.015,""grabcut_iterations"":3,""grabcut_weight"":0.25,""minimum_agreement_iou"":0.3,""require_grabcut"":false},""profile"":""baseline"",""rank"":1,""reference_roles"":[""baseline""],""requested_search_member"":false,""run_id"":""run-20260902-194420"",""search_space_member"":true,""summary"":{""elapsed_ms_total"":30065.413,""failure_count"":0,""mean_edge_error_px"":34.8,""mean_iou"":0.87682013,""mean_iou_success"":0.87682013,""minimum_iou"":0.75890607,""page_count"":5,""stddev_iou"":0.07335619,""success_count"":5,""wall_ms"":30067.091}}","{""approved_bbox"":[125,56,1289,967],""candidate"":{""authors"":null,""bbox"":[111,18,1382,939],""confidence"":0.855218,""corners"":[[111.0,90.0],[1381.0,18.0],[1257.0,938.0],[235.0,917.0]],""detector_name"":"""",""diagnostics"":{""agreement_iou"":0.85843006,""contour_corners"":[[111.0,90.0],[1381.0,18.0],[1257.0,938.0],[235.0,917.0]],""contour_reason"":null,""contour_score"":0.79374,""contour_status"":""ok"",""fusion_mode"":""contour_generated_grabcut_validated"",""grabcut_corners"":[[89.0,62.0],[100.0,953.0],[1283.0,950.0],[1272.0,60.0]],""grabcut_reason"":null,""grabcut_score"":0.962022,""grabcut_status"":""ok"",""parameters"":{""agreement_weight"":0.3,""contour_epsilon_max_fraction"":0.04,""contour_minimum_area_fraction"":0.12,""contour_minimum_rectangularity"":0.55,""contour_weight"":0.45,""grabcut_border_fraction"":0.02,""grabcut_erosion_kernel_fraction"":0.015,""grabcut_iterations"":3,""grabcut_weight"":0.25,""minimum_agreement_iou"":0.3,""require_grabcut"":false},""reason"":""accepted"",""selected_geometry"":""contour_quad""},""foundation"":null,""method"":""contour_grabcut"",""origin"":"""",""repository"":"""",""score"":0.855218,""status"":""ok"",""version"":""""},""edge_error_maximum_px"":93,""edge_error_mean_px"":43.25,""edge_errors"":{""bottom"":28,""left"":14,""maximum"":93,""mean"":43.25,""right"":93,""top"":38},""elapsed_ms"":1863.979,""global_ordinal"":1,""iou"":0.85424412,""label"":""ordinary_two_page_spread"",""layout_type"":""two_page_spread"",""predicted_bbox"":[111,18,1382,939],""status"":""ok""}"
run-20260902-194420,3eec8a03f1de,3eec8a03f1de3751826d80f9ed3cf77505a6f7751cffee684e15e1e1f0d4344c,1,3eec8a03f1de,c409c128cf7a1ce1b8299a1ac42eddfa3e916b43dd748a8c10345420038a72e8,1,,,baseline,1,,0,1,"[""baseline""]",{},,,,5,damaged_partial_register_spread,two_page_spread,ok,0.86176634,52,7,83,28,42.5,83,2835.914,"[67, 8, 1233, 977]","[119, 15, 1316, 949]","{""agreement_weight"":0.3,""contour_epsilon_max_fraction"":0.04,""contour_minimum_area_fraction"":0.12,""contour_minimum_rectangularity"":0.55,""contour_weight"":0.45,""grabcut_border_fraction"":0.02,""grabcut_erosion_kernel_fraction"":0.015,""grabcut_iterations"":3,""grabcut_weight"":0.25,""minimum_agreement_iou"":0.3,""require_grabcut"":false}",,,"{""legacy_parameter_set_id"":""3eec8a03f1de"",""parameter_grid_ordinal"":null,""parameter_grid_sha256"":null,""parameter_identity_schema_version"":""1"",""parameter_identity_sha256"":""c409c128cf7a1ce1b8299a1ac42eddfa3e916b43dd748a8c10345420038a72e8"",""parameter_schema_version"":""1"",""parameter_set_equivalence_family_id"":""3eec8a03f1de"",""parameter_set_equivalence_family_sha256"":""3eec8a03f1de3751826d80f9ed3cf77505a6f7751cffee684e15e1e1f0d4344c"",""parameter_set_equivalence_family_size"":1,""parameter_set_id"":""3eec8a03f1de"",""parameters"":{""agreement_weight"":0.3,""contour_epsilon_max_fraction"":0.04,""contour_minimum_area_fraction"":0.12,""contour_minimum_rectangularity"":0.55,""contour_weight"":0.45,""grabcut_border_fraction"":0.02,""grabcut_erosion_kernel_fraction"":0.015,""grabcut_iterations"":3,""grabcut_weight"":0.25,""minimum_agreement_iou"":0.3,""require_grabcut"":false},""profile"":""baseline"",""rank"":1,""reference_roles"":[""baseline""],""requested_search_member"":false,""run_id"":""run-20260902-194420"",""search_space_member"":true,""summary"":{""elapsed_ms_total"":30065.413,""failure_count"":0,""mean_edge_error_px"":34.8,""mean_iou"":0.87682013,""mean_iou_success"":0.87682013,""minimum_iou"":0.75890607,""page_count"":5,""stddev_iou"":0.07335619,""success_count"":5,""wall_ms"":30067.091}}","{""approved_bbox"":[67,8,1233,977],""candidate"":{""authors"":null,""bbox"":[119,15,1316,949],""confidence"":0.7421,""corners"":[[119.0,36.0],[1315.0,15.0],[739.0,948.0],[137.0,771.0]],""detector_name"":"""",""diagnostics"":{""agreement_iou"":0.6099472,""contour_corners"":[[119.0,36.0],[1315.0,15.0],[739.0,948.0],[137.0,771.0]],""contour_reason"":null,""contour_score"":0.749072,""contour_status"":""ok"",""fusion_mode"":""contour_generated_grabcut_validated"",""grabcut_corners"":[[764.0,966.0],[105.0,966.0],[105.0,20.0],[764.0,20.0]],""grabcut_reason"":null,""grabcut_score"":0.888134,""grabcut_status"":""ok"",""parameters"":{""agreement_weight"":0.3,""contour_epsilon_max_fraction"":0.04,""contour_minimum_area_fraction"":0.12,""contour_minimum_rectangularity"":0.55,""contour_weight"":0.45,""grabcut_border_fraction"":0.02,""grabcut_erosion_kernel_fraction"":0.015,""grabcut_iterations"":3,""grabcut_weight"":0.25,""minimum_agreement_iou"":0.3,""require_grabcut"":false},""reason"":""accepted"",""selected_geometry"":""contour_quad""},""foundation"":null,""method"":""contour_grabcut"",""origin"":"""",""repository"":"""",""score"":0.7421,""status"":""ok"",""version"":""""},""edge_error_maximum_px"":83,""edge_error_mean_px"":42.5,""edge_errors"":{""bottom"":28,""left"":52,""maximum"":83,""mean"":42.5,""right"":83,""top"":7},""elapsed_ms"":2835.914,""global_ordinal"":5,""iou"":0.86176634,""label"":""damaged_partial_register_spread"",""layout_type"":""two_page_spread"",""predicted_bbox"":[119,15,1316,949],""status"":""ok""}"
run-20260902-194420,3eec8a03f1de,3eec8a03f1de3751826d80f9ed3cf77505a6f7751cffee684e15e1e1f0d4344c,1,3eec8a03f1de,c409c128cf7a1ce1b8299a1ac42eddfa3e916b43dd748a8c10345420038a72e8,1,,,baseline,1,,0,1,"[""baseline""]",{},,,,6,title_or_index_sheet,single_page,ok,0.75890607,125,16,37,82,65.0,125,23123.063,"[15, 28, 1074, 970]","[140, 44, 1037, 888]","{""agreement_weight"":0.3,""contour_epsilon_max_fraction"":0.04,""contour_minimum_area_fraction"":0.12,""contour_minimum_rectangularity"":0.55,""contour_weight"":0.45,""grabcut_border_fraction"":0.02,""grabcut_erosion_kernel_fraction"":0.015,""grabcut_iterations"":3,""grabcut_weight"":0.25,""minimum_agreement_iou"":0.3,""require_grabcut"":false}",,,"{""legacy_parameter_set_id"":""3eec8a03f1de"",""parameter_grid_ordinal"":null,""parameter_grid_sha256"":null,""parameter_identity_schema_version"":""1"",""parameter_identity_sha256"":""c409c128cf7a1ce1b8299a1ac42eddfa3e916b43dd748a8c10345420038a72e8"",""parameter_schema_version"":""1"",""parameter_set_equivalence_family_id"":""3eec8a03f1de"",""parameter_set_equivalence_family_sha256"":""3eec8a03f1de3751826d80f9ed3cf77505a6f7751cffee684e15e1e1f0d4344c"",""parameter_set_equivalence_family_size"":1,""parameter_set_id"":""3eec8a03f1de"",""parameters"":{""agreement_weight"":0.3,""contour_epsilon_max_fraction"":0.04,""contour_minimum_area_fraction"":0.12,""contour_minimum_rectangularity"":0.55,""contour_weight"":0.45,""grabcut_border_fraction"":0.02,""grabcut_erosion_kernel_fraction"":0.015,""grabcut_iterations"":3,""grabcut_weight"":0.25,""minimum_agreement_iou"":0.3,""require_grabcut"":false},""profile"":""baseline"",""rank"":1,""reference_roles"":[""baseline""],""requested_search_member"":false,""run_id"":""run-20260902-194420"",""search_space_member"":true,""summary"":{""elapsed_ms_total"":30065.413,""failure_count"":0,""mean_edge_error_px"":34.8,""mean_iou"":0.87682013,""mean_iou_success"":0.87682013,""minimum_iou"":0.75890607,""page_count"":5,""stddev_iou"":0.07335619,""success_count"":5,""wall_ms"":30067.091}}","{""approved_bbox"":[15,28,1074,970],""candidate"":{""authors"":null,""bbox"":[140,44,1037,888],""confidence"":0.697629,""corners"":[[140.0,44.0],[1036.0,223.0],[1021.0,886.0],[424.0,887.0]],""detector_name"":"""",""diagnostics"":{""agreement_iou"":0.74380595,""contour_corners"":[[140.0,44.0],[1036.0,223.0],[1021.0,886.0],[424.0,887.0]],""contour_reason"":null,""contour_score"":0.662027,""contour_status"":""ok"",""fusion_mode"":""contour_generated_grabcut_validated"",""grabcut_corners"":[[1059.9998779296875,961.9998779296875],[244.0,961.9998779296875],[244.0,147.0],[1059.9998779296875,147.0]],""grabcut_reason"":null,""grabcut_score"":0.706299,""grabcut_status"":""ok"",""parameters"":{""agreement_weight"":0.3,""contour_epsilon_max_fraction"":0.04,""contour_minimum_area_fraction"":0.12,""contour_minimum_rectangularity"":0.55,""contour_weight"":0.45,""grabcut_border_fraction"":0.02,""grabcut_erosion_kernel_fraction"":0.015,""grabcut_iterations"":3,""grabcut_weight"":0.25,""minimum_agreement_iou"":0.3,""require_grabcut"":false},""reason"":""accepted"",""selected_geometry"":""contour_quad""},""foundation"":null,""method"":""contour_grabcut"",""origin"":"""",""repository"":"""",""score"":0.697629,""status"":""ok"",""version"":""""},""edge_error_maximum_px"":125,""edge_error_mean_px"":65.0,""edge_errors"":{""bottom"":82,""left"":125,""maximum"":125,""mean"":65.0,""right"":37,""top"":16},""elapsed_ms"":23123.063,""global_ordinal"":6,""iou"":0.75890607,""label"":""title_or_index_sheet"",""layout_type"":""single_page"",""predicted_bbox"":[140,44,1037,888],""status"":""ok""}"
run-20260902-194420,3eec8a03f1de,3eec8a03f1de3751826d80f9ed3cf77505a6f7751cffee684e15e1e1f0d4344c,1,3eec8a03f1de,c409c128cf7a1ce1b8299a1ac42eddfa3e916b43dd748a8c10345420038a72e8,1,,,baseline,1,,0,1,"[""baseline""]",{},,,,9,clean_two_page_spread,two_page_spread,ok,0.96377596,11,5,18,3,9.25,18,1102.449,"[84, 51, 1101, 941]","[73, 56, 1119, 938]","{""agreement_weight"":0.3,""contour_epsilon_max_fraction"":0.04,""contour_minimum_area_fraction"":0.12,""contour_minimum_rectangularity"":0.55,""contour_weight"":0.45,""grabcut_border_fraction"":0.02,""grabcut_erosion_kernel_fraction"":0.015,""grabcut_iterations"":3,""grabcut_weight"":0.25,""minimum_agreement_iou"":0.3,""require_grabcut"":false}",,,"{""legacy_parameter_set_id"":""3eec8a03f1de"",""parameter_grid_ordinal"":null,""parameter_grid_sha256"":null,""parameter_identity_schema_version"":""1"",""parameter_identity_sha256"":""c409c128cf7a1ce1b8299a1ac42eddfa3e916b43dd748a8c10345420038a72e8"",""parameter_schema_version"":""1"",""parameter_set_equivalence_family_id"":""3eec8a03f1de"",""parameter_set_equivalence_family_sha256"":""3eec8a03f1de3751826d80f9ed3cf77505a6f7751cffee684e15e1e1f0d4344c"",""parameter_set_equivalence_family_size"":1,""parameter_set_id"":""3eec8a03f1de"",""parameters"":{""agreement_weight"":0.3,""contour_epsilon_max_fraction"":0.04,""contour_minimum_area_fraction"":0.12,""contour_minimum_rectangularity"":0.55,""contour_weight"":0.45,""grabcut_border_fraction"":0.02,""grabcut_erosion_kernel_fraction"":0.015,""grabcut_iterations"":3,""grabcut_weight"":0.25,""minimum_agreement_iou"":0.3,""require_grabcut"":false},""profile"":""baseline"",""rank"":1,""reference_roles"":[""baseline""],""requested_search_member"":false,""run_id"":""run-20260902-194420"",""search_space_member"":true,""summary"":{""elapsed_ms_total"":30065.413,""failure_count"":0,""mean_edge_error_px"":34.8,""mean_iou"":0.87682013,""mean_iou_success"":0.87682013,""minimum_iou"":0.75890607,""page_count"":5,""stddev_iou"":0.07335619,""success_count"":5,""wall_ms"":30067.091}}","{""approved_bbox"":[84,51,1101,941],""candidate"":{""authors"":null,""bbox"":[73,56,1119,938],""confidence"":0.939998,""corners"":[[77.0,56.0],[1115.0,56.0],[1118.0,937.0],[73.0,932.0]],""detector_name"":"""",""diagnostics"":{""agreement_iou"":0.99658013,""contour_corners"":[[77.0,56.0],[1115.0,56.0],[1118.0,937.0],[73.0,932.0]],""contour_reason"":null,""contour_score"":0.879702,""contour_status"":""ok"",""fusion_mode"":""contour_generated_grabcut_validated"",""grabcut_corners"":[[1117.0,58.0],[77.0,55.0],[72.0,933.0],[1119.0,937.0]],""grabcut_reason"":null,""grabcut_score"":0.980632,""grabcut_status"":""ok"",""parameters"":{""agreement_weight"":0.3,""contour_epsilon_max_fraction"":0.04,""contour_minimum_area_fraction"":0.12,""contour_minimum_rectangularity"":0.55,""contour_weight"":0.45,""grabcut_border_fraction"":0.02,""grabcut_erosion_kernel_fraction"":0.015,""grabcut_iterations"":3,""grabcut_weight"":0.25,""minimum_agreement_iou"":0.3,""require_grabcut"":false},""reason"":""accepted"",""selected_geometry"":""contour_quad""},""foundation"":null,""method"":""contour_grabcut"",""origin"":"""",""repository"":"""",""score"":0.939998,""status"":""ok"",""version"":""""},""edge_error_maximum_px"":18,""edge_error_mean_px"":9.25,""edge_errors"":{""bottom"":3,""left"":11,""maximum"":18,""mean"":9.25,""right"":18,""top"":5},""elapsed_ms"":1102.449,""global_ordinal"":9,""iou"":0.96377596,""label"":""clean_two_page_spread"",""layout_type"":""two_page_spread"",""predicted_bbox"":[73,56,1119,938],""status"":""ok""}"
run-20260902-194420,3eec8a03f1de,3eec8a03f1de3751826d80f9ed3cf77505a6f7751cffee684e15e1e1f0d4344c,1,3eec8a03f1de,c409c128cf7a1ce1b8299a1ac42eddfa3e916b43dd748a8c10345420038a72e8,1,,,baseline,1,,0,1,"[""baseline""]",{},,,,10,clean_two_page_spread_2,two_page_spread,ok,0.94540817,7,11,18,20,14.0,20,1140.008,"[88, 33, 1154, 968]","[81, 44, 1172, 948]","{""agreement_weight"":0.3,""contour_epsilon_max_fraction"":0.04,""contour_minimum_area_fraction"":0.12,""contour_minimum_rectangularity"":0.55,""contour_weight"":0.45,""grabcut_border_fraction"":0.02,""grabcut_erosion_kernel_fraction"":0.015,""grabcut_iterations"":3,""grabcut_weight"":0.25,""minimum_agreement_iou"":0.3,""require_grabcut"":false}",,,"{""legacy_parameter_set_id"":""3eec8a03f1de"",""parameter_grid_ordinal"":null,""parameter_grid_sha256"":null,""parameter_identity_schema_version"":""1"",""parameter_identity_sha256"":""c409c128cf7a1ce1b8299a1ac42eddfa3e916b43dd748a8c10345420038a72e8"",""parameter_schema_version"":""1"",""parameter_set_equivalence_family_id"":""3eec8a03f1de"",""parameter_set_equivalence_family_sha256"":""3eec8a03f1de3751826d80f9ed3cf77505a6f7751cffee684e15e1e1f0d4344c"",""parameter_set_equivalence_family_size"":1,""parameter_set_id"":""3eec8a03f1de"",""parameters"":{""agreement_weight"":0.3,""contour_epsilon_max_fraction"":0.04,""contour_minimum_area_fraction"":0.12,""contour_minimum_rectangularity"":0.55,""contour_weight"":0.45,""grabcut_border_fraction"":0.02,""grabcut_erosion_kernel_fraction"":0.015,""grabcut_iterations"":3,""grabcut_weight"":0.25,""minimum_agreement_iou"":0.3,""require_grabcut"":false},""profile"":""baseline"",""rank"":1,""reference_roles"":[""baseline""],""requested_search_member"":false,""run_id"":""run-20260902-194420"",""search_space_member"":true,""summary"":{""elapsed_ms_total"":30065.413,""failure_count"":0,""mean_edge_error_px"":34.8,""mean_iou"":0.87682013,""mean_iou_success"":0.87682013,""minimum_iou"":0.75890607,""page_count"":5,""stddev_iou"":0.07335619,""success_count"":5,""wall_ms"":30067.091}}","{""approved_bbox"":[88,33,1154,968],""candidate"":{""authors"":null,""bbox"":[81,44,1172,948],""confidence"":0.918871,""corners"":[[84.0,44.0],[1144.0,44.0],[1171.0,947.0],[81.0,945.0]],""detector_name"":"""",""diagnostics"":{""agreement_iou"":0.96280918,""contour_corners"":[[84.0,44.0],[1144.0,44.0],[1171.0,947.0],[81.0,945.0]],""contour_reason"":null,""contour_score"":0.856308,""contour_status"":""ok"",""fusion_mode"":""contour_generated_grabcut_validated"",""grabcut_corners"":[[77.0,38.0],[78.0,959.0],[1176.0,956.0],[1166.0,35.0]],""grabcut_reason"":null,""grabcut_score"":0.97876,""grabcut_status"":""ok"",""parameters"":{""agreement_weight"":0.3,""contour_epsilon_max_fraction"":0.04,""contour_minimum_area_fraction"":0.12,""contour_minimum_rectangularity"":0.55,""contour_weight"":0.45,""grabcut_border_fraction"":0.02,""grabcut_erosion_kernel_fraction"":0.015,""grabcut_iterations"":3,""grabcut_weight"":0.25,""minimum_agreement_iou"":0.3,""require_grabcut"":false},""reason"":""accepted"",""selected_geometry"":""contour_quad""},""foundation"":null,""method"":""contour_grabcut"",""origin"":"""",""repository"":"""",""score"":0.918871,""status"":""ok"",""version"":""""},""edge_error_maximum_px"":20,""edge_error_mean_px"":14.0,""edge_errors"":{""bottom"":20,""left"":7,""maximum"":20,""mean"":14.0,""right"":18,""top"":11},""elapsed_ms"":1140.008,""global_ordinal"":10,""iou"":0.94540817,""label"":""clean_two_page_spread_2"",""layout_type"":""two_page_spread"",""predicted_bbox"":[81,44,1172,948],""status"":""ok""}"
run-20260902-194420,42fc63229bb3,42fc63229bb3a204b4c2c53be76b310f4317d9f75cc1b733c0b3bbe9a6ed54ec,1,42fc63229bb3,e7436c3ca9cfa635bfb1b9c7e178fb057aafebe8f0789b5ff73789c1ef487391,1,717943d85883a7f143d1154c18bf09c3cc8a53a5a42f414d6d9a2e41157b61a7,0,,2,1,1,1,[],{},4,41.84805913222954,0.4,1,ordinary_two_page_spread,two_page_spread,ok,0.85424412,14,38,93,28,43.25,93,1763.558,"[125, 56, 1289, 967]","[111, 18, 1382, 939]","{""agreement_weight"":0.2,""contour_epsilon_max_fraction"":0.03,""contour_minimum_area_fraction"":0.08,""contour_minimum_rectangularity"":0.45,""grabcut_border_fraction"":0.01,""grabcut_iterations"":1,""grabcut_weight"":0.15,""minimum_agreement_iou"":0.15}",,,"{""legacy_parameter_set_id"":""42fc63229bb3"",""parameter_grid_ordinal"":0,""parameter_grid_sha256"":""717943d85883a7f143d1154c18bf09c3cc8a53a5a42f414d6d9a2e41157b61a7"",""parameter_identity_schema_version"":""1"",""parameter_identity_sha256"":""e7436c3ca9cfa635bfb1b9c7e178fb057aafebe8f0789b5ff73789c1ef487391"",""parameter_schema_version"":""1"",""parameter_set_equivalence_family_id"":""42fc63229bb3"",""parameter_set_equivalence_family_sha256"":""42fc63229bb3a204b4c2c53be76b310f4317d9f75cc1b733c0b3bbe9a6ed54ec"",""parameter_set_equivalence_family_size"":1,""parameter_set_id"":""42fc63229bb3"",""parameters"":{""agreement_weight"":0.2,""contour_epsilon_max_fraction"":0.03,""contour_minimum_area_fraction"":0.08,""contour_minimum_rectangularity"":0.45,""grabcut_border_fraction"":0.01,""grabcut_iterations"":1,""grabcut_weight"":0.15,""minimum_agreement_iou"":0.15},""profile"":null,""rank"":2,""reference_roles"":[],""requested_search_member"":true,""run_id"":""run-20260902-194420"",""search_observation"":{""completion_index"":4,""elapsed_seconds"":41.84805913222954,""parameter_set_number"":4,""search_fraction"":0.4},""search_rank"":1,""search_space_member"":true,""summary"":{""elapsed_ms_total"":11773.009,""failure_count"":0,""mean_edge_error_px"":34.8,""mean_iou"":0.87682013,""mean_iou_success"":0.87682013,""minimum_iou"":0.75890607,""page_count"":5,""stddev_iou"":0.07335619,""success_count"":5,""wall_ms"":11773.553}}","{""approved_bbox"":[125,56,1289,967],""candidate"":{""authors"":null,""bbox"":[111,18,1382,939],""confidence"":0.835392,""corners"":[[111.0,90.0],[1381.0,18.0],[1257.0,938.0],[235.0,917.0]],""detector_name"":"""",""diagnostics"":{""agreement_iou"":0.84271714,""contour_corners"":[[111.0,90.0],[1381.0,18.0],[1257.0,938.0],[235.0,917.0]],""contour_reason"":null,""contour_score"":0.79374,""contour_status"":""ok"",""fusion_mode"":""contour_generated_grabcut_validated"",""grabcut_corners"":[[82.344482421875,967.158935546875],[80.5924072265625,56.07579803466797],[1287.4630126953125,53.75489044189453],[1289.215087890625,964.8380126953125]],""grabcut_reason"":null,""grabcut_score"":0.95058,""grabcut_status"":""ok"",""parameters"":{""agreement_weight"":0.2,""contour_epsilon_max_fraction"":0.03,""contour_minimum_area_fraction"":0.08,""contour_minimum_rectangularity"":0.45,""contour_weight"":0.45,""grabcut_border_fraction"":0.01,""grabcut_erosion_kernel_fraction"":0.015,""grabcut_iterations"":1,""grabcut_weight"":0.15,""minimum_agreement_iou"":0.15,""require_grabcut"":false},""reason"":""accepted"",""selected_geometry"":""contour_quad""},""foundation"":null,""method"":""contour_grabcut"",""origin"":"""",""repository"":"""",""score"":0.835392,""status"":""ok"",""version"":""""},""edge_error_maximum_px"":93,""edge_error_mean_px"":43.25,""edge_errors"":{""bottom"":28,""left"":14,""maximum"":93,""mean"":43.25,""right"":93,""top"":38},""elapsed_ms"":1763.558,""global_ordinal"":1,""iou"":0.85424412,""label"":""ordinary_two_page_spread"",""layout_type"":""two_page_spread"",""predicted_bbox"":[111,18,1382,939],""status"":""ok""}"
run-20260902-194420,42fc63229bb3,42fc63229bb3a204b4c2c53be76b310f4317d9f75cc1b733c0b3bbe9a6ed54ec,1,42fc63229bb3,e7436c3ca9cfa635bfb1b9c7e178fb057aafebe8f0789b5ff73789c1ef487391,1,717943d85883a7f143d1154c18bf09c3cc8a53a5a42f414d6d9a2e41157b61a7,0,,2,1,1,1,[],{},4,41.84805913222954,0.4,5,damaged_partial_register_spread,two_page_spread,ok,0.86176634,52,7,83,28,42.5,83,1191.974,"[67, 8, 1233, 977]","[119, 15, 1316, 949]","{""agreement_weight"":0.2,""contour_epsilon_max_fraction"":0.03,""contour_minimum_area_fraction"":0.08,""contour_minimum_rectangularity"":0.45,""grabcut_border_fraction"":0.01,""grabcut_iterations"":1,""grabcut_weight"":0.15,""minimum_agreement_iou"":0.15}",,,"{""legacy_parameter_set_id"":""42fc63229bb3"",""parameter_grid_ordinal"":0,""parameter_grid_sha256"":""717943d85883a7f143d1154c18bf09c3cc8a53a5a42f414d6d9a2e41157b61a7"",""parameter_identity_schema_version"":""1"",""parameter_identity_sha256"":""e7436c3ca9cfa635bfb1b9c7e178fb057aafebe8f0789b5ff73789c1ef487391"",""parameter_schema_version"":""1"",""parameter_set_equivalence_family_id"":""42fc63229bb3"",""parameter_set_equivalence_family_sha256"":""42fc63229bb3a204b4c2c53be76b310f4317d9f75cc1b733c0b3bbe9a6ed54ec"",""parameter_set_equivalence_family_size"":1,""parameter_set_id"":""42fc63229bb3"",""parameters"":{""agreement_weight"":0.2,""contour_epsilon_max_fraction"":0.03,""contour_minimum_area_fraction"":0.08,""contour_minimum_rectangularity"":0.45,""grabcut_border_fraction"":0.01,""grabcut_iterations"":1,""grabcut_weight"":0.15,""minimum_agreement_iou"":0.15},""profile"":null,""rank"":2,""reference_roles"":[],""requested_search_member"":true,""run_id"":""run-20260902-194420"",""search_observation"":{""completion_index"":4,""elapsed_seconds"":41.84805913222954,""parameter_set_number"":4,""search_fraction"":0.4},""search_rank"":1,""search_space_member"":true,""summary"":{""elapsed_ms_total"":11773.009,""failure_count"":0,""mean_edge_error_px"":34.8,""mean_iou"":0.87682013,""mean_iou_success"":0.87682013,""minimum_iou"":0.75890607,""page_count"":5,""stddev_iou"":0.07335619,""success_count"":5,""wall_ms"":11773.553}}","{""approved_bbox"":[67,8,1233,977],""candidate"":{""authors"":null,""bbox"":[119,15,1316,949],""confidence"":0.736891,""corners"":[[119.0,36.0],[1315.0,15.0],[739.0,948.0],[137.0,771.0]],""detector_name"":"""",""diagnostics"":{""agreement_iou"":0.59892017,""contour_corners"":[[119.0,36.0],[1315.0,15.0],[739.0,948.0],[137.0,771.0]],""contour_reason"":null,""contour_score"":0.749072,""contour_status"":""ok"",""fusion_mode"":""contour_generated_grabcut_validated"",""grabcut_corners"":[[109.5531005859375,973.5368041992188],[107.83270263671875,17.005699157714844],[753.99072265625,15.843544006347656],[755.7111206054688,972.3746948242188]],""grabcut_reason"":null,""grabcut_score"":0.884309,""grabcut_status"":""ok"",""parameters"":{""agreement_weight"":0.2,""contour_epsilon_max_fraction"":0.03,""contour_minimum_area_fraction"":0.08,""contour_minimum_rectangularity"":0.45,""contour_weight"":0.45,""grabcut_border_fraction"":0.01,""grabcut_erosion_kernel_fraction"":0.015,""grabcut_iterations"":1,""grabcut_weight"":0.15,""minimum_agreement_iou"":0.15,""require_grabcut"":false},""reason"":""accepted"",""selected_geometry"":""contour_quad""},""foundation"":null,""method"":""contour_grabcut"",""origin"":"""",""repository"":"""",""score"":0.736891,""status"":""ok"",""version"":""""},""edge_error_maximum_px"":83,""edge_error_mean_px"":42.5,""edge_errors"":{""bottom"":28,""left"":52,""maximum"":83,""mean"":42.5,""right"":83,""top"":7},""elapsed_ms"":1191.974,""global_ordinal"":5,""iou"":0.86176634,""label"":""damaged_partial_register_spread"",""layout_type"":""two_page_spread"",""predicted_bbox"":[119,15,1316,949],""status"":""ok""}"
run-20260902-194420,42fc63229bb3,42fc63229bb3a204b4c2c53be76b310f4317d9f75cc1b733c0b3bbe9a6ed54ec,1,42fc63229bb3,e7436c3ca9cfa635bfb1b9c7e178fb057aafebe8f0789b5ff73789c1ef487391,1,717943d85883a7f143d1154c18bf09c3cc8a53a5a42f414d6d9a2e41157b61a7,0,,2,1,1,1,[],{},4,41.84805913222954,0.4,6,title_or_index_sheet,single_page,ok,0.75890607,125,16,37,82,65.0,125,7287.882,"[15, 28, 1074, 970]","[140, 44, 1037, 888]","{""agreement_weight"":0.2,""contour_epsilon_max_fraction"":0.03,""contour_minimum_area_fraction"":0.08,""contour_minimum_rectangularity"":0.45,""grabcut_border_fraction"":0.01,""grabcut_iterations"":1,""grabcut_weight"":0.15,""minimum_agreement_iou"":0.15}",,,"{""legacy_parameter_set_id"":""42fc63229bb3"",""parameter_grid_ordinal"":0,""parameter_grid_sha256"":""717943d85883a7f143d1154c18bf09c3cc8a53a5a42f414d6d9a2e41157b61a7"",""parameter_identity_schema_version"":""1"",""parameter_identity_sha256"":""e7436c3ca9cfa635bfb1b9c7e178fb057aafebe8f0789b5ff73789c1ef487391"",""parameter_schema_version"":""1"",""parameter_set_equivalence_family_id"":""42fc63229bb3"",""parameter_set_equivalence_family_sha256"":""42fc63229bb3a204b4c2c53be76b310f4317d9f75cc1b733c0b3bbe9a6ed54ec"",""parameter_set_equivalence_family_size"":1,""parameter_set_id"":""42fc63229bb3"",""parameters"":{""agreement_weight"":0.2,""contour_epsilon_max_fraction"":0.03,""contour_minimum_area_fraction"":0.08,""contour_minimum_rectangularity"":0.45,""grabcut_border_fraction"":0.01,""grabcut_iterations"":1,""grabcut_weight"":0.15,""minimum_agreement_iou"":0.15},""profile"":null,""rank"":2,""reference_roles"":[],""requested_search_member"":true,""run_id"":""run-20260902-194420"",""search_observation"":{""completion_index"":4,""elapsed_seconds"":41.84805913222954,""parameter_set_number"":4,""search_fraction"":0.4},""search_rank"":1,""search_space_member"":true,""summary"":{""elapsed_ms_total"":11773.009,""failure_count"":0,""mean_edge_error_px"":34.8,""mean_iou"":0.87682013,""mean_iou_success"":0.87682013,""minimum_iou"":0.75890607,""page_count"":5,""stddev_iou"":0.07335619,""success_count"":5,""wall_ms"":11773.553}}","{""approved_bbox"":[15,28,1074,970],""candidate"":{""authors"":null,""bbox"":[140,44,1037,888],""confidence"":0.683945,""corners"":[[140.0,44.0],[1036.0,223.0],[1021.0,886.0],[424.0,887.0]],""detector_name"":"""",""diagnostics"":{""agreement_iou"":0.70289934,""contour_corners"":[[140.0,44.0],[1036.0,223.0],[1021.0,886.0],[424.0,887.0]],""contour_reason"":null,""contour_score"":0.662027,""contour_status"":""ok"",""fusion_mode"":""contour_generated_grabcut_validated"",""grabcut_corners"":[[1070.9998779296875,967.9998779296875],[386.0,967.9998779296875],[386.0,147.0],[1070.9998779296875,147.0]],""grabcut_reason"":null,""grabcut_score"":0.724424,""grabcut_status"":""ok"",""parameters"":{""agreement_weight"":0.2,""contour_epsilon_max_fraction"":0.03,""contour_minimum_area_fraction"":0.08,""contour_minimum_rectangularity"":0.45,""contour_weight"":0.45,""grabcut_border_fraction"":0.01,""grabcut_erosion_kernel_fraction"":0.015,""grabcut_iterations"":1,""grabcut_weight"":0.15,""minimum_agreement_iou"":0.15,""require_grabcut"":false},""reason"":""accepted"",""selected_geometry"":""contour_quad""},""foundation"":null,""method"":""contour_grabcut"",""origin"":"""",""repository"":"""",""score"":0.683945,""status"":""ok"",""version"":""""},""edge_error_maximum_px"":125,""edge_error_mean_px"":65.0,""edge_errors"":{""bottom"":82,""left"":125,""maximum"":125,""mean"":65.0,""right"":37,""top"":16},""elapsed_ms"":7287.882,""global_ordinal"":6,""iou"":0.75890607,""label"":""title_or_index_sheet"",""layout_type"":""single_page"",""predicted_bbox"":[140,44,1037,888],""status"":""ok""}"
run-20260902-194420,42fc63229bb3,42fc63229bb3a204b4c2c53be76b310f4317d9f75cc1b733c0b3bbe9a6ed54ec,1,42fc63229bb3,e7436c3ca9cfa635bfb1b9c7e178fb057aafebe8f0789b5ff73789c1ef487391,1,717943d85883a7f143d1154c18bf09c3cc8a53a5a42f414d6d9a2e41157b61a7,0,,2,1,1,1,[],{},4,41.84805913222954,0.4,9,clean_two_page_spread,two_page_spread,ok,0.96377596,11,5,18,3,9.25,18,694.929,"[84, 51, 1101, 941]","[73, 56, 1119, 938]","{""agreement_weight"":0.2,""contour_epsilon_max_fraction"":0.03,""contour_minimum_area_fraction"":0.08,""contour_minimum_rectangularity"":0.45,""grabcut_border_fraction"":0.01,""grabcut_iterations"":1,""grabcut_weight"":0.15,""minimum_agreement_iou"":0.15}",,,"{""legacy_parameter_set_id"":""42fc63229bb3"",""parameter_grid_ordinal"":0,""parameter_grid_sha256"":""717943d85883a7f143d1154c18bf09c3cc8a53a5a42f414d6d9a2e41157b61a7"",""parameter_identity_schema_version"":""1"",""parameter_identity_sha256"":""e7436c3ca9cfa635bfb1b9c7e178fb057aafebe8f0789b5ff73789c1ef487391"",""parameter_schema_version"":""1"",""parameter_set_equivalence_family_id"":""42fc63229bb3"",""parameter_set_equivalence_family_sha256"":""42fc63229bb3a204b4c2c53be76b310f4317d9f75cc1b733c0b3bbe9a6ed54ec"",""parameter_set_equivalence_family_size"":1,""parameter_set_id"":""42fc63229bb3"",""parameters"":{""agreement_weight"":0.2,""contour_epsilon_max_fraction"":0.03,""contour_minimum_area_fraction"":0.08,""contour_minimum_rectangularity"":0.45,""grabcut_border_fraction"":0.01,""grabcut_iterations"":1,""grabcut_weight"":0.15,""minimum_agreement_iou"":0.15},""profile"":null,""rank"":2,""reference_roles"":[],""requested_search_member"":true,""run_id"":""run-20260902-194420"",""search_observation"":{""completion_index"":4,""elapsed_seconds"":41.84805913222954,""parameter_set_number"":4,""search_fraction"":0.4},""search_rank"":1,""search_space_member"":true,""summary"":{""elapsed_ms_total"":11773.009,""failure_count"":0,""mean_edge_error_px"":34.8,""mean_iou"":0.87682013,""mean_iou_success"":0.87682013,""minimum_iou"":0.75890607,""page_count"":5,""stddev_iou"":0.07335619,""success_count"":5,""wall_ms"":11773.553}}","{""approved_bbox"":[84,51,1101,941],""candidate"":{""authors"":null,""bbox"":[73,56,1119,938],""confidence"":0.927772,""corners"":[[77.0,56.0],[1115.0,56.0],[1118.0,937.0],[73.0,932.0]],""detector_name"":"""",""diagnostics"":{""agreement_iou"":0.99658013,""contour_corners"":[[77.0,56.0],[1115.0,56.0],[1118.0,937.0],[73.0,932.0]],""contour_reason"":null,""contour_score"":0.879702,""contour_status"":""ok"",""fusion_mode"":""contour_generated_grabcut_validated"",""grabcut_corners"":[[1117.0,58.0],[77.0,55.0],[72.0,933.0],[1119.0,937.0]],""grabcut_reason"":null,""grabcut_score"":0.98024,""grabcut_status"":""ok"",""parameters"":{""agreement_weight"":0.2,""contour_epsilon_max_fraction"":0.03,""contour_minimum_area_fraction"":0.08,""contour_minimum_rectangularity"":0.45,""contour_weight"":0.45,""grabcut_border_fraction"":0.01,""grabcut_erosion_kernel_fraction"":0.015,""grabcut_iterations"":1,""grabcut_weight"":0.15,""minimum_agreement_iou"":0.15,""require_grabcut"":false},""reason"":""accepted"",""selected_geometry"":""contour_quad""},""foundation"":null,""method"":""contour_grabcut"",""origin"":"""",""repository"":"""",""score"":0.927772,""status"":""ok"",""version"":""""},""edge_error_maximum_px"":18,""edge_error_mean_px"":9.25,""edge_errors"":{""bottom"":3,""left"":11,""maximum"":18,""mean"":9.25,""right"":18,""top"":5},""elapsed_ms"":694.929,""global_ordinal"":9,""iou"":0.96377596,""label"":""clean_two_page_spread"",""layout_type"":""two_page_spread"",""predicted_bbox"":[73,56,1119,938],""status"":""ok""}"
run-20260902-194420,42fc63229bb3,42fc63229bb3a204b4c2c53be76b310f4317d9f75cc1b733c0b3bbe9a6ed54ec,1,42fc63229bb3,e7436c3ca9cfa635bfb1b9c7e178fb057aafebe8f0789b5ff73789c1ef487391,1,717943d85883a7f143d1154c18bf09c3cc8a53a5a42f414d6d9a2e41157b61a7,0,,2,1,1,1,[],{},4,41.84805913222954,0.4,10,clean_two_page_spread_2,two_page_spread,ok,0.94540817,7,11,18,20,14.0,20,834.666,"[88, 33, 1154, 968]","[81, 44, 1172, 948]","{""agreement_weight"":0.2,""contour_epsilon_max_fraction"":0.03,""contour_minimum_area_fraction"":0.08,""contour_minimum_rectangularity"":0.45,""grabcut_border_fraction"":0.01,""grabcut_iterations"":1,""grabcut_weight"":0.15,""minimum_agreement_iou"":0.15}",,,"{""legacy_parameter_set_id"":""42fc63229bb3"",""parameter_grid_ordinal"":0,""parameter_grid_sha256"":""717943d85883a7f143d1154c18bf09c3cc8a53a5a42f414d6d9a2e41157b61a7"",""parameter_identity_schema_version"":""1"",""parameter_identity_sha256"":""e7436c3ca9cfa635bfb1b9c7e178fb057aafebe8f0789b5ff73789c1ef487391"",""parameter_schema_version"":""1"",""parameter_set_equivalence_family_id"":""42fc63229bb3"",""parameter_set_equivalence_family_sha256"":""42fc63229bb3a204b4c2c53be76b310f4317d9f75cc1b733c0b3bbe9a6ed54ec"",""parameter_set_equivalence_family_size"":1,""parameter_set_id"":""42fc63229bb3"",""parameters"":{""agreement_weight"":0.2,""contour_epsilon_max_fraction"":0.03,""contour_minimum_area_fraction"":0.08,""contour_minimum_rectangularity"":0.45,""grabcut_border_fraction"":0.01,""grabcut_iterations"":1,""grabcut_weight"":0.15,""minimum_agreement_iou"":0.15},""profile"":null,""rank"":2,""reference_roles"":[],""requested_search_member"":true,""run_id"":""run-20260902-194420"",""search_observation"":{""completion_index"":4,""elapsed_seconds"":41.84805913222954,""parameter_set_number"":4,""search_fraction"":0.4},""search_rank"":1,""search_space_member"":true,""summary"":{""elapsed_ms_total"":11773.009,""failure_count"":0,""mean_edge_error_px"":34.8,""mean_iou"":0.87682013,""mean_iou_success"":0.87682013,""minimum_iou"":0.75890607,""page_count"":5,""stddev_iou"":0.07335619,""success_count"":5,""wall_ms"":11773.553}}","{""approved_bbox"":[88,33,1154,968],""candidate"":{""authors"":null,""bbox"":[81,44,1172,948],""confidence"":0.90576,""corners"":[[84.0,44.0],[1144.0,44.0],[1171.0,947.0],[81.0,945.0]],""detector_name"":"""",""diagnostics"":{""agreement_iou"":0.96280918,""contour_corners"":[[84.0,44.0],[1144.0,44.0],[1171.0,947.0],[81.0,945.0]],""contour_reason"":null,""contour_score"":0.856308,""contour_status"":""ok"",""fusion_mode"":""contour_generated_grabcut_validated"",""grabcut_corners"":[[77.0,38.0],[78.0,959.0],[1176.0,956.0],[1166.0,35.0]],""grabcut_reason"":null,""grabcut_score"":0.978053,""grabcut_status"":""ok"",""parameters"":{""agreement_weight"":0.2,""contour_epsilon_max_fraction"":0.03,""contour_minimum_area_fraction"":0.08,""contour_minimum_rectangularity"":0.45,""contour_weight"":0.45,""grabcut_border_fraction"":0.01,""grabcut_erosion_kernel_fraction"":0.015,""grabcut_iterations"":1,""grabcut_weight"":0.15,""minimum_agreement_iou"":0.15,""require_grabcut"":false},""reason"":""accepted"",""selected_geometry"":""contour_quad""},""foundation"":null,""method"":""contour_grabcut"",""origin"":"""",""repository"":"""",""score"":0.90576,""status"":""ok"",""version"":""""},""edge_error_maximum_px"":20,""edge_error_mean_px"":14.0,""edge_errors"":{""bottom"":20,""left"":7,""maximum"":20,""mean"":14.0,""right"":18,""top"":11},""elapsed_ms"":834.666,""global_ordinal"":10,""iou"":0.94540817,""label"":""clean_two_page_spread_2"",""layout_type"":""two_page_spread"",""predicted_bbox"":[81,44,1172,948],""status"":""ok""}"
run-20260902-194420,cb5795c42bd3,cb5795c42bd30e2ed2d4acdad9c4ac9e475020c82b40839a3d9243bd94fcc3a6,1,cb5795c42bd3,c57cbaf3793cd8e0e307af92936af949acb8700a48bc746cd4dfbc337d6056cf,1,717943d85883a7f143d1154c18bf09c3cc8a53a5a42f414d6d9a2e41157b61a7,1,,3,2,1,1,[],{},3,41.83437835238874,0.3,1,ordinary_two_page_spread,two_page_spread,ok,0.85424412,14,38,93,28,43.25,93,1736.155,"[125, 56, 1289, 967]","[111, 18, 1382, 939]","{""agreement_weight"":0.3,""contour_epsilon_max_fraction"":0.03,""contour_minimum_area_fraction"":0.08,""contour_minimum_rectangularity"":0.45,""grabcut_border_fraction"":0.01,""grabcut_iterations"":1,""grabcut_weight"":0.15,""minimum_agreement_iou"":0.15}",,,"{""legacy_parameter_set_id"":""cb5795c42bd3"",""parameter_grid_ordinal"":1,""parameter_grid_sha256"":""717943d85883a7f143d1154c18bf09c3cc8a53a5a42f414d6d9a2e41157b61a7"",""parameter_identity_schema_version"":""1"",""parameter_identity_sha256"":""c57cbaf3793cd8e0e307af92936af949acb8700a48bc746cd4dfbc337d6056cf"",""parameter_schema_version"":""1"",""parameter_set_equivalence_family_id"":""cb5795c42bd3"",""parameter_set_equivalence_family_sha256"":""cb5795c42bd30e2ed2d4acdad9c4ac9e475020c82b40839a3d9243bd94fcc3a6"",""parameter_set_equivalence_family_size"":1,""parameter_set_id"":""cb5795c42bd3"",""parameters"":{""agreement_weight"":0.3,""contour_epsilon_max_fraction"":0.03,""contour_minimum_area_fraction"":0.08,""contour_minimum_rectangularity"":0.45,""grabcut_border_fraction"":0.01,""grabcut_iterations"":1,""grabcut_weight"":0.15,""minimum_agreement_iou"":0.15},""profile"":null,""rank"":3,""reference_roles"":[],""requested_search_member"":true,""run_id"":""run-20260902-194420"",""search_observation"":{""completion_index"":3,""elapsed_seconds"":41.83437835238874,""parameter_set_number"":3,""search_fraction"":0.3},""search_rank"":2,""search_space_member"":true,""summary"":{""elapsed_ms_total"":11749.51,""failure_count"":0,""mean_edge_error_px"":34.8,""mean_iou"":0.87682013,""mean_iou_success"":0.87682013,""minimum_iou"":0.75890607,""page_count"":5,""stddev_iou"":0.07335619,""success_count"":5,""wall_ms"":11750.019}}","{""approved_bbox"":[125,56,1289,967],""candidate"":{""authors"":null,""bbox"":[111,18,1382,939],""confidence"":0.836206,""corners"":[[111.0,90.0],[1381.0,18.0],[1257.0,938.0],[235.0,917.0]],""detector_name"":"""",""diagnostics"":{""agreement_iou"":0.84271714,""contour_corners"":[[111.0,90.0],[1381.0,18.0],[1257.0,938.0],[235.0,917.0]],""contour_reason"":null,""contour_score"":0.79374,""contour_status"":""ok"",""fusion_mode"":""contour_generated_grabcut_validated"",""grabcut_corners"":[[82.344482421875,967.158935546875],[80.5924072265625,56.07579803466797],[1287.4630126953125,53.75489044189453],[1289.215087890625,964.8380126953125]],""grabcut_reason"":null,""grabcut_score"":0.95058,""grabcut_status"":""ok"",""parameters"":{""agreement_weight"":0.3,""contour_epsilon_max_fraction"":0.03,""contour_minimum_area_fraction"":0.08,""contour_minimum_rectangularity"":0.45,""contour_weight"":0.45,""grabcut_border_fraction"":0.01,""grabcut_erosion_kernel_fraction"":0.015,""grabcut_iterations"":1,""grabcut_weight"":0.15,""minimum_agreement_iou"":0.15,""require_grabcut"":false},""reason"":""accepted"",""selected_geometry"":""contour_quad""},""foundation"":null,""method"":""contour_grabcut"",""origin"":"""",""repository"":"""",""score"":0.836206,""status"":""ok"",""version"":""""},""edge_error_maximum_px"":93,""edge_error_mean_px"":43.25,""edge_errors"":{""bottom"":28,""left"":14,""maximum"":93,""mean"":43.25,""right"":93,""top"":38},""elapsed_ms"":1736.155,""global_ordinal"":1,""iou"":0.85424412,""label"":""ordinary_two_page_spread"",""layout_type"":""two_page_spread"",""predicted_bbox"":[111,18,1382,939],""status"":""ok""}"
run-20260902-194420,cb5795c42bd3,cb5795c42bd30e2ed2d4acdad9c4ac9e475020c82b40839a3d9243bd94fcc3a6,1,cb5795c42bd3,c57cbaf3793cd8e0e307af92936af949acb8700a48bc746cd4dfbc337d6056cf,1,717943d85883a7f143d1154c18bf09c3cc8a53a5a42f414d6d9a2e41157b61a7,1,,3,2,1,1,[],{},3,41.83437835238874,0.3,5,damaged_partial_register_spread,two_page_spread,ok,0.86176634,52,7,83,28,42.5,83,1179.25,"[67, 8, 1233, 977]","[119, 15, 1316, 949]","{""agreement_weight"":0.3,""contour_epsilon_max_fraction"":0.03,""contour_minimum_area_fraction"":0.08,""contour_minimum_rectangularity"":0.45,""grabcut_border_fraction"":0.01,""grabcut_iterations"":1,""grabcut_weight"":0.15,""minimum_agreement_iou"":0.15}",,,"{""legacy_parameter_set_id"":""cb5795c42bd3"",""parameter_grid_ordinal"":1,""parameter_grid_sha256"":""717943d85883a7f143d1154c18bf09c3cc8a53a5a42f414d6d9a2e41157b61a7"",""parameter_identity_schema_version"":""1"",""parameter_identity_sha256"":""c57cbaf3793cd8e0e307af92936af949acb8700a48bc746cd4dfbc337d6056cf"",""parameter_schema_version"":""1"",""parameter_set_equivalence_family_id"":""cb5795c42bd3"",""parameter_set_equivalence_family_sha256"":""cb5795c42bd30e2ed2d4acdad9c4ac9e475020c82b40839a3d9243bd94fcc3a6"",""parameter_set_equivalence_family_size"":1,""parameter_set_id"":""cb5795c42bd3"",""parameters"":{""agreement_weight"":0.3,""contour_epsilon_max_fraction"":0.03,""contour_minimum_area_fraction"":0.08,""contour_minimum_rectangularity"":0.45,""grabcut_border_fraction"":0.01,""grabcut_iterations"":1,""grabcut_weight"":0.15,""minimum_agreement_iou"":0.15},""profile"":null,""rank"":3,""reference_roles"":[],""requested_search_member"":true,""run_id"":""run-20260902-194420"",""search_observation"":{""completion_index"":3,""elapsed_seconds"":41.83437835238874,""parameter_set_number"":3,""search_fraction"":0.3},""search_rank"":2,""search_space_member"":true,""summary"":{""elapsed_ms_total"":11749.51,""failure_count"":0,""mean_edge_error_px"":34.8,""mean_iou"":0.87682013,""mean_iou_success"":0.87682013,""minimum_iou"":0.75890607,""page_count"":5,""stddev_iou"":0.07335619,""success_count"":5,""wall_ms"":11750.019}}","{""approved_bbox"":[67,8,1233,977],""candidate"":{""authors"":null,""bbox"":[119,15,1316,949],""confidence"":0.721561,""corners"":[[119.0,36.0],[1315.0,15.0],[739.0,948.0],[137.0,771.0]],""detector_name"":"""",""diagnostics"":{""agreement_iou"":0.59892017,""contour_corners"":[[119.0,36.0],[1315.0,15.0],[739.0,948.0],[137.0,771.0]],""contour_reason"":null,""contour_score"":0.749072,""contour_status"":""ok"",""fusion_mode"":""contour_generated_grabcut_validated"",""grabcut_corners"":[[109.5531005859375,973.5368041992188],[107.83270263671875,17.005699157714844],[753.99072265625,15.843544006347656],[755.7111206054688,972.3746948242188]],""grabcut_reason"":null,""grabcut_score"":0.884309,""grabcut_status"":""ok"",""parameters"":{""agreement_weight"":0.3,""contour_epsilon_max_fraction"":0.03,""contour_minimum_area_fraction"":0.08,""contour_minimum_rectangularity"":0.45,""contour_weight"":0.45,""grabcut_border_fraction"":0.01,""grabcut_erosion_kernel_fraction"":0.015,""grabcut_iterations"":1,""grabcut_weight"":0.15,""minimum_agreement_iou"":0.15,""require_grabcut"":false},""reason"":""accepted"",""selected_geometry"":""contour_quad""},""foundation"":null,""method"":""contour_grabcut"",""origin"":"""",""repository"":"""",""score"":0.721561,""status"":""ok"",""version"":""""},""edge_error_maximum_px"":83,""edge_error_mean_px"":42.5,""edge_errors"":{""bottom"":28,""left"":52,""maximum"":83,""mean"":42.5,""right"":83,""top"":7},""elapsed_ms"":1179.25,""global_ordinal"":5,""iou"":0.86176634,""label"":""damaged_partial_register_spread"",""layout_type"":""two_page_spread"",""predicted_bbox"":[119,15,1316,949],""status"":""ok""}"
run-20260902-194420,cb5795c42bd3,cb5795c42bd30e2ed2d4acdad9c4ac9e475020c82b40839a3d9243bd94fcc3a6,1,cb5795c42bd3,c57cbaf3793cd8e0e307af92936af949acb8700a48bc746cd4dfbc337d6056cf,1,717943d85883a7f143d1154c18bf09c3cc8a53a5a42f414d6d9a2e41157b61a7,1,,3,2,1,1,[],{},3,41.83437835238874,0.3,6,title_or_index_sheet,single_page,ok,0.75890607,125,16,37,82,65.0,125,7238.56,"[15, 28, 1074, 970]","[140, 44, 1037, 888]","{""agreement_weight"":0.3,""contour_epsilon_max_fraction"":0.03,""contour_minimum_area_fraction"":0.08,""contour_minimum_rectangularity"":0.45,""grabcut_border_fraction"":0.01,""grabcut_iterations"":1,""grabcut_weight"":0.15,""minimum_agreement_iou"":0.15}",,,"{""legacy_parameter_set_id"":""cb5795c42bd3"",""parameter_grid_ordinal"":1,""parameter_grid_sha256"":""717943d85883a7f143d1154c18bf09c3cc8a53a5a42f414d6d9a2e41157b61a7"",""parameter_identity_schema_version"":""1"",""parameter_identity_sha256"":""c57cbaf3793cd8e0e307af92936af949acb8700a48bc746cd4dfbc337d6056cf"",""parameter_schema_version"":""1"",""parameter_set_equivalence_family_id"":""cb5795c42bd3"",""parameter_set_equivalence_family_sha256"":""cb5795c42bd30e2ed2d4acdad9c4ac9e475020c82b40839a3d9243bd94fcc3a6"",""parameter_set_equivalence_family_size"":1,""parameter_set_id"":""cb5795c42bd3"",""parameters"":{""agreement_weight"":0.3,""contour_epsilon_max_fraction"":0.03,""contour_minimum_area_fraction"":0.08,""contour_minimum_rectangularity"":0.45,""grabcut_border_fraction"":0.01,""grabcut_iterations"":1,""grabcut_weight"":0.15,""minimum_agreement_iou"":0.15},""profile"":null,""rank"":3,""reference_roles"":[],""requested_search_member"":true,""run_id"":""run-20260902-194420"",""search_observation"":{""completion_index"":3,""elapsed_seconds"":41.83437835238874,""parameter_set_number"":3,""search_fraction"":0.3},""search_rank"":2,""search_space_member"":true,""summary"":{""elapsed_ms_total"":11749.51,""failure_count"":0,""mean_edge_error_px"":34.8,""mean_iou"":0.87682013,""mean_iou_success"":0.87682013,""minimum_iou"":0.75890607,""page_count"":5,""stddev_iou"":0.07335619,""success_count"":5,""wall_ms"":11750.019}}","{""approved_bbox"":[15,28,1074,970],""candidate"":{""authors"":null,""bbox"":[140,44,1037,888],""confidence"":0.686051,""corners"":[[140.0,44.0],[1036.0,223.0],[1021.0,886.0],[424.0,887.0]],""detector_name"":"""",""diagnostics"":{""agreement_iou"":0.70289934,""contour_corners"":[[140.0,44.0],[1036.0,223.0],[1021.0,886.0],[424.0,887.0]],""contour_reason"":null,""contour_score"":0.662027,""contour_status"":""ok"",""fusion_mode"":""contour_generated_grabcut_validated"",""grabcut_corners"":[[1070.9998779296875,967.9998779296875],[386.0,967.9998779296875],[386.0,147.0],[1070.9998779296875,147.0]],""grabcut_reason"":null,""grabcut_score"":0.724424,""grabcut_status"":""ok"",""parameters"":{""agreement_weight"":0.3,""contour_epsilon_max_fraction"":0.03,""contour_minimum_area_fraction"":0.08,""contour_minimum_rectangularity"":0.45,""contour_weight"":0.45,""grabcut_border_fraction"":0.01,""grabcut_erosion_kernel_fraction"":0.015,""grabcut_iterations"":1,""grabcut_weight"":0.15,""minimum_agreement_iou"":0.15,""require_grabcut"":false},""reason"":""accepted"",""selected_geometry"":""contour_quad""},""foundation"":null,""method"":""contour_grabcut"",""origin"":"""",""repository"":"""",""score"":0.686051,""status"":""ok"",""version"":""""},""edge_error_maximum_px"":125,""edge_error_mean_px"":65.0,""edge_errors"":{""bottom"":82,""left"":125,""maximum"":125,""mean"":65.0,""right"":37,""top"":16},""elapsed_ms"":7238.56,""global_ordinal"":6,""iou"":0.75890607,""label"":""title_or_index_sheet"",""layout_type"":""single_page"",""predicted_bbox"":[140,44,1037,888],""status"":""ok""}"
run-20260902-194420,cb5795c42bd3,cb5795c42bd30e2ed2d4acdad9c4ac9e475020c82b40839a3d9243bd94fcc3a6,1,cb5795c42bd3,c57cbaf3793cd8e0e307af92936af949acb8700a48bc746cd4dfbc337d6056cf,1,717943d85883a7f143d1154c18bf09c3cc8a53a5a42f414d6d9a2e41157b61a7,1,,3,2,1,1,[],{},3,41.83437835238874,0.3,9,clean_two_page_spread,two_page_spread,ok,0.96377596,11,5,18,3,9.25,18,730.575,"[84, 51, 1101, 941]","[73, 56, 1119, 938]","{""agreement_weight"":0.3,""contour_epsilon_max_fraction"":0.03,""contour_minimum_area_fraction"":0.08,""contour_minimum_rectangularity"":0.45,""grabcut_border_fraction"":0.01,""grabcut_iterations"":1,""grabcut_weight"":0.15,""minimum_agreement_iou"":0.15}",,,"{""legacy_parameter_set_id"":""cb5795c42bd3"",""parameter_grid_ordinal"":1,""parameter_grid_sha256"":""717943d85883a7f143d1154c18bf09c3cc8a53a5a42f414d6d9a2e41157b61a7"",""parameter_identity_schema_version"":""1"",""parameter_identity_sha256"":""c57cbaf3793cd8e0e307af92936af949acb8700a48bc746cd4dfbc337d6056cf"",""parameter_schema_version"":""1"",""parameter_set_equivalence_family_id"":""cb5795c42bd3"",""parameter_set_equivalence_family_sha256"":""cb5795c42bd30e2ed2d4acdad9c4ac9e475020c82b40839a3d9243bd94fcc3a6"",""parameter_set_equivalence_family_size"":1,""parameter_set_id"":""cb5795c42bd3"",""parameters"":{""agreement_weight"":0.3,""contour_epsilon_max_fraction"":0.03,""contour_minimum_area_fraction"":0.08,""contour_minimum_rectangularity"":0.45,""grabcut_border_fraction"":0.01,""grabcut_iterations"":1,""grabcut_weight"":0.15,""minimum_agreement_iou"":0.15},""profile"":null,""rank"":3,""reference_roles"":[],""requested_search_member"":true,""run_id"":""run-20260902-194420"",""search_observation"":{""completion_index"":3,""elapsed_seconds"":41.83437835238874,""parameter_set_number"":3,""search_fraction"":0.3},""search_rank"":2,""search_space_member"":true,""summary"":{""elapsed_ms_total"":11749.51,""failure_count"":0,""mean_edge_error_px"":34.8,""mean_iou"":0.87682013,""mean_iou_success"":0.87682013,""minimum_iou"":0.75890607,""page_count"":5,""stddev_iou"":0.07335619,""success_count"":5,""wall_ms"":11750.019}}","{""approved_bbox"":[84,51,1101,941],""candidate"":{""authors"":null,""bbox"":[73,56,1119,938],""confidence"":0.935418,""corners"":[[77.0,56.0],[1115.0,56.0],[1118.0,937.0],[73.0,932.0]],""detector_name"":"""",""diagnostics"":{""agreement_iou"":0.99658013,""contour_corners"":[[77.0,56.0],[1115.0,56.0],[1118.0,937.0],[73.0,932.0]],""contour_reason"":null,""contour_score"":0.879702,""contour_status"":""ok"",""fusion_mode"":""contour_generated_grabcut_validated"",""grabcut_corners"":[[1117.0,58.0],[77.0,55.0],[72.0,933.0],[1119.0,937.0]],""grabcut_reason"":null,""grabcut_score"":0.98024,""grabcut_status"":""ok"",""parameters"":{""agreement_weight"":0.3,""contour_epsilon_max_fraction"":0.03,""contour_minimum_area_fraction"":0.08,""contour_minimum_rectangularity"":0.45,""contour_weight"":0.45,""grabcut_border_fraction"":0.01,""grabcut_erosion_kernel_fraction"":0.015,""grabcut_iterations"":1,""grabcut_weight"":0.15,""minimum_agreement_iou"":0.15,""require_grabcut"":false},""reason"":""accepted"",""selected_geometry"":""contour_quad""},""foundation"":null,""method"":""contour_grabcut"",""origin"":"""",""repository"":"""",""score"":0.935418,""status"":""ok"",""version"":""""},""edge_error_maximum_px"":18,""edge_error_mean_px"":9.25,""edge_errors"":{""bottom"":3,""left"":11,""maximum"":18,""mean"":9.25,""right"":18,""top"":5},""elapsed_ms"":730.575,""global_ordinal"":9,""iou"":0.96377596,""label"":""clean_two_page_spread"",""layout_type"":""two_page_spread"",""predicted_bbox"":[73,56,1119,938],""status"":""ok""}"
run-20260902-194420,cb5795c42bd3,cb5795c42bd30e2ed2d4acdad9c4ac9e475020c82b40839a3d9243bd94fcc3a6,1,cb5795c42bd3,c57cbaf3793cd8e0e307af92936af949acb8700a48bc746cd4dfbc337d6056cf,1,717943d85883a7f143d1154c18bf09c3cc8a53a5a42f414d6d9a2e41157b61a7,1,,3,2,1,1,[],{},3,41.83437835238874,0.3,10,clean_two_page_spread_2,two_page_spread,ok,0.94540817,7,11,18,20,14.0,20,864.97,"[88, 33, 1154, 968]","[81, 44, 1172, 948]","{""agreement_weight"":0.3,""contour_epsilon_max_fraction"":0.03,""contour_minimum_area_fraction"":0.08,""contour_minimum_rectangularity"":0.45,""grabcut_border_fraction"":0.01,""grabcut_iterations"":1,""grabcut_weight"":0.15,""minimum_agreement_iou"":0.15}",,,"{""legacy_parameter_set_id"":""cb5795c42bd3"",""parameter_grid_ordinal"":1,""parameter_grid_sha256"":""717943d85883a7f143d1154c18bf09c3cc8a53a5a42f414d6d9a2e41157b61a7"",""parameter_identity_schema_version"":""1"",""parameter_identity_sha256"":""c57cbaf3793cd8e0e307af92936af949acb8700a48bc746cd4dfbc337d6056cf"",""parameter_schema_version"":""1"",""parameter_set_equivalence_family_id"":""cb5795c42bd3"",""parameter_set_equivalence_family_sha256"":""cb5795c42bd30e2ed2d4acdad9c4ac9e475020c82b40839a3d9243bd94fcc3a6"",""parameter_set_equivalence_family_size"":1,""parameter_set_id"":""cb5795c42bd3"",""parameters"":{""agreement_weight"":0.3,""contour_epsilon_max_fraction"":0.03,""contour_minimum_area_fraction"":0.08,""contour_minimum_rectangularity"":0.45,""grabcut_border_fraction"":0.01,""grabcut_iterations"":1,""grabcut_weight"":0.15,""minimum_agreement_iou"":0.15},""profile"":null,""rank"":3,""reference_roles"":[],""requested_search_member"":true,""run_id"":""run-20260902-194420"",""search_observation"":{""completion_index"":3,""elapsed_seconds"":41.83437835238874,""parameter_set_number"":3,""search_fraction"":0.3},""search_rank"":2,""search_space_member"":true,""summary"":{""elapsed_ms_total"":11749.51,""failure_count"":0,""mean_edge_error_px"":34.8,""mean_iou"":0.87682013,""mean_iou_success"":0.87682013,""minimum_iou"":0.75890607,""page_count"":5,""stddev_iou"":0.07335619,""success_count"":5,""wall_ms"":11750.019}}","{""approved_bbox"":[88,33,1154,968],""candidate"":{""authors"":null,""bbox"":[81,44,1172,948],""confidence"":0.912099,""corners"":[[84.0,44.0],[1144.0,44.0],[1171.0,947.0],[81.0,945.0]],""detector_name"":"""",""diagnostics"":{""agreement_iou"":0.96280918,""contour_corners"":[[84.0,44.0],[1144.0,44.0],[1171.0,947.0],[81.0,945.0]],""contour_reason"":null,""contour_score"":0.856308,""contour_status"":""ok"",""fusion_mode"":""contour_generated_grabcut_validated"",""grabcut_corners"":[[77.0,38.0],[78.0,959.0],[1176.0,956.0],[1166.0,35.0]],""grabcut_reason"":null,""grabcut_score"":0.978053,""grabcut_status"":""ok"",""parameters"":{""agreement_weight"":0.3,""contour_epsilon_max_fraction"":0.03,""contour_minimum_area_fraction"":0.08,""contour_minimum_rectangularity"":0.45,""contour_weight"":0.45,""grabcut_border_fraction"":0.01,""grabcut_erosion_kernel_fraction"":0.015,""grabcut_iterations"":1,""grabcut_weight"":0.15,""minimum_agreement_iou"":0.15,""require_grabcut"":false},""reason"":""accepted"",""selected_geometry"":""contour_quad""},""foundation"":null,""method"":""contour_grabcut"",""origin"":"""",""repository"":"""",""score"":0.912099,""status"":""ok"",""version"":""""},""edge_error_maximum_px"":20,""edge_error_mean_px"":14.0,""edge_errors"":{""bottom"":20,""left"":7,""maximum"":20,""mean"":14.0,""right"":18,""top"":11},""elapsed_ms"":864.97,""global_ordinal"":10,""iou"":0.94540817,""label"":""clean_two_page_spread_2"",""layout_type"":""two_page_spread"",""predicted_bbox"":[81,44,1172,948],""status"":""ok""}"
run-20260902-194420,a3d42053b548,a3d42053b5485aecc939e9d497ab01fbaf17eb35ab340a599d67cde1b675b491,1,a3d42053b548,3e68378626275dbf30f22ff3ea4171229e1c0a7fdcd310794294008fcde96266,1,717943d85883a7f143d1154c18bf09c3cc8a53a5a42f414d6d9a2e41157b61a7,2,,4,3,1,1,[],{},8,41.993846588302404,0.8,1,ordinary_two_page_spread,two_page_spread,ok,0.85424412,14,38,93,28,43.25,93,1776.76,"[125, 56, 1289, 967]","[111, 18, 1382, 939]","{""agreement_weight"":0.4,""contour_epsilon_max_fraction"":0.03,""contour_minimum_area_fraction"":0.08,""contour_minimum_rectangularity"":0.45,""grabcut_border_fraction"":0.01,""grabcut_iterations"":1,""grabcut_weight"":0.15,""minimum_agreement_iou"":0.15}",,,"{""legacy_parameter_set_id"":""a3d42053b548"",""parameter_grid_ordinal"":2,""parameter_grid_sha256"":""717943d85883a7f143d1154c18bf09c3cc8a53a5a42f414d6d9a2e41157b61a7"",""parameter_identity_schema_version"":""1"",""parameter_identity_sha256"":""3e68378626275dbf30f22ff3ea4171229e1c0a7fdcd310794294008fcde96266"",""parameter_schema_version"":""1"",""parameter_set_equivalence_family_id"":""a3d42053b548"",""parameter_set_equivalence_family_sha256"":""a3d42053b5485aecc939e9d497ab01fbaf17eb35ab340a599d67cde1b675b491"",""parameter_set_equivalence_family_size"":1,""parameter_set_id"":""a3d42053b548"",""parameters"":{""agreement_weight"":0.4,""contour_epsilon_max_fraction"":0.03,""contour_minimum_area_fraction"":0.08,""contour_minimum_rectangularity"":0.45,""grabcut_border_fraction"":0.01,""grabcut_iterations"":1,""grabcut_weight"":0.15,""minimum_agreement_iou"":0.15},""profile"":null,""rank"":4,""reference_roles"":[],""requested_search_member"":true,""run_id"":""run-20260902-194420"",""search_observation"":{""completion_index"":8,""elapsed_seconds"":41.993846588302404,""parameter_set_number"":8,""search_fraction"":0.8},""search_rank"":3,""search_space_member"":true,""summary"":{""elapsed_ms_total"":11920.28,""failure_count"":0,""mean_edge_error_px"":34.8,""mean_iou"":0.87682013,""mean_iou_success"":0.87682013,""minimum_iou"":0.75890607,""page_count"":5,""stddev_iou"":0.07335619,""success_count"":5,""wall_ms"":11920.654}}","{""approved_bbox"":[125,56,1289,967],""candidate"":{""authors"":null,""bbox"":[111,18,1382,939],""confidence"":0.836857,""corners"":[[111.0,90.0],[1381.0,18.0],[1257.0,938.0],[235.0,917.0]],""detector_name"":"""",""diagnostics"":{""agreement_iou"":0.84271714,""contour_corners"":[[111.0,90.0],[1381.0,18.0],[1257.0,938.0],[235.0,917.0]],""contour_reason"":null,""contour_score"":0.79374,""contour_status"":""ok"",""fusion_mode"":""contour_generated_grabcut_validated"",""grabcut_corners"":[[82.344482421875,967.158935546875],[80.5924072265625,56.07579803466797],[1287.4630126953125,53.75489044189453],[1289.215087890625,964.8380126953125]],""grabcut_reason"":null,""grabcut_score"":0.95058,""grabcut_status"":""ok"",""parameters"":{""agreement_weight"":0.4,""contour_epsilon_max_fraction"":0.03,""contour_minimum_area_fraction"":0.08,""contour_minimum_rectangularity"":0.45,""contour_weight"":0.45,""grabcut_border_fraction"":0.01,""grabcut_erosion_kernel_fraction"":0.015,""grabcut_iterations"":1,""grabcut_weight"":0.15,""minimum_agreement_iou"":0.15,""require_grabcut"":false},""reason"":""accepted"",""selected_geometry"":""contour_quad""},""foundation"":null,""method"":""contour_grabcut"",""origin"":"""",""repository"":"""",""score"":0.836857,""status"":""ok"",""version"":""""},""edge_error_maximum_px"":93,""edge_error_mean_px"":43.25,""edge_errors"":{""bottom"":28,""left"":14,""maximum"":93,""mean"":43.25,""right"":93,""top"":38},""elapsed_ms"":1776.76,""global_ordinal"":1,""iou"":0.85424412,""label"":""ordinary_two_page_spread"",""layout_type"":""two_page_spread"",""predicted_bbox"":[111,18,1382,939],""status"":""ok""}"
run-20260902-194420,a3d42053b548,a3d42053b5485aecc939e9d497ab01fbaf17eb35ab340a599d67cde1b675b491,1,a3d42053b548,3e68378626275dbf30f22ff3ea4171229e1c0a7fdcd310794294008fcde96266,1,717943d85883a7f143d1154c18bf09c3cc8a53a5a42f414d6d9a2e41157b61a7,2,,4,3,1,1,[],{},8,41.993846588302404,0.8,5,damaged_partial_register_spread,two_page_spread,ok,0.86176634,52,7,83,28,42.5,83,1167.987,"[67, 8, 1233, 977]","[119, 15, 1316, 949]","{""agreement_weight"":0.4,""contour_epsilon_max_fraction"":0.03,""contour_minimum_area_fraction"":0.08,""contour_minimum_rectangularity"":0.45,""grabcut_border_fraction"":0.01,""grabcut_iterations"":1,""grabcut_weight"":0.15,""minimum_agreement_iou"":0.15}",,,"{""legacy_parameter_set_id"":""a3d42053b548"",""parameter_grid_ordinal"":2,""parameter_grid_sha256"":""717943d85883a7f143d1154c18bf09c3cc8a53a5a42f414d6d9a2e41157b61a7"",""parameter_identity_schema_version"":""1"",""parameter_identity_sha256"":""3e68378626275dbf30f22ff3ea4171229e1c0a7fdcd310794294008fcde96266"",""parameter_schema_version"":""1"",""parameter_set_equivalence_family_id"":""a3d42053b548"",""parameter_set_equivalence_family_sha256"":""a3d42053b5485aecc939e9d497ab01fbaf17eb35ab340a599d67cde1b675b491"",""parameter_set_equivalence_family_size"":1,""parameter_set_id"":""a3d42053b548"",""parameters"":{""agreement_weight"":0.4,""contour_epsilon_max_fraction"":0.03,""contour_minimum_area_fraction"":0.08,""contour_minimum_rectangularity"":0.45,""grabcut_border_fraction"":0.01,""grabcut_iterations"":1,""grabcut_weight"":0.15,""minimum_agreement_iou"":0.15},""profile"":null,""rank"":4,""reference_roles"":[],""requested_search_member"":true,""run_id"":""run-20260902-194420"",""search_observation"":{""completion_index"":8,""elapsed_seconds"":41.993846588302404,""parameter_set_number"":8,""search_fraction"":0.8},""search_rank"":3,""search_space_member"":true,""summary"":{""elapsed_ms_total"":11920.28,""failure_count"":0,""mean_edge_error_px"":34.8,""mean_iou"":0.87682013,""mean_iou_success"":0.87682013,""minimum_iou"":0.75890607,""page_count"":5,""stddev_iou"":0.07335619,""success_count"":5,""wall_ms"":11920.654}}","{""approved_bbox"":[67,8,1233,977],""candidate"":{""authors"":null,""bbox"":[119,15,1316,949],""confidence"":0.709297,""corners"":[[119.0,36.0],[1315.0,15.0],[739.0,948.0],[137.0,771.0]],""detector_name"":"""",""diagnostics"":{""agreement_iou"":0.59892017,""contour_corners"":[[119.0,36.0],[1315.0,15.0],[739.0,948.0],[137.0,771.0]],""contour_reason"":null,""contour_score"":0.749072,""contour_status"":""ok"",""fusion_mode"":""contour_generated_grabcut_validated"",""grabcut_corners"":[[109.5531005859375,973.5368041992188],[107.83270263671875,17.005699157714844],[753.99072265625,15.843544006347656],[755.7111206054688,972.3746948242188]],""grabcut_reason"":null,""grabcut_score"":0.884309,""grabcut_status"":""ok"",""parameters"":{""agreement_weight"":0.4,""contour_epsilon_max_fraction"":0.03,""contour_minimum_area_fraction"":0.08,""contour_minimum_rectangularity"":0.45,""contour_weight"":0.45,""grabcut_border_fraction"":0.01,""grabcut_erosion_kernel_fraction"":0.015,""grabcut_iterations"":1,""grabcut_weight"":0.15,""minimum_agreement_iou"":0.15,""require_grabcut"":false},""reason"":""accepted"",""selected_geometry"":""contour_quad""},""foundation"":null,""method"":""contour_grabcut"",""origin"":"""",""repository"":"""",""score"":0.709297,""status"":""ok"",""version"":""""},""edge_error_maximum_px"":83,""edge_error_mean_px"":42.5,""edge_errors"":{""bottom"":28,""left"":52,""maximum"":83,""mean"":42.5,""right"":83,""top"":7},""elapsed_ms"":1167.987,""global_ordinal"":5,""iou"":0.86176634,""label"":""damaged_partial_register_spread"",""layout_type"":""two_page_spread"",""predicted_bbox"":[119,15,1316,949],""status"":""ok""}"
run-20260902-194420,a3d42053b548,a3d42053b5485aecc939e9d497ab01fbaf17eb35ab340a599d67cde1b675b491,1,a3d42053b548,3e68378626275dbf30f22ff3ea4171229e1c0a7fdcd310794294008fcde96266,1,717943d85883a7f143d1154c18bf09c3cc8a53a5a42f414d6d9a2e41157b61a7,2,,4,3,1,1,[],{},8,41.993846588302404,0.8,6,title_or_index_sheet,single_page,ok,0.75890607,125,16,37,82,65.0,125,7500.371,"[15, 28, 1074, 970]","[140, 44, 1037, 888]","{""agreement_weight"":0.4,""contour_epsilon_max_fraction"":0.03,""contour_minimum_area_fraction"":0.08,""contour_minimum_rectangularity"":0.45,""grabcut_border_fraction"":0.01,""grabcut_iterations"":1,""grabcut_weight"":0.15,""minimum_agreement_iou"":0.15}",,,"{""legacy_parameter_set_id"":""a3d42053b548"",""parameter_grid_ordinal"":2,""parameter_grid_sha256"":""717943d85883a7f143d1154c18bf09c3cc8a53a5a42f414d6d9a2e41157b61a7"",""parameter_identity_schema_version"":""1"",""parameter_identity_sha256"":""3e68378626275dbf30f22ff3ea4171229e1c0a7fdcd310794294008fcde96266"",""parameter_schema_version"":""1"",""parameter_set_equivalence_family_id"":""a3d42053b548"",""parameter_set_equivalence_family_sha256"":""a3d42053b5485aecc939e9d497ab01fbaf17eb35ab340a599d67cde1b675b491"",""parameter_set_equivalence_family_size"":1,""parameter_set_id"":""a3d42053b548"",""parameters"":{""agreement_weight"":0.4,""contour_epsilon_max_fraction"":0.03,""contour_minimum_area_fraction"":0.08,""contour_minimum_rectangularity"":0.45,""grabcut_border_fraction"":0.01,""grabcut_iterations"":1,""grabcut_weight"":0.15,""minimum_agreement_iou"":0.15},""profile"":null,""rank"":4,""reference_roles"":[],""requested_search_member"":true,""run_id"":""run-20260902-194420"",""search_observation"":{""completion_index"":8,""elapsed_seconds"":41.993846588302404,""parameter_set_number"":8,""search_fraction"":0.8},""search_rank"":3,""search_space_member"":true,""summary"":{""elapsed_ms_total"":11920.28,""failure_count"":0,""mean_edge_error_px"":34.8,""mean_iou"":0.87682013,""mean_iou_success"":0.87682013,""minimum_iou"":0.75890607,""page_count"":5,""stddev_iou"":0.07335619,""success_count"":5,""wall_ms"":11920.654}}","{""approved_bbox"":[15,28,1074,970],""candidate"":{""authors"":null,""bbox"":[140,44,1037,888],""confidence"":0.687735,""corners"":[[140.0,44.0],[1036.0,223.0],[1021.0,886.0],[424.0,887.0]],""detector_name"":"""",""diagnostics"":{""agreement_iou"":0.70289934,""contour_corners"":[[140.0,44.0],[1036.0,223.0],[1021.0,886.0],[424.0,887.0]],""contour_reason"":null,""contour_score"":0.662027,""contour_status"":""ok"",""fusion_mode"":""contour_generated_grabcut_validated"",""grabcut_corners"":[[1070.9998779296875,967.9998779296875],[386.0,967.9998779296875],[386.0,147.0],[1070.9998779296875,147.0]],""grabcut_reason"":null,""grabcut_score"":0.724424,""grabcut_status"":""ok"",""parameters"":{""agreement_weight"":0.4,""contour_epsilon_max_fraction"":0.03,""contour_minimum_area_fraction"":0.08,""contour_minimum_rectangularity"":0.45,""contour_weight"":0.45,""grabcut_border_fraction"":0.01,""grabcut_erosion_kernel_fraction"":0.015,""grabcut_iterations"":1,""grabcut_weight"":0.15,""minimum_agreement_iou"":0.15,""require_grabcut"":false},""reason"":""accepted"",""selected_geometry"":""contour_quad""},""foundation"":null,""method"":""contour_grabcut"",""origin"":"""",""repository"":"""",""score"":0.687735,""status"":""ok"",""version"":""""},""edge_error_maximum_px"":125,""edge_error_mean_px"":65.0,""edge_errors"":{""bottom"":82,""left"":125,""maximum"":125,""mean"":65.0,""right"":37,""top"":16},""elapsed_ms"":7500.371,""global_ordinal"":6,""iou"":0.75890607,""label"":""title_or_index_sheet"",""layout_type"":""single_page"",""predicted_bbox"":[140,44,1037,888],""status"":""ok""}"
run-20260902-194420,a3d42053b548,a3d42053b5485aecc939e9d497ab01fbaf17eb35ab340a599d67cde1b675b491,1,a3d42053b548,3e68378626275dbf30f22ff3ea4171229e1c0a7fdcd310794294008fcde96266,1,717943d85883a7f143d1154c18bf09c3cc8a53a5a42f414d6d9a2e41157b61a7,2,,4,3,1,1,[],{},8,41.993846588302404,0.8,9,clean_two_page_spread,two_page_spread,ok,0.96377596,11,5,18,3,9.25,18,744.645,"[84, 51, 1101, 941]","[73, 56, 1119, 938]","{""agreement_weight"":0.4,""contour_epsilon_max_fraction"":0.03,""contour_minimum_area_fraction"":0.08,""contour_minimum_rectangularity"":0.45,""grabcut_border_fraction"":0.01,""grabcut_iterations"":1,""grabcut_weight"":0.15,""minimum_agreement_iou"":0.15}",,,"{""legacy_parameter_set_id"":""a3d42053b548"",""parameter_grid_ordinal"":2,""parameter_grid_sha256"":""717943d85883a7f143d1154c18bf09c3cc8a53a5a42f414d6d9a2e41157b61a7"",""parameter_identity_schema_version"":""1"",""parameter_identity_sha256"":""3e68378626275dbf30f22ff3ea4171229e1c0a7fdcd310794294008fcde96266"",""parameter_schema_version"":""1"",""parameter_set_equivalence_family_id"":""a3d42053b548"",""parameter_set_equivalence_family_sha256"":""a3d42053b5485aecc939e9d497ab01fbaf17eb35ab340a599d67cde1b675b491"",""parameter_set_equivalence_family_size"":1,""parameter_set_id"":""a3d42053b548"",""parameters"":{""agreement_weight"":0.4,""contour_epsilon_max_fraction"":0.03,""contour_minimum_area_fraction"":0.08,""contour_minimum_rectangularity"":0.45,""grabcut_border_fraction"":0.01,""grabcut_iterations"":1,""grabcut_weight"":0.15,""minimum_agreement_iou"":0.15},""profile"":null,""rank"":4,""reference_roles"":[],""requested_search_member"":true,""run_id"":""run-20260902-194420"",""search_observation"":{""completion_index"":8,""elapsed_seconds"":41.993846588302404,""parameter_set_number"":8,""search_fraction"":0.8},""search_rank"":3,""search_space_member"":true,""summary"":{""elapsed_ms_total"":11920.28,""failure_count"":0,""mean_edge_error_px"":34.8,""mean_iou"":0.87682013,""mean_iou_success"":0.87682013,""minimum_iou"":0.75890607,""page_count"":5,""stddev_iou"":0.07335619,""success_count"":5,""wall_ms"":11920.654}}","{""approved_bbox"":[84,51,1101,941],""candidate"":{""authors"":null,""bbox"":[73,56,1119,938],""confidence"":0.941534,""corners"":[[77.0,56.0],[1115.0,56.0],[1118.0,937.0],[73.0,932.0]],""detector_name"":"""",""diagnostics"":{""agreement_iou"":0.99658013,""contour_corners"":[[77.0,56.0],[1115.0,56.0],[1118.0,937.0],[73.0,932.0]],""contour_reason"":null,""contour_score"":0.879702,""contour_status"":""ok"",""fusion_mode"":""contour_generated_grabcut_validated"",""grabcut_corners"":[[1117.0,58.0],[77.0,55.0],[72.0,933.0],[1119.0,937.0]],""grabcut_reason"":null,""grabcut_score"":0.98024,""grabcut_status"":""ok"",""parameters"":{""agreement_weight"":0.4,""contour_epsilon_max_fraction"":0.03,""contour_minimum_area_fraction"":0.08,""contour_minimum_rectangularity"":0.45,""contour_weight"":0.45,""grabcut_border_fraction"":0.01,""grabcut_erosion_kernel_fraction"":0.015,""grabcut_iterations"":1,""grabcut_weight"":0.15,""minimum_agreement_iou"":0.15,""require_grabcut"":false},""reason"":""accepted"",""selected_geometry"":""contour_quad""},""foundation"":null,""method"":""contour_grabcut"",""origin"":"""",""repository"":"""",""score"":0.941534,""status"":""ok"",""version"":""""},""edge_error_maximum_px"":18,""edge_error_mean_px"":9.25,""edge_errors"":{""bottom"":3,""left"":11,""maximum"":18,""mean"":9.25,""right"":18,""top"":5},""elapsed_ms"":744.645,""global_ordinal"":9,""iou"":0.96377596,""label"":""clean_two_page_spread"",""layout_type"":""two_page_spread"",""predicted_bbox"":[73,56,1119,938],""status"":""ok""}"
run-20260902-194420,a3d42053b548,a3d42053b5485aecc939e9d497ab01fbaf17eb35ab340a599d67cde1b675b491,1,a3d42053b548,3e68378626275dbf30f22ff3ea4171229e1c0a7fdcd310794294008fcde96266,1,717943d85883a7f143d1154c18bf09c3cc8a53a5a42f414d6d9a2e41157b61a7,2,,4,3,1,1,[],{},8,41.993846588302404,0.8,10,clean_two_page_spread_2,two_page_spread,ok,0.94540817,7,11,18,20,14.0,20,730.517,"[88, 33, 1154, 968]","[81, 44, 1172, 948]","{""agreement_weight"":0.4,""contour_epsilon_max_fraction"":0.03,""contour_minimum_area_fraction"":0.08,""contour_minimum_rectangularity"":0.45,""grabcut_border_fraction"":0.01,""grabcut_iterations"":1,""grabcut_weight"":0.15,""minimum_agreement_iou"":0.15}",,,"{""legacy_parameter_set_id"":""a3d42053b548"",""parameter_grid_ordinal"":2,""parameter_grid_sha256"":""717943d85883a7f143d1154c18bf09c3cc8a53a5a42f414d6d9a2e41157b61a7"",""parameter_identity_schema_version"":""1"",""parameter_identity_sha256"":""3e68378626275dbf30f22ff3ea4171229e1c0a7fdcd310794294008fcde96266"",""parameter_schema_version"":""1"",""parameter_set_equivalence_family_id"":""a3d42053b548"",""parameter_set_equivalence_family_sha256"":""a3d42053b5485aecc939e9d497ab01fbaf17eb35ab340a599d67cde1b675b491"",""parameter_set_equivalence_family_size"":1,""parameter_set_id"":""a3d42053b548"",""parameters"":{""agreement_weight"":0.4,""contour_epsilon_max_fraction"":0.03,""contour_minimum_area_fraction"":0.08,""contour_minimum_rectangularity"":0.45,""grabcut_border_fraction"":0.01,""grabcut_iterations"":1,""grabcut_weight"":0.15,""minimum_agreement_iou"":0.15},""profile"":null,""rank"":4,""reference_roles"":[],""requested_search_member"":true,""run_id"":""run-20260902-194420"",""search_observation"":{""completion_index"":8,""elapsed_seconds"":41.993846588302404,""parameter_set_number"":8,""search_fraction"":0.8},""search_rank"":3,""search_space_member"":true,""summary"":{""elapsed_ms_total"":11920.28,""failure_count"":0,""mean_edge_error_px"":34.8,""mean_iou"":0.87682013,""mean_iou_success"":0.87682013,""minimum_iou"":0.75890607,""page_count"":5,""stddev_iou"":0.07335619,""success_count"":5,""wall_ms"":11920.654}}","{""approved_bbox"":[88,33,1154,968],""candidate"":{""authors"":null,""bbox"":[81,44,1172,948],""confidence"":0.91717,""corners"":[[84.0,44.0],[1144.0,44.0],[1171.0,947.0],[81.0,945.0]],""detector_name"":"""",""diagnostics"":{""agreement_iou"":0.96280918,""contour_corners"":[[84.0,44.0],[1144.0,44.0],[1171.0,947.0],[81.0,945.0]],""contour_reason"":null,""contour_score"":0.856308,""contour_status"":""ok"",""fusion_mode"":""contour_generated_grabcut_validated"",""grabcut_corners"":[[77.0,38.0],[78.0,959.0],[1176.0,956.0],[1166.0,35.0]],""grabcut_reason"":null,""grabcut_score"":0.978053,""grabcut_status"":""ok"",""parameters"":{""agreement_weight"":0.4,""contour_epsilon_max_fraction"":0.03,""contour_minimum_area_fraction"":0.08,""contour_minimum_rectangularity"":0.45,""contour_weight"":0.45,""grabcut_border_fraction"":0.01,""grabcut_erosion_kernel_fraction"":0.015,""grabcut_iterations"":1,""grabcut_weight"":0.15,""minimum_agreement_iou"":0.15,""require_grabcut"":false},""reason"":""accepted"",""selected_geometry"":""contour_quad""},""foundation"":null,""method"":""contour_grabcut"",""origin"":"""",""repository"":"""",""score"":0.91717,""status"":""ok"",""version"":""""},""edge_error_maximum_px"":20,""edge_error_mean_px"":14.0,""edge_errors"":{""bottom"":20,""left"":7,""maximum"":20,""mean"":14.0,""right"":18,""top"":11},""elapsed_ms"":730.517,""global_ordinal"":10,""iou"":0.94540817,""label"":""clean_two_page_spread_2"",""layout_type"":""two_page_spread"",""predicted_bbox"":[81,44,1172,948],""status"":""ok""}"
run-20260902-194420,0fb98d4d4330,0fb98d4d433076969d25486d8e73a74f011f520fbd831cf31eeac1440d0195cc,1,0fb98d4d4330,98b0a3b5167f16a812cf10ddcb971ab40d9d6bf7d984631e253fe73d05c84c54,1,717943d85883a7f143d1154c18bf09c3cc8a53a5a42f414d6d9a2e41157b61a7,3,,5,4,1,1,[],{},6,41.97857668623328,0.6,1,ordinary_two_page_spread,two_page_spread,ok,0.85424412,14,38,93,28,43.25,93,1786.223,"[125, 56, 1289, 967]","[111, 18, 1382, 939]","{""agreement_weight"":0.2,""contour_epsilon_max_fraction"":0.03,""contour_minimum_area_fraction"":0.08,""contour_minimum_rectangularity"":0.45,""grabcut_border_fraction"":0.01,""grabcut_iterations"":1,""grabcut_weight"":0.25,""minimum_agreement_iou"":0.15}",,,"{""legacy_parameter_set_id"":""0fb98d4d4330"",""parameter_grid_ordinal"":3,""parameter_grid_sha256"":""717943d85883a7f143d1154c18bf09c3cc8a53a5a42f414d6d9a2e41157b61a7"",""parameter_identity_schema_version"":""1"",""parameter_identity_sha256"":""98b0a3b5167f16a812cf10ddcb971ab40d9d6bf7d984631e253fe73d05c84c54"",""parameter_schema_version"":""1"",""parameter_set_equivalence_family_id"":""0fb98d4d4330"",""parameter_set_equivalence_family_sha256"":""0fb98d4d433076969d25486d8e73a74f011f520fbd831cf31eeac1440d0195cc"",""parameter_set_equivalence_family_size"":1,""parameter_set_id"":""0fb98d4d4330"",""parameters"":{""agreement_weight"":0.2,""contour_epsilon_max_fraction"":0.03,""contour_minimum_area_fraction"":0.08,""contour_minimum_rectangularity"":0.45,""grabcut_border_fraction"":0.01,""grabcut_iterations"":1,""grabcut_weight"":0.25,""minimum_agreement_iou"":0.15},""profile"":null,""rank"":5,""reference_roles"":[],""requested_search_member"":true,""run_id"":""run-20260902-194420"",""search_observation"":{""completion_index"":6,""elapsed_seconds"":41.97857668623328,""parameter_set_number"":6,""search_fraction"":0.6},""search_rank"":4,""search_space_member"":true,""summary"":{""elapsed_ms_total"":11904.489,""failure_count"":0,""mean_edge_error_px"":34.8,""mean_iou"":0.87682013,""mean_iou_success"":0.87682013,""minimum_iou"":0.75890607,""page_count"":5,""stddev_iou"":0.07335619,""success_count"":5,""wall_ms"":11904.951}}","{""approved_bbox"":[125,56,1289,967],""candidate"":{""authors"":null,""bbox"":[111,18,1382,939],""confidence"":0.84819,""corners"":[[111.0,90.0],[1381.0,18.0],[1257.0,938.0],[235.0,917.0]],""detector_name"":"""",""diagnostics"":{""agreement_iou"":0.84271714,""contour_corners"":[[111.0,90.0],[1381.0,18.0],[1257.0,938.0],[235.0,917.0]],""contour_reason"":null,""contour_score"":0.79374,""contour_status"":""ok"",""fusion_mode"":""contour_generated_grabcut_validated"",""grabcut_corners"":[[82.344482421875,967.158935546875],[80.5924072265625,56.07579803466797],[1287.4630126953125,53.75489044189453],[1289.215087890625,964.8380126953125]],""grabcut_reason"":null,""grabcut_score"":0.95058,""grabcut_status"":""ok"",""parameters"":{""agreement_weight"":0.2,""contour_epsilon_max_fraction"":0.03,""contour_minimum_area_fraction"":0.08,""contour_minimum_rectangularity"":0.45,""contour_weight"":0.45,""grabcut_border_fraction"":0.01,""grabcut_erosion_kernel_fraction"":0.015,""grabcut_iterations"":1,""grabcut_weight"":0.25,""minimum_agreement_iou"":0.15,""require_grabcut"":false},""reason"":""accepted"",""selected_geometry"":""contour_quad""},""foundation"":null,""method"":""contour_grabcut"",""origin"":"""",""repository"":"""",""score"":0.84819,""status"":""ok"",""version"":""""},""edge_error_maximum_px"":93,""edge_error_mean_px"":43.25,""edge_errors"":{""bottom"":28,""left"":14,""maximum"":93,""mean"":43.25,""right"":93,""top"":38},""elapsed_ms"":1786.223,""global_ordinal"":1,""iou"":0.85424412,""label"":""ordinary_two_page_spread"",""layout_type"":""two_page_spread"",""predicted_bbox"":[111,18,1382,939],""status"":""ok""}"
run-20260902-194420,0fb98d4d4330,0fb98d4d433076969d25486d8e73a74f011f520fbd831cf31eeac1440d0195cc,1,0fb98d4d4330,98b0a3b5167f16a812cf10ddcb971ab40d9d6bf7d984631e253fe73d05c84c54,1,717943d85883a7f143d1154c18bf09c3cc8a53a5a42f414d6d9a2e41157b61a7,3,,5,4,1,1,[],{},6,41.97857668623328,0.6,5,damaged_partial_register_spread,two_page_spread,ok,0.86176634,52,7,83,28,42.5,83,1173.131,"[67, 8, 1233, 977]","[119, 15, 1316, 949]","{""agreement_weight"":0.2,""contour_epsilon_max_fraction"":0.03,""contour_minimum_area_fraction"":0.08,""contour_minimum_rectangularity"":0.45,""grabcut_border_fraction"":0.01,""grabcut_iterations"":1,""grabcut_weight"":0.25,""minimum_agreement_iou"":0.15}",,,"{""legacy_parameter_set_id"":""0fb98d4d4330"",""parameter_grid_ordinal"":3,""parameter_grid_sha256"":""717943d85883a7f143d1154c18bf09c3cc8a53a5a42f414d6d9a2e41157b61a7"",""parameter_identity_schema_version"":""1"",""parameter_identity_sha256"":""98b0a3b5167f16a812cf10ddcb971ab40d9d6bf7d984631e253fe73d05c84c54"",""parameter_schema_version"":""1"",""parameter_set_equivalence_family_id"":""0fb98d4d4330"",""parameter_set_equivalence_family_sha256"":""0fb98d4d433076969d25486d8e73a74f011f520fbd831cf31eeac1440d0195cc"",""parameter_set_equivalence_family_size"":1,""parameter_set_id"":""0fb98d4d4330"",""parameters"":{""agreement_weight"":0.2,""contour_epsilon_max_fraction"":0.03,""contour_minimum_area_fraction"":0.08,""contour_minimum_rectangularity"":0.45,""grabcut_border_fraction"":0.01,""grabcut_iterations"":1,""grabcut_weight"":0.25,""minimum_agreement_iou"":0.15},""profile"":null,""rank"":5,""reference_roles"":[],""requested_search_member"":true,""run_id"":""run-20260902-194420"",""search_observation"":{""completion_index"":6,""elapsed_seconds"":41.97857668623328,""parameter_set_number"":6,""search_fraction"":0.6},""search_rank"":4,""search_space_member"":true,""summary"":{""elapsed_ms_total"":11904.489,""failure_count"":0,""mean_edge_error_px"":34.8,""mean_iou"":0.87682013,""mean_iou_success"":0.87682013,""minimum_iou"":0.75890607,""page_count"":5,""stddev_iou"":0.07335619,""success_count"":5,""wall_ms"":11904.951}}","{""approved_bbox"":[67,8,1233,977],""candidate"":{""authors"":null,""bbox"":[119,15,1316,949],""confidence"":0.753271,""corners"":[[119.0,36.0],[1315.0,15.0],[739.0,948.0],[137.0,771.0]],""detector_name"":"""",""diagnostics"":{""agreement_iou"":0.59892017,""contour_corners"":[[119.0,36.0],[1315.0,15.0],[739.0,948.0],[137.0,771.0]],""contour_reason"":null,""contour_score"":0.749072,""contour_status"":""ok"",""fusion_mode"":""contour_generated_grabcut_validated"",""grabcut_corners"":[[109.5531005859375,973.5368041992188],[107.83270263671875,17.005699157714844],[753.99072265625,15.843544006347656],[755.7111206054688,972.3746948242188]],""grabcut_reason"":null,""grabcut_score"":0.884309,""grabcut_status"":""ok"",""parameters"":{""agreement_weight"":0.2,""contour_epsilon_max_fraction"":0.03,""contour_minimum_area_fraction"":0.08,""contour_minimum_rectangularity"":0.45,""contour_weight"":0.45,""grabcut_border_fraction"":0.01,""grabcut_erosion_kernel_fraction"":0.015,""grabcut_iterations"":1,""grabcut_weight"":0.25,""minimum_agreement_iou"":0.15,""require_grabcut"":false},""reason"":""accepted"",""selected_geometry"":""contour_quad""},""foundation"":null,""method"":""contour_grabcut"",""origin"":"""",""repository"":"""",""score"":0.753271,""status"":""ok"",""version"":""""},""edge_error_maximum_px"":83,""edge_error_mean_px"":42.5,""edge_errors"":{""bottom"":28,""left"":52,""maximum"":83,""mean"":42.5,""right"":83,""top"":7},""elapsed_ms"":1173.131,""global_ordinal"":5,""iou"":0.86176634,""label"":""damaged_partial_register_spread"",""layout_type"":""two_page_spread"",""predicted_bbox"":[119,15,1316,949],""status"":""ok""}"
run-20260902-194420,0fb98d4d4330,0fb98d4d433076969d25486d8e73a74f011f520fbd831cf31eeac1440d0195cc,1,0fb98d4d4330,98b0a3b5167f16a812cf10ddcb971ab40d9d6bf7d984631e253fe73d05c84c54,1,717943d85883a7f143d1154c18bf09c3cc8a53a5a42f414d6d9a2e41157b61a7,3,,5,4,1,1,[],{},6,41.97857668623328,0.6,6,title_or_index_sheet,single_page,ok,0.75890607,125,16,37,82,65.0,125,7357.033,"[15, 28, 1074, 970]","[140, 44, 1037, 888]","{""agreement_weight"":0.2,""contour_epsilon_max_fraction"":0.03,""contour_minimum_area_fraction"":0.08,""contour_minimum_rectangularity"":0.45,""grabcut_border_fraction"":0.01,""grabcut_iterations"":1,""grabcut_weight"":0.25,""minimum_agreement_iou"":0.15}",,,"{""legacy_parameter_set_id"":""0fb98d4d4330"",""parameter_grid_ordinal"":3,""parameter_grid_sha256"":""717943d85883a7f143d1154c18bf09c3cc8a53a5a42f414d6d9a2e41157b61a7"",""parameter_identity_schema_version"":""1"",""parameter_identity_sha256"":""98b0a3b5167f16a812cf10ddcb971ab40d9d6bf7d984631e253fe73d05c84c54"",""parameter_schema_version"":""1"",""parameter_set_equivalence_family_id"":""0fb98d4d4330"",""parameter_set_equivalence_family_sha256"":""0fb98d4d433076969d25486d8e73a74f011f520fbd831cf31eeac1440d0195cc"",""parameter_set_equivalence_family_size"":1,""parameter_set_id"":""0fb98d4d4330"",""parameters"":{""agreement_weight"":0.2,""contour_epsilon_max_fraction"":0.03,""contour_minimum_area_fraction"":0.08,""contour_minimum_rectangularity"":0.45,""grabcut_border_fraction"":0.01,""grabcut_iterations"":1,""grabcut_weight"":0.25,""minimum_agreement_iou"":0.15},""profile"":null,""rank"":5,""reference_roles"":[],""requested_search_member"":true,""run_id"":""run-20260902-194420"",""search_observation"":{""completion_index"":6,""elapsed_seconds"":41.97857668623328,""parameter_set_number"":6,""search_fraction"":0.6},""search_rank"":4,""search_space_member"":true,""summary"":{""elapsed_ms_total"":11904.489,""failure_count"":0,""mean_edge_error_px"":34.8,""mean_iou"":0.87682013,""mean_iou_success"":0.87682013,""minimum_iou"":0.75890607,""page_count"":5,""stddev_iou"":0.07335619,""success_count"":5,""wall_ms"":11904.951}}","{""approved_bbox"":[15,28,1074,970],""candidate"":{""authors"":null,""bbox"":[140,44,1037,888],""confidence"":0.688442,""corners"":[[140.0,44.0],[1036.0,223.0],[1021.0,886.0],[424.0,887.0]],""detector_name"":"""",""diagnostics"":{""agreement_iou"":0.70289934,""contour_corners"":[[140.0,44.0],[1036.0,223.0],[1021.0,886.0],[424.0,887.0]],""contour_reason"":null,""contour_score"":0.662027,""contour_status"":""ok"",""fusion_mode"":""contour_generated_grabcut_validated"",""grabcut_corners"":[[1070.9998779296875,967.9998779296875],[386.0,967.9998779296875],[386.0,147.0],[1070.9998779296875,147.0]],""grabcut_reason"":null,""grabcut_score"":0.724424,""grabcut_status"":""ok"",""parameters"":{""agreement_weight"":0.2,""contour_epsilon_max_fraction"":0.03,""contour_minimum_area_fraction"":0.08,""contour_minimum_rectangularity"":0.45,""contour_weight"":0.45,""grabcut_border_fraction"":0.01,""grabcut_erosion_kernel_fraction"":0.015,""grabcut_iterations"":1,""grabcut_weight"":0.25,""minimum_agreement_iou"":0.15,""require_grabcut"":false},""reason"":""accepted"",""selected_geometry"":""contour_quad""},""foundation"":null,""method"":""contour_grabcut"",""origin"":"""",""repository"":"""",""score"":0.688442,""status"":""ok"",""version"":""""},""edge_error_maximum_px"":125,""edge_error_mean_px"":65.0,""edge_errors"":{""bottom"":82,""left"":125,""maximum"":125,""mean"":65.0,""right"":37,""top"":16},""elapsed_ms"":7357.033,""global_ordinal"":6,""iou"":0.75890607,""label"":""title_or_index_sheet"",""layout_type"":""single_page"",""predicted_bbox"":[140,44,1037,888],""status"":""ok""}"
run-20260902-194420,0fb98d4d4330,0fb98d4d433076969d25486d8e73a74f011f520fbd831cf31eeac1440d0195cc,1,0fb98d4d4330,98b0a3b5167f16a812cf10ddcb971ab40d9d6bf7d984631e253fe73d05c84c54,1,717943d85883a7f143d1154c18bf09c3cc8a53a5a42f414d6d9a2e41157b61a7,3,,5,4,1,1,[],{},6,41.97857668623328,0.6,9,clean_two_page_spread,two_page_spread,ok,0.96377596,11,5,18,3,9.25,18,806.573,"[84, 51, 1101, 941]","[73, 56, 1119, 938]","{""agreement_weight"":0.2,""contour_epsilon_max_fraction"":0.03,""contour_minimum_area_fraction"":0.08,""contour_minimum_rectangularity"":0.45,""grabcut_border_fraction"":0.01,""grabcut_iterations"":1,""grabcut_weight"":0.25,""minimum_agreement_iou"":0.15}",,,"{""legacy_parameter_set_id"":""0fb98d4d4330"",""parameter_grid_ordinal"":3,""parameter_grid_sha256"":""717943d85883a7f143d1154c18bf09c3cc8a53a5a42f414d6d9a2e41157b61a7"",""parameter_identity_schema_version"":""1"",""parameter_identity_sha256"":""98b0a3b5167f16a812cf10ddcb971ab40d9d6bf7d984631e253fe73d05c84c54"",""parameter_schema_version"":""1"",""parameter_set_equivalence_family_id"":""0fb98d4d4330"",""parameter_set_equivalence_family_sha256"":""0fb98d4d433076969d25486d8e73a74f011f520fbd831cf31eeac1440d0195cc"",""parameter_set_equivalence_family_size"":1,""parameter_set_id"":""0fb98d4d4330"",""parameters"":{""agreement_weight"":0.2,""contour_epsilon_max_fraction"":0.03,""contour_minimum_area_fraction"":0.08,""contour_minimum_rectangularity"":0.45,""grabcut_border_fraction"":0.01,""grabcut_iterations"":1,""grabcut_weight"":0.25,""minimum_agreement_iou"":0.15},""profile"":null,""rank"":5,""reference_roles"":[],""requested_search_member"":true,""run_id"":""run-20260902-194420"",""search_observation"":{""completion_index"":6,""elapsed_seconds"":41.97857668623328,""parameter_set_number"":6,""search_fraction"":0.6},""search_rank"":4,""search_space_member"":true,""summary"":{""elapsed_ms_total"":11904.489,""failure_count"":0,""mean_edge_error_px"":34.8,""mean_iou"":0.87682013,""mean_iou_success"":0.87682013,""minimum_iou"":0.75890607,""page_count"":5,""stddev_iou"":0.07335619,""success_count"":5,""wall_ms"":11904.951}}","{""approved_bbox"":[84,51,1101,941],""candidate"":{""authors"":null,""bbox"":[73,56,1119,938],""confidence"":0.933602,""corners"":[[77.0,56.0],[1115.0,56.0],[1118.0,937.0],[73.0,932.0]],""detector_name"":"""",""diagnostics"":{""agreement_iou"":0.99658013,""contour_corners"":[[77.0,56.0],[1115.0,56.0],[1118.0,937.0],[73.0,932.0]],""contour_reason"":null,""contour_score"":0.879702,""contour_status"":""ok"",""fusion_mode"":""contour_generated_grabcut_validated"",""grabcut_corners"":[[1117.0,58.0],[77.0,55.0],[72.0,933.0],[1119.0,937.0]],""grabcut_reason"":null,""grabcut_score"":0.98024,""grabcut_status"":""ok"",""parameters"":{""agreement_weight"":0.2,""contour_epsilon_max_fraction"":0.03,""contour_minimum_area_fraction"":0.08,""contour_minimum_rectangularity"":0.45,""contour_weight"":0.45,""grabcut_border_fraction"":0.01,""grabcut_erosion_kernel_fraction"":0.015,""grabcut_iterations"":1,""grabcut_weight"":0.25,""minimum_agreement_iou"":0.15,""require_grabcut"":false},""reason"":""accepted"",""selected_geometry"":""contour_quad""},""foundation"":null,""method"":""contour_grabcut"",""origin"":"""",""repository"":"""",""score"":0.933602,""status"":""ok"",""version"":""""},""edge_error_maximum_px"":18,""edge_error_mean_px"":9.25,""edge_errors"":{""bottom"":3,""left"":11,""maximum"":18,""mean"":9.25,""right"":18,""top"":5},""elapsed_ms"":806.573,""global_ordinal"":9,""iou"":0.96377596,""label"":""clean_two_page_spread"",""layout_type"":""two_page_spread"",""predicted_bbox"":[73,56,1119,938],""status"":""ok""}"
run-20260902-194420,0fb98d4d4330,0fb98d4d433076969d25486d8e73a74f011f520fbd831cf31eeac1440d0195cc,1,0fb98d4d4330,98b0a3b5167f16a812cf10ddcb971ab40d9d6bf7d984631e253fe73d05c84c54,1,717943d85883a7f143d1154c18bf09c3cc8a53a5a42f414d6d9a2e41157b61a7,3,,5,4,1,1,[],{},6,41.97857668623328,0.6,10,clean_two_page_spread_2,two_page_spread,ok,0.94540817,7,11,18,20,14.0,20,781.529,"[88, 33, 1154, 968]","[81, 44, 1172, 948]","{""agreement_weight"":0.2,""contour_epsilon_max_fraction"":0.03,""contour_minimum_area_fraction"":0.08,""contour_minimum_rectangularity"":0.45,""grabcut_border_fraction"":0.01,""grabcut_iterations"":1,""grabcut_weight"":0.25,""minimum_agreement_iou"":0.15}",,,"{""legacy_parameter_set_id"":""0fb98d4d4330"",""parameter_grid_ordinal"":3,""parameter_grid_sha256"":""717943d85883a7f143d1154c18bf09c3cc8a53a5a42f414d6d9a2e41157b61a7"",""parameter_identity_schema_version"":""1"",""parameter_identity_sha256"":""98b0a3b5167f16a812cf10ddcb971ab40d9d6bf7d984631e253fe73d05c84c54"",""parameter_schema_version"":""1"",""parameter_set_equivalence_family_id"":""0fb98d4d4330"",""parameter_set_equivalence_family_sha256"":""0fb98d4d433076969d25486d8e73a74f011f520fbd831cf31eeac1440d0195cc"",""parameter_set_equivalence_family_size"":1,""parameter_set_id"":""0fb98d4d4330"",""parameters"":{""agreement_weight"":0.2,""contour_epsilon_max_fraction"":0.03,""contour_minimum_area_fraction"":0.08,""contour_minimum_rectangularity"":0.45,""grabcut_border_fraction"":0.01,""grabcut_iterations"":1,""grabcut_weight"":0.25,""minimum_agreement_iou"":0.15},""profile"":null,""rank"":5,""reference_roles"":[],""requested_search_member"":true,""run_id"":""run-20260902-194420"",""search_observation"":{""completion_index"":6,""elapsed_seconds"":41.97857668623328,""parameter_set_number"":6,""search_fraction"":0.6},""search_rank"":4,""search_space_member"":true,""summary"":{""elapsed_ms_total"":11904.489,""failure_count"":0,""mean_edge_error_px"":34.8,""mean_iou"":0.87682013,""mean_iou_success"":0.87682013,""minimum_iou"":0.75890607,""page_count"":5,""stddev_iou"":0.07335619,""success_count"":5,""wall_ms"":11904.951}}","{""approved_bbox"":[88,33,1154,968],""candidate"":{""authors"":null,""bbox"":[81,44,1172,948],""confidence"":0.913793,""corners"":[[84.0,44.0],[1144.0,44.0],[1171.0,947.0],[81.0,945.0]],""detector_name"":"""",""diagnostics"":{""agreement_iou"":0.96280918,""contour_corners"":[[84.0,44.0],[1144.0,44.0],[1171.0,947.0],[81.0,945.0]],""contour_reason"":null,""contour_score"":0.856308,""contour_status"":""ok"",""fusion_mode"":""contour_generated_grabcut_validated"",""grabcut_corners"":[[77.0,38.0],[78.0,959.0],[1176.0,956.0],[1166.0,35.0]],""grabcut_reason"":null,""grabcut_score"":0.978053,""grabcut_status"":""ok"",""parameters"":{""agreement_weight"":0.2,""contour_epsilon_max_fraction"":0.03,""contour_minimum_area_fraction"":0.08,""contour_minimum_rectangularity"":0.45,""contour_weight"":0.45,""grabcut_border_fraction"":0.01,""grabcut_erosion_kernel_fraction"":0.015,""grabcut_iterations"":1,""grabcut_weight"":0.25,""minimum_agreement_iou"":0.15,""require_grabcut"":false},""reason"":""accepted"",""selected_geometry"":""contour_quad""},""foundation"":null,""method"":""contour_grabcut"",""origin"":"""",""repository"":"""",""score"":0.913793,""status"":""ok"",""version"":""""},""edge_error_maximum_px"":20,""edge_error_mean_px"":14.0,""edge_errors"":{""bottom"":20,""left"":7,""maximum"":20,""mean"":14.0,""right"":18,""top"":11},""elapsed_ms"":781.529,""global_ordinal"":10,""iou"":0.94540817,""label"":""clean_two_page_spread_2"",""layout_type"":""two_page_spread"",""predicted_bbox"":[81,44,1172,948],""status"":""ok""}"
run-20260902-194420,56ae8fdbf618,56ae8fdbf6180f15a45e72f51932bc0924d07ad8a532b886ac654f44e804b36f,1,56ae8fdbf618,7c79934fd7db7b8c7211ef8d72125cebab3cd21d349a08e5d790ef5768798e63,1,717943d85883a7f143d1154c18bf09c3cc8a53a5a42f414d6d9a2e41157b61a7,4,,6,5,1,1,[],{},5,41.85280279396102,0.5,1,ordinary_two_page_spread,two_page_spread,ok,0.85424412,14,38,93,28,43.25,93,1713.487,"[125, 56, 1289, 967]","[111, 18, 1382, 939]","{""agreement_weight"":0.3,""contour_epsilon_max_fraction"":0.03,""contour_minimum_area_fraction"":0.08,""contour_minimum_rectangularity"":0.45,""grabcut_border_fraction"":0.01,""grabcut_iterations"":1,""grabcut_weight"":0.25,""minimum_agreement_iou"":0.15}",,,"{""legacy_parameter_set_id"":""56ae8fdbf618"",""parameter_grid_ordinal"":4,""parameter_grid_sha256"":""717943d85883a7f143d1154c18bf09c3cc8a53a5a42f414d6d9a2e41157b61a7"",""parameter_identity_schema_version"":""1"",""parameter_identity_sha256"":""7c79934fd7db7b8c7211ef8d72125cebab3cd21d349a08e5d790ef5768798e63"",""parameter_schema_version"":""1"",""parameter_set_equivalence_family_id"":""56ae8fdbf618"",""parameter_set_equivalence_family_sha256"":""56ae8fdbf6180f15a45e72f51932bc0924d07ad8a532b886ac654f44e804b36f"",""parameter_set_equivalence_family_size"":1,""parameter_set_id"":""56ae8fdbf618"",""parameters"":{""agreement_weight"":0.3,""contour_epsilon_max_fraction"":0.03,""contour_minimum_area_fraction"":0.08,""contour_minimum_rectangularity"":0.45,""grabcut_border_fraction"":0.01,""grabcut_iterations"":1,""grabcut_weight"":0.25,""minimum_agreement_iou"":0.15},""profile"":null,""rank"":6,""reference_roles"":[],""requested_search_member"":true,""run_id"":""run-20260902-194420"",""search_observation"":{""completion_index"":5,""elapsed_seconds"":41.85280279396102,""parameter_set_number"":5,""search_fraction"":0.5},""search_rank"":5,""search_space_member"":true,""summary"":{""elapsed_ms_total"":11777.276,""failure_count"":0,""mean_edge_error_px"":34.8,""mean_iou"":0.87682013,""mean_iou_success"":0.87682013,""minimum_iou"":0.75890607,""page_count"":5,""stddev_iou"":0.07335619,""success_count"":5,""wall_ms"":11777.795}}","{""approved_bbox"":[125,56,1289,967],""candidate"":{""authors"":null,""bbox"":[111,18,1382,939],""confidence"":0.847643,""corners"":[[111.0,90.0],[1381.0,18.0],[1257.0,938.0],[235.0,917.0]],""detector_name"":"""",""diagnostics"":{""agreement_iou"":0.84271714,""contour_corners"":[[111.0,90.0],[1381.0,18.0],[1257.0,938.0],[235.0,917.0]],""contour_reason"":null,""contour_score"":0.79374,""contour_status"":""ok"",""fusion_mode"":""contour_generated_grabcut_validated"",""grabcut_corners"":[[82.344482421875,967.158935546875],[80.5924072265625,56.07579803466797],[1287.4630126953125,53.75489044189453],[1289.215087890625,964.8380126953125]],""grabcut_reason"":null,""grabcut_score"":0.95058,""grabcut_status"":""ok"",""parameters"":{""agreement_weight"":0.3,""contour_epsilon_max_fraction"":0.03,""contour_minimum_area_fraction"":0.08,""contour_minimum_rectangularity"":0.45,""contour_weight"":0.45,""grabcut_border_fraction"":0.01,""grabcut_erosion_kernel_fraction"":0.015,""grabcut_iterations"":1,""grabcut_weight"":0.25,""minimum_agreement_iou"":0.15,""require_grabcut"":false},""reason"":""accepted"",""selected_geometry"":""contour_quad""},""foundation"":null,""method"":""contour_grabcut"",""origin"":"""",""repository"":"""",""score"":0.847643,""status"":""ok"",""version"":""""},""edge_error_maximum_px"":93,""edge_error_mean_px"":43.25,""edge_errors"":{""bottom"":28,""left"":14,""maximum"":93,""mean"":43.25,""right"":93,""top"":38},""elapsed_ms"":1713.487,""global_ordinal"":1,""iou"":0.85424412,""label"":""ordinary_two_page_spread"",""layout_type"":""two_page_spread"",""predicted_bbox"":[111,18,1382,939],""status"":""ok""}"
run-20260902-194420,56ae8fdbf618,56ae8fdbf6180f15a45e72f51932bc0924d07ad8a532b886ac654f44e804b36f,1,56ae8fdbf618,7c79934fd7db7b8c7211ef8d72125cebab3cd21d349a08e5d790ef5768798e63,1,717943d85883a7f143d1154c18bf09c3cc8a53a5a42f414d6d9a2e41157b61a7,4,,6,5,1,1,[],{},5,41.85280279396102,0.5,5,damaged_partial_register_spread,two_page_spread,ok,0.86176634,52,7,83,28,42.5,83,1267.694,"[67, 8, 1233, 977]","[119, 15, 1316, 949]","{""agreement_weight"":0.3,""contour_epsilon_max_fraction"":0.03,""contour_minimum_area_fraction"":0.08,""contour_minimum_rectangularity"":0.45,""grabcut_border_fraction"":0.01,""grabcut_iterations"":1,""grabcut_weight"":0.25,""minimum_agreement_iou"":0.15}",,,"{""legacy_parameter_set_id"":""56ae8fdbf618"",""parameter_grid_ordinal"":4,""parameter_grid_sha256"":""717943d85883a7f143d1154c18bf09c3cc8a53a5a42f414d6d9a2e41157b61a7"",""parameter_identity_schema_version"":""1"",""parameter_identity_sha256"":""7c79934fd7db7b8c7211ef8d72125cebab3cd21d349a08e5d790ef5768798e63"",""parameter_schema_version"":""1"",""parameter_set_equivalence_family_id"":""56ae8fdbf618"",""parameter_set_equivalence_family_sha256"":""56ae8fdbf6180f15a45e72f51932bc0924d07ad8a532b886ac654f44e804b36f"",""parameter_set_equivalence_family_size"":1,""parameter_set_id"":""56ae8fdbf618"",""parameters"":{""agreement_weight"":0.3,""contour_epsilon_max_fraction"":0.03,""contour_minimum_area_fraction"":0.08,""contour_minimum_rectangularity"":0.45,""grabcut_border_fraction"":0.01,""grabcut_iterations"":1,""grabcut_weight"":0.25,""minimum_agreement_iou"":0.15},""profile"":null,""rank"":6,""reference_roles"":[],""requested_search_member"":true,""run_id"":""run-20260902-194420"",""search_observation"":{""completion_index"":5,""elapsed_seconds"":41.85280279396102,""parameter_set_number"":5,""search_fraction"":0.5},""search_rank"":5,""search_space_member"":true,""summary"":{""elapsed_ms_total"":11777.276,""failure_count"":0,""mean_edge_error_px"":34.8,""mean_iou"":0.87682013,""mean_iou_success"":0.87682013,""minimum_iou"":0.75890607,""page_count"":5,""stddev_iou"":0.07335619,""success_count"":5,""wall_ms"":11777.795}}","{""approved_bbox"":[67,8,1233,977],""candidate"":{""authors"":null,""bbox"":[119,15,1316,949],""confidence"":0.737836,""corners"":[[119.0,36.0],[1315.0,15.0],[739.0,948.0],[137.0,771.0]],""detector_name"":"""",""diagnostics"":{""agreement_iou"":0.59892017,""contour_corners"":[[119.0,36.0],[1315.0,15.0],[739.0,948.0],[137.0,771.0]],""contour_reason"":null,""contour_score"":0.749072,""contour_status"":""ok"",""fusion_mode"":""contour_generated_grabcut_validated"",""grabcut_corners"":[[109.5531005859375,973.5368041992188],[107.83270263671875,17.005699157714844],[753.99072265625,15.843544006347656],[755.7111206054688,972.3746948242188]],""grabcut_reason"":null,""grabcut_score"":0.884309,""grabcut_status"":""ok"",""parameters"":{""agreement_weight"":0.3,""contour_epsilon_max_fraction"":0.03,""contour_minimum_area_fraction"":0.08,""contour_minimum_rectangularity"":0.45,""contour_weight"":0.45,""grabcut_border_fraction"":0.01,""grabcut_erosion_kernel_fraction"":0.015,""grabcut_iterations"":1,""grabcut_weight"":0.25,""minimum_agreement_iou"":0.15,""require_grabcut"":false},""reason"":""accepted"",""selected_geometry"":""contour_quad""},""foundation"":null,""method"":""contour_grabcut"",""origin"":"""",""repository"":"""",""score"":0.737836,""status"":""ok"",""version"":""""},""edge_error_maximum_px"":83,""edge_error_mean_px"":42.5,""edge_errors"":{""bottom"":28,""left"":52,""maximum"":83,""mean"":42.5,""right"":83,""top"":7},""elapsed_ms"":1267.694,""global_ordinal"":5,""iou"":0.86176634,""label"":""damaged_partial_register_spread"",""layout_type"":""two_page_spread"",""predicted_bbox"":[119,15,1316,949],""status"":""ok""}"
run-20260902-194420,56ae8fdbf618,56ae8fdbf6180f15a45e72f51932bc0924d07ad8a532b886ac654f44e804b36f,1,56ae8fdbf618,7c79934fd7db7b8c7211ef8d72125cebab3cd21d349a08e5d790ef5768798e63,1,717943d85883a7f143d1154c18bf09c3cc8a53a5a42f414d6d9a2e41157b61a7,4,,6,5,1,1,[],{},5,41.85280279396102,0.5,6,title_or_index_sheet,single_page,ok,0.75890607,125,16,37,82,65.0,125,7202.459,"[15, 28, 1074, 970]","[140, 44, 1037, 888]","{""agreement_weight"":0.3,""contour_epsilon_max_fraction"":0.03,""contour_minimum_area_fraction"":0.08,""contour_minimum_rectangularity"":0.45,""grabcut_border_fraction"":0.01,""grabcut_iterations"":1,""grabcut_weight"":0.25,""minimum_agreement_iou"":0.15}",,,"{""legacy_parameter_set_id"":""56ae8fdbf618"",""parameter_grid_ordinal"":4,""parameter_grid_sha256"":""717943d85883a7f143d1154c18bf09c3cc8a53a5a42f414d6d9a2e41157b61a7"",""parameter_identity_schema_version"":""1"",""parameter_identity_sha256"":""7c79934fd7db7b8c7211ef8d72125cebab3cd21d349a08e5d790ef5768798e63"",""parameter_schema_version"":""1"",""parameter_set_equivalence_family_id"":""56ae8fdbf618"",""parameter_set_equivalence_family_sha256"":""56ae8fdbf6180f15a45e72f51932bc0924d07ad8a532b886ac654f44e804b36f"",""parameter_set_equivalence_family_size"":1,""parameter_set_id"":""56ae8fdbf618"",""parameters"":{""agreement_weight"":0.3,""contour_epsilon_max_fraction"":0.03,""contour_minimum_area_fraction"":0.08,""contour_minimum_rectangularity"":0.45,""grabcut_border_fraction"":0.01,""grabcut_iterations"":1,""grabcut_weight"":0.25,""minimum_agreement_iou"":0.15},""profile"":null,""rank"":6,""reference_roles"":[],""requested_search_member"":true,""run_id"":""run-20260902-194420"",""search_observation"":{""completion_index"":5,""elapsed_seconds"":41.85280279396102,""parameter_set_number"":5,""search_fraction"":0.5},""search_rank"":5,""search_space_member"":true,""summary"":{""elapsed_ms_total"":11777.276,""failure_count"":0,""mean_edge_error_px"":34.8,""mean_iou"":0.87682013,""mean_iou_success"":0.87682013,""minimum_iou"":0.75890607,""page_count"":5,""stddev_iou"":0.07335619,""success_count"":5,""wall_ms"":11777.795}}","{""approved_bbox"":[15,28,1074,970],""candidate"":{""authors"":null,""bbox"":[140,44,1037,888],""confidence"":0.689888,""corners"":[[140.0,44.0],[1036.0,223.0],[1021.0,886.0],[424.0,887.0]],""detector_name"":"""",""diagnostics"":{""agreement_iou"":0.70289934,""contour_corners"":[[140.0,44.0],[1036.0,223.0],[1021.0,886.0],[424.0,887.0]],""contour_reason"":null,""contour_score"":0.662027,""contour_status"":""ok"",""fusion_mode"":""contour_generated_grabcut_validated"",""grabcut_corners"":[[1070.9998779296875,967.9998779296875],[386.0,967.9998779296875],[386.0,147.0],[1070.9998779296875,147.0]],""grabcut_reason"":null,""grabcut_score"":0.724424,""grabcut_status"":""ok"",""parameters"":{""agreement_weight"":0.3,""contour_epsilon_max_fraction"":0.03,""contour_minimum_area_fraction"":0.08,""contour_minimum_rectangularity"":0.45,""contour_weight"":0.45,""grabcut_border_fraction"":0.01,""grabcut_erosion_kernel_fraction"":0.015,""grabcut_iterations"":1,""grabcut_weight"":0.25,""minimum_agreement_iou"":0.15,""require_grabcut"":false},""reason"":""accepted"",""selected_geometry"":""contour_quad""},""foundation"":null,""method"":""contour_grabcut"",""origin"":"""",""repository"":"""",""score"":0.689888,""status"":""ok"",""version"":""""},""edge_error_maximum_px"":125,""edge_error_mean_px"":65.0,""edge_errors"":{""bottom"":82,""left"":125,""maximum"":125,""mean"":65.0,""right"":37,""top"":16},""elapsed_ms"":7202.459,""global_ordinal"":6,""iou"":0.75890607,""label"":""title_or_index_sheet"",""layout_type"":""single_page"",""predicted_bbox"":[140,44,1037,888],""status"":""ok""}"
run-20260902-194420,56ae8fdbf618,56ae8fdbf6180f15a45e72f51932bc0924d07ad8a532b886ac654f44e804b36f,1,56ae8fdbf618,7c79934fd7db7b8c7211ef8d72125cebab3cd21d349a08e5d790ef5768798e63,1,717943d85883a7f143d1154c18bf09c3cc8a53a5a42f414d6d9a2e41157b61a7,4,,6,5,1,1,[],{},5,41.85280279396102,0.5,9,clean_two_page_spread,two_page_spread,ok,0.96377596,11,5,18,3,9.25,18,855.273,"[84, 51, 1101, 941]","[73, 56, 1119, 938]","{""agreement_weight"":0.3,""contour_epsilon_max_fraction"":0.03,""contour_minimum_area_fraction"":0.08,""contour_minimum_rectangularity"":0.45,""grabcut_border_fraction"":0.01,""grabcut_iterations"":1,""grabcut_weight"":0.25,""minimum_agreement_iou"":0.15}",,,"{""legacy_parameter_set_id"":""56ae8fdbf618"",""parameter_grid_ordinal"":4,""parameter_grid_sha256"":""717943d85883a7f143d1154c18bf09c3cc8a53a5a42f414d6d9a2e41157b61a7"",""parameter_identity_schema_version"":""1"",""parameter_identity_sha256"":""7c79934fd7db7b8c7211ef8d72125cebab3cd21d349a08e5d790ef5768798e63"",""parameter_schema_version"":""1"",""parameter_set_equivalence_family_id"":""56ae8fdbf618"",""parameter_set_equivalence_family_sha256"":""56ae8fdbf6180f15a45e72f51932bc0924d07ad8a532b886ac654f44e804b36f"",""parameter_set_equivalence_family_size"":1,""parameter_set_id"":""56ae8fdbf618"",""parameters"":{""agreement_weight"":0.3,""contour_epsilon_max_fraction"":0.03,""contour_minimum_area_fraction"":0.08,""contour_minimum_rectangularity"":0.45,""grabcut_border_fraction"":0.01,""grabcut_iterations"":1,""grabcut_weight"":0.25,""minimum_agreement_iou"":0.15},""profile"":null,""rank"":6,""reference_roles"":[],""requested_search_member"":true,""run_id"":""run-20260902-194420"",""search_observation"":{""completion_index"":5,""elapsed_seconds"":41.85280279396102,""parameter_set_number"":5,""search_fraction"":0.5},""search_rank"":5,""search_space_member"":true,""summary"":{""elapsed_ms_total"":11777.276,""failure_count"":0,""mean_edge_error_px"":34.8,""mean_iou"":0.87682013,""mean_iou_success"":0.87682013,""minimum_iou"":0.75890607,""page_count"":5,""stddev_iou"":0.07335619,""success_count"":5,""wall_ms"":11777.795}}","{""approved_bbox"":[84,51,1101,941],""candidate"":{""authors"":null,""bbox"":[73,56,1119,938],""confidence"":0.9399,""corners"":[[77.0,56.0],[1115.0,56.0],[1118.0,937.0],[73.0,932.0]],""detector_name"":"""",""diagnostics"":{""agreement_iou"":0.99658013,""contour_corners"":[[77.0,56.0],[1115.0,56.0],[1118.0,937.0],[73.0,932.0]],""contour_reason"":null,""contour_score"":0.879702,""contour_status"":""ok"",""fusion_mode"":""contour_generated_grabcut_validated"",""grabcut_corners"":[[1117.0,58.0],[77.0,55.0],[72.0,933.0],[1119.0,937.0]],""grabcut_reason"":null,""grabcut_score"":0.98024,""grabcut_status"":""ok"",""parameters"":{""agreement_weight"":0.3,""contour_epsilon_max_fraction"":0.03,""contour_minimum_area_fraction"":0.08,""contour_minimum_rectangularity"":0.45,""contour_weight"":0.45,""grabcut_border_fraction"":0.01,""grabcut_erosion_kernel_fraction"":0.015,""grabcut_iterations"":1,""grabcut_weight"":0.25,""minimum_agreement_iou"":0.15,""require_grabcut"":false},""reason"":""accepted"",""selected_geometry"":""contour_quad""},""foundation"":null,""method"":""contour_grabcut"",""origin"":"""",""repository"":"""",""score"":0.9399,""status"":""ok"",""version"":""""},""edge_error_maximum_px"":18,""edge_error_mean_px"":9.25,""edge_errors"":{""bottom"":3,""left"":11,""maximum"":18,""mean"":9.25,""right"":18,""top"":5},""elapsed_ms"":855.273,""global_ordinal"":9,""iou"":0.96377596,""label"":""clean_two_page_spread"",""layout_type"":""two_page_spread"",""predicted_bbox"":[73,56,1119,938],""status"":""ok""}"
run-20260902-194420,56ae8fdbf618,56ae8fdbf6180f15a45e72f51932bc0924d07ad8a532b886ac654f44e804b36f,1,56ae8fdbf618,7c79934fd7db7b8c7211ef8d72125cebab3cd21d349a08e5d790ef5768798e63,1,717943d85883a7f143d1154c18bf09c3cc8a53a5a42f414d6d9a2e41157b61a7,4,,6,5,1,1,[],{},5,41.85280279396102,0.5,10,clean_two_page_spread_2,two_page_spread,ok,0.94540817,7,11,18,20,14.0,20,738.363,"[88, 33, 1154, 968]","[81, 44, 1172, 948]","{""agreement_weight"":0.3,""contour_epsilon_max_fraction"":0.03,""contour_minimum_area_fraction"":0.08,""contour_minimum_rectangularity"":0.45,""grabcut_border_fraction"":0.01,""grabcut_iterations"":1,""grabcut_weight"":0.25,""minimum_agreement_iou"":0.15}",,,"{""legacy_parameter_set_id"":""56ae8fdbf618"",""parameter_grid_ordinal"":4,""parameter_grid_sha256"":""717943d85883a7f143d1154c18bf09c3cc8a53a5a42f414d6d9a2e41157b61a7"",""parameter_identity_schema_version"":""1"",""parameter_identity_sha256"":""7c79934fd7db7b8c7211ef8d72125cebab3cd21d349a08e5d790ef5768798e63"",""parameter_schema_version"":""1"",""parameter_set_equivalence_family_id"":""56ae8fdbf618"",""parameter_set_equivalence_family_sha256"":""56ae8fdbf6180f15a45e72f51932bc0924d07ad8a532b886ac654f44e804b36f"",""parameter_set_equivalence_family_size"":1,""parameter_set_id"":""56ae8fdbf618"",""parameters"":{""agreement_weight"":0.3,""contour_epsilon_max_fraction"":0.03,""contour_minimum_area_fraction"":0.08,""contour_minimum_rectangularity"":0.45,""grabcut_border_fraction"":0.01,""grabcut_iterations"":1,""grabcut_weight"":0.25,""minimum_agreement_iou"":0.15},""profile"":null,""rank"":6,""reference_roles"":[],""requested_search_member"":true,""run_id"":""run-20260902-194420"",""search_observation"":{""completion_index"":5,""elapsed_seconds"":41.85280279396102,""parameter_set_number"":5,""search_fraction"":0.5},""search_rank"":5,""search_space_member"":true,""summary"":{""elapsed_ms_total"":11777.276,""failure_count"":0,""mean_edge_error_px"":34.8,""mean_iou"":0.87682013,""mean_iou_success"":0.87682013,""minimum_iou"":0.75890607,""page_count"":5,""stddev_iou"":0.07335619,""success_count"":5,""wall_ms"":11777.795}}","{""approved_bbox"":[88,33,1154,968],""candidate"":{""authors"":null,""bbox"":[81,44,1172,948],""confidence"":0.918695,""corners"":[[84.0,44.0],[1144.0,44.0],[1171.0,947.0],[81.0,945.0]],""detector_name"":"""",""diagnostics"":{""agreement_iou"":0.96280918,""contour_corners"":[[84.0,44.0],[1144.0,44.0],[1171.0,947.0],[81.0,945.0]],""contour_reason"":null,""contour_score"":0.856308,""contour_status"":""ok"",""fusion_mode"":""contour_generated_grabcut_validated"",""grabcut_corners"":[[77.0,38.0],[78.0,959.0],[1176.0,956.0],[1166.0,35.0]],""grabcut_reason"":null,""grabcut_score"":0.978053,""grabcut_status"":""ok"",""parameters"":{""agreement_weight"":0.3,""contour_epsilon_max_fraction"":0.03,""contour_minimum_area_fraction"":0.08,""contour_minimum_rectangularity"":0.45,""contour_weight"":0.45,""grabcut_border_fraction"":0.01,""grabcut_erosion_kernel_fraction"":0.015,""grabcut_iterations"":1,""grabcut_weight"":0.25,""minimum_agreement_iou"":0.15,""require_grabcut"":false},""reason"":""accepted"",""selected_geometry"":""contour_quad""},""foundation"":null,""method"":""contour_grabcut"",""origin"":"""",""repository"":"""",""score"":0.918695,""status"":""ok"",""version"":""""},""edge_error_maximum_px"":20,""edge_error_mean_px"":14.0,""edge_errors"":{""bottom"":20,""left"":7,""maximum"":20,""mean"":14.0,""right"":18,""top"":11},""elapsed_ms"":738.363,""global_ordinal"":10,""iou"":0.94540817,""label"":""clean_two_page_spread_2"",""layout_type"":""two_page_spread"",""predicted_bbox"":[81,44,1172,948],""status"":""ok""}"
run-20260902-194420,685c6be78fdf,685c6be78fdf42dc083bb9d1017fd2ac2fafccc20c2c089fb0e2b8b24958c2fd,1,685c6be78fdf,904bf39afc173b91e861b795d27d494365d13e00053ab1260fcb39f88ab2e3ac,1,717943d85883a7f143d1154c18bf09c3cc8a53a5a42f414d6d9a2e41157b61a7,5,,7,6,1,1,[],{},7,41.99031353229657,0.7,1,ordinary_two_page_spread,two_page_spread,ok,0.85424412,14,38,93,28,43.25,93,1779.564,"[125, 56, 1289, 967]","[111, 18, 1382, 939]","{""agreement_weight"":0.4,""contour_epsilon_max_fraction"":0.03,""contour_minimum_area_fraction"":0.08,""contour_minimum_rectangularity"":0.45,""grabcut_border_fraction"":0.01,""grabcut_iterations"":1,""grabcut_weight"":0.25,""minimum_agreement_iou"":0.15}",,,"{""legacy_parameter_set_id"":""685c6be78fdf"",""parameter_grid_ordinal"":5,""parameter_grid_sha256"":""717943d85883a7f143d1154c18bf09c3cc8a53a5a42f414d6d9a2e41157b61a7"",""parameter_identity_schema_version"":""1"",""parameter_identity_sha256"":""904bf39afc173b91e861b795d27d494365d13e00053ab1260fcb39f88ab2e3ac"",""parameter_schema_version"":""1"",""parameter_set_equivalence_family_id"":""685c6be78fdf"",""parameter_set_equivalence_family_sha256"":""685c6be78fdf42dc083bb9d1017fd2ac2fafccc20c2c089fb0e2b8b24958c2fd"",""parameter_set_equivalence_family_size"":1,""parameter_set_id"":""685c6be78fdf"",""parameters"":{""agreement_weight"":0.4,""contour_epsilon_max_fraction"":0.03,""contour_minimum_area_fraction"":0.08,""contour_minimum_rectangularity"":0.45,""grabcut_border_fraction"":0.01,""grabcut_iterations"":1,""grabcut_weight"":0.25,""minimum_agreement_iou"":0.15},""profile"":null,""rank"":7,""reference_roles"":[],""requested_search_member"":true,""run_id"":""run-20260902-194420"",""search_observation"":{""completion_index"":7,""elapsed_seconds"":41.99031353229657,""parameter_set_number"":7,""search_fraction"":0.7},""search_rank"":6,""search_space_member"":true,""summary"":{""elapsed_ms_total"":11914.725,""failure_count"":0,""mean_edge_error_px"":34.8,""mean_iou"":0.87682013,""mean_iou_success"":0.87682013,""minimum_iou"":0.75890607,""page_count"":5,""stddev_iou"":0.07335619,""success_count"":5,""wall_ms"":11915.12}}","{""approved_bbox"":[125,56,1289,967],""candidate"":{""authors"":null,""bbox"":[111,18,1382,939],""confidence"":0.847195,""corners"":[[111.0,90.0],[1381.0,18.0],[1257.0,938.0],[235.0,917.0]],""detector_name"":"""",""diagnostics"":{""agreement_iou"":0.84271714,""contour_corners"":[[111.0,90.0],[1381.0,18.0],[1257.0,938.0],[235.0,917.0]],""contour_reason"":null,""contour_score"":0.79374,""contour_status"":""ok"",""fusion_mode"":""contour_generated_grabcut_validated"",""grabcut_corners"":[[82.344482421875,967.158935546875],[80.5924072265625,56.07579803466797],[1287.4630126953125,53.75489044189453],[1289.215087890625,964.8380126953125]],""grabcut_reason"":null,""grabcut_score"":0.95058,""grabcut_status"":""ok"",""parameters"":{""agreement_weight"":0.4,""contour_epsilon_max_fraction"":0.03,""contour_minimum_area_fraction"":0.08,""contour_minimum_rectangularity"":0.45,""contour_weight"":0.45,""grabcut_border_fraction"":0.01,""grabcut_erosion_kernel_fraction"":0.015,""grabcut_iterations"":1,""grabcut_weight"":0.25,""minimum_agreement_iou"":0.15,""require_grabcut"":false},""reason"":""accepted"",""selected_geometry"":""contour_quad""},""foundation"":null,""method"":""contour_grabcut"",""origin"":"""",""repository"":"""",""score"":0.847195,""status"":""ok"",""version"":""""},""edge_error_maximum_px"":93,""edge_error_mean_px"":43.25,""edge_errors"":{""bottom"":28,""left"":14,""maximum"":93,""mean"":43.25,""right"":93,""top"":38},""elapsed_ms"":1779.564,""global_ordinal"":1,""iou"":0.85424412,""label"":""ordinary_two_page_spread"",""layout_type"":""two_page_spread"",""predicted_bbox"":[111,18,1382,939],""status"":""ok""}"
run-20260902-194420,685c6be78fdf,685c6be78fdf42dc083bb9d1017fd2ac2fafccc20c2c089fb0e2b8b24958c2fd,1,685c6be78fdf,904bf39afc173b91e861b795d27d494365d13e00053ab1260fcb39f88ab2e3ac,1,717943d85883a7f143d1154c18bf09c3cc8a53a5a42f414d6d9a2e41157b61a7,5,,7,6,1,1,[],{},7,41.99031353229657,0.7,5,damaged_partial_register_spread,two_page_spread,ok,0.86176634,52,7,83,28,42.5,83,1207.004,"[67, 8, 1233, 977]","[119, 15, 1316, 949]","{""agreement_weight"":0.4,""contour_epsilon_max_fraction"":0.03,""contour_minimum_area_fraction"":0.08,""contour_minimum_rectangularity"":0.45,""grabcut_border_fraction"":0.01,""grabcut_iterations"":1,""grabcut_weight"":0.25,""minimum_agreement_iou"":0.15}",,,"{""legacy_parameter_set_id"":""685c6be78fdf"",""parameter_grid_ordinal"":5,""parameter_grid_sha256"":""717943d85883a7f143d1154c18bf09c3cc8a53a5a42f414d6d9a2e41157b61a7"",""parameter_identity_schema_version"":""1"",""parameter_identity_sha256"":""904bf39afc173b91e861b795d27d494365d13e00053ab1260fcb39f88ab2e3ac"",""parameter_schema_version"":""1"",""parameter_set_equivalence_family_id"":""685c6be78fdf"",""parameter_set_equivalence_family_sha256"":""685c6be78fdf42dc083bb9d1017fd2ac2fafccc20c2c089fb0e2b8b24958c2fd"",""parameter_set_equivalence_family_size"":1,""parameter_set_id"":""685c6be78fdf"",""parameters"":{""agreement_weight"":0.4,""contour_epsilon_max_fraction"":0.03,""contour_minimum_area_fraction"":0.08,""contour_minimum_rectangularity"":0.45,""grabcut_border_fraction"":0.01,""grabcut_iterations"":1,""grabcut_weight"":0.25,""minimum_agreement_iou"":0.15},""profile"":null,""rank"":7,""reference_roles"":[],""requested_search_member"":true,""run_id"":""run-20260902-194420"",""search_observation"":{""completion_index"":7,""elapsed_seconds"":41.99031353229657,""parameter_set_number"":7,""search_fraction"":0.7},""search_rank"":6,""search_space_member"":true,""summary"":{""elapsed_ms_total"":11914.725,""failure_count"":0,""mean_edge_error_px"":34.8,""mean_iou"":0.87682013,""mean_iou_success"":0.87682013,""minimum_iou"":0.75890607,""page_count"":5,""stddev_iou"":0.07335619,""success_count"":5,""wall_ms"":11915.12}}","{""approved_bbox"":[67,8,1233,977],""candidate"":{""authors"":null,""bbox"":[119,15,1316,949],""confidence"":0.725207,""corners"":[[119.0,36.0],[1315.0,15.0],[739.0,948.0],[137.0,771.0]],""detector_name"":"""",""diagnostics"":{""agreement_iou"":0.59892017,""contour_corners"":[[119.0,36.0],[1315.0,15.0],[739.0,948.0],[137.0,771.0]],""contour_reason"":null,""contour_score"":0.749072,""contour_status"":""ok"",""fusion_mode"":""contour_generated_grabcut_validated"",""grabcut_corners"":[[109.5531005859375,973.5368041992188],[107.83270263671875,17.005699157714844],[753.99072265625,15.843544006347656],[755.7111206054688,972.3746948242188]],""grabcut_reason"":null,""grabcut_score"":0.884309,""grabcut_status"":""ok"",""parameters"":{""agreement_weight"":0.4,""contour_epsilon_max_fraction"":0.03,""contour_minimum_area_fraction"":0.08,""contour_minimum_rectangularity"":0.45,""contour_weight"":0.45,""grabcut_border_fraction"":0.01,""grabcut_erosion_kernel_fraction"":0.015,""grabcut_iterations"":1,""grabcut_weight"":0.25,""minimum_agreement_iou"":0.15,""require_grabcut"":false},""reason"":""accepted"",""selected_geometry"":""contour_quad""},""foundation"":null,""method"":""contour_grabcut"",""origin"":"""",""repository"":"""",""score"":0.725207,""status"":""ok"",""version"":""""},""edge_error_maximum_px"":83,""edge_error_mean_px"":42.5,""edge_errors"":{""bottom"":28,""left"":52,""maximum"":83,""mean"":42.5,""right"":83,""top"":7},""elapsed_ms"":1207.004,""global_ordinal"":5,""iou"":0.86176634,""label"":""damaged_partial_register_spread"",""layout_type"":""two_page_spread"",""predicted_bbox"":[119,15,1316,949],""status"":""ok""}"
run-20260902-194420,685c6be78fdf,685c6be78fdf42dc083bb9d1017fd2ac2fafccc20c2c089fb0e2b8b24958c2fd,1,685c6be78fdf,904bf39afc173b91e861b795d27d494365d13e00053ab1260fcb39f88ab2e3ac,1,717943d85883a7f143d1154c18bf09c3cc8a53a5a42f414d6d9a2e41157b61a7,5,,7,6,1,1,[],{},7,41.99031353229657,0.7,6,title_or_index_sheet,single_page,ok,0.75890607,125,16,37,82,65.0,125,7387.325,"[15, 28, 1074, 970]","[140, 44, 1037, 888]","{""agreement_weight"":0.4,""contour_epsilon_max_fraction"":0.03,""contour_minimum_area_fraction"":0.08,""contour_minimum_rectangularity"":0.45,""grabcut_border_fraction"":0.01,""grabcut_iterations"":1,""grabcut_weight"":0.25,""minimum_agreement_iou"":0.15}",,,"{""legacy_parameter_set_id"":""685c6be78fdf"",""parameter_grid_ordinal"":5,""parameter_grid_sha256"":""717943d85883a7f143d1154c18bf09c3cc8a53a5a42f414d6d9a2e41157b61a7"",""parameter_identity_schema_version"":""1"",""parameter_identity_sha256"":""904bf39afc173b91e861b795d27d494365d13e00053ab1260fcb39f88ab2e3ac"",""parameter_schema_version"":""1"",""parameter_set_equivalence_family_id"":""685c6be78fdf"",""parameter_set_equivalence_family_sha256"":""685c6be78fdf42dc083bb9d1017fd2ac2fafccc20c2c089fb0e2b8b24958c2fd"",""parameter_set_equivalence_family_size"":1,""parameter_set_id"":""685c6be78fdf"",""parameters"":{""agreement_weight"":0.4,""contour_epsilon_max_fraction"":0.03,""contour_minimum_area_fraction"":0.08,""contour_minimum_rectangularity"":0.45,""grabcut_border_fraction"":0.01,""grabcut_iterations"":1,""grabcut_weight"":0.25,""minimum_agreement_iou"":0.15},""profile"":null,""rank"":7,""reference_roles"":[],""requested_search_member"":true,""run_id"":""run-20260902-194420"",""search_observation"":{""completion_index"":7,""elapsed_seconds"":41.99031353229657,""parameter_set_number"":7,""search_fraction"":0.7},""search_rank"":6,""search_space_member"":true,""summary"":{""elapsed_ms_total"":11914.725,""failure_count"":0,""mean_edge_error_px"":34.8,""mean_iou"":0.87682013,""mean_iou_success"":0.87682013,""minimum_iou"":0.75890607,""page_count"":5,""stddev_iou"":0.07335619,""success_count"":5,""wall_ms"":11915.12}}","{""approved_bbox"":[15,28,1074,970],""candidate"":{""authors"":null,""bbox"":[140,44,1037,888],""confidence"":0.691071,""corners"":[[140.0,44.0],[1036.0,223.0],[1021.0,886.0],[424.0,887.0]],""detector_name"":"""",""diagnostics"":{""agreement_iou"":0.70289934,""contour_corners"":[[140.0,44.0],[1036.0,223.0],[1021.0,886.0],[424.0,887.0]],""contour_reason"":null,""contour_score"":0.662027,""contour_status"":""ok"",""fusion_mode"":""contour_generated_grabcut_validated"",""grabcut_corners"":[[1070.9998779296875,967.9998779296875],[386.0,967.9998779296875],[386.0,147.0],[1070.9998779296875,147.0]],""grabcut_reason"":null,""grabcut_score"":0.724424,""grabcut_status"":""ok"",""parameters"":{""agreement_weight"":0.4,""contour_epsilon_max_fraction"":0.03,""contour_minimum_area_fraction"":0.08,""contour_minimum_rectangularity"":0.45,""contour_weight"":0.45,""grabcut_border_fraction"":0.01,""grabcut_erosion_kernel_fraction"":0.015,""grabcut_iterations"":1,""grabcut_weight"":0.25,""minimum_agreement_iou"":0.15,""require_grabcut"":false},""reason"":""accepted"",""selected_geometry"":""contour_quad""},""foundation"":null,""method"":""contour_grabcut"",""origin"":"""",""repository"":"""",""score"":0.691071,""status"":""ok"",""version"":""""},""edge_error_maximum_px"":125,""edge_error_mean_px"":65.0,""edge_errors"":{""bottom"":82,""left"":125,""maximum"":125,""mean"":65.0,""right"":37,""top"":16},""elapsed_ms"":7387.325,""global_ordinal"":6,""iou"":0.75890607,""label"":""title_or_index_sheet"",""layout_type"":""single_page"",""predicted_bbox"":[140,44,1037,888],""status"":""ok""}"
run-20260902-194420,685c6be78fdf,685c6be78fdf42dc083bb9d1017fd2ac2fafccc20c2c089fb0e2b8b24958c2fd,1,685c6be78fdf,904bf39afc173b91e861b795d27d494365d13e00053ab1260fcb39f88ab2e3ac,1,717943d85883a7f143d1154c18bf09c3cc8a53a5a42f414d6d9a2e41157b61a7,5,,7,6,1,1,[],{},7,41.99031353229657,0.7,9,clean_two_page_spread,two_page_spread,ok,0.96377596,11,5,18,3,9.25,18,845.909,"[84, 51, 1101, 941]","[73, 56, 1119, 938]","{""agreement_weight"":0.4,""contour_epsilon_max_fraction"":0.03,""contour_minimum_area_fraction"":0.08,""contour_minimum_rectangularity"":0.45,""grabcut_border_fraction"":0.01,""grabcut_iterations"":1,""grabcut_weight"":0.25,""minimum_agreement_iou"":0.15}",,,"{""legacy_parameter_set_id"":""685c6be78fdf"",""parameter_grid_ordinal"":5,""parameter_grid_sha256"":""717943d85883a7f143d1154c18bf09c3cc8a53a5a42f414d6d9a2e41157b61a7"",""parameter_identity_schema_version"":""1"",""parameter_identity_sha256"":""904bf39afc173b91e861b795d27d494365d13e00053ab1260fcb39f88ab2e3ac"",""parameter_schema_version"":""1"",""parameter_set_equivalence_family_id"":""685c6be78fdf"",""parameter_set_equivalence_family_sha256"":""685c6be78fdf42dc083bb9d1017fd2ac2fafccc20c2c089fb0e2b8b24958c2fd"",""parameter_set_equivalence_family_size"":1,""parameter_set_id"":""685c6be78fdf"",""parameters"":{""agreement_weight"":0.4,""contour_epsilon_max_fraction"":0.03,""contour_minimum_area_fraction"":0.08,""contour_minimum_rectangularity"":0.45,""grabcut_border_fraction"":0.01,""grabcut_iterations"":1,""grabcut_weight"":0.25,""minimum_agreement_iou"":0.15},""profile"":null,""rank"":7,""reference_roles"":[],""requested_search_member"":true,""run_id"":""run-20260902-194420"",""search_observation"":{""completion_index"":7,""elapsed_seconds"":41.99031353229657,""parameter_set_number"":7,""search_fraction"":0.7},""search_rank"":6,""search_space_member"":true,""summary"":{""elapsed_ms_total"":11914.725,""failure_count"":0,""mean_edge_error_px"":34.8,""mean_iou"":0.87682013,""mean_iou_success"":0.87682013,""minimum_iou"":0.75890607,""page_count"":5,""stddev_iou"":0.07335619,""success_count"":5,""wall_ms"":11915.12}}","{""approved_bbox"":[84,51,1101,941],""candidate"":{""authors"":null,""bbox"":[73,56,1119,938],""confidence"":0.945053,""corners"":[[77.0,56.0],[1115.0,56.0],[1118.0,937.0],[73.0,932.0]],""detector_name"":"""",""diagnostics"":{""agreement_iou"":0.99658013,""contour_corners"":[[77.0,56.0],[1115.0,56.0],[1118.0,937.0],[73.0,932.0]],""contour_reason"":null,""contour_score"":0.879702,""contour_status"":""ok"",""fusion_mode"":""contour_generated_grabcut_validated"",""grabcut_corners"":[[1117.0,58.0],[77.0,55.0],[72.0,933.0],[1119.0,937.0]],""grabcut_reason"":null,""grabcut_score"":0.98024,""grabcut_status"":""ok"",""parameters"":{""agreement_weight"":0.4,""contour_epsilon_max_fraction"":0.03,""contour_minimum_area_fraction"":0.08,""contour_minimum_rectangularity"":0.45,""contour_weight"":0.45,""grabcut_border_fraction"":0.01,""grabcut_erosion_kernel_fraction"":0.015,""grabcut_iterations"":1,""grabcut_weight"":0.25,""minimum_agreement_iou"":0.15,""require_grabcut"":false},""reason"":""accepted"",""selected_geometry"":""contour_quad""},""foundation"":null,""method"":""contour_grabcut"",""origin"":"""",""repository"":"""",""score"":0.945053,""status"":""ok"",""version"":""""},""edge_error_maximum_px"":18,""edge_error_mean_px"":9.25,""edge_errors"":{""bottom"":3,""left"":11,""maximum"":18,""mean"":9.25,""right"":18,""top"":5},""elapsed_ms"":845.909,""global_ordinal"":9,""iou"":0.96377596,""label"":""clean_two_page_spread"",""layout_type"":""two_page_spread"",""predicted_bbox"":[73,56,1119,938],""status"":""ok""}"
run-20260902-194420,685c6be78fdf,685c6be78fdf42dc083bb9d1017fd2ac2fafccc20c2c089fb0e2b8b24958c2fd,1,685c6be78fdf,904bf39afc173b91e861b795d27d494365d13e00053ab1260fcb39f88ab2e3ac,1,717943d85883a7f143d1154c18bf09c3cc8a53a5a42f414d6d9a2e41157b61a7,5,,7,6,1,1,[],{},7,41.99031353229657,0.7,10,clean_two_page_spread_2,two_page_spread,ok,0.94540817,7,11,18,20,14.0,20,694.923,"[88, 33, 1154, 968]","[81, 44, 1172, 948]","{""agreement_weight"":0.4,""contour_epsilon_max_fraction"":0.03,""contour_minimum_area_fraction"":0.08,""contour_minimum_rectangularity"":0.45,""grabcut_border_fraction"":0.01,""grabcut_iterations"":1,""grabcut_weight"":0.25,""minimum_agreement_iou"":0.15}",,,"{""legacy_parameter_set_id"":""685c6be78fdf"",""parameter_grid_ordinal"":5,""parameter_grid_sha256"":""717943d85883a7f143d1154c18bf09c3cc8a53a5a42f414d6d9a2e41157b61a7"",""parameter_identity_schema_version"":""1"",""parameter_identity_sha256"":""904bf39afc173b91e861b795d27d494365d13e00053ab1260fcb39f88ab2e3ac"",""parameter_schema_version"":""1"",""parameter_set_equivalence_family_id"":""685c6be78fdf"",""parameter_set_equivalence_family_sha256"":""685c6be78fdf42dc083bb9d1017fd2ac2fafccc20c2c089fb0e2b8b24958c2fd"",""parameter_set_equivalence_family_size"":1,""parameter_set_id"":""685c6be78fdf"",""parameters"":{""agreement_weight"":0.4,""contour_epsilon_max_fraction"":0.03,""contour_minimum_area_fraction"":0.08,""contour_minimum_rectangularity"":0.45,""grabcut_border_fraction"":0.01,""grabcut_iterations"":1,""grabcut_weight"":0.25,""minimum_agreement_iou"":0.15},""profile"":null,""rank"":7,""reference_roles"":[],""requested_search_member"":true,""run_id"":""run-20260902-194420"",""search_observation"":{""completion_index"":7,""elapsed_seconds"":41.99031353229657,""parameter_set_number"":7,""search_fraction"":0.7},""search_rank"":6,""search_space_member"":true,""summary"":{""elapsed_ms_total"":11914.725,""failure_count"":0,""mean_edge_error_px"":34.8,""mean_iou"":0.87682013,""mean_iou_success"":0.87682013,""minimum_iou"":0.75890607,""page_count"":5,""stddev_iou"":0.07335619,""success_count"":5,""wall_ms"":11915.12}}","{""approved_bbox"":[88,33,1154,968],""candidate"":{""authors"":null,""bbox"":[81,44,1172,948],""confidence"":0.922705,""corners"":[[84.0,44.0],[1144.0,44.0],[1171.0,947.0],[81.0,945.0]],""detector_name"":"""",""diagnostics"":{""agreement_iou"":0.96280918,""contour_corners"":[[84.0,44.0],[1144.0,44.0],[1171.0,947.0],[81.0,945.0]],""contour_reason"":null,""contour_score"":0.856308,""contour_status"":""ok"",""fusion_mode"":""contour_generated_grabcut_validated"",""grabcut_corners"":[[77.0,38.0],[78.0,959.0],[1176.0,956.0],[1166.0,35.0]],""grabcut_reason"":null,""grabcut_score"":0.978053,""grabcut_status"":""ok"",""parameters"":{""agreement_weight"":0.4,""contour_epsilon_max_fraction"":0.03,""contour_minimum_area_fraction"":0.08,""contour_minimum_rectangularity"":0.45,""contour_weight"":0.45,""grabcut_border_fraction"":0.01,""grabcut_erosion_kernel_fraction"":0.015,""grabcut_iterations"":1,""grabcut_weight"":0.25,""minimum_agreement_iou"":0.15,""require_grabcut"":false},""reason"":""accepted"",""selected_geometry"":""contour_quad""},""foundation"":null,""method"":""contour_grabcut"",""origin"":"""",""repository"":"""",""score"":0.922705,""status"":""ok"",""version"":""""},""edge_error_maximum_px"":20,""edge_error_mean_px"":14.0,""edge_errors"":{""bottom"":20,""left"":7,""maximum"":20,""mean"":14.0,""right"":18,""top"":11},""elapsed_ms"":694.923,""global_ordinal"":10,""iou"":0.94540817,""label"":""clean_two_page_spread_2"",""layout_type"":""two_page_spread"",""predicted_bbox"":[81,44,1172,948],""status"":""ok""}"
run-20260902-194420,11b2195ccfd3,11b2195ccfd39f1a17fc775910fff591e976987174496865ba1a6854558b9fec,1,11b2195ccfd3,1e2972b03a2886bc3627f682e8a32c5f1c1791c52812d33e57632deee5378443,1,717943d85883a7f143d1154c18bf09c3cc8a53a5a42f414d6d9a2e41157b61a7,6,,8,7,1,1,[],{},2,41.81770920101553,0.2,1,ordinary_two_page_spread,two_page_spread,ok,0.85424412,14,38,93,28,43.25,93,1737.714,"[125, 56, 1289, 967]","[111, 18, 1382, 939]","{""agreement_weight"":0.2,""contour_epsilon_max_fraction"":0.03,""contour_minimum_area_fraction"":0.08,""contour_minimum_rectangularity"":0.45,""grabcut_border_fraction"":0.01,""grabcut_iterations"":1,""grabcut_weight"":0.35,""minimum_agreement_iou"":0.15}",,,"{""legacy_parameter_set_id"":""11b2195ccfd3"",""parameter_grid_ordinal"":6,""parameter_grid_sha256"":""717943d85883a7f143d1154c18bf09c3cc8a53a5a42f414d6d9a2e41157b61a7"",""parameter_identity_schema_version"":""1"",""parameter_identity_sha256"":""1e2972b03a2886bc3627f682e8a32c5f1c1791c52812d33e57632deee5378443"",""parameter_schema_version"":""1"",""parameter_set_equivalence_family_id"":""11b2195ccfd3"",""parameter_set_equivalence_family_sha256"":""11b2195ccfd39f1a17fc775910fff591e976987174496865ba1a6854558b9fec"",""parameter_set_equivalence_family_size"":1,""parameter_set_id"":""11b2195ccfd3"",""parameters"":{""agreement_weight"":0.2,""contour_epsilon_max_fraction"":0.03,""contour_minimum_area_fraction"":0.08,""contour_minimum_rectangularity"":0.45,""grabcut_border_fraction"":0.01,""grabcut_iterations"":1,""grabcut_weight"":0.35,""minimum_agreement_iou"":0.15},""profile"":null,""rank"":8,""reference_roles"":[],""requested_search_member"":true,""run_id"":""run-20260902-194420"",""search_observation"":{""completion_index"":2,""elapsed_seconds"":41.81770920101553,""parameter_set_number"":2,""search_fraction"":0.2},""search_rank"":7,""search_space_member"":true,""summary"":{""elapsed_ms_total"":11723.356,""failure_count"":0,""mean_edge_error_px"":34.8,""mean_iou"":0.87682013,""mean_iou_success"":0.87682013,""minimum_iou"":0.75890607,""page_count"":5,""stddev_iou"":0.07335619,""success_count"":5,""wall_ms"":11723.929}}","{""approved_bbox"":[125,56,1289,967],""candidate"":{""authors"":null,""bbox"":[111,18,1382,939],""confidence"":0.858429,""corners"":[[111.0,90.0],[1381.0,18.0],[1257.0,938.0],[235.0,917.0]],""detector_name"":"""",""diagnostics"":{""agreement_iou"":0.84271714,""contour_corners"":[[111.0,90.0],[1381.0,18.0],[1257.0,938.0],[235.0,917.0]],""contour_reason"":null,""contour_score"":0.79374,""contour_status"":""ok"",""fusion_mode"":""contour_generated_grabcut_validated"",""grabcut_corners"":[[82.344482421875,967.158935546875],[80.5924072265625,56.07579803466797],[1287.4630126953125,53.75489044189453],[1289.215087890625,964.8380126953125]],""grabcut_reason"":null,""grabcut_score"":0.95058,""grabcut_status"":""ok"",""parameters"":{""agreement_weight"":0.2,""contour_epsilon_max_fraction"":0.03,""contour_minimum_area_fraction"":0.08,""contour_minimum_rectangularity"":0.45,""contour_weight"":0.45,""grabcut_border_fraction"":0.01,""grabcut_erosion_kernel_fraction"":0.015,""grabcut_iterations"":1,""grabcut_weight"":0.35,""minimum_agreement_iou"":0.15,""require_grabcut"":false},""reason"":""accepted"",""selected_geometry"":""contour_quad""},""foundation"":null,""method"":""contour_grabcut"",""origin"":"""",""repository"":"""",""score"":0.858429,""status"":""ok"",""version"":""""},""edge_error_maximum_px"":93,""edge_error_mean_px"":43.25,""edge_errors"":{""bottom"":28,""left"":14,""maximum"":93,""mean"":43.25,""right"":93,""top"":38},""elapsed_ms"":1737.714,""global_ordinal"":1,""iou"":0.85424412,""label"":""ordinary_two_page_spread"",""layout_type"":""two_page_spread"",""predicted_bbox"":[111,18,1382,939],""status"":""ok""}"
run-20260902-194420,11b2195ccfd3,11b2195ccfd39f1a17fc775910fff591e976987174496865ba1a6854558b9fec,1,11b2195ccfd3,1e2972b03a2886bc3627f682e8a32c5f1c1791c52812d33e57632deee5378443,1,717943d85883a7f143d1154c18bf09c3cc8a53a5a42f414d6d9a2e41157b61a7,6,,8,7,1,1,[],{},2,41.81770920101553,0.2,5,damaged_partial_register_spread,two_page_spread,ok,0.86176634,52,7,83,28,42.5,83,1213.015,"[67, 8, 1233, 977]","[119, 15, 1316, 949]","{""agreement_weight"":0.2,""contour_epsilon_max_fraction"":0.03,""contour_minimum_area_fraction"":0.08,""contour_minimum_rectangularity"":0.45,""grabcut_border_fraction"":0.01,""grabcut_iterations"":1,""grabcut_weight"":0.35,""minimum_agreement_iou"":0.15}",,,"{""legacy_parameter_set_id"":""11b2195ccfd3"",""parameter_grid_ordinal"":6,""parameter_grid_sha256"":""717943d85883a7f143d1154c18bf09c3cc8a53a5a42f414d6d9a2e41157b61a7"",""parameter_identity_schema_version"":""1"",""parameter_identity_sha256"":""1e2972b03a2886bc3627f682e8a32c5f1c1791c52812d33e57632deee5378443"",""parameter_schema_version"":""1"",""parameter_set_equivalence_family_id"":""11b2195ccfd3"",""parameter_set_equivalence_family_sha256"":""11b2195ccfd39f1a17fc775910fff591e976987174496865ba1a6854558b9fec"",""parameter_set_equivalence_family_size"":1,""parameter_set_id"":""11b2195ccfd3"",""parameters"":{""agreement_weight"":0.2,""contour_epsilon_max_fraction"":0.03,""contour_minimum_area_fraction"":0.08,""contour_minimum_rectangularity"":0.45,""grabcut_border_fraction"":0.01,""grabcut_iterations"":1,""grabcut_weight"":0.35,""minimum_agreement_iou"":0.15},""profile"":null,""rank"":8,""reference_roles"":[],""requested_search_member"":true,""run_id"":""run-20260902-194420"",""search_observation"":{""completion_index"":2,""elapsed_seconds"":41.81770920101553,""parameter_set_number"":2,""search_fraction"":0.2},""search_rank"":7,""search_space_member"":true,""summary"":{""elapsed_ms_total"":11723.356,""failure_count"":0,""mean_edge_error_px"":34.8,""mean_iou"":0.87682013,""mean_iou_success"":0.87682013,""minimum_iou"":0.75890607,""page_count"":5,""stddev_iou"":0.07335619,""success_count"":5,""wall_ms"":11723.929}}","{""approved_bbox"":[67,8,1233,977],""candidate"":{""authors"":null,""bbox"":[119,15,1316,949],""confidence"":0.766375,""corners"":[[119.0,36.0],[1315.0,15.0],[739.0,948.0],[137.0,771.0]],""detector_name"":"""",""diagnostics"":{""agreement_iou"":0.59892017,""contour_corners"":[[119.0,36.0],[1315.0,15.0],[739.0,948.0],[137.0,771.0]],""contour_reason"":null,""contour_score"":0.749072,""contour_status"":""ok"",""fusion_mode"":""contour_generated_grabcut_validated"",""grabcut_corners"":[[109.5531005859375,973.5368041992188],[107.83270263671875,17.005699157714844],[753.99072265625,15.843544006347656],[755.7111206054688,972.3746948242188]],""grabcut_reason"":null,""grabcut_score"":0.884309,""grabcut_status"":""ok"",""parameters"":{""agreement_weight"":0.2,""contour_epsilon_max_fraction"":0.03,""contour_minimum_area_fraction"":0.08,""contour_minimum_rectangularity"":0.45,""contour_weight"":0.45,""grabcut_border_fraction"":0.01,""grabcut_erosion_kernel_fraction"":0.015,""grabcut_iterations"":1,""grabcut_weight"":0.35,""minimum_agreement_iou"":0.15,""require_grabcut"":false},""reason"":""accepted"",""selected_geometry"":""contour_quad""},""foundation"":null,""method"":""contour_grabcut"",""origin"":"""",""repository"":"""",""score"":0.766375,""status"":""ok"",""version"":""""},""edge_error_maximum_px"":83,""edge_error_mean_px"":42.5,""edge_errors"":{""bottom"":28,""left"":52,""maximum"":83,""mean"":42.5,""right"":83,""top"":7},""elapsed_ms"":1213.015,""global_ordinal"":5,""iou"":0.86176634,""label"":""damaged_partial_register_spread"",""layout_type"":""two_page_spread"",""predicted_bbox"":[119,15,1316,949],""status"":""ok""}"
run-20260902-194420,11b2195ccfd3,11b2195ccfd39f1a17fc775910fff591e976987174496865ba1a6854558b9fec,1,11b2195ccfd3,1e2972b03a2886bc3627f682e8a32c5f1c1791c52812d33e57632deee5378443,1,717943d85883a7f143d1154c18bf09c3cc8a53a5a42f414d6d9a2e41157b61a7,6,,8,7,1,1,[],{},2,41.81770920101553,0.2,6,title_or_index_sheet,single_page,ok,0.75890607,125,16,37,82,65.0,125,7186.091,"[15, 28, 1074, 970]","[140, 44, 1037, 888]","{""agreement_weight"":0.2,""contour_epsilon_max_fraction"":0.03,""contour_minimum_area_fraction"":0.08,""contour_minimum_rectangularity"":0.45,""grabcut_border_fraction"":0.01,""grabcut_iterations"":1,""grabcut_weight"":0.35,""minimum_agreement_iou"":0.15}",,,"{""legacy_parameter_set_id"":""11b2195ccfd3"",""parameter_grid_ordinal"":6,""parameter_grid_sha256"":""717943d85883a7f143d1154c18bf09c3cc8a53a5a42f414d6d9a2e41157b61a7"",""parameter_identity_schema_version"":""1"",""parameter_identity_sha256"":""1e2972b03a2886bc3627f682e8a32c5f1c1791c52812d33e57632deee5378443"",""parameter_schema_version"":""1"",""parameter_set_equivalence_family_id"":""11b2195ccfd3"",""parameter_set_equivalence_family_sha256"":""11b2195ccfd39f1a17fc775910fff591e976987174496865ba1a6854558b9fec"",""parameter_set_equivalence_family_size"":1,""parameter_set_id"":""11b2195ccfd3"",""parameters"":{""agreement_weight"":0.2,""contour_epsilon_max_fraction"":0.03,""contour_minimum_area_fraction"":0.08,""contour_minimum_rectangularity"":0.45,""grabcut_border_fraction"":0.01,""grabcut_iterations"":1,""grabcut_weight"":0.35,""minimum_agreement_iou"":0.15},""profile"":null,""rank"":8,""reference_roles"":[],""requested_search_member"":true,""run_id"":""run-20260902-194420"",""search_observation"":{""completion_index"":2,""elapsed_seconds"":41.81770920101553,""parameter_set_number"":2,""search_fraction"":0.2},""search_rank"":7,""search_space_member"":true,""summary"":{""elapsed_ms_total"":11723.356,""failure_count"":0,""mean_edge_error_px"":34.8,""mean_iou"":0.87682013,""mean_iou_success"":0.87682013,""minimum_iou"":0.75890607,""page_count"":5,""stddev_iou"":0.07335619,""success_count"":5,""wall_ms"":11723.929}}","{""approved_bbox"":[15,28,1074,970],""candidate"":{""authors"":null,""bbox"":[140,44,1037,888],""confidence"":0.69204,""corners"":[[140.0,44.0],[1036.0,223.0],[1021.0,886.0],[424.0,887.0]],""detector_name"":"""",""diagnostics"":{""agreement_iou"":0.70289934,""contour_corners"":[[140.0,44.0],[1036.0,223.0],[1021.0,886.0],[424.0,887.0]],""contour_reason"":null,""contour_score"":0.662027,""contour_status"":""ok"",""fusion_mode"":""contour_generated_grabcut_validated"",""grabcut_corners"":[[1070.9998779296875,967.9998779296875],[386.0,967.9998779296875],[386.0,147.0],[1070.9998779296875,147.0]],""grabcut_reason"":null,""grabcut_score"":0.724424,""grabcut_status"":""ok"",""parameters"":{""agreement_weight"":0.2,""contour_epsilon_max_fraction"":0.03,""contour_minimum_area_fraction"":0.08,""contour_minimum_rectangularity"":0.45,""contour_weight"":0.45,""grabcut_border_fraction"":0.01,""grabcut_erosion_kernel_fraction"":0.015,""grabcut_iterations"":1,""grabcut_weight"":0.35,""minimum_agreement_iou"":0.15,""require_grabcut"":false},""reason"":""accepted"",""selected_geometry"":""contour_quad""},""foundation"":null,""method"":""contour_grabcut"",""origin"":"""",""repository"":"""",""score"":0.69204,""status"":""ok"",""version"":""""},""edge_error_maximum_px"":125,""edge_error_mean_px"":65.0,""edge_errors"":{""bottom"":82,""left"":125,""maximum"":125,""mean"":65.0,""right"":37,""top"":16},""elapsed_ms"":7186.091,""global_ordinal"":6,""iou"":0.75890607,""label"":""title_or_index_sheet"",""layout_type"":""single_page"",""predicted_bbox"":[140,44,1037,888],""status"":""ok""}"
run-20260902-194420,11b2195ccfd3,11b2195ccfd39f1a17fc775910fff591e976987174496865ba1a6854558b9fec,1,11b2195ccfd3,1e2972b03a2886bc3627f682e8a32c5f1c1791c52812d33e57632deee5378443,1,717943d85883a7f143d1154c18bf09c3cc8a53a5a42f414d6d9a2e41157b61a7,6,,8,7,1,1,[],{},2,41.81770920101553,0.2,9,clean_two_page_spread,two_page_spread,ok,0.96377596,11,5,18,3,9.25,18,855.567,"[84, 51, 1101, 941]","[73, 56, 1119, 938]","{""agreement_weight"":0.2,""contour_epsilon_max_fraction"":0.03,""contour_minimum_area_fraction"":0.08,""contour_minimum_rectangularity"":0.45,""grabcut_border_fraction"":0.01,""grabcut_iterations"":1,""grabcut_weight"":0.35,""minimum_agreement_iou"":0.15}",,,"{""legacy_parameter_set_id"":""11b2195ccfd3"",""parameter_grid_ordinal"":6,""parameter_grid_sha256"":""717943d85883a7f143d1154c18bf09c3cc8a53a5a42f414d6d9a2e41157b61a7"",""parameter_identity_schema_version"":""1"",""parameter_identity_sha256"":""1e2972b03a2886bc3627f682e8a32c5f1c1791c52812d33e57632deee5378443"",""parameter_schema_version"":""1"",""parameter_set_equivalence_family_id"":""11b2195ccfd3"",""parameter_set_equivalence_family_sha256"":""11b2195ccfd39f1a17fc775910fff591e976987174496865ba1a6854558b9fec"",""parameter_set_equivalence_family_size"":1,""parameter_set_id"":""11b2195ccfd3"",""parameters"":{""agreement_weight"":0.2,""contour_epsilon_max_fraction"":0.03,""contour_minimum_area_fraction"":0.08,""contour_minimum_rectangularity"":0.45,""grabcut_border_fraction"":0.01,""grabcut_iterations"":1,""grabcut_weight"":0.35,""minimum_agreement_iou"":0.15},""profile"":null,""rank"":8,""reference_roles"":[],""requested_search_member"":true,""run_id"":""run-20260902-194420"",""search_observation"":{""completion_index"":2,""elapsed_seconds"":41.81770920101553,""parameter_set_number"":2,""search_fraction"":0.2},""search_rank"":7,""search_space_member"":true,""summary"":{""elapsed_ms_total"":11723.356,""failure_count"":0,""mean_edge_error_px"":34.8,""mean_iou"":0.87682013,""mean_iou_success"":0.87682013,""minimum_iou"":0.75890607,""page_count"":5,""stddev_iou"":0.07335619,""success_count"":5,""wall_ms"":11723.929}}","{""approved_bbox"":[84,51,1101,941],""candidate"":{""authors"":null,""bbox"":[73,56,1119,938],""confidence"":0.938266,""corners"":[[77.0,56.0],[1115.0,56.0],[1118.0,937.0],[73.0,932.0]],""detector_name"":"""",""diagnostics"":{""agreement_iou"":0.99658013,""contour_corners"":[[77.0,56.0],[1115.0,56.0],[1118.0,937.0],[73.0,932.0]],""contour_reason"":null,""contour_score"":0.879702,""contour_status"":""ok"",""fusion_mode"":""contour_generated_grabcut_validated"",""grabcut_corners"":[[1117.0,58.0],[77.0,55.0],[72.0,933.0],[1119.0,937.0]],""grabcut_reason"":null,""grabcut_score"":0.98024,""grabcut_status"":""ok"",""parameters"":{""agreement_weight"":0.2,""contour_epsilon_max_fraction"":0.03,""contour_minimum_area_fraction"":0.08,""contour_minimum_rectangularity"":0.45,""contour_weight"":0.45,""grabcut_border_fraction"":0.01,""grabcut_erosion_kernel_fraction"":0.015,""grabcut_iterations"":1,""grabcut_weight"":0.35,""minimum_agreement_iou"":0.15,""require_grabcut"":false},""reason"":""accepted"",""selected_geometry"":""contour_quad""},""foundation"":null,""method"":""contour_grabcut"",""origin"":"""",""repository"":"""",""score"":0.938266,""status"":""ok"",""version"":""""},""edge_error_maximum_px"":18,""edge_error_mean_px"":9.25,""edge_errors"":{""bottom"":3,""left"":11,""maximum"":18,""mean"":9.25,""right"":18,""top"":5},""elapsed_ms"":855.567,""global_ordinal"":9,""iou"":0.96377596,""label"":""clean_two_page_spread"",""layout_type"":""two_page_spread"",""predicted_bbox"":[73,56,1119,938],""status"":""ok""}"
run-20260902-194420,11b2195ccfd3,11b2195ccfd39f1a17fc775910fff591e976987174496865ba1a6854558b9fec,1,11b2195ccfd3,1e2972b03a2886bc3627f682e8a32c5f1c1791c52812d33e57632deee5378443,1,717943d85883a7f143d1154c18bf09c3cc8a53a5a42f414d6d9a2e41157b61a7,6,,8,7,1,1,[],{},2,41.81770920101553,0.2,10,clean_two_page_spread_2,two_page_spread,ok,0.94540817,7,11,18,20,14.0,20,730.969,"[88, 33, 1154, 968]","[81, 44, 1172, 948]","{""agreement_weight"":0.2,""contour_epsilon_max_fraction"":0.03,""contour_minimum_area_fraction"":0.08,""contour_minimum_rectangularity"":0.45,""grabcut_border_fraction"":0.01,""grabcut_iterations"":1,""grabcut_weight"":0.35,""minimum_agreement_iou"":0.15}",,,"{""legacy_parameter_set_id"":""11b2195ccfd3"",""parameter_grid_ordinal"":6,""parameter_grid_sha256"":""717943d85883a7f143d1154c18bf09c3cc8a53a5a42f414d6d9a2e41157b61a7"",""parameter_identity_schema_version"":""1"",""parameter_identity_sha256"":""1e2972b03a2886bc3627f682e8a32c5f1c1791c52812d33e57632deee5378443"",""parameter_schema_version"":""1"",""parameter_set_equivalence_family_id"":""11b2195ccfd3"",""parameter_set_equivalence_family_sha256"":""11b2195ccfd39f1a17fc775910fff591e976987174496865ba1a6854558b9fec"",""parameter_set_equivalence_family_size"":1,""parameter_set_id"":""11b2195ccfd3"",""parameters"":{""agreement_weight"":0.2,""contour_epsilon_max_fraction"":0.03,""contour_minimum_area_fraction"":0.08,""contour_minimum_rectangularity"":0.45,""grabcut_border_fraction"":0.01,""grabcut_iterations"":1,""grabcut_weight"":0.35,""minimum_agreement_iou"":0.15},""profile"":null,""rank"":8,""reference_roles"":[],""requested_search_member"":true,""run_id"":""run-20260902-194420"",""search_observation"":{""completion_index"":2,""elapsed_seconds"":41.81770920101553,""parameter_set_number"":2,""search_fraction"":0.2},""search_rank"":7,""search_space_member"":true,""summary"":{""elapsed_ms_total"":11723.356,""failure_count"":0,""mean_edge_error_px"":34.8,""mean_iou"":0.87682013,""mean_iou_success"":0.87682013,""minimum_iou"":0.75890607,""page_count"":5,""stddev_iou"":0.07335619,""success_count"":5,""wall_ms"":11723.929}}","{""approved_bbox"":[88,33,1154,968],""candidate"":{""authors"":null,""bbox"":[81,44,1172,948],""confidence"":0.920219,""corners"":[[84.0,44.0],[1144.0,44.0],[1171.0,947.0],[81.0,945.0]],""detector_name"":"""",""diagnostics"":{""agreement_iou"":0.96280918,""contour_corners"":[[84.0,44.0],[1144.0,44.0],[1171.0,947.0],[81.0,945.0]],""contour_reason"":null,""contour_score"":0.856308,""contour_status"":""ok"",""fusion_mode"":""contour_generated_grabcut_validated"",""grabcut_corners"":[[77.0,38.0],[78.0,959.0],[1176.0,956.0],[1166.0,35.0]],""grabcut_reason"":null,""grabcut_score"":0.978053,""grabcut_status"":""ok"",""parameters"":{""agreement_weight"":0.2,""contour_epsilon_max_fraction"":0.03,""contour_minimum_area_fraction"":0.08,""contour_minimum_rectangularity"":0.45,""contour_weight"":0.45,""grabcut_border_fraction"":0.01,""grabcut_erosion_kernel_fraction"":0.015,""grabcut_iterations"":1,""grabcut_weight"":0.35,""minimum_agreement_iou"":0.15,""require_grabcut"":false},""reason"":""accepted"",""selected_geometry"":""contour_quad""},""foundation"":null,""method"":""contour_grabcut"",""origin"":"""",""repository"":"""",""score"":0.920219,""status"":""ok"",""version"":""""},""edge_error_maximum_px"":20,""edge_error_mean_px"":14.0,""edge_errors"":{""bottom"":20,""left"":7,""maximum"":20,""mean"":14.0,""right"":18,""top"":11},""elapsed_ms"":730.969,""global_ordinal"":10,""iou"":0.94540817,""label"":""clean_two_page_spread_2"",""layout_type"":""two_page_spread"",""predicted_bbox"":[81,44,1172,948],""status"":""ok""}"
run-20260902-194420,1e075a921c4e,1e075a921c4e222b90877c2448fc28a78867d9ee910cc85531bf6902ebb02e87,1,1e075a921c4e,982777b07927ddcdbcbd0aa815a1e988d1f436db5aeb6db4b39d5dd7b85bb92a,1,717943d85883a7f143d1154c18bf09c3cc8a53a5a42f414d6d9a2e41157b61a7,7,,9,8,1,1,[],{},10,42.01634466834366,1.0,1,ordinary_two_page_spread,two_page_spread,ok,0.85424412,14,38,93,28,43.25,93,1834.348,"[125, 56, 1289, 967]","[111, 18, 1382, 939]","{""agreement_weight"":0.3,""contour_epsilon_max_fraction"":0.03,""contour_minimum_area_fraction"":0.08,""contour_minimum_rectangularity"":0.45,""grabcut_border_fraction"":0.01,""grabcut_iterations"":1,""grabcut_weight"":0.35,""minimum_agreement_iou"":0.15}",,,"{""legacy_parameter_set_id"":""1e075a921c4e"",""parameter_grid_ordinal"":7,""parameter_grid_sha256"":""717943d85883a7f143d1154c18bf09c3cc8a53a5a42f414d6d9a2e41157b61a7"",""parameter_identity_schema_version"":""1"",""parameter_identity_sha256"":""982777b07927ddcdbcbd0aa815a1e988d1f436db5aeb6db4b39d5dd7b85bb92a"",""parameter_schema_version"":""1"",""parameter_set_equivalence_family_id"":""1e075a921c4e"",""parameter_set_equivalence_family_sha256"":""1e075a921c4e222b90877c2448fc28a78867d9ee910cc85531bf6902ebb02e87"",""parameter_set_equivalence_family_size"":1,""parameter_set_id"":""1e075a921c4e"",""parameters"":{""agreement_weight"":0.3,""contour_epsilon_max_fraction"":0.03,""contour_minimum_area_fraction"":0.08,""contour_minimum_rectangularity"":0.45,""grabcut_border_fraction"":0.01,""grabcut_iterations"":1,""grabcut_weight"":0.35,""minimum_agreement_iou"":0.15},""profile"":null,""rank"":9,""reference_roles"":[],""requested_search_member"":true,""run_id"":""run-20260902-194420"",""search_observation"":{""completion_index"":10,""elapsed_seconds"":42.01634466834366,""parameter_set_number"":10,""search_fraction"":1.0},""search_rank"":8,""search_space_member"":true,""summary"":{""elapsed_ms_total"":11909.066,""failure_count"":0,""mean_edge_error_px"":34.8,""mean_iou"":0.87682013,""mean_iou_success"":0.87682013,""minimum_iou"":0.75890607,""page_count"":5,""stddev_iou"":0.07335619,""success_count"":5,""wall_ms"":11909.489}}","{""approved_bbox"":[125,56,1289,967],""candidate"":{""authors"":null,""bbox"":[111,18,1382,939],""confidence"":0.857001,""corners"":[[111.0,90.0],[1381.0,18.0],[1257.0,938.0],[235.0,917.0]],""detector_name"":"""",""diagnostics"":{""agreement_iou"":0.84271714,""contour_corners"":[[111.0,90.0],[1381.0,18.0],[1257.0,938.0],[235.0,917.0]],""contour_reason"":null,""contour_score"":0.79374,""contour_status"":""ok"",""fusion_mode"":""contour_generated_grabcut_validated"",""grabcut_corners"":[[82.344482421875,967.158935546875],[80.5924072265625,56.07579803466797],[1287.4630126953125,53.75489044189453],[1289.215087890625,964.8380126953125]],""grabcut_reason"":null,""grabcut_score"":0.95058,""grabcut_status"":""ok"",""parameters"":{""agreement_weight"":0.3,""contour_epsilon_max_fraction"":0.03,""contour_minimum_area_fraction"":0.08,""contour_minimum_rectangularity"":0.45,""contour_weight"":0.45,""grabcut_border_fraction"":0.01,""grabcut_erosion_kernel_fraction"":0.015,""grabcut_iterations"":1,""grabcut_weight"":0.35,""minimum_agreement_iou"":0.15,""require_grabcut"":false},""reason"":""accepted"",""selected_geometry"":""contour_quad""},""foundation"":null,""method"":""contour_grabcut"",""origin"":"""",""repository"":"""",""score"":0.857001,""status"":""ok"",""version"":""""},""edge_error_maximum_px"":93,""edge_error_mean_px"":43.25,""edge_errors"":{""bottom"":28,""left"":14,""maximum"":93,""mean"":43.25,""right"":93,""top"":38},""elapsed_ms"":1834.348,""global_ordinal"":1,""iou"":0.85424412,""label"":""ordinary_two_page_spread"",""layout_type"":""two_page_spread"",""predicted_bbox"":[111,18,1382,939],""status"":""ok""}"
run-20260902-194420,1e075a921c4e,1e075a921c4e222b90877c2448fc28a78867d9ee910cc85531bf6902ebb02e87,1,1e075a921c4e,982777b07927ddcdbcbd0aa815a1e988d1f436db5aeb6db4b39d5dd7b85bb92a,1,717943d85883a7f143d1154c18bf09c3cc8a53a5a42f414d6d9a2e41157b61a7,7,,9,8,1,1,[],{},10,42.01634466834366,1.0,5,damaged_partial_register_spread,two_page_spread,ok,0.86176634,52,7,83,28,42.5,83,1163.926,"[67, 8, 1233, 977]","[119, 15, 1316, 949]","{""agreement_weight"":0.3,""contour_epsilon_max_fraction"":0.03,""contour_minimum_area_fraction"":0.08,""contour_minimum_rectangularity"":0.45,""grabcut_border_fraction"":0.01,""grabcut_iterations"":1,""grabcut_weight"":0.35,""minimum_agreement_iou"":0.15}",,,"{""legacy_parameter_set_id"":""1e075a921c4e"",""parameter_grid_ordinal"":7,""parameter_grid_sha256"":""717943d85883a7f143d1154c18bf09c3cc8a53a5a42f414d6d9a2e41157b61a7"",""parameter_identity_schema_version"":""1"",""parameter_identity_sha256"":""982777b07927ddcdbcbd0aa815a1e988d1f436db5aeb6db4b39d5dd7b85bb92a"",""parameter_schema_version"":""1"",""parameter_set_equivalence_family_id"":""1e075a921c4e"",""parameter_set_equivalence_family_sha256"":""1e075a921c4e222b90877c2448fc28a78867d9ee910cc85531bf6902ebb02e87"",""parameter_set_equivalence_family_size"":1,""parameter_set_id"":""1e075a921c4e"",""parameters"":{""agreement_weight"":0.3,""contour_epsilon_max_fraction"":0.03,""contour_minimum_area_fraction"":0.08,""contour_minimum_rectangularity"":0.45,""grabcut_border_fraction"":0.01,""grabcut_iterations"":1,""grabcut_weight"":0.35,""minimum_agreement_iou"":0.15},""profile"":null,""rank"":9,""reference_roles"":[],""requested_search_member"":true,""run_id"":""run-20260902-194420"",""search_observation"":{""completion_index"":10,""elapsed_seconds"":42.01634466834366,""parameter_set_number"":10,""search_fraction"":1.0},""search_rank"":8,""search_space_member"":true,""summary"":{""elapsed_ms_total"":11909.066,""failure_count"":0,""mean_edge_error_px"":34.8,""mean_iou"":0.87682013,""mean_iou_success"":0.87682013,""minimum_iou"":0.75890607,""page_count"":5,""stddev_iou"":0.07335619,""success_count"":5,""wall_ms"":11909.489}}","{""approved_bbox"":[67,8,1233,977],""candidate"":{""authors"":null,""bbox"":[119,15,1316,949],""confidence"":0.751151,""corners"":[[119.0,36.0],[1315.0,15.0],[739.0,948.0],[137.0,771.0]],""detector_name"":"""",""diagnostics"":{""agreement_iou"":0.59892017,""contour_corners"":[[119.0,36.0],[1315.0,15.0],[739.0,948.0],[137.0,771.0]],""contour_reason"":null,""contour_score"":0.749072,""contour_status"":""ok"",""fusion_mode"":""contour_generated_grabcut_validated"",""grabcut_corners"":[[109.5531005859375,973.5368041992188],[107.83270263671875,17.005699157714844],[753.99072265625,15.843544006347656],[755.7111206054688,972.3746948242188]],""grabcut_reason"":null,""grabcut_score"":0.884309,""grabcut_status"":""ok"",""parameters"":{""agreement_weight"":0.3,""contour_epsilon_max_fraction"":0.03,""contour_minimum_area_fraction"":0.08,""contour_minimum_rectangularity"":0.45,""contour_weight"":0.45,""grabcut_border_fraction"":0.01,""grabcut_erosion_kernel_fraction"":0.015,""grabcut_iterations"":1,""grabcut_weight"":0.35,""minimum_agreement_iou"":0.15,""require_grabcut"":false},""reason"":""accepted"",""selected_geometry"":""contour_quad""},""foundation"":null,""method"":""contour_grabcut"",""origin"":"""",""repository"":"""",""score"":0.751151,""status"":""ok"",""version"":""""},""edge_error_maximum_px"":83,""edge_error_mean_px"":42.5,""edge_errors"":{""bottom"":28,""left"":52,""maximum"":83,""mean"":42.5,""right"":83,""top"":7},""elapsed_ms"":1163.926,""global_ordinal"":5,""iou"":0.86176634,""label"":""damaged_partial_register_spread"",""layout_type"":""two_page_spread"",""predicted_bbox"":[119,15,1316,949],""status"":""ok""}"
run-20260902-194420,1e075a921c4e,1e075a921c4e222b90877c2448fc28a78867d9ee910cc85531bf6902ebb02e87,1,1e075a921c4e,982777b07927ddcdbcbd0aa815a1e988d1f436db5aeb6db4b39d5dd7b85bb92a,1,717943d85883a7f143d1154c18bf09c3cc8a53a5a42f414d6d9a2e41157b61a7,7,,9,8,1,1,[],{},10,42.01634466834366,1.0,6,title_or_index_sheet,single_page,ok,0.75890607,125,16,37,82,65.0,125,7382.611,"[15, 28, 1074, 970]","[140, 44, 1037, 888]","{""agreement_weight"":0.3,""contour_epsilon_max_fraction"":0.03,""contour_minimum_area_fraction"":0.08,""contour_minimum_rectangularity"":0.45,""grabcut_border_fraction"":0.01,""grabcut_iterations"":1,""grabcut_weight"":0.35,""minimum_agreement_iou"":0.15}",,,"{""legacy_parameter_set_id"":""1e075a921c4e"",""parameter_grid_ordinal"":7,""parameter_grid_sha256"":""717943d85883a7f143d1154c18bf09c3cc8a53a5a42f414d6d9a2e41157b61a7"",""parameter_identity_schema_version"":""1"",""parameter_identity_sha256"":""982777b07927ddcdbcbd0aa815a1e988d1f436db5aeb6db4b39d5dd7b85bb92a"",""parameter_schema_version"":""1"",""parameter_set_equivalence_family_id"":""1e075a921c4e"",""parameter_set_equivalence_family_sha256"":""1e075a921c4e222b90877c2448fc28a78867d9ee910cc85531bf6902ebb02e87"",""parameter_set_equivalence_family_size"":1,""parameter_set_id"":""1e075a921c4e"",""parameters"":{""agreement_weight"":0.3,""contour_epsilon_max_fraction"":0.03,""contour_minimum_area_fraction"":0.08,""contour_minimum_rectangularity"":0.45,""grabcut_border_fraction"":0.01,""grabcut_iterations"":1,""grabcut_weight"":0.35,""minimum_agreement_iou"":0.15},""profile"":null,""rank"":9,""reference_roles"":[],""requested_search_member"":true,""run_id"":""run-20260902-194420"",""search_observation"":{""completion_index"":10,""elapsed_seconds"":42.01634466834366,""parameter_set_number"":10,""search_fraction"":1.0},""search_rank"":8,""search_space_member"":true,""summary"":{""elapsed_ms_total"":11909.066,""failure_count"":0,""mean_edge_error_px"":34.8,""mean_iou"":0.87682013,""mean_iou_success"":0.87682013,""minimum_iou"":0.75890607,""page_count"":5,""stddev_iou"":0.07335619,""success_count"":5,""wall_ms"":11909.489}}","{""approved_bbox"":[15,28,1074,970],""candidate"":{""authors"":null,""bbox"":[140,44,1037,888],""confidence"":0.693028,""corners"":[[140.0,44.0],[1036.0,223.0],[1021.0,886.0],[424.0,887.0]],""detector_name"":"""",""diagnostics"":{""agreement_iou"":0.70289934,""contour_corners"":[[140.0,44.0],[1036.0,223.0],[1021.0,886.0],[424.0,887.0]],""contour_reason"":null,""contour_score"":0.662027,""contour_status"":""ok"",""fusion_mode"":""contour_generated_grabcut_validated"",""grabcut_corners"":[[1070.9998779296875,967.9998779296875],[386.0,967.9998779296875],[386.0,147.0],[1070.9998779296875,147.0]],""grabcut_reason"":null,""grabcut_score"":0.724424,""grabcut_status"":""ok"",""parameters"":{""agreement_weight"":0.3,""contour_epsilon_max_fraction"":0.03,""contour_minimum_area_fraction"":0.08,""contour_minimum_rectangularity"":0.45,""contour_weight"":0.45,""grabcut_border_fraction"":0.01,""grabcut_erosion_kernel_fraction"":0.015,""grabcut_iterations"":1,""grabcut_weight"":0.35,""minimum_agreement_iou"":0.15,""require_grabcut"":false},""reason"":""accepted"",""selected_geometry"":""contour_quad""},""foundation"":null,""method"":""contour_grabcut"",""origin"":"""",""repository"":"""",""score"":0.693028,""status"":""ok"",""version"":""""},""edge_error_maximum_px"":125,""edge_error_mean_px"":65.0,""edge_errors"":{""bottom"":82,""left"":125,""maximum"":125,""mean"":65.0,""right"":37,""top"":16},""elapsed_ms"":7382.611,""global_ordinal"":6,""iou"":0.75890607,""label"":""title_or_index_sheet"",""layout_type"":""single_page"",""predicted_bbox"":[140,44,1037,888],""status"":""ok""}"
run-20260902-194420,1e075a921c4e,1e075a921c4e222b90877c2448fc28a78867d9ee910cc85531bf6902ebb02e87,1,1e075a921c4e,982777b07927ddcdbcbd0aa815a1e988d1f436db5aeb6db4b39d5dd7b85bb92a,1,717943d85883a7f143d1154c18bf09c3cc8a53a5a42f414d6d9a2e41157b61a7,7,,9,8,1,1,[],{},10,42.01634466834366,1.0,9,clean_two_page_spread,two_page_spread,ok,0.96377596,11,5,18,3,9.25,18,788.243,"[84, 51, 1101, 941]","[73, 56, 1119, 938]","{""agreement_weight"":0.3,""contour_epsilon_max_fraction"":0.03,""contour_minimum_area_fraction"":0.08,""contour_minimum_rectangularity"":0.45,""grabcut_border_fraction"":0.01,""grabcut_iterations"":1,""grabcut_weight"":0.35,""minimum_agreement_iou"":0.15}",,,"{""legacy_parameter_set_id"":""1e075a921c4e"",""parameter_grid_ordinal"":7,""parameter_grid_sha256"":""717943d85883a7f143d1154c18bf09c3cc8a53a5a42f414d6d9a2e41157b61a7"",""parameter_identity_schema_version"":""1"",""parameter_identity_sha256"":""982777b07927ddcdbcbd0aa815a1e988d1f436db5aeb6db4b39d5dd7b85bb92a"",""parameter_schema_version"":""1"",""parameter_set_equivalence_family_id"":""1e075a921c4e"",""parameter_set_equivalence_family_sha256"":""1e075a921c4e222b90877c2448fc28a78867d9ee910cc85531bf6902ebb02e87"",""parameter_set_equivalence_family_size"":1,""parameter_set_id"":""1e075a921c4e"",""parameters"":{""agreement_weight"":0.3,""contour_epsilon_max_fraction"":0.03,""contour_minimum_area_fraction"":0.08,""contour_minimum_rectangularity"":0.45,""grabcut_border_fraction"":0.01,""grabcut_iterations"":1,""grabcut_weight"":0.35,""minimum_agreement_iou"":0.15},""profile"":null,""rank"":9,""reference_roles"":[],""requested_search_member"":true,""run_id"":""run-20260902-194420"",""search_observation"":{""completion_index"":10,""elapsed_seconds"":42.01634466834366,""parameter_set_number"":10,""search_fraction"":1.0},""search_rank"":8,""search_space_member"":true,""summary"":{""elapsed_ms_total"":11909.066,""failure_count"":0,""mean_edge_error_px"":34.8,""mean_iou"":0.87682013,""mean_iou_success"":0.87682013,""minimum_iou"":0.75890607,""page_count"":5,""stddev_iou"":0.07335619,""success_count"":5,""wall_ms"":11909.489}}","{""approved_bbox"":[84,51,1101,941],""candidate"":{""authors"":null,""bbox"":[73,56,1119,938],""confidence"":0.943567,""corners"":[[77.0,56.0],[1115.0,56.0],[1118.0,937.0],[73.0,932.0]],""detector_name"":"""",""diagnostics"":{""agreement_iou"":0.99658013,""contour_corners"":[[77.0,56.0],[1115.0,56.0],[1118.0,937.0],[73.0,932.0]],""contour_reason"":null,""contour_score"":0.879702,""contour_status"":""ok"",""fusion_mode"":""contour_generated_grabcut_validated"",""grabcut_corners"":[[1117.0,58.0],[77.0,55.0],[72.0,933.0],[1119.0,937.0]],""grabcut_reason"":null,""grabcut_score"":0.98024,""grabcut_status"":""ok"",""parameters"":{""agreement_weight"":0.3,""contour_epsilon_max_fraction"":0.03,""contour_minimum_area_fraction"":0.08,""contour_minimum_rectangularity"":0.45,""contour_weight"":0.45,""grabcut_border_fraction"":0.01,""grabcut_erosion_kernel_fraction"":0.015,""grabcut_iterations"":1,""grabcut_weight"":0.35,""minimum_agreement_iou"":0.15,""require_grabcut"":false},""reason"":""accepted"",""selected_geometry"":""contour_quad""},""foundation"":null,""method"":""contour_grabcut"",""origin"":"""",""repository"":"""",""score"":0.943567,""status"":""ok"",""version"":""""},""edge_error_maximum_px"":18,""edge_error_mean_px"":9.25,""edge_errors"":{""bottom"":3,""left"":11,""maximum"":18,""mean"":9.25,""right"":18,""top"":5},""elapsed_ms"":788.243,""global_ordinal"":9,""iou"":0.96377596,""label"":""clean_two_page_spread"",""layout_type"":""two_page_spread"",""predicted_bbox"":[73,56,1119,938],""status"":""ok""}"
run-20260902-194420,1e075a921c4e,1e075a921c4e222b90877c2448fc28a78867d9ee910cc85531bf6902ebb02e87,1,1e075a921c4e,982777b07927ddcdbcbd0aa815a1e988d1f436db5aeb6db4b39d5dd7b85bb92a,1,717943d85883a7f143d1154c18bf09c3cc8a53a5a42f414d6d9a2e41157b61a7,7,,9,8,1,1,[],{},10,42.01634466834366,1.0,10,clean_two_page_spread_2,two_page_spread,ok,0.94540817,7,11,18,20,14.0,20,739.938,"[88, 33, 1154, 968]","[81, 44, 1172, 948]","{""agreement_weight"":0.3,""contour_epsilon_max_fraction"":0.03,""contour_minimum_area_fraction"":0.08,""contour_minimum_rectangularity"":0.45,""grabcut_border_fraction"":0.01,""grabcut_iterations"":1,""grabcut_weight"":0.35,""minimum_agreement_iou"":0.15}",,,"{""legacy_parameter_set_id"":""1e075a921c4e"",""parameter_grid_ordinal"":7,""parameter_grid_sha256"":""717943d85883a7f143d1154c18bf09c3cc8a53a5a42f414d6d9a2e41157b61a7"",""parameter_identity_schema_version"":""1"",""parameter_identity_sha256"":""982777b07927ddcdbcbd0aa815a1e988d1f436db5aeb6db4b39d5dd7b85bb92a"",""parameter_schema_version"":""1"",""parameter_set_equivalence_family_id"":""1e075a921c4e"",""parameter_set_equivalence_family_sha256"":""1e075a921c4e222b90877c2448fc28a78867d9ee910cc85531bf6902ebb02e87"",""parameter_set_equivalence_family_size"":1,""parameter_set_id"":""1e075a921c4e"",""parameters"":{""agreement_weight"":0.3,""contour_epsilon_max_fraction"":0.03,""contour_minimum_area_fraction"":0.08,""contour_minimum_rectangularity"":0.45,""grabcut_border_fraction"":0.01,""grabcut_iterations"":1,""grabcut_weight"":0.35,""minimum_agreement_iou"":0.15},""profile"":null,""rank"":9,""reference_roles"":[],""requested_search_member"":true,""run_id"":""run-20260902-194420"",""search_observation"":{""completion_index"":10,""elapsed_seconds"":42.01634466834366,""parameter_set_number"":10,""search_fraction"":1.0},""search_rank"":8,""search_space_member"":true,""summary"":{""elapsed_ms_total"":11909.066,""failure_count"":0,""mean_edge_error_px"":34.8,""mean_iou"":0.87682013,""mean_iou_success"":0.87682013,""minimum_iou"":0.75890607,""page_count"":5,""stddev_iou"":0.07335619,""success_count"":5,""wall_ms"":11909.489}}","{""approved_bbox"":[88,33,1154,968],""candidate"":{""authors"":null,""bbox"":[81,44,1172,948],""confidence"":0.924091,""corners"":[[84.0,44.0],[1144.0,44.0],[1171.0,947.0],[81.0,945.0]],""detector_name"":"""",""diagnostics"":{""agreement_iou"":0.96280918,""contour_corners"":[[84.0,44.0],[1144.0,44.0],[1171.0,947.0],[81.0,945.0]],""contour_reason"":null,""contour_score"":0.856308,""contour_status"":""ok"",""fusion_mode"":""contour_generated_grabcut_validated"",""grabcut_corners"":[[77.0,38.0],[78.0,959.0],[1176.0,956.0],[1166.0,35.0]],""grabcut_reason"":null,""grabcut_score"":0.978053,""grabcut_status"":""ok"",""parameters"":{""agreement_weight"":0.3,""contour_epsilon_max_fraction"":0.03,""contour_minimum_area_fraction"":0.08,""contour_minimum_rectangularity"":0.45,""contour_weight"":0.45,""grabcut_border_fraction"":0.01,""grabcut_erosion_kernel_fraction"":0.015,""grabcut_iterations"":1,""grabcut_weight"":0.35,""minimum_agreement_iou"":0.15,""require_grabcut"":false},""reason"":""accepted"",""selected_geometry"":""contour_quad""},""foundation"":null,""method"":""contour_grabcut"",""origin"":"""",""repository"":"""",""score"":0.924091,""status"":""ok"",""version"":""""},""edge_error_maximum_px"":20,""edge_error_mean_px"":14.0,""edge_errors"":{""bottom"":20,""left"":7,""maximum"":20,""mean"":14.0,""right"":18,""top"":11},""elapsed_ms"":739.938,""global_ordinal"":10,""iou"":0.94540817,""label"":""clean_two_page_spread_2"",""layout_type"":""two_page_spread"",""predicted_bbox"":[81,44,1172,948],""status"":""ok""}"
run-20260902-194420,b589e6122dd8,b589e6122dd8424309639f9db1190654fd4543cf8bd9fbcae11f18acc3be43cb,1,b589e6122dd8,9209546eb5fdb47532fa7dd77dd514d0c0c709880aef5d99803dbdfd618970ae,1,717943d85883a7f143d1154c18bf09c3cc8a53a5a42f414d6d9a2e41157b61a7,8,,10,9,1,1,[],{},9,42.00424976507202,0.9,1,ordinary_two_page_spread,two_page_spread,ok,0.85424412,14,38,93,28,43.25,93,1849.492,"[125, 56, 1289, 967]","[111, 18, 1382, 939]","{""agreement_weight"":0.4,""contour_epsilon_max_fraction"":0.03,""contour_minimum_area_fraction"":0.08,""contour_minimum_rectangularity"":0.45,""grabcut_border_fraction"":0.01,""grabcut_iterations"":1,""grabcut_weight"":0.35,""minimum_agreement_iou"":0.15}",,,"{""legacy_parameter_set_id"":""b589e6122dd8"",""parameter_grid_ordinal"":8,""parameter_grid_sha256"":""717943d85883a7f143d1154c18bf09c3cc8a53a5a42f414d6d9a2e41157b61a7"",""parameter_identity_schema_version"":""1"",""parameter_identity_sha256"":""9209546eb5fdb47532fa7dd77dd514d0c0c709880aef5d99803dbdfd618970ae"",""parameter_schema_version"":""1"",""parameter_set_equivalence_family_id"":""b589e6122dd8"",""parameter_set_equivalence_family_sha256"":""b589e6122dd8424309639f9db1190654fd4543cf8bd9fbcae11f18acc3be43cb"",""parameter_set_equivalence_family_size"":1,""parameter_set_id"":""b589e6122dd8"",""parameters"":{""agreement_weight"":0.4,""contour_epsilon_max_fraction"":0.03,""contour_minimum_area_fraction"":0.08,""contour_minimum_rectangularity"":0.45,""grabcut_border_fraction"":0.01,""grabcut_iterations"":1,""grabcut_weight"":0.35,""minimum_agreement_iou"":0.15},""profile"":null,""rank"":10,""reference_roles"":[],""requested_search_member"":true,""run_id"":""run-20260902-194420"",""search_observation"":{""completion_index"":9,""elapsed_seconds"":42.00424976507202,""parameter_set_number"":9,""search_fraction"":0.9},""search_rank"":9,""search_space_member"":true,""summary"":{""elapsed_ms_total"":11891.997,""failure_count"":0,""mean_edge_error_px"":34.8,""mean_iou"":0.87682013,""mean_iou_success"":0.87682013,""minimum_iou"":0.75890607,""page_count"":5,""stddev_iou"":0.07335619,""success_count"":5,""wall_ms"":11892.463}}","{""approved_bbox"":[125,56,1289,967],""candidate"":{""authors"":null,""bbox"":[111,18,1382,939],""confidence"":0.855811,""corners"":[[111.0,90.0],[1381.0,18.0],[1257.0,938.0],[235.0,917.0]],""detector_name"":"""",""diagnostics"":{""agreement_iou"":0.84271714,""contour_corners"":[[111.0,90.0],[1381.0,18.0],[1257.0,938.0],[235.0,917.0]],""contour_reason"":null,""contour_score"":0.79374,""contour_status"":""ok"",""fusion_mode"":""contour_generated_grabcut_validated"",""grabcut_corners"":[[82.344482421875,967.158935546875],[80.5924072265625,56.07579803466797],[1287.4630126953125,53.75489044189453],[1289.215087890625,964.8380126953125]],""grabcut_reason"":null,""grabcut_score"":0.95058,""grabcut_status"":""ok"",""parameters"":{""agreement_weight"":0.4,""contour_epsilon_max_fraction"":0.03,""contour_minimum_area_fraction"":0.08,""contour_minimum_rectangularity"":0.45,""contour_weight"":0.45,""grabcut_border_fraction"":0.01,""grabcut_erosion_kernel_fraction"":0.015,""grabcut_iterations"":1,""grabcut_weight"":0.35,""minimum_agreement_iou"":0.15,""require_grabcut"":false},""reason"":""accepted"",""selected_geometry"":""contour_quad""},""foundation"":null,""method"":""contour_grabcut"",""origin"":"""",""repository"":"""",""score"":0.855811,""status"":""ok"",""version"":""""},""edge_error_maximum_px"":93,""edge_error_mean_px"":43.25,""edge_errors"":{""bottom"":28,""left"":14,""maximum"":93,""mean"":43.25,""right"":93,""top"":38},""elapsed_ms"":1849.492,""global_ordinal"":1,""iou"":0.85424412,""label"":""ordinary_two_page_spread"",""layout_type"":""two_page_spread"",""predicted_bbox"":[111,18,1382,939],""status"":""ok""}"
run-20260902-194420,b589e6122dd8,b589e6122dd8424309639f9db1190654fd4543cf8bd9fbcae11f18acc3be43cb,1,b589e6122dd8,9209546eb5fdb47532fa7dd77dd514d0c0c709880aef5d99803dbdfd618970ae,1,717943d85883a7f143d1154c18bf09c3cc8a53a5a42f414d6d9a2e41157b61a7,8,,10,9,1,1,[],{},9,42.00424976507202,0.9,5,damaged_partial_register_spread,two_page_spread,ok,0.86176634,52,7,83,28,42.5,83,1142.49,"[67, 8, 1233, 977]","[119, 15, 1316, 949]","{""agreement_weight"":0.4,""contour_epsilon_max_fraction"":0.03,""contour_minimum_area_fraction"":0.08,""contour_minimum_rectangularity"":0.45,""grabcut_border_fraction"":0.01,""grabcut_iterations"":1,""grabcut_weight"":0.35,""minimum_agreement_iou"":0.15}",,,"{""legacy_parameter_set_id"":""b589e6122dd8"",""parameter_grid_ordinal"":8,""parameter_grid_sha256"":""717943d85883a7f143d1154c18bf09c3cc8a53a5a42f414d6d9a2e41157b61a7"",""parameter_identity_schema_version"":""1"",""parameter_identity_sha256"":""9209546eb5fdb47532fa7dd77dd514d0c0c709880aef5d99803dbdfd618970ae"",""parameter_schema_version"":""1"",""parameter_set_equivalence_family_id"":""b589e6122dd8"",""parameter_set_equivalence_family_sha256"":""b589e6122dd8424309639f9db1190654fd4543cf8bd9fbcae11f18acc3be43cb"",""parameter_set_equivalence_family_size"":1,""parameter_set_id"":""b589e6122dd8"",""parameters"":{""agreement_weight"":0.4,""contour_epsilon_max_fraction"":0.03,""contour_minimum_area_fraction"":0.08,""contour_minimum_rectangularity"":0.45,""grabcut_border_fraction"":0.01,""grabcut_iterations"":1,""grabcut_weight"":0.35,""minimum_agreement_iou"":0.15},""profile"":null,""rank"":10,""reference_roles"":[],""requested_search_member"":true,""run_id"":""run-20260902-194420"",""search_observation"":{""completion_index"":9,""elapsed_seconds"":42.00424976507202,""parameter_set_number"":9,""search_fraction"":0.9},""search_rank"":9,""search_space_member"":true,""summary"":{""elapsed_ms_total"":11891.997,""failure_count"":0,""mean_edge_error_px"":34.8,""mean_iou"":0.87682013,""mean_iou_success"":0.87682013,""minimum_iou"":0.75890607,""page_count"":5,""stddev_iou"":0.07335619,""success_count"":5,""wall_ms"":11892.463}}","{""approved_bbox"":[67,8,1233,977],""candidate"":{""authors"":null,""bbox"":[119,15,1316,949],""confidence"":0.738466,""corners"":[[119.0,36.0],[1315.0,15.0],[739.0,948.0],[137.0,771.0]],""detector_name"":"""",""diagnostics"":{""agreement_iou"":0.59892017,""contour_corners"":[[119.0,36.0],[1315.0,15.0],[739.0,948.0],[137.0,771.0]],""contour_reason"":null,""contour_score"":0.749072,""contour_status"":""ok"",""fusion_mode"":""contour_generated_grabcut_validated"",""grabcut_corners"":[[109.5531005859375,973.5368041992188],[107.83270263671875,17.005699157714844],[753.99072265625,15.843544006347656],[755.7111206054688,972.3746948242188]],""grabcut_reason"":null,""grabcut_score"":0.884309,""grabcut_status"":""ok"",""parameters"":{""agreement_weight"":0.4,""contour_epsilon_max_fraction"":0.03,""contour_minimum_area_fraction"":0.08,""contour_minimum_rectangularity"":0.45,""contour_weight"":0.45,""grabcut_border_fraction"":0.01,""grabcut_erosion_kernel_fraction"":0.015,""grabcut_iterations"":1,""grabcut_weight"":0.35,""minimum_agreement_iou"":0.15,""require_grabcut"":false},""reason"":""accepted"",""selected_geometry"":""contour_quad""},""foundation"":null,""method"":""contour_grabcut"",""origin"":"""",""repository"":"""",""score"":0.738466,""status"":""ok"",""version"":""""},""edge_error_maximum_px"":83,""edge_error_mean_px"":42.5,""edge_errors"":{""bottom"":28,""left"":52,""maximum"":83,""mean"":42.5,""right"":83,""top"":7},""elapsed_ms"":1142.49,""global_ordinal"":5,""iou"":0.86176634,""label"":""damaged_partial_register_spread"",""layout_type"":""two_page_spread"",""predicted_bbox"":[119,15,1316,949],""status"":""ok""}"
run-20260902-194420,b589e6122dd8,b589e6122dd8424309639f9db1190654fd4543cf8bd9fbcae11f18acc3be43cb,1,b589e6122dd8,9209546eb5fdb47532fa7dd77dd514d0c0c709880aef5d99803dbdfd618970ae,1,717943d85883a7f143d1154c18bf09c3cc8a53a5a42f414d6d9a2e41157b61a7,8,,10,9,1,1,[],{},9,42.00424976507202,0.9,6,title_or_index_sheet,single_page,ok,0.75890607,125,16,37,82,65.0,125,7394.261,"[15, 28, 1074, 970]","[140, 44, 1037, 888]","{""agreement_weight"":0.4,""contour_epsilon_max_fraction"":0.03,""contour_minimum_area_fraction"":0.08,""contour_minimum_rectangularity"":0.45,""grabcut_border_fraction"":0.01,""grabcut_iterations"":1,""grabcut_weight"":0.35,""minimum_agreement_iou"":0.15}",,,"{""legacy_parameter_set_id"":""b589e6122dd8"",""parameter_grid_ordinal"":8,""parameter_grid_sha256"":""717943d85883a7f143d1154c18bf09c3cc8a53a5a42f414d6d9a2e41157b61a7"",""parameter_identity_schema_version"":""1"",""parameter_identity_sha256"":""9209546eb5fdb47532fa7dd77dd514d0c0c709880aef5d99803dbdfd618970ae"",""parameter_schema_version"":""1"",""parameter_set_equivalence_family_id"":""b589e6122dd8"",""parameter_set_equivalence_family_sha256"":""b589e6122dd8424309639f9db1190654fd4543cf8bd9fbcae11f18acc3be43cb"",""parameter_set_equivalence_family_size"":1,""parameter_set_id"":""b589e6122dd8"",""parameters"":{""agreement_weight"":0.4,""contour_epsilon_max_fraction"":0.03,""contour_minimum_area_fraction"":0.08,""contour_minimum_rectangularity"":0.45,""grabcut_border_fraction"":0.01,""grabcut_iterations"":1,""grabcut_weight"":0.35,""minimum_agreement_iou"":0.15},""profile"":null,""rank"":10,""reference_roles"":[],""requested_search_member"":true,""run_id"":""run-20260902-194420"",""search_observation"":{""completion_index"":9,""elapsed_seconds"":42.00424976507202,""parameter_set_number"":9,""search_fraction"":0.9},""search_rank"":9,""search_space_member"":true,""summary"":{""elapsed_ms_total"":11891.997,""failure_count"":0,""mean_edge_error_px"":34.8,""mean_iou"":0.87682013,""mean_iou_success"":0.87682013,""minimum_iou"":0.75890607,""page_count"":5,""stddev_iou"":0.07335619,""success_count"":5,""wall_ms"":11892.463}}","{""approved_bbox"":[15,28,1074,970],""candidate"":{""authors"":null,""bbox"":[140,44,1037,888],""confidence"":0.69385,""corners"":[[140.0,44.0],[1036.0,223.0],[1021.0,886.0],[424.0,887.0]],""detector_name"":"""",""diagnostics"":{""agreement_iou"":0.70289934,""contour_corners"":[[140.0,44.0],[1036.0,223.0],[1021.0,886.0],[424.0,887.0]],""contour_reason"":null,""contour_score"":0.662027,""contour_status"":""ok"",""fusion_mode"":""contour_generated_grabcut_validated"",""grabcut_corners"":[[1070.9998779296875,967.9998779296875],[386.0,967.9998779296875],[386.0,147.0],[1070.9998779296875,147.0]],""grabcut_reason"":null,""grabcut_score"":0.724424,""grabcut_status"":""ok"",""parameters"":{""agreement_weight"":0.4,""contour_epsilon_max_fraction"":0.03,""contour_minimum_area_fraction"":0.08,""contour_minimum_rectangularity"":0.45,""contour_weight"":0.45,""grabcut_border_fraction"":0.01,""grabcut_erosion_kernel_fraction"":0.015,""grabcut_iterations"":1,""grabcut_weight"":0.35,""minimum_agreement_iou"":0.15,""require_grabcut"":false},""reason"":""accepted"",""selected_geometry"":""contour_quad""},""foundation"":null,""method"":""contour_grabcut"",""origin"":"""",""repository"":"""",""score"":0.69385,""status"":""ok"",""version"":""""},""edge_error_maximum_px"":125,""edge_error_mean_px"":65.0,""edge_errors"":{""bottom"":82,""left"":125,""maximum"":125,""mean"":65.0,""right"":37,""top"":16},""elapsed_ms"":7394.261,""global_ordinal"":6,""iou"":0.75890607,""label"":""title_or_index_sheet"",""layout_type"":""single_page"",""predicted_bbox"":[140,44,1037,888],""status"":""ok""}"
run-20260902-194420,b589e6122dd8,b589e6122dd8424309639f9db1190654fd4543cf8bd9fbcae11f18acc3be43cb,1,b589e6122dd8,9209546eb5fdb47532fa7dd77dd514d0c0c709880aef5d99803dbdfd618970ae,1,717943d85883a7f143d1154c18bf09c3cc8a53a5a42f414d6d9a2e41157b61a7,8,,10,9,1,1,[],{},9,42.00424976507202,0.9,9,clean_two_page_spread,two_page_spread,ok,0.96377596,11,5,18,3,9.25,18,826.618,"[84, 51, 1101, 941]","[73, 56, 1119, 938]","{""agreement_weight"":0.4,""contour_epsilon_max_fraction"":0.03,""contour_minimum_area_fraction"":0.08,""contour_minimum_rectangularity"":0.45,""grabcut_border_fraction"":0.01,""grabcut_iterations"":1,""grabcut_weight"":0.35,""minimum_agreement_iou"":0.15}",,,"{""legacy_parameter_set_id"":""b589e6122dd8"",""parameter_grid_ordinal"":8,""parameter_grid_sha256"":""717943d85883a7f143d1154c18bf09c3cc8a53a5a42f414d6d9a2e41157b61a7"",""parameter_identity_schema_version"":""1"",""parameter_identity_sha256"":""9209546eb5fdb47532fa7dd77dd514d0c0c709880aef5d99803dbdfd618970ae"",""parameter_schema_version"":""1"",""parameter_set_equivalence_family_id"":""b589e6122dd8"",""parameter_set_equivalence_family_sha256"":""b589e6122dd8424309639f9db1190654fd4543cf8bd9fbcae11f18acc3be43cb"",""parameter_set_equivalence_family_size"":1,""parameter_set_id"":""b589e6122dd8"",""parameters"":{""agreement_weight"":0.4,""contour_epsilon_max_fraction"":0.03,""contour_minimum_area_fraction"":0.08,""contour_minimum_rectangularity"":0.45,""grabcut_border_fraction"":0.01,""grabcut_iterations"":1,""grabcut_weight"":0.35,""minimum_agreement_iou"":0.15},""profile"":null,""rank"":10,""reference_roles"":[],""requested_search_member"":true,""run_id"":""run-20260902-194420"",""search_observation"":{""completion_index"":9,""elapsed_seconds"":42.00424976507202,""parameter_set_number"":9,""search_fraction"":0.9},""search_rank"":9,""search_space_member"":true,""summary"":{""elapsed_ms_total"":11891.997,""failure_count"":0,""mean_edge_error_px"":34.8,""mean_iou"":0.87682013,""mean_iou_success"":0.87682013,""minimum_iou"":0.75890607,""page_count"":5,""stddev_iou"":0.07335619,""success_count"":5,""wall_ms"":11892.463}}","{""approved_bbox"":[84,51,1101,941],""candidate"":{""authors"":null,""bbox"":[73,56,1119,938],""confidence"":0.947985,""corners"":[[77.0,56.0],[1115.0,56.0],[1118.0,937.0],[73.0,932.0]],""detector_name"":"""",""diagnostics"":{""agreement_iou"":0.99658013,""contour_corners"":[[77.0,56.0],[1115.0,56.0],[1118.0,937.0],[73.0,932.0]],""contour_reason"":null,""contour_score"":0.879702,""contour_status"":""ok"",""fusion_mode"":""contour_generated_grabcut_validated"",""grabcut_corners"":[[1117.0,58.0],[77.0,55.0],[72.0,933.0],[1119.0,937.0]],""grabcut_reason"":null,""grabcut_score"":0.98024,""grabcut_status"":""ok"",""parameters"":{""agreement_weight"":0.4,""contour_epsilon_max_fraction"":0.03,""contour_minimum_area_fraction"":0.08,""contour_minimum_rectangularity"":0.45,""contour_weight"":0.45,""grabcut_border_fraction"":0.01,""grabcut_erosion_kernel_fraction"":0.015,""grabcut_iterations"":1,""grabcut_weight"":0.35,""minimum_agreement_iou"":0.15,""require_grabcut"":false},""reason"":""accepted"",""selected_geometry"":""contour_quad""},""foundation"":null,""method"":""contour_grabcut"",""origin"":"""",""repository"":"""",""score"":0.947985,""status"":""ok"",""version"":""""},""edge_error_maximum_px"":18,""edge_error_mean_px"":9.25,""edge_errors"":{""bottom"":3,""left"":11,""maximum"":18,""mean"":9.25,""right"":18,""top"":5},""elapsed_ms"":826.618,""global_ordinal"":9,""iou"":0.96377596,""label"":""clean_two_page_spread"",""layout_type"":""two_page_spread"",""predicted_bbox"":[73,56,1119,938],""status"":""ok""}"
run-20260902-194420,b589e6122dd8,b589e6122dd8424309639f9db1190654fd4543cf8bd9fbcae11f18acc3be43cb,1,b589e6122dd8,9209546eb5fdb47532fa7dd77dd514d0c0c709880aef5d99803dbdfd618970ae,1,717943d85883a7f143d1154c18bf09c3cc8a53a5a42f414d6d9a2e41157b61a7,8,,10,9,1,1,[],{},9,42.00424976507202,0.9,10,clean_two_page_spread_2,two_page_spread,ok,0.94540817,7,11,18,20,14.0,20,679.136,"[88, 33, 1154, 968]","[81, 44, 1172, 948]","{""agreement_weight"":0.4,""contour_epsilon_max_fraction"":0.03,""contour_minimum_area_fraction"":0.08,""contour_minimum_rectangularity"":0.45,""grabcut_border_fraction"":0.01,""grabcut_iterations"":1,""grabcut_weight"":0.35,""minimum_agreement_iou"":0.15}",,,"{""legacy_parameter_set_id"":""b589e6122dd8"",""parameter_grid_ordinal"":8,""parameter_grid_sha256"":""717943d85883a7f143d1154c18bf09c3cc8a53a5a42f414d6d9a2e41157b61a7"",""parameter_identity_schema_version"":""1"",""parameter_identity_sha256"":""9209546eb5fdb47532fa7dd77dd514d0c0c709880aef5d99803dbdfd618970ae"",""parameter_schema_version"":""1"",""parameter_set_equivalence_family_id"":""b589e6122dd8"",""parameter_set_equivalence_family_sha256"":""b589e6122dd8424309639f9db1190654fd4543cf8bd9fbcae11f18acc3be43cb"",""parameter_set_equivalence_family_size"":1,""parameter_set_id"":""b589e6122dd8"",""parameters"":{""agreement_weight"":0.4,""contour_epsilon_max_fraction"":0.03,""contour_minimum_area_fraction"":0.08,""contour_minimum_rectangularity"":0.45,""grabcut_border_fraction"":0.01,""grabcut_iterations"":1,""grabcut_weight"":0.35,""minimum_agreement_iou"":0.15},""profile"":null,""rank"":10,""reference_roles"":[],""requested_search_member"":true,""run_id"":""run-20260902-194420"",""search_observation"":{""completion_index"":9,""elapsed_seconds"":42.00424976507202,""parameter_set_number"":9,""search_fraction"":0.9},""search_rank"":9,""search_space_member"":true,""summary"":{""elapsed_ms_total"":11891.997,""failure_count"":0,""mean_edge_error_px"":34.8,""mean_iou"":0.87682013,""mean_iou_success"":0.87682013,""minimum_iou"":0.75890607,""page_count"":5,""stddev_iou"":0.07335619,""success_count"":5,""wall_ms"":11892.463}}","{""approved_bbox"":[88,33,1154,968],""candidate"":{""authors"":null,""bbox"":[81,44,1172,948],""confidence"":0.927317,""corners"":[[84.0,44.0],[1144.0,44.0],[1171.0,947.0],[81.0,945.0]],""detector_name"":"""",""diagnostics"":{""agreement_iou"":0.96280918,""contour_corners"":[[84.0,44.0],[1144.0,44.0],[1171.0,947.0],[81.0,945.0]],""contour_reason"":null,""contour_score"":0.856308,""contour_status"":""ok"",""fusion_mode"":""contour_generated_grabcut_validated"",""grabcut_corners"":[[77.0,38.0],[78.0,959.0],[1176.0,956.0],[1166.0,35.0]],""grabcut_reason"":null,""grabcut_score"":0.978053,""grabcut_status"":""ok"",""parameters"":{""agreement_weight"":0.4,""contour_epsilon_max_fraction"":0.03,""contour_minimum_area_fraction"":0.08,""contour_minimum_rectangularity"":0.45,""contour_weight"":0.45,""grabcut_border_fraction"":0.01,""grabcut_erosion_kernel_fraction"":0.015,""grabcut_iterations"":1,""grabcut_weight"":0.35,""minimum_agreement_iou"":0.15,""require_grabcut"":false},""reason"":""accepted"",""selected_geometry"":""contour_quad""},""foundation"":null,""method"":""contour_grabcut"",""origin"":"""",""repository"":"""",""score"":0.927317,""status"":""ok"",""version"":""""},""edge_error_maximum_px"":20,""edge_error_mean_px"":14.0,""edge_errors"":{""bottom"":20,""left"":7,""maximum"":20,""mean"":14.0,""right"":18,""top"":11},""elapsed_ms"":679.136,""global_ordinal"":10,""iou"":0.94540817,""label"":""clean_two_page_spread_2"",""layout_type"":""two_page_spread"",""predicted_bbox"":[81,44,1172,948],""status"":""ok""}"
