run_id,parameter_set_equivalence_family_id,parameter_set_equivalence_family_sha256,parameter_set_equivalence_family_size,parameter_set_id,parameter_identity_sha256,parameter_schema_version,parameter_grid_sha256,parameter_grid_ordinal,profile,rank,search_rank,requested_search_member,search_space_member,reference_roles_json,historic_reference_json,completion_index,completion_elapsed_seconds,search_fraction,global_ordinal,label,layout_type,status,iou,left_error_px,top_error_px,right_error_px,bottom_error_px,edge_error_mean_px,edge_error_maximum_px,elapsed_ms,approved_bbox_json,predicted_bbox_json,parameters_json,error_type,error_message,result_json,page_json
run-20260902-194725,a5450e58ec9e,a5450e58ec9ea0e049f279f641c84b93593d22aa29d435e8f2932bdedf272226,1,a5450e58ec9e,3d82d36167e53106763fd0a6b3a2041b59b933e70d9b33ce55118a6eeb73b452,1,,,baseline,1,,0,1,"[""baseline""]",{},,,,1,ordinary_two_page_spread,two_page_spread,ok,0.85424412,14,38,93,28,43.25,93,272.744,"[125, 56, 1289, 967]","[111, 18, 1382, 939]","{""contour_weight"":0.45,""contrast_weight"":0.4,""epsilon_max_fraction"":0.04,""minimum_contour_area_fraction"":0.12,""minimum_cross_edge_contrast"":0.045,""minimum_polarity_consistency"":0.55,""minimum_rectangularity"":0.55,""polarity_weight"":0.15,""sample_offset_fraction"":0.008,""samples_per_edge"":48}",,,"{""legacy_parameter_set_id"":""a5450e58ec9e"",""parameter_grid_ordinal"":null,""parameter_grid_sha256"":null,""parameter_identity_schema_version"":""1"",""parameter_identity_sha256"":""3d82d36167e53106763fd0a6b3a2041b59b933e70d9b33ce55118a6eeb73b452"",""parameter_schema_version"":""1"",""parameter_set_equivalence_family_id"":""a5450e58ec9e"",""parameter_set_equivalence_family_sha256"":""a5450e58ec9ea0e049f279f641c84b93593d22aa29d435e8f2932bdedf272226"",""parameter_set_equivalence_family_size"":1,""parameter_set_id"":""a5450e58ec9e"",""parameters"":{""contour_weight"":0.45,""contrast_weight"":0.4,""epsilon_max_fraction"":0.04,""minimum_contour_area_fraction"":0.12,""minimum_cross_edge_contrast"":0.045,""minimum_polarity_consistency"":0.55,""minimum_rectangularity"":0.55,""polarity_weight"":0.15,""sample_offset_fraction"":0.008,""samples_per_edge"":48},""profile"":""baseline"",""rank"":1,""reference_roles"":[""baseline""],""requested_search_member"":false,""run_id"":""run-20260902-194725"",""search_space_member"":true,""summary"":{""elapsed_ms_total"":931.235,""failure_count"":0,""mean_edge_error_px"":34.8,""mean_iou"":0.87682013,""mean_iou_success"":0.87682013,""minimum_iou"":0.75890607,""page_count"":5,""stddev_iou"":0.07335619,""success_count"":5,""wall_ms"":931.762}}","{""approved_bbox"":[125,56,1289,967],""candidate"":{""authors"":null,""bbox"":[111,18,1382,939],""confidence"":0.8657767500000001,""corners"":[[111.0,90.0],[1381.0,18.0],[1257.0,938.0],[235.0,917.0]],""detector_name"":"""",""diagnostics"":{""contour_score"":0.79374,""contrast_score"":1.0,""cross_edge_contrast"":0.15175971236883426,""evidence"":""inside_outside_cross_boundary_intensity"",""parameters"":{""contour_weight"":0.45,""contrast_weight"":0.4,""epsilon_max_fraction"":0.04,""minimum_contour_area_fraction"":0.12,""minimum_cross_edge_contrast"":0.045,""minimum_polarity_consistency"":0.55,""minimum_rectangularity"":0.55,""polarity_weight"":0.15,""sample_offset_fraction"":0.008,""samples_per_edge"":48},""polarity_consistency"":0.7239583333333334,""sample_offset_pixels"":7.888,""side_contrast"":[0.26742819991766237,0.08781921536314721,0.10796466902190564,0.14382675769282321]},""foundation"":null,""method"":""cross_edge_contour"",""origin"":"""",""repository"":"""",""score"":0.8657767500000001,""status"":""ok"",""version"":""""},""edge_error_maximum_px"":93,""edge_error_mean_px"":43.25,""edge_errors"":{""bottom"":28,""left"":14,""maximum"":93,""mean"":43.25,""right"":93,""top"":38},""elapsed_ms"":272.744,""global_ordinal"":1,""iou"":0.85424412,""label"":""ordinary_two_page_spread"",""layout_type"":""two_page_spread"",""predicted_bbox"":[111,18,1382,939],""status"":""ok""}"
run-20260902-194725,a5450e58ec9e,a5450e58ec9ea0e049f279f641c84b93593d22aa29d435e8f2932bdedf272226,1,a5450e58ec9e,3d82d36167e53106763fd0a6b3a2041b59b933e70d9b33ce55118a6eeb73b452,1,,,baseline,1,,0,1,"[""baseline""]",{},,,,5,damaged_partial_register_spread,two_page_spread,ok,0.86176634,52,7,83,28,42.5,83,87.183,"[67, 8, 1233, 977]","[119, 15, 1316, 949]","{""contour_weight"":0.45,""contrast_weight"":0.4,""epsilon_max_fraction"":0.04,""minimum_contour_area_fraction"":0.12,""minimum_cross_edge_contrast"":0.045,""minimum_polarity_consistency"":0.55,""minimum_rectangularity"":0.55,""polarity_weight"":0.15,""sample_offset_fraction"":0.008,""samples_per_edge"":48}",,,"{""legacy_parameter_set_id"":""a5450e58ec9e"",""parameter_grid_ordinal"":null,""parameter_grid_sha256"":null,""parameter_identity_schema_version"":""1"",""parameter_identity_sha256"":""3d82d36167e53106763fd0a6b3a2041b59b933e70d9b33ce55118a6eeb73b452"",""parameter_schema_version"":""1"",""parameter_set_equivalence_family_id"":""a5450e58ec9e"",""parameter_set_equivalence_family_sha256"":""a5450e58ec9ea0e049f279f641c84b93593d22aa29d435e8f2932bdedf272226"",""parameter_set_equivalence_family_size"":1,""parameter_set_id"":""a5450e58ec9e"",""parameters"":{""contour_weight"":0.45,""contrast_weight"":0.4,""epsilon_max_fraction"":0.04,""minimum_contour_area_fraction"":0.12,""minimum_cross_edge_contrast"":0.045,""minimum_polarity_consistency"":0.55,""minimum_rectangularity"":0.55,""polarity_weight"":0.15,""sample_offset_fraction"":0.008,""samples_per_edge"":48},""profile"":""baseline"",""rank"":1,""reference_roles"":[""baseline""],""requested_search_member"":false,""run_id"":""run-20260902-194725"",""search_space_member"":true,""summary"":{""elapsed_ms_total"":931.235,""failure_count"":0,""mean_edge_error_px"":34.8,""mean_iou"":0.87682013,""mean_iou_success"":0.87682013,""minimum_iou"":0.75890607,""page_count"":5,""stddev_iou"":0.07335619,""success_count"":5,""wall_ms"":931.762}}","{""approved_bbox"":[67,8,1233,977],""candidate"":{""authors"":null,""bbox"":[119,15,1316,949],""confidence"":0.8005187112106822,""corners"":[[119.0,36.0],[1315.0,15.0],[739.0,948.0],[137.0,771.0]],""detector_name"":"""",""diagnostics"":{""contour_score"":0.749072,""contrast_score"":0.9027314030267054,""cross_edge_contrast"":0.12186873940860524,""evidence"":""inside_outside_cross_boundary_intensity"",""parameters"":{""contour_weight"":0.45,""contrast_weight"":0.4,""epsilon_max_fraction"":0.04,""minimum_contour_area_fraction"":0.12,""minimum_cross_edge_contrast"":0.045,""minimum_polarity_consistency"":0.55,""minimum_rectangularity"":0.55,""polarity_weight"":0.15,""sample_offset_fraction"":0.008,""samples_per_edge"":48},""polarity_consistency"":0.6822916666666666,""sample_offset_pixels"":7.896,""side_contrast"":[0.156367836746515,0.07477473838656556,0.06487391602759268,0.19145847395354626]},""foundation"":null,""method"":""cross_edge_contour"",""origin"":"""",""repository"":"""",""score"":0.8005187112106822,""status"":""ok"",""version"":""""},""edge_error_maximum_px"":83,""edge_error_mean_px"":42.5,""edge_errors"":{""bottom"":28,""left"":52,""maximum"":83,""mean"":42.5,""right"":83,""top"":7},""elapsed_ms"":87.183,""global_ordinal"":5,""iou"":0.86176634,""label"":""damaged_partial_register_spread"",""layout_type"":""two_page_spread"",""predicted_bbox"":[119,15,1316,949],""status"":""ok""}"
run-20260902-194725,a5450e58ec9e,a5450e58ec9ea0e049f279f641c84b93593d22aa29d435e8f2932bdedf272226,1,a5450e58ec9e,3d82d36167e53106763fd0a6b3a2041b59b933e70d9b33ce55118a6eeb73b452,1,,,baseline,1,,0,1,"[""baseline""]",{},,,,6,title_or_index_sheet,single_page,ok,0.75890607,125,16,37,82,65.0,125,71.383,"[15, 28, 1074, 970]","[140, 44, 1037, 888]","{""contour_weight"":0.45,""contrast_weight"":0.4,""epsilon_max_fraction"":0.04,""minimum_contour_area_fraction"":0.12,""minimum_cross_edge_contrast"":0.045,""minimum_polarity_consistency"":0.55,""minimum_rectangularity"":0.55,""polarity_weight"":0.15,""sample_offset_fraction"":0.008,""samples_per_edge"":48}",,,"{""legacy_parameter_set_id"":""a5450e58ec9e"",""parameter_grid_ordinal"":null,""parameter_grid_sha256"":null,""parameter_identity_schema_version"":""1"",""parameter_identity_sha256"":""3d82d36167e53106763fd0a6b3a2041b59b933e70d9b33ce55118a6eeb73b452"",""parameter_schema_version"":""1"",""parameter_set_equivalence_family_id"":""a5450e58ec9e"",""parameter_set_equivalence_family_sha256"":""a5450e58ec9ea0e049f279f641c84b93593d22aa29d435e8f2932bdedf272226"",""parameter_set_equivalence_family_size"":1,""parameter_set_id"":""a5450e58ec9e"",""parameters"":{""contour_weight"":0.45,""contrast_weight"":0.4,""epsilon_max_fraction"":0.04,""minimum_contour_area_fraction"":0.12,""minimum_cross_edge_contrast"":0.045,""minimum_polarity_consistency"":0.55,""minimum_rectangularity"":0.55,""polarity_weight"":0.15,""sample_offset_fraction"":0.008,""samples_per_edge"":48},""profile"":""baseline"",""rank"":1,""reference_roles"":[""baseline""],""requested_search_member"":false,""run_id"":""run-20260902-194725"",""search_space_member"":true,""summary"":{""elapsed_ms_total"":931.235,""failure_count"":0,""mean_edge_error_px"":34.8,""mean_iou"":0.87682013,""mean_iou_success"":0.87682013,""minimum_iou"":0.75890607,""page_count"":5,""stddev_iou"":0.07335619,""success_count"":5,""wall_ms"":931.762}}","{""approved_bbox"":[15,28,1074,970],""candidate"":{""authors"":null,""bbox"":[140,44,1037,888],""confidence"":0.6686392059229189,""corners"":[[140.0,44.0],[1036.0,223.0],[1021.0,886.0],[424.0,887.0]],""detector_name"":"""",""diagnostics"":{""contour_score"":0.662027,""contrast_score"":0.7100207648072973,""cross_edge_contrast"":0.09585280324898514,""evidence"":""inside_outside_cross_boundary_intensity"",""parameters"":{""contour_weight"":0.45,""contrast_weight"":0.4,""epsilon_max_fraction"":0.04,""minimum_contour_area_fraction"":0.12,""minimum_cross_edge_contrast"":0.045,""minimum_polarity_consistency"":0.55,""minimum_rectangularity"":0.55,""polarity_weight"":0.15,""sample_offset_fraction"":0.008,""samples_per_edge"":48},""polarity_consistency"":0.578125,""sample_offset_pixels"":7.864,""side_contrast"":[0.19832747216318167,0.007280396947673723,0.006732508247973872,0.17107078701842066]},""foundation"":null,""method"":""cross_edge_contour"",""origin"":"""",""repository"":"""",""score"":0.6686392059229189,""status"":""ok"",""version"":""""},""edge_error_maximum_px"":125,""edge_error_mean_px"":65.0,""edge_errors"":{""bottom"":82,""left"":125,""maximum"":125,""mean"":65.0,""right"":37,""top"":16},""elapsed_ms"":71.383,""global_ordinal"":6,""iou"":0.75890607,""label"":""title_or_index_sheet"",""layout_type"":""single_page"",""predicted_bbox"":[140,44,1037,888],""status"":""ok""}"
run-20260902-194725,a5450e58ec9e,a5450e58ec9ea0e049f279f641c84b93593d22aa29d435e8f2932bdedf272226,1,a5450e58ec9e,3d82d36167e53106763fd0a6b3a2041b59b933e70d9b33ce55118a6eeb73b452,1,,,baseline,1,,0,1,"[""baseline""]",{},,,,9,clean_two_page_spread,two_page_spread,ok,0.96377596,11,5,18,3,9.25,18,248.386,"[84, 51, 1101, 941]","[73, 56, 1119, 938]","{""contour_weight"":0.45,""contrast_weight"":0.4,""epsilon_max_fraction"":0.04,""minimum_contour_area_fraction"":0.12,""minimum_cross_edge_contrast"":0.045,""minimum_polarity_consistency"":0.55,""minimum_rectangularity"":0.55,""polarity_weight"":0.15,""sample_offset_fraction"":0.008,""samples_per_edge"":48}",,,"{""legacy_parameter_set_id"":""a5450e58ec9e"",""parameter_grid_ordinal"":null,""parameter_grid_sha256"":null,""parameter_identity_schema_version"":""1"",""parameter_identity_sha256"":""3d82d36167e53106763fd0a6b3a2041b59b933e70d9b33ce55118a6eeb73b452"",""parameter_schema_version"":""1"",""parameter_set_equivalence_family_id"":""a5450e58ec9e"",""parameter_set_equivalence_family_sha256"":""a5450e58ec9ea0e049f279f641c84b93593d22aa29d435e8f2932bdedf272226"",""parameter_set_equivalence_family_size"":1,""parameter_set_id"":""a5450e58ec9e"",""parameters"":{""contour_weight"":0.45,""contrast_weight"":0.4,""epsilon_max_fraction"":0.04,""minimum_contour_area_fraction"":0.12,""minimum_cross_edge_contrast"":0.045,""minimum_polarity_consistency"":0.55,""minimum_rectangularity"":0.55,""polarity_weight"":0.15,""sample_offset_fraction"":0.008,""samples_per_edge"":48},""profile"":""baseline"",""rank"":1,""reference_roles"":[""baseline""],""requested_search_member"":false,""run_id"":""run-20260902-194725"",""search_space_member"":true,""summary"":{""elapsed_ms_total"":931.235,""failure_count"":0,""mean_edge_error_px"":34.8,""mean_iou"":0.87682013,""mean_iou_success"":0.87682013,""minimum_iou"":0.75890607,""page_count"":5,""stddev_iou"":0.07335619,""success_count"":5,""wall_ms"":931.762}}","{""approved_bbox"":[84,51,1101,941],""candidate"":{""authors"":null,""bbox"":[73,56,1119,938],""confidence"":0.9443034,""corners"":[[77.0,56.0],[1115.0,56.0],[1118.0,937.0],[73.0,932.0]],""detector_name"":"""",""diagnostics"":{""contour_score"":0.879702,""contrast_score"":1.0,""cross_edge_contrast"":0.5573417513978247,""evidence"":""inside_outside_cross_boundary_intensity"",""parameters"":{""contour_weight"":0.45,""contrast_weight"":0.4,""epsilon_max_fraction"":0.04,""minimum_contour_area_fraction"":0.12,""minimum_cross_edge_contrast"":0.045,""minimum_polarity_consistency"":0.55,""minimum_rectangularity"":0.55,""polarity_weight"":0.15,""sample_offset_fraction"":0.008,""samples_per_edge"":48},""polarity_consistency"":0.9895833333333334,""sample_offset_pixels"":7.88,""side_contrast"":[0.7512113084980085,0.23729810527726716,0.66490478515625,0.5759526869829963]},""foundation"":null,""method"":""cross_edge_contour"",""origin"":"""",""repository"":"""",""score"":0.9443034,""status"":""ok"",""version"":""""},""edge_error_maximum_px"":18,""edge_error_mean_px"":9.25,""edge_errors"":{""bottom"":3,""left"":11,""maximum"":18,""mean"":9.25,""right"":18,""top"":5},""elapsed_ms"":248.386,""global_ordinal"":9,""iou"":0.96377596,""label"":""clean_two_page_spread"",""layout_type"":""two_page_spread"",""predicted_bbox"":[73,56,1119,938],""status"":""ok""}"
run-20260902-194725,a5450e58ec9e,a5450e58ec9ea0e049f279f641c84b93593d22aa29d435e8f2932bdedf272226,1,a5450e58ec9e,3d82d36167e53106763fd0a6b3a2041b59b933e70d9b33ce55118a6eeb73b452,1,,,baseline,1,,0,1,"[""baseline""]",{},,,,10,clean_two_page_spread_2,two_page_spread,ok,0.94540817,7,11,18,20,14.0,20,251.539,"[88, 33, 1154, 968]","[81, 44, 1172, 948]","{""contour_weight"":0.45,""contrast_weight"":0.4,""epsilon_max_fraction"":0.04,""minimum_contour_area_fraction"":0.12,""minimum_cross_edge_contrast"":0.045,""minimum_polarity_consistency"":0.55,""minimum_rectangularity"":0.55,""polarity_weight"":0.15,""sample_offset_fraction"":0.008,""samples_per_edge"":48}",,,"{""legacy_parameter_set_id"":""a5450e58ec9e"",""parameter_grid_ordinal"":null,""parameter_grid_sha256"":null,""parameter_identity_schema_version"":""1"",""parameter_identity_sha256"":""3d82d36167e53106763fd0a6b3a2041b59b933e70d9b33ce55118a6eeb73b452"",""parameter_schema_version"":""1"",""parameter_set_equivalence_family_id"":""a5450e58ec9e"",""parameter_set_equivalence_family_sha256"":""a5450e58ec9ea0e049f279f641c84b93593d22aa29d435e8f2932bdedf272226"",""parameter_set_equivalence_family_size"":1,""parameter_set_id"":""a5450e58ec9e"",""parameters"":{""contour_weight"":0.45,""contrast_weight"":0.4,""epsilon_max_fraction"":0.04,""minimum_contour_area_fraction"":0.12,""minimum_cross_edge_contrast"":0.045,""minimum_polarity_consistency"":0.55,""minimum_rectangularity"":0.55,""polarity_weight"":0.15,""sample_offset_fraction"":0.008,""samples_per_edge"":48},""profile"":""baseline"",""rank"":1,""reference_roles"":[""baseline""],""requested_search_member"":false,""run_id"":""run-20260902-194725"",""search_space_member"":true,""summary"":{""elapsed_ms_total"":931.235,""failure_count"":0,""mean_edge_error_px"":34.8,""mean_iou"":0.87682013,""mean_iou_success"":0.87682013,""minimum_iou"":0.75890607,""page_count"":5,""stddev_iou"":0.07335619,""success_count"":5,""wall_ms"":931.762}}","{""approved_bbox"":[88,33,1154,968],""candidate"":{""authors"":null,""bbox"":[81,44,1172,948],""confidence"":0.92205735,""corners"":[[84.0,44.0],[1144.0,44.0],[1171.0,947.0],[81.0,945.0]],""detector_name"":"""",""diagnostics"":{""contour_score"":0.856308,""contrast_score"":1.0,""cross_edge_contrast"":0.21507267671472885,""evidence"":""inside_outside_cross_boundary_intensity"",""parameters"":{""contour_weight"":0.45,""contrast_weight"":0.4,""epsilon_max_fraction"":0.04,""minimum_contour_area_fraction"":0.12,""minimum_cross_edge_contrast"":0.045,""minimum_polarity_consistency"":0.55,""minimum_rectangularity"":0.55,""polarity_weight"":0.15,""sample_offset_fraction"":0.008,""samples_per_edge"":48},""polarity_consistency"":0.9114583333333334,""sample_offset_pixels"":7.92,""side_contrast"":[0.24040778664981619,0.14859227199180453,0.08224333220837163,0.389047301049326]},""foundation"":null,""method"":""cross_edge_contour"",""origin"":"""",""repository"":"""",""score"":0.92205735,""status"":""ok"",""version"":""""},""edge_error_maximum_px"":20,""edge_error_mean_px"":14.0,""edge_errors"":{""bottom"":20,""left"":7,""maximum"":20,""mean"":14.0,""right"":18,""top"":11},""elapsed_ms"":251.539,""global_ordinal"":10,""iou"":0.94540817,""label"":""clean_two_page_spread_2"",""layout_type"":""two_page_spread"",""predicted_bbox"":[81,44,1172,948],""status"":""ok""}"
run-20260902-194725,0bd97323ddd6,0bd97323ddd6dd3b5d8f71403668d9ae451fd2417ec09266d5f50c64ac0b181d,1,0bd97323ddd6,8d7162bcd8eb589bdaab9fac604fa249a5dd733b1a8c8f01ab9e42094d5ba822,1,05114d057333e20b44a9764f6ca07fff04b2a09cab04922155b53f2a43ce420c,0,,2,1,1,1,[],{},2,1.5109299710020423,0.2,1,ordinary_two_page_spread,two_page_spread,ok,0.85424412,14,38,93,28,43.25,93,170.626,"[125, 56, 1289, 967]","[111, 18, 1382, 939]","{""contrast_weight"":0.3,""epsilon_max_fraction"":0.03,""minimum_contour_area_fraction"":0.08,""minimum_cross_edge_contrast"":0.02,""minimum_polarity_consistency"":0.5,""minimum_rectangularity"":0.45,""sample_offset_fraction"":0.004,""samples_per_edge"":24}",,,"{""legacy_parameter_set_id"":""0bd97323ddd6"",""parameter_grid_ordinal"":0,""parameter_grid_sha256"":""05114d057333e20b44a9764f6ca07fff04b2a09cab04922155b53f2a43ce420c"",""parameter_identity_schema_version"":""1"",""parameter_identity_sha256"":""8d7162bcd8eb589bdaab9fac604fa249a5dd733b1a8c8f01ab9e42094d5ba822"",""parameter_schema_version"":""1"",""parameter_set_equivalence_family_id"":""0bd97323ddd6"",""parameter_set_equivalence_family_sha256"":""0bd97323ddd6dd3b5d8f71403668d9ae451fd2417ec09266d5f50c64ac0b181d"",""parameter_set_equivalence_family_size"":1,""parameter_set_id"":""0bd97323ddd6"",""parameters"":{""contrast_weight"":0.3,""epsilon_max_fraction"":0.03,""minimum_contour_area_fraction"":0.08,""minimum_cross_edge_contrast"":0.02,""minimum_polarity_consistency"":0.5,""minimum_rectangularity"":0.45,""sample_offset_fraction"":0.004,""samples_per_edge"":24},""profile"":null,""rank"":2,""reference_roles"":[],""requested_search_member"":true,""run_id"":""run-20260902-194725"",""search_observation"":{""completion_index"":2,""elapsed_seconds"":1.5109299710020423,""parameter_set_number"":2,""search_fraction"":0.2},""search_rank"":1,""search_space_member"":true,""summary"":{""elapsed_ms_total"":577.075,""failure_count"":0,""mean_edge_error_px"":34.8,""mean_iou"":0.87682013,""mean_iou_success"":0.87682013,""minimum_iou"":0.75890607,""page_count"":5,""stddev_iou"":0.07335619,""success_count"":5,""wall_ms"":577.499}}","{""approved_bbox"":[125,56,1289,967],""candidate"":{""authors"":null,""bbox"":[111,18,1382,939],""confidence"":0.8534672222222223,""corners"":[[111.0,90.0],[1381.0,18.0],[1257.0,938.0],[235.0,917.0]],""detector_name"":"""",""diagnostics"":{""contour_score"":0.79374,""contrast_score"":1.0,""cross_edge_contrast"":0.11410603990741805,""evidence"":""inside_outside_cross_boundary_intensity"",""parameters"":{""contour_weight"":0.45,""contrast_weight"":0.3,""epsilon_max_fraction"":0.03,""minimum_contour_area_fraction"":0.08,""minimum_cross_edge_contrast"":0.02,""minimum_polarity_consistency"":0.5,""minimum_rectangularity"":0.45,""polarity_weight"":0.15,""sample_offset_fraction"":0.004,""samples_per_edge"":24},""polarity_consistency"":0.7395833333333334,""sample_offset_pixels"":3.944,""side_contrast"":[0.16507701499789368,0.03896190792906518,0.13016209321863512,0.12222314722397748]},""foundation"":null,""method"":""cross_edge_contour"",""origin"":"""",""repository"":"""",""score"":0.8534672222222223,""status"":""ok"",""version"":""""},""edge_error_maximum_px"":93,""edge_error_mean_px"":43.25,""edge_errors"":{""bottom"":28,""left"":14,""maximum"":93,""mean"":43.25,""right"":93,""top"":38},""elapsed_ms"":170.626,""global_ordinal"":1,""iou"":0.85424412,""label"":""ordinary_two_page_spread"",""layout_type"":""two_page_spread"",""predicted_bbox"":[111,18,1382,939],""status"":""ok""}"
run-20260902-194725,0bd97323ddd6,0bd97323ddd6dd3b5d8f71403668d9ae451fd2417ec09266d5f50c64ac0b181d,1,0bd97323ddd6,8d7162bcd8eb589bdaab9fac604fa249a5dd733b1a8c8f01ab9e42094d5ba822,1,05114d057333e20b44a9764f6ca07fff04b2a09cab04922155b53f2a43ce420c,0,,2,1,1,1,[],{},2,1.5109299710020423,0.2,5,damaged_partial_register_spread,two_page_spread,ok,0.86176634,52,7,83,28,42.5,83,34.892,"[67, 8, 1233, 977]","[119, 15, 1316, 949]","{""contrast_weight"":0.3,""epsilon_max_fraction"":0.03,""minimum_contour_area_fraction"":0.08,""minimum_cross_edge_contrast"":0.02,""minimum_polarity_consistency"":0.5,""minimum_rectangularity"":0.45,""sample_offset_fraction"":0.004,""samples_per_edge"":24}",,,"{""legacy_parameter_set_id"":""0bd97323ddd6"",""parameter_grid_ordinal"":0,""parameter_grid_sha256"":""05114d057333e20b44a9764f6ca07fff04b2a09cab04922155b53f2a43ce420c"",""parameter_identity_schema_version"":""1"",""parameter_identity_sha256"":""8d7162bcd8eb589bdaab9fac604fa249a5dd733b1a8c8f01ab9e42094d5ba822"",""parameter_schema_version"":""1"",""parameter_set_equivalence_family_id"":""0bd97323ddd6"",""parameter_set_equivalence_family_sha256"":""0bd97323ddd6dd3b5d8f71403668d9ae451fd2417ec09266d5f50c64ac0b181d"",""parameter_set_equivalence_family_size"":1,""parameter_set_id"":""0bd97323ddd6"",""parameters"":{""contrast_weight"":0.3,""epsilon_max_fraction"":0.03,""minimum_contour_area_fraction"":0.08,""minimum_cross_edge_contrast"":0.02,""minimum_polarity_consistency"":0.5,""minimum_rectangularity"":0.45,""sample_offset_fraction"":0.004,""samples_per_edge"":24},""profile"":null,""rank"":2,""reference_roles"":[],""requested_search_member"":true,""run_id"":""run-20260902-194725"",""search_observation"":{""completion_index"":2,""elapsed_seconds"":1.5109299710020423,""parameter_set_number"":2,""search_fraction"":0.2},""search_rank"":1,""search_space_member"":true,""summary"":{""elapsed_ms_total"":577.075,""failure_count"":0,""mean_edge_error_px"":34.8,""mean_iou"":0.87682013,""mean_iou_success"":0.87682013,""minimum_iou"":0.75890607,""page_count"":5,""stddev_iou"":0.07335619,""success_count"":5,""wall_ms"":577.499}}","{""approved_bbox"":[67,8,1233,977],""candidate"":{""authors"":null,""bbox"":[119,15,1316,949],""confidence"":0.8102998888888888,""corners"":[[119.0,36.0],[1315.0,15.0],[739.0,948.0],[137.0,771.0]],""detector_name"":"""",""diagnostics"":{""contour_score"":0.749072,""contrast_score"":1.0,""cross_edge_contrast"":0.08581560920266544,""evidence"":""inside_outside_cross_boundary_intensity"",""parameters"":{""contour_weight"":0.45,""contrast_weight"":0.3,""epsilon_max_fraction"":0.03,""minimum_contour_area_fraction"":0.08,""minimum_cross_edge_contrast"":0.02,""minimum_polarity_consistency"":0.5,""minimum_rectangularity"":0.45,""polarity_weight"":0.15,""sample_offset_fraction"":0.004,""samples_per_edge"":24},""polarity_consistency"":0.6145833333333334,""sample_offset_pixels"":3.948,""side_contrast"":[0.04013398114372702,0.051946677413641236,0.0647052241306679,0.18647656908222274]},""foundation"":null,""method"":""cross_edge_contour"",""origin"":"""",""repository"":"""",""score"":0.8102998888888888,""status"":""ok"",""version"":""""},""edge_error_maximum_px"":83,""edge_error_mean_px"":42.5,""edge_errors"":{""bottom"":28,""left"":52,""maximum"":83,""mean"":42.5,""right"":83,""top"":7},""elapsed_ms"":34.892,""global_ordinal"":5,""iou"":0.86176634,""label"":""damaged_partial_register_spread"",""layout_type"":""two_page_spread"",""predicted_bbox"":[119,15,1316,949],""status"":""ok""}"
run-20260902-194725,0bd97323ddd6,0bd97323ddd6dd3b5d8f71403668d9ae451fd2417ec09266d5f50c64ac0b181d,1,0bd97323ddd6,8d7162bcd8eb589bdaab9fac604fa249a5dd733b1a8c8f01ab9e42094d5ba822,1,05114d057333e20b44a9764f6ca07fff04b2a09cab04922155b53f2a43ce420c,0,,2,1,1,1,[],{},2,1.5109299710020423,0.2,6,title_or_index_sheet,single_page,ok,0.75890607,125,16,37,82,65.0,125,31.047,"[15, 28, 1074, 970]","[140, 44, 1037, 888]","{""contrast_weight"":0.3,""epsilon_max_fraction"":0.03,""minimum_contour_area_fraction"":0.08,""minimum_cross_edge_contrast"":0.02,""minimum_polarity_consistency"":0.5,""minimum_rectangularity"":0.45,""sample_offset_fraction"":0.004,""samples_per_edge"":24}",,,"{""legacy_parameter_set_id"":""0bd97323ddd6"",""parameter_grid_ordinal"":0,""parameter_grid_sha256"":""05114d057333e20b44a9764f6ca07fff04b2a09cab04922155b53f2a43ce420c"",""parameter_identity_schema_version"":""1"",""parameter_identity_sha256"":""8d7162bcd8eb589bdaab9fac604fa249a5dd733b1a8c8f01ab9e42094d5ba822"",""parameter_schema_version"":""1"",""parameter_set_equivalence_family_id"":""0bd97323ddd6"",""parameter_set_equivalence_family_sha256"":""0bd97323ddd6dd3b5d8f71403668d9ae451fd2417ec09266d5f50c64ac0b181d"",""parameter_set_equivalence_family_size"":1,""parameter_set_id"":""0bd97323ddd6"",""parameters"":{""contrast_weight"":0.3,""epsilon_max_fraction"":0.03,""minimum_contour_area_fraction"":0.08,""minimum_cross_edge_contrast"":0.02,""minimum_polarity_consistency"":0.5,""minimum_rectangularity"":0.45,""sample_offset_fraction"":0.004,""samples_per_edge"":24},""profile"":null,""rank"":2,""reference_roles"":[],""requested_search_member"":true,""run_id"":""run-20260902-194725"",""search_observation"":{""completion_index"":2,""elapsed_seconds"":1.5109299710020423,""parameter_set_number"":2,""search_fraction"":0.2},""search_rank"":1,""search_space_member"":true,""summary"":{""elapsed_ms_total"":577.075,""failure_count"":0,""mean_edge_error_px"":34.8,""mean_iou"":0.87682013,""mean_iou_success"":0.87682013,""minimum_iou"":0.75890607,""page_count"":5,""stddev_iou"":0.07335619,""success_count"":5,""wall_ms"":577.499}}","{""approved_bbox"":[15,28,1074,970],""candidate"":{""authors"":null,""bbox"":[140,44,1037,888],""confidence"":0.7528885,""corners"":[[140.0,44.0],[1036.0,223.0],[1021.0,886.0],[424.0,887.0]],""detector_name"":"""",""diagnostics"":{""contour_score"":0.662027,""contrast_score"":1.0,""cross_edge_contrast"":0.07662325840370328,""evidence"":""inside_outside_cross_boundary_intensity"",""parameters"":{""contour_weight"":0.45,""contrast_weight"":0.3,""epsilon_max_fraction"":0.03,""minimum_contour_area_fraction"":0.08,""minimum_cross_edge_contrast"":0.02,""minimum_polarity_consistency"":0.5,""minimum_rectangularity"":0.45,""polarity_weight"":0.15,""sample_offset_fraction"":0.004,""samples_per_edge"":24},""polarity_consistency"":0.53125,""sample_offset_pixels"":3.932,""side_contrast"":[0.1635775696997549,0.005373571900760426,0.0076198503082873775,0.12992202160405178]},""foundation"":null,""method"":""cross_edge_contour"",""origin"":"""",""repository"":"""",""score"":0.7528885,""status"":""ok"",""version"":""""},""edge_error_maximum_px"":125,""edge_error_mean_px"":65.0,""edge_errors"":{""bottom"":82,""left"":125,""maximum"":125,""mean"":65.0,""right"":37,""top"":16},""elapsed_ms"":31.047,""global_ordinal"":6,""iou"":0.75890607,""label"":""title_or_index_sheet"",""layout_type"":""single_page"",""predicted_bbox"":[140,44,1037,888],""status"":""ok""}"
run-20260902-194725,0bd97323ddd6,0bd97323ddd6dd3b5d8f71403668d9ae451fd2417ec09266d5f50c64ac0b181d,1,0bd97323ddd6,8d7162bcd8eb589bdaab9fac604fa249a5dd733b1a8c8f01ab9e42094d5ba822,1,05114d057333e20b44a9764f6ca07fff04b2a09cab04922155b53f2a43ce420c,0,,2,1,1,1,[],{},2,1.5109299710020423,0.2,9,clean_two_page_spread,two_page_spread,ok,0.96377596,11,5,18,3,9.25,18,175.189,"[84, 51, 1101, 941]","[73, 56, 1119, 938]","{""contrast_weight"":0.3,""epsilon_max_fraction"":0.03,""minimum_contour_area_fraction"":0.08,""minimum_cross_edge_contrast"":0.02,""minimum_polarity_consistency"":0.5,""minimum_rectangularity"":0.45,""sample_offset_fraction"":0.004,""samples_per_edge"":24}",,,"{""legacy_parameter_set_id"":""0bd97323ddd6"",""parameter_grid_ordinal"":0,""parameter_grid_sha256"":""05114d057333e20b44a9764f6ca07fff04b2a09cab04922155b53f2a43ce420c"",""parameter_identity_schema_version"":""1"",""parameter_identity_sha256"":""8d7162bcd8eb589bdaab9fac604fa249a5dd733b1a8c8f01ab9e42094d5ba822"",""parameter_schema_version"":""1"",""parameter_set_equivalence_family_id"":""0bd97323ddd6"",""parameter_set_equivalence_family_sha256"":""0bd97323ddd6dd3b5d8f71403668d9ae451fd2417ec09266d5f50c64ac0b181d"",""parameter_set_equivalence_family_size"":1,""parameter_set_id"":""0bd97323ddd6"",""parameters"":{""contrast_weight"":0.3,""epsilon_max_fraction"":0.03,""minimum_contour_area_fraction"":0.08,""minimum_cross_edge_contrast"":0.02,""minimum_polarity_consistency"":0.5,""minimum_rectangularity"":0.45,""sample_offset_fraction"":0.004,""samples_per_edge"":24},""profile"":null,""rank"":2,""reference_roles"":[],""requested_search_member"":true,""run_id"":""run-20260902-194725"",""search_observation"":{""completion_index"":2,""elapsed_seconds"":1.5109299710020423,""parameter_set_number"":2,""search_fraction"":0.2},""search_rank"":1,""search_space_member"":true,""summary"":{""elapsed_ms_total"":577.075,""failure_count"":0,""mean_edge_error_px"":34.8,""mean_iou"":0.87682013,""mean_iou_success"":0.87682013,""minimum_iou"":0.75890607,""page_count"":5,""stddev_iou"":0.07335619,""success_count"":5,""wall_ms"":577.499}}","{""approved_bbox"":[84,51,1101,941],""candidate"":{""authors"":null,""bbox"":[73,56,1119,938],""confidence"":0.9242260000000001,""corners"":[[77.0,56.0],[1115.0,56.0],[1118.0,937.0],[73.0,932.0]],""detector_name"":"""",""diagnostics"":{""contour_score"":0.879702,""contrast_score"":1.0,""cross_edge_contrast"":0.405130812701057,""evidence"":""inside_outside_cross_boundary_intensity"",""parameters"":{""contour_weight"":0.45,""contrast_weight"":0.3,""epsilon_max_fraction"":0.03,""minimum_contour_area_fraction"":0.08,""minimum_cross_edge_contrast"":0.02,""minimum_polarity_consistency"":0.5,""minimum_rectangularity"":0.45,""polarity_weight"":0.15,""sample_offset_fraction"":0.004,""samples_per_edge"":24},""polarity_consistency"":0.90625,""sample_offset_pixels"":3.94,""side_contrast"":[0.5867487888710171,0.0731713612874349,0.43915641635072,0.5214466768152574]},""foundation"":null,""method"":""cross_edge_contour"",""origin"":"""",""repository"":"""",""score"":0.9242260000000001,""status"":""ok"",""version"":""""},""edge_error_maximum_px"":18,""edge_error_mean_px"":9.25,""edge_errors"":{""bottom"":3,""left"":11,""maximum"":18,""mean"":9.25,""right"":18,""top"":5},""elapsed_ms"":175.189,""global_ordinal"":9,""iou"":0.96377596,""label"":""clean_two_page_spread"",""layout_type"":""two_page_spread"",""predicted_bbox"":[73,56,1119,938],""status"":""ok""}"
run-20260902-194725,0bd97323ddd6,0bd97323ddd6dd3b5d8f71403668d9ae451fd2417ec09266d5f50c64ac0b181d,1,0bd97323ddd6,8d7162bcd8eb589bdaab9fac604fa249a5dd733b1a8c8f01ab9e42094d5ba822,1,05114d057333e20b44a9764f6ca07fff04b2a09cab04922155b53f2a43ce420c,0,,2,1,1,1,[],{},2,1.5109299710020423,0.2,10,clean_two_page_spread_2,two_page_spread,ok,0.94540817,7,11,18,20,14.0,20,165.321,"[88, 33, 1154, 968]","[81, 44, 1172, 948]","{""contrast_weight"":0.3,""epsilon_max_fraction"":0.03,""minimum_contour_area_fraction"":0.08,""minimum_cross_edge_contrast"":0.02,""minimum_polarity_consistency"":0.5,""minimum_rectangularity"":0.45,""sample_offset_fraction"":0.004,""samples_per_edge"":24}",,,"{""legacy_parameter_set_id"":""0bd97323ddd6"",""parameter_grid_ordinal"":0,""parameter_grid_sha256"":""05114d057333e20b44a9764f6ca07fff04b2a09cab04922155b53f2a43ce420c"",""parameter_identity_schema_version"":""1"",""parameter_identity_sha256"":""8d7162bcd8eb589bdaab9fac604fa249a5dd733b1a8c8f01ab9e42094d5ba822"",""parameter_schema_version"":""1"",""parameter_set_equivalence_family_id"":""0bd97323ddd6"",""parameter_set_equivalence_family_sha256"":""0bd97323ddd6dd3b5d8f71403668d9ae451fd2417ec09266d5f50c64ac0b181d"",""parameter_set_equivalence_family_size"":1,""parameter_set_id"":""0bd97323ddd6"",""parameters"":{""contrast_weight"":0.3,""epsilon_max_fraction"":0.03,""minimum_contour_area_fraction"":0.08,""minimum_cross_edge_contrast"":0.02,""minimum_polarity_consistency"":0.5,""minimum_rectangularity"":0.45,""sample_offset_fraction"":0.004,""samples_per_edge"":24},""profile"":null,""rank"":2,""reference_roles"":[],""requested_search_member"":true,""run_id"":""run-20260902-194725"",""search_observation"":{""completion_index"":2,""elapsed_seconds"":1.5109299710020423,""parameter_set_number"":2,""search_fraction"":0.2},""search_rank"":1,""search_space_member"":true,""summary"":{""elapsed_ms_total"":577.075,""failure_count"":0,""mean_edge_error_px"":34.8,""mean_iou"":0.87682013,""mean_iou_success"":0.87682013,""minimum_iou"":0.75890607,""page_count"":5,""stddev_iou"":0.07335619,""success_count"":5,""wall_ms"":577.499}}","{""approved_bbox"":[88,33,1154,968],""candidate"":{""authors"":null,""bbox"":[81,44,1172,948],""confidence"":0.9090567777777776,""corners"":[[84.0,44.0],[1144.0,44.0],[1171.0,947.0],[81.0,945.0]],""detector_name"":"""",""diagnostics"":{""contour_score"":0.856308,""contrast_score"":1.0,""cross_edge_contrast"":0.11443948932722503,""evidence"":""inside_outside_cross_boundary_intensity"",""parameters"":{""contour_weight"":0.45,""contrast_weight"":0.3,""epsilon_max_fraction"":0.03,""minimum_contour_area_fraction"":0.08,""minimum_cross_edge_contrast"":0.02,""minimum_polarity_consistency"":0.5,""minimum_rectangularity"":0.45,""polarity_weight"":0.15,""sample_offset_fraction"":0.004,""samples_per_edge"":24},""polarity_consistency"":0.8854166666666666,""sample_offset_pixels"":3.96,""side_contrast"":[0.09415510589001226,0.0956201291551777,0.07530985065535004,0.1926728940477558]},""foundation"":null,""method"":""cross_edge_contour"",""origin"":"""",""repository"":"""",""score"":0.9090567777777776,""status"":""ok"",""version"":""""},""edge_error_maximum_px"":20,""edge_error_mean_px"":14.0,""edge_errors"":{""bottom"":20,""left"":7,""maximum"":20,""mean"":14.0,""right"":18,""top"":11},""elapsed_ms"":165.321,""global_ordinal"":10,""iou"":0.94540817,""label"":""clean_two_page_spread_2"",""layout_type"":""two_page_spread"",""predicted_bbox"":[81,44,1172,948],""status"":""ok""}"
run-20260902-194725,5417f7a84576,5417f7a845763f23513763d415f8a8a2efd6990791fa4c22bfc8aa7b6e5ef1d8,1,5417f7a84576,493b4ce7162b743d069c23bbbb2068a76e963b017134a1bc4616117e3dec8df9,1,05114d057333e20b44a9764f6ca07fff04b2a09cab04922155b53f2a43ce420c,1,,3,2,1,1,[],{},6,1.5564487632364035,0.6,1,ordinary_two_page_spread,two_page_spread,ok,0.85424412,14,38,93,28,43.25,93,173.052,"[125, 56, 1289, 967]","[111, 18, 1382, 939]","{""contrast_weight"":0.4,""epsilon_max_fraction"":0.03,""minimum_contour_area_fraction"":0.08,""minimum_cross_edge_contrast"":0.02,""minimum_polarity_consistency"":0.5,""minimum_rectangularity"":0.45,""sample_offset_fraction"":0.004,""samples_per_edge"":24}",,,"{""legacy_parameter_set_id"":""5417f7a84576"",""parameter_grid_ordinal"":1,""parameter_grid_sha256"":""05114d057333e20b44a9764f6ca07fff04b2a09cab04922155b53f2a43ce420c"",""parameter_identity_schema_version"":""1"",""parameter_identity_sha256"":""493b4ce7162b743d069c23bbbb2068a76e963b017134a1bc4616117e3dec8df9"",""parameter_schema_version"":""1"",""parameter_set_equivalence_family_id"":""5417f7a84576"",""parameter_set_equivalence_family_sha256"":""5417f7a845763f23513763d415f8a8a2efd6990791fa4c22bfc8aa7b6e5ef1d8"",""parameter_set_equivalence_family_size"":1,""parameter_set_id"":""5417f7a84576"",""parameters"":{""contrast_weight"":0.4,""epsilon_max_fraction"":0.03,""minimum_contour_area_fraction"":0.08,""minimum_cross_edge_contrast"":0.02,""minimum_polarity_consistency"":0.5,""minimum_rectangularity"":0.45,""sample_offset_fraction"":0.004,""samples_per_edge"":24},""profile"":null,""rank"":3,""reference_roles"":[],""requested_search_member"":true,""run_id"":""run-20260902-194725"",""search_observation"":{""completion_index"":6,""elapsed_seconds"":1.5564487632364035,""parameter_set_number"":6,""search_fraction"":0.6},""search_rank"":2,""search_space_member"":true,""summary"":{""elapsed_ms_total"":622.181,""failure_count"":0,""mean_edge_error_px"":34.8,""mean_iou"":0.87682013,""mean_iou_success"":0.87682013,""minimum_iou"":0.75890607,""page_count"":5,""stddev_iou"":0.07335619,""success_count"":5,""wall_ms"":622.597}}","{""approved_bbox"":[125,56,1289,967],""candidate"":{""authors"":null,""bbox"":[111,18,1382,939],""confidence"":0.8681205000000001,""corners"":[[111.0,90.0],[1381.0,18.0],[1257.0,938.0],[235.0,917.0]],""detector_name"":"""",""diagnostics"":{""contour_score"":0.79374,""contrast_score"":1.0,""cross_edge_contrast"":0.11410603990741805,""evidence"":""inside_outside_cross_boundary_intensity"",""parameters"":{""contour_weight"":0.45,""contrast_weight"":0.4,""epsilon_max_fraction"":0.03,""minimum_contour_area_fraction"":0.08,""minimum_cross_edge_contrast"":0.02,""minimum_polarity_consistency"":0.5,""minimum_rectangularity"":0.45,""polarity_weight"":0.15,""sample_offset_fraction"":0.004,""samples_per_edge"":24},""polarity_consistency"":0.7395833333333334,""sample_offset_pixels"":3.944,""side_contrast"":[0.16507701499789368,0.03896190792906518,0.13016209321863512,0.12222314722397748]},""foundation"":null,""method"":""cross_edge_contour"",""origin"":"""",""repository"":"""",""score"":0.8681205000000001,""status"":""ok"",""version"":""""},""edge_error_maximum_px"":93,""edge_error_mean_px"":43.25,""edge_errors"":{""bottom"":28,""left"":14,""maximum"":93,""mean"":43.25,""right"":93,""top"":38},""elapsed_ms"":173.052,""global_ordinal"":1,""iou"":0.85424412,""label"":""ordinary_two_page_spread"",""layout_type"":""two_page_spread"",""predicted_bbox"":[111,18,1382,939],""status"":""ok""}"
run-20260902-194725,5417f7a84576,5417f7a845763f23513763d415f8a8a2efd6990791fa4c22bfc8aa7b6e5ef1d8,1,5417f7a84576,493b4ce7162b743d069c23bbbb2068a76e963b017134a1bc4616117e3dec8df9,1,05114d057333e20b44a9764f6ca07fff04b2a09cab04922155b53f2a43ce420c,1,,3,2,1,1,[],{},6,1.5564487632364035,0.6,5,damaged_partial_register_spread,two_page_spread,ok,0.86176634,52,7,83,28,42.5,83,75.409,"[67, 8, 1233, 977]","[119, 15, 1316, 949]","{""contrast_weight"":0.4,""epsilon_max_fraction"":0.03,""minimum_contour_area_fraction"":0.08,""minimum_cross_edge_contrast"":0.02,""minimum_polarity_consistency"":0.5,""minimum_rectangularity"":0.45,""sample_offset_fraction"":0.004,""samples_per_edge"":24}",,,"{""legacy_parameter_set_id"":""5417f7a84576"",""parameter_grid_ordinal"":1,""parameter_grid_sha256"":""05114d057333e20b44a9764f6ca07fff04b2a09cab04922155b53f2a43ce420c"",""parameter_identity_schema_version"":""1"",""parameter_identity_sha256"":""493b4ce7162b743d069c23bbbb2068a76e963b017134a1bc4616117e3dec8df9"",""parameter_schema_version"":""1"",""parameter_set_equivalence_family_id"":""5417f7a84576"",""parameter_set_equivalence_family_sha256"":""5417f7a845763f23513763d415f8a8a2efd6990791fa4c22bfc8aa7b6e5ef1d8"",""parameter_set_equivalence_family_size"":1,""parameter_set_id"":""5417f7a84576"",""parameters"":{""contrast_weight"":0.4,""epsilon_max_fraction"":0.03,""minimum_contour_area_fraction"":0.08,""minimum_cross_edge_contrast"":0.02,""minimum_polarity_consistency"":0.5,""minimum_rectangularity"":0.45,""sample_offset_fraction"":0.004,""samples_per_edge"":24},""profile"":null,""rank"":3,""reference_roles"":[],""requested_search_member"":true,""run_id"":""run-20260902-194725"",""search_observation"":{""completion_index"":6,""elapsed_seconds"":1.5564487632364035,""parameter_set_number"":6,""search_fraction"":0.6},""search_rank"":2,""search_space_member"":true,""summary"":{""elapsed_ms_total"":622.181,""failure_count"":0,""mean_edge_error_px"":34.8,""mean_iou"":0.87682013,""mean_iou_success"":0.87682013,""minimum_iou"":0.75890607,""page_count"":5,""stddev_iou"":0.07335619,""success_count"":5,""wall_ms"":622.597}}","{""approved_bbox"":[67,8,1233,977],""candidate"":{""authors"":null,""bbox"":[119,15,1316,949],""confidence"":0.8292699,""corners"":[[119.0,36.0],[1315.0,15.0],[739.0,948.0],[137.0,771.0]],""detector_name"":"""",""diagnostics"":{""contour_score"":0.749072,""contrast_score"":1.0,""cross_edge_contrast"":0.08581560920266544,""evidence"":""inside_outside_cross_boundary_intensity"",""parameters"":{""contour_weight"":0.45,""contrast_weight"":0.4,""epsilon_max_fraction"":0.03,""minimum_contour_area_fraction"":0.08,""minimum_cross_edge_contrast"":0.02,""minimum_polarity_consistency"":0.5,""minimum_rectangularity"":0.45,""polarity_weight"":0.15,""sample_offset_fraction"":0.004,""samples_per_edge"":24},""polarity_consistency"":0.6145833333333334,""sample_offset_pixels"":3.948,""side_contrast"":[0.04013398114372702,0.051946677413641236,0.0647052241306679,0.18647656908222274]},""foundation"":null,""method"":""cross_edge_contour"",""origin"":"""",""repository"":"""",""score"":0.8292699,""status"":""ok"",""version"":""""},""edge_error_maximum_px"":83,""edge_error_mean_px"":42.5,""edge_errors"":{""bottom"":28,""left"":52,""maximum"":83,""mean"":42.5,""right"":83,""top"":7},""elapsed_ms"":75.409,""global_ordinal"":5,""iou"":0.86176634,""label"":""damaged_partial_register_spread"",""layout_type"":""two_page_spread"",""predicted_bbox"":[119,15,1316,949],""status"":""ok""}"
run-20260902-194725,5417f7a84576,5417f7a845763f23513763d415f8a8a2efd6990791fa4c22bfc8aa7b6e5ef1d8,1,5417f7a84576,493b4ce7162b743d069c23bbbb2068a76e963b017134a1bc4616117e3dec8df9,1,05114d057333e20b44a9764f6ca07fff04b2a09cab04922155b53f2a43ce420c,1,,3,2,1,1,[],{},6,1.5564487632364035,0.6,6,title_or_index_sheet,single_page,ok,0.75890607,125,16,37,82,65.0,125,29.135,"[15, 28, 1074, 970]","[140, 44, 1037, 888]","{""contrast_weight"":0.4,""epsilon_max_fraction"":0.03,""minimum_contour_area_fraction"":0.08,""minimum_cross_edge_contrast"":0.02,""minimum_polarity_consistency"":0.5,""minimum_rectangularity"":0.45,""sample_offset_fraction"":0.004,""samples_per_edge"":24}",,,"{""legacy_parameter_set_id"":""5417f7a84576"",""parameter_grid_ordinal"":1,""parameter_grid_sha256"":""05114d057333e20b44a9764f6ca07fff04b2a09cab04922155b53f2a43ce420c"",""parameter_identity_schema_version"":""1"",""parameter_identity_sha256"":""493b4ce7162b743d069c23bbbb2068a76e963b017134a1bc4616117e3dec8df9"",""parameter_schema_version"":""1"",""parameter_set_equivalence_family_id"":""5417f7a84576"",""parameter_set_equivalence_family_sha256"":""5417f7a845763f23513763d415f8a8a2efd6990791fa4c22bfc8aa7b6e5ef1d8"",""parameter_set_equivalence_family_size"":1,""parameter_set_id"":""5417f7a84576"",""parameters"":{""contrast_weight"":0.4,""epsilon_max_fraction"":0.03,""minimum_contour_area_fraction"":0.08,""minimum_cross_edge_contrast"":0.02,""minimum_polarity_consistency"":0.5,""minimum_rectangularity"":0.45,""sample_offset_fraction"":0.004,""samples_per_edge"":24},""profile"":null,""rank"":3,""reference_roles"":[],""requested_search_member"":true,""run_id"":""run-20260902-194725"",""search_observation"":{""completion_index"":6,""elapsed_seconds"":1.5564487632364035,""parameter_set_number"":6,""search_fraction"":0.6},""search_rank"":2,""search_space_member"":true,""summary"":{""elapsed_ms_total"":622.181,""failure_count"":0,""mean_edge_error_px"":34.8,""mean_iou"":0.87682013,""mean_iou_success"":0.87682013,""minimum_iou"":0.75890607,""page_count"":5,""stddev_iou"":0.07335619,""success_count"":5,""wall_ms"":622.597}}","{""approved_bbox"":[15,28,1074,970],""candidate"":{""authors"":null,""bbox"":[140,44,1037,888],""confidence"":0.7775996500000001,""corners"":[[140.0,44.0],[1036.0,223.0],[1021.0,886.0],[424.0,887.0]],""detector_name"":"""",""diagnostics"":{""contour_score"":0.662027,""contrast_score"":1.0,""cross_edge_contrast"":0.07662325840370328,""evidence"":""inside_outside_cross_boundary_intensity"",""parameters"":{""contour_weight"":0.45,""contrast_weight"":0.4,""epsilon_max_fraction"":0.03,""minimum_contour_area_fraction"":0.08,""minimum_cross_edge_contrast"":0.02,""minimum_polarity_consistency"":0.5,""minimum_rectangularity"":0.45,""polarity_weight"":0.15,""sample_offset_fraction"":0.004,""samples_per_edge"":24},""polarity_consistency"":0.53125,""sample_offset_pixels"":3.932,""side_contrast"":[0.1635775696997549,0.005373571900760426,0.0076198503082873775,0.12992202160405178]},""foundation"":null,""method"":""cross_edge_contour"",""origin"":"""",""repository"":"""",""score"":0.7775996500000001,""status"":""ok"",""version"":""""},""edge_error_maximum_px"":125,""edge_error_mean_px"":65.0,""edge_errors"":{""bottom"":82,""left"":125,""maximum"":125,""mean"":65.0,""right"":37,""top"":16},""elapsed_ms"":29.135,""global_ordinal"":6,""iou"":0.75890607,""label"":""title_or_index_sheet"",""layout_type"":""single_page"",""predicted_bbox"":[140,44,1037,888],""status"":""ok""}"
run-20260902-194725,5417f7a84576,5417f7a845763f23513763d415f8a8a2efd6990791fa4c22bfc8aa7b6e5ef1d8,1,5417f7a84576,493b4ce7162b743d069c23bbbb2068a76e963b017134a1bc4616117e3dec8df9,1,05114d057333e20b44a9764f6ca07fff04b2a09cab04922155b53f2a43ce420c,1,,3,2,1,1,[],{},6,1.5564487632364035,0.6,9,clean_two_page_spread,two_page_spread,ok,0.96377596,11,5,18,3,9.25,18,158.222,"[84, 51, 1101, 941]","[73, 56, 1119, 938]","{""contrast_weight"":0.4,""epsilon_max_fraction"":0.03,""minimum_contour_area_fraction"":0.08,""minimum_cross_edge_contrast"":0.02,""minimum_polarity_consistency"":0.5,""minimum_rectangularity"":0.45,""sample_offset_fraction"":0.004,""samples_per_edge"":24}",,,"{""legacy_parameter_set_id"":""5417f7a84576"",""parameter_grid_ordinal"":1,""parameter_grid_sha256"":""05114d057333e20b44a9764f6ca07fff04b2a09cab04922155b53f2a43ce420c"",""parameter_identity_schema_version"":""1"",""parameter_identity_sha256"":""493b4ce7162b743d069c23bbbb2068a76e963b017134a1bc4616117e3dec8df9"",""parameter_schema_version"":""1"",""parameter_set_equivalence_family_id"":""5417f7a84576"",""parameter_set_equivalence_family_sha256"":""5417f7a845763f23513763d415f8a8a2efd6990791fa4c22bfc8aa7b6e5ef1d8"",""parameter_set_equivalence_family_size"":1,""parameter_set_id"":""5417f7a84576"",""parameters"":{""contrast_weight"":0.4,""epsilon_max_fraction"":0.03,""minimum_contour_area_fraction"":0.08,""minimum_cross_edge_contrast"":0.02,""minimum_polarity_consistency"":0.5,""minimum_rectangularity"":0.45,""sample_offset_fraction"":0.004,""samples_per_edge"":24},""profile"":null,""rank"":3,""reference_roles"":[],""requested_search_member"":true,""run_id"":""run-20260902-194725"",""search_observation"":{""completion_index"":6,""elapsed_seconds"":1.5564487632364035,""parameter_set_number"":6,""search_fraction"":0.6},""search_rank"":2,""search_space_member"":true,""summary"":{""elapsed_ms_total"":622.181,""failure_count"":0,""mean_edge_error_px"":34.8,""mean_iou"":0.87682013,""mean_iou_success"":0.87682013,""minimum_iou"":0.75890607,""page_count"":5,""stddev_iou"":0.07335619,""success_count"":5,""wall_ms"":622.597}}","{""approved_bbox"":[84,51,1101,941],""candidate"":{""authors"":null,""bbox"":[73,56,1119,938],""confidence"":0.9318034,""corners"":[[77.0,56.0],[1115.0,56.0],[1118.0,937.0],[73.0,932.0]],""detector_name"":"""",""diagnostics"":{""contour_score"":0.879702,""contrast_score"":1.0,""cross_edge_contrast"":0.405130812701057,""evidence"":""inside_outside_cross_boundary_intensity"",""parameters"":{""contour_weight"":0.45,""contrast_weight"":0.4,""epsilon_max_fraction"":0.03,""minimum_contour_area_fraction"":0.08,""minimum_cross_edge_contrast"":0.02,""minimum_polarity_consistency"":0.5,""minimum_rectangularity"":0.45,""polarity_weight"":0.15,""sample_offset_fraction"":0.004,""samples_per_edge"":24},""polarity_consistency"":0.90625,""sample_offset_pixels"":3.94,""side_contrast"":[0.5867487888710171,0.0731713612874349,0.43915641635072,0.5214466768152574]},""foundation"":null,""method"":""cross_edge_contour"",""origin"":"""",""repository"":"""",""score"":0.9318034,""status"":""ok"",""version"":""""},""edge_error_maximum_px"":18,""edge_error_mean_px"":9.25,""edge_errors"":{""bottom"":3,""left"":11,""maximum"":18,""mean"":9.25,""right"":18,""top"":5},""elapsed_ms"":158.222,""global_ordinal"":9,""iou"":0.96377596,""label"":""clean_two_page_spread"",""layout_type"":""two_page_spread"",""predicted_bbox"":[73,56,1119,938],""status"":""ok""}"
run-20260902-194725,5417f7a84576,5417f7a845763f23513763d415f8a8a2efd6990791fa4c22bfc8aa7b6e5ef1d8,1,5417f7a84576,493b4ce7162b743d069c23bbbb2068a76e963b017134a1bc4616117e3dec8df9,1,05114d057333e20b44a9764f6ca07fff04b2a09cab04922155b53f2a43ce420c,1,,3,2,1,1,[],{},6,1.5564487632364035,0.6,10,clean_two_page_spread_2,two_page_spread,ok,0.94540817,7,11,18,20,14.0,20,186.363,"[88, 33, 1154, 968]","[81, 44, 1172, 948]","{""contrast_weight"":0.4,""epsilon_max_fraction"":0.03,""minimum_contour_area_fraction"":0.08,""minimum_cross_edge_contrast"":0.02,""minimum_polarity_consistency"":0.5,""minimum_rectangularity"":0.45,""sample_offset_fraction"":0.004,""samples_per_edge"":24}",,,"{""legacy_parameter_set_id"":""5417f7a84576"",""parameter_grid_ordinal"":1,""parameter_grid_sha256"":""05114d057333e20b44a9764f6ca07fff04b2a09cab04922155b53f2a43ce420c"",""parameter_identity_schema_version"":""1"",""parameter_identity_sha256"":""493b4ce7162b743d069c23bbbb2068a76e963b017134a1bc4616117e3dec8df9"",""parameter_schema_version"":""1"",""parameter_set_equivalence_family_id"":""5417f7a84576"",""parameter_set_equivalence_family_sha256"":""5417f7a845763f23513763d415f8a8a2efd6990791fa4c22bfc8aa7b6e5ef1d8"",""parameter_set_equivalence_family_size"":1,""parameter_set_id"":""5417f7a84576"",""parameters"":{""contrast_weight"":0.4,""epsilon_max_fraction"":0.03,""minimum_contour_area_fraction"":0.08,""minimum_cross_edge_contrast"":0.02,""minimum_polarity_consistency"":0.5,""minimum_rectangularity"":0.45,""sample_offset_fraction"":0.004,""samples_per_edge"":24},""profile"":null,""rank"":3,""reference_roles"":[],""requested_search_member"":true,""run_id"":""run-20260902-194725"",""search_observation"":{""completion_index"":6,""elapsed_seconds"":1.5564487632364035,""parameter_set_number"":6,""search_fraction"":0.6},""search_rank"":2,""search_space_member"":true,""summary"":{""elapsed_ms_total"":622.181,""failure_count"":0,""mean_edge_error_px"":34.8,""mean_iou"":0.87682013,""mean_iou_success"":0.87682013,""minimum_iou"":0.75890607,""page_count"":5,""stddev_iou"":0.07335619,""success_count"":5,""wall_ms"":622.597}}","{""approved_bbox"":[88,33,1154,968],""candidate"":{""authors"":null,""bbox"":[81,44,1172,948],""confidence"":0.9181511,""corners"":[[84.0,44.0],[1144.0,44.0],[1171.0,947.0],[81.0,945.0]],""detector_name"":"""",""diagnostics"":{""contour_score"":0.856308,""contrast_score"":1.0,""cross_edge_contrast"":0.11443948932722503,""evidence"":""inside_outside_cross_boundary_intensity"",""parameters"":{""contour_weight"":0.45,""contrast_weight"":0.4,""epsilon_max_fraction"":0.03,""minimum_contour_area_fraction"":0.08,""minimum_cross_edge_contrast"":0.02,""minimum_polarity_consistency"":0.5,""minimum_rectangularity"":0.45,""polarity_weight"":0.15,""sample_offset_fraction"":0.004,""samples_per_edge"":24},""polarity_consistency"":0.8854166666666666,""sample_offset_pixels"":3.96,""side_contrast"":[0.09415510589001226,0.0956201291551777,0.07530985065535004,0.1926728940477558]},""foundation"":null,""method"":""cross_edge_contour"",""origin"":"""",""repository"":"""",""score"":0.9181511,""status"":""ok"",""version"":""""},""edge_error_maximum_px"":20,""edge_error_mean_px"":14.0,""edge_errors"":{""bottom"":20,""left"":7,""maximum"":20,""mean"":14.0,""right"":18,""top"":11},""elapsed_ms"":186.363,""global_ordinal"":10,""iou"":0.94540817,""label"":""clean_two_page_spread_2"",""layout_type"":""two_page_spread"",""predicted_bbox"":[81,44,1172,948],""status"":""ok""}"
run-20260902-194725,491385b9c30f,491385b9c30fc8c8520bc6b1119aefe5b52808ae712973352e9280ef6274e218,1,491385b9c30f,c0e047168457748cd9066b703cbec197b0f2793a525b8a83713bb64350d6c3fc,1,05114d057333e20b44a9764f6ca07fff04b2a09cab04922155b53f2a43ce420c,2,,4,3,1,1,[],{},9,1.6443692450411618,0.9,1,ordinary_two_page_spread,two_page_spread,ok,0.85424412,14,38,93,28,43.25,93,202.017,"[125, 56, 1289, 967]","[111, 18, 1382, 939]","{""contrast_weight"":0.5,""epsilon_max_fraction"":0.03,""minimum_contour_area_fraction"":0.08,""minimum_cross_edge_contrast"":0.02,""minimum_polarity_consistency"":0.5,""minimum_rectangularity"":0.45,""sample_offset_fraction"":0.004,""samples_per_edge"":24}",,,"{""legacy_parameter_set_id"":""491385b9c30f"",""parameter_grid_ordinal"":2,""parameter_grid_sha256"":""05114d057333e20b44a9764f6ca07fff04b2a09cab04922155b53f2a43ce420c"",""parameter_identity_schema_version"":""1"",""parameter_identity_sha256"":""c0e047168457748cd9066b703cbec197b0f2793a525b8a83713bb64350d6c3fc"",""parameter_schema_version"":""1"",""parameter_set_equivalence_family_id"":""491385b9c30f"",""parameter_set_equivalence_family_sha256"":""491385b9c30fc8c8520bc6b1119aefe5b52808ae712973352e9280ef6274e218"",""parameter_set_equivalence_family_size"":1,""parameter_set_id"":""491385b9c30f"",""parameters"":{""contrast_weight"":0.5,""epsilon_max_fraction"":0.03,""minimum_contour_area_fraction"":0.08,""minimum_cross_edge_contrast"":0.02,""minimum_polarity_consistency"":0.5,""minimum_rectangularity"":0.45,""sample_offset_fraction"":0.004,""samples_per_edge"":24},""profile"":null,""rank"":4,""reference_roles"":[],""requested_search_member"":true,""run_id"":""run-20260902-194725"",""search_observation"":{""completion_index"":9,""elapsed_seconds"":1.6443692450411618,""parameter_set_number"":9,""search_fraction"":0.9},""search_rank"":3,""search_space_member"":true,""summary"":{""elapsed_ms_total"":703.584,""failure_count"":0,""mean_edge_error_px"":34.8,""mean_iou"":0.87682013,""mean_iou_success"":0.87682013,""minimum_iou"":0.75890607,""page_count"":5,""stddev_iou"":0.07335619,""success_count"":5,""wall_ms"":703.992}}","{""approved_bbox"":[125,56,1289,967],""candidate"":{""authors"":null,""bbox"":[111,18,1382,939],""confidence"":0.8801095454545456,""corners"":[[111.0,90.0],[1381.0,18.0],[1257.0,938.0],[235.0,917.0]],""detector_name"":"""",""diagnostics"":{""contour_score"":0.79374,""contrast_score"":1.0,""cross_edge_contrast"":0.11410603990741805,""evidence"":""inside_outside_cross_boundary_intensity"",""parameters"":{""contour_weight"":0.45,""contrast_weight"":0.5,""epsilon_max_fraction"":0.03,""minimum_contour_area_fraction"":0.08,""minimum_cross_edge_contrast"":0.02,""minimum_polarity_consistency"":0.5,""minimum_rectangularity"":0.45,""polarity_weight"":0.15,""sample_offset_fraction"":0.004,""samples_per_edge"":24},""polarity_consistency"":0.7395833333333334,""sample_offset_pixels"":3.944,""side_contrast"":[0.16507701499789368,0.03896190792906518,0.13016209321863512,0.12222314722397748]},""foundation"":null,""method"":""cross_edge_contour"",""origin"":"""",""repository"":"""",""score"":0.8801095454545456,""status"":""ok"",""version"":""""},""edge_error_maximum_px"":93,""edge_error_mean_px"":43.25,""edge_errors"":{""bottom"":28,""left"":14,""maximum"":93,""mean"":43.25,""right"":93,""top"":38},""elapsed_ms"":202.017,""global_ordinal"":1,""iou"":0.85424412,""label"":""ordinary_two_page_spread"",""layout_type"":""two_page_spread"",""predicted_bbox"":[111,18,1382,939],""status"":""ok""}"
run-20260902-194725,491385b9c30f,491385b9c30fc8c8520bc6b1119aefe5b52808ae712973352e9280ef6274e218,1,491385b9c30f,c0e047168457748cd9066b703cbec197b0f2793a525b8a83713bb64350d6c3fc,1,05114d057333e20b44a9764f6ca07fff04b2a09cab04922155b53f2a43ce420c,2,,4,3,1,1,[],{},9,1.6443692450411618,0.9,5,damaged_partial_register_spread,two_page_spread,ok,0.86176634,52,7,83,28,42.5,83,74.93,"[67, 8, 1233, 977]","[119, 15, 1316, 949]","{""contrast_weight"":0.5,""epsilon_max_fraction"":0.03,""minimum_contour_area_fraction"":0.08,""minimum_cross_edge_contrast"":0.02,""minimum_polarity_consistency"":0.5,""minimum_rectangularity"":0.45,""sample_offset_fraction"":0.004,""samples_per_edge"":24}",,,"{""legacy_parameter_set_id"":""491385b9c30f"",""parameter_grid_ordinal"":2,""parameter_grid_sha256"":""05114d057333e20b44a9764f6ca07fff04b2a09cab04922155b53f2a43ce420c"",""parameter_identity_schema_version"":""1"",""parameter_identity_sha256"":""c0e047168457748cd9066b703cbec197b0f2793a525b8a83713bb64350d6c3fc"",""parameter_schema_version"":""1"",""parameter_set_equivalence_family_id"":""491385b9c30f"",""parameter_set_equivalence_family_sha256"":""491385b9c30fc8c8520bc6b1119aefe5b52808ae712973352e9280ef6274e218"",""parameter_set_equivalence_family_size"":1,""parameter_set_id"":""491385b9c30f"",""parameters"":{""contrast_weight"":0.5,""epsilon_max_fraction"":0.03,""minimum_contour_area_fraction"":0.08,""minimum_cross_edge_contrast"":0.02,""minimum_polarity_consistency"":0.5,""minimum_rectangularity"":0.45,""sample_offset_fraction"":0.004,""samples_per_edge"":24},""profile"":null,""rank"":4,""reference_roles"":[],""requested_search_member"":true,""run_id"":""run-20260902-194725"",""search_observation"":{""completion_index"":9,""elapsed_seconds"":1.6443692450411618,""parameter_set_number"":9,""search_fraction"":0.9},""search_rank"":3,""search_space_member"":true,""summary"":{""elapsed_ms_total"":703.584,""failure_count"":0,""mean_edge_error_px"":34.8,""mean_iou"":0.87682013,""mean_iou_success"":0.87682013,""minimum_iou"":0.75890607,""page_count"":5,""stddev_iou"":0.07335619,""success_count"":5,""wall_ms"":703.992}}","{""approved_bbox"":[67,8,1233,977],""candidate"":{""authors"":null,""bbox"":[119,15,1316,949],""confidence"":0.8447908181818182,""corners"":[[119.0,36.0],[1315.0,15.0],[739.0,948.0],[137.0,771.0]],""detector_name"":"""",""diagnostics"":{""contour_score"":0.749072,""contrast_score"":1.0,""cross_edge_contrast"":0.08581560920266544,""evidence"":""inside_outside_cross_boundary_intensity"",""parameters"":{""contour_weight"":0.45,""contrast_weight"":0.5,""epsilon_max_fraction"":0.03,""minimum_contour_area_fraction"":0.08,""minimum_cross_edge_contrast"":0.02,""minimum_polarity_consistency"":0.5,""minimum_rectangularity"":0.45,""polarity_weight"":0.15,""sample_offset_fraction"":0.004,""samples_per_edge"":24},""polarity_consistency"":0.6145833333333334,""sample_offset_pixels"":3.948,""side_contrast"":[0.04013398114372702,0.051946677413641236,0.0647052241306679,0.18647656908222274]},""foundation"":null,""method"":""cross_edge_contour"",""origin"":"""",""repository"":"""",""score"":0.8447908181818182,""status"":""ok"",""version"":""""},""edge_error_maximum_px"":83,""edge_error_mean_px"":42.5,""edge_errors"":{""bottom"":28,""left"":52,""maximum"":83,""mean"":42.5,""right"":83,""top"":7},""elapsed_ms"":74.93,""global_ordinal"":5,""iou"":0.86176634,""label"":""damaged_partial_register_spread"",""layout_type"":""two_page_spread"",""predicted_bbox"":[119,15,1316,949],""status"":""ok""}"
run-20260902-194725,491385b9c30f,491385b9c30fc8c8520bc6b1119aefe5b52808ae712973352e9280ef6274e218,1,491385b9c30f,c0e047168457748cd9066b703cbec197b0f2793a525b8a83713bb64350d6c3fc,1,05114d057333e20b44a9764f6ca07fff04b2a09cab04922155b53f2a43ce420c,2,,4,3,1,1,[],{},9,1.6443692450411618,0.9,6,title_or_index_sheet,single_page,ok,0.75890607,125,16,37,82,65.0,125,54.211,"[15, 28, 1074, 970]","[140, 44, 1037, 888]","{""contrast_weight"":0.5,""epsilon_max_fraction"":0.03,""minimum_contour_area_fraction"":0.08,""minimum_cross_edge_contrast"":0.02,""minimum_polarity_consistency"":0.5,""minimum_rectangularity"":0.45,""sample_offset_fraction"":0.004,""samples_per_edge"":24}",,,"{""legacy_parameter_set_id"":""491385b9c30f"",""parameter_grid_ordinal"":2,""parameter_grid_sha256"":""05114d057333e20b44a9764f6ca07fff04b2a09cab04922155b53f2a43ce420c"",""parameter_identity_schema_version"":""1"",""parameter_identity_sha256"":""c0e047168457748cd9066b703cbec197b0f2793a525b8a83713bb64350d6c3fc"",""parameter_schema_version"":""1"",""parameter_set_equivalence_family_id"":""491385b9c30f"",""parameter_set_equivalence_family_sha256"":""491385b9c30fc8c8520bc6b1119aefe5b52808ae712973352e9280ef6274e218"",""parameter_set_equivalence_family_size"":1,""parameter_set_id"":""491385b9c30f"",""parameters"":{""contrast_weight"":0.5,""epsilon_max_fraction"":0.03,""minimum_contour_area_fraction"":0.08,""minimum_cross_edge_contrast"":0.02,""minimum_polarity_consistency"":0.5,""minimum_rectangularity"":0.45,""sample_offset_fraction"":0.004,""samples_per_edge"":24},""profile"":null,""rank"":4,""reference_roles"":[],""requested_search_member"":true,""run_id"":""run-20260902-194725"",""search_observation"":{""completion_index"":9,""elapsed_seconds"":1.6443692450411618,""parameter_set_number"":9,""search_fraction"":0.9},""search_rank"":3,""search_space_member"":true,""summary"":{""elapsed_ms_total"":703.584,""failure_count"":0,""mean_edge_error_px"":34.8,""mean_iou"":0.87682013,""mean_iou_success"":0.87682013,""minimum_iou"":0.75890607,""page_count"":5,""stddev_iou"":0.07335619,""success_count"":5,""wall_ms"":703.992}}","{""approved_bbox"":[15,28,1074,970],""candidate"":{""authors"":null,""bbox"":[140,44,1037,888],""confidence"":0.7978178636363638,""corners"":[[140.0,44.0],[1036.0,223.0],[1021.0,886.0],[424.0,887.0]],""detector_name"":"""",""diagnostics"":{""contour_score"":0.662027,""contrast_score"":1.0,""cross_edge_contrast"":0.07662325840370328,""evidence"":""inside_outside_cross_boundary_intensity"",""parameters"":{""contour_weight"":0.45,""contrast_weight"":0.5,""epsilon_max_fraction"":0.03,""minimum_contour_area_fraction"":0.08,""minimum_cross_edge_contrast"":0.02,""minimum_polarity_consistency"":0.5,""minimum_rectangularity"":0.45,""polarity_weight"":0.15,""sample_offset_fraction"":0.004,""samples_per_edge"":24},""polarity_consistency"":0.53125,""sample_offset_pixels"":3.932,""side_contrast"":[0.1635775696997549,0.005373571900760426,0.0076198503082873775,0.12992202160405178]},""foundation"":null,""method"":""cross_edge_contour"",""origin"":"""",""repository"":"""",""score"":0.7978178636363638,""status"":""ok"",""version"":""""},""edge_error_maximum_px"":125,""edge_error_mean_px"":65.0,""edge_errors"":{""bottom"":82,""left"":125,""maximum"":125,""mean"":65.0,""right"":37,""top"":16},""elapsed_ms"":54.211,""global_ordinal"":6,""iou"":0.75890607,""label"":""title_or_index_sheet"",""layout_type"":""single_page"",""predicted_bbox"":[140,44,1037,888],""status"":""ok""}"
run-20260902-194725,491385b9c30f,491385b9c30fc8c8520bc6b1119aefe5b52808ae712973352e9280ef6274e218,1,491385b9c30f,c0e047168457748cd9066b703cbec197b0f2793a525b8a83713bb64350d6c3fc,1,05114d057333e20b44a9764f6ca07fff04b2a09cab04922155b53f2a43ce420c,2,,4,3,1,1,[],{},9,1.6443692450411618,0.9,9,clean_two_page_spread,two_page_spread,ok,0.96377596,11,5,18,3,9.25,18,205.736,"[84, 51, 1101, 941]","[73, 56, 1119, 938]","{""contrast_weight"":0.5,""epsilon_max_fraction"":0.03,""minimum_contour_area_fraction"":0.08,""minimum_cross_edge_contrast"":0.02,""minimum_polarity_consistency"":0.5,""minimum_rectangularity"":0.45,""sample_offset_fraction"":0.004,""samples_per_edge"":24}",,,"{""legacy_parameter_set_id"":""491385b9c30f"",""parameter_grid_ordinal"":2,""parameter_grid_sha256"":""05114d057333e20b44a9764f6ca07fff04b2a09cab04922155b53f2a43ce420c"",""parameter_identity_schema_version"":""1"",""parameter_identity_sha256"":""c0e047168457748cd9066b703cbec197b0f2793a525b8a83713bb64350d6c3fc"",""parameter_schema_version"":""1"",""parameter_set_equivalence_family_id"":""491385b9c30f"",""parameter_set_equivalence_family_sha256"":""491385b9c30fc8c8520bc6b1119aefe5b52808ae712973352e9280ef6274e218"",""parameter_set_equivalence_family_size"":1,""parameter_set_id"":""491385b9c30f"",""parameters"":{""contrast_weight"":0.5,""epsilon_max_fraction"":0.03,""minimum_contour_area_fraction"":0.08,""minimum_cross_edge_contrast"":0.02,""minimum_polarity_consistency"":0.5,""minimum_rectangularity"":0.45,""sample_offset_fraction"":0.004,""samples_per_edge"":24},""profile"":null,""rank"":4,""reference_roles"":[],""requested_search_member"":true,""run_id"":""run-20260902-194725"",""search_observation"":{""completion_index"":9,""elapsed_seconds"":1.6443692450411618,""parameter_set_number"":9,""search_fraction"":0.9},""search_rank"":3,""search_space_member"":true,""summary"":{""elapsed_ms_total"":703.584,""failure_count"":0,""mean_edge_error_px"":34.8,""mean_iou"":0.87682013,""mean_iou_success"":0.87682013,""minimum_iou"":0.75890607,""page_count"":5,""stddev_iou"":0.07335619,""success_count"":5,""wall_ms"":703.992}}","{""approved_bbox"":[84,51,1101,941],""candidate"":{""authors"":null,""bbox"":[73,56,1119,938],""confidence"":0.9380030909090911,""corners"":[[77.0,56.0],[1115.0,56.0],[1118.0,937.0],[73.0,932.0]],""detector_name"":"""",""diagnostics"":{""contour_score"":0.879702,""contrast_score"":1.0,""cross_edge_contrast"":0.405130812701057,""evidence"":""inside_outside_cross_boundary_intensity"",""parameters"":{""contour_weight"":0.45,""contrast_weight"":0.5,""epsilon_max_fraction"":0.03,""minimum_contour_area_fraction"":0.08,""minimum_cross_edge_contrast"":0.02,""minimum_polarity_consistency"":0.5,""minimum_rectangularity"":0.45,""polarity_weight"":0.15,""sample_offset_fraction"":0.004,""samples_per_edge"":24},""polarity_consistency"":0.90625,""sample_offset_pixels"":3.94,""side_contrast"":[0.5867487888710171,0.0731713612874349,0.43915641635072,0.5214466768152574]},""foundation"":null,""method"":""cross_edge_contour"",""origin"":"""",""repository"":"""",""score"":0.9380030909090911,""status"":""ok"",""version"":""""},""edge_error_maximum_px"":18,""edge_error_mean_px"":9.25,""edge_errors"":{""bottom"":3,""left"":11,""maximum"":18,""mean"":9.25,""right"":18,""top"":5},""elapsed_ms"":205.736,""global_ordinal"":9,""iou"":0.96377596,""label"":""clean_two_page_spread"",""layout_type"":""two_page_spread"",""predicted_bbox"":[73,56,1119,938],""status"":""ok""}"
run-20260902-194725,491385b9c30f,491385b9c30fc8c8520bc6b1119aefe5b52808ae712973352e9280ef6274e218,1,491385b9c30f,c0e047168457748cd9066b703cbec197b0f2793a525b8a83713bb64350d6c3fc,1,05114d057333e20b44a9764f6ca07fff04b2a09cab04922155b53f2a43ce420c,2,,4,3,1,1,[],{},9,1.6443692450411618,0.9,10,clean_two_page_spread_2,two_page_spread,ok,0.94540817,7,11,18,20,14.0,20,166.69,"[88, 33, 1154, 968]","[81, 44, 1172, 948]","{""contrast_weight"":0.5,""epsilon_max_fraction"":0.03,""minimum_contour_area_fraction"":0.08,""minimum_cross_edge_contrast"":0.02,""minimum_polarity_consistency"":0.5,""minimum_rectangularity"":0.45,""sample_offset_fraction"":0.004,""samples_per_edge"":24}",,,"{""legacy_parameter_set_id"":""491385b9c30f"",""parameter_grid_ordinal"":2,""parameter_grid_sha256"":""05114d057333e20b44a9764f6ca07fff04b2a09cab04922155b53f2a43ce420c"",""parameter_identity_schema_version"":""1"",""parameter_identity_sha256"":""c0e047168457748cd9066b703cbec197b0f2793a525b8a83713bb64350d6c3fc"",""parameter_schema_version"":""1"",""parameter_set_equivalence_family_id"":""491385b9c30f"",""parameter_set_equivalence_family_sha256"":""491385b9c30fc8c8520bc6b1119aefe5b52808ae712973352e9280ef6274e218"",""parameter_set_equivalence_family_size"":1,""parameter_set_id"":""491385b9c30f"",""parameters"":{""contrast_weight"":0.5,""epsilon_max_fraction"":0.03,""minimum_contour_area_fraction"":0.08,""minimum_cross_edge_contrast"":0.02,""minimum_polarity_consistency"":0.5,""minimum_rectangularity"":0.45,""sample_offset_fraction"":0.004,""samples_per_edge"":24},""profile"":null,""rank"":4,""reference_roles"":[],""requested_search_member"":true,""run_id"":""run-20260902-194725"",""search_observation"":{""completion_index"":9,""elapsed_seconds"":1.6443692450411618,""parameter_set_number"":9,""search_fraction"":0.9},""search_rank"":3,""search_space_member"":true,""summary"":{""elapsed_ms_total"":703.584,""failure_count"":0,""mean_edge_error_px"":34.8,""mean_iou"":0.87682013,""mean_iou_success"":0.87682013,""minimum_iou"":0.75890607,""page_count"":5,""stddev_iou"":0.07335619,""success_count"":5,""wall_ms"":703.992}}","{""approved_bbox"":[88,33,1154,968],""candidate"":{""authors"":null,""bbox"":[81,44,1172,948],""confidence"":0.925591909090909,""corners"":[[84.0,44.0],[1144.0,44.0],[1171.0,947.0],[81.0,945.0]],""detector_name"":"""",""diagnostics"":{""contour_score"":0.856308,""contrast_score"":1.0,""cross_edge_contrast"":0.11443948932722503,""evidence"":""inside_outside_cross_boundary_intensity"",""parameters"":{""contour_weight"":0.45,""contrast_weight"":0.5,""epsilon_max_fraction"":0.03,""minimum_contour_area_fraction"":0.08,""minimum_cross_edge_contrast"":0.02,""minimum_polarity_consistency"":0.5,""minimum_rectangularity"":0.45,""polarity_weight"":0.15,""sample_offset_fraction"":0.004,""samples_per_edge"":24},""polarity_consistency"":0.8854166666666666,""sample_offset_pixels"":3.96,""side_contrast"":[0.09415510589001226,0.0956201291551777,0.07530985065535004,0.1926728940477558]},""foundation"":null,""method"":""cross_edge_contour"",""origin"":"""",""repository"":"""",""score"":0.925591909090909,""status"":""ok"",""version"":""""},""edge_error_maximum_px"":20,""edge_error_mean_px"":14.0,""edge_errors"":{""bottom"":20,""left"":7,""maximum"":20,""mean"":14.0,""right"":18,""top"":11},""elapsed_ms"":166.69,""global_ordinal"":10,""iou"":0.94540817,""label"":""clean_two_page_spread_2"",""layout_type"":""two_page_spread"",""predicted_bbox"":[81,44,1172,948],""status"":""ok""}"
run-20260902-194725,5e7bbad85e3f,5e7bbad85e3fe19e107f91b1352d3c0bfc4bb7b3a297613565bced34cb559a40,1,5e7bbad85e3f,31bd3f0e171b7abd283929ad03e3f98f38b0c1fb40b18a2769586ae9fe7e17de,1,05114d057333e20b44a9764f6ca07fff04b2a09cab04922155b53f2a43ce420c,3,,5,4,1,1,[],{},4,1.5274998829700053,0.4,1,ordinary_two_page_spread,two_page_spread,ok,0.85424412,14,38,93,28,43.25,93,196.758,"[125, 56, 1289, 967]","[111, 18, 1382, 939]","{""contrast_weight"":0.3,""epsilon_max_fraction"":0.03,""minimum_contour_area_fraction"":0.08,""minimum_cross_edge_contrast"":0.02,""minimum_polarity_consistency"":0.65,""minimum_rectangularity"":0.45,""sample_offset_fraction"":0.004,""samples_per_edge"":24}",,,"{""legacy_parameter_set_id"":""5e7bbad85e3f"",""parameter_grid_ordinal"":3,""parameter_grid_sha256"":""05114d057333e20b44a9764f6ca07fff04b2a09cab04922155b53f2a43ce420c"",""parameter_identity_schema_version"":""1"",""parameter_identity_sha256"":""31bd3f0e171b7abd283929ad03e3f98f38b0c1fb40b18a2769586ae9fe7e17de"",""parameter_schema_version"":""1"",""parameter_set_equivalence_family_id"":""5e7bbad85e3f"",""parameter_set_equivalence_family_sha256"":""5e7bbad85e3fe19e107f91b1352d3c0bfc4bb7b3a297613565bced34cb559a40"",""parameter_set_equivalence_family_size"":1,""parameter_set_id"":""5e7bbad85e3f"",""parameters"":{""contrast_weight"":0.3,""epsilon_max_fraction"":0.03,""minimum_contour_area_fraction"":0.08,""minimum_cross_edge_contrast"":0.02,""minimum_polarity_consistency"":0.65,""minimum_rectangularity"":0.45,""sample_offset_fraction"":0.004,""samples_per_edge"":24},""profile"":null,""rank"":5,""reference_roles"":[],""requested_search_member"":true,""run_id"":""run-20260902-194725"",""search_observation"":{""completion_index"":4,""elapsed_seconds"":1.5274998829700053,""parameter_set_number"":4,""search_fraction"":0.4},""search_rank"":4,""search_space_member"":true,""summary"":{""elapsed_ms_total"":582.121,""failure_count"":2,""mean_edge_error_px"":22.167,""mean_iou"":0.55268565,""mean_iou_success"":0.92114275,""minimum_iou"":0.0,""page_count"":5,""stddev_iou"":0.45278838,""success_count"":3,""wall_ms"":582.49}}","{""approved_bbox"":[125,56,1289,967],""candidate"":{""authors"":null,""bbox"":[111,18,1382,939],""confidence"":0.8534672222222223,""corners"":[[111.0,90.0],[1381.0,18.0],[1257.0,938.0],[235.0,917.0]],""detector_name"":"""",""diagnostics"":{""contour_score"":0.79374,""contrast_score"":1.0,""cross_edge_contrast"":0.11410603990741805,""evidence"":""inside_outside_cross_boundary_intensity"",""parameters"":{""contour_weight"":0.45,""contrast_weight"":0.3,""epsilon_max_fraction"":0.03,""minimum_contour_area_fraction"":0.08,""minimum_cross_edge_contrast"":0.02,""minimum_polarity_consistency"":0.65,""minimum_rectangularity"":0.45,""polarity_weight"":0.15,""sample_offset_fraction"":0.004,""samples_per_edge"":24},""polarity_consistency"":0.7395833333333334,""sample_offset_pixels"":3.944,""side_contrast"":[0.16507701499789368,0.03896190792906518,0.13016209321863512,0.12222314722397748]},""foundation"":null,""method"":""cross_edge_contour"",""origin"":"""",""repository"":"""",""score"":0.8534672222222223,""status"":""ok"",""version"":""""},""edge_error_maximum_px"":93,""edge_error_mean_px"":43.25,""edge_errors"":{""bottom"":28,""left"":14,""maximum"":93,""mean"":43.25,""right"":93,""top"":38},""elapsed_ms"":196.758,""global_ordinal"":1,""iou"":0.85424412,""label"":""ordinary_two_page_spread"",""layout_type"":""two_page_spread"",""predicted_bbox"":[111,18,1382,939],""status"":""ok""}"
run-20260902-194725,5e7bbad85e3f,5e7bbad85e3fe19e107f91b1352d3c0bfc4bb7b3a297613565bced34cb559a40,1,5e7bbad85e3f,31bd3f0e171b7abd283929ad03e3f98f38b0c1fb40b18a2769586ae9fe7e17de,1,05114d057333e20b44a9764f6ca07fff04b2a09cab04922155b53f2a43ce420c,3,,5,4,1,1,[],{},4,1.5274998829700053,0.4,5,damaged_partial_register_spread,two_page_spread,no_candidate,0.0,,,,,,,36.114,null,null,"{""contrast_weight"":0.3,""epsilon_max_fraction"":0.03,""minimum_contour_area_fraction"":0.08,""minimum_cross_edge_contrast"":0.02,""minimum_polarity_consistency"":0.65,""minimum_rectangularity"":0.45,""sample_offset_fraction"":0.004,""samples_per_edge"":24}",,,"{""legacy_parameter_set_id"":""5e7bbad85e3f"",""parameter_grid_ordinal"":3,""parameter_grid_sha256"":""05114d057333e20b44a9764f6ca07fff04b2a09cab04922155b53f2a43ce420c"",""parameter_identity_schema_version"":""1"",""parameter_identity_sha256"":""31bd3f0e171b7abd283929ad03e3f98f38b0c1fb40b18a2769586ae9fe7e17de"",""parameter_schema_version"":""1"",""parameter_set_equivalence_family_id"":""5e7bbad85e3f"",""parameter_set_equivalence_family_sha256"":""5e7bbad85e3fe19e107f91b1352d3c0bfc4bb7b3a297613565bced34cb559a40"",""parameter_set_equivalence_family_size"":1,""parameter_set_id"":""5e7bbad85e3f"",""parameters"":{""contrast_weight"":0.3,""epsilon_max_fraction"":0.03,""minimum_contour_area_fraction"":0.08,""minimum_cross_edge_contrast"":0.02,""minimum_polarity_consistency"":0.65,""minimum_rectangularity"":0.45,""sample_offset_fraction"":0.004,""samples_per_edge"":24},""profile"":null,""rank"":5,""reference_roles"":[],""requested_search_member"":true,""run_id"":""run-20260902-194725"",""search_observation"":{""completion_index"":4,""elapsed_seconds"":1.5274998829700053,""parameter_set_number"":4,""search_fraction"":0.4},""search_rank"":4,""search_space_member"":true,""summary"":{""elapsed_ms_total"":582.121,""failure_count"":2,""mean_edge_error_px"":22.167,""mean_iou"":0.55268565,""mean_iou_success"":0.92114275,""minimum_iou"":0.0,""page_count"":5,""stddev_iou"":0.45278838,""success_count"":3,""wall_ms"":582.49}}","{""candidate"":{""authors"":null,""bbox"":null,""confidence"":0.0,""corners"":null,""detector_name"":"""",""diagnostics"":{""contour_score"":0.749072,""cross_edge_contrast"":0.08581560920266544,""evidence"":""inside_outside_cross_boundary_intensity"",""parameters"":{""contour_weight"":0.45,""contrast_weight"":0.3,""epsilon_max_fraction"":0.03,""minimum_contour_area_fraction"":0.08,""minimum_cross_edge_contrast"":0.02,""minimum_polarity_consistency"":0.65,""minimum_rectangularity"":0.45,""polarity_weight"":0.15,""sample_offset_fraction"":0.004,""samples_per_edge"":24},""polarity_consistency"":0.6145833333333334,""reason"":""inconsistent_cross_edge_polarity"",""sample_offset_pixels"":3.948,""side_contrast"":[0.04013398114372702,0.051946677413641236,0.0647052241306679,0.18647656908222274]},""foundation"":null,""method"":""cross_edge_contour"",""origin"":"""",""repository"":"""",""score"":0.0,""status"":""no_candidate"",""version"":""""},""edge_error_maximum_px"":null,""edge_error_mean_px"":null,""elapsed_ms"":36.114,""global_ordinal"":5,""iou"":0.0,""label"":""damaged_partial_register_spread"",""layout_type"":""two_page_spread"",""status"":""no_candidate""}"
run-20260902-194725,5e7bbad85e3f,5e7bbad85e3fe19e107f91b1352d3c0bfc4bb7b3a297613565bced34cb559a40,1,5e7bbad85e3f,31bd3f0e171b7abd283929ad03e3f98f38b0c1fb40b18a2769586ae9fe7e17de,1,05114d057333e20b44a9764f6ca07fff04b2a09cab04922155b53f2a43ce420c,3,,5,4,1,1,[],{},4,1.5274998829700053,0.4,6,title_or_index_sheet,single_page,no_candidate,0.0,,,,,,,28.022,null,null,"{""contrast_weight"":0.3,""epsilon_max_fraction"":0.03,""minimum_contour_area_fraction"":0.08,""minimum_cross_edge_contrast"":0.02,""minimum_polarity_consistency"":0.65,""minimum_rectangularity"":0.45,""sample_offset_fraction"":0.004,""samples_per_edge"":24}",,,"{""legacy_parameter_set_id"":""5e7bbad85e3f"",""parameter_grid_ordinal"":3,""parameter_grid_sha256"":""05114d057333e20b44a9764f6ca07fff04b2a09cab04922155b53f2a43ce420c"",""parameter_identity_schema_version"":""1"",""parameter_identity_sha256"":""31bd3f0e171b7abd283929ad03e3f98f38b0c1fb40b18a2769586ae9fe7e17de"",""parameter_schema_version"":""1"",""parameter_set_equivalence_family_id"":""5e7bbad85e3f"",""parameter_set_equivalence_family_sha256"":""5e7bbad85e3fe19e107f91b1352d3c0bfc4bb7b3a297613565bced34cb559a40"",""parameter_set_equivalence_family_size"":1,""parameter_set_id"":""5e7bbad85e3f"",""parameters"":{""contrast_weight"":0.3,""epsilon_max_fraction"":0.03,""minimum_contour_area_fraction"":0.08,""minimum_cross_edge_contrast"":0.02,""minimum_polarity_consistency"":0.65,""minimum_rectangularity"":0.45,""sample_offset_fraction"":0.004,""samples_per_edge"":24},""profile"":null,""rank"":5,""reference_roles"":[],""requested_search_member"":true,""run_id"":""run-20260902-194725"",""search_observation"":{""completion_index"":4,""elapsed_seconds"":1.5274998829700053,""parameter_set_number"":4,""search_fraction"":0.4},""search_rank"":4,""search_space_member"":true,""summary"":{""elapsed_ms_total"":582.121,""failure_count"":2,""mean_edge_error_px"":22.167,""mean_iou"":0.55268565,""mean_iou_success"":0.92114275,""minimum_iou"":0.0,""page_count"":5,""stddev_iou"":0.45278838,""success_count"":3,""wall_ms"":582.49}}","{""candidate"":{""authors"":null,""bbox"":null,""confidence"":0.0,""corners"":null,""detector_name"":"""",""diagnostics"":{""contour_score"":0.662027,""cross_edge_contrast"":0.07662325840370328,""evidence"":""inside_outside_cross_boundary_intensity"",""parameters"":{""contour_weight"":0.45,""contrast_weight"":0.3,""epsilon_max_fraction"":0.03,""minimum_contour_area_fraction"":0.08,""minimum_cross_edge_contrast"":0.02,""minimum_polarity_consistency"":0.65,""minimum_rectangularity"":0.45,""polarity_weight"":0.15,""sample_offset_fraction"":0.004,""samples_per_edge"":24},""polarity_consistency"":0.53125,""reason"":""inconsistent_cross_edge_polarity"",""sample_offset_pixels"":3.932,""side_contrast"":[0.1635775696997549,0.005373571900760426,0.0076198503082873775,0.12992202160405178]},""foundation"":null,""method"":""cross_edge_contour"",""origin"":"""",""repository"":"""",""score"":0.0,""status"":""no_candidate"",""version"":""""},""edge_error_maximum_px"":null,""edge_error_mean_px"":null,""elapsed_ms"":28.022,""global_ordinal"":6,""iou"":0.0,""label"":""title_or_index_sheet"",""layout_type"":""single_page"",""status"":""no_candidate""}"
run-20260902-194725,5e7bbad85e3f,5e7bbad85e3fe19e107f91b1352d3c0bfc4bb7b3a297613565bced34cb559a40,1,5e7bbad85e3f,31bd3f0e171b7abd283929ad03e3f98f38b0c1fb40b18a2769586ae9fe7e17de,1,05114d057333e20b44a9764f6ca07fff04b2a09cab04922155b53f2a43ce420c,3,,5,4,1,1,[],{},4,1.5274998829700053,0.4,9,clean_two_page_spread,two_page_spread,ok,0.96377596,11,5,18,3,9.25,18,157.055,"[84, 51, 1101, 941]","[73, 56, 1119, 938]","{""contrast_weight"":0.3,""epsilon_max_fraction"":0.03,""minimum_contour_area_fraction"":0.08,""minimum_cross_edge_contrast"":0.02,""minimum_polarity_consistency"":0.65,""minimum_rectangularity"":0.45,""sample_offset_fraction"":0.004,""samples_per_edge"":24}",,,"{""legacy_parameter_set_id"":""5e7bbad85e3f"",""parameter_grid_ordinal"":3,""parameter_grid_sha256"":""05114d057333e20b44a9764f6ca07fff04b2a09cab04922155b53f2a43ce420c"",""parameter_identity_schema_version"":""1"",""parameter_identity_sha256"":""31bd3f0e171b7abd283929ad03e3f98f38b0c1fb40b18a2769586ae9fe7e17de"",""parameter_schema_version"":""1"",""parameter_set_equivalence_family_id"":""5e7bbad85e3f"",""parameter_set_equivalence_family_sha256"":""5e7bbad85e3fe19e107f91b1352d3c0bfc4bb7b3a297613565bced34cb559a40"",""parameter_set_equivalence_family_size"":1,""parameter_set_id"":""5e7bbad85e3f"",""parameters"":{""contrast_weight"":0.3,""epsilon_max_fraction"":0.03,""minimum_contour_area_fraction"":0.08,""minimum_cross_edge_contrast"":0.02,""minimum_polarity_consistency"":0.65,""minimum_rectangularity"":0.45,""sample_offset_fraction"":0.004,""samples_per_edge"":24},""profile"":null,""rank"":5,""reference_roles"":[],""requested_search_member"":true,""run_id"":""run-20260902-194725"",""search_observation"":{""completion_index"":4,""elapsed_seconds"":1.5274998829700053,""parameter_set_number"":4,""search_fraction"":0.4},""search_rank"":4,""search_space_member"":true,""summary"":{""elapsed_ms_total"":582.121,""failure_count"":2,""mean_edge_error_px"":22.167,""mean_iou"":0.55268565,""mean_iou_success"":0.92114275,""minimum_iou"":0.0,""page_count"":5,""stddev_iou"":0.45278838,""success_count"":3,""wall_ms"":582.49}}","{""approved_bbox"":[84,51,1101,941],""candidate"":{""authors"":null,""bbox"":[73,56,1119,938],""confidence"":0.9242260000000001,""corners"":[[77.0,56.0],[1115.0,56.0],[1118.0,937.0],[73.0,932.0]],""detector_name"":"""",""diagnostics"":{""contour_score"":0.879702,""contrast_score"":1.0,""cross_edge_contrast"":0.405130812701057,""evidence"":""inside_outside_cross_boundary_intensity"",""parameters"":{""contour_weight"":0.45,""contrast_weight"":0.3,""epsilon_max_fraction"":0.03,""minimum_contour_area_fraction"":0.08,""minimum_cross_edge_contrast"":0.02,""minimum_polarity_consistency"":0.65,""minimum_rectangularity"":0.45,""polarity_weight"":0.15,""sample_offset_fraction"":0.004,""samples_per_edge"":24},""polarity_consistency"":0.90625,""sample_offset_pixels"":3.94,""side_contrast"":[0.5867487888710171,0.0731713612874349,0.43915641635072,0.5214466768152574]},""foundation"":null,""method"":""cross_edge_contour"",""origin"":"""",""repository"":"""",""score"":0.9242260000000001,""status"":""ok"",""version"":""""},""edge_error_maximum_px"":18,""edge_error_mean_px"":9.25,""edge_errors"":{""bottom"":3,""left"":11,""maximum"":18,""mean"":9.25,""right"":18,""top"":5},""elapsed_ms"":157.055,""global_ordinal"":9,""iou"":0.96377596,""label"":""clean_two_page_spread"",""layout_type"":""two_page_spread"",""predicted_bbox"":[73,56,1119,938],""status"":""ok""}"
run-20260902-194725,5e7bbad85e3f,5e7bbad85e3fe19e107f91b1352d3c0bfc4bb7b3a297613565bced34cb559a40,1,5e7bbad85e3f,31bd3f0e171b7abd283929ad03e3f98f38b0c1fb40b18a2769586ae9fe7e17de,1,05114d057333e20b44a9764f6ca07fff04b2a09cab04922155b53f2a43ce420c,3,,5,4,1,1,[],{},4,1.5274998829700053,0.4,10,clean_two_page_spread_2,two_page_spread,ok,0.94540817,7,11,18,20,14.0,20,164.172,"[88, 33, 1154, 968]","[81, 44, 1172, 948]","{""contrast_weight"":0.3,""epsilon_max_fraction"":0.03,""minimum_contour_area_fraction"":0.08,""minimum_cross_edge_contrast"":0.02,""minimum_polarity_consistency"":0.65,""minimum_rectangularity"":0.45,""sample_offset_fraction"":0.004,""samples_per_edge"":24}",,,"{""legacy_parameter_set_id"":""5e7bbad85e3f"",""parameter_grid_ordinal"":3,""parameter_grid_sha256"":""05114d057333e20b44a9764f6ca07fff04b2a09cab04922155b53f2a43ce420c"",""parameter_identity_schema_version"":""1"",""parameter_identity_sha256"":""31bd3f0e171b7abd283929ad03e3f98f38b0c1fb40b18a2769586ae9fe7e17de"",""parameter_schema_version"":""1"",""parameter_set_equivalence_family_id"":""5e7bbad85e3f"",""parameter_set_equivalence_family_sha256"":""5e7bbad85e3fe19e107f91b1352d3c0bfc4bb7b3a297613565bced34cb559a40"",""parameter_set_equivalence_family_size"":1,""parameter_set_id"":""5e7bbad85e3f"",""parameters"":{""contrast_weight"":0.3,""epsilon_max_fraction"":0.03,""minimum_contour_area_fraction"":0.08,""minimum_cross_edge_contrast"":0.02,""minimum_polarity_consistency"":0.65,""minimum_rectangularity"":0.45,""sample_offset_fraction"":0.004,""samples_per_edge"":24},""profile"":null,""rank"":5,""reference_roles"":[],""requested_search_member"":true,""run_id"":""run-20260902-194725"",""search_observation"":{""completion_index"":4,""elapsed_seconds"":1.5274998829700053,""parameter_set_number"":4,""search_fraction"":0.4},""search_rank"":4,""search_space_member"":true,""summary"":{""elapsed_ms_total"":582.121,""failure_count"":2,""mean_edge_error_px"":22.167,""mean_iou"":0.55268565,""mean_iou_success"":0.92114275,""minimum_iou"":0.0,""page_count"":5,""stddev_iou"":0.45278838,""success_count"":3,""wall_ms"":582.49}}","{""approved_bbox"":[88,33,1154,968],""candidate"":{""authors"":null,""bbox"":[81,44,1172,948],""confidence"":0.9090567777777776,""corners"":[[84.0,44.0],[1144.0,44.0],[1171.0,947.0],[81.0,945.0]],""detector_name"":"""",""diagnostics"":{""contour_score"":0.856308,""contrast_score"":1.0,""cross_edge_contrast"":0.11443948932722503,""evidence"":""inside_outside_cross_boundary_intensity"",""parameters"":{""contour_weight"":0.45,""contrast_weight"":0.3,""epsilon_max_fraction"":0.03,""minimum_contour_area_fraction"":0.08,""minimum_cross_edge_contrast"":0.02,""minimum_polarity_consistency"":0.65,""minimum_rectangularity"":0.45,""polarity_weight"":0.15,""sample_offset_fraction"":0.004,""samples_per_edge"":24},""polarity_consistency"":0.8854166666666666,""sample_offset_pixels"":3.96,""side_contrast"":[0.09415510589001226,0.0956201291551777,0.07530985065535004,0.1926728940477558]},""foundation"":null,""method"":""cross_edge_contour"",""origin"":"""",""repository"":"""",""score"":0.9090567777777776,""status"":""ok"",""version"":""""},""edge_error_maximum_px"":20,""edge_error_mean_px"":14.0,""edge_errors"":{""bottom"":20,""left"":7,""maximum"":20,""mean"":14.0,""right"":18,""top"":11},""elapsed_ms"":164.172,""global_ordinal"":10,""iou"":0.94540817,""label"":""clean_two_page_spread_2"",""layout_type"":""two_page_spread"",""predicted_bbox"":[81,44,1172,948],""status"":""ok""}"
run-20260902-194725,9739acebc0a5,9739acebc0a505bd2b30286355844241c985cf9475c1077d815a2a51f3e338a2,1,9739acebc0a5,4f5b1c381ce4d17c4dc5fdddce8c68615bbffe80fe01c09ba7083208b8e3de91,1,05114d057333e20b44a9764f6ca07fff04b2a09cab04922155b53f2a43ce420c,4,,6,5,1,1,[],{},7,1.5884184031747282,0.7,1,ordinary_two_page_spread,two_page_spread,ok,0.85424412,14,38,93,28,43.25,93,182.116,"[125, 56, 1289, 967]","[111, 18, 1382, 939]","{""contrast_weight"":0.4,""epsilon_max_fraction"":0.03,""minimum_contour_area_fraction"":0.08,""minimum_cross_edge_contrast"":0.02,""minimum_polarity_consistency"":0.65,""minimum_rectangularity"":0.45,""sample_offset_fraction"":0.004,""samples_per_edge"":24}",,,"{""legacy_parameter_set_id"":""9739acebc0a5"",""parameter_grid_ordinal"":4,""parameter_grid_sha256"":""05114d057333e20b44a9764f6ca07fff04b2a09cab04922155b53f2a43ce420c"",""parameter_identity_schema_version"":""1"",""parameter_identity_sha256"":""4f5b1c381ce4d17c4dc5fdddce8c68615bbffe80fe01c09ba7083208b8e3de91"",""parameter_schema_version"":""1"",""parameter_set_equivalence_family_id"":""9739acebc0a5"",""parameter_set_equivalence_family_sha256"":""9739acebc0a505bd2b30286355844241c985cf9475c1077d815a2a51f3e338a2"",""parameter_set_equivalence_family_size"":1,""parameter_set_id"":""9739acebc0a5"",""parameters"":{""contrast_weight"":0.4,""epsilon_max_fraction"":0.03,""minimum_contour_area_fraction"":0.08,""minimum_cross_edge_contrast"":0.02,""minimum_polarity_consistency"":0.65,""minimum_rectangularity"":0.45,""sample_offset_fraction"":0.004,""samples_per_edge"":24},""profile"":null,""rank"":6,""reference_roles"":[],""requested_search_member"":true,""run_id"":""run-20260902-194725"",""search_observation"":{""completion_index"":7,""elapsed_seconds"":1.5884184031747282,""parameter_set_number"":7,""search_fraction"":0.7},""search_rank"":5,""search_space_member"":true,""summary"":{""elapsed_ms_total"":632.461,""failure_count"":2,""mean_edge_error_px"":22.167,""mean_iou"":0.55268565,""mean_iou_success"":0.92114275,""minimum_iou"":0.0,""page_count"":5,""stddev_iou"":0.45278838,""success_count"":3,""wall_ms"":632.862}}","{""approved_bbox"":[125,56,1289,967],""candidate"":{""authors"":null,""bbox"":[111,18,1382,939],""confidence"":0.8681205000000001,""corners"":[[111.0,90.0],[1381.0,18.0],[1257.0,938.0],[235.0,917.0]],""detector_name"":"""",""diagnostics"":{""contour_score"":0.79374,""contrast_score"":1.0,""cross_edge_contrast"":0.11410603990741805,""evidence"":""inside_outside_cross_boundary_intensity"",""parameters"":{""contour_weight"":0.45,""contrast_weight"":0.4,""epsilon_max_fraction"":0.03,""minimum_contour_area_fraction"":0.08,""minimum_cross_edge_contrast"":0.02,""minimum_polarity_consistency"":0.65,""minimum_rectangularity"":0.45,""polarity_weight"":0.15,""sample_offset_fraction"":0.004,""samples_per_edge"":24},""polarity_consistency"":0.7395833333333334,""sample_offset_pixels"":3.944,""side_contrast"":[0.16507701499789368,0.03896190792906518,0.13016209321863512,0.12222314722397748]},""foundation"":null,""method"":""cross_edge_contour"",""origin"":"""",""repository"":"""",""score"":0.8681205000000001,""status"":""ok"",""version"":""""},""edge_error_maximum_px"":93,""edge_error_mean_px"":43.25,""edge_errors"":{""bottom"":28,""left"":14,""maximum"":93,""mean"":43.25,""right"":93,""top"":38},""elapsed_ms"":182.116,""global_ordinal"":1,""iou"":0.85424412,""label"":""ordinary_two_page_spread"",""layout_type"":""two_page_spread"",""predicted_bbox"":[111,18,1382,939],""status"":""ok""}"
run-20260902-194725,9739acebc0a5,9739acebc0a505bd2b30286355844241c985cf9475c1077d815a2a51f3e338a2,1,9739acebc0a5,4f5b1c381ce4d17c4dc5fdddce8c68615bbffe80fe01c09ba7083208b8e3de91,1,05114d057333e20b44a9764f6ca07fff04b2a09cab04922155b53f2a43ce420c,4,,6,5,1,1,[],{},7,1.5884184031747282,0.7,5,damaged_partial_register_spread,two_page_spread,no_candidate,0.0,,,,,,,38.811,null,null,"{""contrast_weight"":0.4,""epsilon_max_fraction"":0.03,""minimum_contour_area_fraction"":0.08,""minimum_cross_edge_contrast"":0.02,""minimum_polarity_consistency"":0.65,""minimum_rectangularity"":0.45,""sample_offset_fraction"":0.004,""samples_per_edge"":24}",,,"{""legacy_parameter_set_id"":""9739acebc0a5"",""parameter_grid_ordinal"":4,""parameter_grid_sha256"":""05114d057333e20b44a9764f6ca07fff04b2a09cab04922155b53f2a43ce420c"",""parameter_identity_schema_version"":""1"",""parameter_identity_sha256"":""4f5b1c381ce4d17c4dc5fdddce8c68615bbffe80fe01c09ba7083208b8e3de91"",""parameter_schema_version"":""1"",""parameter_set_equivalence_family_id"":""9739acebc0a5"",""parameter_set_equivalence_family_sha256"":""9739acebc0a505bd2b30286355844241c985cf9475c1077d815a2a51f3e338a2"",""parameter_set_equivalence_family_size"":1,""parameter_set_id"":""9739acebc0a5"",""parameters"":{""contrast_weight"":0.4,""epsilon_max_fraction"":0.03,""minimum_contour_area_fraction"":0.08,""minimum_cross_edge_contrast"":0.02,""minimum_polarity_consistency"":0.65,""minimum_rectangularity"":0.45,""sample_offset_fraction"":0.004,""samples_per_edge"":24},""profile"":null,""rank"":6,""reference_roles"":[],""requested_search_member"":true,""run_id"":""run-20260902-194725"",""search_observation"":{""completion_index"":7,""elapsed_seconds"":1.5884184031747282,""parameter_set_number"":7,""search_fraction"":0.7},""search_rank"":5,""search_space_member"":true,""summary"":{""elapsed_ms_total"":632.461,""failure_count"":2,""mean_edge_error_px"":22.167,""mean_iou"":0.55268565,""mean_iou_success"":0.92114275,""minimum_iou"":0.0,""page_count"":5,""stddev_iou"":0.45278838,""success_count"":3,""wall_ms"":632.862}}","{""candidate"":{""authors"":null,""bbox"":null,""confidence"":0.0,""corners"":null,""detector_name"":"""",""diagnostics"":{""contour_score"":0.749072,""cross_edge_contrast"":0.08581560920266544,""evidence"":""inside_outside_cross_boundary_intensity"",""parameters"":{""contour_weight"":0.45,""contrast_weight"":0.4,""epsilon_max_fraction"":0.03,""minimum_contour_area_fraction"":0.08,""minimum_cross_edge_contrast"":0.02,""minimum_polarity_consistency"":0.65,""minimum_rectangularity"":0.45,""polarity_weight"":0.15,""sample_offset_fraction"":0.004,""samples_per_edge"":24},""polarity_consistency"":0.6145833333333334,""reason"":""inconsistent_cross_edge_polarity"",""sample_offset_pixels"":3.948,""side_contrast"":[0.04013398114372702,0.051946677413641236,0.0647052241306679,0.18647656908222274]},""foundation"":null,""method"":""cross_edge_contour"",""origin"":"""",""repository"":"""",""score"":0.0,""status"":""no_candidate"",""version"":""""},""edge_error_maximum_px"":null,""edge_error_mean_px"":null,""elapsed_ms"":38.811,""global_ordinal"":5,""iou"":0.0,""label"":""damaged_partial_register_spread"",""layout_type"":""two_page_spread"",""status"":""no_candidate""}"
run-20260902-194725,9739acebc0a5,9739acebc0a505bd2b30286355844241c985cf9475c1077d815a2a51f3e338a2,1,9739acebc0a5,4f5b1c381ce4d17c4dc5fdddce8c68615bbffe80fe01c09ba7083208b8e3de91,1,05114d057333e20b44a9764f6ca07fff04b2a09cab04922155b53f2a43ce420c,4,,6,5,1,1,[],{},7,1.5884184031747282,0.7,6,title_or_index_sheet,single_page,no_candidate,0.0,,,,,,,25.828,null,null,"{""contrast_weight"":0.4,""epsilon_max_fraction"":0.03,""minimum_contour_area_fraction"":0.08,""minimum_cross_edge_contrast"":0.02,""minimum_polarity_consistency"":0.65,""minimum_rectangularity"":0.45,""sample_offset_fraction"":0.004,""samples_per_edge"":24}",,,"{""legacy_parameter_set_id"":""9739acebc0a5"",""parameter_grid_ordinal"":4,""parameter_grid_sha256"":""05114d057333e20b44a9764f6ca07fff04b2a09cab04922155b53f2a43ce420c"",""parameter_identity_schema_version"":""1"",""parameter_identity_sha256"":""4f5b1c381ce4d17c4dc5fdddce8c68615bbffe80fe01c09ba7083208b8e3de91"",""parameter_schema_version"":""1"",""parameter_set_equivalence_family_id"":""9739acebc0a5"",""parameter_set_equivalence_family_sha256"":""9739acebc0a505bd2b30286355844241c985cf9475c1077d815a2a51f3e338a2"",""parameter_set_equivalence_family_size"":1,""parameter_set_id"":""9739acebc0a5"",""parameters"":{""contrast_weight"":0.4,""epsilon_max_fraction"":0.03,""minimum_contour_area_fraction"":0.08,""minimum_cross_edge_contrast"":0.02,""minimum_polarity_consistency"":0.65,""minimum_rectangularity"":0.45,""sample_offset_fraction"":0.004,""samples_per_edge"":24},""profile"":null,""rank"":6,""reference_roles"":[],""requested_search_member"":true,""run_id"":""run-20260902-194725"",""search_observation"":{""completion_index"":7,""elapsed_seconds"":1.5884184031747282,""parameter_set_number"":7,""search_fraction"":0.7},""search_rank"":5,""search_space_member"":true,""summary"":{""elapsed_ms_total"":632.461,""failure_count"":2,""mean_edge_error_px"":22.167,""mean_iou"":0.55268565,""mean_iou_success"":0.92114275,""minimum_iou"":0.0,""page_count"":5,""stddev_iou"":0.45278838,""success_count"":3,""wall_ms"":632.862}}","{""candidate"":{""authors"":null,""bbox"":null,""confidence"":0.0,""corners"":null,""detector_name"":"""",""diagnostics"":{""contour_score"":0.662027,""cross_edge_contrast"":0.07662325840370328,""evidence"":""inside_outside_cross_boundary_intensity"",""parameters"":{""contour_weight"":0.45,""contrast_weight"":0.4,""epsilon_max_fraction"":0.03,""minimum_contour_area_fraction"":0.08,""minimum_cross_edge_contrast"":0.02,""minimum_polarity_consistency"":0.65,""minimum_rectangularity"":0.45,""polarity_weight"":0.15,""sample_offset_fraction"":0.004,""samples_per_edge"":24},""polarity_consistency"":0.53125,""reason"":""inconsistent_cross_edge_polarity"",""sample_offset_pixels"":3.932,""side_contrast"":[0.1635775696997549,0.005373571900760426,0.0076198503082873775,0.12992202160405178]},""foundation"":null,""method"":""cross_edge_contour"",""origin"":"""",""repository"":"""",""score"":0.0,""status"":""no_candidate"",""version"":""""},""edge_error_maximum_px"":null,""edge_error_mean_px"":null,""elapsed_ms"":25.828,""global_ordinal"":6,""iou"":0.0,""label"":""title_or_index_sheet"",""layout_type"":""single_page"",""status"":""no_candidate""}"
run-20260902-194725,9739acebc0a5,9739acebc0a505bd2b30286355844241c985cf9475c1077d815a2a51f3e338a2,1,9739acebc0a5,4f5b1c381ce4d17c4dc5fdddce8c68615bbffe80fe01c09ba7083208b8e3de91,1,05114d057333e20b44a9764f6ca07fff04b2a09cab04922155b53f2a43ce420c,4,,6,5,1,1,[],{},7,1.5884184031747282,0.7,9,clean_two_page_spread,two_page_spread,ok,0.96377596,11,5,18,3,9.25,18,206.095,"[84, 51, 1101, 941]","[73, 56, 1119, 938]","{""contrast_weight"":0.4,""epsilon_max_fraction"":0.03,""minimum_contour_area_fraction"":0.08,""minimum_cross_edge_contrast"":0.02,""minimum_polarity_consistency"":0.65,""minimum_rectangularity"":0.45,""sample_offset_fraction"":0.004,""samples_per_edge"":24}",,,"{""legacy_parameter_set_id"":""9739acebc0a5"",""parameter_grid_ordinal"":4,""parameter_grid_sha256"":""05114d057333e20b44a9764f6ca07fff04b2a09cab04922155b53f2a43ce420c"",""parameter_identity_schema_version"":""1"",""parameter_identity_sha256"":""4f5b1c381ce4d17c4dc5fdddce8c68615bbffe80fe01c09ba7083208b8e3de91"",""parameter_schema_version"":""1"",""parameter_set_equivalence_family_id"":""9739acebc0a5"",""parameter_set_equivalence_family_sha256"":""9739acebc0a505bd2b30286355844241c985cf9475c1077d815a2a51f3e338a2"",""parameter_set_equivalence_family_size"":1,""parameter_set_id"":""9739acebc0a5"",""parameters"":{""contrast_weight"":0.4,""epsilon_max_fraction"":0.03,""minimum_contour_area_fraction"":0.08,""minimum_cross_edge_contrast"":0.02,""minimum_polarity_consistency"":0.65,""minimum_rectangularity"":0.45,""sample_offset_fraction"":0.004,""samples_per_edge"":24},""profile"":null,""rank"":6,""reference_roles"":[],""requested_search_member"":true,""run_id"":""run-20260902-194725"",""search_observation"":{""completion_index"":7,""elapsed_seconds"":1.5884184031747282,""parameter_set_number"":7,""search_fraction"":0.7},""search_rank"":5,""search_space_member"":true,""summary"":{""elapsed_ms_total"":632.461,""failure_count"":2,""mean_edge_error_px"":22.167,""mean_iou"":0.55268565,""mean_iou_success"":0.92114275,""minimum_iou"":0.0,""page_count"":5,""stddev_iou"":0.45278838,""success_count"":3,""wall_ms"":632.862}}","{""approved_bbox"":[84,51,1101,941],""candidate"":{""authors"":null,""bbox"":[73,56,1119,938],""confidence"":0.9318034,""corners"":[[77.0,56.0],[1115.0,56.0],[1118.0,937.0],[73.0,932.0]],""detector_name"":"""",""diagnostics"":{""contour_score"":0.879702,""contrast_score"":1.0,""cross_edge_contrast"":0.405130812701057,""evidence"":""inside_outside_cross_boundary_intensity"",""parameters"":{""contour_weight"":0.45,""contrast_weight"":0.4,""epsilon_max_fraction"":0.03,""minimum_contour_area_fraction"":0.08,""minimum_cross_edge_contrast"":0.02,""minimum_polarity_consistency"":0.65,""minimum_rectangularity"":0.45,""polarity_weight"":0.15,""sample_offset_fraction"":0.004,""samples_per_edge"":24},""polarity_consistency"":0.90625,""sample_offset_pixels"":3.94,""side_contrast"":[0.5867487888710171,0.0731713612874349,0.43915641635072,0.5214466768152574]},""foundation"":null,""method"":""cross_edge_contour"",""origin"":"""",""repository"":"""",""score"":0.9318034,""status"":""ok"",""version"":""""},""edge_error_maximum_px"":18,""edge_error_mean_px"":9.25,""edge_errors"":{""bottom"":3,""left"":11,""maximum"":18,""mean"":9.25,""right"":18,""top"":5},""elapsed_ms"":206.095,""global_ordinal"":9,""iou"":0.96377596,""label"":""clean_two_page_spread"",""layout_type"":""two_page_spread"",""predicted_bbox"":[73,56,1119,938],""status"":""ok""}"
run-20260902-194725,9739acebc0a5,9739acebc0a505bd2b30286355844241c985cf9475c1077d815a2a51f3e338a2,1,9739acebc0a5,4f5b1c381ce4d17c4dc5fdddce8c68615bbffe80fe01c09ba7083208b8e3de91,1,05114d057333e20b44a9764f6ca07fff04b2a09cab04922155b53f2a43ce420c,4,,6,5,1,1,[],{},7,1.5884184031747282,0.7,10,clean_two_page_spread_2,two_page_spread,ok,0.94540817,7,11,18,20,14.0,20,179.611,"[88, 33, 1154, 968]","[81, 44, 1172, 948]","{""contrast_weight"":0.4,""epsilon_max_fraction"":0.03,""minimum_contour_area_fraction"":0.08,""minimum_cross_edge_contrast"":0.02,""minimum_polarity_consistency"":0.65,""minimum_rectangularity"":0.45,""sample_offset_fraction"":0.004,""samples_per_edge"":24}",,,"{""legacy_parameter_set_id"":""9739acebc0a5"",""parameter_grid_ordinal"":4,""parameter_grid_sha256"":""05114d057333e20b44a9764f6ca07fff04b2a09cab04922155b53f2a43ce420c"",""parameter_identity_schema_version"":""1"",""parameter_identity_sha256"":""4f5b1c381ce4d17c4dc5fdddce8c68615bbffe80fe01c09ba7083208b8e3de91"",""parameter_schema_version"":""1"",""parameter_set_equivalence_family_id"":""9739acebc0a5"",""parameter_set_equivalence_family_sha256"":""9739acebc0a505bd2b30286355844241c985cf9475c1077d815a2a51f3e338a2"",""parameter_set_equivalence_family_size"":1,""parameter_set_id"":""9739acebc0a5"",""parameters"":{""contrast_weight"":0.4,""epsilon_max_fraction"":0.03,""minimum_contour_area_fraction"":0.08,""minimum_cross_edge_contrast"":0.02,""minimum_polarity_consistency"":0.65,""minimum_rectangularity"":0.45,""sample_offset_fraction"":0.004,""samples_per_edge"":24},""profile"":null,""rank"":6,""reference_roles"":[],""requested_search_member"":true,""run_id"":""run-20260902-194725"",""search_observation"":{""completion_index"":7,""elapsed_seconds"":1.5884184031747282,""parameter_set_number"":7,""search_fraction"":0.7},""search_rank"":5,""search_space_member"":true,""summary"":{""elapsed_ms_total"":632.461,""failure_count"":2,""mean_edge_error_px"":22.167,""mean_iou"":0.55268565,""mean_iou_success"":0.92114275,""minimum_iou"":0.0,""page_count"":5,""stddev_iou"":0.45278838,""success_count"":3,""wall_ms"":632.862}}","{""approved_bbox"":[88,33,1154,968],""candidate"":{""authors"":null,""bbox"":[81,44,1172,948],""confidence"":0.9181511,""corners"":[[84.0,44.0],[1144.0,44.0],[1171.0,947.0],[81.0,945.0]],""detector_name"":"""",""diagnostics"":{""contour_score"":0.856308,""contrast_score"":1.0,""cross_edge_contrast"":0.11443948932722503,""evidence"":""inside_outside_cross_boundary_intensity"",""parameters"":{""contour_weight"":0.45,""contrast_weight"":0.4,""epsilon_max_fraction"":0.03,""minimum_contour_area_fraction"":0.08,""minimum_cross_edge_contrast"":0.02,""minimum_polarity_consistency"":0.65,""minimum_rectangularity"":0.45,""polarity_weight"":0.15,""sample_offset_fraction"":0.004,""samples_per_edge"":24},""polarity_consistency"":0.8854166666666666,""sample_offset_pixels"":3.96,""side_contrast"":[0.09415510589001226,0.0956201291551777,0.07530985065535004,0.1926728940477558]},""foundation"":null,""method"":""cross_edge_contour"",""origin"":"""",""repository"":"""",""score"":0.9181511,""status"":""ok"",""version"":""""},""edge_error_maximum_px"":20,""edge_error_mean_px"":14.0,""edge_errors"":{""bottom"":20,""left"":7,""maximum"":20,""mean"":14.0,""right"":18,""top"":11},""elapsed_ms"":179.611,""global_ordinal"":10,""iou"":0.94540817,""label"":""clean_two_page_spread_2"",""layout_type"":""two_page_spread"",""predicted_bbox"":[81,44,1172,948],""status"":""ok""}"
run-20260902-194725,02142a6e75c1,02142a6e75c136bd22fd0c86045e3344cf8b89398752a8d0807b0c53bfd7db33,1,02142a6e75c1,77d4e8ebc5ff8df3b98d9f019f9d8ff0c44215cce683e14a6f66e7929f95e2eb,1,05114d057333e20b44a9764f6ca07fff04b2a09cab04922155b53f2a43ce420c,5,,7,6,1,1,[],{},8,1.6358930370770395,0.8,1,ordinary_two_page_spread,two_page_spread,ok,0.85424412,14,38,93,28,43.25,93,219.584,"[125, 56, 1289, 967]","[111, 18, 1382, 939]","{""contrast_weight"":0.5,""epsilon_max_fraction"":0.03,""minimum_contour_area_fraction"":0.08,""minimum_cross_edge_contrast"":0.02,""minimum_polarity_consistency"":0.65,""minimum_rectangularity"":0.45,""sample_offset_fraction"":0.004,""samples_per_edge"":24}",,,"{""legacy_parameter_set_id"":""02142a6e75c1"",""parameter_grid_ordinal"":5,""parameter_grid_sha256"":""05114d057333e20b44a9764f6ca07fff04b2a09cab04922155b53f2a43ce420c"",""parameter_identity_schema_version"":""1"",""parameter_identity_sha256"":""77d4e8ebc5ff8df3b98d9f019f9d8ff0c44215cce683e14a6f66e7929f95e2eb"",""parameter_schema_version"":""1"",""parameter_set_equivalence_family_id"":""02142a6e75c1"",""parameter_set_equivalence_family_sha256"":""02142a6e75c136bd22fd0c86045e3344cf8b89398752a8d0807b0c53bfd7db33"",""parameter_set_equivalence_family_size"":1,""parameter_set_id"":""02142a6e75c1"",""parameters"":{""contrast_weight"":0.5,""epsilon_max_fraction"":0.03,""minimum_contour_area_fraction"":0.08,""minimum_cross_edge_contrast"":0.02,""minimum_polarity_consistency"":0.65,""minimum_rectangularity"":0.45,""sample_offset_fraction"":0.004,""samples_per_edge"":24},""profile"":null,""rank"":7,""reference_roles"":[],""requested_search_member"":true,""run_id"":""run-20260902-194725"",""search_observation"":{""completion_index"":8,""elapsed_seconds"":1.6358930370770395,""parameter_set_number"":8,""search_fraction"":0.8},""search_rank"":6,""search_space_member"":true,""summary"":{""elapsed_ms_total"":669.268,""failure_count"":2,""mean_edge_error_px"":22.167,""mean_iou"":0.55268565,""mean_iou_success"":0.92114275,""minimum_iou"":0.0,""page_count"":5,""stddev_iou"":0.45278838,""success_count"":3,""wall_ms"":669.659}}","{""approved_bbox"":[125,56,1289,967],""candidate"":{""authors"":null,""bbox"":[111,18,1382,939],""confidence"":0.8801095454545456,""corners"":[[111.0,90.0],[1381.0,18.0],[1257.0,938.0],[235.0,917.0]],""detector_name"":"""",""diagnostics"":{""contour_score"":0.79374,""contrast_score"":1.0,""cross_edge_contrast"":0.11410603990741805,""evidence"":""inside_outside_cross_boundary_intensity"",""parameters"":{""contour_weight"":0.45,""contrast_weight"":0.5,""epsilon_max_fraction"":0.03,""minimum_contour_area_fraction"":0.08,""minimum_cross_edge_contrast"":0.02,""minimum_polarity_consistency"":0.65,""minimum_rectangularity"":0.45,""polarity_weight"":0.15,""sample_offset_fraction"":0.004,""samples_per_edge"":24},""polarity_consistency"":0.7395833333333334,""sample_offset_pixels"":3.944,""side_contrast"":[0.16507701499789368,0.03896190792906518,0.13016209321863512,0.12222314722397748]},""foundation"":null,""method"":""cross_edge_contour"",""origin"":"""",""repository"":"""",""score"":0.8801095454545456,""status"":""ok"",""version"":""""},""edge_error_maximum_px"":93,""edge_error_mean_px"":43.25,""edge_errors"":{""bottom"":28,""left"":14,""maximum"":93,""mean"":43.25,""right"":93,""top"":38},""elapsed_ms"":219.584,""global_ordinal"":1,""iou"":0.85424412,""label"":""ordinary_two_page_spread"",""layout_type"":""two_page_spread"",""predicted_bbox"":[111,18,1382,939],""status"":""ok""}"
run-20260902-194725,02142a6e75c1,02142a6e75c136bd22fd0c86045e3344cf8b89398752a8d0807b0c53bfd7db33,1,02142a6e75c1,77d4e8ebc5ff8df3b98d9f019f9d8ff0c44215cce683e14a6f66e7929f95e2eb,1,05114d057333e20b44a9764f6ca07fff04b2a09cab04922155b53f2a43ce420c,5,,7,6,1,1,[],{},8,1.6358930370770395,0.8,5,damaged_partial_register_spread,two_page_spread,no_candidate,0.0,,,,,,,50.48,null,null,"{""contrast_weight"":0.5,""epsilon_max_fraction"":0.03,""minimum_contour_area_fraction"":0.08,""minimum_cross_edge_contrast"":0.02,""minimum_polarity_consistency"":0.65,""minimum_rectangularity"":0.45,""sample_offset_fraction"":0.004,""samples_per_edge"":24}",,,"{""legacy_parameter_set_id"":""02142a6e75c1"",""parameter_grid_ordinal"":5,""parameter_grid_sha256"":""05114d057333e20b44a9764f6ca07fff04b2a09cab04922155b53f2a43ce420c"",""parameter_identity_schema_version"":""1"",""parameter_identity_sha256"":""77d4e8ebc5ff8df3b98d9f019f9d8ff0c44215cce683e14a6f66e7929f95e2eb"",""parameter_schema_version"":""1"",""parameter_set_equivalence_family_id"":""02142a6e75c1"",""parameter_set_equivalence_family_sha256"":""02142a6e75c136bd22fd0c86045e3344cf8b89398752a8d0807b0c53bfd7db33"",""parameter_set_equivalence_family_size"":1,""parameter_set_id"":""02142a6e75c1"",""parameters"":{""contrast_weight"":0.5,""epsilon_max_fraction"":0.03,""minimum_contour_area_fraction"":0.08,""minimum_cross_edge_contrast"":0.02,""minimum_polarity_consistency"":0.65,""minimum_rectangularity"":0.45,""sample_offset_fraction"":0.004,""samples_per_edge"":24},""profile"":null,""rank"":7,""reference_roles"":[],""requested_search_member"":true,""run_id"":""run-20260902-194725"",""search_observation"":{""completion_index"":8,""elapsed_seconds"":1.6358930370770395,""parameter_set_number"":8,""search_fraction"":0.8},""search_rank"":6,""search_space_member"":true,""summary"":{""elapsed_ms_total"":669.268,""failure_count"":2,""mean_edge_error_px"":22.167,""mean_iou"":0.55268565,""mean_iou_success"":0.92114275,""minimum_iou"":0.0,""page_count"":5,""stddev_iou"":0.45278838,""success_count"":3,""wall_ms"":669.659}}","{""candidate"":{""authors"":null,""bbox"":null,""confidence"":0.0,""corners"":null,""detector_name"":"""",""diagnostics"":{""contour_score"":0.749072,""cross_edge_contrast"":0.08581560920266544,""evidence"":""inside_outside_cross_boundary_intensity"",""parameters"":{""contour_weight"":0.45,""contrast_weight"":0.5,""epsilon_max_fraction"":0.03,""minimum_contour_area_fraction"":0.08,""minimum_cross_edge_contrast"":0.02,""minimum_polarity_consistency"":0.65,""minimum_rectangularity"":0.45,""polarity_weight"":0.15,""sample_offset_fraction"":0.004,""samples_per_edge"":24},""polarity_consistency"":0.6145833333333334,""reason"":""inconsistent_cross_edge_polarity"",""sample_offset_pixels"":3.948,""side_contrast"":[0.04013398114372702,0.051946677413641236,0.0647052241306679,0.18647656908222274]},""foundation"":null,""method"":""cross_edge_contour"",""origin"":"""",""repository"":"""",""score"":0.0,""status"":""no_candidate"",""version"":""""},""edge_error_maximum_px"":null,""edge_error_mean_px"":null,""elapsed_ms"":50.48,""global_ordinal"":5,""iou"":0.0,""label"":""damaged_partial_register_spread"",""layout_type"":""two_page_spread"",""status"":""no_candidate""}"
run-20260902-194725,02142a6e75c1,02142a6e75c136bd22fd0c86045e3344cf8b89398752a8d0807b0c53bfd7db33,1,02142a6e75c1,77d4e8ebc5ff8df3b98d9f019f9d8ff0c44215cce683e14a6f66e7929f95e2eb,1,05114d057333e20b44a9764f6ca07fff04b2a09cab04922155b53f2a43ce420c,5,,7,6,1,1,[],{},8,1.6358930370770395,0.8,6,title_or_index_sheet,single_page,no_candidate,0.0,,,,,,,18.035,null,null,"{""contrast_weight"":0.5,""epsilon_max_fraction"":0.03,""minimum_contour_area_fraction"":0.08,""minimum_cross_edge_contrast"":0.02,""minimum_polarity_consistency"":0.65,""minimum_rectangularity"":0.45,""sample_offset_fraction"":0.004,""samples_per_edge"":24}",,,"{""legacy_parameter_set_id"":""02142a6e75c1"",""parameter_grid_ordinal"":5,""parameter_grid_sha256"":""05114d057333e20b44a9764f6ca07fff04b2a09cab04922155b53f2a43ce420c"",""parameter_identity_schema_version"":""1"",""parameter_identity_sha256"":""77d4e8ebc5ff8df3b98d9f019f9d8ff0c44215cce683e14a6f66e7929f95e2eb"",""parameter_schema_version"":""1"",""parameter_set_equivalence_family_id"":""02142a6e75c1"",""parameter_set_equivalence_family_sha256"":""02142a6e75c136bd22fd0c86045e3344cf8b89398752a8d0807b0c53bfd7db33"",""parameter_set_equivalence_family_size"":1,""parameter_set_id"":""02142a6e75c1"",""parameters"":{""contrast_weight"":0.5,""epsilon_max_fraction"":0.03,""minimum_contour_area_fraction"":0.08,""minimum_cross_edge_contrast"":0.02,""minimum_polarity_consistency"":0.65,""minimum_rectangularity"":0.45,""sample_offset_fraction"":0.004,""samples_per_edge"":24},""profile"":null,""rank"":7,""reference_roles"":[],""requested_search_member"":true,""run_id"":""run-20260902-194725"",""search_observation"":{""completion_index"":8,""elapsed_seconds"":1.6358930370770395,""parameter_set_number"":8,""search_fraction"":0.8},""search_rank"":6,""search_space_member"":true,""summary"":{""elapsed_ms_total"":669.268,""failure_count"":2,""mean_edge_error_px"":22.167,""mean_iou"":0.55268565,""mean_iou_success"":0.92114275,""minimum_iou"":0.0,""page_count"":5,""stddev_iou"":0.45278838,""success_count"":3,""wall_ms"":669.659}}","{""candidate"":{""authors"":null,""bbox"":null,""confidence"":0.0,""corners"":null,""detector_name"":"""",""diagnostics"":{""contour_score"":0.662027,""cross_edge_contrast"":0.07662325840370328,""evidence"":""inside_outside_cross_boundary_intensity"",""parameters"":{""contour_weight"":0.45,""contrast_weight"":0.5,""epsilon_max_fraction"":0.03,""minimum_contour_area_fraction"":0.08,""minimum_cross_edge_contrast"":0.02,""minimum_polarity_consistency"":0.65,""minimum_rectangularity"":0.45,""polarity_weight"":0.15,""sample_offset_fraction"":0.004,""samples_per_edge"":24},""polarity_consistency"":0.53125,""reason"":""inconsistent_cross_edge_polarity"",""sample_offset_pixels"":3.932,""side_contrast"":[0.1635775696997549,0.005373571900760426,0.0076198503082873775,0.12992202160405178]},""foundation"":null,""method"":""cross_edge_contour"",""origin"":"""",""repository"":"""",""score"":0.0,""status"":""no_candidate"",""version"":""""},""edge_error_maximum_px"":null,""edge_error_mean_px"":null,""elapsed_ms"":18.035,""global_ordinal"":6,""iou"":0.0,""label"":""title_or_index_sheet"",""layout_type"":""single_page"",""status"":""no_candidate""}"
run-20260902-194725,02142a6e75c1,02142a6e75c136bd22fd0c86045e3344cf8b89398752a8d0807b0c53bfd7db33,1,02142a6e75c1,77d4e8ebc5ff8df3b98d9f019f9d8ff0c44215cce683e14a6f66e7929f95e2eb,1,05114d057333e20b44a9764f6ca07fff04b2a09cab04922155b53f2a43ce420c,5,,7,6,1,1,[],{},8,1.6358930370770395,0.8,9,clean_two_page_spread,two_page_spread,ok,0.96377596,11,5,18,3,9.25,18,186.557,"[84, 51, 1101, 941]","[73, 56, 1119, 938]","{""contrast_weight"":0.5,""epsilon_max_fraction"":0.03,""minimum_contour_area_fraction"":0.08,""minimum_cross_edge_contrast"":0.02,""minimum_polarity_consistency"":0.65,""minimum_rectangularity"":0.45,""sample_offset_fraction"":0.004,""samples_per_edge"":24}",,,"{""legacy_parameter_set_id"":""02142a6e75c1"",""parameter_grid_ordinal"":5,""parameter_grid_sha256"":""05114d057333e20b44a9764f6ca07fff04b2a09cab04922155b53f2a43ce420c"",""parameter_identity_schema_version"":""1"",""parameter_identity_sha256"":""77d4e8ebc5ff8df3b98d9f019f9d8ff0c44215cce683e14a6f66e7929f95e2eb"",""parameter_schema_version"":""1"",""parameter_set_equivalence_family_id"":""02142a6e75c1"",""parameter_set_equivalence_family_sha256"":""02142a6e75c136bd22fd0c86045e3344cf8b89398752a8d0807b0c53bfd7db33"",""parameter_set_equivalence_family_size"":1,""parameter_set_id"":""02142a6e75c1"",""parameters"":{""contrast_weight"":0.5,""epsilon_max_fraction"":0.03,""minimum_contour_area_fraction"":0.08,""minimum_cross_edge_contrast"":0.02,""minimum_polarity_consistency"":0.65,""minimum_rectangularity"":0.45,""sample_offset_fraction"":0.004,""samples_per_edge"":24},""profile"":null,""rank"":7,""reference_roles"":[],""requested_search_member"":true,""run_id"":""run-20260902-194725"",""search_observation"":{""completion_index"":8,""elapsed_seconds"":1.6358930370770395,""parameter_set_number"":8,""search_fraction"":0.8},""search_rank"":6,""search_space_member"":true,""summary"":{""elapsed_ms_total"":669.268,""failure_count"":2,""mean_edge_error_px"":22.167,""mean_iou"":0.55268565,""mean_iou_success"":0.92114275,""minimum_iou"":0.0,""page_count"":5,""stddev_iou"":0.45278838,""success_count"":3,""wall_ms"":669.659}}","{""approved_bbox"":[84,51,1101,941],""candidate"":{""authors"":null,""bbox"":[73,56,1119,938],""confidence"":0.9380030909090911,""corners"":[[77.0,56.0],[1115.0,56.0],[1118.0,937.0],[73.0,932.0]],""detector_name"":"""",""diagnostics"":{""contour_score"":0.879702,""contrast_score"":1.0,""cross_edge_contrast"":0.405130812701057,""evidence"":""inside_outside_cross_boundary_intensity"",""parameters"":{""contour_weight"":0.45,""contrast_weight"":0.5,""epsilon_max_fraction"":0.03,""minimum_contour_area_fraction"":0.08,""minimum_cross_edge_contrast"":0.02,""minimum_polarity_consistency"":0.65,""minimum_rectangularity"":0.45,""polarity_weight"":0.15,""sample_offset_fraction"":0.004,""samples_per_edge"":24},""polarity_consistency"":0.90625,""sample_offset_pixels"":3.94,""side_contrast"":[0.5867487888710171,0.0731713612874349,0.43915641635072,0.5214466768152574]},""foundation"":null,""method"":""cross_edge_contour"",""origin"":"""",""repository"":"""",""score"":0.9380030909090911,""status"":""ok"",""version"":""""},""edge_error_maximum_px"":18,""edge_error_mean_px"":9.25,""edge_errors"":{""bottom"":3,""left"":11,""maximum"":18,""mean"":9.25,""right"":18,""top"":5},""elapsed_ms"":186.557,""global_ordinal"":9,""iou"":0.96377596,""label"":""clean_two_page_spread"",""layout_type"":""two_page_spread"",""predicted_bbox"":[73,56,1119,938],""status"":""ok""}"
run-20260902-194725,02142a6e75c1,02142a6e75c136bd22fd0c86045e3344cf8b89398752a8d0807b0c53bfd7db33,1,02142a6e75c1,77d4e8ebc5ff8df3b98d9f019f9d8ff0c44215cce683e14a6f66e7929f95e2eb,1,05114d057333e20b44a9764f6ca07fff04b2a09cab04922155b53f2a43ce420c,5,,7,6,1,1,[],{},8,1.6358930370770395,0.8,10,clean_two_page_spread_2,two_page_spread,ok,0.94540817,7,11,18,20,14.0,20,194.612,"[88, 33, 1154, 968]","[81, 44, 1172, 948]","{""contrast_weight"":0.5,""epsilon_max_fraction"":0.03,""minimum_contour_area_fraction"":0.08,""minimum_cross_edge_contrast"":0.02,""minimum_polarity_consistency"":0.65,""minimum_rectangularity"":0.45,""sample_offset_fraction"":0.004,""samples_per_edge"":24}",,,"{""legacy_parameter_set_id"":""02142a6e75c1"",""parameter_grid_ordinal"":5,""parameter_grid_sha256"":""05114d057333e20b44a9764f6ca07fff04b2a09cab04922155b53f2a43ce420c"",""parameter_identity_schema_version"":""1"",""parameter_identity_sha256"":""77d4e8ebc5ff8df3b98d9f019f9d8ff0c44215cce683e14a6f66e7929f95e2eb"",""parameter_schema_version"":""1"",""parameter_set_equivalence_family_id"":""02142a6e75c1"",""parameter_set_equivalence_family_sha256"":""02142a6e75c136bd22fd0c86045e3344cf8b89398752a8d0807b0c53bfd7db33"",""parameter_set_equivalence_family_size"":1,""parameter_set_id"":""02142a6e75c1"",""parameters"":{""contrast_weight"":0.5,""epsilon_max_fraction"":0.03,""minimum_contour_area_fraction"":0.08,""minimum_cross_edge_contrast"":0.02,""minimum_polarity_consistency"":0.65,""minimum_rectangularity"":0.45,""sample_offset_fraction"":0.004,""samples_per_edge"":24},""profile"":null,""rank"":7,""reference_roles"":[],""requested_search_member"":true,""run_id"":""run-20260902-194725"",""search_observation"":{""completion_index"":8,""elapsed_seconds"":1.6358930370770395,""parameter_set_number"":8,""search_fraction"":0.8},""search_rank"":6,""search_space_member"":true,""summary"":{""elapsed_ms_total"":669.268,""failure_count"":2,""mean_edge_error_px"":22.167,""mean_iou"":0.55268565,""mean_iou_success"":0.92114275,""minimum_iou"":0.0,""page_count"":5,""stddev_iou"":0.45278838,""success_count"":3,""wall_ms"":669.659}}","{""approved_bbox"":[88,33,1154,968],""candidate"":{""authors"":null,""bbox"":[81,44,1172,948],""confidence"":0.925591909090909,""corners"":[[84.0,44.0],[1144.0,44.0],[1171.0,947.0],[81.0,945.0]],""detector_name"":"""",""diagnostics"":{""contour_score"":0.856308,""contrast_score"":1.0,""cross_edge_contrast"":0.11443948932722503,""evidence"":""inside_outside_cross_boundary_intensity"",""parameters"":{""contour_weight"":0.45,""contrast_weight"":0.5,""epsilon_max_fraction"":0.03,""minimum_contour_area_fraction"":0.08,""minimum_cross_edge_contrast"":0.02,""minimum_polarity_consistency"":0.65,""minimum_rectangularity"":0.45,""polarity_weight"":0.15,""sample_offset_fraction"":0.004,""samples_per_edge"":24},""polarity_consistency"":0.8854166666666666,""sample_offset_pixels"":3.96,""side_contrast"":[0.09415510589001226,0.0956201291551777,0.07530985065535004,0.1926728940477558]},""foundation"":null,""method"":""cross_edge_contour"",""origin"":"""",""repository"":"""",""score"":0.925591909090909,""status"":""ok"",""version"":""""},""edge_error_maximum_px"":20,""edge_error_mean_px"":14.0,""edge_errors"":{""bottom"":20,""left"":7,""maximum"":20,""mean"":14.0,""right"":18,""top"":11},""elapsed_ms"":194.612,""global_ordinal"":10,""iou"":0.94540817,""label"":""clean_two_page_spread_2"",""layout_type"":""two_page_spread"",""predicted_bbox"":[81,44,1172,948],""status"":""ok""}"
run-20260902-194725,0474de95ff10,0474de95ff101283bfa49d31dbe31f8c6088aa29231a90d09b58ae95bbfa98b9,1,0474de95ff10,64fc5d88ee2f2d59e923275431efa8f9498ff5cbd4135ecefe63c10961eb038c,1,05114d057333e20b44a9764f6ca07fff04b2a09cab04922155b53f2a43ce420c,6,,8,7,1,1,[],{},10,1.6882143379189074,1.0,1,ordinary_two_page_spread,two_page_spread,no_candidate,0.0,,,,,,,278.007,null,null,"{""contrast_weight"":0.3,""epsilon_max_fraction"":0.03,""minimum_contour_area_fraction"":0.08,""minimum_cross_edge_contrast"":0.02,""minimum_polarity_consistency"":0.8,""minimum_rectangularity"":0.45,""sample_offset_fraction"":0.004,""samples_per_edge"":24}",,,"{""legacy_parameter_set_id"":""0474de95ff10"",""parameter_grid_ordinal"":6,""parameter_grid_sha256"":""05114d057333e20b44a9764f6ca07fff04b2a09cab04922155b53f2a43ce420c"",""parameter_identity_schema_version"":""1"",""parameter_identity_sha256"":""64fc5d88ee2f2d59e923275431efa8f9498ff5cbd4135ecefe63c10961eb038c"",""parameter_schema_version"":""1"",""parameter_set_equivalence_family_id"":""0474de95ff10"",""parameter_set_equivalence_family_sha256"":""0474de95ff101283bfa49d31dbe31f8c6088aa29231a90d09b58ae95bbfa98b9"",""parameter_set_equivalence_family_size"":1,""parameter_set_id"":""0474de95ff10"",""parameters"":{""contrast_weight"":0.3,""epsilon_max_fraction"":0.03,""minimum_contour_area_fraction"":0.08,""minimum_cross_edge_contrast"":0.02,""minimum_polarity_consistency"":0.8,""minimum_rectangularity"":0.45,""sample_offset_fraction"":0.004,""samples_per_edge"":24},""profile"":null,""rank"":8,""reference_roles"":[],""requested_search_member"":true,""run_id"":""run-20260902-194725"",""search_observation"":{""completion_index"":10,""elapsed_seconds"":1.6882143379189074,""parameter_set_number"":10,""search_fraction"":1.0},""search_rank"":7,""search_space_member"":true,""summary"":{""elapsed_ms_total"":716.202,""failure_count"":3,""mean_edge_error_px"":11.625,""mean_iou"":0.38183683,""mean_iou_success"":0.95459206,""minimum_iou"":0.0,""page_count"":5,""stddev_iou"":0.46768876,""success_count"":2,""wall_ms"":716.562}}","{""candidate"":{""authors"":null,""bbox"":null,""confidence"":0.0,""corners"":null,""detector_name"":"""",""diagnostics"":{""contour_score"":0.79374,""cross_edge_contrast"":0.11410603990741805,""evidence"":""inside_outside_cross_boundary_intensity"",""parameters"":{""contour_weight"":0.45,""contrast_weight"":0.3,""epsilon_max_fraction"":0.03,""minimum_contour_area_fraction"":0.08,""minimum_cross_edge_contrast"":0.02,""minimum_polarity_consistency"":0.8,""minimum_rectangularity"":0.45,""polarity_weight"":0.15,""sample_offset_fraction"":0.004,""samples_per_edge"":24},""polarity_consistency"":0.7395833333333334,""reason"":""inconsistent_cross_edge_polarity"",""sample_offset_pixels"":3.944,""side_contrast"":[0.16507701499789368,0.03896190792906518,0.13016209321863512,0.12222314722397748]},""foundation"":null,""method"":""cross_edge_contour"",""origin"":"""",""repository"":"""",""score"":0.0,""status"":""no_candidate"",""version"":""""},""edge_error_maximum_px"":null,""edge_error_mean_px"":null,""elapsed_ms"":278.007,""global_ordinal"":1,""iou"":0.0,""label"":""ordinary_two_page_spread"",""layout_type"":""two_page_spread"",""status"":""no_candidate""}"
run-20260902-194725,0474de95ff10,0474de95ff101283bfa49d31dbe31f8c6088aa29231a90d09b58ae95bbfa98b9,1,0474de95ff10,64fc5d88ee2f2d59e923275431efa8f9498ff5cbd4135ecefe63c10961eb038c,1,05114d057333e20b44a9764f6ca07fff04b2a09cab04922155b53f2a43ce420c,6,,8,7,1,1,[],{},10,1.6882143379189074,1.0,5,damaged_partial_register_spread,two_page_spread,no_candidate,0.0,,,,,,,40.635,null,null,"{""contrast_weight"":0.3,""epsilon_max_fraction"":0.03,""minimum_contour_area_fraction"":0.08,""minimum_cross_edge_contrast"":0.02,""minimum_polarity_consistency"":0.8,""minimum_rectangularity"":0.45,""sample_offset_fraction"":0.004,""samples_per_edge"":24}",,,"{""legacy_parameter_set_id"":""0474de95ff10"",""parameter_grid_ordinal"":6,""parameter_grid_sha256"":""05114d057333e20b44a9764f6ca07fff04b2a09cab04922155b53f2a43ce420c"",""parameter_identity_schema_version"":""1"",""parameter_identity_sha256"":""64fc5d88ee2f2d59e923275431efa8f9498ff5cbd4135ecefe63c10961eb038c"",""parameter_schema_version"":""1"",""parameter_set_equivalence_family_id"":""0474de95ff10"",""parameter_set_equivalence_family_sha256"":""0474de95ff101283bfa49d31dbe31f8c6088aa29231a90d09b58ae95bbfa98b9"",""parameter_set_equivalence_family_size"":1,""parameter_set_id"":""0474de95ff10"",""parameters"":{""contrast_weight"":0.3,""epsilon_max_fraction"":0.03,""minimum_contour_area_fraction"":0.08,""minimum_cross_edge_contrast"":0.02,""minimum_polarity_consistency"":0.8,""minimum_rectangularity"":0.45,""sample_offset_fraction"":0.004,""samples_per_edge"":24},""profile"":null,""rank"":8,""reference_roles"":[],""requested_search_member"":true,""run_id"":""run-20260902-194725"",""search_observation"":{""completion_index"":10,""elapsed_seconds"":1.6882143379189074,""parameter_set_number"":10,""search_fraction"":1.0},""search_rank"":7,""search_space_member"":true,""summary"":{""elapsed_ms_total"":716.202,""failure_count"":3,""mean_edge_error_px"":11.625,""mean_iou"":0.38183683,""mean_iou_success"":0.95459206,""minimum_iou"":0.0,""page_count"":5,""stddev_iou"":0.46768876,""success_count"":2,""wall_ms"":716.562}}","{""candidate"":{""authors"":null,""bbox"":null,""confidence"":0.0,""corners"":null,""detector_name"":"""",""diagnostics"":{""contour_score"":0.749072,""cross_edge_contrast"":0.08581560920266544,""evidence"":""inside_outside_cross_boundary_intensity"",""parameters"":{""contour_weight"":0.45,""contrast_weight"":0.3,""epsilon_max_fraction"":0.03,""minimum_contour_area_fraction"":0.08,""minimum_cross_edge_contrast"":0.02,""minimum_polarity_consistency"":0.8,""minimum_rectangularity"":0.45,""polarity_weight"":0.15,""sample_offset_fraction"":0.004,""samples_per_edge"":24},""polarity_consistency"":0.6145833333333334,""reason"":""inconsistent_cross_edge_polarity"",""sample_offset_pixels"":3.948,""side_contrast"":[0.04013398114372702,0.051946677413641236,0.0647052241306679,0.18647656908222274]},""foundation"":null,""method"":""cross_edge_contour"",""origin"":"""",""repository"":"""",""score"":0.0,""status"":""no_candidate"",""version"":""""},""edge_error_maximum_px"":null,""edge_error_mean_px"":null,""elapsed_ms"":40.635,""global_ordinal"":5,""iou"":0.0,""label"":""damaged_partial_register_spread"",""layout_type"":""two_page_spread"",""status"":""no_candidate""}"
run-20260902-194725,0474de95ff10,0474de95ff101283bfa49d31dbe31f8c6088aa29231a90d09b58ae95bbfa98b9,1,0474de95ff10,64fc5d88ee2f2d59e923275431efa8f9498ff5cbd4135ecefe63c10961eb038c,1,05114d057333e20b44a9764f6ca07fff04b2a09cab04922155b53f2a43ce420c,6,,8,7,1,1,[],{},10,1.6882143379189074,1.0,6,title_or_index_sheet,single_page,no_candidate,0.0,,,,,,,31.938,null,null,"{""contrast_weight"":0.3,""epsilon_max_fraction"":0.03,""minimum_contour_area_fraction"":0.08,""minimum_cross_edge_contrast"":0.02,""minimum_polarity_consistency"":0.8,""minimum_rectangularity"":0.45,""sample_offset_fraction"":0.004,""samples_per_edge"":24}",,,"{""legacy_parameter_set_id"":""0474de95ff10"",""parameter_grid_ordinal"":6,""parameter_grid_sha256"":""05114d057333e20b44a9764f6ca07fff04b2a09cab04922155b53f2a43ce420c"",""parameter_identity_schema_version"":""1"",""parameter_identity_sha256"":""64fc5d88ee2f2d59e923275431efa8f9498ff5cbd4135ecefe63c10961eb038c"",""parameter_schema_version"":""1"",""parameter_set_equivalence_family_id"":""0474de95ff10"",""parameter_set_equivalence_family_sha256"":""0474de95ff101283bfa49d31dbe31f8c6088aa29231a90d09b58ae95bbfa98b9"",""parameter_set_equivalence_family_size"":1,""parameter_set_id"":""0474de95ff10"",""parameters"":{""contrast_weight"":0.3,""epsilon_max_fraction"":0.03,""minimum_contour_area_fraction"":0.08,""minimum_cross_edge_contrast"":0.02,""minimum_polarity_consistency"":0.8,""minimum_rectangularity"":0.45,""sample_offset_fraction"":0.004,""samples_per_edge"":24},""profile"":null,""rank"":8,""reference_roles"":[],""requested_search_member"":true,""run_id"":""run-20260902-194725"",""search_observation"":{""completion_index"":10,""elapsed_seconds"":1.6882143379189074,""parameter_set_number"":10,""search_fraction"":1.0},""search_rank"":7,""search_space_member"":true,""summary"":{""elapsed_ms_total"":716.202,""failure_count"":3,""mean_edge_error_px"":11.625,""mean_iou"":0.38183683,""mean_iou_success"":0.95459206,""minimum_iou"":0.0,""page_count"":5,""stddev_iou"":0.46768876,""success_count"":2,""wall_ms"":716.562}}","{""candidate"":{""authors"":null,""bbox"":null,""confidence"":0.0,""corners"":null,""detector_name"":"""",""diagnostics"":{""contour_score"":0.662027,""cross_edge_contrast"":0.07662325840370328,""evidence"":""inside_outside_cross_boundary_intensity"",""parameters"":{""contour_weight"":0.45,""contrast_weight"":0.3,""epsilon_max_fraction"":0.03,""minimum_contour_area_fraction"":0.08,""minimum_cross_edge_contrast"":0.02,""minimum_polarity_consistency"":0.8,""minimum_rectangularity"":0.45,""polarity_weight"":0.15,""sample_offset_fraction"":0.004,""samples_per_edge"":24},""polarity_consistency"":0.53125,""reason"":""inconsistent_cross_edge_polarity"",""sample_offset_pixels"":3.932,""side_contrast"":[0.1635775696997549,0.005373571900760426,0.0076198503082873775,0.12992202160405178]},""foundation"":null,""method"":""cross_edge_contour"",""origin"":"""",""repository"":"""",""score"":0.0,""status"":""no_candidate"",""version"":""""},""edge_error_maximum_px"":null,""edge_error_mean_px"":null,""elapsed_ms"":31.938,""global_ordinal"":6,""iou"":0.0,""label"":""title_or_index_sheet"",""layout_type"":""single_page"",""status"":""no_candidate""}"
run-20260902-194725,0474de95ff10,0474de95ff101283bfa49d31dbe31f8c6088aa29231a90d09b58ae95bbfa98b9,1,0474de95ff10,64fc5d88ee2f2d59e923275431efa8f9498ff5cbd4135ecefe63c10961eb038c,1,05114d057333e20b44a9764f6ca07fff04b2a09cab04922155b53f2a43ce420c,6,,8,7,1,1,[],{},10,1.6882143379189074,1.0,9,clean_two_page_spread,two_page_spread,ok,0.96377596,11,5,18,3,9.25,18,160.937,"[84, 51, 1101, 941]","[73, 56, 1119, 938]","{""contrast_weight"":0.3,""epsilon_max_fraction"":0.03,""minimum_contour_area_fraction"":0.08,""minimum_cross_edge_contrast"":0.02,""minimum_polarity_consistency"":0.8,""minimum_rectangularity"":0.45,""sample_offset_fraction"":0.004,""samples_per_edge"":24}",,,"{""legacy_parameter_set_id"":""0474de95ff10"",""parameter_grid_ordinal"":6,""parameter_grid_sha256"":""05114d057333e20b44a9764f6ca07fff04b2a09cab04922155b53f2a43ce420c"",""parameter_identity_schema_version"":""1"",""parameter_identity_sha256"":""64fc5d88ee2f2d59e923275431efa8f9498ff5cbd4135ecefe63c10961eb038c"",""parameter_schema_version"":""1"",""parameter_set_equivalence_family_id"":""0474de95ff10"",""parameter_set_equivalence_family_sha256"":""0474de95ff101283bfa49d31dbe31f8c6088aa29231a90d09b58ae95bbfa98b9"",""parameter_set_equivalence_family_size"":1,""parameter_set_id"":""0474de95ff10"",""parameters"":{""contrast_weight"":0.3,""epsilon_max_fraction"":0.03,""minimum_contour_area_fraction"":0.08,""minimum_cross_edge_contrast"":0.02,""minimum_polarity_consistency"":0.8,""minimum_rectangularity"":0.45,""sample_offset_fraction"":0.004,""samples_per_edge"":24},""profile"":null,""rank"":8,""reference_roles"":[],""requested_search_member"":true,""run_id"":""run-20260902-194725"",""search_observation"":{""completion_index"":10,""elapsed_seconds"":1.6882143379189074,""parameter_set_number"":10,""search_fraction"":1.0},""search_rank"":7,""search_space_member"":true,""summary"":{""elapsed_ms_total"":716.202,""failure_count"":3,""mean_edge_error_px"":11.625,""mean_iou"":0.38183683,""mean_iou_success"":0.95459206,""minimum_iou"":0.0,""page_count"":5,""stddev_iou"":0.46768876,""success_count"":2,""wall_ms"":716.562}}","{""approved_bbox"":[84,51,1101,941],""candidate"":{""authors"":null,""bbox"":[73,56,1119,938],""confidence"":0.9242260000000001,""corners"":[[77.0,56.0],[1115.0,56.0],[1118.0,937.0],[73.0,932.0]],""detector_name"":"""",""diagnostics"":{""contour_score"":0.879702,""contrast_score"":1.0,""cross_edge_contrast"":0.405130812701057,""evidence"":""inside_outside_cross_boundary_intensity"",""parameters"":{""contour_weight"":0.45,""contrast_weight"":0.3,""epsilon_max_fraction"":0.03,""minimum_contour_area_fraction"":0.08,""minimum_cross_edge_contrast"":0.02,""minimum_polarity_consistency"":0.8,""minimum_rectangularity"":0.45,""polarity_weight"":0.15,""sample_offset_fraction"":0.004,""samples_per_edge"":24},""polarity_consistency"":0.90625,""sample_offset_pixels"":3.94,""side_contrast"":[0.5867487888710171,0.0731713612874349,0.43915641635072,0.5214466768152574]},""foundation"":null,""method"":""cross_edge_contour"",""origin"":"""",""repository"":"""",""score"":0.9242260000000001,""status"":""ok"",""version"":""""},""edge_error_maximum_px"":18,""edge_error_mean_px"":9.25,""edge_errors"":{""bottom"":3,""left"":11,""maximum"":18,""mean"":9.25,""right"":18,""top"":5},""elapsed_ms"":160.937,""global_ordinal"":9,""iou"":0.96377596,""label"":""clean_two_page_spread"",""layout_type"":""two_page_spread"",""predicted_bbox"":[73,56,1119,938],""status"":""ok""}"
run-20260902-194725,0474de95ff10,0474de95ff101283bfa49d31dbe31f8c6088aa29231a90d09b58ae95bbfa98b9,1,0474de95ff10,64fc5d88ee2f2d59e923275431efa8f9498ff5cbd4135ecefe63c10961eb038c,1,05114d057333e20b44a9764f6ca07fff04b2a09cab04922155b53f2a43ce420c,6,,8,7,1,1,[],{},10,1.6882143379189074,1.0,10,clean_two_page_spread_2,two_page_spread,ok,0.94540817,7,11,18,20,14.0,20,204.685,"[88, 33, 1154, 968]","[81, 44, 1172, 948]","{""contrast_weight"":0.3,""epsilon_max_fraction"":0.03,""minimum_contour_area_fraction"":0.08,""minimum_cross_edge_contrast"":0.02,""minimum_polarity_consistency"":0.8,""minimum_rectangularity"":0.45,""sample_offset_fraction"":0.004,""samples_per_edge"":24}",,,"{""legacy_parameter_set_id"":""0474de95ff10"",""parameter_grid_ordinal"":6,""parameter_grid_sha256"":""05114d057333e20b44a9764f6ca07fff04b2a09cab04922155b53f2a43ce420c"",""parameter_identity_schema_version"":""1"",""parameter_identity_sha256"":""64fc5d88ee2f2d59e923275431efa8f9498ff5cbd4135ecefe63c10961eb038c"",""parameter_schema_version"":""1"",""parameter_set_equivalence_family_id"":""0474de95ff10"",""parameter_set_equivalence_family_sha256"":""0474de95ff101283bfa49d31dbe31f8c6088aa29231a90d09b58ae95bbfa98b9"",""parameter_set_equivalence_family_size"":1,""parameter_set_id"":""0474de95ff10"",""parameters"":{""contrast_weight"":0.3,""epsilon_max_fraction"":0.03,""minimum_contour_area_fraction"":0.08,""minimum_cross_edge_contrast"":0.02,""minimum_polarity_consistency"":0.8,""minimum_rectangularity"":0.45,""sample_offset_fraction"":0.004,""samples_per_edge"":24},""profile"":null,""rank"":8,""reference_roles"":[],""requested_search_member"":true,""run_id"":""run-20260902-194725"",""search_observation"":{""completion_index"":10,""elapsed_seconds"":1.6882143379189074,""parameter_set_number"":10,""search_fraction"":1.0},""search_rank"":7,""search_space_member"":true,""summary"":{""elapsed_ms_total"":716.202,""failure_count"":3,""mean_edge_error_px"":11.625,""mean_iou"":0.38183683,""mean_iou_success"":0.95459206,""minimum_iou"":0.0,""page_count"":5,""stddev_iou"":0.46768876,""success_count"":2,""wall_ms"":716.562}}","{""approved_bbox"":[88,33,1154,968],""candidate"":{""authors"":null,""bbox"":[81,44,1172,948],""confidence"":0.9090567777777776,""corners"":[[84.0,44.0],[1144.0,44.0],[1171.0,947.0],[81.0,945.0]],""detector_name"":"""",""diagnostics"":{""contour_score"":0.856308,""contrast_score"":1.0,""cross_edge_contrast"":0.11443948932722503,""evidence"":""inside_outside_cross_boundary_intensity"",""parameters"":{""contour_weight"":0.45,""contrast_weight"":0.3,""epsilon_max_fraction"":0.03,""minimum_contour_area_fraction"":0.08,""minimum_cross_edge_contrast"":0.02,""minimum_polarity_consistency"":0.8,""minimum_rectangularity"":0.45,""polarity_weight"":0.15,""sample_offset_fraction"":0.004,""samples_per_edge"":24},""polarity_consistency"":0.8854166666666666,""sample_offset_pixels"":3.96,""side_contrast"":[0.09415510589001226,0.0956201291551777,0.07530985065535004,0.1926728940477558]},""foundation"":null,""method"":""cross_edge_contour"",""origin"":"""",""repository"":"""",""score"":0.9090567777777776,""status"":""ok"",""version"":""""},""edge_error_maximum_px"":20,""edge_error_mean_px"":14.0,""edge_errors"":{""bottom"":20,""left"":7,""maximum"":20,""mean"":14.0,""right"":18,""top"":11},""elapsed_ms"":204.685,""global_ordinal"":10,""iou"":0.94540817,""label"":""clean_two_page_spread_2"",""layout_type"":""two_page_spread"",""predicted_bbox"":[81,44,1172,948],""status"":""ok""}"
run-20260902-194725,d86c908770d3,d86c908770d3bf703d673546e9ea6563152ad2876925c4bbca58a2d50496b0cf,1,d86c908770d3,9e4d2e8ffb776cd5908468e6ee7f4f4d0f3becd663ee94234181d1699763cd7c,1,05114d057333e20b44a9764f6ca07fff04b2a09cab04922155b53f2a43ce420c,7,,9,8,1,1,[],{},5,1.5548734720796347,0.5,1,ordinary_two_page_spread,two_page_spread,no_candidate,0.0,,,,,,,189.725,null,null,"{""contrast_weight"":0.4,""epsilon_max_fraction"":0.03,""minimum_contour_area_fraction"":0.08,""minimum_cross_edge_contrast"":0.02,""minimum_polarity_consistency"":0.8,""minimum_rectangularity"":0.45,""sample_offset_fraction"":0.004,""samples_per_edge"":24}",,,"{""legacy_parameter_set_id"":""d86c908770d3"",""parameter_grid_ordinal"":7,""parameter_grid_sha256"":""05114d057333e20b44a9764f6ca07fff04b2a09cab04922155b53f2a43ce420c"",""parameter_identity_schema_version"":""1"",""parameter_identity_sha256"":""9e4d2e8ffb776cd5908468e6ee7f4f4d0f3becd663ee94234181d1699763cd7c"",""parameter_schema_version"":""1"",""parameter_set_equivalence_family_id"":""d86c908770d3"",""parameter_set_equivalence_family_sha256"":""d86c908770d3bf703d673546e9ea6563152ad2876925c4bbca58a2d50496b0cf"",""parameter_set_equivalence_family_size"":1,""parameter_set_id"":""d86c908770d3"",""parameters"":{""contrast_weight"":0.4,""epsilon_max_fraction"":0.03,""minimum_contour_area_fraction"":0.08,""minimum_cross_edge_contrast"":0.02,""minimum_polarity_consistency"":0.8,""minimum_rectangularity"":0.45,""sample_offset_fraction"":0.004,""samples_per_edge"":24},""profile"":null,""rank"":9,""reference_roles"":[],""requested_search_member"":true,""run_id"":""run-20260902-194725"",""search_observation"":{""completion_index"":5,""elapsed_seconds"":1.5548734720796347,""parameter_set_number"":5,""search_fraction"":0.5},""search_rank"":8,""search_space_member"":true,""summary"":{""elapsed_ms_total"":578.525,""failure_count"":3,""mean_edge_error_px"":11.625,""mean_iou"":0.38183683,""mean_iou_success"":0.95459206,""minimum_iou"":0.0,""page_count"":5,""stddev_iou"":0.46768876,""success_count"":2,""wall_ms"":578.871}}","{""candidate"":{""authors"":null,""bbox"":null,""confidence"":0.0,""corners"":null,""detector_name"":"""",""diagnostics"":{""contour_score"":0.79374,""cross_edge_contrast"":0.11410603990741805,""evidence"":""inside_outside_cross_boundary_intensity"",""parameters"":{""contour_weight"":0.45,""contrast_weight"":0.4,""epsilon_max_fraction"":0.03,""minimum_contour_area_fraction"":0.08,""minimum_cross_edge_contrast"":0.02,""minimum_polarity_consistency"":0.8,""minimum_rectangularity"":0.45,""polarity_weight"":0.15,""sample_offset_fraction"":0.004,""samples_per_edge"":24},""polarity_consistency"":0.7395833333333334,""reason"":""inconsistent_cross_edge_polarity"",""sample_offset_pixels"":3.944,""side_contrast"":[0.16507701499789368,0.03896190792906518,0.13016209321863512,0.12222314722397748]},""foundation"":null,""method"":""cross_edge_contour"",""origin"":"""",""repository"":"""",""score"":0.0,""status"":""no_candidate"",""version"":""""},""edge_error_maximum_px"":null,""edge_error_mean_px"":null,""elapsed_ms"":189.725,""global_ordinal"":1,""iou"":0.0,""label"":""ordinary_two_page_spread"",""layout_type"":""two_page_spread"",""status"":""no_candidate""}"
run-20260902-194725,d86c908770d3,d86c908770d3bf703d673546e9ea6563152ad2876925c4bbca58a2d50496b0cf,1,d86c908770d3,9e4d2e8ffb776cd5908468e6ee7f4f4d0f3becd663ee94234181d1699763cd7c,1,05114d057333e20b44a9764f6ca07fff04b2a09cab04922155b53f2a43ce420c,7,,9,8,1,1,[],{},5,1.5548734720796347,0.5,5,damaged_partial_register_spread,two_page_spread,no_candidate,0.0,,,,,,,47.53,null,null,"{""contrast_weight"":0.4,""epsilon_max_fraction"":0.03,""minimum_contour_area_fraction"":0.08,""minimum_cross_edge_contrast"":0.02,""minimum_polarity_consistency"":0.8,""minimum_rectangularity"":0.45,""sample_offset_fraction"":0.004,""samples_per_edge"":24}",,,"{""legacy_parameter_set_id"":""d86c908770d3"",""parameter_grid_ordinal"":7,""parameter_grid_sha256"":""05114d057333e20b44a9764f6ca07fff04b2a09cab04922155b53f2a43ce420c"",""parameter_identity_schema_version"":""1"",""parameter_identity_sha256"":""9e4d2e8ffb776cd5908468e6ee7f4f4d0f3becd663ee94234181d1699763cd7c"",""parameter_schema_version"":""1"",""parameter_set_equivalence_family_id"":""d86c908770d3"",""parameter_set_equivalence_family_sha256"":""d86c908770d3bf703d673546e9ea6563152ad2876925c4bbca58a2d50496b0cf"",""parameter_set_equivalence_family_size"":1,""parameter_set_id"":""d86c908770d3"",""parameters"":{""contrast_weight"":0.4,""epsilon_max_fraction"":0.03,""minimum_contour_area_fraction"":0.08,""minimum_cross_edge_contrast"":0.02,""minimum_polarity_consistency"":0.8,""minimum_rectangularity"":0.45,""sample_offset_fraction"":0.004,""samples_per_edge"":24},""profile"":null,""rank"":9,""reference_roles"":[],""requested_search_member"":true,""run_id"":""run-20260902-194725"",""search_observation"":{""completion_index"":5,""elapsed_seconds"":1.5548734720796347,""parameter_set_number"":5,""search_fraction"":0.5},""search_rank"":8,""search_space_member"":true,""summary"":{""elapsed_ms_total"":578.525,""failure_count"":3,""mean_edge_error_px"":11.625,""mean_iou"":0.38183683,""mean_iou_success"":0.95459206,""minimum_iou"":0.0,""page_count"":5,""stddev_iou"":0.46768876,""success_count"":2,""wall_ms"":578.871}}","{""candidate"":{""authors"":null,""bbox"":null,""confidence"":0.0,""corners"":null,""detector_name"":"""",""diagnostics"":{""contour_score"":0.749072,""cross_edge_contrast"":0.08581560920266544,""evidence"":""inside_outside_cross_boundary_intensity"",""parameters"":{""contour_weight"":0.45,""contrast_weight"":0.4,""epsilon_max_fraction"":0.03,""minimum_contour_area_fraction"":0.08,""minimum_cross_edge_contrast"":0.02,""minimum_polarity_consistency"":0.8,""minimum_rectangularity"":0.45,""polarity_weight"":0.15,""sample_offset_fraction"":0.004,""samples_per_edge"":24},""polarity_consistency"":0.6145833333333334,""reason"":""inconsistent_cross_edge_polarity"",""sample_offset_pixels"":3.948,""side_contrast"":[0.04013398114372702,0.051946677413641236,0.0647052241306679,0.18647656908222274]},""foundation"":null,""method"":""cross_edge_contour"",""origin"":"""",""repository"":"""",""score"":0.0,""status"":""no_candidate"",""version"":""""},""edge_error_maximum_px"":null,""edge_error_mean_px"":null,""elapsed_ms"":47.53,""global_ordinal"":5,""iou"":0.0,""label"":""damaged_partial_register_spread"",""layout_type"":""two_page_spread"",""status"":""no_candidate""}"
run-20260902-194725,d86c908770d3,d86c908770d3bf703d673546e9ea6563152ad2876925c4bbca58a2d50496b0cf,1,d86c908770d3,9e4d2e8ffb776cd5908468e6ee7f4f4d0f3becd663ee94234181d1699763cd7c,1,05114d057333e20b44a9764f6ca07fff04b2a09cab04922155b53f2a43ce420c,7,,9,8,1,1,[],{},5,1.5548734720796347,0.5,6,title_or_index_sheet,single_page,no_candidate,0.0,,,,,,,28.948,null,null,"{""contrast_weight"":0.4,""epsilon_max_fraction"":0.03,""minimum_contour_area_fraction"":0.08,""minimum_cross_edge_contrast"":0.02,""minimum_polarity_consistency"":0.8,""minimum_rectangularity"":0.45,""sample_offset_fraction"":0.004,""samples_per_edge"":24}",,,"{""legacy_parameter_set_id"":""d86c908770d3"",""parameter_grid_ordinal"":7,""parameter_grid_sha256"":""05114d057333e20b44a9764f6ca07fff04b2a09cab04922155b53f2a43ce420c"",""parameter_identity_schema_version"":""1"",""parameter_identity_sha256"":""9e4d2e8ffb776cd5908468e6ee7f4f4d0f3becd663ee94234181d1699763cd7c"",""parameter_schema_version"":""1"",""parameter_set_equivalence_family_id"":""d86c908770d3"",""parameter_set_equivalence_family_sha256"":""d86c908770d3bf703d673546e9ea6563152ad2876925c4bbca58a2d50496b0cf"",""parameter_set_equivalence_family_size"":1,""parameter_set_id"":""d86c908770d3"",""parameters"":{""contrast_weight"":0.4,""epsilon_max_fraction"":0.03,""minimum_contour_area_fraction"":0.08,""minimum_cross_edge_contrast"":0.02,""minimum_polarity_consistency"":0.8,""minimum_rectangularity"":0.45,""sample_offset_fraction"":0.004,""samples_per_edge"":24},""profile"":null,""rank"":9,""reference_roles"":[],""requested_search_member"":true,""run_id"":""run-20260902-194725"",""search_observation"":{""completion_index"":5,""elapsed_seconds"":1.5548734720796347,""parameter_set_number"":5,""search_fraction"":0.5},""search_rank"":8,""search_space_member"":true,""summary"":{""elapsed_ms_total"":578.525,""failure_count"":3,""mean_edge_error_px"":11.625,""mean_iou"":0.38183683,""mean_iou_success"":0.95459206,""minimum_iou"":0.0,""page_count"":5,""stddev_iou"":0.46768876,""success_count"":2,""wall_ms"":578.871}}","{""candidate"":{""authors"":null,""bbox"":null,""confidence"":0.0,""corners"":null,""detector_name"":"""",""diagnostics"":{""contour_score"":0.662027,""cross_edge_contrast"":0.07662325840370328,""evidence"":""inside_outside_cross_boundary_intensity"",""parameters"":{""contour_weight"":0.45,""contrast_weight"":0.4,""epsilon_max_fraction"":0.03,""minimum_contour_area_fraction"":0.08,""minimum_cross_edge_contrast"":0.02,""minimum_polarity_consistency"":0.8,""minimum_rectangularity"":0.45,""polarity_weight"":0.15,""sample_offset_fraction"":0.004,""samples_per_edge"":24},""polarity_consistency"":0.53125,""reason"":""inconsistent_cross_edge_polarity"",""sample_offset_pixels"":3.932,""side_contrast"":[0.1635775696997549,0.005373571900760426,0.0076198503082873775,0.12992202160405178]},""foundation"":null,""method"":""cross_edge_contour"",""origin"":"""",""repository"":"""",""score"":0.0,""status"":""no_candidate"",""version"":""""},""edge_error_maximum_px"":null,""edge_error_mean_px"":null,""elapsed_ms"":28.948,""global_ordinal"":6,""iou"":0.0,""label"":""title_or_index_sheet"",""layout_type"":""single_page"",""status"":""no_candidate""}"
run-20260902-194725,d86c908770d3,d86c908770d3bf703d673546e9ea6563152ad2876925c4bbca58a2d50496b0cf,1,d86c908770d3,9e4d2e8ffb776cd5908468e6ee7f4f4d0f3becd663ee94234181d1699763cd7c,1,05114d057333e20b44a9764f6ca07fff04b2a09cab04922155b53f2a43ce420c,7,,9,8,1,1,[],{},5,1.5548734720796347,0.5,9,clean_two_page_spread,two_page_spread,ok,0.96377596,11,5,18,3,9.25,18,136.072,"[84, 51, 1101, 941]","[73, 56, 1119, 938]","{""contrast_weight"":0.4,""epsilon_max_fraction"":0.03,""minimum_contour_area_fraction"":0.08,""minimum_cross_edge_contrast"":0.02,""minimum_polarity_consistency"":0.8,""minimum_rectangularity"":0.45,""sample_offset_fraction"":0.004,""samples_per_edge"":24}",,,"{""legacy_parameter_set_id"":""d86c908770d3"",""parameter_grid_ordinal"":7,""parameter_grid_sha256"":""05114d057333e20b44a9764f6ca07fff04b2a09cab04922155b53f2a43ce420c"",""parameter_identity_schema_version"":""1"",""parameter_identity_sha256"":""9e4d2e8ffb776cd5908468e6ee7f4f4d0f3becd663ee94234181d1699763cd7c"",""parameter_schema_version"":""1"",""parameter_set_equivalence_family_id"":""d86c908770d3"",""parameter_set_equivalence_family_sha256"":""d86c908770d3bf703d673546e9ea6563152ad2876925c4bbca58a2d50496b0cf"",""parameter_set_equivalence_family_size"":1,""parameter_set_id"":""d86c908770d3"",""parameters"":{""contrast_weight"":0.4,""epsilon_max_fraction"":0.03,""minimum_contour_area_fraction"":0.08,""minimum_cross_edge_contrast"":0.02,""minimum_polarity_consistency"":0.8,""minimum_rectangularity"":0.45,""sample_offset_fraction"":0.004,""samples_per_edge"":24},""profile"":null,""rank"":9,""reference_roles"":[],""requested_search_member"":true,""run_id"":""run-20260902-194725"",""search_observation"":{""completion_index"":5,""elapsed_seconds"":1.5548734720796347,""parameter_set_number"":5,""search_fraction"":0.5},""search_rank"":8,""search_space_member"":true,""summary"":{""elapsed_ms_total"":578.525,""failure_count"":3,""mean_edge_error_px"":11.625,""mean_iou"":0.38183683,""mean_iou_success"":0.95459206,""minimum_iou"":0.0,""page_count"":5,""stddev_iou"":0.46768876,""success_count"":2,""wall_ms"":578.871}}","{""approved_bbox"":[84,51,1101,941],""candidate"":{""authors"":null,""bbox"":[73,56,1119,938],""confidence"":0.9318034,""corners"":[[77.0,56.0],[1115.0,56.0],[1118.0,937.0],[73.0,932.0]],""detector_name"":"""",""diagnostics"":{""contour_score"":0.879702,""contrast_score"":1.0,""cross_edge_contrast"":0.405130812701057,""evidence"":""inside_outside_cross_boundary_intensity"",""parameters"":{""contour_weight"":0.45,""contrast_weight"":0.4,""epsilon_max_fraction"":0.03,""minimum_contour_area_fraction"":0.08,""minimum_cross_edge_contrast"":0.02,""minimum_polarity_consistency"":0.8,""minimum_rectangularity"":0.45,""polarity_weight"":0.15,""sample_offset_fraction"":0.004,""samples_per_edge"":24},""polarity_consistency"":0.90625,""sample_offset_pixels"":3.94,""side_contrast"":[0.5867487888710171,0.0731713612874349,0.43915641635072,0.5214466768152574]},""foundation"":null,""method"":""cross_edge_contour"",""origin"":"""",""repository"":"""",""score"":0.9318034,""status"":""ok"",""version"":""""},""edge_error_maximum_px"":18,""edge_error_mean_px"":9.25,""edge_errors"":{""bottom"":3,""left"":11,""maximum"":18,""mean"":9.25,""right"":18,""top"":5},""elapsed_ms"":136.072,""global_ordinal"":9,""iou"":0.96377596,""label"":""clean_two_page_spread"",""layout_type"":""two_page_spread"",""predicted_bbox"":[73,56,1119,938],""status"":""ok""}"
run-20260902-194725,d86c908770d3,d86c908770d3bf703d673546e9ea6563152ad2876925c4bbca58a2d50496b0cf,1,d86c908770d3,9e4d2e8ffb776cd5908468e6ee7f4f4d0f3becd663ee94234181d1699763cd7c,1,05114d057333e20b44a9764f6ca07fff04b2a09cab04922155b53f2a43ce420c,7,,9,8,1,1,[],{},5,1.5548734720796347,0.5,10,clean_two_page_spread_2,two_page_spread,ok,0.94540817,7,11,18,20,14.0,20,176.25,"[88, 33, 1154, 968]","[81, 44, 1172, 948]","{""contrast_weight"":0.4,""epsilon_max_fraction"":0.03,""minimum_contour_area_fraction"":0.08,""minimum_cross_edge_contrast"":0.02,""minimum_polarity_consistency"":0.8,""minimum_rectangularity"":0.45,""sample_offset_fraction"":0.004,""samples_per_edge"":24}",,,"{""legacy_parameter_set_id"":""d86c908770d3"",""parameter_grid_ordinal"":7,""parameter_grid_sha256"":""05114d057333e20b44a9764f6ca07fff04b2a09cab04922155b53f2a43ce420c"",""parameter_identity_schema_version"":""1"",""parameter_identity_sha256"":""9e4d2e8ffb776cd5908468e6ee7f4f4d0f3becd663ee94234181d1699763cd7c"",""parameter_schema_version"":""1"",""parameter_set_equivalence_family_id"":""d86c908770d3"",""parameter_set_equivalence_family_sha256"":""d86c908770d3bf703d673546e9ea6563152ad2876925c4bbca58a2d50496b0cf"",""parameter_set_equivalence_family_size"":1,""parameter_set_id"":""d86c908770d3"",""parameters"":{""contrast_weight"":0.4,""epsilon_max_fraction"":0.03,""minimum_contour_area_fraction"":0.08,""minimum_cross_edge_contrast"":0.02,""minimum_polarity_consistency"":0.8,""minimum_rectangularity"":0.45,""sample_offset_fraction"":0.004,""samples_per_edge"":24},""profile"":null,""rank"":9,""reference_roles"":[],""requested_search_member"":true,""run_id"":""run-20260902-194725"",""search_observation"":{""completion_index"":5,""elapsed_seconds"":1.5548734720796347,""parameter_set_number"":5,""search_fraction"":0.5},""search_rank"":8,""search_space_member"":true,""summary"":{""elapsed_ms_total"":578.525,""failure_count"":3,""mean_edge_error_px"":11.625,""mean_iou"":0.38183683,""mean_iou_success"":0.95459206,""minimum_iou"":0.0,""page_count"":5,""stddev_iou"":0.46768876,""success_count"":2,""wall_ms"":578.871}}","{""approved_bbox"":[88,33,1154,968],""candidate"":{""authors"":null,""bbox"":[81,44,1172,948],""confidence"":0.9181511,""corners"":[[84.0,44.0],[1144.0,44.0],[1171.0,947.0],[81.0,945.0]],""detector_name"":"""",""diagnostics"":{""contour_score"":0.856308,""contrast_score"":1.0,""cross_edge_contrast"":0.11443948932722503,""evidence"":""inside_outside_cross_boundary_intensity"",""parameters"":{""contour_weight"":0.45,""contrast_weight"":0.4,""epsilon_max_fraction"":0.03,""minimum_contour_area_fraction"":0.08,""minimum_cross_edge_contrast"":0.02,""minimum_polarity_consistency"":0.8,""minimum_rectangularity"":0.45,""polarity_weight"":0.15,""sample_offset_fraction"":0.004,""samples_per_edge"":24},""polarity_consistency"":0.8854166666666666,""sample_offset_pixels"":3.96,""side_contrast"":[0.09415510589001226,0.0956201291551777,0.07530985065535004,0.1926728940477558]},""foundation"":null,""method"":""cross_edge_contour"",""origin"":"""",""repository"":"""",""score"":0.9181511,""status"":""ok"",""version"":""""},""edge_error_maximum_px"":20,""edge_error_mean_px"":14.0,""edge_errors"":{""bottom"":20,""left"":7,""maximum"":20,""mean"":14.0,""right"":18,""top"":11},""elapsed_ms"":176.25,""global_ordinal"":10,""iou"":0.94540817,""label"":""clean_two_page_spread_2"",""layout_type"":""two_page_spread"",""predicted_bbox"":[81,44,1172,948],""status"":""ok""}"
run-20260902-194725,085e78898621,085e788986216ec98c005f788ed012ebd9cbd50d7ed42eac2b79aa90d422f6e1,1,085e78898621,047feb40d8a9139027b173c41a0f2af2e3389e1eb212b5df6a1b21bc6585a52f,1,05114d057333e20b44a9764f6ca07fff04b2a09cab04922155b53f2a43ce420c,8,,10,9,1,1,[],{},3,1.5198262790217996,0.3,1,ordinary_two_page_spread,two_page_spread,no_candidate,0.0,,,,,,,171.644,null,null,"{""contrast_weight"":0.5,""epsilon_max_fraction"":0.03,""minimum_contour_area_fraction"":0.08,""minimum_cross_edge_contrast"":0.02,""minimum_polarity_consistency"":0.8,""minimum_rectangularity"":0.45,""sample_offset_fraction"":0.004,""samples_per_edge"":24}",,,"{""legacy_parameter_set_id"":""085e78898621"",""parameter_grid_ordinal"":8,""parameter_grid_sha256"":""05114d057333e20b44a9764f6ca07fff04b2a09cab04922155b53f2a43ce420c"",""parameter_identity_schema_version"":""1"",""parameter_identity_sha256"":""047feb40d8a9139027b173c41a0f2af2e3389e1eb212b5df6a1b21bc6585a52f"",""parameter_schema_version"":""1"",""parameter_set_equivalence_family_id"":""085e78898621"",""parameter_set_equivalence_family_sha256"":""085e788986216ec98c005f788ed012ebd9cbd50d7ed42eac2b79aa90d422f6e1"",""parameter_set_equivalence_family_size"":1,""parameter_set_id"":""085e78898621"",""parameters"":{""contrast_weight"":0.5,""epsilon_max_fraction"":0.03,""minimum_contour_area_fraction"":0.08,""minimum_cross_edge_contrast"":0.02,""minimum_polarity_consistency"":0.8,""minimum_rectangularity"":0.45,""sample_offset_fraction"":0.004,""samples_per_edge"":24},""profile"":null,""rank"":10,""reference_roles"":[],""requested_search_member"":true,""run_id"":""run-20260902-194725"",""search_observation"":{""completion_index"":3,""elapsed_seconds"":1.5198262790217996,""parameter_set_number"":3,""search_fraction"":0.3},""search_rank"":9,""search_space_member"":true,""summary"":{""elapsed_ms_total"":543.892,""failure_count"":3,""mean_edge_error_px"":11.625,""mean_iou"":0.38183683,""mean_iou_success"":0.95459206,""minimum_iou"":0.0,""page_count"":5,""stddev_iou"":0.46768876,""success_count"":2,""wall_ms"":544.274}}","{""candidate"":{""authors"":null,""bbox"":null,""confidence"":0.0,""corners"":null,""detector_name"":"""",""diagnostics"":{""contour_score"":0.79374,""cross_edge_contrast"":0.11410603990741805,""evidence"":""inside_outside_cross_boundary_intensity"",""parameters"":{""contour_weight"":0.45,""contrast_weight"":0.5,""epsilon_max_fraction"":0.03,""minimum_contour_area_fraction"":0.08,""minimum_cross_edge_contrast"":0.02,""minimum_polarity_consistency"":0.8,""minimum_rectangularity"":0.45,""polarity_weight"":0.15,""sample_offset_fraction"":0.004,""samples_per_edge"":24},""polarity_consistency"":0.7395833333333334,""reason"":""inconsistent_cross_edge_polarity"",""sample_offset_pixels"":3.944,""side_contrast"":[0.16507701499789368,0.03896190792906518,0.13016209321863512,0.12222314722397748]},""foundation"":null,""method"":""cross_edge_contour"",""origin"":"""",""repository"":"""",""score"":0.0,""status"":""no_candidate"",""version"":""""},""edge_error_maximum_px"":null,""edge_error_mean_px"":null,""elapsed_ms"":171.644,""global_ordinal"":1,""iou"":0.0,""label"":""ordinary_two_page_spread"",""layout_type"":""two_page_spread"",""status"":""no_candidate""}"
run-20260902-194725,085e78898621,085e788986216ec98c005f788ed012ebd9cbd50d7ed42eac2b79aa90d422f6e1,1,085e78898621,047feb40d8a9139027b173c41a0f2af2e3389e1eb212b5df6a1b21bc6585a52f,1,05114d057333e20b44a9764f6ca07fff04b2a09cab04922155b53f2a43ce420c,8,,10,9,1,1,[],{},3,1.5198262790217996,0.3,5,damaged_partial_register_spread,two_page_spread,no_candidate,0.0,,,,,,,41.657,null,null,"{""contrast_weight"":0.5,""epsilon_max_fraction"":0.03,""minimum_contour_area_fraction"":0.08,""minimum_cross_edge_contrast"":0.02,""minimum_polarity_consistency"":0.8,""minimum_rectangularity"":0.45,""sample_offset_fraction"":0.004,""samples_per_edge"":24}",,,"{""legacy_parameter_set_id"":""085e78898621"",""parameter_grid_ordinal"":8,""parameter_grid_sha256"":""05114d057333e20b44a9764f6ca07fff04b2a09cab04922155b53f2a43ce420c"",""parameter_identity_schema_version"":""1"",""parameter_identity_sha256"":""047feb40d8a9139027b173c41a0f2af2e3389e1eb212b5df6a1b21bc6585a52f"",""parameter_schema_version"":""1"",""parameter_set_equivalence_family_id"":""085e78898621"",""parameter_set_equivalence_family_sha256"":""085e788986216ec98c005f788ed012ebd9cbd50d7ed42eac2b79aa90d422f6e1"",""parameter_set_equivalence_family_size"":1,""parameter_set_id"":""085e78898621"",""parameters"":{""contrast_weight"":0.5,""epsilon_max_fraction"":0.03,""minimum_contour_area_fraction"":0.08,""minimum_cross_edge_contrast"":0.02,""minimum_polarity_consistency"":0.8,""minimum_rectangularity"":0.45,""sample_offset_fraction"":0.004,""samples_per_edge"":24},""profile"":null,""rank"":10,""reference_roles"":[],""requested_search_member"":true,""run_id"":""run-20260902-194725"",""search_observation"":{""completion_index"":3,""elapsed_seconds"":1.5198262790217996,""parameter_set_number"":3,""search_fraction"":0.3},""search_rank"":9,""search_space_member"":true,""summary"":{""elapsed_ms_total"":543.892,""failure_count"":3,""mean_edge_error_px"":11.625,""mean_iou"":0.38183683,""mean_iou_success"":0.95459206,""minimum_iou"":0.0,""page_count"":5,""stddev_iou"":0.46768876,""success_count"":2,""wall_ms"":544.274}}","{""candidate"":{""authors"":null,""bbox"":null,""confidence"":0.0,""corners"":null,""detector_name"":"""",""diagnostics"":{""contour_score"":0.749072,""cross_edge_contrast"":0.08581560920266544,""evidence"":""inside_outside_cross_boundary_intensity"",""parameters"":{""contour_weight"":0.45,""contrast_weight"":0.5,""epsilon_max_fraction"":0.03,""minimum_contour_area_fraction"":0.08,""minimum_cross_edge_contrast"":0.02,""minimum_polarity_consistency"":0.8,""minimum_rectangularity"":0.45,""polarity_weight"":0.15,""sample_offset_fraction"":0.004,""samples_per_edge"":24},""polarity_consistency"":0.6145833333333334,""reason"":""inconsistent_cross_edge_polarity"",""sample_offset_pixels"":3.948,""side_contrast"":[0.04013398114372702,0.051946677413641236,0.0647052241306679,0.18647656908222274]},""foundation"":null,""method"":""cross_edge_contour"",""origin"":"""",""repository"":"""",""score"":0.0,""status"":""no_candidate"",""version"":""""},""edge_error_maximum_px"":null,""edge_error_mean_px"":null,""elapsed_ms"":41.657,""global_ordinal"":5,""iou"":0.0,""label"":""damaged_partial_register_spread"",""layout_type"":""two_page_spread"",""status"":""no_candidate""}"
run-20260902-194725,085e78898621,085e788986216ec98c005f788ed012ebd9cbd50d7ed42eac2b79aa90d422f6e1,1,085e78898621,047feb40d8a9139027b173c41a0f2af2e3389e1eb212b5df6a1b21bc6585a52f,1,05114d057333e20b44a9764f6ca07fff04b2a09cab04922155b53f2a43ce420c,8,,10,9,1,1,[],{},3,1.5198262790217996,0.3,6,title_or_index_sheet,single_page,no_candidate,0.0,,,,,,,17.932,null,null,"{""contrast_weight"":0.5,""epsilon_max_fraction"":0.03,""minimum_contour_area_fraction"":0.08,""minimum_cross_edge_contrast"":0.02,""minimum_polarity_consistency"":0.8,""minimum_rectangularity"":0.45,""sample_offset_fraction"":0.004,""samples_per_edge"":24}",,,"{""legacy_parameter_set_id"":""085e78898621"",""parameter_grid_ordinal"":8,""parameter_grid_sha256"":""05114d057333e20b44a9764f6ca07fff04b2a09cab04922155b53f2a43ce420c"",""parameter_identity_schema_version"":""1"",""parameter_identity_sha256"":""047feb40d8a9139027b173c41a0f2af2e3389e1eb212b5df6a1b21bc6585a52f"",""parameter_schema_version"":""1"",""parameter_set_equivalence_family_id"":""085e78898621"",""parameter_set_equivalence_family_sha256"":""085e788986216ec98c005f788ed012ebd9cbd50d7ed42eac2b79aa90d422f6e1"",""parameter_set_equivalence_family_size"":1,""parameter_set_id"":""085e78898621"",""parameters"":{""contrast_weight"":0.5,""epsilon_max_fraction"":0.03,""minimum_contour_area_fraction"":0.08,""minimum_cross_edge_contrast"":0.02,""minimum_polarity_consistency"":0.8,""minimum_rectangularity"":0.45,""sample_offset_fraction"":0.004,""samples_per_edge"":24},""profile"":null,""rank"":10,""reference_roles"":[],""requested_search_member"":true,""run_id"":""run-20260902-194725"",""search_observation"":{""completion_index"":3,""elapsed_seconds"":1.5198262790217996,""parameter_set_number"":3,""search_fraction"":0.3},""search_rank"":9,""search_space_member"":true,""summary"":{""elapsed_ms_total"":543.892,""failure_count"":3,""mean_edge_error_px"":11.625,""mean_iou"":0.38183683,""mean_iou_success"":0.95459206,""minimum_iou"":0.0,""page_count"":5,""stddev_iou"":0.46768876,""success_count"":2,""wall_ms"":544.274}}","{""candidate"":{""authors"":null,""bbox"":null,""confidence"":0.0,""corners"":null,""detector_name"":"""",""diagnostics"":{""contour_score"":0.662027,""cross_edge_contrast"":0.07662325840370328,""evidence"":""inside_outside_cross_boundary_intensity"",""parameters"":{""contour_weight"":0.45,""contrast_weight"":0.5,""epsilon_max_fraction"":0.03,""minimum_contour_area_fraction"":0.08,""minimum_cross_edge_contrast"":0.02,""minimum_polarity_consistency"":0.8,""minimum_rectangularity"":0.45,""polarity_weight"":0.15,""sample_offset_fraction"":0.004,""samples_per_edge"":24},""polarity_consistency"":0.53125,""reason"":""inconsistent_cross_edge_polarity"",""sample_offset_pixels"":3.932,""side_contrast"":[0.1635775696997549,0.005373571900760426,0.0076198503082873775,0.12992202160405178]},""foundation"":null,""method"":""cross_edge_contour"",""origin"":"""",""repository"":"""",""score"":0.0,""status"":""no_candidate"",""version"":""""},""edge_error_maximum_px"":null,""edge_error_mean_px"":null,""elapsed_ms"":17.932,""global_ordinal"":6,""iou"":0.0,""label"":""title_or_index_sheet"",""layout_type"":""single_page"",""status"":""no_candidate""}"
run-20260902-194725,085e78898621,085e788986216ec98c005f788ed012ebd9cbd50d7ed42eac2b79aa90d422f6e1,1,085e78898621,047feb40d8a9139027b173c41a0f2af2e3389e1eb212b5df6a1b21bc6585a52f,1,05114d057333e20b44a9764f6ca07fff04b2a09cab04922155b53f2a43ce420c,8,,10,9,1,1,[],{},3,1.5198262790217996,0.3,9,clean_two_page_spread,two_page_spread,ok,0.96377596,11,5,18,3,9.25,18,146.534,"[84, 51, 1101, 941]","[73, 56, 1119, 938]","{""contrast_weight"":0.5,""epsilon_max_fraction"":0.03,""minimum_contour_area_fraction"":0.08,""minimum_cross_edge_contrast"":0.02,""minimum_polarity_consistency"":0.8,""minimum_rectangularity"":0.45,""sample_offset_fraction"":0.004,""samples_per_edge"":24}",,,"{""legacy_parameter_set_id"":""085e78898621"",""parameter_grid_ordinal"":8,""parameter_grid_sha256"":""05114d057333e20b44a9764f6ca07fff04b2a09cab04922155b53f2a43ce420c"",""parameter_identity_schema_version"":""1"",""parameter_identity_sha256"":""047feb40d8a9139027b173c41a0f2af2e3389e1eb212b5df6a1b21bc6585a52f"",""parameter_schema_version"":""1"",""parameter_set_equivalence_family_id"":""085e78898621"",""parameter_set_equivalence_family_sha256"":""085e788986216ec98c005f788ed012ebd9cbd50d7ed42eac2b79aa90d422f6e1"",""parameter_set_equivalence_family_size"":1,""parameter_set_id"":""085e78898621"",""parameters"":{""contrast_weight"":0.5,""epsilon_max_fraction"":0.03,""minimum_contour_area_fraction"":0.08,""minimum_cross_edge_contrast"":0.02,""minimum_polarity_consistency"":0.8,""minimum_rectangularity"":0.45,""sample_offset_fraction"":0.004,""samples_per_edge"":24},""profile"":null,""rank"":10,""reference_roles"":[],""requested_search_member"":true,""run_id"":""run-20260902-194725"",""search_observation"":{""completion_index"":3,""elapsed_seconds"":1.5198262790217996,""parameter_set_number"":3,""search_fraction"":0.3},""search_rank"":9,""search_space_member"":true,""summary"":{""elapsed_ms_total"":543.892,""failure_count"":3,""mean_edge_error_px"":11.625,""mean_iou"":0.38183683,""mean_iou_success"":0.95459206,""minimum_iou"":0.0,""page_count"":5,""stddev_iou"":0.46768876,""success_count"":2,""wall_ms"":544.274}}","{""approved_bbox"":[84,51,1101,941],""candidate"":{""authors"":null,""bbox"":[73,56,1119,938],""confidence"":0.9380030909090911,""corners"":[[77.0,56.0],[1115.0,56.0],[1118.0,937.0],[73.0,932.0]],""detector_name"":"""",""diagnostics"":{""contour_score"":0.879702,""contrast_score"":1.0,""cross_edge_contrast"":0.405130812701057,""evidence"":""inside_outside_cross_boundary_intensity"",""parameters"":{""contour_weight"":0.45,""contrast_weight"":0.5,""epsilon_max_fraction"":0.03,""minimum_contour_area_fraction"":0.08,""minimum_cross_edge_contrast"":0.02,""minimum_polarity_consistency"":0.8,""minimum_rectangularity"":0.45,""polarity_weight"":0.15,""sample_offset_fraction"":0.004,""samples_per_edge"":24},""polarity_consistency"":0.90625,""sample_offset_pixels"":3.94,""side_contrast"":[0.5867487888710171,0.0731713612874349,0.43915641635072,0.5214466768152574]},""foundation"":null,""method"":""cross_edge_contour"",""origin"":"""",""repository"":"""",""score"":0.9380030909090911,""status"":""ok"",""version"":""""},""edge_error_maximum_px"":18,""edge_error_mean_px"":9.25,""edge_errors"":{""bottom"":3,""left"":11,""maximum"":18,""mean"":9.25,""right"":18,""top"":5},""elapsed_ms"":146.534,""global_ordinal"":9,""iou"":0.96377596,""label"":""clean_two_page_spread"",""layout_type"":""two_page_spread"",""predicted_bbox"":[73,56,1119,938],""status"":""ok""}"
run-20260902-194725,085e78898621,085e788986216ec98c005f788ed012ebd9cbd50d7ed42eac2b79aa90d422f6e1,1,085e78898621,047feb40d8a9139027b173c41a0f2af2e3389e1eb212b5df6a1b21bc6585a52f,1,05114d057333e20b44a9764f6ca07fff04b2a09cab04922155b53f2a43ce420c,8,,10,9,1,1,[],{},3,1.5198262790217996,0.3,10,clean_two_page_spread_2,two_page_spread,ok,0.94540817,7,11,18,20,14.0,20,166.125,"[88, 33, 1154, 968]","[81, 44, 1172, 948]","{""contrast_weight"":0.5,""epsilon_max_fraction"":0.03,""minimum_contour_area_fraction"":0.08,""minimum_cross_edge_contrast"":0.02,""minimum_polarity_consistency"":0.8,""minimum_rectangularity"":0.45,""sample_offset_fraction"":0.004,""samples_per_edge"":24}",,,"{""legacy_parameter_set_id"":""085e78898621"",""parameter_grid_ordinal"":8,""parameter_grid_sha256"":""05114d057333e20b44a9764f6ca07fff04b2a09cab04922155b53f2a43ce420c"",""parameter_identity_schema_version"":""1"",""parameter_identity_sha256"":""047feb40d8a9139027b173c41a0f2af2e3389e1eb212b5df6a1b21bc6585a52f"",""parameter_schema_version"":""1"",""parameter_set_equivalence_family_id"":""085e78898621"",""parameter_set_equivalence_family_sha256"":""085e788986216ec98c005f788ed012ebd9cbd50d7ed42eac2b79aa90d422f6e1"",""parameter_set_equivalence_family_size"":1,""parameter_set_id"":""085e78898621"",""parameters"":{""contrast_weight"":0.5,""epsilon_max_fraction"":0.03,""minimum_contour_area_fraction"":0.08,""minimum_cross_edge_contrast"":0.02,""minimum_polarity_consistency"":0.8,""minimum_rectangularity"":0.45,""sample_offset_fraction"":0.004,""samples_per_edge"":24},""profile"":null,""rank"":10,""reference_roles"":[],""requested_search_member"":true,""run_id"":""run-20260902-194725"",""search_observation"":{""completion_index"":3,""elapsed_seconds"":1.5198262790217996,""parameter_set_number"":3,""search_fraction"":0.3},""search_rank"":9,""search_space_member"":true,""summary"":{""elapsed_ms_total"":543.892,""failure_count"":3,""mean_edge_error_px"":11.625,""mean_iou"":0.38183683,""mean_iou_success"":0.95459206,""minimum_iou"":0.0,""page_count"":5,""stddev_iou"":0.46768876,""success_count"":2,""wall_ms"":544.274}}","{""approved_bbox"":[88,33,1154,968],""candidate"":{""authors"":null,""bbox"":[81,44,1172,948],""confidence"":0.925591909090909,""corners"":[[84.0,44.0],[1144.0,44.0],[1171.0,947.0],[81.0,945.0]],""detector_name"":"""",""diagnostics"":{""contour_score"":0.856308,""contrast_score"":1.0,""cross_edge_contrast"":0.11443948932722503,""evidence"":""inside_outside_cross_boundary_intensity"",""parameters"":{""contour_weight"":0.45,""contrast_weight"":0.5,""epsilon_max_fraction"":0.03,""minimum_contour_area_fraction"":0.08,""minimum_cross_edge_contrast"":0.02,""minimum_polarity_consistency"":0.8,""minimum_rectangularity"":0.45,""polarity_weight"":0.15,""sample_offset_fraction"":0.004,""samples_per_edge"":24},""polarity_consistency"":0.8854166666666666,""sample_offset_pixels"":3.96,""side_contrast"":[0.09415510589001226,0.0956201291551777,0.07530985065535004,0.1926728940477558]},""foundation"":null,""method"":""cross_edge_contour"",""origin"":"""",""repository"":"""",""score"":0.925591909090909,""status"":""ok"",""version"":""""},""edge_error_maximum_px"":20,""edge_error_mean_px"":14.0,""edge_errors"":{""bottom"":20,""left"":7,""maximum"":20,""mean"":14.0,""right"":18,""top"":11},""elapsed_ms"":166.125,""global_ordinal"":10,""iou"":0.94540817,""label"":""clean_two_page_spread_2"",""layout_type"":""two_page_spread"",""predicted_bbox"":[81,44,1172,948],""status"":""ok""}"
