global_ordinal,source_docx,source_ordinal,relationship_id,media_path,extracted_file,detected_format,width_px,height_px,mode,bytes,sha256,embedded_bytes,embedded_sha256,word_crop_left,word_crop_top,word_crop_right,word_crop_bottom,word_crop_applied,duplicate_group,analysis_file,analysis_bytes,analysis_sha256,thumbnail_file,thumbnail_bytes,thumbnail_sha256,source_repository,source_commit,pipeline_repository,pipeline_commit,manuscript_left_page,manuscript_right_page,date_begin,date_end,record_begin,record_end,year_or_transition,hand_or_priest_notes,condition_notes,content_qc_status,confidence,research_notes
1,Baptisms_San_Antonio_Baptism_Records_1788-1824_1858-1898.docx,1,rId5,word/media/image1.png,raw/fs_0001.png,PNG,2052,731,RGBA,254865,d14213a12ab502f8fc3700da29ecb195d68181221ad908c29f96c73b6026164f,216170,b8d22ed13dc2682ee4a8811af502348ac3d27d1efaa027142c5e23de02fefaea,330,0,-1,0,True,,analysis/fs_0001_analysis.png,109229,a97befa6a2c34be4338eb653f1120f4e30785f42a97cae09abc0cc75ca360c16,thumbnails/fs_0001.jpg,7548,46daa634c8d3423a2ff5067c80974276b834174a7aa341c929beb9b4664926cf,dlstupka/hth-baptisms-san-antonio-1788-1824--1858-1898,61efff529fb7330a92f8d423c40c45bc60bb841c,dlstupka/hth,4b88d0aead2931a9d8a127afbd852f196d6b51ec,,,,,,,,,,not_reviewed,,
2,Baptisms_San_Antonio_Baptism_Records_1788-1824_1858-1898.docx,2,rId6,word/media/image2.png,raw/fs_0002.png,PNG,1786,968,RGB,300730,b58e344e270a9896b7cc1c199a16bf1d2edabcdd5c8e040814eaf23c4b8b2a51,298962,07b4ac631a0e5ca7f4b7862f73750096e267fe3c23c767fcfa513fcd7cbba3a7,0,11261,0,17623,True,,analysis/fs_0002_analysis.png,155868,85ce236a0d925ac64e82112fe4b3bc44f09e0ca089add5a9f4be62809c13ebbb,thumbnails/fs_0002.jpg,10400,5311b3f109bdeb911d50b0e20e99eecc5a01d531bef87f1f4ddc1bec4c955582,dlstupka/hth-baptisms-san-antonio-1788-1824--1858-1898,61efff529fb7330a92f8d423c40c45bc60bb841c,dlstupka/hth,4b88d0aead2931a9d8a127afbd852f196d6b51ec,,,,,,,,,,not_reviewed,,
3,Baptisms_San_Antonio_Baptism_Records_1788-1824_1858-1898.docx,3,rId7,word/media/image3.png,raw/fs_0003.png,PNG,1153,1361,RGB,967137,50cfee1a71d75a354a66be69bdf8725ecdfef5fa00942174c54ea500d87de392,1008694,72bb9d584eafbe1076f42d37a5d41d1c2d26f89423a5cd4d819af893818e03d9,18816,0,16631,0,True,,analysis/fs_0003_analysis.png,622141,7556ca2f4d3826b2c4674040fccdc5713a7c8edff45743db0e532697823ac890,thumbnails/fs_0003.jpg,18624,ed53b5652717fe584da9b68305f28a32d98b4f1a23ade4a3cbce936e52cebae2,dlstupka/hth-baptisms-san-antonio-1788-1824--1858-1898,61efff529fb7330a92f8d423c40c45bc60bb841c,dlstupka/hth,4b88d0aead2931a9d8a127afbd852f196d6b51ec,,,,,,,,,,not_reviewed,,
4,Baptisms_San_Antonio_Baptism_Records_1788-1824_1858-1898.docx,4,rId8,word/media/image4.png,raw/fs_0004.png,PNG,922,1361,RGB,444482,8e82f6ec3da1e5d88e17d836d33997d18e3850c3683b76984be648211fd34be3,431122,c8bf8b1234db5556a43c5d345770b917ffb0c70c44eeccd62593a3047792ce9a,21504,0,26880,0,True,,analysis/fs_0004_analysis.png,232343,49b3ff7cae9384bf3d9e67e6558509ac05bc981d1186687df8242e581aa9a61a,thumbnails/fs_0004.jpg,11589,3cd3c5be6eb9cd00d688349f0a864f0f2f38e9cf10e04ec1f4f4591cbbf90674,dlstupka/hth-baptisms-san-antonio-1788-1824--1858-1898,61efff529fb7330a92f8d423c40c45bc60bb841c,dlstupka/hth,4b88d0aead2931a9d8a127afbd852f196d6b51ec,,,,,,,,,,not_reviewed,,
5,Baptisms_San_Antonio_Baptism_Records_1788-1824_1858-1898.docx,5,rId9,word/media/image5.png,raw/fs_0005.png,PNG,1786,1361,RGB,1902299,99caee338a22ea59129066c4047d1136197b8f2129e3508d7bef65bfb72241ee,1902299,99caee338a22ea59129066c4047d1136197b8f2129e3508d7bef65bfb72241ee,0,0,0,0,False,,analysis/fs_0005_analysis.png,1276728,bf2c1c01e2c2a63f9d3968014b9abfececdefa90faac559bce9d2508def0fab1,thumbnails/fs_0005.jpg,35923,398be61da1795f5e92c237c753d6f388437f181548caf81a3a206049d061be1d,dlstupka/hth-baptisms-san-antonio-1788-1824--1858-1898,61efff529fb7330a92f8d423c40c45bc60bb841c,dlstupka/hth,4b88d0aead2931a9d8a127afbd852f196d6b51ec,,,,,,,,,,not_reviewed,,
6,Baptisms_San_Antonio_Baptism_Records_1788-1824_1858-1898.docx,6,rId10,word/media/image6.png,raw/fs_0006.png,PNG,1684,1264,RGBA,2038400,4fea1521e01caa61f012b05954d255ce3355b0361af1be13cd7b13cc6f0214ad,2038400,4fea1521e01caa61f012b05954d255ce3355b0361af1be13cd7b13cc6f0214ad,0,0,0,0,False,,analysis/fs_0006_analysis.png,1258952,fca591e86409fc6cd126989b657dd7adfc8f9ad55ea96e0ea3659f9903667838,thumbnails/fs_0006.jpg,39322,fa2f1fd932240c9c8bed7e06f27613f7c70f880c1d63b047f5f7050a5b039ae4,dlstupka/hth-baptisms-san-antonio-1788-1824--1858-1898,61efff529fb7330a92f8d423c40c45bc60bb841c,dlstupka/hth,4b88d0aead2931a9d8a127afbd852f196d6b51ec,,,,,,,,,,not_reviewed,,
7,Baptisms_San_Antonio_Baptism_Records_1788-1824_1858-1898.docx,7,rId11,word/media/image7.png,raw/fs_0007.png,PNG,1681,1262,RGBA,2282329,05ffd0c93b743942bd8ed6c17bd7f34df91be9de3d430912c693f1e1bf5cf9bf,2282329,05ffd0c93b743942bd8ed6c17bd7f34df91be9de3d430912c693f1e1bf5cf9bf,0,0,0,0,False,,analysis/fs_0007_analysis.png,1416578,23f18cf06437a167c290a2112f5cc3535b3901065b80b95c029a77bf3f6631fa,thumbnails/fs_0007.jpg,50859,db3f37fcf48f704ac820c107b43de04332bd8c556adc7519781b741a8b9ed5e9,dlstupka/hth-baptisms-san-antonio-1788-1824--1858-1898,61efff529fb7330a92f8d423c40c45bc60bb841c,dlstupka/hth,4b88d0aead2931a9d8a127afbd852f196d6b51ec,,,,,,,,,,not_reviewed,,
8,Baptisms_San_Antonio_Baptism_Records_1788-1824_1858-1898.docx,8,rId12,word/media/image8.png,raw/fs_0008.png,PNG,1738,1361,RGB,2479572,43bc0d4cfcabd8bf533c00b3507a3c60c976e3d41a4bba1ffc85b50c2a0e618d,2170765,942aace76dc216e6e55a068d4a99292385175aa75c08367f9ef34d1f5bc4196b,2688,0,0,0,True,,analysis/fs_0008_analysis.png,1476655,984c8cafb0bb2101921d594baf6296fc6e4290f0ca4a3ca3d5dede259b0cad3d,thumbnails/fs_0008.jpg,47981,ccd11eb779d0fc875b8a9ad36bb963eb5c6c581916a1e7cd7f1432013f35ba65,dlstupka/hth-baptisms-san-antonio-1788-1824--1858-1898,61efff529fb7330a92f8d423c40c45bc60bb841c,dlstupka/hth,4b88d0aead2931a9d8a127afbd852f196d6b51ec,,,,,,,,,,not_reviewed,,
9,Baptisms_San_Antonio_Baptism_Records_1788-1824_1858-1898.docx,9,rId13,word/media/image9.png,raw/fs_0009.png,PNG,1690,1361,RGB,2333174,35cd2f3ea388ae3db8298ce18e1d9882b582172114c3f9df41cb39a34d88bd8d,2021732,428f800a1deaa93f7a1ea6b82081496a3f10222a66c56a28983c7a32fbade4ac,2688,0,2688,0,True,,analysis/fs_0009_analysis.png,1357307,2c9acabf44d841f8dea71f5a89440fa7442abe4cc4649d3c9dd1da5af8ef1d3e,thumbnails/fs_0009.jpg,43773,da26ef6c39917c707212b12cdeca2dd5aab1b2340cef8e05121aac404ef870d5,dlstupka/hth-baptisms-san-antonio-1788-1824--1858-1898,61efff529fb7330a92f8d423c40c45bc60bb841c,dlstupka/hth,4b88d0aead2931a9d8a127afbd852f196d6b51ec,,,,,,,,,,not_reviewed,,
10,Baptisms_San_Antonio_Baptism_Records_1788-1824_1858-1898.docx,10,rId14,word/media/image10.png,raw/fs_0010.png,PNG,1690,1361,RGB,2343791,80d777aaf462d2a0e775e0c28b4e31c51d263a26f676befdcb419b7e1d6e05ad,2027988,18cbb5db7ae3a77416eb3ec4906eeaceb3dcf598a3e23385769e87f0165bd685,2688,0,2688,0,True,,analysis/fs_0010_analysis.png,1362058,51a9542965a2b38f6fb5c4c6d01db23a728dc7672b2e27bc61e7de862131abd9,thumbnails/fs_0010.jpg,44298,dfb7845b602231c677b60e8f30578472bf845fdb3200cb2cb23025d5878ca6ff,dlstupka/hth-baptisms-san-antonio-1788-1824--1858-1898,61efff529fb7330a92f8d423c40c45bc60bb841c,dlstupka/hth,4b88d0aead2931a9d8a127afbd852f196d6b51ec,,,,,,,,,,not_reviewed,,
11,Baptisms_San_Antonio_Baptism_Records_1788-1824_1858-1898.docx,11,rId15,word/media/image11.png,raw/fs_0011.png,PNG,1642,1361,RGB,2271861,c4bf0c6d6e3b227dd2a36674394644f300435113e8f56216476d093349605514,1979043,60648cc51ef58a1d529eaac716a87b3f687c172905467262bf37f7ce5e4f3d69,5376,0,2688,0,True,,analysis/fs_0011_analysis.png,1322905,f0a3a8a1e2b379e44ad3abec174aaf4494f87360e121fff584c44c38643413d4,thumbnails/fs_0011.jpg,43214,c484d90bcf2cdb366368d91fe773cfa1e5599d2bfaa5b40871577b392113232b,dlstupka/hth-baptisms-san-antonio-1788-1824--1858-1898,61efff529fb7330a92f8d423c40c45bc60bb841c,dlstupka/hth,4b88d0aead2931a9d8a127afbd852f196d6b51ec,,,,,,,,,,not_reviewed,,
12,Baptisms_San_Antonio_Baptism_Records_1788-1824_1858-1898.docx,12,rId16,word/media/image12.png,raw/fs_0012.png,PNG,1684,1361,RGB,2780009,a32dc9caf8e1c887788d88a31e41130400cd6e922f25148a20a8bdb8a4ae04bc,2238020,287f6aa4081451b28e02ea7b27f829af937f206a340136266c247aa3e20922bd,4867,0,863,0,True,,analysis/fs_0012_analysis.png,1499223,29fa8bf94ceb549d0456d23ae18057970f2548876065c9af7d3b63cfdb902dc2,thumbnails/fs_0012.jpg,53380,cb173f17ef22499de64e6190c873937b81326ae83e01216392dc5ebbbcf715a6,dlstupka/hth-baptisms-san-antonio-1788-1824--1858-1898,61efff529fb7330a92f8d423c40c45bc60bb841c,dlstupka/hth,4b88d0aead2931a9d8a127afbd852f196d6b51ec,,,,,,,,,,not_reviewed,,
13,Baptisms_San_Antonio_Baptism_Records_1788-1824_1858-1898.docx,13,rId17,word/media/image13.png,raw/fs_0013.png,PNG,1690,1361,RGB,2502037,8eebcc988b572d8c5b0fb2c78ee9a1d9237b8bf23a78f523329d91a67814347a,2123215,750f4cdcaf746518c4fc8bbbe8d573d5ba2ff9f26d56360eb666506da6e6c096,2688,0,2688,0,True,,analysis/fs_0013_analysis.png,1427179,0d7d2b22746b35fc3bb89de61a8c061b9d1f50c530edf44a2acec4d617049f03,thumbnails/fs_0013.jpg,50422,aaace49780a1079ee84c90ebf4c2b0d7f1c77757cbcaaa74e368199785395b6b,dlstupka/hth-baptisms-san-antonio-1788-1824--1858-1898,61efff529fb7330a92f8d423c40c45bc60bb841c,dlstupka/hth,4b88d0aead2931a9d8a127afbd852f196d6b51ec,,,,,,,,,,not_reviewed,,
14,Baptisms_San_Antonio_Baptism_Records_1788-1824_1858-1898.docx,14,rId18,word/media/image14.png,raw/fs_0014.png,PNG,1738,1361,RGB,2458426,8958f2bb8675c4de4f31712e4cb017d2ffd0c6b2ddcd02400dcf502420c84390,2128212,e01e7e8cd8f0f6c36b6881eff7a8f0f58ec5963e88b75ebb0ef5c2251d5cb3f3,2688,0,0,0,True,,analysis/fs_0014_analysis.png,1429065,c0c03115371b804ee57ef4866091f89f9959be6d6292a2b2241d5b1ddb734026,thumbnails/fs_0014.jpg,47747,1b6d97f394baf65fa6785fc4a9fd0b4bc930b0dad5d5e786ee06c04c4a820407,dlstupka/hth-baptisms-san-antonio-1788-1824--1858-1898,61efff529fb7330a92f8d423c40c45bc60bb841c,dlstupka/hth,4b88d0aead2931a9d8a127afbd852f196d6b51ec,,,,,,,,,,not_reviewed,,
15,Baptisms_San_Antonio_Baptism_Records_1788-1824_1858-1898.docx,15,rId19,word/media/image15.png,raw/fs_0015.png,PNG,1690,1361,RGB,2671610,6dbcb5d11453f676c6cc8e73a064dc0540d50e9ecf6cbda6d7262b9b288f40aa,2210854,903a994484c71a92b510b6949b5888d70e40b0085e760da483d6819e2160c79d,2688,0,2688,0,True,,analysis/fs_0015_analysis.png,1501207,14f9a57a065c0a7e52f3fd8f60818ed6dcf0c035d3ed5ab386986a82314f3c19,thumbnails/fs_0015.jpg,51307,ca3f80296351fd3fef4082c3d6d028be75864d386fc1546d516261e164d81f8f,dlstupka/hth-baptisms-san-antonio-1788-1824--1858-1898,61efff529fb7330a92f8d423c40c45bc60bb841c,dlstupka/hth,4b88d0aead2931a9d8a127afbd852f196d6b51ec,,,,,,,,,,not_reviewed,,
16,Baptisms_San_Antonio_Baptism_Records_1788-1824_1858-1898.docx,16,rId20,word/media/image16.png,raw/fs_0016.png,PNG,1738,1361,RGB,2583732,809801a63f301700c1c6bcc8b569c1218c13ba44a8522802ae6e2c17076793ac,2182749,1a25dda214e6a2e3e1403b860d2f397feeca500a34a42fbaf1c52ddcb6184e7a,0,0,2688,0,True,,analysis/fs_0016_analysis.png,1487535,656997b14beab1451b53e020802209c256bffbf11243ed2290a270da99215b9b,thumbnails/fs_0016.jpg,51601,d1390e12c1b9a97b4f82610f1836dc5f86a9f644571ef90a3bc873d198e59a8e,dlstupka/hth-baptisms-san-antonio-1788-1824--1858-1898,61efff529fb7330a92f8d423c40c45bc60bb841c,dlstupka/hth,4b88d0aead2931a9d8a127afbd852f196d6b51ec,,,,,,,,,,not_reviewed,,
17,Baptisms_San_Antonio_Baptism_Records_1788-1824_1858-1898.docx,17,rId21,word/media/image17.png,raw/fs_0017.png,PNG,1786,1361,RGB,2557721,054205bc2351f4262300776876ac6312cfe925c9f35d2644e5bfb810b39722c0,2557721,054205bc2351f4262300776876ac6312cfe925c9f35d2644e5bfb810b39722c0,0,0,0,0,False,,analysis/fs_0017_analysis.png,1758918,be826da60472bc847c9adc01c3d2f6f3751f907507c1805763b4580973c8fb89,thumbnails/fs_0017.jpg,55682,03262106a36fa463d321d0d16c247ba83c3408e5c6fd1eca30869aa3c95f389e,dlstupka/hth-baptisms-san-antonio-1788-1824--1858-1898,61efff529fb7330a92f8d423c40c45bc60bb841c,dlstupka/hth,4b88d0aead2931a9d8a127afbd852f196d6b51ec,,,,,,,,,,not_reviewed,,
18,Baptisms_San_Antonio_Baptism_Records_1788-1824_1858-1898.docx,18,rId22,word/media/image18.png,raw/fs_0018.png,PNG,1738,1361,RGB,2278315,047d44a630d61943c11c3a917dc3ff3f40d8de6ef57498824a8a268590b64e59,2046667,85bb417da63b607514d70e46472a3782f00223ababf35d16b84d2f6090856f56,0,0,2688,0,True,,analysis/fs_0018_analysis.png,1382595,1b4b457a2649a920b69da8e8437db7c568cc6512a7d5ca70c0c62c69f488a679,thumbnails/fs_0018.jpg,42805,fa2e33d12d78d072de17ab72861bc49c97da2f09dfcf713983ff5419885d11ae,dlstupka/hth-baptisms-san-antonio-1788-1824--1858-1898,61efff529fb7330a92f8d423c40c45bc60bb841c,dlstupka/hth,4b88d0aead2931a9d8a127afbd852f196d6b51ec,,,,,,,,,,not_reviewed,,
19,Baptisms_San_Antonio_Baptism_Records_1788-1824_1858-1898.docx,19,rId23,word/media/image19.png,raw/fs_0019.png,PNG,1738,1361,RGB,2462338,f5c6da0227ae313d32f2fd4183a36314c481d7ff8189d3495e7dcccb3e5a5506,2102488,8bc8743a009057694e295d84822d97cd28c0d1c91bd21feb421318b9ac05d2f4,0,0,2688,0,True,,analysis/fs_0019_analysis.png,1419273,134dc53c22d7ff46cb4be5dec7a4a6660e28356f9f23ce0cde59ab8733b16afc,thumbnails/fs_0019.jpg,47175,6bb937d29fd7c2703411d232701d25c585a73135f8250e8050a171adc5f028be,dlstupka/hth-baptisms-san-antonio-1788-1824--1858-1898,61efff529fb7330a92f8d423c40c45bc60bb841c,dlstupka/hth,4b88d0aead2931a9d8a127afbd852f196d6b51ec,,,,,,,,,,not_reviewed,,
20,Baptisms_San_Antonio_Baptism_Records_1788-1824_1858-1898.docx,20,rId24,word/media/image20.png,raw/fs_0020.png,PNG,1738,1361,RGB,2470538,a6c1999ed215df91fbe563ac21561ad315578903a2f2b2771e11786223085a52,2107099,9c8d3271e415569eb73aef4500b69f4da3f56b0650035e523c67dfe4cc63d46b,0,0,2688,0,True,,analysis/fs_0020_analysis.png,1426225,b40861e7ada0b9dc1e84c4465350e8bf8df5357b8f004135b0661c73874d25d1,thumbnails/fs_0020.jpg,47997,5f21d934ab13ce51c4a91248f42a36f5ce626a0f0faecf55e6288ee7d6ba67ef,dlstupka/hth-baptisms-san-antonio-1788-1824--1858-1898,61efff529fb7330a92f8d423c40c45bc60bb841c,dlstupka/hth,4b88d0aead2931a9d8a127afbd852f196d6b51ec,,,,,,,,,,not_reviewed,,
21,Baptisms_San_Antonio_Baptism_Records_1788-1824_1858-1898.docx,21,rId25,word/media/image21.png,raw/fs_0021.png,PNG,1786,1361,RGB,2428406,1912a71d38e7cef47db5e4af37d297069967ee7d037f05119955683010d3879e,2428406,1912a71d38e7cef47db5e4af37d297069967ee7d037f05119955683010d3879e,0,0,0,0,False,,analysis/fs_0021_analysis.png,1661296,1b3eb4deefdca0f9de52a8dc212fe25bd038e2ffba0979612d1ade04c58cd86f,thumbnails/fs_0021.jpg,49093,cd380e38a67b36d159ec04fa5c6cde7531f721b9c085726aab8dffe83c5d3382,dlstupka/hth-baptisms-san-antonio-1788-1824--1858-1898,61efff529fb7330a92f8d423c40c45bc60bb841c,dlstupka/hth,4b88d0aead2931a9d8a127afbd852f196d6b51ec,,,,,,,,,,not_reviewed,,
22,Baptisms_San_Antonio_Baptism_Records_1788-1824_1858-1898.docx,22,rId26,word/media/image22.png,raw/fs_0022.png,PNG,1692,1258,RGBA,2321133,c07eafc1c9faf9b75189ab730c9a4fc303568584d6826b39c492d7c2f0fa167e,2321133,c07eafc1c9faf9b75189ab730c9a4fc303568584d6826b39c492d7c2f0fa167e,0,0,0,0,False,,analysis/fs_0022_analysis.png,1433847,bb2a4a8e46af3d7e149edcee6fbb219031b65ef9783c14a1018c7dfae2faf819,thumbnails/fs_0022.jpg,52095,3bf3640462bfe7aa44cbeacbfe1288a4510572cbe942fc6912a6c36eda57dbb6,dlstupka/hth-baptisms-san-antonio-1788-1824--1858-1898,61efff529fb7330a92f8d423c40c45bc60bb841c,dlstupka/hth,4b88d0aead2931a9d8a127afbd852f196d6b51ec,,,,,,,,,,not_reviewed,,
23,Baptisms_San_Antonio_Baptism_Records_1788-1824_1858-1898.docx,23,rId27,word/media/image23.png,raw/fs_0023.png,PNG,1738,1361,RGB,2386962,7623e3eb211b636233bcd132e998be3176c395876d9d01770e18fa14f3b5a62d,2107843,29cd291663f3290b367731efa609abef7c40f2019147b1ed2a48c3b5852b19a9,2688,0,0,0,True,,analysis/fs_0023_analysis.png,1432813,fac1884c2da779ab34628451c4d2378dac1caa0fc18971d8637351566072b604,thumbnails/fs_0023.jpg,45157,ee13d95bcf986ca8f8d6bb2e602e1537b1dab865d594abc9cf374711ebcc4d00,dlstupka/hth-baptisms-san-antonio-1788-1824--1858-1898,61efff529fb7330a92f8d423c40c45bc60bb841c,dlstupka/hth,4b88d0aead2931a9d8a127afbd852f196d6b51ec,,,,,,,,,,not_reviewed,,
24,Baptisms_San_Antonio_Baptism_Records_1788-1824_1858-1898.docx,24,rId28,word/media/image24.png,raw/fs_0024.png,PNG,1738,1361,RGB,2201324,c8101427058d2626fc9a42c4161eb790ad51a9141ae13110068644044683d3f6,2006458,41b08db6d41e5c848cca9a464ec01e751c375c9e83ce1039343655213c1c9874,0,0,2688,0,True,,analysis/fs_0024_analysis.png,1364554,86e8300681cdb9e4fd576d1698c23d100164d72c7f2d0ec865472f7ecc3d1591,thumbnails/fs_0024.jpg,42691,0b5fade2a6cd9e87908700cf5f80c737a0166c6c68769cf2fa9273e38894cda8,dlstupka/hth-baptisms-san-antonio-1788-1824--1858-1898,61efff529fb7330a92f8d423c40c45bc60bb841c,dlstupka/hth,4b88d0aead2931a9d8a127afbd852f196d6b51ec,,,,,,,,,,not_reviewed,,
25,Baptisms_San_Antonio_Baptism_Records_1788-1824_1858-1898.docx,25,rId29,word/media/image25.png,raw/fs_0025.png,PNG,1690,1361,RGB,2191806,bb9e751f1a6de67986575eb5c2ffd22f4424dad231c8023ea495b373f842a766,1979518,4dfc6bfa8b1e31ea080f5353953e7cea3c9c73080e9d6c6d602fff2921388b81,2688,0,2688,0,True,,analysis/fs_0025_analysis.png,1323032,a269ab01701178f401b39a6bde2058699bbe332ea6b21e4507bd62c4b427921d,thumbnails/fs_0025.jpg,40515,afbdd0c751d2336d7f73ebb513d521d5f45fcc33c42b442a2a036cdabd4c8056,dlstupka/hth-baptisms-san-antonio-1788-1824--1858-1898,61efff529fb7330a92f8d423c40c45bc60bb841c,dlstupka/hth,4b88d0aead2931a9d8a127afbd852f196d6b51ec,,,,,,,,,,not_reviewed,,
26,Baptisms_San_Antonio_Baptism_Records_1788-1824_1858-1898.docx,26,rId30,word/media/image26.png,raw/fs_0026.png,PNG,1677,1261,RGBA,2204246,cf9466a94f25677ca31300d45cef39c1a86dca551e7e19296adda6e589f9a71f,2204246,cf9466a94f25677ca31300d45cef39c1a86dca551e7e19296adda6e589f9a71f,0,0,0,0,False,,analysis/fs_0026_analysis.png,1362637,6a813dd6ddcca977618252e71f165570531c2fdba454ca27a57ae26e4aad9183,thumbnails/fs_0026.jpg,49446,ad1933c469e286bbf6a54df4a6e6e69d858c072a91a698c97378f6902127b1fb,dlstupka/hth-baptisms-san-antonio-1788-1824--1858-1898,61efff529fb7330a92f8d423c40c45bc60bb841c,dlstupka/hth,4b88d0aead2931a9d8a127afbd852f196d6b51ec,,,,,,,,,,not_reviewed,,
27,Baptisms_San_Antonio_Baptism_Records_1788-1824_1858-1898.docx,27,rId31,word/media/image27.png,raw/fs_0027.png,PNG,1786,1361,RGB,2010960,b0b84cbb3187458b897a720a205b320a7c58c6ca87101af3a91cb69e17a90513,2010960,b0b84cbb3187458b897a720a205b320a7c58c6ca87101af3a91cb69e17a90513,0,0,0,0,False,,analysis/fs_0027_analysis.png,1361477,3ba21691aac7ed0302067d7d0ea2afc07c052721c1f3b6c8ccb663e28251baa4,thumbnails/fs_0027.jpg,40257,1ed3cddf9f74c944dba98c72db876c1b57c57151c9ac7ceb92ecc70f00b446dd,dlstupka/hth-baptisms-san-antonio-1788-1824--1858-1898,61efff529fb7330a92f8d423c40c45bc60bb841c,dlstupka/hth,4b88d0aead2931a9d8a127afbd852f196d6b51ec,,,,,,,,,,not_reviewed,,
28,Baptisms_San_Antonio_Baptism_Records_1788-1824_1858-1898.docx,28,rId32,word/media/image28.png,raw/fs_0028.png,PNG,1738,1361,RGB,2256183,b642edceaeee6609bd901f8f9aa1301efa98a52196f2c7145033bc857fc1293c,2055074,0bff8e06f1284fe42d9a354ce73333d5a00557addeff3189723a738ab4d5cb4e,2688,0,0,0,True,,analysis/fs_0028_analysis.png,1388000,09a6276c10117554d9a43c41c279545104062877362d6a7a028707fc43b08f1b,thumbnails/fs_0028.jpg,42291,1cc652adc91130697bbae8c3ea2bec705391956a9d8252c0f358e9915c8810a2,dlstupka/hth-baptisms-san-antonio-1788-1824--1858-1898,61efff529fb7330a92f8d423c40c45bc60bb841c,dlstupka/hth,4b88d0aead2931a9d8a127afbd852f196d6b51ec,,,,,,,,,,not_reviewed,,
29,Baptisms_San_Antonio_Baptism_Records_1788-1824_1858-1898.docx,29,rId33,word/media/image29.png,raw/fs_0029.png,PNG,1786,1361,RGB,2352862,f2374c841a0a449eb833f0ef7702cfbe81d41c6c0706c4bec2be43350ab581e6,2352862,f2374c841a0a449eb833f0ef7702cfbe81d41c6c0706c4bec2be43350ab581e6,0,0,0,0,False,,analysis/fs_0029_analysis.png,1616334,8d11b139ff7cc1da0c11c555ac8615de8807a9eda4f33ab879229eefa014ec4d,thumbnails/fs_0029.jpg,55633,56bf8519a6c8a9bacc57b72c5c1ab302a5be2ed5dcd020a9ff65222c29aad45f,dlstupka/hth-baptisms-san-antonio-1788-1824--1858-1898,61efff529fb7330a92f8d423c40c45bc60bb841c,dlstupka/hth,4b88d0aead2931a9d8a127afbd852f196d6b51ec,,,,,,,,,,not_reviewed,,
30,Baptisms_San_Antonio_Baptism_Records_1788-1824_1858-1898.docx,30,rId34,word/media/image30.png,raw/fs_0030.png,PNG,1738,1361,RGB,2830780,2c12f2126c660d96dc22cee702b0c00cc19fc551ebe9fba76dbf3c90270703c8,2283541,2d6a7f8f230c27587092b54d6f125048f0fe81277e792131323bf9d1d92d2e29,0,0,2688,0,True,,analysis/fs_0030_analysis.png,1565408,2761be1f0fac9ee9ca878ccc0ccdc3a64d184980063e61aee5770d87dc4f0bd7,thumbnails/fs_0030.jpg,54315,9ba9c37baa0e68a8bdcc6a0f2740bd642f3cd94baca1e127fa9c0693451bd3b5,dlstupka/hth-baptisms-san-antonio-1788-1824--1858-1898,61efff529fb7330a92f8d423c40c45bc60bb841c,dlstupka/hth,4b88d0aead2931a9d8a127afbd852f196d6b51ec,,,,,,,,,,not_reviewed,,
31,Baptisms_San_Antonio_Baptism_Records_1788-1824_1858-1898.docx,31,rId35,word/media/image31.png,raw/fs_0031.png,PNG,1738,1361,RGB,2905511,a9fcdde6246d95e5073134e00bb45143b3ac47084c5fbc6c9405d330fbe99545,2363198,13a515b394bca0d2d7f053fa164f3f9ddb987442e831079276ea0edb82ce398b,2688,0,0,0,True,,analysis/fs_0031_analysis.png,1611098,239b739b5f566001dda435b277230dec9785b6e515f82201b91f27cda9883bc5,thumbnails/fs_0031.jpg,56019,cb90d7295cea79ecf443f70ec023c615dbef9ebe7db2043f96b5f50a1fad8638,dlstupka/hth-baptisms-san-antonio-1788-1824--1858-1898,61efff529fb7330a92f8d423c40c45bc60bb841c,dlstupka/hth,4b88d0aead2931a9d8a127afbd852f196d6b51ec,,,,,,,,,,not_reviewed,,
32,Baptisms_San_Antonio_Baptism_Records_1788-1824_1858-1898.docx,32,rId36,word/media/image32.png,raw/fs_0032.png,PNG,1786,1361,RGB,2331747,db2582d55937853511bfc9337c296e57ef5919e9177c47b20e1aedae35e57dad,2331747,db2582d55937853511bfc9337c296e57ef5919e9177c47b20e1aedae35e57dad,0,0,0,0,False,,analysis/fs_0032_analysis.png,1606097,52bab2a02ae1deb27af9cb6f60ba7802f03709a3724a8d2115433ad5c8033139,thumbnails/fs_0032.jpg,54474,c2f3900d7e4454a23e526aebc7a9db13d3bf1725bc2c01d77aa2b44cc8750c9a,dlstupka/hth-baptisms-san-antonio-1788-1824--1858-1898,61efff529fb7330a92f8d423c40c45bc60bb841c,dlstupka/hth,4b88d0aead2931a9d8a127afbd852f196d6b51ec,,,,,,,,,,not_reviewed,,
33,Baptisms_San_Antonio_Baptism_Records_1788-1824_1858-1898.docx,33,rId37,word/media/image33.png,raw/fs_0033.png,PNG,1738,1361,RGB,2731789,c0538d725d8b06a48ec2744f490bee2c0103ebfd9058906cbb21b7c0e38d228f,2290397,14102d8bb58359ce914f6ee2c363e4b6de4289244eb775280d70b090bf1f98ee,0,0,2688,0,True,,analysis/fs_0033_analysis.png,1570552,2d210dbc9ce88f55adf505f9750b298b8b476b530b21dfd41683e8f218db29d0,thumbnails/fs_0033.jpg,53580,184d8848d63f965e3cd235af1b168e94fe9765cc954092feb55aad19ceb7c7db,dlstupka/hth-baptisms-san-antonio-1788-1824--1858-1898,61efff529fb7330a92f8d423c40c45bc60bb841c,dlstupka/hth,4b88d0aead2931a9d8a127afbd852f196d6b51ec,,,,,,,,,,not_reviewed,,
34,Baptisms_San_Antonio_Baptism_Records_1788-1824_1858-1898.docx,34,rId38,word/media/image34.png,raw/fs_0034.png,PNG,1690,1361,RGB,2732866,80788bb8451ab6404f31ed8bbe7a972404ce5da4f5a02f94ddb8a23e88dbf6d9,2243725,6957ffb18ff59cbcf8aac920f863adf798fd318d5aa6bbfedf3e197d3b000489,2688,0,2688,0,True,,analysis/fs_0034_analysis.png,1519837,82c4d542e6126d476b03b7deee178a863861d215b61302873a7e6d594d181062,thumbnails/fs_0034.jpg,53222,c02070ca8eccf3c02f53b5d5f81b9d9011d3fcb35944fcc341ee2f3c09d4dbc6,dlstupka/hth-baptisms-san-antonio-1788-1824--1858-1898,61efff529fb7330a92f8d423c40c45bc60bb841c,dlstupka/hth,4b88d0aead2931a9d8a127afbd852f196d6b51ec,,,,,,,,,,not_reviewed,,
35,Baptisms_San_Antonio_Baptism_Records_1788-1824_1858-1898.docx,35,rId39,word/media/image35.png,raw/fs_0035.png,PNG,1738,1361,RGB,2718132,b5273ca775a08e6af981bb27b08a2cc850625f985defce6ffcffd3a83a06b7fb,2223392,2f9aab8ae088eb9e15523ea1b4d86c960d0d4d6ee4f039bd0540d6b5b6caaa16,0,0,2688,0,True,,analysis/fs_0035_analysis.png,1520624,f87ee6937f5dfbf5a11c65db81f1153585eb25bbd976fbf3c3852a883ca50779,thumbnails/fs_0035.jpg,53369,55172147b1b6e5044ae5e8a9cf4fd8b5eec30b223f25b7a1d16e1e1f38a1fa91,dlstupka/hth-baptisms-san-antonio-1788-1824--1858-1898,61efff529fb7330a92f8d423c40c45bc60bb841c,dlstupka/hth,4b88d0aead2931a9d8a127afbd852f196d6b51ec,,,,,,,,,,not_reviewed,,
36,Baptisms_San_Antonio_Baptism_Records_1788-1824_1858-1898.docx,36,rId40,word/media/image36.png,raw/fs_0036.png,PNG,1786,1361,RGB,2316002,8fab2da3e3f98e1425f3d1524d80ef212abce8e30340aa1e33c578a7bd4e11c3,2316002,8fab2da3e3f98e1425f3d1524d80ef212abce8e30340aa1e33c578a7bd4e11c3,0,0,0,0,False,,analysis/fs_0036_analysis.png,1595878,78004116320064794dd6e4bd2a1bc39e308ea35a43ef86b756246d3df03a2c39,thumbnails/fs_0036.jpg,56942,de1545e0e3f1373990338bd5e05a94d04946aca36301a455374c451d846cae98,dlstupka/hth-baptisms-san-antonio-1788-1824--1858-1898,61efff529fb7330a92f8d423c40c45bc60bb841c,dlstupka/hth,4b88d0aead2931a9d8a127afbd852f196d6b51ec,,,,,,,,,,not_reviewed,,
37,Baptisms_San_Antonio_Baptism_Records_1788-1824_1858-1898.docx,37,rId41,word/media/image37.png,raw/fs_0037.png,PNG,1786,1361,RGB,2583527,9a39d7f1f9d77dfd851e8b401338dda7d61a245980912f3bf2a23c9995b07167,2583527,9a39d7f1f9d77dfd851e8b401338dda7d61a245980912f3bf2a23c9995b07167,0,0,0,0,False,,analysis/fs_0037_analysis.png,1789073,7f80bf946ef738c946c683b5b4ea6d50255fdd17c04e5621b2c508be8f9964c9,thumbnails/fs_0037.jpg,59633,7930cc6330d8430a00f2ab07d7eca2e7eecf9e889d239eaca28d6f78738f9ca9,dlstupka/hth-baptisms-san-antonio-1788-1824--1858-1898,61efff529fb7330a92f8d423c40c45bc60bb841c,dlstupka/hth,4b88d0aead2931a9d8a127afbd852f196d6b51ec,,,,,,,,,,not_reviewed,,
38,Baptisms_San_Antonio_Baptism_Records_1788-1824_1858-1898.docx,38,rId42,word/media/image38.png,raw/fs_0038.png,PNG,1786,1361,RGB,2325167,2448b99126486c5c0427d2c56540684f55e5cd689169277fd4f4d68864bfa9cd,2325167,2448b99126486c5c0427d2c56540684f55e5cd689169277fd4f4d68864bfa9cd,0,0,0,0,False,,analysis/fs_0038_analysis.png,1601680,c7b6f66b4d22fb58ca813c37793a3efcc9e2a50ce130bfd91b01159a378a3167,thumbnails/fs_0038.jpg,56707,aa5508c378449bced5a605d629ffe245a0505c37e34e13415b7d56fc68b88b90,dlstupka/hth-baptisms-san-antonio-1788-1824--1858-1898,61efff529fb7330a92f8d423c40c45bc60bb841c,dlstupka/hth,4b88d0aead2931a9d8a127afbd852f196d6b51ec,,,,,,,,,,not_reviewed,,
39,Baptisms_San_Antonio_Baptism_Records_1788-1824_1858-1898.docx,39,rId43,word/media/image39.png,raw/fs_0039.png,PNG,1786,1361,RGB,2342927,f7e66b820ebf5891d8974587fa8023d1177b655ae60f9013b2d289c1ced16651,2342927,f7e66b820ebf5891d8974587fa8023d1177b655ae60f9013b2d289c1ced16651,0,0,0,0,False,,analysis/fs_0039_analysis.png,1614312,02cfacbb12ec166717d0fc07ac65e2448ea80bfa17ae95dd6d9c6756778e8e3e,thumbnails/fs_0039.jpg,57819,24f3a94e14a78ac70a59129456db7dba6eceb5c282bdc52e8df5204fce21eeea,dlstupka/hth-baptisms-san-antonio-1788-1824--1858-1898,61efff529fb7330a92f8d423c40c45bc60bb841c,dlstupka/hth,4b88d0aead2931a9d8a127afbd852f196d6b51ec,,,,,,,,,,not_reviewed,,
40,Baptisms_San_Antonio_Baptism_Records_1788-1824_1858-1898.docx,40,rId44,word/media/image40.png,raw/fs_0040.png,PNG,1786,1361,RGB,2302986,24cbfb0dbcd46660b2975e892ea478fb75ce1f45c85adab45a634ecf22b7740c,2302986,24cbfb0dbcd46660b2975e892ea478fb75ce1f45c85adab45a634ecf22b7740c,0,0,0,0,False,,analysis/fs_0040_analysis.png,1578859,405be29046425bab8e81170f07fd9fec66cc173cdae8bc0508f456b02a4d73cc,thumbnails/fs_0040.jpg,54433,51637910de3e1772169ff4bbe58bcb83410da6caf5537824e49d8f07af79e879,dlstupka/hth-baptisms-san-antonio-1788-1824--1858-1898,61efff529fb7330a92f8d423c40c45bc60bb841c,dlstupka/hth,4b88d0aead2931a9d8a127afbd852f196d6b51ec,,,,,,,,,,not_reviewed,,
41,Baptisms_San_Antonio_Baptism_Records_1788-1824_1858-1898.docx,41,rId45,word/media/image41.png,raw/fs_0041.png,PNG,1734,1278,RGBA,2464042,4c58821d00cc279ef306e935c6fc7d78a239dda0d4984b4fe1393182720628a0,2464042,4c58821d00cc279ef306e935c6fc7d78a239dda0d4984b4fe1393182720628a0,0,0,0,0,False,,analysis/fs_0041_analysis.png,1536541,f0ea65a07df163764d27fe9a7cde4d4b27ce71427cbcaa5aa299818d8a64d09d,thumbnails/fs_0041.jpg,56040,49e4fd571f0d9a72deaed1c33677384dff3b545544041250e2a9db7bd3df1475,dlstupka/hth-baptisms-san-antonio-1788-1824--1858-1898,61efff529fb7330a92f8d423c40c45bc60bb841c,dlstupka/hth,4b88d0aead2931a9d8a127afbd852f196d6b51ec,,,,,,,,,,not_reviewed,,
42,Baptisms_San_Antonio_Baptism_Records_1788-1824_1858-1898.docx,42,rId46,word/media/image42.png,raw/fs_0042.png,PNG,1786,1361,RGB,2373725,87487b4c112f0f83ec1f4fc5454b1c176555e1bda0ec30eaa59271ac40a2d03e,2373725,87487b4c112f0f83ec1f4fc5454b1c176555e1bda0ec30eaa59271ac40a2d03e,0,0,0,0,False,,analysis/fs_0042_analysis.png,1638721,19b11eb6abbd73bfa9aa2848db5b6df5c54259506b4e1aa37f5d66adf5bfd8d9,thumbnails/fs_0042.jpg,55549,5206d3f69dea7d4e8b472ccddfc62b1a89e6f6e365b7a5c9ced636b9c74fd3dd,dlstupka/hth-baptisms-san-antonio-1788-1824--1858-1898,61efff529fb7330a92f8d423c40c45bc60bb841c,dlstupka/hth,4b88d0aead2931a9d8a127afbd852f196d6b51ec,,,,,,,,,,not_reviewed,,
43,Baptisms_San_Antonio_Baptism_Records_1788-1824_1858-1898.docx,43,rId47,word/media/image43.png,raw/fs_0043.png,PNG,1786,1361,RGB,2572480,d9c6ca1641dc2a6481fb0dcb1e8cd7c969686f74874403cf5c9306c6b9fd5e69,2572480,d9c6ca1641dc2a6481fb0dcb1e8cd7c969686f74874403cf5c9306c6b9fd5e69,0,0,0,0,False,,analysis/fs_0043_analysis.png,1784403,c649d49fa57392fe235b77d53722c7982c99060d71d065a1206d91b6d36c2765,thumbnails/fs_0043.jpg,56215,5f6f29982e4778cf59c32abfb2d0ce203f816f60c1e1355d52c0f082339fb5db,dlstupka/hth-baptisms-san-antonio-1788-1824--1858-1898,61efff529fb7330a92f8d423c40c45bc60bb841c,dlstupka/hth,4b88d0aead2931a9d8a127afbd852f196d6b51ec,,,,,,,,,,not_reviewed,,
44,Baptisms_San_Antonio_Baptism_Records_1788-1824_1858-1898.docx,44,rId48,word/media/image44.png,raw/fs_0044.png,PNG,1738,1361,RGB,2831951,47726a925755133b3ae98e6033e35893fa8bd2104bd7ebb5d59f0015da25db1d,2322250,33a2848f34d328a947542cb39570f811c826def199ccff0e96e99991148881b4,2688,0,0,0,True,,analysis/fs_0044_analysis.png,1574697,9d50cad0237abb780ea308037e05171b6eff25b461cff5e74c8ce2c0df0df144,thumbnails/fs_0044.jpg,54184,15a9571b3a8168c1e892da44a02f89fb9f07b73c69186d221d4afd543aa24245,dlstupka/hth-baptisms-san-antonio-1788-1824--1858-1898,61efff529fb7330a92f8d423c40c45bc60bb841c,dlstupka/hth,4b88d0aead2931a9d8a127afbd852f196d6b51ec,,,,,,,,,,not_reviewed,,
45,Baptisms_San_Antonio_Baptism_Records_1788-1824_1858-1898.docx,45,rId49,word/media/image45.png,raw/fs_0045.png,PNG,1786,1361,RGB,2543612,d3f2cd3daabe35c736f47bd110aa6bd7fbacecfb7a3c4701901b91da5456da78,2543612,d3f2cd3daabe35c736f47bd110aa6bd7fbacecfb7a3c4701901b91da5456da78,0,0,0,0,False,,analysis/fs_0045_analysis.png,1754970,f6786401dca86655de3d8464043b8fd26e9c24e5b1b8d6cc0c0c2dfcaa1a0caf,thumbnails/fs_0045.jpg,58772,70e410b3e24aabb5723e53d95e7d3e4530cbc1fb9a5014dc8cf5bfcbf31edd4e,dlstupka/hth-baptisms-san-antonio-1788-1824--1858-1898,61efff529fb7330a92f8d423c40c45bc60bb841c,dlstupka/hth,4b88d0aead2931a9d8a127afbd852f196d6b51ec,,,,,,,,,,not_reviewed,,
46,Baptisms_San_Antonio_Baptism_Records_1788-1824_1858-1898.docx,46,rId50,word/media/image46.png,raw/fs_0046.png,PNG,1712,1263,RGBA,2436089,b6a074a308053e4a339591fe56fa2970482925e227bfcd52f1d46c996ea1b509,2436089,b6a074a308053e4a339591fe56fa2970482925e227bfcd52f1d46c996ea1b509,0,0,0,0,False,,analysis/fs_0046_analysis.png,1512020,35a882c9a80f4236982d1aa272332c7c6a622841a960b9646489d41e8241116c,thumbnails/fs_0046.jpg,61553,6431d5bae1d05148eed2a319fcae4e3e4e2c87fb5a0dd3c97404f847e2d7e662,dlstupka/hth-baptisms-san-antonio-1788-1824--1858-1898,61efff529fb7330a92f8d423c40c45bc60bb841c,dlstupka/hth,4b88d0aead2931a9d8a127afbd852f196d6b51ec,,,,,,,,,,not_reviewed,,
47,Baptisms_San_Antonio_Baptism_Records_1788-1824_1858-1898.docx,47,rId51,word/media/image47.png,raw/fs_0047.png,PNG,1786,1361,RGB,2139959,e921684700f74d74932949acc3c6e9baeaa5d70b247a4ec2de05269d1f9ffd0f,2139959,e921684700f74d74932949acc3c6e9baeaa5d70b247a4ec2de05269d1f9ffd0f,0,0,0,0,False,,analysis/fs_0047_analysis.png,1461786,fe2784a2c1e230535cece12d7cb84ba1b2d1a199ffec5bd922435124bd343a32,thumbnails/fs_0047.jpg,50217,0e4a70fa9aee2da304217447e437e310c59b8665e38be9323e41cdc10be153c1,dlstupka/hth-baptisms-san-antonio-1788-1824--1858-1898,61efff529fb7330a92f8d423c40c45bc60bb841c,dlstupka/hth,4b88d0aead2931a9d8a127afbd852f196d6b51ec,,,,,,,,,,not_reviewed,,
48,Baptisms_San_Antonio_Baptism_Records_1788-1824_1858-1898.docx,48,rId52,word/media/image48.png,raw/fs_0048.png,PNG,1738,1361,RGB,2724342,8e134606a2086ba3e407ff99f88fc64d09251a7c9e1c65be7e81ef03b6a96cd0,2264597,01d612f916c9e729df9dc605b0cb3eb849f952911de4f20df09c9c2a11a2b213,2688,0,0,0,True,,analysis/fs_0048_analysis.png,1542641,303d49c02c8615a609282b4c548f313f8fec73e5c7e0fe71716990c0b53dc3b6,thumbnails/fs_0048.jpg,56070,54549fff936849b4a23bd915a7161e788247beac4d1af80edd40b2e27818ae2a,dlstupka/hth-baptisms-san-antonio-1788-1824--1858-1898,61efff529fb7330a92f8d423c40c45bc60bb841c,dlstupka/hth,4b88d0aead2931a9d8a127afbd852f196d6b51ec,,,,,,,,,,not_reviewed,,
49,Baptisms_San_Antonio_Baptism_Records_1788-1824_1858-1898.docx,49,rId53,word/media/image49.png,raw/fs_0049.png,PNG,1786,1361,RGB,2232153,735bd06507c4a518b8405a9703ea9396db159cc6ef6e85dc020f744194e427e9,2232153,735bd06507c4a518b8405a9703ea9396db159cc6ef6e85dc020f744194e427e9,0,0,0,0,False,,analysis/fs_0049_analysis.png,1525464,adfb9685b0e7a12d8c9962f33b86f9bd404c256b5e5011fda4e3983863efe727,thumbnails/fs_0049.jpg,49876,6677711ff216f46377d9c587467a4016e9d484c862a7c089229b62b340c7b9e5,dlstupka/hth-baptisms-san-antonio-1788-1824--1858-1898,61efff529fb7330a92f8d423c40c45bc60bb841c,dlstupka/hth,4b88d0aead2931a9d8a127afbd852f196d6b51ec,,,,,,,,,,not_reviewed,,
50,Baptisms_San_Antonio_Baptism_Records_1788-1824_1858-1898.docx,50,rId54,word/media/image50.png,raw/fs_0050.png,PNG,1728,1272,RGBA,2273620,3922ad28a7677f8026a221bb6b95ceb2e677a7ea4c3b00f1657af26a68074aa1,2273620,3922ad28a7677f8026a221bb6b95ceb2e677a7ea4c3b00f1657af26a68074aa1,0,0,0,0,False,,analysis/fs_0050_analysis.png,1404941,e6bd6d4b5cb39fa4ca1e394bdb3df8cb158251b3205fa75530516ca9952c62f2,thumbnails/fs_0050.jpg,49780,42af636875f896808d8f1221c3e7cd8756d7bc0538c46426dedd12bf1b16b77c,dlstupka/hth-baptisms-san-antonio-1788-1824--1858-1898,61efff529fb7330a92f8d423c40c45bc60bb841c,dlstupka/hth,4b88d0aead2931a9d8a127afbd852f196d6b51ec,,,,,,,,,,not_reviewed,,
51,Baptisms_San_Antonio_Baptism_Records_1788-1824_1858-1898.docx,51,rId55,word/media/image51.png,raw/fs_0051.png,PNG,1738,1361,RGB,2410912,4badf05d494f0f33683782b26eebdd1ffc48deba5d138e1ec83e10566eb2ed29,2113934,a6a16bb668667b516c97656e1eb01ccef7a82a9ebc97d78eea59581fd973b3a0,2688,0,0,0,True,,analysis/fs_0051_analysis.png,1438023,4a42d5864c781a86f3506ef1292ab6366a1aaa92bb0f1405f1cf611854045b15,thumbnails/fs_0051.jpg,47624,d96f3a56e8d2a14739add3d6542db0349f7a5b14bced310a7640b592763da3a7,dlstupka/hth-baptisms-san-antonio-1788-1824--1858-1898,61efff529fb7330a92f8d423c40c45bc60bb841c,dlstupka/hth,4b88d0aead2931a9d8a127afbd852f196d6b51ec,,,,,,,,,,not_reviewed,,
52,Baptisms_San_Antonio_Baptism_Records_1788-1824_1858-1898.docx,52,rId56,word/media/image52.png,raw/fs_0052.png,PNG,1786,1361,RGB,2182780,338b871931de1c7b3c18ee315d773096e59325d00754e33460a3c537e83af9d8,2182780,338b871931de1c7b3c18ee315d773096e59325d00754e33460a3c537e83af9d8,0,0,0,0,False,,analysis/fs_0052_analysis.png,1499794,4c593efdef0b1d5fb372ed334d9d1bfc2e9d98e106de5e57f98471493b1bd34d,thumbnails/fs_0052.jpg,51095,90c3b892bd5a82bdc3dfec0ef6feda81d20fdcaa75b57039b01308f06fccd466,dlstupka/hth-baptisms-san-antonio-1788-1824--1858-1898,61efff529fb7330a92f8d423c40c45bc60bb841c,dlstupka/hth,4b88d0aead2931a9d8a127afbd852f196d6b51ec,,,,,,,,,,not_reviewed,,
53,Baptisms_San_Antonio_Baptism_Records_1788-1824_1858-1898.docx,53,rId57,word/media/image53.png,raw/fs_0053.png,PNG,1687,1239,RGBA,2304702,4e0a0da4d6aeb1ff672e6cc5678909184be0e64209a8543d7a098c9bb072881e,2304702,4e0a0da4d6aeb1ff672e6cc5678909184be0e64209a8543d7a098c9bb072881e,0,0,0,0,False,,analysis/fs_0053_analysis.png,1441758,f452896f572222f5d88310143d05c6236005fe70b9552ed42e144de66ddfb7a4,thumbnails/fs_0053.jpg,52034,8ce0e25fa7ae2ca9078a8882517a3494f9f21c763ad5ff528722a437c2c71b50,dlstupka/hth-baptisms-san-antonio-1788-1824--1858-1898,61efff529fb7330a92f8d423c40c45bc60bb841c,dlstupka/hth,4b88d0aead2931a9d8a127afbd852f196d6b51ec,,,,,,,,,,not_reviewed,,
54,Baptisms_San_Antonio_Baptism_Records_1788-1824_1858-1898.docx,54,rId58,word/media/image54.png,raw/fs_0054.png,PNG,1786,1361,RGB,2155970,3fb6f71dc6723395cca9f476336273bc72b73e3bc24f09c0b96065a1f7b6edbf,2155970,3fb6f71dc6723395cca9f476336273bc72b73e3bc24f09c0b96065a1f7b6edbf,0,0,0,0,False,,analysis/fs_0054_analysis.png,1481979,8d9caa074b157211273bd2450d926e1fb4505b4ec06437c3b43fa3d18cb58dfb,thumbnails/fs_0054.jpg,45708,ea6a71d3a749840d6a6361c28208e576187969958edb1d2c56320fffb40edcde,dlstupka/hth-baptisms-san-antonio-1788-1824--1858-1898,61efff529fb7330a92f8d423c40c45bc60bb841c,dlstupka/hth,4b88d0aead2931a9d8a127afbd852f196d6b51ec,,,,,,,,,,not_reviewed,,
55,Baptisms_San_Antonio_Baptism_Records_1788-1824_1858-1898.docx,55,rId59,word/media/image55.png,raw/fs_0055.png,PNG,1786,1361,RGB,2137983,ae1cfdda7c283cedd6a7eb6f6499dbc060196d388f09b3b1e02eba363b50e5c9,2137983,ae1cfdda7c283cedd6a7eb6f6499dbc060196d388f09b3b1e02eba363b50e5c9,0,0,0,0,False,,analysis/fs_0055_analysis.png,1469489,1860fe829023487b39a627615e8586674ca6d692c97cdb372a81de88f3331331,thumbnails/fs_0055.jpg,43894,7f819491d548826814671cf7978a4e37b078781d16a7bfc7e11240372ec4aba0,dlstupka/hth-baptisms-san-antonio-1788-1824--1858-1898,61efff529fb7330a92f8d423c40c45bc60bb841c,dlstupka/hth,4b88d0aead2931a9d8a127afbd852f196d6b51ec,,,,,,,,,,not_reviewed,,
56,Baptisms_San_Antonio_Baptism_Records_1788-1824_1858-1898.docx,56,rId60,word/media/image56.png,raw/fs_0056.png,PNG,1786,1361,RGB,2474011,5361faa7fd712cc27cd2c570dbad650b4ab9dd480dab2cb8d507e526a0a529e6,2474011,5361faa7fd712cc27cd2c570dbad650b4ab9dd480dab2cb8d507e526a0a529e6,0,0,0,0,False,,analysis/fs_0056_analysis.png,1710801,e5063de8b8b697a35b0ff06576f49effe50de9534570328c5ea47939506d94d6,thumbnails/fs_0056.jpg,46552,168b740c2a8ff9d58d49d37b410256f4ea248fa234f06de46b095994cfb57670,dlstupka/hth-baptisms-san-antonio-1788-1824--1858-1898,61efff529fb7330a92f8d423c40c45bc60bb841c,dlstupka/hth,4b88d0aead2931a9d8a127afbd852f196d6b51ec,,,,,,,,,,not_reviewed,,
57,Baptisms_San_Antonio_Baptism_Records_1788-1824_1858-1898.docx,57,rId61,word/media/image57.png,raw/fs_0057.png,PNG,1786,1361,RGB,2180567,5602665b080c003f1b4966c06555de64655c9535d9374cadb25360b7d9aa4c48,2180567,5602665b080c003f1b4966c06555de64655c9535d9374cadb25360b7d9aa4c48,0,0,0,0,False,,analysis/fs_0057_analysis.png,1497826,ab777535064ad962a47c815edd7b56d6a668fa63fa2da82edb5a8c32356e8b83,thumbnails/fs_0057.jpg,44359,73e49dd47a67417a10d16965b3f2f18cfd3746ada88e1be705d6060ccf6be175,dlstupka/hth-baptisms-san-antonio-1788-1824--1858-1898,61efff529fb7330a92f8d423c40c45bc60bb841c,dlstupka/hth,4b88d0aead2931a9d8a127afbd852f196d6b51ec,,,,,,,,,,not_reviewed,,
58,Baptisms_San_Antonio_Baptism_Records_1788-1824_1858-1898.docx,58,rId62,word/media/image58.png,raw/fs_0058.png,PNG,1786,1361,RGB,2153084,5c2a6282a2cb1c00fe85f4372be745a929e4c656f01bc7679fd6ae5c2eb5b8b2,2153084,5c2a6282a2cb1c00fe85f4372be745a929e4c656f01bc7679fd6ae5c2eb5b8b2,0,0,0,0,False,,analysis/fs_0058_analysis.png,1473803,3332344ac2cf9f3016d870ab349a6773a11e81eff03f60ddc3f2b042b3fa6876,thumbnails/fs_0058.jpg,47539,d774c75e057307d3b06156c1aa3e29a2bb89a666ff11be183b95e085918da197,dlstupka/hth-baptisms-san-antonio-1788-1824--1858-1898,61efff529fb7330a92f8d423c40c45bc60bb841c,dlstupka/hth,4b88d0aead2931a9d8a127afbd852f196d6b51ec,,,,,,,,,,not_reviewed,,
59,Baptisms_San_Antonio_Baptism_Records_1788-1824_1858-1898.docx,59,rId63,word/media/image59.png,raw/fs_0059.png,PNG,1786,1361,RGB,2543955,42a25e031b0575e614ed00d866c9da877bf17a3863ba4d2484adfdf93529c6d7,2543955,42a25e031b0575e614ed00d866c9da877bf17a3863ba4d2484adfdf93529c6d7,0,0,0,0,False,,analysis/fs_0059_analysis.png,1759371,bae9a5167ceb7f605830de67477389f966b43102494956cc65917155e77d9c6b,thumbnails/fs_0059.jpg,53880,6d0cdcae99d09560149b49fb9e1890178f811a03a36c5b7bad0db7351a963187,dlstupka/hth-baptisms-san-antonio-1788-1824--1858-1898,61efff529fb7330a92f8d423c40c45bc60bb841c,dlstupka/hth,4b88d0aead2931a9d8a127afbd852f196d6b51ec,,,,,,,,,,not_reviewed,,
60,Baptisms_San_Antonio_Baptism_Records_1788-1824_1858-1898.docx,60,rId64,word/media/image60.png,raw/fs_0060.png,PNG,1786,1361,RGB,2161429,81077df6b46b205b8f88dd9d9bcfec68e19b2fd817fe4877de506b18ea1cfa31,2161429,81077df6b46b205b8f88dd9d9bcfec68e19b2fd817fe4877de506b18ea1cfa31,0,0,0,0,False,,analysis/fs_0060_analysis.png,1486005,1fa57a1931b2aff80bd72b27792b287686e3245ea3a11ccae5ed960b8b6a5bb7,thumbnails/fs_0060.jpg,47037,8dfc03b7a59d5ed4ee1df3fa711f1b5cc4908fff1617441de99fd89fe6d5642f,dlstupka/hth-baptisms-san-antonio-1788-1824--1858-1898,61efff529fb7330a92f8d423c40c45bc60bb841c,dlstupka/hth,4b88d0aead2931a9d8a127afbd852f196d6b51ec,,,,,,,,,,not_reviewed,,
61,Baptisms_San_Antonio_Baptism_Records_1788-1824_1858-1898.docx,61,rId65,word/media/image61.png,raw/fs_0061.png,PNG,1751,1302,RGBA,2457674,3c7c003908bf4302fa23ef7c43c6bfcef2ea7714d76e64d4263569f4ac3cd392,2457674,3c7c003908bf4302fa23ef7c43c6bfcef2ea7714d76e64d4263569f4ac3cd392,0,0,0,0,False,,analysis/fs_0061_analysis.png,1529914,7365271fe867e6c61fcba1e53f3439ed6e57d67eafc2a3430bfdd24429b48516,thumbnails/fs_0061.jpg,52810,60aaae434fc6ecad8bf624980d08d369e1a58cfe62d23b5b7faa3bc0ddd96878,dlstupka/hth-baptisms-san-antonio-1788-1824--1858-1898,61efff529fb7330a92f8d423c40c45bc60bb841c,dlstupka/hth,4b88d0aead2931a9d8a127afbd852f196d6b51ec,,,,,,,,,,not_reviewed,,
62,Baptisms_San_Antonio_Baptism_Records_1788-1824_1858-1898.docx,62,rId66,word/media/image62.png,raw/fs_0062.png,PNG,1786,1361,RGB,2481410,01dd4febc55c2417887245035e4c61cce0cb9903129be286c21dc4c26a58ad37,2481410,01dd4febc55c2417887245035e4c61cce0cb9903129be286c21dc4c26a58ad37,0,0,0,0,False,,analysis/fs_0062_analysis.png,1711146,ce2caf6a2e3cc5f22b4f9aeaff6a0047adea3ee690daf08bcd7124223aa68f6e,thumbnails/fs_0062.jpg,50019,6272bcd742b105dd4b0f6fe0efb6be4c8d85d5ec242fb81cc639190aa3e08c88,dlstupka/hth-baptisms-san-antonio-1788-1824--1858-1898,61efff529fb7330a92f8d423c40c45bc60bb841c,dlstupka/hth,4b88d0aead2931a9d8a127afbd852f196d6b51ec,,,,,,,,,,not_reviewed,,
63,Baptisms_San_Antonio_Baptism_Records_1788-1824_1858-1898.docx,63,rId67,word/media/image63.png,raw/fs_0063.png,PNG,1738,1361,RGB,2332169,9281a1fc9ae015f6f31a6f14f0d786aab205f09422fb8000cc40ab94ef81e56a,2054948,b78ef82af3f360e7fd683c4ee5de8e1f5331d021a7577a1298bd97a88cd3ae28,2688,0,0,0,True,,analysis/fs_0063_analysis.png,1394110,12f96ff143001471d6a9b152627932e3a08905f08160c35e57e39488d4e5c137,thumbnails/fs_0063.jpg,45166,c333d0b3414ebfa854fbfb4f126eb598e270d3a387d9021132ed18800d3cb288,dlstupka/hth-baptisms-san-antonio-1788-1824--1858-1898,61efff529fb7330a92f8d423c40c45bc60bb841c,dlstupka/hth,4b88d0aead2931a9d8a127afbd852f196d6b51ec,,,,,,,,,,not_reviewed,,
64,Baptisms_San_Antonio_Baptism_Records_1788-1824_1858-1898.docx,64,rId68,word/media/image64.png,raw/fs_0064.png,PNG,1642,1361,RGB,1956161,188ba397f84e901b4ccf5355cc74ebaa6af083372506b2c915f532205b49e65a,1777388,90f50cb3b0be5a5dcd1d0072956e79947966d77eacc349d2bedca933e7456e4c,2688,0,5376,0,True,,analysis/fs_0064_analysis.png,1147809,806fdb6dbafe08f0798b4a202afdf7c6fe583d53c056ff893c14178b5a9ac29e,thumbnails/fs_0064.jpg,31945,af3fa6081af8e8cd4723055d353e742d506f6c7d648c24405d7378320e4b0f03,dlstupka/hth-baptisms-san-antonio-1788-1824--1858-1898,61efff529fb7330a92f8d423c40c45bc60bb841c,dlstupka/hth,4b88d0aead2931a9d8a127afbd852f196d6b51ec,,,,,,,,,,not_reviewed,,
65,Baptisms_San_Antonio_Baptism_Records_1788-1824_1858-1898.docx,65,rId69,word/media/image65.png,raw/fs_0065.png,PNG,1705,1361,RGB,2115878,98949736e4e64f61f7d02c802e529646bb8c34ed41f8b34b9e9ddf97980ecc2a,1878060,8b715e71350e89bd73da3ba191fca37db11453e6ef3eb06049d8a16649a2ea74,2688,0,1821,0,True,,analysis/fs_0065_analysis.png,1248155,de5561ce89fcc3aa39f6d1604bdf2160c68a0ca994be49a36f358b73ac9e35da,thumbnails/fs_0065.jpg,33128,265f3d76ec88277fa65ad119500910c2dc722d93549fcddbd9907f9b316aec5e,dlstupka/hth-baptisms-san-antonio-1788-1824--1858-1898,61efff529fb7330a92f8d423c40c45bc60bb841c,dlstupka/hth,4b88d0aead2931a9d8a127afbd852f196d6b51ec,,,,,,,,,,not_reviewed,,
66,Baptisms_San_Antonio_Baptism_Records_1788-1824_1858-1898.docx,66,rId70,word/media/image66.png,raw/fs_0066.png,PNG,1786,1361,RGB,2423165,e9f5345aabcab6b53bb0807a37b89795124f5a7362473da0afbd9f6adc41f10f,2423165,e9f5345aabcab6b53bb0807a37b89795124f5a7362473da0afbd9f6adc41f10f,0,0,0,0,False,,analysis/fs_0066_analysis.png,1668016,6b74a95369683787bf9f9ac155b7d1a3e424ea508ed370e539eb5264f8eed95b,thumbnails/fs_0066.jpg,49029,66e0f45b640b08cf942012654e7e5ea59d609dc97ae299db2426062aa48e0baf,dlstupka/hth-baptisms-san-antonio-1788-1824--1858-1898,61efff529fb7330a92f8d423c40c45bc60bb841c,dlstupka/hth,4b88d0aead2931a9d8a127afbd852f196d6b51ec,,,,,,,,,,not_reviewed,,
67,Baptisms_San_Antonio_Baptism_Records_1788-1824_1858-1898.docx,67,rId71,word/media/image67.png,raw/fs_0067.png,PNG,1738,1361,RGB,2501036,7b191e304f47ec095b664a46410ea2247f20e7d0a4aae04752bcbc2db925d9a9,2137701,5b7ad72221d7e9206c281e8c9843093c40abc1f970002ba8cadcade5c7b62954,2688,0,0,0,True,,analysis/fs_0067_analysis.png,1450219,cf059a84403d4c28efa67abceb24a67337478529a6c6d71dfbe86918665717a0,thumbnails/fs_0067.jpg,49981,c1c204337508716e659103a463db2becc732e001492c7712d8cb88dded2be080,dlstupka/hth-baptisms-san-antonio-1788-1824--1858-1898,61efff529fb7330a92f8d423c40c45bc60bb841c,dlstupka/hth,4b88d0aead2931a9d8a127afbd852f196d6b51ec,,,,,,,,,,not_reviewed,,
68,Baptisms_San_Antonio_Baptism_Records_1788-1824_1858-1898.docx,68,rId72,word/media/image68.png,raw/fs_0068.png,PNG,1690,1361,RGB,2480599,976f9d99e196fd865ab6b91233e5ddeff61bbe4f473c0b35234660068d03bf59,2076099,4993099052fd0ee211cf8a5e262e34529bbc610d417ee1d319505beb620c00d5,2688,0,2688,0,True,,analysis/fs_0068_analysis.png,1395931,34728c21d067956b1a35eb55d80f69eea6be07484f87a8f7217db81e7d57bf11,thumbnails/fs_0068.jpg,50589,234e8ea890dbc548d0415c6b4d31e274c2272599231fac3e7eaef5fe8a268227,dlstupka/hth-baptisms-san-antonio-1788-1824--1858-1898,61efff529fb7330a92f8d423c40c45bc60bb841c,dlstupka/hth,4b88d0aead2931a9d8a127afbd852f196d6b51ec,,,,,,,,,,not_reviewed,,
69,Baptisms_San_Antonio_Baptism_Records_1788-1824_1858-1898.docx,69,rId73,word/media/image69.png,raw/fs_0069.png,PNG,1786,1361,RGB,2153394,e4dab25b5d2c3c42443f5cc6a156e826bed51789d633234fa293f7708a9dbca9,2153394,e4dab25b5d2c3c42443f5cc6a156e826bed51789d633234fa293f7708a9dbca9,0,0,0,0,False,,analysis/fs_0069_analysis.png,1479918,adbd6768b195e4c823b6103980bc9c9f75dcf9c09a5502722c2b83df652aed40,thumbnails/fs_0069.jpg,52950,5de947867ced992aef972b48a52699dfc8e81175a9c9fbcfd76c456b1a9215a4,dlstupka/hth-baptisms-san-antonio-1788-1824--1858-1898,61efff529fb7330a92f8d423c40c45bc60bb841c,dlstupka/hth,4b88d0aead2931a9d8a127afbd852f196d6b51ec,,,,,,,,,,not_reviewed,,
70,Baptisms_San_Antonio_Baptism_Records_1788-1824_1858-1898.docx,70,rId74,word/media/image70.png,raw/fs_0070.png,PNG,1690,1361,RGB,2381495,d244085f3766a727a333e1c17b4d23d7b0916b7e596c071a7ffc8ccaf4d4a758,2040385,c347fdc6878a684d6a3f125175b823fc2a5f9f71b4f113934be8dc9e8552f94f,2688,0,2688,0,True,,analysis/fs_0070_analysis.png,1377000,c12ed0bd62068c486d6bafcfc659f1aedb55599fa1a1f9f5827e9411e102b9d9,thumbnails/fs_0070.jpg,49041,bc928493319ff6fe671d00d4f7bb733ec2e2a1348988ee8c8781a3933291e126,dlstupka/hth-baptisms-san-antonio-1788-1824--1858-1898,61efff529fb7330a92f8d423c40c45bc60bb841c,dlstupka/hth,4b88d0aead2931a9d8a127afbd852f196d6b51ec,,,,,,,,,,not_reviewed,,
71,Baptisms_San_Antonio_Baptism_Records_1788-1824_1858-1898.docx,71,rId75,word/media/image71.png,raw/fs_0071.png,PNG,1690,1361,RGB,2241245,b2b2d72b0f4d335ad55fae2afbfb6e8ee477cac4e29d6db59c87ee46f82aeebc,1969109,51f5faff6c3870beabf67ccc178c6549cd6e581e56dfe458fce188f518b682f5,2688,0,2688,0,True,,analysis/fs_0071_analysis.png,1323696,b2fcc576dbab53e485f69b1e532f33fce31184529acda737dd61816cd29aad37,thumbnails/fs_0071.jpg,43250,401aa070a215e3c975c656ae8280f2dcd73f0cba4e4ee1177cd2452971a5b3ef,dlstupka/hth-baptisms-san-antonio-1788-1824--1858-1898,61efff529fb7330a92f8d423c40c45bc60bb841c,dlstupka/hth,4b88d0aead2931a9d8a127afbd852f196d6b51ec,,,,,,,,,,not_reviewed,,
72,Baptisms_San_Antonio_Baptism_Records_1788-1824_1858-1898.docx,72,rId76,word/media/image72.png,raw/fs_0072.png,PNG,1690,1361,RGB,2614799,fc2ac7d88342925a8512b00dead2feb8d0d54d25dc4801cd8f5f69ec479d8e45,2147397,433247f7df2bb42271ddcb7003b64047980a9dbb61b33411e5937c2b2c0a38a1,2688,0,2688,0,True,,analysis/fs_0072_analysis.png,1452977,d4b5efcf855ab488e3a0edc8377bebcb973ae38c8fb52cc07206d8089e58d168,thumbnails/fs_0072.jpg,53740,93df10a52aad2b77a047be0216eaf661d08df55e6fd69d7746fe733166cb5251,dlstupka/hth-baptisms-san-antonio-1788-1824--1858-1898,61efff529fb7330a92f8d423c40c45bc60bb841c,dlstupka/hth,4b88d0aead2931a9d8a127afbd852f196d6b51ec,,,,,,,,,,not_reviewed,,
73,Baptisms_San_Antonio_Baptism_Records_1788-1824_1858-1898.docx,73,rId77,word/media/image73.png,raw/fs_0073.png,PNG,1738,1361,RGB,2606090,54051289bdeeb58ab20d4e6e5513110b339a9ff76a0ca5805f8df925c981f69c,2148911,59cf0605eeea712f250ef70301f9a33fe8a265506599b21e5f426cbccbb6fb2d,0,0,2688,0,True,,analysis/fs_0073_analysis.png,1461192,1f447546325a0a637f22d889e2a983c368d9c81f364d8fef0b25e56ce5e62eb7,thumbnails/fs_0073.jpg,52066,d305e7866689bd1d13f8ac98829c32e039b666c11dcc96b476600812e277a1e4,dlstupka/hth-baptisms-san-antonio-1788-1824--1858-1898,61efff529fb7330a92f8d423c40c45bc60bb841c,dlstupka/hth,4b88d0aead2931a9d8a127afbd852f196d6b51ec,,,,,,,,,,not_reviewed,,
74,Baptisms_San_Antonio_Baptism_Records_1788-1824_1858-1898.docx,74,rId78,word/media/image74.png,raw/fs_0074.png,PNG,1786,1361,RGB,2177250,e7ac8b99757b6cb083eb65ee71cdead2e75ecee3e0e461f842ec41a2db1e552f,2177250,e7ac8b99757b6cb083eb65ee71cdead2e75ecee3e0e461f842ec41a2db1e552f,0,0,0,0,False,,analysis/fs_0074_analysis.png,1485534,5cab51ef7346a263c02fb9af9db4e1c5bc0f6c6cc444af2154805a5877196422,thumbnails/fs_0074.jpg,51587,fd9cc1118aa45492d269dc2bd3b4d3fed1fcef825e9fcbd792e4daa5c3ab5dbe,dlstupka/hth-baptisms-san-antonio-1788-1824--1858-1898,61efff529fb7330a92f8d423c40c45bc60bb841c,dlstupka/hth,4b88d0aead2931a9d8a127afbd852f196d6b51ec,,,,,,,,,,not_reviewed,,
75,Baptisms_San_Antonio_Baptism_Records_1788-1824_1858-1898.docx,75,rId79,word/media/image75.png,raw/fs_0075.png,PNG,1786,1361,RGB,2036547,9f3afadb423db805642f0767ab5dd9706afa2d71d6551eec353f4cf7e38d41f7,2036547,9f3afadb423db805642f0767ab5dd9706afa2d71d6551eec353f4cf7e38d41f7,0,0,0,0,False,,analysis/fs_0075_analysis.png,1383765,88537d06900b1f12226b0325e5e6df401ac8ace667d6135d53fa3015bfb1ebf5,thumbnails/fs_0075.jpg,46595,810a83d4232214c7b910678f661284e21d53725d8f11713f1ae88e95d90455df,dlstupka/hth-baptisms-san-antonio-1788-1824--1858-1898,61efff529fb7330a92f8d423c40c45bc60bb841c,dlstupka/hth,4b88d0aead2931a9d8a127afbd852f196d6b51ec,,,,,,,,,,not_reviewed,,
76,Baptisms_San_Antonio_Baptism_Records_1788-1824_1858-1898.docx,76,rId80,word/media/image76.png,raw/fs_0076.png,PNG,1786,1361,RGB,2485660,86a63af1123eba51c4dde8544a830eb428cbc532afa52c8d9616cc3f6f770719,2485660,86a63af1123eba51c4dde8544a830eb428cbc532afa52c8d9616cc3f6f770719,0,0,0,0,False,,analysis/fs_0076_analysis.png,1704194,cd5cc796fd6a52324928c7b1410e25827fc1e002bcaed5d74e9fc1474daa1b4d,thumbnails/fs_0076.jpg,55471,cf6bbe0b28c82c5301defc57f4534a25bf2a438710067381ddb889d2a809b9ae,dlstupka/hth-baptisms-san-antonio-1788-1824--1858-1898,61efff529fb7330a92f8d423c40c45bc60bb841c,dlstupka/hth,4b88d0aead2931a9d8a127afbd852f196d6b51ec,,,,,,,,,,not_reviewed,,
77,Baptisms_San_Antonio_Baptism_Records_1788-1824_1858-1898.docx,77,rId81,word/media/image77.png,raw/fs_0077.png,PNG,1642,1361,RGB,2157261,b255827afe949e25b7766b524e9c8a25846133bd310335daf38385e0856f4cd1,1869938,892ec62433c41063ac01cba2ba27e94357c0f2a16242232fe1144a43a3eb1da8,2688,0,5376,0,True,,analysis/fs_0077_analysis.png,1235669,a1bf0e8c75e08941aefe2577b787c7343740d3715bbcc7176856d37a82bed3e1,thumbnails/fs_0077.jpg,41216,cfd64aff35a69daa3e0e3048422f3ab92ff2473ca403a27409c6aa04a3d5993b,dlstupka/hth-baptisms-san-antonio-1788-1824--1858-1898,61efff529fb7330a92f8d423c40c45bc60bb841c,dlstupka/hth,4b88d0aead2931a9d8a127afbd852f196d6b51ec,,,,,,,,,,not_reviewed,,
78,Baptisms_San_Antonio_Baptism_Records_1788-1824_1858-1898.docx,78,rId82,word/media/image78.png,raw/fs_0078.png,PNG,1786,1361,RGB,2116188,86e4e80b8c24424aef01131ba78e623ca23f19f4f804bafbfcb506131184f823,2116188,86e4e80b8c24424aef01131ba78e623ca23f19f4f804bafbfcb506131184f823,0,0,0,0,False,,analysis/fs_0078_analysis.png,1423097,0f7dde52fa5dc38072bc09a0b959d8b7895591d3c7a5fac2662aecb6df919578,thumbnails/fs_0078.jpg,51668,800811399990d5dce15f29bffa148911f6f9f82fcc9fd3a8a566f00febe53d64,dlstupka/hth-baptisms-san-antonio-1788-1824--1858-1898,61efff529fb7330a92f8d423c40c45bc60bb841c,dlstupka/hth,4b88d0aead2931a9d8a127afbd852f196d6b51ec,,,,,,,,,,not_reviewed,,
79,Baptisms_San_Antonio_Baptism_Records_1788-1824_1858-1898.docx,79,rId83,word/media/image79.png,raw/fs_0079.png,PNG,1786,1361,RGB,2429622,04b6b79ecfc08ce9b006301e6d4b533e03fa5f232dc1d04eee1911899b54d520,2429622,04b6b79ecfc08ce9b006301e6d4b533e03fa5f232dc1d04eee1911899b54d520,0,0,0,0,False,,analysis/fs_0079_analysis.png,1669111,ed7725875ade97db0b16d4a8b6347e98df02e853fddf2863970b752efb1af576,thumbnails/fs_0079.jpg,47981,395f573b232b25f1223bcdddba12ab1d34f2e321f58333307c93aff3cb00d6b3,dlstupka/hth-baptisms-san-antonio-1788-1824--1858-1898,61efff529fb7330a92f8d423c40c45bc60bb841c,dlstupka/hth,4b88d0aead2931a9d8a127afbd852f196d6b51ec,,,,,,,,,,not_reviewed,,
80,Baptisms_San_Antonio_Baptism_Records_1788-1824_1858-1898.docx,80,rId84,word/media/image80.png,raw/fs_0080.png,PNG,1642,1361,RGB,2275566,8f9adb581ab74a50d30d966a5efafe833d911d1604f70c376dacab47df74d4e8,1963694,56f85b09f97eb42079a516b375bb681fe54cfe2f9f38f23fcb786a7bebe8dfbe,0,0,8064,0,True,,analysis/fs_0080_analysis.png,1298202,86b0888de90603985ecb12e7e0a0989a604bdf73e5762a9d7bd631ccf705b238,thumbnails/fs_0080.jpg,41663,f68a9283a9e4bae398ed0682c3582fa570de18e7bc7be6a40fe595b130b28031,dlstupka/hth-baptisms-san-antonio-1788-1824--1858-1898,61efff529fb7330a92f8d423c40c45bc60bb841c,dlstupka/hth,4b88d0aead2931a9d8a127afbd852f196d6b51ec,,,,,,,,,,not_reviewed,,
81,Baptisms_San_Antonio_Baptism_Records_1788-1824_1858-1898.docx,81,rId85,word/media/image81.png,raw/fs_0081.png,PNG,1786,1361,RGB,2152453,47402d0679bf90d35e6647a0d20402efb3bddad3c173e242de846870502a841c,2152453,47402d0679bf90d35e6647a0d20402efb3bddad3c173e242de846870502a841c,0,0,0,0,False,,analysis/fs_0081_analysis.png,1467522,eeaacf05d395c1a4d689362d2627dfaebb4bc3ee97cfb429f8acf23a742f7501,thumbnails/fs_0081.jpg,49390,bf959493f82b41d3a1025b5ab9220a5bfbefb8f1b2c018ea8ef26fac2b4941e9,dlstupka/hth-baptisms-san-antonio-1788-1824--1858-1898,61efff529fb7330a92f8d423c40c45bc60bb841c,dlstupka/hth,4b88d0aead2931a9d8a127afbd852f196d6b51ec,,,,,,,,,,not_reviewed,,
82,Baptisms_San_Antonio_Baptism_Records_1788-1824_1858-1898.docx,82,rId86,word/media/image82.png,raw/fs_0082.png,PNG,1690,1361,RGB,2267975,4a36104756d1c0592f9bbb28d5ef3d07b6a1d7f6d314b60d550cb3ac2dd36ea2,1988961,c2a844b7adba1f725b8e3d98788fb4876ba5d5d220bc0fbc29a657fa870b2e5a,0,0,5376,0,True,,analysis/fs_0082_analysis.png,1327068,385a35f555903b8c2e9fde4f2ede7989a1047eb0d3fed9996d2af68371f958eb,thumbnails/fs_0082.jpg,44048,9ff685675b1b15a51ec73db8ff74ea514a966b5109700e0bbc47dabefefb1b24,dlstupka/hth-baptisms-san-antonio-1788-1824--1858-1898,61efff529fb7330a92f8d423c40c45bc60bb841c,dlstupka/hth,4b88d0aead2931a9d8a127afbd852f196d6b51ec,,,,,,,,,,not_reviewed,,
83,Baptisms_San_Antonio_Baptism_Records_1788-1824_1858-1898.docx,83,rId87,word/media/image83.png,raw/fs_0083.png,PNG,1786,1361,RGB,2199128,ee2ab9c3e63da481f4329fb869e37919695014b5c8c0c5ab53a5350f884a191c,2199128,ee2ab9c3e63da481f4329fb869e37919695014b5c8c0c5ab53a5350f884a191c,0,0,0,0,False,,analysis/fs_0083_analysis.png,1498218,7b3d292298f990aa551b37eedcfb93957c7b82667d536d73fdd1f91d735e1612,thumbnails/fs_0083.jpg,49367,34e5ab1201dd9b387038bee8dd446630a323a3301ffe32944be2e3f6c2e6747d,dlstupka/hth-baptisms-san-antonio-1788-1824--1858-1898,61efff529fb7330a92f8d423c40c45bc60bb841c,dlstupka/hth,4b88d0aead2931a9d8a127afbd852f196d6b51ec,,,,,,,,,,not_reviewed,,
84,Baptisms_San_Antonio_Baptism_Records_1788-1824_1858-1898.docx,84,rId88,word/media/image84.png,raw/fs_0084.png,PNG,1786,1361,RGB,2556343,46b2259f1aae1413a155024bb92e81a8e845f3bdb4f43bb7bad15a82e090f6a4,2556343,46b2259f1aae1413a155024bb92e81a8e845f3bdb4f43bb7bad15a82e090f6a4,0,0,0,0,False,,analysis/fs_0084_analysis.png,1770498,b730381649ed22e0c0255448ee12412eab5c06e7aeb7298e69f37790671e47b1,thumbnails/fs_0084.jpg,57873,eb20ef172843c8f6c8805716a9889234b0d0d705b4e1ba85c69df873b9a87073,dlstupka/hth-baptisms-san-antonio-1788-1824--1858-1898,61efff529fb7330a92f8d423c40c45bc60bb841c,dlstupka/hth,4b88d0aead2931a9d8a127afbd852f196d6b51ec,,,,,,,,,,not_reviewed,,
85,Baptisms_San_Antonio_Baptism_Records_1788-1824_1858-1898.docx,85,rId89,word/media/image85.png,raw/fs_0085.png,PNG,1786,1361,RGB,2193220,98b0473a1675b952bc649603f9b5b318d2dafe3f36578d9f8609b2725024ec62,2193220,98b0473a1675b952bc649603f9b5b318d2dafe3f36578d9f8609b2725024ec62,0,0,0,0,False,,analysis/fs_0085_analysis.png,1486307,dc6ffefd1925b184d7729848bc8148bc42dc83f6c23054d55df02e6d5bbb3841,thumbnails/fs_0085.jpg,50649,9c8fc021071511f25e38d0d7ff518ec8506f548660afa563286fa6be488ae7a8,dlstupka/hth-baptisms-san-antonio-1788-1824--1858-1898,61efff529fb7330a92f8d423c40c45bc60bb841c,dlstupka/hth,4b88d0aead2931a9d8a127afbd852f196d6b51ec,,,,,,,,,,not_reviewed,,
86,Baptisms_San_Antonio_Baptism_Records_1788-1824_1858-1898.docx,86,rId90,word/media/image86.png,raw/fs_0086.png,PNG,1786,1361,RGB,2088872,e87e6b18e9ed67a44f0251bfff66b50ecd111e5d68b88470449135c1233ec7ee,2088872,e87e6b18e9ed67a44f0251bfff66b50ecd111e5d68b88470449135c1233ec7ee,0,0,0,0,False,,analysis/fs_0086_analysis.png,1409080,be5f799b764f8a7ef687bcc01503c10d57f0d63355493bf7fec283eed7a560af,thumbnails/fs_0086.jpg,47955,77badeffb22feb58d21a374951a655e91909665788036abb48043d0ef89fe04b,dlstupka/hth-baptisms-san-antonio-1788-1824--1858-1898,61efff529fb7330a92f8d423c40c45bc60bb841c,dlstupka/hth,4b88d0aead2931a9d8a127afbd852f196d6b51ec,,,,,,,,,,not_reviewed,,
87,Baptisms_San_Antonio_Baptism_Records_1788-1824_1858-1898.docx,87,rId91,word/media/image87.png,raw/fs_0087.png,PNG,1786,1361,RGB,2422046,6911be8d4e3f016988856445d78052c838a2e526a1e6520891002173d502db13,2422046,6911be8d4e3f016988856445d78052c838a2e526a1e6520891002173d502db13,0,0,0,0,False,,analysis/fs_0087_analysis.png,1663829,eb0747be692880b9da2f24892643f908d2881216f8b9fe69cc0abf637a980bd1,thumbnails/fs_0087.jpg,53522,0681a514f7705b870ff865c8bf7c7ca58e6ff0724146ff3b96eea7c79c2f603f,dlstupka/hth-baptisms-san-antonio-1788-1824--1858-1898,61efff529fb7330a92f8d423c40c45bc60bb841c,dlstupka/hth,4b88d0aead2931a9d8a127afbd852f196d6b51ec,,,,,,,,,,not_reviewed,,
88,Baptisms_San_Antonio_Baptism_Records_1788-1824_1858-1898.docx,88,rId92,word/media/image88.png,raw/fs_0088.png,PNG,1738,1361,RGB,2415143,d1ad566dcf97a2e468e5b58a12fe064b9994c96cd6b1c14afdfd2aa35d4a24e6,2055028,991572f0d2d1a2e1f1d01ae4cda029026f0cc3ec64df8b5c7fc9b7da6393585c,0,0,2688,0,True,,analysis/fs_0088_analysis.png,1382646,787c1eab458d4359a9047f84c2d26f82130367fc67bde616a2376b984b868a94,thumbnails/fs_0088.jpg,45830,d71352512e5b02fa5fef5643fbe6788d14a5bc1ef178ba7ada872c9a467b2ce8,dlstupka/hth-baptisms-san-antonio-1788-1824--1858-1898,61efff529fb7330a92f8d423c40c45bc60bb841c,dlstupka/hth,4b88d0aead2931a9d8a127afbd852f196d6b51ec,,,,,,,,,,not_reviewed,,
89,Baptisms_San_Antonio_Baptism_Records_1788-1824_1858-1898.docx,89,rId93,word/media/image89.png,raw/fs_0089.png,PNG,1738,1361,RGB,2606688,07cf869dda57713e73e132aa55b54f0c20cbc3d080b74b608d91d93a7bc72f24,2149665,d68119f2ff3ab12182a5974ff7fe0c7dc97266db46184bbd623f61c63d6c86d7,0,0,2688,0,True,,analysis/fs_0089_analysis.png,1451304,c719089784b6530b7a119b0806c6ff05b8d07e99ddea68702eec085656db1609,thumbnails/fs_0089.jpg,48864,142657a2e8f91be3685c814546847d7504b6585cc74f5a093bacb02d1fe9353d,dlstupka/hth-baptisms-san-antonio-1788-1824--1858-1898,61efff529fb7330a92f8d423c40c45bc60bb841c,dlstupka/hth,4b88d0aead2931a9d8a127afbd852f196d6b51ec,,,,,,,,,,not_reviewed,,
90,Baptisms_San_Antonio_Baptism_Records_1788-1824_1858-1898.docx,90,rId94,word/media/image90.png,raw/fs_0090.png,PNG,1786,1361,RGB,2365034,d6f2fb393d905de3bbf09a93f5de5681533e4cee8a3b682a63d8dd6fedc2688f,2365034,d6f2fb393d905de3bbf09a93f5de5681533e4cee8a3b682a63d8dd6fedc2688f,0,0,0,0,False,,analysis/fs_0090_analysis.png,1622429,fef8472136550d363317fbcae41d864caaffdcaa421849c87d91c77df1d7f006,thumbnails/fs_0090.jpg,40678,d0176a7961614fff565ce674e4f739e85e3c5f6110ff5fdd7521fe47987b2eec,dlstupka/hth-baptisms-san-antonio-1788-1824--1858-1898,61efff529fb7330a92f8d423c40c45bc60bb841c,dlstupka/hth,4b88d0aead2931a9d8a127afbd852f196d6b51ec,,,,,,,,,,not_reviewed,,
91,Baptisms_San_Antonio_Baptism_Records_1788-1824_1858-1898.docx,91,rId95,word/media/image91.png,raw/fs_0091.png,PNG,1786,1361,RGB,2292429,833359a8b998918f2e030f8a54a13e7966ff1a785b54eef1707884853ac06623,2292429,833359a8b998918f2e030f8a54a13e7966ff1a785b54eef1707884853ac06623,0,0,0,0,False,,analysis/fs_0091_analysis.png,1564499,fa24a5a1e5fc4384d75f18358b8b51ad43a84633233e87db46878abe1a68a7c8,thumbnails/fs_0091.jpg,56827,74ff9016d5a28aff4bb2483e84a6e512aa8438d523714a48f4afadc59a28a0f2,dlstupka/hth-baptisms-san-antonio-1788-1824--1858-1898,61efff529fb7330a92f8d423c40c45bc60bb841c,dlstupka/hth,4b88d0aead2931a9d8a127afbd852f196d6b51ec,,,,,,,,,,not_reviewed,,
92,Baptisms_San_Antonio_Baptism_Records_1788-1824_1858-1898.docx,92,rId96,word/media/image92.png,raw/fs_0092.png,PNG,1786,1361,RGB,2247261,0bf9ab1a2c59996a3b230672b4daa38e802da7e129b7d318fb909d17713d0d5f,2247261,0bf9ab1a2c59996a3b230672b4daa38e802da7e129b7d318fb909d17713d0d5f,0,0,0,0,False,,analysis/fs_0092_analysis.png,1534357,27ff1b202ae022352b39568023b3378b2dff75b61ecdfed679b8b28792cb4b93,thumbnails/fs_0092.jpg,52237,795772d4e80cf718c352df61088bbd979ee489ee8c6bc8c8075f81542cba4642,dlstupka/hth-baptisms-san-antonio-1788-1824--1858-1898,61efff529fb7330a92f8d423c40c45bc60bb841c,dlstupka/hth,4b88d0aead2931a9d8a127afbd852f196d6b51ec,,,,,,,,,,not_reviewed,,
93,Baptisms_San_Antonio_Baptism_Records_1788-1824_1858-1898.docx,93,rId97,word/media/image93.png,raw/fs_0093.png,PNG,1786,1361,RGB,2097503,703c692252c28faa6faaa5c445e2e39012119bd66b8b9fc0f55e40c1523a039b,2097503,703c692252c28faa6faaa5c445e2e39012119bd66b8b9fc0f55e40c1523a039b,0,0,0,0,False,,analysis/fs_0093_analysis.png,1421361,f94eaee595539861320e1e22b316fc6a4d201b04784a557a9aec08c31b744812,thumbnails/fs_0093.jpg,48159,40c8b09642e0e95efde762099d332c2861c58d253e66358705976d69b18fc870,dlstupka/hth-baptisms-san-antonio-1788-1824--1858-1898,61efff529fb7330a92f8d423c40c45bc60bb841c,dlstupka/hth,4b88d0aead2931a9d8a127afbd852f196d6b51ec,,,,,,,,,,not_reviewed,,
94,Baptisms_San_Antonio_Baptism_Records_1788-1824_1858-1898.docx,94,rId98,word/media/image94.png,raw/fs_0094.png,PNG,1786,1361,RGB,2272355,d13faecaf9e4d1d4a52af208c854aeea3ac52d73b56c3b60b7ac13cf170d6291,2272355,d13faecaf9e4d1d4a52af208c854aeea3ac52d73b56c3b60b7ac13cf170d6291,0,0,0,0,False,,analysis/fs_0094_analysis.png,1549061,bd8de26762cdc117c0c99cfa9d9980dff8efc1c76a6265945d76aebd850a891d,thumbnails/fs_0094.jpg,51170,15aa77ffcd34b43fdd5ee6aaec263303f51167d978a4378bb9a38c62c71a3f4d,dlstupka/hth-baptisms-san-antonio-1788-1824--1858-1898,61efff529fb7330a92f8d423c40c45bc60bb841c,dlstupka/hth,4b88d0aead2931a9d8a127afbd852f196d6b51ec,,,,,,,,,,not_reviewed,,
95,Baptisms_San_Antonio_Baptism_Records_1788-1824_1858-1898.docx,95,rId99,word/media/image95.png,raw/fs_0095.png,PNG,1690,1361,RGB,2401965,866b3559a4d943dc3918709c4b76a9b12d949e752b84bf3fd6633a21078089ab,2204306,e7f5bb826b167935612a071d15bb15d8b21ce6365b9255a0ad235f7458566a4c,2688,0,2688,0,True,,analysis/fs_0095_analysis.png,1482764,9f3a57425248350bdd6407a222e17ed40f629da8e14d2309f0c6ed947b2e35df,thumbnails/fs_0095.jpg,36184,86ef5b08198bec7b8fb7c40393eae74aa4ae21b21f85cac77025471aabbf5b8e,dlstupka/hth-baptisms-san-antonio-1788-1824--1858-1898,61efff529fb7330a92f8d423c40c45bc60bb841c,dlstupka/hth,4b88d0aead2931a9d8a127afbd852f196d6b51ec,,,,,,,,,,not_reviewed,,
96,Baptisms_San_Antonio_Baptism_Records_1788-1824_1858-1898.docx,96,rId100,word/media/image96.png,raw/fs_0096.png,PNG,1498,1361,RGB,1808840,c31c0d6c68cca30223ed9cbf67cb32c1ac3b6db820a85f4e97aae731e1bf142d,1674931,1b5cee309987a29eebd5d5d8afb3578a8afed9e03f1e536a933f564468f05568,8064,0,8064,0,True,,analysis/fs_0096_analysis.png,1127085,48ffabb0c992b2f524fdf06d570ece8c273cb4fd8b490a00e3ff9c980249304e,thumbnails/fs_0096.jpg,29017,b26dc823735fd1e2bd86a1a35b073f165f95450b2039176a1b6e2673c6f6a355,dlstupka/hth-baptisms-san-antonio-1788-1824--1858-1898,61efff529fb7330a92f8d423c40c45bc60bb841c,dlstupka/hth,4b88d0aead2931a9d8a127afbd852f196d6b51ec,,,,,,,,,,not_reviewed,,
97,Baptisms_San_Antonio_Baptism_Records_1788-1824_1858-1898.docx,97,rId101,word/media/image97.png,raw/fs_0097.png,PNG,1259,1361,RGB,1496211,ad7247af2cb0b68a756ed8b94234ef3d13d7129d1c4fa3f62add66831a4da654,1402809,64e3377fbbee01c51292b7e8f0d425b50bacc2c4080a86a8837f552b716661ec,14413,0,15100,0,True,,analysis/fs_0097_analysis.png,920074,1924cc45de81e50212293daf718756eb06ffe0ea2fa57c07d7dbb33e0caa9dba,thumbnails/fs_0097.jpg,24776,546950940e766f445106d29d08ee52bad3130cd87b933bb12155b992c72250e9,dlstupka/hth-baptisms-san-antonio-1788-1824--1858-1898,61efff529fb7330a92f8d423c40c45bc60bb841c,dlstupka/hth,4b88d0aead2931a9d8a127afbd852f196d6b51ec,,,,,,,,,,not_reviewed,,
98,Baptisms_San_Antonio_Baptism_Records_1788-1824_1858-1898.docx,98,rId102,word/media/image98.png,raw/fs_0098.png,PNG,1594,1361,RGB,2245369,628f3a346519f0edae750538598230538dd00a4f7a96e4fa09d73fc5ff910fe0,1926414,c1e9575efda85ee14e342132a787c42b103000fd824271fbbb3dd309799a2769,5376,0,5376,0,True,,analysis/fs_0098_analysis.png,1264658,a2b2f6f9a97fd54afd7da5e19c562c05c9caed9b728263cf8426d47f5ae0bec6,thumbnails/fs_0098.jpg,31782,606d79bd95703d5f43af3c1987acd9837a050220f6b031e9e72bec0cdd82f792,dlstupka/hth-baptisms-san-antonio-1788-1824--1858-1898,61efff529fb7330a92f8d423c40c45bc60bb841c,dlstupka/hth,4b88d0aead2931a9d8a127afbd852f196d6b51ec,,,,,,,,,,not_reviewed,,
99,Baptisms_San_Antonio_Baptism_Records_1788-1824_1858-1898.docx,99,rId103,word/media/image99.png,raw/fs_0099.png,PNG,1594,1361,RGB,2580194,83b6172a48210f22704d41b6f8eb23f2134a206bcb56d60f926d1a6004e3016d,2112234,8680b7182a2d60fce6411a6256bb5edf5040ffda3eecfcb9fd967fb40d8b8240,2688,0,8064,0,True,,analysis/fs_0099_analysis.png,1364013,88d97640905085ee38199a8509f5062824fb514334aaa9dedcd36e19faf51ace,thumbnails/fs_0099.jpg,43546,10c4cf280a82dce414fb3c83922981a6b7a8470ad14fac06acb8930c7c28b428,dlstupka/hth-baptisms-san-antonio-1788-1824--1858-1898,61efff529fb7330a92f8d423c40c45bc60bb841c,dlstupka/hth,4b88d0aead2931a9d8a127afbd852f196d6b51ec,,,,,,,,,,not_reviewed,,
100,Baptisms_San_Antonio_Baptism_Records_1788-1824_1858-1898.docx,100,rId104,word/media/image100.png,raw/fs_0100.png,PNG,1594,1361,RGB,2773207,da1e308b7a04d32b8953833028bc8f8cf6d8fc2be34dbb77ea36e46582ccb64f,2219509,0e337fafc6534ef5246ea8c731ea2c7d2be373f875dfc491615382c81df5c434,5376,0,5376,0,True,,analysis/fs_0100_analysis.png,1488462,a728aea5a23b4fb594905bf39efb74607d2f553fc63ad46cc168b30e90982361,thumbnails/fs_0100.jpg,46877,78b77383e1cb2277cb2e0227c620ade57005a9b31c90168bc3c124988c9aefbc,dlstupka/hth-baptisms-san-antonio-1788-1824--1858-1898,61efff529fb7330a92f8d423c40c45bc60bb841c,dlstupka/hth,4b88d0aead2931a9d8a127afbd852f196d6b51ec,,,,,,,,,,not_reviewed,,
101,Baptisms_San_Antonio_Baptism_Records_1788-1824_1858-1898.docx,101,rId105,word/media/image101.png,raw/fs_0101.png,PNG,1594,1361,RGB,2629517,44827f741f88a026189198c12086a8b72e9da0f1bcc3be0073858ce81dbd67d9,2105281,e9cdeee14a5873506ad1aafcbc71afb6aaa2f31f81eb23852cdc52ce0be569d6,5376,0,5376,0,True,,analysis/fs_0101_analysis.png,1401816,25bf1beb4919f5d8b8fd9dc9b3e5c7046e935b5e87b29d5bd91b631220287bac,thumbnails/fs_0101.jpg,44188,0af0037f8f192699f874703184b2062affee96d3739722d345b0bdf068de4e8f,dlstupka/hth-baptisms-san-antonio-1788-1824--1858-1898,61efff529fb7330a92f8d423c40c45bc60bb841c,dlstupka/hth,4b88d0aead2931a9d8a127afbd852f196d6b51ec,,,,,,,,,,not_reviewed,,
102,Baptisms_San_Antonio_Baptism_Records_1788-1824_1858-1898.docx,102,rId106,word/media/image102.png,raw/fs_0102.png,PNG,1594,1361,RGB,2560076,5a1418690bb420fe743b947f255887caf5cd46b8ee846599ec41e4d23106a3aa,2064994,527795349f9cde5f11487e104e24e1f4a49aade6a406afc125b40365a0502f03,5376,0,5376,0,True,,analysis/fs_0102_analysis.png,1382498,ca63c7e63bdfefb9e114530de4c8706633d471d404a39d3c4489a03a2fccaa8b,thumbnails/fs_0102.jpg,42535,3dd9f25ef94441396c9574258b48aefcc448a31575a0b1c0e60fa82137081c7e,dlstupka/hth-baptisms-san-antonio-1788-1824--1858-1898,61efff529fb7330a92f8d423c40c45bc60bb841c,dlstupka/hth,4b88d0aead2931a9d8a127afbd852f196d6b51ec,,,,,,,,,,not_reviewed,,
103,Baptisms_San_Antonio_Baptism_Records_1788-1824_1858-1898.docx,103,rId107,word/media/image103.png,raw/fs_0103.png,PNG,1594,1361,RGB,2659995,0ee23e30fa45a40feaccfeb104bf424d82f9167d32d6fc16078e93fa53038700,2146515,88a02456918b1f44309d34748e4effb6d7df0979a7185d260508bc485b0ecd53,5376,0,5376,0,True,,analysis/fs_0103_analysis.png,1432493,ad7af93e1185cabe0fe24d1810a20b447099298192acae6925a65beb50e3e8eb,thumbnails/fs_0103.jpg,44987,3d1ab130831235371abe694a51044adfaf1fe1e96eff79b3996fed7c1b2ff920,dlstupka/hth-baptisms-san-antonio-1788-1824--1858-1898,61efff529fb7330a92f8d423c40c45bc60bb841c,dlstupka/hth,4b88d0aead2931a9d8a127afbd852f196d6b51ec,,,,,,,,,,not_reviewed,,
104,Baptisms_San_Antonio_Baptism_Records_1788-1824_1858-1898.docx,104,rId108,word/media/image104.png,raw/fs_0104.png,PNG,1594,1361,RGB,2665689,878cac41ca0c40e398e5f56b1a6fbebfb0163fef2b7402129b7026c44d6e2278,2166743,462f8f5752245663d61e4be2320c6d77ce4461e54fb5dd32bdb8c53b20366638,5376,0,5376,0,True,,analysis/fs_0104_analysis.png,1445565,5edcb6797af86ac63f6e8103044ac688cb3c427015d0b2cc6c07c18747602d38,thumbnails/fs_0104.jpg,45209,6a3f2d283c5843f77c893459e2da7e13e73df368fd4a5a1eca0304894dd022cf,dlstupka/hth-baptisms-san-antonio-1788-1824--1858-1898,61efff529fb7330a92f8d423c40c45bc60bb841c,dlstupka/hth,4b88d0aead2931a9d8a127afbd852f196d6b51ec,,,,,,,,,,not_reviewed,,
105,Baptisms_San_Antonio_Baptism_Records_1788-1824_1858-1898.docx,105,rId109,word/media/image105.png,raw/fs_0105.png,PNG,1594,1361,RGB,2753681,2f368fcfaa1c47d05667f1ac1aa83ef370aaf09ba5816ad9bc3cc73c47bbacb8,2214584,6abec9d1172a33b378553f3ad4b255809c8831b6c08bf87df7cb6de13682f7bf,5376,0,5376,0,True,,analysis/fs_0105_analysis.png,1481206,05e96808d2ae1ade0a180934b9eaed817b9d97535a3bd14bc01d864d5fd4a25d,thumbnails/fs_0105.jpg,46943,7ce9402d88fb07b98d6e71eb392906e2c787d83c48c5ff193c8bbbb1f06c0450,dlstupka/hth-baptisms-san-antonio-1788-1824--1858-1898,61efff529fb7330a92f8d423c40c45bc60bb841c,dlstupka/hth,4b88d0aead2931a9d8a127afbd852f196d6b51ec,,,,,,,,,,not_reviewed,,
106,Baptisms_San_Antonio_Baptism_Records_1788-1824_1858-1898.docx,106,rId110,word/media/image106.png,raw/fs_0106.png,PNG,1594,1361,RGB,2594525,5db6de6ce3f6a3cd7c147d286ba725024ddcea255f79f64b1f82d52b6b7b8326,2128237,a86f14d2ded0c11101984770dfae4b84f7cd149df9231ea2f905bfa53c712c25,5376,0,5376,0,True,,analysis/fs_0106_analysis.png,1405880,9fc36899124f5170ec28039d01b5eeea207539ce03716f17357efc5b5e7537c9,thumbnails/fs_0106.jpg,44897,f6cd2be343858cb0aaf17532a4c43e5c273a4007f0bdce337462b5800ef21cac,dlstupka/hth-baptisms-san-antonio-1788-1824--1858-1898,61efff529fb7330a92f8d423c40c45bc60bb841c,dlstupka/hth,4b88d0aead2931a9d8a127afbd852f196d6b51ec,,,,,,,,,,not_reviewed,,
107,Baptisms_San_Antonio_Baptism_Records_1788-1824_1858-1898.docx,107,rId111,word/media/image107.png,raw/fs_0107.png,PNG,1594,1361,RGB,2503860,92f780e1c0c999d13f5628a1e6635f5a8d8f7ed32873396a3bd70c6056138197,2021637,992b08a061516759435dcb7cc9fc0a7a94d8aea45170fab20617a62c811a097f,5376,0,5376,0,True,,analysis/fs_0107_analysis.png,1352930,7be6a0800f96f545e082d750350bc0bf6e3112fa913de5d97d153de2eab9547e,thumbnails/fs_0107.jpg,41942,7f93ea2407b62d4c2639da47b50a06368e1b7002b726e5d0f5e33e7d7ac2db5e,dlstupka/hth-baptisms-san-antonio-1788-1824--1858-1898,61efff529fb7330a92f8d423c40c45bc60bb841c,dlstupka/hth,4b88d0aead2931a9d8a127afbd852f196d6b51ec,,,,,,,,,,not_reviewed,,
108,Baptisms_San_Antonio_Baptism_Records_1788-1824_1858-1898.docx,108,rId112,word/media/image108.png,raw/fs_0108.png,PNG,1546,1361,RGB,2449356,874fbb4442b6d7f3cf9dfacb01cd73fe2d41105daffc60b0cbe3af2d04d1c399,2010937,1e27b012f74e754d877f8a56999bbe8255e9c7f89f905821907bf2ef57883548,5376,0,8064,0,True,,analysis/fs_0108_analysis.png,1338943,6068640c674772bbee1c8fec76d35d62f72d43064c63254733251b685ed8a775,thumbnails/fs_0108.jpg,41043,27d63c0fe2daff76b557d5d417c88b1852aa1ccc882e2bfbcb473d261a4674e2,dlstupka/hth-baptisms-san-antonio-1788-1824--1858-1898,61efff529fb7330a92f8d423c40c45bc60bb841c,dlstupka/hth,4b88d0aead2931a9d8a127afbd852f196d6b51ec,,,,,,,,,,not_reviewed,,
109,Baptisms_San_Antonio_Baptism_Records_1788-1824_1858-1898.docx,109,rId113,word/media/image109.png,raw/fs_0109.png,PNG,1546,1361,RGB,2497610,6b361017fb0f0ece49d3b25239699f2ca43b9c0f6639b54481ea5122ff30c455,2019010,a43cf85e59fc1ae9f19e585bb18257336305f920b918469a89235261a3b739d0,8064,0,5376,0,True,,analysis/fs_0109_analysis.png,1349750,8084f4f4f7382258b1548846f19aa724c6acc0c2ed14cd0f72615b053bcf25b1,thumbnails/fs_0109.jpg,41970,15da93d937e206e94a43e660493979e348760582ef921c426f6b727d297c883b,dlstupka/hth-baptisms-san-antonio-1788-1824--1858-1898,61efff529fb7330a92f8d423c40c45bc60bb841c,dlstupka/hth,4b88d0aead2931a9d8a127afbd852f196d6b51ec,,,,,,,,,,not_reviewed,,
110,Baptisms_San_Antonio_Baptism_Records_1788-1824_1858-1898.docx,110,rId114,word/media/image110.png,raw/fs_0110.png,PNG,1546,1361,RGB,2402776,dbd996f3de43c71b475e90559b5e65719ef006f0872a84d6df389826139b8952,2001269,92bbc9fbe9f3e1a979df295fa237ad28bcef2f3d0f2078f184689861da711936,2688,0,10752,0,True,,analysis/fs_0110_analysis.png,1300983,77343aec2e0dd5a10d4b967f9a36cb14968ffc2107b7ce2316ce0d986e5d5009,thumbnails/fs_0110.jpg,39919,d87bf1bd7e06a1ca08803ff8429590a4ed35b9174cfd8249080b4c35b008ed58,dlstupka/hth-baptisms-san-antonio-1788-1824--1858-1898,61efff529fb7330a92f8d423c40c45bc60bb841c,dlstupka/hth,4b88d0aead2931a9d8a127afbd852f196d6b51ec,,,,,,,,,,not_reviewed,,
111,Baptisms_San_Antonio_Baptism_Records_1788-1824_1858-1898.docx,111,rId115,word/media/image111.png,raw/fs_0111.png,PNG,1546,1361,RGB,2467438,9b2dec504da1e857811c4e15f5d21a395d9c3fb51bf904fa06ee803a5f6dd52e,2033551,2079c04227ade04c8c35741f71f23cb4994dfb2327cc13f30c1201eafc8f1c39,5376,0,8064,0,True,,analysis/fs_0111_analysis.png,1350751,026837c36bd8a479e31fc5f280d4d15b5ec0d16b91310c97d8ee7042c41dacb5,thumbnails/fs_0111.jpg,40887,997e5df55c91d22fc8142126f73a1a7f25cd6069a680b893f100f492381fc7d0,dlstupka/hth-baptisms-san-antonio-1788-1824--1858-1898,61efff529fb7330a92f8d423c40c45bc60bb841c,dlstupka/hth,4b88d0aead2931a9d8a127afbd852f196d6b51ec,,,,,,,,,,not_reviewed,,
112,Baptisms_San_Antonio_Baptism_Records_1788-1824_1858-1898.docx,112,rId116,word/media/image112.png,raw/fs_0112.png,PNG,1594,1361,RGB,2501097,ab3d3551456986e7b07e783c9b0aad4af521647ded30ee597e3f5c1dc4c4bb18,2062436,4f58f5e2dd332263af8bba374556fb05b043a42fc2eaea7900aab26bd88def35,5376,0,5376,0,True,,analysis/fs_0112_analysis.png,1373658,69f579b9ff1a8366df13b442bff20e9733e7b4f553a372ad47c37a0c20f8492f,thumbnails/fs_0112.jpg,42700,ed634d827b4ab7809d614a45e9ce96a0769790f84cf8fcea5252b72086017d41,dlstupka/hth-baptisms-san-antonio-1788-1824--1858-1898,61efff529fb7330a92f8d423c40c45bc60bb841c,dlstupka/hth,4b88d0aead2931a9d8a127afbd852f196d6b51ec,,,,,,,,,,not_reviewed,,
113,Baptisms_San_Antonio_Baptism_Records_1788-1824_1858-1898.docx,113,rId117,word/media/image113.png,raw/fs_0113.png,PNG,1642,1361,RGB,2734689,7caaaaa375a50f0ce18462c1751f499a21ac5e48d8cf1939faed2094cb5e4d77,2207131,53e13a9d3a88958f4247859b2bda4462ab840be98150a4cfad3ac0c57c496430,2688,0,5376,0,True,,analysis/fs_0113_analysis.png,1488413,172656a521ef8ce4dc2b77560b8f6227c63e28a83c26036a10e737799755d4b0,thumbnails/fs_0113.jpg,47870,5ba9ac7e332e99e6364c3f1f3e15bc8de600324dabe622944c41b9f8da798cec,dlstupka/hth-baptisms-san-antonio-1788-1824--1858-1898,61efff529fb7330a92f8d423c40c45bc60bb841c,dlstupka/hth,4b88d0aead2931a9d8a127afbd852f196d6b51ec,,,,,,,,,,not_reviewed,,
114,Baptisms_San_Antonio_Baptism_Records_1788-1824_1858-1898.docx,114,rId118,word/media/image114.png,raw/fs_0114.png,PNG,1642,1361,RGB,2771534,b8d240669ec3b886262ef0218c84dce148a8e87b88ad020ce1f8e354d0e54707,2223244,2a1cdcb944cbc241d07eb88e96787ebecbbcbcc545e2df2abaeba40a5a8f9cfb,2688,0,5376,0,True,,analysis/fs_0114_analysis.png,1497233,d93622a244c1dbebb0b13baa6aea38833f713f456603405a9d2967b1fb765be7,thumbnails/fs_0114.jpg,47430,5a6f1b555d267616fcedb80956bb5aea39608b2a948117c6eeebcc1c46736082,dlstupka/hth-baptisms-san-antonio-1788-1824--1858-1898,61efff529fb7330a92f8d423c40c45bc60bb841c,dlstupka/hth,4b88d0aead2931a9d8a127afbd852f196d6b51ec,,,,,,,,,,not_reviewed,,
115,Baptisms_San_Antonio_Baptism_Records_1788-1824_1858-1898.docx,115,rId119,word/media/image115.png,raw/fs_0115.png,PNG,1642,1361,RGB,2604121,11a418efde3fc7b48879cea9bfdda72bf2e031c48dad00ce317664ed76d33e0e,2136661,2dbdf7c02407ba3af829c28f1dd135236456bc5663c69af85512e73688e57158,2688,0,5376,0,True,,analysis/fs_0115_analysis.png,1433395,b7021597de58e2c1fb8a56413399343f36373188e36626b675dd7f2ffc2eea1e,thumbnails/fs_0115.jpg,43140,996ce05e8196690d26c68de56d4f6a979f57a0468003c46153a8c17a986fd830,dlstupka/hth-baptisms-san-antonio-1788-1824--1858-1898,61efff529fb7330a92f8d423c40c45bc60bb841c,dlstupka/hth,4b88d0aead2931a9d8a127afbd852f196d6b51ec,,,,,,,,,,not_reviewed,,
116,Baptisms_San_Antonio_Baptism_Records_1788-1824_1858-1898.docx,116,rId120,word/media/image116.png,raw/fs_0116.png,PNG,1601,1361,RGB,2672560,a8d7c6e04d2de9b22fc636121e86d0ebaaa58c23abab02b0de710e806fe79453,2203180,1fd0216a859611a557cb3be2248a61d567eef9b46ecb8c45f8559e5c334f8676,6488,0,3837,0,True,,analysis/fs_0116_analysis.png,1474369,a20f658fb58b112112ff2233becce1254b0bd2d62b093239a0aaaa8814f126d5,thumbnails/fs_0116.jpg,48284,679c590bfb3c3ad5aa5af529ad6f4d6cce5b491920cea7a07d1bc3ff31c4ba86,dlstupka/hth-baptisms-san-antonio-1788-1824--1858-1898,61efff529fb7330a92f8d423c40c45bc60bb841c,dlstupka/hth,4b88d0aead2931a9d8a127afbd852f196d6b51ec,,,,,,,,,,not_reviewed,,
117,Baptisms_San_Antonio_Baptism_Records_1788-1824_1858-1898.docx,117,rId121,word/media/image117.png,raw/fs_0117.png,PNG,1642,1361,RGB,2651032,2637e6c20199d08dad969c1dff2f27a150d12d7196e4f31dcb74ebae36949e9c,2143541,cb2bece9fc78365d55520108b294131c6849c3abd68e12ee78f45c3f2911156a,2688,0,5376,0,True,,analysis/fs_0117_analysis.png,1450343,79ae1649d24800aada5925ee66a78786ea039abb2885670915548b112fb6da0c,thumbnails/fs_0117.jpg,47359,309e26e4097e6ec4b99d86b7c71e990314fda79062c986b4293c0ae91d009de9,dlstupka/hth-baptisms-san-antonio-1788-1824--1858-1898,61efff529fb7330a92f8d423c40c45bc60bb841c,dlstupka/hth,4b88d0aead2931a9d8a127afbd852f196d6b51ec,,,,,,,,,,not_reviewed,,
118,Baptisms_San_Antonio_Baptism_Records_1788-1824_1858-1898.docx,118,rId122,word/media/image118.png,raw/fs_0118.png,PNG,1546,1361,RGB,2512592,6b89f21b4cf8d3e0e1f2a1dc7a71fb73850fa976c928875ee75a9fa04769e517,2074836,d5b12ca934d5508e7692d6f11c6e2a7855e1c15c4fcbcfc48ad93f084e079196,5376,0,8064,0,True,,analysis/fs_0118_analysis.png,1376849,cb4f63553be7d760677155a67e1ecd8b8d07aa537c4e895c9ab8a4de769fd545,thumbnails/fs_0118.jpg,42943,7e81b5ebf8157365254b4e42b02fc1d59008a95bcaf4a8ea3c0770e8b7752360,dlstupka/hth-baptisms-san-antonio-1788-1824--1858-1898,61efff529fb7330a92f8d423c40c45bc60bb841c,dlstupka/hth,4b88d0aead2931a9d8a127afbd852f196d6b51ec,,,,,,,,,,not_reviewed,,
119,Baptisms_San_Antonio_Baptism_Records_1788-1824_1858-1898.docx,119,rId123,word/media/image119.png,raw/fs_0119.png,PNG,1546,1361,RGB,2492799,da14c3e96e157d17b59fedaaee0598b1dd536c4e24ab4f07e846fe5c06074ccf,2098348,311e5976a1df11b6d5e6b1069f00d2e4919a33193508884506cb5f6b9216acc5,2688,0,10752,0,True,,analysis/fs_0119_analysis.png,1356157,6da30fe615db976388d03fee168dce705b767a508f81313c5ac11c6ace9dda84,thumbnails/fs_0119.jpg,41750,3fc38c83fe8921bc038682e8e4ea42fd0ee946235c495ca95e3840c41b507c7a,dlstupka/hth-baptisms-san-antonio-1788-1824--1858-1898,61efff529fb7330a92f8d423c40c45bc60bb841c,dlstupka/hth,4b88d0aead2931a9d8a127afbd852f196d6b51ec,,,,,,,,,,not_reviewed,,
120,Baptisms_San_Antonio_Baptism_Records_1788-1824_1858-1898.docx,120,rId124,word/media/image120.png,raw/fs_0120.png,PNG,1594,1361,RGB,2548982,ab74976e136ec0ab192ec73ea863fc8a86a53e9cba022b0d401af1ccf9e9ecc9,2092915,b1f68498ef26818c66aa5b955ba30cf596e0eeb2c2f13329d0451a263eaa6696,5376,0,5376,0,True,,analysis/fs_0120_analysis.png,1401667,08bfc434a54f20343e38787953a4f8522101b31384e337eb2d9c251897b668fa,thumbnails/fs_0120.jpg,45907,a44f494ee83d9124484c99f90518651386ce755a7553c3fd003dddffb192b4eb,dlstupka/hth-baptisms-san-antonio-1788-1824--1858-1898,61efff529fb7330a92f8d423c40c45bc60bb841c,dlstupka/hth,4b88d0aead2931a9d8a127afbd852f196d6b51ec,,,,,,,,,,not_reviewed,,
121,Baptisms_San_Antonio_Baptism_Records_1788-1824_1858-1898.docx,121,rId125,word/media/image121.png,raw/fs_0121.png,PNG,1546,1361,RGB,2498766,4ec6387f77f4d55a9f2f63da16230efd87e6e8959e554a3ca7e0df2a0671e8c6,2045306,b5490c43b2c705e69d19d5b431704c19456308be1992a9314d9914da563ec3ea,8064,0,5376,0,True,,analysis/fs_0121_analysis.png,1357515,95bc43a9f0ac1e4f51d8c33bb33e52aa10400b589801178625edb943323bb98e,thumbnails/fs_0121.jpg,42456,7dddf28fc02d0408449b116dba7447489fb9ca08d58e643b3be043a1145aa806,dlstupka/hth-baptisms-san-antonio-1788-1824--1858-1898,61efff529fb7330a92f8d423c40c45bc60bb841c,dlstupka/hth,4b88d0aead2931a9d8a127afbd852f196d6b51ec,,,,,,,,,,not_reviewed,,
122,Baptisms_San_Antonio_Baptism_Records_1788-1824_1858-1898.docx,122,rId126,word/media/image122.png,raw/fs_0122.png,PNG,1594,1361,RGB,2364216,7cffc9715430c52cb06127749d7b2e39eca204ec51a123e93583a3611286c397,1981353,2f93105bb72e350b3baa4f5fba7d7d94f5b2c252bd93720fcb81ce4b87dd749d,5376,0,5376,0,True,,analysis/fs_0122_analysis.png,1321193,725862b561b4aca0819d251e6b7fe881b99bfc14b388f4d9c82cb38d90b0d628,thumbnails/fs_0122.jpg,40496,6ab175d43a958e886f064820ff48cf83c2bd6dd7703651290fe631bf33b9e38a,dlstupka/hth-baptisms-san-antonio-1788-1824--1858-1898,61efff529fb7330a92f8d423c40c45bc60bb841c,dlstupka/hth,4b88d0aead2931a9d8a127afbd852f196d6b51ec,,,,,,,,,,not_reviewed,,
123,Baptisms_San_Antonio_Baptism_Records_1788-1824_1858-1898.docx,123,rId127,word/media/image123.png,raw/fs_0123.png,PNG,1546,1361,RGB,2385594,4e5e15cebc127c130a3a9959dd46e07dd4e193394d28405fe2b25d68272bce47,2061115,d3ccfa19150c43aeb4f68dc01f2333769f029c9859eedffa7ac32cce7253d610,2688,0,10752,0,True,,analysis/fs_0123_analysis.png,1328913,31c020312655b6ae34853c3b6300db7ae69db36fd076d9ec27a6ce5bc48d2a97,thumbnails/fs_0123.jpg,39868,c172142d5cb9d36dea348c65125e9c4392f78ec04cdad828fe4e2298b73962e1,dlstupka/hth-baptisms-san-antonio-1788-1824--1858-1898,61efff529fb7330a92f8d423c40c45bc60bb841c,dlstupka/hth,4b88d0aead2931a9d8a127afbd852f196d6b51ec,,,,,,,,,,not_reviewed,,
124,Baptisms_San_Antonio_Baptism_Records_1788-1824_1858-1898.docx,124,rId128,word/media/image124.png,raw/fs_0124.png,PNG,1498,1361,RGB,2412401,ba5f2b4a01e7b344d58a9e5c98a02d003fe96c6efe71e994f2aec0dc93c454cf,1999535,2b63ee8303c226d2572d6f23dbd0f34e9f41d63980adc6dd5fb3fec6b925b5ef,8064,0,8064,0,True,,analysis/fs_0124_analysis.png,1328605,6ed2a53a4a0209b8182cf294783daab28ce136dc0373da0f9edb8ca6fe2db8ee,thumbnails/fs_0124.jpg,40464,ce06e79156d6d1d28ec36766bbeaef30c412098364689983cdb4603496b1cad8,dlstupka/hth-baptisms-san-antonio-1788-1824--1858-1898,61efff529fb7330a92f8d423c40c45bc60bb841c,dlstupka/hth,4b88d0aead2931a9d8a127afbd852f196d6b51ec,,,,,,,,,,not_reviewed,,
125,Baptisms_San_Antonio_Baptism_Records_1788-1824_1858-1898.docx,125,rId129,word/media/image125.png,raw/fs_0125.png,PNG,1594,1361,RGB,2552635,fc3b393bcd92cf684dbb1f5d875369ac11cd2a35828fcec8f226f9df95fc9365,2076045,1c871cc018538edfcc9eb397e933172fb48d0a0099ddef1ff16305a0b6ce317b,5376,0,5376,0,True,,analysis/fs_0125_analysis.png,1390234,364e6b33e6759a9508d931f73dd5f851b73b580707e76fede13592bb2aef3d63,thumbnails/fs_0125.jpg,44658,2b2713866b27b0dc84bf8a590440b3a930effd4a32e49cfdc06ea447c16a6fa5,dlstupka/hth-baptisms-san-antonio-1788-1824--1858-1898,61efff529fb7330a92f8d423c40c45bc60bb841c,dlstupka/hth,4b88d0aead2931a9d8a127afbd852f196d6b51ec,,,,,,,,,,not_reviewed,,
126,Baptisms_San_Antonio_Baptism_Records_1788-1824_1858-1898.docx,126,rId130,word/media/image126.png,raw/fs_0126.png,PNG,1594,1361,RGB,2524162,34ce8ea2a73a74ca2443cfc860bebaaddd1c4d8639b18c5c420df3a3b9420ff4,2065854,91507f1a891b1937fcad2a5a41c53c6e94ce54b0ffbaa4ebfde3dd71a0c44571,5376,0,5376,0,True,,analysis/fs_0126_analysis.png,1377598,901bdff2c47c4d633a85a2a7875e75bd92ccdb362ae3f6c11e8d2b9af63acbd8,thumbnails/fs_0126.jpg,45289,d6ade6af24a01517396344b3e9f03104e36e8664df1902bd8cbf9d7f6804c51e,dlstupka/hth-baptisms-san-antonio-1788-1824--1858-1898,61efff529fb7330a92f8d423c40c45bc60bb841c,dlstupka/hth,4b88d0aead2931a9d8a127afbd852f196d6b51ec,,,,,,,,,,not_reviewed,,
127,Baptisms_San_Antonio_Baptism_Records_1788-1824_1858-1898.docx,127,rId131,word/media/image127.png,raw/fs_0127.png,PNG,1546,1361,RGB,2418587,fc2883d67109ec9ba4e91f7108cdcbbcbcbff5490bd84ad6a3c80675e6343a13,2071674,1df156dde082d6a732bf38daa09b73eb225f675c9092b93cfc17ad87de361514,2688,0,10752,0,True,,analysis/fs_0127_analysis.png,1329112,52bb5823f49f5e5cd43127f481a2109d1e8131694fd7cfbed1b84df9c5a976b8,thumbnails/fs_0127.jpg,41788,cfe8bfb5007b9b50bb1490216e777ad2257f432dcb7f3205e56443c404638d7a,dlstupka/hth-baptisms-san-antonio-1788-1824--1858-1898,61efff529fb7330a92f8d423c40c45bc60bb841c,dlstupka/hth,4b88d0aead2931a9d8a127afbd852f196d6b51ec,,,,,,,,,,not_reviewed,,
128,Baptisms_San_Antonio_Baptism_Records_1788-1824_1858-1898.docx,128,rId132,word/media/image128.png,raw/fs_0128.png,PNG,1546,1361,RGB,2392730,8cf2ca162c7e955bb5067aa424fabe94435c5cb86d6007d8f54c25b5905a9797,2034589,1985ae76e9c951ba739771bbbdf4f0af196619e293dfefb98961d370692ba85f,2688,0,10752,0,True,,analysis/fs_0128_analysis.png,1310986,1c20b4cdfdb5574abb210d4f15928678e7091fc6b6650352b9ef2478e45f39d2,thumbnails/fs_0128.jpg,41149,d41b9099ebe2ce0665e52416b3981c6fbd546be699b16b5ba56d39ae482c3296,dlstupka/hth-baptisms-san-antonio-1788-1824--1858-1898,61efff529fb7330a92f8d423c40c45bc60bb841c,dlstupka/hth,4b88d0aead2931a9d8a127afbd852f196d6b51ec,,,,,,,,,,not_reviewed,,
129,Baptisms_San_Antonio_Baptism_Records_1788-1824_1858-1898.docx,129,rId133,word/media/image129.png,raw/fs_0129.png,PNG,1546,1361,RGB,2541080,150fc031665d808792a7bcc89507433e13fdaaa6cd5ead129edd59a3bf5bf511,2095460,6826aabe6c6149301e2ac01e28311d7ffe0690f03fd070fc4eae28ed4140555e,5376,0,8064,0,True,,analysis/fs_0129_analysis.png,1390425,5b3ff56dbd89248e1faa1cac5b0e1b8332a9cf6002b772936c421cee47107105,thumbnails/fs_0129.jpg,42390,fce267d42970cb3c04f2c951a74864c48ec44e3fb0879f76e88c53ddb29cbd42,dlstupka/hth-baptisms-san-antonio-1788-1824--1858-1898,61efff529fb7330a92f8d423c40c45bc60bb841c,dlstupka/hth,4b88d0aead2931a9d8a127afbd852f196d6b51ec,,,,,,,,,,not_reviewed,,
130,Baptisms_San_Antonio_Baptism_Records_1788-1824_1858-1898.docx,130,rId134,word/media/image130.png,raw/fs_0130.png,PNG,1642,1361,RGB,2611101,66c04671089e07f7e1d3122dcab09ad772bbc708314559a8dc4ce07866d0070f,2143460,1bd3e79c5342200aeb900d0e68a22197137be6b39b1aec5cf0d257847efda35b,2688,0,5376,0,True,,analysis/fs_0130_analysis.png,1436254,9ba896b554f3caa6e672afa489237d4a80d94525b851c47e0e1f14a113d32eb6,thumbnails/fs_0130.jpg,48460,7374bd4c4f5806a363564ec67cc1ca0f2cb66f82a7bdc1724453ecf9db14667b,dlstupka/hth-baptisms-san-antonio-1788-1824--1858-1898,61efff529fb7330a92f8d423c40c45bc60bb841c,dlstupka/hth,4b88d0aead2931a9d8a127afbd852f196d6b51ec,,,,,,,,,,not_reviewed,,
131,Baptisms_San_Antonio_Baptism_Records_1788-1824_1858-1898.docx,131,rId135,word/media/image131.png,raw/fs_0131.png,PNG,1572,1361,RGB,2471843,d2c5d46b555d04c79e3db71cb98ddfd7d5003c875c7f7cba8e0dcc34a0f5f3e8,2091551,e071611b567ba4c37677658ddc1d34ab5b2ad18676fe7fcc904dc1a9607ec2a2,1250,0,10752,0,True,,analysis/fs_0131_analysis.png,1358110,0592e0b2727ec2ec33beda2e86a33ef2a1326cd91a8abb356e73684730e27685,thumbnails/fs_0131.jpg,45174,c69440c552e904ee8f8e75052a4cf0a952368c4d9edb69f52298bfb6931532e5,dlstupka/hth-baptisms-san-antonio-1788-1824--1858-1898,61efff529fb7330a92f8d423c40c45bc60bb841c,dlstupka/hth,4b88d0aead2931a9d8a127afbd852f196d6b51ec,,,,,,,,,,not_reviewed,,
132,Baptisms_San_Antonio_Baptism_Records_1788-1824_1858-1898.docx,132,rId136,word/media/image132.png,raw/fs_0132.png,PNG,1546,1361,RGB,2411764,4a502f6a7bf923f6d2c46a8dee51bc936bf0b7f12101abfe08a4ceecbd403b5c,2067882,7f074e8e0ddede456f090cf81d11cdeff45e13a1fce7bb541bb18d548125ab28,2688,0,10752,0,True,,analysis/fs_0132_analysis.png,1328680,bc9cfd7c830898d68d719173278424c9e9ed89dc31238ae459110549a4dd6b67,thumbnails/fs_0132.jpg,43446,613492d051e49b13fedd1a1f9a494b48c669a47c6b0a3823c4c77dcc3a80afb6,dlstupka/hth-baptisms-san-antonio-1788-1824--1858-1898,61efff529fb7330a92f8d423c40c45bc60bb841c,dlstupka/hth,4b88d0aead2931a9d8a127afbd852f196d6b51ec,,,,,,,,,,not_reviewed,,
133,Baptisms_San_Antonio_Baptism_Records_1788-1824_1858-1898.docx,133,rId137,word/media/image133.png,raw/fs_0133.png,PNG,1642,1361,RGB,2555988,d05f663b66eb72a25c9db40e7c458949c4a011a91cbcc8affdab754f6f08b077,2135604,da92c4579df9d3a141605303a9768350a552e733f9900b2c0260ec38db050521,2688,0,5376,0,True,,analysis/fs_0133_analysis.png,1428410,5b1b32a88b8a48a241110f43f81ba04a3ae76ae5eaaf68ce321cf68aae5b0c9c,thumbnails/fs_0133.jpg,43469,08ba912b5ca28a8fa16b75b8e8a561e69c7dd29a4860951a350019d99b96fced,dlstupka/hth-baptisms-san-antonio-1788-1824--1858-1898,61efff529fb7330a92f8d423c40c45bc60bb841c,dlstupka/hth,4b88d0aead2931a9d8a127afbd852f196d6b51ec,,,,,,,,,,not_reviewed,,
134,Baptisms_San_Antonio_Baptism_Records_1788-1824_1858-1898.docx,134,rId138,word/media/image134.png,raw/fs_0134.png,PNG,1623,1361,RGB,2586722,c7a9aa486448387710b2a4ec4cd341057ffeca55adbb54417683f9807badbd75,2172875,56e6879f981ff0d76e32f3f3eccfacc47193a52304381326421e245706a37594,5376,0,3771,0,True,,analysis/fs_0134_analysis.png,1450491,6cbe30ef0ee72de0e640324d1dd21c1849eedb17dfc26b416d94feff0b5d2d5f,thumbnails/fs_0134.jpg,44705,9fcdbd4c3ea7aaa6471f82f9a9dc7bb5ae3342ef54477369c410b110e9e5267e,dlstupka/hth-baptisms-san-antonio-1788-1824--1858-1898,61efff529fb7330a92f8d423c40c45bc60bb841c,dlstupka/hth,4b88d0aead2931a9d8a127afbd852f196d6b51ec,,,,,,,,,,not_reviewed,,
135,Baptisms_San_Antonio_Baptism_Records_1788-1824_1858-1898.docx,135,rId139,word/media/image135.png,raw/fs_0135.png,PNG,1546,1361,RGB,2374212,2eb02165533297d82febc22a3b9946b4c0b667f345c86da572a17d5450ff066a,2063925,4ce0463cf2d0f40d3b9a389387b6a5207d8a4e685333fc033d892c7da7fbfd69,2688,0,10752,0,True,,analysis/fs_0135_analysis.png,1329073,fc16d232e45e596344b5854ecae9100d2e3a3de0534e842b69d04332a30a7a26,thumbnails/fs_0135.jpg,41703,0ba81d01b8dacd8babf7a1d7f66e9c9aefd37965b17059793d53ba5f14c05991,dlstupka/hth-baptisms-san-antonio-1788-1824--1858-1898,61efff529fb7330a92f8d423c40c45bc60bb841c,dlstupka/hth,4b88d0aead2931a9d8a127afbd852f196d6b51ec,,,,,,,,,,not_reviewed,,
136,Baptisms_San_Antonio_Baptism_Records_1788-1824_1858-1898.docx,136,rId140,word/media/image136.png,raw/fs_0136.png,PNG,1642,1361,RGB,2522997,dac0b3c171af36b5ad23cc1c6acc95cc7bbabba4f57c20775f8b844f2e5ba8d7,2106395,432330a4ef50f8595be1ed9540b3861bbe6d6511312be42b30870bb4e07745d9,2688,0,5376,0,True,,analysis/fs_0136_analysis.png,1410906,3373680fe0ac294f66b1b6ca6628d61cc2c4ad643d883f17d6af43a89345b1cf,thumbnails/fs_0136.jpg,44780,b1f7994005c68366a826edfe2653e0663961cc523b1507ba820dd3f15857b8ac,dlstupka/hth-baptisms-san-antonio-1788-1824--1858-1898,61efff529fb7330a92f8d423c40c45bc60bb841c,dlstupka/hth,4b88d0aead2931a9d8a127afbd852f196d6b51ec,,,,,,,,,,not_reviewed,,
137,Baptisms_San_Antonio_Baptism_Records_1788-1824_1858-1898.docx,137,rId141,word/media/image137.png,raw/fs_0137.png,PNG,1642,1361,RGB,2392469,fd445ab560f107f8424797781b7744b33d91d525525cc6071d6cab2f3ffdd7d2,2035963,11a31253b51a87516cd4cf5b36497c6f6174706647a92eebac53c12b0ef35b3c,0,0,8064,0,True,,analysis/fs_0137_analysis.png,1329301,ac707ce68282654adaa54da37a524c1bc42b77abac017e53a74589618a1059a9,thumbnails/fs_0137.jpg,41525,99361700439f8a9770eb244f8d4df5ee55327fb432a39be01a12b4ecfe6c37a7,dlstupka/hth-baptisms-san-antonio-1788-1824--1858-1898,61efff529fb7330a92f8d423c40c45bc60bb841c,dlstupka/hth,4b88d0aead2931a9d8a127afbd852f196d6b51ec,,,,,,,,,,not_reviewed,,
138,Baptisms_San_Antonio_Baptism_Records_1788-1824_1858-1898.docx,138,rId142,word/media/image138.png,raw/fs_0138.png,PNG,1594,1361,RGB,2402794,8ffccadca6c46a5aa103fadf83f76e04baa74134bda4f2179584ec708376e851,2012985,5312217a741805bd762022a8f55949da46ced8edbcb0b202a347daa6eadb5116,5376,0,5376,0,True,,analysis/fs_0138_analysis.png,1341598,05cfc0178bfecae095bb2d3e6dba17eaacf69cd035238a9fb8ca5bf282e64bee,thumbnails/fs_0138.jpg,40476,efb3787bcc62422421d6075de9a8e4ee7596afe2291ec1b7579820997153fafb,dlstupka/hth-baptisms-san-antonio-1788-1824--1858-1898,61efff529fb7330a92f8d423c40c45bc60bb841c,dlstupka/hth,4b88d0aead2931a9d8a127afbd852f196d6b51ec,,,,,,,,,,not_reviewed,,
139,Baptisms_San_Antonio_Baptism_Records_1788-1824_1858-1898.docx,139,rId143,word/media/image139.png,raw/fs_0139.png,PNG,1642,1361,RGB,2415420,e4747a7ff031c4ef44924b3093fa658f2914b6aeb1ed835eef7e94240987910f,2068601,6c483a90d42fbc097c1ccadc71063e10c3400fd280ce7c4605efef2105e706b4,0,0,8064,0,True,,analysis/fs_0139_analysis.png,1350545,fc3b83d9caaef490654f2b1035fe95bb76e232412cfc86aad6af533202783775,thumbnails/fs_0139.jpg,41604,279a41c52bb970f8b54cd4c01dbb3d05035a31ead48826c6af0b82abf8a55b4c,dlstupka/hth-baptisms-san-antonio-1788-1824--1858-1898,61efff529fb7330a92f8d423c40c45bc60bb841c,dlstupka/hth,4b88d0aead2931a9d8a127afbd852f196d6b51ec,,,,,,,,,,not_reviewed,,
140,Baptisms_San_Antonio_Baptism_Records_1788-1824_1858-1898.docx,140,rId144,word/media/image140.png,raw/fs_0140.png,PNG,1629,1361,RGB,2586606,8089fca829aabe78c7017d3ce2c6fa74b01ff418bf210ed372ebd31f3007e35c,2167999,91e10f8e7a52c80d15831dee936577984634f4a8e2032370bab26e6463e9445c,5376,0,3424,0,True,,analysis/fs_0140_analysis.png,1442644,b8b227ed5df41eab1a9e28c3e28e1c335438000a8698dbc059609a1d684ba46f,thumbnails/fs_0140.jpg,45584,dfdb000943b324ae3b9c92e19530e571e776b7174ee7bc0f59b2fdcea83855f0,dlstupka/hth-baptisms-san-antonio-1788-1824--1858-1898,61efff529fb7330a92f8d423c40c45bc60bb841c,dlstupka/hth,4b88d0aead2931a9d8a127afbd852f196d6b51ec,,,,,,,,,,not_reviewed,,
141,Baptisms_San_Antonio_Baptism_Records_1788-1824_1858-1898.docx,141,rId145,word/media/image141.png,raw/fs_0141.png,PNG,1594,1361,RGB,2377776,eea019953cc66e581d3fc9d960a5b5cf3a4118e4a852af0d66df8bf5e6b34d06,2000906,cf8708f1542bdfa3f031127424437d2034af356b63fab7ba2bec6acb2d996b1f,5376,0,5376,0,True,,analysis/fs_0141_analysis.png,1329754,637941c8125ede56cef132c70f096920ef85a231b9e32bb2d169f5350ebc2b9c,thumbnails/fs_0141.jpg,41108,7ec6759c0dfcff00e6596b07050fbb42fc2085b0390fed03018c4a7d3d63b8b1,dlstupka/hth-baptisms-san-antonio-1788-1824--1858-1898,61efff529fb7330a92f8d423c40c45bc60bb841c,dlstupka/hth,4b88d0aead2931a9d8a127afbd852f196d6b51ec,,,,,,,,,,not_reviewed,,
142,Baptisms_San_Antonio_Baptism_Records_1788-1824_1858-1898.docx,142,rId146,word/media/image142.png,raw/fs_0142.png,PNG,1546,1361,RGB,2342028,7d214a3d0a9911dd8dadbe95d8be6e8b589837ae824d0a1e2d9d697f7ed3ba9a,2035185,10b3fdc34eb0106339822543abebafffafee1f94c469866b030df988b59bdb41,2688,0,10752,0,True,,analysis/fs_0142_analysis.png,1304134,6c53e60b84e602068a758182b982f9633f2ad1c71c9022095cb321a2c5601a57,thumbnails/fs_0142.jpg,38418,74fdf30a15fa399f523522729aa080e031d7d71745bb9a0fcc19e6d43562ee40,dlstupka/hth-baptisms-san-antonio-1788-1824--1858-1898,61efff529fb7330a92f8d423c40c45bc60bb841c,dlstupka/hth,4b88d0aead2931a9d8a127afbd852f196d6b51ec,,,,,,,,,,not_reviewed,,
143,Baptisms_San_Antonio_Baptism_Records_1788-1824_1858-1898.docx,143,rId147,word/media/image143.png,raw/fs_0143.png,PNG,1546,1361,RGB,2354593,13999347a45ba0070c77260de17c5ae38d58dd81477c043fb9e7b8bf0e8e8376,2047572,b1cab847d795369f49bb9f8d2e737469b46dabdb24653a8b776092812ada31ca,2688,0,10752,0,True,,analysis/fs_0143_analysis.png,1311531,70398d08b82759ee632a9fe6682f0069d9449a703fddb94c6d1824a31c9cdc79,thumbnails/fs_0143.jpg,40368,b8c97d44050e4d2f3a3b4e092525ff0a081f694a2c413b7245b1560145d44ebb,dlstupka/hth-baptisms-san-antonio-1788-1824--1858-1898,61efff529fb7330a92f8d423c40c45bc60bb841c,dlstupka/hth,4b88d0aead2931a9d8a127afbd852f196d6b51ec,,,,,,,,,,not_reviewed,,
144,Baptisms_San_Antonio_Baptism_Records_1788-1824_1858-1898.docx,144,rId148,word/media/image144.png,raw/fs_0144.png,PNG,1546,1361,RGB,2399186,8b16edabccf11e5960faae66d30a7ca0917afd5f0d4d2d2dbf027ddfa37ec01e,2032936,c3b0c304c7619879ecdd7f107c2ff97425aff6ed061364992d2eaab15e210656,5376,0,8064,0,True,,analysis/fs_0144_analysis.png,1335680,4df837bc4b4d423a7c111f43aa5bcf0df496ffdbeaba32c9a5d8af7bfc68e460,thumbnails/fs_0144.jpg,40794,18a74f9798c7e121d280552af72f8d2b1d2357405a0ae0915fce88a9cd7c57aa,dlstupka/hth-baptisms-san-antonio-1788-1824--1858-1898,61efff529fb7330a92f8d423c40c45bc60bb841c,dlstupka/hth,4b88d0aead2931a9d8a127afbd852f196d6b51ec,,,,,,,,,,not_reviewed,,
145,Baptisms_San_Antonio_Baptism_Records_1788-1824_1858-1898.docx,145,rId149,word/media/image145.png,raw/fs_0145.png,PNG,1594,1361,RGB,2495317,2ba6f9656a152eb7e58d3983017584e961ced055bd68016eeb29ec53c49203f8,2122728,f8d0f52c98d33286088a8314a0998827a72753fbd8df7822c5a162b15e940392,2688,0,8064,0,True,,analysis/fs_0145_analysis.png,1378148,a92997e61523ea6efe9deb2997f543c6fd7856b21159b7c90c0df4312cb1887d,thumbnails/fs_0145.jpg,44325,d8cb8631213a1a16a3c006723cb7bae5b53832a5cf8edfdcb318e50158bb7f6b,dlstupka/hth-baptisms-san-antonio-1788-1824--1858-1898,61efff529fb7330a92f8d423c40c45bc60bb841c,dlstupka/hth,4b88d0aead2931a9d8a127afbd852f196d6b51ec,,,,,,,,,,not_reviewed,,
146,Baptisms_San_Antonio_Baptism_Records_1788-1824_1858-1898.docx,146,rId150,word/media/image146.png,raw/fs_0146.png,PNG,1642,1361,RGB,2397227,97cabf10e21b0559e659f3ec41c1b63fa89fbc27af9ef627eda185e2a51a9a77,2063678,a9d436fc010ea0f6b4b7ba7d44a01d56871087b527cd3447ca6f103011d4a662,0,0,8064,0,True,,analysis/fs_0146_analysis.png,1342363,6f1ce1957cd7aa954bd4e5208e5dcded8d2f979232836fe668cdaeaa2eebfaf5,thumbnails/fs_0146.jpg,41242,0dd69caf2144f591c6c01a191f4fb06dbd1a86807489813c39caa4d447a5088a,dlstupka/hth-baptisms-san-antonio-1788-1824--1858-1898,61efff529fb7330a92f8d423c40c45bc60bb841c,dlstupka/hth,4b88d0aead2931a9d8a127afbd852f196d6b51ec,,,,,,,,,,not_reviewed,,
147,Baptisms_San_Antonio_Baptism_Records_1788-1824_1858-1898.docx,147,rId151,word/media/image147.png,raw/fs_0147.png,PNG,1642,1361,RGB,2455096,51c12a0ec4d1b3d2336b54040779fc76963505ee1d253fbce1fe5aa96dd92cfb,2110917,c64f03685652cfe5b795dd37819be6c2f193d538c59afdc341277d90878e58db,0,0,8064,0,True,,analysis/fs_0147_analysis.png,1369457,71a139c5ba29d1c1088d7682b29549c155cd0ce59c08fe598939ea966ce606ef,thumbnails/fs_0147.jpg,43589,13def9cde05ad041557037fdbadd9626441c1d122290bd6f3f81c24ad1b93a44,dlstupka/hth-baptisms-san-antonio-1788-1824--1858-1898,61efff529fb7330a92f8d423c40c45bc60bb841c,dlstupka/hth,4b88d0aead2931a9d8a127afbd852f196d6b51ec,,,,,,,,,,not_reviewed,,
148,Baptisms_San_Antonio_Baptism_Records_1788-1824_1858-1898.docx,148,rId152,word/media/image148.png,raw/fs_0148.png,PNG,1568,1361,RGB,2471116,8e2b24b6cf869753bd5b082ebc65b932d0e97632ada92de102458c3303f907ee,2123794,d82fec3c652e528242629a7d444f340385485aa80a73a97e0c6bac50d3181454,1459,0,10752,0,True,,analysis/fs_0148_analysis.png,1367801,48ee536435a0b86bb6d72823c79ae962b7fca56f77fad9081e251110650791e2,thumbnails/fs_0148.jpg,41994,ffda4b50970a88bb338e0b9e57797ba2ec4962d010e6716a6de7211d07d1f14c,dlstupka/hth-baptisms-san-antonio-1788-1824--1858-1898,61efff529fb7330a92f8d423c40c45bc60bb841c,dlstupka/hth,4b88d0aead2931a9d8a127afbd852f196d6b51ec,,,,,,,,,,not_reviewed,,
149,Baptisms_San_Antonio_Baptism_Records_1788-1824_1858-1898.docx,149,rId153,word/media/image149.png,raw/fs_0149.png,PNG,1574,1361,RGB,2336749,f7810efa1b9a04a1f74ef8a1b358505ff153fcbc7662bcbc9b5a1158e4b03748,2035592,4cac52f1d89e4f187cc4385eda0262895f93a888752b20ea06fbe2051778c74b,1111,0,10752,0,True,,analysis/fs_0149_analysis.png,1305089,4027268a0932273f89dfa78d77699406cd0a0dfa770ced8cf54b9cb085fc8bd8,thumbnails/fs_0149.jpg,41036,d98032b9d3071644f1f2b68dea37729b117d0597c69d00d0e6da7c7e831f0c35,dlstupka/hth-baptisms-san-antonio-1788-1824--1858-1898,61efff529fb7330a92f8d423c40c45bc60bb841c,dlstupka/hth,4b88d0aead2931a9d8a127afbd852f196d6b51ec,,,,,,,,,,not_reviewed,,
150,Baptisms_San_Antonio_Baptism_Records_1788-1824_1858-1898.docx,150,rId154,word/media/image150.png,raw/fs_0150.png,PNG,1642,1361,RGB,2505870,5442c3cbef5957aa070720bf3171c3054118071ccbbaa3896f693f794d169c27,2132179,c6495796017cfe9367cc4a02463c12146b77e88e300f69e8e8f07bc0fd4d4c15,0,0,8064,0,True,,analysis/fs_0150_analysis.png,1375375,b5ea2c22f64e7287695c1a9ea5167070dcb108ee14529635060c62a96b5c5e05,thumbnails/fs_0150.jpg,43248,7b896a776047fc53ce7f641804b904095c023da4a0179704cd2c210693003d29,dlstupka/hth-baptisms-san-antonio-1788-1824--1858-1898,61efff529fb7330a92f8d423c40c45bc60bb841c,dlstupka/hth,4b88d0aead2931a9d8a127afbd852f196d6b51ec,,,,,,,,,,not_reviewed,,
151,Baptisms_San_Antonio_Baptism_Records_1788-1824_1858-1898.docx,151,rId155,word/media/image151.png,raw/fs_0151.png,PNG,1642,1361,RGB,2464532,11f3917dd43e638d2b761f1a59e77fedc984df824d775f577f1e67edf643aad6,2098383,9e24c62a9a5b6cdafba6be24630572af2778af9654859bfff5a6d95a492cefb1,0,0,8064,0,True,,analysis/fs_0151_analysis.png,1360144,65eadbd699fd9bcb23ecf0e1ab97ae0d255687bc49cac77d3e3d129bf72f0ede,thumbnails/fs_0151.jpg,42327,3fbfae6a0515b761cbfed177a323c30fa1e3b35722d0181ffab71714d52d6711,dlstupka/hth-baptisms-san-antonio-1788-1824--1858-1898,61efff529fb7330a92f8d423c40c45bc60bb841c,dlstupka/hth,4b88d0aead2931a9d8a127afbd852f196d6b51ec,,,,,,,,,,not_reviewed,,
152,Baptisms_San_Antonio_Baptism_Records_1788-1824_1858-1898.docx,152,rId156,word/media/image152.png,raw/fs_0152.png,PNG,1642,1361,RGB,2520620,f3d3ccd4dae3a1fe2319553f510242de1a3d0a8f3197d0262728460ba547d5e0,2122549,a788f96f049b9a66a5ed8f7f418cda8924823a6e69acbbd32078bada820f62e1,0,0,8064,0,True,,analysis/fs_0152_analysis.png,1386640,dd5d728dcc582028dd4c415b48a3f2ba977bff71de25c7dfd7966f3c00bf567b,thumbnails/fs_0152.jpg,44050,a1877e3973b1786534616b4ae4ce870222b9df97afe22adacc76b3a91a8ba88a,dlstupka/hth-baptisms-san-antonio-1788-1824--1858-1898,61efff529fb7330a92f8d423c40c45bc60bb841c,dlstupka/hth,4b88d0aead2931a9d8a127afbd852f196d6b51ec,,,,,,,,,,not_reviewed,,
153,Baptisms_San_Antonio_Baptism_Records_1788-1824_1858-1898.docx,153,rId157,word/media/image153.png,raw/fs_0153.png,PNG,1602,1361,RGB,2506654,0e45a706f0060c20305d529e9ab07de24b4304d151d7fb1567b31c74b73fec62,2128396,62e63f6cb6d9def58812b6c7f0b81a32d3b3ea5530a6b4b7131abaea1fa9d000,1319,0,8935,0,True,,analysis/fs_0153_analysis.png,1379253,fe8a2eca1e1efb7fbde459715bdfcadeae7cd8661cf3572d98ae1e2e2ed8d33f,thumbnails/fs_0153.jpg,42215,87a8b8ed4293fc158a40903db6b2fad4b7ad0ae5aff1a93fce2d8784083207a1,dlstupka/hth-baptisms-san-antonio-1788-1824--1858-1898,61efff529fb7330a92f8d423c40c45bc60bb841c,dlstupka/hth,4b88d0aead2931a9d8a127afbd852f196d6b51ec,,,,,,,,,,not_reviewed,,
154,Baptisms_San_Antonio_Baptism_Records_1788-1824_1858-1898.docx,154,rId158,word/media/image154.png,raw/fs_0154.png,PNG,1575,1361,RGB,2472231,2d623f02f70ca77784dc9ca93fa7c99d9db65be82745df06fe8d80edebe46501,2110281,806cd0664dc8827fe3980098b41e6aab0be4cae0308700f1c1a3964d9c816cd0,1041,0,10753,0,True,,analysis/fs_0154_analysis.png,1361399,0e935bb9d7a2c95c47b77f3bc70c5f6dabc406d0863525b1f796df192b8f0d1d,thumbnails/fs_0154.jpg,41799,aa63dd61a542293e44a4b3f13304cec0ac3319d331c7156d0697141890024b2c,dlstupka/hth-baptisms-san-antonio-1788-1824--1858-1898,61efff529fb7330a92f8d423c40c45bc60bb841c,dlstupka/hth,4b88d0aead2931a9d8a127afbd852f196d6b51ec,,,,,,,,,,not_reviewed,,
155,Baptisms_San_Antonio_Baptism_Records_1788-1824_1858-1898.docx,155,rId159,word/media/image155.png,raw/fs_0155.png,PNG,1546,1361,RGB,2420343,88b503b70a8d3a53719e138bb58ea5c818b6be00e0da409ec87e06fa2e3f813f,2099204,74b595cbf88abc7437391931f298777ce8f4bb80c7530c72abd51cad5fcd4cad,2688,0,10752,0,True,,analysis/fs_0155_analysis.png,1347564,4c8577a7d357b719277e90b2681e0dc221c1343af9152945a28f2b8841f3b53c,thumbnails/fs_0155.jpg,39800,36bcf6d414fbdd522d55e003a4d7ac785f03b5045277411e02aa394fae55e42c,dlstupka/hth-baptisms-san-antonio-1788-1824--1858-1898,61efff529fb7330a92f8d423c40c45bc60bb841c,dlstupka/hth,4b88d0aead2931a9d8a127afbd852f196d6b51ec,,,,,,,,,,not_reviewed,,
156,Baptisms_San_Antonio_Baptism_Records_1788-1824_1858-1898.docx,156,rId160,word/media/image156.png,raw/fs_0156.png,PNG,1690,1361,RGB,2749253,dd43dce13a605a71a14135c3fc7104270129e2f01e4410463c0c19e814b81b72,2275447,abdb1717bb7a2972eb0081f73555a11e0d97669eb6a8e70e6bdd400a7658c581,2688,0,2688,0,True,,analysis/fs_0156_analysis.png,1529643,b3a77ec2b38fc8e7cccacbdc19180b54a188f62ca830a278bf5f6392792caf40,thumbnails/fs_0156.jpg,47815,22c20f6d4e8f08b83fa00f9786c415845d40b86444c246c02e6ffaec39b68791,dlstupka/hth-baptisms-san-antonio-1788-1824--1858-1898,61efff529fb7330a92f8d423c40c45bc60bb841c,dlstupka/hth,4b88d0aead2931a9d8a127afbd852f196d6b51ec,,,,,,,,,,not_reviewed,,
157,Baptisms_San_Antonio_Baptism_Records_1788-1824_1858-1898.docx,157,rId161,word/media/image157.png,raw/fs_0157.png,PNG,1615,1361,RGB,2511716,e1fc8c64602fd40c036a24eb363990885bbb1092c842e1f4e5d42bdd90f83768,2099493,84ae0ac8a5370f141638a81bb8d917758654169a3b93f74fffa0181db99eed58,5376,0,4188,0,True,,analysis/fs_0157_analysis.png,1393721,dbd63512b180a3f5141e927778554b6a5391b6c903d10df37d144d8be1408ffc,thumbnails/fs_0157.jpg,43109,826516bd9220a650e1fa06e8fb7a12e07646df96039072b5da0d8528fbfe7be1,dlstupka/hth-baptisms-san-antonio-1788-1824--1858-1898,61efff529fb7330a92f8d423c40c45bc60bb841c,dlstupka/hth,4b88d0aead2931a9d8a127afbd852f196d6b51ec,,,,,,,,,,not_reviewed,,
158,Baptisms_San_Antonio_Baptism_Records_1788-1824_1858-1898.docx,158,rId162,word/media/image158.png,raw/fs_0158.png,PNG,1594,1361,RGB,2412642,de7dc17722bedd6bf015b006d7c098043fa9adc5306b4a2e09bec1bb76b92edb,2067831,e958585c273193386d7bf4e0f38aa3a12139b91b733fa05b17b9ab8a11ab2cd2,2688,0,8064,0,True,,analysis/fs_0158_analysis.png,1337377,459fcce30a55581e267f9f00fe2854f0918fd0d0456f9de1edd563165e311fbd,thumbnails/fs_0158.jpg,41412,2c139f61fe906c578f8a1ba5295e9aa88ccefc0f98896264ad2124e0eea51da2,dlstupka/hth-baptisms-san-antonio-1788-1824--1858-1898,61efff529fb7330a92f8d423c40c45bc60bb841c,dlstupka/hth,4b88d0aead2931a9d8a127afbd852f196d6b51ec,,,,,,,,,,not_reviewed,,
159,Baptisms_San_Antonio_Baptism_Records_1788-1824_1858-1898.docx,159,rId163,word/media/image159.png,raw/fs_0159.png,PNG,1594,1361,RGB,2407501,1ad2a3861dbb913863bef4e57820f57edb8e7cd33b4564cbb12ad6231bcf98b9,2065854,a4dd5e783a136c004ec1a0b2af29a8a41696ddfca160ca1f17af625ffebf26c6,2688,0,8064,0,True,,analysis/fs_0159_analysis.png,1337675,c33b58d2b95b03158288c71900911cdb7258e345a5cdb73a0e1ac89959443c90,thumbnails/fs_0159.jpg,40104,be9b742fd6d9b45aa0a9b41845c305c1f0b2ff18d1ea26d79dd228472a65922e,dlstupka/hth-baptisms-san-antonio-1788-1824--1858-1898,61efff529fb7330a92f8d423c40c45bc60bb841c,dlstupka/hth,4b88d0aead2931a9d8a127afbd852f196d6b51ec,,,,,,,,,,not_reviewed,,
160,Baptisms_San_Antonio_Baptism_Records_1788-1824_1858-1898.docx,160,rId164,word/media/image160.png,raw/fs_0160.png,PNG,1594,1361,RGB,2508137,e14753e2d5037e434b9f146e1c6626d7af413b928725745f9b0e8fc88cdab839,2081092,56a2c3aed46518920cc318effa199723525ce4151241620c990d7ea292b6c558,5376,0,5376,0,True,,analysis/fs_0160_analysis.png,1382196,9989653b3d000a3e90956701d56b3db1fa5012da888c8d6c1f1f1dc90dd44213,thumbnails/fs_0160.jpg,41810,850c91a4983d58a22952dfc29f8c237eddb144625438db9b75d741b6ba10235a,dlstupka/hth-baptisms-san-antonio-1788-1824--1858-1898,61efff529fb7330a92f8d423c40c45bc60bb841c,dlstupka/hth,4b88d0aead2931a9d8a127afbd852f196d6b51ec,,,,,,,,,,not_reviewed,,
161,Baptisms_San_Antonio_Baptism_Records_1788-1824_1858-1898.docx,161,rId165,word/media/image161.png,raw/fs_0161.png,PNG,1594,1361,RGB,2478662,2fcf4633699ef769e841c7de5c6a631bc3ad42bfbe9619e331fc9285a317eb7b,2087867,9204a7c94da7e190441f9aa05ea6a9d514ff045fdb3070c78f6e8c48234885cd,2688,0,8064,0,True,,analysis/fs_0161_analysis.png,1356119,56756b33dc33a1f20eb031861284c6b9d29e7559f156b131931f451854781542,thumbnails/fs_0161.jpg,43918,1636bb8375ab569bd476677cd1bed76c1a9afbe6d68039f7ce88a2f6533a0d23,dlstupka/hth-baptisms-san-antonio-1788-1824--1858-1898,61efff529fb7330a92f8d423c40c45bc60bb841c,dlstupka/hth,4b88d0aead2931a9d8a127afbd852f196d6b51ec,,,,,,,,,,not_reviewed,,
162,Baptisms_San_Antonio_Baptism_Records_1788-1824_1858-1898.docx,162,rId166,word/media/image162.png,raw/fs_0162.png,PNG,1594,1361,RGB,2435728,53dca7c5b83ea87edb7b12279d955502bc4e08d72396f149e4e28424c5c49797,2072458,d0c452e56178796f6e97872ba204c6fd1ed25ff7d82c443f97c738ab00d6a634,2688,0,8064,0,True,,analysis/fs_0162_analysis.png,1337416,e0b3ca6db12a200486b12f616f7a8cb9bc79701bbf8644aed20ad04a32e85930,thumbnails/fs_0162.jpg,42538,e03d18ba7668b15582438f2fc8a227ed70aa9aafb7884e2163fa7f01256b2910,dlstupka/hth-baptisms-san-antonio-1788-1824--1858-1898,61efff529fb7330a92f8d423c40c45bc60bb841c,dlstupka/hth,4b88d0aead2931a9d8a127afbd852f196d6b51ec,,,,,,,,,,not_reviewed,,
163,Baptisms_San_Antonio_Baptism_Records_1788-1824_1858-1898.docx,163,rId167,word/media/image163.png,raw/fs_0163.png,PNG,1594,1361,RGB,2539878,a405e8433513b9be4d979b430f4b2d27e4edc6896c4b938fa30f4b0afa6d2aab,2136877,a421f1840d114efdff31d96487b1c0b46ae715964ea0b4192b5b29249dd9f3b0,2688,0,8064,0,True,,analysis/fs_0163_analysis.png,1387025,d94e8eed347c61c6879280fada17cc47b11e8ed7666dd03794c2c8364fd5fd6a,thumbnails/fs_0163.jpg,45671,680b823ee79263ed89f43fb6cc8ccb4934194bb74695d18d7726b68c1713c317,dlstupka/hth-baptisms-san-antonio-1788-1824--1858-1898,61efff529fb7330a92f8d423c40c45bc60bb841c,dlstupka/hth,4b88d0aead2931a9d8a127afbd852f196d6b51ec,,,,,,,,,,not_reviewed,,
164,Baptisms_San_Antonio_Baptism_Records_1788-1824_1858-1898.docx,164,rId168,word/media/image164.png,raw/fs_0164.png,PNG,1594,1361,RGB,2496539,c38814a866c80a4d937dddc2359a5f5d624fe2860a6387ad464a13e1eb3e2dda,2079217,1d92a59f0e71c682ce78856425424e8cd9b0ab83177d9668f2ffb26188504635,5376,0,5376,0,True,,analysis/fs_0164_analysis.png,1368413,56767e99ebcedfdcbd332b2c25224ff55064af7c3cc07186ec3bc5b0d0589174,thumbnails/fs_0164.jpg,44623,33600f21f77f6afb9d1580fb76ec84df3a40b04c373d4550db527b715b057dfa,dlstupka/hth-baptisms-san-antonio-1788-1824--1858-1898,61efff529fb7330a92f8d423c40c45bc60bb841c,dlstupka/hth,4b88d0aead2931a9d8a127afbd852f196d6b51ec,,,,,,,,,,not_reviewed,,
165,Baptisms_San_Antonio_Baptism_Records_1788-1824_1858-1898.docx,165,rId169,word/media/image165.png,raw/fs_0165.png,PNG,1642,1361,RGB,2461068,2c50e65169d813ecc9cb982e694d24dd8e80aa7f337e874e23d74617759a74d1,2051793,a2164e28a3a4db2122c5df2b789bc44b3b16831cc21dcbd4fc2aa8d4cefae9dc,2688,0,5376,0,True,,analysis/fs_0165_analysis.png,1358761,10579a5806641bb651a4bfdeff7e41c73c004bd308f677feec27a4dbcf11a6ff,thumbnails/fs_0165.jpg,43780,8929569d321d0e0fa75faf540fd0b5b5ae4862cf1295e9501df2e1c98c24aabb,dlstupka/hth-baptisms-san-antonio-1788-1824--1858-1898,61efff529fb7330a92f8d423c40c45bc60bb841c,dlstupka/hth,4b88d0aead2931a9d8a127afbd852f196d6b51ec,,,,,,,,,,not_reviewed,,
166,Baptisms_San_Antonio_Baptism_Records_1788-1824_1858-1898.docx,166,rId170,word/media/image166.png,raw/fs_0166.png,PNG,1645,1361,RGB,2675420,f737764c3293b9cfd6b7bfec2ac124a48fbb0cc9e386d8b5035992d76eb9a6a9,2213446,28f2b791e502158c33f0f9997270c6c71557528d7388aa95e51f78e927f8380d,1737,0,6163,0,True,,analysis/fs_0166_analysis.png,1469640,a5d41604eb0d0df6016c46b860fb2efde23bac8243994d5d3f0455678f330a2a,thumbnails/fs_0166.jpg,46267,6444aea89ae13d8432aec7718d5f1550980a2b0f7552ac7662488b9a1ea5fdea,dlstupka/hth-baptisms-san-antonio-1788-1824--1858-1898,61efff529fb7330a92f8d423c40c45bc60bb841c,dlstupka/hth,4b88d0aead2931a9d8a127afbd852f196d6b51ec,,,,,,,,,,not_reviewed,,
167,Baptisms_San_Antonio_Baptism_Records_1788-1824_1858-1898.docx,167,rId171,word/media/image167.png,raw/fs_0167.png,PNG,1642,1361,RGB,2445580,9b3f659abf202bd9be6c4830da683e4200e86922ea946ed43de34e734edb473d,2098949,f767a03498ced45b3babe4849efcba53b8cfa3d2d5878752e59e28a44b47d181,0,0,8064,0,True,,analysis/fs_0167_analysis.png,1359265,809584e9204365c1521ea5813b2c6f48cc7a53485262c63937f31ed9040daac1,thumbnails/fs_0167.jpg,43812,22f99c1ae99805741fcc88a1c35a2a761d09d09df1f5cc592b9eda67c4244aef,dlstupka/hth-baptisms-san-antonio-1788-1824--1858-1898,61efff529fb7330a92f8d423c40c45bc60bb841c,dlstupka/hth,4b88d0aead2931a9d8a127afbd852f196d6b51ec,,,,,,,,,,not_reviewed,,
168,Baptisms_San_Antonio_Baptism_Records_1788-1824_1858-1898.docx,168,rId172,word/media/image168.png,raw/fs_0168.png,PNG,1738,1361,RGB,2667001,f3e49a73884ea9c2eab5a09cce009d80132a9b83a91dbb8f6d9c5b6a52bf14f1,2218493,0dbcff6dec110b2f4fdfd4400418a5bb23cdb0df314c36bf0dccce39241c858c,0,0,2688,0,True,,analysis/fs_0168_analysis.png,1487167,371ea65b3b77d98d99673d8c2bb57971979b1a78654fdb68c466db5e90f18a74,thumbnails/fs_0168.jpg,47171,47f9dffa1dfe0d155f07e61e38be2c8f740cc4d77bfc882cb7f1ebdf69de924e,dlstupka/hth-baptisms-san-antonio-1788-1824--1858-1898,61efff529fb7330a92f8d423c40c45bc60bb841c,dlstupka/hth,4b88d0aead2931a9d8a127afbd852f196d6b51ec,,,,,,,,,,not_reviewed,,
169,Baptisms_San_Antonio_Baptism_Records_1788-1824_1858-1898.docx,169,rId173,word/media/image169.png,raw/fs_0169.png,PNG,1599,1361,RGB,2447020,89396aea490a9f284b37bfea9a0c24228ea83341cfe637fd31a3ea810a552525,2085325,23860eb2e992944dcbeead76aa2f82698eb2fd9070a13eb12380ec2803753276,1180,0,9283,0,True,,analysis/fs_0169_analysis.png,1342359,5e19a1e72143d36a548449771103f4052f03de60e1e2440a5f051cdfdbbc871c,thumbnails/fs_0169.jpg,43480,93dabaa62b3f92f203b6bc0f1aedc01e46affe3612689667b33029ad494032b3,dlstupka/hth-baptisms-san-antonio-1788-1824--1858-1898,61efff529fb7330a92f8d423c40c45bc60bb841c,dlstupka/hth,4b88d0aead2931a9d8a127afbd852f196d6b51ec,,,,,,,,,,not_reviewed,,
170,Baptisms_San_Antonio_Baptism_Records_1788-1824_1858-1898.docx,170,rId174,word/media/image170.png,raw/fs_0170.png,PNG,1594,1361,RGB,2577105,301f106355893961d5efd3f836c4bc625754990d2f851cc3d26d514f80678147,2165271,2a22e0a84665fdd6a659e8e8a8b559586da660e6c81894ba79fcc1f59912b16b,2688,0,8064,0,True,,analysis/fs_0170_analysis.png,1395633,0c6460cb5e4d8422d48cd9aec851c99fa64c3bfb1c56e24b333cbf4efa54cdda,thumbnails/fs_0170.jpg,44647,3f5325eb73aadc3a8b060257ba41c5ef7c0707b9d57759947419353b76315ff3,dlstupka/hth-baptisms-san-antonio-1788-1824--1858-1898,61efff529fb7330a92f8d423c40c45bc60bb841c,dlstupka/hth,4b88d0aead2931a9d8a127afbd852f196d6b51ec,,,,,,,,,,not_reviewed,,
171,Baptisms_San_Antonio_Baptism_Records_1788-1824_1858-1898.docx,171,rId175,word/media/image171.png,raw/fs_0171.png,PNG,1594,1361,RGB,2507812,6e90726974ad0d6e63d7e667e31e8e60a370e06b0de29fdeedea5ca1aab5a9c9,2132580,03c9a4158859f30d8072f39193bfb38c6bd2097335a0d7c7170207bb24bee383,2688,0,8064,0,True,,analysis/fs_0171_analysis.png,1374629,8066f624bbaf78675272fc60a80024b087493aced58c3d401d2b3677af475408,thumbnails/fs_0171.jpg,44372,f7a1bc39b7f2a72d68eb27d77d03e0d059928b1feb2abedb90677bb807e577fe,dlstupka/hth-baptisms-san-antonio-1788-1824--1858-1898,61efff529fb7330a92f8d423c40c45bc60bb841c,dlstupka/hth,4b88d0aead2931a9d8a127afbd852f196d6b51ec,,,,,,,,,,not_reviewed,,
172,Baptisms_San_Antonio_Baptism_Records_1788-1824_1858-1898.docx,172,rId176,word/media/image172.png,raw/fs_0172.png,PNG,1578,1361,RGB,2457752,3f32953fffa0131e5c728016853f5c8ad1f9bc09c746b3079ddda32a695a7e3b,2049675,088e1013d33ce2504453671b1dd6cd052de077bc531dae406dcd2b12b8ca6af5,6903,0,4740,0,True,,analysis/fs_0172_analysis.png,1353880,9138c19471507b7bfbdffa1c39b4669ef4b86857468dca91f846c4144ca44dd5,thumbnails/fs_0172.jpg,44340,ad58a8027ef8a246637481d28c0c5054567dbd6be0d2a6fd6564953b4c781886,dlstupka/hth-baptisms-san-antonio-1788-1824--1858-1898,61efff529fb7330a92f8d423c40c45bc60bb841c,dlstupka/hth,4b88d0aead2931a9d8a127afbd852f196d6b51ec,,,,,,,,,,not_reviewed,,
173,Baptisms_San_Antonio_Baptism_Records_1788-1824_1858-1898.docx,173,rId177,word/media/image173.png,raw/fs_0173.png,PNG,1594,1361,RGB,2361333,9339c30ecbda640e75bed81d14b7f627c2ea28e244353165509963384f057023,2009983,59ceb09d2ca8da4123473d305e15b0439c45b6c77146cc16ef7e323012321be8,2688,0,8064,0,True,,analysis/fs_0173_analysis.png,1301995,0b7e236612f761978499d898e8450b2a5ef86ec4a7832aa6e67f019193032278,thumbnails/fs_0173.jpg,43098,b11f84a873cf5cf47f7b031738294f418fc0d2747212c235bf2daf10b87317da,dlstupka/hth-baptisms-san-antonio-1788-1824--1858-1898,61efff529fb7330a92f8d423c40c45bc60bb841c,dlstupka/hth,4b88d0aead2931a9d8a127afbd852f196d6b51ec,,,,,,,,,,not_reviewed,,
174,Baptisms_San_Antonio_Baptism_Records_1788-1824_1858-1898.docx,174,rId178,word/media/image174.png,raw/fs_0174.png,PNG,1594,1361,RGB,2394830,bdaa706f280ea1884e4e1cd7e7eb1164c7fed270c5c3e2e92a70a6b9f3b154e1,2038605,76f5b31c118f440ac5e33fa0546c0256d65de36baa37529c5d893017bae4f897,2688,0,8064,0,True,,analysis/fs_0174_analysis.png,1318103,2c873c179cd1201485e7ffe3d076246319c423cefc167d6513b9a0f2112dc314,thumbnails/fs_0174.jpg,41943,284d2d911801ffe55c4247d281ddb25595686af35288795b7e69fdc17f7f45b4,dlstupka/hth-baptisms-san-antonio-1788-1824--1858-1898,61efff529fb7330a92f8d423c40c45bc60bb841c,dlstupka/hth,4b88d0aead2931a9d8a127afbd852f196d6b51ec,,,,,,,,,,not_reviewed,,
175,Baptisms_San_Antonio_Baptism_Records_1788-1824_1858-1898.docx,175,rId179,word/media/image175.png,raw/fs_0175.png,PNG,1594,1361,RGB,2352859,5eb6cc174df6cd7d2d7d4804e780402ca5d60c5e51a28dd5d999a51c77d1ff5e,2040325,b1db90b60362243bfccb2ac70fc1475ad567ccf3fb167ccc82e909ed9d085dc4,2688,0,8064,0,True,,analysis/fs_0175_analysis.png,1318754,3454c1b81cf6e19b1335d7f461956a62be88ea5a3620fe38bc6995567a83c9f8,thumbnails/fs_0175.jpg,41011,16a04dca4d22ca490b6486587f49145d5cb7433c545a239e1d29055facff5b46,dlstupka/hth-baptisms-san-antonio-1788-1824--1858-1898,61efff529fb7330a92f8d423c40c45bc60bb841c,dlstupka/hth,4b88d0aead2931a9d8a127afbd852f196d6b51ec,,,,,,,,,,not_reviewed,,
176,Baptisms_San_Antonio_Baptism_Records_1788-1824_1858-1898.docx,176,rId180,word/media/image176.png,raw/fs_0176.png,PNG,1642,1361,RGB,2437131,17f4414800b4a8693ae07895b3ca004a8c639d6f2235f4ed27148f258fdd8546,2062660,63156c7d3866567f9b50a13f82b918857d4b6060fee60929796ced2e309572e8,2688,0,5376,0,True,,analysis/fs_0176_analysis.png,1377964,f17621d6e6a05116fa784c42215225fd701adab1f48f9cad078d5d40295ec029,thumbnails/fs_0176.jpg,41587,a761c80ed3dd8ee492943d75c645184a56bf30d41b120a100d519b6c391c0e1a,dlstupka/hth-baptisms-san-antonio-1788-1824--1858-1898,61efff529fb7330a92f8d423c40c45bc60bb841c,dlstupka/hth,4b88d0aead2931a9d8a127afbd852f196d6b51ec,,,,,,,,,,not_reviewed,,
177,Baptisms_San_Antonio_Baptism_Records_1788-1824_1858-1898.docx,177,rId181,word/media/image177.png,raw/fs_0177.png,PNG,1642,1361,RGB,2537587,1a4577bb8ffe477523c265e024376fdb8938d48a0467bceec073bdc2bab6cbdd,2108558,99d22e75e1b377c62422be609aca7209ad0357aa5eb289dc9dd3fe0f34848dea,2688,0,5376,0,True,,analysis/fs_0177_analysis.png,1406845,dc8749c80eca2f0021355003a639bfd6a9d13d7e9d69deed12f9762b51c20eb4,thumbnails/fs_0177.jpg,43284,e8bf7e991afc52d0c2e1ead502e236dfc651803accf523c31bdb32da0d7aab0c,dlstupka/hth-baptisms-san-antonio-1788-1824--1858-1898,61efff529fb7330a92f8d423c40c45bc60bb841c,dlstupka/hth,4b88d0aead2931a9d8a127afbd852f196d6b51ec,,,,,,,,,,not_reviewed,,
178,Baptisms_San_Antonio_Baptism_Records_1788-1824_1858-1898.docx,178,rId182,word/media/image178.png,raw/fs_0178.png,PNG,1594,1361,RGB,2404881,e8593548d1c8541733a39e77741cab490ff5d7d348afd69f904d77323148447c,2055842,626aecb4ca25fe27fcbc4013af470760d9b0deb5b776affec8852467f5755338,2688,0,8064,0,True,,analysis/fs_0178_analysis.png,1335880,9299c4f79af2fddfb07fa80656e003ef35c57f90a09137f3960b3d4ac2ece60d,thumbnails/fs_0178.jpg,43038,bf73ecf0fc3cd6b05b7c0b834fc566848edd13a6efafd3b307cb59c673410fd8,dlstupka/hth-baptisms-san-antonio-1788-1824--1858-1898,61efff529fb7330a92f8d423c40c45bc60bb841c,dlstupka/hth,4b88d0aead2931a9d8a127afbd852f196d6b51ec,,,,,,,,,,not_reviewed,,
179,Baptisms_San_Antonio_Baptism_Records_1788-1824_1858-1898.docx,179,rId183,word/media/image179.png,raw/fs_0179.png,PNG,1594,1361,RGB,2447036,2508b74041da46ebd441141cd20220a667e40ff889cba53581b1251bc02aa682,2071884,1fec2e07aa3825a7ff7f31f7291f00d361d35c3147a0c3452470a7974c7289c7,2688,0,8064,0,True,,analysis/fs_0179_analysis.png,1352453,64a94099413af90eccdb2fed7280da2c609a7b38fa444ccede2d4a451943eca7,thumbnails/fs_0179.jpg,41506,0615aa637bbf1b9d5c4ac30bfbf33e0b9f4200d9d6b597556affbf530836ad2b,dlstupka/hth-baptisms-san-antonio-1788-1824--1858-1898,61efff529fb7330a92f8d423c40c45bc60bb841c,dlstupka/hth,4b88d0aead2931a9d8a127afbd852f196d6b51ec,,,,,,,,,,not_reviewed,,
180,Baptisms_San_Antonio_Baptism_Records_1788-1824_1858-1898.docx,180,rId184,word/media/image180.png,raw/fs_0180.png,PNG,1594,1361,RGB,2381786,92603ae4a6f721bbad05ee4c93b8ba151db1551757174c2fb66b7919f8de8183,1999618,28657ace512ce18cb408341ac37f3d3f48a972843685b8c8032e7465de1fda50,5376,0,5376,0,True,,analysis/fs_0180_analysis.png,1325831,73a10618894b6cfdeae1d55ee1fa4b598b057205409ceeabc3aedfab5d92a10f,thumbnails/fs_0180.jpg,41388,319a11349b53da811892eb41c3431524bece010a6020949abd7f29297bd0e247,dlstupka/hth-baptisms-san-antonio-1788-1824--1858-1898,61efff529fb7330a92f8d423c40c45bc60bb841c,dlstupka/hth,4b88d0aead2931a9d8a127afbd852f196d6b51ec,,,,,,,,,,not_reviewed,,
181,Baptisms_San_Antonio_Baptism_Records_1788-1824_1858-1898.docx,181,rId185,word/media/image181.png,raw/fs_0181.png,PNG,1738,1361,RGB,2671724,2170f45fcf7f9e02a74f61fe034003e3a6e2cfacdc54867586ea93980e61545c,2225655,d95bbe5416fa28bd95de4c5f87a1892b99d47176ca0df95123c75c00db5bc0d6,0,0,2688,0,True,,analysis/fs_0181_analysis.png,1486075,2c353f324312e42204274fe81ad10dbeab5d9792c2a6dee1fbda87b3cbfcbfbe,thumbnails/fs_0181.jpg,48650,97501b6e9a86635f7c335dc3fd3d2ff57ce6accdb3bb7104f65bce4a955c3d4b,dlstupka/hth-baptisms-san-antonio-1788-1824--1858-1898,61efff529fb7330a92f8d423c40c45bc60bb841c,dlstupka/hth,4b88d0aead2931a9d8a127afbd852f196d6b51ec,,,,,,,,,,not_reviewed,,
182,Baptisms_San_Antonio_Baptism_Records_1788-1824_1858-1898.docx,182,rId186,word/media/image182.png,raw/fs_0182.png,PNG,1642,1361,RGB,2504487,e4fbb6e36a88fb2daf5fd69ec54d19dec2bf07bae8c910ec44f278df49a32edd,2127263,37b5975a7cc5c9b33fbe5926c456a6039d7ca3b78182b37a218b61d0b7ea52d4,0,0,8064,0,True,,analysis/fs_0182_analysis.png,1380015,57ad0d9f5af5c59e8768bc45dfa75700ca25819c6048209dedd953d8f844b9a7,thumbnails/fs_0182.jpg,45883,941c58d954125c9afbfec6c3a558793deaee4389e6ea5565745fcc496797e837,dlstupka/hth-baptisms-san-antonio-1788-1824--1858-1898,61efff529fb7330a92f8d423c40c45bc60bb841c,dlstupka/hth,4b88d0aead2931a9d8a127afbd852f196d6b51ec,,,,,,,,,,not_reviewed,,
183,Baptisms_San_Antonio_Baptism_Records_1788-1824_1858-1898.docx,183,rId187,word/media/image183.png,raw/fs_0183.png,PNG,1690,1361,RGB,2482834,520e24f047c5e39543e0c04d52db7b368ca064293cbf2c33d60cd440b570298e,2098868,4ffb8db93b4a249cb1c668a013cc525fa2605ba7cc6f3890819ce977b2ebe88b,0,0,5376,0,True,,analysis/fs_0183_analysis.png,1374643,84d49a0bcae25a4bc2f3b7ecae8373ece6db83173bf361cdfeb0e7f95294fc99,thumbnails/fs_0183.jpg,45646,e0468b9a1a932ac7fa25c025c9b74d524d0400bba063ab9251c4671e421cd5df,dlstupka/hth-baptisms-san-antonio-1788-1824--1858-1898,61efff529fb7330a92f8d423c40c45bc60bb841c,dlstupka/hth,4b88d0aead2931a9d8a127afbd852f196d6b51ec,,,,,,,,,,not_reviewed,,
184,Baptisms_San_Antonio_Baptism_Records_1788-1824_1858-1898.docx,184,rId188,word/media/image184.png,raw/fs_0184.png,PNG,1738,1361,RGB,2698716,e5c020788edc5ca2c86154bd053fd4c3b5a378b2bd1c116e11c8906e49ade0a2,2231861,684403c71a8e4f77b302a61d0e4ea0538a6db107f20251eff6cbe4ac8065e3f7,0,0,2688,0,True,,analysis/fs_0184_analysis.png,1504833,66cae781b4625003759a995497ed165790b753d453598a9b133225b970a6c060,thumbnails/fs_0184.jpg,49228,47ac7ad0648a6bc0e85b14e673980130136db57c1e5eb520918e1594ecda049d,dlstupka/hth-baptisms-san-antonio-1788-1824--1858-1898,61efff529fb7330a92f8d423c40c45bc60bb841c,dlstupka/hth,4b88d0aead2931a9d8a127afbd852f196d6b51ec,,,,,,,,,,not_reviewed,,
185,Baptisms_San_Antonio_Baptism_Records_1788-1824_1858-1898.docx,185,rId189,word/media/image185.png,raw/fs_0185.png,PNG,1690,1361,RGB,2547350,348ef06ee72fde282d0813c3cbd00459c855e359b46a6ff79884f1b8ca6c94ed,2132841,bd494f65cbc7d8a036c488716b7defd5b3f12229f6e6cb1152a677758c94142a,0,0,5376,0,True,,analysis/fs_0185_analysis.png,1394971,ac3d87e1148b92f2a56138240c4d297333039d7a7b634d9ba390ff467c6518e0,thumbnails/fs_0185.jpg,46536,72e3d0cada602b7b6f36bf527040d0a83c91afeeab48c7060ef5f1ad32f90bef,dlstupka/hth-baptisms-san-antonio-1788-1824--1858-1898,61efff529fb7330a92f8d423c40c45bc60bb841c,dlstupka/hth,4b88d0aead2931a9d8a127afbd852f196d6b51ec,,,,,,,,,,not_reviewed,,
186,Baptisms_San_Antonio_Baptism_Records_1788-1824_1858-1898.docx,186,rId190,word/media/image186.png,raw/fs_0186.png,PNG,1621,1361,RGB,2562634,f0655c0a99cdfb9be1012579619b6fa6c9fd8ad46a502cf8445ace915815fc3c,2157986,57b4758de57c3a4576461436b45e20a79117f79ad90760d37ee634ac1cdc3fdc,1172,0,8064,0,True,,analysis/fs_0186_analysis.png,1396109,c0b9af9d4c3c5cca37438f3952f844e3ca8fe993b09be045986eb2d9f3337896,thumbnails/fs_0186.jpg,45503,72bb7a01acf5de10652aa7ce33a0796b1b7c6b372ab624973f2a3706bee65016,dlstupka/hth-baptisms-san-antonio-1788-1824--1858-1898,61efff529fb7330a92f8d423c40c45bc60bb841c,dlstupka/hth,4b88d0aead2931a9d8a127afbd852f196d6b51ec,,,,,,,,,,not_reviewed,,
187,Baptisms_San_Antonio_Baptism_Records_1788-1824_1858-1898.docx,187,rId191,word/media/image187.png,raw/fs_0187.png,PNG,1594,1361,RGB,2505648,9b41470f728de6c7331da7e508709e621668b67be1606c2a2113fd789d00bead,2098467,79a1fd3400196f346a7bf86c0b92600834a1083324a50ec814551be16cc53838,2688,0,8064,0,True,,analysis/fs_0187_analysis.png,1361913,05335855592539a923f8c5b8fda59e23dad1a070c82fa986c92fe2e4be7626a0,thumbnails/fs_0187.jpg,42919,5af47600149cdfafa9177c1f85879b4fcfd60b1602d93dfd3e5e74014dd4d97e,dlstupka/hth-baptisms-san-antonio-1788-1824--1858-1898,61efff529fb7330a92f8d423c40c45bc60bb841c,dlstupka/hth,4b88d0aead2931a9d8a127afbd852f196d6b51ec,,,,,,,,,,not_reviewed,,
188,Baptisms_San_Antonio_Baptism_Records_1788-1824_1858-1898.docx,188,rId192,word/media/image188.png,raw/fs_0188.png,PNG,1594,1361,RGB,2474256,993006f1fb68c263c3e130520d7c94982e3e26143c7a5cbaf61c9c98b012fe4c,2109365,cd52bb0d432f65e2e24c14641fc09ecf6bd6afb4874e1c1a78a3bc921b85de38,2688,0,8064,0,True,,analysis/fs_0188_analysis.png,1365686,ce45a4978ddabf8cfb33b558f57bf277c5b5d1eb5fa3fc524efbddfac0fefed7,thumbnails/fs_0188.jpg,45481,31d3804acf4ffad01d9a99abeba54c629e5be1902080beb07b17968bd07583d4,dlstupka/hth-baptisms-san-antonio-1788-1824--1858-1898,61efff529fb7330a92f8d423c40c45bc60bb841c,dlstupka/hth,4b88d0aead2931a9d8a127afbd852f196d6b51ec,,,,,,,,,,not_reviewed,,
189,Baptisms_San_Antonio_Baptism_Records_1788-1824_1858-1898.docx,189,rId193,word/media/image189.png,raw/fs_0189.png,PNG,1642,1361,RGB,2563597,ff7983c70a810087cecdef7cc505457154ea0f67d98777f438e37694213a6e4d,2132969,b9e96450c8018eac9f88df5fd09e16f10aab0ddc2f1a2f4f5e7fb5859c4601ce,2688,0,5376,0,True,,analysis/fs_0189_analysis.png,1391650,b5ab5e499369b81bb8656ebee28f7ea454c075b5be4573d86cbfe8e3ad38485b,thumbnails/fs_0189.jpg,45720,155be63da95b22fa39ac57899b0cda20cd37340bc9f9c03bf972b3967b90f797,dlstupka/hth-baptisms-san-antonio-1788-1824--1858-1898,61efff529fb7330a92f8d423c40c45bc60bb841c,dlstupka/hth,4b88d0aead2931a9d8a127afbd852f196d6b51ec,,,,,,,,,,not_reviewed,,
190,Baptisms_San_Antonio_Baptism_Records_1788-1824_1858-1898.docx,190,rId194,word/media/image190.png,raw/fs_0190.png,PNG,1642,1361,RGB,2536316,9ea08856d94e72502a06ed5244c7f5738d355df39bc5ff5e96d57b471dbb02a7,2126035,28288d1328b1538917fb180c10d9a91c73fe732e16869c03822918c242067dd5,2688,0,5376,0,True,,analysis/fs_0190_analysis.png,1380655,7adab27f050cf58ed84fc99af34ed3856bca234cd2e0979a34f21b3bec222717,thumbnails/fs_0190.jpg,45909,11e05b8b3f154bea71b778a6f48e119cee426c45fcddefb70c03a63dff8fe64b,dlstupka/hth-baptisms-san-antonio-1788-1824--1858-1898,61efff529fb7330a92f8d423c40c45bc60bb841c,dlstupka/hth,4b88d0aead2931a9d8a127afbd852f196d6b51ec,,,,,,,,,,not_reviewed,,
191,Baptisms_San_Antonio_Baptism_Records_1788-1824_1858-1898.docx,191,rId195,word/media/image191.png,raw/fs_0191.png,PNG,1642,1361,RGB,2476240,7e0af0c50720cc34c92791bdc14b2f57670aa4cd49d3365d5b4d9984525c5ab1,2080413,957bc4836743d23f98a9693087afddc753783fb9f4b349fe31d3718d5cba74e1,2688,0,5376,0,True,,analysis/fs_0191_analysis.png,1347890,ccbff5fc1e3747d5eea44343f3b0e504a9cdfed013b777026d6c02c883b6109a,thumbnails/fs_0191.jpg,46072,976a6bf9c2a27d1281b81adce2f57fa4cc510394e2733b1647bc73deb23d7c4f,dlstupka/hth-baptisms-san-antonio-1788-1824--1858-1898,61efff529fb7330a92f8d423c40c45bc60bb841c,dlstupka/hth,4b88d0aead2931a9d8a127afbd852f196d6b51ec,,,,,,,,,,not_reviewed,,
192,Baptisms_San_Antonio_Baptism_Records_1788-1824_1858-1898.docx,192,rId196,word/media/image192.png,raw/fs_0192.png,PNG,1642,1361,RGB,2508835,f2c6f367c18b0a4d7f382e6db43af5f3b1c9257e79505370cff404b51863fe20,2096594,0deff1e38ac7fc8f8cdc4045e31647daf6c59fc68f614dccc2627f4d41572b81,2688,0,5376,0,True,,analysis/fs_0192_analysis.png,1366468,efa91b259f908f5d96c0ad8ea19a22812393f8d34da0e482181d8aa8a7793cb8,thumbnails/fs_0192.jpg,45599,10f356477a5d857e726f20e285ce18b25b6aafd0a4f510f2794a9fab42c782ff,dlstupka/hth-baptisms-san-antonio-1788-1824--1858-1898,61efff529fb7330a92f8d423c40c45bc60bb841c,dlstupka/hth,4b88d0aead2931a9d8a127afbd852f196d6b51ec,,,,,,,,,,not_reviewed,,
193,Baptisms_San_Antonio_Baptism_Records_1788-1824_1858-1898.docx,193,rId197,word/media/image193.png,raw/fs_0193.png,PNG,1642,1361,RGB,2467455,9a40a0ad7441fbdf9d717921b25f747d08ff57b08518580986167d72472165aa,2056127,2a18bb34795d5cc46953107ab60013721c764aaac6e7161f8c7fd5f8e420d387,2688,0,5376,0,True,,analysis/fs_0193_analysis.png,1341593,d9bc4dccc6eede5db92e05fe516529903160e862c50ee4969be43dae2328639a,thumbnails/fs_0193.jpg,44001,7955fed7b8de5be4e173429de872256c67c5cf8a324f767820ede1098016e635,dlstupka/hth-baptisms-san-antonio-1788-1824--1858-1898,61efff529fb7330a92f8d423c40c45bc60bb841c,dlstupka/hth,4b88d0aead2931a9d8a127afbd852f196d6b51ec,,,,,,,,,,not_reviewed,,
194,Baptisms_San_Antonio_Baptism_Records_1788-1824_1858-1898.docx,194,rId198,word/media/image194.png,raw/fs_0194.png,PNG,1642,1361,RGB,2371922,340d3d21931a672785b6d6aab5b299736652133feb24d076189d1d02a105eac3,2033097,19c8a64d0762141fe9ba2cd5259a39d4bed0461091e92eeb558bd3fefecc51b1,2688,0,5376,0,True,,analysis/fs_0194_analysis.png,1320207,a0b0006a09f9b3f3546c34cc42417b38b55778efe3ac67941adc53cf35cdd586,thumbnails/fs_0194.jpg,41068,8107866e15ac48c5946762611598b56ef29c5ed4b35acecf693df7f37a6e94a1,dlstupka/hth-baptisms-san-antonio-1788-1824--1858-1898,61efff529fb7330a92f8d423c40c45bc60bb841c,dlstupka/hth,4b88d0aead2931a9d8a127afbd852f196d6b51ec,,,,,,,,,,not_reviewed,,
195,Baptisms_San_Antonio_Baptism_Records_1788-1824_1858-1898.docx,195,rId199,word/media/image195.png,raw/fs_0195.png,PNG,1546,1361,RGB,2401348,18df3e1b1334278b203979a3138be74b05618070a7b579a4927b8da807a30bd9,2044070,a76ca8b3105f13bd6affb4c8a7137519db179a10d617bcc66a29b765830dc327,5376,0,8064,0,True,,analysis/fs_0195_analysis.png,1311144,fd763dd8b920bb09f33795797332cc27aef1ad32176cd088b320200f94540123,thumbnails/fs_0195.jpg,41832,19478bb645a5a44aaad458647e9452ad30b2d48ae0ac4e0e501fde820451ff70,dlstupka/hth-baptisms-san-antonio-1788-1824--1858-1898,61efff529fb7330a92f8d423c40c45bc60bb841c,dlstupka/hth,4b88d0aead2931a9d8a127afbd852f196d6b51ec,,,,,,,,,,not_reviewed,,
196,Baptisms_San_Antonio_Baptism_Records_1788-1824_1858-1898.docx,196,rId200,word/media/image196.png,raw/fs_0196.png,PNG,1642,1361,RGB,2408565,1e94b83e66366ac0c14857471affd17653d6af44d3321bb834b3100e655f8a8f,2041225,d9f2341d929f367e00b311770b3548f374ee330f9529b9c987b501d13cb065cd,2688,0,5376,0,True,,analysis/fs_0196_analysis.png,1338131,1e86f54cc68e924d66bc8ef9fa40321035985f42284a11ccefc003022aecd3d3,thumbnails/fs_0196.jpg,43020,2581097aa2ad1017569c74c7ece0b380a0c6dc0c4457ecb7dce331d2d4c5397f,dlstupka/hth-baptisms-san-antonio-1788-1824--1858-1898,61efff529fb7330a92f8d423c40c45bc60bb841c,dlstupka/hth,4b88d0aead2931a9d8a127afbd852f196d6b51ec,,,,,,,,,,not_reviewed,,
197,Baptisms_San_Antonio_Baptism_Records_1788-1824_1858-1898.docx,197,rId201,word/media/image197.png,raw/fs_0197.png,PNG,1642,1361,RGB,2390777,04580dad5d687210c562703c3e89e5ad8205c4838d0682a56518886098b33791,2041927,dd8543956f9e7665f17add55539b5d5d323ac63b4ce0a4d4ccaa55e58628b5bf,2688,0,5376,0,True,,analysis/fs_0197_analysis.png,1327012,00fb41ebb11e0848cf7e49f7a6a50cac4d6b0aa696c5f223670a8c5d7d85b7a8,thumbnails/fs_0197.jpg,42837,f94aeb57bbb7c18ca22c13a4e64ffc70a1e74e7220af80c6a4ec9450f47dd661,dlstupka/hth-baptisms-san-antonio-1788-1824--1858-1898,61efff529fb7330a92f8d423c40c45bc60bb841c,dlstupka/hth,4b88d0aead2931a9d8a127afbd852f196d6b51ec,,,,,,,,,,not_reviewed,,
198,Baptisms_San_Antonio_Baptism_Records_1788-1824_1858-1898.docx,198,rId202,word/media/image198.png,raw/fs_0198.png,PNG,1642,1361,RGB,2460860,4aee36e1ae4880f705fee59b5ffcb14591c56ef7429482b673a9f73584fadf1c,2086613,6a9a8d366fbe790624eac6cf4e649c34d3ae291351277a2a5a5e669f22630cb0,2688,0,5376,0,True,,analysis/fs_0198_analysis.png,1356707,f7a037e6c543d70509cec28602eeaf76889e2edd3972b5fea22a458e71ac6c1b,thumbnails/fs_0198.jpg,43023,198aa5051bf7ff3521bd99f661099b2d203e19d51d9f1504f2a3fc278d944f4a,dlstupka/hth-baptisms-san-antonio-1788-1824--1858-1898,61efff529fb7330a92f8d423c40c45bc60bb841c,dlstupka/hth,4b88d0aead2931a9d8a127afbd852f196d6b51ec,,,,,,,,,,not_reviewed,,
199,Baptisms_San_Antonio_Baptism_Records_1788-1824_1858-1898.docx,199,rId203,word/media/image199.png,raw/fs_0199.png,PNG,1594,1361,RGB,2431665,ef6c3ad9ab262558e10fd495a4b8cf09aec576b47f08f6e07efd623e33585c98,2082394,7e8a08a885b9edffb30ee87b268e6c45f123828b4d67f16ae4ac92094aee9b16,2688,0,8064,0,True,,analysis/fs_0199_analysis.png,1339041,6ef328fdbfa32835eb1d53f1f2301fd8a2be47e6a967a411eaee09f3ea8892f2,thumbnails/fs_0199.jpg,44544,b21f9a7cbce30a726e85bdb146c818019354b31ecbc7bb5fec12cc01309d2b8b,dlstupka/hth-baptisms-san-antonio-1788-1824--1858-1898,61efff529fb7330a92f8d423c40c45bc60bb841c,dlstupka/hth,4b88d0aead2931a9d8a127afbd852f196d6b51ec,,,,,,,,,,not_reviewed,,
200,Baptisms_San_Antonio_Baptism_Records_1788-1824_1858-1898.docx,200,rId204,word/media/image200.png,raw/fs_0200.png,PNG,1594,1361,RGB,2486206,8f2f4d2791cb9c45410cf6b00664f732e09077d3e984718199020ac64507e3b8,2108793,8c5ec3bf7928b7ff4fd968bcd030c1d953262944b825168591f98dd370bb3a56,2688,0,8064,0,True,,analysis/fs_0200_analysis.png,1349838,90895bf01cbbf59d3a628960c8d753ca4704401f711cd503524c3a106494af48,thumbnails/fs_0200.jpg,45276,5c92024031284e4e2e02c9e4715b5a1a527b1f310c9ceb444109d054c48937d2,dlstupka/hth-baptisms-san-antonio-1788-1824--1858-1898,61efff529fb7330a92f8d423c40c45bc60bb841c,dlstupka/hth,4b88d0aead2931a9d8a127afbd852f196d6b51ec,,,,,,,,,,not_reviewed,,
201,Baptisms_San_Antonio_Baptism_Records_1788-1824_1858-1898.docx,201,rId205,word/media/image201.png,raw/fs_0201.png,PNG,1642,1361,RGB,2536387,e4cd27d7d4f12eccc6b87722068bca44ee744c2fb3ba57f733444f5a55505f25,2126462,e4847d1bb210a00c6513081774aebb198aaceed537c1ef9294e60c0eebe2a3ce,2688,0,5376,0,True,,analysis/fs_0201_analysis.png,1373511,b27e7194e3c54a1452c378255d8e34ac29e13dd6a1fb97a965177352ac312fd2,thumbnails/fs_0201.jpg,44611,d065bb4c8e833fb5f363404784f2f76493968f911c60f4f2f933996677f1068e,dlstupka/hth-baptisms-san-antonio-1788-1824--1858-1898,61efff529fb7330a92f8d423c40c45bc60bb841c,dlstupka/hth,4b88d0aead2931a9d8a127afbd852f196d6b51ec,,,,,,,,,,not_reviewed,,
202,Baptisms_San_Antonio_Baptism_Records_1788-1824_1858-1898.docx,202,rId206,word/media/image202.png,raw/fs_0202.png,PNG,1786,1361,RGB,2150889,7b57d1e8c81c3a5c2241ad5029f7940e80d28bbdcee83ff42bf9b92da655a9f4,2150889,7b57d1e8c81c3a5c2241ad5029f7940e80d28bbdcee83ff42bf9b92da655a9f4,0,0,0,0,False,,analysis/fs_0202_analysis.png,1434883,169e1090b0f4c49b65190d8d228b1a555c4e95d73cdc19e99dd84f4a83fcc100,thumbnails/fs_0202.jpg,47333,64965e7fbb4d78ca4d58435da655b06fc9a4aca05074cd9337169d14d47b653f,dlstupka/hth-baptisms-san-antonio-1788-1824--1858-1898,61efff529fb7330a92f8d423c40c45bc60bb841c,dlstupka/hth,4b88d0aead2931a9d8a127afbd852f196d6b51ec,,,,,,,,,,not_reviewed,,
203,Baptisms_San_Antonio_Baptism_Records_1788-1824_1858-1898.docx,203,rId207,word/media/image203.png,raw/fs_0203.png,PNG,1642,1361,RGB,2573742,436fddfaabd8bea5463a88adb900645c5619d4d06ae44ca6d1e288ace157644e,2149302,0026467720f5359e00aa6c7181878bde4be9ea63dc0220b8c440ee1615be854b,2688,0,5376,0,True,,analysis/fs_0203_analysis.png,1384835,d7397964946f65abab3ba3afce68bfc6444e6a635e15d41f48f58f8fc1c7e1e2,thumbnails/fs_0203.jpg,46740,aa97d65dbc9aa8f70444a957a86d7dfd267e020681fa05eae96903adf0d776cc,dlstupka/hth-baptisms-san-antonio-1788-1824--1858-1898,61efff529fb7330a92f8d423c40c45bc60bb841c,dlstupka/hth,4b88d0aead2931a9d8a127afbd852f196d6b51ec,,,,,,,,,,not_reviewed,,
204,Baptisms_San_Antonio_Baptism_Records_1788-1824_1858-1898.docx,204,rId208,word/media/image204.png,raw/fs_0204.png,PNG,1642,1361,RGB,2582194,409e1b6d85848111f29ebdabef09678a6a6f401174675173c66b41b9085dbeb5,2145390,1c9be514172c99b8e7339a77722f618727cc04525ad1dc4e4d647fc8c1cde1c0,2688,0,5376,0,True,,analysis/fs_0204_analysis.png,1396285,0e3b636e1c5034863f10e5cbdc811e96e1b159f2bfd460d869f2f55a77e83e60,thumbnails/fs_0204.jpg,46076,e359d1bf22c51c100aded1042d6ff95bba97c14ce63c74c1cb20883b4dac77fe,dlstupka/hth-baptisms-san-antonio-1788-1824--1858-1898,61efff529fb7330a92f8d423c40c45bc60bb841c,dlstupka/hth,4b88d0aead2931a9d8a127afbd852f196d6b51ec,,,,,,,,,,not_reviewed,,
205,Baptisms_San_Antonio_Baptism_Records_1788-1824_1858-1898.docx,205,rId209,word/media/image205.png,raw/fs_0205.png,PNG,1642,1361,RGB,2426682,1b257e315d58d212efbea8391defd6165572f27ed4d55f10d785ab2fbc06f972,2072310,f224381452f3ff5e0e2af06eca3a45fdb0c41b2924aaa9c24d6583874aa6e101,2688,0,5376,0,True,,analysis/fs_0205_analysis.png,1345318,74ff6055d3e5c5429e9cf64d4ebf0a5f187ef0d18ff19b100f7d2cca51d5a4b6,thumbnails/fs_0205.jpg,43407,45486aeb16cb64e4aa7e34167eae0a82b8ed6562f8fecdcd1bc85814a59b0987,dlstupka/hth-baptisms-san-antonio-1788-1824--1858-1898,61efff529fb7330a92f8d423c40c45bc60bb841c,dlstupka/hth,4b88d0aead2931a9d8a127afbd852f196d6b51ec,,,,,,,,,,not_reviewed,,
206,Baptisms_San_Antonio_Baptism_Records_1788-1824_1858-1898.docx,206,rId210,word/media/image206.png,raw/fs_0206.png,PNG,1642,1361,RGB,2648070,14f42a7be11ba3bd1afe7480a2592173b93c872feeb374873bdc3daab3e2b718,2177888,7c6963c2d273f2f57745b3d85f5f66be5d5d12c0e4828eb6e191b6442318d1bc,2688,0,5376,0,True,,analysis/fs_0206_analysis.png,1411770,17008a8d120ac95fcd62638d7adfc746ec623a9fabc98a7dc0a90ed4d90b19a4,thumbnails/fs_0206.jpg,46826,385d9dce06e37e26bfe27ed2ddb8886b68825a25f470c3b6b5ec1f0855aa6fba,dlstupka/hth-baptisms-san-antonio-1788-1824--1858-1898,61efff529fb7330a92f8d423c40c45bc60bb841c,dlstupka/hth,4b88d0aead2931a9d8a127afbd852f196d6b51ec,,,,,,,,,,not_reviewed,,
207,Baptisms_San_Antonio_Baptism_Records_1788-1824_1858-1898.docx,207,rId211,word/media/image207.png,raw/fs_0207.png,PNG,1546,1361,RGB,2427647,d73fe01c6b685dedce76ca5d6f3a3d5c4fd070082dbd9170acec402a32b543be,2073650,81d810197c887ff60b014bbf443384cf913575c827e8651a40cf3195a60d93f7,5376,0,8064,0,True,,analysis/fs_0207_analysis.png,1313622,eabb6e81e2f4de764123ed795bab91a0203ba9ea7be57f8fef65a27c2d533817,thumbnails/fs_0207.jpg,42215,3fb65e342aeb738667dfb481254abdf6d18ffcae3bd6b1848aae7315382a142c,dlstupka/hth-baptisms-san-antonio-1788-1824--1858-1898,61efff529fb7330a92f8d423c40c45bc60bb841c,dlstupka/hth,4b88d0aead2931a9d8a127afbd852f196d6b51ec,,,,,,,,,,not_reviewed,,
208,Baptisms_San_Antonio_Baptism_Records_1788-1824_1858-1898.docx,208,rId212,word/media/image208.png,raw/fs_0208.png,PNG,1594,1361,RGB,2491822,6f56ab360466666c29b3db15d3148a6814c733f3a214341d4b95330bde202f1f,2102033,22a21fa64cd786965eb1f5d308149fa9ece38577513934111e64eb6b3f982521,5376,0,5376,0,True,,analysis/fs_0208_analysis.png,1356336,cc936033d32ea1f0d6322cecdc86690651ab648fe731845097a2441e1ebe5bbe,thumbnails/fs_0208.jpg,44318,a337215fa54e8049a019af63678f29dcf595d11b92a1262e5324edd3d110802f,dlstupka/hth-baptisms-san-antonio-1788-1824--1858-1898,61efff529fb7330a92f8d423c40c45bc60bb841c,dlstupka/hth,4b88d0aead2931a9d8a127afbd852f196d6b51ec,,,,,,,,,,not_reviewed,,
209,Baptisms_San_Antonio_Baptism_Records_1788-1824_1858-1898.docx,209,rId213,word/media/image209.png,raw/fs_0209.png,PNG,1642,1361,RGB,2472094,0a0af12418110f87efa839f1c036ac381e269c3462d6d1022e693338d1cef62a,2073944,8bf2e930007d3f4861f4cd201a862f3e94f94754020f9f6867d8eed0ecc8bdd2,2688,0,5376,0,True,,analysis/fs_0209_analysis.png,1342776,488c2ed7fd7b9726c13b2bec560ddc9345e6bc8c5bd2886c1d2f1ce0aa815526,thumbnails/fs_0209.jpg,43640,75f553491045ee0edba315a3c04d73636b514801912bc365830a1217dcfd6d1d,dlstupka/hth-baptisms-san-antonio-1788-1824--1858-1898,61efff529fb7330a92f8d423c40c45bc60bb841c,dlstupka/hth,4b88d0aead2931a9d8a127afbd852f196d6b51ec,,,,,,,,,,not_reviewed,,
210,Baptisms_San_Antonio_Baptism_Records_1788-1824_1858-1898.docx,210,rId214,word/media/image210.png,raw/fs_0210.png,PNG,1594,1361,RGB,2450078,1548b9d44d900d377d3fff8da989ba415a58dee4a52f283137604f8138e86b6c,2048657,c1b4702a6c3bd991eb75ed0d3a605680c55e82abe5d0286557714bcfa643070d,5376,0,5376,0,True,,analysis/fs_0210_analysis.png,1326110,8177ff6fdcd1d115ba4ecd21a52f8d894ca45b784312fee5575ee6bf980a3f41,thumbnails/fs_0210.jpg,40789,20725eec8d4113425429312ff8e0588f8aeee8721be0e9c35fb76db44c8947dd,dlstupka/hth-baptisms-san-antonio-1788-1824--1858-1898,61efff529fb7330a92f8d423c40c45bc60bb841c,dlstupka/hth,4b88d0aead2931a9d8a127afbd852f196d6b51ec,,,,,,,,,,not_reviewed,,
211,Baptisms_San_Antonio_Baptism_Records_1788-1824_1858-1898.docx,211,rId215,word/media/image211.png,raw/fs_0211.png,PNG,1594,1361,RGB,2428527,63468b62e71eff288c0231dd58a1d6e3986a9f23691faf4bbb232d3d184e662c,2052735,6132fa1d4665bf45152dfa47b157b636f9540621737c74a83058df6b1e1667c0,5376,0,5376,0,True,,analysis/fs_0211_analysis.png,1326027,9dd9616281b2ce3562f2f7dd06da3d7d933396e1817553293a5a3251450bbbf1,thumbnails/fs_0211.jpg,42845,5c5e43341154fe5f76cd33cec4429c26db642b97fd726083a07fe616fdf8ab9a,dlstupka/hth-baptisms-san-antonio-1788-1824--1858-1898,61efff529fb7330a92f8d423c40c45bc60bb841c,dlstupka/hth,4b88d0aead2931a9d8a127afbd852f196d6b51ec,,,,,,,,,,not_reviewed,,
212,Baptisms_San_Antonio_Baptism_Records_1788-1824_1858-1898.docx,212,rId216,word/media/image212.png,raw/fs_0212.png,PNG,1642,1361,RGB,2536465,14c3a812c26c4740d3746e8d4b7c069bb86b063a132a136a4c124b1a7da1b285,2104675,22cf7521151a967d828ae19b4f6db74a7ac7199801d0c90d7eb5807c2213df3d,2688,0,5376,0,True,,analysis/fs_0212_analysis.png,1376769,a7b7ada3cfa74dd4ea5b78eea553ab07eec0e61d64efb4b28920265072a2185b,thumbnails/fs_0212.jpg,45548,0ddc214c26fe78de7cd64bed92b7d60aea55fa8597a6d609859a9054940d4407,dlstupka/hth-baptisms-san-antonio-1788-1824--1858-1898,61efff529fb7330a92f8d423c40c45bc60bb841c,dlstupka/hth,4b88d0aead2931a9d8a127afbd852f196d6b51ec,,,,,,,,,,not_reviewed,,
213,Baptisms_San_Antonio_Baptism_Records_1788-1824_1858-1898.docx,213,rId217,word/media/image213.png,raw/fs_0213.png,PNG,1642,1361,RGB,2482908,10ed0a5168d29e3c221ca15c0ed8259349b790e313f6848d29a677fb1f6dc242,2054526,fab9d8fd23107e98919e64f759598c6655a170696400ca296ba901ac5a2b3166,2688,0,5376,0,True,,analysis/fs_0213_analysis.png,1348465,abae041da0ba8a94717784022782dfb7f47fda0887d61d93d4b9357401735eab,thumbnails/fs_0213.jpg,43288,6e388350f521b2b03a19de8d5a41fd5b8a35829565f34b8c0311e2df7b6f1d00,dlstupka/hth-baptisms-san-antonio-1788-1824--1858-1898,61efff529fb7330a92f8d423c40c45bc60bb841c,dlstupka/hth,4b88d0aead2931a9d8a127afbd852f196d6b51ec,,,,,,,,,,not_reviewed,,
214,Baptisms_San_Antonio_Baptism_Records_1788-1824_1858-1898.docx,214,rId218,word/media/image214.png,raw/fs_0214.png,PNG,1546,1361,RGB,2301501,0e6331551f7a35c17c889972491ddbbfb3ef2e8b2edb8fec8593b3265c92793c,1966758,771e0a9cb44e3bef27609df9a0b3c7a6c721166a0212b22ffc48ffc55210edd9,5376,0,8064,0,True,,analysis/fs_0214_analysis.png,1266066,12567ace5a9fcaaaaa6d2ea4a4c939df19b686635a7e5cd18a4e2052118e892c,thumbnails/fs_0214.jpg,40875,ac106d767e4db958e6d8c1453846d15e1b77cab797b39a7a41065c95bac5d3a1,dlstupka/hth-baptisms-san-antonio-1788-1824--1858-1898,61efff529fb7330a92f8d423c40c45bc60bb841c,dlstupka/hth,4b88d0aead2931a9d8a127afbd852f196d6b51ec,,,,,,,,,,not_reviewed,,
215,Baptisms_San_Antonio_Baptism_Records_1788-1824_1858-1898.docx,215,rId219,word/media/image215.png,raw/fs_0215.png,PNG,1546,1361,RGB,2422593,396c24f34001edf5786d7c274650b5e68feee833fd84763c07b6bd5c06b30dd4,2054104,b8cd8aaf16f8591cd9d9b9abbb2ab5553d1ee246512883e314da652a67866d53,5376,0,8064,0,True,,analysis/fs_0215_analysis.png,1320276,5ef6833fc8bc6a9a991953216173151d6a71656a58d6abfacc328248a2cd79e7,thumbnails/fs_0215.jpg,41339,75a6a85ac9cf7767deca1b060dc378e3c87c2b2618ebed1a49bf21896e6f8c2d,dlstupka/hth-baptisms-san-antonio-1788-1824--1858-1898,61efff529fb7330a92f8d423c40c45bc60bb841c,dlstupka/hth,4b88d0aead2931a9d8a127afbd852f196d6b51ec,,,,,,,,,,not_reviewed,,
216,Baptisms_San_Antonio_Baptism_Records_1788-1824_1858-1898.docx,216,rId220,word/media/image216.png,raw/fs_0216.png,PNG,1546,1361,RGB,2444038,4027114a50683418b3969c78929790a37036aecc216ac589a25fa7e858d5f706,2083582,46a9725fb8783a7b0687a07482fe71759164af8bee395e5ffcbe3e23f73ba41b,5376,0,8064,0,True,,analysis/fs_0216_analysis.png,1327382,125ee46da23b3bcea4d713954719bc995cf62a70f66f91e70bbcfbcc3ea4d8e0,thumbnails/fs_0216.jpg,44744,35e40b8b704309c002779c5c47964ec7a6a0577b00ce3431b9b7b512d6a95fae,dlstupka/hth-baptisms-san-antonio-1788-1824--1858-1898,61efff529fb7330a92f8d423c40c45bc60bb841c,dlstupka/hth,4b88d0aead2931a9d8a127afbd852f196d6b51ec,,,,,,,,,,not_reviewed,,
217,Baptisms_San_Antonio_Baptism_Records_1788-1824_1858-1898.docx,217,rId221,word/media/image217.png,raw/fs_0217.png,PNG,1546,1361,RGB,2380757,471c6ab6c39de86b012558f9919fb8fd6bfccbc2ae083b38245a42adc345fd9e,2033594,44c36a50b15ac92d592719cc3d655348194cd1871ff797e695b7d763ad9571d0,5376,0,8064,0,True,,analysis/fs_0217_analysis.png,1300100,c7a4e58842baec0968f12d64ddeb036c62bb17e78056fc1b7ab66ddd140cdd8e,thumbnails/fs_0217.jpg,43546,6ac32319b81f3ad09a537be07e3681cd0b699de32ab9cf9a04eebeb84282c85f,dlstupka/hth-baptisms-san-antonio-1788-1824--1858-1898,61efff529fb7330a92f8d423c40c45bc60bb841c,dlstupka/hth,4b88d0aead2931a9d8a127afbd852f196d6b51ec,,,,,,,,,,not_reviewed,,
218,Baptisms_San_Antonio_Baptism_Records_1788-1824_1858-1898.docx,218,rId222,word/media/image218.png,raw/fs_0218.png,PNG,1594,1361,RGB,2369194,4fed3d2264fde3b7e1117939e6909c1efe5296c79baaf32cee6f8d17c9612099,2018961,165f877a11538febbd868a3f0d111dbffbac3f1e61bd774fb1f63f46c3715e5a,2688,0,8064,0,True,,analysis/fs_0218_analysis.png,1300741,44f035ae1fd5c9efd60dcce68bd3b9f629c64156f751c3416edafb84d450a159,thumbnails/fs_0218.jpg,42785,a85cb8a523fd22e7716079f7547b0ab36dcecc11891d104e0a6a1f64442d604c,dlstupka/hth-baptisms-san-antonio-1788-1824--1858-1898,61efff529fb7330a92f8d423c40c45bc60bb841c,dlstupka/hth,4b88d0aead2931a9d8a127afbd852f196d6b51ec,,,,,,,,,,not_reviewed,,
219,Baptisms_San_Antonio_Baptism_Records_1788-1824_1858-1898.docx,219,rId223,word/media/image219.png,raw/fs_0219.png,PNG,1546,1361,RGB,2356465,2bfc8e3d91e95bab6fbec2bcc844b63774db789cfaf961149f3d52dbb73c7f04,1983463,ab6cad708a6fdceb05938b176578e4f2d1be5625e73b5f62b9995052ed9b6735,5376,0,8064,0,True,,analysis/fs_0219_analysis.png,1286992,de6661558706ad686ebc6be65513ffb40575b002e16dba926ca261ff91e7c279,thumbnails/fs_0219.jpg,39757,f89d8ce269ae185786cec5e6169c83bb9be434aa002576aaf265d3120ee073ac,dlstupka/hth-baptisms-san-antonio-1788-1824--1858-1898,61efff529fb7330a92f8d423c40c45bc60bb841c,dlstupka/hth,4b88d0aead2931a9d8a127afbd852f196d6b51ec,,,,,,,,,,not_reviewed,,
220,Baptisms_San_Antonio_Baptism_Records_1788-1824_1858-1898.docx,220,rId224,word/media/image220.png,raw/fs_0220.png,PNG,1546,1361,RGB,2385616,abfca7a8881607a3a1cd30394b7fb892632ca89b8c8bd534a19bb27e7ad80a67,2002861,311ed63cf33d6170a9ea938f54d832e0c0cb1c2b136accdde3580ffa41ca5851,5376,0,8064,0,True,,analysis/fs_0220_analysis.png,1291929,8d122501b9b3740ea39efd1c61d2b7deaf8523aba6cc1d9896833d5268d89816,thumbnails/fs_0220.jpg,42345,e2ebebf85275b799cd903190f5679b28e0e0bad3ed93545f548342b3e5ad2369,dlstupka/hth-baptisms-san-antonio-1788-1824--1858-1898,61efff529fb7330a92f8d423c40c45bc60bb841c,dlstupka/hth,4b88d0aead2931a9d8a127afbd852f196d6b51ec,,,,,,,,,,not_reviewed,,
221,Baptisms_San_Antonio_Baptism_Records_1788-1824_1858-1898.docx,221,rId225,word/media/image221.png,raw/fs_0221.png,PNG,1525,1361,RGB,2361797,a130bcf234846f129ec9a354a15aea40bde0e1fcdc97659a71958610e4ce2ef6,1993400,d562f76dc184e12a0ba42f34ac78000eed7fb32214ac2a047c97c4f36b33ec71,3861,0,10752,0,True,,analysis/fs_0221_analysis.png,1282402,3807abda162ea5595a1ecc13f1087761e2f665e2df05e77d9f2e36bb115baecb,thumbnails/fs_0221.jpg,41094,a6d983136a408cccc491843c76057adbc53eb1543a06167df5011fd658770c59,dlstupka/hth-baptisms-san-antonio-1788-1824--1858-1898,61efff529fb7330a92f8d423c40c45bc60bb841c,dlstupka/hth,4b88d0aead2931a9d8a127afbd852f196d6b51ec,,,,,,,,,,not_reviewed,,
222,Baptisms_San_Antonio_Baptism_Records_1788-1824_1858-1898.docx,222,rId226,word/media/image222.png,raw/fs_0222.png,PNG,1642,1361,RGB,2571740,4cfa126a0c12c6745baf467c8d4f3ef34bbca0ff76e7f33e31b2ed60defff21d,2169118,bb4bd768e48ca0c372788ac0d9a261e4d9da689b7c85cf2babba9ad26a9c0925,0,0,8064,0,True,,analysis/fs_0222_analysis.png,1406947,7cc71e5f1e10d394c1737664524978b067138a34fbe76849d8941b30c201917f,thumbnails/fs_0222.jpg,46933,c650bb159ba74e573259283363024673101feec93b8ae6bf468b378504b329d6,dlstupka/hth-baptisms-san-antonio-1788-1824--1858-1898,61efff529fb7330a92f8d423c40c45bc60bb841c,dlstupka/hth,4b88d0aead2931a9d8a127afbd852f196d6b51ec,,,,,,,,,,not_reviewed,,
223,Baptisms_San_Antonio_Baptism_Records_1788-1824_1858-1898.docx,223,rId227,word/media/image223.png,raw/fs_0223.png,PNG,1594,1361,RGB,2578812,7a36fffc1dbda471dc45e6f1e96996f258c3b5d717375be31b4fc58ff71616df,2135295,d325dfe0f8697fd0e12ea5525253d5f0fae1fd4eeee2543365b6c8eae2891a5e,2688,0,8064,0,True,,analysis/fs_0223_analysis.png,1390548,33b97cb31344e6f663be632ee8e223b4585b3f8c9fd2c18e5ed32a4a5ae4b4e6,thumbnails/fs_0223.jpg,44504,bccd9cb9fd130d0b5aae15eccc2835aaf2dbae33fb618f0c7afcc155fd1c9c05,dlstupka/hth-baptisms-san-antonio-1788-1824--1858-1898,61efff529fb7330a92f8d423c40c45bc60bb841c,dlstupka/hth,4b88d0aead2931a9d8a127afbd852f196d6b51ec,,,,,,,,,,not_reviewed,,
224,Baptisms_San_Antonio_Baptism_Records_1788-1824_1858-1898.docx,224,rId228,word/media/image224.png,raw/fs_0224.png,PNG,1594,1361,RGB,2599281,f0805f92108fe1615f9f43d60c87a5a24bf2b424cf600ccfeb7beff306face60,2145135,6859736f4e9f6d464571c40edb929e7dfa34b31ed4dd1eda6b033c8d0261f3fe,2688,0,8064,0,True,,analysis/fs_0224_analysis.png,1398677,68dc094dd124222be043b29c019134b6e260da31224b4c546df2eddd35059ae1,thumbnails/fs_0224.jpg,46219,595d43b0c433677802326c44e9c9ffab28337e656d900acba400520e427b6927,dlstupka/hth-baptisms-san-antonio-1788-1824--1858-1898,61efff529fb7330a92f8d423c40c45bc60bb841c,dlstupka/hth,4b88d0aead2931a9d8a127afbd852f196d6b51ec,,,,,,,,,,not_reviewed,,
225,Baptisms_San_Antonio_Baptism_Records_1788-1824_1858-1898.docx,225,rId229,word/media/image225.png,raw/fs_0225.png,PNG,1594,1361,RGB,2566583,a295b0fea0ce7943efac1eac32f9f6f07f8c889679bd68222394f29855715ca5,2159301,2f624306363aaf2253b3133cfcff6740f5eb1f06c255a76378568910f481868b,2688,0,8064,0,True,,analysis/fs_0225_analysis.png,1396325,6fe4adf50c539c1a05a60a49f3f1a02f743272a95ae0a10ae6e2d949abe8df47,thumbnails/fs_0225.jpg,44939,ee6a760dc8cb488e0dd0a5fb1156d858dc9bdc6ae3812260d9aa579ac31e29e2,dlstupka/hth-baptisms-san-antonio-1788-1824--1858-1898,61efff529fb7330a92f8d423c40c45bc60bb841c,dlstupka/hth,4b88d0aead2931a9d8a127afbd852f196d6b51ec,,,,,,,,,,not_reviewed,,
226,Baptisms_San_Antonio_Baptism_Records_1788-1824_1858-1898.docx,226,rId230,word/media/image226.png,raw/fs_0226.png,PNG,1642,1361,RGB,2533887,af98eb8ddc1c35c0d6d00ce257ab10de7c18d20e22cf04f2f8e92a4f89ae00de,2126757,76d12f60e75e439b9d88262629d23e31593d35e7cb9e5a3371f4e94aaa0eedfb,2688,0,5376,0,True,,analysis/fs_0226_analysis.png,1387031,e132d502dd4218543c9aef9871e9124958b6bb8d5121505b422301cd929bdf50,thumbnails/fs_0226.jpg,44682,2b25c6cc063ac025737d0e0f010a9581ee953f0a20545b8148e60fd0633a3c85,dlstupka/hth-baptisms-san-antonio-1788-1824--1858-1898,61efff529fb7330a92f8d423c40c45bc60bb841c,dlstupka/hth,4b88d0aead2931a9d8a127afbd852f196d6b51ec,,,,,,,,,,not_reviewed,,
227,Baptisms_San_Antonio_Baptism_Records_1788-1824_1858-1898.docx,227,rId231,word/media/image227.png,raw/fs_0227.png,PNG,1546,1361,RGB,2497857,4a71eacf1e9135a51e9718660229146f807100b4a0d10692493695878f73ef2c,2103635,ea026a892ba48fdfa64df737877cd15f61946d8a167c582b331bf1ad1b3a349c,5376,0,8064,0,True,,analysis/fs_0227_analysis.png,1357134,40ec4caa9b5d30f74a4cdaed652e5ed8ff2a97b1c199842ee7cd2f705db2cc13,thumbnails/fs_0227.jpg,42083,a45c325a37afb96ccc44e00457991962994e50077925adac79c18bcd053af131,dlstupka/hth-baptisms-san-antonio-1788-1824--1858-1898,61efff529fb7330a92f8d423c40c45bc60bb841c,dlstupka/hth,4b88d0aead2931a9d8a127afbd852f196d6b51ec,,,,,,,,,,not_reviewed,,
228,Baptisms_San_Antonio_Baptism_Records_1788-1824_1858-1898.docx,228,rId232,word/media/image228.png,raw/fs_0228.png,PNG,1546,1361,RGB,2498040,f951601e5967831733fb0b5ebf1b273ff91909ca640a487f40d7c69887082cfe,2082271,212d622d2413c17171f0e24cd24b3873e781f0db8c6ee4b2c47976a4f6400c7b,5376,0,8064,0,True,,analysis/fs_0228_analysis.png,1353630,d5aaabdcaed296b273dae53737e9e0e0864af7a89bb446afbc23440b94c3390a,thumbnails/fs_0228.jpg,43140,f7e649ee62ec825e9f24d61a5bce2abc129b762f429216cefc0a11b0eaf3e6c6,dlstupka/hth-baptisms-san-antonio-1788-1824--1858-1898,61efff529fb7330a92f8d423c40c45bc60bb841c,dlstupka/hth,4b88d0aead2931a9d8a127afbd852f196d6b51ec,,,,,,,,,,not_reviewed,,
229,Baptisms_San_Antonio_Baptism_Records_1788-1824_1858-1898.docx,229,rId233,word/media/image229.png,raw/fs_0229.png,PNG,1594,1361,RGB,2570971,a5d1965d2a92f3e319325c1e2d95db8373929dee53b452a62a554aeceda8879b,2138186,985f2a879452c66219f0a83d90084a0ceeb3a174a8633e3795d29118a55b4c1d,5376,0,5376,0,True,,analysis/fs_0229_analysis.png,1379944,b3a3c7b67c3f809f6dfa71329ac6411d78b2c21f9f6e54fc51e9ab473ba26554,thumbnails/fs_0229.jpg,44363,72f28283822bef8d17b0b59b4b8b28d6fb402eeb375617c7a1a47a2c0919666c,dlstupka/hth-baptisms-san-antonio-1788-1824--1858-1898,61efff529fb7330a92f8d423c40c45bc60bb841c,dlstupka/hth,4b88d0aead2931a9d8a127afbd852f196d6b51ec,,,,,,,,,,not_reviewed,,
230,Baptisms_San_Antonio_Baptism_Records_1788-1824_1858-1898.docx,230,rId234,word/media/image230.png,raw/fs_0230.png,PNG,1546,1361,RGB,2276395,1bb1e48c23e33e7e4c954a7bf0f129a865e7bac394b8fcc034f8d5f0da24a758,1968289,25994e5b20f05740e55a1caf38b8bd441beadc9718246d3b3b8c76cc65ccfaf6,5376,0,8064,0,True,,analysis/fs_0230_analysis.png,1261803,767ac8e784da6f61c821485cc24236dfe05eedf8d21812508d89d2bf88c4387e,thumbnails/fs_0230.jpg,40277,ccd407bd8ed83d0886182dfcc23e7c89cbeba836880c5464687dc117d37357a3,dlstupka/hth-baptisms-san-antonio-1788-1824--1858-1898,61efff529fb7330a92f8d423c40c45bc60bb841c,dlstupka/hth,4b88d0aead2931a9d8a127afbd852f196d6b51ec,,,,,,,,,,not_reviewed,,
231,Baptisms_San_Antonio_Baptism_Records_1788-1824_1858-1898.docx,231,rId235,word/media/image231.png,raw/fs_0231.png,PNG,1642,1361,RGB,2520582,92d81f9c743fe5a296517b0ba8c44b70dba7b03fa7a8a71cff669723b83ee62a,2077791,fcb482b353e99706374c316b6ab93a70c27db9a512a1e48b15f11a694fd04db4,2688,0,5376,0,True,,analysis/fs_0231_analysis.png,1364073,481421f22110632261840eea9b3d39e99da2c338b7ee7a9e5f6f40050902f3a3,thumbnails/fs_0231.jpg,45354,0846fd6da17d677dac45d7e64363968853c744467ea2f5fd9222a3fae2b502fc,dlstupka/hth-baptisms-san-antonio-1788-1824--1858-1898,61efff529fb7330a92f8d423c40c45bc60bb841c,dlstupka/hth,4b88d0aead2931a9d8a127afbd852f196d6b51ec,,,,,,,,,,not_reviewed,,
232,Baptisms_San_Antonio_Baptism_Records_1788-1824_1858-1898.docx,232,rId236,word/media/image232.png,raw/fs_0232.png,PNG,1642,1361,RGB,2418667,be131ab97090082bce485f8556de553a6c68e26ceef22629b1e7d4e5166a7e96,2040102,6ae0d0d9cb46a3d510328a4c7df5e574b242c9f732f91aba0c0f32597a121631,2688,0,5376,0,True,,analysis/fs_0232_analysis.png,1334052,351551aca9673157923e3f84b0466cfede52fc315f1bf18e2bc5f845b95d08cd,thumbnails/fs_0232.jpg,43416,9a97d24d3173eeca4484c356d0964761fe7deafdf9a65978a0dfb880b0ce2c6f,dlstupka/hth-baptisms-san-antonio-1788-1824--1858-1898,61efff529fb7330a92f8d423c40c45bc60bb841c,dlstupka/hth,4b88d0aead2931a9d8a127afbd852f196d6b51ec,,,,,,,,,,not_reviewed,,
233,Baptisms_San_Antonio_Baptism_Records_1788-1824_1858-1898.docx,233,rId237,word/media/image233.png,raw/fs_0233.png,PNG,1642,1361,RGB,2446718,1d4ad1a51b6a94a168aa98d1dafc8a0194987eb0e5f447ceccd08bbc317a1bf2,2070553,f87a5f7622f0ec8cf5a0f23fda2e444a27496a52953613388bde050ad02e7918,2688,0,5376,0,True,,analysis/fs_0233_analysis.png,1343554,3a987fe82613ee19ca68fd08a6082f846936e919c757d433bf5e6b98090fc289,thumbnails/fs_0233.jpg,46082,b00beb1a9e3a8528ca8028369875b388d6fce08b3a7fbcc93b3c97fc0933e447,dlstupka/hth-baptisms-san-antonio-1788-1824--1858-1898,61efff529fb7330a92f8d423c40c45bc60bb841c,dlstupka/hth,4b88d0aead2931a9d8a127afbd852f196d6b51ec,,,,,,,,,,not_reviewed,,
234,Baptisms_San_Antonio_Baptism_Records_1788-1824_1858-1898.docx,234,rId238,word/media/image234.png,raw/fs_0234.png,PNG,1642,1361,RGB,2513346,d794ae0a82f20aa98d2feab82a41251da2455e8ab7504adcd834a4ed57639295,2095692,00ee51666e6af272a26f28ccbd7c231f1ee4062ef598837c35b9066d89034195,2688,0,5376,0,True,,analysis/fs_0234_analysis.png,1366052,148cbc0358da32d0da58837b45d175a9541cd103770f4bae60fd9a8b11e93954,thumbnails/fs_0234.jpg,46033,89b45d50094019c8f82bb63c211c3377736ffa58d5dec70e19dc12800d69fbed,dlstupka/hth-baptisms-san-antonio-1788-1824--1858-1898,61efff529fb7330a92f8d423c40c45bc60bb841c,dlstupka/hth,4b88d0aead2931a9d8a127afbd852f196d6b51ec,,,,,,,,,,not_reviewed,,
235,Baptisms_San_Antonio_Baptism_Records_1788-1824_1858-1898.docx,235,rId239,word/media/image235.png,raw/fs_0235.png,PNG,1642,1361,RGB,2457853,73fdc6c7d9f0bfd679edf07bbc9e0547a70eafff6a326bbf43907090f580af2f,2066003,894ae7f741c0eb5dfbdbb4b0ca6b49e20d40a8a518eb7dbc17d4649917e143f9,2688,0,5376,0,True,,analysis/fs_0235_analysis.png,1348033,836bb4e80c0d940c721ec1bbe8afcbed9d6e8fd5541fc24b967f2fbd79c9d2f5,thumbnails/fs_0235.jpg,42961,7d9b0c273c0e568ad1a2a97f6f61c9978fa05bf7cd3a15821bc9610032748619,dlstupka/hth-baptisms-san-antonio-1788-1824--1858-1898,61efff529fb7330a92f8d423c40c45bc60bb841c,dlstupka/hth,4b88d0aead2931a9d8a127afbd852f196d6b51ec,,,,,,,,,,not_reviewed,,
236,Baptisms_San_Antonio_Baptism_Records_1788-1824_1858-1898.docx,236,rId240,word/media/image236.png,raw/fs_0236.png,PNG,1642,1361,RGB,2462355,d4ed9a0b66df443567906ddc5e6cf4285ab5961da73663a57842790269b84baf,2058027,b6d9dd5452161a8cf45dcadb100ffdadb84b6b0ca90f286e0f1077919e317bf0,2688,0,5376,0,True,,analysis/fs_0236_analysis.png,1343589,34967de8f5fba790c73983e2f55451e421815cc2953c5a6ffb9495ca1e06dbe6,thumbnails/fs_0236.jpg,43601,29cf145863ed4ae56aa3b1973d9c68b483a1bf321cfb1610341eed805253b1a8,dlstupka/hth-baptisms-san-antonio-1788-1824--1858-1898,61efff529fb7330a92f8d423c40c45bc60bb841c,dlstupka/hth,4b88d0aead2931a9d8a127afbd852f196d6b51ec,,,,,,,,,,not_reviewed,,
237,Baptisms_San_Antonio_Baptism_Records_1788-1824_1858-1898.docx,237,rId241,word/media/image237.png,raw/fs_0237.png,PNG,1594,1361,RGB,2434260,5010bca14c80d3f22db7db9a9422630896a76d9a804248a375fa6027e9d7dd1d,2043101,1aa1bd869e6ec75976a8670983e05d90a95e6f25e5e76cec26bde18550b133b1,5376,0,5376,0,True,,analysis/fs_0237_analysis.png,1328690,b26f9c5fb47df756128b59659e0959d36f1a7d83be329e1210ac2097b00441cc,thumbnails/fs_0237.jpg,41439,dab605324b298cb91dafd332827850ddf55afa83223764db0b74297fead70501,dlstupka/hth-baptisms-san-antonio-1788-1824--1858-1898,61efff529fb7330a92f8d423c40c45bc60bb841c,dlstupka/hth,4b88d0aead2931a9d8a127afbd852f196d6b51ec,,,,,,,,,,not_reviewed,,
238,Baptisms_San_Antonio_Baptism_Records_1788-1824_1858-1898.docx,238,rId242,word/media/image238.png,raw/fs_0238.png,PNG,1546,1361,RGB,2325127,aaf3eececb5b1cc7e13b8d407a3cb00be80e8ae3af28a42592ebdba4a49db790,1999190,058d6b395124af41be10787639b0bf885ac16dd5945810fb5367940c9ffd48b7,5376,0,8064,0,True,,analysis/fs_0238_analysis.png,1286933,a028a12460aab73710d273b00e91807c699a299b370302d038161bd6597e3677,thumbnails/fs_0238.jpg,38193,9435bbc521245c80f5d9c3828921104ac78161b8e15f6be654f4d119aa99e8f2,dlstupka/hth-baptisms-san-antonio-1788-1824--1858-1898,61efff529fb7330a92f8d423c40c45bc60bb841c,dlstupka/hth,4b88d0aead2931a9d8a127afbd852f196d6b51ec,,,,,,,,,,not_reviewed,,
239,Baptisms_San_Antonio_Baptism_Records_1788-1824_1858-1898.docx,239,rId243,word/media/image239.png,raw/fs_0239.png,PNG,1546,1361,RGB,2400763,c5c5fe36f554ef0bb02ad0d75bb303d60e0dcdcf6d692d371de498a5bfdc7c8e,2033825,4a1596985750d4cdc27b6b54b54749074968cebc02f52ef81fdc341298070694,5376,0,8064,0,True,,analysis/fs_0239_analysis.png,1310921,800cb4c2cfde2ef45370087e76fea012cd63caade37a49e6a57f765b57017d61,thumbnails/fs_0239.jpg,41483,17cb16174dc835544ddf05088a66afcbd505085e33e6702f8e4456044e867f45,dlstupka/hth-baptisms-san-antonio-1788-1824--1858-1898,61efff529fb7330a92f8d423c40c45bc60bb841c,dlstupka/hth,4b88d0aead2931a9d8a127afbd852f196d6b51ec,,,,,,,,,,not_reviewed,,
240,Baptisms_San_Antonio_Baptism_Records_1788-1824_1858-1898.docx,240,rId244,word/media/image240.png,raw/fs_0240.png,PNG,1594,1361,RGB,2452192,2f70d7d64d9db9fcff0c6947464aa82fcb554f259068b9f8dc68d9b8aecd6b12,2055776,ed0fd98bb16d600036215441962785642188bbf8d1ec8313ee36202e9f730d2a,2688,0,8064,0,True,,analysis/fs_0240_analysis.png,1318625,b9c7b63f3667e744b58830efb55e11d0415667c47f3e84481a8771e4b05444dd,thumbnails/fs_0240.jpg,43478,beff794a25db14ae21824f059f42d09b69f929cc1728531b52cb886c3ce555da,dlstupka/hth-baptisms-san-antonio-1788-1824--1858-1898,61efff529fb7330a92f8d423c40c45bc60bb841c,dlstupka/hth,4b88d0aead2931a9d8a127afbd852f196d6b51ec,,,,,,,,,,not_reviewed,,
241,Baptisms_San_Antonio_Baptism_Records_1788-1824_1858-1898.docx,241,rId245,word/media/image241.png,raw/fs_0241.png,PNG,1546,1361,RGB,2340213,b282d1f3603b24b04ed5057e4c4f517b2d5138c1f35a1da366c291daa72db2d7,1997570,2dd136b675979875d4e82cd5b636b515b8b280b2d00a40cc805e49bc28b2298d,5376,0,8064,0,True,,analysis/fs_0241_analysis.png,1285801,4e8b73fd16a0c9a12afd2882d15e57cfa5dd75560058d0252fd7628205816f75,thumbnails/fs_0241.jpg,40502,6d94367bbe68e7d694d821d0bcf810c516ac5c3d418ce3ba330d5f878ce89fe4,dlstupka/hth-baptisms-san-antonio-1788-1824--1858-1898,61efff529fb7330a92f8d423c40c45bc60bb841c,dlstupka/hth,4b88d0aead2931a9d8a127afbd852f196d6b51ec,,,,,,,,,,not_reviewed,,
242,Baptisms_San_Antonio_Baptism_Records_1788-1824_1858-1898.docx,242,rId246,word/media/image242.png,raw/fs_0242.png,PNG,1546,1361,RGB,2381400,9815aa374add47636d20f178bb0eb3bab47438b525801d8b0eb18d78df34ad17,2003668,21c8f0d08a68e7d5ac321d749bdc816944f5f09f8823aafb67215f89330bb557,5376,0,8064,0,True,,analysis/fs_0242_analysis.png,1299195,6c1c495dce4d34bf81f7626ddafd8d90b5e79a7d48148addaf5c4bf8431bbfd8,thumbnails/fs_0242.jpg,41403,a92cafd2e4d941f75c6788eeeb550c09dc0409c4a6c4cfcc4c18c29ccd0e9b20,dlstupka/hth-baptisms-san-antonio-1788-1824--1858-1898,61efff529fb7330a92f8d423c40c45bc60bb841c,dlstupka/hth,4b88d0aead2931a9d8a127afbd852f196d6b51ec,,,,,,,,,,not_reviewed,,
243,Baptisms_San_Antonio_Baptism_Records_1788-1824_1858-1898.docx,243,rId247,word/media/image243.png,raw/fs_0243.png,PNG,1546,1361,RGB,2451749,5986b051cbbe4138de3ce0776b1819e2577d1d12b66e4d51eacca69911686e35,2045330,537d9b164fe16919adeb608f6af6083923e0eea709dc5ddca61493426ed580d4,5376,0,8064,0,True,,analysis/fs_0243_analysis.png,1315044,fd03beb788aee620ee94c3425728aeeaf3f3457fd9e2adafebc0dda0000be322,thumbnails/fs_0243.jpg,42250,83439af902a6dd4bf9b43dd2b898966309d4022652d0a9dbb46bdc9ba4978eeb,dlstupka/hth-baptisms-san-antonio-1788-1824--1858-1898,61efff529fb7330a92f8d423c40c45bc60bb841c,dlstupka/hth,4b88d0aead2931a9d8a127afbd852f196d6b51ec,,,,,,,,,,not_reviewed,,
244,Baptisms_San_Antonio_Baptism_Records_1788-1824_1858-1898.docx,244,rId248,word/media/image244.png,raw/fs_0244.png,PNG,1546,1361,RGB,2373772,da65be609f1c34400aa8bf02910ee66a73f6fb9c0466bcac0a9db966ac624003,1999366,7a4e72b46c420c742a456318a9c63c3c6991111ee2bfcb49b9afcd26a4e8eec1,5376,0,8064,0,True,,analysis/fs_0244_analysis.png,1301567,71d93f931068c87ba2987ae957de973904a6cf9d01ee8f68f0dd365fcc6b0573,thumbnails/fs_0244.jpg,40408,fd8fa553b1b72942078e32ba45c2b74af271812ee6bc9a77c7a3c592e7e0d0b1,dlstupka/hth-baptisms-san-antonio-1788-1824--1858-1898,61efff529fb7330a92f8d423c40c45bc60bb841c,dlstupka/hth,4b88d0aead2931a9d8a127afbd852f196d6b51ec,,,,,,,,,,not_reviewed,,
245,Baptisms_San_Antonio_Baptism_Records_1788-1824_1858-1898.docx,245,rId249,word/media/image245.png,raw/fs_0245.png,PNG,1521,1361,RGB,2270968,6e43a5a302867d70da34ba6bab4fbf8350c1790e55b7072b69029050a544b2da,1942513,02817544390d54d7f72515ee9152cee0aa929b465738a933dcdc9280a0255e70,4080,0,10752,0,True,,analysis/fs_0245_analysis.png,1262682,c8ae87c16ffa46e03a3aef8ca0e64bc5f860f147c135132db0ea7419a5d361c9,thumbnails/fs_0245.jpg,40374,3b909fbccfe624aa15dc77b74d82dd0b87d455dffd5935fff9a13dbf36c9e76e,dlstupka/hth-baptisms-san-antonio-1788-1824--1858-1898,61efff529fb7330a92f8d423c40c45bc60bb841c,dlstupka/hth,4b88d0aead2931a9d8a127afbd852f196d6b51ec,,,,,,,,,,not_reviewed,,
246,Baptisms_San_Antonio_Baptism_Records_1788-1824_1858-1898.docx,246,rId250,word/media/image246.png,raw/fs_0246.png,PNG,1642,1361,RGB,2474794,bcdbe4ecb1278050418c801cbbebda7544406764d4129c0dba1d9b5973855fb5,2085992,3f5f2fcdf10e61da54fe126395d4deff90e0c0348b2d04e20795f9b3f6f7d873,2688,0,5376,0,True,,analysis/fs_0246_analysis.png,1356231,19e49bdee524a987a27f0c26196bbdca7f424407d9d2918e4719990a23f01545,thumbnails/fs_0246.jpg,43062,54be847bd036abdde825badbb7946bacecf468a0e34bad10c7e36169ac4be163,dlstupka/hth-baptisms-san-antonio-1788-1824--1858-1898,61efff529fb7330a92f8d423c40c45bc60bb841c,dlstupka/hth,4b88d0aead2931a9d8a127afbd852f196d6b51ec,,,,,,,,,,not_reviewed,,
247,Baptisms_San_Antonio_Baptism_Records_1788-1824_1858-1898.docx,247,rId251,word/media/image247.png,raw/fs_0247.png,PNG,1642,1361,RGB,2467941,7e9e86347b0d1f425f4062108095ce6cac725f4672e00e38defea4349d15e1a2,2060539,9dac717f391dcd44d5d4fdf6b95b06fa343cb626b82887708cfe0bf1b9147ca1,2688,0,5376,0,True,,analysis/fs_0247_analysis.png,1346748,17aced1c92a6bba846dd8a610f2b30ccbfa02ca746eab330e0a05a30fa552c66,thumbnails/fs_0247.jpg,42332,4fd3457b9a87853c2affc130243393b4d2194349cc6bb6c1f8e146a8294e2264,dlstupka/hth-baptisms-san-antonio-1788-1824--1858-1898,61efff529fb7330a92f8d423c40c45bc60bb841c,dlstupka/hth,4b88d0aead2931a9d8a127afbd852f196d6b51ec,,,,,,,,,,not_reviewed,,
248,Baptisms_San_Antonio_Baptism_Records_1788-1824_1858-1898.docx,248,rId252,word/media/image248.png,raw/fs_0248.png,PNG,1607,1361,RGB,2456141,10419696c22d211c61fd97f27b483615802784564c7e50edb9c0c9d97dcfe19c,2075864,52e00c6af1cb78651c210d40b0ee7aee0b9880df61f511eab1f72b7ebe2935d6,1465,0,8545,0,True,,analysis/fs_0248_analysis.png,1358632,2bb70c08e7482423c00f74dcc90263715de35dfe750c3a770d7e51c74ead9590,thumbnails/fs_0248.jpg,41746,669df62e2c48427e0fc5d3949d11c8e738fb6a017e0de72f44de2052f6aef967,dlstupka/hth-baptisms-san-antonio-1788-1824--1858-1898,61efff529fb7330a92f8d423c40c45bc60bb841c,dlstupka/hth,4b88d0aead2931a9d8a127afbd852f196d6b51ec,,,,,,,,,,not_reviewed,,
249,Baptisms_San_Antonio_Baptism_Records_1788-1824_1858-1898.docx,249,rId253,word/media/image249.png,raw/fs_0249.png,PNG,1594,1361,RGB,2421974,beb8e50738efd4407a3d7f799d8399954f22332ddf4f33f2aea9458cb45b2a6d,2055457,47dd86c2f16f03da0226c4dcc08e9f4cab820bb6b357b8525444a1af22894112,2688,0,8064,0,True,,analysis/fs_0249_analysis.png,1330189,ad59c45b12af924f926009d6d54db47cb536b59c5b53fb010dec7deb70e9b8c4,thumbnails/fs_0249.jpg,40349,31330d951aa1d68d2ff91b3ea77a2c567a1f88f4d9aa5babcf3c3884cf66d56b,dlstupka/hth-baptisms-san-antonio-1788-1824--1858-1898,61efff529fb7330a92f8d423c40c45bc60bb841c,dlstupka/hth,4b88d0aead2931a9d8a127afbd852f196d6b51ec,,,,,,,,,,not_reviewed,,
250,Baptisms_San_Antonio_Baptism_Records_1788-1824_1858-1898.docx,250,rId254,word/media/image250.png,raw/fs_0250.png,PNG,1594,1361,RGB,2505699,e671a832ad9eb9a497957c9c8ad4a4ef5a309c3b2029ffdec5876f1f3d0b979d,2098830,6a776e0f12c8a5fed531ca1ea00046490b7d577b0d99e1e232bc409e050c161f,2688,0,8064,0,True,,analysis/fs_0250_analysis.png,1361916,4a4652f52c213b88e7d2db008e5a26509fdcfe0047918ea64b0e64d5c246dbd8,thumbnails/fs_0250.jpg,41382,225f56a6c7df5da8a8d894008cd5070eacecefff6f11d3309470a7a3353ca988,dlstupka/hth-baptisms-san-antonio-1788-1824--1858-1898,61efff529fb7330a92f8d423c40c45bc60bb841c,dlstupka/hth,4b88d0aead2931a9d8a127afbd852f196d6b51ec,,,,,,,,,,not_reviewed,,
251,Baptisms_San_Antonio_Baptism_Records_1788-1824_1858-1898.docx,251,rId255,word/media/image251.png,raw/fs_0251.png,PNG,1642,1361,RGB,2467878,d5ebbb010ceb3ec24cec30b1c2eccc34177e8ea6aad6328af260cab08bb941c7,2092649,8a9cd42dee3daf130858ab50d6ac137a79e9547f524fcc8dd07563f05921186f,0,0,8064,0,True,,analysis/fs_0251_analysis.png,1357269,69d85bb603559d71fd4af93fe7b7358c3984d9ceab8c9581db4a36bd09d5d4ea,thumbnails/fs_0251.jpg,42266,110fe43822280e35e6639135c3eaba02367ba9f7cdba1a8e703e3c20db5876a2,dlstupka/hth-baptisms-san-antonio-1788-1824--1858-1898,61efff529fb7330a92f8d423c40c45bc60bb841c,dlstupka/hth,4b88d0aead2931a9d8a127afbd852f196d6b51ec,,,,,,,,,,not_reviewed,,
252,Baptisms_San_Antonio_Baptism_Records_1788-1824_1858-1898.docx,252,rId256,word/media/image252.png,raw/fs_0252.png,PNG,1690,1361,RGB,2509651,06e768dec43e9a4200439ca1be1b981c34a69f6541fada33b227c3d029471f05,2119349,6cc0f44148d4584473a2255a62810de7ec04e333c30e7b77fd6381ee5b743866,0,0,5376,0,True,,analysis/fs_0252_analysis.png,1385125,dc540743730306d9ec16406d286c658053b23a6ba37a008db10edbf63567453f,thumbnails/fs_0252.jpg,43805,ecc2746a2a6651de308ebb7c64d430ba577cb401bf4ea87b826ab2d8cbcfc3d6,dlstupka/hth-baptisms-san-antonio-1788-1824--1858-1898,61efff529fb7330a92f8d423c40c45bc60bb841c,dlstupka/hth,4b88d0aead2931a9d8a127afbd852f196d6b51ec,,,,,,,,,,not_reviewed,,
253,Baptisms_San_Antonio_Baptism_Records_1788-1824_1858-1898.docx,253,rId257,word/media/image253.png,raw/fs_0253.png,PNG,1642,1361,RGB,2380370,19926c67687d18b801b055a8539f5f59801df9bcc9f21a5a920c78ecbeae7934,2035345,001bf0609e43de7b4c614e636ddc1ed787d8685d3b2f4353789117f80f505e1c,2688,0,5376,0,True,,analysis/fs_0253_analysis.png,1326521,e65d277525472b736526cf22c36f434625d997f4290e16b251fc7e4c2e09422d,thumbnails/fs_0253.jpg,41154,39371a305e3938a3ec666f0ec97b2b8804f15002d1aa685a966e45bfbf5587d4,dlstupka/hth-baptisms-san-antonio-1788-1824--1858-1898,61efff529fb7330a92f8d423c40c45bc60bb841c,dlstupka/hth,4b88d0aead2931a9d8a127afbd852f196d6b51ec,,,,,,,,,,not_reviewed,,
254,Baptisms_San_Antonio_Baptism_Records_1788-1824_1858-1898.docx,254,rId258,word/media/image254.png,raw/fs_0254.png,PNG,1642,1361,RGB,2451279,a854586c5f81c9cae0c133e3104c8807a75370a6b9dc43d5e5436440d37fad83,2075230,5e99e5e2644d03644e63266a9ad22e69a79c040a4a9f588473c1e70d94fda30f,2688,0,5376,0,True,,analysis/fs_0254_analysis.png,1357236,4462fc3400ebd862df8145d22cd7edef945ddb2ccbe130cc4d25b587c1ee4bb7,thumbnails/fs_0254.jpg,42207,3a2db01b603320f19faa1e2d11aa3c2b22deadca25ddccec4011428e42ac0131,dlstupka/hth-baptisms-san-antonio-1788-1824--1858-1898,61efff529fb7330a92f8d423c40c45bc60bb841c,dlstupka/hth,4b88d0aead2931a9d8a127afbd852f196d6b51ec,,,,,,,,,,not_reviewed,,
255,Baptisms_San_Antonio_Baptism_Records_1788-1824_1858-1898.docx,255,rId259,word/media/image255.png,raw/fs_0255.png,PNG,1642,1361,RGB,2460707,8a3d01141e84789c5208780b4100eeb6239376f1fff703c3a4368ffd223702ab,2077920,97e3720a481359c7a83a36ac6c1154f0602321da3140695a1017e27f6215ffea,2688,0,5376,0,True,,analysis/fs_0255_analysis.png,1354870,33463258579a42a6f7f3a1cb55a22eec3e335c96f721051c0827ad728aeeb59d,thumbnails/fs_0255.jpg,42889,5a9e029c991f45e8a17d3e9a259e70b4aae01f1336980968b63a7a784419e015,dlstupka/hth-baptisms-san-antonio-1788-1824--1858-1898,61efff529fb7330a92f8d423c40c45bc60bb841c,dlstupka/hth,4b88d0aead2931a9d8a127afbd852f196d6b51ec,,,,,,,,,,not_reviewed,,
256,Baptisms_San_Antonio_Baptism_Records_1788-1824_1858-1898.docx,256,rId260,word/media/image256.png,raw/fs_0256.png,PNG,1594,1361,RGB,2402713,dde88e9e3cadc458a5780fe8baa59c7b9619e2ed9dd2c153425c4ec21e31e331,2026087,38d14c211899eefeeb647369fc3d4b71c37ca64b83fe958ceed2c845266afc42,2688,0,8064,0,True,,analysis/fs_0256_analysis.png,1344419,2092514243dbb58290f3a26809b15f4ae84a35c92dba25574e77d1732ecf777b,thumbnails/fs_0256.jpg,40724,add9b686b30ecd11aef4e4293d02e6329e1d6dc8f307273afc86ee66be159961,dlstupka/hth-baptisms-san-antonio-1788-1824--1858-1898,61efff529fb7330a92f8d423c40c45bc60bb841c,dlstupka/hth,4b88d0aead2931a9d8a127afbd852f196d6b51ec,,,,,,,,,,not_reviewed,,
257,Baptisms_San_Antonio_Baptism_Records_1788-1824_1858-1898.docx,257,rId261,word/media/image257.png,raw/fs_0257.png,PNG,1609,1361,RGB,2376173,e863e0b88c5c069b2abaf745c454573d020504f51f65a3f22f6a8314bbc95daa,2050035,1466972dc0c2b09e2afc38cb22a8bfcab064a2638f6284400652a730adbfdcac,1831,0,8064,0,True,,analysis/fs_0257_analysis.png,1329291,9521d953b673dd28a676d0e5846e426fcf933a63b22a19b81cabc0ad38946438,thumbnails/fs_0257.jpg,38879,0a360c2fcfaae4607fd9116c70c247f845f3ab8169cfe9cf841c5203cfa247eb,dlstupka/hth-baptisms-san-antonio-1788-1824--1858-1898,61efff529fb7330a92f8d423c40c45bc60bb841c,dlstupka/hth,4b88d0aead2931a9d8a127afbd852f196d6b51ec,,,,,,,,,,not_reviewed,,
258,Baptisms_San_Antonio_Baptism_Records_1788-1824_1858-1898.docx,258,rId262,word/media/image258.png,raw/fs_0258.png,PNG,1642,1361,RGB,2497566,7ef8ec12655e26ad21d71728d49c55fbf69523a5b260cd7e77a6be6a6bd3a71b,2115780,7435ec4af0bc920e62ae4e878d40d8145c76ad8650ab042b775e5a48b6119e27,0,0,8064,0,True,,analysis/fs_0258_analysis.png,1362912,ca3785ff934a3f6a3dcf58935e92c3919fa11947445a5e69ebe6be967ce58d15,thumbnails/fs_0258.jpg,42967,52bdc9efafa8d4ad25e67afbab1add5cf23a08d55723a30e69e551b3b15dc60a,dlstupka/hth-baptisms-san-antonio-1788-1824--1858-1898,61efff529fb7330a92f8d423c40c45bc60bb841c,dlstupka/hth,4b88d0aead2931a9d8a127afbd852f196d6b51ec,,,,,,,,,,not_reviewed,,
259,Baptisms_San_Antonio_Baptism_Records_1788-1824_1858-1898.docx,259,rId263,word/media/image259.png,raw/fs_0259.png,PNG,1594,1361,RGB,2327309,232ed1d609928432c567356e5d0231ea92408d626c081add25913583ff0632ea,2024341,4da6cacd8b5d7a19255a0ff7f6662b9fbdafbddec5ce47940ed9593d8a3453ae,2688,0,8064,0,True,,analysis/fs_0259_analysis.png,1305033,a4752a4b5e69d45f7651bb3bfb2e954f072f1ef8b56a9747d5cfcd0eff0ae31b,thumbnails/fs_0259.jpg,40047,b6611e4fe63a5da49ad9f9f325e2c9f94a7b4f6946a9e47513c16136a49d5329,dlstupka/hth-baptisms-san-antonio-1788-1824--1858-1898,61efff529fb7330a92f8d423c40c45bc60bb841c,dlstupka/hth,4b88d0aead2931a9d8a127afbd852f196d6b51ec,,,,,,,,,,not_reviewed,,
260,Baptisms_San_Antonio_Baptism_Records_1788-1824_1858-1898.docx,260,rId264,word/media/image260.png,raw/fs_0260.png,PNG,1690,1361,RGB,2439177,28b8a69b37fe221ec02d8b4c8b2a03cd593a1f416ff1cc310125caa16595e7e0,2062367,c739bd7ba28cee4c06200bff2b975fe3adf424d253313edc66ba3acbebf5650e,0,0,5376,0,True,,analysis/fs_0260_analysis.png,1346011,67686d2afc8fa161592a2bf37cb432ed8339d1486e8c6b75828c9d97091e0253,thumbnails/fs_0260.jpg,42025,22a510ed642a3350595eed8615edb63bb8994e7dcd66065925d57d7ddacd2f66,dlstupka/hth-baptisms-san-antonio-1788-1824--1858-1898,61efff529fb7330a92f8d423c40c45bc60bb841c,dlstupka/hth,4b88d0aead2931a9d8a127afbd852f196d6b51ec,,,,,,,,,,not_reviewed,,
261,Baptisms_San_Antonio_Baptism_Records_1788-1824_1858-1898.docx,261,rId265,word/media/image261.png,raw/fs_0261.png,PNG,1594,1361,RGB,2394808,5fadfa39377476fe69997dabe3e2be641a519843f6e4373b4dde2053b447937b,2048623,ee05ba22a44a2c61c83db4e3a1bb2e719ef1de9d3618c88f56e5dfadee72e618,2688,0,8064,0,True,,analysis/fs_0261_analysis.png,1325257,12fe78fd74c7cbeba544c3601938a86614b65151e9a805a4317eaef00df6171b,thumbnails/fs_0261.jpg,40876,ac0b87f5fc986dfa489b564732c386777a1f1134af1f16040f95664e4b250526,dlstupka/hth-baptisms-san-antonio-1788-1824--1858-1898,61efff529fb7330a92f8d423c40c45bc60bb841c,dlstupka/hth,4b88d0aead2931a9d8a127afbd852f196d6b51ec,,,,,,,,,,not_reviewed,,
262,Baptisms_San_Antonio_Baptism_Records_1788-1824_1858-1898.docx,262,rId266,word/media/image262.png,raw/fs_0262.png,PNG,1594,1361,RGB,2368684,70a4a1abc6fa46d3861f2bf9e7496f7995bded877121c51fb350c47ccd94f1f5,2021912,ccccb74e841bd003d1c259c68392e2d50eb8e18d7a589ca1122ff575bfbde592,2688,0,8064,0,True,,analysis/fs_0262_analysis.png,1313926,43db1ec4beba3a528123b1ecd2c010e738e732af9b11be8c5fc45d109b38b60a,thumbnails/fs_0262.jpg,40167,e4a0c99478827159353b5a7cc20c484cfb23d3538507fc5ca32af2a863b6bc3d,dlstupka/hth-baptisms-san-antonio-1788-1824--1858-1898,61efff529fb7330a92f8d423c40c45bc60bb841c,dlstupka/hth,4b88d0aead2931a9d8a127afbd852f196d6b51ec,,,,,,,,,,not_reviewed,,
263,Baptisms_San_Antonio_Baptism_Records_1788-1824_1858-1898.docx,263,rId267,word/media/image263.png,raw/fs_0263.png,PNG,1594,1361,RGB,2442179,947d342e10074ab8ee7838488920eba9c427edc49361f27333e4c09758e1b20a,2074513,047b5d0773f43cabfc968f397e78595c7ffe086c3f6c27ab687d31acffc1dd6e,2688,0,8064,0,True,,analysis/fs_0263_analysis.png,1346062,fe4fbfd9ab6641907c2e5be043745503ae1df8304e023be134d4b6b275c3b1b4,thumbnails/fs_0263.jpg,44360,05376dd1841716020bc578c21a4e738f6663384988829a82866a8f07c8af8d12,dlstupka/hth-baptisms-san-antonio-1788-1824--1858-1898,61efff529fb7330a92f8d423c40c45bc60bb841c,dlstupka/hth,4b88d0aead2931a9d8a127afbd852f196d6b51ec,,,,,,,,,,not_reviewed,,
264,Baptisms_San_Antonio_Baptism_Records_1788-1824_1858-1898.docx,264,rId268,word/media/image264.png,raw/fs_0264.png,PNG,1594,1361,RGB,2426847,a7a5c3c54a92f14902921dfe4243eaacddfdc65ab0799056735107085ecc9e70,2074203,cfe8c20e3d6031a98b129eb74ab0590a50161caa7c197885c7e4c65fbec9ca54,2688,0,8064,0,True,,analysis/fs_0264_analysis.png,1346681,e76dddf9ddf8830c39b93889ec5ce8ccc4d0c924ec07b9bed007efebf65e6d47,thumbnails/fs_0264.jpg,41995,a15a3f236222b2289f84540786203ff0eeee44f515eaa072bb683d2ae2410c97,dlstupka/hth-baptisms-san-antonio-1788-1824--1858-1898,61efff529fb7330a92f8d423c40c45bc60bb841c,dlstupka/hth,4b88d0aead2931a9d8a127afbd852f196d6b51ec,,,,,,,,,,not_reviewed,,
265,Baptisms_San_Antonio_Baptism_Records_1788-1824_1858-1898.docx,265,rId269,word/media/image265.png,raw/fs_0265.png,PNG,1594,1361,RGB,2446259,9fcaaad06a50c16dbed1a86f3be9d6d727a042d79531698a64369a25e38b175c,2100893,71737a7ea3cd341247700cb20c376e1cc98aabdb81d06eab7385317bc6376b98,2688,0,8064,0,True,,analysis/fs_0265_analysis.png,1338864,b739141a35267d3b9914d58b00a3459f4950d660b1de0a44a8dbd664c8bf879b,thumbnails/fs_0265.jpg,42414,bb91357b5d187d1fc2f22e93f7da80ccf593667a4fcc001559dffb954f87b220,dlstupka/hth-baptisms-san-antonio-1788-1824--1858-1898,61efff529fb7330a92f8d423c40c45bc60bb841c,dlstupka/hth,4b88d0aead2931a9d8a127afbd852f196d6b51ec,,,,,,,,,,not_reviewed,,
266,Baptisms_San_Antonio_Baptism_Records_1788-1824_1858-1898.docx,266,rId270,word/media/image266.png,raw/fs_0266.png,PNG,1690,1361,RGB,2623088,a7d5553078bfde9594fd25cebb864c6e5980da3ada435c449dcc1988ec9e8ed7,2160047,f3bcef83a07e7b159760ff64d6cab88769d9382b2425c9bf07967cadb228ad2c,0,0,5376,0,True,,analysis/fs_0266_analysis.png,1408298,3c70cba1c05458e2ca6415f4a7e6e79c9e314ecb2137754e884874ce63e0fb17,thumbnails/fs_0266.jpg,46023,8f9ebb84dedc5b6a7feeebbd60dd0bd777f9b921695d7d2d69bb0ca90a61b3c6,dlstupka/hth-baptisms-san-antonio-1788-1824--1858-1898,61efff529fb7330a92f8d423c40c45bc60bb841c,dlstupka/hth,4b88d0aead2931a9d8a127afbd852f196d6b51ec,,,,,,,,,,not_reviewed,,
267,Baptisms_San_Antonio_Baptism_Records_1788-1824_1858-1898.docx,267,rId271,word/media/image267.png,raw/fs_0267.png,PNG,1690,1361,RGB,2525591,229dac479f3e2bf23aca88e4040893e8317b96420134f776df21c1a1d135e73b,2121642,2bdb0d859a27217638737d4e8484ecb847f6237c54008db6faf5a40f3136a87f,0,0,5376,0,True,,analysis/fs_0267_analysis.png,1386428,b29643fec158119f7a0b7c02da274cf9155578e78938ac3d96f76616104d5e66,thumbnails/fs_0267.jpg,45135,d1f90251f6f8336baccf8e5f999fb07ee9ca86d121b4de36cb474ba5d49c9a2e,dlstupka/hth-baptisms-san-antonio-1788-1824--1858-1898,61efff529fb7330a92f8d423c40c45bc60bb841c,dlstupka/hth,4b88d0aead2931a9d8a127afbd852f196d6b51ec,,,,,,,,,,not_reviewed,,
268,Baptisms_San_Antonio_Baptism_Records_1788-1824_1858-1898.docx,268,rId272,word/media/image268.png,raw/fs_0268.png,PNG,1690,1361,RGB,2467086,a778480308a7bd8a33abb51fe0d0735c4f95199de9b00799370a704d7564ffc3,2088230,0b073e9e57e4319e345b13ddab91f63aefd687cae0265ae1160db52363a639db,0,0,5376,0,True,,analysis/fs_0268_analysis.png,1361329,9724f9a736206cd6182d1906acf2a8ad2688109d267e48d6a048b50183d6b5b4,thumbnails/fs_0268.jpg,43807,034586008fbadb2ef341c9499c20f61e2efbd53b2535bfb23fe3f3bb7f9269cf,dlstupka/hth-baptisms-san-antonio-1788-1824--1858-1898,61efff529fb7330a92f8d423c40c45bc60bb841c,dlstupka/hth,4b88d0aead2931a9d8a127afbd852f196d6b51ec,,,,,,,,,,not_reviewed,,
269,Baptisms_San_Antonio_Baptism_Records_1788-1824_1858-1898.docx,269,rId273,word/media/image269.png,raw/fs_0269.png,PNG,1690,1361,RGB,2489008,c16c4fe8a7443673b77b0b6066a5e5e03465cf37f32befc0d5aa4ee6c2a4e9e5,2124914,626a392d243879e78976f669319e79639cd656d433962917d31bff70c32712ff,0,0,5376,0,True,,analysis/fs_0269_analysis.png,1370677,73bbaaf85d7989d271b57734e547527487ae8419db2ecafa414b87f45ce040b2,thumbnails/fs_0269.jpg,46153,17fe0c9ac12c43bca822a1cd5489541f0f197fb9108c02cc5b7370d73ad8c1e8,dlstupka/hth-baptisms-san-antonio-1788-1824--1858-1898,61efff529fb7330a92f8d423c40c45bc60bb841c,dlstupka/hth,4b88d0aead2931a9d8a127afbd852f196d6b51ec,,,,,,,,,,not_reviewed,,
270,Baptisms_San_Antonio_Baptism_Records_1788-1824_1858-1898.docx,270,rId274,word/media/image270.png,raw/fs_0270.png,PNG,1594,1361,RGB,2330605,6855468d9104c86f4bf1270e3dd907afaba3ea4209207914d610663bdc42d7f2,2030974,cfe4001a45230eb75107de74021a66344590103a397383943d0f84d09bef1ef8,2688,0,8064,0,True,,analysis/fs_0270_analysis.png,1306500,09b2b3a1bb2b79743fc0843ac3ebc959c5588f459dfdef1479b770171c51ab3d,thumbnails/fs_0270.jpg,39610,af19bcf55c9a87e6686f3d2c3d432b881c8d2fa840aff4707db90157b387f331,dlstupka/hth-baptisms-san-antonio-1788-1824--1858-1898,61efff529fb7330a92f8d423c40c45bc60bb841c,dlstupka/hth,4b88d0aead2931a9d8a127afbd852f196d6b51ec,,,,,,,,,,not_reviewed,,
271,Baptisms_San_Antonio_Baptism_Records_1788-1824_1858-1898.docx,271,rId275,word/media/image271.png,raw/fs_0271.png,PNG,1594,1361,RGB,2342020,861270ddb688004200db44869c2dd9034b8db17876b38bae0047391bbcdf5210,2043313,985f69ce8fb38c5047996be24c81d87f912726a7f1e76c1e9f7ae11696c4863d,2688,0,8064,0,True,,analysis/fs_0271_analysis.png,1315856,d397b08e8fe5319137de9dcad05dd3b8c24b99e688e39307a5bba28e49025c4a,thumbnails/fs_0271.jpg,40739,7e8ad80fc37c21cd866ad4d374a1c1272feb0b71d0930c56a94c2af8aeeababc,dlstupka/hth-baptisms-san-antonio-1788-1824--1858-1898,61efff529fb7330a92f8d423c40c45bc60bb841c,dlstupka/hth,4b88d0aead2931a9d8a127afbd852f196d6b51ec,,,,,,,,,,not_reviewed,,
272,Baptisms_San_Antonio_Baptism_Records_1788-1824_1858-1898.docx,272,rId276,word/media/image272.png,raw/fs_0272.png,PNG,1594,1361,RGB,2339673,603b815a472b1d4a60386df255a637a7d47398461a63fecab70a98527b646b84,1998034,adafbc1aa17f887443aad55ef35839f9a038592e2495e9697a97e322e84d3927,2688,0,8064,0,True,,analysis/fs_0272_analysis.png,1311460,32ac3493085cf8cd0df6014a4887506c37acf511516ded71dc28593035a244ba,thumbnails/fs_0272.jpg,40485,4c08546697771ec9b1b931a03babacc3cf3aca965e4edc4577ba28accf79fae6,dlstupka/hth-baptisms-san-antonio-1788-1824--1858-1898,61efff529fb7330a92f8d423c40c45bc60bb841c,dlstupka/hth,4b88d0aead2931a9d8a127afbd852f196d6b51ec,,,,,,,,,,not_reviewed,,
273,Baptisms_San_Antonio_Baptism_Records_1788-1824_1858-1898.docx,273,rId277,word/media/image273.png,raw/fs_0273.png,PNG,1642,1361,RGB,2337809,a238b1bd56b33af7bdb95b3e101a3d7a3fd095ad847aa654c5f2514ca6208d48,1999621,73462d9b8eaa1bfbe99e7a27d09edef497b8e8e5352baf89623682fad2ada259,2688,0,5376,0,True,,analysis/fs_0273_analysis.png,1316146,39fe562c5f1604023402b1f32367f78b5f35c821f93d15d724ecd3baebae08ce,thumbnails/fs_0273.jpg,39197,3bce400b4fee722efecad678f095bab4e7e47c95959426e1c4183d2882a63b42,dlstupka/hth-baptisms-san-antonio-1788-1824--1858-1898,61efff529fb7330a92f8d423c40c45bc60bb841c,dlstupka/hth,4b88d0aead2931a9d8a127afbd852f196d6b51ec,,,,,,,,,,not_reviewed,,
274,Baptisms_San_Antonio_Baptism_Records_1788-1824_1858-1898.docx,274,rId278,word/media/image274.png,raw/fs_0274.png,PNG,1594,1361,RGB,2351031,a748bb31d5327cfefe78080b79e75470c1677c909a1ec68f7a89d1ae74c853e7,2022805,0fa9699e78e76ebb930f2fdaeb5e678cb87512b56886290d501554366d931463,2688,0,8064,0,True,,analysis/fs_0274_analysis.png,1305435,8eeed4cfeed1225f5cd5bd3c9d5db7f80377279a854c7460bb829538d946e988,thumbnails/fs_0274.jpg,41187,6ee4a8338431355a3b141188e386747922b49deb192d2e8d6bc08d253f5acf73,dlstupka/hth-baptisms-san-antonio-1788-1824--1858-1898,61efff529fb7330a92f8d423c40c45bc60bb841c,dlstupka/hth,4b88d0aead2931a9d8a127afbd852f196d6b51ec,,,,,,,,,,not_reviewed,,
275,Baptisms_San_Antonio_Baptism_Records_1788-1824_1858-1898.docx,275,rId279,word/media/image275.png,raw/fs_0275.png,PNG,1594,1361,RGB,2310837,8d75f1475f603331d12c84b2c240d33ef3c196bd2e95b98d804207e91914bbc4,2015773,21a8a949b67ed06c4dfc97f9a372a7b133ba14ea9cb7fef3b3162d11fddedfdc,2688,0,8064,0,True,,analysis/fs_0275_analysis.png,1292857,39ee946bb1913833a31d93a4c76a45bfe844d75794c7a78509439fb1882b167f,thumbnails/fs_0275.jpg,39382,5fa8ec6c0e3214700e6c772ffcbff11af9b2929000c698a171ff40c5ede7d453,dlstupka/hth-baptisms-san-antonio-1788-1824--1858-1898,61efff529fb7330a92f8d423c40c45bc60bb841c,dlstupka/hth,4b88d0aead2931a9d8a127afbd852f196d6b51ec,,,,,,,,,,not_reviewed,,
276,Baptisms_San_Antonio_Baptism_Records_1788-1824_1858-1898.docx,276,rId280,word/media/image276.png,raw/fs_0276.png,PNG,1594,1361,RGB,2383908,735ea1f05df9fe58649072b9585e4fa93cd4d2c17d1a0a2f7037d020361e9c61,2046021,6fe26a1992aaa04aacd1d0e70063ac86e7016b406d21925c469e11d8f9f6d10b,2688,0,8064,0,True,,analysis/fs_0276_analysis.png,1325754,487e4f5ca2bd9bac0700b775c1183d160f8f993afc937c79d0243bb1a29f3bc7,thumbnails/fs_0276.jpg,41755,fd3f5fae81b9184812f1b631d9a81e1d81a7948e81fc1c49da12a3440df5f1f3,dlstupka/hth-baptisms-san-antonio-1788-1824--1858-1898,61efff529fb7330a92f8d423c40c45bc60bb841c,dlstupka/hth,4b88d0aead2931a9d8a127afbd852f196d6b51ec,,,,,,,,,,not_reviewed,,
277,Baptisms_San_Antonio_Baptism_Records_1788-1824_1858-1898.docx,277,rId281,word/media/image277.png,raw/fs_0277.png,PNG,1594,1361,RGB,2316573,dbbc190b9f8f570e6397c0d8564ee5c28ae024db23ed9527a7144ddfdce68fc1,1979602,1ce97de975c8b5f25b516da1a5cd3623cf6beffb1094e885e725bb2c6a60954d,2688,0,8064,0,True,,analysis/fs_0277_analysis.png,1283416,3909eac760ea44b10867ce6640f857bb749e2c6d4e02652badef7c781dc181b7,thumbnails/fs_0277.jpg,43159,6908045b71f8950e5a3772bc71a7acadba73c84ad333a29055d75e13a81ba9e3,dlstupka/hth-baptisms-san-antonio-1788-1824--1858-1898,61efff529fb7330a92f8d423c40c45bc60bb841c,dlstupka/hth,4b88d0aead2931a9d8a127afbd852f196d6b51ec,,,,,,,,,,not_reviewed,,
278,Baptisms_San_Antonio_Baptism_Records_1788-1824_1858-1898.docx,278,rId282,word/media/image278.png,raw/fs_0278.png,PNG,1594,1361,RGB,2380156,7e1f93d1021b83ccce0927760ac6505c4f2557d1ff0beb8ef1e44c0e3a1fed61,2052575,d48c96ec274ef5ff5d44d5bb7be99da6804d6e08ab9375b025ce96efa0b5acf9,2688,0,8064,0,True,,analysis/fs_0278_analysis.png,1320134,fd7da47000536e41a6f2ae715905e5adf3a46d797c0d69e407f345ed18bd2a87,thumbnails/fs_0278.jpg,43006,8b5c564d0a0e94790500543ecfa07f93c37f2b2159f47597cd49d056be82e975,dlstupka/hth-baptisms-san-antonio-1788-1824--1858-1898,61efff529fb7330a92f8d423c40c45bc60bb841c,dlstupka/hth,4b88d0aead2931a9d8a127afbd852f196d6b51ec,,,,,,,,,,not_reviewed,,
279,Baptisms_San_Antonio_Baptism_Records_1788-1824_1858-1898.docx,279,rId283,word/media/image279.png,raw/fs_0279.png,PNG,1594,1361,RGB,2490588,347fd7a8eabac0836ebddd0bdb157f332fd8698ba9a620d4d31182e1eebfd00a,2101307,79b54cdd971b56b3b21e695e65cfa47576a4b6acf65a520faa81d6fe7dcca8f0,2688,0,8064,0,True,,analysis/fs_0279_analysis.png,1346865,c4b0db057ba0b07796c6f145f3c21c3858b427f5e068de2557ec908a633d589e,thumbnails/fs_0279.jpg,45839,9cc29b42dd6164dab18b39dcb6b7a42ff830d428a728f8e8bb20275bd22f5f48,dlstupka/hth-baptisms-san-antonio-1788-1824--1858-1898,61efff529fb7330a92f8d423c40c45bc60bb841c,dlstupka/hth,4b88d0aead2931a9d8a127afbd852f196d6b51ec,,,,,,,,,,not_reviewed,,
280,Baptisms_San_Antonio_Baptism_Records_1788-1824_1858-1898.docx,280,rId284,word/media/image280.png,raw/fs_0280.png,PNG,1594,1361,RGB,2484118,0156abb48f089fe75656b9ec3c2286db5f9ee2500edb84c829810dc84fa112ea,2097524,f91cc8377c168a62481708bdb1beb35ec35ab8bf6e07f1597e10558ba1693a10,2688,0,8064,0,True,,analysis/fs_0280_analysis.png,1346098,6cead491bedb87fecb0aacfe73e956a0339fc4975e9cacd244269f52f57254cb,thumbnails/fs_0280.jpg,46454,4527a8568452437d3fb74364c89d203fbaaca43e41688c5dd9fa66c8933ea3f1,dlstupka/hth-baptisms-san-antonio-1788-1824--1858-1898,61efff529fb7330a92f8d423c40c45bc60bb841c,dlstupka/hth,4b88d0aead2931a9d8a127afbd852f196d6b51ec,,,,,,,,,,not_reviewed,,
281,Baptisms_San_Antonio_Baptism_Records_1788-1824_1858-1898.docx,281,rId285,word/media/image281.png,raw/fs_0281.png,PNG,1594,1361,RGB,2376751,992990c2b7493854a8b3ccda6ae9fc96f7e1693b1d615d653837ac0c12fea446,2045326,a76d2f6b01df09ba1f2755320b1398feddb42e61a3ecceb3736972c1009e77c3,2688,0,8064,0,True,,analysis/fs_0281_analysis.png,1321537,d9cadf1b8ad158ff6e68f26d386b103a5134c6a4d04d9613d39129644c7ecccd,thumbnails/fs_0281.jpg,45127,6a74059451cf5fb7be721ce9ab0ca71dfbe157a1418749ef32ebc4d7eca9e8d1,dlstupka/hth-baptisms-san-antonio-1788-1824--1858-1898,61efff529fb7330a92f8d423c40c45bc60bb841c,dlstupka/hth,4b88d0aead2931a9d8a127afbd852f196d6b51ec,,,,,,,,,,not_reviewed,,
282,Baptisms_San_Antonio_Baptism_Records_1788-1824_1858-1898.docx,282,rId286,word/media/image282.png,raw/fs_0282.png,PNG,1594,1361,RGB,2529144,fdae59d1979732af35ce6d02e5488f5869b125f6e42f3c1271d172f88d1452b6,2142411,c16d135dc7c49d8dc0549b385a8c5f071b2543798274812a836947ded5d1755b,2688,0,8064,0,True,,analysis/fs_0282_analysis.png,1377605,ca45f8e0ed40e606cb70dea2b0245e0d7b36da6b5544e22d79c8461c79deaae9,thumbnails/fs_0282.jpg,48283,934a7895f454968d7b77c18ca8c2fe7748a9c60814d5b47bd4ca7ff73fb25115,dlstupka/hth-baptisms-san-antonio-1788-1824--1858-1898,61efff529fb7330a92f8d423c40c45bc60bb841c,dlstupka/hth,4b88d0aead2931a9d8a127afbd852f196d6b51ec,,,,,,,,,,not_reviewed,,
283,Baptisms_San_Antonio_Baptism_Records_1788-1824_1858-1898.docx,283,rId287,word/media/image283.png,raw/fs_0283.png,PNG,1594,1361,RGB,2583047,0aec83b76b0c2cf7468085228b5f04ec8144f48980e093971e8f2d0088835c25,2177731,1167b887ce19965a31bfb882081a137ebbb79b8e1e72f48ac1d2401b24eb334b,2688,0,8064,0,True,,analysis/fs_0283_analysis.png,1401011,1759ed3198b42917b00833d0fd6b77cc4c496435ba89b27bab6d2e39fdcb1e60,thumbnails/fs_0283.jpg,49505,4dd838114cd251189b4c179a834eed3eb7122512361e562520e17f9acaa59ea5,dlstupka/hth-baptisms-san-antonio-1788-1824--1858-1898,61efff529fb7330a92f8d423c40c45bc60bb841c,dlstupka/hth,4b88d0aead2931a9d8a127afbd852f196d6b51ec,,,,,,,,,,not_reviewed,,
284,Baptisms_San_Antonio_Baptism_Records_1788-1824_1858-1898.docx,284,rId288,word/media/image284.png,raw/fs_0284.png,PNG,1594,1361,RGB,2548082,e98d4c7c9cda238a1983b85e8b7698183ed7e6dc73cf1d115dc040346dc21b36,2153437,e383bd05bff029e8e2d269de01f7e84c90a2e0f9188b86e9b90e186a134d4b6b,2688,0,8064,0,True,,analysis/fs_0284_analysis.png,1387581,003756050c7b823fab187df26904d95e6dd6ab7f113ddc9a57cbb60b654f2f9d,thumbnails/fs_0284.jpg,49727,65993eac051da198ac9abb87fc5e386d2d0b12c6574ab992f40d105606cc601c,dlstupka/hth-baptisms-san-antonio-1788-1824--1858-1898,61efff529fb7330a92f8d423c40c45bc60bb841c,dlstupka/hth,4b88d0aead2931a9d8a127afbd852f196d6b51ec,,,,,,,,,,not_reviewed,,
285,Baptisms_San_Antonio_Baptism_Records_1788-1824_1858-1898.docx,285,rId289,word/media/image285.png,raw/fs_0285.png,PNG,1690,1361,RGB,2633324,df23a3b531837598976c83665ea1d7915e376d22968a0105c8296ca390a73d16,2198988,f6cf69b2e478fc8e7eb020df76339ef83a113f77f7a13d4a122ccb8e7626499c,0,0,5376,0,True,,analysis/fs_0285_analysis.png,1429703,867055363a47f7c22df812617c3754ce8585ff1fabf60736ab4e016165e2c6f0,thumbnails/fs_0285.jpg,50041,9f49fc16db812b7b0c267351697cfd562cd5ffb282b6a0858bbbf336ed67c0ca,dlstupka/hth-baptisms-san-antonio-1788-1824--1858-1898,61efff529fb7330a92f8d423c40c45bc60bb841c,dlstupka/hth,4b88d0aead2931a9d8a127afbd852f196d6b51ec,,,,,,,,,,not_reviewed,,
286,Baptisms_San_Antonio_Baptism_Records_1788-1824_1858-1898.docx,286,rId290,word/media/image286.png,raw/fs_0286.png,PNG,1642,1361,RGB,2512346,c66d2f28e503661a3a8912d5b8d4a0c6557ebf595ea5d1398c67fbb4f902cebd,2128010,b5ce943e3afef586f8ed0848e0d62f6e9ab08ae435b937109a7387a37b19d13e,0,0,8064,0,True,,analysis/fs_0286_analysis.png,1380329,a1928cd92c29bba9f9fe96773d6b39aeb7025c544e7760098c01dab5a873b84d,thumbnails/fs_0286.jpg,47120,4b93f2956032b8a284fd0fc8c0949cfe54c3406c87411fdcfdc6f2e6d4c00b3e,dlstupka/hth-baptisms-san-antonio-1788-1824--1858-1898,61efff529fb7330a92f8d423c40c45bc60bb841c,dlstupka/hth,4b88d0aead2931a9d8a127afbd852f196d6b51ec,,,,,,,,,,not_reviewed,,
287,Baptisms_San_Antonio_Baptism_Records_1788-1824_1858-1898.docx,287,rId291,word/media/image287.png,raw/fs_0287.png,PNG,1630,1361,RGB,2439932,174d98e46cd83fcaf71dff574f18d10c40b50d65f11b9dfbd00103a2c30333c4,2099212,5f2aff438f4663857396f0ece8b149f735e81b4fcfc0580f7fd7f438991e1cfe,659,0,8064,0,True,,analysis/fs_0287_analysis.png,1357346,5fca10b4199712c6352c72642eabac24989255942d3ce2ef019aa88a0c2c996a,thumbnails/fs_0287.jpg,47883,26e19b8f9e3246537576007e79377625a7594f598792ebf498d875c4340ffe5d,dlstupka/hth-baptisms-san-antonio-1788-1824--1858-1898,61efff529fb7330a92f8d423c40c45bc60bb841c,dlstupka/hth,4b88d0aead2931a9d8a127afbd852f196d6b51ec,,,,,,,,,,not_reviewed,,
288,Baptisms_San_Antonio_Baptism_Records_1788-1824_1858-1898.docx,288,rId292,word/media/image288.png,raw/fs_0288.png,PNG,1594,1361,RGB,2464125,8b232d611d5ecc069dd69acaed1846f0d86069115f2b794b0dd8839c49d3e6b0,2112152,7c51c55b277372716b868ee4fc0cceb9ac8719cf94eafc6e885e4ba0ca87b64a,2688,0,8064,0,True,,analysis/fs_0288_analysis.png,1354606,821ca40215c0af76b1136e93df192f9e155a518c3f79d9999d62e1d6acd46944,thumbnails/fs_0288.jpg,44791,264e623f294bd3c21982aed93e87acdbc785bea025b00839ee3f82ab2eef8314,dlstupka/hth-baptisms-san-antonio-1788-1824--1858-1898,61efff529fb7330a92f8d423c40c45bc60bb841c,dlstupka/hth,4b88d0aead2931a9d8a127afbd852f196d6b51ec,,,,,,,,,,not_reviewed,,
289,Baptisms_San_Antonio_Baptism_Records_1788-1824_1858-1898.docx,289,rId293,word/media/image289.png,raw/fs_0289.png,PNG,1594,1361,RGB,2428100,e6ea8ed70b5dafc409089521dbaa05ecab76de2cedff9df3e442438fb815ad26,2073757,c1b2ae19c6fe8cf81d4fe09d506352cc4f41487b62a75a2bf8191936b23d2435,2688,0,8064,0,True,,analysis/fs_0289_analysis.png,1339693,e232e4ed5003cab75e36e050c5cde5b5c26c6a8c3c3861797cf420c7a3d90972,thumbnails/fs_0289.jpg,42860,e2c798123733700558ba5c7be8ba465496212c4a9c06852763670b2229908fd5,dlstupka/hth-baptisms-san-antonio-1788-1824--1858-1898,61efff529fb7330a92f8d423c40c45bc60bb841c,dlstupka/hth,4b88d0aead2931a9d8a127afbd852f196d6b51ec,,,,,,,,,,not_reviewed,,
290,Baptisms_San_Antonio_Baptism_Records_1788-1824_1858-1898.docx,290,rId294,word/media/image290.png,raw/fs_0290.png,PNG,1594,1361,RGB,2484214,b11f6ab2f813a31e77bd4a1e9c99ef5a9e885cc8a3f93a0a836e7c45f9ab3225,2085633,8b294a5d64da6713693dda60f8f6d6912e04736fa96a008ba37e345253ec162e,2688,0,8064,0,True,,analysis/fs_0290_analysis.png,1344345,976b388847df78c8b5d0f8eb8638f7592403b036bd8c25ad7f2a719ccd930062,thumbnails/fs_0290.jpg,45339,fc9a0f1b88e80efc10896ab16252e39f9f75e7106d224a624f51a121d4c3484b,dlstupka/hth-baptisms-san-antonio-1788-1824--1858-1898,61efff529fb7330a92f8d423c40c45bc60bb841c,dlstupka/hth,4b88d0aead2931a9d8a127afbd852f196d6b51ec,,,,,,,,,,not_reviewed,,
291,Baptisms_San_Antonio_Baptism_Records_1788-1824_1858-1898.docx,291,rId295,word/media/image291.png,raw/fs_0291.png,PNG,1620,1361,RGB,2516985,aded762a8d83ba8a9992b8d4e75b95ed1e87cd9c4b393da1a8be9deb9425ca35,2117868,d9a14596a4226bf7c8b27a130eefc443a3cfed82e8cb06219c9bc9ede4597347,1246,0,8064,0,True,,analysis/fs_0291_analysis.png,1373135,944ac018658adbecc8516579c8a63a99556c4edfe07be3617ab099072d4e1e2a,thumbnails/fs_0291.jpg,46787,88019c50b88160555f61687f08ccec9673834382b0716b61dabfbf080968da91,dlstupka/hth-baptisms-san-antonio-1788-1824--1858-1898,61efff529fb7330a92f8d423c40c45bc60bb841c,dlstupka/hth,4b88d0aead2931a9d8a127afbd852f196d6b51ec,,,,,,,,,,not_reviewed,,
292,Baptisms_San_Antonio_Baptism_Records_1788-1824_1858-1898.docx,292,rId296,word/media/image292.png,raw/fs_0292.png,PNG,1690,1361,RGB,2482097,b069a16feb862831a980c3b1aa26f8aba6fd74422d2c1a4b0c66a6ebc52ec943,2085581,f07dda39df32a526072d35ee608fe05639621beee5ebda5e3a3bce2967e549dd,0,0,5376,0,True,,analysis/fs_0292_analysis.png,1370019,bc16e725e4e640fa62ecf9eef5514ded0608bdbe6b18b5e44f78074a5db071a0,thumbnails/fs_0292.jpg,43479,df712957cb9239c2ba04cc1e207575bae31f5af8b5ae8fe19e943c09f4918095,dlstupka/hth-baptisms-san-antonio-1788-1824--1858-1898,61efff529fb7330a92f8d423c40c45bc60bb841c,dlstupka/hth,4b88d0aead2931a9d8a127afbd852f196d6b51ec,,,,,,,,,,not_reviewed,,
293,Baptisms_San_Antonio_Baptism_Records_1788-1824_1858-1898.docx,293,rId297,word/media/image293.png,raw/fs_0293.png,PNG,1622,1361,RGB,2477487,47921d25e1ade3ddfad10158f2bba1c08cbb94bd5231cd452197213763d5727b,2089395,bf267b0042f79268f1e98554d8787b3c2617a9d671e5940feb798de953287ff2,1099,0,8064,0,True,,analysis/fs_0293_analysis.png,1380004,414bde184873fe22a304dcc4ca902b3b356913c05487c18252994de75d3431b5,thumbnails/fs_0293.jpg,44472,f678ca949a2750ed5b67a3ff65a68a494140cde542b89db9a2d41c1ab1fc3586,dlstupka/hth-baptisms-san-antonio-1788-1824--1858-1898,61efff529fb7330a92f8d423c40c45bc60bb841c,dlstupka/hth,4b88d0aead2931a9d8a127afbd852f196d6b51ec,,,,,,,,,,not_reviewed,,
294,Baptisms_San_Antonio_Baptism_Records_1788-1824_1858-1898.docx,294,rId298,word/media/image294.png,raw/fs_0294.png,PNG,1690,1361,RGB,2513229,95d65c75c8caffe26e630fd2b75bc19f212681e7c9ef3025ebea246a067f967d,2121934,673577842b9ed44452d0e3d577edb986871d855c717f08fb75a3c63575e63d9c,0,0,5376,0,True,,analysis/fs_0294_analysis.png,1380075,960830df51e7d962594b5b222ea75aeb71a1501d8ec63bd0d8317c4fe92c15e1,thumbnails/fs_0294.jpg,45396,638867b85c110b7e6e9032ecf63fc1355063c7a9a67e2a9e9bc6aded42a4c819,dlstupka/hth-baptisms-san-antonio-1788-1824--1858-1898,61efff529fb7330a92f8d423c40c45bc60bb841c,dlstupka/hth,4b88d0aead2931a9d8a127afbd852f196d6b51ec,,,,,,,,,,not_reviewed,,
295,Baptisms_San_Antonio_Baptism_Records_1788-1824_1858-1898.docx,295,rId299,word/media/image295.png,raw/fs_0295.png,PNG,1690,1361,RGB,2552319,003b8c3d8242600cae29fbcea8a06ade5fe0d71e64525c858eef6405323f0568,2171467,c3e70eb44d16f94e3fb28ea7241fe7e2546c1cf706e882c151a7b817c648f460,0,0,5376,0,True,,analysis/fs_0295_analysis.png,1401096,e99d33e7a9e8ee375144e7ee7ac6a54b5e0e1a67fa2a5c3daabe5e035e6740a4,thumbnails/fs_0295.jpg,46643,ad44801e45a564ae608244b2ec5a99048a95e1bb8bfec3078566c8720fc35df2,dlstupka/hth-baptisms-san-antonio-1788-1824--1858-1898,61efff529fb7330a92f8d423c40c45bc60bb841c,dlstupka/hth,4b88d0aead2931a9d8a127afbd852f196d6b51ec,,,,,,,,,,not_reviewed,,
296,Baptisms_San_Antonio_Baptism_Records_1788-1824_1858-1898.docx,296,rId300,word/media/image296.png,raw/fs_0296.png,PNG,1690,1361,RGB,2543292,99017b5595279bed0a57cd9cb6774e0f9b5ba7f2a8bb8096e921c0b3de8b9196,2153854,af44f56bea7bc10948fc5041bbe4ab679aaa3d58e4005bed410cfaf18689fbd5,0,0,5376,0,True,,analysis/fs_0296_analysis.png,1387859,f09969423b4028bf741cb159df9ace44d9db6ff000d2ccf28aa4057cc878b7e1,thumbnails/fs_0296.jpg,47262,d9dcf886910f01dd17b8df00c37acbcaeca9339de519bad7cc19d9cc6051d199,dlstupka/hth-baptisms-san-antonio-1788-1824--1858-1898,61efff529fb7330a92f8d423c40c45bc60bb841c,dlstupka/hth,4b88d0aead2931a9d8a127afbd852f196d6b51ec,,,,,,,,,,not_reviewed,,
297,Baptisms_San_Antonio_Baptism_Records_1788-1824_1858-1898.docx,297,rId301,word/media/image297.png,raw/fs_0297.png,PNG,1642,1361,RGB,2424092,ac15f90fbd0be97d89b2112b850e3fb26671a1e8db0b35d5add6360d40d5baef,2090407,21bd9704cbe3d4a30863a673b41f38a5bd645c1d695f6e321ce8ad9e4a5790ae,2688,0,5376,0,True,,analysis/fs_0297_analysis.png,1342623,80212c833d1ce7d03d43a7876a2b5c95414b653b8f1ce6c5dd4a8b9a2586820b,thumbnails/fs_0297.jpg,44241,1adab8b292ed93a7d528a82239af70bae377f03b798ddabef485629d931bdd8e,dlstupka/hth-baptisms-san-antonio-1788-1824--1858-1898,61efff529fb7330a92f8d423c40c45bc60bb841c,dlstupka/hth,4b88d0aead2931a9d8a127afbd852f196d6b51ec,,,,,,,,,,not_reviewed,,
298,Baptisms_San_Antonio_Baptism_Records_1788-1824_1858-1898.docx,298,rId302,word/media/image298.png,raw/fs_0298.png,PNG,1642,1361,RGB,2603245,ad05f0225c4b15a5612e4027cf413017a6089bdd2e39b36fe0439bef03dde80c,2168000,82b6a0cc2e6f68ad63d673e10537c39db6ee2e8301abac086c1f00f49362668c,2688,0,5376,0,True,,analysis/fs_0298_analysis.png,1402656,ba63da2a33b5ee65e9f1cf4462a2f5e1c1b2af59369cce9c9e7087a6af5f6b39,thumbnails/fs_0298.jpg,47179,15f8f44d212b0ee94f5f35d2c9dbfaa66a3363b7082417a110e77c62104f8123,dlstupka/hth-baptisms-san-antonio-1788-1824--1858-1898,61efff529fb7330a92f8d423c40c45bc60bb841c,dlstupka/hth,4b88d0aead2931a9d8a127afbd852f196d6b51ec,,,,,,,,,,not_reviewed,,
299,Baptisms_San_Antonio_Baptism_Records_1788-1824_1858-1898.docx,299,rId303,word/media/image299.png,raw/fs_0299.png,PNG,1642,1361,RGB,2575577,c96762b9a245d32c99e7f0091185b62f895a569aa70460e9e526fd69d5d41395,2138780,474b557ce170ff567b2e97fb93b5ae31547fcaf9b42d4d32efd88376eed69549,2688,0,5376,0,True,,analysis/fs_0299_analysis.png,1394677,f52a99c911425b3cd331735bf6b6ce40a8f6683eb10672741e3582c1de2cea4b,thumbnails/fs_0299.jpg,45833,e09c8d1c87f39d79f83362a4a94992484ff31346c37edded27e47f1ff815da4b,dlstupka/hth-baptisms-san-antonio-1788-1824--1858-1898,61efff529fb7330a92f8d423c40c45bc60bb841c,dlstupka/hth,4b88d0aead2931a9d8a127afbd852f196d6b51ec,,,,,,,,,,not_reviewed,,
300,Baptisms_San_Antonio_Baptism_Records_1788-1824_1858-1898.docx,300,rId304,word/media/image300.png,raw/fs_0300.png,PNG,1690,1361,RGB,2604217,63bedc4afc2b70c35b867be3dfa8cfbdf98473ba98de2840b14e2539fbc45bef,2184544,0626e38ca9131ffe5af718826b077f8694994134edff00f85ff43328dc5cc243,0,0,5376,0,True,,analysis/fs_0300_analysis.png,1411445,cb2d9f380f615aece0af6bb787baf2848b9d804339865ad5ca69df6804714047,thumbnails/fs_0300.jpg,46447,355e3c6874750c62538cad0f8cb4b108c0bbea977dbce9f27e2d547ad342e0f6,dlstupka/hth-baptisms-san-antonio-1788-1824--1858-1898,61efff529fb7330a92f8d423c40c45bc60bb841c,dlstupka/hth,4b88d0aead2931a9d8a127afbd852f196d6b51ec,,,,,,,,,,not_reviewed,,
301,Baptisms_San_Antonio_Baptism_Records_1788-1824_1858-1898.docx,301,rId305,word/media/image301.png,raw/fs_0301.png,PNG,1690,1361,RGB,2569547,cd5e4fcdf8512407f2074aa0d0fc0d50469995178897301651a7582ce8b19f13,2146797,f2a04eade2607e9fcd742d7f926e7ad3e0ac9fb81ee50196c358103cbc398d1e,0,0,5376,0,True,,analysis/fs_0301_analysis.png,1425621,f9e9ffaa7166c329aaba670df4eb57abde26d609d41489f2ee0d24d13560b7d4,thumbnails/fs_0301.jpg,48025,7e26fe65d4bb125564e6f28285f67d7d737e32d54eabefc178b21a7f3497352e,dlstupka/hth-baptisms-san-antonio-1788-1824--1858-1898,61efff529fb7330a92f8d423c40c45bc60bb841c,dlstupka/hth,4b88d0aead2931a9d8a127afbd852f196d6b51ec,,,,,,,,,,not_reviewed,,
302,Baptisms_San_Antonio_Baptism_Records_1788-1824_1858-1898.docx,302,rId306,word/media/image302.png,raw/fs_0302.png,PNG,1690,1361,RGB,2679887,914918c80ef0ac973f9f26c57642b0c51247ae7fe520b721202f7cb0c6f32dc4,2207867,e1f77de89ca00781dc0523435276fb63c41326bcd1cb7171f48e1e07bd0a265e,0,0,5376,0,True,,analysis/fs_0302_analysis.png,1450630,14544af7ed803cfc8c3106d553c4c2393ae38505a92d747f776f4a5d14f7805f,thumbnails/fs_0302.jpg,47221,cfa4e8f10260a4a15c706af33c6e782105f56f53d3cbced0dbc67517aebaa38c,dlstupka/hth-baptisms-san-antonio-1788-1824--1858-1898,61efff529fb7330a92f8d423c40c45bc60bb841c,dlstupka/hth,4b88d0aead2931a9d8a127afbd852f196d6b51ec,,,,,,,,,,not_reviewed,,
303,Baptisms_San_Antonio_Baptism_Records_1788-1824_1858-1898.docx,303,rId307,word/media/image303.png,raw/fs_0303.png,PNG,1642,1361,RGB,2624563,c5253fbeb88862b134e93c1c98442c2b7e7d425a2be56442cd83112b04121f01,2208270,9e4faa452401495ebcfaad94c47d8ee13de8f0cb5fe0c6c443c449df8c50565d,0,0,8064,0,True,,analysis/fs_0303_analysis.png,1418610,dd92bb7432b864572d3a533de30cb7da29dd939419656fe87f90acc902272a12,thumbnails/fs_0303.jpg,48551,a6e46c8a603325dbfc2604055ffec3da6ec4becd65b89fa97c9d3043d6f40f92,dlstupka/hth-baptisms-san-antonio-1788-1824--1858-1898,61efff529fb7330a92f8d423c40c45bc60bb841c,dlstupka/hth,4b88d0aead2931a9d8a127afbd852f196d6b51ec,,,,,,,,,,not_reviewed,,
304,Baptisms_San_Antonio_Baptism_Records_1788-1824_1858-1898.docx,304,rId308,word/media/image304.png,raw/fs_0304.png,PNG,1690,1361,RGB,2683094,f10e23c96c8d8cf9ea55723a62e00716921f349a6af258f92dbbd01f6bd9f5d0,2214108,fe998ef687f1812b1e1d493e66c80ee47fcd16eafac90f2486b2038815c50972,0,0,5376,0,True,,analysis/fs_0304_analysis.png,1436742,b6a7f44af73513f555d570f68f4ce37018ce2449d0e31cbad4e49efe2e7992ff,thumbnails/fs_0304.jpg,46525,18f3f666cac49e0c5c61b268d2ecce396b397298608ff617a4da7011bd02dfc9,dlstupka/hth-baptisms-san-antonio-1788-1824--1858-1898,61efff529fb7330a92f8d423c40c45bc60bb841c,dlstupka/hth,4b88d0aead2931a9d8a127afbd852f196d6b51ec,,,,,,,,,,not_reviewed,,
305,Baptisms_San_Antonio_Baptism_Records_1788-1824_1858-1898.docx,305,rId309,word/media/image305.png,raw/fs_0305.png,PNG,1690,1361,RGB,2551622,308430e1fa75c8767ad68570531ab2e6fc905a8b1b9fecb11433af6e0411d438,2146680,bd86021fad13a0f3fe9c0b981064b1178723c4eb85921097e93cda8ec07c9bac,0,0,5376,0,True,,analysis/fs_0305_analysis.png,1395727,dc8349ef8086f5eb0f38094a469acbed77044abb9ac737963ba39de4e126aefe,thumbnails/fs_0305.jpg,45896,df876661d656133969a6b7376ea063589b69dfda97ae8a14fc539e828a7e7cf8,dlstupka/hth-baptisms-san-antonio-1788-1824--1858-1898,61efff529fb7330a92f8d423c40c45bc60bb841c,dlstupka/hth,4b88d0aead2931a9d8a127afbd852f196d6b51ec,,,,,,,,,,not_reviewed,,
306,Baptisms_San_Antonio_Baptism_Records_1788-1824_1858-1898.docx,306,rId310,word/media/image306.png,raw/fs_0306.png,PNG,1665,1361,RGB,2713853,a28c5c66db124c10136cf988994314cc729b2b2a95cdcd7fcdb07c6a200adf89,2212678,ba2f484a162e33ab5ddd58740ae02c1909b47bae24ceded58a7001267198c2cf,1391,0,5376,0,True,,analysis/fs_0306_analysis.png,1452995,b66f881707ce7eda3b2407e55d2bf30d2d80db71f7da73cfb9a1696368113bec,thumbnails/fs_0306.jpg,47824,e355083586f11d8aafe2a68a2675c1d8da5c6ef1df5b546e14394d509d4999ff,dlstupka/hth-baptisms-san-antonio-1788-1824--1858-1898,61efff529fb7330a92f8d423c40c45bc60bb841c,dlstupka/hth,4b88d0aead2931a9d8a127afbd852f196d6b51ec,,,,,,,,,,not_reviewed,,
307,Baptisms_San_Antonio_Baptism_Records_1788-1824_1858-1898.docx,307,rId311,word/media/image307.png,raw/fs_0307.png,PNG,1661,1361,RGB,2720217,c707fbdae82d45fd1aba0e2ad38411c6b8ea50efff580256bc0b1d2bff8958da,2237443,bb894c5ec7bed1cfe106c87af26f54f0dabfa0408f119cddf72ce19ee9879b5c,1611,0,5377,0,True,,analysis/fs_0307_analysis.png,1462194,6f6ca370a6396d429d5231edda97e9b73c725be4f1987c708196a195a050b661,thumbnails/fs_0307.jpg,47481,ce6d748eef434466f4d150479cbf2a5283c116bc3996d89444ea9d7e21e26ab6,dlstupka/hth-baptisms-san-antonio-1788-1824--1858-1898,61efff529fb7330a92f8d423c40c45bc60bb841c,dlstupka/hth,4b88d0aead2931a9d8a127afbd852f196d6b51ec,,,,,,,,,,not_reviewed,,
308,Baptisms_San_Antonio_Baptism_Records_1788-1824_1858-1898.docx,308,rId312,word/media/image308.png,raw/fs_0308.png,PNG,1642,1361,RGB,2577798,946498c49ecc43743c804efe3b64e3ab69c3eefd8d8537eef4f7fca19e9aa514,2152250,2dc60f4266abbe6e8b9d24a927a51ec33594a4bf3434c677422a4cd8a6b10e1f,2688,0,5376,0,True,,analysis/fs_0308_analysis.png,1415130,a282bcd24c8643b9d52014cce59f7b70b4b8c2b9ec412ae23a719862a70a59a0,thumbnails/fs_0308.jpg,45968,37b5b7d31e0c1778e1bd7e82d28e57ad5f4e04cb1839c2d6926b897dbf6d1bdd,dlstupka/hth-baptisms-san-antonio-1788-1824--1858-1898,61efff529fb7330a92f8d423c40c45bc60bb841c,dlstupka/hth,4b88d0aead2931a9d8a127afbd852f196d6b51ec,,,,,,,,,,not_reviewed,,
309,Baptisms_San_Antonio_Baptism_Records_1788-1824_1858-1898.docx,309,rId313,word/media/image309.png,raw/fs_0309.png,PNG,1642,1361,RGB,2762084,dc09b9f7948d60bdd5e0b176b980e9af9f6d8cf94d9e70f5a4485a377ffd4a21,2265148,3b2f644f26734aa07b8c4e7de3c1aab8ff58aac3c4655b3c1bc7af9d18664044,2688,0,5376,0,True,,analysis/fs_0309_analysis.png,1476200,9b6fb503c3de1e5be47f5c445868e6495feda3761de28ff2e8f5bbc6efd9b1eb,thumbnails/fs_0309.jpg,49944,02343623f4b65be0b28c21c7b74d8bd3aa00ab33061c66a3670689fae6807487,dlstupka/hth-baptisms-san-antonio-1788-1824--1858-1898,61efff529fb7330a92f8d423c40c45bc60bb841c,dlstupka/hth,4b88d0aead2931a9d8a127afbd852f196d6b51ec,,,,,,,,,,not_reviewed,,
310,Baptisms_San_Antonio_Baptism_Records_1788-1824_1858-1898.docx,310,rId314,word/media/image310.png,raw/fs_0310.png,PNG,1669,1361,RGB,2767838,d8cbfacc9c52817c7543547e4b8ca9cf5d7392054844123a011c03b922972677,2289139,c1276f008ea021ca88a85b6cbe9ad4c5b42893fc34cd2ce107750f25fe27fa4b,1172,0,5376,0,True,,analysis/fs_0310_analysis.png,1481237,54caad8382df02c42d1f7a9250cc3a13b372c9a43c23db4e318b121ae586895b,thumbnails/fs_0310.jpg,49275,fb9f754a51e40bf8ed3fe98d0269ce3c8386961900f9e91d4d5a87510de8ba33,dlstupka/hth-baptisms-san-antonio-1788-1824--1858-1898,61efff529fb7330a92f8d423c40c45bc60bb841c,dlstupka/hth,4b88d0aead2931a9d8a127afbd852f196d6b51ec,,,,,,,,,,not_reviewed,,
311,Baptisms_San_Antonio_Baptism_Records_1788-1824_1858-1898.docx,311,rId315,word/media/image311.png,raw/fs_0311.png,PNG,1621,1361,RGB,2827328,72951999b15d8e81327bce1fad17187600186ff81082612e5bcb4fd5cfd4455b,2262360,2d3c21d51d70843dea6394db10964aa00623fb57447278d0a4efc1efde5d8ef4,1172,0,8064,0,True,,analysis/fs_0311_analysis.png,1490054,d83c0576698206c7e3ec5a8e9b1565bc5b79e0e8fc751f659a2fb8cfbdbdc097,thumbnails/fs_0311.jpg,48299,11ec6de85a77f7dc5f4e1a70281cd1925e81426e68b1596f8e8bcba3999ea97a,dlstupka/hth-baptisms-san-antonio-1788-1824--1858-1898,61efff529fb7330a92f8d423c40c45bc60bb841c,dlstupka/hth,4b88d0aead2931a9d8a127afbd852f196d6b51ec,,,,,,,,,,not_reviewed,,
312,Baptisms_San_Antonio_Baptism_Records_1788-1824_1858-1898.docx,312,rId316,word/media/image312.png,raw/fs_0312.png,PNG,1690,1361,RGB,2726497,9738f95e7cb7beb9684295079369759dc9deaad88ee5ec0aaa7d2c0b9daa92ec,2215951,55d2776ce561c82443d1e0ed6104926e21a8736e15e551978407e8794d00a8b1,0,0,5376,0,True,,analysis/fs_0312_analysis.png,1457375,f727928f41358c088630657662154627758c81d913adc56dedaba53f5dcd46ba,thumbnails/fs_0312.jpg,46487,013f18093a6195f1cc90abbd396f9438e72241e4ed954dce7837759e5e2bd6f8,dlstupka/hth-baptisms-san-antonio-1788-1824--1858-1898,61efff529fb7330a92f8d423c40c45bc60bb841c,dlstupka/hth,4b88d0aead2931a9d8a127afbd852f196d6b51ec,,,,,,,,,,not_reviewed,,
313,Baptisms_San_Antonio_Baptism_Records_1788-1824_1858-1898.docx,313,rId317,word/media/image313.png,raw/fs_0313.png,PNG,1690,1361,RGB,2866376,fcca7055245e15816ded570e921f6a20f4f124a9bc7325083e241aeda246e531,2281474,9ecede6fff5a3868b7a7c104cb02a0be8b5040b0526575f287aec297eede20f7,0,0,5376,0,True,,analysis/fs_0313_analysis.png,1506271,6ed971ab1ba9af770cd62903078e3481e6b3b6f81191a4f42037e906d90a6046,thumbnails/fs_0313.jpg,48972,01167bac67e7819493c24511e8f8159fb36bdf75cced9c10a5427ef8cba99480,dlstupka/hth-baptisms-san-antonio-1788-1824--1858-1898,61efff529fb7330a92f8d423c40c45bc60bb841c,dlstupka/hth,4b88d0aead2931a9d8a127afbd852f196d6b51ec,,,,,,,,,,not_reviewed,,
314,Baptisms_San_Antonio_Baptism_Records_1788-1824_1858-1898.docx,314,rId318,word/media/image314.png,raw/fs_0314.png,PNG,1690,1361,RGB,2767398,76aee2d966c12c715a15ef23eb4c0d195ba04308a29d640a64686ec476638f81,2252883,e3ba6170f73cb48c9bca7e6f07902d9662a744c909d73a69626d0eeaac2d2e70,0,0,5376,0,True,,analysis/fs_0314_analysis.png,1484227,7e5cf2619d5fb871b6732b2a87142440b40595eef73d399c209df1f1b36799d3,thumbnails/fs_0314.jpg,48585,f2862bcf1585312bd14d93d290dfdf451c6844a3ebab7e4ed12d3ff39cd78d4d,dlstupka/hth-baptisms-san-antonio-1788-1824--1858-1898,61efff529fb7330a92f8d423c40c45bc60bb841c,dlstupka/hth,4b88d0aead2931a9d8a127afbd852f196d6b51ec,,,,,,,,,,not_reviewed,,
315,Baptisms_San_Antonio_Baptism_Records_1788-1824_1858-1898.docx,315,rId319,word/media/image315.png,raw/fs_0315.png,PNG,1642,1361,RGB,2564207,2f99c7975a71a40f4cc430aa0538926823cd760b23947419b258c3462bdd7b58,2152175,cc17acd03b41fea04847ae490f770f8adf94bdbab2feaf2eb35c4a116aee89f4,2688,0,5376,0,True,,analysis/fs_0315_analysis.png,1403447,c54033aae84631cbe3d84f066797294236211c778e361189923c4f79f304fc41,thumbnails/fs_0315.jpg,46900,a58fcd2eeb23c015085dbe5c9c14fef7c62c2c89fc2953727d6d937620eb2836,dlstupka/hth-baptisms-san-antonio-1788-1824--1858-1898,61efff529fb7330a92f8d423c40c45bc60bb841c,dlstupka/hth,4b88d0aead2931a9d8a127afbd852f196d6b51ec,,,,,,,,,,not_reviewed,,
316,Baptisms_San_Antonio_Baptism_Records_1788-1824_1858-1898.docx,316,rId320,word/media/image316.png,raw/fs_0316.png,PNG,1642,1361,RGB,2537143,e754b0dfedfc96c48a02a6df349efe4f5cb4dd98b3fb6338efc9fd2fbe1a526b,2138706,ea091b0b15d15e68d55bfd3f75687a7dd38c254bb793da985694143d29e763dc,2688,0,5376,0,True,,analysis/fs_0316_analysis.png,1388592,d02aba006958b614390111a1792fcd45846b8b7441ce4d0f01e8a96d761816cc,thumbnails/fs_0316.jpg,45164,cc6c66e28d4bce643c197fd3baf1533d40aec080b1aebe3ef10afe3dbc8e686d,dlstupka/hth-baptisms-san-antonio-1788-1824--1858-1898,61efff529fb7330a92f8d423c40c45bc60bb841c,dlstupka/hth,4b88d0aead2931a9d8a127afbd852f196d6b51ec,,,,,,,,,,not_reviewed,,
317,Baptisms_San_Antonio_Baptism_Records_1788-1824_1858-1898.docx,317,rId321,word/media/image317.png,raw/fs_0317.png,PNG,1690,1361,RGB,2765970,10756002abb47d7842630d41d1929a4feec1a7cdabf59127465366691eac2399,2252068,a3101f96437c1c939f093d8fce58a43937d48aa195aa7a413e38cd47f2b16182,0,0,5376,0,True,,analysis/fs_0317_analysis.png,1462053,e39e51707ccc75db344a1d29d5e36150e6194c3897b1d780f0001cdfaabdbdd7,thumbnails/fs_0317.jpg,48352,201897295a25aa0abae2e3f1cd0fe78ed9a6024c39fa78d31e00d78a0f68fb14,dlstupka/hth-baptisms-san-antonio-1788-1824--1858-1898,61efff529fb7330a92f8d423c40c45bc60bb841c,dlstupka/hth,4b88d0aead2931a9d8a127afbd852f196d6b51ec,,,,,,,,,,not_reviewed,,
318,Baptisms_San_Antonio_Baptism_Records_1788-1824_1858-1898.docx,318,rId322,word/media/image318.png,raw/fs_0318.png,PNG,1690,1361,RGB,2524549,c97d26c8f125d680c070e303ae4e94011027eb1a59cdbce17d5e076d2b6b9388,2137847,1341ee786b9bc945c02c233e97d1a032676484b12190ef3d376a84b0952099f9,0,0,5376,0,True,,analysis/fs_0318_analysis.png,1382864,158f3d91b22c58580480f98c33eab6be9693454631ffdf8d7df8e524e6d9e5a1,thumbnails/fs_0318.jpg,46061,323c89c35f2bbfe604f2d2cdc9d5e82d5aa7f0c320341cbed5817c75cf325d5c,dlstupka/hth-baptisms-san-antonio-1788-1824--1858-1898,61efff529fb7330a92f8d423c40c45bc60bb841c,dlstupka/hth,4b88d0aead2931a9d8a127afbd852f196d6b51ec,,,,,,,,,,not_reviewed,,
319,Baptisms_San_Antonio_Baptism_Records_1788-1824_1858-1898.docx,319,rId323,word/media/image319.png,raw/fs_0319.png,PNG,1690,1361,RGB,2720465,a09185b3490710a9ef6ae5065ad40f440f37f3051537402fbd8c35c45c6b728b,2224645,8e3e74baafd9b27d2ac50e8d1d44f813739a346c8cde71cb36e452864b0d33a9,0,0,5376,0,True,,analysis/fs_0319_analysis.png,1463322,07355942e06d51eea13074095442fcbe7f1df3f49322720ac2508ebeae0f72a5,thumbnails/fs_0319.jpg,48052,7c0c6bfe977a8ad6a7e3aa68bcd2c0cd47c99137b11e45c4c8790fa6462c414a,dlstupka/hth-baptisms-san-antonio-1788-1824--1858-1898,61efff529fb7330a92f8d423c40c45bc60bb841c,dlstupka/hth,4b88d0aead2931a9d8a127afbd852f196d6b51ec,,,,,,,,,,not_reviewed,,
320,Baptisms_San_Antonio_Baptism_Records_1788-1824_1858-1898.docx,320,rId324,word/media/image320.png,raw/fs_0320.png,PNG,1690,1361,RGB,2643721,dfd01fb0927f392e8e68d7b0de5d13527c4030ee34be16f3c4fc94b99207a2c6,2204426,438b0c32856ba60731be5ac0648b0933f8102de5a8fea7704762e81b5c3fbaa3,0,0,5376,0,True,,analysis/fs_0320_analysis.png,1443269,eec121b78309ea1f4687c6524f700a58f2bc9d6d1031c3ef69903a7586bac17a,thumbnails/fs_0320.jpg,47034,6edae0abd3df868ceb32570cee9d68c461e519ad5a4bc2c8c2aab9483ddc26f2,dlstupka/hth-baptisms-san-antonio-1788-1824--1858-1898,61efff529fb7330a92f8d423c40c45bc60bb841c,dlstupka/hth,4b88d0aead2931a9d8a127afbd852f196d6b51ec,,,,,,,,,,not_reviewed,,
321,Baptisms_San_Antonio_Baptism_Records_1788-1824_1858-1898.docx,321,rId325,word/media/image321.png,raw/fs_0321.png,PNG,1690,1361,RGB,2753056,1d2d366c47252ee32a25fa164cf9b67888779cc53bc36f450097105be2cba9ff,2241834,62f14564ca3081fe5bb682e7a65386cd29d27c0c0c404416957338d5499becda,0,0,5376,0,True,,analysis/fs_0321_analysis.png,1473168,b28bb9881447ff9a5010ca1512fe7020e8b78cdb5b2518b287f904939a801db4,thumbnails/fs_0321.jpg,47684,473f5b53aa771c4d8fde467db8ba6626aa2104fe97d56b1030a789664dd651f5,dlstupka/hth-baptisms-san-antonio-1788-1824--1858-1898,61efff529fb7330a92f8d423c40c45bc60bb841c,dlstupka/hth,4b88d0aead2931a9d8a127afbd852f196d6b51ec,,,,,,,,,,not_reviewed,,
322,Baptisms_San_Antonio_Baptism_Records_1788-1824_1858-1898.docx,322,rId326,word/media/image322.png,raw/fs_0322.png,PNG,1690,1361,RGB,2743741,509012930bbf9c556b54da7f0302c3d8f58f7e933f164eef9f6bfcab9e3365d1,2246020,32dc64593017a6c73330f4fb71315019d1eaaea23913a2378fb71670ec0727e5,0,0,5376,0,True,,analysis/fs_0322_analysis.png,1465504,fb4e3e89869d33f7cf34f1ce86fdd2831e15a346a723bc81e3e66fc5722887bb,thumbnails/fs_0322.jpg,48011,985be9d247d611b53153f96bd74a5990c0b2bd185dca9f6ebe41b06888fdd06c,dlstupka/hth-baptisms-san-antonio-1788-1824--1858-1898,61efff529fb7330a92f8d423c40c45bc60bb841c,dlstupka/hth,4b88d0aead2931a9d8a127afbd852f196d6b51ec,,,,,,,,,,not_reviewed,,
323,Baptisms_San_Antonio_Baptism_Records_1788-1824_1858-1898.docx,323,rId327,word/media/image323.png,raw/fs_0323.png,PNG,1690,1361,RGB,2664126,a1f50f2d6384c48f579a104e44e7f7bad0104ae58746f39edd70896ff837f5e1,2186144,5a9396b26265a7d513d8597b0a6ca2445a955e87910666ea19fa1b7da9cab885,0,0,5376,0,True,,analysis/fs_0323_analysis.png,1450418,b637bdc53837ebd79e80a3a817e4f972af6729e0a6b289f4438eb3dc8ae027c8,thumbnails/fs_0323.jpg,47495,b0a454eda4a18fd5ea77712ab2a6933ed3759c2d012628e6ccbc8489d20e6ec9,dlstupka/hth-baptisms-san-antonio-1788-1824--1858-1898,61efff529fb7330a92f8d423c40c45bc60bb841c,dlstupka/hth,4b88d0aead2931a9d8a127afbd852f196d6b51ec,,,,,,,,,,not_reviewed,,
324,Baptisms_San_Antonio_Baptism_Records_1788-1824_1858-1898.docx,324,rId328,word/media/image324.png,raw/fs_0324.png,PNG,1648,1361,RGB,2744870,a37b87e04f93a29fcb4b9ee7c29e3f275cdc28338a8d16f86c913e121e757aff,2248497,0e3857b8d1eaa92a3711962350abc88484370a0256ccbfea38bd4b7c94571b25,1172,0,6576,0,True,,analysis/fs_0324_analysis.png,1464903,914a861a0fed31b40adbf82cc77adcee0097f067c60ca18bd227b89e380c8a2e,thumbnails/fs_0324.jpg,49756,485820b38e15a64f2a11417d57bfe19008bcacf103024f1ca36d06845cb1e16b,dlstupka/hth-baptisms-san-antonio-1788-1824--1858-1898,61efff529fb7330a92f8d423c40c45bc60bb841c,dlstupka/hth,4b88d0aead2931a9d8a127afbd852f196d6b51ec,,,,,,,,,,not_reviewed,,
325,Baptisms_San_Antonio_Baptism_Records_1788-1824_1858-1898.docx,325,rId329,word/media/image325.png,raw/fs_0325.png,PNG,1640,1361,RGB,2726079,2f2fe73a6a19591cb696b42938d5bcb8f8587b8ab5f6e93c48a9f6961fbe4868,2229443,c753945ee614495cd19d2d1cac1f32d657443bf29e1510a9ffcee17fea797764,1172,0,7015,0,True,,analysis/fs_0325_analysis.png,1458033,00d0ae6742dcbac95d0cd48e01eecd53d1629d76e6d2cf453210fd73aee707b9,thumbnails/fs_0325.jpg,48538,aabde3a9c503bf28040ac8c486523e85f17a28ebd4a30f100432fba80ce0e4f2,dlstupka/hth-baptisms-san-antonio-1788-1824--1858-1898,61efff529fb7330a92f8d423c40c45bc60bb841c,dlstupka/hth,4b88d0aead2931a9d8a127afbd852f196d6b51ec,,,,,,,,,,not_reviewed,,
326,Baptisms_San_Antonio_Baptism_Records_1788-1824_1858-1898.docx,326,rId330,word/media/image326.png,raw/fs_0326.png,PNG,1594,1361,RGB,2654756,454f56377ef1bb5d4e0c0c249e9f3610c69babdf9282e861308924e95d2d18af,2194876,e2451a661a5da5508d44e049a034adcee88dfe6411fcddcc64647182ff852a35,2688,0,8064,0,True,,analysis/fs_0326_analysis.png,1427665,827f7dc0cd482d0d8077b621a398bbf058b1514f99db8a9a8a2454f9d55175ff,thumbnails/fs_0326.jpg,46468,2fe501d0d5dbed0bfd6b6643cc02e4d670e2527e643d5487f0f31db669a7330d,dlstupka/hth-baptisms-san-antonio-1788-1824--1858-1898,61efff529fb7330a92f8d423c40c45bc60bb841c,dlstupka/hth,4b88d0aead2931a9d8a127afbd852f196d6b51ec,,,,,,,,,,not_reviewed,,
327,Baptisms_San_Antonio_Baptism_Records_1788-1824_1858-1898.docx,327,rId331,word/media/image327.png,raw/fs_0327.png,PNG,1618,1361,RGB,2547347,5f993d7d9f7343d1a52499fac8553bb1a389def13daa457f107319d526c462c8,2136846,9279a9e2b3358f18bad0785db09c8c8d2aac38032ffa5c5a9af4bdb2a7921eb7,1318,0,8064,0,True,,analysis/fs_0327_analysis.png,1387368,36890c2e4a7ead9de157dd83f48b9834ca6f6598d1c8247de9536af2d0c9fdce,thumbnails/fs_0327.jpg,45104,762dfdc8fd08ac2ec5c26e78459c331a236480cba198d8abfa206871dc5b0788,dlstupka/hth-baptisms-san-antonio-1788-1824--1858-1898,61efff529fb7330a92f8d423c40c45bc60bb841c,dlstupka/hth,4b88d0aead2931a9d8a127afbd852f196d6b51ec,,,,,,,,,,not_reviewed,,
328,Baptisms_San_Antonio_Baptism_Records_1788-1824_1858-1898.docx,328,rId332,word/media/image328.png,raw/fs_0328.png,PNG,1594,1361,RGB,2572115,23a500301c7eeee24a4b81a19736253065da8dc3c0e7550c4f0f5c169a70a694,2143959,96076ee361713800ba2d8e4c6b44427f13af2cb22b5c753a7d8896e8f4007488,2688,0,8064,0,True,,analysis/fs_0328_analysis.png,1393537,7a0118510c06028de87145314cf116044d154a5035c6156be9b63d5ad7dd8b33,thumbnails/fs_0328.jpg,44043,7cc73dea583209f32cdbbefa6c3a618c0c6b557a6ec5bc6755c60aadf4e717e9,dlstupka/hth-baptisms-san-antonio-1788-1824--1858-1898,61efff529fb7330a92f8d423c40c45bc60bb841c,dlstupka/hth,4b88d0aead2931a9d8a127afbd852f196d6b51ec,,,,,,,,,,not_reviewed,,
329,Baptisms_San_Antonio_Baptism_Records_1788-1824_1858-1898.docx,329,rId333,word/media/image329.png,raw/fs_0329.png,PNG,1594,1361,RGB,2590609,6175463bfc4d116b04c15b8fdbdc897fd5793d7c7db3c5a081af2fc66f9e8e38,2146447,5d790c43f3670401999592d2560299f6824703e4f30fd62e4b33f0b23b3dd7d9,2688,0,8064,0,True,,analysis/fs_0329_analysis.png,1389321,933c2d96660574d450f94e87ee41f90dfa7a38bde685437e04ffeb2241e1c421,thumbnails/fs_0329.jpg,43896,27e3edd415cf980ea162d14c212ba592ec2fdf1af9d7f780068469830a8725a9,dlstupka/hth-baptisms-san-antonio-1788-1824--1858-1898,61efff529fb7330a92f8d423c40c45bc60bb841c,dlstupka/hth,4b88d0aead2931a9d8a127afbd852f196d6b51ec,,,,,,,,,,not_reviewed,,
330,Baptisms_San_Antonio_Baptism_Records_1788-1824_1858-1898.docx,330,rId334,word/media/image330.png,raw/fs_0330.png,PNG,1594,1361,RGB,2628688,8025542b04c2ae0719753645d478376343456b313326317a58c200d33526c509,2144961,e280748d911bcb01c37a8ea93e5c0dc34071791565575eab0d3776cc8125da69,5376,0,5376,0,True,,analysis/fs_0330_analysis.png,1411527,226a11e57453854b3b33d16d124a4e4a2ac61917b33c009d0963a3741d02dab3,thumbnails/fs_0330.jpg,45067,761a5a423bdd41c7dac55e3a6196e7fd181c7072b11376e685d395d8739538b7,dlstupka/hth-baptisms-san-antonio-1788-1824--1858-1898,61efff529fb7330a92f8d423c40c45bc60bb841c,dlstupka/hth,4b88d0aead2931a9d8a127afbd852f196d6b51ec,,,,,,,,,,not_reviewed,,
331,Baptisms_San_Antonio_Baptism_Records_1788-1824_1858-1898.docx,331,rId335,word/media/image331.png,raw/fs_0331.png,PNG,1625,1361,RGB,2511774,70632f1d41693b00f339b2ee571ff94ec4be60f8fe07c1a93a7c3a90fc127706,2132948,cdf9e40ff29121a92f23d4e68143be101cd665cb322a9b973f63ed6990a3406c,953,0,8064,0,True,,analysis/fs_0331_analysis.png,1379742,961893f5a01d0a345ea1d18d13c1020142849d51fccaa507b035599c6888e148,thumbnails/fs_0331.jpg,41887,d07150b632bd65c5902fd80889c99e41e43bad56743e85243e9201d5bc5db5b1,dlstupka/hth-baptisms-san-antonio-1788-1824--1858-1898,61efff529fb7330a92f8d423c40c45bc60bb841c,dlstupka/hth,4b88d0aead2931a9d8a127afbd852f196d6b51ec,,,,,,,,,,not_reviewed,,
332,Baptisms_San_Antonio_Baptism_Records_1788-1824_1858-1898.docx,332,rId336,word/media/image332.png,raw/fs_0332.png,PNG,1620,1361,RGB,2637450,73b3acb404a680be0bcae2394425b5a85089533b1850114919827654d75de78d,2188816,acc590d138ea3631356dddf4d3963504f1e4be51e352826957e9e603204d19e8,1246,0,8064,0,True,,analysis/fs_0332_analysis.png,1417890,18208965f5957a1c47f3cbeb9524c6254672da15a0bb32d7e7e46547e8efeebb,thumbnails/fs_0332.jpg,45492,143ed5fc7c7c7511ef1ee6a4a38a7cc8c9bc4a5174a93fd7fd875953e6d669d4,dlstupka/hth-baptisms-san-antonio-1788-1824--1858-1898,61efff529fb7330a92f8d423c40c45bc60bb841c,dlstupka/hth,4b88d0aead2931a9d8a127afbd852f196d6b51ec,,,,,,,,,,not_reviewed,,
333,Baptisms_San_Antonio_Baptism_Records_1788-1824_1858-1898.docx,333,rId337,word/media/image333.png,raw/fs_0333.png,PNG,1618,1361,RGB,2662589,c19834c6b7d9ff9af958d77b1d1bb07145102c87226076e74663632d3f9ae3f8,2196392,46e282517586f6d1332b18fb782b9ca387ef6e5dabb0b68e694c5a4f5cc463f0,1318,0,8064,0,True,,analysis/fs_0333_analysis.png,1427687,b4863a6b73fda3a89b8dd7d433cc004a7fd95d5efa4cd69dca8ff8ff16a0e42f,thumbnails/fs_0333.jpg,45928,d6d2f35602f1854c77b0ce2d29205dfe35b73d55f3a26dc9500005e5f293247b,dlstupka/hth-baptisms-san-antonio-1788-1824--1858-1898,61efff529fb7330a92f8d423c40c45bc60bb841c,dlstupka/hth,4b88d0aead2931a9d8a127afbd852f196d6b51ec,,,,,,,,,,not_reviewed,,
334,Baptisms_San_Antonio_Baptism_Records_1788-1824_1858-1898.docx,334,rId338,word/media/image334.png,raw/fs_0334.png,PNG,1668,1361,RGB,2729447,67a6299f5aa6bc71f64481ce7e71a5f5bd837e911ec65b9b97ac8c2b71dc1d26,2224390,65cc30d87c9a7775b844390c279a8fba45901b23f034f715518f792d34414b5f,1245,0,5376,0,True,,analysis/fs_0334_analysis.png,1472825,4d8af5a5f56173ec2745d0e60eae2fda9a3bd119f3f48492359a2102ff3a0343,thumbnails/fs_0334.jpg,47800,09cf694d85b3d3e4ef0a4ac96cebb194ed65e8622c9341125abc03eceeffddb4,dlstupka/hth-baptisms-san-antonio-1788-1824--1858-1898,61efff529fb7330a92f8d423c40c45bc60bb841c,dlstupka/hth,4b88d0aead2931a9d8a127afbd852f196d6b51ec,,,,,,,,,,not_reviewed,,
335,Baptisms_San_Antonio_Baptism_Records_1788-1824_1858-1898.docx,335,rId339,word/media/image335.png,raw/fs_0335.png,PNG,1669,1361,RGB,2803372,dd2bee96fa833a4be555f3776361ceb2321460388a1a9ed37e5d57d46ac8ed79,2270702,8449e5eb14de5ef0a62f3763bef0b1446ce069f66266934320b6519a6f97a186,1172,0,5376,0,True,,analysis/fs_0335_analysis.png,1507776,7a0df98035e6cd8cab87356cfaf0e81a256fd50ee9837c8b6aeb6bc1ffa11889,thumbnails/fs_0335.jpg,50116,a9d97ab2e63dbf10e5ae6fa27446d552b246e4d7f3c01cb72f728b708a21b6e9,dlstupka/hth-baptisms-san-antonio-1788-1824--1858-1898,61efff529fb7330a92f8d423c40c45bc60bb841c,dlstupka/hth,4b88d0aead2931a9d8a127afbd852f196d6b51ec,,,,,,,,,,not_reviewed,,
336,Baptisms_San_Antonio_Baptism_Records_1788-1824_1858-1898.docx,336,rId340,word/media/image336.png,raw/fs_0336.png,PNG,1642,1361,RGB,2754284,208440d9a0709ad2b27846cb1ac2ef00b1e1a066e4cd4a2f84cc316f4147b089,2242062,5fc76cf767376110ce488e5676ee68814eb61503ce7c87758c34a0dcffeea85f,2688,0,5376,0,True,,analysis/fs_0336_analysis.png,1482099,c19e0e1ad3125e3dff0f28ea5069e95204191902533b807933b2ff068361f2fd,thumbnails/fs_0336.jpg,49871,19c0d1138bcc008e02d2fa72329de188f0d86db09186c1eca7ff7b2ebbe028db,dlstupka/hth-baptisms-san-antonio-1788-1824--1858-1898,61efff529fb7330a92f8d423c40c45bc60bb841c,dlstupka/hth,4b88d0aead2931a9d8a127afbd852f196d6b51ec,,,,,,,,,,not_reviewed,,
337,Baptisms_San_Antonio_Baptism_Records_1788-1824_1858-1898.docx,337,rId341,word/media/image337.png,raw/fs_0337.png,PNG,1642,1361,RGB,2690051,221d679ac8b9467148d6466c4c897ac6210f13f44f55cb269742620b41a8f0cd,2208904,6f7cd3d49df0a54efd031160ee68f122a7223b1cfac2770913435978d16b7aa8,0,0,8064,0,True,,analysis/fs_0337_analysis.png,1426580,476d92bc4d48ed4827536e5655a4d2cded75e79ea926b7d9af8895fc0567549e,thumbnails/fs_0337.jpg,46937,1adec46fb2915dfbcc9ff62afb21ad221c71a0ce58769816f81a824f464429dd,dlstupka/hth-baptisms-san-antonio-1788-1824--1858-1898,61efff529fb7330a92f8d423c40c45bc60bb841c,dlstupka/hth,4b88d0aead2931a9d8a127afbd852f196d6b51ec,,,,,,,,,,not_reviewed,,
338,Baptisms_San_Antonio_Baptism_Records_1788-1824_1858-1898.docx,338,rId342,word/media/image338.png,raw/fs_0338.png,PNG,1669,1361,RGB,2856804,d054c24aa7c34fa5e2745a344cb040ed959254a841358f14c01424020bc29b23,2328743,5dea027db0eb8851cac79261121e32c937e39c502a9d2ea55d921a64eab8db7e,1172,0,5376,0,True,,analysis/fs_0338_analysis.png,1538016,27cc9079d2770a36909c22cb247fcc2a3e01b2de5f71f675ff41c6a35e71681e,thumbnails/fs_0338.jpg,50009,b26822e57a7e4ecb890e4896349a7285d85ce0f7672f7b449bed1ef8a98dfcb6,dlstupka/hth-baptisms-san-antonio-1788-1824--1858-1898,61efff529fb7330a92f8d423c40c45bc60bb841c,dlstupka/hth,4b88d0aead2931a9d8a127afbd852f196d6b51ec,,,,,,,,,,not_reviewed,,
339,Baptisms_San_Antonio_Baptism_Records_1788-1824_1858-1898.docx,339,rId343,word/media/image339.png,raw/fs_0339.png,PNG,1642,1361,RGB,2693652,e88b36e32c3a6a0b97f6d3098caf707a3c2dcd70c5ae763248d7edce75b55871,2218303,90f6dc4034db683850a8c431c59361fd6bed73da484e1c46d36b03f28c706da2,2688,0,5376,0,True,,analysis/fs_0339_analysis.png,1457120,78666df492aee6e93273b6639750da6c28ad4e07b579ae0cecea6d3b50778c81,thumbnails/fs_0339.jpg,48057,f9008293efd06649c031b6c77abcdbe6fe159ecbb7efc33d1aa853768a4cedba,dlstupka/hth-baptisms-san-antonio-1788-1824--1858-1898,61efff529fb7330a92f8d423c40c45bc60bb841c,dlstupka/hth,4b88d0aead2931a9d8a127afbd852f196d6b51ec,,,,,,,,,,not_reviewed,,
340,Baptisms_San_Antonio_Baptism_Records_1788-1824_1858-1898.docx,340,rId344,word/media/image340.png,raw/fs_0340.png,PNG,1642,1361,RGB,2607052,1c731325572a9c6f1c6beba30a8d5c82cc6fd22af732ee7e0524eb2d99540b70,2160447,107f24a59e63703ec13cb6b680fe1c2e1b56b4437eb66f86766084f27ba6edbf,0,0,8064,0,True,,analysis/fs_0340_analysis.png,1394375,56aa769abbdd961468e6546b19b60abf7fb982d1d009f014eddd34c807cca53e,thumbnails/fs_0340.jpg,45147,108e289230117c509fdaaa860b3552237b21dcded4729900ce2df289ad57e63b,dlstupka/hth-baptisms-san-antonio-1788-1824--1858-1898,61efff529fb7330a92f8d423c40c45bc60bb841c,dlstupka/hth,4b88d0aead2931a9d8a127afbd852f196d6b51ec,,,,,,,,,,not_reviewed,,
341,Baptisms_San_Antonio_Baptism_Records_1788-1824_1858-1898.docx,341,rId345,word/media/image341.png,raw/fs_0341.png,PNG,1642,1361,RGB,2654675,111b232c6d35b750fba6428d4813bad01f314e20dfe4a60a4eb14335d0fd9b46,2182623,39e5de621efcff2c2d0abcb0a22aa79f28027b8fabcf4bcea56d5e7cffb8f654,2688,0,5376,0,True,,analysis/fs_0341_analysis.png,1424997,dc57d682a438989179eaeca5a263c5bc9531d6c2c4474e423bf5f6bf9cf602e0,thumbnails/fs_0341.jpg,47142,fa2e0a81fc6d70a94fe967f8fff8ee8bd5fb94b32d8b239b6e525d0c25dcbe34,dlstupka/hth-baptisms-san-antonio-1788-1824--1858-1898,61efff529fb7330a92f8d423c40c45bc60bb841c,dlstupka/hth,4b88d0aead2931a9d8a127afbd852f196d6b51ec,,,,,,,,,,not_reviewed,,
342,Baptisms_San_Antonio_Baptism_Records_1788-1824_1858-1898.docx,342,rId346,word/media/image342.png,raw/fs_0342.png,PNG,1594,1361,RGB,2454676,a3285966678ab444c79479ce4434fe731f48b257a97217d499d47acf29290bdb,2021824,47a52039f48f5910c977255ac6d287c36f83eb464d47b366b92745e66469389d,2688,0,8064,0,True,,analysis/fs_0342_analysis.png,1301949,88d1a454c51a9180186ee85c1a14cadff6ce7ad78a65d220ad95f8950ff026e0,thumbnails/fs_0342.jpg,44103,8c38e3b722a3b400417a77e1fcce0f366808873a9f75cd543968b80d120e5cfa,dlstupka/hth-baptisms-san-antonio-1788-1824--1858-1898,61efff529fb7330a92f8d423c40c45bc60bb841c,dlstupka/hth,4b88d0aead2931a9d8a127afbd852f196d6b51ec,,,,,,,,,,not_reviewed,,
343,Baptisms_San_Antonio_Baptism_Records_1788-1824_1858-1898.docx,343,rId347,word/media/image343.png,raw/fs_0343.png,PNG,1594,1361,RGB,2489805,e2f024aaea91adbc99bb1b58d7eaf603740651bbece41217e9b7827f8cd026e9,2059031,91657d370643deea47d638201b30ee97022af64b17fa813bce6435f71c385baf,2688,0,8064,0,True,,analysis/fs_0343_analysis.png,1324441,b7f16d550f854a7a699bd23e132d05a152b93c2d0972db191ba22db894202093,thumbnails/fs_0343.jpg,44128,5695c76f2787cf028c6eaa8cc9e265c038c35b62aa3c4ce8200f8d4ebfcd0274,dlstupka/hth-baptisms-san-antonio-1788-1824--1858-1898,61efff529fb7330a92f8d423c40c45bc60bb841c,dlstupka/hth,4b88d0aead2931a9d8a127afbd852f196d6b51ec,,,,,,,,,,not_reviewed,,
344,Baptisms_San_Antonio_Baptism_Records_1788-1824_1858-1898.docx,344,rId348,word/media/image344.png,raw/fs_0344.png,PNG,1546,1361,RGB,2395269,2204368360728598bcec324418835996dde09f10575085967531ad4d7f071f03,2031536,b719e5dc99a359b33cd1d4250e72d2a7e27e47c453ba720ef7cf7858ce71edf6,2688,0,10752,0,True,,analysis/fs_0344_analysis.png,1302055,ca3a940ac9f023ad4b7b87f7d12994004d7c5e8e9dbc7c4cdb2dea8cf62d92ac,thumbnails/fs_0344.jpg,43895,15d2b1f18aa690ab03d80c4a6926af19d0147b4c42085de308f6eb28838562d5,dlstupka/hth-baptisms-san-antonio-1788-1824--1858-1898,61efff529fb7330a92f8d423c40c45bc60bb841c,dlstupka/hth,4b88d0aead2931a9d8a127afbd852f196d6b51ec,,,,,,,,,,not_reviewed,,
345,Baptisms_San_Antonio_Baptism_Records_1788-1824_1858-1898.docx,345,rId349,word/media/image345.png,raw/fs_0345.png,PNG,1546,1361,RGB,2355275,31d09c144cd7170f662f04b0a38cb3a2b53a5e9baac386b9051606f512312db8,2003899,e47cc89af0d85204383cbdb015cccb33954f1af2ca6d4814c4d87376f7652ef9,2688,0,10752,0,True,,analysis/fs_0345_analysis.png,1291026,bbe3505459a569354f2dae318394b48caa7db24096d7db56195958e6462780d3,thumbnails/fs_0345.jpg,42689,d337702d0439e1811f25c9037a7376525843dc6c6f01c6418c7abe1008f0cecc,dlstupka/hth-baptisms-san-antonio-1788-1824--1858-1898,61efff529fb7330a92f8d423c40c45bc60bb841c,dlstupka/hth,4b88d0aead2931a9d8a127afbd852f196d6b51ec,,,,,,,,,,not_reviewed,,
346,Baptisms_San_Antonio_Baptism_Records_1788-1824_1858-1898.docx,346,rId350,word/media/image346.png,raw/fs_0346.png,PNG,1594,1361,RGB,2473045,92b36c4d27112f8287b542e540d86b1d8a734b689a4739defed321fc2a897479,2036111,881b5a393438aa9d60925ec318def2fb7fd68ee1b9180f6a263f6120686836f2,5376,0,5376,0,True,,analysis/fs_0346_analysis.png,1350016,30e43b8598012b00d2cd42e60495d0d4305f04aeee9eff6ef16b8aec66ba2d14,thumbnails/fs_0346.jpg,44018,f1bde84694a4aade5083d5f694220c933b8aa99f4543545fc3e3507513613fe0,dlstupka/hth-baptisms-san-antonio-1788-1824--1858-1898,61efff529fb7330a92f8d423c40c45bc60bb841c,dlstupka/hth,4b88d0aead2931a9d8a127afbd852f196d6b51ec,,,,,,,,,,not_reviewed,,
347,Baptisms_San_Antonio_Baptism_Records_1788-1824_1858-1898.docx,347,rId351,word/media/image347.png,raw/fs_0347.png,PNG,1594,1361,RGB,2610669,8e3c2fea6d94db87b26f929cebe6e3cdef7ea4e5f2a59ebf550c831a9f393429,2116474,d60d6493e57a1560a72f56454743a87ec78d37812b8ad1b699543e16f132c9dd,5376,0,5376,0,True,,analysis/fs_0347_analysis.png,1395518,13d80fd2d0e46c6c150b86a2934586a2ee3c6996a592bd01021a79ad2f893ea7,thumbnails/fs_0347.jpg,46804,96d9af66991155febb231b88a6ca49041e591a2da1173a73228e91104e9a08f9,dlstupka/hth-baptisms-san-antonio-1788-1824--1858-1898,61efff529fb7330a92f8d423c40c45bc60bb841c,dlstupka/hth,4b88d0aead2931a9d8a127afbd852f196d6b51ec,,,,,,,,,,not_reviewed,,
348,Baptisms_San_Antonio_Baptism_Records_1788-1824_1858-1898.docx,348,rId352,word/media/image348.png,raw/fs_0348.png,PNG,1546,1361,RGB,2558535,e459955e6272e9d7d6dc786a69ac145873fe603b4e9cfda4dd08e1fb155634f4,2100421,29d4453b50fd5ba4888b3aaa5cd7a757229d3e3695544bc88e96319052c158ee,5376,0,8064,0,True,,analysis/fs_0348_analysis.png,1367455,42edc5de9836ecd36227e10e2f53662f1247483c8a35a24479470474176f51c7,thumbnails/fs_0348.jpg,46732,3fb19680fc999e369db4455048884f62796ddb61d6f7161bab99b9d7b19474ed,dlstupka/hth-baptisms-san-antonio-1788-1824--1858-1898,61efff529fb7330a92f8d423c40c45bc60bb841c,dlstupka/hth,4b88d0aead2931a9d8a127afbd852f196d6b51ec,,,,,,,,,,not_reviewed,,
349,Baptisms_San_Antonio_Baptism_Records_1788-1824_1858-1898.docx,349,rId353,word/media/image349.png,raw/fs_0349.png,PNG,1546,1361,RGB,2548181,70b21a3f9acf109496bbb32ded5a74977959092a0168ee0252a210a12518bfde,2102733,e199e4735cca07ca5037c58c970af8227ee73e8dcbace6a0f51612661f2725af,5376,0,8064,0,True,,analysis/fs_0349_analysis.png,1372986,df0d7f9937c4150d042fc81686c29654d45ff9901f270158d728a851df497d19,thumbnails/fs_0349.jpg,44714,6a87f14edf0b8e7c261550880657cfff7f87c398088d7152e499698805563c99,dlstupka/hth-baptisms-san-antonio-1788-1824--1858-1898,61efff529fb7330a92f8d423c40c45bc60bb841c,dlstupka/hth,4b88d0aead2931a9d8a127afbd852f196d6b51ec,,,,,,,,,,not_reviewed,,
350,Baptisms_San_Antonio_Baptism_Records_1788-1824_1858-1898.docx,350,rId354,word/media/image350.png,raw/fs_0350.png,PNG,1546,1361,RGB,2369422,a1aab74d70c4a93afba0eba8e793390085d59c12b22b6c7ab4d8f6bf77d1535f,2015549,b1863dbcff77330967fb5267a89692377b282bdc8a8c3c3cdf73a44f1e797680,2688,0,10752,0,True,,analysis/fs_0350_analysis.png,1283534,03e4df8784802c3023ffa16d848c12376cd37081c0f2442353032ece733471b4,thumbnails/fs_0350.jpg,40566,96e50d3366d14661e2d211f8e3f9669778072da6f4a5e73a4e61c9afcb631de1,dlstupka/hth-baptisms-san-antonio-1788-1824--1858-1898,61efff529fb7330a92f8d423c40c45bc60bb841c,dlstupka/hth,4b88d0aead2931a9d8a127afbd852f196d6b51ec,,,,,,,,,,not_reviewed,,
351,Baptisms_San_Antonio_Baptism_Records_1788-1824_1858-1898.docx,351,rId355,word/media/image351.png,raw/fs_0351.png,PNG,1546,1361,RGB,2434745,1e5379c1a76d0adb5cd1f8c0d354540efce0157a2023402f59d7085bbec93e5e,2034841,a5b3b5c727df0dd5de7e517cc23c606badc9c3c8143ff0ec56740df5abf1b0f1,2688,0,10752,0,True,,analysis/fs_0351_analysis.png,1301405,de1eaf8d45ba3e5f1f290434850ea345ce1610aae20dcf0e87f5ac2b6d106c9a,thumbnails/fs_0351.jpg,41312,98d5b9eb39b432b1ea408bfb0ea4356c9c5bc74c6a8ad3ca36373d9b18ce6508,dlstupka/hth-baptisms-san-antonio-1788-1824--1858-1898,61efff529fb7330a92f8d423c40c45bc60bb841c,dlstupka/hth,4b88d0aead2931a9d8a127afbd852f196d6b51ec,,,,,,,,,,not_reviewed,,
352,Baptisms_San_Antonio_Baptism_Records_1788-1824_1858-1898.docx,352,rId356,word/media/image352.png,raw/fs_0352.png,PNG,1586,1361,RGB,2476634,c93ff5ab31042cb2a43ed47cd64f75608c4e019bae239fb02e549404cc2b8619,2084704,cbb4b7d38e5a004f172a71e86f694a7e052daddbd567f6cb141142d95f711015,440,0,10752,0,True,,analysis/fs_0352_analysis.png,1337729,f9a7583615da47f2b4d8dfea58dc0f011eaff8e9077da6a5b70b745fb57e0702,thumbnails/fs_0352.jpg,44005,73dbffbb61bb32a923df86357219211756f24385ef5590ba90fc7a1cbbb82168,dlstupka/hth-baptisms-san-antonio-1788-1824--1858-1898,61efff529fb7330a92f8d423c40c45bc60bb841c,dlstupka/hth,4b88d0aead2931a9d8a127afbd852f196d6b51ec,,,,,,,,,,not_reviewed,,
353,Baptisms_San_Antonio_Baptism_Records_1788-1824_1858-1898.docx,353,rId357,word/media/image353.png,raw/fs_0353.png,PNG,1594,1361,RGB,2555799,a04e4a6fa7e061ecac529fb1d482907cfa020d48782a0eae0c0f5ce50dbc7025,2131745,8531a0832ec6aa5b9102d767c8267ca3a2ad3967a49c91aa22f635792b63ca4d,0,0,10752,0,True,,analysis/fs_0353_analysis.png,1359942,33459c9bde078bdef01021c2664ea133698c3e27f481c5300dd0484c421bcd04,thumbnails/fs_0353.jpg,43915,75a28081d732c8cdb8f3a34ec1c0821e9e8d850f904ba46cc40e0e7c95c2ae30,dlstupka/hth-baptisms-san-antonio-1788-1824--1858-1898,61efff529fb7330a92f8d423c40c45bc60bb841c,dlstupka/hth,4b88d0aead2931a9d8a127afbd852f196d6b51ec,,,,,,,,,,not_reviewed,,
354,Baptisms_San_Antonio_Baptism_Records_1788-1824_1858-1898.docx,354,rId358,word/media/image354.png,raw/fs_0354.png,PNG,1642,1361,RGB,2738039,66184601de4d12c492cea79be7c002a5b3a240fe154c7cf76887f672abf322f6,2226887,3b52fe419353157a0efd1a6853fdc15aba774f73009fbf18401971db51a78c1f,2688,0,5376,0,True,,analysis/fs_0354_analysis.png,1469057,60c07ff35d54b7d6764e6b2818633159996584469eb4af04c70bea2a1dfa4fcc,thumbnails/fs_0354.jpg,47689,c85eb6fd482e6acd6fce60a9810c4af78f7065dd796fc805cc433ca234492ad4,dlstupka/hth-baptisms-san-antonio-1788-1824--1858-1898,61efff529fb7330a92f8d423c40c45bc60bb841c,dlstupka/hth,4b88d0aead2931a9d8a127afbd852f196d6b51ec,,,,,,,,,,not_reviewed,,
355,Baptisms_San_Antonio_Baptism_Records_1788-1824_1858-1898.docx,355,rId359,word/media/image355.png,raw/fs_0355.png,PNG,1642,1361,RGB,2551499,bf5cdc48ca8ba5cb6d167b79468b46a618c5fddf6b8b3641aa3066e24e1ce149,2105410,fe64e52cf498ba01c703be9c985ee8bcc769d85a03c606872c35fec54c9a35a9,2688,0,5376,0,True,,analysis/fs_0355_analysis.png,1392421,df26e9a2275ad8c35ec3cc4e806b86e15cf6d90e3352ff1dcd3a5f276bc698f4,thumbnails/fs_0355.jpg,44889,9faee54126a271827ee684aaeefea23e76899f87c0c9474fc390b42cfa3837f0,dlstupka/hth-baptisms-san-antonio-1788-1824--1858-1898,61efff529fb7330a92f8d423c40c45bc60bb841c,dlstupka/hth,4b88d0aead2931a9d8a127afbd852f196d6b51ec,,,,,,,,,,not_reviewed,,
356,Baptisms_San_Antonio_Baptism_Records_1788-1824_1858-1898.docx,356,rId360,word/media/image356.png,raw/fs_0356.png,PNG,1594,1361,RGB,2523992,9bf44c480c6e73851f36502a6cba833eed8106559afe40741220b0251f8e5f0f,2086286,eb8c9df4d79213ff47d5e3cf541bdda6ab04db06bd8488aa5e3c5d9b83f7efc8,2688,0,8064,0,True,,analysis/fs_0356_analysis.png,1383923,292257055b993c22d9232393de130ed7b109f0e729c147c87d568b7a21f274ce,thumbnails/fs_0356.jpg,44462,925fd92b82841cfa1fd226b9e2b8236e8d879d74b798398594dc84ec8facf0e3,dlstupka/hth-baptisms-san-antonio-1788-1824--1858-1898,61efff529fb7330a92f8d423c40c45bc60bb841c,dlstupka/hth,4b88d0aead2931a9d8a127afbd852f196d6b51ec,,,,,,,,,,not_reviewed,,
357,Baptisms_San_Antonio_Baptism_Records_1788-1824_1858-1898.docx,357,rId361,word/media/image357.png,raw/fs_0357.png,PNG,1594,1361,RGB,2651049,6554e114ac2c40d4996628bccd542953bcc7e84f64f9e00a6ea58325108b98e7,2149454,a3b0c96e58a91f1d78dc9a9d656c853d6ff95d4d63fd468fd438024a30185f9a,2688,0,8064,0,True,,analysis/fs_0357_analysis.png,1411440,492c158bc0be71daf292582c2b73dc6db20a6fe6b51bf2c90433e4ecd3a60d95,thumbnails/fs_0357.jpg,45969,a88c41b4c29c21c641485763b58cf4880f5f2202133a495e2b33a724db700d9a,dlstupka/hth-baptisms-san-antonio-1788-1824--1858-1898,61efff529fb7330a92f8d423c40c45bc60bb841c,dlstupka/hth,4b88d0aead2931a9d8a127afbd852f196d6b51ec,,,,,,,,,,not_reviewed,,
358,Baptisms_San_Antonio_Baptism_Records_1788-1824_1858-1898.docx,358,rId362,word/media/image358.png,raw/fs_0358.png,PNG,1642,1361,RGB,2518226,3f506ea313ac0f3483a9491bd757ecfd112aa412b6965dee976cc125e5e4469b,2061677,4a737c1691df15e9e8fdb2595c7ccbcaf8dd622838ff1825cca15cd40fd3f54a,2688,0,5376,0,True,,analysis/fs_0358_analysis.png,1362202,0756ca073b42595a3c8f60d4730acb6a2a31bc653ab59b7723a336510e90c0cc,thumbnails/fs_0358.jpg,46129,daee0bed14a544b7d1fdac87de147eb2682ea3179cc580d8fe1eff4fcc6f39a4,dlstupka/hth-baptisms-san-antonio-1788-1824--1858-1898,61efff529fb7330a92f8d423c40c45bc60bb841c,dlstupka/hth,4b88d0aead2931a9d8a127afbd852f196d6b51ec,,,,,,,,,,not_reviewed,,
359,Baptisms_San_Antonio_Baptism_Records_1788-1824_1858-1898.docx,359,rId363,word/media/image359.png,raw/fs_0359.png,PNG,1594,1361,RGB,2546828,9dbc7538b38467891ed53a3eef6d64b18741d98ce7e0bceec6c3513d2016e4ff,2114073,051e4d0be5241282625c821979ff8817f07294d27dfcc21e20d71ba34b7f7584,2688,0,8064,0,True,,analysis/fs_0359_analysis.png,1361921,777ac4cfb9cd56065e5fb4810413237371d8c9df09a09856568a9541cae5d4ac,thumbnails/fs_0359.jpg,43713,733b611ba6f1e590ddade0d96be69259c9b2a0a4fca38b559aa927e0b725d409,dlstupka/hth-baptisms-san-antonio-1788-1824--1858-1898,61efff529fb7330a92f8d423c40c45bc60bb841c,dlstupka/hth,4b88d0aead2931a9d8a127afbd852f196d6b51ec,,,,,,,,,,not_reviewed,,
360,Baptisms_San_Antonio_Baptism_Records_1788-1824_1858-1898.docx,360,rId364,word/media/image360.png,raw/fs_0360.png,PNG,1594,1361,RGB,2543402,d061dc061cb72d3f9ee5f2a447b9ae555cbda5c31339c49279a9dc40d3cb0fe2,2121334,2b4eb09e84864de414163b2a0bfbb70709ee62e941aedeef1a310bf363165ed2,2688,0,8064,0,True,,analysis/fs_0360_analysis.png,1357329,101cfa274d544e3b39d932bcd805f1ed88f85374b9c44704c9d21445276408ad,thumbnails/fs_0360.jpg,45255,1c6e8614ffece7a355ac02f8ebda2d87b4273238a81043baa2ad4ad9c64bd605,dlstupka/hth-baptisms-san-antonio-1788-1824--1858-1898,61efff529fb7330a92f8d423c40c45bc60bb841c,dlstupka/hth,4b88d0aead2931a9d8a127afbd852f196d6b51ec,,,,,,,,,,not_reviewed,,
361,Baptisms_San_Antonio_Baptism_Records_1788-1824_1858-1898.docx,361,rId365,word/media/image361.png,raw/fs_0361.png,PNG,1594,1361,RGB,2503045,f8cae56ec86e6e0e54d4faa7b74dfcded34e5b23509410cb1d274c8f833b554c,2092388,23241eefd9791145167c610cfe01f5b1622a20203112132d70af166b713b6d32,2688,0,8064,0,True,,analysis/fs_0361_analysis.png,1352717,2f9938f5e22e1db499f4c08b4933d3f4004587ebb9c920b67f0f358587d3ca37,thumbnails/fs_0361.jpg,43442,c4467285b2c5b1b74658a6a2fc448a4ec65be341bc525d3f59955e0e53579567,dlstupka/hth-baptisms-san-antonio-1788-1824--1858-1898,61efff529fb7330a92f8d423c40c45bc60bb841c,dlstupka/hth,4b88d0aead2931a9d8a127afbd852f196d6b51ec,,,,,,,,,,not_reviewed,,
362,Baptisms_San_Antonio_Baptism_Records_1788-1824_1858-1898.docx,362,rId366,word/media/image362.png,raw/fs_0362.png,PNG,1594,1361,RGB,2604537,d76cdb3857d5f77481b7a17460f206c42a899b0925cace0bffa174efd859f510,2137235,8673991de83a6b5222fef44056d4c694b4cfba7a720cac661a0524d9033b3ac2,2688,0,8064,0,True,,analysis/fs_0362_analysis.png,1376710,17c70ae6ec3fb5e866809ea71e19d8af0af1f5f615bd3c818902b7a8a5ce466f,thumbnails/fs_0362.jpg,44762,caa4abdc69387123d199b0ad1ea188a68e266db881344fe54690a4d6d8068c87,dlstupka/hth-baptisms-san-antonio-1788-1824--1858-1898,61efff529fb7330a92f8d423c40c45bc60bb841c,dlstupka/hth,4b88d0aead2931a9d8a127afbd852f196d6b51ec,,,,,,,,,,not_reviewed,,
363,Baptisms_San_Antonio_Baptism_Records_1788-1824_1858-1898.docx,363,rId367,word/media/image363.png,raw/fs_0363.png,PNG,1594,1361,RGB,2374430,a3a43161e7d0dffce83625b040d655344cab44ef04a5d136689d9f42f4a541b3,2007680,8e5256863f2ee21da45ce2865326d8b7b2474af13d22a5edac179ad732cac1f1,2688,0,8064,0,True,,analysis/fs_0363_analysis.png,1298078,9c163cb28b19ca2236731d2c1049bd7169b53ebead0b06f4bae335e4bf9f896a,thumbnails/fs_0363.jpg,40764,7d5dc1dc5d661ba7c8101be12e8450adcef7787a82fed1e711a17c728cbc1389,dlstupka/hth-baptisms-san-antonio-1788-1824--1858-1898,61efff529fb7330a92f8d423c40c45bc60bb841c,dlstupka/hth,4b88d0aead2931a9d8a127afbd852f196d6b51ec,,,,,,,,,,not_reviewed,,
364,Baptisms_San_Antonio_Baptism_Records_1788-1824_1858-1898.docx,364,rId368,word/media/image364.png,raw/fs_0364.png,PNG,1589,1361,RGB,2447386,bfd7d13e06c2ee98c5a2ca1be0f73d6f689f52b8b0eb02b333e4bead4e14f177,2064891,7839a3090adb9a9f0c1a9020e8c4e15c612708442a8ff25b13ec64fb4861972b,2949,0,8064,0,True,,analysis/fs_0364_analysis.png,1322660,6b3ff6bfb5d32c61470177107c75cbbbbc7ed506aea079afb0c12ba0ecffd15f,thumbnails/fs_0364.jpg,40176,07ff077b58c54691ccd49cd1afe9b96e08647e3960bfa06f8d2e957306d48f32,dlstupka/hth-baptisms-san-antonio-1788-1824--1858-1898,61efff529fb7330a92f8d423c40c45bc60bb841c,dlstupka/hth,4b88d0aead2931a9d8a127afbd852f196d6b51ec,,,,,,,,,,not_reviewed,,
365,Baptisms_San_Antonio_Baptism_Records_1788-1824_1858-1898.docx,365,rId369,word/media/image365.png,raw/fs_0365.png,PNG,1609,1361,RGB,2414042,a677bba3b2ed642a1560c499087b51278f3f0d6fc8cadb9d3f23e22da6b03a95,2039901,2ea3ad4c8a6f75df0a6c2f3d7ed6ec8b9b45bbb1e1b7056636e77382a981944d,4520,0,5376,0,True,,analysis/fs_0365_analysis.png,1338321,732aa4dffc0ae60351f62f1b201062e2a5c1c5e75a8c059fb8fd2ef4c5f7ef4d,thumbnails/fs_0365.jpg,40847,e96885e5c995df6195acf0468a425e8393aecdc0777b40f785d46cd0501e628b,dlstupka/hth-baptisms-san-antonio-1788-1824--1858-1898,61efff529fb7330a92f8d423c40c45bc60bb841c,dlstupka/hth,4b88d0aead2931a9d8a127afbd852f196d6b51ec,,,,,,,,,,not_reviewed,,
366,Baptisms_San_Antonio_Baptism_Records_1788-1824_1858-1898.docx,366,rId370,word/media/image366.png,raw/fs_0366.png,PNG,1594,1361,RGB,2317123,4a687de993c6ca66fc38f0a3139802f807f612004f273ef56db7f116e780069d,1981762,d7547b72e28259313f97cd4df841a08c95f0a8a8c98d3eeee9ede0f42797baad,5376,0,5376,0,True,,analysis/fs_0366_analysis.png,1299501,920cafb4f00ff297fa03fd381fd1f1c8e815d7ae08170a7db78ae3ac05822c4f,thumbnails/fs_0366.jpg,40640,a84a7bb298d63700d44b124860ec8a25cd804d4abf20c0f90e59f44af3f1230d,dlstupka/hth-baptisms-san-antonio-1788-1824--1858-1898,61efff529fb7330a92f8d423c40c45bc60bb841c,dlstupka/hth,4b88d0aead2931a9d8a127afbd852f196d6b51ec,,,,,,,,,,not_reviewed,,
367,Baptisms_San_Antonio_Baptism_Records_1788-1824_1858-1898.docx,367,rId371,word/media/image367.png,raw/fs_0367.png,PNG,1626,1361,RGB,2404819,dc0db899c4fc9b6eaac525f8767323e7cdcfce8c7d8eac41a5b9e5cc6c8d7e47,2091652,41b594b8a5470e467d03f27fdc8a1faa3d58ce5c12188f25d21d827fad96ef70,878,0,8064,0,True,,analysis/fs_0367_analysis.png,1340638,2720d6b459fe99d347e3e0931546d6fed23e23343b25c957558b743b60240c74,thumbnails/fs_0367.jpg,40980,0d891931141c0b47dff61416cc09c3c22a23eca0d523e1216656b29fe12af3d3,dlstupka/hth-baptisms-san-antonio-1788-1824--1858-1898,61efff529fb7330a92f8d423c40c45bc60bb841c,dlstupka/hth,4b88d0aead2931a9d8a127afbd852f196d6b51ec,,,,,,,,,,not_reviewed,,
368,Baptisms_San_Antonio_Baptism_Records_1788-1824_1858-1898.docx,368,rId372,word/media/image368.png,raw/fs_0368.png,PNG,1620,1361,RGB,2478133,ab5c46cda3c5b84d24654b1e27f16854912c33ae04c4e28fcccf1e81fb54d2b1,2072752,3088a2622ed0c1d32ed7bdbae60e3d80653a175aa40777dcbf600713cd5fdf7b,3934,0,5376,0,True,,analysis/fs_0368_analysis.png,1369291,f2cc6b36b42ebda197b6fd41181a9950db8662638f1a87bca6c9798aecc0eedd,thumbnails/fs_0368.jpg,43384,4f6fcab512a85af21b41f527af137c2c48e8cb5d0933f14e5f5ba62ee82f3807,dlstupka/hth-baptisms-san-antonio-1788-1824--1858-1898,61efff529fb7330a92f8d423c40c45bc60bb841c,dlstupka/hth,4b88d0aead2931a9d8a127afbd852f196d6b51ec,,,,,,,,,,not_reviewed,,
369,Baptisms_San_Antonio_Baptism_Records_1788-1824_1858-1898.docx,369,rId373,word/media/image369.png,raw/fs_0369.png,PNG,1690,1361,RGB,2670998,64f5531263f99a7afbb9d1255d8b537700fcde80f1f3ea1c9a61d402995d1eee,2208425,64449e299330b8140ce59b4486b950016d73d79fbdfe8decaef49a739ae1c89d,2688,0,2688,0,True,,analysis/fs_0369_analysis.png,1469075,1fa62ceae3daf85c265c47d5ac11e01fdbe0394207aa4deddf831d3c3bec1d27,thumbnails/fs_0369.jpg,44245,85d01ee7f68a013fc7dccb931ef7a2670dd8c7de0661c5abc4848f519f2af1ee,dlstupka/hth-baptisms-san-antonio-1788-1824--1858-1898,61efff529fb7330a92f8d423c40c45bc60bb841c,dlstupka/hth,4b88d0aead2931a9d8a127afbd852f196d6b51ec,,,,,,,,,,not_reviewed,,
370,Baptisms_San_Antonio_Baptism_Records_1788-1824_1858-1898.docx,370,rId374,word/media/image370.png,raw/fs_0370.png,PNG,1642,1361,RGB,2470949,134b8ffcf2a06bba39c1519aea8a5ef736df8fb7508afacbff2ad6cee988968f,2071694,8c0f8551914507eca84e58a8ed681f66866ff76f31655396500944c338dae103,2688,0,5376,0,True,,analysis/fs_0370_analysis.png,1366071,db391781778ab70e5d82266c66488e07b2c41c813607363a4e2717ed8d7b14b1,thumbnails/fs_0370.jpg,43005,74390409b331e6680440b3b3a319aa1259d40e1169fb0411305d0d3a4098183b,dlstupka/hth-baptisms-san-antonio-1788-1824--1858-1898,61efff529fb7330a92f8d423c40c45bc60bb841c,dlstupka/hth,4b88d0aead2931a9d8a127afbd852f196d6b51ec,,,,,,,,,,not_reviewed,,
371,Baptisms_San_Antonio_Baptism_Records_1788-1824_1858-1898.docx,371,rId375,word/media/image371.png,raw/fs_0371.png,PNG,1690,1361,RGB,2630311,a9f8d0a950568c48311559c6e7315726ccc8c53b6517acc394612757c10bf16d,2196927,e4a841784d090998f0b1e4eadf22f639452142e4d4af4651f24b26ae050be307,2688,0,2688,0,True,,analysis/fs_0371_analysis.png,1451651,20ce4dafbe605159404e72893358c22143b456dab99f74ba7d8b1bcb60d0bfb9,thumbnails/fs_0371.jpg,45921,1f0ad70629a847a2e97425ee85a1002778e4d54fc36094fd1c6c9e1d6ec9e458,dlstupka/hth-baptisms-san-antonio-1788-1824--1858-1898,61efff529fb7330a92f8d423c40c45bc60bb841c,dlstupka/hth,4b88d0aead2931a9d8a127afbd852f196d6b51ec,,,,,,,,,,not_reviewed,,
372,Baptisms_San_Antonio_Baptism_Records_1788-1824_1858-1898.docx,372,rId376,word/media/image372.png,raw/fs_0372.png,PNG,1642,1361,RGB,2495589,310d0ba3ce66b9d2221d8e37dd0ec3831aa9ba86ae11731ec1450ba6eaa93d4f,2094771,08bd84718fbbc43cee605393587f4ee4a52a8526fe470e8a34330116433538a0,0,0,8064,0,True,,analysis/fs_0372_analysis.png,1348772,2e0b43aa961d64e854cc3a971746e41ff84e8367c187fa3d73f497782edd5c91,thumbnails/fs_0372.jpg,43619,2de089dfe7d87a035f97ddfc57ab765c8c5c55f7d0ebc6168e276866c82a56c0,dlstupka/hth-baptisms-san-antonio-1788-1824--1858-1898,61efff529fb7330a92f8d423c40c45bc60bb841c,dlstupka/hth,4b88d0aead2931a9d8a127afbd852f196d6b51ec,,,,,,,,,,not_reviewed,,
373,Baptisms_San_Antonio_Baptism_Records_1788-1824_1858-1898.docx,373,rId377,word/media/image373.png,raw/fs_0373.png,PNG,1642,1361,RGB,2349412,923dcdb43e74adc4fef1ea700c22b17cc701745598f8e2384316ba506c1ccd46,2026659,ce004c69f15cef7d8c8b6c1ba0a78192376f5fa716d8161897497ab1c21cf4ee,0,0,8064,0,True,,analysis/fs_0373_analysis.png,1292807,3e36665c0fbd9c4e80b7127bc3fc2a0e4a879dbe4c3d3eb13d8db5c00e5f8cf3,thumbnails/fs_0373.jpg,42721,fa82b32751975905008b9b4cd588db3096c576ca3517a22790db8d1398b890aa,dlstupka/hth-baptisms-san-antonio-1788-1824--1858-1898,61efff529fb7330a92f8d423c40c45bc60bb841c,dlstupka/hth,4b88d0aead2931a9d8a127afbd852f196d6b51ec,,,,,,,,,,not_reviewed,,
374,Baptisms_San_Antonio_Baptism_Records_1788-1824_1858-1898.docx,374,rId378,word/media/image374.png,raw/fs_0374.png,PNG,1642,1361,RGB,2381416,c125ae321727d60bdaa7c92b6d0f8614b29da98ca0673e2bb4ca67dc361369d8,2039183,28ad24851c8d7f7819704d8a67f3b93aec6f71e5d79784cfe7c399153b2fe905,0,0,8064,0,True,,analysis/fs_0374_analysis.png,1308409,fe83e51d45e575c1fd5f9b0d647c8dad82e0f1399ce1ef93125f518f91e8c3c6,thumbnails/fs_0374.jpg,39934,67254b1f2bbf7b88724e6ba19458cb67e6048706ab4ca831203abae66db653c3,dlstupka/hth-baptisms-san-antonio-1788-1824--1858-1898,61efff529fb7330a92f8d423c40c45bc60bb841c,dlstupka/hth,4b88d0aead2931a9d8a127afbd852f196d6b51ec,,,,,,,,,,not_reviewed,,
375,Baptisms_San_Antonio_Baptism_Records_1788-1824_1858-1898.docx,375,rId379,word/media/image375.png,raw/fs_0375.png,PNG,1642,1361,RGB,2388654,7bdfce8c6570a9aba230db908cb4c81a796c4d8871db623182bea9de926bba1a,2037328,0260a88db7cec8a0b237e2f177dba451b4cdf87b83537cd66d7eedf54f9b1fd7,0,0,8064,0,True,,analysis/fs_0375_analysis.png,1307408,f45fa62360477520b9a0bea1ffd13c2a66482beb8b05758a6ab6f76f532f61ab,thumbnails/fs_0375.jpg,39313,764c5056ab781c57efaeb5566e45ca5a8752d727b2b04d23261382523ea54e6a,dlstupka/hth-baptisms-san-antonio-1788-1824--1858-1898,61efff529fb7330a92f8d423c40c45bc60bb841c,dlstupka/hth,4b88d0aead2931a9d8a127afbd852f196d6b51ec,,,,,,,,,,not_reviewed,,
376,Baptisms_San_Antonio_Baptism_Records_1788-1824_1858-1898.docx,376,rId380,word/media/image376.png,raw/fs_0376.png,PNG,1642,1361,RGB,2443002,778343964f258720f7ff93d4b3647a114054aeb037cde3fea1004084ee83d008,2063299,5809c8f5721dd0b41294af4ec682dd00f838dba2eb730f7af3b31acdd4771d18,0,0,8064,0,True,,analysis/fs_0376_analysis.png,1329273,271ed72df617dee21d2b893cd54279327a2f0f4527d44106d238fc135a9be3dc,thumbnails/fs_0376.jpg,40451,1b5430529c4db0f7a8b1b29203cd16efdb829be1a4c2445c83499d0efc3f494a,dlstupka/hth-baptisms-san-antonio-1788-1824--1858-1898,61efff529fb7330a92f8d423c40c45bc60bb841c,dlstupka/hth,4b88d0aead2931a9d8a127afbd852f196d6b51ec,,,,,,,,,,not_reviewed,,
377,Baptisms_San_Antonio_Baptism_Records_1788-1824_1858-1898.docx,377,rId381,word/media/image377.png,raw/fs_0377.png,PNG,1567,1361,RGB,2445785,4575bff9ebbe0df39940368884c99b6ce68dbe2dbf5ebb52f7cc51021337b436,2093705,6737d67e279844bfb33592b6bbb428dfaea235946b6a66ddc3444e9a7e344091,1539,0,10752,0,True,,analysis/fs_0377_analysis.png,1326385,3216f74caa706ab02c6c8a1cd3caf5f6da56b82fdf72a26593a5f971c878595c,thumbnails/fs_0377.jpg,40590,4693fdf01ef25fd7bad2e0dcd45c4ae01b1cb211beff2cc09c9c1ba7316b1bec,dlstupka/hth-baptisms-san-antonio-1788-1824--1858-1898,61efff529fb7330a92f8d423c40c45bc60bb841c,dlstupka/hth,4b88d0aead2931a9d8a127afbd852f196d6b51ec,,,,,,,,,,not_reviewed,,
378,Baptisms_San_Antonio_Baptism_Records_1788-1824_1858-1898.docx,378,rId382,word/media/image378.png,raw/fs_0378.png,PNG,1546,1361,RGB,2389301,43a2d0e8af8eb73e72f7577329864a537281bee416d2862cd1d025c77bfe42d1,2061661,e53693e05680b8d41fe43797354baad010e916c768cbd9c54b325b3e493224fd,2688,0,10752,0,True,,analysis/fs_0378_analysis.png,1293332,aeca4c23c25d8937d30ea24e9ed89be45928ead31aa2eb3839db8011c86da226,thumbnails/fs_0378.jpg,38151,fa43f1d5a477b66b67699fe34a5de306cdfb7009ade146bef11e230a348b8246,dlstupka/hth-baptisms-san-antonio-1788-1824--1858-1898,61efff529fb7330a92f8d423c40c45bc60bb841c,dlstupka/hth,4b88d0aead2931a9d8a127afbd852f196d6b51ec,,,,,,,,,,not_reviewed,,
379,Baptisms_San_Antonio_Baptism_Records_1788-1824_1858-1898.docx,379,rId383,word/media/image379.png,raw/fs_0379.png,PNG,1594,1361,RGB,1827687,d7c19f47aec51b55a6581a58cdd170d5c7f5443bed0a5e504ca8fa85a043841f,1754495,da32e5481fa138522f1be777000848950f5b336e79e0b1a545c6e2f534fccff3,0,0,10752,0,True,,analysis/fs_0379_analysis.png,1097252,6daedada7a8a308238e9bcda04d0dd674a64ba7ea3d60916c0d6933a4d6fe389,thumbnails/fs_0379.jpg,22452,7044429782f9877d684895a710d1a7cce9273b5eeb76328cbaf71847b2b6a66d,dlstupka/hth-baptisms-san-antonio-1788-1824--1858-1898,61efff529fb7330a92f8d423c40c45bc60bb841c,dlstupka/hth,4b88d0aead2931a9d8a127afbd852f196d6b51ec,,,,,,,,,,not_reviewed,,
380,Baptisms_San_Antonio_Baptism_Records_1788-1824_1858-1898.docx,380,rId384,word/media/image380.png,raw/fs_0380.png,PNG,1642,1361,RGB,1412890,3a95d628879018669f40bbcc6aa260a2711973dad254ff0eab23cb8903ad7224,1410420,8691c08e0cb8f705b3da0e3e9221aa11ce4505144829975e38f784f86d8ad499,0,0,8064,0,True,,analysis/fs_0380_analysis.png,904682,e76d3a193a93e17a08829ebb655e4fb89b3cdd122f2b0109c81e0422a17d1785,thumbnails/fs_0380.jpg,18435,01fb0cf5e4b2e4af83fb7749d1c9ff4251b60857b4710335a1f1e51b86a12d88,dlstupka/hth-baptisms-san-antonio-1788-1824--1858-1898,61efff529fb7330a92f8d423c40c45bc60bb841c,dlstupka/hth,4b88d0aead2931a9d8a127afbd852f196d6b51ec,,,,,,,,,,not_reviewed,,
381,Baptisms_San_Antonio_Baptism_Records_1788-1824_1858-1898.docx,381,rId385,word/media/image381.png,raw/fs_0381.png,PNG,1594,1361,RGB,774180,b6eb1a5192a3a4c5f0dcb123049ffd6b78faf07f044d4ec807224c11546a0d5f,787609,ff6dbd683766152abf39873ee099f30304382f6cadf454ef2b0ad04245bc4c62,5376,0,5376,0,True,,analysis/fs_0381_analysis.png,486073,33a7a9d27d3b0551cb76614e237ec83495f87e74ff4b8967acc3ad39600c9fb2,thumbnails/fs_0381.jpg,13290,746372ab8da9bc30c59d073c3ab73b953524d785ffa8632148964feb72f149c2,dlstupka/hth-baptisms-san-antonio-1788-1824--1858-1898,61efff529fb7330a92f8d423c40c45bc60bb841c,dlstupka/hth,4b88d0aead2931a9d8a127afbd852f196d6b51ec,,,,,,,,,,not_reviewed,,
382,Baptisms_San_Antonio_Baptism_Records_1788-1824_1858-1898.docx,382,rId386,word/media/image382.png,raw/fs_0382.png,PNG,1066,1361,RGB,551349,bc69793fa40d20b9d069132aff5f68234cf62d327ea0de0f8328737e07851439,578158,fd8c10f2a3972e14d7bc7bbb5715d21fa5fbc15cda7607df81ed6ba821430f97,21504,0,18816,0,True,,analysis/fs_0382_analysis.png,314515,84b940d8bb0ea895ba8497c097dd16ae0e12c650420fa249f94052155c827d0b,thumbnails/fs_0382.jpg,20430,51fc52be992fe5ca650d951e65157bbf238c2695789d49d3125330cb9ef8516b,dlstupka/hth-baptisms-san-antonio-1788-1824--1858-1898,61efff529fb7330a92f8d423c40c45bc60bb841c,dlstupka/hth,4b88d0aead2931a9d8a127afbd852f196d6b51ec,,,,,,,,,,not_reviewed,,
383,Baptisms_San_Antonio_Baptism_Records_1788-1824_1858-1898.docx,383,rId387,word/media/image383.png,raw/fs_0383.png,PNG,1162,1361,RGB,651720,8c33266d5360731286e07b518df6b081c9b8adb054b87664b0ca841ca1b8a17d,664810,e2eb8ee5afb23679b5105d273b601df94bff4dbc73a7069e453c6481e2b9f23e,16128,0,18816,0,True,,analysis/fs_0383_analysis.png,361353,af9ec59c41ea0dbf5c7f46306ef0a40f259d082b767400848eee3b91a033593a,thumbnails/fs_0383.jpg,24957,382b83b07bea8873e6700d9d7de73db81fbf2005f865f55845b74da1f2b969e8,dlstupka/hth-baptisms-san-antonio-1788-1824--1858-1898,61efff529fb7330a92f8d423c40c45bc60bb841c,dlstupka/hth,4b88d0aead2931a9d8a127afbd852f196d6b51ec,,,,,,,,,,not_reviewed,,
384,Baptisms_San_Antonio_Baptism_Records_1788-1824_1858-1898.docx,384,rId388,word/media/image384.png,raw/fs_0384.png,PNG,1594,1361,RGB,1293162,ada010cb5a4ad79fcd3d002c6adcdbc5debfeb7439dbc22bc7ceea8b338bfed4,1360330,00438a868130de8d552e8e489e61538b66119d96a497701a5246dbd2cd386a3c,2688,0,8064,0,True,,analysis/fs_0384_analysis.png,852699,c959c0e6488cfec7894c1e7445b883a347bfc6e360d5ca23f6d08e6dcb0957b3,thumbnails/fs_0384.jpg,16570,aee73a012d1109056283a9d0923a282c13f5e1e6af699c721508aeac1c16bfc0,dlstupka/hth-baptisms-san-antonio-1788-1824--1858-1898,61efff529fb7330a92f8d423c40c45bc60bb841c,dlstupka/hth,4b88d0aead2931a9d8a127afbd852f196d6b51ec,,,,,,,,,,not_reviewed,,
385,Baptisms_San_Antonio_Baptism_Records_1788-1824_1858-1898.docx,385,rId389,word/media/image385.png,raw/fs_0385.png,PNG,1546,1361,RGB,1750745,5b66b4782197d562d2faa8b60007802c9996830398cfcd608d69e8ac0f690749,1640488,f52a1d15052db1e1212365b4be012de7885160cbc8820752c8876b5d9d6fb375,5376,0,8064,0,True,,analysis/fs_0385_analysis.png,1027115,161466cc23d6bae7699b5a27acb496bde754fed7477109d2b8426809b004de61,thumbnails/fs_0385.jpg,25894,48edf3339a59e46967f44fe7cda11abdba74df3ef9620546c08f98fde0666965,dlstupka/hth-baptisms-san-antonio-1788-1824--1858-1898,61efff529fb7330a92f8d423c40c45bc60bb841c,dlstupka/hth,4b88d0aead2931a9d8a127afbd852f196d6b51ec,,,,,,,,,,not_reviewed,,
386,Baptisms_San_Antonio_Baptism_Records_1788-1824_1858-1898.docx,386,rId390,word/media/image386.png,raw/fs_0386.png,PNG,1642,1361,RGB,2298820,bd4f3201cb08d6aabd926aa723f51171c29cda9176e91c4251268c87b1736ecf,1968935,423df4c43e12bddcf23421731c68c752f329540bbb11d6a7c138cd183da7fb7e,2688,0,5376,0,True,,analysis/fs_0386_analysis.png,1271728,8d3f98b10b171bb09e9512d6a1f7dbedec033f86f4d83f9d59bc81169e2e40c9,thumbnails/fs_0386.jpg,35764,86497ce7467eb2057fdd4982eec8250cf3d56c78c9ae1df01d12162406491a8a,dlstupka/hth-baptisms-san-antonio-1788-1824--1858-1898,61efff529fb7330a92f8d423c40c45bc60bb841c,dlstupka/hth,4b88d0aead2931a9d8a127afbd852f196d6b51ec,,,,,,,,,,not_reviewed,,
387,Baptisms_San_Antonio_Baptism_Records_1788-1824_1858-1898.docx,387,rId391,word/media/image387.png,raw/fs_0387.png,PNG,1546,1361,RGB,2302255,aee2bfd81c8762bf8ae42b99c2b4df49d1413ab2f30217cfc85f099c151980ab,1970969,8df28db42e9bfe88bb526918c58433fc7d4e8c227a36423d416d376a9d438aa0,5376,0,8064,0,True,,analysis/fs_0387_analysis.png,1263153,0ad3203778914f0ea2eeecffb4ae0bc85759d05625c1e572367418148c97e7fe,thumbnails/fs_0387.jpg,36366,04c8a2f5438dde00d09f45ab7de5d5c4415277d0a781f88111b8811e645059cc,dlstupka/hth-baptisms-san-antonio-1788-1824--1858-1898,61efff529fb7330a92f8d423c40c45bc60bb841c,dlstupka/hth,4b88d0aead2931a9d8a127afbd852f196d6b51ec,,,,,,,,,,not_reviewed,,
388,Baptisms_San_Antonio_Baptism_Records_1788-1824_1858-1898.docx,388,rId392,word/media/image388.png,raw/fs_0388.png,PNG,1546,1361,RGB,2343074,0903a90c6cbc34255865c87294e0a26876869b8f969f359e6e1f46a45e578fd0,1987871,86f331ae1ef5826f4d7980747083a4da2e103cdb4560daffbb8e74d11b745969,5376,0,8064,0,True,,analysis/fs_0388_analysis.png,1278788,5b928d1863305fab29278d214c6738da072f8009cd5e469ecfd2da447ab10ff4,thumbnails/fs_0388.jpg,36550,b527ef50a5d2b5a48f665552c68ac24cb18864ccfcb4f52a29efe1675bb51ca0,dlstupka/hth-baptisms-san-antonio-1788-1824--1858-1898,61efff529fb7330a92f8d423c40c45bc60bb841c,dlstupka/hth,4b88d0aead2931a9d8a127afbd852f196d6b51ec,,,,,,,,,,not_reviewed,,
389,Baptisms_San_Antonio_Baptism_Records_1788-1824_1858-1898.docx,389,rId393,word/media/image389.png,raw/fs_0389.png,PNG,1546,1361,RGB,2358993,c7149eaf3d43a4bd31a7ce2d5a5dc23f54ce0c9d4458b5f41ca97ba7dc143262,1995568,25bab123b24802c2052948898df24589906045363bc3231df8538f1e45beefa2,5376,0,8064,0,True,,analysis/fs_0389_analysis.png,1288592,68e78127e13d57e183ec0885e2ca4b368e52463d477a3cee4884db2d259190a6,thumbnails/fs_0389.jpg,38630,0fa01a2c23fa04abc6b3a78175f00419313228239e4ea27988990ba9a2af4c81,dlstupka/hth-baptisms-san-antonio-1788-1824--1858-1898,61efff529fb7330a92f8d423c40c45bc60bb841c,dlstupka/hth,4b88d0aead2931a9d8a127afbd852f196d6b51ec,,,,,,,,,,not_reviewed,,
390,Baptisms_San_Antonio_Baptism_Records_1788-1824_1858-1898.docx,390,rId394,word/media/image390.png,raw/fs_0390.png,PNG,1594,1361,RGB,2226809,fd13cad6f2cfdf34de4c30fd198b043c02ab1191b9f69e33217ccd0c4eaae4ca,1930006,ae61fc402454e8215a3eb97f49185630556a12358a6967d0d855a19881fcf61a,2688,0,8064,0,True,,analysis/fs_0390_analysis.png,1240838,39506dc7960649e5e2c8b30dd33c62228758c3293844aa9a80823518eb99c57f,thumbnails/fs_0390.jpg,37256,e69937d7527479e78ca26f0b7f6d41e219c6ee979db999dbdbbec31b37c48b9f,dlstupka/hth-baptisms-san-antonio-1788-1824--1858-1898,61efff529fb7330a92f8d423c40c45bc60bb841c,dlstupka/hth,4b88d0aead2931a9d8a127afbd852f196d6b51ec,,,,,,,,,,not_reviewed,,
391,Baptisms_San_Antonio_Baptism_Records_1788-1824_1858-1898.docx,391,rId395,word/media/image391.png,raw/fs_0391.png,PNG,1546,1361,RGB,2228206,4e730fbe8c6f91281185b1a1190c63e3fcfa1a45209bd765af1237171d588fd8,1949808,9402b44aa0ed6d5208856aacec753c29339393e1e72d6917a3ed03dc2e45579f,5376,0,8064,0,True,,analysis/fs_0391_analysis.png,1237935,2682740045fc27e27828cac1f33e69b9469f6f9820a97628e33d4540e474782c,thumbnails/fs_0391.jpg,36884,7e16edc8d8bf16c3bb49895e1ae96554791708004a17c9c8249efb856055f0d4,dlstupka/hth-baptisms-san-antonio-1788-1824--1858-1898,61efff529fb7330a92f8d423c40c45bc60bb841c,dlstupka/hth,4b88d0aead2931a9d8a127afbd852f196d6b51ec,,,,,,,,,,not_reviewed,,
392,Baptisms_San_Antonio_Baptism_Records_1788-1824_1858-1898.docx,392,rId396,word/media/image392.png,raw/fs_0392.png,PNG,1546,1361,RGB,2567320,637005b7f43ec99a2a0215cba7c3ed0348a02706b4169af9ee207373368c6a94,2093217,9e628ecc89ae31f4bb51069c34351a0630183366bde0741e1748dd9ecea46004,2688,0,10752,0,True,,analysis/fs_0392_analysis.png,1373798,d398ca5201f95bb92914705ad6bd64ba4323ff621580ebea799a02af0087d55e,thumbnails/fs_0392.jpg,41483,357eef41ecaff259100c181cf358a3ead6eef9659098b9fecc78781af883cd30,dlstupka/hth-baptisms-san-antonio-1788-1824--1858-1898,61efff529fb7330a92f8d423c40c45bc60bb841c,dlstupka/hth,4b88d0aead2931a9d8a127afbd852f196d6b51ec,,,,,,,,,,not_reviewed,,
393,Baptisms_San_Antonio_Baptism_Records_1788-1824_1858-1898.docx,393,rId397,word/media/image393.png,raw/fs_0393.png,PNG,1642,1361,RGB,2630028,7e1860362278a8780f0855a289b7b154f230667fac87b49de793b999c50df633,2108374,acdccb0a99bf7b09be6395497fa0ab865c86fc1be2165ccf7399f5aa373e19c4,2688,0,5376,0,True,,analysis/fs_0393_analysis.png,1397037,ff94a93887a10f80dabb347edeb6279cab38735e47b97723dd098f3f654cbcd3,thumbnails/fs_0393.jpg,43059,2d888f3632bad160f1a455796548164db692b6643d69bf0aefb3f9afc89d471c,dlstupka/hth-baptisms-san-antonio-1788-1824--1858-1898,61efff529fb7330a92f8d423c40c45bc60bb841c,dlstupka/hth,4b88d0aead2931a9d8a127afbd852f196d6b51ec,,,,,,,,,,not_reviewed,,
394,Baptisms_San_Antonio_Baptism_Records_1788-1824_1858-1898.docx,394,rId398,word/media/image394.png,raw/fs_0394.png,PNG,1642,1361,RGB,2529980,3dfd212c7bbf87b429aaf95860a1a12becc66fb6ee666b41745389494ca7e080,2086083,10518e156f57e57266cf1137dea9e174b152c95e9946857dbec31a08c15ea583,2688,0,5376,0,True,,analysis/fs_0394_analysis.png,1357373,1ca859da8a5da68c1f50ea335421e57d2002617d8e23090b78109f271bfc55ec,thumbnails/fs_0394.jpg,42279,d2707290bcca1bc2c49feefddaa60239fe2c28e5e7eac57cf38d750911fe4b7e,dlstupka/hth-baptisms-san-antonio-1788-1824--1858-1898,61efff529fb7330a92f8d423c40c45bc60bb841c,dlstupka/hth,4b88d0aead2931a9d8a127afbd852f196d6b51ec,,,,,,,,,,not_reviewed,,
395,Baptisms_San_Antonio_Baptism_Records_1788-1824_1858-1898.docx,395,rId399,word/media/image395.png,raw/fs_0395.png,PNG,1642,1361,RGB,2238442,569c70320dea489e1af187de6681afc974a0199f9b9809a87ff2a662f881891a,1945037,2e2ab802772a3ea9e3a61b1dd159770e8d2eeba0b2c3acad82cd7936354b9d9c,2688,0,5376,0,True,,analysis/fs_0395_analysis.png,1269185,66d7899586d0f1e5bcbf9edb1b88fcabd23516f45c59ae36261fd203642386af,thumbnails/fs_0395.jpg,37940,a36b86f5b3a6e3d484de4572b682616fa0c0ef80f971ebf65bbe5cfbf425dce4,dlstupka/hth-baptisms-san-antonio-1788-1824--1858-1898,61efff529fb7330a92f8d423c40c45bc60bb841c,dlstupka/hth,4b88d0aead2931a9d8a127afbd852f196d6b51ec,,,,,,,,,,not_reviewed,,
396,Baptisms_San_Antonio_Baptism_Records_1788-1824_1858-1898.docx,396,rId400,word/media/image396.png,raw/fs_0396.png,PNG,1642,1361,RGB,2436457,ba9f6935de3970857d16655da981d8f0098690877909bcbea48c4d9496b67ab8,2027029,3f8bfaa390d0747cb081ceb17615e30dcd6256b3ea32c3d6a711189d06b5e036,2688,0,5376,0,True,,analysis/fs_0396_analysis.png,1330744,c310332b2d03dde6d807ac6d5551cb27e19dff751fb2253746e9b44bc52da75f,thumbnails/fs_0396.jpg,41828,e265b24d3c693c45649d36a3b12254fbfc11511af4772caf3d3d9e075cb2e84d,dlstupka/hth-baptisms-san-antonio-1788-1824--1858-1898,61efff529fb7330a92f8d423c40c45bc60bb841c,dlstupka/hth,4b88d0aead2931a9d8a127afbd852f196d6b51ec,,,,,,,,,,not_reviewed,,
397,Baptisms_San_Antonio_Baptism_Records_1788-1824_1858-1898.docx,397,rId401,word/media/image397.png,raw/fs_0397.png,PNG,1546,1361,RGB,2429166,42f3013ded416659aa4d8774b2d2601d9bd70386f0ab9f85fc0c04b6bd746ce2,2027926,794dd2e4f7f4be845215ae10659a023ba65687dc4ad6141a6478983de9ecc005,5376,0,8064,0,True,,analysis/fs_0397_analysis.png,1320399,3de5418ac0628e5516a6f5b6ec74fd659a733e5e5319197090c38d65affb1e74,thumbnails/fs_0397.jpg,41581,530b8a2bc5ddfea2ac8558df1a58867fc3b4d7e9b31e34b0a87d2d1da4af3a5e,dlstupka/hth-baptisms-san-antonio-1788-1824--1858-1898,61efff529fb7330a92f8d423c40c45bc60bb841c,dlstupka/hth,4b88d0aead2931a9d8a127afbd852f196d6b51ec,,,,,,,,,,not_reviewed,,
398,Baptisms_San_Antonio_Baptism_Records_1788-1824_1858-1898.docx,398,rId402,word/media/image398.png,raw/fs_0398.png,PNG,1546,1361,RGB,2406916,386ce606ded8167bee0ff38b4c57f48e96852ec13e2f74004cd80643a3e794f9,2019491,ef44029b36e33cd0735cd175350c004915d96a33375f803dd299e04c57db4de0,5376,0,8064,0,True,,analysis/fs_0398_analysis.png,1310484,5478e83235c047527fa4296944a31b6b7fc4d929fe785305ff5851e16c9fc64f,thumbnails/fs_0398.jpg,40499,28e955100540fa07eb4de8cdea7295e79ad1a732f0364f4b61ca51592ab1c123,dlstupka/hth-baptisms-san-antonio-1788-1824--1858-1898,61efff529fb7330a92f8d423c40c45bc60bb841c,dlstupka/hth,4b88d0aead2931a9d8a127afbd852f196d6b51ec,,,,,,,,,,not_reviewed,,
399,Baptisms_San_Antonio_Baptism_Records_1788-1824_1858-1898.docx,399,rId403,word/media/image399.png,raw/fs_0399.png,PNG,1546,1361,RGB,2317788,99b8adeb6f0963daad28bacd77daa9d9c3477fc9d5f81882183cc68e119dbc2f,1975212,64e2c10fda014922683edc5bda125cb2dc7b8aa6434c6298527247304b29305f,5376,0,8064,0,True,,analysis/fs_0399_analysis.png,1282774,88bb952661dd8ed984c45346c58dc3573e88b69f9d62a900770da9622b089dd8,thumbnails/fs_0399.jpg,39047,7f72b45cad9609156dc74ed923938ce6fa919e73a1092dee243ffb09a07f5337,dlstupka/hth-baptisms-san-antonio-1788-1824--1858-1898,61efff529fb7330a92f8d423c40c45bc60bb841c,dlstupka/hth,4b88d0aead2931a9d8a127afbd852f196d6b51ec,,,,,,,,,,not_reviewed,,
400,Baptisms_San_Antonio_Baptism_Records_1788-1824_1858-1898.docx,400,rId404,word/media/image400.png,raw/fs_0400.png,PNG,1642,1361,RGB,2324367,b6acce104be74f9b1717936a0a5ea8716b402c97cc2c94825602c5d3a9cae973,1982768,ce0f10d612f3110011a8ac6e18ffb12d2594ed28f94deccb72e2d6b9d9f73826,2688,0,5376,0,True,,analysis/fs_0400_analysis.png,1303731,1c43ddbe83d73d7e818a7f6c39afec919d5c961475a688a9c3e42088e05d57e2,thumbnails/fs_0400.jpg,38983,6eaf80fa329937adc84be2a78b4dead6373325e72b26ffa75988dde929cc23cd,dlstupka/hth-baptisms-san-antonio-1788-1824--1858-1898,61efff529fb7330a92f8d423c40c45bc60bb841c,dlstupka/hth,4b88d0aead2931a9d8a127afbd852f196d6b51ec,,,,,,,,,,not_reviewed,,
401,Baptisms_San_Antonio_Baptism_Records_1788-1824_1858-1898.docx,401,rId405,word/media/image401.png,raw/fs_0401.png,PNG,1594,1361,RGB,2434124,503024092fbf0eaab4dd4faf6a6cb19dee6d36836f1a491bd73cf55b89804504,2010936,a1ff51f00448f2f6916b9ca11f0f8041054d7a10fc3f44b5dd5098828764e3a7,2688,0,8064,0,True,,analysis/fs_0401_analysis.png,1323849,86f2e7d11c12a298667f008b5bb4dea6d3f4cb3a613bef31d4f4272c56d1ae86,thumbnails/fs_0401.jpg,40665,b686eccf31067b568043948e0207e5e2267e36b0f3703d456c0f6e89ed307812,dlstupka/hth-baptisms-san-antonio-1788-1824--1858-1898,61efff529fb7330a92f8d423c40c45bc60bb841c,dlstupka/hth,4b88d0aead2931a9d8a127afbd852f196d6b51ec,,,,,,,,,,not_reviewed,,
402,Baptisms_San_Antonio_Baptism_Records_1788-1824_1858-1898.docx,402,rId406,word/media/image402.png,raw/fs_0402.png,PNG,1642,1361,RGB,2124676,e2d2999ac29b3e4d4dfa61629d9c010406b9dcb5b10b0f71dc76fe85f61b9072,1879393,3015e0c22cd251036800ff560785bed4c9ccc9767eaebc7b1f918ed650d35710,2688,0,5376,0,True,,analysis/fs_0402_analysis.png,1219921,3c5877b14d6ab161428698451b3223c83cf9c27d4968da000d593903dfdde04c,thumbnails/fs_0402.jpg,34757,768ade94159fa7b2c03120a9e1b2cdc9a0b49ed3666a4696b02fc1070dbbfc67,dlstupka/hth-baptisms-san-antonio-1788-1824--1858-1898,61efff529fb7330a92f8d423c40c45bc60bb841c,dlstupka/hth,4b88d0aead2931a9d8a127afbd852f196d6b51ec,,,,,,,,,,not_reviewed,,
403,Baptisms_San_Antonio_Baptism_Records_1788-1824_1858-1898.docx,403,rId407,word/media/image403.png,raw/fs_0403.png,PNG,1594,1361,RGB,2474386,e37d45cd06d5e2b0e837b4e4b3504fe8c80326693dd793822a0034c502d21576,2065513,411451ae4607a773153340943c1917ff1a5f4410148dc0f6428743fb915594e6,2688,0,8064,0,True,,analysis/fs_0403_analysis.png,1348271,be4d096e487e1b176431ff480409e8c3519d851ae600f08f6fe0857be29e2d5f,thumbnails/fs_0403.jpg,43166,3e2b28afacd4ba27fead373bbc29ffb89be3aca0c63de9a8be05de19b6fde656,dlstupka/hth-baptisms-san-antonio-1788-1824--1858-1898,61efff529fb7330a92f8d423c40c45bc60bb841c,dlstupka/hth,4b88d0aead2931a9d8a127afbd852f196d6b51ec,,,,,,,,,,not_reviewed,,
404,Baptisms_San_Antonio_Baptism_Records_1788-1824_1858-1898.docx,404,rId408,word/media/image404.png,raw/fs_0404.png,PNG,1642,1361,RGB,2490547,97f012909c676f42dfce15a1b3a16b9dda7f93a10f818fc2369768c9cdcfa1ea,2098049,535525d43f88ecd811c38cba292275a1fa0628317618e0dd604827df34841eee,2688,0,5376,0,True,,analysis/fs_0404_analysis.png,1342784,04c0e904a8ef12c84e383ea04fd7a7c51419e0e5f2d9d281b8377e5682df4601,thumbnails/fs_0404.jpg,43145,43299cff23c0f932f064f9eadbcbae223d9bce8080c705ef2bea35e2b3d3df36,dlstupka/hth-baptisms-san-antonio-1788-1824--1858-1898,61efff529fb7330a92f8d423c40c45bc60bb841c,dlstupka/hth,4b88d0aead2931a9d8a127afbd852f196d6b51ec,,,,,,,,,,not_reviewed,,
405,Baptisms_San_Antonio_Baptism_Records_1788-1824_1858-1898.docx,405,rId409,word/media/image405.png,raw/fs_0405.png,PNG,1642,1361,RGB,2302651,4cd8377cafe8f3e7aeecf2127790940ce6c35057468eb06789bb7ceb98bd62de,1967706,1c1d109e232d75d23451c563fff8ca3cfc04738614c3f9135ebb9bffae8bdd58,2688,0,5376,0,True,,analysis/fs_0405_analysis.png,1266684,0805a89b442629ff0925f8a1a0089399987214f80d76f9db1c4c4758b0339d9b,thumbnails/fs_0405.jpg,37830,f5461d98fafd61393239f212d54dce07175f834d1b2f3b084624abb315c40b0d,dlstupka/hth-baptisms-san-antonio-1788-1824--1858-1898,61efff529fb7330a92f8d423c40c45bc60bb841c,dlstupka/hth,4b88d0aead2931a9d8a127afbd852f196d6b51ec,,,,,,,,,,not_reviewed,,
406,Baptisms_San_Antonio_Baptism_Records_1788-1824_1858-1898.docx,406,rId410,word/media/image406.png,raw/fs_0406.png,PNG,1642,1361,RGB,2442898,e34ad3a8153b5ae3c7557bc5c655780eb4d7cf3edda0fb17f72b1f8a1c79621f,2035340,547cdda233b2bbdf3c9f516b46de6c49ec0b4ca3ae8cda53cbe750871a76e9c0,2688,0,5376,0,True,,analysis/fs_0406_analysis.png,1311710,e8e8aa1dbbcaa9d4958572dc24220bd94eadd5107d0e4b48cc616ad12b5be668,thumbnails/fs_0406.jpg,42146,cdb0a01255c49dc40ef21ed702a6912ff4d1bd02b573becdea951e4592dfb133,dlstupka/hth-baptisms-san-antonio-1788-1824--1858-1898,61efff529fb7330a92f8d423c40c45bc60bb841c,dlstupka/hth,4b88d0aead2931a9d8a127afbd852f196d6b51ec,,,,,,,,,,not_reviewed,,
407,Baptisms_San_Antonio_Baptism_Records_1788-1824_1858-1898.docx,407,rId411,word/media/image407.png,raw/fs_0407.png,PNG,1594,1361,RGB,2432719,dbf46b204f64bed2355c842591190b84071fb049afecd79164ee712a717981e9,2045080,59d36bc698e43a51d1819ddb316761b9b7bd5a85622051abe32ab03fed478a01,2688,0,8064,0,True,,analysis/fs_0407_analysis.png,1318691,b4274eed31de14e0c6e9bcec10f78d15e9f327ef6cd8a4e32e46ae31a15cebbc,thumbnails/fs_0407.jpg,41454,f684d0b04d24ac41735d9f1fd791e8fae73afa172837b10a33cb05a8de61cb97,dlstupka/hth-baptisms-san-antonio-1788-1824--1858-1898,61efff529fb7330a92f8d423c40c45bc60bb841c,dlstupka/hth,4b88d0aead2931a9d8a127afbd852f196d6b51ec,,,,,,,,,,not_reviewed,,
408,Baptisms_San_Antonio_Baptism_Records_1788-1824_1858-1898.docx,408,rId412,word/media/image408.png,raw/fs_0408.png,PNG,1642,1361,RGB,2352568,a793830311335c0aef2fb758194bf8c40a0152e3370433ae88be4aebe9b73af3,2009643,fa5a994dc358bca64cb4948fed78c401c4203454464ba40e98adc21f50ffe6e4,2688,0,5376,0,True,,analysis/fs_0408_analysis.png,1291961,9c39597e3c4cf8e3770a444fb5bc9b4199b9654da9faff58c87d75eaf6bb5ea5,thumbnails/fs_0408.jpg,39774,1a8d448870a93f621458f463eba826b083fcf26653ae364f41e60e7528d6d5af,dlstupka/hth-baptisms-san-antonio-1788-1824--1858-1898,61efff529fb7330a92f8d423c40c45bc60bb841c,dlstupka/hth,4b88d0aead2931a9d8a127afbd852f196d6b51ec,,,,,,,,,,not_reviewed,,
409,Baptisms_San_Antonio_Baptism_Records_1788-1824_1858-1898.docx,409,rId413,word/media/image409.png,raw/fs_0409.png,PNG,1642,1361,RGB,2355596,2dba7029bbe99e4ebb0f41606c1ce7247d6b59d899234ea15ba492567374e4b2,1998510,26b8319b729941599002808ba34d3709ba5459b847ac0e8c0eaee5aa48d125f3,2688,0,5376,0,True,,analysis/fs_0409_analysis.png,1291996,6d6b4bec5094d03b4cab0b906059d3991ac98fc50717ac0bb9335097e6bd1953,thumbnails/fs_0409.jpg,39648,a690a5528022ab074cbcbcff64d88146d142ff0f0132cb131ccb0be5e8177a2d,dlstupka/hth-baptisms-san-antonio-1788-1824--1858-1898,61efff529fb7330a92f8d423c40c45bc60bb841c,dlstupka/hth,4b88d0aead2931a9d8a127afbd852f196d6b51ec,,,,,,,,,,not_reviewed,,
410,Baptisms_San_Antonio_Baptism_Records_1788-1824_1858-1898.docx,410,rId414,word/media/image410.png,raw/fs_0410.png,PNG,1642,1361,RGB,2444348,77f39e6d5613d143461c496fbb649fd6b84a4e099e4ace7ce43494c8ce54933c,2032469,c798b42254273c4e20262551cb4c4836b76f0bea6aa48b2f3c3f4d1631f2b576,2688,0,5376,0,True,,analysis/fs_0410_analysis.png,1329024,4ba2f366f54bafb3fcc7bb6194f54615d0748b47f3f83dc61346a0a5e6e28a18,thumbnails/fs_0410.jpg,42638,974cbadbec556771f547c8fd97b3b2e512d7c78e3845ef7abbb5fbecff6fb429,dlstupka/hth-baptisms-san-antonio-1788-1824--1858-1898,61efff529fb7330a92f8d423c40c45bc60bb841c,dlstupka/hth,4b88d0aead2931a9d8a127afbd852f196d6b51ec,,,,,,,,,,not_reviewed,,
411,Baptisms_San_Antonio_Baptism_Records_1788-1824_1858-1898.docx,411,rId415,word/media/image411.png,raw/fs_0411.png,PNG,1642,1361,RGB,2512958,b0f9f52311b2ecb6901c219d244018f0e13655cf01fc0eaf44086f8da5e02016,2075645,e1dc1c5a93f62aefc295b5d97e5afc0797fabde77db1d19ff460f809a2886b12,2688,0,5376,0,True,,analysis/fs_0411_analysis.png,1364148,df9bfbac2c8a8f967db3342974bb31ac032397907c71491f8d4a4a4154680421,thumbnails/fs_0411.jpg,44136,640b5a9372056a8db52dc28d7ba657360a3af69681268c000adcc845a83e2285,dlstupka/hth-baptisms-san-antonio-1788-1824--1858-1898,61efff529fb7330a92f8d423c40c45bc60bb841c,dlstupka/hth,4b88d0aead2931a9d8a127afbd852f196d6b51ec,,,,,,,,,,not_reviewed,,
412,Baptisms_San_Antonio_Baptism_Records_1788-1824_1858-1898.docx,412,rId416,word/media/image412.png,raw/fs_0412.png,PNG,1642,1361,RGB,2286679,d7e9ec570bbd78a13200b634923909eab917d1bf90011afb60b202e5a6dcd17e,1982067,fa7a7e927ca9f9e0986fdc8128a4881bfff46ee8ae5d7203a6eae27c636890c8,2688,0,5376,0,True,,analysis/fs_0412_analysis.png,1288177,8defb3e8094302b4ae480bb99244a0f658d2188134399a0ea072213ab8bad4d1,thumbnails/fs_0412.jpg,37871,8f9ecf965dd27827a784faf458006ccd02edef41d424f00bc94e90047b63d9ba,dlstupka/hth-baptisms-san-antonio-1788-1824--1858-1898,61efff529fb7330a92f8d423c40c45bc60bb841c,dlstupka/hth,4b88d0aead2931a9d8a127afbd852f196d6b51ec,,,,,,,,,,not_reviewed,,
413,Baptisms_San_Antonio_Baptism_Records_1788-1824_1858-1898.docx,413,rId417,word/media/image413.png,raw/fs_0413.png,PNG,1642,1361,RGB,2593332,a0d2558cc57987b761127556483699f1423075c7b3427075d9f52927da10c862,2141940,f689f43dc942661ee251f817210e0fc83c0b0b09c221f7335fb8a40ffc84f9b4,2688,0,5376,0,True,,analysis/fs_0413_analysis.png,1384860,d3e8a575943ddee45238beae587313cb87647cf53ab783afc31020dd06e533a9,thumbnails/fs_0413.jpg,43923,43df947e661cda4fcdb98326126ee157abca048dc84aeac679c1400f402c1e28,dlstupka/hth-baptisms-san-antonio-1788-1824--1858-1898,61efff529fb7330a92f8d423c40c45bc60bb841c,dlstupka/hth,4b88d0aead2931a9d8a127afbd852f196d6b51ec,,,,,,,,,,not_reviewed,,
414,Baptisms_San_Antonio_Baptism_Records_1788-1824_1858-1898.docx,414,rId418,word/media/image414.png,raw/fs_0414.png,PNG,1594,1361,RGB,2478987,2125f18e21ebf2f8d4cdf0e175bf88aad43b0022e5fe21ff155b6f8b0dd9bfb3,2108531,f893a2223c96ff1e202a64a69d1ed69aa9c997330c8364323ad67f4f546d9a81,5376,0,5376,0,True,,analysis/fs_0414_analysis.png,1355766,b2b996346c6450c24435233e2819088004da8ae9242457fce77a14e46fb73ae7,thumbnails/fs_0414.jpg,41478,5a6c9b3ad5b283016c5e6d7afa7c32f4787885f9f753f4b89c53d5788de1d5a1,dlstupka/hth-baptisms-san-antonio-1788-1824--1858-1898,61efff529fb7330a92f8d423c40c45bc60bb841c,dlstupka/hth,4b88d0aead2931a9d8a127afbd852f196d6b51ec,,,,,,,,,,not_reviewed,,
415,Baptisms_San_Antonio_Baptism_Records_1788-1824_1858-1898.docx,415,rId419,word/media/image415.png,raw/fs_0415.png,PNG,1642,1361,RGB,2484499,2b2ef170e5bd8798f9f08933cdc2898f8e322d70bfd9862f1b79a2ea9fef1adf,2078251,e8fa7cd7f6f885a77c3e5fc2458a6b6819673a8518f2d4e7f4ef50dddd447dd5,2688,0,5376,0,True,,analysis/fs_0415_analysis.png,1356356,be4b2e3fff8dc14883d9fad014c3b86bc747f1a17e3676dfcf9e96987e365496,thumbnails/fs_0415.jpg,40869,d218a08273bfee374c4d55f7909344d033e7617c8799b1df1d2361e71fe090fd,dlstupka/hth-baptisms-san-antonio-1788-1824--1858-1898,61efff529fb7330a92f8d423c40c45bc60bb841c,dlstupka/hth,4b88d0aead2931a9d8a127afbd852f196d6b51ec,,,,,,,,,,not_reviewed,,
416,Baptisms_San_Antonio_Baptism_Records_1788-1824_1858-1898.docx,416,rId420,word/media/image416.png,raw/fs_0416.png,PNG,1642,1361,RGB,2509523,e0ded2b60d8172e29206f9dcd130ea38d172246500dc843dca8e85a8958426bc,2077303,82d5de33a5eb0be021cb19957e90d91bd20d148fe7e4c174a6bab06d49c50ba7,2688,0,5376,0,True,,analysis/fs_0416_analysis.png,1356058,944fec2ab5f6fcf36465e7c59ca21bc365f0d0d33cd3f7e0ed81d1e3cc290cb1,thumbnails/fs_0416.jpg,41031,533592e51aebd0649b739ae64b166e743141c2846b7002df5fb100f1c2676d85,dlstupka/hth-baptisms-san-antonio-1788-1824--1858-1898,61efff529fb7330a92f8d423c40c45bc60bb841c,dlstupka/hth,4b88d0aead2931a9d8a127afbd852f196d6b51ec,,,,,,,,,,not_reviewed,,
417,Baptisms_San_Antonio_Baptism_Records_1788-1824_1858-1898.docx,417,rId421,word/media/image417.png,raw/fs_0417.png,PNG,1642,1361,RGB,2616200,3dfc15a52981b5ff52cf9cb509992748dc76965757b5770c6b5253c1b4a36e15,2141723,c0672db2b1fe467a24b906539128c72d40eaa72b46783ca20918e4d49c9a49b8,2688,0,5376,0,True,,analysis/fs_0417_analysis.png,1401188,d4c447a3f11ddb043baa8f0d1306db96b9543ba8eb2b135e64a8b2510a448055,thumbnails/fs_0417.jpg,43432,492576cf9a8851922f6ee5553d124dfe3373e4620779ada9a7ee4ce70e089689,dlstupka/hth-baptisms-san-antonio-1788-1824--1858-1898,61efff529fb7330a92f8d423c40c45bc60bb841c,dlstupka/hth,4b88d0aead2931a9d8a127afbd852f196d6b51ec,,,,,,,,,,not_reviewed,,
418,Baptisms_San_Antonio_Baptism_Records_1788-1824_1858-1898.docx,418,rId422,word/media/image418.png,raw/fs_0418.png,PNG,1642,1361,RGB,2620211,6d0ad95fa55eec88d3f01eaaee49a9226501a9baec49e16b33978e07970616e7,2119221,e474bb47c48d482448f7c6d25d7e8b9d0c9a674250f0abfcfc7128bb436e308f,2688,0,5376,0,True,,analysis/fs_0418_analysis.png,1395451,94587cc27ad5f3843819c490b633d59aa684263b872a6fd669ae111132c6736e,thumbnails/fs_0418.jpg,45055,267d0deae0f23013493201fece54c184b0a4225ad80d28814879ef429d1053c8,dlstupka/hth-baptisms-san-antonio-1788-1824--1858-1898,61efff529fb7330a92f8d423c40c45bc60bb841c,dlstupka/hth,4b88d0aead2931a9d8a127afbd852f196d6b51ec,,,,,,,,,,not_reviewed,,
419,Baptisms_San_Antonio_Baptism_Records_1788-1824_1858-1898.docx,419,rId423,word/media/image419.png,raw/fs_0419.png,PNG,1594,1361,RGB,2566375,788fa701d58bc6e17dc128cef42f2cf7a14b91354932a29626a60fd68488f115,2099742,d651d4be68de01794c89e229d03dd7b07b96c1caf094984e663127fc96468633,5376,0,5376,0,True,,analysis/fs_0419_analysis.png,1380803,7c3f18f5fd65255491975746a407eb5313e14be8cfb5b143a260cb331983a45f,thumbnails/fs_0419.jpg,42278,f3766eb2f037625c9ddffac551604711abb2880e6f461cd162b456473f8a72c5,dlstupka/hth-baptisms-san-antonio-1788-1824--1858-1898,61efff529fb7330a92f8d423c40c45bc60bb841c,dlstupka/hth,4b88d0aead2931a9d8a127afbd852f196d6b51ec,,,,,,,,,,not_reviewed,,
420,Baptisms_San_Antonio_Baptism_Records_1788-1824_1858-1898.docx,420,rId424,word/media/image420.png,raw/fs_0420.png,PNG,1642,1361,RGB,2615737,2b6ab3b6471b6dcc495859cf2f1d01295e299db4c1124f15533220cfe8ff2348,2131065,9c7bf5725b1712029ab86989912685f1b8eb8d49a6445134d1d1230ed12f4cad,2688,0,5376,0,True,,analysis/fs_0420_analysis.png,1394676,90d08e88a6b55ddbb7700031bb463fef16f3df98a3012649cb2c6e562bf05240,thumbnails/fs_0420.jpg,46020,d9528c58dbab783cf6c0fe9d5b467224b078e548301b863a4d08b57bce6498f7,dlstupka/hth-baptisms-san-antonio-1788-1824--1858-1898,61efff529fb7330a92f8d423c40c45bc60bb841c,dlstupka/hth,4b88d0aead2931a9d8a127afbd852f196d6b51ec,,,,,,,,,,not_reviewed,,
421,Baptisms_San_Antonio_Baptism_Records_1788-1824_1858-1898.docx,421,rId425,word/media/image421.png,raw/fs_0421.png,PNG,1642,1361,RGB,2538834,bf093e530411e58041c0702e88248c120b21b574c504006ce757321b8078d070,2136564,7c0a70011bb408df495a00e325c23da08bf7a8dbe2e5f1a4aa0715c3b4682524,2688,0,5376,0,True,,analysis/fs_0421_analysis.png,1376866,5a7f93a74dbc8945e2d29113e95c91303ed484a1c359cc4d9d389f212cb7491e,thumbnails/fs_0421.jpg,41844,d3f3805ab9e26372452455778e5e0f8c2783a9269f2360ab0f10c14f45c1322d,dlstupka/hth-baptisms-san-antonio-1788-1824--1858-1898,61efff529fb7330a92f8d423c40c45bc60bb841c,dlstupka/hth,4b88d0aead2931a9d8a127afbd852f196d6b51ec,,,,,,,,,,not_reviewed,,
422,Baptisms_San_Antonio_Baptism_Records_1788-1824_1858-1898.docx,422,rId426,word/media/image422.png,raw/fs_0422.png,PNG,1642,1361,RGB,2452618,3b44f4726cbf29e4beddd25abf98fa043244e5cd251712eece92c2b12b62cc3b,2043470,abeb80ada6ec78cc980a58bc7a0bc9fe016f3b6af4303df27cd7841c99b6e5c3,2688,0,5376,0,True,,analysis/fs_0422_analysis.png,1358112,4cb576ca44e789610bc0d60141a508947fc5cf7ebcca3015046311bdfb1d6e64,thumbnails/fs_0422.jpg,39151,ce7c33a1d7e504392eee7d612886fd3ca939fee2dc7ded7741664f85da575153,dlstupka/hth-baptisms-san-antonio-1788-1824--1858-1898,61efff529fb7330a92f8d423c40c45bc60bb841c,dlstupka/hth,4b88d0aead2931a9d8a127afbd852f196d6b51ec,,,,,,,,,,not_reviewed,,
423,Baptisms_San_Antonio_Baptism_Records_1788-1824_1858-1898.docx,423,rId427,word/media/image423.png,raw/fs_0423.png,PNG,1594,1361,RGB,2396096,4eb324149897b80df50e14fa0b3a9136dd1c697461cdf37760e975f2e864051c,2041053,69647d59e8abcbc0a3a8ed6c74f400872f37aba12977e13218b93a09f8203510,2688,0,8064,0,True,,analysis/fs_0423_analysis.png,1346265,0c3c5c28e212300c27a053d05dfa85dddd33df3128d1ef6c2c7ba4172fab056d,thumbnails/fs_0423.jpg,39113,40ae9002e1848218618d4be54465d7cbfc32b81217dfa783cf466a9f729b4185,dlstupka/hth-baptisms-san-antonio-1788-1824--1858-1898,61efff529fb7330a92f8d423c40c45bc60bb841c,dlstupka/hth,4b88d0aead2931a9d8a127afbd852f196d6b51ec,,,,,,,,,,not_reviewed,,
424,Baptisms_San_Antonio_Baptism_Records_1788-1824_1858-1898.docx,424,rId428,word/media/image424.png,raw/fs_0424.png,PNG,1642,1361,RGB,2396113,1bbffc1ba43b2a3b1e4ac263c12338964bdc0b3c923069dde8dd8d45d397c115,2052070,2b92d394dbaa221cc2cb519d75b17a7ebdd9150b075761abffe506d710b28ee5,2688,0,5376,0,True,,analysis/fs_0424_analysis.png,1351234,963d7527fbe234a0c49b8de02da627244db3523562b0e2e09d3d6156439035e4,thumbnails/fs_0424.jpg,38015,ad5ad1a044834209491f61b6bcaf726d60400c040ff908b8937f517c70f85180,dlstupka/hth-baptisms-san-antonio-1788-1824--1858-1898,61efff529fb7330a92f8d423c40c45bc60bb841c,dlstupka/hth,4b88d0aead2931a9d8a127afbd852f196d6b51ec,,,,,,,,,,not_reviewed,,
425,Baptisms_San_Antonio_Baptism_Records_1788-1824_1858-1898.docx,425,rId429,word/media/image425.png,raw/fs_0425.png,PNG,1642,1361,RGB,2370720,93c991d00e74d221657f37c5a317ba5c64baf1ee6e0147af61bd57c0f63e92fe,2045668,736bc8eea14ef48de3862501babe0f8acd0f9146be2d692e8f9c8e119ff53a4f,2688,0,5376,0,True,,analysis/fs_0425_analysis.png,1337665,c71316f40cfa109c779107cf3d80130e914e0f764e06d3451036fb559d077069,thumbnails/fs_0425.jpg,39984,e5f1bc86d4c0f429842143d5dbd0c6d2b24d61d84e6e2261378dee841178e34f,dlstupka/hth-baptisms-san-antonio-1788-1824--1858-1898,61efff529fb7330a92f8d423c40c45bc60bb841c,dlstupka/hth,4b88d0aead2931a9d8a127afbd852f196d6b51ec,,,,,,,,,,not_reviewed,,
426,Baptisms_San_Antonio_Baptism_Records_1788-1824_1858-1898.docx,426,rId430,word/media/image426.png,raw/fs_0426.png,PNG,1642,1361,RGB,2339555,7a84a3dee16f9acab6dfacd61f640d35866997ad3fe08e21ff13ba307acedb68,2007091,abad3ed1895d16550068d38508096bbe9d7bde205a946b70d315f27b2e519104,2688,0,5376,0,True,,analysis/fs_0426_analysis.png,1314204,746a3eac66b5681360504f0edbc93b37978c0466f37a671d1c442a34ceab9853,thumbnails/fs_0426.jpg,38707,ef41df33a233e4d1ccd61895bbb450573743a80d562c693365f0497a71cc0d22,dlstupka/hth-baptisms-san-antonio-1788-1824--1858-1898,61efff529fb7330a92f8d423c40c45bc60bb841c,dlstupka/hth,4b88d0aead2931a9d8a127afbd852f196d6b51ec,,,,,,,,,,not_reviewed,,
427,Baptisms_San_Antonio_Baptism_Records_1788-1824_1858-1898.docx,427,rId431,word/media/image427.png,raw/fs_0427.png,PNG,1642,1361,RGB,2443597,047c76ca0955d044d178dc59298ca3a92d83f0ab70f571bbb94ec3fb56d42e34,2047587,d38915ff86eacd3f5ac382a28d4bfc8711bfbbde86de6168540fa173afbcda21,2688,0,5376,0,True,,analysis/fs_0427_analysis.png,1348561,f69d01bf723ee016070c58cb5f7538b67741d4f001351ebd70779216180057df,thumbnails/fs_0427.jpg,39885,5540fd8d37547ec18f63b8c01b5510738afabc8d5e19843f2e0f7a08d99b71f1,dlstupka/hth-baptisms-san-antonio-1788-1824--1858-1898,61efff529fb7330a92f8d423c40c45bc60bb841c,dlstupka/hth,4b88d0aead2931a9d8a127afbd852f196d6b51ec,,,,,,,,,,not_reviewed,,
428,Baptisms_San_Antonio_Baptism_Records_1788-1824_1858-1898.docx,428,rId432,word/media/image428.png,raw/fs_0428.png,PNG,1642,1361,RGB,2544061,275a1438774f203722e3d3f4024faf703c2d45e972889e59ed644f2aec6b906c,2089733,40cc5be5bf1cd2acf71aec1387c4a3e1181b1903021cad9af4485597d7a3d5e5,2688,0,5376,0,True,,analysis/fs_0428_analysis.png,1397250,23290996c9f752a1ad55a1838e9bb3dc6577ca82f5b009611e056b43efb1fac7,thumbnails/fs_0428.jpg,42267,d4ea723ee1c7c45af74a0beb492cb4ea218cd1fc8ba47e02d03179d1448bb4f7,dlstupka/hth-baptisms-san-antonio-1788-1824--1858-1898,61efff529fb7330a92f8d423c40c45bc60bb841c,dlstupka/hth,4b88d0aead2931a9d8a127afbd852f196d6b51ec,,,,,,,,,,not_reviewed,,
429,Baptisms_San_Antonio_Baptism_Records_1788-1824_1858-1898.docx,429,rId433,word/media/image429.png,raw/fs_0429.png,PNG,1642,1361,RGB,2485703,6a9a056bb7c91c7451ad7422ae1596eec1c2bc9872323a14b24e798a656aee0e,2054083,858b950cd5095b55e9629e65c1b7840877fa791670646d1136f3f7cfc91130b1,2688,0,5376,0,True,,analysis/fs_0429_analysis.png,1369102,940a6a4e717b9b65fff793455893e63822e1583083db087fde34dc4d2444c9f4,thumbnails/fs_0429.jpg,41503,58a1977b082b862afce2e80cd0b3d58927a2a0ddfed16d85f7ed7ae7b7038570,dlstupka/hth-baptisms-san-antonio-1788-1824--1858-1898,61efff529fb7330a92f8d423c40c45bc60bb841c,dlstupka/hth,4b88d0aead2931a9d8a127afbd852f196d6b51ec,,,,,,,,,,not_reviewed,,
430,Baptisms_San_Antonio_Baptism_Records_1788-1824_1858-1898.docx,430,rId434,word/media/image430.png,raw/fs_0430.png,PNG,1690,1361,RGB,2503245,ee71906e1c455581763184cb7a76122c964d9aff0228189e27a0f53093faddd2,2038932,be4f84e557aec327f0a3bbc5ef4365016891ea1ddafc3c54be6d1d465b3cd2ab,0,0,5376,0,True,,analysis/fs_0430_analysis.png,1362989,834a8be11edab2c944a0c1bcbf394330c621d201871984d6e3c92e5c6a9c31c4,thumbnails/fs_0430.jpg,42004,e57430f95dd30f651fea637c4b0e050b3b90d9e93f77b14c749656d2e347a984,dlstupka/hth-baptisms-san-antonio-1788-1824--1858-1898,61efff529fb7330a92f8d423c40c45bc60bb841c,dlstupka/hth,4b88d0aead2931a9d8a127afbd852f196d6b51ec,,,,,,,,,,not_reviewed,,
431,Baptisms_San_Antonio_Baptism_Records_1788-1824_1858-1898.docx,431,rId435,word/media/image431.png,raw/fs_0431.png,PNG,1642,1361,RGB,2416516,a34b502cecd2fc7679a53c480acd8184644e4793799e483310521a1685d05067,2013325,d2bbc6555bcd6306954fe8fa2f36f3c5e096c85bc74a9025036e2429352aad46,2688,0,5376,0,True,,analysis/fs_0431_analysis.png,1331785,fe12655dd47848ee719990d35d9bb4ecd73edb496f028229ad2bdf738a8cd0d9,thumbnails/fs_0431.jpg,40624,600b445930350f1bcc1060acaa08b2faefa66faa4c5d728946b9c6452e58538e,dlstupka/hth-baptisms-san-antonio-1788-1824--1858-1898,61efff529fb7330a92f8d423c40c45bc60bb841c,dlstupka/hth,4b88d0aead2931a9d8a127afbd852f196d6b51ec,,,,,,,,,,not_reviewed,,
432,Baptisms_San_Antonio_Baptism_Records_1788-1824_1858-1898.docx,432,rId436,word/media/image432.png,raw/fs_0432.png,PNG,1642,1361,RGB,2261478,eb1adfde1fad424b4dadc1e917602d15957cd1856e906f335101430dd726a4dd,1943159,68d4971407aa8a5d52260137e74bae41cc50a07774f5af67b05a2d2d4047f5dc,2688,0,5376,0,True,,analysis/fs_0432_analysis.png,1264450,37bb6c6b36eb7286158558a2709ecaa70c921db8355544e0aab93f1fe8d81220,thumbnails/fs_0432.jpg,37401,2c15419025f86afd656a73c353cb832472f84e6f4454f5455ed7fa324bb1140b,dlstupka/hth-baptisms-san-antonio-1788-1824--1858-1898,61efff529fb7330a92f8d423c40c45bc60bb841c,dlstupka/hth,4b88d0aead2931a9d8a127afbd852f196d6b51ec,,,,,,,,,,not_reviewed,,
433,Baptisms_San_Antonio_Baptism_Records_1788-1824_1858-1898.docx,433,rId437,word/media/image433.png,raw/fs_0433.png,PNG,1594,1361,RGB,2324295,50d4a563dc03c3cd3f2ddf973555afb35d171f99c74429bb66ecbf3eb085b680,1992820,69db52b745cb26dc981b8f5ba29126bcc219e92e8ffca6829051441bff883e29,2688,0,8064,0,True,,analysis/fs_0433_analysis.png,1297407,e0d11a10a0b32fd89b80c27e91058fbefa994c3d783a4b7db993fb2c0a574dfe,thumbnails/fs_0433.jpg,39192,fd8df0ea65421c3a45087721bb5bef2bdb6fafb7ba56c8794fc345bd4c14710c,dlstupka/hth-baptisms-san-antonio-1788-1824--1858-1898,61efff529fb7330a92f8d423c40c45bc60bb841c,dlstupka/hth,4b88d0aead2931a9d8a127afbd852f196d6b51ec,,,,,,,,,,not_reviewed,,
434,Baptisms_San_Antonio_Baptism_Records_1788-1824_1858-1898.docx,434,rId438,word/media/image434.png,raw/fs_0434.png,PNG,1642,1361,RGB,2438386,1cd7885daf9af011a1a4738837a949eeb081c7c4a606a11bba10793ef21adcec,2025468,f589a06d162ca39be5df1b2e1280a2789d63f9eeafee57c02f42887ad824d792,2688,0,5376,0,True,,analysis/fs_0434_analysis.png,1337879,07f1b882a24b3bbf07734c07fc2abcd12f6f44703386cb208d59430f474e43c1,thumbnails/fs_0434.jpg,41557,aa71df776fc1944fa0aaae62b4fb7d64fd2c489e8965fcec8edf3f383ea6da5c,dlstupka/hth-baptisms-san-antonio-1788-1824--1858-1898,61efff529fb7330a92f8d423c40c45bc60bb841c,dlstupka/hth,4b88d0aead2931a9d8a127afbd852f196d6b51ec,,,,,,,,,,not_reviewed,,
435,Baptisms_San_Antonio_Baptism_Records_1788-1824_1858-1898.docx,435,rId439,word/media/image435.png,raw/fs_0435.png,PNG,1616,1361,RGB,2341298,e3826f1e8b5c36caf7149bebb665a40e143ccbc64eb53a9f24b5b10ca3f8716f,1983901,c9e1e5c5a73388e109da60685f71181f83f7b7450889db5250a5bf7d1427b9f6,1465,0,8064,0,True,,analysis/fs_0435_analysis.png,1307699,80ad75cf04f631ae57be1adf1e58d175268902fd19ec17362490cbb4d9a78a46,thumbnails/fs_0435.jpg,39777,e8984a3cde7f9962bb57be06ca8e057be90cf93f61b2e6497c8dbc8818d6766f,dlstupka/hth-baptisms-san-antonio-1788-1824--1858-1898,61efff529fb7330a92f8d423c40c45bc60bb841c,dlstupka/hth,4b88d0aead2931a9d8a127afbd852f196d6b51ec,,,,,,,,,,not_reviewed,,
436,Baptisms_San_Antonio_Baptism_Records_1788-1824_1858-1898.docx,436,rId440,word/media/image436.png,raw/fs_0436.png,PNG,1642,1361,RGB,2469685,8c435ccef56c7c020e273a48a7ac7cbc5800a38015bf278ef94439f7cba183c4,2047685,d7e57f4d9326a8a34e6a0935b334d7035926a4a435ace9d5757342c189f9fb11,2688,0,5376,0,True,,analysis/fs_0436_analysis.png,1349320,4b9f39676fdadde7bd54c85fbc03c38fb763e1e10ad286e8e4e6fa0bab363daa,thumbnails/fs_0436.jpg,42087,0f6dfe41ecf971cbd0605ef144890f2968b1c2f0d2a4f04810fe187027f0d3f2,dlstupka/hth-baptisms-san-antonio-1788-1824--1858-1898,61efff529fb7330a92f8d423c40c45bc60bb841c,dlstupka/hth,4b88d0aead2931a9d8a127afbd852f196d6b51ec,,,,,,,,,,not_reviewed,,
437,Baptisms_San_Antonio_Baptism_Records_1788-1824_1858-1898.docx,437,rId441,word/media/image437.png,raw/fs_0437.png,PNG,1642,1361,RGB,2503578,4582435e8d6960e2d607006a357e8d1999d2a67d614c1afa34f8d147f3a35864,2059827,64e92b6087683a80ab5b0b2cfb48ad1b976af46fd2a7732f35b7bf6fbbbf9f1f,2688,0,5376,0,True,,analysis/fs_0437_analysis.png,1358945,d9fad71c05451e2d1f3ca11ff015c1ba2c8809784ca0697848387e9835d7cb29,thumbnails/fs_0437.jpg,43371,d442beaa9cf4d10114870fab67a1da02d5745dfbcc6071585ebe525ff084fcde,dlstupka/hth-baptisms-san-antonio-1788-1824--1858-1898,61efff529fb7330a92f8d423c40c45bc60bb841c,dlstupka/hth,4b88d0aead2931a9d8a127afbd852f196d6b51ec,,,,,,,,,,not_reviewed,,
438,Baptisms_San_Antonio_Baptism_Records_1788-1824_1858-1898.docx,438,rId442,word/media/image438.png,raw/fs_0438.png,PNG,1642,1361,RGB,2375009,3b7bffb73efc52d82af55480008caf4305451e6644e534df4e0d7fe7afccecc6,1987895,ec9a5508d88f09558671ba2f575b9fc4df7585dc24f2eb175ca8ee925f112a84,2688,0,5376,0,True,,analysis/fs_0438_analysis.png,1310575,3204427d90585e1e698b0db4683f7ed64f81979920ebb1ec3b17ce3c5dbef9af,thumbnails/fs_0438.jpg,41488,96995a25ce416ae9bc71d2256bf83c43c08e915bc266864652273d0cbd021e23,dlstupka/hth-baptisms-san-antonio-1788-1824--1858-1898,61efff529fb7330a92f8d423c40c45bc60bb841c,dlstupka/hth,4b88d0aead2931a9d8a127afbd852f196d6b51ec,,,,,,,,,,not_reviewed,,
439,Baptisms_San_Antonio_Baptism_Records_1788-1824_1858-1898.docx,439,rId443,word/media/image439.png,raw/fs_0439.png,PNG,1642,1361,RGB,2281179,e3f17ce4e8fb942de1240922787ec9bd49960f1ee46372ddf853f52fc371fc0f,1939684,8b3af620a5c2241904744c44547452c5716fbbd90d4568324e35baf9706e264f,2688,0,5376,0,True,,analysis/fs_0439_analysis.png,1275598,940a9bdf5e408497e00a021cbfe60c1805b57d5f3a5e53a3314f9fe933383715,thumbnails/fs_0439.jpg,38358,fa9cf788118d87c75f9f51e8e7f8e1821763ea261a689d92c1b2bb16d3b60ca7,dlstupka/hth-baptisms-san-antonio-1788-1824--1858-1898,61efff529fb7330a92f8d423c40c45bc60bb841c,dlstupka/hth,4b88d0aead2931a9d8a127afbd852f196d6b51ec,,,,,,,,,,not_reviewed,,
440,Baptisms_San_Antonio_Baptism_Records_1788-1824_1858-1898.docx,440,rId444,word/media/image440.png,raw/fs_0440.png,PNG,1642,1361,RGB,2209076,5d1c77730e2879fbb2628bbad240cd16568601cb836e9b69ea629122099557cf,1900665,3eae8fc7f504262aa1000aea1f0e89a97b86e241448faa7edb7b2ff9701b94a1,2688,0,5376,0,True,,analysis/fs_0440_analysis.png,1247713,57eb01ea7120197af3e5817dd4a5a2ed1c7e1d2388be558057d5574c2a30759a,thumbnails/fs_0440.jpg,37504,ee1faf235267484d5531af78cba6c78623c3673ff4c73ced6c6bc406c5d459fd,dlstupka/hth-baptisms-san-antonio-1788-1824--1858-1898,61efff529fb7330a92f8d423c40c45bc60bb841c,dlstupka/hth,4b88d0aead2931a9d8a127afbd852f196d6b51ec,,,,,,,,,,not_reviewed,,
441,Baptisms_San_Antonio_Baptism_Records_1788-1824_1858-1898.docx,441,rId445,word/media/image441.png,raw/fs_0441.png,PNG,1616,1361,RGB,2186172,4a25f1e9de7bd49d4deb7448d6ddaf8425075263d308a6c11f02e51789aacc11,1893634,3a799828408e9331a466d4841d4df5fdf1038a021a1e079484d3cd2deb049dfd,1465,0,8064,0,True,,analysis/fs_0441_analysis.png,1237099,7a7f96689fcbb37b56655760c5dc32ce546ee6be50340daa9abf1ae7b3847236,thumbnails/fs_0441.jpg,37633,aa9afb063fe51a744c57c4f736f3378ae99a5e4baa529753e828ebfea1cdb991,dlstupka/hth-baptisms-san-antonio-1788-1824--1858-1898,61efff529fb7330a92f8d423c40c45bc60bb841c,dlstupka/hth,4b88d0aead2931a9d8a127afbd852f196d6b51ec,,,,,,,,,,not_reviewed,,
442,Baptisms_San_Antonio_Baptism_Records_1788-1824_1858-1898.docx,442,rId446,word/media/image442.png,raw/fs_0442.png,PNG,1642,1361,RGB,2133742,dc4bcfb52dd41da523d1afb764d09a09f0aeaf467da28624631e36a2ccf45914,1891200,aab138a48b69f1189c3cca930e0f35a35e6bb412e72781c43f4c6658e275bb02,2688,0,5376,0,True,,analysis/fs_0442_analysis.png,1237431,05ca7ed08d40d8eb5096197a38f679adcf71c746fb07d3102cd03e47da137623,thumbnails/fs_0442.jpg,34151,ea13e0031f9d076caa9205d26e145ad7203e7ed5604b745e6aa1fb3c96faacd0,dlstupka/hth-baptisms-san-antonio-1788-1824--1858-1898,61efff529fb7330a92f8d423c40c45bc60bb841c,dlstupka/hth,4b88d0aead2931a9d8a127afbd852f196d6b51ec,,,,,,,,,,not_reviewed,,
443,Baptisms_San_Antonio_Baptism_Records_1788-1824_1858-1898.docx,443,rId447,word/media/image443.png,raw/fs_0443.png,PNG,1642,1361,RGB,2421862,edbc43b13ccb10ec1197b2289334d9300fa4a75538ed088f6efa1ce6b8e0627b,2031505,0383ba8d30016a198060a9d385ce32834249acfecc136eb27be311afd493d276,2688,0,5376,0,True,,analysis/fs_0443_analysis.png,1330427,0d31f20e3efb4a96cdee80d490a3eff8c7182146b4326f95705247e083f1d7fe,thumbnails/fs_0443.jpg,42677,d4db1b788021317945160f1ec8d7254ae584e14acb23df70a6b56349ca3c16aa,dlstupka/hth-baptisms-san-antonio-1788-1824--1858-1898,61efff529fb7330a92f8d423c40c45bc60bb841c,dlstupka/hth,4b88d0aead2931a9d8a127afbd852f196d6b51ec,,,,,,,,,,not_reviewed,,
444,Baptisms_San_Antonio_Baptism_Records_1788-1824_1858-1898.docx,444,rId448,word/media/image444.png,raw/fs_0444.png,PNG,1624,1361,RGB,2402200,4e115c4567bd35b71a9440edd79451676a187f0a46dbd534d4eb61e95d0ebf00,2024589,6153c33dd245151170457e8583a3a37b6eebfe7c26675e5dced6ff1992847c0e,1025,0,8064,0,True,,analysis/fs_0444_analysis.png,1323275,3754adee2693c1a3d6ebc0523d418c5accf5d383e24f6d3ccffd7d5615855a9a,thumbnails/fs_0444.jpg,41045,251f9c6f21a59c4030fcd0b53dd9c287d3ed58635befcf4f39833f694fdb6317,dlstupka/hth-baptisms-san-antonio-1788-1824--1858-1898,61efff529fb7330a92f8d423c40c45bc60bb841c,dlstupka/hth,4b88d0aead2931a9d8a127afbd852f196d6b51ec,,,,,,,,,,not_reviewed,,
445,Baptisms_San_Antonio_Baptism_Records_1788-1824_1858-1898.docx,445,rId449,word/media/image445.png,raw/fs_0445.png,PNG,1642,1361,RGB,2434342,c32d1120c93340c91a95687d672f5d72aabb3e38accf5d1b5461b4b29f03ffe3,2032769,e94a4ce84e3fcb7d93d0c3ce0e139aac0313fee09abc4275db13d964f61292a1,2688,0,5376,0,True,,analysis/fs_0445_analysis.png,1330473,886f67f2189de2d7045e1e2aae59eeabeda66571e93bef06070213823ba651c9,thumbnails/fs_0445.jpg,41081,4a3d6139ee48ca5bae1e23970ed6472303ed6be232b46b299896e66e42377eff,dlstupka/hth-baptisms-san-antonio-1788-1824--1858-1898,61efff529fb7330a92f8d423c40c45bc60bb841c,dlstupka/hth,4b88d0aead2931a9d8a127afbd852f196d6b51ec,,,,,,,,,,not_reviewed,,
446,Baptisms_San_Antonio_Baptism_Records_1788-1824_1858-1898.docx,446,rId450,word/media/image446.png,raw/fs_0446.png,PNG,1642,1361,RGB,2459346,00e0e193f83dd8400ba0d425d11dbc178db909ef498077bcdc02ec6855df0a66,2048728,6715fdb75deb13a3d05a75600c08f920c52d34e6e1d67d086d19aa0ba984b192,2688,0,5376,0,True,,analysis/fs_0446_analysis.png,1329643,0207bedb4d4525590df940e86f18e29597eec9a4abbe3d4da219f4b01192304b,thumbnails/fs_0446.jpg,42507,13c4363e4f01a7b5dac0520ad9d7bf16f3cc20edf10d7eee5832af6c83a5a086,dlstupka/hth-baptisms-san-antonio-1788-1824--1858-1898,61efff529fb7330a92f8d423c40c45bc60bb841c,dlstupka/hth,4b88d0aead2931a9d8a127afbd852f196d6b51ec,,,,,,,,,,not_reviewed,,
447,Baptisms_San_Antonio_Baptism_Records_1788-1824_1858-1898.docx,447,rId451,word/media/image447.png,raw/fs_0447.png,PNG,1642,1361,RGB,2479427,e47b7bcc48ca7d4844612acd0734898593d74bda5e9ca41f81c066cbcc7edaad,2045197,c40d3923bea5d29be41a0191def9adebb0ea80f74102c12aefeee20bae4c1136,2688,0,5376,0,True,,analysis/fs_0447_analysis.png,1331194,f94acc62b45ef66a83800b5eec69ba1694c74a0394ad7b5856c9aa4b70a36fbb,thumbnails/fs_0447.jpg,43956,a00d23b2bee7d04646a148bf7524e3e877d663a71959585f303ad30bdcc22ae1,dlstupka/hth-baptisms-san-antonio-1788-1824--1858-1898,61efff529fb7330a92f8d423c40c45bc60bb841c,dlstupka/hth,4b88d0aead2931a9d8a127afbd852f196d6b51ec,,,,,,,,,,not_reviewed,,
448,Baptisms_San_Antonio_Baptism_Records_1788-1824_1858-1898.docx,448,rId452,word/media/image448.png,raw/fs_0448.png,PNG,1642,1361,RGB,2432233,e864b5aee5f44d7261b5a5c4d3f426369ee3dfef3ba43c6893a1307c58d10125,2008659,701dd68e3ddf7ba2ea3cc3374c659ad1cd0685e1b2c30bbe35971c5954e63588,2688,0,5376,0,True,,analysis/fs_0448_analysis.png,1327386,4c921cb61e351587dbdb51c1c4b0316e9de54b57d664f423d984f5508108d3af,thumbnails/fs_0448.jpg,42176,3f138be1ba6f6d29b3e874b8d329001b92849ad8ca735ea91e2ca43c2c688816,dlstupka/hth-baptisms-san-antonio-1788-1824--1858-1898,61efff529fb7330a92f8d423c40c45bc60bb841c,dlstupka/hth,4b88d0aead2931a9d8a127afbd852f196d6b51ec,,,,,,,,,,not_reviewed,,
449,Baptisms_San_Antonio_Baptism_Records_1788-1824_1858-1898.docx,449,rId453,word/media/image449.png,raw/fs_0449.png,PNG,1642,1361,RGB,2417046,84e5afb4a203402e99aaf7fc686ca8edd4bcd28dcc10f0da4935e8266aea62ed,1994212,efbc6890e8a93fbda5c22475e4aa5b55d4d2360edac6564ca31e4d5063967df6,2688,0,5376,0,True,,analysis/fs_0449_analysis.png,1320118,8c41552cb29ec844bb79b46dbb2e3952c691649ce5cf4ad8171426d493ad788c,thumbnails/fs_0449.jpg,41035,5179971b7728e9f43f1f6d42a6cd4d377a1487e9aaa6993cb26bd36eaf304fe4,dlstupka/hth-baptisms-san-antonio-1788-1824--1858-1898,61efff529fb7330a92f8d423c40c45bc60bb841c,dlstupka/hth,4b88d0aead2931a9d8a127afbd852f196d6b51ec,,,,,,,,,,not_reviewed,,
450,Baptisms_San_Antonio_Baptism_Records_1788-1824_1858-1898.docx,450,rId454,word/media/image450.png,raw/fs_0450.png,PNG,1613,1361,RGB,2468831,3d31c7f2b9f86056c9f446d08743310df470f0fd971c4d0b55dabbf214efcae3,2035840,1004196559583b2db4e11710c885be5ca9704029003996b83f6dcc5e78b3a686,1611,0,8064,0,True,,analysis/fs_0450_analysis.png,1328586,9bca55123ad482bbc46c18f621a90df9fad3c7a6c98e5ec009ba791424ff7810,thumbnails/fs_0450.jpg,44055,02e4f48308de56a467c32413826d237900ab71ba58ae2397cf37503e0c93da7f,dlstupka/hth-baptisms-san-antonio-1788-1824--1858-1898,61efff529fb7330a92f8d423c40c45bc60bb841c,dlstupka/hth,4b88d0aead2931a9d8a127afbd852f196d6b51ec,,,,,,,,,,not_reviewed,,
451,Baptisms_San_Antonio_Baptism_Records_1788-1824_1858-1898.docx,451,rId455,word/media/image451.png,raw/fs_0451.png,PNG,1642,1361,RGB,2209956,f97065b64c1bdcc001a83d3af067f38fdd9cbaadf3d20ea20e4c5c5bf44cbaff,1913032,cd4ba4ee5a0c938239294a6885913c3fbc1221707c7d683f3b313b235bcd0dc4,2688,0,5376,0,True,,analysis/fs_0451_analysis.png,1243635,a6e50554c99990d61787e974cc3928d41a7e51140c54e5bdecd751112ed99910,thumbnails/fs_0451.jpg,39429,d3ac97bf23888403feb3b339481ffc03b1d24010671cb7dea20c21c896875c99,dlstupka/hth-baptisms-san-antonio-1788-1824--1858-1898,61efff529fb7330a92f8d423c40c45bc60bb841c,dlstupka/hth,4b88d0aead2931a9d8a127afbd852f196d6b51ec,,,,,,,,,,not_reviewed,,
452,Baptisms_San_Antonio_Baptism_Records_1788-1824_1858-1898.docx,452,rId456,word/media/image452.png,raw/fs_0452.png,PNG,1642,1361,RGB,2327406,29750a977b83b91ba2dcde966c8996d24b4e1dc32e2df3448ff3f4bd84fae901,1972648,2f93fa6be91eed669f8f55501becc78470f9a2b39dbc44b49903da0179cf806d,2688,0,5376,0,True,,analysis/fs_0452_analysis.png,1277891,c72a9f06eb0052688ccd59294fe8cc5e06f5206d44be9384b0c9f1491e49a7cb,thumbnails/fs_0452.jpg,40902,f9a5bfdedde217840bcc49a152ebb4bb32146c8a8fd14f261e5ec3e2600671c5,dlstupka/hth-baptisms-san-antonio-1788-1824--1858-1898,61efff529fb7330a92f8d423c40c45bc60bb841c,dlstupka/hth,4b88d0aead2931a9d8a127afbd852f196d6b51ec,,,,,,,,,,not_reviewed,,
453,Baptisms_San_Antonio_Baptism_Records_1788-1824_1858-1898.docx,453,rId457,word/media/image453.png,raw/fs_0453.png,PNG,1642,1361,RGB,2290236,e852ffc942676991710010f6aec22eb34a754509e41ddecf09d980899d4d10a1,1931740,4928633d1c29f04cbbaa210ed7290e5b27c21931b5084a1f7f5ea7157ebc4441,2688,0,5376,0,True,,analysis/fs_0453_analysis.png,1271750,20dd75e58d875a1b07678b7383025f9ee01e3bcd8f0fb2b2d881f3277bc8ade9,thumbnails/fs_0453.jpg,40176,b0418636c04435c7c1a046b7b8d083a748fa8c266c1184d5b383a743b070daff,dlstupka/hth-baptisms-san-antonio-1788-1824--1858-1898,61efff529fb7330a92f8d423c40c45bc60bb841c,dlstupka/hth,4b88d0aead2931a9d8a127afbd852f196d6b51ec,,,,,,,,,,not_reviewed,,
454,Baptisms_San_Antonio_Baptism_Records_1788-1824_1858-1898.docx,454,rId458,word/media/image454.png,raw/fs_0454.png,PNG,1642,1361,RGB,2311094,344830a3da330aab7431e2d9fb187003407d73cd90f8f37e0e53ca684135e1b8,1939994,64572dd5983367966010e6a51bfacc76eba5bbfca61d324faedc086b0a15f56c,2688,0,5376,0,True,,analysis/fs_0454_analysis.png,1277732,aae8ca073332cb69e2c13c307805288fda85a78c1844fc620735748c6994d221,thumbnails/fs_0454.jpg,39098,b265f791a0de6c757ffc908833a325dac8fd3b47593bb90f23cdb462028841ce,dlstupka/hth-baptisms-san-antonio-1788-1824--1858-1898,61efff529fb7330a92f8d423c40c45bc60bb841c,dlstupka/hth,4b88d0aead2931a9d8a127afbd852f196d6b51ec,,,,,,,,,,not_reviewed,,
455,Baptisms_San_Antonio_Baptism_Records_1788-1824_1858-1898.docx,455,rId459,word/media/image455.png,raw/fs_0455.png,PNG,1642,1361,RGB,2359801,4c358024fdc79b8285cc39881eba8fc4a76d029c23d38dfa5903cfb9d65a6232,1980681,e40d55d4861c8c50d480d140f1fad1e757b0e0f44a86d0ac2408166deaa548b0,2688,0,5376,0,True,,analysis/fs_0455_analysis.png,1292901,aadb2a546dc029ba23b1e6b14611b440576af1fb983dec599025e6427024290a,thumbnails/fs_0455.jpg,40081,35ea6bc1c3981fd4c3d8beba4486f607575ad72d692833d56dd165a0a8fbb21b,dlstupka/hth-baptisms-san-antonio-1788-1824--1858-1898,61efff529fb7330a92f8d423c40c45bc60bb841c,dlstupka/hth,4b88d0aead2931a9d8a127afbd852f196d6b51ec,,,,,,,,,,not_reviewed,,
456,Baptisms_San_Antonio_Baptism_Records_1788-1824_1858-1898.docx,456,rId460,word/media/image456.png,raw/fs_0456.png,PNG,1642,1361,RGB,2240260,bf32f3caab1480784d62f4908e2cd1dd50ab49c8c3d249ac550fea1b4237826c,1918227,4ad0b98b969155c3fc2f77a3e5c0435c27430178bcf706742eab781f6b43daf0,2688,0,5376,0,True,,analysis/fs_0456_analysis.png,1252238,352b431289df7336f76caa267600be93761bcabd77087e5e796eda76b948175e,thumbnails/fs_0456.jpg,38704,486d42070637e25fa494ef45eb36d17cd4f8276d23210d210f1dc0d5ed00b1c9,dlstupka/hth-baptisms-san-antonio-1788-1824--1858-1898,61efff529fb7330a92f8d423c40c45bc60bb841c,dlstupka/hth,4b88d0aead2931a9d8a127afbd852f196d6b51ec,,,,,,,,,,not_reviewed,,
457,Baptisms_San_Antonio_Baptism_Records_1788-1824_1858-1898.docx,457,rId461,word/media/image457.png,raw/fs_0457.png,PNG,1642,1361,RGB,2358670,be04778d10b02ccaebb7855b1c6f6cf65c88c6f4ff3a196decc40e7918b94f13,1963412,28dd7fe55a8369d0a9ec39f1efc9c3939f7997df38cc41b6f7a65799649c9893,2688,0,5376,0,True,,analysis/fs_0457_analysis.png,1284247,3fcfdfc9a0789ef4c32badc4cbec8e53d7657af003984131f77dbf60096de858,thumbnails/fs_0457.jpg,40093,54e159b1673b07d6b9568142df9b14c3588a506caebe548c941542616953c4c8,dlstupka/hth-baptisms-san-antonio-1788-1824--1858-1898,61efff529fb7330a92f8d423c40c45bc60bb841c,dlstupka/hth,4b88d0aead2931a9d8a127afbd852f196d6b51ec,,,,,,,,,,not_reviewed,,
458,Baptisms_San_Antonio_Baptism_Records_1788-1824_1858-1898.docx,458,rId462,word/media/image458.png,raw/fs_0458.png,PNG,1642,1361,RGB,2378258,aa0b4244101a338448bf3e66f3da9463bab1084a8535e716ea7c8d7825754612,1970080,f6d0e6eba9ec003275d9d590bd1b8c8f547e6678fcae60a51097b945d7ab5cde,2688,0,5376,0,True,,analysis/fs_0458_analysis.png,1287144,b139420a59514c3d4151d561ddc9b41653efdc7ec4b1d0221f69f5afd6794bca,thumbnails/fs_0458.jpg,42098,da8547e17a26b390c35948a1c36a634f6bc8c5b91c4ccd0f3effb8f72eb7e08b,dlstupka/hth-baptisms-san-antonio-1788-1824--1858-1898,61efff529fb7330a92f8d423c40c45bc60bb841c,dlstupka/hth,4b88d0aead2931a9d8a127afbd852f196d6b51ec,,,,,,,,,,not_reviewed,,
459,Baptisms_San_Antonio_Baptism_Records_1788-1824_1858-1898.docx,459,rId463,word/media/image459.png,raw/fs_0459.png,PNG,1642,1361,RGB,2318954,7351bfe9576f4a94d910efe6b8205daede6231e8a4f5b5b820e94a3b4b730666,1959207,722c24043ae3d63dacb2e5a9bf5af1c2ad7d2aed23142fdb03d6f89f96b8039f,2688,0,5376,0,True,,analysis/fs_0459_analysis.png,1286317,247410dee67a9f580166e895f1524b7ea669874d94f732ef2a1c8500a623f3aa,thumbnails/fs_0459.jpg,38339,df72864e1fecd129ccab004ecfb753d3d8a432305fb2ca1e4d2a07aae2d5b3dc,dlstupka/hth-baptisms-san-antonio-1788-1824--1858-1898,61efff529fb7330a92f8d423c40c45bc60bb841c,dlstupka/hth,4b88d0aead2931a9d8a127afbd852f196d6b51ec,,,,,,,,,,not_reviewed,,
460,Baptisms_San_Antonio_Baptism_Records_1788-1824_1858-1898.docx,460,rId464,word/media/image460.png,raw/fs_0460.png,PNG,1594,1361,RGB,2305220,5e483f4579d68feba3705d7d3a4e80cbfeaa7ddd6c177a0cbf7467f3d70fb586,1964843,44b0fff49d2a3e38b441781d203247384585ae4b4b61edf6d57f89a430c73a6d,2688,0,8064,0,True,,analysis/fs_0460_analysis.png,1276963,4cc96aa610864160788dd2a09924ddbfdb291b28f3814d981b404855ce5b5963,thumbnails/fs_0460.jpg,38959,15a7371c52cc0c062057fbb2af6b1e8487b9571258c75169b3b146c899f35fa6,dlstupka/hth-baptisms-san-antonio-1788-1824--1858-1898,61efff529fb7330a92f8d423c40c45bc60bb841c,dlstupka/hth,4b88d0aead2931a9d8a127afbd852f196d6b51ec,,,,,,,,,,not_reviewed,,
461,Baptisms_San_Antonio_Baptism_Records_1788-1824_1858-1898.docx,461,rId465,word/media/image461.png,raw/fs_0461.png,PNG,1642,1361,RGB,2359434,1e38deb0541a2afe0a0f29a87ff42ca3be935aafc2dc599fde2c73593eaab0d4,1976166,fc1781f1998afa256a23ab909f72dd021fc32e765de7e07e7e781ffbce19c134,2688,0,5376,0,True,,analysis/fs_0461_analysis.png,1298344,7e2f29eb3ba1926b704360ef90a7dbe7858149be8cf864bc8214f810c1336106,thumbnails/fs_0461.jpg,39605,f90ae5ac431e62602e5e49489b9bae60d97dab4fe5249dee0ddc8a597faeca6a,dlstupka/hth-baptisms-san-antonio-1788-1824--1858-1898,61efff529fb7330a92f8d423c40c45bc60bb841c,dlstupka/hth,4b88d0aead2931a9d8a127afbd852f196d6b51ec,,,,,,,,,,not_reviewed,,
462,Baptisms_San_Antonio_Baptism_Records_1788-1824_1858-1898.docx,462,rId466,word/media/image462.png,raw/fs_0462.png,PNG,1622,1361,RGB,2461479,a700e33d1eda5adaf0a56708a562f07328dc1fa3bf6511f1760f433bf07c99b2,2045514,343a03a4dacfbcaa93aa7bcb762bc05158f952f4a590b901bce33fb954f58824,1099,0,8064,0,True,,analysis/fs_0462_analysis.png,1333664,80581c24486ec3e31627b87d5016e526e024046cd78672dcb9a4c91d9ad9c43b,thumbnails/fs_0462.jpg,40907,765d643ef63e01662e1cfe95de0484292f8d2324505ac1ac48b604782bb11d74,dlstupka/hth-baptisms-san-antonio-1788-1824--1858-1898,61efff529fb7330a92f8d423c40c45bc60bb841c,dlstupka/hth,4b88d0aead2931a9d8a127afbd852f196d6b51ec,,,,,,,,,,not_reviewed,,
463,Baptisms_San_Antonio_Baptism_Records_1788-1824_1858-1898.docx,463,rId467,word/media/image463.png,raw/fs_0463.png,PNG,1628,1361,RGB,2485313,7bf233cd08f76442559f78315de9b38d17c3dea5a88e59e8f7009ea10c4c6754,2072624,11caab6a867c9d579a4d077039dbecd584a16314be6a91623bced523fdd017f4,805,0,8065,0,True,,analysis/fs_0463_analysis.png,1353389,824b698509ed6db8344ddc2a0a47e192eb60fa2d552f0ec94671bee65bd69f86,thumbnails/fs_0463.jpg,42341,1bf2ebbfbc20bb0434063bed5b0baa70ac32f6ea470d49679ffcfafe4c2fe0b6,dlstupka/hth-baptisms-san-antonio-1788-1824--1858-1898,61efff529fb7330a92f8d423c40c45bc60bb841c,dlstupka/hth,4b88d0aead2931a9d8a127afbd852f196d6b51ec,,,,,,,,,,not_reviewed,,
464,Baptisms_San_Antonio_Baptism_Records_1788-1824_1858-1898.docx,464,rId468,word/media/image464.png,raw/fs_0464.png,PNG,1642,1361,RGB,2319542,a76cab3fb81b04508869c91d0138e832ab4492c29bb6890705c5d0cca7a61f95,1977116,1bcc4a4cfbbc66d89a34bfe87790fa6cd77fcaa3100945f1975efac5a64787f1,2688,0,5376,0,True,,analysis/fs_0464_analysis.png,1292845,d33c1b9f8dfd45c567e90861c28e36ceaab1d3b1bf1eb06fe9c7fc4487a30650,thumbnails/fs_0464.jpg,39396,96c3ea8ba635a427f49a088c09e990862761c1926bad3e37002fecb93e58e90c,dlstupka/hth-baptisms-san-antonio-1788-1824--1858-1898,61efff529fb7330a92f8d423c40c45bc60bb841c,dlstupka/hth,4b88d0aead2931a9d8a127afbd852f196d6b51ec,,,,,,,,,,not_reviewed,,
465,Baptisms_San_Antonio_Baptism_Records_1788-1824_1858-1898.docx,465,rId469,word/media/image465.png,raw/fs_0465.png,PNG,1642,1361,RGB,2389796,abbf5b111541372920608f212a9515de1cb3f710b584f70985ea1c6908108372,2003954,4b8baa07f1ae0bc71d5c498f0d286f061ce29789f9f7fa9507171d70461df99e,2688,0,5376,0,True,,analysis/fs_0465_analysis.png,1314432,f258bc643513a1b70eae2dd6bb66fbdf4f8b2d5588dc6af5005bbcf8167ad257,thumbnails/fs_0465.jpg,41070,09e977cd7d0d5f87f84f4d588fbdb38f146220c0b4bfef56bb642e43d90b6765,dlstupka/hth-baptisms-san-antonio-1788-1824--1858-1898,61efff529fb7330a92f8d423c40c45bc60bb841c,dlstupka/hth,4b88d0aead2931a9d8a127afbd852f196d6b51ec,,,,,,,,,,not_reviewed,,
466,Baptisms_San_Antonio_Baptism_Records_1788-1824_1858-1898.docx,466,rId470,word/media/image466.png,raw/fs_0466.png,PNG,1594,1361,RGB,2190043,3067074ac83c142683ec3870ae7bfa8a092c236bf5bccdf5434db82a0915575f,1900233,da8a122c7f84592bd0f321fde9601e0d691ae1026afeadee45dcd4b9438f25a4,2688,0,8064,0,True,,analysis/fs_0466_analysis.png,1230913,17f4af634daeba5c49f60ac55b4c7944de9789fcc9b090fd0c68406a1bf29910,thumbnails/fs_0466.jpg,36133,1b07ed72d246628db9988c4de4c13c59a6ca5333491056c9dec955d54873b04d,dlstupka/hth-baptisms-san-antonio-1788-1824--1858-1898,61efff529fb7330a92f8d423c40c45bc60bb841c,dlstupka/hth,4b88d0aead2931a9d8a127afbd852f196d6b51ec,,,,,,,,,,not_reviewed,,
467,Baptisms_San_Antonio_Baptism_Records_1788-1824_1858-1898.docx,467,rId471,word/media/image467.png,raw/fs_0467.png,PNG,1642,1361,RGB,2367330,1c9b2154c702bdceddb6a5769dc399dfa88d54e1d27e3f910ddfd2440bee6c63,1981431,abfae5b001d2ad9e59bdfb0cd18a0b94c1c534f906e73e7ed9c5c706192bd899,2688,0,5376,0,True,,analysis/fs_0467_analysis.png,1289606,ab2302b247049cf647c509ad092ed2c63ebbac8589b7e5a7cf49bb7af2f04a16,thumbnails/fs_0467.jpg,40841,fcac62529042547e80440011effd88a21e2b49dee627ebfb2ebee4941a1fa0a9,dlstupka/hth-baptisms-san-antonio-1788-1824--1858-1898,61efff529fb7330a92f8d423c40c45bc60bb841c,dlstupka/hth,4b88d0aead2931a9d8a127afbd852f196d6b51ec,,,,,,,,,,not_reviewed,,
468,Baptisms_San_Antonio_Baptism_Records_1788-1824_1858-1898.docx,468,rId472,word/media/image468.png,raw/fs_0468.png,PNG,1642,1361,RGB,2293214,ee4a0de5fd2713878735ddbf399c0cbc369eb24e0ca4d42be0fac02dfb73583d,1925185,bfe859779c9ecacee714bdd81cba080cae4546ec46866a51764996931a117b58,2688,0,5376,0,True,,analysis/fs_0468_analysis.png,1257596,9a53b34782b45cb9253e4a3273800e2851551a61e1b6b2375c5aa3f8e0c189be,thumbnails/fs_0468.jpg,38103,238d5f0868e38168938369b4600537c0056631abb92861bc7456c4f1b9f28b73,dlstupka/hth-baptisms-san-antonio-1788-1824--1858-1898,61efff529fb7330a92f8d423c40c45bc60bb841c,dlstupka/hth,4b88d0aead2931a9d8a127afbd852f196d6b51ec,,,,,,,,,,not_reviewed,,
469,Baptisms_San_Antonio_Baptism_Records_1788-1824_1858-1898.docx,469,rId473,word/media/image469.png,raw/fs_0469.png,PNG,1642,1361,RGB,2297646,365f9d0e2bffedf3ac07cdb62c77b5d7132861dc83cf75ae08be15efa25764ec,1957833,ef6eece7b203559cb3b088589b08d15995372d61344598d614f0d3530da9f643,2688,0,5376,0,True,,analysis/fs_0469_analysis.png,1270742,3ecf856687851dc26983e63b370514aa99f7124855d3c3b67a1404c42c661821,thumbnails/fs_0469.jpg,37699,76ab32805b135682b088e55ef093bb81301b040be1f020bff501505a1ddd45c1,dlstupka/hth-baptisms-san-antonio-1788-1824--1858-1898,61efff529fb7330a92f8d423c40c45bc60bb841c,dlstupka/hth,4b88d0aead2931a9d8a127afbd852f196d6b51ec,,,,,,,,,,not_reviewed,,
470,Baptisms_San_Antonio_Baptism_Records_1788-1824_1858-1898.docx,470,rId474,word/media/image470.png,raw/fs_0470.png,PNG,1642,1361,RGB,2325288,55de979874a6cac3d8b825a59cc1534d3ed3a901cf14d5186502213a704cf074,1959296,016d13c59e57faa197788074fb7568de893bb602531b6f98c2688f3675931d9b,2688,0,5376,0,True,,analysis/fs_0470_analysis.png,1290997,83d2699732984b08db835d864f6079dba7fbf6beb0bb5600db8742aca62e29e1,thumbnails/fs_0470.jpg,38007,94f2b3c0199b63c230f142af12397baae19a53ad0868822d3bbfa8571eda27e9,dlstupka/hth-baptisms-san-antonio-1788-1824--1858-1898,61efff529fb7330a92f8d423c40c45bc60bb841c,dlstupka/hth,4b88d0aead2931a9d8a127afbd852f196d6b51ec,,,,,,,,,,not_reviewed,,
471,Baptisms_San_Antonio_Baptism_Records_1788-1824_1858-1898.docx,471,rId475,word/media/image471.png,raw/fs_0471.png,PNG,1642,1361,RGB,2494195,bd4da70b472f2fd58f6b070bfdb90073e2016947d67b837e2b014ace487cd6de,2048224,6adc78b46aaef42546de32e9f3b4150f41d87068c321b116407c5755f113840c,2688,0,5376,0,True,,analysis/fs_0471_analysis.png,1346818,4721cb104c73c919837ce6181909aefeb0b3b3e8f8f9eb7b8b6926ff0851de63,thumbnails/fs_0471.jpg,42390,ca793c4bb3218d2539d9bb35d303f81d9cf750a382be0d8ed6521879c75e1b41,dlstupka/hth-baptisms-san-antonio-1788-1824--1858-1898,61efff529fb7330a92f8d423c40c45bc60bb841c,dlstupka/hth,4b88d0aead2931a9d8a127afbd852f196d6b51ec,,,,,,,,,,not_reviewed,,
472,Baptisms_San_Antonio_Baptism_Records_1788-1824_1858-1898.docx,472,rId476,word/media/image472.png,raw/fs_0472.png,PNG,1594,1361,RGB,2354590,03e8633ea93d27a71532ae260cb610fa3579855ac1107f5dc016816581749998,1997894,ecbef278dcdfd6b22b61564958f0d5a0627e9b2668d2e62dc90f8515c1b529c1,2688,0,8064,0,True,,analysis/fs_0472_analysis.png,1300491,d991f47b7bc5e10e1aab369d9a49eefbd8c63e61e6e038a0762c4fb48fbd1b5c,thumbnails/fs_0472.jpg,38076,c39de0262941e36e5f18f42f8e0a3d1236f258d5518412eddabfbeba836d1414,dlstupka/hth-baptisms-san-antonio-1788-1824--1858-1898,61efff529fb7330a92f8d423c40c45bc60bb841c,dlstupka/hth,4b88d0aead2931a9d8a127afbd852f196d6b51ec,,,,,,,,,,not_reviewed,,
473,Baptisms_San_Antonio_Baptism_Records_1788-1824_1858-1898.docx,473,rId477,word/media/image473.png,raw/fs_0473.png,PNG,1642,1361,RGB,2418644,b17cd93d64a14d5d3907aba61e6d8067d7ead54f55411df60c08353b99153ce1,1999164,6d604315039d3d8563939f8f463ac58d90860a3e9bfddf3e18d2af45cb2bfa87,2688,0,5376,0,True,,analysis/fs_0473_analysis.png,1319889,5a7c81bd8c941d640063644ade8c83badda8fc021488ac5109aa3db501d6cb68,thumbnails/fs_0473.jpg,42530,7921d827e63ab0d7265f9bb514a8626a47ffd0ad1c8c499445658ae42cf3e7a4,dlstupka/hth-baptisms-san-antonio-1788-1824--1858-1898,61efff529fb7330a92f8d423c40c45bc60bb841c,dlstupka/hth,4b88d0aead2931a9d8a127afbd852f196d6b51ec,,,,,,,,,,not_reviewed,,
474,Baptisms_San_Antonio_Baptism_Records_1788-1824_1858-1898.docx,474,rId478,word/media/image474.png,raw/fs_0474.png,PNG,1615,1361,RGB,2279290,a1b1c698f64c45c33c0e720759a9912fe36fc8cc5bccd9572594fa56ed7f3832,1940814,9fa865d8b7868884e9fc841da4b3a13996502ba5b7f2f7b052f76e3c12cb0c8a,1538,0,8065,0,True,,analysis/fs_0474_analysis.png,1261381,2c018a657c7b90095d83e548ae505d0b42905b5355c66588f64c618ea9d102c6,thumbnails/fs_0474.jpg,38094,16db87217a59557f0ef256eee8cb97dd3b656dce7c7f705afd36ced8e3049c3a,dlstupka/hth-baptisms-san-antonio-1788-1824--1858-1898,61efff529fb7330a92f8d423c40c45bc60bb841c,dlstupka/hth,4b88d0aead2931a9d8a127afbd852f196d6b51ec,,,,,,,,,,not_reviewed,,
475,Baptisms_San_Antonio_Baptism_Records_1788-1824_1858-1898.docx,475,rId479,word/media/image475.png,raw/fs_0475.png,PNG,1642,1361,RGB,2368118,64fde5c6569e68f538585a353c6a746320a63600cd76e6ca5d233eedf4df92f9,2000397,b1b150c36b9cf9eb2c2ea5f26825ace8880c183e60f7622306bd2e470d40d1b3,2688,0,5376,0,True,,analysis/fs_0475_analysis.png,1305313,0ff59f40fa65b41bb405530bc8cb8ea3848045d9d6d68dd57406a429c1020067,thumbnails/fs_0475.jpg,38769,fb02a58f72621801cd0beb2b847534b240fb278415e941218155cb5c43e17528,dlstupka/hth-baptisms-san-antonio-1788-1824--1858-1898,61efff529fb7330a92f8d423c40c45bc60bb841c,dlstupka/hth,4b88d0aead2931a9d8a127afbd852f196d6b51ec,,,,,,,,,,not_reviewed,,
476,Baptisms_San_Antonio_Baptism_Records_1788-1824_1858-1898.docx,476,rId480,word/media/image476.png,raw/fs_0476.png,PNG,1642,1361,RGB,2404974,19600716291acd09d92534a33ebaa59d7c0e788772f66e4192b024251d3c30df,2015009,7dc641663bee9c6d12a896bf14c94382afe14e92542dd5e5be0101d039d385e1,2688,0,5376,0,True,,analysis/fs_0476_analysis.png,1323911,a0941f4c337985a6dad4102828ab9d27399199eac4636ef0b779e166d6885229,thumbnails/fs_0476.jpg,40883,11c63bce4a8029f06967099af9ef61e60cc0d5f6104de519d7679ad365958673,dlstupka/hth-baptisms-san-antonio-1788-1824--1858-1898,61efff529fb7330a92f8d423c40c45bc60bb841c,dlstupka/hth,4b88d0aead2931a9d8a127afbd852f196d6b51ec,,,,,,,,,,not_reviewed,,
477,Baptisms_San_Antonio_Baptism_Records_1788-1824_1858-1898.docx,477,rId481,word/media/image477.png,raw/fs_0477.png,PNG,1642,1361,RGB,2328065,fae0eb79bae3c88981c569897c6a780e9cf1661fc11b7b85f2adf9ddda5d80d4,1956216,76161a457a7dbc551458fa47121092a1ac95fd6c0df7b2e4b4d28d9523dcdeac,2688,0,5376,0,True,,analysis/fs_0477_analysis.png,1289019,dce117df91ac5d3360f0bb78f72dea40fe8229fe5479bb08d39afd2d3a224b78,thumbnails/fs_0477.jpg,38941,b695e07c857efd4c77511e439eb7b32392ab00489e0dd7801b30cf8820f6d501,dlstupka/hth-baptisms-san-antonio-1788-1824--1858-1898,61efff529fb7330a92f8d423c40c45bc60bb841c,dlstupka/hth,4b88d0aead2931a9d8a127afbd852f196d6b51ec,,,,,,,,,,not_reviewed,,
478,Baptisms_San_Antonio_Baptism_Records_1788-1824_1858-1898.docx,478,rId482,word/media/image478.png,raw/fs_0478.png,PNG,1642,1361,RGB,2328817,a308580a2399bd26ee0066c9a48779ddf07096b824b1ff347a303bfce474f060,1953276,7f659e49234f7eb7f5866303f55ac5b2327b9aade8475ad75001399139143351,2688,0,5376,0,True,,analysis/fs_0478_analysis.png,1282156,617d15eec836feab7481ee925ad8011e5cbaae7da43f154bcae85cf2a1e780e3,thumbnails/fs_0478.jpg,38633,a4b9543ce76bc71c879d78e943392b2312c870cdceff5a8c27c78e00f148ec1d,dlstupka/hth-baptisms-san-antonio-1788-1824--1858-1898,61efff529fb7330a92f8d423c40c45bc60bb841c,dlstupka/hth,4b88d0aead2931a9d8a127afbd852f196d6b51ec,,,,,,,,,,not_reviewed,,
479,Baptisms_San_Antonio_Baptism_Records_1788-1824_1858-1898.docx,479,rId483,word/media/image479.png,raw/fs_0479.png,PNG,1642,1361,RGB,2321945,b30b122b55896705849fa6a7d6fff61919ff56e325f1903511668dd02e0ebefb,1954626,3d4301ba58b6a843a304cd7edd950f8a0e4fb470fc24c5c31cb572b71d72c4cb,2688,0,5376,0,True,,analysis/fs_0479_analysis.png,1287933,1150edabf07b16a6ff94fb279ab0521a1a33c6fec4751b87b18d60463f121b55,thumbnails/fs_0479.jpg,38798,1e7efb869468650eac2c109736fa218e7acd71cb6e7db327f1d6c89e3653f425,dlstupka/hth-baptisms-san-antonio-1788-1824--1858-1898,61efff529fb7330a92f8d423c40c45bc60bb841c,dlstupka/hth,4b88d0aead2931a9d8a127afbd852f196d6b51ec,,,,,,,,,,not_reviewed,,
480,Baptisms_San_Antonio_Baptism_Records_1788-1824_1858-1898.docx,480,rId484,word/media/image480.png,raw/fs_0480.png,PNG,1594,1361,RGB,2313619,bc481d83819d7f05db316d12b972bbf2927a2d6e510f0319ea8032842654fb52,1945788,ae40a7860e40f490538980f7dd87ff5fb4cb032abb37fe3c2010d27b6f6cdfe3,2688,0,8064,0,True,,analysis/fs_0480_analysis.png,1274804,c60ae940d59f96a1144d758a440d2a5d536a1b969aaf4f2ced6a9d1ce174d091,thumbnails/fs_0480.jpg,38032,b3972f18b0bc9864f62ff67c206dba7f6c5db501e2ee247cc803917bb50715f2,dlstupka/hth-baptisms-san-antonio-1788-1824--1858-1898,61efff529fb7330a92f8d423c40c45bc60bb841c,dlstupka/hth,4b88d0aead2931a9d8a127afbd852f196d6b51ec,,,,,,,,,,not_reviewed,,
481,Baptisms_San_Antonio_Baptism_Records_1788-1824_1858-1898.docx,481,rId485,word/media/image481.png,raw/fs_0481.png,PNG,1690,1361,RGB,2454087,0d0b21868702c0757cee91820c52d0ad0464f9fe9d8a5fe90223616ceb085a6d,2034651,81127e31261e3fbb45ab4b79cb1f8c6cdb137849a378e13acb307dd1f53ff4f8,2688,0,2688,0,True,,analysis/fs_0481_analysis.png,1363319,f05c1e1fac177dd3f0f073ad286da7505a4dc088e9c2ca284a5f9b57730d7d49,thumbnails/fs_0481.jpg,42512,ed7fcb0319d469de747d9633b9efbfb3226ee926f144018a49789d5289c04786,dlstupka/hth-baptisms-san-antonio-1788-1824--1858-1898,61efff529fb7330a92f8d423c40c45bc60bb841c,dlstupka/hth,4b88d0aead2931a9d8a127afbd852f196d6b51ec,,,,,,,,,,not_reviewed,,
482,Baptisms_San_Antonio_Baptism_Records_1788-1824_1858-1898.docx,482,rId486,word/media/image482.png,raw/fs_0482.png,PNG,1594,1361,RGB,2331634,d01602d001f00bb3534bc1ee712913fba5e4fd4ef1066775cd807eab3d65d9b1,1982764,c1ddd313088d61e748f58d73259e9352ef6b64832ec167313c871bfd220899e1,2688,0,8064,0,True,,analysis/fs_0482_analysis.png,1282684,e7c420cd91310ce0a803dad8a55fa5e4608ce40e62c3c41a9369b47eefedd57e,thumbnails/fs_0482.jpg,39248,b76b23d27617f314e9f6b2a2edbb20caeb17fae221ad7ba1c99427075ece7eaf,dlstupka/hth-baptisms-san-antonio-1788-1824--1858-1898,61efff529fb7330a92f8d423c40c45bc60bb841c,dlstupka/hth,4b88d0aead2931a9d8a127afbd852f196d6b51ec,,,,,,,,,,not_reviewed,,
483,Baptisms_San_Antonio_Baptism_Records_1788-1824_1858-1898.docx,483,rId487,word/media/image483.png,raw/fs_0483.png,PNG,1642,1361,RGB,2252400,e8020d693d7ebf5cbe2a5f91005744a3f5c62a7f8b76ae0674a362e4c9544398,1924640,02358cd8dc05ae6fecbbf33e27194b5cc6571770b967c3bd3f9d48b01f79ac5d,2688,0,5376,0,True,,analysis/fs_0483_analysis.png,1264836,0b6631b8ff4a321cf6ce47cc806e5f99f318f30e4d840cca1dccac55179d904d,thumbnails/fs_0483.jpg,38125,3051be3a2a792a740c1c4bd53b529457b22d09ef14e41652756f4577666ccdbc,dlstupka/hth-baptisms-san-antonio-1788-1824--1858-1898,61efff529fb7330a92f8d423c40c45bc60bb841c,dlstupka/hth,4b88d0aead2931a9d8a127afbd852f196d6b51ec,,,,,,,,,,not_reviewed,,
484,Baptisms_San_Antonio_Baptism_Records_1788-1824_1858-1898.docx,484,rId488,word/media/image484.png,raw/fs_0484.png,PNG,1642,1361,RGB,2337046,3ea0e50547751e4f5fecf03094efc67288b862ded2ec5e66288fd98e2c55f175,1972016,3cc58e20555d8a5155e45dd646de985553c45f5250ec39d76d44e8e6e85769f9,2688,0,5376,0,True,,analysis/fs_0484_analysis.png,1298035,06f96317f31844c91ef7277c97453bf94f8746a3f3a329c7e304a4f91b2580a8,thumbnails/fs_0484.jpg,40037,bbbfd025cfb8c29b8a38e3ac838bccdd597d541679f1f719024fe4e85a30466e,dlstupka/hth-baptisms-san-antonio-1788-1824--1858-1898,61efff529fb7330a92f8d423c40c45bc60bb841c,dlstupka/hth,4b88d0aead2931a9d8a127afbd852f196d6b51ec,,,,,,,,,,not_reviewed,,
485,Baptisms_San_Antonio_Baptism_Records_1788-1824_1858-1898.docx,485,rId489,word/media/image485.png,raw/fs_0485.png,PNG,1690,1361,RGB,2576885,0f2110d19965297452cfec66f5d77128babb14a291109df3bcfebc2e908ca1cc,2159058,5fc3f288cac2229a94aaa39a985be970cfb808e13b16bfa96c42657cdef18149,2688,0,2688,0,True,,analysis/fs_0485_analysis.png,1444785,70e71ef3d2d0216ae09489ea7cef850be59f6209f1f4df14aceaa86b99a8f6ae,thumbnails/fs_0485.jpg,46085,7db11f3846fc6a93a501a47d8cbef3f7907d6b93d15878a4d2278ae69f67d55e,dlstupka/hth-baptisms-san-antonio-1788-1824--1858-1898,61efff529fb7330a92f8d423c40c45bc60bb841c,dlstupka/hth,4b88d0aead2931a9d8a127afbd852f196d6b51ec,,,,,,,,,,not_reviewed,,
486,Baptisms_San_Antonio_Baptism_Records_1788-1824_1858-1898.docx,486,rId490,word/media/image486.png,raw/fs_0486.png,PNG,1642,1361,RGB,2325978,b694305588d58716a373b7007e299d30450f6663b53c6faaaf5d0fb49e9f8bd4,1967961,133f4d293309ceee39e6236ac6f721fba0c735f8cad0f633314a466a9ccf131a,2688,0,5376,0,True,,analysis/fs_0486_analysis.png,1296400,8cc348e46817e704760c21b01076417f8e8093a81692970252c99e8f02ecb5b7,thumbnails/fs_0486.jpg,39678,4b73161dda2015b48300880dc0d1e238941647261c72be8993236024d3ab3f39,dlstupka/hth-baptisms-san-antonio-1788-1824--1858-1898,61efff529fb7330a92f8d423c40c45bc60bb841c,dlstupka/hth,4b88d0aead2931a9d8a127afbd852f196d6b51ec,,,,,,,,,,not_reviewed,,
487,Baptisms_San_Antonio_Baptism_Records_1788-1824_1858-1898.docx,487,rId491,word/media/image487.png,raw/fs_0487.png,PNG,1642,1361,RGB,2410609,80eb14416d2085cb27f90ce4dd663ad700ff18fc331e0187c3adb12bbeda4263,2008634,d54b55d227b36e979b67c44da4190e2fcd53aaf6718d3ea0d114d675d464ca06,2688,0,5376,0,True,,analysis/fs_0487_analysis.png,1314181,af51cbd0fa31e1289fcbd2a9e155dd568a844da2d8cfd3e9b97c4a924657fc93,thumbnails/fs_0487.jpg,41612,1ccfa308994c51a77ff4b87ca57e1f0684e5a55abff1942bd11d169e36c0a068,dlstupka/hth-baptisms-san-antonio-1788-1824--1858-1898,61efff529fb7330a92f8d423c40c45bc60bb841c,dlstupka/hth,4b88d0aead2931a9d8a127afbd852f196d6b51ec,,,,,,,,,,not_reviewed,,
488,Baptisms_San_Antonio_Baptism_Records_1788-1824_1858-1898.docx,488,rId492,word/media/image488.png,raw/fs_0488.png,PNG,1642,1361,RGB,2353982,d64c65be4963a0cfe5d1a632b281a537f215b244a086bf5607064e95caac7237,1977921,16c59e3144e004f6671b8f724969b70999a1560e9b993a6f3df4806ef96589a4,2688,0,5376,0,True,,analysis/fs_0488_analysis.png,1308741,da766e663cb391ca8567ee53e6bd9be2bf45f0a5535b9d21b054cd4eb2e5b927,thumbnails/fs_0488.jpg,40015,ac2ad212353d3713f138bb4c125231ad247916ec6c0efd0c92227d41231057d4,dlstupka/hth-baptisms-san-antonio-1788-1824--1858-1898,61efff529fb7330a92f8d423c40c45bc60bb841c,dlstupka/hth,4b88d0aead2931a9d8a127afbd852f196d6b51ec,,,,,,,,,,not_reviewed,,
489,Baptisms_San_Antonio_Baptism_Records_1788-1824_1858-1898.docx,489,rId493,word/media/image489.png,raw/fs_0489.png,PNG,1642,1361,RGB,2304957,571b6dcfcc9b225fabe9e5b1f2c2d9c16ac88ba873722e420a95fc9162b885ae,1945577,64eca6897b39e160bd0e15a17ebc5e00298f8b2e86f4e0a3a3c54b96b03b323c,2688,0,5376,0,True,,analysis/fs_0489_analysis.png,1283856,41ca41101d3fd09c672adae7be99f6eb580fdc93c2592a6972b39694e8af13f0,thumbnails/fs_0489.jpg,40374,f410fbf3fbe3fc778aaa152275fb86449e7fbb410bcae2d47ac44087ec9ac67c,dlstupka/hth-baptisms-san-antonio-1788-1824--1858-1898,61efff529fb7330a92f8d423c40c45bc60bb841c,dlstupka/hth,4b88d0aead2931a9d8a127afbd852f196d6b51ec,,,,,,,,,,not_reviewed,,
490,Baptisms_San_Antonio_Baptism_Records_1788-1824_1858-1898.docx,490,rId494,word/media/image490.png,raw/fs_0490.png,PNG,1642,1361,RGB,2332532,166445cb682f79e2de0101d738cf9d59fea9288e628a8a0cb00f7a22bef803ad,1961794,a43827b2ff0ccba15a40bd5c3fe43062e1a7c0d5e2dd7c79f785201d32f9d314,2688,0,5376,0,True,,analysis/fs_0490_analysis.png,1296870,ff44cd53924ab4aab8865d419f44a918c3bf77b6438cbf3115d9ef5eb3075f90,thumbnails/fs_0490.jpg,40164,18194a32ab57fb6e9856d76759acdbaadaf1fd7acc8f0b6f049ce957b3668687,dlstupka/hth-baptisms-san-antonio-1788-1824--1858-1898,61efff529fb7330a92f8d423c40c45bc60bb841c,dlstupka/hth,4b88d0aead2931a9d8a127afbd852f196d6b51ec,,,,,,,,,,not_reviewed,,
491,Baptisms_San_Antonio_Baptism_Records_1788-1824_1858-1898.docx,491,rId495,word/media/image491.png,raw/fs_0491.png,PNG,1642,1361,RGB,2545461,01de616ac58e7595e9afa5c20428eb3fb8ea2ebba77e58009f52c6144a0c8e4a,2087802,3ce419054ade187d9737457825b42600214c6eb2062105f604155d4629dd7f9f,2688,0,5376,0,True,,analysis/fs_0491_analysis.png,1370748,19828769a844587cc61ea562b6fe4f316524370db278121d32540365ca125aad,thumbnails/fs_0491.jpg,43554,6fae67a26edfd049cacf8359a57cb6d37af987f1334c0ddb69b8b9a6720e4ba9,dlstupka/hth-baptisms-san-antonio-1788-1824--1858-1898,61efff529fb7330a92f8d423c40c45bc60bb841c,dlstupka/hth,4b88d0aead2931a9d8a127afbd852f196d6b51ec,,,,,,,,,,not_reviewed,,
492,Baptisms_San_Antonio_Baptism_Records_1788-1824_1858-1898.docx,492,rId496,word/media/image492.png,raw/fs_0492.png,PNG,1642,1361,RGB,2452841,4f2f158ef0b785563e4810010603d0fe8cd5a1efabf9013640a7152e95dda42d,2038268,ccd5f0fbe9ca6c92780ecb54490f99a1161ed6bf1059676cf5eac409cc306fc8,2688,0,5376,0,True,,analysis/fs_0492_analysis.png,1329896,3c2f1aabcda7b6c466c79f704fef29ee4789d9dfab9547fc6c58be1d6c920635,thumbnails/fs_0492.jpg,42027,ca59ce7913f64f2de17ee981cd3e23bc1d43e28cc59d36aa0b1e1eac9f9aaa55,dlstupka/hth-baptisms-san-antonio-1788-1824--1858-1898,61efff529fb7330a92f8d423c40c45bc60bb841c,dlstupka/hth,4b88d0aead2931a9d8a127afbd852f196d6b51ec,,,,,,,,,,not_reviewed,,
493,Baptisms_San_Antonio_Baptism_Records_1788-1824_1858-1898.docx,493,rId497,word/media/image493.png,raw/fs_0493.png,PNG,1642,1361,RGB,2430233,d81f0e7f2714ea6677cd7efc2151d9388aa78af81246967a012152837d43455d,2031225,196cb4f138a65e48a7b09e34a7459f2b184f7627fc7c3bd862d15222d0e2e85a,2688,0,5376,0,True,,analysis/fs_0493_analysis.png,1334321,bca068944a8735d7055b98b1fe3a69e07689ec37fe3315ee87f2ae242a3c664a,thumbnails/fs_0493.jpg,42051,14acfd30a3e36b7876d8f9ae24276a418a195030dc1040ecb994b6cb9d344a0f,dlstupka/hth-baptisms-san-antonio-1788-1824--1858-1898,61efff529fb7330a92f8d423c40c45bc60bb841c,dlstupka/hth,4b88d0aead2931a9d8a127afbd852f196d6b51ec,,,,,,,,,,not_reviewed,,
494,Baptisms_San_Antonio_Baptism_Records_1788-1824_1858-1898.docx,494,rId498,word/media/image494.png,raw/fs_0494.png,PNG,1642,1361,RGB,2301569,bd20e3d1d1ae79de2086c5dbebc093df714afeb1f3c7f16479699e2b757da389,1953757,77c1f8176684ac6e044a51d7e8767abadc5907f3c16b6eeb38958b9ab479ea51,2688,0,5376,0,True,,analysis/fs_0494_analysis.png,1284888,d7f78cd57f8497ca5ba342f3ccf28d0e678b2cd10a6736402e433063982d66a6,thumbnails/fs_0494.jpg,39927,431c84e09412c2bfcc041f21776071078af7ee0b72ecce8d0488082ed0ebb306,dlstupka/hth-baptisms-san-antonio-1788-1824--1858-1898,61efff529fb7330a92f8d423c40c45bc60bb841c,dlstupka/hth,4b88d0aead2931a9d8a127afbd852f196d6b51ec,,,,,,,,,,not_reviewed,,
495,Baptisms_San_Antonio_Baptism_Records_1788-1824_1858-1898.docx,495,rId499,word/media/image495.png,raw/fs_0495.png,PNG,1642,1361,RGB,2265005,412897987ce9ffa6f6bb15a2762edc65cf0304be012f98d8e0e1a982c0d686d9,1954208,4e58dc7f4251fd4dbcf35605662b94f3e11be4f38d3203ac48021f25e82ef735,2688,0,5376,0,True,,analysis/fs_0495_analysis.png,1276769,737d4eb1347860bac7123d6898ec8035973ab18a35fa15bae8feed54fc38edd5,thumbnails/fs_0495.jpg,40531,c1cc5daa5016aa72e242772ce6ae2a44d95a1b67f71f11ffcfdf5a40c522699f,dlstupka/hth-baptisms-san-antonio-1788-1824--1858-1898,61efff529fb7330a92f8d423c40c45bc60bb841c,dlstupka/hth,4b88d0aead2931a9d8a127afbd852f196d6b51ec,,,,,,,,,,not_reviewed,,
496,Baptisms_San_Antonio_Baptism_Records_1788-1824_1858-1898.docx,496,rId500,word/media/image496.png,raw/fs_0496.png,PNG,1594,1361,RGB,2319708,0b0df8d7494dbe7f96614bba90d98806071846ec0ec09ecac2046c1f47c3d3d9,1986897,a2ede064893d4c8ca13fd3317bbe8e9fd9cecb610578f492d13d7ea265702a8c,2688,0,8064,0,True,,analysis/fs_0496_analysis.png,1284114,0ae73e38b6e095e072fb5e94b2ca83f55b6f7bf50eff90bf846a01d659845aa9,thumbnails/fs_0496.jpg,40917,cabeb9692e006824033dee5a581649a1710575e8eb224b41ea985857975e3d04,dlstupka/hth-baptisms-san-antonio-1788-1824--1858-1898,61efff529fb7330a92f8d423c40c45bc60bb841c,dlstupka/hth,4b88d0aead2931a9d8a127afbd852f196d6b51ec,,,,,,,,,,not_reviewed,,
497,Baptisms_San_Antonio_Baptism_Records_1788-1824_1858-1898.docx,497,rId501,word/media/image497.png,raw/fs_0497.png,PNG,1594,1361,RGB,2345359,ea01351fb2b6227ba129ae089b520a66700708adad4bf2d70fbac8d1e3c09be1,1978294,b9e1057ff0f01b615cfcc4e377b67e109830124bb03b54dc84d68cfbdaaf09df,2688,0,8064,0,True,,analysis/fs_0497_analysis.png,1288750,1e49ef77dc61c92df950b9ebd9a35ce35cb188dd3ae372d4a9bad25d2284a503,thumbnails/fs_0497.jpg,40970,7d982472633bce3d4c4170303cca1548c1b2fd1b5ddd65e05bbfc8beea2fe4ab,dlstupka/hth-baptisms-san-antonio-1788-1824--1858-1898,61efff529fb7330a92f8d423c40c45bc60bb841c,dlstupka/hth,4b88d0aead2931a9d8a127afbd852f196d6b51ec,,,,,,,,,,not_reviewed,,
498,Baptisms_San_Antonio_Baptism_Records_1788-1824_1858-1898.docx,498,rId502,word/media/image498.png,raw/fs_0498.png,PNG,1642,1361,RGB,2250678,c6edbfb41faeec6e18cc8e978cef562bc26aabcbcdab27ac83fe4b1a84cbec56,1931077,a3f8ae2ae41ce51d50fcde9d4dc01b5af01efdb43900812a72bee9da8e856407,2688,0,5376,0,True,,analysis/fs_0498_analysis.png,1250034,fdc2429849353696b43b8bbde0dede5d69d00ec448de5f51a5e0797a2f0cac65,thumbnails/fs_0498.jpg,40140,d5a4a867b55fc5df260f16ffba59395b16b4dc05e62502df6226c001a76cb497,dlstupka/hth-baptisms-san-antonio-1788-1824--1858-1898,61efff529fb7330a92f8d423c40c45bc60bb841c,dlstupka/hth,4b88d0aead2931a9d8a127afbd852f196d6b51ec,,,,,,,,,,not_reviewed,,
499,Baptisms_San_Antonio_Baptism_Records_1788-1824_1858-1898.docx,499,rId503,word/media/image499.png,raw/fs_0499.png,PNG,1594,1361,RGB,2129737,d36116cc166d46dfb6ee3438d847ab38e0be16dbb4bfbfbb32a10efbd15dbd1b,1871108,05ef1ac58677d9c48662f8334555c5e5cc5a3fb22afd0656329c5fc973a5778e,2688,0,8064,0,True,,analysis/fs_0499_analysis.png,1205573,7ae2b4c836309e5c72657cf86775a85f422a19802f593615cc6ffc7197da43a2,thumbnails/fs_0499.jpg,36051,3b1ec2427192b0edb597d67e194345c10d5cfea2fd27855e12e497de8ae4e00f,dlstupka/hth-baptisms-san-antonio-1788-1824--1858-1898,61efff529fb7330a92f8d423c40c45bc60bb841c,dlstupka/hth,4b88d0aead2931a9d8a127afbd852f196d6b51ec,,,,,,,,,,not_reviewed,,
500,Baptisms_San_Antonio_Baptism_Records_1788-1824_1858-1898.docx,500,rId504,word/media/image500.png,raw/fs_0500.png,PNG,1594,1361,RGB,2277826,b2f8f67e37955373c7a23816a855186c86b247b68245dae86603f79a9304de03,1949070,4e690f6d09851ae225c2b6d2ec2f43093959cba87297cf2e1bbfd766f6fa9d94,2688,0,8064,0,True,,analysis/fs_0500_analysis.png,1269208,2d11f43fcbe9a09afee6cf1838db58ef877344945af8f96a5c92e1d1afae8342,thumbnails/fs_0500.jpg,37698,a0ca9a80ef09e61d7570ea2ed7dd4079d2d5010a1b9c952407e1f4093f9b26f7,dlstupka/hth-baptisms-san-antonio-1788-1824--1858-1898,61efff529fb7330a92f8d423c40c45bc60bb841c,dlstupka/hth,4b88d0aead2931a9d8a127afbd852f196d6b51ec,,,,,,,,,,not_reviewed,,
501,Baptisms_San_Antonio_Baptism_Records_1788-1824_1858-1898.docx,501,rId505,word/media/image501.png,raw/fs_0501.png,PNG,1642,1361,RGB,2345622,b8a0503a9dfd4c544df34ccc13e6a9da88e8e0d4642b323856f3b9ba2044709e,1979689,46fdc6af561d5129c93b28dedceb9955182024d95c973e8a504ea77847d6fbd5,2688,0,5376,0,True,,analysis/fs_0501_analysis.png,1290576,65e2432306bd1087681ba9f7eac81ca505da4ad2f861cc3a4b8e34b7c009206a,thumbnails/fs_0501.jpg,40689,92bb18c7990309a2dfacf24ef564627ab9edc1fe0ed0c88116ad9c53683967fc,dlstupka/hth-baptisms-san-antonio-1788-1824--1858-1898,61efff529fb7330a92f8d423c40c45bc60bb841c,dlstupka/hth,4b88d0aead2931a9d8a127afbd852f196d6b51ec,,,,,,,,,,not_reviewed,,
502,Baptisms_San_Antonio_Baptism_Records_1788-1824_1858-1898.docx,502,rId506,word/media/image502.png,raw/fs_0502.png,PNG,1642,1361,RGB,2334654,e37ba25987f7807533a26be0a5befd559d8fa8e1ab53c0ae12bb38998d946994,1976255,fe382ec5cfc562cb8bde5168483904bcadd9c4eb82ec3d76c95ae577bcf6a5ca,2688,0,5376,0,True,,analysis/fs_0502_analysis.png,1291663,8d536fd7b06156e577f5d04804355f43e0c26a767cea590a89b8259a0dcc73f2,thumbnails/fs_0502.jpg,40913,28140ccc9ca74bc57398bb526c9930bbb22b085286be72d494ba81fb20382473,dlstupka/hth-baptisms-san-antonio-1788-1824--1858-1898,61efff529fb7330a92f8d423c40c45bc60bb841c,dlstupka/hth,4b88d0aead2931a9d8a127afbd852f196d6b51ec,,,,,,,,,,not_reviewed,,
503,Baptisms_San_Antonio_Baptism_Records_1788-1824_1858-1898.docx,503,rId507,word/media/image503.png,raw/fs_0503.png,PNG,1620,1361,RGB,2340009,ba4a5c65cfde768c15e665c44da4f3441701fa3f1255cf88a2251a1110579a2a,1983321,7f3b4455923cd39b9c40b07c737225fe49d29d0df80b1afe7b3add3a729cfba7,1246,0,8064,0,True,,analysis/fs_0503_analysis.png,1294481,ea23efc92bcee7b3b0204949c0edcf67f85d20ec7b8d59593dc1efe4037da841,thumbnails/fs_0503.jpg,40755,72328404b901f368f5b353821e04bee22ec1dec26992834f7803b00859ef9d1a,dlstupka/hth-baptisms-san-antonio-1788-1824--1858-1898,61efff529fb7330a92f8d423c40c45bc60bb841c,dlstupka/hth,4b88d0aead2931a9d8a127afbd852f196d6b51ec,,,,,,,,,,not_reviewed,,
504,Baptisms_San_Antonio_Baptism_Records_1788-1824_1858-1898.docx,504,rId508,word/media/image504.png,raw/fs_0504.png,PNG,1642,1361,RGB,2405124,3a479c8af5a6312f5bd821a6f68c5239fed99054cbb8b60e81e89a13c2c7f785,2019233,d48a98488d1433529c17695c98c0c370c7f331e7a5e95ee9884a6c5d25086368,2688,0,5376,0,True,,analysis/fs_0504_analysis.png,1306636,28c8b7e9dda230e36d3c960a6382d961d81954bfb14821d505ad37af16142d11,thumbnails/fs_0504.jpg,41919,9d811b585c32449b6e5257eacf906d905836b876b4044ef94f5ed2b8a312438c,dlstupka/hth-baptisms-san-antonio-1788-1824--1858-1898,61efff529fb7330a92f8d423c40c45bc60bb841c,dlstupka/hth,4b88d0aead2931a9d8a127afbd852f196d6b51ec,,,,,,,,,,not_reviewed,,
505,Baptisms_San_Antonio_Baptism_Records_1788-1824_1858-1898.docx,505,rId509,word/media/image505.png,raw/fs_0505.png,PNG,1642,1361,RGB,2407462,942811c89f75e484e602fb7cc5c8086ab0f45224398eec36efe8e74d91adbf59,2020851,8aa48862d2f0264123f0e272caf9383b405b8e49762ddea65c8b3e0b1785cf50,2688,0,5376,0,True,,analysis/fs_0505_analysis.png,1308341,85fe4d24f829e1af08fd4c8adb176ccd28384f3c9b9043b7060ea37188f45765,thumbnails/fs_0505.jpg,42123,6fc84487f8ac4ace89c641f8dd845fd1e97235fefd089db18b7c6d9aed37f135,dlstupka/hth-baptisms-san-antonio-1788-1824--1858-1898,61efff529fb7330a92f8d423c40c45bc60bb841c,dlstupka/hth,4b88d0aead2931a9d8a127afbd852f196d6b51ec,,,,,,,,,,not_reviewed,,
506,Baptisms_San_Antonio_Baptism_Records_1788-1824_1858-1898.docx,506,rId510,word/media/image506.png,raw/fs_0506.png,PNG,1616,1361,RGB,2460272,a7e213fe95856cb8c02de412e5fce540c5cd5847bdcaaf1109cbd21ddda83032,2049823,58fd2c50a15a03fc0cc43490dd33bbb7cde6711e623a1722d0cdc6105181f1b5,1465,0,8064,0,True,,analysis/fs_0506_analysis.png,1333692,238edf6bbfe7fb50a6975d40143fea7b171695828ba4864d8328c76e11acf336,thumbnails/fs_0506.jpg,42516,1005562543f05154e2f649f20d88ea67828665011b4e903ae1351cb20436ae69,dlstupka/hth-baptisms-san-antonio-1788-1824--1858-1898,61efff529fb7330a92f8d423c40c45bc60bb841c,dlstupka/hth,4b88d0aead2931a9d8a127afbd852f196d6b51ec,,,,,,,,,,not_reviewed,,
507,Baptisms_San_Antonio_Baptism_Records_1788-1824_1858-1898.docx,507,rId511,word/media/image507.png,raw/fs_0507.png,PNG,1642,1361,RGB,2337534,db4060a1ddfa58a44b4ef4f4921682b4bf7b78af4a0e6caa34a221df0d3d7f14,1986384,3ddb7469424d9a826ecc2d265dbc32df64a12ebc2734d213971b08ee8f445e88,2688,0,5376,0,True,,analysis/fs_0507_analysis.png,1292958,777ab488b90c1d9d33c081b608b75f45124771f043639a7f7d04fcacf06f3059,thumbnails/fs_0507.jpg,40571,0d556197e702e07bf4d3eb95f14f2dec0fab670177296a4faf6d2dbec010ccf0,dlstupka/hth-baptisms-san-antonio-1788-1824--1858-1898,61efff529fb7330a92f8d423c40c45bc60bb841c,dlstupka/hth,4b88d0aead2931a9d8a127afbd852f196d6b51ec,,,,,,,,,,not_reviewed,,
508,Baptisms_San_Antonio_Baptism_Records_1788-1824_1858-1898.docx,508,rId512,word/media/image508.png,raw/fs_0508.png,PNG,1642,1361,RGB,2327442,e72295a08804a7f520d6d247998dd68f98eb6a2158a327b291f8f173a1005fc4,1976209,6ba0ef13bfe1d41724ad5c65fb2154b4e0c126a1f8d753b7ee2c3899ea3f00f5,2688,0,5376,0,True,,analysis/fs_0508_analysis.png,1286628,2f8adda05b8811e0358af991cb7e917b48a22cf47c563e2ac14612287df1424f,thumbnails/fs_0508.jpg,40334,7827a11c3fea60d7b011944cb3872a74324ff4e05f256c2768118ae78f5589a1,dlstupka/hth-baptisms-san-antonio-1788-1824--1858-1898,61efff529fb7330a92f8d423c40c45bc60bb841c,dlstupka/hth,4b88d0aead2931a9d8a127afbd852f196d6b51ec,,,,,,,,,,not_reviewed,,
509,Baptisms_San_Antonio_Baptism_Records_1788-1824_1858-1898.docx,509,rId513,word/media/image509.png,raw/fs_0509.png,PNG,1738,1361,RGB,2650237,ec853c6d4847d2183ea587e83395547ea52c2406784717be7a193f6b13e1cd5e,2195607,cc40ffd408ad2b2dc8677a6548bc6de734ae75a4ca61ca9586f7cc8ad48d877f,0,0,2688,0,True,,analysis/fs_0509_analysis.png,1464507,0bde33c0d47ce88dc99a118014c778daddb5e7f4c41cd876f27221ccd1ae76ab,thumbnails/fs_0509.jpg,48758,6e008eda2bff83113247095672cc2de19cb0b900aec6742a6644a4f326ef7a62,dlstupka/hth-baptisms-san-antonio-1788-1824--1858-1898,61efff529fb7330a92f8d423c40c45bc60bb841c,dlstupka/hth,4b88d0aead2931a9d8a127afbd852f196d6b51ec,,,,,,,,,,not_reviewed,,
510,Baptisms_San_Antonio_Baptism_Records_1788-1824_1858-1898.docx,510,rId514,word/media/image510.png,raw/fs_0510.png,PNG,1642,1361,RGB,2358485,9310e81c6ec38c901afea7aedf89653ec91c9072cb500db6fd75dae07ecf4539,1989348,40cc59884f178895f382aca05b5261830486e4197fa21289c836c44b0f37cc28,2688,0,5376,0,True,,analysis/fs_0510_analysis.png,1300243,406ecefd8519abbe590bc5d1fe06ac0c868ba7cd27838321a14bfc6ac2f0997c,thumbnails/fs_0510.jpg,41202,527f9a0c2485233e0b0c179dd78069ff582a4ee287fb41acd3884a6920ab46b4,dlstupka/hth-baptisms-san-antonio-1788-1824--1858-1898,61efff529fb7330a92f8d423c40c45bc60bb841c,dlstupka/hth,4b88d0aead2931a9d8a127afbd852f196d6b51ec,,,,,,,,,,not_reviewed,,
511,Baptisms_San_Antonio_Baptism_Records_1788-1824_1858-1898.docx,511,rId515,word/media/image511.png,raw/fs_0511.png,PNG,1642,1361,RGB,2306799,3dd69836c69a084cf0d28a141277fd6ed4912696f89c22a3cde8eac206245217,1959698,b42287b5feb4add332f2f288a496442361e6d93fcb93185a047ec6036541ed68,2688,0,5376,0,True,,analysis/fs_0511_analysis.png,1280466,b9bb380131b405a30470a2657e6125df56f6533f701d81184d336561cc2877b5,thumbnails/fs_0511.jpg,40405,829736144c898e190b62c80b13b105e39685e2c329b5f04065c1f7d04452e0eb,dlstupka/hth-baptisms-san-antonio-1788-1824--1858-1898,61efff529fb7330a92f8d423c40c45bc60bb841c,dlstupka/hth,4b88d0aead2931a9d8a127afbd852f196d6b51ec,,,,,,,,,,not_reviewed,,
512,Baptisms_San_Antonio_Baptism_Records_1788-1824_1858-1898.docx,512,rId516,word/media/image512.png,raw/fs_0512.png,PNG,1642,1361,RGB,2239269,086f93bb098e340342d2eafef73e21302d10cfa5d57d05101c521b1d6a21f6bb,1930482,2e8f6b12be7ee3dd23f4a2a088a3bb646d7e910d7e32a28dfca7b7d3ce32d503,2688,0,5376,0,True,,analysis/fs_0512_analysis.png,1263840,6f1ab899eba514e22c4b9f02bed42850dc860c9ea866f44b1d752f780878ae78,thumbnails/fs_0512.jpg,37104,f9781cfc89e11ac8129d2e73ec038e8b77110958c1a4b8f6ad879e5333a593e3,dlstupka/hth-baptisms-san-antonio-1788-1824--1858-1898,61efff529fb7330a92f8d423c40c45bc60bb841c,dlstupka/hth,4b88d0aead2931a9d8a127afbd852f196d6b51ec,,,,,,,,,,not_reviewed,,
513,Baptisms_San_Antonio_Baptism_Records_1788-1824_1858-1898.docx,513,rId517,word/media/image513.png,raw/fs_0513.png,PNG,1642,1361,RGB,2300704,650d222acd6eb39dd47e4f767044baffdba4f6c56ebaa7345bd8238ce5e0564d,1935743,ba5e2798b067e2fca40823fa4af917069224f75be54b733a16cb1348359448d6,2688,0,5376,0,True,,analysis/fs_0513_analysis.png,1267531,25b60e02ccdf81d1f83a48bbf1847a521998c8cf929f688733076176d24938a0,thumbnails/fs_0513.jpg,39749,e8595727861c91e5c3e66db495afe2375122615e66aeb7e57411f8a37f41b966,dlstupka/hth-baptisms-san-antonio-1788-1824--1858-1898,61efff529fb7330a92f8d423c40c45bc60bb841c,dlstupka/hth,4b88d0aead2931a9d8a127afbd852f196d6b51ec,,,,,,,,,,not_reviewed,,
514,Baptisms_San_Antonio_Baptism_Records_1788-1824_1858-1898.docx,514,rId518,word/media/image514.png,raw/fs_0514.png,PNG,1642,1361,RGB,2438256,a8747b6a22004b9ecd84e0c7f3a3503337cc3424eb0e245edb411c5b82327270,2013081,202d84635d835ce107f96bf89524b20f7985882aae76cddf55e646e85aa32637,2688,0,5376,0,True,,analysis/fs_0514_analysis.png,1322743,1ac248ac6f25861f986b8cc501ac2593c988cc322decdf0738face9e01617e48,thumbnails/fs_0514.jpg,42922,a620f0807262fd10f42606c1ee7edf6bcd609703615e42b7646d7d0571a19c9d,dlstupka/hth-baptisms-san-antonio-1788-1824--1858-1898,61efff529fb7330a92f8d423c40c45bc60bb841c,dlstupka/hth,4b88d0aead2931a9d8a127afbd852f196d6b51ec,,,,,,,,,,not_reviewed,,
515,Baptisms_San_Antonio_Baptism_Records_1788-1824_1858-1898.docx,515,rId519,word/media/image515.png,raw/fs_0515.png,PNG,1642,1361,RGB,2345559,33d01e1be4a969709e20370b9b0556c9a9bdf04d79b2b03471559566854612af,1958921,8592018b7cd5a560a5559c8dff4e7e5c21fb8e9cc3fe095481fdc3a67eb8ed12,2688,0,5376,0,True,,analysis/fs_0515_analysis.png,1286554,25f6f1fb494ff21eef342234dc27e01dff41dd07e4c2356a50c4e752b552dc0e,thumbnails/fs_0515.jpg,40886,5a49aabc37552172d33f96ab59b42d0de906fc2ce44ba26a27394dc60d965e92,dlstupka/hth-baptisms-san-antonio-1788-1824--1858-1898,61efff529fb7330a92f8d423c40c45bc60bb841c,dlstupka/hth,4b88d0aead2931a9d8a127afbd852f196d6b51ec,,,,,,,,,,not_reviewed,,
516,Baptisms_San_Antonio_Baptism_Records_1788-1824_1858-1898.docx,516,rId520,word/media/image516.png,raw/fs_0516.png,PNG,1642,1361,RGB,2199873,a0f0ea92c868f69ccaf24f101249674b3f2ab61725a8539549cf9cd0d6f4650f,1903791,2bd3cede56c1c07a24c1d027ef756f377a6f1a0d5e15267f47c59e1874737da5,2688,0,5376,0,True,,analysis/fs_0516_analysis.png,1235449,ac074907476e50fa6384d16b84c7f473c1cad653a79ece958b354731b0381c93,thumbnails/fs_0516.jpg,37848,5518a8224ab5fcfd0958f06b856d25d4289e9fab07902bb8fdb4316d86c6606f,dlstupka/hth-baptisms-san-antonio-1788-1824--1858-1898,61efff529fb7330a92f8d423c40c45bc60bb841c,dlstupka/hth,4b88d0aead2931a9d8a127afbd852f196d6b51ec,,,,,,,,,,not_reviewed,,
517,Baptisms_San_Antonio_Baptism_Records_1788-1824_1858-1898.docx,517,rId521,word/media/image517.png,raw/fs_0517.png,PNG,1642,1361,RGB,2346939,22304dbb73747ed30510eab391cc0974e80a25ffec535f441fd5c3789c05b424,1965559,e6d693cf404a04c73407246fdc7b06e3c3fc01747b6e1588eb8271143aadf6c6,2688,0,5376,0,True,,analysis/fs_0517_analysis.png,1287547,b4037e25ec2c510f273ec6462321141f7482aa89b5ca70dd466b021a1646a2b6,thumbnails/fs_0517.jpg,40802,3fabcf6e14f963f245ead1fd385097268a02e5ada3ffbeb48e6b8a4dd3fb4f31,dlstupka/hth-baptisms-san-antonio-1788-1824--1858-1898,61efff529fb7330a92f8d423c40c45bc60bb841c,dlstupka/hth,4b88d0aead2931a9d8a127afbd852f196d6b51ec,,,,,,,,,,not_reviewed,,
518,Baptisms_San_Antonio_Baptism_Records_1788-1824_1858-1898.docx,518,rId522,word/media/image518.png,raw/fs_0518.png,PNG,1642,1361,RGB,2293552,b0a388a1aff74e81ce8368db068e73881db1885ae080c774d0b3a07ee3490588,1946054,90efb69b964d1da303a57aff5cac862b9e16db84f30cb95337feb1e2a4997658,2688,0,5376,0,True,,analysis/fs_0518_analysis.png,1268527,cc9bcd54b8877345d02d3b778b5aa1c1c178e58731d4c5a20e4963c0be92e1d9,thumbnails/fs_0518.jpg,39064,759ea38ac9822e99020392e465331ea0712e2e4ef50c12445242c7ab6775ca61,dlstupka/hth-baptisms-san-antonio-1788-1824--1858-1898,61efff529fb7330a92f8d423c40c45bc60bb841c,dlstupka/hth,4b88d0aead2931a9d8a127afbd852f196d6b51ec,,,,,,,,,,not_reviewed,,
519,Baptisms_San_Antonio_Baptism_Records_1788-1824_1858-1898.docx,519,rId523,word/media/image519.png,raw/fs_0519.png,PNG,1642,1361,RGB,2512016,5620748c0fbf6832417343092c5bc7002988d4f76a20a64721f2b0e783ab353f,2066275,7bdde17830b35d04786f6cfeff9d4ed882d9e74cebff7b5232fe002c73b63e7f,2688,0,5376,0,True,,analysis/fs_0519_analysis.png,1359578,3a9de57706a311c7e4ab3268cdefb8de7c3f1b09c8aa7026a7fb6a86e8861543,thumbnails/fs_0519.jpg,42873,6d9137b7d80d1ac79b129ec3cb8324521ec240f93901b3ee10a3656aed465179,dlstupka/hth-baptisms-san-antonio-1788-1824--1858-1898,61efff529fb7330a92f8d423c40c45bc60bb841c,dlstupka/hth,4b88d0aead2931a9d8a127afbd852f196d6b51ec,,,,,,,,,,not_reviewed,,
520,Baptisms_San_Antonio_Baptism_Records_1788-1824_1858-1898.docx,520,rId524,word/media/image520.png,raw/fs_0520.png,PNG,1642,1361,RGB,2463164,bccee018ba49a76d00e983dac12152fdcd5bd0d5912d9de5f1bde768ae21dbfe,2044905,5b839339ff458c6808d5f672f98f7c8af55ca08ed48442d413c65d921f950773,2688,0,5376,0,True,,analysis/fs_0520_analysis.png,1336234,5c2018a343935775ce913e9272dfc3fabe4fc0d950569b81862deed759b5a3e2,thumbnails/fs_0520.jpg,43394,c8e598d1353a74ff60262e9043ffe0c86d04aa9af3e3b12c093b359b51c8c708,dlstupka/hth-baptisms-san-antonio-1788-1824--1858-1898,61efff529fb7330a92f8d423c40c45bc60bb841c,dlstupka/hth,4b88d0aead2931a9d8a127afbd852f196d6b51ec,,,,,,,,,,not_reviewed,,
521,Baptisms_San_Antonio_Baptism_Records_1788-1824_1858-1898.docx,521,rId525,word/media/image521.png,raw/fs_0521.png,PNG,1642,1361,RGB,2448506,a5af83d5a263cf68842ff61c7eb96b41cd243f05328124cce7ee1829274e3d0e,2035269,9a4dc01780e4923317f5478112214409d5ecf8842a78f59b97c5497ee5839875,2688,0,5376,0,True,,analysis/fs_0521_analysis.png,1335974,726fcb95dc9acfcf71082f1313fc759be7274703c88442fe5a91c736820215bb,thumbnails/fs_0521.jpg,43894,cd32af9094c6160aef268683ca700560a969b07c98158a2bea56cbc49be8dfa4,dlstupka/hth-baptisms-san-antonio-1788-1824--1858-1898,61efff529fb7330a92f8d423c40c45bc60bb841c,dlstupka/hth,4b88d0aead2931a9d8a127afbd852f196d6b51ec,,,,,,,,,,not_reviewed,,
522,Baptisms_San_Antonio_Baptism_Records_1788-1824_1858-1898.docx,522,rId526,word/media/image522.png,raw/fs_0522.png,PNG,1642,1361,RGB,2386309,1be269281b30eb499b9d18852a9898844190a4058bddd7bc9e7aae18b9c7f6a1,2019776,75e60581c41afc8f491aef2e61d1a065157a5b62120d042717d8620b4274d44e,2688,0,5376,0,True,,analysis/fs_0522_analysis.png,1324603,d78ebc340cbb2cf23a57e08aebb2531b0da25d872a8635824d2e6efe6eaed6f5,thumbnails/fs_0522.jpg,40154,7ab54e943f15595f2b764f308c1289e22d82e6238094aa4bc7a02873f0be23ed,dlstupka/hth-baptisms-san-antonio-1788-1824--1858-1898,61efff529fb7330a92f8d423c40c45bc60bb841c,dlstupka/hth,4b88d0aead2931a9d8a127afbd852f196d6b51ec,,,,,,,,,,not_reviewed,,
523,Baptisms_San_Antonio_Baptism_Records_1788-1824_1858-1898.docx,523,rId527,word/media/image523.png,raw/fs_0523.png,PNG,1642,1361,RGB,2451303,004448317d79099399c3ae8ea0c73c9730d6f7507b5e61150f0596ff0c7cae69,2038551,063d2f8296547bd6b52211aecbf4b08e19977068b8988507b001072a6236f326,2688,0,5376,0,True,,analysis/fs_0523_analysis.png,1334688,c95b638bcb65a2699b92a1675a0f84f88dcf87e1e2aeb68a922962a064cc362a,thumbnails/fs_0523.jpg,42331,b6874efd3811a9997e53b1a0e758af72d89331381d448cc9100bc67eed841d57,dlstupka/hth-baptisms-san-antonio-1788-1824--1858-1898,61efff529fb7330a92f8d423c40c45bc60bb841c,dlstupka/hth,4b88d0aead2931a9d8a127afbd852f196d6b51ec,,,,,,,,,,not_reviewed,,
524,Baptisms_San_Antonio_Baptism_Records_1788-1824_1858-1898.docx,524,rId528,word/media/image524.png,raw/fs_0524.png,PNG,1690,1361,RGB,2322675,6d8f89f6125d75cc0f798e4d1642defcc7dcd1c2051cc9d8d6fe78f54a17ec7d,1955781,0eb660f14f025be39a70cfd1820b2e302adcc7857deced8903ee90d56889e639,2688,0,2688,0,True,,analysis/fs_0524_analysis.png,1295469,dfe60ac09d65b1d821256b34f0a77cafe4a23bda21e2e85b37982b943a194ae0,thumbnails/fs_0524.jpg,39678,f6a2a33629703baeea16bd950efd7ffd8c7ccea04747340b6b86909cbde0afa1,dlstupka/hth-baptisms-san-antonio-1788-1824--1858-1898,61efff529fb7330a92f8d423c40c45bc60bb841c,dlstupka/hth,4b88d0aead2931a9d8a127afbd852f196d6b51ec,,,,,,,,,,not_reviewed,,
525,Baptisms_San_Antonio_Baptism_Records_1788-1824_1858-1898.docx,525,rId529,word/media/image525.png,raw/fs_0525.png,PNG,1642,1361,RGB,2492507,618197b686d4332cd1c12f4d604d01247d72051d462ab7fdb9846b1fced1a979,2063342,64ec431f7ddbebb2be653f2ccd45371ef7435ff61074bd3e67bccaa381226d7f,2688,0,5376,0,True,,analysis/fs_0525_analysis.png,1348959,36f3d94d35dde7d9961abf77441f391d08f83595753d348ccfac88c31dfe2978,thumbnails/fs_0525.jpg,42912,048e00b58ab7c6381009feac069b31f3afd8b97645dd659b944555afe62af863,dlstupka/hth-baptisms-san-antonio-1788-1824--1858-1898,61efff529fb7330a92f8d423c40c45bc60bb841c,dlstupka/hth,4b88d0aead2931a9d8a127afbd852f196d6b51ec,,,,,,,,,,not_reviewed,,
526,Baptisms_San_Antonio_Baptism_Records_1788-1824_1858-1898.docx,526,rId530,word/media/image526.png,raw/fs_0526.png,PNG,1642,1361,RGB,2401298,9023381a45be80745777bdaea141c2e837f064d2796278426ee064bd227860f5,2006084,4c2044f978bae9cc195aef16511603bdbdedb23f0d581e5114291ed140467a0f,2688,0,5376,0,True,,analysis/fs_0526_analysis.png,1324605,02afda5a40b84a80ac58f2dbdda8df920d447920f8ee72b4613893245a85a69b,thumbnails/fs_0526.jpg,42443,2d665dd81b10e17cec4ed113692c81e2b16b7504e14f4112b965af768f77cf4f,dlstupka/hth-baptisms-san-antonio-1788-1824--1858-1898,61efff529fb7330a92f8d423c40c45bc60bb841c,dlstupka/hth,4b88d0aead2931a9d8a127afbd852f196d6b51ec,,,,,,,,,,not_reviewed,,
527,Baptisms_San_Antonio_Baptism_Records_1788-1824_1858-1898.docx,527,rId531,word/media/image527.png,raw/fs_0527.png,PNG,1642,1361,RGB,2478647,540b88371f725356a73f0d73afdee554e6404ab4902a18142dc4111623f91e68,2036996,1f1dc38662e09e0397d9687c0cbbe0bb921869965f2afe0eaa8b4fff847ad4b4,2688,0,5376,0,True,,analysis/fs_0527_analysis.png,1352284,415c091b9cf8c9e1357633f7e8a1e329f5b7782e85bbfeb71c7c1032de739e47,thumbnails/fs_0527.jpg,42131,8d8ec90b4449255b338a09b7ed3fab6ac3dca03d6b9137257944ad7cf4b45636,dlstupka/hth-baptisms-san-antonio-1788-1824--1858-1898,61efff529fb7330a92f8d423c40c45bc60bb841c,dlstupka/hth,4b88d0aead2931a9d8a127afbd852f196d6b51ec,,,,,,,,,,not_reviewed,,
528,Baptisms_San_Antonio_Baptism_Records_1788-1824_1858-1898.docx,528,rId532,word/media/image528.png,raw/fs_0528.png,PNG,1642,1361,RGB,2456746,b590e1be95d752794494748146578db9fadaed014d68d54a3054ef60c6a405dd,2059453,1ae7153b34df3efe3b318be60f78e1db4fff96477c03a6171d3aa76fafcbfd48,2688,0,5376,0,True,,analysis/fs_0528_analysis.png,1348855,ff67b115856f93edc1485b9a37183acde240cf41da3745c4996cc2aefe26d89f,thumbnails/fs_0528.jpg,40888,0489195156d5b3915ec03d1d9cbb329ed29a17c5f3e82af5e01d566f4871a757,dlstupka/hth-baptisms-san-antonio-1788-1824--1858-1898,61efff529fb7330a92f8d423c40c45bc60bb841c,dlstupka/hth,4b88d0aead2931a9d8a127afbd852f196d6b51ec,,,,,,,,,,not_reviewed,,
529,Baptisms_San_Antonio_Baptism_Records_1788-1824_1858-1898.docx,529,rId533,word/media/image529.png,raw/fs_0529.png,PNG,1642,1361,RGB,2424643,7cf23f836e6284fffeebb64a596e43c466ad9fd8d96ba0257da43542c8341977,2050874,15ceae49fc7179748be94522a8f0a73e8d8db67c678ee7ac60a08668c296293b,2688,0,5376,0,True,,analysis/fs_0529_analysis.png,1339204,6ee9c72a03b5ea531384d5ffcd86b1a39f1b055553a85ebb40e3c0f98aae7ca3,thumbnails/fs_0529.jpg,40794,ea7a7e61bda3d83d364d510b1b8407bd7bc301893db3865ebc2eaa5e9a2da412,dlstupka/hth-baptisms-san-antonio-1788-1824--1858-1898,61efff529fb7330a92f8d423c40c45bc60bb841c,dlstupka/hth,4b88d0aead2931a9d8a127afbd852f196d6b51ec,,,,,,,,,,not_reviewed,,
530,Baptisms_San_Antonio_Baptism_Records_1788-1824_1858-1898.docx,530,rId534,word/media/image530.png,raw/fs_0530.png,PNG,1642,1361,RGB,2363865,675b9a595a2d6790bb923daf4bae9b17b28032b81924873255d8842bbd424c6c,1998943,455495c5450471a5c2efac8ee25ba5eb129ac1bf7d21177d179632002e6c92ce,2688,0,5376,0,True,,analysis/fs_0530_analysis.png,1303700,f293e8eb483943d0a485cbd9c958cff5d4f5ddd3ec8ead558429d93bcc8e5718,thumbnails/fs_0530.jpg,40135,377ce93f36a110a3793d7caba201765dd35cf403a107c7b4e84cc0e03ba7f1eb,dlstupka/hth-baptisms-san-antonio-1788-1824--1858-1898,61efff529fb7330a92f8d423c40c45bc60bb841c,dlstupka/hth,4b88d0aead2931a9d8a127afbd852f196d6b51ec,,,,,,,,,,not_reviewed,,
531,Baptisms_San_Antonio_Baptism_Records_1788-1824_1858-1898.docx,531,rId535,word/media/image531.png,raw/fs_0531.png,PNG,1642,1361,RGB,2254724,51f6658a7277f89273c8c078b92dd2ae0d93f52edc70da102cfe1563065155c9,1945602,f24a5001c30fe45f5120740a737d0b96cb70cb8f2b1c0a6e111c010b4c586056,2688,0,5376,0,True,,analysis/fs_0531_analysis.png,1260233,7ed60696656a572ace47f203ef3dd8d8bae756f2b34f7ffa0252e5b5a0309a76,thumbnails/fs_0531.jpg,39271,4bccd4d96f0b9b829be825068420b58168b0ec228d0c01fbbe18ff2d24cc1e12,dlstupka/hth-baptisms-san-antonio-1788-1824--1858-1898,61efff529fb7330a92f8d423c40c45bc60bb841c,dlstupka/hth,4b88d0aead2931a9d8a127afbd852f196d6b51ec,,,,,,,,,,not_reviewed,,
532,Baptisms_San_Antonio_Baptism_Records_1788-1824_1858-1898.docx,532,rId536,word/media/image532.png,raw/fs_0532.png,PNG,1642,1361,RGB,2433613,b3e78605413ecd049716b83bf195ba3439264ce8f50ea51443118bc83ee0298c,2032532,e496e72f0d1508b4b073af7fb732cf61f8ab1f15afaf1f25d6a17f9ba6ba4cb5,2688,0,5376,0,True,,analysis/fs_0532_analysis.png,1330683,765c9a7ee107f3eaf43e5340e68c43c47b878d926ba64c1c7284154a89897bcc,thumbnails/fs_0532.jpg,41529,e9f03513dcde08f9ce515c7c351b02c4d7d7502870262d4c570f5443590be9c7,dlstupka/hth-baptisms-san-antonio-1788-1824--1858-1898,61efff529fb7330a92f8d423c40c45bc60bb841c,dlstupka/hth,4b88d0aead2931a9d8a127afbd852f196d6b51ec,,,,,,,,,,not_reviewed,,
533,Baptisms_San_Antonio_Baptism_Records_1788-1824_1858-1898.docx,533,rId537,word/media/image533.png,raw/fs_0533.png,PNG,1620,1361,RGB,2247312,da91a15d87631c8a7052d13320542499122274c80859c020cc3f067c98159156,1927726,f4a3c7ec9f9cbe56a742a09a39302a9540a82d0cf26431c077391ad1f83010d7,1246,0,8064,0,True,,analysis/fs_0533_analysis.png,1250077,701ba6cd118c9c0ed76bbcf1f6e4b3679399a49018579d72a01219ff2dfa908d,thumbnails/fs_0533.jpg,39208,ba949dbb929e65c8bbb6c492f377e18a14ca93f55ca4ddbf0bed324ab1177fd2,dlstupka/hth-baptisms-san-antonio-1788-1824--1858-1898,61efff529fb7330a92f8d423c40c45bc60bb841c,dlstupka/hth,4b88d0aead2931a9d8a127afbd852f196d6b51ec,,,,,,,,,,not_reviewed,,
534,Baptisms_San_Antonio_Baptism_Records_1788-1824_1858-1898.docx,534,rId538,word/media/image534.png,raw/fs_0534.png,PNG,1642,1361,RGB,2440486,2878010c092c530b8cbfc2849543f734ca2fe062cc2ab22086b1ca41904f4ecd,2041767,ce33338d7ad5b174716feac2ad080c30d1de97b4ac59e5cce9768cf7e7823250,2688,0,5376,0,True,,analysis/fs_0534_analysis.png,1331148,036554b1bd19a03643be2f2bb250ac9427b91065ec7d2f06ff03792f84c53983,thumbnails/fs_0534.jpg,42660,cdc5cc40923ee9e9051ade6a923aced9b14d5d09f4c580aa027ea542cd1ee103,dlstupka/hth-baptisms-san-antonio-1788-1824--1858-1898,61efff529fb7330a92f8d423c40c45bc60bb841c,dlstupka/hth,4b88d0aead2931a9d8a127afbd852f196d6b51ec,,,,,,,,,,not_reviewed,,
535,Baptisms_San_Antonio_Baptism_Records_1788-1824_1858-1898.docx,535,rId539,word/media/image535.png,raw/fs_0535.png,PNG,1642,1361,RGB,2380969,d9cb1180271367bd9baa302aed8eb742a314287b7b97c1ddf4c6a490ff47dd09,1990014,adccc6ecfefd771fa8d19ff576c02009c4426b1451bb8f41c86776b4e6ff6ebc,2688,0,5376,0,True,,analysis/fs_0535_analysis.png,1283913,73fe5e576cad19692e984e161883772793ff89ed4c6718bb790eea5b4064821e,thumbnails/fs_0535.jpg,41704,38018b0bab6694bdff0d487e1e56d025d2d51403d5ee7295bbecadb95e18282e,dlstupka/hth-baptisms-san-antonio-1788-1824--1858-1898,61efff529fb7330a92f8d423c40c45bc60bb841c,dlstupka/hth,4b88d0aead2931a9d8a127afbd852f196d6b51ec,,,,,,,,,,not_reviewed,,
536,Baptisms_San_Antonio_Baptism_Records_1788-1824_1858-1898.docx,536,rId540,word/media/image536.png,raw/fs_0536.png,PNG,1642,1361,RGB,2437806,a1afbb910fa2377d283d6431200e7a8577eb21dcc70d3f20949631ab5e4edd7e,2023962,44e6d1419343b96da561c1f6c74c2e5689932e8854daab1cce7ab4271f192083,2688,0,5376,0,True,,analysis/fs_0536_analysis.png,1319687,30192925b79fc3f35e42b731488c888b7dd0584e4fc8e68d2378a6be6537887f,thumbnails/fs_0536.jpg,42537,14d0289ca9333859657ef15aa588cd2d2ce4be96727e90bb309f8cb7c631b76d,dlstupka/hth-baptisms-san-antonio-1788-1824--1858-1898,61efff529fb7330a92f8d423c40c45bc60bb841c,dlstupka/hth,4b88d0aead2931a9d8a127afbd852f196d6b51ec,,,,,,,,,,not_reviewed,,
537,Baptisms_San_Antonio_Baptism_Records_1788-1824_1858-1898.docx,537,rId541,word/media/image537.png,raw/fs_0537.png,PNG,1642,1361,RGB,2291567,21e7e45959f4de8d0a57708b4b8ec3afc22806c3fb8411d4223e741818675c1b,1943631,ef130b7c7a9b3026a1d9dfeef3fdde6b16d34a32bf086fe9bc1308e6fcc5da00,2688,0,5376,0,True,,analysis/fs_0537_analysis.png,1259230,9bec1784a8319409fbdf44c801a20a740c9d3cfd1f2ecaa22bc9cc80f8ca9584,thumbnails/fs_0537.jpg,39675,8a915b896475f6812fea265e49d60d0c43026773d941809557ebad1c8ef388ca,dlstupka/hth-baptisms-san-antonio-1788-1824--1858-1898,61efff529fb7330a92f8d423c40c45bc60bb841c,dlstupka/hth,4b88d0aead2931a9d8a127afbd852f196d6b51ec,,,,,,,,,,not_reviewed,,
538,Baptisms_San_Antonio_Baptism_Records_1788-1824_1858-1898.docx,538,rId542,word/media/image538.png,raw/fs_0538.png,PNG,1594,1361,RGB,2264746,7b7eb207b56850a4d158c3caa9831419634bffa7d6e2405958c4f294a84a4336,1932201,5cd6970fe088df30675d068834bf6d3b43f19a9459b8053895cd32ff216acc8e,2688,0,8064,0,True,,analysis/fs_0538_analysis.png,1246506,d0831bb67637d1310c2553355538c555f403c39e5878a19201b03395e8bc3562,thumbnails/fs_0538.jpg,42462,d07d2b367559669994876f98dee7e58b79b37824fe6f60083c7107b579ff55e6,dlstupka/hth-baptisms-san-antonio-1788-1824--1858-1898,61efff529fb7330a92f8d423c40c45bc60bb841c,dlstupka/hth,4b88d0aead2931a9d8a127afbd852f196d6b51ec,,,,,,,,,,not_reviewed,,
539,Baptisms_San_Antonio_Baptism_Records_1788-1824_1858-1898.docx,539,rId543,word/media/image539.png,raw/fs_0539.png,PNG,1642,1361,RGB,2208392,5d72b26367d6d2b248185dcafe704de57f3f160f64ca107482906fd1b58bd69f,1893858,64cabd5ba32825f204f97b5bdc019fbad25becac0cbf3feadc0c3cf23ac8d866,2688,0,5376,0,True,,analysis/fs_0539_analysis.png,1222096,932c400f61085c5d9f2fc9c97574e51bcfc274dc324f17f581a10b59439f46db,thumbnails/fs_0539.jpg,39696,e1fbf2e835b4c5926065309b768515dac15b2abf61eddaf15b40ad6262fe6a83,dlstupka/hth-baptisms-san-antonio-1788-1824--1858-1898,61efff529fb7330a92f8d423c40c45bc60bb841c,dlstupka/hth,4b88d0aead2931a9d8a127afbd852f196d6b51ec,,,,,,,,,,not_reviewed,,
540,Baptisms_San_Antonio_Baptism_Records_1788-1824_1858-1898.docx,540,rId544,word/media/image540.png,raw/fs_0540.png,PNG,1594,1361,RGB,2239916,78e6f5cb05b597cf0bb4d2ec92a441b89e9cd1c75d28ef93e170a6bc5d0b281a,1930856,d581bfb85b74ab74d1ab711ef6ab445573f2bd1a637943490c01fd952ce98842,2688,0,8064,0,True,,analysis/fs_0540_analysis.png,1240284,fbcfeb29fca15076a41bf08b30cc7fe796e6f5415c55ce9c2a822a701f82cf18,thumbnails/fs_0540.jpg,39552,351e2fc6c3aead57e2fd9cfb6e7821564f59d56c1b93bc0201d3c4e62dec737b,dlstupka/hth-baptisms-san-antonio-1788-1824--1858-1898,61efff529fb7330a92f8d423c40c45bc60bb841c,dlstupka/hth,4b88d0aead2931a9d8a127afbd852f196d6b51ec,,,,,,,,,,not_reviewed,,
541,Baptisms_San_Antonio_Baptism_Records_1788-1824_1858-1898.docx,541,rId545,word/media/image541.png,raw/fs_0541.png,PNG,1642,1361,RGB,2354415,d86bcda07aa7bd253be8e8b7e851e621711b75fe7b4f7715bcbf4ba59c7c22e8,1966565,97877fc002d20a56afe755502d9824bd86cf43939b444b52a41a9b489280a7f8,2688,0,5376,0,True,,analysis/fs_0541_analysis.png,1281355,38507e2d312b0173840900ba03291de46094dad247fab5a8983465736ab2a82a,thumbnails/fs_0541.jpg,41385,b8241aa62319f51344042e4cb846e1a534d11a91fb18a332e885591ed001b1b0,dlstupka/hth-baptisms-san-antonio-1788-1824--1858-1898,61efff529fb7330a92f8d423c40c45bc60bb841c,dlstupka/hth,4b88d0aead2931a9d8a127afbd852f196d6b51ec,,,,,,,,,,not_reviewed,,
542,Baptisms_San_Antonio_Baptism_Records_1788-1824_1858-1898.docx,542,rId546,word/media/image542.png,raw/fs_0542.png,PNG,1642,1361,RGB,2332568,f6ff78660f3da1f9708b145af4721203dff8bb317f18e3d8d077d8b34b51cf0f,1975305,59d5ebc32af28e212610ff99f3f455ee512eab241fb34e9d7bfd805a60e56ba4,2688,0,5376,0,True,,analysis/fs_0542_analysis.png,1280502,7b26ce4c3fdeaa241142dfc211c4794e2d779483ea25e26fee0e1c01af3c0800,thumbnails/fs_0542.jpg,42165,0eb3a001f45e4d0759947f9d25c294ae8da8bdb3ab00f02f220c16b759c34137,dlstupka/hth-baptisms-san-antonio-1788-1824--1858-1898,61efff529fb7330a92f8d423c40c45bc60bb841c,dlstupka/hth,4b88d0aead2931a9d8a127afbd852f196d6b51ec,,,,,,,,,,not_reviewed,,
543,Baptisms_San_Antonio_Baptism_Records_1788-1824_1858-1898.docx,543,rId547,word/media/image543.png,raw/fs_0543.png,PNG,1594,1361,RGB,2212698,60ec8b975aba1a7e87f79c520e2c9e0a1a8f9ec677b130bf8d760a807ba7e191,1909210,0aded3978a3328613a98f0dd0f250ffc7219616aaf326b223c6dfb97f70f29cb,2688,0,8064,0,True,,analysis/fs_0543_analysis.png,1223210,75ca7e85929dd9cc3c2b399d9846bc56fb22c209e2a73817c0d54be2f492b9ea,thumbnails/fs_0543.jpg,40452,47b7915d70c6e9e7c83ea84a6cec45c4b31d27bb203b7df2f495708883d8b9de,dlstupka/hth-baptisms-san-antonio-1788-1824--1858-1898,61efff529fb7330a92f8d423c40c45bc60bb841c,dlstupka/hth,4b88d0aead2931a9d8a127afbd852f196d6b51ec,,,,,,,,,,not_reviewed,,
544,Baptisms_San_Antonio_Baptism_Records_1788-1824_1858-1898.docx,544,rId548,word/media/image544.png,raw/fs_0544.png,PNG,1642,1361,RGB,2299398,bc2740f9c19d13de952cfc37e78bf5b4c5c7eead1a4f35cab422e9cde4d76dd5,1937725,f6ab1fa0f3cc5b98a0b218c3143817eb59f5d88e3dd7954454859a967083fd7f,2688,0,5376,0,True,,analysis/fs_0544_analysis.png,1260734,f2fc32da584de9a47e682bc26af0f0709c0fd678c38cf60e101d945b2871201e,thumbnails/fs_0544.jpg,41395,ee398074533712ccb7c3a7c583bf4a0031fb0ca0e9aeefe59b6aacb00f39deda,dlstupka/hth-baptisms-san-antonio-1788-1824--1858-1898,61efff529fb7330a92f8d423c40c45bc60bb841c,dlstupka/hth,4b88d0aead2931a9d8a127afbd852f196d6b51ec,,,,,,,,,,not_reviewed,,
545,Baptisms_San_Antonio_Baptism_Records_1788-1824_1858-1898.docx,545,rId549,word/media/image545.png,raw/fs_0545.png,PNG,1642,1361,RGB,2322971,484f29e69f767f01b824f916a3076e0405d34ccf1b745e670e7779e26ed6c07d,1955815,ad3f328706473a52fcc665ec1c085a671995da952fc2b48d9165fd25afae4899,2688,0,5376,0,True,,analysis/fs_0545_analysis.png,1267078,b3732ccf926aafa264eb89984c0d68ca56bdf8406b58fd446799017b9cfb9d75,thumbnails/fs_0545.jpg,40800,a55feb485343fb2e093434a8c4e8790181bd464a68c11b4da05a4a0ea6ca716d,dlstupka/hth-baptisms-san-antonio-1788-1824--1858-1898,61efff529fb7330a92f8d423c40c45bc60bb841c,dlstupka/hth,4b88d0aead2931a9d8a127afbd852f196d6b51ec,,,,,,,,,,not_reviewed,,
546,Baptisms_San_Antonio_Baptism_Records_1788-1824_1858-1898.docx,546,rId550,word/media/image546.png,raw/fs_0546.png,PNG,1642,1361,RGB,2271489,8200cd12d90ca7d0952e335785b528351df24a00053c17ab5025aef90fc1c565,1936308,96ae0e4387f8f42f294f4c36a73a036fa8850026bfe69d8972bf319fc97ca68a,2688,0,5376,0,True,,analysis/fs_0546_analysis.png,1249872,eeb4d761518b9698a8df9227608ca815b557782ea36fb0c757457ed747e3fad6,thumbnails/fs_0546.jpg,40566,363b057be6192def48b57bdedf36ba7006863449119c660748c204c652a974fe,dlstupka/hth-baptisms-san-antonio-1788-1824--1858-1898,61efff529fb7330a92f8d423c40c45bc60bb841c,dlstupka/hth,4b88d0aead2931a9d8a127afbd852f196d6b51ec,,,,,,,,,,not_reviewed,,
547,Baptisms_San_Antonio_Baptism_Records_1788-1824_1858-1898.docx,547,rId551,word/media/image547.png,raw/fs_0547.png,PNG,1594,1361,RGB,2170725,273acefb2636ed6f7896b6fd6db9cbd588b0e00d1ccd955df4e908823a1f7a2d,1896620,69686e9eaaf9d96b048ce3657e9fc87c22a88d686c5bc2d7d7dd041076a7d8bf,2688,0,8064,0,True,,analysis/fs_0547_analysis.png,1212327,f46e7e99f8084b9a54b4ab5a9fe3c41bb0925ac90aa0828a4554af9c7b6a5f22,thumbnails/fs_0547.jpg,37687,bbf7970db7aca31f21ecde6f4a54c4119e12a5214192d6ac6598559c42db130b,dlstupka/hth-baptisms-san-antonio-1788-1824--1858-1898,61efff529fb7330a92f8d423c40c45bc60bb841c,dlstupka/hth,4b88d0aead2931a9d8a127afbd852f196d6b51ec,,,,,,,,,,not_reviewed,,
548,Baptisms_San_Antonio_Baptism_Records_1788-1824_1858-1898.docx,548,rId552,word/media/image548.png,raw/fs_0548.png,PNG,1606,1361,RGB,2229303,73d547afd3bfc4fccbbbd2944792a6569343c61a004179dc9f988bba25deab76,1924906,8c5e678515f526e5c270c1fc20222cff38833d467fd2f35338bbde4f979305c1,732,0,9351,0,True,,analysis/fs_0548_analysis.png,1238314,38f0f9fb04331135fa53f87c573d446797bd223d19d9bc9abebdcfd3d1284482,thumbnails/fs_0548.jpg,37236,46cb6a204dbd54e472ea7703044e3367e8be4f38b045440d38407dc08b8b662c,dlstupka/hth-baptisms-san-antonio-1788-1824--1858-1898,61efff529fb7330a92f8d423c40c45bc60bb841c,dlstupka/hth,4b88d0aead2931a9d8a127afbd852f196d6b51ec,,,,,,,,,,not_reviewed,,
549,Baptisms_San_Antonio_Baptism_Records_1788-1824_1858-1898.docx,549,rId553,word/media/image549.png,raw/fs_0549.png,PNG,1642,1361,RGB,2356370,8216537cb34cf6c2d1dff8bb4187f385ce7ed5a01dbd13fb0ac948e942660c8c,1993611,ac7f4f4151f13cc064fd20978b3570d476117724db560f2309c6cf13e86389db,2688,0,5376,0,True,,analysis/fs_0549_analysis.png,1301400,a3252d4e00ae8b36681e2ccc6ff6a759ec0cf19f8dc2478aaef7be8e3e019292,thumbnails/fs_0549.jpg,39492,3701f568425da33de91bf67e50bb4757a9d7580eb87affed03ebd7673516ebef,dlstupka/hth-baptisms-san-antonio-1788-1824--1858-1898,61efff529fb7330a92f8d423c40c45bc60bb841c,dlstupka/hth,4b88d0aead2931a9d8a127afbd852f196d6b51ec,,,,,,,,,,not_reviewed,,
550,Baptisms_San_Antonio_Baptism_Records_1788-1824_1858-1898.docx,550,rId554,word/media/image550.png,raw/fs_0550.png,PNG,1642,1361,RGB,2275985,6ed1235d26276fc4710764eb6e147720b7c3d88f9a5bc48c8ad589f3ae915e40,1949598,8e6d285532479aef279f6c3a2a35b3db74f67b8a90917968f57fe486a4621130,2688,0,5376,0,True,,analysis/fs_0550_analysis.png,1268195,655ea7077e73c76805a9b8c773a04a7d73c846f9514aaf55d1bdd66fd4a2c446,thumbnails/fs_0550.jpg,39027,016b45ceb809f2ec80934390eaf055073dbb274ccb5cb0a69169f27e3287e3a6,dlstupka/hth-baptisms-san-antonio-1788-1824--1858-1898,61efff529fb7330a92f8d423c40c45bc60bb841c,dlstupka/hth,4b88d0aead2931a9d8a127afbd852f196d6b51ec,,,,,,,,,,not_reviewed,,
551,Baptisms_San_Antonio_Baptism_Records_1788-1824_1858-1898.docx,551,rId555,word/media/image551.png,raw/fs_0551.png,PNG,1642,1361,RGB,2326952,d48a231c81ba58a9b84e7ddf272f28388ee61953ae5b7a51cd217401bb248793,1976516,a9c3eff29a8558288388e01c672903335ff8a5787ad4f351027b1a94fe488836,2688,0,5376,0,True,,analysis/fs_0551_analysis.png,1284372,567ee60eaf894b42d827065f82fd1c7cddc9a06000194008eea554feba02ebba,thumbnails/fs_0551.jpg,39356,478ce65be119761ccd1ccf870ca86b5e7d618ecbe4d192cd27a4ade8c6791eb7,dlstupka/hth-baptisms-san-antonio-1788-1824--1858-1898,61efff529fb7330a92f8d423c40c45bc60bb841c,dlstupka/hth,4b88d0aead2931a9d8a127afbd852f196d6b51ec,,,,,,,,,,not_reviewed,,
552,Baptisms_San_Antonio_Baptism_Records_1788-1824_1858-1898.docx,552,rId556,word/media/image552.png,raw/fs_0552.png,PNG,1620,1361,RGB,2386272,fce5c26a2fc5f0f1dfbcb2b7ff07184cea686675b0f5860a37f04514f256f73e,2009098,5da8164bda108ed9f161419886950ab44dcc6464f697f1bdf1da20f7f2bfda17,1246,0,8064,0,True,,analysis/fs_0552_analysis.png,1310705,ae122231d6e19157ecfa521b517e40c23dce72678d54e6bf34ef9e165c1ee88f,thumbnails/fs_0552.jpg,41320,f3b951737dd8496e96f3544bf3f972409f9a74b9ffa4c11bcb75d7557da284c4,dlstupka/hth-baptisms-san-antonio-1788-1824--1858-1898,61efff529fb7330a92f8d423c40c45bc60bb841c,dlstupka/hth,4b88d0aead2931a9d8a127afbd852f196d6b51ec,,,,,,,,,,not_reviewed,,
553,Baptisms_San_Antonio_Baptism_Records_1788-1824_1858-1898.docx,553,rId557,word/media/image553.png,raw/fs_0553.png,PNG,1642,1361,RGB,2390451,ee7fc2c7208416507e0a55ec065babf0af9609f4105d169c79c1090b912090e1,2000617,e6b7ea2c3b100d8be230d5b273f6314dc819a5111d81d62cdb9245571fdbe845,2688,0,5376,0,True,,analysis/fs_0553_analysis.png,1305475,863b4bcea25ffdcbcc2c6dbfe5aad07642cf19c47e7de2cc88c4d0d1cc632533,thumbnails/fs_0553.jpg,41827,33c89cf84b31951f69e2aaf66553d57170e1e63b780930f89b177c2086d8ceff,dlstupka/hth-baptisms-san-antonio-1788-1824--1858-1898,61efff529fb7330a92f8d423c40c45bc60bb841c,dlstupka/hth,4b88d0aead2931a9d8a127afbd852f196d6b51ec,,,,,,,,,,not_reviewed,,
554,Baptisms_San_Antonio_Baptism_Records_1788-1824_1858-1898.docx,554,rId558,word/media/image554.png,raw/fs_0554.png,PNG,1642,1361,RGB,2193190,7c4faffcac4b36fc2eb3054ec56bb6db5a2cf702dbe2766e11dfa08ea9599126,1909822,dd60b7884346cf874f50724d5d9315a5f5edc76ae8f22a67025b19168afae0dd,2688,0,5376,0,True,,analysis/fs_0554_analysis.png,1236003,a5bd3fb76d6fb028a191e1666c63d6688f3e99169f372b200a259e5fdfc0faa3,thumbnails/fs_0554.jpg,35965,0544391012fc5ee6ceb0980ff150ab839a477cda7a814d7cb9619eb67301eb76,dlstupka/hth-baptisms-san-antonio-1788-1824--1858-1898,61efff529fb7330a92f8d423c40c45bc60bb841c,dlstupka/hth,4b88d0aead2931a9d8a127afbd852f196d6b51ec,,,,,,,,,,not_reviewed,,
555,Baptisms_San_Antonio_Baptism_Records_1788-1824_1858-1898.docx,555,rId559,word/media/image555.png,raw/fs_0555.png,PNG,1619,1361,RGB,2196975,1a1faae0453f5881b80c380193b4dac5e0bcb86a149a17770b5e246b1d0f77f6,1912280,b9b8589f068a93e4e4b9ec3ae9561105fe0cff64a2c91037acfadc8a160cf8d3,1310,0,8064,0,True,,analysis/fs_0555_analysis.png,1228033,3e82682d119e18ca508e1322417a2f383dc3ad1c768b4018cb4e890378d1619c,thumbnails/fs_0555.jpg,36876,41c972c89969476743a677f27facecea64cb2c4add15c1cdf76a2a31116436bc,dlstupka/hth-baptisms-san-antonio-1788-1824--1858-1898,61efff529fb7330a92f8d423c40c45bc60bb841c,dlstupka/hth,4b88d0aead2931a9d8a127afbd852f196d6b51ec,,,,,,,,,,not_reviewed,,
556,Baptisms_San_Antonio_Baptism_Records_1788-1824_1858-1898.docx,556,rId560,word/media/image556.png,raw/fs_0556.png,PNG,1594,1361,RGB,2192775,1bdd035514d69f3dc28cf0418a2abaa1cab4e0f7f08965898aadd183fc2fb1f4,1888364,f30b512369efbc33f95784e90cd4c2cbae071d73b250453bc2cdfd52ae20ff17,2688,0,8064,0,True,,analysis/fs_0556_analysis.png,1220618,1de28ca475b732dd93ffeef6245cc590f4c54dbb11236ebcba74de35d6071983,thumbnails/fs_0556.jpg,37986,8b62fef60c6bfffe42e833ff3f7dc96235b654eb44f5423d810e950089dabaf6,dlstupka/hth-baptisms-san-antonio-1788-1824--1858-1898,61efff529fb7330a92f8d423c40c45bc60bb841c,dlstupka/hth,4b88d0aead2931a9d8a127afbd852f196d6b51ec,,,,,,,,,,not_reviewed,,
557,Baptisms_San_Antonio_Baptism_Records_1788-1824_1858-1898.docx,557,rId561,word/media/image557.png,raw/fs_0557.png,PNG,1642,1361,RGB,2185610,92dedeb2b591b7ab3ea819cf7b682da97e3ad7a3450efa4fc64105d580cbc33f,1870927,68a3e0407d00217fbcca080ae4e2a9b9f36e20d40a54b606b0f3f9dd41113334,2688,0,5376,0,True,,analysis/fs_0557_analysis.png,1210167,a1b1caef3404d81fa9a56444168c32a5ac3d596b2768c400590cecbd375869d6,thumbnails/fs_0557.jpg,38484,c4dc4af473c6da2f20e9fb5f45bcdc0c7072d47c5a9c40cd33e2e5e4d2de1483,dlstupka/hth-baptisms-san-antonio-1788-1824--1858-1898,61efff529fb7330a92f8d423c40c45bc60bb841c,dlstupka/hth,4b88d0aead2931a9d8a127afbd852f196d6b51ec,,,,,,,,,,not_reviewed,,
558,Baptisms_San_Antonio_Baptism_Records_1788-1824_1858-1898.docx,558,rId562,word/media/image558.png,raw/fs_0558.png,PNG,1642,1361,RGB,2068016,e4b0cfb41f71bfde065458bfd2d00e03f194ce80ffe27f471686286468c27dd8,1852004,2269ea8f92c463473594fb3716ab2343be2dade8182d611b48c85d0709b62fde,2688,0,5376,0,True,,analysis/fs_0558_analysis.png,1189983,71c708130b9af642b7090f93744deae7c2462ddd31fa83b9db2eb7b49b4f085d,thumbnails/fs_0558.jpg,32948,3b45b2ce3826565157c17f7025cc41808e487ee5a6c938fcb6d0d61be45563f2,dlstupka/hth-baptisms-san-antonio-1788-1824--1858-1898,61efff529fb7330a92f8d423c40c45bc60bb841c,dlstupka/hth,4b88d0aead2931a9d8a127afbd852f196d6b51ec,,,,,,,,,,not_reviewed,,
559,Baptisms_San_Antonio_Baptism_Records_1788-1824_1858-1898.docx,559,rId563,word/media/image559.png,raw/fs_0559.png,PNG,1642,1361,RGB,2090317,2bfe561b6fdc46f8d2f2ffdad5b1d75442ada93c873294a6fa95fd3f93980004,1863498,c94686d391e752ad9044749c3049cc2ff2a68f249eaec2ac00a451ef1367b138,0,0,8064,0,True,,analysis/fs_0559_analysis.png,1185218,8218201c855902dec260f70b607648670effbcfe18d3cb3fae688df4e486f672,thumbnails/fs_0559.jpg,34252,fc352564e4196d03a6e3cc8940060c30fabc06762c487e647c31b790ab972148,dlstupka/hth-baptisms-san-antonio-1788-1824--1858-1898,61efff529fb7330a92f8d423c40c45bc60bb841c,dlstupka/hth,4b88d0aead2931a9d8a127afbd852f196d6b51ec,,,,,,,,,,not_reviewed,,
560,Baptisms_San_Antonio_Baptism_Records_1788-1824_1858-1898.docx,560,rId564,word/media/image560.png,raw/fs_0560.png,PNG,1642,1361,RGB,2088746,912ed0d3af660109d9b7da72a72b9d02a188773ae6ad0113df73242cbb9e31e3,1844916,f7add2d3ad96bfd8ec47e556f4e7f40de2364781401c68ea25eacd373361f741,2688,0,5376,0,True,,analysis/fs_0560_analysis.png,1173742,d3f0945ee4cbc88337a39ac47d68a094a2f5e085889d7d9f64512d5eb8d14567,thumbnails/fs_0560.jpg,33997,5d6fc8c455fa59ecd4719ab288acfd4fea967ee48ff6038201ee6668b5224e24,dlstupka/hth-baptisms-san-antonio-1788-1824--1858-1898,61efff529fb7330a92f8d423c40c45bc60bb841c,dlstupka/hth,4b88d0aead2931a9d8a127afbd852f196d6b51ec,,,,,,,,,,not_reviewed,,
561,Baptisms_San_Antonio_Baptism_Records_1788-1824_1858-1898.docx,561,rId565,word/media/image561.png,raw/fs_0561.png,PNG,1594,1361,RGB,2265375,5d9a514c231da24fd8a7d0695386d170a2187bb0539d76692c487bf9ef8a5a16,1950197,71613bdd10180e05de0b86ddbd67f88abcc82983387047fcecddaa5127e5e1a4,2688,0,8064,0,True,,analysis/fs_0561_analysis.png,1255869,bf5fb265c3a207e38f55ed43b26a530104805225cfbddda5b3b031c3c1ef08f3,thumbnails/fs_0561.jpg,37167,636403f0e1f97370d7a86c9797b64b443d1b7539dcbf722fd96ace0f0a507d99,dlstupka/hth-baptisms-san-antonio-1788-1824--1858-1898,61efff529fb7330a92f8d423c40c45bc60bb841c,dlstupka/hth,4b88d0aead2931a9d8a127afbd852f196d6b51ec,,,,,,,,,,not_reviewed,,
562,Baptisms_San_Antonio_Baptism_Records_1788-1824_1858-1898.docx,562,rId566,word/media/image562.png,raw/fs_0562.png,PNG,1594,1361,RGB,2164676,c211b00259e3630a98ea5b53e41bbac521869aee9caa944824f3a060b55da503,1901135,4ee3a41df5f04030ba0aa9890fc283fd5cf30f7d783c1b2d89a1ae7e6e9c3bf8,2688,0,8064,0,True,,analysis/fs_0562_analysis.png,1220245,023b6a3a545d51fa2f2e5999058e69e755defdaa397660095f0c2d6aea3e6462,thumbnails/fs_0562.jpg,36096,2c31dfb022c4c5652f6e9be431f15ef72b8dbe8ee8ac62646e4de5d2f54c6204,dlstupka/hth-baptisms-san-antonio-1788-1824--1858-1898,61efff529fb7330a92f8d423c40c45bc60bb841c,dlstupka/hth,4b88d0aead2931a9d8a127afbd852f196d6b51ec,,,,,,,,,,not_reviewed,,
563,Baptisms_San_Antonio_Baptism_Records_1788-1824_1858-1898.docx,563,rId567,word/media/image563.png,raw/fs_0563.png,PNG,1594,1361,RGB,2137189,00d59654416ae0135aa1a68bccacbc866b366d5abaf1a43c8ab4a3ea76bf30a0,1874666,2888825d1f59727b5c2b6bbfe7f73a1bef35bbb70e2fdbf421c25ed8410edfa8,2688,0,8064,0,True,,analysis/fs_0563_analysis.png,1200500,5769294adf5ee62d3e06eda2f8ce8e653d5f11d0b7d54cc566d057730cd65ffc,thumbnails/fs_0563.jpg,35591,4c2b32fdfddef1fc01d024827ce275c24e2aa1fce43041bc7fd532acd95a74f9,dlstupka/hth-baptisms-san-antonio-1788-1824--1858-1898,61efff529fb7330a92f8d423c40c45bc60bb841c,dlstupka/hth,4b88d0aead2931a9d8a127afbd852f196d6b51ec,,,,,,,,,,not_reviewed,,
564,Baptisms_San_Antonio_Baptism_Records_1788-1824_1858-1898.docx,564,rId568,word/media/image564.png,raw/fs_0564.png,PNG,1594,1361,RGB,2212383,bd3d5b42f6adf98d2215c33623eb9b590c9056908ef7fc7ebbd1c010610fc3a0,1913302,8d7273b3d0442bf28ace25143f576d3720a82b683760996eba6bf0111a5ec97d,2688,0,8064,0,True,,analysis/fs_0564_analysis.png,1226022,acae493e5774ecdd3664d8aa4236e93e28e49b4a2d589e8293b6ea536167d1b4,thumbnails/fs_0564.jpg,36420,deacc2c4d7be7119aded835734f9183439824453662a02ab57542f66bdafe215,dlstupka/hth-baptisms-san-antonio-1788-1824--1858-1898,61efff529fb7330a92f8d423c40c45bc60bb841c,dlstupka/hth,4b88d0aead2931a9d8a127afbd852f196d6b51ec,,,,,,,,,,not_reviewed,,
565,Baptisms_San_Antonio_Baptism_Records_1788-1824_1858-1898.docx,565,rId569,word/media/image565.png,raw/fs_0565.png,PNG,1594,1361,RGB,2122601,2dc1a51e5c69748aeda241f9ea2eccfd0d86665f7468775a804b737e2fd92703,1856652,24c86d9a025655af1df386587be795425c0b04e15ad5a6633f1f1e0f74b4268f,2688,0,8064,0,True,,analysis/fs_0565_analysis.png,1183279,9c2225f90ced9027b0fc98024396056c3fe7810d6f5b61efcdc0f415c7d0ad60,thumbnails/fs_0565.jpg,36098,a5c48cfc1e4606c459fc20e8ef659cd037a08964940558f2175484fa745df286,dlstupka/hth-baptisms-san-antonio-1788-1824--1858-1898,61efff529fb7330a92f8d423c40c45bc60bb841c,dlstupka/hth,4b88d0aead2931a9d8a127afbd852f196d6b51ec,,,,,,,,,,not_reviewed,,
566,Baptisms_San_Antonio_Baptism_Records_1788-1824_1858-1898.docx,566,rId570,word/media/image566.png,raw/fs_0566.png,PNG,1594,1361,RGB,2059705,d210ef76b50b074c96cff73c8152097e6d5e3e0f3bbb95b1afea991fb8db2d09,1833349,17852216fd080c2ff52efa98b8a877bb8161c626632bd3974a45cd50c820753d,2688,0,8064,0,True,,analysis/fs_0566_analysis.png,1161286,8f815272200b1cbb43aa15e034429c798f3b91c5d08061d365b5a50f19d1d64a,thumbnails/fs_0566.jpg,35130,85a7630d54de2781af58d89f0da4dd943aa264c06161b5d3c001b0ea4f637493,dlstupka/hth-baptisms-san-antonio-1788-1824--1858-1898,61efff529fb7330a92f8d423c40c45bc60bb841c,dlstupka/hth,4b88d0aead2931a9d8a127afbd852f196d6b51ec,,,,,,,,,,not_reviewed,,
567,Baptisms_San_Antonio_Baptism_Records_1788-1824_1858-1898.docx,567,rId571,word/media/image567.png,raw/fs_0567.png,PNG,1642,1361,RGB,2196422,c228d599cfbefe65c472b37be87d91f36361aee53a566113870f3cbaa3768863,1877519,9bf8de2d5823b1bcf62f627bbe1e2feca6487e4ef81124045b70470efa8f03b5,2688,0,5376,0,True,,analysis/fs_0567_analysis.png,1202008,3a6f1f636dae2307887e848e50b177b74afa13d622813db3d92c0cd48f148665,thumbnails/fs_0567.jpg,37823,9601bcad363e0ca33cf26c9f2a35b922bdc5c69179a5e75c61393740c8a9a291,dlstupka/hth-baptisms-san-antonio-1788-1824--1858-1898,61efff529fb7330a92f8d423c40c45bc60bb841c,dlstupka/hth,4b88d0aead2931a9d8a127afbd852f196d6b51ec,,,,,,,,,,not_reviewed,,
568,Baptisms_San_Antonio_Baptism_Records_1788-1824_1858-1898.docx,568,rId572,word/media/image568.png,raw/fs_0568.png,PNG,1594,1361,RGB,2195107,8f5fface9e5d85f2d88409a4da562a01b70b4999c0d6dd6dbe00e6e9adc053f3,1883283,5d81fbd3624f22a5aee6051d58d7319a0f15e0f2458d7f9c01135d1b4005caba,2688,0,8064,0,True,,analysis/fs_0568_analysis.png,1208983,e4644f0a9181a6b7856e1286f91dbf753601feea2661df9a4f65168e8f5d0452,thumbnails/fs_0568.jpg,36709,1c5d59d9bf1e53d770cb33bc613e95fd140e331de5fc68b4dc34e9c5530a9c15,dlstupka/hth-baptisms-san-antonio-1788-1824--1858-1898,61efff529fb7330a92f8d423c40c45bc60bb841c,dlstupka/hth,4b88d0aead2931a9d8a127afbd852f196d6b51ec,,,,,,,,,,not_reviewed,,
569,Baptisms_San_Antonio_Baptism_Records_1788-1824_1858-1898.docx,569,rId573,word/media/image569.png,raw/fs_0569.png,PNG,1642,1361,RGB,2317318,6d740d1169614143199fd394ff29a5f22a49e8d2d64fff208b49c2643837acd4,1950365,37a33e25b1540fefd4c8a1b63015224fefcfa755dffdad42e63dd03a12d54520,2688,0,5376,0,True,,analysis/fs_0569_analysis.png,1269183,4ab39454f6ff9f2d72ade27eb326da4b5c1e77974dc1a9e9653983b730ca5502,thumbnails/fs_0569.jpg,39668,ea6a8fdf2f60d690d1df00fc1dee3955ddbdbff4d2ed844a57bf8d2dd028b212,dlstupka/hth-baptisms-san-antonio-1788-1824--1858-1898,61efff529fb7330a92f8d423c40c45bc60bb841c,dlstupka/hth,4b88d0aead2931a9d8a127afbd852f196d6b51ec,,,,,,,,,,not_reviewed,,
570,Baptisms_San_Antonio_Baptism_Records_1788-1824_1858-1898.docx,570,rId574,word/media/image570.png,raw/fs_0570.png,PNG,1616,1361,RGB,2226991,588ae712379883c7f490a1c9761cd1ec1b47ff7b524e40652df148b55f0a0da7,1907072,daec8154865335b95290c8c45fd9584f55b40a359e9e38a9d9c0892ec2b8065c,1464,0,8065,0,True,,analysis/fs_0570_analysis.png,1228691,ec72d19172cb31f6068d62ccb57551a480c88ad9a8223d4a9c7b9a55287bb45c,thumbnails/fs_0570.jpg,38666,7a868d7bf420368c525ca548b2c5e514eae3daed9a6f374b54431558480841ae,dlstupka/hth-baptisms-san-antonio-1788-1824--1858-1898,61efff529fb7330a92f8d423c40c45bc60bb841c,dlstupka/hth,4b88d0aead2931a9d8a127afbd852f196d6b51ec,,,,,,,,,,not_reviewed,,
571,Baptisms_San_Antonio_Baptism_Records_1788-1824_1858-1898.docx,571,rId575,word/media/image571.png,raw/fs_0571.png,PNG,1642,1361,RGB,2218749,eb07be5d922dea11020235bda6bd4541e81c7e6266b67228539ddb2844bb8a8a,1904607,514ace0fc8dfd15d120dab849a7843188a7cf95c3fc683701545646655c63dbd,2688,0,5376,0,True,,analysis/fs_0571_analysis.png,1218799,b50e09e5fe9e674a113dd0988207e6a877fd5d9202b65874546ad66e239273fb,thumbnails/fs_0571.jpg,38025,b8fc1f792d7607f3f14d87b37c961146b36b24fdb7b8399fabff8ba87a96126f,dlstupka/hth-baptisms-san-antonio-1788-1824--1858-1898,61efff529fb7330a92f8d423c40c45bc60bb841c,dlstupka/hth,4b88d0aead2931a9d8a127afbd852f196d6b51ec,,,,,,,,,,not_reviewed,,
572,Baptisms_San_Antonio_Baptism_Records_1788-1824_1858-1898.docx,572,rId576,word/media/image572.png,raw/fs_0572.png,PNG,1642,1361,RGB,2320200,1eecc77ae31e1330d64e28908ea37ba132d67fe7d3a745bd5d9ada89341a0b19,1947061,4da7fe0cc91ad73c02f0e5f5292d70c8c6602f8746df4b5ca4fdfc3561411213,2688,0,5376,0,True,,analysis/fs_0572_analysis.png,1258873,1353b19254e81e4f72fe4b1087e945ac195d410766a1f7c14d84bf0d2b55f5c9,thumbnails/fs_0572.jpg,40781,2ca0631987e328099ad8e252cc0d100e64626f413ed8c2a89b15fea385e50ee4,dlstupka/hth-baptisms-san-antonio-1788-1824--1858-1898,61efff529fb7330a92f8d423c40c45bc60bb841c,dlstupka/hth,4b88d0aead2931a9d8a127afbd852f196d6b51ec,,,,,,,,,,not_reviewed,,
573,Baptisms_San_Antonio_Baptism_Records_1788-1824_1858-1898.docx,573,rId577,word/media/image573.png,raw/fs_0573.png,PNG,1642,1361,RGB,2342818,842c98e7cdb6f63a0724ce8ae91f686ee623cc8218bd1a5a1e07fddb2f44eb99,1981313,7a491d1e31c6d05b6db944f38896267080849a0ff92aa7b8712671dcbbc5b43f,2688,0,5376,0,True,,analysis/fs_0573_analysis.png,1273426,398ae3485fa6146bc5bbc82fca8f52f9beb90c2f025a7bc6b600658b7ee266ca,thumbnails/fs_0573.jpg,39868,2018781be8aaa2df79dd9d372b133e6f152b7be01f7fa8b0b18eadcb5b59b82b,dlstupka/hth-baptisms-san-antonio-1788-1824--1858-1898,61efff529fb7330a92f8d423c40c45bc60bb841c,dlstupka/hth,4b88d0aead2931a9d8a127afbd852f196d6b51ec,,,,,,,,,,not_reviewed,,
574,Baptisms_San_Antonio_Baptism_Records_1788-1824_1858-1898.docx,574,rId578,word/media/image574.png,raw/fs_0574.png,PNG,1690,1361,RGB,2317638,edf0aaf713295585fdb014fa77d856e7769d0e952c355a7c44ee09eec5913037,1977340,536ca6e775d607f434e0d4907bfc409b9d3b0c00b831f168463a45ac82820e20,0,0,5376,0,True,,analysis/fs_0574_analysis.png,1280676,ef7b3e7f0ebc1126ca39bb7c9569d391d3e0132444747839b06b3650a6364acb,thumbnails/fs_0574.jpg,37643,ba479e909dd8d4c018bede4f9fc3a3056ec06549fb6b405d68a44593f4ed4aed,dlstupka/hth-baptisms-san-antonio-1788-1824--1858-1898,61efff529fb7330a92f8d423c40c45bc60bb841c,dlstupka/hth,4b88d0aead2931a9d8a127afbd852f196d6b51ec,,,,,,,,,,not_reviewed,,
575,Baptisms_San_Antonio_Baptism_Records_1788-1824_1858-1898.docx,575,rId579,word/media/image575.png,raw/fs_0575.png,PNG,1594,1361,RGB,2157165,6fb2f4ffdaf9d69333093c5e95769a676d953d66c012ed9c275f9ee5fa202404,1894508,4d56f2f5313096634db71e5ca71b229cca752c68c852fd14661c762e006318bf,2688,0,8064,0,True,,analysis/fs_0575_analysis.png,1222431,3cb0255e13c5f3f8975ac6e82785f38fbe3650ec4e2f601eed8b452d2e80ff4d,thumbnails/fs_0575.jpg,33919,2446edfc5b9966a4c43de4fcfbb3eabd6de81790da7329e0edb829f2e469ee9a,dlstupka/hth-baptisms-san-antonio-1788-1824--1858-1898,61efff529fb7330a92f8d423c40c45bc60bb841c,dlstupka/hth,4b88d0aead2931a9d8a127afbd852f196d6b51ec,,,,,,,,,,not_reviewed,,
576,Baptisms_San_Antonio_Baptism_Records_1788-1824_1858-1898.docx,576,rId580,word/media/image576.png,raw/fs_0576.png,PNG,1614,1361,RGB,2161936,e33740c7e3d373b1be4107b493945ef2bed02103446af4a21458e02323f06b3e,1878462,237783e030b366da08591e992c48de9bbbc04f02b938fdd246af656884fd5b73,1541,0,8064,0,True,,analysis/fs_0576_analysis.png,1217332,3f02bbf5197ee11bdea89fe795e3acfb456f22aedd369113ceb67461bcd244b1,thumbnails/fs_0576.jpg,35118,35383661bc29b944c33c7c782e1effea23b4e554d99ba59c7a5f53cb3cd63c30,dlstupka/hth-baptisms-san-antonio-1788-1824--1858-1898,61efff529fb7330a92f8d423c40c45bc60bb841c,dlstupka/hth,4b88d0aead2931a9d8a127afbd852f196d6b51ec,,,,,,,,,,not_reviewed,,
577,Baptisms_San_Antonio_Baptism_Records_1788-1824_1858-1898.docx,577,rId581,word/media/image577.png,raw/fs_0577.png,PNG,1642,1361,RGB,2115560,10a7f3c1360e837d0ac9ba75073e260a0334a1d66180625d3bf69bc08898a28e,1881362,c1b1c8273b09a95cae9f4f0bd7b065e2c73776beea4a14eb5b81939f6f8eac12,2688,0,5376,0,True,,analysis/fs_0577_analysis.png,1200410,c439505ad44508298c15183190b073b6484de0f8d563f13415ccaf7ab15c7929,thumbnails/fs_0577.jpg,34374,258b7f65b37f213077e8c1caf458ccf79f2658d6de6bdc40ab9c6de4b1ee79cd,dlstupka/hth-baptisms-san-antonio-1788-1824--1858-1898,61efff529fb7330a92f8d423c40c45bc60bb841c,dlstupka/hth,4b88d0aead2931a9d8a127afbd852f196d6b51ec,,,,,,,,,,not_reviewed,,
578,Baptisms_San_Antonio_Baptism_Records_1788-1824_1858-1898.docx,578,rId582,word/media/image578.png,raw/fs_0578.png,PNG,1594,1361,RGB,2056554,e91be5a1c0965ed3bad09241e938e4def2273c5f9dedc677ebf16a0bfa49f886,1865618,5db9907115fb9179acab11cdfe9878ed844b0499956823ce950f6308a76e73f4,2688,0,8064,0,True,,analysis/fs_0578_analysis.png,1184722,5a0741750ce08e21d1d14395ad3fd04ae4a173e0f34452f63c3641e25f6a1506,thumbnails/fs_0578.jpg,32431,d6e307022ad0f7ba4ead5e6146bdadb655703e8040e503b691ae44c88fa12bcd,dlstupka/hth-baptisms-san-antonio-1788-1824--1858-1898,61efff529fb7330a92f8d423c40c45bc60bb841c,dlstupka/hth,4b88d0aead2931a9d8a127afbd852f196d6b51ec,,,,,,,,,,not_reviewed,,
579,Baptisms_San_Antonio_Baptism_Records_1788-1824_1858-1898.docx,579,rId583,word/media/image579.png,raw/fs_0579.png,PNG,1594,1361,RGB,2054954,7b950673a2e92653d3c552a2f0e87970aedb4c6aff19590c9ed4875d341c188e,1847431,9fd7879ae638346502753ac738860c6c6209a1956acdbf131194ec199ee6b0d2,2688,0,8064,0,True,,analysis/fs_0579_analysis.png,1157845,aff8ecfecae69cf3ff158c8dee47bdedea262427c66a6570d389232c362f001d,thumbnails/fs_0579.jpg,33343,3083c3cf30e4211d1513bfd23cc06fab8984918c6662a6f00f11c3b499067031,dlstupka/hth-baptisms-san-antonio-1788-1824--1858-1898,61efff529fb7330a92f8d423c40c45bc60bb841c,dlstupka/hth,4b88d0aead2931a9d8a127afbd852f196d6b51ec,,,,,,,,,,not_reviewed,,
580,Baptisms_San_Antonio_Baptism_Records_1788-1824_1858-1898.docx,580,rId584,word/media/image580.png,raw/fs_0580.png,PNG,1594,1361,RGB,2147527,2c730caf09a880db37f1bc358f13e39f3a4f71b0e0f9c59b2b77e3482f16a0a6,1873101,83e3e832876f0475bc5855859ff8c8a87bd70673b1483e0ffcc667995ab13485,2688,0,8064,0,True,,analysis/fs_0580_analysis.png,1193896,d23a7b89c2a7ad2f85e0404937beebc59c0aa420cbad2ef8b8be1ad56dcfbf2c,thumbnails/fs_0580.jpg,35440,bcf886d879d5619ab1bb38a3ab4ef782c706faa6837fc33cb3ce9656ff1a6232,dlstupka/hth-baptisms-san-antonio-1788-1824--1858-1898,61efff529fb7330a92f8d423c40c45bc60bb841c,dlstupka/hth,4b88d0aead2931a9d8a127afbd852f196d6b51ec,,,,,,,,,,not_reviewed,,
581,Baptisms_San_Antonio_Baptism_Records_1788-1824_1858-1898.docx,581,rId585,word/media/image581.png,raw/fs_0581.png,PNG,1642,1361,RGB,2075587,3df0c07697c2dc7d3c93968f5e22e1f332b3705bde97bbee8122226635b8b1b4,1833102,761c0adc145dfe8c4ebbfa7e747d465afdf6dadeb8f3a9a7967d4681b01c9758,2688,0,5376,0,True,,analysis/fs_0581_analysis.png,1176178,5c0a53cf413cc01928c3f847fb284f34946cd20ee6c09cacc447845001d08dbd,thumbnails/fs_0581.jpg,33597,7cb60379d337465ab885c66f5131d9b86e0123bbfec18098c15599b28fb29df3,dlstupka/hth-baptisms-san-antonio-1788-1824--1858-1898,61efff529fb7330a92f8d423c40c45bc60bb841c,dlstupka/hth,4b88d0aead2931a9d8a127afbd852f196d6b51ec,,,,,,,,,,not_reviewed,,
582,Baptisms_San_Antonio_Baptism_Records_1788-1824_1858-1898.docx,582,rId586,word/media/image582.png,raw/fs_0582.png,PNG,1642,1361,RGB,2058271,732e41d6a50b9b3554fd309642f2d4a3b05ddf11f2cd62c73fe7721bac71d65d,1826604,00bb4423b204d520f295a2398cf94ba147f4a93632836a8c150a61469118e04c,2688,0,5376,0,True,,analysis/fs_0582_analysis.png,1176379,80881f03ed05cf643a63438653cf8883f94ac68978df9c4d3f797454b79f2253,thumbnails/fs_0582.jpg,33378,1b5d618e05157720d59b0a54fe58c950621d166e337687e9c75522046459d71c,dlstupka/hth-baptisms-san-antonio-1788-1824--1858-1898,61efff529fb7330a92f8d423c40c45bc60bb841c,dlstupka/hth,4b88d0aead2931a9d8a127afbd852f196d6b51ec,,,,,,,,,,not_reviewed,,
583,Baptisms_San_Antonio_Baptism_Records_1788-1824_1858-1898.docx,583,rId587,word/media/image583.png,raw/fs_0583.png,PNG,1642,1361,RGB,1898354,c14c6b3cadadd55b0f73c15272f1f7688c12f58180a863641958ec57de1ccf1a,1738197,66aa6444ace868dc9609e7da5546841749cbff5097f00dcbf67b3fb8732f650e,2688,0,5376,0,True,,analysis/fs_0583_analysis.png,1094161,f1aa3eee735af04aee79684e4d46b1c9123b7ca5a41958cfd402098906587426,thumbnails/fs_0583.jpg,30115,c5d9388833aa2617c9ac7eab6289d235cda948df5821be5859653395bfc968d2,dlstupka/hth-baptisms-san-antonio-1788-1824--1858-1898,61efff529fb7330a92f8d423c40c45bc60bb841c,dlstupka/hth,4b88d0aead2931a9d8a127afbd852f196d6b51ec,,,,,,,,,,not_reviewed,,
584,Baptisms_San_Antonio_Baptism_Records_1788-1824_1858-1898.docx,584,rId588,word/media/image584.png,raw/fs_0584.png,PNG,1594,1361,RGB,1769583,60f7c4a100a6de24b59b44a1117331494cbc067ffe8670b242470b8960f510bb,1685493,c6271b6f8ecd3374e402094c0ba20b92f3c9863ba618ecd7547418abc62b6143,2688,0,8064,0,True,,analysis/fs_0584_analysis.png,1052520,924f78f6f91e1ebb09169ad496a95199abe68c6a0775b763201a0b6cd112b9ab,thumbnails/fs_0584.jpg,26762,879927635b2b0f281e4d3d428e10de18fbcaa65447d6dcd477e6f38a29cf089b,dlstupka/hth-baptisms-san-antonio-1788-1824--1858-1898,61efff529fb7330a92f8d423c40c45bc60bb841c,dlstupka/hth,4b88d0aead2931a9d8a127afbd852f196d6b51ec,,,,,,,,,,not_reviewed,,
585,Baptisms_San_Antonio_Baptism_Records_1788-1824_1858-1898.docx,585,rId589,word/media/image585.png,raw/fs_0585.png,PNG,1594,1361,RGB,1974974,2576ee4862c5175be5caa5c2a6e551c966511f3588c5dff255f5092c9651ccc7,1790099,dfc5c03cde3859222bcf90277ab25b0a6431bc9f3a871ef5462216c1f2256f8c,2688,0,8064,0,True,,analysis/fs_0585_analysis.png,1131309,f07804c93d7f0b0572ab8a2be2165e1473562c9d09909bf461981d80c95ee76d,thumbnails/fs_0585.jpg,32453,91baafcaccc11b628cc003da866e0036afa2ba285c5b2ee9ac81fe46ee1f827a,dlstupka/hth-baptisms-san-antonio-1788-1824--1858-1898,61efff529fb7330a92f8d423c40c45bc60bb841c,dlstupka/hth,4b88d0aead2931a9d8a127afbd852f196d6b51ec,,,,,,,,,,not_reviewed,,
586,Baptisms_San_Antonio_Baptism_Records_1788-1824_1858-1898.docx,586,rId590,word/media/image586.png,raw/fs_0586.png,PNG,1642,1361,RGB,2105883,974eeebeab64f6a158da751b43e3e113f10fd7276a1e73566adc9907e6395ce9,1855910,353600cca096383a04222d809d8faf3470c06ba20242e86a163b139a30dee0cd,2688,0,5376,0,True,,analysis/fs_0586_analysis.png,1176311,9a510bb827cf8691441f6d8f1d055245e2b31a5a91bcf5bbf108680b7ac83d06,thumbnails/fs_0586.jpg,35558,cad8f9e3381f9a9ff0c40efc52e98f1df623ce72615a1121e25c638595dee47e,dlstupka/hth-baptisms-san-antonio-1788-1824--1858-1898,61efff529fb7330a92f8d423c40c45bc60bb841c,dlstupka/hth,4b88d0aead2931a9d8a127afbd852f196d6b51ec,,,,,,,,,,not_reviewed,,
587,Baptisms_San_Antonio_Baptism_Records_1788-1824_1858-1898.docx,587,rId591,word/media/image587.png,raw/fs_0587.png,PNG,1642,1361,RGB,2119908,c7fe6bb6d4342e5f816782953e97bc267240c6b02ff730408c31eba1f99f5e2e,1838833,efbe4574eb2343fd19dfa13e3ff5515ffe04ae34103c02ca1fd62fbc34be8bd0,2688,0,5376,0,True,,analysis/fs_0587_analysis.png,1176942,60d0ff82382ac638830a15a36946308b8eaed56c3f35e5bc33386f76dcb4cdb8,thumbnails/fs_0587.jpg,36914,ea86d7f18be28305d732e5d83124675d2d760ca5f8fafb4475d81c9fb5880399,dlstupka/hth-baptisms-san-antonio-1788-1824--1858-1898,61efff529fb7330a92f8d423c40c45bc60bb841c,dlstupka/hth,4b88d0aead2931a9d8a127afbd852f196d6b51ec,,,,,,,,,,not_reviewed,,
588,Baptisms_San_Antonio_Baptism_Records_1788-1824_1858-1898.docx,588,rId592,word/media/image588.png,raw/fs_0588.png,PNG,1642,1361,RGB,2160141,de53c5534b895424ef232130bf69291596bd2994a9c8095e56d1255d04c2e0f3,1846393,97f905df41349812dbaf06ce461ecd24c965dbaaad0d03f9fe7fc79fe60e8bef,2688,0,5376,0,True,,analysis/fs_0588_analysis.png,1185706,af2fb1e0921da3dc658f6d3c2e19c9462274ba263de0221ccee809fb383429bf,thumbnails/fs_0588.jpg,37312,a3b779e38b0581951fcaf43caac06526f0d4f2238e19b2b73343dc31f17cee0d,dlstupka/hth-baptisms-san-antonio-1788-1824--1858-1898,61efff529fb7330a92f8d423c40c45bc60bb841c,dlstupka/hth,4b88d0aead2931a9d8a127afbd852f196d6b51ec,,,,,,,,,,not_reviewed,,
589,Baptisms_San_Antonio_Baptism_Records_1788-1824_1858-1898.docx,589,rId593,word/media/image589.png,raw/fs_0589.png,PNG,1738,1361,RGB,2410628,dc6822ae442b5804976db66064607c67968d1426a14e051f93188fb28a072361,2058984,a0b880a6268c53e9163a07639aebe4a6c5b947c1663e55c5fe44099451ff49fa,0,0,2688,0,True,,analysis/fs_0589_analysis.png,1365527,f2ff9945d5f98a37288ed6d3eb9354436682c7bba796fc2de1ddd0d4310fe3b0,thumbnails/fs_0589.jpg,41164,f8db55644efeb5ee2a9b3328201ef88fbc6c9ea6d6fc197db4cc3d72ea9873f2,dlstupka/hth-baptisms-san-antonio-1788-1824--1858-1898,61efff529fb7330a92f8d423c40c45bc60bb841c,dlstupka/hth,4b88d0aead2931a9d8a127afbd852f196d6b51ec,,,,,,,,,,not_reviewed,,
590,Baptisms_San_Antonio_Baptism_Records_1788-1824_1858-1898.docx,590,rId594,word/media/image590.png,raw/fs_0590.png,PNG,1594,1361,RGB,2164088,cf9162b136583c42ab46070d1e58456bb0ac982f7f4aa66118fd73ce4eef3486,1895315,6734d0e7171e5ac6d301602ff5cc15ad4efac9f774b10953e1a6b3fabd917b77,2688,0,8064,0,True,,analysis/fs_0590_analysis.png,1219750,b8bd6049e80ef2fdffbdd10a81ef040d63967c15df18c9e079009969bbd10732,thumbnails/fs_0590.jpg,36035,b5202e52090dd5fd38c272ef3172bdc6db81e9defa3879855487e63a2efb7118,dlstupka/hth-baptisms-san-antonio-1788-1824--1858-1898,61efff529fb7330a92f8d423c40c45bc60bb841c,dlstupka/hth,4b88d0aead2931a9d8a127afbd852f196d6b51ec,,,,,,,,,,not_reviewed,,
591,Baptisms_San_Antonio_Baptism_Records_1788-1824_1858-1898.docx,591,rId595,word/media/image591.png,raw/fs_0591.png,PNG,1573,1361,RGB,2224161,742107324b32827d2febfec83db960b91c4300e0c20c11683187776d51960b94,1922632,f0f1bcad1f874d39b0ff474c821c72f6bf48f2a27fc7ebb0ec63ca9e14baed5c,1156,0,10752,0,True,,analysis/fs_0591_analysis.png,1217438,fd688c578d1edc43e06e06b9c7ee094815e3ef112514a16821967b602318c004,thumbnails/fs_0591.jpg,37299,99ce15f8e05cabbb2a745329c85114282fb0304ef1adcf4ca6e385e620fce850,dlstupka/hth-baptisms-san-antonio-1788-1824--1858-1898,61efff529fb7330a92f8d423c40c45bc60bb841c,dlstupka/hth,4b88d0aead2931a9d8a127afbd852f196d6b51ec,,,,,,,,,,not_reviewed,,
592,Baptisms_San_Antonio_Baptism_Records_1788-1824_1858-1898.docx,592,rId596,word/media/image592.png,raw/fs_0592.png,PNG,1594,1361,RGB,2169700,ba70d00591fed4fe25ca8ef90350392a1cbffa21ae93f77e7eb7aa4100ab9d9e,1890440,955477ad0ce91580d42059aaf2f889e992c4b5f131f619c5b834b8e873b9198a,2688,0,8064,0,True,,analysis/fs_0592_analysis.png,1194691,a8008f2825012b0dfb193b4ff87b9dd3a816b59c2620c2c148eea0df6bb38601,thumbnails/fs_0592.jpg,36225,ac3edba9ea472e9518a63c55537cea3081c8cfb6a30694362e5a20258c904c04,dlstupka/hth-baptisms-san-antonio-1788-1824--1858-1898,61efff529fb7330a92f8d423c40c45bc60bb841c,dlstupka/hth,4b88d0aead2931a9d8a127afbd852f196d6b51ec,,,,,,,,,,not_reviewed,,
593,Baptisms_San_Antonio_Baptism_Records_1788-1824_1858-1898.docx,593,rId597,word/media/image593.png,raw/fs_0593.png,PNG,1594,1361,RGB,2132344,1f464f4ac7c40ab99e23266b29a3193ead6f8b63b983b01af9b9fab3b524ab0e,1871686,27995316ebe3ff9e7a866cbc7bee7d6774ff2019ec894b016168e269f04d4330,2688,0,8064,0,True,,analysis/fs_0593_analysis.png,1179593,f00d00a4872a29a02e5b9d6f9b964b7079f4fdfabea882ce5fbe7a3831becc65,thumbnails/fs_0593.jpg,36375,9fcb6cd399a588aa7935dff95b86038cd159ea831fc92540dd4cccfd30d3e134,dlstupka/hth-baptisms-san-antonio-1788-1824--1858-1898,61efff529fb7330a92f8d423c40c45bc60bb841c,dlstupka/hth,4b88d0aead2931a9d8a127afbd852f196d6b51ec,,,,,,,,,,not_reviewed,,
594,Baptisms_San_Antonio_Baptism_Records_1788-1824_1858-1898.docx,594,rId598,word/media/image594.png,raw/fs_0594.png,PNG,1594,1361,RGB,2170240,a66b41938ca1509b3aee402ea74d7e82f82c2a4aad6d0ee346fc8a146f501a00,1870245,3dcb1d4b7e8967604404917f14987d87279e514a029ec4e1c12f7d7b85c925d3,2688,0,8064,0,True,,analysis/fs_0594_analysis.png,1183967,fc067d3f9056bb03a5b70ec6b6573345af8f92b0e1a6f66b9a73f3394b9a7667,thumbnails/fs_0594.jpg,37572,74e01d60f2fd34bf93358e4e3f91a098aa356e26bc0bdc51c0555f7d161260db,dlstupka/hth-baptisms-san-antonio-1788-1824--1858-1898,61efff529fb7330a92f8d423c40c45bc60bb841c,dlstupka/hth,4b88d0aead2931a9d8a127afbd852f196d6b51ec,,,,,,,,,,not_reviewed,,
595,Baptisms_San_Antonio_Baptism_Records_1788-1824_1858-1898.docx,595,rId599,word/media/image595.png,raw/fs_0595.png,PNG,1594,1361,RGB,2025128,2da68e4d9a022c5870b6f52d52c8c39dbf47f2cdc3376abebe9b907da366cbc3,1788189,3d5d745737b2997466edab7204eb7ca1ca9d9de1a422c2cf342e2194c0f95727,2688,0,8064,0,True,,analysis/fs_0595_analysis.png,1121850,c11313523975508cb27227026d37f28fd43c1411c7bf11c865556268d47e3737,thumbnails/fs_0595.jpg,34489,c93721bade2f5a1f9a9f084d59dc0efb449d5c56be1004b69cd80edac86434db,dlstupka/hth-baptisms-san-antonio-1788-1824--1858-1898,61efff529fb7330a92f8d423c40c45bc60bb841c,dlstupka/hth,4b88d0aead2931a9d8a127afbd852f196d6b51ec,,,,,,,,,,not_reviewed,,
596,Baptisms_San_Antonio_Baptism_Records_1788-1824_1858-1898.docx,596,rId600,word/media/image596.png,raw/fs_0596.png,PNG,1594,1361,RGB,2102477,e9cef4b1ef2940bf8044fd296d4f8426b42372457c0bd58f55ab5d75f2933eaa,1834349,a9497659660abef1f2cd12b2f784ed432bdcfebfcb95bf2b02215ddcacf580b1,2688,0,8064,0,True,,analysis/fs_0596_analysis.png,1148663,ad43938444da779c943f8be5445a5d6e4779daa7b45750b75839c87e97cc3ba4,thumbnails/fs_0596.jpg,36704,6ba5bfc18cdf5cd93c96b6bd6c3ff6ad29b9ea79ced83f1f47366f5d5406d323,dlstupka/hth-baptisms-san-antonio-1788-1824--1858-1898,61efff529fb7330a92f8d423c40c45bc60bb841c,dlstupka/hth,4b88d0aead2931a9d8a127afbd852f196d6b51ec,,,,,,,,,,not_reviewed,,
597,Baptisms_San_Antonio_Baptism_Records_1788-1824_1858-1898.docx,597,rId601,word/media/image597.png,raw/fs_0597.png,PNG,1642,1361,RGB,2302819,30ab0e072eb697534ed3e0818e009bb1e26c1ae7bed35d224a63268212c767a5,1946737,c75c88b16defc1543e82e9dd57553f312eaccbb851d719e44ba57d27fe496878,2688,0,5376,0,True,,analysis/fs_0597_analysis.png,1277804,e1f89cb045069be2c63e146511642c9decf9a3d6a55e44157a02a6ea0b6bfc36,thumbnails/fs_0597.jpg,38814,f67b1e7644a787b8491f140d3da339116693a7b50440106ebb02bd8cbeb20f6d,dlstupka/hth-baptisms-san-antonio-1788-1824--1858-1898,61efff529fb7330a92f8d423c40c45bc60bb841c,dlstupka/hth,4b88d0aead2931a9d8a127afbd852f196d6b51ec,,,,,,,,,,not_reviewed,,
598,Baptisms_San_Antonio_Baptism_Records_1788-1824_1858-1898.docx,598,rId602,word/media/image598.png,raw/fs_0598.png,PNG,1642,1361,RGB,2365588,1b46cc595d1380a45e3c370b9db857a80c9a5ae2d84fc85747e5f0b94e2e5115,1964186,50e785fabfdfafa4c7a93c154680aec90d93a367bbda8ee66acd0c1b0a33bd47,5376,0,2688,0,True,,analysis/fs_0598_analysis.png,1289589,45b5fc3234a9527c5440470963dd90d1ac2fc3fe50a5801cbb3e1571c2ee71f7,thumbnails/fs_0598.jpg,39698,a43ca4b894551056e230ca5043c55d4ac00fd1f00d4af607904ace49d59260b8,dlstupka/hth-baptisms-san-antonio-1788-1824--1858-1898,61efff529fb7330a92f8d423c40c45bc60bb841c,dlstupka/hth,4b88d0aead2931a9d8a127afbd852f196d6b51ec,,,,,,,,,,not_reviewed,,
599,Baptisms_San_Antonio_Baptism_Records_1788-1824_1858-1898.docx,599,rId603,word/media/image599.png,raw/fs_0599.png,PNG,1690,1361,RGB,2413657,1bc46d552da93d86f4959103c9e1f1de163ed9f54abab28de93a11afdfc9bceb,1986451,50c7fe1532d42af69714c8d3076f9af30f31255369bde078ccc7c4f3cfcabe5d,2688,0,2688,0,True,,analysis/fs_0599_analysis.png,1304362,21aad442d8fe4570a56762f24ef11523d6c1e420dd9dcdc0d90ea9d693913001,thumbnails/fs_0599.jpg,41322,70a9bd2f02cd379e3ce46a19741c13cd8700f125e8efc2a855d2d4b2ca7ee9d9,dlstupka/hth-baptisms-san-antonio-1788-1824--1858-1898,61efff529fb7330a92f8d423c40c45bc60bb841c,dlstupka/hth,4b88d0aead2931a9d8a127afbd852f196d6b51ec,,,,,,,,,,not_reviewed,,
600,Baptisms_San_Antonio_Baptism_Records_1788-1824_1858-1898.docx,600,rId604,word/media/image600.png,raw/fs_0600.png,PNG,1738,1361,RGB,2675708,2a8faa038fbe59d9c7bbafd0ad068efba73e9ae31e6966c32cb6f651ea3b2cbd,2178077,d4ebf984a819f89a18e5faa2da0d0352ae8674f654493beddc904fe32e289467,0,0,2688,0,True,,analysis/fs_0600_analysis.png,1460136,deb33e8447c6351d3d6c0ab347ecc5e4451782b91755424b58243d104a0a81c1,thumbnails/fs_0600.jpg,48916,75a2caa7912ce6882c02330ed2a36d8ac17a879fd01d1ced9b4a12edcdcab765,dlstupka/hth-baptisms-san-antonio-1788-1824--1858-1898,61efff529fb7330a92f8d423c40c45bc60bb841c,dlstupka/hth,4b88d0aead2931a9d8a127afbd852f196d6b51ec,,,,,,,,,,not_reviewed,,
601,Baptisms_San_Antonio_Baptism_Records_1788-1824_1858-1898.docx,601,rId605,word/media/image601.png,raw/fs_0601.png,PNG,1642,1361,RGB,2209929,a28d72069f4a602ef3abeae236bd4fff9106f174e2926f8bc25b774db8ac0720,1855724,377aa517d6eedf9d980ff3ac492bd5ae3995631f00ce5b9f7c0f2c4198388400,2688,0,5376,0,True,,analysis/fs_0601_analysis.png,1217768,9d2b7b72590772bb0a59d749ece8997ea00c69daf7b310e9d6103a0a6e57c134,thumbnails/fs_0601.jpg,38840,c37aa249963271c3b05b516822f82db330d8f1f3fc54281573003b2b275884cf,dlstupka/hth-baptisms-san-antonio-1788-1824--1858-1898,61efff529fb7330a92f8d423c40c45bc60bb841c,dlstupka/hth,4b88d0aead2931a9d8a127afbd852f196d6b51ec,,,,,,,,,,not_reviewed,,
602,Baptisms_San_Antonio_Baptism_Records_1788-1824_1858-1898.docx,602,rId606,word/media/image602.png,raw/fs_0602.png,PNG,1594,1361,RGB,2205496,795fb4f27cf70f04c9cb5755e71d04320c57448c315c9905941afc4ae43ce6be,1829594,156f24f6ee6cbf5f7b96737e9eb6cff60c8d5d2c88b601a6de1183d3109c4d52,5376,0,5376,0,True,,analysis/fs_0602_analysis.png,1209043,dd623326d934801f4af61c374f129c5be6844e35dd0b35937d21bd207c1dfe4e,thumbnails/fs_0602.jpg,36301,f93da33177cc7ddc98ef1ff4e58aa4bd27510c280783d2cf1ac96c4c66d9fb87,dlstupka/hth-baptisms-san-antonio-1788-1824--1858-1898,61efff529fb7330a92f8d423c40c45bc60bb841c,dlstupka/hth,4b88d0aead2931a9d8a127afbd852f196d6b51ec,,,,,,,,,,not_reviewed,,
603,Baptisms_San_Antonio_Baptism_Records_1788-1824_1858-1898.docx,603,rId607,word/media/image603.png,raw/fs_0603.png,PNG,1642,1361,RGB,2329955,7bb64c1614b0f6f7198b2b8abe30104394e3e200bce8ffa51178387ebe172c02,1953499,ef65494ba85cac3a9f6274e9dfbf7c388d3527f792c12b9102b6241ef7ccd5d2,5376,0,2688,0,True,,analysis/fs_0603_analysis.png,1293884,2ea9a2098e88eb1fc69ca9033b0c84aa078811ada6fc32eb4cb3d7f1cf767ef1,thumbnails/fs_0603.jpg,39006,35db32c6979e8bf18687a45c438eb25986f2e3b7a80c8d8460ac2fb24ed652b7,dlstupka/hth-baptisms-san-antonio-1788-1824--1858-1898,61efff529fb7330a92f8d423c40c45bc60bb841c,dlstupka/hth,4b88d0aead2931a9d8a127afbd852f196d6b51ec,,,,,,,,,,not_reviewed,,
604,Baptisms_San_Antonio_Baptism_Records_1788-1824_1858-1898.docx,604,rId608,word/media/image604.png,raw/fs_0604.png,PNG,1690,1361,RGB,2542511,d0d0600e489bbe350b00b97cf852b0a29c574ba7834a991d26169c3373e20480,2114754,deb80c888a80dd15bfb5deb469977a638ecc46e9af292ee3a4f07ad3d9fbae9e,2688,0,2688,0,True,,analysis/fs_0604_analysis.png,1412586,4b1976d98a37c789dd3a713ee1cc6e2739aab98699453fb1b98f67d7e2702e65,thumbnails/fs_0604.jpg,44849,39910e31c077ea2335dfc38dab13198b4ba3ef28169c0ca24445c9bee90726dc,dlstupka/hth-baptisms-san-antonio-1788-1824--1858-1898,61efff529fb7330a92f8d423c40c45bc60bb841c,dlstupka/hth,4b88d0aead2931a9d8a127afbd852f196d6b51ec,,,,,,,,,,not_reviewed,,
605,Baptisms_San_Antonio_Baptism_Records_1788-1824_1858-1898.docx,605,rId609,word/media/image605.png,raw/fs_0605.png,PNG,1690,1361,RGB,2436119,7295fdc86a25ee7eacca2cf3dbef0e9ce3ce5d2b07a27d6242f190df9dd6b87b,2018575,18f31d91b94992dcaf50446fe421da475a64e660a44774334c44ed276050daf0,2688,0,2688,0,True,,analysis/fs_0605_analysis.png,1342810,036535d08d624ad011011f97f38df3df86953909a6a2d2d7de2b0e7565387488,thumbnails/fs_0605.jpg,41759,39d2310e8f937381bbc5a21587df7e8b76cc6c9c39e691e8f18b73c2e986a360,dlstupka/hth-baptisms-san-antonio-1788-1824--1858-1898,61efff529fb7330a92f8d423c40c45bc60bb841c,dlstupka/hth,4b88d0aead2931a9d8a127afbd852f196d6b51ec,,,,,,,,,,not_reviewed,,
606,Baptisms_San_Antonio_Baptism_Records_1788-1824_1858-1898.docx,606,rId610,word/media/image606.png,raw/fs_0606.png,PNG,1546,1361,RGB,2257565,7117f9d3cdeba4728fda75b35a9f291227ec6de19ad158cb3ab01defd4e40d1b,1915098,e6941fd2447576c60ddb1e40baedb969eb028c72afe5d7629e1f357716639b42,2688,0,10752,0,True,,analysis/fs_0606_analysis.png,1238608,6a35eea366440be08b3531959f97ad294524b9b1fb03d6def7ad57b85d69f263,thumbnails/fs_0606.jpg,37947,085dc96f1b146b1a18a249982c8dc43988b960cb34fe6d4ca0608ab131f676c3,dlstupka/hth-baptisms-san-antonio-1788-1824--1858-1898,61efff529fb7330a92f8d423c40c45bc60bb841c,dlstupka/hth,4b88d0aead2931a9d8a127afbd852f196d6b51ec,,,,,,,,,,not_reviewed,,
607,Baptisms_San_Antonio_Baptism_Records_1788-1824_1858-1898.docx,607,rId611,word/media/image607.png,raw/fs_0607.png,PNG,1658,1361,RGB,2480771,8a8c3cbeb3c6fc8de27bec2ff17f6093c6c8602320ae7be7b893cabbadf8cd38,2054161,201aecce4560a976c316b8227560bc5e5b3d5bb95084e4c843fac9abe229c869,5858,0,1268,0,True,,analysis/fs_0607_analysis.png,1371498,983a964bf16a13c7f120baeac05c42e7e28e1b22d5451388ce553feb106e05d7,thumbnails/fs_0607.jpg,43175,b3907815d355bc8db70b450495c571dbac37971c185517c2de3e93516f16a6de,dlstupka/hth-baptisms-san-antonio-1788-1824--1858-1898,61efff529fb7330a92f8d423c40c45bc60bb841c,dlstupka/hth,4b88d0aead2931a9d8a127afbd852f196d6b51ec,,,,,,,,,,not_reviewed,,
608,Baptisms_San_Antonio_Baptism_Records_1788-1824_1858-1898.docx,608,rId612,word/media/image608.png,raw/fs_0608.png,PNG,1738,1361,RGB,2198659,7f37bdb295004da730ee488f9e92b8d3cefc20bddfdfe30337295a2db465ec62,1953113,f7cdfaa32ab2678adcf4febca53ee6bd6c8d1a3a8e5c4ae10ef95b3b7778d85c,0,0,2688,0,True,,analysis/fs_0608_analysis.png,1284935,486029e9249d787660926c676729718404245e0c8de7ec6e20ae7bbef0d6e99f,thumbnails/fs_0608.jpg,35523,5915ac2a434390c917ce9324ff2d6f2e0accd8b1eaf39890a65e52af3fcf6fa7,dlstupka/hth-baptisms-san-antonio-1788-1824--1858-1898,61efff529fb7330a92f8d423c40c45bc60bb841c,dlstupka/hth,4b88d0aead2931a9d8a127afbd852f196d6b51ec,,,,,,,,,,not_reviewed,,
609,Baptisms_San_Antonio_Baptism_Records_1788-1824_1858-1898.docx,609,rId613,word/media/image609.png,raw/fs_0609.png,PNG,1594,1361,RGB,1685402,a7ac29a655f5d02269aac58f2d85953e47ad9f5f0129bb9a413e424f94cb8f54,1658636,40b71beba864c7d674b287ef90fa12e2b24306ce4bbc4d3cfa1d1b4329918bc6,2688,0,8064,0,True,,analysis/fs_0609_analysis.png,1040876,99b7b5398c6f25edcd6c31969288705ceda89d29c4e300588a9c7dd277536d9a,thumbnails/fs_0609.jpg,25685,aa8ba060246562d170ba04500b97c909176edcbd80cdbae9dd21d5a26b67ab16,dlstupka/hth-baptisms-san-antonio-1788-1824--1858-1898,61efff529fb7330a92f8d423c40c45bc60bb841c,dlstupka/hth,4b88d0aead2931a9d8a127afbd852f196d6b51ec,,,,,,,,,,not_reviewed,,
610,Baptisms_San_Antonio_Baptism_Records_1788-1824_1858-1898.docx,610,rId614,word/media/image610.png,raw/fs_0610.png,PNG,1642,1361,RGB,1822292,fcb5c4997ab05d431885a69dd7cda734b82e4048f6b5f6250d8bf88426ca902b,1727750,0c9f02e4e40dc67441772aaccffeb51029be48bfbf03500a177834334e72337b,2688,0,5376,0,True,,analysis/fs_0610_analysis.png,1097159,050f8642d92489a50e9f030761c8ecd1f48a03ee59e4cf3c0a4471d8835343c7,thumbnails/fs_0610.jpg,28899,6c7883bb89bde2f6566c38d335fe4f9a68c3c799103f41cd985e2357f530e528,dlstupka/hth-baptisms-san-antonio-1788-1824--1858-1898,61efff529fb7330a92f8d423c40c45bc60bb841c,dlstupka/hth,4b88d0aead2931a9d8a127afbd852f196d6b51ec,,,,,,,,,,not_reviewed,,
611,Baptisms_San_Antonio_Baptism_Records_1788-1824_1858-1898.docx,611,rId615,word/media/image611.png,raw/fs_0611.png,PNG,1594,1361,RGB,1913743,419be5ac9f41c415b8744e549959113c4d873ec8c27355f33809dfc83332a056,1795887,d0117019c7ea512889bf7e367b09b61f6e1f512649239a35a72e90a8f87a5c28,2688,0,8064,0,True,,analysis/fs_0611_analysis.png,1135718,8454311cc9165db4aa8a872e030e45d6c1b36e5e1b8607685fcc12e468b275fd,thumbnails/fs_0611.jpg,29584,797e7cf6ceb63ea0429056dabe1484a5dad2579df6c76a5326875343985778ab,dlstupka/hth-baptisms-san-antonio-1788-1824--1858-1898,61efff529fb7330a92f8d423c40c45bc60bb841c,dlstupka/hth,4b88d0aead2931a9d8a127afbd852f196d6b51ec,,,,,,,,,,not_reviewed,,
612,Baptisms_San_Antonio_Baptism_Records_1788-1824_1858-1898.docx,612,rId616,word/media/image612.png,raw/fs_0612.png,PNG,1738,1361,RGB,2094385,097f1e5aa1ca5eac62c046e9b60ccbb73fb6cafd9e6ae2c2d3c32d6c55f64487,1926166,c1304df2596b73cab53420d66171391cdfdd9ceb3882c12775aee33e89a06742,0,0,2688,0,True,,analysis/fs_0612_analysis.png,1269282,85a6444a1109cbb6c44ee5805ecf4a850cdeedfa7f29511df617a7a2ab72f109,thumbnails/fs_0612.jpg,34846,d8557e46841dde4a9b8922c16f70e718b97da7411ae4fb4a9f931a40a241317d,dlstupka/hth-baptisms-san-antonio-1788-1824--1858-1898,61efff529fb7330a92f8d423c40c45bc60bb841c,dlstupka/hth,4b88d0aead2931a9d8a127afbd852f196d6b51ec,,,,,,,,,,not_reviewed,,
613,Baptisms_San_Antonio_Baptism_Records_1788-1824_1858-1898.docx,613,rId617,word/media/image613.png,raw/fs_0613.png,PNG,1690,1361,RGB,2158334,d8540300c970057b82fb6353b48c8e1b82fa15f46b92e418a7e226e0a6460113,1904103,29c03bbfd33a022276f8e2c5a2e347cc9c91c244b0ffeb15c53ccbf4bd4c1edd,0,0,5376,0,True,,analysis/fs_0613_analysis.png,1220769,d37b9d8fc56b80b2b8405a29e8ae145c4430cdb60ec9f525182a119a19de151f,thumbnails/fs_0613.jpg,36098,9efcab29063edcc6d078fc84dbb92c136001476d33b56bfc64f2a4ad786572dd,dlstupka/hth-baptisms-san-antonio-1788-1824--1858-1898,61efff529fb7330a92f8d423c40c45bc60bb841c,dlstupka/hth,4b88d0aead2931a9d8a127afbd852f196d6b51ec,,,,,,,,,,not_reviewed,,
614,Baptisms_San_Antonio_Baptism_Records_1788-1824_1858-1898.docx,614,rId618,word/media/image614.png,raw/fs_0614.png,PNG,1594,1361,RGB,2243674,0399d368fe8b66e485bc3d3e5d4c1735fb20196e9a05101226b91164df8912c4,1938987,d162b3c213f5e798d7c1a2af6f93a8da500b55d3e20038c0ac126e1662625276,2688,0,8064,0,True,,analysis/fs_0614_analysis.png,1231047,4ae12a835f471cd0929bc51c864f49865684d67e5651c8acb1f4b3da10d6ac55,thumbnails/fs_0614.jpg,37779,054e186ddf6bb479d6acaba2cda76a8d8bacc026ca89d93a89a5cd198dd60eb5,dlstupka/hth-baptisms-san-antonio-1788-1824--1858-1898,61efff529fb7330a92f8d423c40c45bc60bb841c,dlstupka/hth,4b88d0aead2931a9d8a127afbd852f196d6b51ec,,,,,,,,,,not_reviewed,,
615,Baptisms_San_Antonio_Baptism_Records_1788-1824_1858-1898.docx,615,rId619,word/media/image615.png,raw/fs_0615.png,PNG,1594,1361,RGB,2189424,ee86c473f3c8ba39cc5e21c926fcdce08e82fb2ca622cb4c647ffc17bcbbc60d,1890547,f17354cf9740801a63b9428f24a15243aa478b9e45b6ba5f4cfd74722b492d02,2688,0,8064,0,True,,analysis/fs_0615_analysis.png,1204627,a54b07e1d32522168253ae863d41cff5544003c3ec1ed74d0b7574a1c23568f4,thumbnails/fs_0615.jpg,37673,e6c27233e3a9e6bb3a8fa89017ee7d0987c589056afa8d0755a15d1d6908deb8,dlstupka/hth-baptisms-san-antonio-1788-1824--1858-1898,61efff529fb7330a92f8d423c40c45bc60bb841c,dlstupka/hth,4b88d0aead2931a9d8a127afbd852f196d6b51ec,,,,,,,,,,not_reviewed,,
616,Baptisms_San_Antonio_Baptism_Records_1788-1824_1858-1898.docx,616,rId620,word/media/image616.png,raw/fs_0616.png,PNG,1642,1361,RGB,2108193,8d9b4fd1d06547c72230bb8fdc4eb427477f0f9ffe9e1bc8f85aba4c0f8248e9,1847763,f3a3da8842517db59950c0bcab36eb43451e07adaf308756392175c6d94955a3,2688,0,5376,0,True,,analysis/fs_0616_analysis.png,1179149,6bdc544c0815487f94a1299b17dbf44507386aa761dc2bd1079a6b952936422b,thumbnails/fs_0616.jpg,35046,bf4591ec7f0fec13a95ae3713f655451213a1e8643dbaa024b169704f2ab1f63,dlstupka/hth-baptisms-san-antonio-1788-1824--1858-1898,61efff529fb7330a92f8d423c40c45bc60bb841c,dlstupka/hth,4b88d0aead2931a9d8a127afbd852f196d6b51ec,,,,,,,,,,not_reviewed,,
617,Baptisms_San_Antonio_Baptism_Records_1788-1824_1858-1898.docx,617,rId621,word/media/image617.png,raw/fs_0617.png,PNG,1642,1361,RGB,2123431,1ef7737d698462a44779b25b10bc617b4ceab33265a627267668dbe4691fc5e9,1880888,08695b293a9a1e22828603b8afb49e2c552c173075cbaffa94153cf024783e55,2688,0,5376,0,True,,analysis/fs_0617_analysis.png,1199426,59ad0ea29bcd95b7da53d412ef738593f6156e970c6edec94bf55299b0e99d4d,thumbnails/fs_0617.jpg,34818,f86c84101cd3a39b750c4fe8ed1e1254de8aff18e5a1c63a97fb22b45b703002,dlstupka/hth-baptisms-san-antonio-1788-1824--1858-1898,61efff529fb7330a92f8d423c40c45bc60bb841c,dlstupka/hth,4b88d0aead2931a9d8a127afbd852f196d6b51ec,,,,,,,,,,not_reviewed,,
618,Baptisms_San_Antonio_Baptism_Records_1788-1824_1858-1898.docx,618,rId622,word/media/image618.png,raw/fs_0618.png,PNG,1642,1361,RGB,2107975,6f012248a8759b55ac1fb02cc553ea5b7892dcd6c6ff672735dd5b341c6fb710,1868801,be361843436c6e8c60440404bf605eb2f1e7224cf69c9a5fdd9e5ac8eff724a3,2688,0,5376,0,True,,analysis/fs_0618_analysis.png,1192331,87fdf3e05453c6b0ef76247e2e5dc89f6875630b9a2c4841ff679d94f6fc0a7d,thumbnails/fs_0618.jpg,34711,ae22eab00cd9a2311facc605e95f7942eee20ffd4862b76c9a683c126d8cac39,dlstupka/hth-baptisms-san-antonio-1788-1824--1858-1898,61efff529fb7330a92f8d423c40c45bc60bb841c,dlstupka/hth,4b88d0aead2931a9d8a127afbd852f196d6b51ec,,,,,,,,,,not_reviewed,,
619,Baptisms_San_Antonio_Baptism_Records_1788-1824_1858-1898.docx,619,rId623,word/media/image619.png,raw/fs_0619.png,PNG,1642,1361,RGB,2120357,6f8dbee42e78f1c8e594f24cdedf743208b38d634961dcc1f3ea6c2a127baa58,1887992,281ab070e44e5de82463b4d362bfb202ee8f068d332884969abe39468627a0ce,2688,0,5376,0,True,,analysis/fs_0619_analysis.png,1213208,ae49dcc8f02009411fc3d5cb781688c22534f4c24b9fac00498613208f0e0728,thumbnails/fs_0619.jpg,34265,c1d0e6d1c4ce6b181f2ad8b6486233cb2af152b6f96769baf45804447607c4d9,dlstupka/hth-baptisms-san-antonio-1788-1824--1858-1898,61efff529fb7330a92f8d423c40c45bc60bb841c,dlstupka/hth,4b88d0aead2931a9d8a127afbd852f196d6b51ec,,,,,,,,,,not_reviewed,,
620,Baptisms_San_Antonio_Baptism_Records_1788-1824_1858-1898.docx,620,rId624,word/media/image620.png,raw/fs_0620.png,PNG,1594,1361,RGB,1927495,dd402758baf10c96ed17ed6b4e56d27b98cb2bdefba958378739c24193bd1d23,1749595,a8a898f0282dbded9f2aec74e414aa8c22336c8d20307e5833a72bcbab6a8375,2688,0,8064,0,True,,analysis/fs_0620_analysis.png,1118754,869b23ccf4e62ef4f7951f81c3a783441ba126db354521a4c1e4c12c6377a195,thumbnails/fs_0620.jpg,31689,9a450db83ec7474101c667fca6551b96dd04bd523991d6b0db8ca3bb47c3d670,dlstupka/hth-baptisms-san-antonio-1788-1824--1858-1898,61efff529fb7330a92f8d423c40c45bc60bb841c,dlstupka/hth,4b88d0aead2931a9d8a127afbd852f196d6b51ec,,,,,,,,,,not_reviewed,,
621,Baptisms_San_Antonio_Baptism_Records_1788-1824_1858-1898.docx,621,rId625,word/media/image621.png,raw/fs_0621.png,PNG,1642,1361,RGB,2104878,570314b318caded07bd506efe55e1e5a84579d0fb55fe96e699bc55ca127bfc4,1868722,d91f23bf360236537b00fb3f87a7b745b3a3f3df4aacad81e7a317dd76c1718e,2688,0,5376,0,True,,analysis/fs_0621_analysis.png,1199015,11b5a8986bd038fe6a382ae5298e105c68d504e21f36b830e68072a809773112,thumbnails/fs_0621.jpg,34902,7c541581b7dce50ecb16ffe0eadd63f2dfd92b5516a2142f38f2aa1b7a413164,dlstupka/hth-baptisms-san-antonio-1788-1824--1858-1898,61efff529fb7330a92f8d423c40c45bc60bb841c,dlstupka/hth,4b88d0aead2931a9d8a127afbd852f196d6b51ec,,,,,,,,,,not_reviewed,,
622,Baptisms_San_Antonio_Baptism_Records_1788-1824_1858-1898.docx,622,rId626,word/media/image622.png,raw/fs_0622.png,PNG,1642,1361,RGB,2123651,778fce0b43b5be09b2865140aebcf7f7d541c25c9fa219e14501fdae6f9fad45,1871956,bbbb75e05a45e9c9f91dde94363c43a4ea8753c1fb3c10d97e5805cad6dc3599,2688,0,5376,0,True,,analysis/fs_0622_analysis.png,1195051,7d47c9c9e8626541779b6e5901d0127d446c199d307cada30dd84b8aea387d38,thumbnails/fs_0622.jpg,35858,738b7e024a247933a77d6137e8a494cbf4cecc5e6560bcd5b3d93c1397f2c414,dlstupka/hth-baptisms-san-antonio-1788-1824--1858-1898,61efff529fb7330a92f8d423c40c45bc60bb841c,dlstupka/hth,4b88d0aead2931a9d8a127afbd852f196d6b51ec,,,,,,,,,,not_reviewed,,
623,Baptisms_San_Antonio_Baptism_Records_1788-1824_1858-1898.docx,623,rId627,word/media/image623.png,raw/fs_0623.png,PNG,1642,1361,RGB,1909861,fb4ced5c93d313bafbfbd857f7e6e31e7642fcafbbe7a7664d0648990512db59,1772075,6d51d26d3587907ae7294007263d207367d0c9ea2c0ff0b2546ee15d197c8830,2688,0,5376,0,True,,analysis/fs_0623_analysis.png,1121066,2e8b23b00a6734965bcb9b9bd7b7eb55720788dccf8726bdcaba9dad0f828c32,thumbnails/fs_0623.jpg,31464,4abafde334af4ce71834bb84bb551dd85474d30f65ff5a4380478d6e04c1ed7e,dlstupka/hth-baptisms-san-antonio-1788-1824--1858-1898,61efff529fb7330a92f8d423c40c45bc60bb841c,dlstupka/hth,4b88d0aead2931a9d8a127afbd852f196d6b51ec,,,,,,,,,,not_reviewed,,
624,Baptisms_San_Antonio_Baptism_Records_1788-1824_1858-1898.docx,624,rId628,word/media/image624.png,raw/fs_0624.png,PNG,1642,1361,RGB,1989563,efc7bbd199fb4887d233acef94f63b9952dd6ed024c48c0bc1d1a5c90aa9d760,1816530,f48b9cf2db21511c20c58e5753e7da9893693cedeeb3232745ef604effbf640d,2688,0,5376,0,True,,analysis/fs_0624_analysis.png,1165052,a09d50792d86f9009354db57ce110c3a8f846b8fddc2366fa884e8f832564b1a,thumbnails/fs_0624.jpg,32101,0825a927f160c17bfd932e1a1b8b1c240691df3be229f929cebf42f3d802d925,dlstupka/hth-baptisms-san-antonio-1788-1824--1858-1898,61efff529fb7330a92f8d423c40c45bc60bb841c,dlstupka/hth,4b88d0aead2931a9d8a127afbd852f196d6b51ec,,,,,,,,,,not_reviewed,,
625,Baptisms_San_Antonio_Baptism_Records_1788-1824_1858-1898.docx,625,rId629,word/media/image625.png,raw/fs_0625.png,PNG,1621,1361,RGB,2105861,62e6766bbb67305d7c553202e510df0a9adad958a4ddd23a70efa3d6a70b1cf9,1886607,37499b9a3a7445ad55936702f042c1fff2e3356fea2b9ca561c38dd9728c4e13,1156,0,8064,0,True,,analysis/fs_0625_analysis.png,1204430,80bea3984495fea008dcd681fc7e792327a339f1152ae5e9c015db10eb02ce2d,thumbnails/fs_0625.jpg,35282,a0c4f08dafc33810931c99fb325fbf1061f25cd60289e76ff05d375ce7139085,dlstupka/hth-baptisms-san-antonio-1788-1824--1858-1898,61efff529fb7330a92f8d423c40c45bc60bb841c,dlstupka/hth,4b88d0aead2931a9d8a127afbd852f196d6b51ec,,,,,,,,,,not_reviewed,,
626,Baptisms_San_Antonio_Baptism_Records_1788-1824_1858-1898.docx,626,rId630,word/media/image626.png,raw/fs_0626.png,PNG,1594,1361,RGB,2183229,5b7ae2cf1356afb95f0f6da1ffe47aa26bad66272c735b9729b94c318119e608,1919878,73a42914567cdfbc45e7647f1b25e07ce2548e436764da4c644b5907d77bdd4e,2688,0,8064,0,True,,analysis/fs_0626_analysis.png,1240282,830d9bc0783244acb47e47029192799b2fb6aa12311fc12f7cb626f7e517816e,thumbnails/fs_0626.jpg,35940,f31096b7c8d3336df1ca69669033cb6cc2f4e87857adc0840a075b0c98ae16ba,dlstupka/hth-baptisms-san-antonio-1788-1824--1858-1898,61efff529fb7330a92f8d423c40c45bc60bb841c,dlstupka/hth,4b88d0aead2931a9d8a127afbd852f196d6b51ec,,,,,,,,,,not_reviewed,,
627,Baptisms_San_Antonio_Baptism_Records_1788-1824_1858-1898.docx,627,rId631,word/media/image627.png,raw/fs_0627.png,PNG,1642,1361,RGB,2085999,c0238378d81bcbd4477b5e79c48411950354d779ccb97f2e54c3fe0e25251e55,1863013,5e1edf801c3c9391c63fb39762d31ce213968ad74e8860854d6e15360211f504,2688,0,5376,0,True,,analysis/fs_0627_analysis.png,1197411,8a399c6a14e51c5f954d80c72875874a1ad1a039c8dac0dd16da38b7e7ec942f,thumbnails/fs_0627.jpg,32729,6dae30afd94568f28d996a9435824d56cc4a3eb430060e6caf63ce5e157c9164,dlstupka/hth-baptisms-san-antonio-1788-1824--1858-1898,61efff529fb7330a92f8d423c40c45bc60bb841c,dlstupka/hth,4b88d0aead2931a9d8a127afbd852f196d6b51ec,,,,,,,,,,not_reviewed,,
628,Baptisms_San_Antonio_Baptism_Records_1788-1824_1858-1898.docx,628,rId632,word/media/image628.png,raw/fs_0628.png,PNG,1642,1361,RGB,1989143,d8dce3b6e17b2c08243032b92fd5b3c503d04c9470b4c5c75c8c088d1fdb9347,1830982,7041eb2c528b56bc31d0328c6671621bf5c215639554531fa70b9a0fdf4e2bb3,2688,0,5376,0,True,,analysis/fs_0628_analysis.png,1175591,5a5edb99c58b42ffea4ce43761334480741659d4a96efd1c354a7dd6b91b827c,thumbnails/fs_0628.jpg,31637,93f98e064f16d3802da00bb2eb5a430cecd86df35b85b49ddf73542bcf293f7e,dlstupka/hth-baptisms-san-antonio-1788-1824--1858-1898,61efff529fb7330a92f8d423c40c45bc60bb841c,dlstupka/hth,4b88d0aead2931a9d8a127afbd852f196d6b51ec,,,,,,,,,,not_reviewed,,
629,Baptisms_San_Antonio_Baptism_Records_1788-1824_1858-1898.docx,629,rId633,word/media/image629.png,raw/fs_0629.png,PNG,1594,1361,RGB,1986253,4b952f13c84a5cee50fd98626673ee51b23aea6e1073c09c2419d582641e10ee,1819833,e5bbd33df0039d09b316bc00813559709375ec3eb1678f3945fe0d79d61a5fa8,2688,0,8064,0,True,,analysis/fs_0629_analysis.png,1174351,05e96e65e14a846c88b1ac3cd0b56308c35214af1d065186f1976dc494dcd745,thumbnails/fs_0629.jpg,30847,551a0f1c9a546e3e8e72450a39215f1fb6ed51ab1869c400046b214b577a0608,dlstupka/hth-baptisms-san-antonio-1788-1824--1858-1898,61efff529fb7330a92f8d423c40c45bc60bb841c,dlstupka/hth,4b88d0aead2931a9d8a127afbd852f196d6b51ec,,,,,,,,,,not_reviewed,,
630,Baptisms_San_Antonio_Baptism_Records_1788-1824_1858-1898.docx,630,rId634,word/media/image630.png,raw/fs_0630.png,PNG,1711,1361,RGB,2334484,a1a103eff25a39142f49e8e7d9fd5dd8912fe1c265eead40c5b5c66de9d0068d,2031239,ff5c206c463d6d5ce5100394d726cdafe403b83ec9b6f51073adf4080695a028,2688,0,1506,0,True,,analysis/fs_0630_analysis.png,1359314,22ccf4857726cab8cad60219ee3e16cfac9c06cfd35276f455747120f29bd59e,thumbnails/fs_0630.jpg,39550,0cdd6f182ba9cc5138f0cf5707dedfc973344e0eec12d30759aa45e5fa0a79f5,dlstupka/hth-baptisms-san-antonio-1788-1824--1858-1898,61efff529fb7330a92f8d423c40c45bc60bb841c,dlstupka/hth,4b88d0aead2931a9d8a127afbd852f196d6b51ec,,,,,,,,,,not_reviewed,,
631,Baptisms_San_Antonio_Baptism_Records_1788-1824_1858-1898.docx,631,rId635,word/media/image631.png,raw/fs_0631.png,PNG,1594,1361,RGB,2245908,f111d01f3f331a62d19cfabec7f466d22baa0926bbcb0a2769657d283df10bf3,1954627,c6c4f30d16a253a75cff684e4a82c3bbd13c94b39a6f745f838c6177d17356a7,2688,0,8064,0,True,,analysis/fs_0631_analysis.png,1262908,c1365cebb5ba9abafdd47c4b0f7427f2b7cbf4e60d02f467104e873f010a5ae0,thumbnails/fs_0631.jpg,35887,b8ef49aeae7b252f0a66c4fa38b566fc36a855e9863cb8a28f4ae42007c610b4,dlstupka/hth-baptisms-san-antonio-1788-1824--1858-1898,61efff529fb7330a92f8d423c40c45bc60bb841c,dlstupka/hth,4b88d0aead2931a9d8a127afbd852f196d6b51ec,,,,,,,,,,not_reviewed,,
632,Baptisms_San_Antonio_Baptism_Records_1788-1824_1858-1898.docx,632,rId636,word/media/image632.png,raw/fs_0632.png,PNG,1642,1361,RGB,2305047,035a1717951f720e38475202f43e53cda8d528f52f411f50063794fdc0d5c444,1983990,c0f3bb6157b86d8abb1322d2158d50345b3acd97086920dbe9b413e8dadb7cb4,2688,0,5376,0,True,,analysis/fs_0632_analysis.png,1284554,d62ee7da9e1913f7ecc6b5384baa4975878378f51ba14515adc2734e305134e4,thumbnails/fs_0632.jpg,38553,dcdc9ae46dc3c3285575c6809ed4e401ea60d47833da22fed9e0722363c977ae,dlstupka/hth-baptisms-san-antonio-1788-1824--1858-1898,61efff529fb7330a92f8d423c40c45bc60bb841c,dlstupka/hth,4b88d0aead2931a9d8a127afbd852f196d6b51ec,,,,,,,,,,not_reviewed,,
633,Baptisms_San_Antonio_Baptism_Records_1788-1824_1858-1898.docx,633,rId637,word/media/image633.png,raw/fs_0633.png,PNG,1594,1361,RGB,2277121,2aa7160381d78b856652d0a01aa70ff4323a10f5e4bbe2fa32c8a4b4ac20473e,1981564,bde7b6460902fd09d1e19602801bf1f03e022b2cc6af0b6db48d8c082bb0869a,2688,0,8064,0,True,,analysis/fs_0633_analysis.png,1274325,16f51a0d473c1121a6507ab920af31055ea4653a34ce50bfc6ce2d5e56ab3278,thumbnails/fs_0633.jpg,37007,80de9a787895572f05b9be279f8f31eb96f77ac984fa71e00a606c53013c97b4,dlstupka/hth-baptisms-san-antonio-1788-1824--1858-1898,61efff529fb7330a92f8d423c40c45bc60bb841c,dlstupka/hth,4b88d0aead2931a9d8a127afbd852f196d6b51ec,,,,,,,,,,not_reviewed,,
634,Baptisms_San_Antonio_Baptism_Records_1788-1824_1858-1898.docx,634,rId638,word/media/image634.png,raw/fs_0634.png,PNG,1594,1361,RGB,2232660,1461759b0715b1850dba9ea099fc26555d6ca57dfe693e9231014115146217cc,1962999,c4533c93435a32306dd6b634e9d09343988c79a54170f47fb360ed2ac007b2c4,2688,0,8064,0,True,,analysis/fs_0634_analysis.png,1251049,745a6c5aceb9422032c6bc0c1afc88a6514aed2eb2c82800616e19a4d113b1f7,thumbnails/fs_0634.jpg,37146,94219805a2e64d01c1762247161d3aa08c84f94dec58947b72f2f9fd8587eb8e,dlstupka/hth-baptisms-san-antonio-1788-1824--1858-1898,61efff529fb7330a92f8d423c40c45bc60bb841c,dlstupka/hth,4b88d0aead2931a9d8a127afbd852f196d6b51ec,,,,,,,,,,not_reviewed,,
635,Baptisms_San_Antonio_Baptism_Records_1788-1824_1858-1898.docx,635,rId639,word/media/image635.png,raw/fs_0635.png,PNG,1594,1361,RGB,2288922,9bbfd164753a8bb584e35b2c2168a815e6e47e78d07a7622d5a438303d7d880e,1982618,46f490fdc4fa00dbf3fa39858658e45151342da90dc65c918bc4045449836bd4,2688,0,8064,0,True,,analysis/fs_0635_analysis.png,1266179,136590dcc6e3ef5615dbb7235f7d3157d01693ca102837244f86963beb5082f0,thumbnails/fs_0635.jpg,38312,aeead8048514ac6fbec039305657d3fb6f687fdddc7a773d354d08303b5bf6ed,dlstupka/hth-baptisms-san-antonio-1788-1824--1858-1898,61efff529fb7330a92f8d423c40c45bc60bb841c,dlstupka/hth,4b88d0aead2931a9d8a127afbd852f196d6b51ec,,,,,,,,,,not_reviewed,,
636,Baptisms_San_Antonio_Baptism_Records_1788-1824_1858-1898.docx,636,rId640,word/media/image636.png,raw/fs_0636.png,PNG,1594,1361,RGB,2170285,e3840be443d03124a6e56fc978f66c4e3fd33a966b3640b25325108985cdba16,1948096,99a17b6651981054e1268784188675860af735b76458882364b4d69715843214,2688,0,8064,0,True,,analysis/fs_0636_analysis.png,1245777,a732e26610b981f34d18d3dea7a6e11bf815b3f274f4b03df83ada7e9cb9e84c,thumbnails/fs_0636.jpg,34963,352ebedc52c6ffa85f306bdd819e5897a67b8404aec37d4437edc1266bf5c157,dlstupka/hth-baptisms-san-antonio-1788-1824--1858-1898,61efff529fb7330a92f8d423c40c45bc60bb841c,dlstupka/hth,4b88d0aead2931a9d8a127afbd852f196d6b51ec,,,,,,,,,,not_reviewed,,
637,Baptisms_San_Antonio_Baptism_Records_1788-1824_1858-1898.docx,637,rId641,word/media/image637.png,raw/fs_0637.png,PNG,1594,1361,RGB,2222098,28a830fff60e00b6f0c02498a3384e5c101ef25d02ee934222d97f8c6422c33a,1962932,d757b3824dd0b3ef88cff7ae8d03ac22cc173c2351281818c93abc1e8220c63c,2688,0,8064,0,True,,analysis/fs_0637_analysis.png,1260192,06b943b1f5f3186d765dfff92b4b9e37894d52472713deeaab20f2d2eefaaae5,thumbnails/fs_0637.jpg,34786,a4195b1e3b909c024b70b14ec17fbc2e8ab57a74ac624786f7f0af0167cfd720,dlstupka/hth-baptisms-san-antonio-1788-1824--1858-1898,61efff529fb7330a92f8d423c40c45bc60bb841c,dlstupka/hth,4b88d0aead2931a9d8a127afbd852f196d6b51ec,,,,,,,,,,not_reviewed,,
638,Baptisms_San_Antonio_Baptism_Records_1788-1824_1858-1898.docx,638,rId642,word/media/image638.png,raw/fs_0638.png,PNG,1594,1361,RGB,2289824,f08ff7a2346242e6206466ffa3468fb58696a95706b3c755472ba2bbf521ec00,1968538,df56c061c5afbac0ed9e5d468607a4b50fc4770289f505d2c325661acfaa8243,2688,0,8064,0,True,,analysis/fs_0638_analysis.png,1278962,d821257eebfc21d54bacbfa4b281d80f17ff08f451f071a1a5c2a54a46bff592,thumbnails/fs_0638.jpg,37091,b05fe05d0c271615924fd1c7395ea50a94ad2cadb0995f96a0eb1f37abf6b866,dlstupka/hth-baptisms-san-antonio-1788-1824--1858-1898,61efff529fb7330a92f8d423c40c45bc60bb841c,dlstupka/hth,4b88d0aead2931a9d8a127afbd852f196d6b51ec,,,,,,,,,,not_reviewed,,
639,Baptisms_San_Antonio_Baptism_Records_1788-1824_1858-1898.docx,639,rId643,word/media/image639.png,raw/fs_0639.png,PNG,1738,1361,RGB,2785177,fd5f9b3ee64222a47a87cb50b5a274c5d3d8342b4e97122ee32bb6c690b406cf,2239862,c9ecfc2dc02550a115673f2df52e825819d70fd9ff54cda7359a232ccd19a15b,0,0,2688,0,True,,analysis/fs_0639_analysis.png,1500089,05ffb73b89804b61d4316b77309113880dd78b6800dabb5ed28358d85e6564d5,thumbnails/fs_0639.jpg,47291,20a9043b270e1d661e51ffbaca1e06c84fefa0ea78eb0d3efdeab23006b2d34e,dlstupka/hth-baptisms-san-antonio-1788-1824--1858-1898,61efff529fb7330a92f8d423c40c45bc60bb841c,dlstupka/hth,4b88d0aead2931a9d8a127afbd852f196d6b51ec,,,,,,,,,,not_reviewed,,
640,Baptisms_San_Antonio_Baptism_Records_1788-1824_1858-1898.docx,640,rId644,word/media/image640.png,raw/fs_0640.png,PNG,1642,1361,RGB,2273091,9c781411a4fe020111f9806496726aae3c97aa8be60e0686aedd9d3e632625c9,1962196,fd371b9b759aa8e3f5083d0744dd7a9e750258c330b789ef620650ac486e27ba,2688,0,5376,0,True,,analysis/fs_0640_analysis.png,1264830,aeecf42f5a6a80dec44feacb5ae1ad703c8683e11b461fc1e296f92fa4d16b60,thumbnails/fs_0640.jpg,38334,47574f006b0636f79cda4b4856d948db4432c31fe9fca4236089dc0361f6f332,dlstupka/hth-baptisms-san-antonio-1788-1824--1858-1898,61efff529fb7330a92f8d423c40c45bc60bb841c,dlstupka/hth,4b88d0aead2931a9d8a127afbd852f196d6b51ec,,,,,,,,,,not_reviewed,,
641,Baptisms_San_Antonio_Baptism_Records_1788-1824_1858-1898.docx,641,rId645,word/media/image641.png,raw/fs_0641.png,PNG,1594,1361,RGB,2190800,bd26698f3cc6178cee2b82ddd5c056ac9c92816ca172b4d65e2f4a0f166e37dc,1927650,3f819753532f72ce5dec53f621b337b4912caab2365ad03e9b772596b46db0ce,2688,0,8064,0,True,,analysis/fs_0641_analysis.png,1234127,de2708972d2a94a216efb93a70ff6b0f4571f185342a3192e6fb7bddb5c27979,thumbnails/fs_0641.jpg,35185,9ced2ca619e8b01e927447f5bb8ed3d620ef0deb7a5179a329dc288d7fcb2992,dlstupka/hth-baptisms-san-antonio-1788-1824--1858-1898,61efff529fb7330a92f8d423c40c45bc60bb841c,dlstupka/hth,4b88d0aead2931a9d8a127afbd852f196d6b51ec,,,,,,,,,,not_reviewed,,
642,Baptisms_San_Antonio_Baptism_Records_1788-1824_1858-1898.docx,642,rId646,word/media/image642.png,raw/fs_0642.png,PNG,1594,1361,RGB,2236288,4b089c5a42c1e4610ea2d8dded4036e21ce2eef2beaac546af5afc8c108cc843,1932101,4aff422eb403b6df2fc66a72ed6ccdbef139dd310640602fe24552935a081eaa,2688,0,8064,0,True,,analysis/fs_0642_analysis.png,1239461,192d62fb8e0dfc7f75f4bb4dac38ebf2b9543a192b91dd392ef2944d8ba47263,thumbnails/fs_0642.jpg,36034,9f8b23336f50fe5663d4416daee9aad5682022c5d93652ff6717614c9333297a,dlstupka/hth-baptisms-san-antonio-1788-1824--1858-1898,61efff529fb7330a92f8d423c40c45bc60bb841c,dlstupka/hth,4b88d0aead2931a9d8a127afbd852f196d6b51ec,,,,,,,,,,not_reviewed,,
643,Baptisms_San_Antonio_Baptism_Records_1788-1824_1858-1898.docx,643,rId647,word/media/image643.png,raw/fs_0643.png,PNG,1546,1361,RGB,2221612,149ae2021f8cceff83ef36121a49169bf94502ee9becea41946c4f7e7ec3e427,1912938,08c616be274e401fee10ecd777cf87caf94e5ae0843971f06c7f6d01598ff5b3,2688,0,10752,0,True,,analysis/fs_0643_analysis.png,1228658,1c43ff6bc34e579abe54d11070dfd8f523a62594afb75c4af5c787d27e140ecb,thumbnails/fs_0643.jpg,37998,9d685a552001874807464dfcd1acdfe3a553daf7efb87e5a0e6cb13b51105ce7,dlstupka/hth-baptisms-san-antonio-1788-1824--1858-1898,61efff529fb7330a92f8d423c40c45bc60bb841c,dlstupka/hth,4b88d0aead2931a9d8a127afbd852f196d6b51ec,,,,,,,,,,not_reviewed,,
644,Baptisms_San_Antonio_Baptism_Records_1788-1824_1858-1898.docx,644,rId648,word/media/image644.png,raw/fs_0644.png,PNG,1642,1361,RGB,2406578,6f8c6249384dff42cfb43a92ccb1b8871acdbfedb27906ea2c3be95687eb9a84,2013954,c81325a0769845b3822f213c4f3be3130899429081bafcfa4fd1526568a958e4,5376,0,2688,0,True,,analysis/fs_0644_analysis.png,1343808,2375458cbeb57eacc44d8f0f273c546b54a3e6a521db11c3995e0af08cbbea8a,thumbnails/fs_0644.jpg,41195,6c5cc8b861629dccf4060acfc4848096f20011bffb153db3ecb92b0252160747,dlstupka/hth-baptisms-san-antonio-1788-1824--1858-1898,61efff529fb7330a92f8d423c40c45bc60bb841c,dlstupka/hth,4b88d0aead2931a9d8a127afbd852f196d6b51ec,,,,,,,,,,not_reviewed,,
645,Baptisms_San_Antonio_Baptism_Records_1788-1824_1858-1898.docx,645,rId649,word/media/image645.png,raw/fs_0645.png,PNG,1685,1361,RGB,2464641,d8517a10407421e83df087b606022e2d01607a1e048fdb56bb96407bf74b430a,2082639,f6e07fe3791af1bde6852e435acf700ad35f9b6e681fe3fa3026bed3a4766984,4153,0,1506,0,True,,analysis/fs_0645_analysis.png,1392553,7466269c197d1e868911c058ec557050be4d14298f722b931766213a0be23c37,thumbnails/fs_0645.jpg,41463,df802119b6504c3a6440da154bb5f94cc7e4932cbc03f39bfc985981740d4ae2,dlstupka/hth-baptisms-san-antonio-1788-1824--1858-1898,61efff529fb7330a92f8d423c40c45bc60bb841c,dlstupka/hth,4b88d0aead2931a9d8a127afbd852f196d6b51ec,,,,,,,,,,not_reviewed,,
646,Baptisms_San_Antonio_Baptism_Records_1788-1824_1858-1898.docx,646,rId650,word/media/image646.png,raw/fs_0646.png,PNG,1594,1361,RGB,2300328,1b46fbb582501f52cefe44f24d6e4047e4ec3cf54dfdaa9b7867bba362c934e6,1956170,fcb25fc7e745fc463273fdf1d40bef7e483a42e3d91c00c2f2b9915784871dc3,2688,0,8064,0,True,,analysis/fs_0646_analysis.png,1255010,c95391b579872885fdb42fcecd5eecc7af46b9fb985928509204c6aab3f5ccc2,thumbnails/fs_0646.jpg,37886,2bdb72e2bbe58950e54dc7c7f9c0d1a3a572d1114a9e4320c434e962f324a331,dlstupka/hth-baptisms-san-antonio-1788-1824--1858-1898,61efff529fb7330a92f8d423c40c45bc60bb841c,dlstupka/hth,4b88d0aead2931a9d8a127afbd852f196d6b51ec,,,,,,,,,,not_reviewed,,
647,Baptisms_San_Antonio_Baptism_Records_1788-1824_1858-1898.docx,647,rId651,word/media/image647.png,raw/fs_0647.png,PNG,1594,1361,RGB,2366486,c6e5e8c48e1562b355848f90d32a09a896add46134313cb7b08b1e3181a5d809,1988860,6641dbb6b19ef06a9e4a8f77ca35c9c9077a68058c171701d711666c00a60a67,2688,0,8064,0,True,,analysis/fs_0647_analysis.png,1283501,b9b3ae47929fde45eaff5a865f0f3750bc72a70ec8939add6e642dcac8d11f3a,thumbnails/fs_0647.jpg,40044,9972696c3671357885f3177ff8feb97da9903d96cede37547375b3d229c0b118,dlstupka/hth-baptisms-san-antonio-1788-1824--1858-1898,61efff529fb7330a92f8d423c40c45bc60bb841c,dlstupka/hth,4b88d0aead2931a9d8a127afbd852f196d6b51ec,,,,,,,,,,not_reviewed,,
648,Baptisms_San_Antonio_Baptism_Records_1788-1824_1858-1898.docx,648,rId652,word/media/image648.png,raw/fs_0648.png,PNG,1738,1361,RGB,2655494,c824b28e9d5fd447bb576ccd0a521a62d2bdf7f5007f1476d76bc9790a742fa7,2192961,5fafe0d2d0e9bcbc2e7c2bf22c81e5f4a6d6af78f784babd245dff93deb3ae2f,0,0,2688,0,True,,analysis/fs_0648_analysis.png,1470795,078e73dbe35bca42fefcb71355ddc5a3805085841e6c5f266f247413b574cafd,thumbnails/fs_0648.jpg,46171,413658a128ca8486fd761f0ef6d5e65f1881db978a85ef54aa3806d23dd10aea,dlstupka/hth-baptisms-san-antonio-1788-1824--1858-1898,61efff529fb7330a92f8d423c40c45bc60bb841c,dlstupka/hth,4b88d0aead2931a9d8a127afbd852f196d6b51ec,,,,,,,,,,not_reviewed,,
649,Baptisms_San_Antonio_Baptism_Records_1788-1824_1858-1898.docx,649,rId653,word/media/image649.png,raw/fs_0649.png,PNG,1594,1361,RGB,2124414,350563df62ff3519b5bc9a69f72d0cda85b11632ffa6148c1b37083acc8abf50,1872807,a38ac55b3d5d77b0be974e248c5a96a183678c570b09e1925cf90cebd2936a65,2688,0,8064,0,True,,analysis/fs_0649_analysis.png,1197722,698412d02253820e0efca03a332b588ff3431bc1836a2f032e5735fea1b24a38,thumbnails/fs_0649.jpg,33780,0fc5678dbdc8f75e78394edf5492d2897e42f4f73f9e63245b230939b6f52325,dlstupka/hth-baptisms-san-antonio-1788-1824--1858-1898,61efff529fb7330a92f8d423c40c45bc60bb841c,dlstupka/hth,4b88d0aead2931a9d8a127afbd852f196d6b51ec,,,,,,,,,,not_reviewed,,
650,Baptisms_San_Antonio_Baptism_Records_1788-1824_1858-1898.docx,650,rId654,word/media/image650.png,raw/fs_0650.png,PNG,1594,1361,RGB,2315759,5873150dbffed33a4eff53e98afc63af289ad6c51149bb0ba6420a06905c3da4,1957339,d549a84d99104824cbf3970869f4c26e3e7a28fc78686c8fe15b419cffe9b22c,2688,0,8064,0,True,,analysis/fs_0650_analysis.png,1272097,bf51e18beab9d9ca64f14d81f85dc548b935789b615a10ccacfba610c36a849d,thumbnails/fs_0650.jpg,38154,ecbc49130dfc114dd09bb5efab8ae913e26d0ddc4da5e21eda0bd736b3ebbd60,dlstupka/hth-baptisms-san-antonio-1788-1824--1858-1898,61efff529fb7330a92f8d423c40c45bc60bb841c,dlstupka/hth,4b88d0aead2931a9d8a127afbd852f196d6b51ec,,,,,,,,,,not_reviewed,,
651,Baptisms_San_Antonio_Baptism_Records_1788-1824_1858-1898.docx,651,rId655,word/media/image651.png,raw/fs_0651.png,PNG,1594,1361,RGB,2245191,d34c428736b854a57612809fbea31ec8052bcddf71abe38a2aa3e534545930a1,1900795,cdbd6a3c8431f7ab90061ad0c63de0461e543eeb58491cf3258ddc1f68bd2289,2688,0,8064,0,True,,analysis/fs_0651_analysis.png,1231734,b5de0e33b4e7226fb92b55e09927f6ec4dcc72eec430838709647eec4abb2cfd,thumbnails/fs_0651.jpg,38156,7088330894537d0b6f0e26a91e4621a221dbb5d2dfa89798aef088654012916b,dlstupka/hth-baptisms-san-antonio-1788-1824--1858-1898,61efff529fb7330a92f8d423c40c45bc60bb841c,dlstupka/hth,4b88d0aead2931a9d8a127afbd852f196d6b51ec,,,,,,,,,,not_reviewed,,
652,Baptisms_San_Antonio_Baptism_Records_1788-1824_1858-1898.docx,652,rId656,word/media/image652.png,raw/fs_0652.png,PNG,1594,1361,RGB,2211212,e6651ef8bc6cc9e5d3a3d519846e6170661714d04ec5b97fc2b10e993192131b,1896847,74934406d05a266981b4cfbdbce1c7756cc01d74275cfd0ff15578d05a44a908,2688,0,8064,0,True,,analysis/fs_0652_analysis.png,1228066,c56dbcd6ac7632c8241888729f01ae6b1670c7cafec0322a692a346966ea3b05,thumbnails/fs_0652.jpg,36590,6f54794253680f4a86bbf2778f4c78515290943df85bbdf81ca927160e76e781,dlstupka/hth-baptisms-san-antonio-1788-1824--1858-1898,61efff529fb7330a92f8d423c40c45bc60bb841c,dlstupka/hth,4b88d0aead2931a9d8a127afbd852f196d6b51ec,,,,,,,,,,not_reviewed,,
653,Baptisms_San_Antonio_Baptism_Records_1788-1824_1858-1898.docx,653,rId657,word/media/image653.png,raw/fs_0653.png,PNG,1690,1361,RGB,2275439,7d29ecec2bbc22b251d9465cd9378206421617686d9afc77a4606bd143f35faf,1950264,7df29d52e724c8a0ac1962d71245ee2428f7cc30866a5c5926bd442f13d7981f,2688,0,2688,0,True,,analysis/fs_0653_analysis.png,1283974,74451da0acc48184bf09b575ba290ef23b9686bb929b0124997516b2f397dad2,thumbnails/fs_0653.jpg,36800,f80d18f176475bc15719c7214f91b581b0394b75ceccd0d32210b57866506e30,dlstupka/hth-baptisms-san-antonio-1788-1824--1858-1898,61efff529fb7330a92f8d423c40c45bc60bb841c,dlstupka/hth,4b88d0aead2931a9d8a127afbd852f196d6b51ec,,,,,,,,,,not_reviewed,,
654,Baptisms_San_Antonio_Baptism_Records_1788-1824_1858-1898.docx,654,rId658,word/media/image654.png,raw/fs_0654.png,PNG,1594,1361,RGB,2283439,f813ee704012a7afc39ce41cbd8370f61131d6982d69276a9c7ed40d1f1bdd01,1991961,22ff389ebda32b5f228c44f972fdfefa0c80549159dfcf26a0dac127e25b7268,2688,0,8064,0,True,,analysis/fs_0654_analysis.png,1264161,165e7e20d4467d74315fd74a7487eb0e288c396c1b88330fed8f460aa4b647e4,thumbnails/fs_0654.jpg,37656,03b1571689e493d8c4ca64e2a7ab98b8b26fc4382b0c5443284581d436d82ea1,dlstupka/hth-baptisms-san-antonio-1788-1824--1858-1898,61efff529fb7330a92f8d423c40c45bc60bb841c,dlstupka/hth,4b88d0aead2931a9d8a127afbd852f196d6b51ec,,,,,,,,,,not_reviewed,,
655,Baptisms_San_Antonio_Baptism_Records_1788-1824_1858-1898.docx,655,rId659,word/media/image655.png,raw/fs_0655.png,PNG,1738,1361,RGB,2586323,2cf059d91570c8f59d0daf4c470d7acfc3448eb9e2e2567274bdffc52de58a07,2184330,214a3be654edacda8bafd31e962c2bf660b32cbc72b919cce01358a82d689f04,0,0,2688,0,True,,analysis/fs_0655_analysis.png,1455910,2ca1a56d468a50464e95ee996ac01762c6cdb04797b870ad08a152f21a851317,thumbnails/fs_0655.jpg,42379,e86b948a3f2eb59fbfcff759950d2b242859debf85e998cc7c89182563607c08,dlstupka/hth-baptisms-san-antonio-1788-1824--1858-1898,61efff529fb7330a92f8d423c40c45bc60bb841c,dlstupka/hth,4b88d0aead2931a9d8a127afbd852f196d6b51ec,,,,,,,,,,not_reviewed,,
656,Baptisms_San_Antonio_Baptism_Records_1788-1824_1858-1898.docx,656,rId660,word/media/image656.png,raw/fs_0656.png,PNG,1594,1361,RGB,2227809,9ed10dc3bb7b6ddfdec7cdfbc418be34f0d5b10434cf3ec75319dc3af7d03b88,1953753,85abf9276298f6694249a50c836e1dc56f9f412e64609387eb21a137ed17fef4,2688,0,8064,0,True,,analysis/fs_0656_analysis.png,1245480,703b1e42ffa3b32e2cb2a396559d4907cbe57fd045b438b5f261bcbc6d96d35c,thumbnails/fs_0656.jpg,36130,9f1f6b17603c7d3c00c1176c8785a12a82d3f8ecaa5d4317ebe939684263332d,dlstupka/hth-baptisms-san-antonio-1788-1824--1858-1898,61efff529fb7330a92f8d423c40c45bc60bb841c,dlstupka/hth,4b88d0aead2931a9d8a127afbd852f196d6b51ec,,,,,,,,,,not_reviewed,,
657,Baptisms_San_Antonio_Baptism_Records_1788-1824_1858-1898.docx,657,rId661,word/media/image657.png,raw/fs_0657.png,PNG,1642,1361,RGB,2176053,55cc2685aeb0af2e4fa4f249fac0720b69c35bc4e1117e5a3de97c03c2c9f161,1904996,35d34e7781085fcbb71a880769ba3c8295c66cde327fbbca679add4ef2f2a062,2688,0,5376,0,True,,analysis/fs_0657_analysis.png,1237622,58194b6ca05a526bb0d6ba4b2c191a8bf3981235ffeeb4bf07d61897215f1af2,thumbnails/fs_0657.jpg,35316,23198baa51392fe419be88a021c43e8377dfa2507e76979f34576324f4ce95d7,dlstupka/hth-baptisms-san-antonio-1788-1824--1858-1898,61efff529fb7330a92f8d423c40c45bc60bb841c,dlstupka/hth,4b88d0aead2931a9d8a127afbd852f196d6b51ec,,,,,,,,,,not_reviewed,,
658,Baptisms_San_Antonio_Baptism_Records_1788-1824_1858-1898.docx,658,rId662,word/media/image658.png,raw/fs_0658.png,PNG,1594,1361,RGB,2192971,eb51432afa501a1abc9b3a35bc206408148dc85385a5b521fee51efc198f689a,1903012,6c29d46741412a92fa3980edfeebfdb6a8ec0c06185e74dd88f90a1b4192cd5b,2688,0,8064,0,True,,analysis/fs_0658_analysis.png,1235004,60a0df52d9989e1f7936b10a6c66dfe917a4d5dc583af5f9dd09765fdcb3b7d4,thumbnails/fs_0658.jpg,35954,1fed39497ab2240cf631e24995eca017cc9ac9d8596cfa3055909482af20f918,dlstupka/hth-baptisms-san-antonio-1788-1824--1858-1898,61efff529fb7330a92f8d423c40c45bc60bb841c,dlstupka/hth,4b88d0aead2931a9d8a127afbd852f196d6b51ec,,,,,,,,,,not_reviewed,,
659,Baptisms_San_Antonio_Baptism_Records_1788-1824_1858-1898.docx,659,rId663,word/media/image659.png,raw/fs_0659.png,PNG,1642,1361,RGB,2385549,c38333d0220e592ba4fab5ae873bb4a2ea24c02700e0c02acb55e0f64c71dd66,2025572,32d6401e1f18dc3c5071fc31a68524e1786fab73fb10a4a105a76caf80a91b93,2688,0,5376,0,True,,analysis/fs_0659_analysis.png,1306901,13d1137edfe03848e756602e14fb4be8ecdf982549b094c88cad7cbb13578bdb,thumbnails/fs_0659.jpg,39314,3a93c21a292500659874fbf23c3d9f3b5104c7658ed4ef08a201a0b86443bd98,dlstupka/hth-baptisms-san-antonio-1788-1824--1858-1898,61efff529fb7330a92f8d423c40c45bc60bb841c,dlstupka/hth,4b88d0aead2931a9d8a127afbd852f196d6b51ec,,,,,,,,,,not_reviewed,,
660,Baptisms_San_Antonio_Baptism_Records_1788-1824_1858-1898.docx,660,rId664,word/media/image660.png,raw/fs_0660.png,PNG,1690,1361,RGB,2460430,16e45668ca6bd928fd29d79435eef7df2494f19566bcfaaa4d0251444600cb64,2051442,8082cfc8a00e84c0c939052c23fe309c49779840956913277e927b63708db0a6,2688,0,2688,0,True,,analysis/fs_0660_analysis.png,1363294,2b9e5059cc738eebf7d37b0f151698436863a63f5ec2c6a6d2c7f681d903112a,thumbnails/fs_0660.jpg,42570,7cab99c83d3638505358f9bfe5884b530ff74e8b2c1cf9360765f6a25b44d802,dlstupka/hth-baptisms-san-antonio-1788-1824--1858-1898,61efff529fb7330a92f8d423c40c45bc60bb841c,dlstupka/hth,4b88d0aead2931a9d8a127afbd852f196d6b51ec,,,,,,,,,,not_reviewed,,
661,Baptisms_San_Antonio_Baptism_Records_1788-1824_1858-1898.docx,661,rId665,word/media/image661.png,raw/fs_0661.png,PNG,1642,1361,RGB,2497156,ff682ea6b427df9c503414411956d3aea2439bd2620f3b26943c22f7f06151e5,2077205,fd147f8ee49b5262ebe8c2a07af09b3c9ad3b56e59ef7471f881af233102104f,2688,0,5376,0,True,,analysis/fs_0661_analysis.png,1346496,9ffe230b073dae2a53fdaa581f170d1d9bd2cf9b8b1960acead69e393117868f,thumbnails/fs_0661.jpg,43528,66c7afaea637fa7f720c580cb9475e7b0feedd0ee0b40cf83cdeca04770f8321,dlstupka/hth-baptisms-san-antonio-1788-1824--1858-1898,61efff529fb7330a92f8d423c40c45bc60bb841c,dlstupka/hth,4b88d0aead2931a9d8a127afbd852f196d6b51ec,,,,,,,,,,not_reviewed,,
662,Baptisms_San_Antonio_Baptism_Records_1788-1824_1858-1898.docx,662,rId666,word/media/image662.png,raw/fs_0662.png,PNG,1642,1361,RGB,2318508,bdbfac6956334879ffd966b427ae897389b41370f69602b03b08695f7a31a769,1995675,6d45252e83e7e46b3202888f010a863e72eab0492aa3010de023096e8613c8cd,2688,0,5376,0,True,,analysis/fs_0662_analysis.png,1286036,ed13f32ba58ec056123cec9d4c742c1193e74d8419028675504957b6121baa30,thumbnails/fs_0662.jpg,38774,2520d16ebe9fd5e79012d95384f59979765339c4f1f82d99cb75f2be81bf4e0b,dlstupka/hth-baptisms-san-antonio-1788-1824--1858-1898,61efff529fb7330a92f8d423c40c45bc60bb841c,dlstupka/hth,4b88d0aead2931a9d8a127afbd852f196d6b51ec,,,,,,,,,,not_reviewed,,
663,Baptisms_San_Antonio_Baptism_Records_1788-1824_1858-1898.docx,663,rId667,word/media/image663.png,raw/fs_0663.png,PNG,1642,1361,RGB,2320029,fb9e846d96fb59c056942bab705fd9dc71bf8c6841d56753596ae9841bcf7f52,1979875,26e0e14288e4f53dfc46abfbb3f15f729eb6b7d6e3329d7c5298768d01c412b8,2688,0,5376,0,True,,analysis/fs_0663_analysis.png,1288288,05596fd41d98cb4e6a6dd033daecb29a87216d5d7b3a1ece1f630f52af850c88,thumbnails/fs_0663.jpg,38705,825e43a5aba02a8fd0f4b8e7e12eb269767c996684689dc11f0e74ee645039b1,dlstupka/hth-baptisms-san-antonio-1788-1824--1858-1898,61efff529fb7330a92f8d423c40c45bc60bb841c,dlstupka/hth,4b88d0aead2931a9d8a127afbd852f196d6b51ec,,,,,,,,,,not_reviewed,,
664,Baptisms_San_Antonio_Baptism_Records_1788-1824_1858-1898.docx,664,rId668,word/media/image664.png,raw/fs_0664.png,PNG,1642,1361,RGB,2211856,c6e1c95c8bc5a08ba1dfca5960b97bafb5280cff63b035d6b580c2c3d972636e,1942199,9fd5fb255a71ec547dfb7dd1844805eeb9608ee7739c17b01577ef7b9bd42f18,2688,0,5376,0,True,,analysis/fs_0664_analysis.png,1258094,907bb26f0dc7a84227c1c935a7035a06cbe05f69ae54e76a699e6254ee12fcb2,thumbnails/fs_0664.jpg,36468,2acbd52dc1b3223ac5e8b9ef60a386b4104b238c793b0dcbcc18d06673100180,dlstupka/hth-baptisms-san-antonio-1788-1824--1858-1898,61efff529fb7330a92f8d423c40c45bc60bb841c,dlstupka/hth,4b88d0aead2931a9d8a127afbd852f196d6b51ec,,,,,,,,,,not_reviewed,,
665,Baptisms_San_Antonio_Baptism_Records_1788-1824_1858-1898.docx,665,rId669,word/media/image665.png,raw/fs_0665.png,PNG,1594,1361,RGB,2187749,b6217a7708fc47f98f13bd960b554e6773dd92c62a767849536c67515fb3a67f,1923314,b4de16f92a3260fe15694d28c8466e67ba2efc3849a524d7f493062dbdda72c2,2688,0,8064,0,True,,analysis/fs_0665_analysis.png,1239251,6f1a203b2f15c6177d244e1435dafb845e62e2698df848283d999bd01e34f8af,thumbnails/fs_0665.jpg,35643,62a18d44a12cd3714320ea0b3166c00f29367cf21042898334ce4c558716154e,dlstupka/hth-baptisms-san-antonio-1788-1824--1858-1898,61efff529fb7330a92f8d423c40c45bc60bb841c,dlstupka/hth,4b88d0aead2931a9d8a127afbd852f196d6b51ec,,,,,,,,,,not_reviewed,,
666,Baptisms_San_Antonio_Baptism_Records_1788-1824_1858-1898.docx,666,rId670,word/media/image666.png,raw/fs_0666.png,PNG,1642,1361,RGB,2298236,5d6a94ccc590c5273f2ff2b4d5550b49e5a51e81b8af13ec1ff5e7335cde5a00,1985966,2befa8a537f9b20efe8c5de3ac883dbe3f27c84fab7d000238909707f996299e,2688,0,5376,0,True,,analysis/fs_0666_analysis.png,1279684,ae850a9a82df569e07ee01db5ef884683b04da6b92b4a2557a45591789ea83c5,thumbnails/fs_0666.jpg,37820,55300ad3db6084b76038d25a9ced00581efd2b3b972b21a1660efcb0fc19ef23,dlstupka/hth-baptisms-san-antonio-1788-1824--1858-1898,61efff529fb7330a92f8d423c40c45bc60bb841c,dlstupka/hth,4b88d0aead2931a9d8a127afbd852f196d6b51ec,,,,,,,,,,not_reviewed,,
667,Baptisms_San_Antonio_Baptism_Records_1788-1824_1858-1898.docx,667,rId671,word/media/image667.png,raw/fs_0667.png,PNG,1594,1361,RGB,2297391,041c90344a144007e7592cf974f795e2ea07602824acb285b24559c9347a6bb3,1994145,47d7a0fddc6d535ddc7f21a1b8526dab4a54cf57f0548dfb6d10ad6f3ace2e4d,2688,0,8064,0,True,,analysis/fs_0667_analysis.png,1289841,bc68607a624937a0727a4e58b87c105cd357580cb259b4ee46ee3d9016cf4dcd,thumbnails/fs_0667.jpg,37827,b25e1ad296b6e852ce35364a44e9cb907810ada8726f2791e056cbff7a1cfa5f,dlstupka/hth-baptisms-san-antonio-1788-1824--1858-1898,61efff529fb7330a92f8d423c40c45bc60bb841c,dlstupka/hth,4b88d0aead2931a9d8a127afbd852f196d6b51ec,,,,,,,,,,not_reviewed,,
668,Baptisms_San_Antonio_Baptism_Records_1788-1824_1858-1898.docx,668,rId672,word/media/image668.png,raw/fs_0668.png,PNG,1594,1361,RGB,2287036,dc78587cdced5a20653979fe8549e8d2657ff10fc8fe413d8c2baff9d7db6597,1980974,cf03a886b414ffd3274b2bcbca1a229fb1c8e35fef3156a00274b337f07a11c3,2688,0,8064,0,True,,analysis/fs_0668_analysis.png,1277910,3edde93ea6a2b97b03aa6464f4e8f9e0254ef2c795b94e2e052ea69d75ac245c,thumbnails/fs_0668.jpg,39271,cff82013622961f9f03a5b4ae3ed946593cb461a3749d0622c43ba6a81700396,dlstupka/hth-baptisms-san-antonio-1788-1824--1858-1898,61efff529fb7330a92f8d423c40c45bc60bb841c,dlstupka/hth,4b88d0aead2931a9d8a127afbd852f196d6b51ec,,,,,,,,,,not_reviewed,,
669,Baptisms_San_Antonio_Baptism_Records_1788-1824_1858-1898.docx,669,rId673,word/media/image669.png,raw/fs_0669.png,PNG,1594,1361,RGB,2181936,6de86e6931e31b6bb56dfebaf602dcc6ed1b5e9334f4765eda7768b0594fac16,1929927,bf10e3d37be51e8fea871acb1cb66ab004c21b000c06a57c0f1bb42cada2de19,2688,0,8064,0,True,,analysis/fs_0669_analysis.png,1235530,1d95efcd9a97a4424227b593028ff253c554e47892b9a313109e5b8eda8ce2ca,thumbnails/fs_0669.jpg,35261,c226c55a6dfc1fe4c0a06dd42d9ecdc0e51d4fbeb7308f321e87ff597fd7a6d5,dlstupka/hth-baptisms-san-antonio-1788-1824--1858-1898,61efff529fb7330a92f8d423c40c45bc60bb841c,dlstupka/hth,4b88d0aead2931a9d8a127afbd852f196d6b51ec,,,,,,,,,,not_reviewed,,
670,Baptisms_San_Antonio_Baptism_Records_1788-1824_1858-1898.docx,670,rId674,word/media/image670.png,raw/fs_0670.png,PNG,1594,1361,RGB,2193503,003d59b198f5d058bde478e71a7111d72f4d3fd0dc1c212f9ddf9201c8371d23,1951541,b3ccf1973e8bafc37769532ae8f35cf9ae21503d2da8bb5e9b7d9db4a75adbe5,2688,0,8064,0,True,,analysis/fs_0670_analysis.png,1238835,7de13ed4917faf5a3ac8bc988e04368e1140f3da4e0e70770efcd692f8653784,thumbnails/fs_0670.jpg,37118,9b50d7ab824e6babb3b3ec90774cd815d111b13253c882bcd7d5fabc97e2a0d4,dlstupka/hth-baptisms-san-antonio-1788-1824--1858-1898,61efff529fb7330a92f8d423c40c45bc60bb841c,dlstupka/hth,4b88d0aead2931a9d8a127afbd852f196d6b51ec,,,,,,,,,,not_reviewed,,
671,Baptisms_San_Antonio_Baptism_Records_1788-1824_1858-1898.docx,671,rId675,word/media/image671.png,raw/fs_0671.png,PNG,1594,1361,RGB,2296931,176fcd4be2ce9752d6df074e723a07f1e66dad03c2b742172a540e382baded03,1971940,30644f8c0ead97ce966d3539620e1d3cb963efd43919829d32b434e7f8e833e9,2688,0,8064,0,True,,analysis/fs_0671_analysis.png,1282987,c9b215a07ee0fc1365d74b0d1491c23eaa014f3ee51a8d42d7c95d8fad343510,thumbnails/fs_0671.jpg,38260,1a87bdd9280d9d3984bb93af61e330a93d6e523e02a68328c8638ad35c161cb9,dlstupka/hth-baptisms-san-antonio-1788-1824--1858-1898,61efff529fb7330a92f8d423c40c45bc60bb841c,dlstupka/hth,4b88d0aead2931a9d8a127afbd852f196d6b51ec,,,,,,,,,,not_reviewed,,
672,Baptisms_San_Antonio_Baptism_Records_1788-1824_1858-1898.docx,672,rId676,word/media/image672.png,raw/fs_0672.png,PNG,1594,1361,RGB,2226775,9f6f121f2400cbbede7a925b17f680d4596033f90cbb2b35ae66b8147d4abb7b,1957474,e2a9daebd86f17c7a8e08aefd679b188a42ba37cbb7a6de3049f6b6ff9172259,2688,0,8064,0,True,,analysis/fs_0672_analysis.png,1255652,d5dcefcb3d737f7543ca89589766ccf6364b5b81d27d1f48c07328225bfd0b5f,thumbnails/fs_0672.jpg,36660,f89164bd30088b52145ea6c6d647ba1d1b7e5c244fbeb4295e9cdea10595d13e,dlstupka/hth-baptisms-san-antonio-1788-1824--1858-1898,61efff529fb7330a92f8d423c40c45bc60bb841c,dlstupka/hth,4b88d0aead2931a9d8a127afbd852f196d6b51ec,,,,,,,,,,not_reviewed,,
673,Baptisms_San_Antonio_Baptism_Records_1788-1824_1858-1898.docx,673,rId677,word/media/image673.png,raw/fs_0673.png,PNG,1594,1361,RGB,2123345,e7068e84a34fa78eb581e2eeec3a709fab3b088aaeaba0272e890b574ab4b18d,1925401,d719cf3cd02a8b031ec85c70b1118a84f3189fb7b19c01d26f50952d594466e0,2688,0,8064,0,True,,analysis/fs_0673_analysis.png,1222079,588ff0dcc62af1c3639257238b058fa4161ba92ecf2746e695cefcfb4c10c797,thumbnails/fs_0673.jpg,34522,86e2896bb366dbfa72b1a5e65db8871c7e992916f4c2a2293fca9d7230d3c46c,dlstupka/hth-baptisms-san-antonio-1788-1824--1858-1898,61efff529fb7330a92f8d423c40c45bc60bb841c,dlstupka/hth,4b88d0aead2931a9d8a127afbd852f196d6b51ec,,,,,,,,,,not_reviewed,,
674,Baptisms_San_Antonio_Baptism_Records_1788-1824_1858-1898.docx,674,rId678,word/media/image674.png,raw/fs_0674.png,PNG,1594,1361,RGB,2195841,7bc879ed26edfbfa7fccf3f6d637efd1019de802057b1f8c7cec802f9a7e0a76,1963726,a6652cd8c1ce944decd2301a6a54fa56fc2f1f7afca51b22c7ab1f3fb8a72fc8,2688,0,8064,0,True,,analysis/fs_0674_analysis.png,1246912,1caa4306351be4bc7a855d15670ce607656ca815c922d68ab81a5a475a15a49f,thumbnails/fs_0674.jpg,36533,230a035ef025521295d36526a90c4784a87072e6a43ab047f80ea780272f2177,dlstupka/hth-baptisms-san-antonio-1788-1824--1858-1898,61efff529fb7330a92f8d423c40c45bc60bb841c,dlstupka/hth,4b88d0aead2931a9d8a127afbd852f196d6b51ec,,,,,,,,,,not_reviewed,,
675,Baptisms_San_Antonio_Baptism_Records_1788-1824_1858-1898.docx,675,rId679,word/media/image675.png,raw/fs_0675.png,PNG,1546,1361,RGB,2226894,2f52a579efc8e738c7175fe4cbefe178594a0b22afdd1e6ea0b8ec44c6c77cb2,1938257,fe6eefd9d2765f19ab7fb8ab93ed97b9cd47788b5a80e1052e9790400369ab43,5376,0,8064,0,True,,analysis/fs_0675_analysis.png,1220899,05226513873941ae7dd0f835b8897cf7654ae9a31cb7e4a330bc6cac192fbf42,thumbnails/fs_0675.jpg,36681,f5f984fc83af6fd84f9c1b4168f4e2307ede3fc9e8983f9869c3024960ec50a7,dlstupka/hth-baptisms-san-antonio-1788-1824--1858-1898,61efff529fb7330a92f8d423c40c45bc60bb841c,dlstupka/hth,4b88d0aead2931a9d8a127afbd852f196d6b51ec,,,,,,,,,,not_reviewed,,
676,Baptisms_San_Antonio_Baptism_Records_1788-1824_1858-1898.docx,676,rId680,word/media/image676.png,raw/fs_0676.png,PNG,1189,1361,RGB,1172188,68c904836af4daa7e729897c31df56683916afcc3200313d67787ac90df81645,1187383,42a7d34fb02cc9a985891990d519559bff79bc5f6d458f6964f373101541771e,18816,0,14604,0,True,,analysis/fs_0676_analysis.png,734136,41773e97701a1547b9634602f5b2f64b398005acd556462486bf5be129322ef2,thumbnails/fs_0676.jpg,28224,01678e10548f2c8f6ea048d1bd3cac024c4f39218a8ae24f90b8fc461e69e434,dlstupka/hth-baptisms-san-antonio-1788-1824--1858-1898,61efff529fb7330a92f8d423c40c45bc60bb841c,dlstupka/hth,4b88d0aead2931a9d8a127afbd852f196d6b51ec,,,,,,,,,,not_reviewed,,
677,Baptisms_San_Antonio_Baptism_Records_1788-1824_1858-1898.docx,677,rId681,word/media/image677.png,raw/fs_0677.png,PNG,1036,1361,RGB,954957,f2f98e1527bbffc09a0bf7c708ae1c48fd3f100d698dc104add8dc32985de560,985169,c87eb7372acbde4f3aae54ceb9505c3789feea56c76d3456bb33a5037352832b,21503,0,20481,0,True,,analysis/fs_0677_analysis.png,593547,545fb3f05ffbf49831bcf8620a0dd9e9c105c9eec1f80d089d231c95369c6ad0,thumbnails/fs_0677.jpg,24777,65a99f4e8ae171678869fc069182b750e41d66caff2fcdc134d29e00cdd313fc,dlstupka/hth-baptisms-san-antonio-1788-1824--1858-1898,61efff529fb7330a92f8d423c40c45bc60bb841c,dlstupka/hth,4b88d0aead2931a9d8a127afbd852f196d6b51ec,,,,,,,,,,not_reviewed,,
678,Baptisms_San_Antonio_Baptism_Records_1788-1824_1858-1898.docx,678,rId682,word/media/image678.png,raw/fs_0678.png,PNG,1594,1361,RGB,1636842,73a732e6eb093ba28b8109c3e9527c055e81685d8f5ec1deb394c5f9ce2fc93b,1577752,42251be05325c1077ba1710d294f064bfe17dc0c4c53983fdec6d346c797ee4f,5376,0,5376,0,True,,analysis/fs_0678_analysis.png,1054282,855e50fcccf7d4b1619ff62c9fc2c1d8611f2371ad0c5f1519a31d9afc67f34b,thumbnails/fs_0678.jpg,17914,0c01a4e6f98a26411fda2d21d0e700f66173497ceddbc885d5a5d7caa5cc5fcd,dlstupka/hth-baptisms-san-antonio-1788-1824--1858-1898,61efff529fb7330a92f8d423c40c45bc60bb841c,dlstupka/hth,4b88d0aead2931a9d8a127afbd852f196d6b51ec,,,,,,,,,,not_reviewed,,
679,Baptisms_San_Antonio_Baptism_Records_1788-1824_1858-1898.docx,679,rId683,word/media/image679.png,raw/fs_0679.png,PNG,1498,1361,RGB,2125713,a41974ba2f7ede4f89d9910160bee8b86e5194a31062d44fe4658976ee5c2b5a,1836031,1cd1540dfa30bf565a87dc286a9ca6fe4ff0691f8412dbd49af6093204ce3cff,8064,0,8064,0,True,,analysis/fs_0679_analysis.png,1185686,7b3f5245d004f59a081aed58e141886ce979769f267f89a3892904f081dcd4e3,thumbnails/fs_0679.jpg,37105,732f7ff4e10d8a89cf631c0e9d70e276438f6193791e556a7b65c81f0515819b,dlstupka/hth-baptisms-san-antonio-1788-1824--1858-1898,61efff529fb7330a92f8d423c40c45bc60bb841c,dlstupka/hth,4b88d0aead2931a9d8a127afbd852f196d6b51ec,,,,,,,,,,not_reviewed,,
680,Baptisms_San_Antonio_Baptism_Records_1788-1824_1858-1898.docx,680,rId684,word/media/image680.png,raw/fs_0680.png,PNG,1546,1361,RGB,2064368,ec32e0ad886f2f604c4649383e76327b726cb797e0336ca66801d64ef57692bf,1788762,4d34085a043f34a4d6ae6e69304c72683bcd8303fad18ab97c0e12607878fce8,5376,0,8064,0,True,,analysis/fs_0680_analysis.png,1153457,f22e4afbddd687faeba23118e1cad2af8c05831e8042f3c4de15fea655fad2eb,thumbnails/fs_0680.jpg,37837,e3919b0a71d2f3930c2c6f8991b0eb5c9d0d3b8341879223e53ef5c7c770c10f,dlstupka/hth-baptisms-san-antonio-1788-1824--1858-1898,61efff529fb7330a92f8d423c40c45bc60bb841c,dlstupka/hth,4b88d0aead2931a9d8a127afbd852f196d6b51ec,,,,,,,,,,not_reviewed,,
681,Baptisms_San_Antonio_Baptism_Records_1788-1824_1858-1898.docx,681,rId685,word/media/image681.png,raw/fs_0681.png,PNG,1422,1361,RGB,1871292,446757f2bc084bab45599b28e772f12972cd441bed58e9f8207c4edc1454f8fa,1681548,f39e4b85a4880b539d098dac59b52e3e4076f73a6f86f2280694505a53ab7264,4231,0,16127,0,True,,analysis/fs_0681_analysis.png,1036170,5ba7c74c353fb36bb991ecee16a745f0cac91e24b046d0456f24f10c8272b6b2,thumbnails/fs_0681.jpg,33641,792e935626acc08069c3d133ced5bac2a1b4b403a184c6df7f20c3bc31cb624d,dlstupka/hth-baptisms-san-antonio-1788-1824--1858-1898,61efff529fb7330a92f8d423c40c45bc60bb841c,dlstupka/hth,4b88d0aead2931a9d8a127afbd852f196d6b51ec,,,,,,,,,,not_reviewed,,
682,Baptisms_San_Antonio_Baptism_Records_1788-1824_1858-1898.docx,682,rId686,word/media/image682.png,raw/fs_0682.png,PNG,1428,1361,RGB,2000998,298b4c3fb9e082b059c4ec717dd06d080b815267186f23673382430b2133d915,1759605,77825f4f96d36332655617b05c452309be35ddf58c18b210ae50d1b479b71cad,3921,0,16129,0,True,,analysis/fs_0682_analysis.png,1090897,7379306a472811bb89305a21fdf08c352ee4ef68a042435a72ede9d879915300,thumbnails/fs_0682.jpg,35718,4b15ba30bf27634de0e09ae3d41ef4c779f2e9a6068a82548b2345be2e346f3d,dlstupka/hth-baptisms-san-antonio-1788-1824--1858-1898,61efff529fb7330a92f8d423c40c45bc60bb841c,dlstupka/hth,4b88d0aead2931a9d8a127afbd852f196d6b51ec,,,,,,,,,,not_reviewed,,
683,Baptisms_San_Antonio_Baptism_Records_1788-1824_1858-1898.docx,683,rId687,word/media/image683.png,raw/fs_0683.png,PNG,1535,1361,RGB,2280102,200324c42ef3adb89abe7b0f98215d6b1dfba2813acf0ce394908c91af4d82d0,1905278,f6960ca79a4b60b3c12abca94eac3b79922d2e2ee19136fd9c0da8fe3a8cce11,5993,0,8064,0,True,,analysis/fs_0683_analysis.png,1246137,96c5aa3b258532137c0e4ed1a1855baa0276ee00918296eed9233fee62b00cae,thumbnails/fs_0683.jpg,42858,bb8c84da9c8d41a388d334268c63ac8a871868bcb28929de8d3984e54ff39b88,dlstupka/hth-baptisms-san-antonio-1788-1824--1858-1898,61efff529fb7330a92f8d423c40c45bc60bb841c,dlstupka/hth,4b88d0aead2931a9d8a127afbd852f196d6b51ec,,,,,,,,,,not_reviewed,,
684,Baptisms_San_Antonio_Baptism_Records_1788-1824_1858-1898.docx,684,rId688,word/media/image684.png,raw/fs_0684.png,PNG,1482,1361,RGB,2035163,bb1ec265692e9ad76a633ccb99f44a9d4bc71b76f6a56cbc2c990da68832281e,1769627,a4f66902b557bd98d6d4cab5f0eba32b6067c089a53d30bebb4fcb80560d2b66,3592,0,13441,0,True,,analysis/fs_0684_analysis.png,1113116,bf1440c9ba6d861e2dcc911046a45b121b76fdca29c81819366e69401acff946,thumbnails/fs_0684.jpg,36805,9a5d8089dc8861ab8b0815235469df9085e9e10ba91de9768e5f866e780ab7a1,dlstupka/hth-baptisms-san-antonio-1788-1824--1858-1898,61efff529fb7330a92f8d423c40c45bc60bb841c,dlstupka/hth,4b88d0aead2931a9d8a127afbd852f196d6b51ec,,,,,,,,,,not_reviewed,,
685,Baptisms_San_Antonio_Baptism_Records_1788-1824_1858-1898.docx,685,rId689,word/media/image685.png,raw/fs_0685.png,PNG,1460,1361,RGB,1996155,75ba211cc274af0fd1d275c7d584ddee5df50d591a21d7e7eb449bd541a50939,1753819,39f60d43d65dc940c4b892b8384e61ffc1cc6b0e81b53cdd3a0d626483c04960,4127,575,14125,-575,True,,analysis/fs_0685_analysis.png,1040294,30a06e7df8173be2e04f70c79907bb72f7042f987a7635880b1dfdea8680d717,thumbnails/fs_0685.jpg,34674,717bfb784db4de919d6f7db5d8786cef27f12c43ad48929e4f255198a3d17b77,dlstupka/hth-baptisms-san-antonio-1788-1824--1858-1898,61efff529fb7330a92f8d423c40c45bc60bb841c,dlstupka/hth,4b88d0aead2931a9d8a127afbd852f196d6b51ec,,,,,,,,,,not_reviewed,,
686,Baptisms_San_Antonio_Baptism_Records_1788-1824_1858-1898.docx,686,rId690,word/media/image686.png,raw/fs_0686.png,PNG,1546,1361,RGB,2252550,127f608eef08bb5632ca5b01dc392aef224ca042bbf4b2110bd9cf731fcfcf1e,1878377,1a7600153faa7345ab93ebe668fb001287ca0e1b7c1366ff830ad139ff222aa0,5376,0,8064,0,True,,analysis/fs_0686_analysis.png,1226403,9a6577c9ac81fc8e7fb9560a241e2bab59c791deb283ffe185a15f0d61667201,thumbnails/fs_0686.jpg,42003,3e8d2bfb46592f2dd3acaf902aca435bc41a340e8965bfb83ecab63fec2981c1,dlstupka/hth-baptisms-san-antonio-1788-1824--1858-1898,61efff529fb7330a92f8d423c40c45bc60bb841c,dlstupka/hth,4b88d0aead2931a9d8a127afbd852f196d6b51ec,,,,,,,,,,not_reviewed,,
687,Baptisms_San_Antonio_Baptism_Records_1788-1824_1858-1898.docx,687,rId691,word/media/image687.png,raw/fs_0687.png,PNG,1546,1361,RGB,2258824,b6338aa2f4f43cd695dd4b97727c14240d5ed6ad912f554b2eca031fb6694340,1897124,9b2e5af27a3d4f363d3285baa2272cbdd992c5144e20b7e5329c44ab5ca327ab,8064,0,5376,0,True,,analysis/fs_0687_analysis.png,1247577,d7885e97fda312cfdc406de5d8b165feef8e3230af26c1c1129bb109d41670a6,thumbnails/fs_0687.jpg,39879,a775861e73c299f1e5e33b46625d05d476122cf6304fcf4b3a572a364797a59d,dlstupka/hth-baptisms-san-antonio-1788-1824--1858-1898,61efff529fb7330a92f8d423c40c45bc60bb841c,dlstupka/hth,4b88d0aead2931a9d8a127afbd852f196d6b51ec,,,,,,,,,,not_reviewed,,
688,Baptisms_San_Antonio_Baptism_Records_1788-1824_1858-1898.docx,688,rId692,word/media/image688.png,raw/fs_0688.png,PNG,1488,1361,RGB,2228360,3188cdbb81dfce7550a95abaacde745bd3b521fa03d9da458aa9645da5f15458,1885963,852cceff255ef93c199b2083b34f0aae1051c87fe9a4b9f7fa91893d5497050e,5915,0,10752,0,True,,analysis/fs_0688_analysis.png,1227422,c72643b45b366474ec24dc708c3f435dac6d88162e39ec2662f65ae22401a440,thumbnails/fs_0688.jpg,38901,f56b4ce179d6c6f5790de662e6e9f3d6695ce1d1995584a6a1e200148b01eab2,dlstupka/hth-baptisms-san-antonio-1788-1824--1858-1898,61efff529fb7330a92f8d423c40c45bc60bb841c,dlstupka/hth,4b88d0aead2931a9d8a127afbd852f196d6b51ec,,,,,,,,,,not_reviewed,,
689,Baptisms_San_Antonio_Baptism_Records_1788-1824_1858-1898.docx,689,rId693,word/media/image689.png,raw/fs_0689.png,PNG,1498,1361,RGB,2145554,514a63fe7f71a7d789c5114cb8f06d761d906b2803989fc52a51a0aeee44ed04,1845892,416417cb906114020f3669edfd01a25bcd7823576c915095d69a029c8960fb24,8064,0,8064,0,True,,analysis/fs_0689_analysis.png,1203662,8b40ae142a7066355f92dde7a8af2f761aa03a2502aeaf973fedd9024405d7a2,thumbnails/fs_0689.jpg,37829,39a15968edba34d2df5a47323ec32dc5a09edc379f406e60b0e4c11bdea1b15a,dlstupka/hth-baptisms-san-antonio-1788-1824--1858-1898,61efff529fb7330a92f8d423c40c45bc60bb841c,dlstupka/hth,4b88d0aead2931a9d8a127afbd852f196d6b51ec,,,,,,,,,,not_reviewed,,
690,Baptisms_San_Antonio_Baptism_Records_1788-1824_1858-1898.docx,690,rId694,word/media/image690.png,raw/fs_0690.png,PNG,1546,1361,RGB,2287531,f6b09b76f5909c8e4e578bf0fe393222ff85ece6585771e25d107a69efbcaa2e,1905227,b5fb79f5fc359a40ded0f6a89faae4c89457379ee4a76f9fb76ef8efc99d61da,5376,0,8064,0,True,,analysis/fs_0690_analysis.png,1249781,bc559af70fe98b4d12d22c5190be2d6601d20b7c182b696109f04862c4b06ae7,thumbnails/fs_0690.jpg,40474,f8d87283e2b6802113b044196b734a0502a79464331c87aae496baf39a2088ff,dlstupka/hth-baptisms-san-antonio-1788-1824--1858-1898,61efff529fb7330a92f8d423c40c45bc60bb841c,dlstupka/hth,4b88d0aead2931a9d8a127afbd852f196d6b51ec,,,,,,,,,,not_reviewed,,
691,Baptisms_San_Antonio_Baptism_Records_1788-1824_1858-1898.docx,691,rId695,word/media/image691.png,raw/fs_0691.png,PNG,1483,1361,RGB,2118906,0e690ddd455d5a28652489c4197934942e76fb87925287cf18fc65bb225a726a,1827312,101054f86442e66dd20fb95ef0a64c457b92b24094a17c69228e5cf12a3edadf,3536,0,13440,0,True,,analysis/fs_0691_analysis.png,1151169,d19d4ffbc24a9535a4545fd1aac95041494277c85790399b7360e5e64d72a238,thumbnails/fs_0691.jpg,36772,794fe62d9adfe45e7df3aa4bcee5d0af3771ec8ac57a8621e66dafd6a571a7a2,dlstupka/hth-baptisms-san-antonio-1788-1824--1858-1898,61efff529fb7330a92f8d423c40c45bc60bb841c,dlstupka/hth,4b88d0aead2931a9d8a127afbd852f196d6b51ec,,,,,,,,,,not_reviewed,,
692,Baptisms_San_Antonio_Baptism_Records_1788-1824_1858-1898.docx,692,rId696,word/media/image692.png,raw/fs_0692.png,PNG,1498,1361,RGB,2183921,bf787533dd6a4ad2789f329b887988c8e8ec1e30553f2ab3dda26b55a6784f30,1850941,0ba05d6787e5aaaeb3f6218209cd93ad709307f8aa7a923c0b590d71a72da89d,2688,0,13440,0,True,,analysis/fs_0692_analysis.png,1169647,8b502fef093bdf92a0f46b3f75981a06030a3455502c9a55b6aaac0b727927ff,thumbnails/fs_0692.jpg,38088,69d3ddfcb975815628a632d81e11d1ef952b7d5b25dfd2d92b3a287ab8b6d460,dlstupka/hth-baptisms-san-antonio-1788-1824--1858-1898,61efff529fb7330a92f8d423c40c45bc60bb841c,dlstupka/hth,4b88d0aead2931a9d8a127afbd852f196d6b51ec,,,,,,,,,,not_reviewed,,
693,Baptisms_San_Antonio_Baptism_Records_1788-1824_1858-1898.docx,693,rId697,word/media/image693.png,raw/fs_0693.png,PNG,1546,1361,RGB,2360653,9f097c5a98db025a66d09b1b5f3643ca6939eab632f53757c80ffa6ac525a88a,1936032,3a25526890e9bdfa7054f2dc42a57be61cd8f8d99330933d99dbeecba93a89ae,5376,0,8064,0,True,,analysis/fs_0693_analysis.png,1274113,908d0d7ca3b59b55dc3411b3d6e8ae1e1954e803cbb90419a4c1c3cf08938cae,thumbnails/fs_0693.jpg,42947,003f227f162d89a001e59148079085c3aea039f4ba180dfc105657a830412f30,dlstupka/hth-baptisms-san-antonio-1788-1824--1858-1898,61efff529fb7330a92f8d423c40c45bc60bb841c,dlstupka/hth,4b88d0aead2931a9d8a127afbd852f196d6b51ec,,,,,,,,,,not_reviewed,,
694,Baptisms_San_Antonio_Baptism_Records_1788-1824_1858-1898.docx,694,rId698,word/media/image694.png,raw/fs_0694.png,PNG,1450,1361,RGB,2143988,e7289b6a4b89526ac2e32875c41a77a9f605d9e04a06052f7838a38c24a7c9b8,1837395,4addb6c72f271a977300f5317522eea74fd62048343837407ae0c63163172174,5376,0,13440,0,True,,analysis/fs_0694_analysis.png,1151857,8d957b907b7051b86917ff0ddc6ef63fb420d4503ffc7aeb9db1c90cc6572957,thumbnails/fs_0694.jpg,39379,cc8b546f688658c8d106316b7ede37472c7e019e10726ae02dcb01bbebae20a3,dlstupka/hth-baptisms-san-antonio-1788-1824--1858-1898,61efff529fb7330a92f8d423c40c45bc60bb841c,dlstupka/hth,4b88d0aead2931a9d8a127afbd852f196d6b51ec,,,,,,,,,,not_reviewed,,
695,Baptisms_San_Antonio_Baptism_Records_1788-1824_1858-1898.docx,695,rId699,word/media/image695.png,raw/fs_0695.png,PNG,1551,1361,RGB,2283759,08a2694a8702b24addabaeda197ab3e0756787d2e2a9b546a8ca9404672d8267,1902686,6f5c11921b3bf960081aedc1d2d59585d0c34e834fa26a0f7b40a2f16f4021a4,4384,0,8801,0,True,,analysis/fs_0695_analysis.png,1239974,a809cf42ec050196c26ef134712f32e74cc595ea292590d78f43f2ade90427fd,thumbnails/fs_0695.jpg,42687,07a0974523b63f3fb169171ad912a2498db27e4d810b5891086ed293df8b5509,dlstupka/hth-baptisms-san-antonio-1788-1824--1858-1898,61efff529fb7330a92f8d423c40c45bc60bb841c,dlstupka/hth,4b88d0aead2931a9d8a127afbd852f196d6b51ec,,,,,,,,,,not_reviewed,,
696,Baptisms_San_Antonio_Baptism_Records_1788-1824_1858-1898.docx,696,rId700,word/media/image696.png,raw/fs_0696.png,PNG,1546,1361,RGB,2116014,46de9946507e5018fa26fd6287322de1e3ca0d34b64e7df0c794635aae392a2b,1809627,fcdd5a0b06fd00099573440311c2b52ccc5bb04f1bda4665a558e1b95ea4c372,2688,0,10752,0,True,,analysis/fs_0696_analysis.png,1140689,c6dcc6140e99d9401104313d822c45c74a75586f4a56341defae628eca4623de,thumbnails/fs_0696.jpg,39010,777b10004198d70d60652dec434e3adf2c1b71e993c2f8438736d4adcda2176c,dlstupka/hth-baptisms-san-antonio-1788-1824--1858-1898,61efff529fb7330a92f8d423c40c45bc60bb841c,dlstupka/hth,4b88d0aead2931a9d8a127afbd852f196d6b51ec,,,,,,,,,,not_reviewed,,
697,Baptisms_San_Antonio_Baptism_Records_1788-1824_1858-1898.docx,697,rId701,word/media/image697.png,raw/fs_0697.png,PNG,1450,1361,RGB,2192458,1328a30e96d55b639467365ed3c8a71213878f06a735bc35a39827ac1fe40d4d,1872352,3483e848cd6690a2fa175654e4be982253e973575c156ce93c95ac9ab2995575,5376,0,13440,0,True,,analysis/fs_0697_analysis.png,1174404,fffcbe00e5d04b11837cedb548be5a67649c77088568041ffc1033ab6abc9d4b,thumbnails/fs_0697.jpg,39586,55539da1db5661cdf20d8d97fda408d184b6cd1726b4f721995a49b42f94e6f3,dlstupka/hth-baptisms-san-antonio-1788-1824--1858-1898,61efff529fb7330a92f8d423c40c45bc60bb841c,dlstupka/hth,4b88d0aead2931a9d8a127afbd852f196d6b51ec,,,,,,,,,,not_reviewed,,
698,Baptisms_San_Antonio_Baptism_Records_1788-1824_1858-1898.docx,698,rId702,word/media/image698.png,raw/fs_0698.png,PNG,1498,1361,RGB,2146775,27f9f436a47da07192fd304648d38f934462c7ac0d7bd3d0331db18e12f0c5c9,1819107,56e1b77f4e728b8af3289070115a5c542e831b0377ac55d0e20165d2c4e1c47c,3767,0,12361,0,True,,analysis/fs_0698_analysis.png,1152592,549f06cbff37a092eafffb2ca1d7e455afedddd01ea52af45af23b72f470be11,thumbnails/fs_0698.jpg,38349,4ca3cafa3f61515134c89e4fb019b6519a10c51d5678b3899422cf321f9934d4,dlstupka/hth-baptisms-san-antonio-1788-1824--1858-1898,61efff529fb7330a92f8d423c40c45bc60bb841c,dlstupka/hth,4b88d0aead2931a9d8a127afbd852f196d6b51ec,,,,,,,,,,not_reviewed,,
699,Baptisms_San_Antonio_Baptism_Records_1788-1824_1858-1898.docx,699,rId703,word/media/image699.png,raw/fs_0699.png,PNG,1519,1361,RGB,2472741,a9d8d89701fe1c2718eeeb90d8114a1d8523267f8877d246c1ec2fd0397a9cdf,2010762,fe00502ff5838a8a2450c00794581a78b4d4804d508e43ed4363bd20342e16f1,7458,0,7505,0,True,,analysis/fs_0699_analysis.png,1331383,ceec1f77bb9d331913869054c7400135842b6a60b8524cdb0fa2eb6528b79e62,thumbnails/fs_0699.jpg,45890,c520cb8cd88cb3239920ada56445e465df2340b029bbe32389a262cde9528139,dlstupka/hth-baptisms-san-antonio-1788-1824--1858-1898,61efff529fb7330a92f8d423c40c45bc60bb841c,dlstupka/hth,4b88d0aead2931a9d8a127afbd852f196d6b51ec,,,,,,,,,,not_reviewed,,
700,Baptisms_San_Antonio_Baptism_Records_1788-1824_1858-1898.docx,700,rId704,word/media/image700.png,raw/fs_0700.png,PNG,1594,1361,RGB,2460768,8638d09d165a3ef8abbef603d9e544de4f3b2bed62cbcecd1cdf7b064c50da19,2007464,b0abb1c688f6cef90956326fb31c2b127905cc37cb502b6d252e51c8fbff20c1,5376,0,5376,0,True,,analysis/fs_0700_analysis.png,1325896,9bcb0178617a7bfa2d8b1f3ae7fff5aca6b05364c4ee3721696b2082657eded0,thumbnails/fs_0700.jpg,45437,f675bfa788d344629a73f9b0d0402036ec8d40d426067893091673895877e150,dlstupka/hth-baptisms-san-antonio-1788-1824--1858-1898,61efff529fb7330a92f8d423c40c45bc60bb841c,dlstupka/hth,4b88d0aead2931a9d8a127afbd852f196d6b51ec,,,,,,,,,,not_reviewed,,
701,Baptisms_San_Antonio_Baptism_Records_1788-1824_1858-1898.docx,701,rId705,word/media/image701.png,raw/fs_0701.png,PNG,1546,1361,RGB,2352029,d79631f136499f1432eaa490ca7983ae5981f1320096763648973ad7ec89f54b,1957697,f392d7ba24f5c4342781de95f029ae53b621d824a3a47652fcff789c50ea4ade,8064,0,5376,0,True,,analysis/fs_0701_analysis.png,1281035,54ddf46537a3fefa4819f7dcb5e9ae017d11a31079acc6edf753d8d7ca6c42d5,thumbnails/fs_0701.jpg,40498,93425c384f9eabe3ace4e76ad7dfc36dd4795a44e18d7d97f92d8e9acd26c6c3,dlstupka/hth-baptisms-san-antonio-1788-1824--1858-1898,61efff529fb7330a92f8d423c40c45bc60bb841c,dlstupka/hth,4b88d0aead2931a9d8a127afbd852f196d6b51ec,,,,,,,,,,not_reviewed,,
702,Baptisms_San_Antonio_Baptism_Records_1788-1824_1858-1898.docx,702,rId706,word/media/image702.png,raw/fs_0702.png,PNG,1560,1361,RGB,2340691,28004a07880343a06ac1e24980bee2929adfd4abc6b4ef0be003f9f52919b6d9,1944504,9bd631103fd1a0b997e563f4fbb37f77585f59b2e3e8628b39fdae8b45ed2c78,8064,0,4589,0,True,,analysis/fs_0702_analysis.png,1273498,6c2f2ca3c91c89cc6fc5810ce672098775273aa469ec0e9a25f9e4ea8d9b7840,thumbnails/fs_0702.jpg,41539,46e3be296a1b808e47a83e8425c34d77f313da5e0dbb7ff1d796a2e8b3083e56,dlstupka/hth-baptisms-san-antonio-1788-1824--1858-1898,61efff529fb7330a92f8d423c40c45bc60bb841c,dlstupka/hth,4b88d0aead2931a9d8a127afbd852f196d6b51ec,,,,,,,,,,not_reviewed,,
703,Baptisms_San_Antonio_Baptism_Records_1788-1824_1858-1898.docx,703,rId707,word/media/image703.png,raw/fs_0703.png,PNG,1594,1361,RGB,2362211,5e63a652c20327137e8ed1d1413cbfbef9dcba90959a4690ddb791f047446f96,1947622,08b5659ce9800fc7956f1c4c3e1b72f12c396874d53f352d2e14560c6c034160,5376,0,5376,0,True,,analysis/fs_0703_analysis.png,1277655,473de115d408a8f2afbe3a286b574727e885b88febbd4bde4a41a812e2417ba9,thumbnails/fs_0703.jpg,41675,bd3053031258192f49769b07107cc04cff0e6c42456c077b0f113bf19ecee9ed,dlstupka/hth-baptisms-san-antonio-1788-1824--1858-1898,61efff529fb7330a92f8d423c40c45bc60bb841c,dlstupka/hth,4b88d0aead2931a9d8a127afbd852f196d6b51ec,,,,,,,,,,not_reviewed,,
704,Baptisms_San_Antonio_Baptism_Records_1788-1824_1858-1898.docx,704,rId708,word/media/image704.png,raw/fs_0704.png,PNG,1498,1361,RGB,2083573,3d6d0c9f9183964abcbd9557d3a20997207f1ac1d86af8dd8a40a3e381260429,1789874,5f28f5e3ecd14fbea2388d984b8358ab7522a3ca555483d26b6c942927c9d350,5376,0,10752,0,True,,analysis/fs_0704_analysis.png,1128022,f97eea83765bd345b42489a18481dcb4a1ac7e82b0d694e262944c5843db0536,thumbnails/fs_0704.jpg,37606,3e14da8ae23d3c1781335283dfb1a2a0efb97a6c026a2879e602996bf475678a,dlstupka/hth-baptisms-san-antonio-1788-1824--1858-1898,61efff529fb7330a92f8d423c40c45bc60bb841c,dlstupka/hth,4b88d0aead2931a9d8a127afbd852f196d6b51ec,,,,,,,,,,not_reviewed,,
705,Baptisms_San_Antonio_Baptism_Records_1788-1824_1858-1898.docx,705,rId709,word/media/image705.png,raw/fs_0705.png,PNG,1546,1361,RGB,2342294,3106493108c5fde06f37d3b7c5c0b55cef291bfe325b6dc857eb39147ea3e096,1947860,54f49f32641195307454373002356857e7f44fa2ed37ed83a4aed8a588899d4b,6609,0,6808,0,True,,analysis/fs_0705_analysis.png,1266898,45bbb60c8f853e1d314088731814af998e60444e1ddfe2f607fefbe1c90dde26,thumbnails/fs_0705.jpg,41567,f4477c54b1c59c888d27132cb3613d785b85240d02715548d4919eb864bdf299,dlstupka/hth-baptisms-san-antonio-1788-1824--1858-1898,61efff529fb7330a92f8d423c40c45bc60bb841c,dlstupka/hth,4b88d0aead2931a9d8a127afbd852f196d6b51ec,,,,,,,,,,not_reviewed,,
706,Baptisms_San_Antonio_Baptism_Records_1788-1824_1858-1898.docx,706,rId710,word/media/image706.png,raw/fs_0706.png,PNG,1450,1361,RGB,2196902,4aceafc81cf3cbe446b80cc4399ad4480b06d09a0abdd81a11c1332a1ced15ad,1839969,e6e38a577dd90971c52df78909b8853c819d383248b5da5a8db12e29fbf3f7dc,5376,0,13440,0,True,,analysis/fs_0706_analysis.png,1163175,815d971ad2880c81e01b7acc9936e3480405f2a1fea7fc6cfa7cb1a006ec0070,thumbnails/fs_0706.jpg,38319,d837210d273de0a13cf9b8cda69477c69723c4a59f0c22bdc8d2f075261ea3eb,dlstupka/hth-baptisms-san-antonio-1788-1824--1858-1898,61efff529fb7330a92f8d423c40c45bc60bb841c,dlstupka/hth,4b88d0aead2931a9d8a127afbd852f196d6b51ec,,,,,,,,,,not_reviewed,,
707,Baptisms_San_Antonio_Baptism_Records_1788-1824_1858-1898.docx,707,rId711,word/media/image707.png,raw/fs_0707.png,PNG,1546,1361,RGB,2415372,331af1e66040de5b9b0dcc6c7904501e5da945adc04793ac38fd60866673962a,1954766,bba454b8e6e93aa3456e4e16f8a579b8dea8df284e7d18b95d3156c6e401c672,8064,0,5376,0,True,,analysis/fs_0707_analysis.png,1278664,e49d9d8475f6f28440c547a681627d76a192ad741bbfdb25937d80a8b5e505bf,thumbnails/fs_0707.jpg,44411,f724099f029d308955f3f8b183037ba842934736952dd62cbb71eb583a7717a2,dlstupka/hth-baptisms-san-antonio-1788-1824--1858-1898,61efff529fb7330a92f8d423c40c45bc60bb841c,dlstupka/hth,4b88d0aead2931a9d8a127afbd852f196d6b51ec,,,,,,,,,,not_reviewed,,
708,Baptisms_San_Antonio_Baptism_Records_1788-1824_1858-1898.docx,708,rId712,word/media/image708.png,raw/fs_0708.png,PNG,1450,1361,RGB,2183862,1dce2c5e41a002536c89cbaf17603504d38b037e1d5f751e748293e1c2320cdb,1849904,950a78aeeb794e33202afb84ddb345ba28ecc50f3f138cb2e18d6ca0d087b307,5376,0,13440,0,True,,analysis/fs_0708_analysis.png,1159576,63a8f61f21904bfeb21334a2814815c71415ef442c885a8509ba6450a11fce5b,thumbnails/fs_0708.jpg,41311,80bcb57d4010f8f7ad2b40543be16fef93f2d43bdfdb8295955b17f248f6a60f,dlstupka/hth-baptisms-san-antonio-1788-1824--1858-1898,61efff529fb7330a92f8d423c40c45bc60bb841c,dlstupka/hth,4b88d0aead2931a9d8a127afbd852f196d6b51ec,,,,,,,,,,not_reviewed,,
709,Baptisms_San_Antonio_Baptism_Records_1788-1824_1858-1898.docx,709,rId713,word/media/image709.png,raw/fs_0709.png,PNG,1498,1361,RGB,2262305,d8acca5375e2a774f76c2c6af3984a72ff5bf2663c5ca5ebc0b37fe3c5da385d,1899875,1d897fb28c9eb16db199d75b6f647ce737293ccee1c56cc075f7536bc9755288,5376,0,10752,0,True,,analysis/fs_0709_analysis.png,1199075,4fc921a963a4cd5d2a81a00720b6f0d6cd941029295d1f16344a8b6f197a35d3,thumbnails/fs_0709.jpg,41498,6c9c796f0e1940cbfdf357e921295b0edb4e70c4dd85256d3d22f790a08ea4d8,dlstupka/hth-baptisms-san-antonio-1788-1824--1858-1898,61efff529fb7330a92f8d423c40c45bc60bb841c,dlstupka/hth,4b88d0aead2931a9d8a127afbd852f196d6b51ec,,,,,,,,,,not_reviewed,,
710,Baptisms_San_Antonio_Baptism_Records_1788-1824_1858-1898.docx,710,rId714,word/media/image710.png,raw/fs_0710.png,PNG,1546,1361,RGB,2395462,534abe0ba5c1c92b5a3ef856868b89ef5d71ceea0c28f864661d43b19b3855a9,1978427,ee7bf3c80ec459fe4cc4e1d0440c64a38cb77d770a243b04d6481056517c2989,5376,0,8064,0,True,,analysis/fs_0710_analysis.png,1289718,ff7c7cd8d749a2a6dee3c7f3e6672f6043f8666e734ba91a41d80fbf7b19b3aa,thumbnails/fs_0710.jpg,44367,8f822b64271b3e73e46bfd834daab9ec09f0ba566a97252e8998a31ac03e5c04,dlstupka/hth-baptisms-san-antonio-1788-1824--1858-1898,61efff529fb7330a92f8d423c40c45bc60bb841c,dlstupka/hth,4b88d0aead2931a9d8a127afbd852f196d6b51ec,,,,,,,,,,not_reviewed,,
711,Baptisms_San_Antonio_Baptism_Records_1788-1824_1858-1898.docx,711,rId715,word/media/image711.png,raw/fs_0711.png,PNG,1498,1361,RGB,2184064,3b0bf71ac1e7e8f1a1a8bdcdc2aa3b6ae9fadfb0a7453dd26df6d62889c59441,1877350,05e487bfd76472b5ba62eb7f3592026b415d06af8ffa72a2080ffbc2337d13bf,5376,0,10752,0,True,,analysis/fs_0711_analysis.png,1170701,6e8081bbf9eab24889f7019cfb80d4fd9863a9ef9f10f6b6f55623d25f71ae9b,thumbnails/fs_0711.jpg,39792,1c4ee8bc383871758d3f306e5f4927f6fbb742bb2ef8e8df20ec41fd154f4a1b,dlstupka/hth-baptisms-san-antonio-1788-1824--1858-1898,61efff529fb7330a92f8d423c40c45bc60bb841c,dlstupka/hth,4b88d0aead2931a9d8a127afbd852f196d6b51ec,,,,,,,,,,not_reviewed,,
712,Baptisms_San_Antonio_Baptism_Records_1788-1824_1858-1898.docx,712,rId716,word/media/image712.png,raw/fs_0712.png,PNG,1498,1361,RGB,2197858,ceb89a52a7aa10e20555a7ff0b4141679b09f5258684ed57665d561a98b9ff37,1879393,e7fa5295632dcf0d7503cf54a5a51be046c843da89bfb5fe35aa7c5d31615c22,5376,0,10752,0,True,,analysis/fs_0712_analysis.png,1177923,8533c62f759aa74bdd783158c342d3cf035dcee1e336e4b142230988f2af9312,thumbnails/fs_0712.jpg,39688,1c40b4e2784b1c3689faff14fcf2f41b66f0f0884118a997c5f28a5291cb3975,dlstupka/hth-baptisms-san-antonio-1788-1824--1858-1898,61efff529fb7330a92f8d423c40c45bc60bb841c,dlstupka/hth,4b88d0aead2931a9d8a127afbd852f196d6b51ec,,,,,,,,,,not_reviewed,,
713,Baptisms_San_Antonio_Baptism_Records_1788-1824_1858-1898.docx,713,rId717,word/media/image713.png,raw/fs_0713.png,PNG,1484,1361,RGB,2136673,958be2d78cf71f4da45624370039ff9331e02cff28c7ff3026f9027427feb8b8,1841869,108deef418768b58a934f7e9a2ed6c868bb33ff739ebe6f612dd145ae4dcf96a,3463,0,13440,0,True,,analysis/fs_0713_analysis.png,1158188,ac1e37ce9b02343a9836ec896ce72fe2dc27a149d56647a83cd27c188da9009f,thumbnails/fs_0713.jpg,37266,827793a048a9758c3b9410c7b9e390efb7c23b5339e1ddaca8f26facd2c2d2a7,dlstupka/hth-baptisms-san-antonio-1788-1824--1858-1898,61efff529fb7330a92f8d423c40c45bc60bb841c,dlstupka/hth,4b88d0aead2931a9d8a127afbd852f196d6b51ec,,,,,,,,,,not_reviewed,,
714,Baptisms_San_Antonio_Baptism_Records_1788-1824_1858-1898.docx,714,rId718,word/media/image714.png,raw/fs_0714.png,PNG,1546,1361,RGB,2347843,070473787e10d4ef5addb10f822dc52c22825d5ce04ab7a0b22bfe2c07150cdf,1952211,7c3173c5705a7663cae17b6ea79df3c262c01b4145f7021b9e528c7ed113a016,8064,0,5376,0,True,,analysis/fs_0714_analysis.png,1270282,48d683f83adff0208b48b57638e4306d9e45c0a66b1f7bcb8899e94a310c1a72,thumbnails/fs_0714.jpg,43228,03de73b6f4e7271734330caef00f0c1c6b522ccd77f1a8aa93992a0ae18a2f46,dlstupka/hth-baptisms-san-antonio-1788-1824--1858-1898,61efff529fb7330a92f8d423c40c45bc60bb841c,dlstupka/hth,4b88d0aead2931a9d8a127afbd852f196d6b51ec,,,,,,,,,,not_reviewed,,
715,Baptisms_San_Antonio_Baptism_Records_1788-1824_1858-1898.docx,715,rId719,word/media/image715.png,raw/fs_0715.png,PNG,1498,1361,RGB,2131638,fa8e8ae3eb0229944547709f5b2bcfa6869ed657f8efa1681444cd8c04813672,1855296,4ab9d9487c8656ab2a0c8e8133828c4b8c4e2700e5da1ca901f98561252534a3,5376,0,10752,0,True,,analysis/fs_0715_analysis.png,1161974,32c69b17c5aa87eefa610bdb83332cc35299753240e555baba769fa7039ae922,thumbnails/fs_0715.jpg,35997,0bafc5c82a489fa35d64be0cf21ede77cf3db5fbf77db8b5dc6b94c0cd291e0a,dlstupka/hth-baptisms-san-antonio-1788-1824--1858-1898,61efff529fb7330a92f8d423c40c45bc60bb841c,dlstupka/hth,4b88d0aead2931a9d8a127afbd852f196d6b51ec,,,,,,,,,,not_reviewed,,
716,Baptisms_San_Antonio_Baptism_Records_1788-1824_1858-1898.docx,716,rId720,word/media/image716.png,raw/fs_0716.png,PNG,1546,1361,RGB,2392699,623a1db3f2ee2905453dcaa8f002fee071632439e4d692c3f3902168690467f6,2000627,43843b61aae7f050a9ebaaf9756144d5d38e6438b8504683f0ca7c4e7e157328,5376,0,8064,0,True,,analysis/fs_0716_analysis.png,1308607,bd7a2500ae62240ba0347eb76a81348efe11194fbb60e4d27ec9db28100ea9eb,thumbnails/fs_0716.jpg,41576,5398700a3c6a6605bcf9afcbb70dfa66b38e750630513fb2f95aa5df491efa65,dlstupka/hth-baptisms-san-antonio-1788-1824--1858-1898,61efff529fb7330a92f8d423c40c45bc60bb841c,dlstupka/hth,4b88d0aead2931a9d8a127afbd852f196d6b51ec,,,,,,,,,,not_reviewed,,
717,Baptisms_San_Antonio_Baptism_Records_1788-1824_1858-1898.docx,717,rId721,word/media/image717.png,raw/fs_0717.png,PNG,1450,1361,RGB,2227867,3a7875b1917d8ffa77bd103779a73dec1e2ba700402906afae1611dcfe607dd9,1878258,cea81f5b2b617c28cbe64baeb9a3dfcd42757360bbd2d5613744084878502462,5376,0,13440,0,True,,analysis/fs_0717_analysis.png,1194337,055e8dbaf03479169dadad891b0ea5449204fac198ac5ad8517732ab908394fb,thumbnails/fs_0717.jpg,39506,81ad9f1e98c6227d6c46b465663742f6372ab874d0439ee061d97e3ba1544ef2,dlstupka/hth-baptisms-san-antonio-1788-1824--1858-1898,61efff529fb7330a92f8d423c40c45bc60bb841c,dlstupka/hth,4b88d0aead2931a9d8a127afbd852f196d6b51ec,,,,,,,,,,not_reviewed,,
718,Baptisms_San_Antonio_Baptism_Records_1788-1824_1858-1898.docx,718,rId722,word/media/image718.png,raw/fs_0718.png,PNG,1568,1361,RGB,2451221,db24d482c1bc6f35fc912982e5e7c76cd843d2ce3642500377319bbb5fede995,2031782,0c7e4dcb1b65500824b8d715d2e8417a9458b2cc7aa391a8ebfb119d2fe3d56e,8064,0,4126,0,True,,analysis/fs_0718_analysis.png,1334230,80e065dd2b559d92dc0872d46c64bde3d36ea6b0f3904e1e9c1fcb5d85421676,thumbnails/fs_0718.jpg,44355,8723baeb1a2f141caa14dac9456821f268b3e3df9bf5c652b753002c2bdae70a,dlstupka/hth-baptisms-san-antonio-1788-1824--1858-1898,61efff529fb7330a92f8d423c40c45bc60bb841c,dlstupka/hth,4b88d0aead2931a9d8a127afbd852f196d6b51ec,,,,,,,,,,not_reviewed,,
719,Baptisms_San_Antonio_Baptism_Records_1788-1824_1858-1898.docx,719,rId723,word/media/image719.png,raw/fs_0719.png,PNG,1498,1361,RGB,2249262,39f5ddb76ed15b2fac2e5fa7d9dc9b4e27ce97867ffe8163b1a3fdcf3fb05a3c,1902314,f9998dbb775609008294dae3ea4332e9f80d764089f160a86862d0d5aee1658c,5376,0,10752,0,True,,analysis/fs_0719_analysis.png,1200474,54b38487b642bfac91ad4c1a3ae6b35695188bf335097ad018c136ab7fe4d1f3,thumbnails/fs_0719.jpg,39104,46f34f41235279fda9ae1cd07242ac533006b375994bfbb5fdb490cbc433dc7e,dlstupka/hth-baptisms-san-antonio-1788-1824--1858-1898,61efff529fb7330a92f8d423c40c45bc60bb841c,dlstupka/hth,4b88d0aead2931a9d8a127afbd852f196d6b51ec,,,,,,,,,,not_reviewed,,
720,Baptisms_San_Antonio_Baptism_Records_1788-1824_1858-1898.docx,720,rId724,word/media/image720.png,raw/fs_0720.png,PNG,1473,1361,RGB,2150639,ddf9ce834b8369ffb122a5a4a6c8a3a963785422539f8a2d9fbbe0560709c700,1860878,69b08a1f0a2e2d520397ae130deb87811b684e0e3489302beef01f63e7a260a0,3766,0,13757,0,True,,analysis/fs_0720_analysis.png,1168045,8bd7b9e9bbd0456a2ccfe0c84d644aec888cb327a8a494a53a854aa1c2db3322,thumbnails/fs_0720.jpg,36579,ca22fa68e958632832a32e4709a91cd55c4d1485670724aac456a251a3a7d122,dlstupka/hth-baptisms-san-antonio-1788-1824--1858-1898,61efff529fb7330a92f8d423c40c45bc60bb841c,dlstupka/hth,4b88d0aead2931a9d8a127afbd852f196d6b51ec,,,,,,,,,,not_reviewed,,
721,Baptisms_San_Antonio_Baptism_Records_1788-1824_1858-1898.docx,721,rId725,word/media/image721.png,raw/fs_0721.png,PNG,1498,1361,RGB,2088896,a495bd8ed566c1914c51b4843d1c16861fa92053eff77c8b52cf63d9b9a733eb,1849104,f4093cef06552748174b4db7b54bec628373f52c56fea91a656371ecf5fd7bb6,5376,0,10752,0,True,,analysis/fs_0721_analysis.png,1159028,61fc797220dc7744260bdb6cde11ed74ff3867199539f4d012e944e1fc25aea9,thumbnails/fs_0721.jpg,34629,deb09b465c2cb6988627035e60c8f09925857ecc1a00faeb0cde898dd7424040,dlstupka/hth-baptisms-san-antonio-1788-1824--1858-1898,61efff529fb7330a92f8d423c40c45bc60bb841c,dlstupka/hth,4b88d0aead2931a9d8a127afbd852f196d6b51ec,,,,,,,,,,not_reviewed,,
722,Baptisms_San_Antonio_Baptism_Records_1788-1824_1858-1898.docx,722,rId726,word/media/image722.png,raw/fs_0722.png,PNG,1498,1361,RGB,2157627,865b614b1c863b6aadfe0fa8096a7d86ebcae87e3b2e64b4bd1cc820c7827895,1865222,f63d81e1ded0b3eba08b3e86da3129fcd78730a0e6cd9c1f6a9fb5a85a068e73,5376,0,10752,0,True,,analysis/fs_0722_analysis.png,1174678,b1bf216550a8749637300407ad04c8948fe8b433f4ff313f77bf2c6ef618a8f8,thumbnails/fs_0722.jpg,38147,def215a9edfaaf57609a3674a88987e0d2d5dd0191376cb062d79d28f1b9dfb2,dlstupka/hth-baptisms-san-antonio-1788-1824--1858-1898,61efff529fb7330a92f8d423c40c45bc60bb841c,dlstupka/hth,4b88d0aead2931a9d8a127afbd852f196d6b51ec,,,,,,,,,,not_reviewed,,
723,Baptisms_San_Antonio_Baptism_Records_1788-1824_1858-1898.docx,723,rId727,word/media/image723.png,raw/fs_0723.png,PNG,1498,1361,RGB,2135321,91fe007b4415638a53bab85b8844c39f2403c697d73a6b5fd47d16b3e81ea74b,1797277,4101cafe65e6a2efacb2b9b35495fdda4137c6fac200aacadd7d7ff011be6d35,8064,0,8064,0,True,,analysis/fs_0723_analysis.png,1165237,bb1f9a5e12c0e7f8b956fcf124fbca633d411662abc890fec2efdadba7580a76,thumbnails/fs_0723.jpg,37090,39ffa7cb27c06bd1a984122b5dcb1c97ab415beff640fde1b80aea63e07fd3f2,dlstupka/hth-baptisms-san-antonio-1788-1824--1858-1898,61efff529fb7330a92f8d423c40c45bc60bb841c,dlstupka/hth,4b88d0aead2931a9d8a127afbd852f196d6b51ec,,,,,,,,,,not_reviewed,,
724,Baptisms_San_Antonio_Baptism_Records_1788-1824_1858-1898.docx,724,rId728,word/media/image724.png,raw/fs_0724.png,PNG,1498,1361,RGB,2090736,343c3bb3aa9622847e4b34f4934592215b2c8afe8595b235e936064d10d69493,1789344,d2f831c3b801e6d3b1c8c98c7cab21198107555453156fc9b6ea175d5d41254a,5376,0,10752,0,True,,analysis/fs_0724_analysis.png,1136075,4060fde625228e349de8f202485a8d25e504a90872dd72ef6ba81fb714681b50,thumbnails/fs_0724.jpg,37046,400a30f1de740eac93ea8d5718b9e00affb6e75b39aea24af1ed6052f1ab683d,dlstupka/hth-baptisms-san-antonio-1788-1824--1858-1898,61efff529fb7330a92f8d423c40c45bc60bb841c,dlstupka/hth,4b88d0aead2931a9d8a127afbd852f196d6b51ec,,,,,,,,,,not_reviewed,,
725,Baptisms_San_Antonio_Baptism_Records_1788-1824_1858-1898.docx,725,rId729,word/media/image725.png,raw/fs_0725.png,PNG,1498,1361,RGB,2078292,ef5cc43713af5da329a93d0188328a03a514c504b4b20147ddf60193dc6a52b6,1822341,b6f019583b1b52d05e8bbd4989bebddc1a96196dfbd48abf0cc197c6738dcf21,5376,0,10752,0,True,,analysis/fs_0725_analysis.png,1156371,ac36d40f659f062acd0cb418d85228f01a37ae959d7df90f7c21bc3f073829a1,thumbnails/fs_0725.jpg,35585,3cb31a22cc1a16a061eb7e4d75ed56a42f5ad3f2dffee143da9fc6e9f9657145,dlstupka/hth-baptisms-san-antonio-1788-1824--1858-1898,61efff529fb7330a92f8d423c40c45bc60bb841c,dlstupka/hth,4b88d0aead2931a9d8a127afbd852f196d6b51ec,,,,,,,,,,not_reviewed,,
726,Baptisms_San_Antonio_Baptism_Records_1788-1824_1858-1898.docx,726,rId730,word/media/image726.png,raw/fs_0726.png,PNG,1546,1361,RGB,2113689,0f584676cfc2e9456f59c25e4d1686d0e53c12321cd92b5b60f85e211915a295,1789211,9d59b8ba23d61e2637ef35f19991c4f28c118b734831235a3e745b3b453bf67c,5376,0,8064,0,True,,analysis/fs_0726_analysis.png,1158969,4aed2ca149d3186879288a4f051f8de5bacd77186eb92d824b8cec61f1b6d73d,thumbnails/fs_0726.jpg,36914,90c3c4dc6cac7f0963322903a7861edcda07a04dae3d43bfdf0b9b284b4dc3ef,dlstupka/hth-baptisms-san-antonio-1788-1824--1858-1898,61efff529fb7330a92f8d423c40c45bc60bb841c,dlstupka/hth,4b88d0aead2931a9d8a127afbd852f196d6b51ec,,,,,,,,,,not_reviewed,,
727,Baptisms_San_Antonio_Baptism_Records_1788-1824_1858-1898.docx,727,rId731,word/media/image727.png,raw/fs_0727.png,PNG,1594,1361,RGB,1992737,5ada870f93e884ee50c3fc8ce933cfe8e610f3e875a8ce6efdeb98f25d16b4ef,1763768,745c304625d31bf171c98714d68e7304f9ad8668172a001ef8b9dc98b7a7b657,2688,0,8064,0,True,,analysis/fs_0727_analysis.png,1111497,fb8e656c8c0c058b97cd0f3c5f5c6d515ad483927c47a0b54294246a3a0a7a19,thumbnails/fs_0727.jpg,34267,58383bdc8c8d750e3a337bc14cb2cf44f753494f3165db99ab17a2fab633b98b,dlstupka/hth-baptisms-san-antonio-1788-1824--1858-1898,61efff529fb7330a92f8d423c40c45bc60bb841c,dlstupka/hth,4b88d0aead2931a9d8a127afbd852f196d6b51ec,,,,,,,,,,not_reviewed,,
728,Baptisms_San_Antonio_Baptism_Records_1788-1824_1858-1898.docx,728,rId732,word/media/image728.png,raw/fs_0728.png,PNG,1594,1361,RGB,2059911,7446bc76d2bccff0ec0b3ba48c838bb6c76ecfba36e07496472b3a6f7aaf3c38,1808457,812fdb781074daeca7e2f872e8c837e2a3b2375718c0ab5826df3489ca5ab135,2688,0,8064,0,True,,analysis/fs_0728_analysis.png,1147437,592f276489bb36b28576787f964ae2060be8d92b41d7a04f5535da22f4d85fcb,thumbnails/fs_0728.jpg,34899,5bb07dbb5700e152d329d03956745da6dc9e4ba2fa5469c9a6a4e7b6768ff6f3,dlstupka/hth-baptisms-san-antonio-1788-1824--1858-1898,61efff529fb7330a92f8d423c40c45bc60bb841c,dlstupka/hth,4b88d0aead2931a9d8a127afbd852f196d6b51ec,,,,,,,,,,not_reviewed,,
729,Baptisms_San_Antonio_Baptism_Records_1788-1824_1858-1898.docx,729,rId733,word/media/image729.png,raw/fs_0729.png,PNG,1594,1361,RGB,1963782,5e8413fae950b15ffa56a6e825eb4889d2a6acbd73ceea3be282b83fb6fcfd04,1774271,817c578b502ed23953477e840a13a5932f02140599c55984bc96870efb2004a7,2688,0,8064,0,True,,analysis/fs_0729_analysis.png,1127296,9733220a410956614176be62f1391b3a3377b6c99b93eafe78873870e7e509ec,thumbnails/fs_0729.jpg,31153,929e94af5bafdc2a26a8c57c7dd6b2441fd38b3bf1427b85cd38922f482b0ef0,dlstupka/hth-baptisms-san-antonio-1788-1824--1858-1898,61efff529fb7330a92f8d423c40c45bc60bb841c,dlstupka/hth,4b88d0aead2931a9d8a127afbd852f196d6b51ec,,,,,,,,,,not_reviewed,,
730,Baptisms_San_Antonio_Baptism_Records_1788-1824_1858-1898.docx,730,rId734,word/media/image730.png,raw/fs_0730.png,PNG,1690,1361,RGB,2321612,6af2f6c94b72e38cf5d56425c689c991983846cce38b57b5f0e0762119597e28,1973834,426c3d5d2794a20e3675a412bdc1e8bb887fb6464ff254c7e75a6706bbcc0191,2688,0,2688,0,True,,analysis/fs_0730_analysis.png,1302153,83886c79cd82d60eb6f512293c8975b9cb883f490c36d0ceedd854db3d48d756,thumbnails/fs_0730.jpg,39726,2518aadd874668fdcacad6b95e6b39530f7f450a840c277d72ebac0cd08e0da4,dlstupka/hth-baptisms-san-antonio-1788-1824--1858-1898,61efff529fb7330a92f8d423c40c45bc60bb841c,dlstupka/hth,4b88d0aead2931a9d8a127afbd852f196d6b51ec,,,,,,,,,,not_reviewed,,
731,Baptisms_San_Antonio_Baptism_Records_1788-1824_1858-1898.docx,731,rId735,word/media/image731.png,raw/fs_0731.png,PNG,1594,1361,RGB,2078470,d1445c04051b872d7665f1e676f412a53da643b1078fb139eceea9e87cbd1a77,1825285,bd3c5a002f07c89e44e50377abecaa8a91fe3b7c8e56b864030fd61bb4fbc78e,2688,0,8064,0,True,,analysis/fs_0731_analysis.png,1157809,feb61b55b9506ccc1f43568362d2dfb30bb0f3a597ddada0070fda8171b28f94,thumbnails/fs_0731.jpg,34987,f2291a93d6dbe8f600c45025570cddca1156304b7de6f60268395a5a88647971,dlstupka/hth-baptisms-san-antonio-1788-1824--1858-1898,61efff529fb7330a92f8d423c40c45bc60bb841c,dlstupka/hth,4b88d0aead2931a9d8a127afbd852f196d6b51ec,,,,,,,,,,not_reviewed,,
732,Baptisms_San_Antonio_Baptism_Records_1788-1824_1858-1898.docx,732,rId736,word/media/image732.png,raw/fs_0732.png,PNG,1594,1361,RGB,2291580,f22a09a68d4bf38faf994cb1ff57b08b31664be9d693b047d9860e895abe4ddd,1934192,dec605fc88bc579b23a3b7f8ee37ceafc07ef4799c9955b8d42c89deb1c7e9cd,2688,0,8064,0,True,,analysis/fs_0732_analysis.png,1230566,5343e6962479be4f5cf910b8da4195a534dc99bccb48d5feb2246b1a2f84188d,thumbnails/fs_0732.jpg,40390,14d87b45814c40b4802eb99ac185f84c9a111ebefeba887fc4167a9207448981,dlstupka/hth-baptisms-san-antonio-1788-1824--1858-1898,61efff529fb7330a92f8d423c40c45bc60bb841c,dlstupka/hth,4b88d0aead2931a9d8a127afbd852f196d6b51ec,,,,,,,,,,not_reviewed,,
733,Baptisms_San_Antonio_Baptism_Records_1788-1824_1858-1898.docx,733,rId737,word/media/image733.png,raw/fs_0733.png,PNG,1546,1361,RGB,2144285,e52eeccae9033d722becededb4c82884685966ae5dc3af7027873479a71e7d0e,1839168,c9410b12cc77bd039167b1f5475d3b2890caee5cf7e7e7df72c946bda8f99605,5376,0,8064,0,True,,analysis/fs_0733_analysis.png,1204804,e6f6f7238a0d78aa9cd731fc0ea863796a7760e9dd54ea7e2bfe674c99e72eff,thumbnails/fs_0733.jpg,36003,31368e7e869a62cda462faf47130a4c27ffdfbba03009a1be54bda20fac20393,dlstupka/hth-baptisms-san-antonio-1788-1824--1858-1898,61efff529fb7330a92f8d423c40c45bc60bb841c,dlstupka/hth,4b88d0aead2931a9d8a127afbd852f196d6b51ec,,,,,,,,,,not_reviewed,,
734,Baptisms_San_Antonio_Baptism_Records_1788-1824_1858-1898.docx,734,rId738,word/media/image734.png,raw/fs_0734.png,PNG,1546,1361,RGB,2073570,b4c1c79bf357a9114bafd24273f51bd23851a0b5870ee92cbd5043726264fa51,1824017,a620c7df64dcb624e0c771c5b97e5f8252a18146e4c19ed996fabfdd772da05a,2688,0,10752,0,True,,analysis/fs_0734_analysis.png,1156668,1684da5e2561b7164b4d7410b0fbe4ca0f9fb491f1640db3bbb94f4197c05f99,thumbnails/fs_0734.jpg,33972,0bcb14dec5e9eeff85ba9b37ddad6a6040e09196f1ff570608d7ad57f1991376,dlstupka/hth-baptisms-san-antonio-1788-1824--1858-1898,61efff529fb7330a92f8d423c40c45bc60bb841c,dlstupka/hth,4b88d0aead2931a9d8a127afbd852f196d6b51ec,,,,,,,,,,not_reviewed,,
735,Baptisms_San_Antonio_Baptism_Records_1788-1824_1858-1898.docx,735,rId739,word/media/image735.png,raw/fs_0735.png,PNG,1546,1361,RGB,1988456,95f03b0eb408eb6eba0cd6ca8071f4e0ca3dd5c618d0980061ce83ad3e46147e,1746996,01613343375ce3c04f373c4d5b0e8044aee22cf499fbe71528e4d24c162b765c,2688,0,10752,0,True,,analysis/fs_0735_analysis.png,1123363,6cca65436c678ab03afa57d0e84180dc4cb060a025e64e3bb6e8bbe4860af8e4,thumbnails/fs_0735.jpg,33744,81653650c0dc3c156cb4a683ed25b1957c3d88611c06ce5bdbf2ddcf81512a0a,dlstupka/hth-baptisms-san-antonio-1788-1824--1858-1898,61efff529fb7330a92f8d423c40c45bc60bb841c,dlstupka/hth,4b88d0aead2931a9d8a127afbd852f196d6b51ec,,,,,,,,,,not_reviewed,,
736,Baptisms_San_Antonio_Baptism_Records_1788-1824_1858-1898.docx,736,rId740,word/media/image736.png,raw/fs_0736.png,PNG,1546,1361,RGB,2166335,baae16c18959217f917a50d4b20cbc7437feca946a328f8682756350ba19b3d7,1880812,9423d9a16402b9b9df4bb7b27b5dd187c6f932eb9eba36247c220ff81f6089c5,2688,0,10752,0,True,,analysis/fs_0736_analysis.png,1195053,16091c8fce95dd4381810ab64a27519912dcc03d5e5a0461d1e41c9e8611d081,thumbnails/fs_0736.jpg,36432,6bc64746aa74479028363ae8ee9afc2f2d9c313286c30a1a467888202fafcee6,dlstupka/hth-baptisms-san-antonio-1788-1824--1858-1898,61efff529fb7330a92f8d423c40c45bc60bb841c,dlstupka/hth,4b88d0aead2931a9d8a127afbd852f196d6b51ec,,,,,,,,,,not_reviewed,,
737,Baptisms_San_Antonio_Baptism_Records_1788-1824_1858-1898.docx,737,rId741,word/media/image737.png,raw/fs_0737.png,PNG,1642,1361,RGB,2485367,23e2421084b95dbdc4e81a770855f43609f11295d0585228836e76a6113a9e87,2066898,0dd8214f3e8658d2ff1f510e2af1647ca68e681910e989ed4ab8d4c1b25a3948,5376,0,2688,0,True,,analysis/fs_0737_analysis.png,1376278,98f96dec457b2b93473f1e7a53478a5bfccd3a156207501671af201f29951a0b,thumbnails/fs_0737.jpg,44440,ac7b1f0d1b058342bfab56b111f6af595bb224357963c7cb9a3a8601ed8b6f8b,dlstupka/hth-baptisms-san-antonio-1788-1824--1858-1898,61efff529fb7330a92f8d423c40c45bc60bb841c,dlstupka/hth,4b88d0aead2931a9d8a127afbd852f196d6b51ec,,,,,,,,,,not_reviewed,,
738,Baptisms_San_Antonio_Baptism_Records_1788-1824_1858-1898.docx,738,rId742,word/media/image738.png,raw/fs_0738.png,PNG,1546,1361,RGB,2258224,4d23107663f132f724e7c610bd5282d4ae81226393b3d97eae0004c5e599f111,1951984,304c321423cd0665231632d4d01ebcdb235870ecf748949583e0c8e2f7f36304,2688,0,10752,0,True,,analysis/fs_0738_analysis.png,1234451,29f0704e489edb7813df86385a55f4a6829d5f72f5a62667a4de1f35af764485,thumbnails/fs_0738.jpg,38304,d5256315d437ab5c85d8919170509d9b95d652fe7184ad5d10abff63964f9eff,dlstupka/hth-baptisms-san-antonio-1788-1824--1858-1898,61efff529fb7330a92f8d423c40c45bc60bb841c,dlstupka/hth,4b88d0aead2931a9d8a127afbd852f196d6b51ec,,,,,,,,,,not_reviewed,,
739,Baptisms_San_Antonio_Baptism_Records_1788-1824_1858-1898.docx,739,rId743,word/media/image739.png,raw/fs_0739.png,PNG,1546,1361,RGB,2173681,bc5cc78fae20a4ab549a9b5c1cf217c606d9d30e51d1200d135cef2cf7f6b76d,1865501,9d7968960e9097e94207a8ea12261bc981dc3032f07d27531f99dd2b404e8eaf,2688,0,10752,0,True,,analysis/fs_0739_analysis.png,1183913,4f5f2f2c692c286f4d946fefb5899d9ba3fe92ce80b885977ba77020c56f193a,thumbnails/fs_0739.jpg,38000,25fdb0d8e9cb3ee51294d80077e80a893af9b3d54459be88f2dd28dfff378e92,dlstupka/hth-baptisms-san-antonio-1788-1824--1858-1898,61efff529fb7330a92f8d423c40c45bc60bb841c,dlstupka/hth,4b88d0aead2931a9d8a127afbd852f196d6b51ec,,,,,,,,,,not_reviewed,,
740,Baptisms_San_Antonio_Baptism_Records_1788-1824_1858-1898.docx,740,rId744,word/media/image740.png,raw/fs_0740.png,PNG,1594,1361,RGB,2201275,aec9cdf03c221ca19ebfd35c4cea5cd0e51495bfa999008ff922a36c80219cd3,1883805,8fd94532fd905f8de04918eaad55ab71994c88c12f02b0157c4a546dd467cc17,2688,0,8064,0,True,,analysis/fs_0740_analysis.png,1200315,8f33954c1ef36fe058ba3f6548debac9bf028f6c94600dd8d05f22df9c694c2e,thumbnails/fs_0740.jpg,36936,f03a915ddc239b3a0b764152a77bf23da8c5531e413c0b065dff33cfaae7ca54,dlstupka/hth-baptisms-san-antonio-1788-1824--1858-1898,61efff529fb7330a92f8d423c40c45bc60bb841c,dlstupka/hth,4b88d0aead2931a9d8a127afbd852f196d6b51ec,,,,,,,,,,not_reviewed,,
741,Baptisms_San_Antonio_Baptism_Records_1788-1824_1858-1898.docx,741,rId745,word/media/image741.png,raw/fs_0741.png,PNG,1594,1361,RGB,2177249,a73b17e79eaaa1546b14c70747abd3afd3c3d45ba78cc0fa34df0e39e61c066c,1866252,66f95bcf5423480cbfd74dc6a3a9614250990b7b8b16d6590f86002509bc34d9,2688,0,8064,0,True,,analysis/fs_0741_analysis.png,1193722,4bf7f4b20510d07f9d519ee4c5c659676211f7d20f8e67ce326a68942a42a825,thumbnails/fs_0741.jpg,35833,f199db1b8bd9f3f2b8ee6d7f06f2403441163b08e13f0d66a9a337a43334294b,dlstupka/hth-baptisms-san-antonio-1788-1824--1858-1898,61efff529fb7330a92f8d423c40c45bc60bb841c,dlstupka/hth,4b88d0aead2931a9d8a127afbd852f196d6b51ec,,,,,,,,,,not_reviewed,,
742,Baptisms_San_Antonio_Baptism_Records_1788-1824_1858-1898.docx,742,rId746,word/media/image742.png,raw/fs_0742.png,PNG,1594,1361,RGB,2155906,77056839afac7539058ca4b32add7e54c2e64e4e33b51794a1951f8997bbb301,1878716,baca1c7a34a40d89e3bee8db2872113957f9e453b0b77f30dbdd112ee2122924,2688,0,8064,0,True,,analysis/fs_0742_analysis.png,1181026,f9afe60387030327b6cd4507366c3b7bc73f816e97379b3414120bac3e095c58,thumbnails/fs_0742.jpg,36413,0e07ae3c032dad564134e1fe3c3193f1d109872d00e9740ac202c1c69021eb00,dlstupka/hth-baptisms-san-antonio-1788-1824--1858-1898,61efff529fb7330a92f8d423c40c45bc60bb841c,dlstupka/hth,4b88d0aead2931a9d8a127afbd852f196d6b51ec,,,,,,,,,,not_reviewed,,
743,Baptisms_San_Antonio_Baptism_Records_1788-1824_1858-1898.docx,743,rId747,word/media/image743.png,raw/fs_0743.png,PNG,1642,1361,RGB,2431507,5268c37b096c04a1d8aeb9248380f906aa9bbe502522f87eaff49dca04fe1247,2053840,3eebf79a97cea93bc2f8fa48cc93e913f7aa6a799f695a1fbb8312beb6f9a591,2688,0,5376,0,True,,analysis/fs_0743_analysis.png,1328926,45de1f3e2627db3ce197dd2152a8a4358812b80ed4e9f0861bbb067cb4e8bd24,thumbnails/fs_0743.jpg,41695,7ac49d370b918976fef0cf442d65cf1b8d2e1fb667ae37cdaedb06c1ea709329,dlstupka/hth-baptisms-san-antonio-1788-1824--1858-1898,61efff529fb7330a92f8d423c40c45bc60bb841c,dlstupka/hth,4b88d0aead2931a9d8a127afbd852f196d6b51ec,,,,,,,,,,not_reviewed,,
744,Baptisms_San_Antonio_Baptism_Records_1788-1824_1858-1898.docx,744,rId748,word/media/image744.png,raw/fs_0744.png,PNG,1546,1361,RGB,2268217,5c01f6f7d35ddf6a6a1efa1d51df7a393c428271ee1797624a203ded10e133ba,2000520,e24f0b9dc0afeb96a1445f6c8f231e8c230c15a8e14615bca047365419fffab6,2688,0,10752,0,True,,analysis/fs_0744_analysis.png,1231927,d0ce0600baa110ae370e970e2685e796631ac23ad3cae59e7fe813df0bacf49b,thumbnails/fs_0744.jpg,37800,76e2c1b3218b68792280e4997e37be0269ee9fe4093fee918fd6b58f37c0e0a0,dlstupka/hth-baptisms-san-antonio-1788-1824--1858-1898,61efff529fb7330a92f8d423c40c45bc60bb841c,dlstupka/hth,4b88d0aead2931a9d8a127afbd852f196d6b51ec,,,,,,,,,,not_reviewed,,
745,Baptisms_San_Antonio_Baptism_Records_1788-1824_1858-1898.docx,745,rId749,word/media/image745.png,raw/fs_0745.png,PNG,1546,1361,RGB,2111376,ad733421e8ccd568b44cb7bba37e6e1b6922022826287c0afcb9d839de2390ab,1873736,77f82661d186cfc47d80d8e315bb7f94625d3c6f0fb17747cb1d2e5714ed92fb,2688,0,10752,0,True,,analysis/fs_0745_analysis.png,1170578,8955b8eeb2a2f8b5b265ebf395b95915163015fb8a2200be80909a701063cab1,thumbnails/fs_0745.jpg,35516,11b9b7fd83b29a4d91c29a6fa1abf2d392d7f5483491210af9854f3c845d9f14,dlstupka/hth-baptisms-san-antonio-1788-1824--1858-1898,61efff529fb7330a92f8d423c40c45bc60bb841c,dlstupka/hth,4b88d0aead2931a9d8a127afbd852f196d6b51ec,,,,,,,,,,not_reviewed,,
746,Baptisms_San_Antonio_Baptism_Records_1788-1824_1858-1898.docx,746,rId750,word/media/image746.png,raw/fs_0746.png,PNG,1546,1361,RGB,2146703,9a5bdd79f8c352123dbed4ee216c26686aebb361b0e4e14905e2c8d9c0e56b91,1882303,90bcb3139af57fa9e7f1e9358bb614a94c6c2096544f271cf19f1d78ea8d352f,2688,0,10752,0,True,,analysis/fs_0746_analysis.png,1181098,885aacfbdc644f41a4611a78e329cffb296cad7d4eb0a207c9394f26f603da84,thumbnails/fs_0746.jpg,36866,aac35625ae11634793121535f2a6577fd6049d84eb730ef8bc77d2afb1f2fd36,dlstupka/hth-baptisms-san-antonio-1788-1824--1858-1898,61efff529fb7330a92f8d423c40c45bc60bb841c,dlstupka/hth,4b88d0aead2931a9d8a127afbd852f196d6b51ec,,,,,,,,,,not_reviewed,,
747,Baptisms_San_Antonio_Baptism_Records_1788-1824_1858-1898.docx,747,rId751,word/media/image747.png,raw/fs_0747.png,PNG,1594,1361,RGB,2234894,396eb13a4f3d79580145b71a1d6571387aa0ba9bab29efad0c28bd9419fb5d82,1930396,81d9a8bbce627cba53a31087b43dd2bd389da41844f56e2d62f234539f90eaa7,2688,0,8064,0,True,,analysis/fs_0747_analysis.png,1217003,9d1974472ba560ee6f360a99314735e23ec0c9978e95b354839f51aacb504598,thumbnails/fs_0747.jpg,36533,dc83bd09d172a98938828784eed68e31be580b7911e6b624d508c544083f7b6a,dlstupka/hth-baptisms-san-antonio-1788-1824--1858-1898,61efff529fb7330a92f8d423c40c45bc60bb841c,dlstupka/hth,4b88d0aead2931a9d8a127afbd852f196d6b51ec,,,,,,,,,,not_reviewed,,
748,Baptisms_San_Antonio_Baptism_Records_1788-1824_1858-1898.docx,748,rId752,word/media/image748.png,raw/fs_0748.png,PNG,1594,1361,RGB,2251476,13feb7e29889ac2897a80a3af90a1ba074a082b915173fd11ade70cb5223fa89,1963694,80ea43badd5f4b5b741475608c477aff859f359fdfdd2b166d4d83e501b62b57,2688,0,8064,0,True,,analysis/fs_0748_analysis.png,1229735,ad35a600123e8e7a6361f7d7cd403db52e4e0e4ca643507bb0de2ee0ef4dcd57,thumbnails/fs_0748.jpg,38072,0c14a420b8beec09cdae4629232102d754b528d6be3e02b3187f20459e04b6a7,dlstupka/hth-baptisms-san-antonio-1788-1824--1858-1898,61efff529fb7330a92f8d423c40c45bc60bb841c,dlstupka/hth,4b88d0aead2931a9d8a127afbd852f196d6b51ec,,,,,,,,,,not_reviewed,,
749,Baptisms_San_Antonio_Baptism_Records_1788-1824_1858-1898.docx,749,rId753,word/media/image749.png,raw/fs_0749.png,PNG,1594,1361,RGB,2228449,79dab6ad77ff75d7d12f1e443278778abf501a7e6ca26bf269da952147174258,1925025,460f13d742a2f7d59982c7378fe5f4a3192ae935aad0f243a5b46cd547cfabc8,2688,0,8064,0,True,,analysis/fs_0749_analysis.png,1214017,53e103ae09142f3e83cb335ccd4f882444f068f029bf5da0f6e0b4a30592292e,thumbnails/fs_0749.jpg,38283,77cb8a20dd42f7e1ca264c2e95de3a2b292dfb18661d2cd4b1973741dff0b71e,dlstupka/hth-baptisms-san-antonio-1788-1824--1858-1898,61efff529fb7330a92f8d423c40c45bc60bb841c,dlstupka/hth,4b88d0aead2931a9d8a127afbd852f196d6b51ec,,,,,,,,,,not_reviewed,,
750,Baptisms_San_Antonio_Baptism_Records_1788-1824_1858-1898.docx,750,rId754,word/media/image750.png,raw/fs_0750.png,PNG,1690,1361,RGB,2321030,c55e42b27c44101be0a21065fbe60fe8f8ab2f697b111c6898aaa365400b3933,2026109,8f565ce68abee97867a9112192825bd30cef6d9220de5cd2605dc61f760f4052,0,0,5376,0,True,,analysis/fs_0750_analysis.png,1321447,45044cb78b0797a52d65373c12bad711f8a2533a5bf955a78df63ad0be0f4f7c,thumbnails/fs_0750.jpg,39335,8638f239a78619e5a262c43785a00d85905e9c266f93c9ae4320bc2729f92bd4,dlstupka/hth-baptisms-san-antonio-1788-1824--1858-1898,61efff529fb7330a92f8d423c40c45bc60bb841c,dlstupka/hth,4b88d0aead2931a9d8a127afbd852f196d6b51ec,,,,,,,,,,not_reviewed,,
751,Baptisms_San_Antonio_Baptism_Records_1788-1824_1858-1898.docx,751,rId755,word/media/image751.png,raw/fs_0751.png,PNG,1594,1361,RGB,2124646,33659b9f14dc8c98254198decbacd709826ba82065755d0a0c2d8ae376e3ab1e,1870399,2ff24fdf95b75aa7e74000e2626b15ee09db08c1e9817798bb7e431b8adb9a03,2688,0,8064,0,True,,analysis/fs_0751_analysis.png,1184022,ede165c5b000b5c2684e6e1532dfd386bebbb655d6832485fd920cf5e12334bf,thumbnails/fs_0751.jpg,35591,a77a50fa97336c3a5a56d0fb2efbcc5bfdf574a92e5974da3a556c2a15964fc9,dlstupka/hth-baptisms-san-antonio-1788-1824--1858-1898,61efff529fb7330a92f8d423c40c45bc60bb841c,dlstupka/hth,4b88d0aead2931a9d8a127afbd852f196d6b51ec,,,,,,,,,,not_reviewed,,
752,Baptisms_San_Antonio_Baptism_Records_1788-1824_1858-1898.docx,752,rId756,word/media/image752.png,raw/fs_0752.png,PNG,1594,1361,RGB,2039794,e59f9284fde7a86680c4e737f93230e33361506934935a7b34846bc91c6b2cb5,1811459,7a2acc6b68ee70a7aa96c9633c41b54d1172ec6fb8d0761ecf5dd98d61065900,2688,0,8064,0,True,,analysis/fs_0752_analysis.png,1131920,1004b226c4a65a2959f8fb82cf460498f0a7f6a55536bacb55e280b7a233ee35,thumbnails/fs_0752.jpg,35466,a7f53dd16dcc2efb8c966188601ecf9121e671c6522c05b235761fd1f25ae8bb,dlstupka/hth-baptisms-san-antonio-1788-1824--1858-1898,61efff529fb7330a92f8d423c40c45bc60bb841c,dlstupka/hth,4b88d0aead2931a9d8a127afbd852f196d6b51ec,,,,,,,,,,not_reviewed,,
753,Baptisms_San_Antonio_Baptism_Records_1788-1824_1858-1898.docx,753,rId757,word/media/image753.png,raw/fs_0753.png,PNG,1594,1361,RGB,2319840,fe83a0a59ec00b6d9be89d4fde4801ccb79cbcecac03460a5d607b4d0473044e,1985568,63549de45bdbf5665816964b04efca3a76a099c428fb193f71c749d4b269e511,2688,0,8064,0,True,,analysis/fs_0753_analysis.png,1246981,4f853cde7f4cb807630a9123e372152ef9320c20216aa1c07f88a0d1a315526c,thumbnails/fs_0753.jpg,40464,2368c1837e9221cd77855163be2997855a776986f1fa16f3910d225f72f32ad1,dlstupka/hth-baptisms-san-antonio-1788-1824--1858-1898,61efff529fb7330a92f8d423c40c45bc60bb841c,dlstupka/hth,4b88d0aead2931a9d8a127afbd852f196d6b51ec,,,,,,,,,,not_reviewed,,
754,Baptisms_San_Antonio_Baptism_Records_1788-1824_1858-1898.docx,754,rId758,word/media/image754.png,raw/fs_0754.png,PNG,1546,1361,RGB,2054526,bd1aeea9bc2a76db9f8edca3409c46523d20f64011335a0a92f78b46e844d389,1847157,0568fb2ab09abf92d82bce6e1975fee36be1ce816e3d1790596a4ae61753fbd6,2688,0,10752,0,True,,analysis/fs_0754_analysis.png,1151979,61a7342426398b827c7dc0e3e05e6c99aa39844a187ac74fcb8460d93eb4bda0,thumbnails/fs_0754.jpg,33639,33ee2cc84450033d9d6bc3be6f7acf9e9dce8d6d789eb516332378fcfe1e648e,dlstupka/hth-baptisms-san-antonio-1788-1824--1858-1898,61efff529fb7330a92f8d423c40c45bc60bb841c,dlstupka/hth,4b88d0aead2931a9d8a127afbd852f196d6b51ec,,,,,,,,,,not_reviewed,,
755,Baptisms_San_Antonio_Baptism_Records_1788-1824_1858-1898.docx,755,rId759,word/media/image755.png,raw/fs_0755.png,PNG,1642,1361,RGB,2409643,2a5ee44b8888dc6d51e048e1e6e3e4dd6ef124daa0970d02787a817910f2ac1d,2015266,7b34c5f4fc18346b53db7e4d6825b2a7b46db2f0a7616d6f86aa88f262007723,5376,0,2688,0,True,,analysis/fs_0755_analysis.png,1326114,68e79afc9174827aa6a7d19cc4501bc8007375c97bc90835c547465fdc0755fe,thumbnails/fs_0755.jpg,44160,b27fa0e252daae8b671df7929d077caa624cf038f8f3b8cd3c86e863268de56d,dlstupka/hth-baptisms-san-antonio-1788-1824--1858-1898,61efff529fb7330a92f8d423c40c45bc60bb841c,dlstupka/hth,4b88d0aead2931a9d8a127afbd852f196d6b51ec,,,,,,,,,,not_reviewed,,
756,Baptisms_San_Antonio_Baptism_Records_1788-1824_1858-1898.docx,756,rId760,word/media/image756.png,raw/fs_0756.png,PNG,1642,1361,RGB,2193985,0a4ef034e6da99590d1359c782148e53987b5629f0c4822d33200e0955c395c9,1926731,bc74de1f79db8de2951887e70ee43dd749c55dd866dc4fe34b7b563c4ed6b7af,2688,0,5376,0,True,,analysis/fs_0756_analysis.png,1247112,eff9689015159985f5143955b22ae3fab868014e949a8d4d62346f2def502afa,thumbnails/fs_0756.jpg,38798,fcc407eda6d2802c6d66abc00572a3671e2af566cef881fcccca9b7c9a78968c,dlstupka/hth-baptisms-san-antonio-1788-1824--1858-1898,61efff529fb7330a92f8d423c40c45bc60bb841c,dlstupka/hth,4b88d0aead2931a9d8a127afbd852f196d6b51ec,,,,,,,,,,not_reviewed,,
757,Baptisms_San_Antonio_Baptism_Records_1788-1824_1858-1898.docx,757,rId761,word/media/image757.png,raw/fs_0757.png,PNG,1594,1361,RGB,2108371,a63011fa42494946705e2c7318617ca2cc2b4105014b57fa791aa88b04d13e89,1867798,759a7c05981243259e04dcc3802d40b87c769b09208a023ffa575124a85a0e8d,2688,0,8064,0,True,,analysis/fs_0757_analysis.png,1164608,827fd8a39abe100bb056fdcadf54694bbf758f1a1196a23c131e0936a88b325c,thumbnails/fs_0757.jpg,36943,074950d9cfd2da4403b40b8204865b5df1c8db1a1ce44c9cc87b783265d90458,dlstupka/hth-baptisms-san-antonio-1788-1824--1858-1898,61efff529fb7330a92f8d423c40c45bc60bb841c,dlstupka/hth,4b88d0aead2931a9d8a127afbd852f196d6b51ec,,,,,,,,,,not_reviewed,,
758,Baptisms_San_Antonio_Baptism_Records_1788-1824_1858-1898.docx,758,rId762,word/media/image758.png,raw/fs_0758.png,PNG,1546,1361,RGB,1999760,5a1ceac4a4db3dc0d4d8e7dcd075eed3545338a8c1b91a258b05f63c4d3170e8,1786812,72acde6142fdc0df5a3f6027dbfb456069ff543c2b639e523732a6f61070d6c3,2688,0,10752,0,True,,analysis/fs_0758_analysis.png,1123062,61b8e8c1f703b09071d9fb050118085a9008a2ce3b698aed5115627574044dca,thumbnails/fs_0758.jpg,35797,874d0877ace62597f032fc76f3a903283df022bfe247d8f23cccef8d5711649d,dlstupka/hth-baptisms-san-antonio-1788-1824--1858-1898,61efff529fb7330a92f8d423c40c45bc60bb841c,dlstupka/hth,4b88d0aead2931a9d8a127afbd852f196d6b51ec,,,,,,,,,,not_reviewed,,
759,Baptisms_San_Antonio_Baptism_Records_1788-1824_1858-1898.docx,759,rId763,word/media/image759.png,raw/fs_0759.png,PNG,1642,1361,RGB,2137593,ee687c7155970eea5566e7587a70b38fd0a787a625211af337fa00de82777495,1825817,e57d953c48b5a5a7fcdd92fbe5cd576a4993b0d9f1bab76d74894f91308c6c2b,2688,0,5376,0,True,,analysis/fs_0759_analysis.png,1203380,fd607fb5571f6963c9dcfb608d66db2c6a5ce017f8a62249e3c2763279ba1884,thumbnails/fs_0759.jpg,36931,744750e9688e1bbcdbedc7fcd63e8a114f7eb27ff380851f82cbe5b531bb52f5,dlstupka/hth-baptisms-san-antonio-1788-1824--1858-1898,61efff529fb7330a92f8d423c40c45bc60bb841c,dlstupka/hth,4b88d0aead2931a9d8a127afbd852f196d6b51ec,,,,,,,,,,not_reviewed,,
760,Baptisms_San_Antonio_Baptism_Records_1788-1824_1858-1898.docx,760,rId764,word/media/image760.png,raw/fs_0760.png,PNG,1546,1361,RGB,2074963,6063a5f963a674701d5cdbe80edccf86856cdd6449321a9ee6cbac73ad9c48fe,1837319,91badf7d53c9412c44ebf298eb2c041789f3ed4c7580259a46b4f0d050199f86,2688,0,10752,0,True,,analysis/fs_0760_analysis.png,1160589,833affd6856412b8741f1a7726cc8765c97646b70daf9ca1464f8a0a9d856e4b,thumbnails/fs_0760.jpg,35786,b5394ab36ae15a9477a3c2d5f81aee97fc57480e3e701d10d2cc41b62a722506,dlstupka/hth-baptisms-san-antonio-1788-1824--1858-1898,61efff529fb7330a92f8d423c40c45bc60bb841c,dlstupka/hth,4b88d0aead2931a9d8a127afbd852f196d6b51ec,,,,,,,,,,not_reviewed,,
761,Baptisms_San_Antonio_Baptism_Records_1788-1824_1858-1898.docx,761,rId765,word/media/image761.png,raw/fs_0761.png,PNG,1594,1361,RGB,2063471,760364ed7e975b2902f0e0ba09be179e03381fb567431f3f2de9f3a286fb4c44,1838100,ee76b7752e1daf25897e1fb68c3a8d22083d75373d8fb1ceb15754cf18818916,2688,0,8064,0,True,,analysis/fs_0761_analysis.png,1138198,2c4286f4ece2466c3f657bbd558872cca7151c4209dae8de95fece11247bd57a,thumbnails/fs_0761.jpg,36597,5fb154cda027a5ed9ca4f1dc8a0de04e5b733617b0dfef99699362919e297a86,dlstupka/hth-baptisms-san-antonio-1788-1824--1858-1898,61efff529fb7330a92f8d423c40c45bc60bb841c,dlstupka/hth,4b88d0aead2931a9d8a127afbd852f196d6b51ec,,,,,,,,,,not_reviewed,,
762,Baptisms_San_Antonio_Baptism_Records_1788-1824_1858-1898.docx,762,rId766,word/media/image762.png,raw/fs_0762.png,PNG,1546,1361,RGB,2033234,18849b125f88797adc707f2c522de864f9d59695826bf73d090f80b17afb62de,1794353,6dc3b204e0661475770d681cd5662dc2598691570438df38247b08ebd1242d84,2688,0,10752,0,True,,analysis/fs_0762_analysis.png,1128684,88263b30659e667b73cc1e72c47a4c12497da6d645ec9ded04d8df821e0d1342,thumbnails/fs_0762.jpg,35937,bfb1f3426a1a9ebebceef5e0f0833b90ca38a3a8bec6fde3f5a441d630f20238,dlstupka/hth-baptisms-san-antonio-1788-1824--1858-1898,61efff529fb7330a92f8d423c40c45bc60bb841c,dlstupka/hth,4b88d0aead2931a9d8a127afbd852f196d6b51ec,,,,,,,,,,not_reviewed,,
763,Baptisms_San_Antonio_Baptism_Records_1788-1824_1858-1898.docx,763,rId767,word/media/image763.png,raw/fs_0763.png,PNG,1594,1361,RGB,2009012,40ece0e286f1dca9ef583d22f716321253a8445d9e1b56b866305acdb0ad979c,1795215,2f35cbea20157e75c83f5872ec5bc2551fc4d7b2448c82c5835a3c649cdc186f,2688,0,8064,0,True,,analysis/fs_0763_analysis.png,1125197,d7113052d6c84518aa41af3932e2c1ed7d2bfbdbf1ef246fb59ae17e5f8ff5cf,thumbnails/fs_0763.jpg,35330,bfcf5ebf935e3dc2c14d88922d31a5f08f35635a4bc4083a5a38164305190506,dlstupka/hth-baptisms-san-antonio-1788-1824--1858-1898,61efff529fb7330a92f8d423c40c45bc60bb841c,dlstupka/hth,4b88d0aead2931a9d8a127afbd852f196d6b51ec,,,,,,,,,,not_reviewed,,
764,Baptisms_San_Antonio_Baptism_Records_1788-1824_1858-1898.docx,764,rId768,word/media/image764.png,raw/fs_0764.png,PNG,1642,1361,RGB,2017836,c5ea7da8d67e3f38bb7c77ae654b25fd41e3039fe8b6aabd203c7cc5bcea37ad,1781415,096ea949bbe55309d6a76302b5dbc1e430eb90525214dd36177e2436a7d65763,2688,0,5376,0,True,,analysis/fs_0764_analysis.png,1150856,41cb81c9f9fc8e6f7ed8b4307e840444835478363323af2593e38e80bf7a1b08,thumbnails/fs_0764.jpg,37818,9a54bda979ba2fd3cc218d66a98b2d71604f21901438f8dd95ea42af7a0a021a,dlstupka/hth-baptisms-san-antonio-1788-1824--1858-1898,61efff529fb7330a92f8d423c40c45bc60bb841c,dlstupka/hth,4b88d0aead2931a9d8a127afbd852f196d6b51ec,,,,,,,,,,not_reviewed,,
765,Baptisms_San_Antonio_Baptism_Records_1788-1824_1858-1898.docx,765,rId769,word/media/image765.png,raw/fs_0765.png,PNG,1546,1361,RGB,2024243,cfdf2edaf5b4d7cc9f6a9f19c663ee611f902da7c8f44c96cf05a0277cf9e6f6,1823535,cac9574d702d0cc2e9f78a96eb6c9334d18f1f2b5c8cc9397990d736285c6431,2688,0,10752,0,True,,analysis/fs_0765_analysis.png,1124708,8aa9d27a5cf286e03041539a1f963e5bcc6e8d38bdaa6cabd3bec0eb8fafa013,thumbnails/fs_0765.jpg,38208,8b613ea0b2f953b14ac4f226aab069fd08dcc120aebb95f8d6abaf5cdbcf4c43,dlstupka/hth-baptisms-san-antonio-1788-1824--1858-1898,61efff529fb7330a92f8d423c40c45bc60bb841c,dlstupka/hth,4b88d0aead2931a9d8a127afbd852f196d6b51ec,,,,,,,,,,not_reviewed,,
766,Baptisms_San_Antonio_Baptism_Records_1788-1824_1858-1898.docx,766,rId770,word/media/image766.png,raw/fs_0766.png,PNG,1594,1361,RGB,1877384,0aef2b219e2d8bdb89c6925259aca29fc0028c5f804bf70103be6e67a1a2478c,1750815,db84e8f8ef3ef4298efbdec1820dc5b05abf1327d271a57e6ac3efba40f7c6f6,2688,0,8064,0,True,,analysis/fs_0766_analysis.png,1065235,7c1a446857cd3577e82fe651ee7007ffc118aa593900e81a2367df2b35485bb1,thumbnails/fs_0766.jpg,34762,9b555d64db499b8c6f04db596c07fe24ddace44ac727d175d92c7f21e5a6cbc1,dlstupka/hth-baptisms-san-antonio-1788-1824--1858-1898,61efff529fb7330a92f8d423c40c45bc60bb841c,dlstupka/hth,4b88d0aead2931a9d8a127afbd852f196d6b51ec,,,,,,,,,,not_reviewed,,
767,Baptisms_San_Antonio_Baptism_Records_1788-1824_1858-1898.docx,767,rId771,word/media/image767.png,raw/fs_0767.png,PNG,1546,1361,RGB,2101887,3898abf5f2ad13029b635e4961f475fdf5f0c14ffeb7e13eba54cd91173d48eb,1855638,6b531a823ec6521594d8a933d511f832c04e5409a14f8029076b17451992d852,2688,0,10752,0,True,,analysis/fs_0767_analysis.png,1163304,2973510479c57adaae7c1ca717da8135909b3ed4d3eda9859d9872640965e3de,thumbnails/fs_0767.jpg,38363,80caa9de6990c79acf7248ebc51ccba9725d675f0f0fa553807530905b9b89d9,dlstupka/hth-baptisms-san-antonio-1788-1824--1858-1898,61efff529fb7330a92f8d423c40c45bc60bb841c,dlstupka/hth,4b88d0aead2931a9d8a127afbd852f196d6b51ec,,,,,,,,,,not_reviewed,,
768,Baptisms_San_Antonio_Baptism_Records_1788-1824_1858-1898.docx,768,rId772,word/media/image768.png,raw/fs_0768.png,PNG,1594,1361,RGB,2058936,305d532b2996494a63228710bfe172a8fd2d6d3485ec030d13082befeee5a647,1837302,b4e9e759f9b855782471f46d6f3f81ed073a74a25d93c9eac7bf5757712f0a71,2688,0,8064,0,True,,analysis/fs_0768_analysis.png,1148157,5f6f785ed3f508b5c92d8e92a893e76bcaa539b3409671104d367a411fa33d16,thumbnails/fs_0768.jpg,37912,4b54c89d91a413cb1f10d73329013772267ca3218701f6f047b4379d88964071,dlstupka/hth-baptisms-san-antonio-1788-1824--1858-1898,61efff529fb7330a92f8d423c40c45bc60bb841c,dlstupka/hth,4b88d0aead2931a9d8a127afbd852f196d6b51ec,,,,,,,,,,not_reviewed,,
769,Baptisms_San_Antonio_Baptism_Records_1788-1824_1858-1898.docx,769,rId773,word/media/image769.png,raw/fs_0769.png,PNG,1594,1361,RGB,2104527,c273f64cf480ef17f5101283668ca0f566e9c8d5bf85d4f357bddec5377e0f68,1889415,5eb17eb56e552bfbfbbfb652a7645e690d2ab6dfdf8bd1f8705da95b472572be,2688,0,8064,0,True,,analysis/fs_0769_analysis.png,1168710,d66a4739f3e2e8abba0a6831d06234c2b60c60224df9a445303006e239af5d9a,thumbnails/fs_0769.jpg,37318,22329ca3aaf164d9c89edf0bc63aa5d47ebbbc89c1d0e86dd08f7775499d9de2,dlstupka/hth-baptisms-san-antonio-1788-1824--1858-1898,61efff529fb7330a92f8d423c40c45bc60bb841c,dlstupka/hth,4b88d0aead2931a9d8a127afbd852f196d6b51ec,,,,,,,,,,not_reviewed,,
770,Baptisms_San_Antonio_Baptism_Records_1788-1824_1858-1898.docx,770,rId774,word/media/image770.png,raw/fs_0770.png,PNG,1594,1361,RGB,1958027,89f975d42de4b8a36552b599c6fa605cb3a76eb665d7605ca067e79500580c6c,1812951,733a527b2fd7f0270d83067191967a7171ddf486ae8792f42566269b3de1bac2,2688,0,8064,0,True,,analysis/fs_0770_analysis.png,1112303,1781709566640ad0174e01b9cfe480f70b65013e35b54c26ac0ff724edc2f23f,thumbnails/fs_0770.jpg,36028,03887cbe9552fb727083e235b85c899ab0575122a0cc86327510b9744b58288a,dlstupka/hth-baptisms-san-antonio-1788-1824--1858-1898,61efff529fb7330a92f8d423c40c45bc60bb841c,dlstupka/hth,4b88d0aead2931a9d8a127afbd852f196d6b51ec,,,,,,,,,,not_reviewed,,
771,Baptisms_San_Antonio_Baptism_Records_1788-1824_1858-1898.docx,771,rId775,word/media/image771.png,raw/fs_0771.png,PNG,1594,1361,RGB,2009928,8ba626c35165cdfe8e710456ef7442da2c81955af9e57cedea729e10d5cf7036,1817010,29c078440e4c254c280b55b2496255a6908e01af014d993d05e2cb350a9c71c4,2688,0,8064,0,True,,analysis/fs_0771_analysis.png,1129824,b355170b09591dc762a6da4665233266343d304fd7ddd703a862068df7f5c318,thumbnails/fs_0771.jpg,35349,f6ddc8e1a29aec22bdad510729771303ad8db3fcd4d862322fcf914a69cd333a,dlstupka/hth-baptisms-san-antonio-1788-1824--1858-1898,61efff529fb7330a92f8d423c40c45bc60bb841c,dlstupka/hth,4b88d0aead2931a9d8a127afbd852f196d6b51ec,,,,,,,,,,not_reviewed,,
772,Baptisms_San_Antonio_Baptism_Records_1788-1824_1858-1898.docx,772,rId776,word/media/image772.png,raw/fs_0772.png,PNG,1642,1361,RGB,2030441,4d9f0280cb89c852d30c3ac5d63832031af98e6b6d5f7ec4ddb4d19ab8633632,1828882,8817cc1589ff9c851368a2f84196c17366acfd5eeed6bb70ce84fa56985fe8ad,5376,0,2688,0,True,,analysis/fs_0772_analysis.png,1174177,6119eb23e72fde08d89c5fdc28befcc0a69d8dacba926b9fcaa76f82ac9b3ee6,thumbnails/fs_0772.jpg,38543,a7e57facf2bb0b24daf6818eee338c5f4ac2a1e8956caa3a901dd161223586d3,dlstupka/hth-baptisms-san-antonio-1788-1824--1858-1898,61efff529fb7330a92f8d423c40c45bc60bb841c,dlstupka/hth,4b88d0aead2931a9d8a127afbd852f196d6b51ec,,,,,,,,,,not_reviewed,,
773,Baptisms_San_Antonio_Baptism_Records_1788-1824_1858-1898.docx,773,rId777,word/media/image773.png,raw/fs_0773.png,PNG,1583,1361,RGB,2060868,6b9765a9ebb875c5ca3c82e63b7ae391326d9c847dea15925aced1dd35da9e73,1826559,8143d119ea63bc941f6ec025cf068ca24f8feef06ca98a5c7b9671ba54516cd8,6764,0,4581,0,True,,analysis/fs_0773_analysis.png,1174612,1cd74a88d58f66a0adf5916e695b1158e45ca33194d4b040852a435ada16c4b4,thumbnails/fs_0773.jpg,37771,39d98220b95423cd5aa71ce16dbe09ef928c001f597429663c23732177ce27b2,dlstupka/hth-baptisms-san-antonio-1788-1824--1858-1898,61efff529fb7330a92f8d423c40c45bc60bb841c,dlstupka/hth,4b88d0aead2931a9d8a127afbd852f196d6b51ec,,,,,,,,,,not_reviewed,,
774,Baptisms_San_Antonio_Baptism_Records_1788-1824_1858-1898.docx,774,rId778,word/media/image774.png,raw/fs_0774.png,PNG,1594,1361,RGB,2030622,e3f8cae08e0cde041e321205ed02945e3d9d30652d26d6c33bcd0d6018d1ac94,1826495,a2221994a0e34a4feac201516ca2de2d98668e87f7b86d9a9de805ff607813e9,2688,0,8064,0,True,,analysis/fs_0774_analysis.png,1136112,c0d180346361e45022e0b06414d411f06518062c8fa65196bf635eae88976ad3,thumbnails/fs_0774.jpg,38296,fe5d6042ae39a0c9469fbec3ea04df5f443ad5114195ad29d6cf63c4f33df90b,dlstupka/hth-baptisms-san-antonio-1788-1824--1858-1898,61efff529fb7330a92f8d423c40c45bc60bb841c,dlstupka/hth,4b88d0aead2931a9d8a127afbd852f196d6b51ec,,,,,,,,,,not_reviewed,,
775,Baptisms_San_Antonio_Baptism_Records_1788-1824_1858-1898.docx,775,rId779,word/media/image775.png,raw/fs_0775.png,PNG,1594,1361,RGB,1909989,6a5594f407457fbda15714b8847a3587646c11dadc5cb4eb485fd9746432d908,1743937,bf0beeebd886959a35a48a66925adf3556d1d6b0e4bc974b31699bcfae68854f,2688,0,8064,0,True,,analysis/fs_0775_analysis.png,1090759,5e0e48a03f7c564aa02e5da23405d0ac19f7969e771c8abf2e494ebb52005693,thumbnails/fs_0775.jpg,32952,3feeaa0a628a566b792bef12681835eaa23352c0fe2a491e540a027d990f9ec8,dlstupka/hth-baptisms-san-antonio-1788-1824--1858-1898,61efff529fb7330a92f8d423c40c45bc60bb841c,dlstupka/hth,4b88d0aead2931a9d8a127afbd852f196d6b51ec,,,,,,,,,,not_reviewed,,
776,Baptisms_San_Antonio_Baptism_Records_1788-1824_1858-1898.docx,776,rId780,word/media/image776.png,raw/fs_0776.png,PNG,1594,1361,RGB,2106178,40e6178ea9efba76e6910a16bc6a6616905512ba80786d800cf8c589f608f97f,1864939,fd078657ff297c8f631453c8a3f1ec1dac247d961fd9b3f33d69d35fe2955d60,2688,0,8064,0,True,,analysis/fs_0776_analysis.png,1177175,edb0ab559a93882bd3c5a3cfae7ec4ab6f4fa214da794e3927fe5483dc138513,thumbnails/fs_0776.jpg,37263,a65bd59315b904b2716fe9f9472d49d1b7680cc903f88cdbfc3d501c6e4a950f,dlstupka/hth-baptisms-san-antonio-1788-1824--1858-1898,61efff529fb7330a92f8d423c40c45bc60bb841c,dlstupka/hth,4b88d0aead2931a9d8a127afbd852f196d6b51ec,,,,,,,,,,not_reviewed,,
777,Baptisms_San_Antonio_Baptism_Records_1788-1824_1858-1898.docx,777,rId781,word/media/image777.png,raw/fs_0777.png,PNG,1594,1361,RGB,2078147,c9c8bf16be4e92377679a8bf85d7fd7c5119b9d3c07560a7f0a6f2b57ff195b6,1878485,15726ba871c4f56e112957f73c9c4cba6cd335815c099183253f2b3d58707fbb,2688,0,8064,0,True,,analysis/fs_0777_analysis.png,1165252,82fa8dc0dd84dba126d8d6e85b2d3da3c64176859a175faca1689fd917e8368c,thumbnails/fs_0777.jpg,35706,069e8155cde6272b6f6e78f5700b3375dab4631f3ab65b7c627235e04ae14e38,dlstupka/hth-baptisms-san-antonio-1788-1824--1858-1898,61efff529fb7330a92f8d423c40c45bc60bb841c,dlstupka/hth,4b88d0aead2931a9d8a127afbd852f196d6b51ec,,,,,,,,,,not_reviewed,,
778,Baptisms_San_Antonio_Baptism_Records_1788-1824_1858-1898.docx,778,rId782,word/media/image778.png,raw/fs_0778.png,PNG,1594,1361,RGB,1987621,6187aee7716d5cd61afb2497197d5a23865769cf390e7355ddf850bf987f52bb,1821665,b9ff669c6869061ff8a7d30c72c140ca174379b40e52e5af71b3880f3bfe376b,2688,0,8064,0,True,,analysis/fs_0778_analysis.png,1128773,228147e2414d7e01be18282ae27a857f694964fee2ad2dee1964159159119d25,thumbnails/fs_0778.jpg,34134,56e585f82d7a945bdaab51a9c43ac437f0ebf8b5a9807a886fa94114683326ff,dlstupka/hth-baptisms-san-antonio-1788-1824--1858-1898,61efff529fb7330a92f8d423c40c45bc60bb841c,dlstupka/hth,4b88d0aead2931a9d8a127afbd852f196d6b51ec,,,,,,,,,,not_reviewed,,
779,Baptisms_San_Antonio_Baptism_Records_1788-1824_1858-1898.docx,779,rId783,word/media/image779.png,raw/fs_0779.png,PNG,1594,1361,RGB,2054075,1d9b3e5b429d1ca91bcc014d7ac123a417f14bfa55d7507759717f0aa7bf9795,1836892,e228db7adbc1e372c1a6137557f7e42aa4a335fe1b79960547689f606adafea0,2688,0,8064,0,True,,analysis/fs_0779_analysis.png,1138673,51265cf470a2fb8d44a21c31190b75f2bcf7f05c424991a5d4bddff6259d4f9c,thumbnails/fs_0779.jpg,34693,89f40cbc7746b48c81c38b086088e4bfda97589e9be62e8b17cc4b9215e88087,dlstupka/hth-baptisms-san-antonio-1788-1824--1858-1898,61efff529fb7330a92f8d423c40c45bc60bb841c,dlstupka/hth,4b88d0aead2931a9d8a127afbd852f196d6b51ec,,,,,,,,,,not_reviewed,,
780,Baptisms_San_Antonio_Baptism_Records_1788-1824_1858-1898.docx,780,rId784,word/media/image780.png,raw/fs_0780.png,PNG,1537,1361,RGB,2024127,a33e8e4697437e4039c968bf79732e9b57dfc09ab98a1ad69388b592d1016fb2,1780826,78c383023766a0d10852505f74f1131f24588c925561a3850ff68f9d7d07f30e,1773,0,12135,0,True,,analysis/fs_0780_analysis.png,1133404,0fc7de88b79a12ef68d432a6cea0e1be68e9a690c6b6bd98bcd4997862c8e0a0,thumbnails/fs_0780.jpg,33737,08e84af977f5824429eb5d264c2ea9b23c1879737e818cddca2ba48c01870805,dlstupka/hth-baptisms-san-antonio-1788-1824--1858-1898,61efff529fb7330a92f8d423c40c45bc60bb841c,dlstupka/hth,4b88d0aead2931a9d8a127afbd852f196d6b51ec,,,,,,,,,,not_reviewed,,
781,Baptisms_San_Antonio_Baptism_Records_1788-1824_1858-1898.docx,781,rId785,word/media/image781.png,raw/fs_0781.png,PNG,1594,1361,RGB,2217270,b51948475dd0e08829fc8f76546abf5d8cf3ca316fd1956f5857c27eaf00bdc4,1920427,30eb98ba6ac652c48f3e001513c427566fcf4cf019ee01a05bfbf3101cd00af4,2688,0,8064,0,True,,analysis/fs_0781_analysis.png,1207429,4ba03d87a66f84e147b9016782ccf4b63fbc680f37b0c3f2139aabe113769ad2,thumbnails/fs_0781.jpg,39489,6b6c35bb4aac38a67d6f9a77a7c9af78eeffd9a9099394462931691e7e3bdda7,dlstupka/hth-baptisms-san-antonio-1788-1824--1858-1898,61efff529fb7330a92f8d423c40c45bc60bb841c,dlstupka/hth,4b88d0aead2931a9d8a127afbd852f196d6b51ec,,,,,,,,,,not_reviewed,,
782,Baptisms_San_Antonio_Baptism_Records_1788-1824_1858-1898.docx,782,rId786,word/media/image782.png,raw/fs_0782.png,PNG,1594,1361,RGB,2004939,dc4a7ba4cfb4dcbf690f24ddb1abc875b8de706f06ceb7288c6f0a38ff081548,1803206,f796b3f984245c8db5ea0ecdb2f0e2e531954f7a747747d7b4dc9c0df0403043,2688,0,8064,0,True,,analysis/fs_0782_analysis.png,1131818,1201f4809d75d7e45321d8f4e1b74dee2494801b72bf6190f247af9bf8e7ecba,thumbnails/fs_0782.jpg,34629,10985113c312561f2e3105a69f36ae3e3ebe2d14366c76d277528c314a85da0d,dlstupka/hth-baptisms-san-antonio-1788-1824--1858-1898,61efff529fb7330a92f8d423c40c45bc60bb841c,dlstupka/hth,4b88d0aead2931a9d8a127afbd852f196d6b51ec,,,,,,,,,,not_reviewed,,
783,Baptisms_San_Antonio_Baptism_Records_1788-1824_1858-1898.docx,783,rId787,word/media/image783.png,raw/fs_0783.png,PNG,1594,1361,RGB,1896174,a185cdfd7970713e23da82a424248e9160edfeae400c2f91a98d8063034043be,1751170,217add5c6c1b407d75f6a1357f731c3c14f2fb143303e418949690275610c838,2688,0,8064,0,True,,analysis/fs_0783_analysis.png,1085018,4c5a3c7fbb25a675d08009bb582b6bd35e0fd532c4778510dfdae366aff64cc0,thumbnails/fs_0783.jpg,32555,18981814c8bae46ece653f34ac73acb27146b707720e450417fec46bfcfbf65a,dlstupka/hth-baptisms-san-antonio-1788-1824--1858-1898,61efff529fb7330a92f8d423c40c45bc60bb841c,dlstupka/hth,4b88d0aead2931a9d8a127afbd852f196d6b51ec,,,,,,,,,,not_reviewed,,
784,Baptisms_San_Antonio_Baptism_Records_1788-1824_1858-1898.docx,784,rId788,word/media/image784.png,raw/fs_0784.png,PNG,1546,1361,RGB,2074049,85142e528b46875c5d925afceea3f4456ca9baeb0923a79c4201fbc94f995294,1849970,f6209655606aad5ba8748e6baf472a24a420344135b1ec78642d2160637ba3c9,2688,0,10752,0,True,,analysis/fs_0784_analysis.png,1166814,c8f873062aa06f9445594a27f0bba27b5afc8165b330cf2e506e0e572fbaef1a,thumbnails/fs_0784.jpg,34439,d4a03fe0ceb515ff9a048afe5404d22f25094997ebafbc993add6b2d39851435,dlstupka/hth-baptisms-san-antonio-1788-1824--1858-1898,61efff529fb7330a92f8d423c40c45bc60bb841c,dlstupka/hth,4b88d0aead2931a9d8a127afbd852f196d6b51ec,,,,,,,,,,not_reviewed,,
785,Baptisms_San_Antonio_Baptism_Records_1788-1824_1858-1898.docx,785,rId789,word/media/image785.png,raw/fs_0785.png,PNG,1546,1361,RGB,2072338,25e9bc74bdf905f805628639ff7e9fe21b84401f84784b48e0cf355d9973b82b,1849719,31f95ad13fe3b76744c71fac82238f7aac127b8bbd93986a4c30fa5ed370cc89,5376,0,8064,0,True,,analysis/fs_0785_analysis.png,1140352,89780b45fe755f854ccea7bfa5315a84a3cc61263413f8eef5df1f635d4ab240,thumbnails/fs_0785.jpg,35358,88bb1b0c1bf451c8b7b53c2ac3e0babf956f6fe03c3cb5de4373e975ddc0b53e,dlstupka/hth-baptisms-san-antonio-1788-1824--1858-1898,61efff529fb7330a92f8d423c40c45bc60bb841c,dlstupka/hth,4b88d0aead2931a9d8a127afbd852f196d6b51ec,,,,,,,,,,not_reviewed,,
786,Baptisms_San_Antonio_Baptism_Records_1788-1824_1858-1898.docx,786,rId790,word/media/image786.png,raw/fs_0786.png,PNG,1546,1361,RGB,2048647,b9c0155f1c7ba71d74955c86e73d3cf021aad16ce1a7f810427c6e0e78628f5d,1856162,131e539d9e8dd4a25781f69dfe059008aa4d2ccf538a3a07c6cdad697357e49d,5376,0,8064,0,True,,analysis/fs_0786_analysis.png,1137784,75efc3cd3003646ef9952e26dfd670ac6bfb6a2742ff6c0dcd3dbe488c46ffeb,thumbnails/fs_0786.jpg,35149,d0ac0e406209348cb42c421c578e5868f185886859d24aa55a47aef0c857aec3,dlstupka/hth-baptisms-san-antonio-1788-1824--1858-1898,61efff529fb7330a92f8d423c40c45bc60bb841c,dlstupka/hth,4b88d0aead2931a9d8a127afbd852f196d6b51ec,,,,,,,,,,not_reviewed,,
787,Baptisms_San_Antonio_Baptism_Records_1788-1824_1858-1898.docx,787,rId791,word/media/image787.png,raw/fs_0787.png,PNG,1594,1361,RGB,2003351,c9f125ad427ca5fabe6d4d802de0e74eac01f84ab41f6f2d6ae7cf316278e5d2,1831320,7c677ef21a3b847797bfd41735dcc6c95da926fabe08f27d04c88a758db92c8f,2688,0,8064,0,True,,analysis/fs_0787_analysis.png,1150157,992c75e95406ba6589d1f6c60d52203e46f8054a19384dd413afb568d50fa668,thumbnails/fs_0787.jpg,31894,bd648902921cebcf9ae3a624b46cb30875d30842497646b536c9cdb885bb786b,dlstupka/hth-baptisms-san-antonio-1788-1824--1858-1898,61efff529fb7330a92f8d423c40c45bc60bb841c,dlstupka/hth,4b88d0aead2931a9d8a127afbd852f196d6b51ec,,,,,,,,,,not_reviewed,,
788,Baptisms_San_Antonio_Baptism_Records_1788-1824_1858-1898.docx,788,rId792,word/media/image788.png,raw/fs_0788.png,PNG,1546,1361,RGB,2007935,4be98407c0f2a0070ba57c455ef43e8256ad68a1cc5be7734888a85398df6fe2,1819069,8faa6f893d922e644498e877726b53d7ac737a5fd1b39192a0da8dd708dd5e9e,2688,0,10752,0,True,,analysis/fs_0788_analysis.png,1148896,6c81cfbab2f9c597f62868ab85fedddab07bc16dcfabcc0c5ec494fe3169c1cf,thumbnails/fs_0788.jpg,32795,79d423bdeae890022d37ea182566d3da9f9b91a1784feea0565bd7cf95d9d993,dlstupka/hth-baptisms-san-antonio-1788-1824--1858-1898,61efff529fb7330a92f8d423c40c45bc60bb841c,dlstupka/hth,4b88d0aead2931a9d8a127afbd852f196d6b51ec,,,,,,,,,,not_reviewed,,
789,Baptisms_San_Antonio_Baptism_Records_1788-1824_1858-1898.docx,789,rId793,word/media/image789.png,raw/fs_0789.png,PNG,1546,1361,RGB,1898552,cac541b6e30d21ca430ae70c54d4f2a273b3907bfaa29fdba7016022e3b5253f,1741274,5317cc11a25e412660f74f027411faa2025c21e90bd1b5d8a4ea113c99cabc2f,2688,0,10752,0,True,,analysis/fs_0789_analysis.png,1104041,6bd36286e5bc366b60ee546ed49ba0618c97e680ed3f20e352c0f4a52f26ccad,thumbnails/fs_0789.jpg,31088,bf4a36273b8c2f0e0d70252f84a52ecca684b74826308611a816f10b0f89c92a,dlstupka/hth-baptisms-san-antonio-1788-1824--1858-1898,61efff529fb7330a92f8d423c40c45bc60bb841c,dlstupka/hth,4b88d0aead2931a9d8a127afbd852f196d6b51ec,,,,,,,,,,not_reviewed,,
790,Baptisms_San_Antonio_Baptism_Records_1788-1824_1858-1898.docx,790,rId794,word/media/image790.png,raw/fs_0790.png,PNG,1594,1361,RGB,1899011,2cbcf97d24c3ba4c820a593598d2cd568a6dfbdab73e6f5a3be6a30d68f20047,1754330,020baf21725ec6fdf74e1d6460f45365bb33b2c71b9aa6feb75a4e3ee9e541dd,2688,0,8064,0,True,,analysis/fs_0790_analysis.png,1112329,452c7e878de083dfe7c0d6533a4f15d232eede184edc2ee4904bba4a4c32a2e2,thumbnails/fs_0790.jpg,30517,97252db30bfc41733ae7461b0aec92b68cad0fde831296ce29e288f915bbcf8e,dlstupka/hth-baptisms-san-antonio-1788-1824--1858-1898,61efff529fb7330a92f8d423c40c45bc60bb841c,dlstupka/hth,4b88d0aead2931a9d8a127afbd852f196d6b51ec,,,,,,,,,,not_reviewed,,
791,Baptisms_San_Antonio_Baptism_Records_1788-1824_1858-1898.docx,791,rId795,word/media/image791.png,raw/fs_0791.png,PNG,1594,1361,RGB,1974025,47778faccb5c4de774df395bf3a3a00f2c498e41963f008f8c34c02849f5c98c,1807618,e688e71802bc6aee00c2cda0359ccedbc74459cdb1c9fe98ea0d9a856dc56d7d,2688,0,8064,0,True,,analysis/fs_0791_analysis.png,1137373,de5b9727fe516311ce4bb6f4f690c5700b98d149b4948c9be16d295284fc88f7,thumbnails/fs_0791.jpg,33222,0b588e42140695d0729cc0b744bc5abeab18abead7f6e05770a3f2224b98889f,dlstupka/hth-baptisms-san-antonio-1788-1824--1858-1898,61efff529fb7330a92f8d423c40c45bc60bb841c,dlstupka/hth,4b88d0aead2931a9d8a127afbd852f196d6b51ec,,,,,,,,,,not_reviewed,,
792,Baptisms_San_Antonio_Baptism_Records_1788-1824_1858-1898.docx,792,rId796,word/media/image792.png,raw/fs_0792.png,PNG,1546,1361,RGB,2059403,6aaf1919e75fb8428a745865169a7fd65c7f11875f01b223e3df4fcc22c149d1,1862797,e2487a264371acef21e7de9f83d8ed0624e0ea539f7527b0364466377ae7aea1,2688,0,10752,0,True,,analysis/fs_0792_analysis.png,1171302,474e356d423be39d2daa87436bb26548ef94c2f28e2148540d056939403738df,thumbnails/fs_0792.jpg,34093,4ac5c50ce30b4a3cb514254518aca659eadb87296325ac342f106029634f2a79,dlstupka/hth-baptisms-san-antonio-1788-1824--1858-1898,61efff529fb7330a92f8d423c40c45bc60bb841c,dlstupka/hth,4b88d0aead2931a9d8a127afbd852f196d6b51ec,,,,,,,,,,not_reviewed,,
793,Baptisms_San_Antonio_Baptism_Records_1788-1824_1858-1898.docx,793,rId797,word/media/image793.png,raw/fs_0793.png,PNG,1546,1361,RGB,2031018,400f8363615aadc9384306f58aabd9a347f44fc0e29d4903668935610a7a9bd7,1779723,ee11a2bb79de2a9c411e8cd7c1455b69198f4960045b132e0d4fe4a43c90df55,8064,0,5376,0,True,,analysis/fs_0793_analysis.png,1150899,1a81ab0b9121628ae827c6098a743068fe5319260d1076ac0e9aeef5204ee09d,thumbnails/fs_0793.jpg,34933,4f0787ab4358f2fef64d9372ecceef1cd395cf5bb9018e6b809cf89cbc9ed788,dlstupka/hth-baptisms-san-antonio-1788-1824--1858-1898,61efff529fb7330a92f8d423c40c45bc60bb841c,dlstupka/hth,4b88d0aead2931a9d8a127afbd852f196d6b51ec,,,,,,,,,,not_reviewed,,
794,Baptisms_San_Antonio_Baptism_Records_1788-1824_1858-1898.docx,794,rId798,word/media/image794.png,raw/fs_0794.png,PNG,1546,1361,RGB,2078763,4b86a4fb3fb290f87bdb9737e2f172b23b4a228de784eb5e20159d8771947430,1840688,a0cfd46e6ddfdb0780eff7d6da3ffbe7cdb65e9d64fd74c0515787404cbc2e1e,5376,0,8064,0,True,,analysis/fs_0794_analysis.png,1180314,3299e9095a055c0294d2b53067321837bd8284b28f7ea407cee7eb156e606b09,thumbnails/fs_0794.jpg,35362,e83a3f65d27fbbd78ac0aad74156dc68d0f36cffcf48fa784fd6d3ded4a7273d,dlstupka/hth-baptisms-san-antonio-1788-1824--1858-1898,61efff529fb7330a92f8d423c40c45bc60bb841c,dlstupka/hth,4b88d0aead2931a9d8a127afbd852f196d6b51ec,,,,,,,,,,not_reviewed,,
795,Baptisms_San_Antonio_Baptism_Records_1788-1824_1858-1898.docx,795,rId799,word/media/image795.png,raw/fs_0795.png,PNG,1594,1361,RGB,1927249,013e20ba170f10b5630f1f29858b6dba93d535d363ba7c35a4f6b1e5a4e4e641,1795372,6e1e74a94e4134137a95ce56911f63c82b064013b28545e6756851b637ec0f77,2688,0,8064,0,True,,analysis/fs_0795_analysis.png,1112735,cf98d2e506bb0d3d6fe86297bf634da30c5ca9bbf87b2dbc4c4f4c783fefab20,thumbnails/fs_0795.jpg,34232,94cbdb5512047cf61cbb50c7cd22beca13294d9148b81b731462fcb62fa2d5af,dlstupka/hth-baptisms-san-antonio-1788-1824--1858-1898,61efff529fb7330a92f8d423c40c45bc60bb841c,dlstupka/hth,4b88d0aead2931a9d8a127afbd852f196d6b51ec,,,,,,,,,,not_reviewed,,
796,Baptisms_San_Antonio_Baptism_Records_1788-1824_1858-1898.docx,796,rId800,word/media/image796.png,raw/fs_0796.png,PNG,1594,1361,RGB,1984990,9139a8a8c1b287cc98c4e9d86706f81490c7d51ebac5b8b94994ef8967158c64,1833917,224250ba07d2670a91b339e0c36b9947e9edac6e810a1553b7471c66dac6f4a2,2688,0,8064,0,True,,analysis/fs_0796_analysis.png,1145597,50cccabeddd681411b70ff3bff610cd5b9555428691beb405bef685cdbb7e88c,thumbnails/fs_0796.jpg,32928,fcc5d97a23f7aaa7d823b417c68fc436349684dcce9046587ff10de19950c9d1,dlstupka/hth-baptisms-san-antonio-1788-1824--1858-1898,61efff529fb7330a92f8d423c40c45bc60bb841c,dlstupka/hth,4b88d0aead2931a9d8a127afbd852f196d6b51ec,,,,,,,,,,not_reviewed,,
797,Baptisms_San_Antonio_Baptism_Records_1788-1824_1858-1898.docx,797,rId801,word/media/image797.png,raw/fs_0797.png,PNG,1546,1361,RGB,1966139,39f7c4324b359c7744223a6991686883dfbe675c5e6b0b434e8601b8b2638e53,1829880,db972854b77e8ee6036afb19a4bb475e51c2c058608def5fa1dc91c010cf3a32,2688,0,10752,0,True,,analysis/fs_0797_analysis.png,1137962,9eef8e6bcdd98788f48cfaa8c017bac348e30b55ba5c3b9099e3cf05cd9c8da5,thumbnails/fs_0797.jpg,33039,fddfa3d5eea75b36db548f154314163df8fb3a62cba121cb24455c3250744aa1,dlstupka/hth-baptisms-san-antonio-1788-1824--1858-1898,61efff529fb7330a92f8d423c40c45bc60bb841c,dlstupka/hth,4b88d0aead2931a9d8a127afbd852f196d6b51ec,,,,,,,,,,not_reviewed,,
798,Baptisms_San_Antonio_Baptism_Records_1788-1824_1858-1898.docx,798,rId802,word/media/image798.png,raw/fs_0798.png,PNG,1546,1361,RGB,2058713,6d605d68ec6b195ac628dc6e9a29bfff10226e3163ee5a769f56fc2eadc23d66,1869717,1105e458f819a6ccd927aad16488a73921042cb5a68850290852fa6fcdc929ae,2688,0,10752,0,True,,analysis/fs_0798_analysis.png,1172154,d1023aa490350ab473703acbf1a5f833fc16801c0cff5ef6d29986155fddde1a,thumbnails/fs_0798.jpg,36097,3d6a623e251ebaec1c2abc8d65ba996a64401400a93cb5cea5ae081a6843bda9,dlstupka/hth-baptisms-san-antonio-1788-1824--1858-1898,61efff529fb7330a92f8d423c40c45bc60bb841c,dlstupka/hth,4b88d0aead2931a9d8a127afbd852f196d6b51ec,,,,,,,,,,not_reviewed,,
799,Baptisms_San_Antonio_Baptism_Records_1788-1824_1858-1898.docx,799,rId803,word/media/image799.png,raw/fs_0799.png,PNG,1594,1361,RGB,2022276,a3055659d629b2133cbe8612c9b51f9c5f53f8dbabfbac8c4bbcaa62d1c485be,1837184,749542521d68ef44e02cd0dcc278ca971ead29055ab64dd118f75d746b8e1dea,2688,0,8064,0,True,,analysis/fs_0799_analysis.png,1151751,810fe1826a89f6689ff9f329c61741ae2bcbe125227825a5321b91286a8699a3,thumbnails/fs_0799.jpg,33357,8ff657a3395e9802b453eaadb478e3a49b73e3bc0536d1335fc3255fed7ca0ff,dlstupka/hth-baptisms-san-antonio-1788-1824--1858-1898,61efff529fb7330a92f8d423c40c45bc60bb841c,dlstupka/hth,4b88d0aead2931a9d8a127afbd852f196d6b51ec,,,,,,,,,,not_reviewed,,
800,Baptisms_San_Antonio_Baptism_Records_1788-1824_1858-1898.docx,800,rId804,word/media/image800.png,raw/fs_0800.png,PNG,1546,1361,RGB,1966362,3c65a77f6d7fe6ecd8a8d75c0fa39a719c6dc5a6354a26994178322027c0409d,1821652,858a56fcb579abdb3ef63f6bdd546ea2b0faf329676dc8ebfe898e911ad28fe6,2688,0,10752,0,True,,analysis/fs_0800_analysis.png,1115656,05018f907a3140804330f25c8eaf58d4895eb6593f3aca70d660951d7cfb7b83,thumbnails/fs_0800.jpg,35003,ca8f3dd107dce9a4885fd7a0db326e57dfef6e40113a087bc737f909b6a78c8f,dlstupka/hth-baptisms-san-antonio-1788-1824--1858-1898,61efff529fb7330a92f8d423c40c45bc60bb841c,dlstupka/hth,4b88d0aead2931a9d8a127afbd852f196d6b51ec,,,,,,,,,,not_reviewed,,
801,Baptisms_San_Antonio_Baptism_Records_1788-1824_1858-1898.docx,801,rId805,word/media/image801.png,raw/fs_0801.png,PNG,1594,1361,RGB,2003741,71e79f1b03baae414d6f17bcdcd2023a1e9a8c02d24bc4c0db1724a730e3da86,1813141,7871d4663f88de8e2cfbe28b9c409663f24a72ef5a05f7a908f9d33fbffab99e,2688,0,8064,0,True,,analysis/fs_0801_analysis.png,1128906,d124f13619e992d0f23c364b944d7fc353dfa589cff99209eddcbd675ba16a18,thumbnails/fs_0801.jpg,36856,b02886966e36aedaff2beab001b2198097b681e24a5b8835c648dad7ee215585,dlstupka/hth-baptisms-san-antonio-1788-1824--1858-1898,61efff529fb7330a92f8d423c40c45bc60bb841c,dlstupka/hth,4b88d0aead2931a9d8a127afbd852f196d6b51ec,,,,,,,,,,not_reviewed,,
802,Baptisms_San_Antonio_Baptism_Records_1788-1824_1858-1898.docx,802,rId806,word/media/image802.png,raw/fs_0802.png,PNG,1498,1361,RGB,1973631,aeb8ce562bdeb6580013a45676d79cae298cb7e3a09e85a063407929e19c41f8,1812852,26102d9a1cd1e2580fac4716b0638adfbadf5753bed08e36fc67088d1596b830,5376,0,10752,0,True,,analysis/fs_0802_analysis.png,1108993,7c40cda553065480ec0dbb1788182b7675c77eac1fd3e244d62c8d16b7cb3f1c,thumbnails/fs_0802.jpg,35354,afb70def158eda1b90f6a72d38d9f33884cc8cc17812f5a6f8e24b107da0ee45,dlstupka/hth-baptisms-san-antonio-1788-1824--1858-1898,61efff529fb7330a92f8d423c40c45bc60bb841c,dlstupka/hth,4b88d0aead2931a9d8a127afbd852f196d6b51ec,,,,,,,,,,not_reviewed,,
803,Baptisms_San_Antonio_Baptism_Records_1788-1824_1858-1898.docx,803,rId807,word/media/image803.png,raw/fs_0803.png,PNG,1594,1361,RGB,2089796,2f8b8d00e5b9a5250ad2533127b20c59e2be1d6399d383d0d800029e8f79c634,1846096,2b3e7c5d42059f463ee3de3c712f259f7ed4b9c9ff112f3f0aca0d320282fbcf,5376,0,5376,0,True,,analysis/fs_0803_analysis.png,1181095,e91625e3349d4146e3f6a7e846925d8a92bd4eb43ee247f41d14b11d887e7d2a,thumbnails/fs_0803.jpg,36729,22ee63ee5209589b5a3ba9e90818dd5e9330023a2f58f0be0bcfc2bd9c9c5f23,dlstupka/hth-baptisms-san-antonio-1788-1824--1858-1898,61efff529fb7330a92f8d423c40c45bc60bb841c,dlstupka/hth,4b88d0aead2931a9d8a127afbd852f196d6b51ec,,,,,,,,,,not_reviewed,,
804,Baptisms_San_Antonio_Baptism_Records_1788-1824_1858-1898.docx,804,rId808,word/media/image804.png,raw/fs_0804.png,PNG,1594,1361,RGB,2073510,0517cf0fb3d73ba5c9b3ae075bc2b8b050fa16a299e53654debb67d50f40ec1f,1876749,31076a47aa17036a3d82afd2068cdf795282e5a4a283e9bc300921dbdafe0f89,2688,0,8064,0,True,,analysis/fs_0804_analysis.png,1166574,ece860b606bb5730cc4e1146a934ecc0bf89c953e72544d9e2f245dbb4bb9154,thumbnails/fs_0804.jpg,35883,dc2f20b2bf9538711395bd69806abd09ff7524aed7d41f530c5ac3490677773d,dlstupka/hth-baptisms-san-antonio-1788-1824--1858-1898,61efff529fb7330a92f8d423c40c45bc60bb841c,dlstupka/hth,4b88d0aead2931a9d8a127afbd852f196d6b51ec,,,,,,,,,,not_reviewed,,
805,Baptisms_San_Antonio_Baptism_Records_1788-1824_1858-1898.docx,805,rId809,word/media/image805.png,raw/fs_0805.png,PNG,1594,1361,RGB,2057291,d14391ae319911627726d81b1954fe548c471d668138844c5a0f1f1f6e83aab1,1848328,1ef052ddbd92d1fc953377ae8c32ff692da14f38fb97b759a75d50467c6403ae,2688,0,8064,0,True,,analysis/fs_0805_analysis.png,1160255,5f49ba928a0cf9c6dfb6e2846cf34fb7781466ad2a5ca9f967491653c165f99d,thumbnails/fs_0805.jpg,33446,23d1ade9c16bebd9f89124e9fa1d04269a624294917cdb92b7a7dea2e42231ec,dlstupka/hth-baptisms-san-antonio-1788-1824--1858-1898,61efff529fb7330a92f8d423c40c45bc60bb841c,dlstupka/hth,4b88d0aead2931a9d8a127afbd852f196d6b51ec,,,,,,,,,,not_reviewed,,
806,Baptisms_San_Antonio_Baptism_Records_1788-1824_1858-1898.docx,806,rId810,word/media/image806.png,raw/fs_0806.png,PNG,1546,1361,RGB,1997039,2b029e6a0d1e517d6626c2312b26157baaa778c31ba76bf7e483faa0c847ddeb,1808552,90301d28a4a3e01c2df431ccbdd6e86a215bd3622a997216fba3268a6f77eac5,2688,0,10752,0,True,,analysis/fs_0806_analysis.png,1125047,9ef174e4637b5ae982e52c7ee8453a896787273208f08888d6360f9b9be55471,thumbnails/fs_0806.jpg,35671,b04ebe39e4f75d4fa789e5c95f7efb286c1c762a112944223057200f37db6a22,dlstupka/hth-baptisms-san-antonio-1788-1824--1858-1898,61efff529fb7330a92f8d423c40c45bc60bb841c,dlstupka/hth,4b88d0aead2931a9d8a127afbd852f196d6b51ec,,,,,,,,,,not_reviewed,,
807,Baptisms_San_Antonio_Baptism_Records_1788-1824_1858-1898.docx,807,rId811,word/media/image807.png,raw/fs_0807.png,PNG,1594,1361,RGB,2132053,ce68173733f10bd3f80f4378c34c6d7d65d4d63d701186e32f2dd067b4d1767b,1895217,8303309ec64f909662b5c683f2595a53f846d9512137a4d1d3c37cc63448ad36,2688,0,8064,0,True,,analysis/fs_0807_analysis.png,1193354,dfcdf52e8a272e687744bc4b9b334bbc5e274a642514f5f9f82427c2a285b873,thumbnails/fs_0807.jpg,36474,b2a03e51d4e74b16c6a1440729556cefb5e42047b84779e4cdd297eb2300c0fd,dlstupka/hth-baptisms-san-antonio-1788-1824--1858-1898,61efff529fb7330a92f8d423c40c45bc60bb841c,dlstupka/hth,4b88d0aead2931a9d8a127afbd852f196d6b51ec,,,,,,,,,,not_reviewed,,
808,Baptisms_San_Antonio_Baptism_Records_1788-1824_1858-1898.docx,808,rId812,word/media/image808.png,raw/fs_0808.png,PNG,1594,1361,RGB,2118981,57d9281cc4dd758aca23e7c76e560ff3f59885a877c12f38a96bdba62b014327,1896737,f0ad02b899f5564e64c59fa1b49968de32ff44c314979fe9beef1e3609518285,2688,0,8064,0,True,,analysis/fs_0808_analysis.png,1181627,95f56eedc04d134c0c86676f37264235af2ec2448d2d6c2e470912595acdc0b7,thumbnails/fs_0808.jpg,35918,f4b8018e5340069d91e478798f0806f310f3beb3934731c7c61070ac85ad20a8,dlstupka/hth-baptisms-san-antonio-1788-1824--1858-1898,61efff529fb7330a92f8d423c40c45bc60bb841c,dlstupka/hth,4b88d0aead2931a9d8a127afbd852f196d6b51ec,,,,,,,,,,not_reviewed,,
809,Baptisms_San_Antonio_Baptism_Records_1788-1824_1858-1898.docx,809,rId813,word/media/image809.png,raw/fs_0809.png,PNG,1594,1361,RGB,2063498,80f19ecc9bd8f619db45300768b23c9ce5369efa5298edcf7c09f91f3e43e049,1868849,f8d4c9d910956122d1e609f192e63761d3c8b295b8580ce3d5ce68d209bfcca4,2688,0,8064,0,True,,analysis/fs_0809_analysis.png,1165867,4cf7927b6e3199caed7fbfdb56da311411db55157bc0982ea89af1369b80adf3,thumbnails/fs_0809.jpg,36620,43ab809c7c6e286798dce64d4030cb16ea6835fb7ce642480076dedb50145770,dlstupka/hth-baptisms-san-antonio-1788-1824--1858-1898,61efff529fb7330a92f8d423c40c45bc60bb841c,dlstupka/hth,4b88d0aead2931a9d8a127afbd852f196d6b51ec,,,,,,,,,,not_reviewed,,
810,Baptisms_San_Antonio_Baptism_Records_1788-1824_1858-1898.docx,810,rId814,word/media/image810.png,raw/fs_0810.png,PNG,1594,1361,RGB,2145249,9ccaa77c4a44ee8acebd7489227b657758dc054fa660928b691d892ed1e13c25,1904869,8b6d46e51724caf9065d8bd42c387f12845785a70603a1a2a7278d33d2b263a3,2688,0,8064,0,True,,analysis/fs_0810_analysis.png,1200809,b64ab51331c6de889ba5cf22b16c1a686764217ea7ebe1f3e86314ad4ee4d311,thumbnails/fs_0810.jpg,36785,2817c7a3ea340b92ef327997bec676b0cd3b78108e2613a8dc1364ed2a15c73f,dlstupka/hth-baptisms-san-antonio-1788-1824--1858-1898,61efff529fb7330a92f8d423c40c45bc60bb841c,dlstupka/hth,4b88d0aead2931a9d8a127afbd852f196d6b51ec,,,,,,,,,,not_reviewed,,
811,Baptisms_San_Antonio_Baptism_Records_1788-1824_1858-1898.docx,811,rId815,word/media/image811.png,raw/fs_0811.png,PNG,1594,1361,RGB,2278093,c58afbe4be26e3871d0b91429b2c62f325dfb0f3fdd87a154cb5cdc827bf4b99,1922400,118ad290b8b01cf31da78f6d95cc8a5f0ee0125f53470d02e6de1f19b0365079,2688,0,8064,0,True,,analysis/fs_0811_analysis.png,1241777,a8337125d864c9e17b5b185a69db6c37c9abe0422447f9eb988827def68cb620,thumbnails/fs_0811.jpg,39292,e2d1b76c20a068bfa44939bd57e73272395a5bc0dab76cdf22c3a4989f434200,dlstupka/hth-baptisms-san-antonio-1788-1824--1858-1898,61efff529fb7330a92f8d423c40c45bc60bb841c,dlstupka/hth,4b88d0aead2931a9d8a127afbd852f196d6b51ec,,,,,,,,,,not_reviewed,,
812,Baptisms_San_Antonio_Baptism_Records_1788-1824_1858-1898.docx,812,rId816,word/media/image812.png,raw/fs_0812.png,PNG,1594,1361,RGB,2102558,8b3a1d5ea69b144063610708a89dc959f83dfeb78d9e74a8d8e3caef73e74044,1882825,a5cbf7002a4685a1d5c7ddc2a445710258fe83c9b8826643795326ea6110073d,2688,0,8064,0,True,,analysis/fs_0812_analysis.png,1185944,59b38a568bceb0076986bfc523bc945c34833f9ebcfaacb7920b58133db68c26,thumbnails/fs_0812.jpg,35741,c10b153f191406ea9480c872437e8a2af35dd427f2260fc43626b806eb8528d1,dlstupka/hth-baptisms-san-antonio-1788-1824--1858-1898,61efff529fb7330a92f8d423c40c45bc60bb841c,dlstupka/hth,4b88d0aead2931a9d8a127afbd852f196d6b51ec,,,,,,,,,,not_reviewed,,
813,Baptisms_San_Antonio_Baptism_Records_1788-1824_1858-1898.docx,813,rId817,word/media/image813.png,raw/fs_0813.png,PNG,1594,1361,RGB,2099405,e58d180fa72ef64c9a6f6baad8965aa45e675ef198aa7b08ac2cd320896a3d8d,1929940,eddb4e90b393d3c00dda8aa941a8ceea44a8481c480e96f3cf5e37aee9c54be7,2688,0,8064,0,True,,analysis/fs_0813_analysis.png,1202830,632e5221930b024592d9d414b57a6ab2fcda7512b4804b96d3814e5e0b8c86cc,thumbnails/fs_0813.jpg,33460,d7b506ee013423c590b4bb5d40f7a697ee1bcd3782bde5e0a28b6a033bd7d080,dlstupka/hth-baptisms-san-antonio-1788-1824--1858-1898,61efff529fb7330a92f8d423c40c45bc60bb841c,dlstupka/hth,4b88d0aead2931a9d8a127afbd852f196d6b51ec,,,,,,,,,,not_reviewed,,
814,Baptisms_San_Antonio_Baptism_Records_1788-1824_1858-1898.docx,814,rId818,word/media/image814.png,raw/fs_0814.png,PNG,1594,1361,RGB,2106355,0625c5c0109b99ea44763bb26e7dd79365242a18122e64d97b0282d7de35ea34,1927268,2828ce3043ed61c4dca76f0703118a3b8869b455679b440c09188b7caa2bb9d1,2688,0,8064,0,True,,analysis/fs_0814_analysis.png,1196306,e4558f3d8dbf09679fd991c162f9783246d513ae5d75375384f542cf4e8f5b35,thumbnails/fs_0814.jpg,34946,50eba0cac0f8259932d77979bda06b9534e8c665e1135d7cd4f64f4d860bfebe,dlstupka/hth-baptisms-san-antonio-1788-1824--1858-1898,61efff529fb7330a92f8d423c40c45bc60bb841c,dlstupka/hth,4b88d0aead2931a9d8a127afbd852f196d6b51ec,,,,,,,,,,not_reviewed,,
815,Baptisms_San_Antonio_Baptism_Records_1788-1824_1858-1898.docx,815,rId819,word/media/image815.png,raw/fs_0815.png,PNG,1594,1361,RGB,2147495,ce91073ca43b8cd3a07dc74f4d9b07eb5f9c71e0968292f843241e99e38551a2,1937389,fa8e9dc992a0eb4863f1b6437cb187957c58f0a27f2f36c5b8f604c5dfd94b39,2688,0,8064,0,True,,analysis/fs_0815_analysis.png,1211417,2af961abd45061391e72bb510fa23962219e35615efd921f05950d705e7a5156,thumbnails/fs_0815.jpg,35299,6c3e15e2d67d90db9c0c04ea9ba9b69641c8212322ec341b8a33ecb264de45e9,dlstupka/hth-baptisms-san-antonio-1788-1824--1858-1898,61efff529fb7330a92f8d423c40c45bc60bb841c,dlstupka/hth,4b88d0aead2931a9d8a127afbd852f196d6b51ec,,,,,,,,,,not_reviewed,,
816,Baptisms_San_Antonio_Baptism_Records_1788-1824_1858-1898.docx,816,rId820,word/media/image816.png,raw/fs_0816.png,PNG,1546,1361,RGB,2137322,50bad035089f6ced5673d4810b93bcea50bda59f462fa9356c46f06842323f1f,1911394,299db96e800c262df1ba3c8c337b30367f8b7f260145541fead0e71024c51f4a,2688,0,10752,0,True,,analysis/fs_0816_analysis.png,1196609,11af12c239ddc5b37e2d1c671d1c9af83c2d36f38eae2157404c0638b03e842b,thumbnails/fs_0816.jpg,35298,f7ec4796e4704d66234f6a0be8981d8ff17e545c9b5428c04392ee92e3b814a2,dlstupka/hth-baptisms-san-antonio-1788-1824--1858-1898,61efff529fb7330a92f8d423c40c45bc60bb841c,dlstupka/hth,4b88d0aead2931a9d8a127afbd852f196d6b51ec,,,,,,,,,,not_reviewed,,
817,Baptisms_San_Antonio_Baptism_Records_1788-1824_1858-1898.docx,817,rId821,word/media/image817.png,raw/fs_0817.png,PNG,1594,1361,RGB,2195680,729ed8896fd45e442204385a531fb265a31ceb09af6c27ee8694e0b130647cc5,1944069,4f315ba6fd9bc9b86cc45e7012d3e8ad11e158a2f89df7268b78801e307a9f80,2688,0,8064,0,True,,analysis/fs_0817_analysis.png,1228250,8c107a90aa39322820495af440a527592f3f5f6db7847bd93882e8431231039e,thumbnails/fs_0817.jpg,36506,8c8afcc093eff804c966894a474e6044010848be21f0298e4f9a3eb43e6efd46,dlstupka/hth-baptisms-san-antonio-1788-1824--1858-1898,61efff529fb7330a92f8d423c40c45bc60bb841c,dlstupka/hth,4b88d0aead2931a9d8a127afbd852f196d6b51ec,,,,,,,,,,not_reviewed,,
818,Baptisms_San_Antonio_Baptism_Records_1788-1824_1858-1898.docx,818,rId822,word/media/image818.png,raw/fs_0818.png,PNG,1546,1361,RGB,2184746,279481a347c17f40f890ee581a1a0542429de408db148683f3824aefbf663874,1964753,5739bd19f7804b5a0ed9eb151c1c7af431aa293cedf7ed9b0e6e435a51295907,2688,0,10752,0,True,,analysis/fs_0818_analysis.png,1217008,65d10fec575e89edc266f83dcca725c34d6af518a8ecb2ba894f057ece14e9c0,thumbnails/fs_0818.jpg,36838,ea1ac30e9f7de1140fb4d4a53feeca503f829e9c0a7b07dfcf8726b34e8df136,dlstupka/hth-baptisms-san-antonio-1788-1824--1858-1898,61efff529fb7330a92f8d423c40c45bc60bb841c,dlstupka/hth,4b88d0aead2931a9d8a127afbd852f196d6b51ec,,,,,,,,,,not_reviewed,,
819,Baptisms_San_Antonio_Baptism_Records_1788-1824_1858-1898.docx,819,rId823,word/media/image819.png,raw/fs_0819.png,PNG,1546,1361,RGB,2209515,5321c16681a73b4237ab5b09f026d09206ef523f911c19874ff4e4811a4951e3,1967966,1d58a7be3027a312d98949ccbd99856fa906809a5bf9071e1bdae7863bf36f98,2688,0,10752,0,True,,analysis/fs_0819_analysis.png,1229337,55be069844607996ccf5f98c2686e393febc7aaaf2e68b690e7b2ad4b1fc9622,thumbnails/fs_0819.jpg,37489,7e3a5d1b010bc2a3a1e33c433af6a4f1460f3be8bb155f0ebb1a93ade90bcbc9,dlstupka/hth-baptisms-san-antonio-1788-1824--1858-1898,61efff529fb7330a92f8d423c40c45bc60bb841c,dlstupka/hth,4b88d0aead2931a9d8a127afbd852f196d6b51ec,,,,,,,,,,not_reviewed,,
820,Baptisms_San_Antonio_Baptism_Records_1788-1824_1858-1898.docx,820,rId824,word/media/image820.png,raw/fs_0820.png,PNG,1498,1361,RGB,2096549,2f24c75801d4021282b6788c8c2374d7461381397b011a78b4dfbf8b9cafc0cc,1890128,3ff5fd43d4f552f99abe63de1083909d5b15d32134f58ac70bfccaebd2754e24,5376,0,10752,0,True,,analysis/fs_0820_analysis.png,1165798,9aabd66c0142fbafd9234e27a544e12fe599ca36dd42e2775c521b991a9c5acf,thumbnails/fs_0820.jpg,36511,03fd4075ee855b908c591cf2af1b99a36998ef4c47932c8394edd6f707a4d0dc,dlstupka/hth-baptisms-san-antonio-1788-1824--1858-1898,61efff529fb7330a92f8d423c40c45bc60bb841c,dlstupka/hth,4b88d0aead2931a9d8a127afbd852f196d6b51ec,,,,,,,,,,not_reviewed,,
821,Baptisms_San_Antonio_Baptism_Records_1788-1824_1858-1898.docx,821,rId825,word/media/image821.png,raw/fs_0821.png,PNG,1546,1361,RGB,1813990,6f1e8f4e56f690131a1d68b0ac9edf9de2d4d85a27a089d529f1cdaf1ca34e4e,1693240,42616352919823a1902549d83338d041cf6d1a6f6a2ebe4130024f9c7d8389ea,2688,0,10752,0,True,,analysis/fs_0821_analysis.png,1050031,0db0029b23cb960e66af07bed3c68213f58a0fc290c608633bc66de4ed097a49,thumbnails/fs_0821.jpg,30608,78ddfe465bd88163f7b8830dee0995ab89816c448c4553a22fd8c3768e1503c4,dlstupka/hth-baptisms-san-antonio-1788-1824--1858-1898,61efff529fb7330a92f8d423c40c45bc60bb841c,dlstupka/hth,4b88d0aead2931a9d8a127afbd852f196d6b51ec,,,,,,,,,,not_reviewed,,
822,Baptisms_San_Antonio_Baptism_Records_1788-1824_1858-1898.docx,822,rId826,word/media/image822.png,raw/fs_0822.png,PNG,1546,1361,RGB,1928951,57fd6efac3f7533c9f9eb52bbb49815e280a38f7ab7206ca7ef5f2cbdb0082cc,1810898,d3f0462d43d2e814c69062e3db7dcf7504980bb627604808e9da7d16e22138a7,2688,0,10752,0,True,,analysis/fs_0822_analysis.png,1106021,a442af117fd0df2e70c8e95eed0acb852a2def15806761a7c69b0e40a5622434,thumbnails/fs_0822.jpg,32176,e10a995ee9660c8db518fb3296b190f39513526da9be95cf30268b43114e8842,dlstupka/hth-baptisms-san-antonio-1788-1824--1858-1898,61efff529fb7330a92f8d423c40c45bc60bb841c,dlstupka/hth,4b88d0aead2931a9d8a127afbd852f196d6b51ec,,,,,,,,,,not_reviewed,,
823,Baptisms_San_Antonio_Baptism_Records_1788-1824_1858-1898.docx,823,rId827,word/media/image823.png,raw/fs_0823.png,PNG,1594,1361,RGB,1976044,ef1111128827f7e42439beb7eef35963d8a3c8db881b9363ec52691298a57e05,1826167,37d4c6d159e4799dee34574ba0ddbdf8c299a03a048601dab76403ee595201fb,2688,0,8064,0,True,,analysis/fs_0823_analysis.png,1130066,66a70cde7808d8d628ce1fa22c1d22b8de3b1065e71db260dd51b69280671deb,thumbnails/fs_0823.jpg,33230,41b8f8d3e6bb070efdb03037b18be64f13990e88260dc5f1046757a8d01c489b,dlstupka/hth-baptisms-san-antonio-1788-1824--1858-1898,61efff529fb7330a92f8d423c40c45bc60bb841c,dlstupka/hth,4b88d0aead2931a9d8a127afbd852f196d6b51ec,,,,,,,,,,not_reviewed,,
824,Baptisms_San_Antonio_Baptism_Records_1788-1824_1858-1898.docx,824,rId828,word/media/image824.png,raw/fs_0824.png,PNG,1498,1361,RGB,1984379,dcbbf7e864a14872644d4c740047d7599383bc3db4f4e4b8503fef2623fd4c6f,1788611,184bcb743dd9faf5cc407a34a335cadadf05d2693ed841157f2f2f3601eeba23,5376,0,10752,0,True,,analysis/fs_0824_analysis.png,1138224,3120294794deed8968242fb654f074c220a780e14452d25aed300f756b5a9bf9,thumbnails/fs_0824.jpg,31112,efc486ee9d29cab52d3e3dd123df29bb278a2803cc317acabd99180a6bd5d8b6,dlstupka/hth-baptisms-san-antonio-1788-1824--1858-1898,61efff529fb7330a92f8d423c40c45bc60bb841c,dlstupka/hth,4b88d0aead2931a9d8a127afbd852f196d6b51ec,,,,,,,,,,not_reviewed,,
825,Baptisms_San_Antonio_Baptism_Records_1788-1824_1858-1898.docx,825,rId829,word/media/image825.png,raw/fs_0825.png,PNG,1498,1361,RGB,1868016,f2b27e451d21128123157a8a96d8152352b045529c09576b9724d75413bd7176,1766888,128478c09c68a0dff455025a7ad7862f01b2fa052ded0c725a156e3e10f7e139,5376,0,10752,0,True,,analysis/fs_0825_analysis.png,1078254,e1e5a16f2051336eb54be929c81d2dbc6e24ef8804b62b0c3eab767ac4c25066,thumbnails/fs_0825.jpg,30711,843eefd09c13fb5ae377b979673b69a65003cf1f671a4cbd747e8f7d14cd7379,dlstupka/hth-baptisms-san-antonio-1788-1824--1858-1898,61efff529fb7330a92f8d423c40c45bc60bb841c,dlstupka/hth,4b88d0aead2931a9d8a127afbd852f196d6b51ec,,,,,,,,,,not_reviewed,,
826,Baptisms_San_Antonio_Baptism_Records_1788-1824_1858-1898.docx,826,rId830,word/media/image826.png,raw/fs_0826.png,PNG,1498,1361,RGB,1789980,53537598161b4595f116ef08398703c5a00eb0fe1469fd5a12689348671eb6e1,1716134,5a635e12335d35bd13ff2f822acaa1c46c70d7bacef1b73fdd27e6225bb8279a,5376,0,10752,0,True,,analysis/fs_0826_analysis.png,1041212,c5aa13654ece223ecdb1583f9f1452619e7b18d2b56cb55e17f266f0d49cea18,thumbnails/fs_0826.jpg,29961,856e655e421ad4393f0ed3092a79d723625ee577c495caf732ec2444665bd27a,dlstupka/hth-baptisms-san-antonio-1788-1824--1858-1898,61efff529fb7330a92f8d423c40c45bc60bb841c,dlstupka/hth,4b88d0aead2931a9d8a127afbd852f196d6b51ec,,,,,,,,,,not_reviewed,,
827,Baptisms_San_Antonio_Baptism_Records_1788-1824_1858-1898.docx,827,rId831,word/media/image827.png,raw/fs_0827.png,PNG,1546,1361,RGB,1977960,58f5b9b7a7a704a65a377cadeb132633ae91ae09dcf607681b949ffdc08b233c,1750386,d7fb44b877d17cf0ea816d11a7a82e504909e97d748d1a65f5b2c5d881697689,8064,0,5376,0,True,,analysis/fs_0827_analysis.png,1131595,c9cd488495a67b9c838ef31a08fb20e29cbce6969705082b43d72fb7ea041584,thumbnails/fs_0827.jpg,33230,d4046dab09a055f7c5e692085454a836df1dd5102416bd45ee6def29b6c68a7f,dlstupka/hth-baptisms-san-antonio-1788-1824--1858-1898,61efff529fb7330a92f8d423c40c45bc60bb841c,dlstupka/hth,4b88d0aead2931a9d8a127afbd852f196d6b51ec,,,,,,,,,,not_reviewed,,
828,Baptisms_San_Antonio_Baptism_Records_1788-1824_1858-1898.docx,828,rId832,word/media/image828.png,raw/fs_0828.png,PNG,1498,1361,RGB,1904140,d4556f34c43e1e18bca53fa57e7343ce01eea662c9cc537dc7cc2d17ab00d9e1,1807755,ba7b7cfaf1fcc55d4fd54e5e605d61abadaca55a11bd4d741a0c3e053efd3cd9,5376,0,10752,0,True,,analysis/fs_0828_analysis.png,1084160,4d161a05ef99855f5c008c4fe45f536b19f4c694019b0f7828d097f0e2c7b5d7,thumbnails/fs_0828.jpg,33256,94e5990958e25c460afda140131488185ae732f59e8227bd69379af21f94039f,dlstupka/hth-baptisms-san-antonio-1788-1824--1858-1898,61efff529fb7330a92f8d423c40c45bc60bb841c,dlstupka/hth,4b88d0aead2931a9d8a127afbd852f196d6b51ec,,,,,,,,,,not_reviewed,,
829,Baptisms_San_Antonio_Baptism_Records_1788-1824_1858-1898.docx,829,rId833,word/media/image829.png,raw/fs_0829.png,PNG,1546,1361,RGB,1896434,6cebd4a6317fc6d67c60d448967412555f1501e1a69a005396731aa1fb91e502,1779874,74aafe235f989b1d2e376763ea9f3365d4fad934252be9181c74bf966dc2b3ba,2688,0,10752,0,True,,analysis/fs_0829_analysis.png,1097792,f96edac10c3dd3b91b40ea8d67a90a0af7795d2c5ab21a27bfb20a9597087094,thumbnails/fs_0829.jpg,31131,262ea5c53265f08fcb369b21ed1f036af66fbb5f91889f360992569f6f6fe68d,dlstupka/hth-baptisms-san-antonio-1788-1824--1858-1898,61efff529fb7330a92f8d423c40c45bc60bb841c,dlstupka/hth,4b88d0aead2931a9d8a127afbd852f196d6b51ec,,,,,,,,,,not_reviewed,,
830,Baptisms_San_Antonio_Baptism_Records_1788-1824_1858-1898.docx,830,rId834,word/media/image830.png,raw/fs_0830.png,PNG,1594,1361,RGB,1997252,dd837635501d1bc3c59651ca2dc41d559feb2cf8ae5cc38cb9dd8e682acc7d37,1786170,8fff45a3b956252666d6f5c11078fa54a58a5eebb00c4580a12ea88a5daa8481,5376,0,5376,0,True,,analysis/fs_0830_analysis.png,1143290,009a97b29eb949005d7cdf03f56a32f21cb62da045e615312c15d3f115178740,thumbnails/fs_0830.jpg,34012,d55c5d1584c146ccf4c08345e7f2c9f6491ed31a94fdec6413b2d3b9b45386b2,dlstupka/hth-baptisms-san-antonio-1788-1824--1858-1898,61efff529fb7330a92f8d423c40c45bc60bb841c,dlstupka/hth,4b88d0aead2931a9d8a127afbd852f196d6b51ec,,,,,,,,,,not_reviewed,,
831,Baptisms_San_Antonio_Baptism_Records_1788-1824_1858-1898.docx,831,rId835,word/media/image831.png,raw/fs_0831.png,PNG,1594,1361,RGB,2051981,895c32bb97832417d6ce0ad2ec449545733c5922631527f8fcb8a296dd921229,1867761,e4199dba8c043aecb5490143a434ad1b2a735ac25e459eed59615f703b81baa1,2688,0,8064,0,True,,analysis/fs_0831_analysis.png,1154204,c599eaeedc8d338a066e73b5bc2886716c72362cf2c09e914f7f1637ad8f89ff,thumbnails/fs_0831.jpg,34650,8eda36a04147f2e2e8c514434497cf39ae345a0b7525268c3378c620ecf3e81c,dlstupka/hth-baptisms-san-antonio-1788-1824--1858-1898,61efff529fb7330a92f8d423c40c45bc60bb841c,dlstupka/hth,4b88d0aead2931a9d8a127afbd852f196d6b51ec,,,,,,,,,,not_reviewed,,
832,Baptisms_San_Antonio_Baptism_Records_1788-1824_1858-1898.docx,832,rId836,word/media/image832.png,raw/fs_0832.png,PNG,1594,1361,RGB,1970670,f95cf7b8c7550d1659ccd390a7f1235254283de6cbc0afee5cc95dcc177cf63d,1842988,c417d9c2a885bbc083977aceaac8473f1e38a7e204fba01cfdb2976501edd443,2688,0,8064,0,True,,analysis/fs_0832_analysis.png,1138170,9157d05a6dea2d825da5e8fed8e83b4a238f4ff36638b64b9f5be64bc7630da9,thumbnails/fs_0832.jpg,31991,65e5883556779331aee4fb6f55b1eb819352d5d9e1a727fbe6d4f0f33b915a17,dlstupka/hth-baptisms-san-antonio-1788-1824--1858-1898,61efff529fb7330a92f8d423c40c45bc60bb841c,dlstupka/hth,4b88d0aead2931a9d8a127afbd852f196d6b51ec,,,,,,,,,,not_reviewed,,
833,Baptisms_San_Antonio_Baptism_Records_1788-1824_1858-1898.docx,833,rId837,word/media/image833.png,raw/fs_0833.png,PNG,1594,1361,RGB,1907892,858c1620c5cf243709484b50aa5a9c4fe5b4f28462c8897e7533c7305b2ed49d,1794557,44a6cbaea94a446e2c3003256b78a6a30d19fb21acd0207ad603452f5805a656,2688,0,8064,0,True,,analysis/fs_0833_analysis.png,1109675,c64826d28f124aef7fe2a39f1e7bff8c6a18acb3e70b43035c0a438383d01c65,thumbnails/fs_0833.jpg,30585,284ad43d8133874d35a4e60a4c1012d04edf12e64fe8824cf273a8125647873c,dlstupka/hth-baptisms-san-antonio-1788-1824--1858-1898,61efff529fb7330a92f8d423c40c45bc60bb841c,dlstupka/hth,4b88d0aead2931a9d8a127afbd852f196d6b51ec,,,,,,,,,,not_reviewed,,
834,Baptisms_San_Antonio_Baptism_Records_1788-1824_1858-1898.docx,834,rId838,word/media/image834.png,raw/fs_0834.png,PNG,1594,1361,RGB,2017845,13e46306e189d99cdc76ae12557103efd7bc26bee1dc99302717c9fd731d73a9,1789632,8a98a4bcbc261b8ef58815f7ec1e73da905287a23aeeb1a6061df8c3f825e9bf,5376,0,5376,0,True,,analysis/fs_0834_analysis.png,1152987,27676955e64dd9f47012601d3eda8d6e70811e3661ab59d99757753b0399fa8c,thumbnails/fs_0834.jpg,34498,e0d60c31998950232606928554bea0e4e157ae92932989969aa19393a32fe187,dlstupka/hth-baptisms-san-antonio-1788-1824--1858-1898,61efff529fb7330a92f8d423c40c45bc60bb841c,dlstupka/hth,4b88d0aead2931a9d8a127afbd852f196d6b51ec,,,,,,,,,,not_reviewed,,
835,Baptisms_San_Antonio_Baptism_Records_1788-1824_1858-1898.docx,835,rId839,word/media/image835.png,raw/fs_0835.png,PNG,1594,1361,RGB,1953416,a658d49e46bd3b31d26b305e23f9397d679b7f0cf5bb8c6e561b964bf1e2e3d2,1824638,cda415ed09e66eda0c77394c2aa62f42efcb585f7219b0da3770c8fc2f0d0449,2688,0,8064,0,True,,analysis/fs_0835_analysis.png,1112335,0a7a6e08460f85c70cf60bca24c9a21cf9ff4552b518f7bc141c468acba147b3,thumbnails/fs_0835.jpg,34466,4d7bc041c51fc347ec9c5b2a5b1e0d64ac46861023335d3362355e190bb51aed,dlstupka/hth-baptisms-san-antonio-1788-1824--1858-1898,61efff529fb7330a92f8d423c40c45bc60bb841c,dlstupka/hth,4b88d0aead2931a9d8a127afbd852f196d6b51ec,,,,,,,,,,not_reviewed,,
836,Baptisms_San_Antonio_Baptism_Records_1788-1824_1858-1898.docx,836,rId840,word/media/image836.png,raw/fs_0836.png,PNG,1594,1361,RGB,1884129,6396ad2cd27342996d2c45342901a1b7c8f4b5baf5e175ae4ff40feafc30c29b,1787489,f53779e3358ec2c8fcde110dd552b90c98c56deead95d0bcf48d8855ae6ba419,2688,0,8064,0,True,,analysis/fs_0836_analysis.png,1091440,ce036f9e1e2ea1e572a6a44c9cd5024937ca3e0ab813b824b62be99e95a5e7da,thumbnails/fs_0836.jpg,32038,17fa842e30fe66c32332efb9b0f0d5e7df5e14253358b99cd8bd11389795d6a7,dlstupka/hth-baptisms-san-antonio-1788-1824--1858-1898,61efff529fb7330a92f8d423c40c45bc60bb841c,dlstupka/hth,4b88d0aead2931a9d8a127afbd852f196d6b51ec,,,,,,,,,,not_reviewed,,
837,Baptisms_San_Antonio_Baptism_Records_1788-1824_1858-1898.docx,837,rId841,word/media/image837.png,raw/fs_0837.png,PNG,1546,1361,RGB,1938556,bc404631e05b8954d525b81bbeee0a3320877bed3ee50a1e247a0ac2d61d1025,1830100,5727c448211808512cd2c15726daf33ce222b926e1daf73b1dc29ecf326f5178,5376,0,8064,0,True,,analysis/fs_0837_analysis.png,1112574,327ee54f06c79d9dc4362246c7914dbf1dc33ff6821c738b490ca1a0d593251b,thumbnails/fs_0837.jpg,31840,0e0aa1c28b095318fe9efee0b739c41aa2cd2f0df271a7145f51bf4c357d907f,dlstupka/hth-baptisms-san-antonio-1788-1824--1858-1898,61efff529fb7330a92f8d423c40c45bc60bb841c,dlstupka/hth,4b88d0aead2931a9d8a127afbd852f196d6b51ec,,,,,,,,,,not_reviewed,,
838,Baptisms_San_Antonio_Baptism_Records_1788-1824_1858-1898.docx,838,rId842,word/media/image838.png,raw/fs_0838.png,PNG,1594,1361,RGB,2035138,b5cbe9d348597831adf650401bdb9fa71b479a6e0ba20f30dec6f9a8ce975c70,1856192,039d7fc353663d8359ed8a2bd409c6c908c799647f7862d015d1fd549e8b6ab4,2688,0,8064,0,True,,analysis/fs_0838_analysis.png,1159119,8ea379b05a79c81895b04a95432649dc91b71b371b2fc1e02fe90a4e54f044b7,thumbnails/fs_0838.jpg,34533,8ff97fa1b11038b3211c9c01c7abb64629ec103cb09232978a245cefa71a8d46,dlstupka/hth-baptisms-san-antonio-1788-1824--1858-1898,61efff529fb7330a92f8d423c40c45bc60bb841c,dlstupka/hth,4b88d0aead2931a9d8a127afbd852f196d6b51ec,,,,,,,,,,not_reviewed,,
839,Baptisms_San_Antonio_Baptism_Records_1788-1824_1858-1898.docx,839,rId843,word/media/image839.png,raw/fs_0839.png,PNG,1690,1361,RGB,2131969,273536d91edcf9e5cb0c239030a0397cb18ee7e43eef951696a82681d9153d8b,1930908,557c128d651343920164e7dcea4321048833c21ed4b11f2f5279507c46456aa6,2688,0,2688,0,True,,analysis/fs_0839_analysis.png,1252121,24e3c0cc2a4f056e17426b4c613221af16e09c3bc51fff175d61dab4b34cf9ad,thumbnails/fs_0839.jpg,37786,af3c2c90e9c648194458fd1f2c68974ad4f75673a9fff659086839d3d0865b4e,dlstupka/hth-baptisms-san-antonio-1788-1824--1858-1898,61efff529fb7330a92f8d423c40c45bc60bb841c,dlstupka/hth,4b88d0aead2931a9d8a127afbd852f196d6b51ec,,,,,,,,,,not_reviewed,,
840,Baptisms_San_Antonio_Baptism_Records_1788-1824_1858-1898.docx,840,rId844,word/media/image840.png,raw/fs_0840.png,PNG,1594,1361,RGB,2053872,60f8c457a800ad2fb27da2212a02c60acb4612106b2878ebfb95c76b2dacecf6,1899024,c61f656b905b06ccb29f3b4f5edb47ecd8538ab3c95ffadc2a3aeac842643c86,2688,0,8064,0,True,,analysis/fs_0840_analysis.png,1176038,254465509c6d7b996b32767dc92709c4a89da8df2e28d93461a9b9a479234f7c,thumbnails/fs_0840.jpg,34811,7593d877890dca3ee2a05f1b48e060d738532ce8306bbd24e01c263979b3cb0b,dlstupka/hth-baptisms-san-antonio-1788-1824--1858-1898,61efff529fb7330a92f8d423c40c45bc60bb841c,dlstupka/hth,4b88d0aead2931a9d8a127afbd852f196d6b51ec,,,,,,,,,,not_reviewed,,
841,Baptisms_San_Antonio_Baptism_Records_1788-1824_1858-1898.docx,841,rId845,word/media/image841.png,raw/fs_0841.png,PNG,1594,1361,RGB,1973393,7293338601d986b3443cbf0313e45710d6083f5cc7a89cfcec6eb46415d0647d,1834989,9666a2554936b6a228504e04872dce73b06f11eb7f650cfe13e8134fd0277b26,2688,0,8064,0,True,,analysis/fs_0841_analysis.png,1140336,8261099fdaf68262b5041afa19171b7492024098dacb8c60a4a6a3a2c1020158,thumbnails/fs_0841.jpg,32080,ba24a4d02b8c4151ea6b8c45958d61f527a101943fce772122e9ae25278ee1c2,dlstupka/hth-baptisms-san-antonio-1788-1824--1858-1898,61efff529fb7330a92f8d423c40c45bc60bb841c,dlstupka/hth,4b88d0aead2931a9d8a127afbd852f196d6b51ec,,,,,,,,,,not_reviewed,,
842,Baptisms_San_Antonio_Baptism_Records_1788-1824_1858-1898.docx,842,rId846,word/media/image842.png,raw/fs_0842.png,PNG,1594,1361,RGB,1817069,1d02955ef98187d341ab5b998e0ef9a7181eeb44ce1b7cd92d0547868c8085bc,1747435,401d56db666e62567559af0845cd1605027b463fb85d0c1679adfb1c13579201,2688,0,8064,0,True,,analysis/fs_0842_analysis.png,1076167,e84b93212ee3f00781e6d0e4e6ca10bd75062e37ab658389f8cfc8c6ec239380,thumbnails/fs_0842.jpg,29960,2ab712ce4bf9abb1b31143aa322d93c54110f6b80a739959979b656fa3268349,dlstupka/hth-baptisms-san-antonio-1788-1824--1858-1898,61efff529fb7330a92f8d423c40c45bc60bb841c,dlstupka/hth,4b88d0aead2931a9d8a127afbd852f196d6b51ec,,,,,,,,,,not_reviewed,,
843,Baptisms_San_Antonio_Baptism_Records_1788-1824_1858-1898.docx,843,rId847,word/media/image843.png,raw/fs_0843.png,PNG,1594,1361,RGB,1728508,51829eb34c5a3906d11921254ade162faaad927ed92db585391ff44c94a25170,1690269,a0b333e2d284974fd828bcb3b2751f30557faf6e5261eae5f1871565c6aa8b89,2688,0,8064,0,True,,analysis/fs_0843_analysis.png,1031860,85d0b50febaf1f4004d78c54ec09e80b41af9ef0d321a9df6b4b1989c4f7b1fb,thumbnails/fs_0843.jpg,27584,cac592a8ab6474eb865ee5440b070d8e70c77a44f13281c004243c27b0c84002,dlstupka/hth-baptisms-san-antonio-1788-1824--1858-1898,61efff529fb7330a92f8d423c40c45bc60bb841c,dlstupka/hth,4b88d0aead2931a9d8a127afbd852f196d6b51ec,,,,,,,,,,not_reviewed,,
844,Baptisms_San_Antonio_Baptism_Records_1788-1824_1858-1898.docx,844,rId848,word/media/image844.png,raw/fs_0844.png,PNG,1594,1361,RGB,1890790,61062dd9d7a3458b0c86eeaf66dce6a27fe6ad49b06d458669c44a094eb25269,1784261,0462ea6bc64baf9fdff727bddc24005cd04f1cbacc89f2e36b58a78e14325458,2688,0,8064,0,True,,analysis/fs_0844_analysis.png,1102592,71d5c60b268d2f34bf181200f509f873ba985d0959fb7300ab307d8ce5d07934,thumbnails/fs_0844.jpg,31245,b861abde03a70f4d8fc9853e333bf2f2f3a501c54975f05b88b9fd2b019f5991,dlstupka/hth-baptisms-san-antonio-1788-1824--1858-1898,61efff529fb7330a92f8d423c40c45bc60bb841c,dlstupka/hth,4b88d0aead2931a9d8a127afbd852f196d6b51ec,,,,,,,,,,not_reviewed,,
845,Baptisms_San_Antonio_Baptism_Records_1788-1824_1858-1898.docx,845,rId849,word/media/image845.png,raw/fs_0845.png,PNG,1546,1361,RGB,2105554,b1ef1785c205a6303f53aa6eecd03aa04fdd9e2275bc2b54a70daa855fa6bc32,1903411,4cf51d3e8fc132fd28982e053fe9077e00c938c0c6c655a35b160cd7ef21b52c,2688,0,10752,0,True,,analysis/fs_0845_analysis.png,1171329,ad1b460c78f569d9a76f563c2b83a788164533dbcb213bb2045872f0195307cf,thumbnails/fs_0845.jpg,37322,9c63b0b5ec0d57f0f0fe0a54e8bdfe193eba5dde0be5a0c3fa03f0364d994738,dlstupka/hth-baptisms-san-antonio-1788-1824--1858-1898,61efff529fb7330a92f8d423c40c45bc60bb841c,dlstupka/hth,4b88d0aead2931a9d8a127afbd852f196d6b51ec,,,,,,,,,,not_reviewed,,
846,Baptisms_San_Antonio_Baptism_Records_1788-1824_1858-1898.docx,846,rId850,word/media/image846.png,raw/fs_0846.png,PNG,1594,1361,RGB,1734204,6eb678f3a87ea9402790fd79ee963abebb9f8f2bc7772edd11bca0b557f02f87,1695483,cda9ea7ed28b0e5662c8838e591d3fab4cc48f76a275877a02888640185eb099,2688,0,8064,0,True,,analysis/fs_0846_analysis.png,1031981,26415b10038a85c73b84f543d17e710c6f366bb6ab4dc65c90d739fea84c5627,thumbnails/fs_0846.jpg,29237,27cd0009f11d7cf160f06a11204708784384db50b3ebe149501db9f7c9f37a86,dlstupka/hth-baptisms-san-antonio-1788-1824--1858-1898,61efff529fb7330a92f8d423c40c45bc60bb841c,dlstupka/hth,4b88d0aead2931a9d8a127afbd852f196d6b51ec,,,,,,,,,,not_reviewed,,
847,Baptisms_San_Antonio_Baptism_Records_1788-1824_1858-1898.docx,847,rId851,word/media/image847.png,raw/fs_0847.png,PNG,1594,1361,RGB,1769430,309514f5c02d8257fbb0200724275fdf2d4c5c122f5696753c7fd17d7a1d27a9,1748225,d524a0d7cbba5d3994e43c36c4185806800225c00704545da66b63063b643865,2688,0,8064,0,True,,analysis/fs_0847_analysis.png,1050942,aae2674c2b89fd958258c5ffe9494e75a6685c0d2599dc03b79d1029ece33d91,thumbnails/fs_0847.jpg,28996,989ec67793fa80f41e3cb1aa1140f82fc45853ba6be09dc735cca42a670e33b9,dlstupka/hth-baptisms-san-antonio-1788-1824--1858-1898,61efff529fb7330a92f8d423c40c45bc60bb841c,dlstupka/hth,4b88d0aead2931a9d8a127afbd852f196d6b51ec,,,,,,,,,,not_reviewed,,
848,Baptisms_San_Antonio_Baptism_Records_1788-1824_1858-1898.docx,848,rId852,word/media/image848.png,raw/fs_0848.png,PNG,1594,1361,RGB,1848586,a29281393ce11906969eb54a8b8ecf09c2400d92da8658677067f83249fa3e71,1786125,099ff3a6a5e7e8be7dd1198376b74e6e1321a0aa0211ac6ff8f52f83840166fb,2688,0,8064,0,True,,analysis/fs_0848_analysis.png,1076980,a88e90b00d9cf23f1bdba7aeadd4222efa838ce96e387ecadfaeb7c0cba816f9,thumbnails/fs_0848.jpg,31092,e24aec845824060961c83ba2afbcf3d34cfaf18f63ed2d5657b01e2962e6c5be,dlstupka/hth-baptisms-san-antonio-1788-1824--1858-1898,61efff529fb7330a92f8d423c40c45bc60bb841c,dlstupka/hth,4b88d0aead2931a9d8a127afbd852f196d6b51ec,,,,,,,,,,not_reviewed,,
849,Baptisms_San_Antonio_Baptism_Records_1788-1824_1858-1898.docx,849,rId853,word/media/image849.png,raw/fs_0849.png,PNG,1594,1361,RGB,1851275,bc592b8194f657f6dbc42bf5ba06f9ed56d861bd0fde03f0dbe9cbaea685fe87,1764334,fbd5310caf49ae3ac024d07c756d35dfc202585eac86a4094b13ced0dd116dcc,2688,0,8064,0,True,,analysis/fs_0849_analysis.png,1082853,f6e375dd1a708e09bdff07891369da760bb621c7ead7b7f2ca62668a627ea37a,thumbnails/fs_0849.jpg,31215,001d6689ce13ffe8795239c8caeda04e132aae80f60d16876ad0b92beb222f02,dlstupka/hth-baptisms-san-antonio-1788-1824--1858-1898,61efff529fb7330a92f8d423c40c45bc60bb841c,dlstupka/hth,4b88d0aead2931a9d8a127afbd852f196d6b51ec,,,,,,,,,,not_reviewed,,
850,Baptisms_San_Antonio_Baptism_Records_1788-1824_1858-1898.docx,850,rId854,word/media/image850.png,raw/fs_0850.png,PNG,1594,1361,RGB,1889388,0be4c1629f8e2e8a83b256d20ef125b4c7becf6ac33998ac21571386da0696ff,1812825,6f79c6c2f5acadd7d59158ae2cc983b731d6a90c720124104d28a8389d041b30,2688,0,8064,0,True,,analysis/fs_0850_analysis.png,1101938,b56292fb76292f46c3d61cc42a3e448bcc8ae740b41291e4b0e57862df312b44,thumbnails/fs_0850.jpg,31292,dd6e9b6e8ee747b629a25c57c7956225feb86740deb051c0f30e4879fbf2a931,dlstupka/hth-baptisms-san-antonio-1788-1824--1858-1898,61efff529fb7330a92f8d423c40c45bc60bb841c,dlstupka/hth,4b88d0aead2931a9d8a127afbd852f196d6b51ec,,,,,,,,,,not_reviewed,,
851,Baptisms_San_Antonio_Baptism_Records_1788-1824_1858-1898.docx,851,rId855,word/media/image851.png,raw/fs_0851.png,PNG,1594,1361,RGB,1781108,b27b9dc1cd69001f7e0cff7cd3d73faf92c8293d6822253445b69206feb09370,1734343,07268f96f4c83eb34391fd23d8a987ee7202741b2e2359529fdcc50d4b483291,2688,0,8064,0,True,,analysis/fs_0851_analysis.png,1039340,b3f6247d9efeda81326bd0189633b71d58a49dea1c02a4b1252cb54f516c9afe,thumbnails/fs_0851.jpg,31953,4df6caa5a2ce1be5720b50f7fb5d39ef31d88f26635de6d56b500e134a26c6c5,dlstupka/hth-baptisms-san-antonio-1788-1824--1858-1898,61efff529fb7330a92f8d423c40c45bc60bb841c,dlstupka/hth,4b88d0aead2931a9d8a127afbd852f196d6b51ec,,,,,,,,,,not_reviewed,,
852,Baptisms_San_Antonio_Baptism_Records_1788-1824_1858-1898.docx,852,rId856,word/media/image852.png,raw/fs_0852.png,PNG,1594,1361,RGB,1863069,66c282c98490c394ba8b776dbe47c0ef71eec31128fdfd867d0f92534eb3300d,1731906,c83880f0b46ce8d9b6df42b875d1c3e97437e68b48a54dd9d19bd354b2fa05e2,2688,0,8064,0,True,,analysis/fs_0852_analysis.png,1084914,38685580b971d4926efa4300960a3add9efdc74f63ff2808d45922f8e51835ce,thumbnails/fs_0852.jpg,30817,b506ba17d44e8c3d48a4a3212933a83e4e9d6f1fe03800f86bafd2f9fadb03d5,dlstupka/hth-baptisms-san-antonio-1788-1824--1858-1898,61efff529fb7330a92f8d423c40c45bc60bb841c,dlstupka/hth,4b88d0aead2931a9d8a127afbd852f196d6b51ec,,,,,,,,,,not_reviewed,,
853,Baptisms_San_Antonio_Baptism_Records_1788-1824_1858-1898.docx,853,rId857,word/media/image853.png,raw/fs_0853.png,PNG,1594,1361,RGB,1911121,b9a9c4700b4478e5016112302528ac23d1564c918dcb29abd940d69bab449df0,1809454,695cee4774e1e1738406bbfbd77f1f932061f98c5e7727b941db030141a306a9,2688,0,8064,0,True,,analysis/fs_0853_analysis.png,1096764,a7bfa56c9df8015695f5f23af96bd0bb4f6b577a0995b52cfe55038ea5fe7ee9,thumbnails/fs_0853.jpg,33352,de1a522043ff14347bb93b7f5ebc5792c3a579488d58f241eba9ef82548a5c1b,dlstupka/hth-baptisms-san-antonio-1788-1824--1858-1898,61efff529fb7330a92f8d423c40c45bc60bb841c,dlstupka/hth,4b88d0aead2931a9d8a127afbd852f196d6b51ec,,,,,,,,,,not_reviewed,,
854,Baptisms_San_Antonio_Baptism_Records_1788-1824_1858-1898.docx,854,rId858,word/media/image854.png,raw/fs_0854.png,PNG,1546,1361,RGB,1918321,407942941dc3f8a170df9240d6572662dbce40f69cb11865c447196329f08097,1832582,0104842b70fb19625f0d34ba0463c076c6bda6538440aa2c46bc721aea2f17a0,5376,0,8064,0,True,,analysis/fs_0854_analysis.png,1110101,6ed99544d032c9085803e490e92ebb36aa00948233ba44e452cf702eda2824c3,thumbnails/fs_0854.jpg,33147,d8effca5d6ac7c34949d9860b58b19274cd40aea620701fe2aaf7189355887b9,dlstupka/hth-baptisms-san-antonio-1788-1824--1858-1898,61efff529fb7330a92f8d423c40c45bc60bb841c,dlstupka/hth,4b88d0aead2931a9d8a127afbd852f196d6b51ec,,,,,,,,,,not_reviewed,,
855,Baptisms_San_Antonio_Baptism_Records_1788-1824_1858-1898.docx,855,rId859,word/media/image855.png,raw/fs_0855.png,PNG,1594,1361,RGB,1880323,cb39fe8b6fd140735c3320a5fc27de2856dedadbf079ea841ada25bab2347879,1806259,78f6d8537b65df87145e0456f20840daf8ab760441bbffe3d128290c908d086c,2688,0,8064,0,True,,analysis/fs_0855_analysis.png,1090159,7465445a147ded345b18632d5c58f9d713d9fa840664d255f44213804a87f62e,thumbnails/fs_0855.jpg,31582,d8267e8b382e973589ecde6fd8acbef9cbe2869c8274761ba5d10335535825f4,dlstupka/hth-baptisms-san-antonio-1788-1824--1858-1898,61efff529fb7330a92f8d423c40c45bc60bb841c,dlstupka/hth,4b88d0aead2931a9d8a127afbd852f196d6b51ec,,,,,,,,,,not_reviewed,,
856,Baptisms_San_Antonio_Baptism_Records_1788-1824_1858-1898.docx,856,rId860,word/media/image856.png,raw/fs_0856.png,PNG,1594,1361,RGB,1776737,9adbed96faef8fb369e3669b2b0ec8b7abd02acebfc6bf3267f3b46b3fd931df,1712769,25cf671e7d7ce808a766d58b46caea961c370e2fc271ba6085a455211f3e2e34,2688,0,8064,0,True,,analysis/fs_0856_analysis.png,1051587,b337b7296564e43d74d8bf896bdbd30c542160fe83ac27782866f73cca3cb9b0,thumbnails/fs_0856.jpg,30081,a745bd4ded4efc959bb887ca7f7c30e66b2d4c8cf512cb06b47cb9f48e6da394,dlstupka/hth-baptisms-san-antonio-1788-1824--1858-1898,61efff529fb7330a92f8d423c40c45bc60bb841c,dlstupka/hth,4b88d0aead2931a9d8a127afbd852f196d6b51ec,,,,,,,,,,not_reviewed,,
857,Baptisms_San_Antonio_Baptism_Records_1788-1824_1858-1898.docx,857,rId861,word/media/image857.png,raw/fs_0857.png,PNG,1594,1361,RGB,1872995,6c528f8a8d3dc4a1d6af92066246b2538efddb19462e3c08b70cbedffb7f97db,1765400,4c7ef72e70113968655a009cc936fb29e55a5c832a1f0e601dfef77c7b1381a7,2688,0,8064,0,True,,analysis/fs_0857_analysis.png,1077566,fea3934911532916507b1f08ab613adcd0ee069f79a56c80e5cccc8c3231f7bf,thumbnails/fs_0857.jpg,32213,424b89daa1183f68d64cad5647d76da84a373eef5ab26aeb4c8d74acd8f9ee36,dlstupka/hth-baptisms-san-antonio-1788-1824--1858-1898,61efff529fb7330a92f8d423c40c45bc60bb841c,dlstupka/hth,4b88d0aead2931a9d8a127afbd852f196d6b51ec,,,,,,,,,,not_reviewed,,
858,Baptisms_San_Antonio_Baptism_Records_1788-1824_1858-1898.docx,858,rId862,word/media/image858.png,raw/fs_0858.png,PNG,1594,1361,RGB,1710571,a31cc2d4d2022d729193db20cd52f4593eb0f9ea6b7fe7c04f53b6b55a691e33,1661093,65289a0042bc5a0bfbbd053120d47b495591a1bb657338176dda4326d53c317b,2688,0,8064,0,True,,analysis/fs_0858_analysis.png,1021992,632430605f5bc35a742eba44823864831981e960ea89d942fdd54a012188fa28,thumbnails/fs_0858.jpg,27292,ef6e1d3b59eaa692db8c4a8ce94c9620ed856621f97522a5213e3aded45d683c,dlstupka/hth-baptisms-san-antonio-1788-1824--1858-1898,61efff529fb7330a92f8d423c40c45bc60bb841c,dlstupka/hth,4b88d0aead2931a9d8a127afbd852f196d6b51ec,,,,,,,,,,not_reviewed,,
859,Baptisms_San_Antonio_Baptism_Records_1788-1824_1858-1898.docx,859,rId863,word/media/image859.png,raw/fs_0859.png,PNG,1594,1361,RGB,1753414,0ea7eb4d847af30b4e77a89172e1cd3d6a50b3d295e33182289faf7d7df686fa,1730668,9b3a7b1a6099ae12e357a373ce399382186b5305a631f8290926b3e25575fc2b,2688,0,8064,0,True,,analysis/fs_0859_analysis.png,1050030,5a3a8bf84e720b59251be76120c1efa90c8bbdf6e7478e5784a6809f8fce1d33,thumbnails/fs_0859.jpg,28386,508a62a585de65b802c8a9367e6b7e10d586a6abd6cff877e69ed8af6381d4ce,dlstupka/hth-baptisms-san-antonio-1788-1824--1858-1898,61efff529fb7330a92f8d423c40c45bc60bb841c,dlstupka/hth,4b88d0aead2931a9d8a127afbd852f196d6b51ec,,,,,,,,,,not_reviewed,,
860,Baptisms_San_Antonio_Baptism_Records_1788-1824_1858-1898.docx,860,rId864,word/media/image860.png,raw/fs_0860.png,PNG,1594,1361,RGB,1812664,0ff94ecafb07136ca40edaeb8c03b5032e428bd8f54d39e75c67865f2d290c79,1736883,95eb8416d946c6c180676146eee3af7af0a20ef4229c37c076991bb1a219ada1,2688,0,8064,0,True,,analysis/fs_0860_analysis.png,1059608,ac22afdd21e514395df97066e110eb0f0c99f4b80d361c966618b97c0ad5a36a,thumbnails/fs_0860.jpg,30867,dc96facdb661db90742fa87f0d38866d2202631bce9302f40bc615ce75c8f05d,dlstupka/hth-baptisms-san-antonio-1788-1824--1858-1898,61efff529fb7330a92f8d423c40c45bc60bb841c,dlstupka/hth,4b88d0aead2931a9d8a127afbd852f196d6b51ec,,,,,,,,,,not_reviewed,,
861,Baptisms_San_Antonio_Baptism_Records_1788-1824_1858-1898.docx,861,rId865,word/media/image861.png,raw/fs_0861.png,PNG,1546,1361,RGB,1867457,604df982457087acf50282ef40668034b567ffc03a54cbc9f65bb9de9e670096,1728769,bd0b15885d7911a877f0a67f8b8844e381884f481159b3f00f8160f3dedcf5fe,2688,0,10752,0,True,,analysis/fs_0861_analysis.png,1080163,50440affb18446876b93c7743a7e7b2097a612fa970618821dda80ca3517fc4b,thumbnails/fs_0861.jpg,31229,0dcbbbedf660a2049a4caa9fd10e01d8268c215d0962e595dbae824e4a3956a4,dlstupka/hth-baptisms-san-antonio-1788-1824--1858-1898,61efff529fb7330a92f8d423c40c45bc60bb841c,dlstupka/hth,4b88d0aead2931a9d8a127afbd852f196d6b51ec,,,,,,,,,,not_reviewed,,
862,Baptisms_San_Antonio_Baptism_Records_1788-1824_1858-1898.docx,862,rId866,word/media/image862.png,raw/fs_0862.png,PNG,1594,1361,RGB,1799592,d2d2373557a06cb8c0f690962ec212978cced17eb214bc80d429e287e373e397,1711946,f7e92befc4ee0753e2bf4ebb2d210ef772e734dd93b499b6149e70a49878379f,2688,0,8064,0,True,,analysis/fs_0862_analysis.png,1056099,dba2b506236372f46d4253c18de124cbceeeed7e801c451ea13cd0fd7f53194b,thumbnails/fs_0862.jpg,30016,02a28f1d00fdd32d94589dcbb1c3c380ef83bcf8fe82ac5f5446ddf86d2b65dd,dlstupka/hth-baptisms-san-antonio-1788-1824--1858-1898,61efff529fb7330a92f8d423c40c45bc60bb841c,dlstupka/hth,4b88d0aead2931a9d8a127afbd852f196d6b51ec,,,,,,,,,,not_reviewed,,
863,Baptisms_San_Antonio_Baptism_Records_1788-1824_1858-1898.docx,863,rId867,word/media/image863.png,raw/fs_0863.png,PNG,1546,1361,RGB,1537498,d0b87281309f68478ab216b79bef6615b55cc95b8154953aac2d6c4fd28ab6c1,1570024,021a29ddbdb01f2bd328641eaf7d18fe5d929d067005bea2b26a6be47258da35,5376,0,8064,0,True,,analysis/fs_0863_analysis.png,945334,c4ccdd1f7f262fee56f457dfe62e65a6ded3f9ac9cd9fe111fde26fe4999f938,thumbnails/fs_0863.jpg,22918,180e864a9dfface370262be4f033a5ea378786561ab0fd652d25c0a9af25224c,dlstupka/hth-baptisms-san-antonio-1788-1824--1858-1898,61efff529fb7330a92f8d423c40c45bc60bb841c,dlstupka/hth,4b88d0aead2931a9d8a127afbd852f196d6b51ec,,,,,,,,,,not_reviewed,,
864,Baptisms_San_Antonio_Baptism_Records_1788-1824_1858-1898.docx,864,rId868,word/media/image864.png,raw/fs_0864.png,PNG,1594,1361,RGB,1713350,9e4a7ccadde7618e443b06fe5a2bbfd428bddcd6679a1e06b46e0c89e576e834,1690222,b5c072380065f9b8c15877ba2fb3b6651db1043e6f79e9496d9c7f93c0bb41d0,2688,0,8064,0,True,,analysis/fs_0864_analysis.png,1020180,47827ec9a35a9c4fd9691416eadf9cf11744cd9cbae3d25d0ebf89dded1eae60,thumbnails/fs_0864.jpg,29397,dba2e03ffd15e5db5e3e71346d3ddfec4df224b5be5b2cc0c54f391922c716ac,dlstupka/hth-baptisms-san-antonio-1788-1824--1858-1898,61efff529fb7330a92f8d423c40c45bc60bb841c,dlstupka/hth,4b88d0aead2931a9d8a127afbd852f196d6b51ec,,,,,,,,,,not_reviewed,,
865,Baptisms_San_Antonio_Baptism_Records_1788-1824_1858-1898.docx,865,rId869,word/media/image865.png,raw/fs_0865.png,PNG,1594,1361,RGB,1636308,a4c745579b04af5271d09dcea12d42559f333741a2790ec2f267289b6ce88d70,1635469,357b3a744705977bca6f41ad7bb3631ad31026ec6905389eda5a7c2fddfde51a,2688,0,8064,0,True,,analysis/fs_0865_analysis.png,987676,6fd637925a71673df3fa8f36071dae3284b4002d2e237b1d7b89105afb705695,thumbnails/fs_0865.jpg,27037,eac9e867c141807000da1b4862a7b7b4880dd5b7b7e4056a4b7f5e97a9f8321a,dlstupka/hth-baptisms-san-antonio-1788-1824--1858-1898,61efff529fb7330a92f8d423c40c45bc60bb841c,dlstupka/hth,4b88d0aead2931a9d8a127afbd852f196d6b51ec,,,,,,,,,,not_reviewed,,
866,Baptisms_San_Antonio_Baptism_Records_1788-1824_1858-1898.docx,866,rId870,word/media/image866.png,raw/fs_0866.png,PNG,1546,1361,RGB,1836538,b4e5be5e9d00acc6187c2e98eed6564dda6eed3b46033ca95c9f3d66a5191738,1750066,3e8ea763c78584e38574a4b4a1bf82d6f0e8698cc29f140a52eae0c46f50b80f,2688,0,10752,0,True,,analysis/fs_0866_analysis.png,1073392,95abfab9d861740203927754e9aabe25b4d11617fd62592af472020e3b98e24a,thumbnails/fs_0866.jpg,30916,35539f7b32aae9292ea59d0066e3a437429d94587b4a0141faa74bf8719fa5f4,dlstupka/hth-baptisms-san-antonio-1788-1824--1858-1898,61efff529fb7330a92f8d423c40c45bc60bb841c,dlstupka/hth,4b88d0aead2931a9d8a127afbd852f196d6b51ec,,,,,,,,,,not_reviewed,,
867,Baptisms_San_Antonio_Baptism_Records_1788-1824_1858-1898.docx,867,rId871,word/media/image867.png,raw/fs_0867.png,PNG,1594,1361,RGB,1685339,0d19d6d305c0ded251bf61f9d850a7a9dda2e298ea5d184ad44a5c59e11d24f0,1686862,101ef9f0457ee4932fd1d95b279cdbe5305079199d48fabd826607b1472be93f,2688,0,8064,0,True,,analysis/fs_0867_analysis.png,1012304,c24c75d50df2901bf08573e4e4889320b9b94c2af69774e7674fbb086a83269f,thumbnails/fs_0867.jpg,29355,9cd470bda11cda96a96ecf240d1917c7a0cf955ffe96e5aacd3962d452d866c6,dlstupka/hth-baptisms-san-antonio-1788-1824--1858-1898,61efff529fb7330a92f8d423c40c45bc60bb841c,dlstupka/hth,4b88d0aead2931a9d8a127afbd852f196d6b51ec,,,,,,,,,,not_reviewed,,
868,Baptisms_San_Antonio_Baptism_Records_1788-1824_1858-1898.docx,868,rId872,word/media/image868.png,raw/fs_0868.png,PNG,1642,1361,RGB,1901936,f4012fd6a01b3f4d753aa2682227e27a892402577b4d0cfac58621f6dfc074f9,1815394,603eb3ba55a0ed512d71d442ed6b73880f04e26798734e674a3f376fbb4b0ce0,2688,0,5376,0,True,,analysis/fs_0868_analysis.png,1114146,9664bccaa4dc6a2cefeacc3cd7afc6d0f612e4853fafa6400315aa40d04f3774,thumbnails/fs_0868.jpg,32995,89e33a4c5b617b062ccffbc649d10375b3065b8cc97ddbe4a27e2c8d9d06492b,dlstupka/hth-baptisms-san-antonio-1788-1824--1858-1898,61efff529fb7330a92f8d423c40c45bc60bb841c,dlstupka/hth,4b88d0aead2931a9d8a127afbd852f196d6b51ec,,,,,,,,,,not_reviewed,,
869,Baptisms_San_Antonio_Baptism_Records_1788-1824_1858-1898.docx,869,rId873,word/media/image869.png,raw/fs_0869.png,PNG,1594,1361,RGB,1814518,2832e404fa0db96532a3cb2cfc05796476a3ec8e5a7d49950fe202f7ec9d8c7a,1754533,f1c030412a7b4ef7540604e98643d51cbb76bc84c9ca73af18ded49e49491544,2688,0,8064,0,True,,analysis/fs_0869_analysis.png,1061849,f770ec1cf9bc4ac6e7339ad96486103cda0b2c89ea3995b2b1f9edea6359fbbf,thumbnails/fs_0869.jpg,32372,99de4ef945a8006458ccefc9eff796f5e1b49e2d26c68cc68193f442d73d97a8,dlstupka/hth-baptisms-san-antonio-1788-1824--1858-1898,61efff529fb7330a92f8d423c40c45bc60bb841c,dlstupka/hth,4b88d0aead2931a9d8a127afbd852f196d6b51ec,,,,,,,,,,not_reviewed,,
870,Baptisms_San_Antonio_Baptism_Records_1788-1824_1858-1898.docx,870,rId874,word/media/image870.png,raw/fs_0870.png,PNG,1594,1361,RGB,1738611,cd808a2596b3be9ea53187db54ba9c0bdbf44e6cd914a67db8df77f7afd8aee4,1673673,aa77f6b9d5b40a6d9a3cc118a06e1a0f69ea45008ace66a35d1a0bfa03a782f4,2688,0,8064,0,True,,analysis/fs_0870_analysis.png,1024145,5ffbabf49117eef07bedcb6ae4d49fec4dd4f1b8370c4212932d801f3a3c89f7,thumbnails/fs_0870.jpg,30572,d21c074c72a3ee97300d45caf447dbdc0b78d40a9420ed7fadd34ab7d3e818d0,dlstupka/hth-baptisms-san-antonio-1788-1824--1858-1898,61efff529fb7330a92f8d423c40c45bc60bb841c,dlstupka/hth,4b88d0aead2931a9d8a127afbd852f196d6b51ec,,,,,,,,,,not_reviewed,,
871,Baptisms_San_Antonio_Baptism_Records_1788-1824_1858-1898.docx,871,rId875,word/media/image871.png,raw/fs_0871.png,PNG,1546,1361,RGB,1716481,20ff88be4cc1508e555f9d24515305cf8dbde181f5657c7284092855bddb1ca1,1666971,f79b183ba47d8daa4a1b41947f04f448a144e308d6814c03fe8cc3e281e363c1,5376,0,8064,0,True,,analysis/fs_0871_analysis.png,1017242,75f5f2c4ff8b353c4f50b1bcb4bac01915764c06c9fec83134772f4c427151f3,thumbnails/fs_0871.jpg,27949,164c5b040ff19c2cfbbcb58eb681fe83f1c29b2039e7128910d6d027c1d76eb6,dlstupka/hth-baptisms-san-antonio-1788-1824--1858-1898,61efff529fb7330a92f8d423c40c45bc60bb841c,dlstupka/hth,4b88d0aead2931a9d8a127afbd852f196d6b51ec,,,,,,,,,,not_reviewed,,
872,Baptisms_San_Antonio_Baptism_Records_1788-1824_1858-1898.docx,872,rId876,word/media/image872.png,raw/fs_0872.png,PNG,1594,1361,RGB,1720005,d81d8cb1c47cd27b855c4cebc17f3d50c96c19431d7f1a65e62a4c0841f6e45c,1683740,dab980a5342c032ea492d018014449c3e202d2309ccb1b57dada27c6c7bc6aae,2688,0,8064,0,True,,analysis/fs_0872_analysis.png,1023507,d1fcbb20d8b40885c0e1c9120e352ae64ffde67d022e48ba05c4b38c963a5cdd,thumbnails/fs_0872.jpg,28293,a8fdc82feac38efa2fc82b1d908ac3638f344431aeecfa25d222e8b4c3bb1a07,dlstupka/hth-baptisms-san-antonio-1788-1824--1858-1898,61efff529fb7330a92f8d423c40c45bc60bb841c,dlstupka/hth,4b88d0aead2931a9d8a127afbd852f196d6b51ec,,,,,,,,,,not_reviewed,,
873,Baptisms_San_Antonio_Baptism_Records_1788-1824_1858-1898.docx,873,rId877,word/media/image873.png,raw/fs_0873.png,PNG,1546,1361,RGB,1681447,aad7d5947164e75c4427d4d23f232e98fbb1b3092db3ac3bba1f098a64d77035,1664297,ce653df08b9f756d281ecc5575e4372a9316dde68298279b1619a107636426c6,5376,0,8064,0,True,,analysis/fs_0873_analysis.png,1003347,e8907d2bf7d9c8a2e22b9fcb25ebd2c94b15faf900e0b1cebaa02a5fd462f9c1,thumbnails/fs_0873.jpg,28398,fb0aeb738ace0dbd43d2abfb71d5174b2bde1fe9b187829990d1a32c52e86bea,dlstupka/hth-baptisms-san-antonio-1788-1824--1858-1898,61efff529fb7330a92f8d423c40c45bc60bb841c,dlstupka/hth,4b88d0aead2931a9d8a127afbd852f196d6b51ec,,,,,,,,,,not_reviewed,,
874,Baptisms_San_Antonio_Baptism_Records_1788-1824_1858-1898.docx,874,rId878,word/media/image874.png,raw/fs_0874.png,PNG,1546,1361,RGB,1743754,5a93b1e2fc48a8839f24af921b13545f3f3e2091406a980a97f5273e7fe2a3ae,1680137,0febcd18500f242818f1185095488e7207b2bc7f895daf1694c8497b4e43b861,5376,0,8064,0,True,,analysis/fs_0874_analysis.png,1022090,e3e49aa9d58e3e1e07153ff06cb26161e947c4d9b98657cff9c5e5211d743036,thumbnails/fs_0874.jpg,32115,260d4d42bfac4ee931794535ec07b6e45dcce2a591db46f012f946b932e36b52,dlstupka/hth-baptisms-san-antonio-1788-1824--1858-1898,61efff529fb7330a92f8d423c40c45bc60bb841c,dlstupka/hth,4b88d0aead2931a9d8a127afbd852f196d6b51ec,,,,,,,,,,not_reviewed,,
875,Baptisms_San_Antonio_Baptism_Records_1788-1824_1858-1898.docx,875,rId879,word/media/image875.png,raw/fs_0875.png,PNG,1642,1361,RGB,1909586,9f57f34ccff03bc6e866f2884b629eb173e09c29d1a90f4fec72f881fe6b56de,1811531,4ee1dec2a458f275ac59785d53f225e3018e7db55e1af0e9be0ec66b4637f8db,2688,0,5376,0,True,,analysis/fs_0875_analysis.png,1140835,5d3f6cd655cb0b26a30ebf1531b8d1c69d2d715350361f7cc5fb948db2c636c6,thumbnails/fs_0875.jpg,32470,7b55c57f8dbd5fbb1dc2b718b745dac7efedb28925cd8d263bb7d35d99d441fe,dlstupka/hth-baptisms-san-antonio-1788-1824--1858-1898,61efff529fb7330a92f8d423c40c45bc60bb841c,dlstupka/hth,4b88d0aead2931a9d8a127afbd852f196d6b51ec,,,,,,,,,,not_reviewed,,
876,Baptisms_San_Antonio_Baptism_Records_1788-1824_1858-1898.docx,876,rId880,word/media/image876.png,raw/fs_0876.png,PNG,1546,1361,RGB,1829277,6137b03ac74d78b29054e92da89c1229792712bc86f3a9179c36b78f26c14238,1751974,3e14b57730ebbe5fefdab75762080cd04851f402a3b3eeea3ee8feda7ffbef3d,5376,0,8064,0,True,,analysis/fs_0876_analysis.png,1077770,4a93cd6dadd363cf99bfc42e10fbc6f0730fd25035fd80012dadfb9e33e0fb22,thumbnails/fs_0876.jpg,28097,748a1fe454685ec3c401a545bf9d430ed4cd3c39840a882a7b1c7e0170ab8ffe,dlstupka/hth-baptisms-san-antonio-1788-1824--1858-1898,61efff529fb7330a92f8d423c40c45bc60bb841c,dlstupka/hth,4b88d0aead2931a9d8a127afbd852f196d6b51ec,,,,,,,,,,not_reviewed,,
877,Baptisms_San_Antonio_Baptism_Records_1788-1824_1858-1898.docx,877,rId881,word/media/image877.png,raw/fs_0877.png,PNG,1546,1361,RGB,1763267,6398a85dfca6d877fa1695144ee27d160a5f712e3960be7e9486f75a3f03e3fc,1715980,05b130ee248de3ccd97ea5b7a1c62fb89a21af4119b8fba67e0afbb3b1b9b6db,5376,0,8064,0,True,,analysis/fs_0877_analysis.png,1041404,2515264f275ec1d3e7c98d5e026cfe6119e0ab49f2c43afb06386ec30a427e91,thumbnails/fs_0877.jpg,30019,5d8dc4fd7f9fac3effac6d7300ac7cb2929354a89edc5f279d4f41cc68e8f8f2,dlstupka/hth-baptisms-san-antonio-1788-1824--1858-1898,61efff529fb7330a92f8d423c40c45bc60bb841c,dlstupka/hth,4b88d0aead2931a9d8a127afbd852f196d6b51ec,,,,,,,,,,not_reviewed,,
878,Baptisms_San_Antonio_Baptism_Records_1788-1824_1858-1898.docx,878,rId882,word/media/image878.png,raw/fs_0878.png,PNG,1594,1361,RGB,1893329,5c6d2ac72112cdac643fabbb8b9870914d603b04d458d2fc6f37423587c844cd,1786087,8757d4a5958b4c743b8254385c4e60dbc2d059dfbc33e1145fde02dc0731e1bf,5376,0,5376,0,True,,analysis/fs_0878_analysis.png,1118933,67e10ee1bdebc9915ee6cc5f64104c9e1ad93eb4ddf2185d1139c52b72b11e33,thumbnails/fs_0878.jpg,32344,e94c2df3b3334c821053630bb7ba34c8e73df24f2dbd98ed61a66fe2e701ebfb,dlstupka/hth-baptisms-san-antonio-1788-1824--1858-1898,61efff529fb7330a92f8d423c40c45bc60bb841c,dlstupka/hth,4b88d0aead2931a9d8a127afbd852f196d6b51ec,,,,,,,,,,not_reviewed,,
879,Baptisms_San_Antonio_Baptism_Records_1788-1824_1858-1898.docx,879,rId883,word/media/image879.png,raw/fs_0879.png,PNG,1546,1361,RGB,1733184,2826cf9b09566cca1f1f8baff346699435c97764c0393da661ba1f5bd46acc02,1708885,bf1eb73ce91718d9a6713e859263f02a655c35591f4690922cb2f0c6aded9d8c,5376,0,8064,0,True,,analysis/fs_0879_analysis.png,1029916,c5ee1607160847f399f1f99a773eef27d8994902151cb7dc85d756f20ab5c361,thumbnails/fs_0879.jpg,29255,5208f4617e3a3c3f2e7621316323d9f4af33e0218d91e62d9305ee19014ab5fc,dlstupka/hth-baptisms-san-antonio-1788-1824--1858-1898,61efff529fb7330a92f8d423c40c45bc60bb841c,dlstupka/hth,4b88d0aead2931a9d8a127afbd852f196d6b51ec,,,,,,,,,,not_reviewed,,
880,Baptisms_San_Antonio_Baptism_Records_1788-1824_1858-1898.docx,880,rId884,word/media/image880.png,raw/fs_0880.png,PNG,1546,1361,RGB,1589144,be85aebc0ecb70547c1adad00d4a24eaf8bbc8c01ebec279a81d119348e0e86d,1597865,99a263f1bdd214482dc2cd8b4805b6a5c1b7b2db47b70a602113a766e85e5eb4,5376,0,8064,0,True,,analysis/fs_0880_analysis.png,960616,c76e73f27bfd61f13c05fd9acbf837c264cb22deec90061454ccb1d41606a57e,thumbnails/fs_0880.jpg,26576,85cf5191befb0538747a53c55958552d08656c9c084f0b79c277e1d151699674,dlstupka/hth-baptisms-san-antonio-1788-1824--1858-1898,61efff529fb7330a92f8d423c40c45bc60bb841c,dlstupka/hth,4b88d0aead2931a9d8a127afbd852f196d6b51ec,,,,,,,,,,not_reviewed,,
881,Baptisms_San_Antonio_Baptism_Records_1788-1824_1858-1898.docx,881,rId885,word/media/image881.png,raw/fs_0881.png,PNG,1594,1361,RGB,2015184,e3a8f27d8f636367ad690bb5115413b6b05f09f2c0a295baf40d62156b568563,1842623,8408da391cbaf93120b09337e32853e495a8004d7e56808db67002cf75b6ae4c,2688,0,8064,0,True,,analysis/fs_0881_analysis.png,1135658,3a671e456bdbb3b46162307f3c1a0d5c059548fa2bbea5aa8ff0adbfc32d57af,thumbnails/fs_0881.jpg,35669,a3b05214d7f6ec5e3addd77255a293210e34a8240a36cc0017e0f7077247640d,dlstupka/hth-baptisms-san-antonio-1788-1824--1858-1898,61efff529fb7330a92f8d423c40c45bc60bb841c,dlstupka/hth,4b88d0aead2931a9d8a127afbd852f196d6b51ec,,,,,,,,,,not_reviewed,,
882,Baptisms_San_Antonio_Baptism_Records_1788-1824_1858-1898.docx,882,rId886,word/media/image882.png,raw/fs_0882.png,PNG,1546,1361,RGB,2001049,ec4cacfb73597b8416ed78b608811be7b79c17c18bb8a4869a951a634f80cd8e,1839054,09b33de07ade21eac347322afdd1feee45ded0b05af50ea0d4cba530f7f7225c,5376,0,8064,0,True,,analysis/fs_0882_analysis.png,1124751,8d1c79b2bbca9d49aaf55e7720004257f029510194b4147d32643a933182337f,thumbnails/fs_0882.jpg,34491,194091cbc8067b0ce74184301a5dc0fda40340c2de0ca48706ec6d62139c6e97,dlstupka/hth-baptisms-san-antonio-1788-1824--1858-1898,61efff529fb7330a92f8d423c40c45bc60bb841c,dlstupka/hth,4b88d0aead2931a9d8a127afbd852f196d6b51ec,,,,,,,,,,not_reviewed,,
883,Baptisms_San_Antonio_Baptism_Records_1788-1824_1858-1898.docx,883,rId887,word/media/image883.png,raw/fs_0883.png,PNG,1594,1361,RGB,1940769,4c3fc1725b4a8518d46e7f682b96275360bbe46d0b5681e81f721b8b04cde1c7,1795258,f8bddcb168209a36271aa33e838d6ba13351b2d92d8559a3c8f31fc7fb049b8a,2688,0,8064,0,True,,analysis/fs_0883_analysis.png,1111816,1af526126d1742c9e598da73d2157ca3b0982f08839221b327a86f7186aee7af,thumbnails/fs_0883.jpg,32634,0a821586c68b1c4ab48b648d0a92cdcdb9d2306f134a0f94bc168368b247b731,dlstupka/hth-baptisms-san-antonio-1788-1824--1858-1898,61efff529fb7330a92f8d423c40c45bc60bb841c,dlstupka/hth,4b88d0aead2931a9d8a127afbd852f196d6b51ec,,,,,,,,,,not_reviewed,,
884,Baptisms_San_Antonio_Baptism_Records_1788-1824_1858-1898.docx,884,rId888,word/media/image884.png,raw/fs_0884.png,PNG,1546,1361,RGB,1735952,96f1e69b0f4886395a3058a3ab451e82e45659283a89aa8a4f8013076c7bd88a,1696631,ee240b7535200b9dcc0f0d49221499da2c1614a06fe2db13ed6e35cf7a3e6487,5376,0,8064,0,True,,analysis/fs_0884_analysis.png,1021660,811c9c6f0e66f596e7e723b55bd68327a932590f7921c09c29fb37cf4b810469,thumbnails/fs_0884.jpg,30417,42e1bf00883b677f1b05e977b738506193c149d76076eab28e656dc003dd2b04,dlstupka/hth-baptisms-san-antonio-1788-1824--1858-1898,61efff529fb7330a92f8d423c40c45bc60bb841c,dlstupka/hth,4b88d0aead2931a9d8a127afbd852f196d6b51ec,,,,,,,,,,not_reviewed,,
885,Baptisms_San_Antonio_Baptism_Records_1788-1824_1858-1898.docx,885,rId889,word/media/image885.png,raw/fs_0885.png,PNG,1594,1361,RGB,1668854,33fe4582c241d6c47a9ffdd5dee681dcba1ccfa1bd90ad60478e98f04bbe714f,1633414,5fe196c05531d9c2cd4334def7c3400cc305326cf6dce833e9afae2d4d04da47,2688,0,8064,0,True,,analysis/fs_0885_analysis.png,997479,ec531d4a53964bb346a03877dcbabaf7f58eddc6198e42b4355c329b06734085,thumbnails/fs_0885.jpg,27997,d9e5de526ab418095e526bc578b5a6fc0ac073eaf08a226886f4248dd78491b4,dlstupka/hth-baptisms-san-antonio-1788-1824--1858-1898,61efff529fb7330a92f8d423c40c45bc60bb841c,dlstupka/hth,4b88d0aead2931a9d8a127afbd852f196d6b51ec,,,,,,,,,,not_reviewed,,
886,Baptisms_San_Antonio_Baptism_Records_1788-1824_1858-1898.docx,886,rId890,word/media/image886.png,raw/fs_0886.png,PNG,1546,1361,RGB,1638408,471bacd5713bdb947e56c2ae7f9d2a72bab990459469c635652b66f1b70334b7,1648353,2518d3bc33a5a55cebccdcbe8d23b769cee1e207543a191654bf16a1ccd8c17b,5376,0,8064,0,True,,analysis/fs_0886_analysis.png,979297,98ecb6b3eb2fa14270a15632baaa1a2a22643007464db1bed2f568cef66578d2,thumbnails/fs_0886.jpg,27999,a460a9a4d8e33cab51215b2056471b5b928630a76a1d73caa423a3d6c217d3cd,dlstupka/hth-baptisms-san-antonio-1788-1824--1858-1898,61efff529fb7330a92f8d423c40c45bc60bb841c,dlstupka/hth,4b88d0aead2931a9d8a127afbd852f196d6b51ec,,,,,,,,,,not_reviewed,,
887,Baptisms_San_Antonio_Baptism_Records_1788-1824_1858-1898.docx,887,rId891,word/media/image887.png,raw/fs_0887.png,PNG,1546,1361,RGB,1681415,c03273ebb6218348f7eb6cb053d6af55850abaa0d15440f870327abbf961a706,1663393,a82ee8f026438e509508d8fdbeafc945192a4acbd4ea20c333d76282eae2a116,5376,0,8064,0,True,,analysis/fs_0887_analysis.png,995537,6c822925216f155d3331cff38a48d522f1ff334c7549920d80bac780f9d38bf5,thumbnails/fs_0887.jpg,29105,7600088c16737397f3142a8853cbc078537146ae3958b08a179119e4252fb290,dlstupka/hth-baptisms-san-antonio-1788-1824--1858-1898,61efff529fb7330a92f8d423c40c45bc60bb841c,dlstupka/hth,4b88d0aead2931a9d8a127afbd852f196d6b51ec,,,,,,,,,,not_reviewed,,
888,Baptisms_San_Antonio_Baptism_Records_1788-1824_1858-1898.docx,888,rId892,word/media/image888.png,raw/fs_0888.png,PNG,1594,1361,RGB,1762534,761b5f1a7c4b242c9e80035b2302342bcacbe51fad22531b2e9452eadca490e7,1717865,f929b211d386334f6f8f1cbb89feb9c43b5ea44a1744fdb6e0927321a541ef25,2688,0,8064,0,True,,analysis/fs_0888_analysis.png,1030665,b55a0c3390ce9285558959ef4eb94ca3cac263b006690a00245135e189caf220,thumbnails/fs_0888.jpg,32240,87360487e1bb162c240e52b88010cc7dce46352426e5c36d61a9bd67be4e50ca,dlstupka/hth-baptisms-san-antonio-1788-1824--1858-1898,61efff529fb7330a92f8d423c40c45bc60bb841c,dlstupka/hth,4b88d0aead2931a9d8a127afbd852f196d6b51ec,,,,,,,,,,not_reviewed,,
889,Baptisms_San_Antonio_Baptism_Records_1788-1824_1858-1898.docx,889,rId893,word/media/image889.png,raw/fs_0889.png,PNG,1594,1361,RGB,1797645,857cbaddebff8f1b8908e1a2a6f5322ccf8f123573f14a4239ebfd1802f8ef91,1720141,a0e88bb7cde198cde5aaf2d3914e9403e219841429a4b28537fa4eb034e6b507,2688,0,8064,0,True,,analysis/fs_0889_analysis.png,1050360,66716f68db6d43ca9c6d1a3d83b858eec99e3092a70148582268a14f91eef978,thumbnails/fs_0889.jpg,31315,3f23d79f83042a0232f26d8b2d666bd9aa72c948a59ad18000030f78d9e82de9,dlstupka/hth-baptisms-san-antonio-1788-1824--1858-1898,61efff529fb7330a92f8d423c40c45bc60bb841c,dlstupka/hth,4b88d0aead2931a9d8a127afbd852f196d6b51ec,,,,,,,,,,not_reviewed,,
890,Baptisms_San_Antonio_Baptism_Records_1788-1824_1858-1898.docx,890,rId894,word/media/image890.png,raw/fs_0890.png,PNG,1594,1361,RGB,1783341,112fa5fe6ac2867bb4d4d31141fd8f5235f4907035f99f886dc6aafeb4cb0258,1724535,f2b377899aef065a04d21da0b0395115a41977b7b400634cba7bc4d44ff10e20,2688,0,8064,0,True,,analysis/fs_0890_analysis.png,1044568,6a376e24362bfe0ee59d611ccf9e81e2cdf41ea58195aa44d942f4d6cacc895b,thumbnails/fs_0890.jpg,31834,c4bbc926aff2b11f02811b4287b955a75e13061a86a04553d673d5d496c2685b,dlstupka/hth-baptisms-san-antonio-1788-1824--1858-1898,61efff529fb7330a92f8d423c40c45bc60bb841c,dlstupka/hth,4b88d0aead2931a9d8a127afbd852f196d6b51ec,,,,,,,,,,not_reviewed,,
891,Baptisms_San_Antonio_Baptism_Records_1788-1824_1858-1898.docx,891,rId895,word/media/image891.png,raw/fs_0891.png,PNG,1594,1361,RGB,1771550,d03bd6bada3c7766cf3ff395f94f4b6aa7a0d40e90ec393bb6bb52bbd08f1005,1723719,6e75c1aba7009eef7744cd04c26033c31abc2618f6535fbdfb447cbffbc6f60d,2688,0,8064,0,True,,analysis/fs_0891_analysis.png,1044243,7abd92ed5b2d5ebe1aa6af44cbcc6465529730b5dfd3a4342d77fdc0bb6a5589,thumbnails/fs_0891.jpg,30612,086665ce9d73673b5138285cb6f18ec29667b7139974f426bf3cfd01b4f076dc,dlstupka/hth-baptisms-san-antonio-1788-1824--1858-1898,61efff529fb7330a92f8d423c40c45bc60bb841c,dlstupka/hth,4b88d0aead2931a9d8a127afbd852f196d6b51ec,,,,,,,,,,not_reviewed,,
892,Baptisms_San_Antonio_Baptism_Records_1788-1824_1858-1898.docx,892,rId896,word/media/image892.png,raw/fs_0892.png,PNG,1690,1361,RGB,1870204,c5bbee1ff132931f05ecc86538972b2b4b4c23ce5019b977931a5dec55d54f2b,1784320,0656c873c3037691d4115d9cdafe7dacbce2c6d50ea68ea5e4016f93f302da05,2688,0,2688,0,True,,analysis/fs_0892_analysis.png,1117212,c10612d384b9dd018bc6aef13b0d91f9e7bdad3b9aa13fad477d370ef192f0bf,thumbnails/fs_0892.jpg,32715,c31da37a07a897466cbfb89aaef398c0ba311d975ff909e68349ab227bf5dc98,dlstupka/hth-baptisms-san-antonio-1788-1824--1858-1898,61efff529fb7330a92f8d423c40c45bc60bb841c,dlstupka/hth,4b88d0aead2931a9d8a127afbd852f196d6b51ec,,,,,,,,,,not_reviewed,,
893,Baptisms_San_Antonio_Baptism_Records_1788-1824_1858-1898.docx,893,rId897,word/media/image893.png,raw/fs_0893.png,PNG,1594,1361,RGB,1691367,e9a193b57f6084c2a9bd09a40e47c0d8213198af33dd956ac7b2c790c9dc6aa5,1686657,2c0d92477a8b165e07a8d995c982bf5a2211f8c140426945c860617b87db9424,2688,0,8064,0,True,,analysis/fs_0893_analysis.png,1006076,b3ced36cfed1862ac7f30284284a7a850263051b803c089156141c5b63402190,thumbnails/fs_0893.jpg,28396,8676625530392ca54b1b86a7ef08bc113ec3b425885381baca8a9fb1d0d583f8,dlstupka/hth-baptisms-san-antonio-1788-1824--1858-1898,61efff529fb7330a92f8d423c40c45bc60bb841c,dlstupka/hth,4b88d0aead2931a9d8a127afbd852f196d6b51ec,,,,,,,,,,not_reviewed,,
894,Baptisms_San_Antonio_Baptism_Records_1788-1824_1858-1898.docx,894,rId898,word/media/image894.png,raw/fs_0894.png,PNG,1594,1361,RGB,1713202,0ceac8024a89b56e009e53bda6ac4daea34ca33728bcff45410dcf26d1e3e1e5,1695173,6a0929f58a91fa6ad770873dd94c5cfcccd6ef7c33131f2928c65b2bc6492ce7,2688,0,8064,0,True,,analysis/fs_0894_analysis.png,1022915,b0d0d77efd73e3c08487b5e138d30c86a2166fc47826d23ec82779397bbec6bf,thumbnails/fs_0894.jpg,28105,fa96698f2844084d5a9ece8c0df1a5d8a2cbf559f7d2b568a7e984b4fd4559b0,dlstupka/hth-baptisms-san-antonio-1788-1824--1858-1898,61efff529fb7330a92f8d423c40c45bc60bb841c,dlstupka/hth,4b88d0aead2931a9d8a127afbd852f196d6b51ec,,,,,,,,,,not_reviewed,,
895,Baptisms_San_Antonio_Baptism_Records_1788-1824_1858-1898.docx,895,rId899,word/media/image895.png,raw/fs_0895.png,PNG,1594,1361,RGB,1707078,729c0251336f2c34817392d6fcae08d70cfb9440f062e09e4acaa87bd4a02472,1694704,b82da99b6dae39a844525db21d18208bb35bfb0789125d0687a5b367f912ae29,2688,0,8064,0,True,,analysis/fs_0895_analysis.png,1007946,f1bd842c91c8bd6b7ac6451bbe31da74c218a39fa37977422dde0b44009609a2,thumbnails/fs_0895.jpg,29688,aca1377989ed6b2933fe51fd90b462699058f129e89ac96043667219e99c9c88,dlstupka/hth-baptisms-san-antonio-1788-1824--1858-1898,61efff529fb7330a92f8d423c40c45bc60bb841c,dlstupka/hth,4b88d0aead2931a9d8a127afbd852f196d6b51ec,,,,,,,,,,not_reviewed,,
896,Baptisms_San_Antonio_Baptism_Records_1788-1824_1858-1898.docx,896,rId900,word/media/image896.png,raw/fs_0896.png,PNG,1642,1361,RGB,1890017,df108ea0fb290dde15cddf242464f384d8b48ffb0e3744eaa1e2dae84e5f4e51,1811503,7248fa9debaa690a6767817ac9b0ebf66a5aa9bf357eaecab6f287bfdc4355ea,2688,0,5376,0,True,,analysis/fs_0896_analysis.png,1114743,a11adc8de1b4ad10b153610982f24f07b523a469e594abb2337c5fd46de60b75,thumbnails/fs_0896.jpg,33867,57cae58b65b0d3f321fe29d900e7a5cee3a48011a711d8426a8c978306efc1e6,dlstupka/hth-baptisms-san-antonio-1788-1824--1858-1898,61efff529fb7330a92f8d423c40c45bc60bb841c,dlstupka/hth,4b88d0aead2931a9d8a127afbd852f196d6b51ec,,,,,,,,,,not_reviewed,,
897,Baptisms_San_Antonio_Baptism_Records_1788-1824_1858-1898.docx,897,rId901,word/media/image897.png,raw/fs_0897.png,PNG,1594,1361,RGB,1756365,a92eab12673fc95348815391eb777fd60c9b582eed69aac9e251459c507e4e18,1756989,89919d851f8dda8d6600a8843e475c08c90640623b8ec3144dd4e9b9eefa2ea2,2688,0,8064,0,True,,analysis/fs_0897_analysis.png,1041966,9b79cab8a565015eb9b61f37f9edec834cae4bd55d6128ecb362ee6c5a6e2870,thumbnails/fs_0897.jpg,28903,f53ea8b74ebcd7eace3b306780a838f95b063c8c04401f0060c98f6d1cb523a8,dlstupka/hth-baptisms-san-antonio-1788-1824--1858-1898,61efff529fb7330a92f8d423c40c45bc60bb841c,dlstupka/hth,4b88d0aead2931a9d8a127afbd852f196d6b51ec,,,,,,,,,,not_reviewed,,
898,Baptisms_San_Antonio_Baptism_Records_1788-1824_1858-1898.docx,898,rId902,word/media/image898.png,raw/fs_0898.png,PNG,1594,1361,RGB,1716565,13582350bfd8f17ca462c740aac66b2ab6d4275d4026d15c5f49b01e0c1ad6ab,1682729,398fd061704199a8de9e23d3cb3b0ae77a3e6ca830a6bc58d60a7832212afa48,2688,0,8064,0,True,,analysis/fs_0898_analysis.png,1010985,6d27c660e534a33f90a6200728c3b229c18061b0040d76b04c1254c7643d7a4e,thumbnails/fs_0898.jpg,29090,71e6f3f610b531bde9127be17cada59bd855923ecf5dd84bbe8b6af92828466b,dlstupka/hth-baptisms-san-antonio-1788-1824--1858-1898,61efff529fb7330a92f8d423c40c45bc60bb841c,dlstupka/hth,4b88d0aead2931a9d8a127afbd852f196d6b51ec,,,,,,,,,,not_reviewed,,
899,Baptisms_San_Antonio_Baptism_Records_1788-1824_1858-1898.docx,899,rId903,word/media/image899.png,raw/fs_0899.png,PNG,1642,1361,RGB,1778610,10cd166f778f3ad7c8591429c5d875455554ea3b74ec3030e4347a5a1b19f3e6,1681747,ae7e902aaf4987446c3cb11c78a3634a6d5fdec14ff49b29256c2724b3a1b4df,2688,0,5376,0,True,,analysis/fs_0899_analysis.png,1053434,e48e28cf5dc5d68086ec48807bcd560559ddef1c13338d5083bb52a5cc479fc9,thumbnails/fs_0899.jpg,31088,ed2cbb36442608344804cbdfcaf6b135c7e76cbd327d56db4ee90ac69b461b73,dlstupka/hth-baptisms-san-antonio-1788-1824--1858-1898,61efff529fb7330a92f8d423c40c45bc60bb841c,dlstupka/hth,4b88d0aead2931a9d8a127afbd852f196d6b51ec,,,,,,,,,,not_reviewed,,
900,Baptisms_San_Antonio_Baptism_Records_1788-1824_1858-1898.docx,900,rId904,word/media/image900.png,raw/fs_0900.png,PNG,1642,1361,RGB,1782084,1a7e34bcd926564ca9a6d7cc797104fe8e6d56e4587d8d94db61c030c6986fe8,1749686,7018a76052908296098ece8590653c67e59c6461677ee703f809c459a8d53935,0,0,8064,0,True,,analysis/fs_0900_analysis.png,1051310,d94695caac0a7a2d0905a440ed031ca83c34bc08084d45f0395b147fa39e5d71,thumbnails/fs_0900.jpg,31917,50c3948af39ce8ef45eba1404e0e1252d7b7303fa13922c90c5ba33a55a36c53,dlstupka/hth-baptisms-san-antonio-1788-1824--1858-1898,61efff529fb7330a92f8d423c40c45bc60bb841c,dlstupka/hth,4b88d0aead2931a9d8a127afbd852f196d6b51ec,,,,,,,,,,not_reviewed,,
901,Baptisms_San_Antonio_Baptism_Records_1788-1824_1858-1898.docx,901,rId905,word/media/image901.png,raw/fs_0901.png,PNG,1594,1361,RGB,1773340,54f78b641b760cd2879b5330dc37b4df081cf49468a248373e386bfd49995d5f,1769101,bace43da6bdc3a9468fc66edd70e2552a0dea3dce2fb9c4f2b6e1e55108fa8ea,2688,0,8064,0,True,,analysis/fs_0901_analysis.png,1041864,2c49debad95c105780f752fa866c9434f4c9104bbc39cc2a555790a38d208733,thumbnails/fs_0901.jpg,30776,76a4f5f89719784b6a85562491ee37d55aaef64f465a62ac5c31c322ceef325e,dlstupka/hth-baptisms-san-antonio-1788-1824--1858-1898,61efff529fb7330a92f8d423c40c45bc60bb841c,dlstupka/hth,4b88d0aead2931a9d8a127afbd852f196d6b51ec,,,,,,,,,,not_reviewed,,
902,Baptisms_San_Antonio_Baptism_Records_1788-1824_1858-1898.docx,902,rId906,word/media/image902.png,raw/fs_0902.png,PNG,1594,1361,RGB,1720195,9e32cf21fbdc3bf4b898bff0c5708640a44b1a95b5eff5abc76b4d6bb2aa4288,1725587,4ee218ea3e2f7a77b60020a43bdf3f4ba2854fb0a5fe0846763f6cbb74f6a57e,2688,0,8064,0,True,,analysis/fs_0902_analysis.png,1024852,f72d463927b8fc7be47c29f31185d566ec60604ae378f4a0770173ed072f5cd1,thumbnails/fs_0902.jpg,28008,357b9d61cf2f433530d6a30a7cc1767348801ede501997662feb69d4364a8445,dlstupka/hth-baptisms-san-antonio-1788-1824--1858-1898,61efff529fb7330a92f8d423c40c45bc60bb841c,dlstupka/hth,4b88d0aead2931a9d8a127afbd852f196d6b51ec,,,,,,,,,,not_reviewed,,
903,Baptisms_San_Antonio_Baptism_Records_1788-1824_1858-1898.docx,903,rId907,word/media/image903.png,raw/fs_0903.png,PNG,1594,1361,RGB,1760414,0bc0b047fabda1fe4d1c427c35ec551ff7b24ebd4553abc8568a9944b45359ea,1754044,791d8874204bcc59060b688718710e536759dec0687f848186090b0b87af84ee,2688,0,8064,0,True,,analysis/fs_0903_analysis.png,1036393,2d6dd65ec206705f5b4fb138316d187d7a505ca891cbb92aaf866f135e351759,thumbnails/fs_0903.jpg,30237,a328097cfe2500f7321d24594bcc178d3c13f316630427c1343e16f056f4b57e,dlstupka/hth-baptisms-san-antonio-1788-1824--1858-1898,61efff529fb7330a92f8d423c40c45bc60bb841c,dlstupka/hth,4b88d0aead2931a9d8a127afbd852f196d6b51ec,,,,,,,,,,not_reviewed,,
904,Baptisms_San_Antonio_Baptism_Records_1788-1824_1858-1898.docx,904,rId908,word/media/image904.png,raw/fs_0904.png,PNG,1594,1361,RGB,1817853,6caa07718eabc21230d6274fb07d9247d74b30551007c8dbe5b0acecd4513e3a,1809425,cc70b354550e5d4c810838f012c79a78ae5ba5c942f9fa8a477caec1be572dba,2688,0,8064,0,True,,analysis/fs_0904_analysis.png,1071828,8d782776b9c1224eed35251a6710709f63fd77f9eb07bf9b6ed2ec35ae683137,thumbnails/fs_0904.jpg,30369,b4f8d6c9f06c586f29758814e8aefcc03439448a7c1d96c1957fd7e4d2c92571,dlstupka/hth-baptisms-san-antonio-1788-1824--1858-1898,61efff529fb7330a92f8d423c40c45bc60bb841c,dlstupka/hth,4b88d0aead2931a9d8a127afbd852f196d6b51ec,,,,,,,,,,not_reviewed,,
905,Baptisms_San_Antonio_Baptism_Records_1788-1824_1858-1898.docx,905,rId909,word/media/image905.png,raw/fs_0905.png,PNG,1594,1361,RGB,1731733,af55ea19d96ebfe9caa4ae634998a1f58a322c3622b33a4d0e9fe30f830b69a6,1731457,3e45016c58b7bfd88417b377c9d392790131055719448a968e3a77fa30e45e80,2688,0,8064,0,True,,analysis/fs_0905_analysis.png,1032821,0b6bc1b80e287851bc4bd7a606e16920f397b44e2273dbb48e2b0fbee1ef6a64,thumbnails/fs_0905.jpg,28899,3b8048055156dce51bb73afa4828bdb8b4ccd4ab9eb7a6770cd2ce8b95f6a55e,dlstupka/hth-baptisms-san-antonio-1788-1824--1858-1898,61efff529fb7330a92f8d423c40c45bc60bb841c,dlstupka/hth,4b88d0aead2931a9d8a127afbd852f196d6b51ec,,,,,,,,,,not_reviewed,,
906,Baptisms_San_Antonio_Baptism_Records_1788-1824_1858-1898.docx,906,rId910,word/media/image906.png,raw/fs_0906.png,PNG,1546,1361,RGB,1725593,9659c5a07af81df9b8a12ae8b10580906d062a0c4e9622085a3c714e1429d521,1667384,c32428a2f7bad0564fec9d8a45663d0e96e9fd60f6a55a92612ed67c7097a381,2688,0,10752,0,True,,analysis/fs_0906_analysis.png,1024328,a88fdc022273a2b77ea56c01f948222f531ff4d5dc2644893ed02d97650c8490,thumbnails/fs_0906.jpg,28070,1dd4e346ccba327f4065b72ae7d890321742076f85a3405bd2dda8ab01242577,dlstupka/hth-baptisms-san-antonio-1788-1824--1858-1898,61efff529fb7330a92f8d423c40c45bc60bb841c,dlstupka/hth,4b88d0aead2931a9d8a127afbd852f196d6b51ec,,,,,,,,,,not_reviewed,,
907,Baptisms_San_Antonio_Baptism_Records_1788-1824_1858-1898.docx,907,rId911,word/media/image907.png,raw/fs_0907.png,PNG,1546,1361,RGB,1680757,97ed303a161d024203a96f4bb00dbe0b72ca952550d8727ecc53f50b597f019d,1690124,8bdf3ce5e6670a1c785a70066b90c44aa9128fce31c904a9d20101fd5386e3a8,2688,0,10752,0,True,,analysis/fs_0907_analysis.png,989637,cf7c89d4fc860c2a22fdf0bf399a01a2cfb560fb44dffcf1f8c60f6cfd9923ed,thumbnails/fs_0907.jpg,28207,50ab1e0e2fdb06ad45cedc177da9102be5a7c39ee06f05c12adb0bd4d3828986,dlstupka/hth-baptisms-san-antonio-1788-1824--1858-1898,61efff529fb7330a92f8d423c40c45bc60bb841c,dlstupka/hth,4b88d0aead2931a9d8a127afbd852f196d6b51ec,,,,,,,,,,not_reviewed,,
908,Baptisms_San_Antonio_Baptism_Records_1788-1824_1858-1898.docx,908,rId912,word/media/image908.png,raw/fs_0908.png,PNG,1594,1361,RGB,1828268,473b09ae4b1a8e3085d379e2be561914b12aeedffb68437b3ad0b64ca983a65a,1732017,faa1ac07afdb020af9f7561ce0f2abf0fcf26eabf790cf3d129c0a9f5eb1afa0,2688,0,8064,0,True,,analysis/fs_0908_analysis.png,1084579,9d111367b8d721556be48d1a81d37e74c4199bd70f3edc75aaa955b8933955f7,thumbnails/fs_0908.jpg,29498,2807191342dd1aca8a4d942188534b3fab6ed41ecd22f6bc48163fca6715e488,dlstupka/hth-baptisms-san-antonio-1788-1824--1858-1898,61efff529fb7330a92f8d423c40c45bc60bb841c,dlstupka/hth,4b88d0aead2931a9d8a127afbd852f196d6b51ec,,,,,,,,,,not_reviewed,,
909,Baptisms_San_Antonio_Baptism_Records_1788-1824_1858-1898.docx,909,rId913,word/media/image909.png,raw/fs_0909.png,PNG,1594,1361,RGB,1651569,175c6bb854e9908740d18e04f8a0f3eef3d5bbba9df323312dfc6a3f1c9f87d2,1712642,b37e3d92eb9e11adc689e2b2a7c60ac5f69cceca38d67d3a919e190b8690631c,2688,0,8064,0,True,,analysis/fs_0909_analysis.png,1006224,3430b901b55437cb5781030bfeb5dc3f0f43772abca3bbebe8486badde7d5aec,thumbnails/fs_0909.jpg,25435,00235cf6d3f3feb5d22195812c48e7ba22a938e16e2f521970062e805c1f7dc5,dlstupka/hth-baptisms-san-antonio-1788-1824--1858-1898,61efff529fb7330a92f8d423c40c45bc60bb841c,dlstupka/hth,4b88d0aead2931a9d8a127afbd852f196d6b51ec,,,,,,,,,,not_reviewed,,
910,Baptisms_San_Antonio_Baptism_Records_1788-1824_1858-1898.docx,910,rId914,word/media/image910.png,raw/fs_0910.png,PNG,1594,1361,RGB,1625597,cbd876e2d116fd0954dfe010086a82f79ab6a2a5401c52f659e62a6b29d3ad4c,1667892,e2173bb869dbfdb7362735623d4ff58e855fac9118a39918d61192f08cbf170b,2688,0,8064,0,True,,analysis/fs_0910_analysis.png,988605,de2a90a513783c95481b957f09cc82e12ecf2f3ee270187de245f715011bbbf8,thumbnails/fs_0910.jpg,25312,94e8f4244ef461f5bcd314767013ac03e01ad652f68e5a53607e8c7a5eb9f72d,dlstupka/hth-baptisms-san-antonio-1788-1824--1858-1898,61efff529fb7330a92f8d423c40c45bc60bb841c,dlstupka/hth,4b88d0aead2931a9d8a127afbd852f196d6b51ec,,,,,,,,,,not_reviewed,,
911,Baptisms_San_Antonio_Baptism_Records_1788-1824_1858-1898.docx,911,rId915,word/media/image911.png,raw/fs_0911.png,PNG,1594,1361,RGB,1674813,067b00bcb51eabd48a704515ed08d217e857aefec158f1a98632418808748322,1614536,62e42612dc45814ad83bf5eca0aaa780502d3ba453b52103d2838f6ff43d9ea3,2688,0,8064,0,True,,analysis/fs_0911_analysis.png,1002122,7b633ca355de23a5bba11b26373c63b1a8f5cd12324e0b6378bc519310248b04,thumbnails/fs_0911.jpg,26512,c1b63128e7f9add41dda90ab85f5cfe7147709d018d26f27c16fec6dbbbb8812,dlstupka/hth-baptisms-san-antonio-1788-1824--1858-1898,61efff529fb7330a92f8d423c40c45bc60bb841c,dlstupka/hth,4b88d0aead2931a9d8a127afbd852f196d6b51ec,,,,,,,,,,not_reviewed,,
912,Baptisms_San_Antonio_Baptism_Records_1788-1824_1858-1898.docx,912,rId916,word/media/image912.png,raw/fs_0912.png,PNG,1594,1361,RGB,1999562,e1738d80ef1879dc4fed8d687e06c26b86c4a0847afd8a845cd64452b3e472b9,1803559,a059568990fc729cd30105ea7246457e0e46680cf4392bfb796c1f14445ec8a0,2688,0,8064,0,True,,analysis/fs_0912_analysis.png,1127529,aab46df6dc3511d0312b54006f81ce3e2ddbd385534d55018850f716bbd50491,thumbnails/fs_0912.jpg,35695,3cf7a34a7eac9ba475316cc270a8942dd586627808b9452db5e8cff1d0b853d6,dlstupka/hth-baptisms-san-antonio-1788-1824--1858-1898,61efff529fb7330a92f8d423c40c45bc60bb841c,dlstupka/hth,4b88d0aead2931a9d8a127afbd852f196d6b51ec,,,,,,,,,,not_reviewed,,
913,Baptisms_San_Antonio_Baptism_Records_1788-1824_1858-1898.docx,913,rId917,word/media/image913.png,raw/fs_0913.png,PNG,1594,1361,RGB,1770732,b3beedbcbff7410dec81af7e0daf1b47ffb034e1298251a776251db5a9721d62,1792225,a462ac62e576642b84e6ca355891f3a9c0755392681294d129447a5ac387d496,2688,0,8064,0,True,,analysis/fs_0913_analysis.png,1062496,817674728602f7cd11b7b1794a6ba9bc66b3495b0b3c0c03ebd3c0f96698c047,thumbnails/fs_0913.jpg,29413,a732f5ce4b8951ea90c29031d7906a9ed43e4d80ebb97a594c83fd448e2d8488,dlstupka/hth-baptisms-san-antonio-1788-1824--1858-1898,61efff529fb7330a92f8d423c40c45bc60bb841c,dlstupka/hth,4b88d0aead2931a9d8a127afbd852f196d6b51ec,,,,,,,,,,not_reviewed,,
914,Baptisms_San_Antonio_Baptism_Records_1788-1824_1858-1898.docx,914,rId918,word/media/image914.png,raw/fs_0914.png,PNG,1546,1361,RGB,1763560,a921f45fbd9fbd835e2c4c8274afc91782200947bc971a441363630f911811b5,1781622,378d5ed34d2d6d5164a85bad7f5ace7f4e1711e9f394c3171ce83232c0f5376d,5376,0,8064,0,True,,analysis/fs_0914_analysis.png,1056329,ea918f0ba3ad25b96252f3864f97917c5931f36b41f78ae81dd23893f38c1072,thumbnails/fs_0914.jpg,28045,bce3c77584fda0991f0708863736cb500093468b7d09ea5a50b5c3b0cd4351f7,dlstupka/hth-baptisms-san-antonio-1788-1824--1858-1898,61efff529fb7330a92f8d423c40c45bc60bb841c,dlstupka/hth,4b88d0aead2931a9d8a127afbd852f196d6b51ec,,,,,,,,,,not_reviewed,,
915,Baptisms_San_Antonio_Baptism_Records_1788-1824_1858-1898.docx,915,rId919,word/media/image915.png,raw/fs_0915.png,PNG,1594,1361,RGB,1847581,b75745671589d5939b10c30329564f7e67a6da456c2be64debdbe472c175b0b5,1757350,c6fde230060528464650b3b5fecb46ba398470911c83708d15e7de0f233f0733,2688,0,8064,0,True,,analysis/fs_0915_analysis.png,1078997,78aeba7c76fdc3fcc592df81d330b603b10d68f492ce0919e3ae1e4941a6ed48,thumbnails/fs_0915.jpg,31037,4026806d972459a44974b4bde46235334e51cb3d25acd33c406ef781d15ae1ec,dlstupka/hth-baptisms-san-antonio-1788-1824--1858-1898,61efff529fb7330a92f8d423c40c45bc60bb841c,dlstupka/hth,4b88d0aead2931a9d8a127afbd852f196d6b51ec,,,,,,,,,,not_reviewed,,
916,Baptisms_San_Antonio_Baptism_Records_1788-1824_1858-1898.docx,916,rId920,word/media/image916.png,raw/fs_0916.png,PNG,1546,1361,RGB,1891894,ee98181139021e0777e2767aed1c9d3fbc7b135454f71d14120eecf862e4c8ea,1844174,6589001daa4bd420ecdc84639e1fbf51c973c0da2f1f7827607429f1fe5499f7,2688,0,10752,0,True,,analysis/fs_0916_analysis.png,1113380,f041accc836e5aa9a3a2c6b9d50005e88f6e6a2a04b79f48784d6548cc3ae53c,thumbnails/fs_0916.jpg,31437,ffa015c64e25637a34dd18a912ab3635d6c867092ac03935a0a4b41230e92a4b,dlstupka/hth-baptisms-san-antonio-1788-1824--1858-1898,61efff529fb7330a92f8d423c40c45bc60bb841c,dlstupka/hth,4b88d0aead2931a9d8a127afbd852f196d6b51ec,,,,,,,,,,not_reviewed,,
917,Baptisms_San_Antonio_Baptism_Records_1788-1824_1858-1898.docx,917,rId921,word/media/image917.png,raw/fs_0917.png,PNG,1498,1361,RGB,1803179,ac3d1528e8da328ba6f8041f6b91a28099a239827efcc4ab723a7f1df2d3bcc2,1787207,98f737dbb0d0c06073cb067a69dfef2dca24f0dfebbab0d5ab0bcd7b41d7d3a2,5376,0,10752,0,True,,analysis/fs_0917_analysis.png,1049281,b9c04140b26301356b3c4968565962dd230dfc7d606450ea5fd16211dffb4e2f,thumbnails/fs_0917.jpg,31634,384994b7627164c1d7942d200662cd7794bd71821e70dbec0cbe1af9a6aad415,dlstupka/hth-baptisms-san-antonio-1788-1824--1858-1898,61efff529fb7330a92f8d423c40c45bc60bb841c,dlstupka/hth,4b88d0aead2931a9d8a127afbd852f196d6b51ec,,,,,,,,,,not_reviewed,,
918,Baptisms_San_Antonio_Baptism_Records_1788-1824_1858-1898.docx,918,rId922,word/media/image918.png,raw/fs_0918.png,PNG,1546,1361,RGB,1805456,e6f7b25f91790bb9c5e42a995deb832ffa785110fa5507d3f9143ea4554afdb2,1784736,6610aa6fa154ab875406e6ebacca3376d647b62396db9ba6d997bfc998a9bc60,2688,0,10752,0,True,,analysis/fs_0918_analysis.png,1065261,eec5544add8b4a9b7f7593579c0f487f1ad4edcc51208087b0f59382a4c9c238,thumbnails/fs_0918.jpg,29748,4d6fd634917279052886eed4756529db5620b42011c6ee0f2761d0da3c10d061,dlstupka/hth-baptisms-san-antonio-1788-1824--1858-1898,61efff529fb7330a92f8d423c40c45bc60bb841c,dlstupka/hth,4b88d0aead2931a9d8a127afbd852f196d6b51ec,,,,,,,,,,not_reviewed,,
919,Baptisms_San_Antonio_Baptism_Records_1788-1824_1858-1898.docx,919,rId923,word/media/image919.png,raw/fs_0919.png,PNG,1546,1361,RGB,1860474,fa4073dd1683df0f6185d1095e89cb4f69de43dd74487bc76d4de3a555e8408d,1782327,9b3cffda41d9bcde467020937ed7264ff261fc745968399e3a7ae4cf50682a51,5376,0,8064,0,True,,analysis/fs_0919_analysis.png,1086968,17e80aff86bd24475c68ce3ca224092d096531a26c4e8ea297a51d2a14495091,thumbnails/fs_0919.jpg,31204,52ef2cf60e45b15a1c7cf70eb05f294c8a483ec6767e71e92331f4e3643ce19d,dlstupka/hth-baptisms-san-antonio-1788-1824--1858-1898,61efff529fb7330a92f8d423c40c45bc60bb841c,dlstupka/hth,4b88d0aead2931a9d8a127afbd852f196d6b51ec,,,,,,,,,,not_reviewed,,
920,Baptisms_San_Antonio_Baptism_Records_1788-1824_1858-1898.docx,920,rId924,word/media/image920.png,raw/fs_0920.png,PNG,1498,1361,RGB,1833120,801bbcfc2a24159f9cf6dbe556f35527c4c8df32d990ac6b08a5aaf831b1fa89,1764825,3000f9acb6436104d4cca908cecb869ec92b90910dc2fb5c94ef7e6141a2fd8d,5376,0,10752,0,True,,analysis/fs_0920_analysis.png,1067548,f0c7c881960ab531afbe48c62a6645f3240abeed8a99542fd0df242678990c9e,thumbnails/fs_0920.jpg,30077,9b2bd3df3dc2bbe287c233eb90bd5b2df83bc3571ac0e0cd98cd764f544958ff,dlstupka/hth-baptisms-san-antonio-1788-1824--1858-1898,61efff529fb7330a92f8d423c40c45bc60bb841c,dlstupka/hth,4b88d0aead2931a9d8a127afbd852f196d6b51ec,,,,,,,,,,not_reviewed,,
921,Baptisms_San_Antonio_Baptism_Records_1788-1824_1858-1898.docx,921,rId925,word/media/image921.png,raw/fs_0921.png,PNG,1546,1361,RGB,1759143,a210c374c5443032d82a338bfe40b4c80cd6844e7a86f45ec77fc9e2a2f201b8,1757292,342e186172dced38c9bf10487982238f2a2f165dfcbfe763d0265bc33e0e004c,2688,0,10752,0,True,,analysis/fs_0921_analysis.png,1035192,16ede1a28dca5ceedfd00e295fbcc9c4ff8632a3ef13803cab745010b7c74ff5,thumbnails/fs_0921.jpg,29492,a276b084fdd819ba5db8f8f74ab75a323fd1241dc8a7ae3070d08f83e501477e,dlstupka/hth-baptisms-san-antonio-1788-1824--1858-1898,61efff529fb7330a92f8d423c40c45bc60bb841c,dlstupka/hth,4b88d0aead2931a9d8a127afbd852f196d6b51ec,,,,,,,,,,not_reviewed,,
922,Baptisms_San_Antonio_Baptism_Records_1788-1824_1858-1898.docx,922,rId926,word/media/image922.png,raw/fs_0922.png,PNG,1555,1361,RGB,1877835,407947acd5b95d5c49a3b271d1368e31f4f9c6449d705f211425cd98c0a5c33e,1803812,5ea496de5943b434e77ec10169875c7ff248b09f8486522ed5f77268d174d8d3,3391,0,9509,0,True,,analysis/fs_0922_analysis.png,1087759,1dbb591361cf7c16aec5ef08f5eec5f3b1d437d2532e11aa08af0c1b1f6667f6,thumbnails/fs_0922.jpg,30526,2141862b34c0716a7ce373e2c0844e294997b1a549b99b2e3aff2a83fd048069,dlstupka/hth-baptisms-san-antonio-1788-1824--1858-1898,61efff529fb7330a92f8d423c40c45bc60bb841c,dlstupka/hth,4b88d0aead2931a9d8a127afbd852f196d6b51ec,,,,,,,,,,not_reviewed,,
923,Baptisms_San_Antonio_Baptism_Records_1788-1824_1858-1898.docx,923,rId927,word/media/image923.png,raw/fs_0923.png,PNG,1558,1361,RGB,1827426,1a72be5799308c8a29af542403a8ea5fe6b529ec3da27711d2a438403cb0374b,1772626,25b321612c79feb10be4870ddaa156936c9e35b4482109892824789465af4639,3392,0,9354,0,True,,analysis/fs_0923_analysis.png,1066775,b67f2840a02ffa646a0137ca11f4aa5a218952de4ed38dbd7fb3b875045a70a4,thumbnails/fs_0923.jpg,29704,f22af8a03abb00ad80943d225510b91fb7dc30639d7bc6aa862a9aec82dd8479,dlstupka/hth-baptisms-san-antonio-1788-1824--1858-1898,61efff529fb7330a92f8d423c40c45bc60bb841c,dlstupka/hth,4b88d0aead2931a9d8a127afbd852f196d6b51ec,,,,,,,,,,not_reviewed,,
924,Baptisms_San_Antonio_Baptism_Records_1788-1824_1858-1898.docx,924,rId928,word/media/image924.png,raw/fs_0924.png,PNG,1550,1361,RGB,1859622,b0020a46c3162ee5cfa3de8e82573b0c74fba0d1d5e5509006154230931605e8,1775153,e00ff10a026796787d579f8e5c22cec614bda3e7db8f38316854fee72f7e5a9e,3006,0,10202,0,True,,analysis/fs_0924_analysis.png,1078790,5245b63e1a8df992547992299d4d074b483ac222f4e144eecf8695873c68fdf3,thumbnails/fs_0924.jpg,29319,d6df212d3d8469b24574831bc0580cdd4b8eb0e56ef0b4c7ccfd4f9c427431f6,dlstupka/hth-baptisms-san-antonio-1788-1824--1858-1898,61efff529fb7330a92f8d423c40c45bc60bb841c,dlstupka/hth,4b88d0aead2931a9d8a127afbd852f196d6b51ec,,,,,,,,,,not_reviewed,,
925,Baptisms_San_Antonio_Baptism_Records_1788-1824_1858-1898.docx,925,rId929,word/media/image925.png,raw/fs_0925.png,PNG,1545,1361,RGB,1652335,9dc1eeb1087daf383758c8fe8e0a0858abcf70359c9c6a6c405fa83f37a88c33,1636515,d8f658628f6f0c80a0ad6461755ec7b598fc366c1bea3ef477e4c75dc74dad8b,4701,0,8816,0,True,,analysis/fs_0925_analysis.png,1000036,3a3a9ad3a85362788935f7b227830876c8ba0672aec821226104b1f51206f578,thumbnails/fs_0925.jpg,27041,b581e13ed83b6d261178beb6c26f9d776437c820d52c1781d89df11e13f78518,dlstupka/hth-baptisms-san-antonio-1788-1824--1858-1898,61efff529fb7330a92f8d423c40c45bc60bb841c,dlstupka/hth,4b88d0aead2931a9d8a127afbd852f196d6b51ec,,,,,,,,,,not_reviewed,,
926,Baptisms_San_Antonio_Baptism_Records_1788-1824_1858-1898.docx,926,rId930,word/media/image926.png,raw/fs_0926.png,PNG,1544,1361,RGB,1839633,d5b3a4a13dfcbdf997a8f79aa993c30c88b09a741a5f9a4b7d2f3dd90521bb9e,1802840,b9ac7b6e72a37edab556a612cf42271464d057f449f4d624415dd30914e8418a,3006,0,10501,0,True,,analysis/fs_0926_analysis.png,1087354,f61871eba082c54d54e541f92b76a5e609917f3904e4a266be80a8fa8454e67f,thumbnails/fs_0926.jpg,29497,fbb56e9401237de1314db2be04599addb175c15f604dc634f4683328ef745176,dlstupka/hth-baptisms-san-antonio-1788-1824--1858-1898,61efff529fb7330a92f8d423c40c45bc60bb841c,dlstupka/hth,4b88d0aead2931a9d8a127afbd852f196d6b51ec,,,,,,,,,,not_reviewed,,
927,Baptisms_San_Antonio_Baptism_Records_1788-1824_1858-1898.docx,927,rId931,word/media/image927.png,raw/fs_0927.png,PNG,1627,1361,RGB,1953682,ef7c0d631346e21c44810cf4676e4f4f36e50ee3d106f21edaafae43df1a75bb,1850756,0e09c883482b81f4991ea989fff3e1849aa39027f01104d36829b6b1ae011457,0,0,8892,0,True,,analysis/fs_0927_analysis.png,1157959,01a5cd7c16953f4329056b5cece0bb77527a16a878175668a5d2c9f58c9870d8,thumbnails/fs_0927.jpg,27839,9f22c1263b560791304252868eabe166675229c3ee1feab1c6b28361da05d890,dlstupka/hth-baptisms-san-antonio-1788-1824--1858-1898,61efff529fb7330a92f8d423c40c45bc60bb841c,dlstupka/hth,4b88d0aead2931a9d8a127afbd852f196d6b51ec,,,,,,,,,,not_reviewed,,
928,Baptisms_San_Antonio_Baptism_Records_1788-1824_1858-1898.docx,928,rId932,word/media/image928.png,raw/fs_0928.png,PNG,922,1361,RGB,855609,6a788e4a504f2d1e104ff8c9041c454a088c947625e1ff1a503418237f12f067,887775,9b2919f24f64ef87ab2781136b385d906096b0881963b6a80bc92f27bbbb59df,24192,0,24192,0,True,,analysis/fs_0928_analysis.png,515131,780f1bfcedf794e239dd031e45e46bf3b1a335cd4aaff168e0797b55cb2ad1f8,thumbnails/fs_0928.jpg,23142,a2fbf86e0b4904beb6f9466a1dc7930b8a7acc17bf86ed78df73733c16881f71,dlstupka/hth-baptisms-san-antonio-1788-1824--1858-1898,61efff529fb7330a92f8d423c40c45bc60bb841c,dlstupka/hth,4b88d0aead2931a9d8a127afbd852f196d6b51ec,,,,,,,,,,not_reviewed,,
929,Baptisms_San_Antonio_Baptism_Records_1788-1824_1858-1898.docx,929,rId933,word/media/image929.png,raw/fs_0929.png,PNG,2335,653,RGBA,176908,7f962a5d6fca3f539861b6e018a16548d9e3277c993294b0a7009cf4aa9a85c7,285120,c69156eff705c0ddccb3f523024da6f8940049cd1933d378f6bdddd10df13dc0,5018,19080,3300,18172,True,,analysis/fs_0929_analysis.png,95079,31bcfc45feb65df6d3b2cc85eb2b78fbd31520afa7152aa355bac063f815d43c,thumbnails/fs_0929.jpg,6614,23c4bf7860a8af3075e6637bf026cc7e31a6bf470dbf670169c91137940cfabe,dlstupka/hth-baptisms-san-antonio-1788-1824--1858-1898,61efff529fb7330a92f8d423c40c45bc60bb841c,dlstupka/hth,4b88d0aead2931a9d8a127afbd852f196d6b51ec,,,,,,,,,,not_reviewed,,
