global_ordinal,source_docx,source_ordinal,relationship_id,media_path,extracted_file,detected_format,width_px,height_px,mode,bytes,sha256,duplicate_group,analysis_file,thumbnail_file,source_repository,source_commit,pipeline_repository,pipeline_commit,manuscript_left_page,manuscript_right_page,date_begin,date_end,record_begin,record_end,year_or_transition,hand_or_priest_notes,condition_notes,content_qc_status,confidence,research_notes
1,Baptisms-San-Antonio-Baptism-Records-1788-1824--1858-1898_p1-64.docx,1,rId4,word/media/image1.png,raw/fs_0001.png,PNG,2561,1027,RGBA,290786,3abb5b8b7b8aebdc1d2567677dcfafdde0b354ac007455896eecbe689bd1c0db,,analysis/fs_0001_analysis.png,thumbnails/fs_0001.jpg,dlstupka/hth-baptisms-san-antonio-1788-1824--1858-1898,9f03a2632820a26b9724dac7a7a62e87776b1b04,dlstupka/hth,4b0d7c9a16b00eb463a94355f4a2aaf9e69af020,,,,,,,,,,not_reviewed,,
2,Baptisms-San-Antonio-Baptism-Records-1788-1824--1858-1898_p1-64.docx,2,rId5,word/media/image2.png,raw/fs_0002.png,PNG,2559,1084,RGBA,369282,d6e7467a2670f9954f630214bbf897f0f89bf000ee4090744b423a47f91a510d,,analysis/fs_0002_analysis.png,thumbnails/fs_0002.jpg,dlstupka/hth-baptisms-san-antonio-1788-1824--1858-1898,9f03a2632820a26b9724dac7a7a62e87776b1b04,dlstupka/hth,4b0d7c9a16b00eb463a94355f4a2aaf9e69af020,,,,,,,,,,not_reviewed,,
3,Baptisms-San-Antonio-Baptism-Records-1788-1824--1858-1898_p1-64.docx,3,rId6,word/media/image3.png,raw/fs_0003.png,PNG,1153,1305,RGBA,955524,16d5c3acb50624a96b7b9f9e6d517e6ee2b44b5afa595c4c8dd75d4bd39998db,,analysis/fs_0003_analysis.png,thumbnails/fs_0003.jpg,dlstupka/hth-baptisms-san-antonio-1788-1824--1858-1898,9f03a2632820a26b9724dac7a7a62e87776b1b04,dlstupka/hth,4b0d7c9a16b00eb463a94355f4a2aaf9e69af020,,,,,,,,,,not_reviewed,,
4,Baptisms-San-Antonio-Baptism-Records-1788-1824--1858-1898_p1-64.docx,4,rId7,word/media/image4.png,raw/fs_0004.png,PNG,1149,1299,RGBA,464605,0813bec4565d7af0c4c646fe9d5f736eb65d1387809479ed29280350e87f631d,,analysis/fs_0004_analysis.png,thumbnails/fs_0004.jpg,dlstupka/hth-baptisms-san-antonio-1788-1824--1858-1898,9f03a2632820a26b9724dac7a7a62e87776b1b04,dlstupka/hth,4b0d7c9a16b00eb463a94355f4a2aaf9e69af020,,,,,,,,,,not_reviewed,,
5,Baptisms-San-Antonio-Baptism-Records-1788-1824--1858-1898_p1-64.docx,5,rId8,word/media/image5.png,raw/fs_0005.png,PNG,2061,1314,RGBA,2722030,2dab4074fd5a62208084fba29b12d28cbc900bd0deb0b88a24595477987aeace,,analysis/fs_0005_analysis.png,thumbnails/fs_0005.jpg,dlstupka/hth-baptisms-san-antonio-1788-1824--1858-1898,9f03a2632820a26b9724dac7a7a62e87776b1b04,dlstupka/hth,4b0d7c9a16b00eb463a94355f4a2aaf9e69af020,,,,,,,,,,not_reviewed,,
6,Baptisms-San-Antonio-Baptism-Records-1788-1824--1858-1898_p1-64.docx,6,rId9,word/media/image6.png,raw/fs_0006.png,PNG,1839,1308,RGBA,2172963,217b396caec9270837aa95a4f0141d1060e2f17396886689719a15833d59e948,,analysis/fs_0006_analysis.png,thumbnails/fs_0006.jpg,dlstupka/hth-baptisms-san-antonio-1788-1824--1858-1898,9f03a2632820a26b9724dac7a7a62e87776b1b04,dlstupka/hth,4b0d7c9a16b00eb463a94355f4a2aaf9e69af020,,,,,,,,,,not_reviewed,,
7,Baptisms-San-Antonio-Baptism-Records-1788-1824--1858-1898_p1-64.docx,7,rId10,word/media/image7.png,raw/fs_0007.png,PNG,1373,987,RGBA,1488143,da77fdaeefab5baafb8693acfdf3587377f9e4fa0a17f2944707a5df0f8abab6,,analysis/fs_0007_analysis.png,thumbnails/fs_0007.jpg,dlstupka/hth-baptisms-san-antonio-1788-1824--1858-1898,9f03a2632820a26b9724dac7a7a62e87776b1b04,dlstupka/hth,4b0d7c9a16b00eb463a94355f4a2aaf9e69af020,,,,,,,,,,not_reviewed,,
8,Baptisms-San-Antonio-Baptism-Records-1788-1824--1858-1898_p1-64.docx,8,rId11,word/media/image8.png,raw/fs_0008.png,PNG,1312,986,RGBA,1255671,de458a60ccebcf7ddbc6c77d5ec70229a54817ba25ceef4a583d36df3de2e271,,analysis/fs_0008_analysis.png,thumbnails/fs_0008.jpg,dlstupka/hth-baptisms-san-antonio-1788-1824--1858-1898,9f03a2632820a26b9724dac7a7a62e87776b1b04,dlstupka/hth,4b0d7c9a16b00eb463a94355f4a2aaf9e69af020,,,,,,,,,,not_reviewed,,
9,Baptisms-San-Antonio-Baptism-Records-1788-1824--1858-1898_p1-64.docx,9,rId12,word/media/image9.png,raw/fs_0009.png,PNG,1326,991,RGBA,1267289,53d62585240688241e612b5a55d932e4c7ee54a880fcb2bb48dc951a96dc6476,,analysis/fs_0009_analysis.png,thumbnails/fs_0009.jpg,dlstupka/hth-baptisms-san-antonio-1788-1824--1858-1898,9f03a2632820a26b9724dac7a7a62e87776b1b04,dlstupka/hth,4b0d7c9a16b00eb463a94355f4a2aaf9e69af020,,,,,,,,,,not_reviewed,,
10,Baptisms-San-Antonio-Baptism-Records-1788-1824--1858-1898_p1-64.docx,10,rId13,word/media/image10.png,raw/fs_0010.png,PNG,1238,988,RGBA,1222256,8c56e1c896243cc5a55d01fdf929f38eecebef8f48c0777952f7883441bd8d5c,,analysis/fs_0010_analysis.png,thumbnails/fs_0010.jpg,dlstupka/hth-baptisms-san-antonio-1788-1824--1858-1898,9f03a2632820a26b9724dac7a7a62e87776b1b04,dlstupka/hth,4b0d7c9a16b00eb463a94355f4a2aaf9e69af020,,,,,,,,,,not_reviewed,,
11,Baptisms-San-Antonio-Baptism-Records-1788-1824--1858-1898_p1-64.docx,11,rId14,word/media/image11.png,raw/fs_0011.png,PNG,1286,990,RGBA,1375279,b15e91b3d001cf70b13036d72f19f08037c057d050f34c7b067b274ce44c06f5,,analysis/fs_0011_analysis.png,thumbnails/fs_0011.jpg,dlstupka/hth-baptisms-san-antonio-1788-1824--1858-1898,9f03a2632820a26b9724dac7a7a62e87776b1b04,dlstupka/hth,4b0d7c9a16b00eb463a94355f4a2aaf9e69af020,,,,,,,,,,not_reviewed,,
12,Baptisms-San-Antonio-Baptism-Records-1788-1824--1858-1898_p1-64.docx,12,rId15,word/media/image12.png,raw/fs_0012.png,PNG,1331,992,RGBA,1339474,7d82f0b4b19c96d6207714c7cc28f6730a30ab8f7286f636b765d8d189b2ded8,,analysis/fs_0012_analysis.png,thumbnails/fs_0012.jpg,dlstupka/hth-baptisms-san-antonio-1788-1824--1858-1898,9f03a2632820a26b9724dac7a7a62e87776b1b04,dlstupka/hth,4b0d7c9a16b00eb463a94355f4a2aaf9e69af020,,,,,,,,,,not_reviewed,,
13,Baptisms-San-Antonio-Baptism-Records-1788-1824--1858-1898_p1-64.docx,13,rId16,word/media/image13.png,raw/fs_0013.png,PNG,1322,992,RGBA,1338145,3695131d3caa1368852b0f73e5bb43f07acfc4cd7de9e0058a5223cc908750bc,,analysis/fs_0013_analysis.png,thumbnails/fs_0013.jpg,dlstupka/hth-baptisms-san-antonio-1788-1824--1858-1898,9f03a2632820a26b9724dac7a7a62e87776b1b04,dlstupka/hth,4b0d7c9a16b00eb463a94355f4a2aaf9e69af020,,,,,,,,,,not_reviewed,,
14,Baptisms-San-Antonio-Baptism-Records-1788-1824--1858-1898_p1-64.docx,14,rId17,word/media/image14.png,raw/fs_0014.png,PNG,1352,991,RGBA,1399365,e819f2945153229e067fef7e7f423f087a3c0a813b8350a62e0906ab2a4342dd,,analysis/fs_0014_analysis.png,thumbnails/fs_0014.jpg,dlstupka/hth-baptisms-san-antonio-1788-1824--1858-1898,9f03a2632820a26b9724dac7a7a62e87776b1b04,dlstupka/hth,4b0d7c9a16b00eb463a94355f4a2aaf9e69af020,,,,,,,,,,not_reviewed,,
15,Baptisms-San-Antonio-Baptism-Records-1788-1824--1858-1898_p1-64.docx,15,rId18,word/media/image15.png,raw/fs_0015.png,PNG,1351,988,RGBA,1393540,394a1d2922638bade9f6fdbe7e48a6614c6fae14f95ad940c81aedb6ddc5550a,,analysis/fs_0015_analysis.png,thumbnails/fs_0015.jpg,dlstupka/hth-baptisms-san-antonio-1788-1824--1858-1898,9f03a2632820a26b9724dac7a7a62e87776b1b04,dlstupka/hth,4b0d7c9a16b00eb463a94355f4a2aaf9e69af020,,,,,,,,,,not_reviewed,,
16,Baptisms-San-Antonio-Baptism-Records-1788-1824--1858-1898_p1-64.docx,16,rId19,word/media/image16.png,raw/fs_0016.png,PNG,1393,994,RGBA,1528558,0e85ac1607e19169c9d6e6f3cbd45d993d46d36e775a54520d9fa75b743f5c6c,,analysis/fs_0016_analysis.png,thumbnails/fs_0016.jpg,dlstupka/hth-baptisms-san-antonio-1788-1824--1858-1898,9f03a2632820a26b9724dac7a7a62e87776b1b04,dlstupka/hth,4b0d7c9a16b00eb463a94355f4a2aaf9e69af020,,,,,,,,,,not_reviewed,,
17,Baptisms-San-Antonio-Baptism-Records-1788-1824--1858-1898_p1-64.docx,17,rId20,word/media/image17.png,raw/fs_0017.png,PNG,1354,987,RGBA,1318706,7c64cd695edadd30b8ed25ae3054cc52d4f8a098c3929f2183582c2e6fc445e6,,analysis/fs_0017_analysis.png,thumbnails/fs_0017.jpg,dlstupka/hth-baptisms-san-antonio-1788-1824--1858-1898,9f03a2632820a26b9724dac7a7a62e87776b1b04,dlstupka/hth,4b0d7c9a16b00eb463a94355f4a2aaf9e69af020,,,,,,,,,,not_reviewed,,
18,Baptisms-San-Antonio-Baptism-Records-1788-1824--1858-1898_p1-64.docx,18,rId21,word/media/image18.png,raw/fs_0018.png,PNG,1338,994,RGBA,1321036,599e1fb9b694e239f1259a3d629ddfdb52bfaa20afc27a27bddb5966858d16d3,,analysis/fs_0018_analysis.png,thumbnails/fs_0018.jpg,dlstupka/hth-baptisms-san-antonio-1788-1824--1858-1898,9f03a2632820a26b9724dac7a7a62e87776b1b04,dlstupka/hth,4b0d7c9a16b00eb463a94355f4a2aaf9e69af020,,,,,,,,,,not_reviewed,,
19,Baptisms-San-Antonio-Baptism-Records-1788-1824--1858-1898_p1-64.docx,19,rId22,word/media/image19.png,raw/fs_0019.png,PNG,1342,987,RGBA,1327749,da1d41626622db7649442e8fa6238dd6954f6d18c25047b490c255b7ec4a4ea2,,analysis/fs_0019_analysis.png,thumbnails/fs_0019.jpg,dlstupka/hth-baptisms-san-antonio-1788-1824--1858-1898,9f03a2632820a26b9724dac7a7a62e87776b1b04,dlstupka/hth,4b0d7c9a16b00eb463a94355f4a2aaf9e69af020,,,,,,,,,,not_reviewed,,
20,Baptisms-San-Antonio-Baptism-Records-1788-1824--1858-1898_p1-64.docx,20,rId23,word/media/image20.png,raw/fs_0020.png,PNG,1402,985,RGBA,1451361,3e04e4f7998e3d2d522539a0441517aa04b88769c9c8cc10e99baa8232bace61,,analysis/fs_0020_analysis.png,thumbnails/fs_0020.jpg,dlstupka/hth-baptisms-san-antonio-1788-1824--1858-1898,9f03a2632820a26b9724dac7a7a62e87776b1b04,dlstupka/hth,4b0d7c9a16b00eb463a94355f4a2aaf9e69af020,,,,,,,,,,not_reviewed,,
21,Baptisms-San-Antonio-Baptism-Records-1788-1824--1858-1898_p1-64.docx,21,rId24,word/media/image21.png,raw/fs_0021.png,PNG,1372,986,RGBA,1516665,ff435ea075c35d9103767ad5a47cacca1c1c49dde10109236bbd10563c4a3dd8,,analysis/fs_0021_analysis.png,thumbnails/fs_0021.jpg,dlstupka/hth-baptisms-san-antonio-1788-1824--1858-1898,9f03a2632820a26b9724dac7a7a62e87776b1b04,dlstupka/hth,4b0d7c9a16b00eb463a94355f4a2aaf9e69af020,,,,,,,,,,not_reviewed,,
22,Baptisms-San-Antonio-Baptism-Records-1788-1824--1858-1898_p1-64.docx,22,rId25,word/media/image22.png,raw/fs_0022.png,PNG,1337,987,RGBA,1349071,072c582f58a734783853af32c171d3de43ae51f5276732a7b1c3a8e852ffad41,,analysis/fs_0022_analysis.png,thumbnails/fs_0022.jpg,dlstupka/hth-baptisms-san-antonio-1788-1824--1858-1898,9f03a2632820a26b9724dac7a7a62e87776b1b04,dlstupka/hth,4b0d7c9a16b00eb463a94355f4a2aaf9e69af020,,,,,,,,,,not_reviewed,,
23,Baptisms-San-Antonio-Baptism-Records-1788-1824--1858-1898_p1-64.docx,23,rId26,word/media/image23.png,raw/fs_0023.png,PNG,1370,988,RGBA,1311668,064667cf82eedbac75401dd7e2797439365572933e4d6fb5d6e045db7a04cf40,,analysis/fs_0023_analysis.png,thumbnails/fs_0023.jpg,dlstupka/hth-baptisms-san-antonio-1788-1824--1858-1898,9f03a2632820a26b9724dac7a7a62e87776b1b04,dlstupka/hth,4b0d7c9a16b00eb463a94355f4a2aaf9e69af020,,,,,,,,,,not_reviewed,,
24,Baptisms-San-Antonio-Baptism-Records-1788-1824--1858-1898_p1-64.docx,24,rId27,word/media/image24.png,raw/fs_0024.png,PNG,1318,987,RGBA,1249030,33ae385505e011b08626f7501f8e24909f74361386161c2a6493825982d07a29,,analysis/fs_0024_analysis.png,thumbnails/fs_0024.jpg,dlstupka/hth-baptisms-san-antonio-1788-1824--1858-1898,9f03a2632820a26b9724dac7a7a62e87776b1b04,dlstupka/hth,4b0d7c9a16b00eb463a94355f4a2aaf9e69af020,,,,,,,,,,not_reviewed,,
25,Baptisms-San-Antonio-Baptism-Records-1788-1824--1858-1898_p1-64.docx,25,rId28,word/media/image25.png,raw/fs_0025.png,PNG,1344,986,RGBA,1411891,480d5b9ca49bc87452f650667fb83638f91888465170d04b09091edd32a3c548,,analysis/fs_0025_analysis.png,thumbnails/fs_0025.jpg,dlstupka/hth-baptisms-san-antonio-1788-1824--1858-1898,9f03a2632820a26b9724dac7a7a62e87776b1b04,dlstupka/hth,4b0d7c9a16b00eb463a94355f4a2aaf9e69af020,,,,,,,,,,not_reviewed,,
26,Baptisms-San-Antonio-Baptism-Records-1788-1824--1858-1898_p1-64.docx,26,rId29,word/media/image26.png,raw/fs_0026.png,PNG,1353,991,RGBA,1303462,1fe7c77950d924b293bcaa7e0690b3037ba820d3ce18508d4d3991e892cd0809,,analysis/fs_0026_analysis.png,thumbnails/fs_0026.jpg,dlstupka/hth-baptisms-san-antonio-1788-1824--1858-1898,9f03a2632820a26b9724dac7a7a62e87776b1b04,dlstupka/hth,4b0d7c9a16b00eb463a94355f4a2aaf9e69af020,,,,,,,,,,not_reviewed,,
27,Baptisms-San-Antonio-Baptism-Records-1788-1824--1858-1898_p1-64.docx,27,rId30,word/media/image27.png,raw/fs_0027.png,PNG,1302,984,RGBA,1313010,6fad7699527f61c5968a401d77cbeb3b9b5678f10440be90409bf814dd464b8e,,analysis/fs_0027_analysis.png,thumbnails/fs_0027.jpg,dlstupka/hth-baptisms-san-antonio-1788-1824--1858-1898,9f03a2632820a26b9724dac7a7a62e87776b1b04,dlstupka/hth,4b0d7c9a16b00eb463a94355f4a2aaf9e69af020,,,,,,,,,,not_reviewed,,
28,Baptisms-San-Antonio-Baptism-Records-1788-1824--1858-1898_p1-64.docx,28,rId31,word/media/image28.png,raw/fs_0028.png,PNG,1378,985,RGBA,1508847,c80f3912dc090cc9deda79a87536565213456cfbbe74b1b6f02d3a7b5c7b3559,,analysis/fs_0028_analysis.png,thumbnails/fs_0028.jpg,dlstupka/hth-baptisms-san-antonio-1788-1824--1858-1898,9f03a2632820a26b9724dac7a7a62e87776b1b04,dlstupka/hth,4b0d7c9a16b00eb463a94355f4a2aaf9e69af020,,,,,,,,,,not_reviewed,,
29,Baptisms-San-Antonio-Baptism-Records-1788-1824--1858-1898_p1-64.docx,29,rId32,word/media/image29.png,raw/fs_0029.png,PNG,1325,986,RGBA,1428042,01401dd8f5d0d97fe32faf3dafe705f24ee82bab1bdf5a3c1aee3f1c675954a2,,analysis/fs_0029_analysis.png,thumbnails/fs_0029.jpg,dlstupka/hth-baptisms-san-antonio-1788-1824--1858-1898,9f03a2632820a26b9724dac7a7a62e87776b1b04,dlstupka/hth,4b0d7c9a16b00eb463a94355f4a2aaf9e69af020,,,,,,,,,,not_reviewed,,
30,Baptisms-San-Antonio-Baptism-Records-1788-1824--1858-1898_p1-64.docx,30,rId33,word/media/image30.png,raw/fs_0030.png,PNG,1319,989,RGBA,1478152,7cb28ba0367df819aec0e49127d7acdfa0e08c0b76d83b94a9cfa14e3e7bb01a,,analysis/fs_0030_analysis.png,thumbnails/fs_0030.jpg,dlstupka/hth-baptisms-san-antonio-1788-1824--1858-1898,9f03a2632820a26b9724dac7a7a62e87776b1b04,dlstupka/hth,4b0d7c9a16b00eb463a94355f4a2aaf9e69af020,,,,,,,,,,not_reviewed,,
31,Baptisms-San-Antonio-Baptism-Records-1788-1824--1858-1898_p1-64.docx,31,rId34,word/media/image31.png,raw/fs_0031.png,PNG,1363,985,RGBA,1489594,7b1bca47695f324aa19cf65078ec622c8ececbca5c8d1cd6461a54bee2847f1b,,analysis/fs_0031_analysis.png,thumbnails/fs_0031.jpg,dlstupka/hth-baptisms-san-antonio-1788-1824--1858-1898,9f03a2632820a26b9724dac7a7a62e87776b1b04,dlstupka/hth,4b0d7c9a16b00eb463a94355f4a2aaf9e69af020,,,,,,,,,,not_reviewed,,
32,Baptisms-San-Antonio-Baptism-Records-1788-1824--1858-1898_p1-64.docx,32,rId35,word/media/image32.png,raw/fs_0032.png,PNG,1366,985,RGBA,1450114,82df1ceb2cd9143d9979c1596dea57c1f1555c62526dfbddd3467fd3228fa7cd,,analysis/fs_0032_analysis.png,thumbnails/fs_0032.jpg,dlstupka/hth-baptisms-san-antonio-1788-1824--1858-1898,9f03a2632820a26b9724dac7a7a62e87776b1b04,dlstupka/hth,4b0d7c9a16b00eb463a94355f4a2aaf9e69af020,,,,,,,,,,not_reviewed,,
33,Baptisms-San-Antonio-Baptism-Records-1788-1824--1858-1898_p1-64.docx,33,rId36,word/media/image33.png,raw/fs_0033.png,PNG,1336,986,RGBA,1395536,ccbab96d5b4d5c5a4e8b77f10a88eeb11d79afc8530968f0e21fa5d27a8c0d99,,analysis/fs_0033_analysis.png,thumbnails/fs_0033.jpg,dlstupka/hth-baptisms-san-antonio-1788-1824--1858-1898,9f03a2632820a26b9724dac7a7a62e87776b1b04,dlstupka/hth,4b0d7c9a16b00eb463a94355f4a2aaf9e69af020,,,,,,,,,,not_reviewed,,
34,Baptisms-San-Antonio-Baptism-Records-1788-1824--1858-1898_p1-64.docx,34,rId37,word/media/image34.png,raw/fs_0034.png,PNG,1351,986,RGBA,1400309,582066ae6d7a3eafb3214289c538c0254417ec9e1fad50972d4bc469483099f9,,analysis/fs_0034_analysis.png,thumbnails/fs_0034.jpg,dlstupka/hth-baptisms-san-antonio-1788-1824--1858-1898,9f03a2632820a26b9724dac7a7a62e87776b1b04,dlstupka/hth,4b0d7c9a16b00eb463a94355f4a2aaf9e69af020,,,,,,,,,,not_reviewed,,
35,Baptisms-San-Antonio-Baptism-Records-1788-1824--1858-1898_p1-64.docx,35,rId38,word/media/image35.png,raw/fs_0035.png,PNG,1374,987,RGBA,1481747,706815fa5105a9d6535f01a5ecd318e0e8d3e20663632f63198ce3baf660142d,,analysis/fs_0035_analysis.png,thumbnails/fs_0035.jpg,dlstupka/hth-baptisms-san-antonio-1788-1824--1858-1898,9f03a2632820a26b9724dac7a7a62e87776b1b04,dlstupka/hth,4b0d7c9a16b00eb463a94355f4a2aaf9e69af020,,,,,,,,,,not_reviewed,,
36,Baptisms-San-Antonio-Baptism-Records-1788-1824--1858-1898_p1-64.docx,36,rId39,word/media/image36.png,raw/fs_0036.png,PNG,1417,985,RGBA,1569147,772987ea7dfdda9b55542e3b25363ad2826f143ea02ee5219f82c1e951b20b6e,,analysis/fs_0036_analysis.png,thumbnails/fs_0036.jpg,dlstupka/hth-baptisms-san-antonio-1788-1824--1858-1898,9f03a2632820a26b9724dac7a7a62e87776b1b04,dlstupka/hth,4b0d7c9a16b00eb463a94355f4a2aaf9e69af020,,,,,,,,,,not_reviewed,,
37,Baptisms-San-Antonio-Baptism-Records-1788-1824--1858-1898_p1-64.docx,37,rId40,word/media/image37.png,raw/fs_0037.png,PNG,1377,987,RGBA,1484598,b2f02ca456f40536af45c55f40916044e33a057a3f0a9518f9d694e7f814b74c,,analysis/fs_0037_analysis.png,thumbnails/fs_0037.jpg,dlstupka/hth-baptisms-san-antonio-1788-1824--1858-1898,9f03a2632820a26b9724dac7a7a62e87776b1b04,dlstupka/hth,4b0d7c9a16b00eb463a94355f4a2aaf9e69af020,,,,,,,,,,not_reviewed,,
38,Baptisms-San-Antonio-Baptism-Records-1788-1824--1858-1898_p1-64.docx,38,rId41,word/media/image38.png,raw/fs_0038.png,PNG,1406,988,RGBA,1511926,fe2ce1a1af1fa31cb3e634b525b9b1024e5ae951a11fb10134e2f717619a84c8,,analysis/fs_0038_analysis.png,thumbnails/fs_0038.jpg,dlstupka/hth-baptisms-san-antonio-1788-1824--1858-1898,9f03a2632820a26b9724dac7a7a62e87776b1b04,dlstupka/hth,4b0d7c9a16b00eb463a94355f4a2aaf9e69af020,,,,,,,,,,not_reviewed,,
39,Baptisms-San-Antonio-Baptism-Records-1788-1824--1858-1898_p1-64.docx,39,rId42,word/media/image39.png,raw/fs_0039.png,PNG,1393,988,RGBA,1478525,b25cec0461776dd9a82ab120fc62af51f8fac2dc587e287c7b3167388ebb657b,,analysis/fs_0039_analysis.png,thumbnails/fs_0039.jpg,dlstupka/hth-baptisms-san-antonio-1788-1824--1858-1898,9f03a2632820a26b9724dac7a7a62e87776b1b04,dlstupka/hth,4b0d7c9a16b00eb463a94355f4a2aaf9e69af020,,,,,,,,,,not_reviewed,,
40,Baptisms-San-Antonio-Baptism-Records-1788-1824--1858-1898_p1-64.docx,40,rId43,word/media/image40.png,raw/fs_0040.png,PNG,1401,984,RGBA,1568185,86e1542c86a89d6f19ddbfdba9ba5897224f1350de5127c11e16bde12d04d974,,analysis/fs_0040_analysis.png,thumbnails/fs_0040.jpg,dlstupka/hth-baptisms-san-antonio-1788-1824--1858-1898,9f03a2632820a26b9724dac7a7a62e87776b1b04,dlstupka/hth,4b0d7c9a16b00eb463a94355f4a2aaf9e69af020,,,,,,,,,,not_reviewed,,
41,Baptisms-San-Antonio-Baptism-Records-1788-1824--1858-1898_p1-64.docx,41,rId44,word/media/image41.png,raw/fs_0041.png,PNG,1407,987,RGBA,1516897,ee6fc1b72e2026e237d6f9171c1f810cf148c145f4d12c0c6fa5c9c66343d20d,,analysis/fs_0041_analysis.png,thumbnails/fs_0041.jpg,dlstupka/hth-baptisms-san-antonio-1788-1824--1858-1898,9f03a2632820a26b9724dac7a7a62e87776b1b04,dlstupka/hth,4b0d7c9a16b00eb463a94355f4a2aaf9e69af020,,,,,,,,,,not_reviewed,,
42,Baptisms-San-Antonio-Baptism-Records-1788-1824--1858-1898_p1-64.docx,42,rId45,word/media/image42.png,raw/fs_0042.png,PNG,1412,982,RGBA,1546468,d9c1d9cd0bd6955775bc49635fab5bf004bb2b4346b79bd6226ca2b7520499ec,,analysis/fs_0042_analysis.png,thumbnails/fs_0042.jpg,dlstupka/hth-baptisms-san-antonio-1788-1824--1858-1898,9f03a2632820a26b9724dac7a7a62e87776b1b04,dlstupka/hth,4b0d7c9a16b00eb463a94355f4a2aaf9e69af020,,,,,,,,,,not_reviewed,,
43,Baptisms-San-Antonio-Baptism-Records-1788-1824--1858-1898_p1-64.docx,43,rId46,word/media/image43.png,raw/fs_0043.png,PNG,1299,983,RGBA,1440579,cd31fc5bc0108e35257817e0205e04e6e7dd6634b2406a8330581b038b3dead8,,analysis/fs_0043_analysis.png,thumbnails/fs_0043.jpg,dlstupka/hth-baptisms-san-antonio-1788-1824--1858-1898,9f03a2632820a26b9724dac7a7a62e87776b1b04,dlstupka/hth,4b0d7c9a16b00eb463a94355f4a2aaf9e69af020,,,,,,,,,,not_reviewed,,
44,Baptisms-San-Antonio-Baptism-Records-1788-1824--1858-1898_p1-64.docx,44,rId47,word/media/image44.png,raw/fs_0044.png,PNG,1424,986,RGBA,1529287,49f8203ecf742e48db141cdc036e392562af18f3111a3739857c8bd12bfa0187,,analysis/fs_0044_analysis.png,thumbnails/fs_0044.jpg,dlstupka/hth-baptisms-san-antonio-1788-1824--1858-1898,9f03a2632820a26b9724dac7a7a62e87776b1b04,dlstupka/hth,4b0d7c9a16b00eb463a94355f4a2aaf9e69af020,,,,,,,,,,not_reviewed,,
45,Baptisms-San-Antonio-Baptism-Records-1788-1824--1858-1898_p1-64.docx,45,rId48,word/media/image45.png,raw/fs_0045.png,PNG,1388,988,RGBA,1554906,6cc5242438b8f6c91654dc22074db270dcea6280ec64b00cbf58a2b86891f445,,analysis/fs_0045_analysis.png,thumbnails/fs_0045.jpg,dlstupka/hth-baptisms-san-antonio-1788-1824--1858-1898,9f03a2632820a26b9724dac7a7a62e87776b1b04,dlstupka/hth,4b0d7c9a16b00eb463a94355f4a2aaf9e69af020,,,,,,,,,,not_reviewed,,
46,Baptisms-San-Antonio-Baptism-Records-1788-1824--1858-1898_p1-64.docx,46,rId49,word/media/image46.png,raw/fs_0046.png,PNG,1351,984,RGBA,1382112,23f080d0b143ca59d50be914d19eca1c299d017de0cf7881908f5ef00f814007,,analysis/fs_0046_analysis.png,thumbnails/fs_0046.jpg,dlstupka/hth-baptisms-san-antonio-1788-1824--1858-1898,9f03a2632820a26b9724dac7a7a62e87776b1b04,dlstupka/hth,4b0d7c9a16b00eb463a94355f4a2aaf9e69af020,,,,,,,,,,not_reviewed,,
47,Baptisms-San-Antonio-Baptism-Records-1788-1824--1858-1898_p1-64.docx,47,rId50,word/media/image47.png,raw/fs_0047.png,PNG,1350,988,RGBA,1441748,42d4e94b4e7d149fe4dbb5606a9816abc04d3d35b3e4005093d26b6c886b5271,,analysis/fs_0047_analysis.png,thumbnails/fs_0047.jpg,dlstupka/hth-baptisms-san-antonio-1788-1824--1858-1898,9f03a2632820a26b9724dac7a7a62e87776b1b04,dlstupka/hth,4b0d7c9a16b00eb463a94355f4a2aaf9e69af020,,,,,,,,,,not_reviewed,,
48,Baptisms-San-Antonio-Baptism-Records-1788-1824--1858-1898_p1-64.docx,48,rId51,word/media/image48.png,raw/fs_0048.png,PNG,1389,990,RGBA,1436239,14d2eade80b696191475e168f14bbe1c3a2f82ec1c6819de309e36e0420c10de,,analysis/fs_0048_analysis.png,thumbnails/fs_0048.jpg,dlstupka/hth-baptisms-san-antonio-1788-1824--1858-1898,9f03a2632820a26b9724dac7a7a62e87776b1b04,dlstupka/hth,4b0d7c9a16b00eb463a94355f4a2aaf9e69af020,,,,,,,,,,not_reviewed,,
49,Baptisms-San-Antonio-Baptism-Records-1788-1824--1858-1898_p1-64.docx,49,rId52,word/media/image49.png,raw/fs_0049.png,PNG,1381,989,RGBA,1457593,625deae5f4a8c5462826dbfc84cee3f5847833d682f3f354d4dc21dcaa9390fe,,analysis/fs_0049_analysis.png,thumbnails/fs_0049.jpg,dlstupka/hth-baptisms-san-antonio-1788-1824--1858-1898,9f03a2632820a26b9724dac7a7a62e87776b1b04,dlstupka/hth,4b0d7c9a16b00eb463a94355f4a2aaf9e69af020,,,,,,,,,,not_reviewed,,
50,Baptisms-San-Antonio-Baptism-Records-1788-1824--1858-1898_p1-64.docx,50,rId53,word/media/image50.png,raw/fs_0050.png,PNG,1347,991,RGBA,1364404,d7b646fdd039760ca1ca06ba1ff78feeed1f9e5a0521b08d35f1be932f529f95,,analysis/fs_0050_analysis.png,thumbnails/fs_0050.jpg,dlstupka/hth-baptisms-san-antonio-1788-1824--1858-1898,9f03a2632820a26b9724dac7a7a62e87776b1b04,dlstupka/hth,4b0d7c9a16b00eb463a94355f4a2aaf9e69af020,,,,,,,,,,not_reviewed,,
51,Baptisms-San-Antonio-Baptism-Records-1788-1824--1858-1898_p1-64.docx,51,rId54,word/media/image51.png,raw/fs_0051.png,PNG,1365,986,RGBA,1389657,6d34d383365d9f4b77b17d1da38096429b6a6718264a40b0846db0e8252a2d02,,analysis/fs_0051_analysis.png,thumbnails/fs_0051.jpg,dlstupka/hth-baptisms-san-antonio-1788-1824--1858-1898,9f03a2632820a26b9724dac7a7a62e87776b1b04,dlstupka/hth,4b0d7c9a16b00eb463a94355f4a2aaf9e69af020,,,,,,,,,,not_reviewed,,
52,Baptisms-San-Antonio-Baptism-Records-1788-1824--1858-1898_p1-64.docx,52,rId55,word/media/image52.png,raw/fs_0052.png,PNG,1371,987,RGBA,1482119,53df3e8b668c538330069fa49b92f79b0159066859339a839829a777221b55e6,,analysis/fs_0052_analysis.png,thumbnails/fs_0052.jpg,dlstupka/hth-baptisms-san-antonio-1788-1824--1858-1898,9f03a2632820a26b9724dac7a7a62e87776b1b04,dlstupka/hth,4b0d7c9a16b00eb463a94355f4a2aaf9e69af020,,,,,,,,,,not_reviewed,,
53,Baptisms-San-Antonio-Baptism-Records-1788-1824--1858-1898_p1-64.docx,53,rId56,word/media/image53.png,raw/fs_0053.png,PNG,1396,984,RGBA,1394525,87ce8ebdf62d4400feab24c9efeb1074beff1970cf7d8bfe23a8a849038fc494,,analysis/fs_0053_analysis.png,thumbnails/fs_0053.jpg,dlstupka/hth-baptisms-san-antonio-1788-1824--1858-1898,9f03a2632820a26b9724dac7a7a62e87776b1b04,dlstupka/hth,4b0d7c9a16b00eb463a94355f4a2aaf9e69af020,,,,,,,,,,not_reviewed,,
54,Baptisms-San-Antonio-Baptism-Records-1788-1824--1858-1898_p1-64.docx,54,rId57,word/media/image54.png,raw/fs_0054.png,PNG,1384,989,RGBA,1377211,e93d4e96d126cb04af24b7314da61d67252e3e9878224892b53d8521e192c7a8,,analysis/fs_0054_analysis.png,thumbnails/fs_0054.jpg,dlstupka/hth-baptisms-san-antonio-1788-1824--1858-1898,9f03a2632820a26b9724dac7a7a62e87776b1b04,dlstupka/hth,4b0d7c9a16b00eb463a94355f4a2aaf9e69af020,,,,,,,,,,not_reviewed,,
55,Baptisms-San-Antonio-Baptism-Records-1788-1824--1858-1898_p1-64.docx,55,rId58,word/media/image55.png,raw/fs_0055.png,PNG,1441,989,RGBA,1467800,a76285f5dbc0760c6df145d0e18c4aa6168d1abd8cbf3e243c861176a1a7fadc,,analysis/fs_0055_analysis.png,thumbnails/fs_0055.jpg,dlstupka/hth-baptisms-san-antonio-1788-1824--1858-1898,9f03a2632820a26b9724dac7a7a62e87776b1b04,dlstupka/hth,4b0d7c9a16b00eb463a94355f4a2aaf9e69af020,,,,,,,,,,not_reviewed,,
56,Baptisms-San-Antonio-Baptism-Records-1788-1824--1858-1898_p1-64.docx,56,rId59,word/media/image56.png,raw/fs_0056.png,PNG,1419,985,RGBA,1428426,8a63ca97fd3df759d35d4b310e8fb32503e47266e3fbbd8364bd8c6074b55e35,,analysis/fs_0056_analysis.png,thumbnails/fs_0056.jpg,dlstupka/hth-baptisms-san-antonio-1788-1824--1858-1898,9f03a2632820a26b9724dac7a7a62e87776b1b04,dlstupka/hth,4b0d7c9a16b00eb463a94355f4a2aaf9e69af020,,,,,,,,,,not_reviewed,,
57,Baptisms-San-Antonio-Baptism-Records-1788-1824--1858-1898_p1-64.docx,57,rId60,word/media/image57.png,raw/fs_0057.png,PNG,1394,986,RGBA,1394580,25add3d55f9d25ec0abe1a48410b2b2b97a85d28de665b5fd7bd640af68ebd61,,analysis/fs_0057_analysis.png,thumbnails/fs_0057.jpg,dlstupka/hth-baptisms-san-antonio-1788-1824--1858-1898,9f03a2632820a26b9724dac7a7a62e87776b1b04,dlstupka/hth,4b0d7c9a16b00eb463a94355f4a2aaf9e69af020,,,,,,,,,,not_reviewed,,
58,Baptisms-San-Antonio-Baptism-Records-1788-1824--1858-1898_p1-64.docx,58,rId61,word/media/image58.png,raw/fs_0058.png,PNG,1458,989,RGBA,1527932,9f78620969f65d39f2bf13ac291bb087cf56da12e81c060f793254f1c45ca841,,analysis/fs_0058_analysis.png,thumbnails/fs_0058.jpg,dlstupka/hth-baptisms-san-antonio-1788-1824--1858-1898,9f03a2632820a26b9724dac7a7a62e87776b1b04,dlstupka/hth,4b0d7c9a16b00eb463a94355f4a2aaf9e69af020,,,,,,,,,,not_reviewed,,
59,Baptisms-San-Antonio-Baptism-Records-1788-1824--1858-1898_p1-64.docx,59,rId62,word/media/image59.png,raw/fs_0059.png,PNG,1409,989,RGBA,1403095,fe588b2a25db8380e5d61a8dbd03be4ea47063afcd9fcb646be38a17f9231a1d,,analysis/fs_0059_analysis.png,thumbnails/fs_0059.jpg,dlstupka/hth-baptisms-san-antonio-1788-1824--1858-1898,9f03a2632820a26b9724dac7a7a62e87776b1b04,dlstupka/hth,4b0d7c9a16b00eb463a94355f4a2aaf9e69af020,,,,,,,,,,not_reviewed,,
60,Baptisms-San-Antonio-Baptism-Records-1788-1824--1858-1898_p1-64.docx,60,rId63,word/media/image60.png,raw/fs_0060.png,PNG,1345,985,RGBA,1429009,05e880249aa80468f720a838e1c1cd3c8530118e0c26edf40595806cec12d31c,,analysis/fs_0060_analysis.png,thumbnails/fs_0060.jpg,dlstupka/hth-baptisms-san-antonio-1788-1824--1858-1898,9f03a2632820a26b9724dac7a7a62e87776b1b04,dlstupka/hth,4b0d7c9a16b00eb463a94355f4a2aaf9e69af020,,,,,,,,,,not_reviewed,,
61,Baptisms-San-Antonio-Baptism-Records-1788-1824--1858-1898_p1-64.docx,61,rId64,word/media/image61.png,raw/fs_0061.png,PNG,1466,990,RGBA,1471236,a141d55ecbb68e0bfa5db0517a8b5b05114ed15d672000bb2270b92f8e8b042c,,analysis/fs_0061_analysis.png,thumbnails/fs_0061.jpg,dlstupka/hth-baptisms-san-antonio-1788-1824--1858-1898,9f03a2632820a26b9724dac7a7a62e87776b1b04,dlstupka/hth,4b0d7c9a16b00eb463a94355f4a2aaf9e69af020,,,,,,,,,,not_reviewed,,
62,Baptisms-San-Antonio-Baptism-Records-1788-1824--1858-1898_p1-64.docx,62,rId65,word/media/image62.png,raw/fs_0062.png,PNG,1374,992,RGBA,1325524,838a94a6ee2d74f7e293360bba887da4d191cb8f8c9b1adb8c061e62e3598067,,analysis/fs_0062_analysis.png,thumbnails/fs_0062.jpg,dlstupka/hth-baptisms-san-antonio-1788-1824--1858-1898,9f03a2632820a26b9724dac7a7a62e87776b1b04,dlstupka/hth,4b0d7c9a16b00eb463a94355f4a2aaf9e69af020,,,,,,,,,,not_reviewed,,
63,Baptisms-San-Antonio-Baptism-Records-1788-1824--1858-1898_p1-64.docx,63,rId66,word/media/image63.png,raw/fs_0063.png,PNG,2108,1309,RGBA,2737311,5f16272f9f15642beff7b979849b2cf3d1e356c3f246852c5ed1abab8e659438,,analysis/fs_0063_analysis.png,thumbnails/fs_0063.jpg,dlstupka/hth-baptisms-san-antonio-1788-1824--1858-1898,9f03a2632820a26b9724dac7a7a62e87776b1b04,dlstupka/hth,4b0d7c9a16b00eb463a94355f4a2aaf9e69af020,,,,,,,,,,not_reviewed,,
64,Baptisms-San-Antonio-Baptism-Records-1788-1824--1858-1898_p65-90.docx,1,rId4,word/media/image1.png,raw/fs_0064.png,PNG,1941,1308,RGBA,2734611,b6e0cba7648f7f03f19bd6358538411398a07c0ba1e5960c50e92d7bd2fd345f,,analysis/fs_0064_analysis.png,thumbnails/fs_0064.jpg,dlstupka/hth-baptisms-san-antonio-1788-1824--1858-1898,9f03a2632820a26b9724dac7a7a62e87776b1b04,dlstupka/hth,4b0d7c9a16b00eb463a94355f4a2aaf9e69af020,,,,,,,,,,not_reviewed,,
65,Baptisms-San-Antonio-Baptism-Records-1788-1824--1858-1898_p65-90.docx,2,rId5,word/media/image2.png,raw/fs_0065.png,PNG,1574,1079,RGBA,1679952,46b4ca9bdb36e04b748b91ff3cc4036c5fc2e879f4fea84c13efd4836b2cd7fe,,analysis/fs_0065_analysis.png,thumbnails/fs_0065.jpg,dlstupka/hth-baptisms-san-antonio-1788-1824--1858-1898,9f03a2632820a26b9724dac7a7a62e87776b1b04,dlstupka/hth,4b0d7c9a16b00eb463a94355f4a2aaf9e69af020,,,,,,,,,,not_reviewed,,
66,Baptisms-San-Antonio-Baptism-Records-1788-1824--1858-1898_p65-90.docx,3,rId6,word/media/image3.png,raw/fs_0066.png,PNG,1422,1082,RGBA,1586536,1d84f7b37d7b899a2dbe8fddc131da2bfc18d669e0cdce19ee3460df4ac20731,,analysis/fs_0066_analysis.png,thumbnails/fs_0066.jpg,dlstupka/hth-baptisms-san-antonio-1788-1824--1858-1898,9f03a2632820a26b9724dac7a7a62e87776b1b04,dlstupka/hth,4b0d7c9a16b00eb463a94355f4a2aaf9e69af020,,,,,,,,,,not_reviewed,,
67,Baptisms-San-Antonio-Baptism-Records-1788-1824--1858-1898_p65-90.docx,4,rId7,word/media/image4.png,raw/fs_0067.png,PNG,1446,1079,RGBA,1532284,30ef77c59b897482988b28505cfa1a39cdd37304f1fcbabfb825b7693de28604,,analysis/fs_0067_analysis.png,thumbnails/fs_0067.jpg,dlstupka/hth-baptisms-san-antonio-1788-1824--1858-1898,9f03a2632820a26b9724dac7a7a62e87776b1b04,dlstupka/hth,4b0d7c9a16b00eb463a94355f4a2aaf9e69af020,,,,,,,,,,not_reviewed,,
68,Baptisms-San-Antonio-Baptism-Records-1788-1824--1858-1898_p65-90.docx,5,rId8,word/media/image5.png,raw/fs_0068.png,PNG,1499,1078,RGBA,1625044,46cf5be72c5b3284d1e80313eaf79fd01e6866634f07a089dc043afdb81fd595,,analysis/fs_0068_analysis.png,thumbnails/fs_0068.jpg,dlstupka/hth-baptisms-san-antonio-1788-1824--1858-1898,9f03a2632820a26b9724dac7a7a62e87776b1b04,dlstupka/hth,4b0d7c9a16b00eb463a94355f4a2aaf9e69af020,,,,,,,,,,not_reviewed,,
69,Baptisms-San-Antonio-Baptism-Records-1788-1824--1858-1898_p65-90.docx,6,rId9,word/media/image6.png,raw/fs_0069.png,PNG,1499,1083,RGBA,1539456,579af3d90862204ebf6759b21794bbcea2f378e171938fc069ef375dbf666c22,,analysis/fs_0069_analysis.png,thumbnails/fs_0069.jpg,dlstupka/hth-baptisms-san-antonio-1788-1824--1858-1898,9f03a2632820a26b9724dac7a7a62e87776b1b04,dlstupka/hth,4b0d7c9a16b00eb463a94355f4a2aaf9e69af020,,,,,,,,,,not_reviewed,,
70,Baptisms-San-Antonio-Baptism-Records-1788-1824--1858-1898_p65-90.docx,7,rId10,word/media/image7.png,raw/fs_0070.png,PNG,1480,1084,RGBA,1489572,5aa2a294fed0cae5d6c3b7b9d57351e7c3c8bc8406866d5886b463497d446b47,,analysis/fs_0070_analysis.png,thumbnails/fs_0070.jpg,dlstupka/hth-baptisms-san-antonio-1788-1824--1858-1898,9f03a2632820a26b9724dac7a7a62e87776b1b04,dlstupka/hth,4b0d7c9a16b00eb463a94355f4a2aaf9e69af020,,,,,,,,,,not_reviewed,,
71,Baptisms-San-Antonio-Baptism-Records-1788-1824--1858-1898_p65-90.docx,8,rId11,word/media/image8.png,raw/fs_0071.png,PNG,1470,1080,RGBA,1597340,d9da74abbb47e0067df0bb3b4942c2dd6fbe862213aca12b097a4533a29936ab,,analysis/fs_0071_analysis.png,thumbnails/fs_0071.jpg,dlstupka/hth-baptisms-san-antonio-1788-1824--1858-1898,9f03a2632820a26b9724dac7a7a62e87776b1b04,dlstupka/hth,4b0d7c9a16b00eb463a94355f4a2aaf9e69af020,,,,,,,,,,not_reviewed,,
72,Baptisms-San-Antonio-Baptism-Records-1788-1824--1858-1898_p65-90.docx,9,rId12,word/media/image9.png,raw/fs_0072.png,PNG,1492,1079,RGBA,1611763,efefd971342666984b431912135938b4eee435439284c383db9bfe0aaa487c02,,analysis/fs_0072_analysis.png,thumbnails/fs_0072.jpg,dlstupka/hth-baptisms-san-antonio-1788-1824--1858-1898,9f03a2632820a26b9724dac7a7a62e87776b1b04,dlstupka/hth,4b0d7c9a16b00eb463a94355f4a2aaf9e69af020,,,,,,,,,,not_reviewed,,
73,Baptisms-San-Antonio-Baptism-Records-1788-1824--1858-1898_p65-90.docx,10,rId13,word/media/image10.png,raw/fs_0073.png,PNG,1534,1077,RGBA,1649559,1675a76b2839ae636c497dcb330525493cef4fb229eca94ed57e08870c1684ae,,analysis/fs_0073_analysis.png,thumbnails/fs_0073.jpg,dlstupka/hth-baptisms-san-antonio-1788-1824--1858-1898,9f03a2632820a26b9724dac7a7a62e87776b1b04,dlstupka/hth,4b0d7c9a16b00eb463a94355f4a2aaf9e69af020,,,,,,,,,,not_reviewed,,
74,Baptisms-San-Antonio-Baptism-Records-1788-1824--1858-1898_p65-90.docx,11,rId14,word/media/image11.png,raw/fs_0074.png,PNG,1536,1081,RGBA,1563767,3da048e965949452611f7e4b57731610675dd1ec1cc5a9f73df32c84a904112b,,analysis/fs_0074_analysis.png,thumbnails/fs_0074.jpg,dlstupka/hth-baptisms-san-antonio-1788-1824--1858-1898,9f03a2632820a26b9724dac7a7a62e87776b1b04,dlstupka/hth,4b0d7c9a16b00eb463a94355f4a2aaf9e69af020,,,,,,,,,,not_reviewed,,
75,Baptisms-San-Antonio-Baptism-Records-1788-1824--1858-1898_p65-90.docx,12,rId15,word/media/image12.png,raw/fs_0075.png,PNG,1605,1074,RGBA,1758438,439c1e608d405ebb104f768fae6b7a0c81e3a1fdf063cb86de41f45cbd78bfde,,analysis/fs_0075_analysis.png,thumbnails/fs_0075.jpg,dlstupka/hth-baptisms-san-antonio-1788-1824--1858-1898,9f03a2632820a26b9724dac7a7a62e87776b1b04,dlstupka/hth,4b0d7c9a16b00eb463a94355f4a2aaf9e69af020,,,,,,,,,,not_reviewed,,
76,Baptisms-San-Antonio-Baptism-Records-1788-1824--1858-1898_p65-90.docx,13,rId16,word/media/image13.png,raw/fs_0076.png,PNG,1404,1077,RGBA,1380265,056d144c3e73a6e461efc8f4b858f59b7359210da1dd32151de40087cb852c28,,analysis/fs_0076_analysis.png,thumbnails/fs_0076.jpg,dlstupka/hth-baptisms-san-antonio-1788-1824--1858-1898,9f03a2632820a26b9724dac7a7a62e87776b1b04,dlstupka/hth,4b0d7c9a16b00eb463a94355f4a2aaf9e69af020,,,,,,,,,,not_reviewed,,
77,Baptisms-San-Antonio-Baptism-Records-1788-1824--1858-1898_p65-90.docx,14,rId17,word/media/image14.png,raw/fs_0077.png,PNG,1582,1080,RGBA,1608436,5c0a624a5b4385ab81fc3a60b6ceeee6fb615ec78fe7e0a24af73f4b0c2468d2,,analysis/fs_0077_analysis.png,thumbnails/fs_0077.jpg,dlstupka/hth-baptisms-san-antonio-1788-1824--1858-1898,9f03a2632820a26b9724dac7a7a62e87776b1b04,dlstupka/hth,4b0d7c9a16b00eb463a94355f4a2aaf9e69af020,,,,,,,,,,not_reviewed,,
78,Baptisms-San-Antonio-Baptism-Records-1788-1824--1858-1898_p65-90.docx,15,rId18,word/media/image15.png,raw/fs_0078.png,PNG,1582,1077,RGBA,1683648,2c222a4077110d8a48db233be13af714e1e5dcc13359316365998b7571749fc0,,analysis/fs_0078_analysis.png,thumbnails/fs_0078.jpg,dlstupka/hth-baptisms-san-antonio-1788-1824--1858-1898,9f03a2632820a26b9724dac7a7a62e87776b1b04,dlstupka/hth,4b0d7c9a16b00eb463a94355f4a2aaf9e69af020,,,,,,,,,,not_reviewed,,
79,Baptisms-San-Antonio-Baptism-Records-1788-1824--1858-1898_p65-90.docx,16,rId19,word/media/image16.png,raw/fs_0079.png,PNG,1537,1077,RGBA,1508056,143b0c32aa1c119e957554530c2e0a8d6b530e2abdc39058366fe091a5421740,,analysis/fs_0079_analysis.png,thumbnails/fs_0079.jpg,dlstupka/hth-baptisms-san-antonio-1788-1824--1858-1898,9f03a2632820a26b9724dac7a7a62e87776b1b04,dlstupka/hth,4b0d7c9a16b00eb463a94355f4a2aaf9e69af020,,,,,,,,,,not_reviewed,,
80,Baptisms-San-Antonio-Baptism-Records-1788-1824--1858-1898_p65-90.docx,17,rId20,word/media/image17.png,raw/fs_0080.png,PNG,1540,1072,RGBA,1640611,3870bc608bf08abab38f623ba6e93f43bb5851ff8efc0719938d3323fa7919c6,,analysis/fs_0080_analysis.png,thumbnails/fs_0080.jpg,dlstupka/hth-baptisms-san-antonio-1788-1824--1858-1898,9f03a2632820a26b9724dac7a7a62e87776b1b04,dlstupka/hth,4b0d7c9a16b00eb463a94355f4a2aaf9e69af020,,,,,,,,,,not_reviewed,,
81,Baptisms-San-Antonio-Baptism-Records-1788-1824--1858-1898_p65-90.docx,18,rId21,word/media/image18.png,raw/fs_0081.png,PNG,1589,1076,RGBA,1584066,0d1e7b1f380c1b7134f8d0ddbd8791628bc6e6f25ab2f72dd766ab4ddcac7b93,,analysis/fs_0081_analysis.png,thumbnails/fs_0081.jpg,dlstupka/hth-baptisms-san-antonio-1788-1824--1858-1898,9f03a2632820a26b9724dac7a7a62e87776b1b04,dlstupka/hth,4b0d7c9a16b00eb463a94355f4a2aaf9e69af020,,,,,,,,,,not_reviewed,,
82,Baptisms-San-Antonio-Baptism-Records-1788-1824--1858-1898_p65-90.docx,19,rId22,word/media/image19.png,raw/fs_0082.png,PNG,1506,1079,RGBA,1655316,0037a5da7fda7b92fc4735fb243e675761f1fee821917be69e15c764d124df61,,analysis/fs_0082_analysis.png,thumbnails/fs_0082.jpg,dlstupka/hth-baptisms-san-antonio-1788-1824--1858-1898,9f03a2632820a26b9724dac7a7a62e87776b1b04,dlstupka/hth,4b0d7c9a16b00eb463a94355f4a2aaf9e69af020,,,,,,,,,,not_reviewed,,
83,Baptisms-San-Antonio-Baptism-Records-1788-1824--1858-1898_p65-90.docx,20,rId23,word/media/image20.png,raw/fs_0083.png,PNG,1518,1078,RGBA,1797933,3d9de6d59c1c6f216e8f80e2a466e4222baa8f0cbf70c324d29ae5381951e423,,analysis/fs_0083_analysis.png,thumbnails/fs_0083.jpg,dlstupka/hth-baptisms-san-antonio-1788-1824--1858-1898,9f03a2632820a26b9724dac7a7a62e87776b1b04,dlstupka/hth,4b0d7c9a16b00eb463a94355f4a2aaf9e69af020,,,,,,,,,,not_reviewed,,
84,Baptisms-San-Antonio-Baptism-Records-1788-1824--1858-1898_p65-90.docx,21,rId24,word/media/image21.png,raw/fs_0084.png,PNG,1520,1082,RGBA,1654449,b6e4cf1fc403317c55be5484a1191b422d4ccecf43b406863bdb09b20c03337b,,analysis/fs_0084_analysis.png,thumbnails/fs_0084.jpg,dlstupka/hth-baptisms-san-antonio-1788-1824--1858-1898,9f03a2632820a26b9724dac7a7a62e87776b1b04,dlstupka/hth,4b0d7c9a16b00eb463a94355f4a2aaf9e69af020,,,,,,,,,,not_reviewed,,
85,Baptisms-San-Antonio-Baptism-Records-1788-1824--1858-1898_p65-90.docx,22,rId25,word/media/image22.png,raw/fs_0085.png,PNG,1453,1071,RGBA,1558268,23333da0e6e0e0bcc980927c2cfb344928bb8838d9586d48561574b7e5c2a4d0,,analysis/fs_0085_analysis.png,thumbnails/fs_0085.jpg,dlstupka/hth-baptisms-san-antonio-1788-1824--1858-1898,9f03a2632820a26b9724dac7a7a62e87776b1b04,dlstupka/hth,4b0d7c9a16b00eb463a94355f4a2aaf9e69af020,,,,,,,,,,not_reviewed,,
86,Baptisms-San-Antonio-Baptism-Records-1788-1824--1858-1898_p65-90.docx,23,rId26,word/media/image23.png,raw/fs_0086.png,PNG,1565,1084,RGBA,1685997,10a6e7dac5781a8c741174e5062c8c017b90ddedf5272e089f3cfc7dcb8dc751,,analysis/fs_0086_analysis.png,thumbnails/fs_0086.jpg,dlstupka/hth-baptisms-san-antonio-1788-1824--1858-1898,9f03a2632820a26b9724dac7a7a62e87776b1b04,dlstupka/hth,4b0d7c9a16b00eb463a94355f4a2aaf9e69af020,,,,,,,,,,not_reviewed,,
87,Baptisms-San-Antonio-Baptism-Records-1788-1824--1858-1898_p65-90.docx,24,rId27,word/media/image24.png,raw/fs_0087.png,PNG,1444,1077,RGBA,1534382,47da80f4d9a6ea568174e0095cd739608dca1e8f7e479fb0ec71705bd811494a,,analysis/fs_0087_analysis.png,thumbnails/fs_0087.jpg,dlstupka/hth-baptisms-san-antonio-1788-1824--1858-1898,9f03a2632820a26b9724dac7a7a62e87776b1b04,dlstupka/hth,4b0d7c9a16b00eb463a94355f4a2aaf9e69af020,,,,,,,,,,not_reviewed,,
88,Baptisms-San-Antonio-Baptism-Records-1788-1824--1858-1898_p65-90.docx,25,rId28,word/media/image25.png,raw/fs_0088.png,PNG,1447,1079,RGBA,1586843,847c8782e3126ae474c8dc87fc51b009be181406931bc929cea5de34750247e6,,analysis/fs_0088_analysis.png,thumbnails/fs_0088.jpg,dlstupka/hth-baptisms-san-antonio-1788-1824--1858-1898,9f03a2632820a26b9724dac7a7a62e87776b1b04,dlstupka/hth,4b0d7c9a16b00eb463a94355f4a2aaf9e69af020,,,,,,,,,,not_reviewed,,
89,Baptisms-San-Antonio-Baptism-Records-1788-1824--1858-1898_p65-90.docx,26,rId29,word/media/image26.png,raw/fs_0089.png,PNG,1523,1079,RGBA,1578958,ebd8055df91cda0b70abe550908ad80b5e5ae598ca7bbde6a063b34f2d7ca3e7,,analysis/fs_0089_analysis.png,thumbnails/fs_0089.jpg,dlstupka/hth-baptisms-san-antonio-1788-1824--1858-1898,9f03a2632820a26b9724dac7a7a62e87776b1b04,dlstupka/hth,4b0d7c9a16b00eb463a94355f4a2aaf9e69af020,,,,,,,,,,not_reviewed,,
90,Baptisms-San-Antonio-Baptism-Records-1788-1824--1858-1898_p91-100.docx,1,rId4,word/media/image1.png,raw/fs_0090.png,PNG,1382,986,RGBA,1457976,589e40d0d656577c7b214e1edb637ae39940446d6b768d73358071c4592228f3,,analysis/fs_0090_analysis.png,thumbnails/fs_0090.jpg,dlstupka/hth-baptisms-san-antonio-1788-1824--1858-1898,9f03a2632820a26b9724dac7a7a62e87776b1b04,dlstupka/hth,4b0d7c9a16b00eb463a94355f4a2aaf9e69af020,,,,,,,,,,not_reviewed,,
91,Baptisms-San-Antonio-Baptism-Records-1788-1824--1858-1898_p91-100.docx,2,rId5,word/media/image2.png,raw/fs_0091.png,PNG,1400,987,RGBA,1442231,a3857b5e4d17e55d4ae6aa1a613a81ad5df08c5c188d7d3987c48d10bb68452b,,analysis/fs_0091_analysis.png,thumbnails/fs_0091.jpg,dlstupka/hth-baptisms-san-antonio-1788-1824--1858-1898,9f03a2632820a26b9724dac7a7a62e87776b1b04,dlstupka/hth,4b0d7c9a16b00eb463a94355f4a2aaf9e69af020,,,,,,,,,,not_reviewed,,
92,Baptisms-San-Antonio-Baptism-Records-1788-1824--1858-1898_p91-100.docx,3,rId6,word/media/image3.png,raw/fs_0092.png,PNG,1365,985,RGBA,1336093,c806d11593868e4383fbd92476cfd1d7e052708737105ca4aad8cea9c42ed668,,analysis/fs_0092_analysis.png,thumbnails/fs_0092.jpg,dlstupka/hth-baptisms-san-antonio-1788-1824--1858-1898,9f03a2632820a26b9724dac7a7a62e87776b1b04,dlstupka/hth,4b0d7c9a16b00eb463a94355f4a2aaf9e69af020,,,,,,,,,,not_reviewed,,
93,Baptisms-San-Antonio-Baptism-Records-1788-1824--1858-1898_p91-100.docx,4,rId7,word/media/image4.png,raw/fs_0093.png,PNG,1408,986,RGBA,1469533,ce94dc46f1cca42526c45a2655d71ffee0a78d0e852b971d3912b461ff346981,,analysis/fs_0093_analysis.png,thumbnails/fs_0093.jpg,dlstupka/hth-baptisms-san-antonio-1788-1824--1858-1898,9f03a2632820a26b9724dac7a7a62e87776b1b04,dlstupka/hth,4b0d7c9a16b00eb463a94355f4a2aaf9e69af020,,,,,,,,,,not_reviewed,,
94,Baptisms-San-Antonio-Baptism-Records-1788-1824--1858-1898_p91-100.docx,5,rId8,word/media/image5.png,raw/fs_0094.png,PNG,1316,987,RGBA,1247853,b48b0c4d0287316f5e6ef9e51f49b1679a426315d35dec2da9b7076e4a4f72b6,,analysis/fs_0094_analysis.png,thumbnails/fs_0094.jpg,dlstupka/hth-baptisms-san-antonio-1788-1824--1858-1898,9f03a2632820a26b9724dac7a7a62e87776b1b04,dlstupka/hth,4b0d7c9a16b00eb463a94355f4a2aaf9e69af020,,,,,,,,,,not_reviewed,,
95,Baptisms-San-Antonio-Baptism-Records-1788-1824--1858-1898_p91-100.docx,6,rId9,word/media/image6.png,raw/fs_0095.png,PNG,1088,983,RGBA,742998,48ee1a156aa1b9504547ba422852e20ab80c3e8ba0e6a6df8124907045721efe,,analysis/fs_0095_analysis.png,thumbnails/fs_0095.jpg,dlstupka/hth-baptisms-san-antonio-1788-1824--1858-1898,9f03a2632820a26b9724dac7a7a62e87776b1b04,dlstupka/hth,4b0d7c9a16b00eb463a94355f4a2aaf9e69af020,,,,,,,,,,not_reviewed,,
96,Baptisms-San-Antonio-Baptism-Records-1788-1824--1858-1898_p91-100.docx,7,rId10,word/media/image7.png,raw/fs_0096.png,PNG,915,986,RGBA,636076,9f14c283e6da923fab7e5b5aa15f1087de5717a93815ab7b1e04b9bfa9122d0b,,analysis/fs_0096_analysis.png,thumbnails/fs_0096.jpg,dlstupka/hth-baptisms-san-antonio-1788-1824--1858-1898,9f03a2632820a26b9724dac7a7a62e87776b1b04,dlstupka/hth,4b0d7c9a16b00eb463a94355f4a2aaf9e69af020,,,,,,,,,,not_reviewed,,
97,Baptisms-San-Antonio-Baptism-Records-1788-1824--1858-1898_p91-100.docx,8,rId11,word/media/image8.png,raw/fs_0097.png,PNG,1228,987,RGBA,1155121,bce84a9b9b7060162920aab6af749b2d9d50ef6e70534224b2c54c51644319a7,,analysis/fs_0097_analysis.png,thumbnails/fs_0097.jpg,dlstupka/hth-baptisms-san-antonio-1788-1824--1858-1898,9f03a2632820a26b9724dac7a7a62e87776b1b04,dlstupka/hth,4b0d7c9a16b00eb463a94355f4a2aaf9e69af020,,,,,,,,,,not_reviewed,,
98,Baptisms-San-Antonio-Baptism-Records-1788-1824--1858-1898_p91-100.docx,9,rId12,word/media/image9.png,raw/fs_0098.png,PNG,1288,985,RGBA,1259054,38c20087d9fc205f54690039285e97008817c1c7df1898179d9729d6f9dcc6f0,,analysis/fs_0098_analysis.png,thumbnails/fs_0098.jpg,dlstupka/hth-baptisms-san-antonio-1788-1824--1858-1898,9f03a2632820a26b9724dac7a7a62e87776b1b04,dlstupka/hth,4b0d7c9a16b00eb463a94355f4a2aaf9e69af020,,,,,,,,,,not_reviewed,,
99,Baptisms-San-Antonio-Baptism-Records-1788-1824--1858-1898_p91-100.docx,10,rId13,word/media/image10.png,raw/fs_0099.png,PNG,1268,990,RGBA,1331922,a72430079ea1f573ea651b4511e195ef4f71f6351b8c12ee87111a0d6f70ca87,,analysis/fs_0099_analysis.png,thumbnails/fs_0099.jpg,dlstupka/hth-baptisms-san-antonio-1788-1824--1858-1898,9f03a2632820a26b9724dac7a7a62e87776b1b04,dlstupka/hth,4b0d7c9a16b00eb463a94355f4a2aaf9e69af020,,,,,,,,,,not_reviewed,,
100,Baptisms-San-Antonio-Baptism-Records-1788-1824--1858-1898_p101-200.docx,1,rId4,word/media/image1.png,raw/fs_0100.png,PNG,1601,1301,RGBA,2116432,ce5b462925c6c20cdc19cb8a55b43cb786a1b3692d7775c42b79eb9ad23b69f9,,analysis/fs_0100_analysis.png,thumbnails/fs_0100.jpg,dlstupka/hth-baptisms-san-antonio-1788-1824--1858-1898,9f03a2632820a26b9724dac7a7a62e87776b1b04,dlstupka/hth,4b0d7c9a16b00eb463a94355f4a2aaf9e69af020,,,,,,,,,,not_reviewed,,
101,Baptisms-San-Antonio-Baptism-Records-1788-1824--1858-1898_p101-200.docx,2,rId5,word/media/image2.png,raw/fs_0101.png,PNG,1596,1297,RGBA,2071136,7fb9bd1a005de833d93e69d333abeb6c407dde5f57c08560689583c56c8891b4,,analysis/fs_0101_analysis.png,thumbnails/fs_0101.jpg,dlstupka/hth-baptisms-san-antonio-1788-1824--1858-1898,9f03a2632820a26b9724dac7a7a62e87776b1b04,dlstupka/hth,4b0d7c9a16b00eb463a94355f4a2aaf9e69af020,,,,,,,,,,not_reviewed,,
102,Baptisms-San-Antonio-Baptism-Records-1788-1824--1858-1898_p101-200.docx,3,rId6,word/media/image3.png,raw/fs_0102.png,PNG,1585,1299,RGBA,2157617,205d099444cb207d608fb0a9c4ec644b68ab7d4f2002ee218b2f60b506a28415,,analysis/fs_0102_analysis.png,thumbnails/fs_0102.jpg,dlstupka/hth-baptisms-san-antonio-1788-1824--1858-1898,9f03a2632820a26b9724dac7a7a62e87776b1b04,dlstupka/hth,4b0d7c9a16b00eb463a94355f4a2aaf9e69af020,,,,,,,,,,not_reviewed,,
103,Baptisms-San-Antonio-Baptism-Records-1788-1824--1858-1898_p101-200.docx,4,rId7,word/media/image4.png,raw/fs_0103.png,PNG,1620,1297,RGBA,2185954,4ef947f2bb2de080acfa7d48e268438525724e9c22bb8ea2228b715683c75002,,analysis/fs_0103_analysis.png,thumbnails/fs_0103.jpg,dlstupka/hth-baptisms-san-antonio-1788-1824--1858-1898,9f03a2632820a26b9724dac7a7a62e87776b1b04,dlstupka/hth,4b0d7c9a16b00eb463a94355f4a2aaf9e69af020,,,,,,,,,,not_reviewed,,
104,Baptisms-San-Antonio-Baptism-Records-1788-1824--1858-1898_p101-200.docx,5,rId8,word/media/image5.png,raw/fs_0104.png,PNG,1637,1305,RGBA,2238961,aa24f443769a7f35fa51fd5b28ff7cb8db12f05e98ffd4409ee0b87a16c73281,,analysis/fs_0104_analysis.png,thumbnails/fs_0104.jpg,dlstupka/hth-baptisms-san-antonio-1788-1824--1858-1898,9f03a2632820a26b9724dac7a7a62e87776b1b04,dlstupka/hth,4b0d7c9a16b00eb463a94355f4a2aaf9e69af020,,,,,,,,,,not_reviewed,,
105,Baptisms-San-Antonio-Baptism-Records-1788-1824--1858-1898_p101-200.docx,6,rId9,word/media/image6.png,raw/fs_0105.png,PNG,1644,1299,RGBA,2147929,28bf0cd882fed0db3a12200dc7dfe4aa54b88ed74322d547188a40c6e3826826,,analysis/fs_0105_analysis.png,thumbnails/fs_0105.jpg,dlstupka/hth-baptisms-san-antonio-1788-1824--1858-1898,9f03a2632820a26b9724dac7a7a62e87776b1b04,dlstupka/hth,4b0d7c9a16b00eb463a94355f4a2aaf9e69af020,,,,,,,,,,not_reviewed,,
106,Baptisms-San-Antonio-Baptism-Records-1788-1824--1858-1898_p101-200.docx,7,rId10,word/media/image7.png,raw/fs_0106.png,PNG,1562,1298,RGBA,2027521,796bbb99e7ca611bfb9eb1f4a5e34119d465ee8bbe1c71269ae8e9d8cb86492f,,analysis/fs_0106_analysis.png,thumbnails/fs_0106.jpg,dlstupka/hth-baptisms-san-antonio-1788-1824--1858-1898,9f03a2632820a26b9724dac7a7a62e87776b1b04,dlstupka/hth,4b0d7c9a16b00eb463a94355f4a2aaf9e69af020,,,,,,,,,,not_reviewed,,
107,Baptisms-San-Antonio-Baptism-Records-1788-1824--1858-1898_p101-200.docx,8,rId11,word/media/image8.png,raw/fs_0107.png,PNG,1604,1302,RGBA,2023456,f77fe14cac9cd638f66b84493f34ef6bb962f8427ca9ec50a8ba68ecd3b54963,,analysis/fs_0107_analysis.png,thumbnails/fs_0107.jpg,dlstupka/hth-baptisms-san-antonio-1788-1824--1858-1898,9f03a2632820a26b9724dac7a7a62e87776b1b04,dlstupka/hth,4b0d7c9a16b00eb463a94355f4a2aaf9e69af020,,,,,,,,,,not_reviewed,,
108,Baptisms-San-Antonio-Baptism-Records-1788-1824--1858-1898_p101-200.docx,9,rId12,word/media/image9.png,raw/fs_0108.png,PNG,1538,1301,RGBA,2019817,11b51abfee00d062ca50f5ccf1e7d75ba0336bf2327f77c88a7970859c96a68c,,analysis/fs_0108_analysis.png,thumbnails/fs_0108.jpg,dlstupka/hth-baptisms-san-antonio-1788-1824--1858-1898,9f03a2632820a26b9724dac7a7a62e87776b1b04,dlstupka/hth,4b0d7c9a16b00eb463a94355f4a2aaf9e69af020,,,,,,,,,,not_reviewed,,
109,Baptisms-San-Antonio-Baptism-Records-1788-1824--1858-1898_p101-200.docx,10,rId13,word/media/image10.png,raw/fs_0109.png,PNG,1669,1301,RGBA,2020667,fef0989a3222afaab0f286a13057ae15ccc979cb94cf16d3ed5620625d9d4223,,analysis/fs_0109_analysis.png,thumbnails/fs_0109.jpg,dlstupka/hth-baptisms-san-antonio-1788-1824--1858-1898,9f03a2632820a26b9724dac7a7a62e87776b1b04,dlstupka/hth,4b0d7c9a16b00eb463a94355f4a2aaf9e69af020,,,,,,,,,,not_reviewed,,
110,Baptisms-San-Antonio-Baptism-Records-1788-1824--1858-1898_p101-200.docx,11,rId14,word/media/image11.png,raw/fs_0110.png,PNG,1623,1297,RGBA,2052626,90977f286c737b62faa49448799e396b93897a2760b6140d4b521bad27603cab,,analysis/fs_0110_analysis.png,thumbnails/fs_0110.jpg,dlstupka/hth-baptisms-san-antonio-1788-1824--1858-1898,9f03a2632820a26b9724dac7a7a62e87776b1b04,dlstupka/hth,4b0d7c9a16b00eb463a94355f4a2aaf9e69af020,,,,,,,,,,not_reviewed,,
111,Baptisms-San-Antonio-Baptism-Records-1788-1824--1858-1898_p101-200.docx,12,rId15,word/media/image12.png,raw/fs_0111.png,PNG,1650,1300,RGBA,2087058,d5a09179d26f4572fdb99c2f87559edcca00b0695281626fd812ae60e271cfad,,analysis/fs_0111_analysis.png,thumbnails/fs_0111.jpg,dlstupka/hth-baptisms-san-antonio-1788-1824--1858-1898,9f03a2632820a26b9724dac7a7a62e87776b1b04,dlstupka/hth,4b0d7c9a16b00eb463a94355f4a2aaf9e69af020,,,,,,,,,,not_reviewed,,
112,Baptisms-San-Antonio-Baptism-Records-1788-1824--1858-1898_p101-200.docx,13,rId16,word/media/image13.png,raw/fs_0112.png,PNG,1678,1304,RGBA,2237238,bde4a0a380f321d0c21a2ca5d7a5dc0ce1854c0a0e82d9d92e8bf56630527d96,,analysis/fs_0112_analysis.png,thumbnails/fs_0112.jpg,dlstupka/hth-baptisms-san-antonio-1788-1824--1858-1898,9f03a2632820a26b9724dac7a7a62e87776b1b04,dlstupka/hth,4b0d7c9a16b00eb463a94355f4a2aaf9e69af020,,,,,,,,,,not_reviewed,,
113,Baptisms-San-Antonio-Baptism-Records-1788-1824--1858-1898_p101-200.docx,14,rId17,word/media/image14.png,raw/fs_0113.png,PNG,1677,1300,RGBA,2245894,9c2c6cfc4cd2dce6db89a562893f99b87e17d424d878cc5f8bf00f86091bfbb6,,analysis/fs_0113_analysis.png,thumbnails/fs_0113.jpg,dlstupka/hth-baptisms-san-antonio-1788-1824--1858-1898,9f03a2632820a26b9724dac7a7a62e87776b1b04,dlstupka/hth,4b0d7c9a16b00eb463a94355f4a2aaf9e69af020,,,,,,,,,,not_reviewed,,
114,Baptisms-San-Antonio-Baptism-Records-1788-1824--1858-1898_p101-200.docx,15,rId18,word/media/image15.png,raw/fs_0114.png,PNG,1661,1299,RGBA,2167228,5b97854582950727421011bd79b9fc6033a244a9751bd8e4a808450dc4d7839d,,analysis/fs_0114_analysis.png,thumbnails/fs_0114.jpg,dlstupka/hth-baptisms-san-antonio-1788-1824--1858-1898,9f03a2632820a26b9724dac7a7a62e87776b1b04,dlstupka/hth,4b0d7c9a16b00eb463a94355f4a2aaf9e69af020,,,,,,,,,,not_reviewed,,
115,Baptisms-San-Antonio-Baptism-Records-1788-1824--1858-1898_p101-200.docx,16,rId19,word/media/image16.png,raw/fs_0115.png,PNG,1592,1303,RGBA,2220096,c5f09b08ca0b0abb2ac4ca8813c0791135ff7e3a9612721576224d9929f77810,,analysis/fs_0115_analysis.png,thumbnails/fs_0115.jpg,dlstupka/hth-baptisms-san-antonio-1788-1824--1858-1898,9f03a2632820a26b9724dac7a7a62e87776b1b04,dlstupka/hth,4b0d7c9a16b00eb463a94355f4a2aaf9e69af020,,,,,,,,,,not_reviewed,,
116,Baptisms-San-Antonio-Baptism-Records-1788-1824--1858-1898_p101-200.docx,17,rId20,word/media/image17.png,raw/fs_0116.png,PNG,1639,1303,RGBA,2170027,28be67db7944f5047bb7fc618de6c4b15d7dff273cee42e599dc3756f52bfae4,,analysis/fs_0116_analysis.png,thumbnails/fs_0116.jpg,dlstupka/hth-baptisms-san-antonio-1788-1824--1858-1898,9f03a2632820a26b9724dac7a7a62e87776b1b04,dlstupka/hth,4b0d7c9a16b00eb463a94355f4a2aaf9e69af020,,,,,,,,,,not_reviewed,,
117,Baptisms-San-Antonio-Baptism-Records-1788-1824--1858-1898_p101-200.docx,18,rId21,word/media/image18.png,raw/fs_0117.png,PNG,1629,1303,RGBA,2094605,3565b177c56f8e40df7bfbe3d9de1a342b259b4bd72298a0f3118344de08ff24,,analysis/fs_0117_analysis.png,thumbnails/fs_0117.jpg,dlstupka/hth-baptisms-san-antonio-1788-1824--1858-1898,9f03a2632820a26b9724dac7a7a62e87776b1b04,dlstupka/hth,4b0d7c9a16b00eb463a94355f4a2aaf9e69af020,,,,,,,,,,not_reviewed,,
118,Baptisms-San-Antonio-Baptism-Records-1788-1824--1858-1898_p101-200.docx,19,rId22,word/media/image19.png,raw/fs_0118.png,PNG,1704,1300,RGBA,2128667,4ef1126e879c2fe57dde1ad862d0d4771fb66abc37a7ce482bfe7646ef5be29d,,analysis/fs_0118_analysis.png,thumbnails/fs_0118.jpg,dlstupka/hth-baptisms-san-antonio-1788-1824--1858-1898,9f03a2632820a26b9724dac7a7a62e87776b1b04,dlstupka/hth,4b0d7c9a16b00eb463a94355f4a2aaf9e69af020,,,,,,,,,,not_reviewed,,
119,Baptisms-San-Antonio-Baptism-Records-1788-1824--1858-1898_p101-200.docx,20,rId23,word/media/image20.png,raw/fs_0119.png,PNG,1569,1303,RGBA,2106268,a7c0c69f251dfaeed098452ef9ac6c12eb2a0a0556977903ea2fce670e29b8bc,,analysis/fs_0119_analysis.png,thumbnails/fs_0119.jpg,dlstupka/hth-baptisms-san-antonio-1788-1824--1858-1898,9f03a2632820a26b9724dac7a7a62e87776b1b04,dlstupka/hth,4b0d7c9a16b00eb463a94355f4a2aaf9e69af020,,,,,,,,,,not_reviewed,,
120,Baptisms-San-Antonio-Baptism-Records-1788-1824--1858-1898_p101-200.docx,21,rId24,word/media/image21.png,raw/fs_0120.png,PNG,1538,1298,RGBA,2050064,057161d90ed6214c9860d0d54c5d06b876ebb2d62bc07a68c8b2950f27ea0aa9,,analysis/fs_0120_analysis.png,thumbnails/fs_0120.jpg,dlstupka/hth-baptisms-san-antonio-1788-1824--1858-1898,9f03a2632820a26b9724dac7a7a62e87776b1b04,dlstupka/hth,4b0d7c9a16b00eb463a94355f4a2aaf9e69af020,,,,,,,,,,not_reviewed,,
121,Baptisms-San-Antonio-Baptism-Records-1788-1824--1858-1898_p101-200.docx,22,rId25,word/media/image22.png,raw/fs_0121.png,PNG,1571,1301,RGBA,1995304,c1d943279dea4bee434bce37de46f76587bd1fe237f043b5c729abbd228e8c4f,,analysis/fs_0121_analysis.png,thumbnails/fs_0121.jpg,dlstupka/hth-baptisms-san-antonio-1788-1824--1858-1898,9f03a2632820a26b9724dac7a7a62e87776b1b04,dlstupka/hth,4b0d7c9a16b00eb463a94355f4a2aaf9e69af020,,,,,,,,,,not_reviewed,,
122,Baptisms-San-Antonio-Baptism-Records-1788-1824--1858-1898_p101-200.docx,23,rId26,word/media/image23.png,raw/fs_0122.png,PNG,1677,1303,RGBA,2088268,25dc25bace82d06c9cc3c49d0537e543241fea0400cfab44f637dd31b8f7f03f,,analysis/fs_0122_analysis.png,thumbnails/fs_0122.jpg,dlstupka/hth-baptisms-san-antonio-1788-1824--1858-1898,9f03a2632820a26b9724dac7a7a62e87776b1b04,dlstupka/hth,4b0d7c9a16b00eb463a94355f4a2aaf9e69af020,,,,,,,,,,not_reviewed,,
123,Baptisms-San-Antonio-Baptism-Records-1788-1824--1858-1898_p101-200.docx,24,rId27,word/media/image24.png,raw/fs_0123.png,PNG,1536,1304,RGBA,2002637,2eb10d0e4e1f8c46bde1e09e6c04307d47d7fcacb14266aaf7031404e2189b04,,analysis/fs_0123_analysis.png,thumbnails/fs_0123.jpg,dlstupka/hth-baptisms-san-antonio-1788-1824--1858-1898,9f03a2632820a26b9724dac7a7a62e87776b1b04,dlstupka/hth,4b0d7c9a16b00eb463a94355f4a2aaf9e69af020,,,,,,,,,,not_reviewed,,
124,Baptisms-San-Antonio-Baptism-Records-1788-1824--1858-1898_p101-200.docx,25,rId28,word/media/image25.png,raw/fs_0124.png,PNG,1573,1301,RGBA,2087934,0b436e395857aed4493f0813fcb39bc998fffa99cd1248781771770ba8298a38,,analysis/fs_0124_analysis.png,thumbnails/fs_0124.jpg,dlstupka/hth-baptisms-san-antonio-1788-1824--1858-1898,9f03a2632820a26b9724dac7a7a62e87776b1b04,dlstupka/hth,4b0d7c9a16b00eb463a94355f4a2aaf9e69af020,,,,,,,,,,not_reviewed,,
125,Baptisms-San-Antonio-Baptism-Records-1788-1824--1858-1898_p101-200.docx,26,rId29,word/media/image26.png,raw/fs_0125.png,PNG,1562,1302,RGBA,2077444,973cc6ba429969c1df2f51d4f78030a15a2d3725b392b4fa881a3468c183d715,,analysis/fs_0125_analysis.png,thumbnails/fs_0125.jpg,dlstupka/hth-baptisms-san-antonio-1788-1824--1858-1898,9f03a2632820a26b9724dac7a7a62e87776b1b04,dlstupka/hth,4b0d7c9a16b00eb463a94355f4a2aaf9e69af020,,,,,,,,,,not_reviewed,,
126,Baptisms-San-Antonio-Baptism-Records-1788-1824--1858-1898_p101-200.docx,27,rId30,word/media/image27.png,raw/fs_0126.png,PNG,1679,1304,RGBA,2096773,aea67fe39f54978d555cd8ae7f62b2aa8dabdfdd840c94197e4446c422372b36,,analysis/fs_0126_analysis.png,thumbnails/fs_0126.jpg,dlstupka/hth-baptisms-san-antonio-1788-1824--1858-1898,9f03a2632820a26b9724dac7a7a62e87776b1b04,dlstupka/hth,4b0d7c9a16b00eb463a94355f4a2aaf9e69af020,,,,,,,,,,not_reviewed,,
127,Baptisms-San-Antonio-Baptism-Records-1788-1824--1858-1898_p101-200.docx,28,rId31,word/media/image28.png,raw/fs_0127.png,PNG,1686,1303,RGBA,2062403,14c08e751a567f940c4e7f50ec7be24a07a4a07e5a190abdbff8b740dbd82e60,,analysis/fs_0127_analysis.png,thumbnails/fs_0127.jpg,dlstupka/hth-baptisms-san-antonio-1788-1824--1858-1898,9f03a2632820a26b9724dac7a7a62e87776b1b04,dlstupka/hth,4b0d7c9a16b00eb463a94355f4a2aaf9e69af020,,,,,,,,,,not_reviewed,,
128,Baptisms-San-Antonio-Baptism-Records-1788-1824--1858-1898_p101-200.docx,29,rId32,word/media/image29.png,raw/fs_0128.png,PNG,1623,1300,RGBA,2118230,f3924769085c1808d881c4d3f4a91e1030e1a7c8e9ef719f6027e775f189f420,,analysis/fs_0128_analysis.png,thumbnails/fs_0128.jpg,dlstupka/hth-baptisms-san-antonio-1788-1824--1858-1898,9f03a2632820a26b9724dac7a7a62e87776b1b04,dlstupka/hth,4b0d7c9a16b00eb463a94355f4a2aaf9e69af020,,,,,,,,,,not_reviewed,,
129,Baptisms-San-Antonio-Baptism-Records-1788-1824--1858-1898_p101-200.docx,30,rId33,word/media/image30.png,raw/fs_0129.png,PNG,1640,1304,RGBA,2171489,cb744a78462b6483080f8cbe0aa2103f5c4429b2267594f6298972178497e421,,analysis/fs_0129_analysis.png,thumbnails/fs_0129.jpg,dlstupka/hth-baptisms-san-antonio-1788-1824--1858-1898,9f03a2632820a26b9724dac7a7a62e87776b1b04,dlstupka/hth,4b0d7c9a16b00eb463a94355f4a2aaf9e69af020,,,,,,,,,,not_reviewed,,
130,Baptisms-San-Antonio-Baptism-Records-1788-1824--1858-1898_p101-200.docx,31,rId34,word/media/image31.png,raw/fs_0130.png,PNG,1691,1302,RGBA,2122014,2adf0274c9e9dead73c19610cc395929cef60cbf81be9af707d4492f25d9b940,,analysis/fs_0130_analysis.png,thumbnails/fs_0130.jpg,dlstupka/hth-baptisms-san-antonio-1788-1824--1858-1898,9f03a2632820a26b9724dac7a7a62e87776b1b04,dlstupka/hth,4b0d7c9a16b00eb463a94355f4a2aaf9e69af020,,,,,,,,,,not_reviewed,,
131,Baptisms-San-Antonio-Baptism-Records-1788-1824--1858-1898_p101-200.docx,32,rId35,word/media/image32.png,raw/fs_0131.png,PNG,1687,1294,RGBA,2093132,87624b2847cca145796a9f701ef9540285c60b939167bb25cae385307c308dc6,,analysis/fs_0131_analysis.png,thumbnails/fs_0131.jpg,dlstupka/hth-baptisms-san-antonio-1788-1824--1858-1898,9f03a2632820a26b9724dac7a7a62e87776b1b04,dlstupka/hth,4b0d7c9a16b00eb463a94355f4a2aaf9e69af020,,,,,,,,,,not_reviewed,,
132,Baptisms-San-Antonio-Baptism-Records-1788-1824--1858-1898_p101-200.docx,33,rId36,word/media/image33.png,raw/fs_0132.png,PNG,1663,1302,RGBA,2173985,33caa94c4758d2f62f856f2ccff97f56d392b9627bd14ea1376464086f9d0255,,analysis/fs_0132_analysis.png,thumbnails/fs_0132.jpg,dlstupka/hth-baptisms-san-antonio-1788-1824--1858-1898,9f03a2632820a26b9724dac7a7a62e87776b1b04,dlstupka/hth,4b0d7c9a16b00eb463a94355f4a2aaf9e69af020,,,,,,,,,,not_reviewed,,
133,Baptisms-San-Antonio-Baptism-Records-1788-1824--1858-1898_p101-200.docx,34,rId37,word/media/image34.png,raw/fs_0133.png,PNG,1431,1167,RGBA,1819099,e8ce0eaa8a108d827706a6562a23bdfd7014cf49a813d622920661e067675e04,,analysis/fs_0133_analysis.png,thumbnails/fs_0133.jpg,dlstupka/hth-baptisms-san-antonio-1788-1824--1858-1898,9f03a2632820a26b9724dac7a7a62e87776b1b04,dlstupka/hth,4b0d7c9a16b00eb463a94355f4a2aaf9e69af020,,,,,,,,,,not_reviewed,,
134,Baptisms-San-Antonio-Baptism-Records-1788-1824--1858-1898_p101-200.docx,35,rId38,word/media/image35.png,raw/fs_0134.png,PNG,1522,1173,RGBA,1735763,d5c929ae04c0f427d4280b8d55dbd4f28c13409fbc7c07961993c2f9b52d0c4f,,analysis/fs_0134_analysis.png,thumbnails/fs_0134.jpg,dlstupka/hth-baptisms-san-antonio-1788-1824--1858-1898,9f03a2632820a26b9724dac7a7a62e87776b1b04,dlstupka/hth,4b0d7c9a16b00eb463a94355f4a2aaf9e69af020,,,,,,,,,,not_reviewed,,
135,Baptisms-San-Antonio-Baptism-Records-1788-1824--1858-1898_p101-200.docx,36,rId39,word/media/image36.png,raw/fs_0135.png,PNG,1485,1174,RGBA,1775704,620a57b97e4b68f8c3f529e05b45bb1fb944c1db038e96e5e4f6c7640983e375,,analysis/fs_0135_analysis.png,thumbnails/fs_0135.jpg,dlstupka/hth-baptisms-san-antonio-1788-1824--1858-1898,9f03a2632820a26b9724dac7a7a62e87776b1b04,dlstupka/hth,4b0d7c9a16b00eb463a94355f4a2aaf9e69af020,,,,,,,,,,not_reviewed,,
136,Baptisms-San-Antonio-Baptism-Records-1788-1824--1858-1898_p101-200.docx,37,rId40,word/media/image37.png,raw/fs_0136.png,PNG,1532,1173,RGBA,1714789,04d39297be64986787b3c0d5f1de3e7deeb6e54b984c1130ceefc3802bbfe517,,analysis/fs_0136_analysis.png,thumbnails/fs_0136.jpg,dlstupka/hth-baptisms-san-antonio-1788-1824--1858-1898,9f03a2632820a26b9724dac7a7a62e87776b1b04,dlstupka/hth,4b0d7c9a16b00eb463a94355f4a2aaf9e69af020,,,,,,,,,,not_reviewed,,
137,Baptisms-San-Antonio-Baptism-Records-1788-1824--1858-1898_p101-200.docx,38,rId41,word/media/image38.png,raw/fs_0137.png,PNG,1424,1175,RGBA,1682116,1959438b4488466eb9e396e574360dda1e1ba21550516f39e15a3ed537cc4003,,analysis/fs_0137_analysis.png,thumbnails/fs_0137.jpg,dlstupka/hth-baptisms-san-antonio-1788-1824--1858-1898,9f03a2632820a26b9724dac7a7a62e87776b1b04,dlstupka/hth,4b0d7c9a16b00eb463a94355f4a2aaf9e69af020,,,,,,,,,,not_reviewed,,
138,Baptisms-San-Antonio-Baptism-Records-1788-1824--1858-1898_p101-200.docx,39,rId42,word/media/image39.png,raw/fs_0138.png,PNG,1540,1173,RGBA,1746257,095150fe7f66c9c04e2c22818a8d33af08b6371596208d2bc0f9ff5de001ab63,,analysis/fs_0138_analysis.png,thumbnails/fs_0138.jpg,dlstupka/hth-baptisms-san-antonio-1788-1824--1858-1898,9f03a2632820a26b9724dac7a7a62e87776b1b04,dlstupka/hth,4b0d7c9a16b00eb463a94355f4a2aaf9e69af020,,,,,,,,,,not_reviewed,,
139,Baptisms-San-Antonio-Baptism-Records-1788-1824--1858-1898_p101-200.docx,40,rId43,word/media/image40.png,raw/fs_0139.png,PNG,1446,1175,RGBA,1815045,f3c23ed0b426355e93d0dd402e140b47ab7848809a0b40621c1c98bcb9b1b2e9,,analysis/fs_0139_analysis.png,thumbnails/fs_0139.jpg,dlstupka/hth-baptisms-san-antonio-1788-1824--1858-1898,9f03a2632820a26b9724dac7a7a62e87776b1b04,dlstupka/hth,4b0d7c9a16b00eb463a94355f4a2aaf9e69af020,,,,,,,,,,not_reviewed,,
140,Baptisms-San-Antonio-Baptism-Records-1788-1824--1858-1898_p101-200.docx,41,rId44,word/media/image41.png,raw/fs_0140.png,PNG,1417,1170,RGBA,1669195,aa2af7139d1f329b1bcf56c340808b82495cc7880ef82d9beecbcd13abdd5c62,,analysis/fs_0140_analysis.png,thumbnails/fs_0140.jpg,dlstupka/hth-baptisms-san-antonio-1788-1824--1858-1898,9f03a2632820a26b9724dac7a7a62e87776b1b04,dlstupka/hth,4b0d7c9a16b00eb463a94355f4a2aaf9e69af020,,,,,,,,,,not_reviewed,,
141,Baptisms-San-Antonio-Baptism-Records-1788-1824--1858-1898_p101-200.docx,42,rId45,word/media/image42.png,raw/fs_0141.png,PNG,1520,1171,RGBA,1710202,98dc602e5665df7b3a984667574af9dc33c397b96e2b818b51d77891344a507a,,analysis/fs_0141_analysis.png,thumbnails/fs_0141.jpg,dlstupka/hth-baptisms-san-antonio-1788-1824--1858-1898,9f03a2632820a26b9724dac7a7a62e87776b1b04,dlstupka/hth,4b0d7c9a16b00eb463a94355f4a2aaf9e69af020,,,,,,,,,,not_reviewed,,
142,Baptisms-San-Antonio-Baptism-Records-1788-1824--1858-1898_p101-200.docx,43,rId46,word/media/image43.png,raw/fs_0142.png,PNG,1523,1170,RGBA,1722419,4fa6810b21d8befb8e3e586a4fa37a079df4ccb777854fea2e9adc697a7b83df,,analysis/fs_0142_analysis.png,thumbnails/fs_0142.jpg,dlstupka/hth-baptisms-san-antonio-1788-1824--1858-1898,9f03a2632820a26b9724dac7a7a62e87776b1b04,dlstupka/hth,4b0d7c9a16b00eb463a94355f4a2aaf9e69af020,,,,,,,,,,not_reviewed,,
143,Baptisms-San-Antonio-Baptism-Records-1788-1824--1858-1898_p101-200.docx,44,rId47,word/media/image44.png,raw/fs_0143.png,PNG,1448,1168,RGBA,1696640,4e0ab27be79a25cbb955137f7893d9f37cc60f68aa9b67e19beeef6ef7050388,,analysis/fs_0143_analysis.png,thumbnails/fs_0143.jpg,dlstupka/hth-baptisms-san-antonio-1788-1824--1858-1898,9f03a2632820a26b9724dac7a7a62e87776b1b04,dlstupka/hth,4b0d7c9a16b00eb463a94355f4a2aaf9e69af020,,,,,,,,,,not_reviewed,,
144,Baptisms-San-Antonio-Baptism-Records-1788-1824--1858-1898_p101-200.docx,45,rId48,word/media/image45.png,raw/fs_0144.png,PNG,1519,1169,RGBA,1781837,2e50e99af9b1aa2ea8fd3ed181cf9fd9dbdc77ff3cfb223e2c09e6f436746c58,,analysis/fs_0144_analysis.png,thumbnails/fs_0144.jpg,dlstupka/hth-baptisms-san-antonio-1788-1824--1858-1898,9f03a2632820a26b9724dac7a7a62e87776b1b04,dlstupka/hth,4b0d7c9a16b00eb463a94355f4a2aaf9e69af020,,,,,,,,,,not_reviewed,,
145,Baptisms-San-Antonio-Baptism-Records-1788-1824--1858-1898_p101-200.docx,46,rId49,word/media/image46.png,raw/fs_0145.png,PNG,1526,1169,RGBA,1739022,ae736375788f46d59c8efe2adb442b5da04d842f04b6e2dced6b720d1464a55f,,analysis/fs_0145_analysis.png,thumbnails/fs_0145.jpg,dlstupka/hth-baptisms-san-antonio-1788-1824--1858-1898,9f03a2632820a26b9724dac7a7a62e87776b1b04,dlstupka/hth,4b0d7c9a16b00eb463a94355f4a2aaf9e69af020,,,,,,,,,,not_reviewed,,
146,Baptisms-San-Antonio-Baptism-Records-1788-1824--1858-1898_p101-200.docx,47,rId50,word/media/image47.png,raw/fs_0146.png,PNG,1534,1169,RGBA,1777915,394b6bd7f69ba0f6e208f2f1b9a7b75b1230d7c2f8555eb7c70440f57b8e7e3c,,analysis/fs_0146_analysis.png,thumbnails/fs_0146.jpg,dlstupka/hth-baptisms-san-antonio-1788-1824--1858-1898,9f03a2632820a26b9724dac7a7a62e87776b1b04,dlstupka/hth,4b0d7c9a16b00eb463a94355f4a2aaf9e69af020,,,,,,,,,,not_reviewed,,
147,Baptisms-San-Antonio-Baptism-Records-1788-1824--1858-1898_p101-200.docx,48,rId51,word/media/image48.png,raw/fs_0147.png,PNG,1532,1176,RGBA,1785909,106b52e35f8089acadbb2cdea71b8a0783f3510db9a959fc80e202492aea3c51,,analysis/fs_0147_analysis.png,thumbnails/fs_0147.jpg,dlstupka/hth-baptisms-san-antonio-1788-1824--1858-1898,9f03a2632820a26b9724dac7a7a62e87776b1b04,dlstupka/hth,4b0d7c9a16b00eb463a94355f4a2aaf9e69af020,,,,,,,,,,not_reviewed,,
148,Baptisms-San-Antonio-Baptism-Records-1788-1824--1858-1898_p101-200.docx,49,rId52,word/media/image49.png,raw/fs_0148.png,PNG,1514,1174,RGBA,1711444,7fff3f79715a1fd222e721dc71a4af5a55245376152d00ff5d071a9067910ed1,,analysis/fs_0148_analysis.png,thumbnails/fs_0148.jpg,dlstupka/hth-baptisms-san-antonio-1788-1824--1858-1898,9f03a2632820a26b9724dac7a7a62e87776b1b04,dlstupka/hth,4b0d7c9a16b00eb463a94355f4a2aaf9e69af020,,,,,,,,,,not_reviewed,,
149,Baptisms-San-Antonio-Baptism-Records-1788-1824--1858-1898_p101-200.docx,50,rId53,word/media/image50.png,raw/fs_0149.png,PNG,1529,1172,RGBA,1792469,9acd14ba5463a85ea68c4ebf87a5e8feaa8d08fd15295176f7db8d7355dcbfe7,,analysis/fs_0149_analysis.png,thumbnails/fs_0149.jpg,dlstupka/hth-baptisms-san-antonio-1788-1824--1858-1898,9f03a2632820a26b9724dac7a7a62e87776b1b04,dlstupka/hth,4b0d7c9a16b00eb463a94355f4a2aaf9e69af020,,,,,,,,,,not_reviewed,,
150,Baptisms-San-Antonio-Baptism-Records-1788-1824--1858-1898_p101-200.docx,51,rId54,word/media/image51.png,raw/fs_0150.png,PNG,1529,1171,RGBA,1763846,f8f2ff0a2a136b1f55bfb3e5233950dbb741756be12afe32817ec3dd185695a5,,analysis/fs_0150_analysis.png,thumbnails/fs_0150.jpg,dlstupka/hth-baptisms-san-antonio-1788-1824--1858-1898,9f03a2632820a26b9724dac7a7a62e87776b1b04,dlstupka/hth,4b0d7c9a16b00eb463a94355f4a2aaf9e69af020,,,,,,,,,,not_reviewed,,
151,Baptisms-San-Antonio-Baptism-Records-1788-1824--1858-1898_p101-200.docx,52,rId55,word/media/image52.png,raw/fs_0151.png,PNG,1539,1170,RGBA,1786125,96e01a5595feb0475af55966c910e43edbc2d22cbfe3167bbea96e320b1391fb,,analysis/fs_0151_analysis.png,thumbnails/fs_0151.jpg,dlstupka/hth-baptisms-san-antonio-1788-1824--1858-1898,9f03a2632820a26b9724dac7a7a62e87776b1b04,dlstupka/hth,4b0d7c9a16b00eb463a94355f4a2aaf9e69af020,,,,,,,,,,not_reviewed,,
152,Baptisms-San-Antonio-Baptism-Records-1788-1824--1858-1898_p101-200.docx,53,rId56,word/media/image53.png,raw/fs_0152.png,PNG,1517,1166,RGBA,1787590,8589622c88c0500b675c8422a0213cb984483944e1c97b6eb17c91cdaa7ff3bb,,analysis/fs_0152_analysis.png,thumbnails/fs_0152.jpg,dlstupka/hth-baptisms-san-antonio-1788-1824--1858-1898,9f03a2632820a26b9724dac7a7a62e87776b1b04,dlstupka/hth,4b0d7c9a16b00eb463a94355f4a2aaf9e69af020,,,,,,,,,,not_reviewed,,
153,Baptisms-San-Antonio-Baptism-Records-1788-1824--1858-1898_p101-200.docx,54,rId57,word/media/image54.png,raw/fs_0153.png,PNG,1515,1176,RGBA,1768728,4e7fb8ef729efa3395c2a77a1e4a76af264ad5059fdeba0abe60ac252afde7d4,,analysis/fs_0153_analysis.png,thumbnails/fs_0153.jpg,dlstupka/hth-baptisms-san-antonio-1788-1824--1858-1898,9f03a2632820a26b9724dac7a7a62e87776b1b04,dlstupka/hth,4b0d7c9a16b00eb463a94355f4a2aaf9e69af020,,,,,,,,,,not_reviewed,,
154,Baptisms-San-Antonio-Baptism-Records-1788-1824--1858-1898_p101-200.docx,55,rId58,word/media/image55.png,raw/fs_0154.png,PNG,1528,1175,RGBA,1767946,6239f64880a40f6fd0f4ad7e75b65b686cfc067abcda0bf825ab6de983d87f57,,analysis/fs_0154_analysis.png,thumbnails/fs_0154.jpg,dlstupka/hth-baptisms-san-antonio-1788-1824--1858-1898,9f03a2632820a26b9724dac7a7a62e87776b1b04,dlstupka/hth,4b0d7c9a16b00eb463a94355f4a2aaf9e69af020,,,,,,,,,,not_reviewed,,
155,Baptisms-San-Antonio-Baptism-Records-1788-1824--1858-1898_p101-200.docx,56,rId59,word/media/image56.png,raw/fs_0155.png,PNG,1518,1172,RGBA,1917987,dee1768a58564ef3ce3cc6f0dffbd7b7c46384290121b44b5de45debbae0ea38,,analysis/fs_0155_analysis.png,thumbnails/fs_0155.jpg,dlstupka/hth-baptisms-san-antonio-1788-1824--1858-1898,9f03a2632820a26b9724dac7a7a62e87776b1b04,dlstupka/hth,4b0d7c9a16b00eb463a94355f4a2aaf9e69af020,,,,,,,,,,not_reviewed,,
156,Baptisms-San-Antonio-Baptism-Records-1788-1824--1858-1898_p101-200.docx,57,rId60,word/media/image57.png,raw/fs_0156.png,PNG,1417,1174,RGBA,1751095,1b23e36f4cc7bdc453374577514d9949110b159efc559ae3aa5cb028a27709dd,,analysis/fs_0156_analysis.png,thumbnails/fs_0156.jpg,dlstupka/hth-baptisms-san-antonio-1788-1824--1858-1898,9f03a2632820a26b9724dac7a7a62e87776b1b04,dlstupka/hth,4b0d7c9a16b00eb463a94355f4a2aaf9e69af020,,,,,,,,,,not_reviewed,,
157,Baptisms-San-Antonio-Baptism-Records-1788-1824--1858-1898_p101-200.docx,58,rId61,word/media/image58.png,raw/fs_0157.png,PNG,1512,1168,RGBA,1737515,add657044b871041950b2cdcaae7e4f565c80ca0680fd05551e5b7cb7992574d,,analysis/fs_0157_analysis.png,thumbnails/fs_0157.jpg,dlstupka/hth-baptisms-san-antonio-1788-1824--1858-1898,9f03a2632820a26b9724dac7a7a62e87776b1b04,dlstupka/hth,4b0d7c9a16b00eb463a94355f4a2aaf9e69af020,,,,,,,,,,not_reviewed,,
158,Baptisms-San-Antonio-Baptism-Records-1788-1824--1858-1898_p101-200.docx,59,rId62,word/media/image59.png,raw/fs_0158.png,PNG,1518,1172,RGBA,1736134,1548da223309532b421cfc3f403da73248c88ac1708bc135d6d478d402cd672e,,analysis/fs_0158_analysis.png,thumbnails/fs_0158.jpg,dlstupka/hth-baptisms-san-antonio-1788-1824--1858-1898,9f03a2632820a26b9724dac7a7a62e87776b1b04,dlstupka/hth,4b0d7c9a16b00eb463a94355f4a2aaf9e69af020,,,,,,,,,,not_reviewed,,
159,Baptisms-San-Antonio-Baptism-Records-1788-1824--1858-1898_p101-200.docx,60,rId63,word/media/image60.png,raw/fs_0159.png,PNG,1471,1162,RGBA,1740198,37bdaecc81ca4ad118c1f71ff52dd38c1e3e66ad77cf44cab3888dfd3062f726,,analysis/fs_0159_analysis.png,thumbnails/fs_0159.jpg,dlstupka/hth-baptisms-san-antonio-1788-1824--1858-1898,9f03a2632820a26b9724dac7a7a62e87776b1b04,dlstupka/hth,4b0d7c9a16b00eb463a94355f4a2aaf9e69af020,,,,,,,,,,not_reviewed,,
160,Baptisms-San-Antonio-Baptism-Records-1788-1824--1858-1898_p101-200.docx,61,rId64,word/media/image61.png,raw/fs_0160.png,PNG,1489,1155,RGBA,1738856,ef2818156c2a15ff39a2e03717305a2c5f519099e4cb23b50274712e6ecb98ff,,analysis/fs_0160_analysis.png,thumbnails/fs_0160.jpg,dlstupka/hth-baptisms-san-antonio-1788-1824--1858-1898,9f03a2632820a26b9724dac7a7a62e87776b1b04,dlstupka/hth,4b0d7c9a16b00eb463a94355f4a2aaf9e69af020,,,,,,,,,,not_reviewed,,
161,Baptisms-San-Antonio-Baptism-Records-1788-1824--1858-1898_p101-200.docx,62,rId65,word/media/image62.png,raw/fs_0161.png,PNG,1514,1161,RGBA,1736018,0c20df533b4f70a25bf6f8ec76dc1b49ba562952ffb8b349fbea979725ffc752,,analysis/fs_0161_analysis.png,thumbnails/fs_0161.jpg,dlstupka/hth-baptisms-san-antonio-1788-1824--1858-1898,9f03a2632820a26b9724dac7a7a62e87776b1b04,dlstupka/hth,4b0d7c9a16b00eb463a94355f4a2aaf9e69af020,,,,,,,,,,not_reviewed,,
162,Baptisms-San-Antonio-Baptism-Records-1788-1824--1858-1898_p101-200.docx,63,rId66,word/media/image63.png,raw/fs_0162.png,PNG,1506,1159,RGBA,1791923,95dd38b9f1449cedcf20826637b042a6c00cfd6c42b169d1d8f8e306a66044c5,,analysis/fs_0162_analysis.png,thumbnails/fs_0162.jpg,dlstupka/hth-baptisms-san-antonio-1788-1824--1858-1898,9f03a2632820a26b9724dac7a7a62e87776b1b04,dlstupka/hth,4b0d7c9a16b00eb463a94355f4a2aaf9e69af020,,,,,,,,,,not_reviewed,,
163,Baptisms-San-Antonio-Baptism-Records-1788-1824--1858-1898_p101-200.docx,64,rId67,word/media/image64.png,raw/fs_0163.png,PNG,1456,1167,RGBA,1738363,83824d899ae5d4ab6e277085e1a969d53f72c488a97214ff5e07bdd8b8b36e6e,,analysis/fs_0163_analysis.png,thumbnails/fs_0163.jpg,dlstupka/hth-baptisms-san-antonio-1788-1824--1858-1898,9f03a2632820a26b9724dac7a7a62e87776b1b04,dlstupka/hth,4b0d7c9a16b00eb463a94355f4a2aaf9e69af020,,,,,,,,,,not_reviewed,,
164,Baptisms-San-Antonio-Baptism-Records-1788-1824--1858-1898_p101-200.docx,65,rId68,word/media/image65.png,raw/fs_0164.png,PNG,1464,1166,RGBA,1715411,0f8efaeb5ee7900a97158e409b63dcd744a0c8922393aa10bcab2b57234fc5b9,,analysis/fs_0164_analysis.png,thumbnails/fs_0164.jpg,dlstupka/hth-baptisms-san-antonio-1788-1824--1858-1898,9f03a2632820a26b9724dac7a7a62e87776b1b04,dlstupka/hth,4b0d7c9a16b00eb463a94355f4a2aaf9e69af020,,,,,,,,,,not_reviewed,,
165,Baptisms-San-Antonio-Baptism-Records-1788-1824--1858-1898_p101-200.docx,66,rId69,word/media/image66.png,raw/fs_0165.png,PNG,1505,1169,RGBA,1859937,34b88b65a993e6110564cf2db28418e6762bdcb84cb58d250cec0b11af0326c4,,analysis/fs_0165_analysis.png,thumbnails/fs_0165.jpg,dlstupka/hth-baptisms-san-antonio-1788-1824--1858-1898,9f03a2632820a26b9724dac7a7a62e87776b1b04,dlstupka/hth,4b0d7c9a16b00eb463a94355f4a2aaf9e69af020,,,,,,,,,,not_reviewed,,
166,Baptisms-San-Antonio-Baptism-Records-1788-1824--1858-1898_p101-200.docx,67,rId70,word/media/image67.png,raw/fs_0166.png,PNG,1520,1168,RGBA,1764415,f056c103048d2d4c82b253748b0b5b09a9bc177afe3c4b602225651574384f7f,,analysis/fs_0166_analysis.png,thumbnails/fs_0166.jpg,dlstupka/hth-baptisms-san-antonio-1788-1824--1858-1898,9f03a2632820a26b9724dac7a7a62e87776b1b04,dlstupka/hth,4b0d7c9a16b00eb463a94355f4a2aaf9e69af020,,,,,,,,,,not_reviewed,,
167,Baptisms-San-Antonio-Baptism-Records-1788-1824--1858-1898_p101-200.docx,68,rId71,word/media/image68.png,raw/fs_0167.png,PNG,1522,1163,RGBA,1872545,5207eedc88ef9b7dc9e6fde55af9407e41ad52b881038b076e91203cd8ee96ad,,analysis/fs_0167_analysis.png,thumbnails/fs_0167.jpg,dlstupka/hth-baptisms-san-antonio-1788-1824--1858-1898,9f03a2632820a26b9724dac7a7a62e87776b1b04,dlstupka/hth,4b0d7c9a16b00eb463a94355f4a2aaf9e69af020,,,,,,,,,,not_reviewed,,
168,Baptisms-San-Antonio-Baptism-Records-1788-1824--1858-1898_p101-200.docx,69,rId72,word/media/image69.png,raw/fs_0168.png,PNG,1515,1168,RGBA,1749122,4b7288d68af833dc10c311572ca50d20fc387ccc06514e2883615e4884488d03,,analysis/fs_0168_analysis.png,thumbnails/fs_0168.jpg,dlstupka/hth-baptisms-san-antonio-1788-1824--1858-1898,9f03a2632820a26b9724dac7a7a62e87776b1b04,dlstupka/hth,4b0d7c9a16b00eb463a94355f4a2aaf9e69af020,,,,,,,,,,not_reviewed,,
169,Baptisms-San-Antonio-Baptism-Records-1788-1824--1858-1898_p101-200.docx,70,rId73,word/media/image70.png,raw/fs_0169.png,PNG,1524,1175,RGBA,1813080,636e10839d7a1a9c9882478f153285a015636bfe24609be5acdacca5cc303691,,analysis/fs_0169_analysis.png,thumbnails/fs_0169.jpg,dlstupka/hth-baptisms-san-antonio-1788-1824--1858-1898,9f03a2632820a26b9724dac7a7a62e87776b1b04,dlstupka/hth,4b0d7c9a16b00eb463a94355f4a2aaf9e69af020,,,,,,,,,,not_reviewed,,
170,Baptisms-San-Antonio-Baptism-Records-1788-1824--1858-1898_p101-200.docx,71,rId74,word/media/image71.png,raw/fs_0170.png,PNG,1541,1174,RGBA,1793880,3dcfb23ef0b13ce2d9c4bdec52919343555f838f22bd0a14c551046793c78b15,,analysis/fs_0170_analysis.png,thumbnails/fs_0170.jpg,dlstupka/hth-baptisms-san-antonio-1788-1824--1858-1898,9f03a2632820a26b9724dac7a7a62e87776b1b04,dlstupka/hth,4b0d7c9a16b00eb463a94355f4a2aaf9e69af020,,,,,,,,,,not_reviewed,,
171,Baptisms-San-Antonio-Baptism-Records-1788-1824--1858-1898_p101-200.docx,72,rId75,word/media/image72.png,raw/fs_0171.png,PNG,1398,1168,RGBA,1705470,202424059f5a5d727b6a638a57861a988210d0a1068625381e9e4a37527ebdc8,,analysis/fs_0171_analysis.png,thumbnails/fs_0171.jpg,dlstupka/hth-baptisms-san-antonio-1788-1824--1858-1898,9f03a2632820a26b9724dac7a7a62e87776b1b04,dlstupka/hth,4b0d7c9a16b00eb463a94355f4a2aaf9e69af020,,,,,,,,,,not_reviewed,,
172,Baptisms-San-Antonio-Baptism-Records-1788-1824--1858-1898_p101-200.docx,73,rId76,word/media/image73.png,raw/fs_0172.png,PNG,1446,1167,RGBA,1651596,7c3b6a79023dd7743ae6d5dc08834dd6f4e21d7dcf58089230e235157459dcb1,,analysis/fs_0172_analysis.png,thumbnails/fs_0172.jpg,dlstupka/hth-baptisms-san-antonio-1788-1824--1858-1898,9f03a2632820a26b9724dac7a7a62e87776b1b04,dlstupka/hth,4b0d7c9a16b00eb463a94355f4a2aaf9e69af020,,,,,,,,,,not_reviewed,,
173,Baptisms-San-Antonio-Baptism-Records-1788-1824--1858-1898_p101-200.docx,74,rId77,word/media/image74.png,raw/fs_0173.png,PNG,1477,1167,RGBA,1702419,a05b9d74965ead8ee04ebca6f52379ff2bb2ef6eb78277c250f7b43e07b509ce,,analysis/fs_0173_analysis.png,thumbnails/fs_0173.jpg,dlstupka/hth-baptisms-san-antonio-1788-1824--1858-1898,9f03a2632820a26b9724dac7a7a62e87776b1b04,dlstupka/hth,4b0d7c9a16b00eb463a94355f4a2aaf9e69af020,,,,,,,,,,not_reviewed,,
174,Baptisms-San-Antonio-Baptism-Records-1788-1824--1858-1898_p101-200.docx,75,rId78,word/media/image75.png,raw/fs_0174.png,PNG,1488,1164,RGBA,1708928,e5facf038caa7ecb053f48a4a0592f573da7391b15e10f8bbb20ddfe4dda78ba,,analysis/fs_0174_analysis.png,thumbnails/fs_0174.jpg,dlstupka/hth-baptisms-san-antonio-1788-1824--1858-1898,9f03a2632820a26b9724dac7a7a62e87776b1b04,dlstupka/hth,4b0d7c9a16b00eb463a94355f4a2aaf9e69af020,,,,,,,,,,not_reviewed,,
175,Baptisms-San-Antonio-Baptism-Records-1788-1824--1858-1898_p101-200.docx,76,rId79,word/media/image76.png,raw/fs_0175.png,PNG,1490,1167,RGBA,1734171,2d82b00057c6894afaf3e0e20b1ca07384a6ef0ffe8aaa94a58d897673508305,,analysis/fs_0175_analysis.png,thumbnails/fs_0175.jpg,dlstupka/hth-baptisms-san-antonio-1788-1824--1858-1898,9f03a2632820a26b9724dac7a7a62e87776b1b04,dlstupka/hth,4b0d7c9a16b00eb463a94355f4a2aaf9e69af020,,,,,,,,,,not_reviewed,,
176,Baptisms-San-Antonio-Baptism-Records-1788-1824--1858-1898_p101-200.docx,77,rId80,word/media/image77.png,raw/fs_0176.png,PNG,1485,1156,RGBA,1770381,44bcd76a9b9006d440e0de8ea9f56da23eee39ff3aafecfa14d49b56cb31cadb,,analysis/fs_0176_analysis.png,thumbnails/fs_0176.jpg,dlstupka/hth-baptisms-san-antonio-1788-1824--1858-1898,9f03a2632820a26b9724dac7a7a62e87776b1b04,dlstupka/hth,4b0d7c9a16b00eb463a94355f4a2aaf9e69af020,,,,,,,,,,not_reviewed,,
177,Baptisms-San-Antonio-Baptism-Records-1788-1824--1858-1898_p101-200.docx,78,rId81,word/media/image78.png,raw/fs_0177.png,PNG,1503,1158,RGBA,1723392,fba3eceeb36df91d7af99b5a1bf31dcac2849576754b202f36300b2fc14cfc38,,analysis/fs_0177_analysis.png,thumbnails/fs_0177.jpg,dlstupka/hth-baptisms-san-antonio-1788-1824--1858-1898,9f03a2632820a26b9724dac7a7a62e87776b1b04,dlstupka/hth,4b0d7c9a16b00eb463a94355f4a2aaf9e69af020,,,,,,,,,,not_reviewed,,
178,Baptisms-San-Antonio-Baptism-Records-1788-1824--1858-1898_p101-200.docx,79,rId82,word/media/image79.png,raw/fs_0178.png,PNG,1503,1162,RGBA,1738289,64246f5c4298bd4e7e527a414fcac1e94690baa75582a742693abf0fc2d81d1c,,analysis/fs_0178_analysis.png,thumbnails/fs_0178.jpg,dlstupka/hth-baptisms-san-antonio-1788-1824--1858-1898,9f03a2632820a26b9724dac7a7a62e87776b1b04,dlstupka/hth,4b0d7c9a16b00eb463a94355f4a2aaf9e69af020,,,,,,,,,,not_reviewed,,
179,Baptisms-San-Antonio-Baptism-Records-1788-1824--1858-1898_p101-200.docx,80,rId83,word/media/image80.png,raw/fs_0179.png,PNG,1401,1143,RGBA,1662011,bd821cdf8ae83f7ba477acec6f57b44d8636a76ccd56bcbc1055e24e4ffd563a,,analysis/fs_0179_analysis.png,thumbnails/fs_0179.jpg,dlstupka/hth-baptisms-san-antonio-1788-1824--1858-1898,9f03a2632820a26b9724dac7a7a62e87776b1b04,dlstupka/hth,4b0d7c9a16b00eb463a94355f4a2aaf9e69af020,,,,,,,,,,not_reviewed,,
180,Baptisms-San-Antonio-Baptism-Records-1788-1824--1858-1898_p101-200.docx,81,rId84,word/media/image81.png,raw/fs_0180.png,PNG,1545,1151,RGBA,1880337,b985df559c2404becb955d9d96d9778e763761d460c2d19ef3b327b3bb746772,,analysis/fs_0180_analysis.png,thumbnails/fs_0180.jpg,dlstupka/hth-baptisms-san-antonio-1788-1824--1858-1898,9f03a2632820a26b9724dac7a7a62e87776b1b04,dlstupka/hth,4b0d7c9a16b00eb463a94355f4a2aaf9e69af020,,,,,,,,,,not_reviewed,,
181,Baptisms-San-Antonio-Baptism-Records-1788-1824--1858-1898_p101-200.docx,82,rId85,word/media/image82.png,raw/fs_0181.png,PNG,1527,1161,RGBA,1787751,df77d7e019811845eee7718c027adc747cf5a256854e2610a97fa9bd1dcde7eb,,analysis/fs_0181_analysis.png,thumbnails/fs_0181.jpg,dlstupka/hth-baptisms-san-antonio-1788-1824--1858-1898,9f03a2632820a26b9724dac7a7a62e87776b1b04,dlstupka/hth,4b0d7c9a16b00eb463a94355f4a2aaf9e69af020,,,,,,,,,,not_reviewed,,
182,Baptisms-San-Antonio-Baptism-Records-1788-1824--1858-1898_p101-200.docx,83,rId86,word/media/image83.png,raw/fs_0182.png,PNG,1526,1160,RGBA,1763669,5e777c6d827de621b50a9e35cabbea10fc8d55b3740d31c62828ff705ce169e1,,analysis/fs_0182_analysis.png,thumbnails/fs_0182.jpg,dlstupka/hth-baptisms-san-antonio-1788-1824--1858-1898,9f03a2632820a26b9724dac7a7a62e87776b1b04,dlstupka/hth,4b0d7c9a16b00eb463a94355f4a2aaf9e69af020,,,,,,,,,,not_reviewed,,
183,Baptisms-San-Antonio-Baptism-Records-1788-1824--1858-1898_p101-200.docx,84,rId87,word/media/image84.png,raw/fs_0183.png,PNG,1536,1161,RGBA,1886161,92f05cce5eaf09804b72396dba93c42553452c5a876f3f4ace4f71e005e28b54,,analysis/fs_0183_analysis.png,thumbnails/fs_0183.jpg,dlstupka/hth-baptisms-san-antonio-1788-1824--1858-1898,9f03a2632820a26b9724dac7a7a62e87776b1b04,dlstupka/hth,4b0d7c9a16b00eb463a94355f4a2aaf9e69af020,,,,,,,,,,not_reviewed,,
184,Baptisms-San-Antonio-Baptism-Records-1788-1824--1858-1898_p101-200.docx,85,rId88,word/media/image85.png,raw/fs_0184.png,PNG,1542,1163,RGBA,1793851,ce02a2cf1a27b8fa53d6738eff8fd900b2a224a5c6e49c4a86abb8852f7a660c,,analysis/fs_0184_analysis.png,thumbnails/fs_0184.jpg,dlstupka/hth-baptisms-san-antonio-1788-1824--1858-1898,9f03a2632820a26b9724dac7a7a62e87776b1b04,dlstupka/hth,4b0d7c9a16b00eb463a94355f4a2aaf9e69af020,,,,,,,,,,not_reviewed,,
185,Baptisms-San-Antonio-Baptism-Records-1788-1824--1858-1898_p101-200.docx,86,rId89,word/media/image86.png,raw/fs_0185.png,PNG,1490,1155,RGBA,1797473,e928d0b3af34f2afa775fdcb417307d95477306025cfa093f0b6b7d4a29b325e,,analysis/fs_0185_analysis.png,thumbnails/fs_0185.jpg,dlstupka/hth-baptisms-san-antonio-1788-1824--1858-1898,9f03a2632820a26b9724dac7a7a62e87776b1b04,dlstupka/hth,4b0d7c9a16b00eb463a94355f4a2aaf9e69af020,,,,,,,,,,not_reviewed,,
186,Baptisms-San-Antonio-Baptism-Records-1788-1824--1858-1898_p101-200.docx,87,rId90,word/media/image87.png,raw/fs_0186.png,PNG,1487,1148,RGBA,1747427,1f69e1304d4d641ad09ebede30278b6461ce87dfa784a119d2dec3b9ff43efe9,,analysis/fs_0186_analysis.png,thumbnails/fs_0186.jpg,dlstupka/hth-baptisms-san-antonio-1788-1824--1858-1898,9f03a2632820a26b9724dac7a7a62e87776b1b04,dlstupka/hth,4b0d7c9a16b00eb463a94355f4a2aaf9e69af020,,,,,,,,,,not_reviewed,,
187,Baptisms-San-Antonio-Baptism-Records-1788-1824--1858-1898_p101-200.docx,88,rId91,word/media/image88.png,raw/fs_0187.png,PNG,1525,1167,RGBA,1773373,8853ae20d52ac5d7125b2aa5a39ff7f8e9231f3c0f5796fbedccb86d5e5ceaa6,,analysis/fs_0187_analysis.png,thumbnails/fs_0187.jpg,dlstupka/hth-baptisms-san-antonio-1788-1824--1858-1898,9f03a2632820a26b9724dac7a7a62e87776b1b04,dlstupka/hth,4b0d7c9a16b00eb463a94355f4a2aaf9e69af020,,,,,,,,,,not_reviewed,,
188,Baptisms-San-Antonio-Baptism-Records-1788-1824--1858-1898_p101-200.docx,89,rId92,word/media/image89.png,raw/fs_0188.png,PNG,1491,1155,RGBA,1769806,1ef7f2a4bf2e27549d1db5f8b23a6e1401e6c544324807a0a94c14fa599bb3b6,,analysis/fs_0188_analysis.png,thumbnails/fs_0188.jpg,dlstupka/hth-baptisms-san-antonio-1788-1824--1858-1898,9f03a2632820a26b9724dac7a7a62e87776b1b04,dlstupka/hth,4b0d7c9a16b00eb463a94355f4a2aaf9e69af020,,,,,,,,,,not_reviewed,,
189,Baptisms-San-Antonio-Baptism-Records-1788-1824--1858-1898_p101-200.docx,90,rId93,word/media/image90.png,raw/fs_0189.png,PNG,1522,1156,RGBA,1783650,f4f893e328e5dfe555932cd0dafca72b82aafe7989d12fdb143ef719d3d9b53b,,analysis/fs_0189_analysis.png,thumbnails/fs_0189.jpg,dlstupka/hth-baptisms-san-antonio-1788-1824--1858-1898,9f03a2632820a26b9724dac7a7a62e87776b1b04,dlstupka/hth,4b0d7c9a16b00eb463a94355f4a2aaf9e69af020,,,,,,,,,,not_reviewed,,
190,Baptisms-San-Antonio-Baptism-Records-1788-1824--1858-1898_p101-200.docx,91,rId94,word/media/image91.png,raw/fs_0190.png,PNG,1497,1161,RGBA,1736980,77df0f6e57606318c79cd7b8013a95bf890b6ad05480eb3dd65a8e2ad012c98f,,analysis/fs_0190_analysis.png,thumbnails/fs_0190.jpg,dlstupka/hth-baptisms-san-antonio-1788-1824--1858-1898,9f03a2632820a26b9724dac7a7a62e87776b1b04,dlstupka/hth,4b0d7c9a16b00eb463a94355f4a2aaf9e69af020,,,,,,,,,,not_reviewed,,
191,Baptisms-San-Antonio-Baptism-Records-1788-1824--1858-1898_p101-200.docx,92,rId95,word/media/image92.png,raw/fs_0191.png,PNG,1500,1160,RGBA,1753386,0dc2ce4f948bc8604a94421ae667e06f71befffdde2f81c698fab2a2468178e7,,analysis/fs_0191_analysis.png,thumbnails/fs_0191.jpg,dlstupka/hth-baptisms-san-antonio-1788-1824--1858-1898,9f03a2632820a26b9724dac7a7a62e87776b1b04,dlstupka/hth,4b0d7c9a16b00eb463a94355f4a2aaf9e69af020,,,,,,,,,,not_reviewed,,
192,Baptisms-San-Antonio-Baptism-Records-1788-1824--1858-1898_p101-200.docx,93,rId96,word/media/image93.png,raw/fs_0192.png,PNG,1502,1155,RGBA,1716918,c58abee92671f89f1696ee1ae99a4da319d29e6f444c0d1205d2cbe46646b553,,analysis/fs_0192_analysis.png,thumbnails/fs_0192.jpg,dlstupka/hth-baptisms-san-antonio-1788-1824--1858-1898,9f03a2632820a26b9724dac7a7a62e87776b1b04,dlstupka/hth,4b0d7c9a16b00eb463a94355f4a2aaf9e69af020,,,,,,,,,,not_reviewed,,
193,Baptisms-San-Antonio-Baptism-Records-1788-1824--1858-1898_p101-200.docx,94,rId97,word/media/image94.png,raw/fs_0193.png,PNG,1502,1161,RGBA,1705883,ba8291582f2ae29d098655a1619d8571814dc07a5d3fbe1048592b2ffd1c5c05,,analysis/fs_0193_analysis.png,thumbnails/fs_0193.jpg,dlstupka/hth-baptisms-san-antonio-1788-1824--1858-1898,9f03a2632820a26b9724dac7a7a62e87776b1b04,dlstupka/hth,4b0d7c9a16b00eb463a94355f4a2aaf9e69af020,,,,,,,,,,not_reviewed,,
194,Baptisms-San-Antonio-Baptism-Records-1788-1824--1858-1898_p101-200.docx,95,rId98,word/media/image95.png,raw/fs_0194.png,PNG,1490,1164,RGBA,1704984,c51cb39b6f333cd610e10101bb685a8b53695ea4472118356337b5ed9f16387b,,analysis/fs_0194_analysis.png,thumbnails/fs_0194.jpg,dlstupka/hth-baptisms-san-antonio-1788-1824--1858-1898,9f03a2632820a26b9724dac7a7a62e87776b1b04,dlstupka/hth,4b0d7c9a16b00eb463a94355f4a2aaf9e69af020,,,,,,,,,,not_reviewed,,
195,Baptisms-San-Antonio-Baptism-Records-1788-1824--1858-1898_p101-200.docx,96,rId99,word/media/image96.png,raw/fs_0195.png,PNG,1485,1163,RGBA,1700961,ec97c0b4905ef9d93ac30329a84470294f48ac76801d6a3611887fb95dc8f34e,,analysis/fs_0195_analysis.png,thumbnails/fs_0195.jpg,dlstupka/hth-baptisms-san-antonio-1788-1824--1858-1898,9f03a2632820a26b9724dac7a7a62e87776b1b04,dlstupka/hth,4b0d7c9a16b00eb463a94355f4a2aaf9e69af020,,,,,,,,,,not_reviewed,,
196,Baptisms-San-Antonio-Baptism-Records-1788-1824--1858-1898_p101-200.docx,97,rId100,word/media/image97.png,raw/fs_0196.png,PNG,1497,1158,RGBA,1706319,876701a128d20b39a95f74bb927c6dd193c9298370841d74be0413a60a4beddd,,analysis/fs_0196_analysis.png,thumbnails/fs_0196.jpg,dlstupka/hth-baptisms-san-antonio-1788-1824--1858-1898,9f03a2632820a26b9724dac7a7a62e87776b1b04,dlstupka/hth,4b0d7c9a16b00eb463a94355f4a2aaf9e69af020,,,,,,,,,,not_reviewed,,
197,Baptisms-San-Antonio-Baptism-Records-1788-1824--1858-1898_p101-200.docx,98,rId101,word/media/image98.png,raw/fs_0197.png,PNG,1510,1158,RGBA,1747972,4b74a04e2f4db2ccbafd8f9d613c621a88889b0ab23f4471502855e17f0a8f1d,,analysis/fs_0197_analysis.png,thumbnails/fs_0197.jpg,dlstupka/hth-baptisms-san-antonio-1788-1824--1858-1898,9f03a2632820a26b9724dac7a7a62e87776b1b04,dlstupka/hth,4b0d7c9a16b00eb463a94355f4a2aaf9e69af020,,,,,,,,,,not_reviewed,,
198,Baptisms-San-Antonio-Baptism-Records-1788-1824--1858-1898_p101-200.docx,99,rId102,word/media/image99.png,raw/fs_0198.png,PNG,1510,1155,RGBA,1741404,e963a13aa59e04962583bfb8d7f966cee062831d9cf7ab660f652c9d3c51683f,,analysis/fs_0198_analysis.png,thumbnails/fs_0198.jpg,dlstupka/hth-baptisms-san-antonio-1788-1824--1858-1898,9f03a2632820a26b9724dac7a7a62e87776b1b04,dlstupka/hth,4b0d7c9a16b00eb463a94355f4a2aaf9e69af020,,,,,,,,,,not_reviewed,,
199,Baptisms-San-Antonio-Baptism-Records-1788-1824--1858-1898_p101-200.docx,100,rId103,word/media/image100.png,raw/fs_0199.png,PNG,1504,1158,RGBA,1757995,af71a0c4d4d164136dcab2082a623d9c67d0a56c937f7456791ce3c7cebf23d3,,analysis/fs_0199_analysis.png,thumbnails/fs_0199.jpg,dlstupka/hth-baptisms-san-antonio-1788-1824--1858-1898,9f03a2632820a26b9724dac7a7a62e87776b1b04,dlstupka/hth,4b0d7c9a16b00eb463a94355f4a2aaf9e69af020,,,,,,,,,,not_reviewed,,
200,Baptisms-San-Antonio-Baptism-Records-1788-1824--1858-1898_p201-300.docx,1,rId4,word/media/image1.png,raw/fs_0200.png,PNG,1889,1308,RGBA,2541032,0f13260adf19e43b995e22c62486066ea791c143ed401ca217e16d4e5b39d9c7,,analysis/fs_0200_analysis.png,thumbnails/fs_0200.jpg,dlstupka/hth-baptisms-san-antonio-1788-1824--1858-1898,9f03a2632820a26b9724dac7a7a62e87776b1b04,dlstupka/hth,4b0d7c9a16b00eb463a94355f4a2aaf9e69af020,,,,,,,,,,not_reviewed,,
201,Baptisms-San-Antonio-Baptism-Records-1788-1824--1858-1898_p201-300.docx,2,rId5,word/media/image2.png,raw/fs_0201.png,PNG,1889,1303,RGBA,2565603,4bf48c306798f41435a67be37425fa0bdbceb4cea3961a261bd2f71847768926,,analysis/fs_0201_analysis.png,thumbnails/fs_0201.jpg,dlstupka/hth-baptisms-san-antonio-1788-1824--1858-1898,9f03a2632820a26b9724dac7a7a62e87776b1b04,dlstupka/hth,4b0d7c9a16b00eb463a94355f4a2aaf9e69af020,,,,,,,,,,not_reviewed,,
202,Baptisms-San-Antonio-Baptism-Records-1788-1824--1858-1898_p201-300.docx,3,rId6,word/media/image3.png,raw/fs_0202.png,PNG,1900,1309,RGBA,2564749,c9ccbd54625c274ba65da348b07e850e9b44f7d9832fde6ff796b07a5d90aae7,,analysis/fs_0202_analysis.png,thumbnails/fs_0202.jpg,dlstupka/hth-baptisms-san-antonio-1788-1824--1858-1898,9f03a2632820a26b9724dac7a7a62e87776b1b04,dlstupka/hth,4b0d7c9a16b00eb463a94355f4a2aaf9e69af020,,,,,,,,,,not_reviewed,,
203,Baptisms-San-Antonio-Baptism-Records-1788-1824--1858-1898_p201-300.docx,4,rId7,word/media/image4.png,raw/fs_0203.png,PNG,1873,1307,RGBA,2557176,55ed20cb1116341f73cfb1ef9073e492b202750c8fedf81678f0d8c6da7011b9,,analysis/fs_0203_analysis.png,thumbnails/fs_0203.jpg,dlstupka/hth-baptisms-san-antonio-1788-1824--1858-1898,9f03a2632820a26b9724dac7a7a62e87776b1b04,dlstupka/hth,4b0d7c9a16b00eb463a94355f4a2aaf9e69af020,,,,,,,,,,not_reviewed,,
204,Baptisms-San-Antonio-Baptism-Records-1788-1824--1858-1898_p201-300.docx,5,rId8,word/media/image5.png,raw/fs_0204.png,PNG,1879,1304,RGBA,2458264,d0f8df7224b1d70feb986258ad35d67fe6df0600b333d6d0e4e710a742c4a462,,analysis/fs_0204_analysis.png,thumbnails/fs_0204.jpg,dlstupka/hth-baptisms-san-antonio-1788-1824--1858-1898,9f03a2632820a26b9724dac7a7a62e87776b1b04,dlstupka/hth,4b0d7c9a16b00eb463a94355f4a2aaf9e69af020,,,,,,,,,,not_reviewed,,
205,Baptisms-San-Antonio-Baptism-Records-1788-1824--1858-1898_p201-300.docx,6,rId9,word/media/image6.png,raw/fs_0205.png,PNG,1890,1304,RGBA,2599614,effa693cb48ada9fc6dd96193a63ae41205cb36ca75caa6b21e5cb6147581034,,analysis/fs_0205_analysis.png,thumbnails/fs_0205.jpg,dlstupka/hth-baptisms-san-antonio-1788-1824--1858-1898,9f03a2632820a26b9724dac7a7a62e87776b1b04,dlstupka/hth,4b0d7c9a16b00eb463a94355f4a2aaf9e69af020,,,,,,,,,,not_reviewed,,
206,Baptisms-San-Antonio-Baptism-Records-1788-1824--1858-1898_p201-300.docx,7,rId10,word/media/image7.png,raw/fs_0206.png,PNG,1861,1302,RGBA,2463236,06bd7af10da6ce1f8128ec5e5f2ad9b3e7913424e659e4f085d6e0217340c33e,,analysis/fs_0206_analysis.png,thumbnails/fs_0206.jpg,dlstupka/hth-baptisms-san-antonio-1788-1824--1858-1898,9f03a2632820a26b9724dac7a7a62e87776b1b04,dlstupka/hth,4b0d7c9a16b00eb463a94355f4a2aaf9e69af020,,,,,,,,,,not_reviewed,,
207,Baptisms-San-Antonio-Baptism-Records-1788-1824--1858-1898_p201-300.docx,8,rId11,word/media/image8.png,raw/fs_0207.png,PNG,1875,1306,RGBA,2506831,39088ae7ffdd99dbb884b54aa1eeeb21e8e4a1ddfdad05fe3ab5d1ba218842ce,,analysis/fs_0207_analysis.png,thumbnails/fs_0207.jpg,dlstupka/hth-baptisms-san-antonio-1788-1824--1858-1898,9f03a2632820a26b9724dac7a7a62e87776b1b04,dlstupka/hth,4b0d7c9a16b00eb463a94355f4a2aaf9e69af020,,,,,,,,,,not_reviewed,,
208,Baptisms-San-Antonio-Baptism-Records-1788-1824--1858-1898_p201-300.docx,9,rId12,word/media/image9.png,raw/fs_0208.png,PNG,1858,1307,RGBA,2464355,a55c622eafa3e8804ab6e355badb6d050b91d557d183326ce5593da983a0ff8e,,analysis/fs_0208_analysis.png,thumbnails/fs_0208.jpg,dlstupka/hth-baptisms-san-antonio-1788-1824--1858-1898,9f03a2632820a26b9724dac7a7a62e87776b1b04,dlstupka/hth,4b0d7c9a16b00eb463a94355f4a2aaf9e69af020,,,,,,,,,,not_reviewed,,
209,Baptisms-San-Antonio-Baptism-Records-1788-1824--1858-1898_p201-300.docx,10,rId13,word/media/image10.png,raw/fs_0209.png,PNG,1843,1301,RGBA,2437843,78aae44c3cc2cd0bc0df7eaacee60bb147539fa2675234eeb0652e26021a6cc4,,analysis/fs_0209_analysis.png,thumbnails/fs_0209.jpg,dlstupka/hth-baptisms-san-antonio-1788-1824--1858-1898,9f03a2632820a26b9724dac7a7a62e87776b1b04,dlstupka/hth,4b0d7c9a16b00eb463a94355f4a2aaf9e69af020,,,,,,,,,,not_reviewed,,
210,Baptisms-San-Antonio-Baptism-Records-1788-1824--1858-1898_p201-300.docx,11,rId14,word/media/image11.png,raw/fs_0210.png,PNG,1848,1308,RGBA,2447916,016fe182b0d2d95c384d293a2a71f059ef7b2fa427957f877909cb1afa4477dc,,analysis/fs_0210_analysis.png,thumbnails/fs_0210.jpg,dlstupka/hth-baptisms-san-antonio-1788-1824--1858-1898,9f03a2632820a26b9724dac7a7a62e87776b1b04,dlstupka/hth,4b0d7c9a16b00eb463a94355f4a2aaf9e69af020,,,,,,,,,,not_reviewed,,
211,Baptisms-San-Antonio-Baptism-Records-1788-1824--1858-1898_p201-300.docx,12,rId15,word/media/image12.png,raw/fs_0211.png,PNG,1842,1305,RGBA,2506270,42cca8c69a1f69922cb08d567b30b9cebe366480a2053707c5828e6ef50cf8a7,,analysis/fs_0211_analysis.png,thumbnails/fs_0211.jpg,dlstupka/hth-baptisms-san-antonio-1788-1824--1858-1898,9f03a2632820a26b9724dac7a7a62e87776b1b04,dlstupka/hth,4b0d7c9a16b00eb463a94355f4a2aaf9e69af020,,,,,,,,,,not_reviewed,,
212,Baptisms-San-Antonio-Baptism-Records-1788-1824--1858-1898_p201-300.docx,13,rId16,word/media/image13.png,raw/fs_0212.png,PNG,1832,1306,RGBA,2440630,7fafae15be582b37f212762a5767bede3b748440e229198689aaad1d5c1a720d,,analysis/fs_0212_analysis.png,thumbnails/fs_0212.jpg,dlstupka/hth-baptisms-san-antonio-1788-1824--1858-1898,9f03a2632820a26b9724dac7a7a62e87776b1b04,dlstupka/hth,4b0d7c9a16b00eb463a94355f4a2aaf9e69af020,,,,,,,,,,not_reviewed,,
213,Baptisms-San-Antonio-Baptism-Records-1788-1824--1858-1898_p201-300.docx,14,rId17,word/media/image14.png,raw/fs_0213.png,PNG,1815,1298,RGBA,2337491,ca08cdc3283d70137f1f847801e3223391a9cebfb45b34756e6afb23af128a00,,analysis/fs_0213_analysis.png,thumbnails/fs_0213.jpg,dlstupka/hth-baptisms-san-antonio-1788-1824--1858-1898,9f03a2632820a26b9724dac7a7a62e87776b1b04,dlstupka/hth,4b0d7c9a16b00eb463a94355f4a2aaf9e69af020,,,,,,,,,,not_reviewed,,
214,Baptisms-San-Antonio-Baptism-Records-1788-1824--1858-1898_p201-300.docx,15,rId18,word/media/image15.png,raw/fs_0214.png,PNG,1859,1306,RGBA,2444229,328a0faf299a3f706933c5d3bd0a52dc8518a6396ff6c4d7c3dab0559b5e23c4,,analysis/fs_0214_analysis.png,thumbnails/fs_0214.jpg,dlstupka/hth-baptisms-san-antonio-1788-1824--1858-1898,9f03a2632820a26b9724dac7a7a62e87776b1b04,dlstupka/hth,4b0d7c9a16b00eb463a94355f4a2aaf9e69af020,,,,,,,,,,not_reviewed,,
215,Baptisms-San-Antonio-Baptism-Records-1788-1824--1858-1898_p201-300.docx,16,rId19,word/media/image16.png,raw/fs_0215.png,PNG,1839,1311,RGBA,2466931,eea6b3dd9583ca5fc566adf3a98f203cad63bb7ab4bd55e11d5aef7abf1b83ab,,analysis/fs_0215_analysis.png,thumbnails/fs_0215.jpg,dlstupka/hth-baptisms-san-antonio-1788-1824--1858-1898,9f03a2632820a26b9724dac7a7a62e87776b1b04,dlstupka/hth,4b0d7c9a16b00eb463a94355f4a2aaf9e69af020,,,,,,,,,,not_reviewed,,
216,Baptisms-San-Antonio-Baptism-Records-1788-1824--1858-1898_p201-300.docx,17,rId20,word/media/image17.png,raw/fs_0216.png,PNG,1854,1304,RGBA,2415571,8a102a4a7d04d6bffa7a2875e0bf4ded358eaa8a0c573faf0fb02f96c608a12d,,analysis/fs_0216_analysis.png,thumbnails/fs_0216.jpg,dlstupka/hth-baptisms-san-antonio-1788-1824--1858-1898,9f03a2632820a26b9724dac7a7a62e87776b1b04,dlstupka/hth,4b0d7c9a16b00eb463a94355f4a2aaf9e69af020,,,,,,,,,,not_reviewed,,
217,Baptisms-San-Antonio-Baptism-Records-1788-1824--1858-1898_p201-300.docx,18,rId21,word/media/image18.png,raw/fs_0217.png,PNG,1834,1307,RGBA,2386671,85251d71c4ab6ce3142af294b1e7581fa6a5ac47c0a49c0900c21892609f4e2b,,analysis/fs_0217_analysis.png,thumbnails/fs_0217.jpg,dlstupka/hth-baptisms-san-antonio-1788-1824--1858-1898,9f03a2632820a26b9724dac7a7a62e87776b1b04,dlstupka/hth,4b0d7c9a16b00eb463a94355f4a2aaf9e69af020,,,,,,,,,,not_reviewed,,
218,Baptisms-San-Antonio-Baptism-Records-1788-1824--1858-1898_p201-300.docx,19,rId22,word/media/image19.png,raw/fs_0218.png,PNG,1830,1305,RGBA,2354784,3225e3baa931bec482016e2dc1a9bb50698e7700d16b5380cb5ff6090097af0d,,analysis/fs_0218_analysis.png,thumbnails/fs_0218.jpg,dlstupka/hth-baptisms-san-antonio-1788-1824--1858-1898,9f03a2632820a26b9724dac7a7a62e87776b1b04,dlstupka/hth,4b0d7c9a16b00eb463a94355f4a2aaf9e69af020,,,,,,,,,,not_reviewed,,
219,Baptisms-San-Antonio-Baptism-Records-1788-1824--1858-1898_p201-300.docx,20,rId23,word/media/image20.png,raw/fs_0219.png,PNG,1824,1308,RGBA,2368338,78e52b7dc775f9c22d38f97bd927ea5c5d034dcab764c8e6f470e7098f78d5b7,,analysis/fs_0219_analysis.png,thumbnails/fs_0219.jpg,dlstupka/hth-baptisms-san-antonio-1788-1824--1858-1898,9f03a2632820a26b9724dac7a7a62e87776b1b04,dlstupka/hth,4b0d7c9a16b00eb463a94355f4a2aaf9e69af020,,,,,,,,,,not_reviewed,,
220,Baptisms-San-Antonio-Baptism-Records-1788-1824--1858-1898_p201-300.docx,21,rId24,word/media/image21.png,raw/fs_0220.png,PNG,1748,1301,RGBA,2349295,1181e2e78381fea0e8f03c4eca70dd0471670eacd58cf57ace575cc348c27dd3,,analysis/fs_0220_analysis.png,thumbnails/fs_0220.jpg,dlstupka/hth-baptisms-san-antonio-1788-1824--1858-1898,9f03a2632820a26b9724dac7a7a62e87776b1b04,dlstupka/hth,4b0d7c9a16b00eb463a94355f4a2aaf9e69af020,,,,,,,,,,not_reviewed,,
221,Baptisms-San-Antonio-Baptism-Records-1788-1824--1858-1898_p201-300.docx,22,rId25,word/media/image22.png,raw/fs_0221.png,PNG,1902,1310,RGBA,2596924,0a02dcf473ec184b5fb5db66feff81d6eed9b21e3967edd6ce34ca75dbfb7a20,,analysis/fs_0221_analysis.png,thumbnails/fs_0221.jpg,dlstupka/hth-baptisms-san-antonio-1788-1824--1858-1898,9f03a2632820a26b9724dac7a7a62e87776b1b04,dlstupka/hth,4b0d7c9a16b00eb463a94355f4a2aaf9e69af020,,,,,,,,,,not_reviewed,,
222,Baptisms-San-Antonio-Baptism-Records-1788-1824--1858-1898_p201-300.docx,23,rId26,word/media/image23.png,raw/fs_0222.png,PNG,1834,1308,RGBA,2533261,753d37381fdced79f6a823d0b9913bad7fafdc47c63d8377c5beb283dcf97f0e,,analysis/fs_0222_analysis.png,thumbnails/fs_0222.jpg,dlstupka/hth-baptisms-san-antonio-1788-1824--1858-1898,9f03a2632820a26b9724dac7a7a62e87776b1b04,dlstupka/hth,4b0d7c9a16b00eb463a94355f4a2aaf9e69af020,,,,,,,,,,not_reviewed,,
223,Baptisms-San-Antonio-Baptism-Records-1788-1824--1858-1898_p201-300.docx,24,rId27,word/media/image24.png,raw/fs_0223.png,PNG,1848,1307,RGBA,2555539,68f77e054f3830f95f1ef3028eab83c6c6e731d31c6b7b1429d565d12c817981,,analysis/fs_0223_analysis.png,thumbnails/fs_0223.jpg,dlstupka/hth-baptisms-san-antonio-1788-1824--1858-1898,9f03a2632820a26b9724dac7a7a62e87776b1b04,dlstupka/hth,4b0d7c9a16b00eb463a94355f4a2aaf9e69af020,,,,,,,,,,not_reviewed,,
224,Baptisms-San-Antonio-Baptism-Records-1788-1824--1858-1898_p201-300.docx,25,rId28,word/media/image25.png,raw/fs_0224.png,PNG,1840,1308,RGBA,2562539,cd8c2f9e8550f9c87e93f4a054bb593850e5b719da3a34de93d7fa08dad9fa84,,analysis/fs_0224_analysis.png,thumbnails/fs_0224.jpg,dlstupka/hth-baptisms-san-antonio-1788-1824--1858-1898,9f03a2632820a26b9724dac7a7a62e87776b1b04,dlstupka/hth,4b0d7c9a16b00eb463a94355f4a2aaf9e69af020,,,,,,,,,,not_reviewed,,
225,Baptisms-San-Antonio-Baptism-Records-1788-1824--1858-1898_p201-300.docx,26,rId29,word/media/image26.png,raw/fs_0225.png,PNG,1798,1311,RGBA,2494162,b0248b796839fe00218f44be4b68b2bb6df661ead285af89407ab921ebc8e501,,analysis/fs_0225_analysis.png,thumbnails/fs_0225.jpg,dlstupka/hth-baptisms-san-antonio-1788-1824--1858-1898,9f03a2632820a26b9724dac7a7a62e87776b1b04,dlstupka/hth,4b0d7c9a16b00eb463a94355f4a2aaf9e69af020,,,,,,,,,,not_reviewed,,
226,Baptisms-San-Antonio-Baptism-Records-1788-1824--1858-1898_p201-300.docx,27,rId30,word/media/image27.png,raw/fs_0226.png,PNG,1830,1301,RGBA,2503369,d5abbdd918dc3c92cff78fc5857b9aad0a2e350889bf2d1b1a8af131b5c1119e,,analysis/fs_0226_analysis.png,thumbnails/fs_0226.jpg,dlstupka/hth-baptisms-san-antonio-1788-1824--1858-1898,9f03a2632820a26b9724dac7a7a62e87776b1b04,dlstupka/hth,4b0d7c9a16b00eb463a94355f4a2aaf9e69af020,,,,,,,,,,not_reviewed,,
227,Baptisms-San-Antonio-Baptism-Records-1788-1824--1858-1898_p201-300.docx,28,rId31,word/media/image28.png,raw/fs_0227.png,PNG,1784,1301,RGBA,2467758,99e4030bb7978afec9658a824b68ec52afdb97ae4f54eaabb71658ebaa64a3e3,,analysis/fs_0227_analysis.png,thumbnails/fs_0227.jpg,dlstupka/hth-baptisms-san-antonio-1788-1824--1858-1898,9f03a2632820a26b9724dac7a7a62e87776b1b04,dlstupka/hth,4b0d7c9a16b00eb463a94355f4a2aaf9e69af020,,,,,,,,,,not_reviewed,,
228,Baptisms-San-Antonio-Baptism-Records-1788-1824--1858-1898_p201-300.docx,29,rId32,word/media/image29.png,raw/fs_0228.png,PNG,1729,1310,RGBA,2467472,7d50385df2f3ff8d0c3f9d194479f13f94addcc317b1100106ef25a78355a023,,analysis/fs_0228_analysis.png,thumbnails/fs_0228.jpg,dlstupka/hth-baptisms-san-antonio-1788-1824--1858-1898,9f03a2632820a26b9724dac7a7a62e87776b1b04,dlstupka/hth,4b0d7c9a16b00eb463a94355f4a2aaf9e69af020,,,,,,,,,,not_reviewed,,
229,Baptisms-San-Antonio-Baptism-Records-1788-1824--1858-1898_p201-300.docx,30,rId33,word/media/image30.png,raw/fs_0229.png,PNG,1790,1303,RGBA,2309562,4a4385cc30484eb5ef81adea4273cbbcca8b2f55437a58116f0e338f5e864a32,,analysis/fs_0229_analysis.png,thumbnails/fs_0229.jpg,dlstupka/hth-baptisms-san-antonio-1788-1824--1858-1898,9f03a2632820a26b9724dac7a7a62e87776b1b04,dlstupka/hth,4b0d7c9a16b00eb463a94355f4a2aaf9e69af020,,,,,,,,,,not_reviewed,,
230,Baptisms-San-Antonio-Baptism-Records-1788-1824--1858-1898_p201-300.docx,31,rId34,word/media/image31.png,raw/fs_0230.png,PNG,1707,1304,RGBA,2394822,31a70902138ad8fe7027ddd77f1a0c89c1b9f529603245bce2d2d14c1f1fcbc6,,analysis/fs_0230_analysis.png,thumbnails/fs_0230.jpg,dlstupka/hth-baptisms-san-antonio-1788-1824--1858-1898,9f03a2632820a26b9724dac7a7a62e87776b1b04,dlstupka/hth,4b0d7c9a16b00eb463a94355f4a2aaf9e69af020,,,,,,,,,,not_reviewed,,
231,Baptisms-San-Antonio-Baptism-Records-1788-1824--1858-1898_p201-300.docx,32,rId35,word/media/image32.png,raw/fs_0231.png,PNG,1722,1306,RGBA,2351806,09aea0f9b8d8d332e292031be476722d43081f4a4615c174039eb44ed72b038f,,analysis/fs_0231_analysis.png,thumbnails/fs_0231.jpg,dlstupka/hth-baptisms-san-antonio-1788-1824--1858-1898,9f03a2632820a26b9724dac7a7a62e87776b1b04,dlstupka/hth,4b0d7c9a16b00eb463a94355f4a2aaf9e69af020,,,,,,,,,,not_reviewed,,
232,Baptisms-San-Antonio-Baptism-Records-1788-1824--1858-1898_p201-300.docx,33,rId36,word/media/image33.png,raw/fs_0232.png,PNG,1777,1299,RGBA,2388872,ea43a4ec8d33bc52ef7cd1000a65f7b11d777df048537fa39db85c7186790587,,analysis/fs_0232_analysis.png,thumbnails/fs_0232.jpg,dlstupka/hth-baptisms-san-antonio-1788-1824--1858-1898,9f03a2632820a26b9724dac7a7a62e87776b1b04,dlstupka/hth,4b0d7c9a16b00eb463a94355f4a2aaf9e69af020,,,,,,,,,,not_reviewed,,
233,Baptisms-San-Antonio-Baptism-Records-1788-1824--1858-1898_p201-300.docx,34,rId37,word/media/image34.png,raw/fs_0233.png,PNG,1689,1308,RGBA,2340929,9cbe8247a2f4867293062f82737fa5763225088ba9d6279567d59a64a0702f10,,analysis/fs_0233_analysis.png,thumbnails/fs_0233.jpg,dlstupka/hth-baptisms-san-antonio-1788-1824--1858-1898,9f03a2632820a26b9724dac7a7a62e87776b1b04,dlstupka/hth,4b0d7c9a16b00eb463a94355f4a2aaf9e69af020,,,,,,,,,,not_reviewed,,
234,Baptisms-San-Antonio-Baptism-Records-1788-1824--1858-1898_p201-300.docx,35,rId38,word/media/image35.png,raw/fs_0234.png,PNG,1613,1306,RGBA,2229685,269dc8c2285d8b0e891cd1a19d034a9c26132bab92809037240750f239dfc4d9,,analysis/fs_0234_analysis.png,thumbnails/fs_0234.jpg,dlstupka/hth-baptisms-san-antonio-1788-1824--1858-1898,9f03a2632820a26b9724dac7a7a62e87776b1b04,dlstupka/hth,4b0d7c9a16b00eb463a94355f4a2aaf9e69af020,,,,,,,,,,not_reviewed,,
235,Baptisms-San-Antonio-Baptism-Records-1788-1824--1858-1898_p201-300.docx,36,rId39,word/media/image36.png,raw/fs_0235.png,PNG,1634,1305,RGBA,2264637,27b4e1823138f2d0161d857b52293b24a5a40846cbd7fc639b9bf8c7b568af7d,,analysis/fs_0235_analysis.png,thumbnails/fs_0235.jpg,dlstupka/hth-baptisms-san-antonio-1788-1824--1858-1898,9f03a2632820a26b9724dac7a7a62e87776b1b04,dlstupka/hth,4b0d7c9a16b00eb463a94355f4a2aaf9e69af020,,,,,,,,,,not_reviewed,,
236,Baptisms-San-Antonio-Baptism-Records-1788-1824--1858-1898_p201-300.docx,37,rId40,word/media/image37.png,raw/fs_0236.png,PNG,1591,1304,RGBA,2227272,459955e3c35cbf16237fc04a9cf31d67e6127b4f0aeeadb9ac9eb941e39b1495,,analysis/fs_0236_analysis.png,thumbnails/fs_0236.jpg,dlstupka/hth-baptisms-san-antonio-1788-1824--1858-1898,9f03a2632820a26b9724dac7a7a62e87776b1b04,dlstupka/hth,4b0d7c9a16b00eb463a94355f4a2aaf9e69af020,,,,,,,,,,not_reviewed,,
237,Baptisms-San-Antonio-Baptism-Records-1788-1824--1858-1898_p201-300.docx,38,rId41,word/media/image38.png,raw/fs_0237.png,PNG,1521,1303,RGBA,2139949,7ad29e744a7af27a5d448b46b79f488310588e1d27aa1fee4b9980bcb5746ee1,,analysis/fs_0237_analysis.png,thumbnails/fs_0237.jpg,dlstupka/hth-baptisms-san-antonio-1788-1824--1858-1898,9f03a2632820a26b9724dac7a7a62e87776b1b04,dlstupka/hth,4b0d7c9a16b00eb463a94355f4a2aaf9e69af020,,,,,,,,,,not_reviewed,,
238,Baptisms-San-Antonio-Baptism-Records-1788-1824--1858-1898_p201-300.docx,39,rId42,word/media/image39.png,raw/fs_0238.png,PNG,1542,1306,RGBA,2198553,ea367bfd8f15cfd66c926afc9eaecf85cf291995e4db1cc7e9487e0c0d04fd1b,,analysis/fs_0238_analysis.png,thumbnails/fs_0238.jpg,dlstupka/hth-baptisms-san-antonio-1788-1824--1858-1898,9f03a2632820a26b9724dac7a7a62e87776b1b04,dlstupka/hth,4b0d7c9a16b00eb463a94355f4a2aaf9e69af020,,,,,,,,,,not_reviewed,,
239,Baptisms-San-Antonio-Baptism-Records-1788-1824--1858-1898_p201-300.docx,40,rId43,word/media/image40.png,raw/fs_0239.png,PNG,1515,1310,RGBA,2191228,600f745afa7f5740c0366e63ba6f79753da6f6d5383a30f9cf26bef91bfbe667,,analysis/fs_0239_analysis.png,thumbnails/fs_0239.jpg,dlstupka/hth-baptisms-san-antonio-1788-1824--1858-1898,9f03a2632820a26b9724dac7a7a62e87776b1b04,dlstupka/hth,4b0d7c9a16b00eb463a94355f4a2aaf9e69af020,,,,,,,,,,not_reviewed,,
240,Baptisms-San-Antonio-Baptism-Records-1788-1824--1858-1898_p201-300.docx,41,rId44,word/media/image41.png,raw/fs_0240.png,PNG,1537,1306,RGBA,2150691,5d6a808288cad43eca4701c5c3c5391c3cd91c25fada0f81d0cae88884426899,,analysis/fs_0240_analysis.png,thumbnails/fs_0240.jpg,dlstupka/hth-baptisms-san-antonio-1788-1824--1858-1898,9f03a2632820a26b9724dac7a7a62e87776b1b04,dlstupka/hth,4b0d7c9a16b00eb463a94355f4a2aaf9e69af020,,,,,,,,,,not_reviewed,,
241,Baptisms-San-Antonio-Baptism-Records-1788-1824--1858-1898_p201-300.docx,42,rId45,word/media/image42.png,raw/fs_0241.png,PNG,1497,1300,RGBA,2134320,a7cd35bd550f8103d631a0c71164db3adbdeef1a0cb0f81288885380468bb6e7,,analysis/fs_0241_analysis.png,thumbnails/fs_0241.jpg,dlstupka/hth-baptisms-san-antonio-1788-1824--1858-1898,9f03a2632820a26b9724dac7a7a62e87776b1b04,dlstupka/hth,4b0d7c9a16b00eb463a94355f4a2aaf9e69af020,,,,,,,,,,not_reviewed,,
242,Baptisms-San-Antonio-Baptism-Records-1788-1824--1858-1898_p201-300.docx,43,rId46,word/media/image43.png,raw/fs_0242.png,PNG,1515,1307,RGBA,2188565,5f994b036af874eeeb31841f2ca4a342fc793bd9dd01c3ebac3bd92443eaf43b,,analysis/fs_0242_analysis.png,thumbnails/fs_0242.jpg,dlstupka/hth-baptisms-san-antonio-1788-1824--1858-1898,9f03a2632820a26b9724dac7a7a62e87776b1b04,dlstupka/hth,4b0d7c9a16b00eb463a94355f4a2aaf9e69af020,,,,,,,,,,not_reviewed,,
243,Baptisms-San-Antonio-Baptism-Records-1788-1824--1858-1898_p201-300.docx,44,rId47,word/media/image44.png,raw/fs_0243.png,PNG,1526,1304,RGBA,2159066,1d6d85bb0cd132fcef223d624b287952ed631a1270abb57e898a0eda8e333986,,analysis/fs_0243_analysis.png,thumbnails/fs_0243.jpg,dlstupka/hth-baptisms-san-antonio-1788-1824--1858-1898,9f03a2632820a26b9724dac7a7a62e87776b1b04,dlstupka/hth,4b0d7c9a16b00eb463a94355f4a2aaf9e69af020,,,,,,,,,,not_reviewed,,
244,Baptisms-San-Antonio-Baptism-Records-1788-1824--1858-1898_p201-300.docx,45,rId48,word/media/image45.png,raw/fs_0244.png,PNG,1520,1303,RGBA,2075222,020cd0bb6f3594fec49ce54d89e1ece664e5783c388477eee5db5275d16d645c,,analysis/fs_0244_analysis.png,thumbnails/fs_0244.jpg,dlstupka/hth-baptisms-san-antonio-1788-1824--1858-1898,9f03a2632820a26b9724dac7a7a62e87776b1b04,dlstupka/hth,4b0d7c9a16b00eb463a94355f4a2aaf9e69af020,,,,,,,,,,not_reviewed,,
245,Baptisms-San-Antonio-Baptism-Records-1788-1824--1858-1898_p201-300.docx,46,rId49,word/media/image46.png,raw/fs_0245.png,PNG,1501,1305,RGBA,2153577,529af89fed27577bfb0e69760830200f06a7038e115ca3590c4e959a8e26471f,,analysis/fs_0245_analysis.png,thumbnails/fs_0245.jpg,dlstupka/hth-baptisms-san-antonio-1788-1824--1858-1898,9f03a2632820a26b9724dac7a7a62e87776b1b04,dlstupka/hth,4b0d7c9a16b00eb463a94355f4a2aaf9e69af020,,,,,,,,,,not_reviewed,,
246,Baptisms-San-Antonio-Baptism-Records-1788-1824--1858-1898_p201-300.docx,47,rId50,word/media/image47.png,raw/fs_0246.png,PNG,1448,1290,RGBA,2086013,08990eff798fe5b456fc8f62e881feab31b5cdfa69b5ac5c48ca5be69ebf935f,,analysis/fs_0246_analysis.png,thumbnails/fs_0246.jpg,dlstupka/hth-baptisms-san-antonio-1788-1824--1858-1898,9f03a2632820a26b9724dac7a7a62e87776b1b04,dlstupka/hth,4b0d7c9a16b00eb463a94355f4a2aaf9e69af020,,,,,,,,,,not_reviewed,,
247,Baptisms-San-Antonio-Baptism-Records-1788-1824--1858-1898_p201-300.docx,48,rId51,word/media/image48.png,raw/fs_0247.png,PNG,1464,1304,RGBA,2111782,03080ed42cbe796b5f56e990c36c200955e0219057ce5e5a0cb302a0fec4b3b6,,analysis/fs_0247_analysis.png,thumbnails/fs_0247.jpg,dlstupka/hth-baptisms-san-antonio-1788-1824--1858-1898,9f03a2632820a26b9724dac7a7a62e87776b1b04,dlstupka/hth,4b0d7c9a16b00eb463a94355f4a2aaf9e69af020,,,,,,,,,,not_reviewed,,
248,Baptisms-San-Antonio-Baptism-Records-1788-1824--1858-1898_p201-300.docx,49,rId52,word/media/image49.png,raw/fs_0248.png,PNG,1458,1295,RGBA,2074351,58e3afff90ce1d5b4cb600502edd03e8298ea9265ce89911e0d449935eca5941,,analysis/fs_0248_analysis.png,thumbnails/fs_0248.jpg,dlstupka/hth-baptisms-san-antonio-1788-1824--1858-1898,9f03a2632820a26b9724dac7a7a62e87776b1b04,dlstupka/hth,4b0d7c9a16b00eb463a94355f4a2aaf9e69af020,,,,,,,,,,not_reviewed,,
249,Baptisms-San-Antonio-Baptism-Records-1788-1824--1858-1898_p201-300.docx,50,rId53,word/media/image50.png,raw/fs_0249.png,PNG,1468,1296,RGBA,2123217,c4b2759590a2a5a25f54ebbd67381cf7749d7022b54a4a19d7348c3d1c447906,,analysis/fs_0249_analysis.png,thumbnails/fs_0249.jpg,dlstupka/hth-baptisms-san-antonio-1788-1824--1858-1898,9f03a2632820a26b9724dac7a7a62e87776b1b04,dlstupka/hth,4b0d7c9a16b00eb463a94355f4a2aaf9e69af020,,,,,,,,,,not_reviewed,,
250,Baptisms-San-Antonio-Baptism-Records-1788-1824--1858-1898_p201-300.docx,51,rId54,word/media/image51.png,raw/fs_0250.png,PNG,1473,1314,RGBA,2101844,ee6834e8cf25ae39799771696617ad2ff7bf016a63f4bb2e44074f11b04f93d0,,analysis/fs_0250_analysis.png,thumbnails/fs_0250.jpg,dlstupka/hth-baptisms-san-antonio-1788-1824--1858-1898,9f03a2632820a26b9724dac7a7a62e87776b1b04,dlstupka/hth,4b0d7c9a16b00eb463a94355f4a2aaf9e69af020,,,,,,,,,,not_reviewed,,
251,Baptisms-San-Antonio-Baptism-Records-1788-1824--1858-1898_p201-300.docx,52,rId55,word/media/image52.png,raw/fs_0251.png,PNG,1484,1305,RGBA,2132938,27eec500a742f8ee7b5dcc921d9699236a0a7e439ce430d2282603dfe9c3b714,,analysis/fs_0251_analysis.png,thumbnails/fs_0251.jpg,dlstupka/hth-baptisms-san-antonio-1788-1824--1858-1898,9f03a2632820a26b9724dac7a7a62e87776b1b04,dlstupka/hth,4b0d7c9a16b00eb463a94355f4a2aaf9e69af020,,,,,,,,,,not_reviewed,,
252,Baptisms-San-Antonio-Baptism-Records-1788-1824--1858-1898_p201-300.docx,53,rId56,word/media/image53.png,raw/fs_0252.png,PNG,1473,1310,RGBA,2053653,3247df3ed88d09b388ce7a9ff83c2da10cf150b51c8593b07922005c86b05c53,,analysis/fs_0252_analysis.png,thumbnails/fs_0252.jpg,dlstupka/hth-baptisms-san-antonio-1788-1824--1858-1898,9f03a2632820a26b9724dac7a7a62e87776b1b04,dlstupka/hth,4b0d7c9a16b00eb463a94355f4a2aaf9e69af020,,,,,,,,,,not_reviewed,,
253,Baptisms-San-Antonio-Baptism-Records-1788-1824--1858-1898_p201-300.docx,54,rId57,word/media/image54.png,raw/fs_0253.png,PNG,1480,1305,RGBA,2114597,c5c188c259b65bb06df3fa793c3a9af51f6463dcb6590910a0d32d0bf2959f6e,,analysis/fs_0253_analysis.png,thumbnails/fs_0253.jpg,dlstupka/hth-baptisms-san-antonio-1788-1824--1858-1898,9f03a2632820a26b9724dac7a7a62e87776b1b04,dlstupka/hth,4b0d7c9a16b00eb463a94355f4a2aaf9e69af020,,,,,,,,,,not_reviewed,,
254,Baptisms-San-Antonio-Baptism-Records-1788-1824--1858-1898_p201-300.docx,55,rId58,word/media/image55.png,raw/fs_0254.png,PNG,1478,1309,RGBA,2095781,ab7baf8e2b4c3207c18b2fe1603f4ada64b49e289b6885dcd7e6d1be123e3d2a,,analysis/fs_0254_analysis.png,thumbnails/fs_0254.jpg,dlstupka/hth-baptisms-san-antonio-1788-1824--1858-1898,9f03a2632820a26b9724dac7a7a62e87776b1b04,dlstupka/hth,4b0d7c9a16b00eb463a94355f4a2aaf9e69af020,,,,,,,,,,not_reviewed,,
255,Baptisms-San-Antonio-Baptism-Records-1788-1824--1858-1898_p201-300.docx,56,rId59,word/media/image56.png,raw/fs_0255.png,PNG,1480,1310,RGBA,2070234,8afd3d6d1e5e1a8d4dc67d59b83cb7019a663b71a1837861583155e8669d4e17,,analysis/fs_0255_analysis.png,thumbnails/fs_0255.jpg,dlstupka/hth-baptisms-san-antonio-1788-1824--1858-1898,9f03a2632820a26b9724dac7a7a62e87776b1b04,dlstupka/hth,4b0d7c9a16b00eb463a94355f4a2aaf9e69af020,,,,,,,,,,not_reviewed,,
256,Baptisms-San-Antonio-Baptism-Records-1788-1824--1858-1898_p201-300.docx,57,rId60,word/media/image57.png,raw/fs_0256.png,PNG,1474,1304,RGBA,2128406,0acc1f6c0814824c8d34ecd73b2b266088e54d58aed0494e5eb7bc4810dc56b9,,analysis/fs_0256_analysis.png,thumbnails/fs_0256.jpg,dlstupka/hth-baptisms-san-antonio-1788-1824--1858-1898,9f03a2632820a26b9724dac7a7a62e87776b1b04,dlstupka/hth,4b0d7c9a16b00eb463a94355f4a2aaf9e69af020,,,,,,,,,,not_reviewed,,
257,Baptisms-San-Antonio-Baptism-Records-1788-1824--1858-1898_p201-300.docx,58,rId61,word/media/image58.png,raw/fs_0257.png,PNG,1469,1308,RGBA,2031966,70f2e77cac0d395e54967444c16f0101c20d617f956a68b847b41b282e3cd9b0,,analysis/fs_0257_analysis.png,thumbnails/fs_0257.jpg,dlstupka/hth-baptisms-san-antonio-1788-1824--1858-1898,9f03a2632820a26b9724dac7a7a62e87776b1b04,dlstupka/hth,4b0d7c9a16b00eb463a94355f4a2aaf9e69af020,,,,,,,,,,not_reviewed,,
258,Baptisms-San-Antonio-Baptism-Records-1788-1824--1858-1898_p201-300.docx,59,rId62,word/media/image59.png,raw/fs_0258.png,PNG,1468,1304,RGBA,2068876,1aef655a231d9b8ad4570337c9bd9223afa6bb307dad9c8f7d0f40f1c58bd02a,,analysis/fs_0258_analysis.png,thumbnails/fs_0258.jpg,dlstupka/hth-baptisms-san-antonio-1788-1824--1858-1898,9f03a2632820a26b9724dac7a7a62e87776b1b04,dlstupka/hth,4b0d7c9a16b00eb463a94355f4a2aaf9e69af020,,,,,,,,,,not_reviewed,,
259,Baptisms-San-Antonio-Baptism-Records-1788-1824--1858-1898_p201-300.docx,60,rId63,word/media/image60.png,raw/fs_0259.png,PNG,1455,1299,RGBA,2047322,9b76ff44b411233602db6753209bd7972aa3783fc827870c26f1a4fe387bd2ee,,analysis/fs_0259_analysis.png,thumbnails/fs_0259.jpg,dlstupka/hth-baptisms-san-antonio-1788-1824--1858-1898,9f03a2632820a26b9724dac7a7a62e87776b1b04,dlstupka/hth,4b0d7c9a16b00eb463a94355f4a2aaf9e69af020,,,,,,,,,,not_reviewed,,
260,Baptisms-San-Antonio-Baptism-Records-1788-1824--1858-1898_p201-300.docx,61,rId64,word/media/image61.png,raw/fs_0260.png,PNG,1454,1296,RGBA,2033387,4bb7190e46734a879ff8fb07f073abb5719f7f4609e8137a87055c29f64cea68,,analysis/fs_0260_analysis.png,thumbnails/fs_0260.jpg,dlstupka/hth-baptisms-san-antonio-1788-1824--1858-1898,9f03a2632820a26b9724dac7a7a62e87776b1b04,dlstupka/hth,4b0d7c9a16b00eb463a94355f4a2aaf9e69af020,,,,,,,,,,not_reviewed,,
261,Baptisms-San-Antonio-Baptism-Records-1788-1824--1858-1898_p201-300.docx,62,rId65,word/media/image62.png,raw/fs_0261.png,PNG,1467,1302,RGBA,2107486,795079bdc199ad3e214a14a5e75a35a421726967d3647beed04b7c96e4f235f2,,analysis/fs_0261_analysis.png,thumbnails/fs_0261.jpg,dlstupka/hth-baptisms-san-antonio-1788-1824--1858-1898,9f03a2632820a26b9724dac7a7a62e87776b1b04,dlstupka/hth,4b0d7c9a16b00eb463a94355f4a2aaf9e69af020,,,,,,,,,,not_reviewed,,
262,Baptisms-San-Antonio-Baptism-Records-1788-1824--1858-1898_p201-300.docx,63,rId66,word/media/image63.png,raw/fs_0262.png,PNG,1466,1307,RGBA,2094376,ab23a99e15dbf7194ff0dd1223a52bd40d5139f9117fdd8924fcdc9b3d93672a,,analysis/fs_0262_analysis.png,thumbnails/fs_0262.jpg,dlstupka/hth-baptisms-san-antonio-1788-1824--1858-1898,9f03a2632820a26b9724dac7a7a62e87776b1b04,dlstupka/hth,4b0d7c9a16b00eb463a94355f4a2aaf9e69af020,,,,,,,,,,not_reviewed,,
263,Baptisms-San-Antonio-Baptism-Records-1788-1824--1858-1898_p201-300.docx,64,rId67,word/media/image64.png,raw/fs_0263.png,PNG,1463,1309,RGBA,2110784,e4f1fc8b725fe331373ab1e1bc667f5c1b61f9bacf8922053049fdb62fed0076,,analysis/fs_0263_analysis.png,thumbnails/fs_0263.jpg,dlstupka/hth-baptisms-san-antonio-1788-1824--1858-1898,9f03a2632820a26b9724dac7a7a62e87776b1b04,dlstupka/hth,4b0d7c9a16b00eb463a94355f4a2aaf9e69af020,,,,,,,,,,not_reviewed,,
264,Baptisms-San-Antonio-Baptism-Records-1788-1824--1858-1898_p201-300.docx,65,rId68,word/media/image65.png,raw/fs_0264.png,PNG,1469,1310,RGBA,2185725,459a534279176a7d6c7006806f88effcfbc3d2603663da3da2585a7ac252dd16,,analysis/fs_0264_analysis.png,thumbnails/fs_0264.jpg,dlstupka/hth-baptisms-san-antonio-1788-1824--1858-1898,9f03a2632820a26b9724dac7a7a62e87776b1b04,dlstupka/hth,4b0d7c9a16b00eb463a94355f4a2aaf9e69af020,,,,,,,,,,not_reviewed,,
265,Baptisms-San-Antonio-Baptism-Records-1788-1824--1858-1898_p201-300.docx,66,rId69,word/media/image66.png,raw/fs_0265.png,PNG,1463,1309,RGBA,2115703,6d955a3ab8c6f8ea0c2c87815153d382c553ae7bb4e1f850b96c98494c7fa77b,,analysis/fs_0265_analysis.png,thumbnails/fs_0265.jpg,dlstupka/hth-baptisms-san-antonio-1788-1824--1858-1898,9f03a2632820a26b9724dac7a7a62e87776b1b04,dlstupka/hth,4b0d7c9a16b00eb463a94355f4a2aaf9e69af020,,,,,,,,,,not_reviewed,,
266,Baptisms-San-Antonio-Baptism-Records-1788-1824--1858-1898_p201-300.docx,67,rId70,word/media/image67.png,raw/fs_0266.png,PNG,1462,1305,RGBA,2084949,c4618497e12df75a6c32160c38f7923d3c7ceb355691068daf57f618bc1075d2,,analysis/fs_0266_analysis.png,thumbnails/fs_0266.jpg,dlstupka/hth-baptisms-san-antonio-1788-1824--1858-1898,9f03a2632820a26b9724dac7a7a62e87776b1b04,dlstupka/hth,4b0d7c9a16b00eb463a94355f4a2aaf9e69af020,,,,,,,,,,not_reviewed,,
267,Baptisms-San-Antonio-Baptism-Records-1788-1824--1858-1898_p201-300.docx,68,rId71,word/media/image68.png,raw/fs_0267.png,PNG,1461,1313,RGBA,2091138,21a3b92c45677276d6301ee23f53e5beb18171faa6b23ccf54b227edab707b0f,,analysis/fs_0267_analysis.png,thumbnails/fs_0267.jpg,dlstupka/hth-baptisms-san-antonio-1788-1824--1858-1898,9f03a2632820a26b9724dac7a7a62e87776b1b04,dlstupka/hth,4b0d7c9a16b00eb463a94355f4a2aaf9e69af020,,,,,,,,,,not_reviewed,,
268,Baptisms-San-Antonio-Baptism-Records-1788-1824--1858-1898_p201-300.docx,69,rId72,word/media/image69.png,raw/fs_0268.png,PNG,1460,1311,RGBA,1999832,4288616400eb2c9b752ea07d4374ea9ac44c0269eb14c2e66b8bb184e7f3c00d,,analysis/fs_0268_analysis.png,thumbnails/fs_0268.jpg,dlstupka/hth-baptisms-san-antonio-1788-1824--1858-1898,9f03a2632820a26b9724dac7a7a62e87776b1b04,dlstupka/hth,4b0d7c9a16b00eb463a94355f4a2aaf9e69af020,,,,,,,,,,not_reviewed,,
269,Baptisms-San-Antonio-Baptism-Records-1788-1824--1858-1898_p201-300.docx,70,rId73,word/media/image70.png,raw/fs_0269.png,PNG,1460,1307,RGBA,2010872,a2cc63ee0dd7c83e56d38b25ff3df325fdd95e3a1125ae8a1d3c014d010c16d6,,analysis/fs_0269_analysis.png,thumbnails/fs_0269.jpg,dlstupka/hth-baptisms-san-antonio-1788-1824--1858-1898,9f03a2632820a26b9724dac7a7a62e87776b1b04,dlstupka/hth,4b0d7c9a16b00eb463a94355f4a2aaf9e69af020,,,,,,,,,,not_reviewed,,
270,Baptisms-San-Antonio-Baptism-Records-1788-1824--1858-1898_p201-300.docx,71,rId74,word/media/image71.png,raw/fs_0270.png,PNG,1472,1307,RGBA,2032938,2c3ced1aa86763c3672ed0b11fab2a2eb04ec9275f57a49eb1124c1df3afe097,,analysis/fs_0270_analysis.png,thumbnails/fs_0270.jpg,dlstupka/hth-baptisms-san-antonio-1788-1824--1858-1898,9f03a2632820a26b9724dac7a7a62e87776b1b04,dlstupka/hth,4b0d7c9a16b00eb463a94355f4a2aaf9e69af020,,,,,,,,,,not_reviewed,,
271,Baptisms-San-Antonio-Baptism-Records-1788-1824--1858-1898_p201-300.docx,72,rId75,word/media/image72.png,raw/fs_0271.png,PNG,1466,1309,RGBA,2016384,f2efdab3d2566ee101ca292b76abdf90dab212e3f4e8329f3bb8be34269516cb,,analysis/fs_0271_analysis.png,thumbnails/fs_0271.jpg,dlstupka/hth-baptisms-san-antonio-1788-1824--1858-1898,9f03a2632820a26b9724dac7a7a62e87776b1b04,dlstupka/hth,4b0d7c9a16b00eb463a94355f4a2aaf9e69af020,,,,,,,,,,not_reviewed,,
272,Baptisms-San-Antonio-Baptism-Records-1788-1824--1858-1898_p201-300.docx,73,rId76,word/media/image73.png,raw/fs_0272.png,PNG,1454,1292,RGBA,2013794,8cc8f734a8e09d789bb7b057eb1a9acb2417903bc9024377e10285383021b7d6,,analysis/fs_0272_analysis.png,thumbnails/fs_0272.jpg,dlstupka/hth-baptisms-san-antonio-1788-1824--1858-1898,9f03a2632820a26b9724dac7a7a62e87776b1b04,dlstupka/hth,4b0d7c9a16b00eb463a94355f4a2aaf9e69af020,,,,,,,,,,not_reviewed,,
273,Baptisms-San-Antonio-Baptism-Records-1788-1824--1858-1898_p201-300.docx,74,rId77,word/media/image74.png,raw/fs_0273.png,PNG,1454,1295,RGBA,1986572,94c550db80580f07c8dfb45bffa8bebfc69cd0d98ae021b086d93b85383144bc,,analysis/fs_0273_analysis.png,thumbnails/fs_0273.jpg,dlstupka/hth-baptisms-san-antonio-1788-1824--1858-1898,9f03a2632820a26b9724dac7a7a62e87776b1b04,dlstupka/hth,4b0d7c9a16b00eb463a94355f4a2aaf9e69af020,,,,,,,,,,not_reviewed,,
274,Baptisms-San-Antonio-Baptism-Records-1788-1824--1858-1898_p201-300.docx,75,rId78,word/media/image75.png,raw/fs_0274.png,PNG,1456,1297,RGBA,2026248,bef0a35e19c48538fe7b2bd2734896ee9dd563e8f0d2655a8e3b3b0a19b2e816,,analysis/fs_0274_analysis.png,thumbnails/fs_0274.jpg,dlstupka/hth-baptisms-san-antonio-1788-1824--1858-1898,9f03a2632820a26b9724dac7a7a62e87776b1b04,dlstupka/hth,4b0d7c9a16b00eb463a94355f4a2aaf9e69af020,,,,,,,,,,not_reviewed,,
275,Baptisms-San-Antonio-Baptism-Records-1788-1824--1858-1898_p201-300.docx,76,rId79,word/media/image76.png,raw/fs_0275.png,PNG,1430,1271,RGBA,1978695,1a59450d219a256741107251e6bbbc23536e02d3f31732888981c5ee734d1ad4,,analysis/fs_0275_analysis.png,thumbnails/fs_0275.jpg,dlstupka/hth-baptisms-san-antonio-1788-1824--1858-1898,9f03a2632820a26b9724dac7a7a62e87776b1b04,dlstupka/hth,4b0d7c9a16b00eb463a94355f4a2aaf9e69af020,,,,,,,,,,not_reviewed,,
276,Baptisms-San-Antonio-Baptism-Records-1788-1824--1858-1898_p201-300.docx,77,rId80,word/media/image77.png,raw/fs_0276.png,PNG,1463,1296,RGBA,2061560,3df2b967e79cace306eafd466e4c50f21ab97248fcbae825f230f12d0a954590,,analysis/fs_0276_analysis.png,thumbnails/fs_0276.jpg,dlstupka/hth-baptisms-san-antonio-1788-1824--1858-1898,9f03a2632820a26b9724dac7a7a62e87776b1b04,dlstupka/hth,4b0d7c9a16b00eb463a94355f4a2aaf9e69af020,,,,,,,,,,not_reviewed,,
277,Baptisms-San-Antonio-Baptism-Records-1788-1824--1858-1898_p201-300.docx,78,rId81,word/media/image78.png,raw/fs_0277.png,PNG,1465,1300,RGBA,2138090,3a239662aa41df5bd2c7bcce74adc546b2045fed06d2a22c4d7525db4a644675,,analysis/fs_0277_analysis.png,thumbnails/fs_0277.jpg,dlstupka/hth-baptisms-san-antonio-1788-1824--1858-1898,9f03a2632820a26b9724dac7a7a62e87776b1b04,dlstupka/hth,4b0d7c9a16b00eb463a94355f4a2aaf9e69af020,,,,,,,,,,not_reviewed,,
278,Baptisms-San-Antonio-Baptism-Records-1788-1824--1858-1898_p201-300.docx,79,rId82,word/media/image79.png,raw/fs_0278.png,PNG,1466,1297,RGBA,2139002,ee2d4643977872717f17e82487da70f51dd50160f1ffbaefda5ebca837ff82e2,,analysis/fs_0278_analysis.png,thumbnails/fs_0278.jpg,dlstupka/hth-baptisms-san-antonio-1788-1824--1858-1898,9f03a2632820a26b9724dac7a7a62e87776b1b04,dlstupka/hth,4b0d7c9a16b00eb463a94355f4a2aaf9e69af020,,,,,,,,,,not_reviewed,,
279,Baptisms-San-Antonio-Baptism-Records-1788-1824--1858-1898_p201-300.docx,80,rId83,word/media/image80.png,raw/fs_0279.png,PNG,1467,1306,RGBA,2061111,4c11a8f09360d94fd684a5903419ad93f3314464c34f4a14c6b01f71af79c073,,analysis/fs_0279_analysis.png,thumbnails/fs_0279.jpg,dlstupka/hth-baptisms-san-antonio-1788-1824--1858-1898,9f03a2632820a26b9724dac7a7a62e87776b1b04,dlstupka/hth,4b0d7c9a16b00eb463a94355f4a2aaf9e69af020,,,,,,,,,,not_reviewed,,
280,Baptisms-San-Antonio-Baptism-Records-1788-1824--1858-1898_p201-300.docx,81,rId84,word/media/image81.png,raw/fs_0280.png,PNG,1473,1308,RGBA,2176745,c8699bed483cc030989ffbcebdb76d1ba7233ad4374f3174b4c5e6422a3e2d45,,analysis/fs_0280_analysis.png,thumbnails/fs_0280.jpg,dlstupka/hth-baptisms-san-antonio-1788-1824--1858-1898,9f03a2632820a26b9724dac7a7a62e87776b1b04,dlstupka/hth,4b0d7c9a16b00eb463a94355f4a2aaf9e69af020,,,,,,,,,,not_reviewed,,
281,Baptisms-San-Antonio-Baptism-Records-1788-1824--1858-1898_p201-300.docx,82,rId85,word/media/image82.png,raw/fs_0281.png,PNG,1464,1308,RGBA,2196345,c0a18fab5f4c6fe6a75a207458a927ecba4c79c8c37302b6d6551c37dcf5a231,,analysis/fs_0281_analysis.png,thumbnails/fs_0281.jpg,dlstupka/hth-baptisms-san-antonio-1788-1824--1858-1898,9f03a2632820a26b9724dac7a7a62e87776b1b04,dlstupka/hth,4b0d7c9a16b00eb463a94355f4a2aaf9e69af020,,,,,,,,,,not_reviewed,,
282,Baptisms-San-Antonio-Baptism-Records-1788-1824--1858-1898_p201-300.docx,83,rId86,word/media/image83.png,raw/fs_0282.png,PNG,1478,1313,RGBA,2202961,297dc8703ee83dc0c19d7f42b1fce2d37e03eae50d64feacd57bc79898ab2914,,analysis/fs_0282_analysis.png,thumbnails/fs_0282.jpg,dlstupka/hth-baptisms-san-antonio-1788-1824--1858-1898,9f03a2632820a26b9724dac7a7a62e87776b1b04,dlstupka/hth,4b0d7c9a16b00eb463a94355f4a2aaf9e69af020,,,,,,,,,,not_reviewed,,
283,Baptisms-San-Antonio-Baptism-Records-1788-1824--1858-1898_p201-300.docx,84,rId87,word/media/image84.png,raw/fs_0283.png,PNG,1483,1310,RGBA,2223073,b82c8baec7050d4c12da7758fa1c6898ee13ba92ef1a5d45651fc6b87f75df1f,,analysis/fs_0283_analysis.png,thumbnails/fs_0283.jpg,dlstupka/hth-baptisms-san-antonio-1788-1824--1858-1898,9f03a2632820a26b9724dac7a7a62e87776b1b04,dlstupka/hth,4b0d7c9a16b00eb463a94355f4a2aaf9e69af020,,,,,,,,,,not_reviewed,,
284,Baptisms-San-Antonio-Baptism-Records-1788-1824--1858-1898_p201-300.docx,85,rId88,word/media/image85.png,raw/fs_0284.png,PNG,1478,1310,RGBA,2155221,36e1c9d210bd02e2342715d986a9577b76772cf304c77b425b62072013703be2,,analysis/fs_0284_analysis.png,thumbnails/fs_0284.jpg,dlstupka/hth-baptisms-san-antonio-1788-1824--1858-1898,9f03a2632820a26b9724dac7a7a62e87776b1b04,dlstupka/hth,4b0d7c9a16b00eb463a94355f4a2aaf9e69af020,,,,,,,,,,not_reviewed,,
285,Baptisms-San-Antonio-Baptism-Records-1788-1824--1858-1898_p201-300.docx,86,rId89,word/media/image86.png,raw/fs_0285.png,PNG,1473,1313,RGBA,2101907,90a9483b91c1b7de519588d72387ac9f33be5134955f408e3336040402a3587b,,analysis/fs_0285_analysis.png,thumbnails/fs_0285.jpg,dlstupka/hth-baptisms-san-antonio-1788-1824--1858-1898,9f03a2632820a26b9724dac7a7a62e87776b1b04,dlstupka/hth,4b0d7c9a16b00eb463a94355f4a2aaf9e69af020,,,,,,,,,,not_reviewed,,
286,Baptisms-San-Antonio-Baptism-Records-1788-1824--1858-1898_p201-300.docx,87,rId90,word/media/image87.png,raw/fs_0286.png,PNG,1469,1306,RGBA,2122793,99ea0da233a0e6432e07d4f77bf349d3e372f6d07e56cb645ba3cc0af4b88647,,analysis/fs_0286_analysis.png,thumbnails/fs_0286.jpg,dlstupka/hth-baptisms-san-antonio-1788-1824--1858-1898,9f03a2632820a26b9724dac7a7a62e87776b1b04,dlstupka/hth,4b0d7c9a16b00eb463a94355f4a2aaf9e69af020,,,,,,,,,,not_reviewed,,
287,Baptisms-San-Antonio-Baptism-Records-1788-1824--1858-1898_p201-300.docx,88,rId91,word/media/image88.png,raw/fs_0287.png,PNG,1472,1305,RGBA,2109090,e36ea80157d49673d9cb779eeff281b7ce103086587eb57a1d53633bde86b7ec,,analysis/fs_0287_analysis.png,thumbnails/fs_0287.jpg,dlstupka/hth-baptisms-san-antonio-1788-1824--1858-1898,9f03a2632820a26b9724dac7a7a62e87776b1b04,dlstupka/hth,4b0d7c9a16b00eb463a94355f4a2aaf9e69af020,,,,,,,,,,not_reviewed,,
288,Baptisms-San-Antonio-Baptism-Records-1788-1824--1858-1898_p201-300.docx,89,rId92,word/media/image89.png,raw/fs_0288.png,PNG,1472,1290,RGBA,2145336,d5e520e25f45a923bb17b63d1639ab1cf82b3b49aeeb1f47c749c5bf55e8f302,,analysis/fs_0288_analysis.png,thumbnails/fs_0288.jpg,dlstupka/hth-baptisms-san-antonio-1788-1824--1858-1898,9f03a2632820a26b9724dac7a7a62e87776b1b04,dlstupka/hth,4b0d7c9a16b00eb463a94355f4a2aaf9e69af020,,,,,,,,,,not_reviewed,,
289,Baptisms-San-Antonio-Baptism-Records-1788-1824--1858-1898_p201-300.docx,90,rId93,word/media/image90.png,raw/fs_0289.png,PNG,1482,1305,RGBA,2152436,01f9b8a7a29d616a1ca701d4819b48de5d45ea6e6f5117907a5f3b8c8b5931a7,,analysis/fs_0289_analysis.png,thumbnails/fs_0289.jpg,dlstupka/hth-baptisms-san-antonio-1788-1824--1858-1898,9f03a2632820a26b9724dac7a7a62e87776b1b04,dlstupka/hth,4b0d7c9a16b00eb463a94355f4a2aaf9e69af020,,,,,,,,,,not_reviewed,,
290,Baptisms-San-Antonio-Baptism-Records-1788-1824--1858-1898_p201-300.docx,91,rId94,word/media/image91.png,raw/fs_0290.png,PNG,1488,1309,RGBA,2134344,637e4327c99c1ca5dbb5a878e66f70c388e0e1c12384cac1e938dfa1f0f8e83d,,analysis/fs_0290_analysis.png,thumbnails/fs_0290.jpg,dlstupka/hth-baptisms-san-antonio-1788-1824--1858-1898,9f03a2632820a26b9724dac7a7a62e87776b1b04,dlstupka/hth,4b0d7c9a16b00eb463a94355f4a2aaf9e69af020,,,,,,,,,,not_reviewed,,
291,Baptisms-San-Antonio-Baptism-Records-1788-1824--1858-1898_p201-300.docx,92,rId95,word/media/image92.png,raw/fs_0291.png,PNG,1476,1313,RGBA,2130639,906a6b461b939331f91d471868e74b2df4496f9003afb47e47e022285be2dced,,analysis/fs_0291_analysis.png,thumbnails/fs_0291.jpg,dlstupka/hth-baptisms-san-antonio-1788-1824--1858-1898,9f03a2632820a26b9724dac7a7a62e87776b1b04,dlstupka/hth,4b0d7c9a16b00eb463a94355f4a2aaf9e69af020,,,,,,,,,,not_reviewed,,
292,Baptisms-San-Antonio-Baptism-Records-1788-1824--1858-1898_p201-300.docx,93,rId96,word/media/image93.png,raw/fs_0292.png,PNG,1488,1311,RGBA,2152263,18e8c09b4aadf9aa9fe0b8c76ea90b3479d5e5a20398f07e0d66736eb3403e67,,analysis/fs_0292_analysis.png,thumbnails/fs_0292.jpg,dlstupka/hth-baptisms-san-antonio-1788-1824--1858-1898,9f03a2632820a26b9724dac7a7a62e87776b1b04,dlstupka/hth,4b0d7c9a16b00eb463a94355f4a2aaf9e69af020,,,,,,,,,,not_reviewed,,
293,Baptisms-San-Antonio-Baptism-Records-1788-1824--1858-1898_p201-300.docx,94,rId97,word/media/image94.png,raw/fs_0293.png,PNG,1477,1314,RGBA,2150289,d47985c7a9cce111fa3df1b2df286f28ee4ceb4197fc09a965c3d00f0a42a14d,,analysis/fs_0293_analysis.png,thumbnails/fs_0293.jpg,dlstupka/hth-baptisms-san-antonio-1788-1824--1858-1898,9f03a2632820a26b9724dac7a7a62e87776b1b04,dlstupka/hth,4b0d7c9a16b00eb463a94355f4a2aaf9e69af020,,,,,,,,,,not_reviewed,,
294,Baptisms-San-Antonio-Baptism-Records-1788-1824--1858-1898_p201-300.docx,95,rId98,word/media/image95.png,raw/fs_0294.png,PNG,1486,1310,RGBA,2164182,0b135f24b733fa2b0dd303f18165c6c28ae26ef4830f15c99635785026d08207,,analysis/fs_0294_analysis.png,thumbnails/fs_0294.jpg,dlstupka/hth-baptisms-san-antonio-1788-1824--1858-1898,9f03a2632820a26b9724dac7a7a62e87776b1b04,dlstupka/hth,4b0d7c9a16b00eb463a94355f4a2aaf9e69af020,,,,,,,,,,not_reviewed,,
295,Baptisms-San-Antonio-Baptism-Records-1788-1824--1858-1898_p201-300.docx,96,rId99,word/media/image96.png,raw/fs_0295.png,PNG,1475,1304,RGBA,2097356,887b4597cfe6beb1f69ab42b7be527ec576154c4d08e33e365597e5320163c3e,,analysis/fs_0295_analysis.png,thumbnails/fs_0295.jpg,dlstupka/hth-baptisms-san-antonio-1788-1824--1858-1898,9f03a2632820a26b9724dac7a7a62e87776b1b04,dlstupka/hth,4b0d7c9a16b00eb463a94355f4a2aaf9e69af020,,,,,,,,,,not_reviewed,,
296,Baptisms-San-Antonio-Baptism-Records-1788-1824--1858-1898_p201-300.docx,97,rId100,word/media/image97.png,raw/fs_0296.png,PNG,1487,1311,RGBA,2213406,6bba4ffb582724cdaf0e07715e081f6a841ea5ec919a1429c48bd2408b808d33,,analysis/fs_0296_analysis.png,thumbnails/fs_0296.jpg,dlstupka/hth-baptisms-san-antonio-1788-1824--1858-1898,9f03a2632820a26b9724dac7a7a62e87776b1b04,dlstupka/hth,4b0d7c9a16b00eb463a94355f4a2aaf9e69af020,,,,,,,,,,not_reviewed,,
297,Baptisms-San-Antonio-Baptism-Records-1788-1824--1858-1898_p201-300.docx,98,rId101,word/media/image98.png,raw/fs_0297.png,PNG,1473,1309,RGBA,2198366,d42229bc0d002587bc2adb7119cfd0731e86b1cad42f0ae5934510cc4bbdde06,,analysis/fs_0297_analysis.png,thumbnails/fs_0297.jpg,dlstupka/hth-baptisms-san-antonio-1788-1824--1858-1898,9f03a2632820a26b9724dac7a7a62e87776b1b04,dlstupka/hth,4b0d7c9a16b00eb463a94355f4a2aaf9e69af020,,,,,,,,,,not_reviewed,,
298,Baptisms-San-Antonio-Baptism-Records-1788-1824--1858-1898_p201-300.docx,99,rId102,word/media/image99.png,raw/fs_0298.png,PNG,1508,1314,RGBA,2227741,e5b3dc1c1666ae23e29a58b68efa05de9b93e7e721f0b555569db77f3774aed9,,analysis/fs_0298_analysis.png,thumbnails/fs_0298.jpg,dlstupka/hth-baptisms-san-antonio-1788-1824--1858-1898,9f03a2632820a26b9724dac7a7a62e87776b1b04,dlstupka/hth,4b0d7c9a16b00eb463a94355f4a2aaf9e69af020,,,,,,,,,,not_reviewed,,
299,Baptisms-San-Antonio-Baptism-Records-1788-1824--1858-1898_p301-400.docx,1,rId4,word/media/image1.png,raw/fs_0299.png,PNG,1478,1307,RGBA,2148689,a5735b1157b93894eecc18e5ae13dcbf0d7ee70730e02201f19c47f9b6d2a0ec,,analysis/fs_0299_analysis.png,thumbnails/fs_0299.jpg,dlstupka/hth-baptisms-san-antonio-1788-1824--1858-1898,9f03a2632820a26b9724dac7a7a62e87776b1b04,dlstupka/hth,4b0d7c9a16b00eb463a94355f4a2aaf9e69af020,,,,,,,,,,not_reviewed,,
300,Baptisms-San-Antonio-Baptism-Records-1788-1824--1858-1898_p301-400.docx,2,rId5,word/media/image2.png,raw/fs_0300.png,PNG,1471,1303,RGBA,2204858,50c86ee0df3463f5e85bc647e2142f128408f85f708f58eb989cfd203f42d62a,,analysis/fs_0300_analysis.png,thumbnails/fs_0300.jpg,dlstupka/hth-baptisms-san-antonio-1788-1824--1858-1898,9f03a2632820a26b9724dac7a7a62e87776b1b04,dlstupka/hth,4b0d7c9a16b00eb463a94355f4a2aaf9e69af020,,,,,,,,,,not_reviewed,,
301,Baptisms-San-Antonio-Baptism-Records-1788-1824--1858-1898_p301-400.docx,3,rId6,word/media/image3.png,raw/fs_0301.png,PNG,1464,1304,RGBA,2193044,d50050dcd116838d5b0e92d86ca6ee04dbf06b1c1997cb31910b5ed5d839bdd4,,analysis/fs_0301_analysis.png,thumbnails/fs_0301.jpg,dlstupka/hth-baptisms-san-antonio-1788-1824--1858-1898,9f03a2632820a26b9724dac7a7a62e87776b1b04,dlstupka/hth,4b0d7c9a16b00eb463a94355f4a2aaf9e69af020,,,,,,,,,,not_reviewed,,
302,Baptisms-San-Antonio-Baptism-Records-1788-1824--1858-1898_p301-400.docx,4,rId7,word/media/image4.png,raw/fs_0302.png,PNG,1452,1294,RGBA,2145832,9372b91fc4803dc1a73ccc9a79c06448d8e9d80ec14bc803f0769844853b0362,,analysis/fs_0302_analysis.png,thumbnails/fs_0302.jpg,dlstupka/hth-baptisms-san-antonio-1788-1824--1858-1898,9f03a2632820a26b9724dac7a7a62e87776b1b04,dlstupka/hth,4b0d7c9a16b00eb463a94355f4a2aaf9e69af020,,,,,,,,,,not_reviewed,,
303,Baptisms-San-Antonio-Baptism-Records-1788-1824--1858-1898_p301-400.docx,5,rId8,word/media/image5.png,raw/fs_0303.png,PNG,1447,1305,RGBA,2169782,1473ed080991e24ca085f2593451107c19d5ee6fa8482213b8cc11e4855f834a,,analysis/fs_0303_analysis.png,thumbnails/fs_0303.jpg,dlstupka/hth-baptisms-san-antonio-1788-1824--1858-1898,9f03a2632820a26b9724dac7a7a62e87776b1b04,dlstupka/hth,4b0d7c9a16b00eb463a94355f4a2aaf9e69af020,,,,,,,,,,not_reviewed,,
304,Baptisms-San-Antonio-Baptism-Records-1788-1824--1858-1898_p301-400.docx,6,rId9,word/media/image6.png,raw/fs_0304.png,PNG,1440,1293,RGBA,2060919,cc5f933bd48d8bf8d260e9c4732ced3d2f441c674c31d63b518ec611c609dfff,,analysis/fs_0304_analysis.png,thumbnails/fs_0304.jpg,dlstupka/hth-baptisms-san-antonio-1788-1824--1858-1898,9f03a2632820a26b9724dac7a7a62e87776b1b04,dlstupka/hth,4b0d7c9a16b00eb463a94355f4a2aaf9e69af020,,,,,,,,,,not_reviewed,,
305,Baptisms-San-Antonio-Baptism-Records-1788-1824--1858-1898_p301-400.docx,7,rId10,word/media/image7.png,raw/fs_0305.png,PNG,1454,1302,RGBA,2190730,b5a9ac435b9e9a4a42e9c5360194943664db91db5465f59be98f9dfb59ec2398,,analysis/fs_0305_analysis.png,thumbnails/fs_0305.jpg,dlstupka/hth-baptisms-san-antonio-1788-1824--1858-1898,9f03a2632820a26b9724dac7a7a62e87776b1b04,dlstupka/hth,4b0d7c9a16b00eb463a94355f4a2aaf9e69af020,,,,,,,,,,not_reviewed,,
306,Baptisms-San-Antonio-Baptism-Records-1788-1824--1858-1898_p301-400.docx,8,rId11,word/media/image8.png,raw/fs_0306.png,PNG,1445,1306,RGBA,2189904,0f56143fb3a9f758550c53d09f94f351f306df539b86d5e8cf904aae257372c2,,analysis/fs_0306_analysis.png,thumbnails/fs_0306.jpg,dlstupka/hth-baptisms-san-antonio-1788-1824--1858-1898,9f03a2632820a26b9724dac7a7a62e87776b1b04,dlstupka/hth,4b0d7c9a16b00eb463a94355f4a2aaf9e69af020,,,,,,,,,,not_reviewed,,
307,Baptisms-San-Antonio-Baptism-Records-1788-1824--1858-1898_p301-400.docx,9,rId12,word/media/image9.png,raw/fs_0307.png,PNG,1433,1301,RGBA,2103184,eea1c8461e3021515ab2c93c926d4e17b4d5f294ca2d82da602d9f2b5bf2ed9e,,analysis/fs_0307_analysis.png,thumbnails/fs_0307.jpg,dlstupka/hth-baptisms-san-antonio-1788-1824--1858-1898,9f03a2632820a26b9724dac7a7a62e87776b1b04,dlstupka/hth,4b0d7c9a16b00eb463a94355f4a2aaf9e69af020,,,,,,,,,,not_reviewed,,
308,Baptisms-San-Antonio-Baptism-Records-1788-1824--1858-1898_p301-400.docx,10,rId13,word/media/image10.png,raw/fs_0308.png,PNG,1445,1306,RGBA,2226465,581676da5531b9bf1df452751fb80e7a8abf769e136f311f963dd0ecabf90d00,,analysis/fs_0308_analysis.png,thumbnails/fs_0308.jpg,dlstupka/hth-baptisms-san-antonio-1788-1824--1858-1898,9f03a2632820a26b9724dac7a7a62e87776b1b04,dlstupka/hth,4b0d7c9a16b00eb463a94355f4a2aaf9e69af020,,,,,,,,,,not_reviewed,,
309,Baptisms-San-Antonio-Baptism-Records-1788-1824--1858-1898_p301-400.docx,11,rId14,word/media/image11.png,raw/fs_0309.png,PNG,1455,1308,RGBA,2214803,34e511285435beb27dc96257eaa60503a0b993317d67ef06ad27e0886811f0b0,,analysis/fs_0309_analysis.png,thumbnails/fs_0309.jpg,dlstupka/hth-baptisms-san-antonio-1788-1824--1858-1898,9f03a2632820a26b9724dac7a7a62e87776b1b04,dlstupka/hth,4b0d7c9a16b00eb463a94355f4a2aaf9e69af020,,,,,,,,,,not_reviewed,,
310,Baptisms-San-Antonio-Baptism-Records-1788-1824--1858-1898_p301-400.docx,12,rId15,word/media/image12.png,raw/fs_0310.png,PNG,1445,1302,RGBA,2252480,0a7e4aa31f3b376f0193fac2d4fcafbe82f2a84158a29efeda97850f806df89f,,analysis/fs_0310_analysis.png,thumbnails/fs_0310.jpg,dlstupka/hth-baptisms-san-antonio-1788-1824--1858-1898,9f03a2632820a26b9724dac7a7a62e87776b1b04,dlstupka/hth,4b0d7c9a16b00eb463a94355f4a2aaf9e69af020,,,,,,,,,,not_reviewed,,
311,Baptisms-San-Antonio-Baptism-Records-1788-1824--1858-1898_p301-400.docx,13,rId16,word/media/image13.png,raw/fs_0311.png,PNG,1448,1303,RGBA,2199091,275512d5be623da13be615e9284ed7fb0f0419880d635bf2de30f8fe1aa53d89,,analysis/fs_0311_analysis.png,thumbnails/fs_0311.jpg,dlstupka/hth-baptisms-san-antonio-1788-1824--1858-1898,9f03a2632820a26b9724dac7a7a62e87776b1b04,dlstupka/hth,4b0d7c9a16b00eb463a94355f4a2aaf9e69af020,,,,,,,,,,not_reviewed,,
312,Baptisms-San-Antonio-Baptism-Records-1788-1824--1858-1898_p301-400.docx,14,rId17,word/media/image14.png,raw/fs_0312.png,PNG,1456,1300,RGBA,2286488,8b0c1d3aca838f742fafa6701b42da362e405f4ea23aa208834c315b60b54b36,,analysis/fs_0312_analysis.png,thumbnails/fs_0312.jpg,dlstupka/hth-baptisms-san-antonio-1788-1824--1858-1898,9f03a2632820a26b9724dac7a7a62e87776b1b04,dlstupka/hth,4b0d7c9a16b00eb463a94355f4a2aaf9e69af020,,,,,,,,,,not_reviewed,,
313,Baptisms-San-Antonio-Baptism-Records-1788-1824--1858-1898_p301-400.docx,15,rId18,word/media/image15.png,raw/fs_0313.png,PNG,1469,1308,RGBA,2248994,c9e1d848fe9675135283fb8591b605397830b400cebc2efd0456d1657b9c2ca6,,analysis/fs_0313_analysis.png,thumbnails/fs_0313.jpg,dlstupka/hth-baptisms-san-antonio-1788-1824--1858-1898,9f03a2632820a26b9724dac7a7a62e87776b1b04,dlstupka/hth,4b0d7c9a16b00eb463a94355f4a2aaf9e69af020,,,,,,,,,,not_reviewed,,
314,Baptisms-San-Antonio-Baptism-Records-1788-1824--1858-1898_p301-400.docx,16,rId19,word/media/image16.png,raw/fs_0314.png,PNG,1448,1305,RGBA,2104210,60e32dd9e86ddaf3a2adee0974eb1f83b01f0004c5e46eb2da697467fbbfd48b,,analysis/fs_0314_analysis.png,thumbnails/fs_0314.jpg,dlstupka/hth-baptisms-san-antonio-1788-1824--1858-1898,9f03a2632820a26b9724dac7a7a62e87776b1b04,dlstupka/hth,4b0d7c9a16b00eb463a94355f4a2aaf9e69af020,,,,,,,,,,not_reviewed,,
315,Baptisms-San-Antonio-Baptism-Records-1788-1824--1858-1898_p301-400.docx,17,rId20,word/media/image17.png,raw/fs_0315.png,PNG,1441,1299,RGBA,2065365,831e7dc46a1096d09a7461c2053ee4d02109e80f588612f07f43af150bebf65a,,analysis/fs_0315_analysis.png,thumbnails/fs_0315.jpg,dlstupka/hth-baptisms-san-antonio-1788-1824--1858-1898,9f03a2632820a26b9724dac7a7a62e87776b1b04,dlstupka/hth,4b0d7c9a16b00eb463a94355f4a2aaf9e69af020,,,,,,,,,,not_reviewed,,
316,Baptisms-San-Antonio-Baptism-Records-1788-1824--1858-1898_p301-400.docx,18,rId21,word/media/image18.png,raw/fs_0316.png,PNG,1436,1289,RGBA,2178643,742000d192467228cc66d4360dc670701f07ee1604684662ff96dc6f67e6702e,,analysis/fs_0316_analysis.png,thumbnails/fs_0316.jpg,dlstupka/hth-baptisms-san-antonio-1788-1824--1858-1898,9f03a2632820a26b9724dac7a7a62e87776b1b04,dlstupka/hth,4b0d7c9a16b00eb463a94355f4a2aaf9e69af020,,,,,,,,,,not_reviewed,,
317,Baptisms-San-Antonio-Baptism-Records-1788-1824--1858-1898_p301-400.docx,19,rId22,word/media/image19.png,raw/fs_0317.png,PNG,1447,1301,RGBA,2065709,3d0c77ff3ca8c06906b6ab980f42b7442032c58682340bf5fea819e24dd95c62,,analysis/fs_0317_analysis.png,thumbnails/fs_0317.jpg,dlstupka/hth-baptisms-san-antonio-1788-1824--1858-1898,9f03a2632820a26b9724dac7a7a62e87776b1b04,dlstupka/hth,4b0d7c9a16b00eb463a94355f4a2aaf9e69af020,,,,,,,,,,not_reviewed,,
318,Baptisms-San-Antonio-Baptism-Records-1788-1824--1858-1898_p301-400.docx,20,rId23,word/media/image20.png,raw/fs_0318.png,PNG,1457,1306,RGBA,2211809,49dc11d943a6eb4dc0ac5e479424506fb366dc4e96257d2d49ac8a6df7b5ff9d,,analysis/fs_0318_analysis.png,thumbnails/fs_0318.jpg,dlstupka/hth-baptisms-san-antonio-1788-1824--1858-1898,9f03a2632820a26b9724dac7a7a62e87776b1b04,dlstupka/hth,4b0d7c9a16b00eb463a94355f4a2aaf9e69af020,,,,,,,,,,not_reviewed,,
319,Baptisms-San-Antonio-Baptism-Records-1788-1824--1858-1898_p301-400.docx,21,rId24,word/media/image21.png,raw/fs_0319.png,PNG,1456,1304,RGBA,2178744,dba3dd2d38842c5f7aacd062e417265fa533926faf4825f198fdb7024a850c35,,analysis/fs_0319_analysis.png,thumbnails/fs_0319.jpg,dlstupka/hth-baptisms-san-antonio-1788-1824--1858-1898,9f03a2632820a26b9724dac7a7a62e87776b1b04,dlstupka/hth,4b0d7c9a16b00eb463a94355f4a2aaf9e69af020,,,,,,,,,,not_reviewed,,
320,Baptisms-San-Antonio-Baptism-Records-1788-1824--1858-1898_p301-400.docx,22,rId25,word/media/image22.png,raw/fs_0320.png,PNG,1453,1296,RGBA,2214857,a12d2ee7fd39534689a435deeb749e9247916795950bcdc9177c2c524d6513d3,,analysis/fs_0320_analysis.png,thumbnails/fs_0320.jpg,dlstupka/hth-baptisms-san-antonio-1788-1824--1858-1898,9f03a2632820a26b9724dac7a7a62e87776b1b04,dlstupka/hth,4b0d7c9a16b00eb463a94355f4a2aaf9e69af020,,,,,,,,,,not_reviewed,,
321,Baptisms-San-Antonio-Baptism-Records-1788-1824--1858-1898_p301-400.docx,23,rId26,word/media/image23.png,raw/fs_0321.png,PNG,1443,1298,RGBA,2178730,79577d85fd2d90a89d63e5d37bd34628b7e1f2f3ee1cf8f98c21ec142762ab2d,,analysis/fs_0321_analysis.png,thumbnails/fs_0321.jpg,dlstupka/hth-baptisms-san-antonio-1788-1824--1858-1898,9f03a2632820a26b9724dac7a7a62e87776b1b04,dlstupka/hth,4b0d7c9a16b00eb463a94355f4a2aaf9e69af020,,,,,,,,,,not_reviewed,,
322,Baptisms-San-Antonio-Baptism-Records-1788-1824--1858-1898_p301-400.docx,24,rId27,word/media/image24.png,raw/fs_0322.png,PNG,1451,1304,RGBA,2160522,968e532d55d171ef2eb4cb42274f697f1c0f6133af50003032426f185ef8a0dc,,analysis/fs_0322_analysis.png,thumbnails/fs_0322.jpg,dlstupka/hth-baptisms-san-antonio-1788-1824--1858-1898,9f03a2632820a26b9724dac7a7a62e87776b1b04,dlstupka/hth,4b0d7c9a16b00eb463a94355f4a2aaf9e69af020,,,,,,,,,,not_reviewed,,
323,Baptisms-San-Antonio-Baptism-Records-1788-1824--1858-1898_p301-400.docx,25,rId28,word/media/image25.png,raw/fs_0323.png,PNG,1431,1301,RGBA,2179042,c389fcb9291fada8d9d662277f4b2419fa6c4158bf6ceeaa1c95584e9f6b2359,,analysis/fs_0323_analysis.png,thumbnails/fs_0323.jpg,dlstupka/hth-baptisms-san-antonio-1788-1824--1858-1898,9f03a2632820a26b9724dac7a7a62e87776b1b04,dlstupka/hth,4b0d7c9a16b00eb463a94355f4a2aaf9e69af020,,,,,,,,,,not_reviewed,,
324,Baptisms-San-Antonio-Baptism-Records-1788-1824--1858-1898_p301-400.docx,26,rId29,word/media/image26.png,raw/fs_0324.png,PNG,1446,1304,RGBA,2197314,37ef6a9963de95f29ccd4406fd249c57f9ea28fcf27d8629b98c0581c2522f3d,,analysis/fs_0324_analysis.png,thumbnails/fs_0324.jpg,dlstupka/hth-baptisms-san-antonio-1788-1824--1858-1898,9f03a2632820a26b9724dac7a7a62e87776b1b04,dlstupka/hth,4b0d7c9a16b00eb463a94355f4a2aaf9e69af020,,,,,,,,,,not_reviewed,,
325,Baptisms-San-Antonio-Baptism-Records-1788-1824--1858-1898_p301-400.docx,27,rId30,word/media/image27.png,raw/fs_0325.png,PNG,1444,1289,RGBA,2166121,d86d92ed2120692562f499e7754b36743cfeeb3f1e995e8c8ce7dd77274729f4,,analysis/fs_0325_analysis.png,thumbnails/fs_0325.jpg,dlstupka/hth-baptisms-san-antonio-1788-1824--1858-1898,9f03a2632820a26b9724dac7a7a62e87776b1b04,dlstupka/hth,4b0d7c9a16b00eb463a94355f4a2aaf9e69af020,,,,,,,,,,not_reviewed,,
326,Baptisms-San-Antonio-Baptism-Records-1788-1824--1858-1898_p301-400.docx,28,rId31,word/media/image28.png,raw/fs_0326.png,PNG,1445,1293,RGBA,2102793,da71e33e88078ce9612e69be44f8830f1626e4bc5658db3222ef49f7a81c45ed,,analysis/fs_0326_analysis.png,thumbnails/fs_0326.jpg,dlstupka/hth-baptisms-san-antonio-1788-1824--1858-1898,9f03a2632820a26b9724dac7a7a62e87776b1b04,dlstupka/hth,4b0d7c9a16b00eb463a94355f4a2aaf9e69af020,,,,,,,,,,not_reviewed,,
327,Baptisms-San-Antonio-Baptism-Records-1788-1824--1858-1898_p301-400.docx,29,rId32,word/media/image29.png,raw/fs_0327.png,PNG,1432,1292,RGBA,2111352,ad5fecd38b057f20b732258bc0cf2ba61ce655b6c7c16eaa3855c047d3bfa84f,,analysis/fs_0327_analysis.png,thumbnails/fs_0327.jpg,dlstupka/hth-baptisms-san-antonio-1788-1824--1858-1898,9f03a2632820a26b9724dac7a7a62e87776b1b04,dlstupka/hth,4b0d7c9a16b00eb463a94355f4a2aaf9e69af020,,,,,,,,,,not_reviewed,,
328,Baptisms-San-Antonio-Baptism-Records-1788-1824--1858-1898_p301-400.docx,30,rId33,word/media/image30.png,raw/fs_0328.png,PNG,1448,1288,RGBA,2149977,3ce4b49bf6fafd868172ea4da2a7e9fc1eddd0c32febe97a47a88df5ff3de488,,analysis/fs_0328_analysis.png,thumbnails/fs_0328.jpg,dlstupka/hth-baptisms-san-antonio-1788-1824--1858-1898,9f03a2632820a26b9724dac7a7a62e87776b1b04,dlstupka/hth,4b0d7c9a16b00eb463a94355f4a2aaf9e69af020,,,,,,,,,,not_reviewed,,
329,Baptisms-San-Antonio-Baptism-Records-1788-1824--1858-1898_p301-400.docx,31,rId34,word/media/image31.png,raw/fs_0329.png,PNG,1461,1295,RGBA,2189454,2644f26f755390d2d263170b83a471744077284dfed225b76789ee349214211f,,analysis/fs_0329_analysis.png,thumbnails/fs_0329.jpg,dlstupka/hth-baptisms-san-antonio-1788-1824--1858-1898,9f03a2632820a26b9724dac7a7a62e87776b1b04,dlstupka/hth,4b0d7c9a16b00eb463a94355f4a2aaf9e69af020,,,,,,,,,,not_reviewed,,
330,Baptisms-San-Antonio-Baptism-Records-1788-1824--1858-1898_p301-400.docx,32,rId35,word/media/image32.png,raw/fs_0330.png,PNG,1450,1304,RGBA,2094914,cf1457c45deeabfc3c370ef994172a880484d221cd033fae7555386fc0066bc2,,analysis/fs_0330_analysis.png,thumbnails/fs_0330.jpg,dlstupka/hth-baptisms-san-antonio-1788-1824--1858-1898,9f03a2632820a26b9724dac7a7a62e87776b1b04,dlstupka/hth,4b0d7c9a16b00eb463a94355f4a2aaf9e69af020,,,,,,,,,,not_reviewed,,
331,Baptisms-San-Antonio-Baptism-Records-1788-1824--1858-1898_p301-400.docx,33,rId36,word/media/image33.png,raw/fs_0331.png,PNG,1452,1294,RGBA,2173093,67c55645deacf9f0e800239c09b61031668ec794b41c3401d04d4e87433a62b2,,analysis/fs_0331_analysis.png,thumbnails/fs_0331.jpg,dlstupka/hth-baptisms-san-antonio-1788-1824--1858-1898,9f03a2632820a26b9724dac7a7a62e87776b1b04,dlstupka/hth,4b0d7c9a16b00eb463a94355f4a2aaf9e69af020,,,,,,,,,,not_reviewed,,
332,Baptisms-San-Antonio-Baptism-Records-1788-1824--1858-1898_p301-400.docx,34,rId37,word/media/image34.png,raw/fs_0332.png,PNG,1453,1301,RGBA,2192967,cea565dcf14cfff4fc55718c8f3693b372751b006fb32f7d1c728af1a4326a30,,analysis/fs_0332_analysis.png,thumbnails/fs_0332.jpg,dlstupka/hth-baptisms-san-antonio-1788-1824--1858-1898,9f03a2632820a26b9724dac7a7a62e87776b1b04,dlstupka/hth,4b0d7c9a16b00eb463a94355f4a2aaf9e69af020,,,,,,,,,,not_reviewed,,
333,Baptisms-San-Antonio-Baptism-Records-1788-1824--1858-1898_p301-400.docx,35,rId38,word/media/image35.png,raw/fs_0333.png,PNG,1477,1318,RGBA,2227234,0cabc058506cfbc864ee962e3cc17f40116aae401d8be5ef4f5340817fc78078,,analysis/fs_0333_analysis.png,thumbnails/fs_0333.jpg,dlstupka/hth-baptisms-san-antonio-1788-1824--1858-1898,9f03a2632820a26b9724dac7a7a62e87776b1b04,dlstupka/hth,4b0d7c9a16b00eb463a94355f4a2aaf9e69af020,,,,,,,,,,not_reviewed,,
334,Baptisms-San-Antonio-Baptism-Records-1788-1824--1858-1898_p301-400.docx,36,rId39,word/media/image36.png,raw/fs_0334.png,PNG,1468,1311,RGBA,2241404,c090a27aac764186c939f601550bcf95733d17edf6e6b297acde79d1a7e042d9,,analysis/fs_0334_analysis.png,thumbnails/fs_0334.jpg,dlstupka/hth-baptisms-san-antonio-1788-1824--1858-1898,9f03a2632820a26b9724dac7a7a62e87776b1b04,dlstupka/hth,4b0d7c9a16b00eb463a94355f4a2aaf9e69af020,,,,,,,,,,not_reviewed,,
335,Baptisms-San-Antonio-Baptism-Records-1788-1824--1858-1898_p301-400.docx,37,rId40,word/media/image37.png,raw/fs_0335.png,PNG,1458,1309,RGBA,2217248,21eb53418851fe6d2bf8ed5fe70af2da44cab498926b8ca8c529bbf55e93809e,,analysis/fs_0335_analysis.png,thumbnails/fs_0335.jpg,dlstupka/hth-baptisms-san-antonio-1788-1824--1858-1898,9f03a2632820a26b9724dac7a7a62e87776b1b04,dlstupka/hth,4b0d7c9a16b00eb463a94355f4a2aaf9e69af020,,,,,,,,,,not_reviewed,,
336,Baptisms-San-Antonio-Baptism-Records-1788-1824--1858-1898_p301-400.docx,38,rId41,word/media/image38.png,raw/fs_0336.png,PNG,1448,1286,RGBA,2182511,3a82136c208edc758fee0892bd5767a60512a159dd9d193cb1e88add5330b5e9,,analysis/fs_0336_analysis.png,thumbnails/fs_0336.jpg,dlstupka/hth-baptisms-san-antonio-1788-1824--1858-1898,9f03a2632820a26b9724dac7a7a62e87776b1b04,dlstupka/hth,4b0d7c9a16b00eb463a94355f4a2aaf9e69af020,,,,,,,,,,not_reviewed,,
337,Baptisms-San-Antonio-Baptism-Records-1788-1824--1858-1898_p301-400.docx,39,rId42,word/media/image39.png,raw/fs_0337.png,PNG,1448,1298,RGBA,2200667,dc1b1955a7ea64e1df7f062df848204aae50bfc1bc8118a95c5025b7a267c532,,analysis/fs_0337_analysis.png,thumbnails/fs_0337.jpg,dlstupka/hth-baptisms-san-antonio-1788-1824--1858-1898,9f03a2632820a26b9724dac7a7a62e87776b1b04,dlstupka/hth,4b0d7c9a16b00eb463a94355f4a2aaf9e69af020,,,,,,,,,,not_reviewed,,
338,Baptisms-San-Antonio-Baptism-Records-1788-1824--1858-1898_p301-400.docx,40,rId43,word/media/image40.png,raw/fs_0338.png,PNG,1432,1284,RGBA,2107069,90e591e967f463679daa7bb90eb51f2f8c5797da86f892bffdf6700f131187fd,,analysis/fs_0338_analysis.png,thumbnails/fs_0338.jpg,dlstupka/hth-baptisms-san-antonio-1788-1824--1858-1898,9f03a2632820a26b9724dac7a7a62e87776b1b04,dlstupka/hth,4b0d7c9a16b00eb463a94355f4a2aaf9e69af020,,,,,,,,,,not_reviewed,,
339,Baptisms-San-Antonio-Baptism-Records-1788-1824--1858-1898_p301-400.docx,41,rId44,word/media/image41.png,raw/fs_0339.png,PNG,1391,1253,RGBA,1998741,ab200610d04636afdbb35693717ecf2c7a3636cabce953ce685a41f3ee206086,,analysis/fs_0339_analysis.png,thumbnails/fs_0339.jpg,dlstupka/hth-baptisms-san-antonio-1788-1824--1858-1898,9f03a2632820a26b9724dac7a7a62e87776b1b04,dlstupka/hth,4b0d7c9a16b00eb463a94355f4a2aaf9e69af020,,,,,,,,,,not_reviewed,,
340,Baptisms-San-Antonio-Baptism-Records-1788-1824--1858-1898_p301-400.docx,42,rId45,word/media/image42.png,raw/fs_0340.png,PNG,1401,1269,RGBA,2040726,441b757d053f43ef7ec1c1880403a0e0646f4b65a0e3269c1bccf14dede517bf,,analysis/fs_0340_analysis.png,thumbnails/fs_0340.jpg,dlstupka/hth-baptisms-san-antonio-1788-1824--1858-1898,9f03a2632820a26b9724dac7a7a62e87776b1b04,dlstupka/hth,4b0d7c9a16b00eb463a94355f4a2aaf9e69af020,,,,,,,,,,not_reviewed,,
341,Baptisms-San-Antonio-Baptism-Records-1788-1824--1858-1898_p301-400.docx,43,rId46,word/media/image43.png,raw/fs_0341.png,PNG,1336,1192,RGBA,1861793,531f34d8b4b511a0bb4c7da5f78d7a841f3a54cfe07361290d047fd1a2d5d89a,,analysis/fs_0341_analysis.png,thumbnails/fs_0341.jpg,dlstupka/hth-baptisms-san-antonio-1788-1824--1858-1898,9f03a2632820a26b9724dac7a7a62e87776b1b04,dlstupka/hth,4b0d7c9a16b00eb463a94355f4a2aaf9e69af020,,,,,,,,,,not_reviewed,,
342,Baptisms-San-Antonio-Baptism-Records-1788-1824--1858-1898_p301-400.docx,44,rId47,word/media/image44.png,raw/fs_0342.png,PNG,1469,1312,RGBA,2225661,192422439ae4543fedf666ff469467ce8abece2089d4e6002b2499fb50f96d9d,,analysis/fs_0342_analysis.png,thumbnails/fs_0342.jpg,dlstupka/hth-baptisms-san-antonio-1788-1824--1858-1898,9f03a2632820a26b9724dac7a7a62e87776b1b04,dlstupka/hth,4b0d7c9a16b00eb463a94355f4a2aaf9e69af020,,,,,,,,,,not_reviewed,,
343,Baptisms-San-Antonio-Baptism-Records-1788-1824--1858-1898_p301-400.docx,45,rId48,word/media/image45.png,raw/fs_0343.png,PNG,1475,1313,RGBA,2150825,055bd93db1390c9385174b06f5bb47fe90e990ed0cdd515d5717fd43e0f17b69,,analysis/fs_0343_analysis.png,thumbnails/fs_0343.jpg,dlstupka/hth-baptisms-san-antonio-1788-1824--1858-1898,9f03a2632820a26b9724dac7a7a62e87776b1b04,dlstupka/hth,4b0d7c9a16b00eb463a94355f4a2aaf9e69af020,,,,,,,,,,not_reviewed,,
344,Baptisms-San-Antonio-Baptism-Records-1788-1824--1858-1898_p301-400.docx,46,rId49,word/media/image46.png,raw/fs_0344.png,PNG,1469,1312,RGBA,2128353,0b76823aa83dae95f635077b34c4411f5c453bad60408407c5b257d346d515b2,,analysis/fs_0344_analysis.png,thumbnails/fs_0344.jpg,dlstupka/hth-baptisms-san-antonio-1788-1824--1858-1898,9f03a2632820a26b9724dac7a7a62e87776b1b04,dlstupka/hth,4b0d7c9a16b00eb463a94355f4a2aaf9e69af020,,,,,,,,,,not_reviewed,,
345,Baptisms-San-Antonio-Baptism-Records-1788-1824--1858-1898_p301-400.docx,47,rId50,word/media/image47.png,raw/fs_0345.png,PNG,1456,1311,RGBA,2142173,5556d269d23e2f6e97b0c65861c871cfb09a57fdb17e2dc8c8b9e853b69f845c,,analysis/fs_0345_analysis.png,thumbnails/fs_0345.jpg,dlstupka/hth-baptisms-san-antonio-1788-1824--1858-1898,9f03a2632820a26b9724dac7a7a62e87776b1b04,dlstupka/hth,4b0d7c9a16b00eb463a94355f4a2aaf9e69af020,,,,,,,,,,not_reviewed,,
346,Baptisms-San-Antonio-Baptism-Records-1788-1824--1858-1898_p301-400.docx,48,rId51,word/media/image48.png,raw/fs_0346.png,PNG,1483,1319,RGBA,2286097,fa9fd09c1167f10c08d8b98f293ac0501070fbb9726f7fe37995209d7fe505ed,,analysis/fs_0346_analysis.png,thumbnails/fs_0346.jpg,dlstupka/hth-baptisms-san-antonio-1788-1824--1858-1898,9f03a2632820a26b9724dac7a7a62e87776b1b04,dlstupka/hth,4b0d7c9a16b00eb463a94355f4a2aaf9e69af020,,,,,,,,,,not_reviewed,,
347,Baptisms-San-Antonio-Baptism-Records-1788-1824--1858-1898_p301-400.docx,49,rId52,word/media/image49.png,raw/fs_0347.png,PNG,1475,1314,RGBA,2262620,de51bfa5d42c3692a1515697252b5564646831773c6b27ce8ea58aac10970e8b,,analysis/fs_0347_analysis.png,thumbnails/fs_0347.jpg,dlstupka/hth-baptisms-san-antonio-1788-1824--1858-1898,9f03a2632820a26b9724dac7a7a62e87776b1b04,dlstupka/hth,4b0d7c9a16b00eb463a94355f4a2aaf9e69af020,,,,,,,,,,not_reviewed,,
348,Baptisms-San-Antonio-Baptism-Records-1788-1824--1858-1898_p301-400.docx,50,rId53,word/media/image50.png,raw/fs_0348.png,PNG,1466,1316,RGBA,2264986,795d322e8bb9b037ce2cd1f0fc6b934d138198fc9307053c86d33b30e136cb9c,,analysis/fs_0348_analysis.png,thumbnails/fs_0348.jpg,dlstupka/hth-baptisms-san-antonio-1788-1824--1858-1898,9f03a2632820a26b9724dac7a7a62e87776b1b04,dlstupka/hth,4b0d7c9a16b00eb463a94355f4a2aaf9e69af020,,,,,,,,,,not_reviewed,,
349,Baptisms-San-Antonio-Baptism-Records-1788-1824--1858-1898_p301-400.docx,51,rId54,word/media/image51.png,raw/fs_0349.png,PNG,1444,1283,RGBA,2099848,d514c0caee41a08c138850abd8ce5154ed429fa056a2c0f2c978d316c0a9e421,,analysis/fs_0349_analysis.png,thumbnails/fs_0349.jpg,dlstupka/hth-baptisms-san-antonio-1788-1824--1858-1898,9f03a2632820a26b9724dac7a7a62e87776b1b04,dlstupka/hth,4b0d7c9a16b00eb463a94355f4a2aaf9e69af020,,,,,,,,,,not_reviewed,,
350,Baptisms-San-Antonio-Baptism-Records-1788-1824--1858-1898_p301-400.docx,52,rId55,word/media/image52.png,raw/fs_0350.png,PNG,1451,1292,RGBA,2147038,11baeaef4fe7775689b8659880bc6ed0e8a02ba20ec8f3286e8f0cb66344ebb9,,analysis/fs_0350_analysis.png,thumbnails/fs_0350.jpg,dlstupka/hth-baptisms-san-antonio-1788-1824--1858-1898,9f03a2632820a26b9724dac7a7a62e87776b1b04,dlstupka/hth,4b0d7c9a16b00eb463a94355f4a2aaf9e69af020,,,,,,,,,,not_reviewed,,
351,Baptisms-San-Antonio-Baptism-Records-1788-1824--1858-1898_p301-400.docx,53,rId56,word/media/image53.png,raw/fs_0351.png,PNG,1474,1309,RGBA,2172168,3a8ed7f243c32f15d053ad446a3f7e13cf43cd669f7ee6e36940c322e2a2cca2,,analysis/fs_0351_analysis.png,thumbnails/fs_0351.jpg,dlstupka/hth-baptisms-san-antonio-1788-1824--1858-1898,9f03a2632820a26b9724dac7a7a62e87776b1b04,dlstupka/hth,4b0d7c9a16b00eb463a94355f4a2aaf9e69af020,,,,,,,,,,not_reviewed,,
352,Baptisms-San-Antonio-Baptism-Records-1788-1824--1858-1898_p301-400.docx,54,rId57,word/media/image54.png,raw/fs_0352.png,PNG,1484,1304,RGBA,2261545,f8f6ea4e2ff01ee9588da507a0f4d6dbc4f45f2f6d03865b3999d89de1686865,,analysis/fs_0352_analysis.png,thumbnails/fs_0352.jpg,dlstupka/hth-baptisms-san-antonio-1788-1824--1858-1898,9f03a2632820a26b9724dac7a7a62e87776b1b04,dlstupka/hth,4b0d7c9a16b00eb463a94355f4a2aaf9e69af020,,,,,,,,,,not_reviewed,,
353,Baptisms-San-Antonio-Baptism-Records-1788-1824--1858-1898_p301-400.docx,55,rId58,word/media/image55.png,raw/fs_0353.png,PNG,1399,1242,RGBA,2032465,1ff23e0df96843b6c3a2b8cc3c9b9ed1074611fb6d8da1d2526385a8015c84be,,analysis/fs_0353_analysis.png,thumbnails/fs_0353.jpg,dlstupka/hth-baptisms-san-antonio-1788-1824--1858-1898,9f03a2632820a26b9724dac7a7a62e87776b1b04,dlstupka/hth,4b0d7c9a16b00eb463a94355f4a2aaf9e69af020,,,,,,,,,,not_reviewed,,
354,Baptisms-San-Antonio-Baptism-Records-1788-1824--1858-1898_p301-400.docx,56,rId59,word/media/image56.png,raw/fs_0354.png,PNG,1340,1197,RGBA,1840185,cbda37085d97ab282b3deadc677c6e2180d5c72d114bdfeb09bb7a57f1c73ee3,,analysis/fs_0354_analysis.png,thumbnails/fs_0354.jpg,dlstupka/hth-baptisms-san-antonio-1788-1824--1858-1898,9f03a2632820a26b9724dac7a7a62e87776b1b04,dlstupka/hth,4b0d7c9a16b00eb463a94355f4a2aaf9e69af020,,,,,,,,,,not_reviewed,,
355,Baptisms-San-Antonio-Baptism-Records-1788-1824--1858-1898_p301-400.docx,57,rId60,word/media/image57.png,raw/fs_0355.png,PNG,1350,1198,RGBA,1837899,e15cf214b33ec6489cb663e59fdebe34a2639b653f2aa83c5abdbcdbe18cc1a0,,analysis/fs_0355_analysis.png,thumbnails/fs_0355.jpg,dlstupka/hth-baptisms-san-antonio-1788-1824--1858-1898,9f03a2632820a26b9724dac7a7a62e87776b1b04,dlstupka/hth,4b0d7c9a16b00eb463a94355f4a2aaf9e69af020,,,,,,,,,,not_reviewed,,
356,Baptisms-San-Antonio-Baptism-Records-1788-1824--1858-1898_p301-400.docx,58,rId61,word/media/image58.png,raw/fs_0356.png,PNG,1349,1215,RGBA,1908970,8db24692876bcaa1efc1f1a2ca82292a512c21ba31e2183e131415e7cd76f8d0,,analysis/fs_0356_analysis.png,thumbnails/fs_0356.jpg,dlstupka/hth-baptisms-san-antonio-1788-1824--1858-1898,9f03a2632820a26b9724dac7a7a62e87776b1b04,dlstupka/hth,4b0d7c9a16b00eb463a94355f4a2aaf9e69af020,,,,,,,,,,not_reviewed,,
357,Baptisms-San-Antonio-Baptism-Records-1788-1824--1858-1898_p301-400.docx,59,rId62,word/media/image59.png,raw/fs_0357.png,PNG,1332,1199,RGBA,1808618,692ffb5bc3a26b9ca02e9242f194a43ca032ce6b983dfa0746fef7fba8a98746,,analysis/fs_0357_analysis.png,thumbnails/fs_0357.jpg,dlstupka/hth-baptisms-san-antonio-1788-1824--1858-1898,9f03a2632820a26b9724dac7a7a62e87776b1b04,dlstupka/hth,4b0d7c9a16b00eb463a94355f4a2aaf9e69af020,,,,,,,,,,not_reviewed,,
358,Baptisms-San-Antonio-Baptism-Records-1788-1824--1858-1898_p301-400.docx,60,rId63,word/media/image60.png,raw/fs_0358.png,PNG,1294,1167,RGBA,1756586,084a458139c5f42731104a6cffa74b1e960d708c6070e4614059843f31c6d9b6,,analysis/fs_0358_analysis.png,thumbnails/fs_0358.jpg,dlstupka/hth-baptisms-san-antonio-1788-1824--1858-1898,9f03a2632820a26b9724dac7a7a62e87776b1b04,dlstupka/hth,4b0d7c9a16b00eb463a94355f4a2aaf9e69af020,,,,,,,,,,not_reviewed,,
359,Baptisms-San-Antonio-Baptism-Records-1788-1824--1858-1898_p301-400.docx,61,rId64,word/media/image61.png,raw/fs_0359.png,PNG,1425,1285,RGBA,2087892,1f68f06b91870570063b320bc58e00cbfda68a1b4d2d3fa1f13a81c9899e383c,,analysis/fs_0359_analysis.png,thumbnails/fs_0359.jpg,dlstupka/hth-baptisms-san-antonio-1788-1824--1858-1898,9f03a2632820a26b9724dac7a7a62e87776b1b04,dlstupka/hth,4b0d7c9a16b00eb463a94355f4a2aaf9e69af020,,,,,,,,,,not_reviewed,,
360,Baptisms-San-Antonio-Baptism-Records-1788-1824--1858-1898_p301-400.docx,62,rId65,word/media/image62.png,raw/fs_0360.png,PNG,1439,1291,RGBA,2076254,e1fd868961f7260ca8a99fd326da7a6605048068f28fb0d80bed5998b0ad12b7,,analysis/fs_0360_analysis.png,thumbnails/fs_0360.jpg,dlstupka/hth-baptisms-san-antonio-1788-1824--1858-1898,9f03a2632820a26b9724dac7a7a62e87776b1b04,dlstupka/hth,4b0d7c9a16b00eb463a94355f4a2aaf9e69af020,,,,,,,,,,not_reviewed,,
361,Baptisms-San-Antonio-Baptism-Records-1788-1824--1858-1898_p301-400.docx,63,rId66,word/media/image63.png,raw/fs_0361.png,PNG,1429,1278,RGBA,2130980,2467497bb7fd6669a5dd21e35e0e293469a15f68c4ca7bc95e604ebb02512fca,,analysis/fs_0361_analysis.png,thumbnails/fs_0361.jpg,dlstupka/hth-baptisms-san-antonio-1788-1824--1858-1898,9f03a2632820a26b9724dac7a7a62e87776b1b04,dlstupka/hth,4b0d7c9a16b00eb463a94355f4a2aaf9e69af020,,,,,,,,,,not_reviewed,,
362,Baptisms-San-Antonio-Baptism-Records-1788-1824--1858-1898_p301-400.docx,64,rId67,word/media/image64.png,raw/fs_0362.png,PNG,1466,1285,RGBA,2043298,92f122696ec80f7599bea00ee08bdebdcb1d629be21dc9abf2487bcaf34e338d,,analysis/fs_0362_analysis.png,thumbnails/fs_0362.jpg,dlstupka/hth-baptisms-san-antonio-1788-1824--1858-1898,9f03a2632820a26b9724dac7a7a62e87776b1b04,dlstupka/hth,4b0d7c9a16b00eb463a94355f4a2aaf9e69af020,,,,,,,,,,not_reviewed,,
363,Baptisms-San-Antonio-Baptism-Records-1788-1824--1858-1898_p301-400.docx,65,rId68,word/media/image65.png,raw/fs_0363.png,PNG,1431,1283,RGBA,2056822,5d6b07e79568d17e42199a8087dd21b256beb7801d906a632bf65ab0e4bc21ef,,analysis/fs_0363_analysis.png,thumbnails/fs_0363.jpg,dlstupka/hth-baptisms-san-antonio-1788-1824--1858-1898,9f03a2632820a26b9724dac7a7a62e87776b1b04,dlstupka/hth,4b0d7c9a16b00eb463a94355f4a2aaf9e69af020,,,,,,,,,,not_reviewed,,
364,Baptisms-San-Antonio-Baptism-Records-1788-1824--1858-1898_p301-400.docx,66,rId69,word/media/image66.png,raw/fs_0364.png,PNG,1465,1297,RGBA,2094548,23258115e6a36be4d4bf8fb9cf3895613171fd6272dd66490fa76dace424bb8e,,analysis/fs_0364_analysis.png,thumbnails/fs_0364.jpg,dlstupka/hth-baptisms-san-antonio-1788-1824--1858-1898,9f03a2632820a26b9724dac7a7a62e87776b1b04,dlstupka/hth,4b0d7c9a16b00eb463a94355f4a2aaf9e69af020,,,,,,,,,,not_reviewed,,
365,Baptisms-San-Antonio-Baptism-Records-1788-1824--1858-1898_p301-400.docx,67,rId70,word/media/image67.png,raw/fs_0365.png,PNG,1455,1291,RGBA,2020528,6accb475ed1e682944a9def14167f26995b4d8633dea870bbb551d6d9a9cafe6,,analysis/fs_0365_analysis.png,thumbnails/fs_0365.jpg,dlstupka/hth-baptisms-san-antonio-1788-1824--1858-1898,9f03a2632820a26b9724dac7a7a62e87776b1b04,dlstupka/hth,4b0d7c9a16b00eb463a94355f4a2aaf9e69af020,,,,,,,,,,not_reviewed,,
366,Baptisms-San-Antonio-Baptism-Records-1788-1824--1858-1898_p301-400.docx,68,rId71,word/media/image68.png,raw/fs_0366.png,PNG,1457,1312,RGBA,2065226,ce1de0533abe96e14b9c6bfec64699ba233841e98b7336336b7f9019dd54ff1c,,analysis/fs_0366_analysis.png,thumbnails/fs_0366.jpg,dlstupka/hth-baptisms-san-antonio-1788-1824--1858-1898,9f03a2632820a26b9724dac7a7a62e87776b1b04,dlstupka/hth,4b0d7c9a16b00eb463a94355f4a2aaf9e69af020,,,,,,,,,,not_reviewed,,
367,Baptisms-San-Antonio-Baptism-Records-1788-1824--1858-1898_p301-400.docx,69,rId72,word/media/image69.png,raw/fs_0367.png,PNG,1458,1307,RGBA,2125522,5ec01fb0891757893afd90af90d6526158ffc069b022e7fd74f4c23c2f3f0c03,,analysis/fs_0367_analysis.png,thumbnails/fs_0367.jpg,dlstupka/hth-baptisms-san-antonio-1788-1824--1858-1898,9f03a2632820a26b9724dac7a7a62e87776b1b04,dlstupka/hth,4b0d7c9a16b00eb463a94355f4a2aaf9e69af020,,,,,,,,,,not_reviewed,,
368,Baptisms-San-Antonio-Baptism-Records-1788-1824--1858-1898_p301-400.docx,70,rId73,word/media/image70.png,raw/fs_0368.png,PNG,1326,1194,RGBA,1839163,9cfad1f81768d3c1382d4a0980c07f092485d15cc9079ebce8f7cd82891bb996,,analysis/fs_0368_analysis.png,thumbnails/fs_0368.jpg,dlstupka/hth-baptisms-san-antonio-1788-1824--1858-1898,9f03a2632820a26b9724dac7a7a62e87776b1b04,dlstupka/hth,4b0d7c9a16b00eb463a94355f4a2aaf9e69af020,,,,,,,,,,not_reviewed,,
369,Baptisms-San-Antonio-Baptism-Records-1788-1824--1858-1898_p301-400.docx,71,rId74,word/media/image71.png,raw/fs_0369.png,PNG,1434,1281,RGBA,2040767,f9ab7dc1cd0fdd07bc7069feb91e44752d3ada28e1f6332af92bbae6d56e3b83,,analysis/fs_0369_analysis.png,thumbnails/fs_0369.jpg,dlstupka/hth-baptisms-san-antonio-1788-1824--1858-1898,9f03a2632820a26b9724dac7a7a62e87776b1b04,dlstupka/hth,4b0d7c9a16b00eb463a94355f4a2aaf9e69af020,,,,,,,,,,not_reviewed,,
370,Baptisms-San-Antonio-Baptism-Records-1788-1824--1858-1898_p301-400.docx,72,rId75,word/media/image72.png,raw/fs_0370.png,PNG,1467,1306,RGBA,2148973,a5234ffe33123dfe47c5cc0eaae00fcc79c899846ea3a8b292b07299300acedb,,analysis/fs_0370_analysis.png,thumbnails/fs_0370.jpg,dlstupka/hth-baptisms-san-antonio-1788-1824--1858-1898,9f03a2632820a26b9724dac7a7a62e87776b1b04,dlstupka/hth,4b0d7c9a16b00eb463a94355f4a2aaf9e69af020,,,,,,,,,,not_reviewed,,
371,Baptisms-San-Antonio-Baptism-Records-1788-1824--1858-1898_p301-400.docx,73,rId76,word/media/image73.png,raw/fs_0371.png,PNG,1389,1238,RGBA,1980699,9d3183d3904ec64cd87db7ff55738352a9da220428f06ea70fc8155d3b7e81ab,,analysis/fs_0371_analysis.png,thumbnails/fs_0371.jpg,dlstupka/hth-baptisms-san-antonio-1788-1824--1858-1898,9f03a2632820a26b9724dac7a7a62e87776b1b04,dlstupka/hth,4b0d7c9a16b00eb463a94355f4a2aaf9e69af020,,,,,,,,,,not_reviewed,,
372,Baptisms-San-Antonio-Baptism-Records-1788-1824--1858-1898_p301-400.docx,74,rId77,word/media/image74.png,raw/fs_0372.png,PNG,1407,1251,RGBA,1919139,70a05326c7bb3311bb3ea8bae7569c34c6ff492990dd941bdbac9b79c3cd41d6,,analysis/fs_0372_analysis.png,thumbnails/fs_0372.jpg,dlstupka/hth-baptisms-san-antonio-1788-1824--1858-1898,9f03a2632820a26b9724dac7a7a62e87776b1b04,dlstupka/hth,4b0d7c9a16b00eb463a94355f4a2aaf9e69af020,,,,,,,,,,not_reviewed,,
373,Baptisms-San-Antonio-Baptism-Records-1788-1824--1858-1898_p301-400.docx,75,rId78,word/media/image75.png,raw/fs_0373.png,PNG,1395,1250,RGBA,1910290,d8a9d934e1f761e549a6eeaaa69da29bd555b0fe708c719069bd2f5a14427a42,,analysis/fs_0373_analysis.png,thumbnails/fs_0373.jpg,dlstupka/hth-baptisms-san-antonio-1788-1824--1858-1898,9f03a2632820a26b9724dac7a7a62e87776b1b04,dlstupka/hth,4b0d7c9a16b00eb463a94355f4a2aaf9e69af020,,,,,,,,,,not_reviewed,,
374,Baptisms-San-Antonio-Baptism-Records-1788-1824--1858-1898_p301-400.docx,76,rId79,word/media/image76.png,raw/fs_0374.png,PNG,1392,1250,RGBA,1913731,a4effbfba32db615fc2a99bbfdfc5dcc117b626f6efd2f28443b8612e5c1710c,,analysis/fs_0374_analysis.png,thumbnails/fs_0374.jpg,dlstupka/hth-baptisms-san-antonio-1788-1824--1858-1898,9f03a2632820a26b9724dac7a7a62e87776b1b04,dlstupka/hth,4b0d7c9a16b00eb463a94355f4a2aaf9e69af020,,,,,,,,,,not_reviewed,,
375,Baptisms-San-Antonio-Baptism-Records-1788-1824--1858-1898_p301-400.docx,77,rId80,word/media/image77.png,raw/fs_0375.png,PNG,1387,1247,RGBA,1933577,41f92ede39fa35deda23600c87fc6f8f2bced9e038f788a98b373898eff36401,,analysis/fs_0375_analysis.png,thumbnails/fs_0375.jpg,dlstupka/hth-baptisms-san-antonio-1788-1824--1858-1898,9f03a2632820a26b9724dac7a7a62e87776b1b04,dlstupka/hth,4b0d7c9a16b00eb463a94355f4a2aaf9e69af020,,,,,,,,,,not_reviewed,,
376,Baptisms-San-Antonio-Baptism-Records-1788-1824--1858-1898_p301-400.docx,78,rId81,word/media/image78.png,raw/fs_0376.png,PNG,1388,1243,RGBA,1945987,b232d51c77422db9965115373aa291a2ff828f1892eeb840b926c41e7955c884,,analysis/fs_0376_analysis.png,thumbnails/fs_0376.jpg,dlstupka/hth-baptisms-san-antonio-1788-1824--1858-1898,9f03a2632820a26b9724dac7a7a62e87776b1b04,dlstupka/hth,4b0d7c9a16b00eb463a94355f4a2aaf9e69af020,,,,,,,,,,not_reviewed,,
377,Baptisms-San-Antonio-Baptism-Records-1788-1824--1858-1898_p301-400.docx,79,rId82,word/media/image79.png,raw/fs_0377.png,PNG,1375,1234,RGBA,1914400,2caee2a6f261e17c04d112a63d9a353cb78318f7e274755f04a189c4cca32888,,analysis/fs_0377_analysis.png,thumbnails/fs_0377.jpg,dlstupka/hth-baptisms-san-antonio-1788-1824--1858-1898,9f03a2632820a26b9724dac7a7a62e87776b1b04,dlstupka/hth,4b0d7c9a16b00eb463a94355f4a2aaf9e69af020,,,,,,,,,,not_reviewed,,
378,Baptisms-San-Antonio-Baptism-Records-1788-1824--1858-1898_p301-400.docx,80,rId83,word/media/image80.png,raw/fs_0378.png,PNG,1406,1245,RGBA,1635376,aa8ee8e34240fdd8c1a9e5c9c98c36fdaec3e04a45b57798cf05f25c5b56a371,,analysis/fs_0378_analysis.png,thumbnails/fs_0378.jpg,dlstupka/hth-baptisms-san-antonio-1788-1824--1858-1898,9f03a2632820a26b9724dac7a7a62e87776b1b04,dlstupka/hth,4b0d7c9a16b00eb463a94355f4a2aaf9e69af020,,,,,,,,,,not_reviewed,,
379,Baptisms-San-Antonio-Baptism-Records-1788-1824--1858-1898_p301-400.docx,81,rId84,word/media/image81.png,raw/fs_0379.png,PNG,1398,1269,RGBA,1310332,9948217d020cf95aa5ec9f1f5915343c3e9bd58fc94a099e8e8c009b23847154,,analysis/fs_0379_analysis.png,thumbnails/fs_0379.jpg,dlstupka/hth-baptisms-san-antonio-1788-1824--1858-1898,9f03a2632820a26b9724dac7a7a62e87776b1b04,dlstupka/hth,4b0d7c9a16b00eb463a94355f4a2aaf9e69af020,,,,,,,,,,not_reviewed,,
380,Baptisms-San-Antonio-Baptism-Records-1788-1824--1858-1898_p301-400.docx,82,rId85,word/media/image82.png,raw/fs_0380.png,PNG,1402,1260,RGBA,590787,3ee7ec7c46348784707599bc9b5b1ab3266262c597c7a32b4af0c1404b5ab6bc,,analysis/fs_0380_analysis.png,thumbnails/fs_0380.jpg,dlstupka/hth-baptisms-san-antonio-1788-1824--1858-1898,9f03a2632820a26b9724dac7a7a62e87776b1b04,dlstupka/hth,4b0d7c9a16b00eb463a94355f4a2aaf9e69af020,,,,,,,,,,not_reviewed,,
381,Baptisms-San-Antonio-Baptism-Records-1788-1824--1858-1898_p301-400.docx,83,rId86,word/media/image83.png,raw/fs_0381.png,PNG,958,1211,RGBA,468446,d6b1b76bbbce8b1ae2713e9598652431b7ebc5a2e6473a8fb4c5ad80e5f3a297,,analysis/fs_0381_analysis.png,thumbnails/fs_0381.jpg,dlstupka/hth-baptisms-san-antonio-1788-1824--1858-1898,9f03a2632820a26b9724dac7a7a62e87776b1b04,dlstupka/hth,4b0d7c9a16b00eb463a94355f4a2aaf9e69af020,,,,,,,,,,not_reviewed,,
382,Baptisms-San-Antonio-Baptism-Records-1788-1824--1858-1898_p301-400.docx,84,rId87,word/media/image84.png,raw/fs_0382.png,PNG,1087,1210,RGBA,554182,791829851fee3d8c65f282017fdd4b56f848af8188271adf5c091e37aab109e9,,analysis/fs_0382_analysis.png,thumbnails/fs_0382.jpg,dlstupka/hth-baptisms-san-antonio-1788-1824--1858-1898,9f03a2632820a26b9724dac7a7a62e87776b1b04,dlstupka/hth,4b0d7c9a16b00eb463a94355f4a2aaf9e69af020,,,,,,,,,,not_reviewed,,
383,Baptisms-San-Antonio-Baptism-Records-1788-1824--1858-1898_p301-400.docx,85,rId88,word/media/image85.png,raw/fs_0383.png,PNG,1510,1252,RGBA,1345446,f79818ad5ddb3d03029a6dc0ab15969a75a6a07babc2eac88d3d14ea462ccabd,,analysis/fs_0383_analysis.png,thumbnails/fs_0383.jpg,dlstupka/hth-baptisms-san-antonio-1788-1824--1858-1898,9f03a2632820a26b9724dac7a7a62e87776b1b04,dlstupka/hth,4b0d7c9a16b00eb463a94355f4a2aaf9e69af020,,,,,,,,,,not_reviewed,,
384,Baptisms-San-Antonio-Baptism-Records-1788-1824--1858-1898_p301-400.docx,86,rId89,word/media/image86.png,raw/fs_0384.png,PNG,1433,1220,RGBA,1536166,ce86a68e68e58be3baa01dec0a0b6822e541c92605db7a7be03edc79e6c70fa4,,analysis/fs_0384_analysis.png,thumbnails/fs_0384.jpg,dlstupka/hth-baptisms-san-antonio-1788-1824--1858-1898,9f03a2632820a26b9724dac7a7a62e87776b1b04,dlstupka/hth,4b0d7c9a16b00eb463a94355f4a2aaf9e69af020,,,,,,,,,,not_reviewed,,
385,Baptisms-San-Antonio-Baptism-Records-1788-1824--1858-1898_p301-400.docx,87,rId90,word/media/image87.png,raw/fs_0385.png,PNG,1496,1236,RGBA,1930874,21425ec37f032aebc33bf17c88d098907490f00681c1ad994a9adeaff1540265,,analysis/fs_0385_analysis.png,thumbnails/fs_0385.jpg,dlstupka/hth-baptisms-san-antonio-1788-1824--1858-1898,9f03a2632820a26b9724dac7a7a62e87776b1b04,dlstupka/hth,4b0d7c9a16b00eb463a94355f4a2aaf9e69af020,,,,,,,,,,not_reviewed,,
386,Baptisms-San-Antonio-Baptism-Records-1788-1824--1858-1898_p301-400.docx,88,rId91,word/media/image88.png,raw/fs_0386.png,PNG,1491,1224,RGBA,1932249,b21aeb8b9716526eb95f7d335a1e4d1d6a7d54e438b63641e420a5bd08d035dc,,analysis/fs_0386_analysis.png,thumbnails/fs_0386.jpg,dlstupka/hth-baptisms-san-antonio-1788-1824--1858-1898,9f03a2632820a26b9724dac7a7a62e87776b1b04,dlstupka/hth,4b0d7c9a16b00eb463a94355f4a2aaf9e69af020,,,,,,,,,,not_reviewed,,
387,Baptisms-San-Antonio-Baptism-Records-1788-1824--1858-1898_p301-400.docx,89,rId92,word/media/image89.png,raw/fs_0387.png,PNG,1517,1258,RGBA,1975555,46e475d41a0b8433ff9b329eb46f1466ac2cc1603161e6038ae5047957af7d2c,,analysis/fs_0387_analysis.png,thumbnails/fs_0387.jpg,dlstupka/hth-baptisms-san-antonio-1788-1824--1858-1898,9f03a2632820a26b9724dac7a7a62e87776b1b04,dlstupka/hth,4b0d7c9a16b00eb463a94355f4a2aaf9e69af020,,,,,,,,,,not_reviewed,,
388,Baptisms-San-Antonio-Baptism-Records-1788-1824--1858-1898_p301-400.docx,90,rId93,word/media/image90.png,raw/fs_0388.png,PNG,1531,1271,RGBA,1984776,e1cfb9a346442133f219873cbe7264fe2d20b66bea9c4b526878ed79b546811a,,analysis/fs_0388_analysis.png,thumbnails/fs_0388.jpg,dlstupka/hth-baptisms-san-antonio-1788-1824--1858-1898,9f03a2632820a26b9724dac7a7a62e87776b1b04,dlstupka/hth,4b0d7c9a16b00eb463a94355f4a2aaf9e69af020,,,,,,,,,,not_reviewed,,
389,Baptisms-San-Antonio-Baptism-Records-1788-1824--1858-1898_p301-400.docx,91,rId94,word/media/image91.png,raw/fs_0389.png,PNG,1509,1243,RGBA,1897449,bb95be4577e6fc9c40e9b788c9d91dbe6f8edc6761604b29ff36bdcb57bf995d,,analysis/fs_0389_analysis.png,thumbnails/fs_0389.jpg,dlstupka/hth-baptisms-san-antonio-1788-1824--1858-1898,9f03a2632820a26b9724dac7a7a62e87776b1b04,dlstupka/hth,4b0d7c9a16b00eb463a94355f4a2aaf9e69af020,,,,,,,,,,not_reviewed,,
390,Baptisms-San-Antonio-Baptism-Records-1788-1824--1858-1898_p301-400.docx,92,rId95,word/media/image92.png,raw/fs_0390.png,PNG,1501,1235,RGBA,1900690,3550295989f49a020538d1b64a732118f223efccf1550e87096cbe21c65c8520,,analysis/fs_0390_analysis.png,thumbnails/fs_0390.jpg,dlstupka/hth-baptisms-san-antonio-1788-1824--1858-1898,9f03a2632820a26b9724dac7a7a62e87776b1b04,dlstupka/hth,4b0d7c9a16b00eb463a94355f4a2aaf9e69af020,,,,,,,,,,not_reviewed,,
391,Baptisms-San-Antonio-Baptism-Records-1788-1824--1858-1898_p301-400.docx,93,rId96,word/media/image93.png,raw/fs_0391.png,PNG,1492,1233,RGBA,2090399,52414306e5d1fb659f1adc5b9a2bbf31904a173546a56091f98b408a84c61af0,,analysis/fs_0391_analysis.png,thumbnails/fs_0391.jpg,dlstupka/hth-baptisms-san-antonio-1788-1824--1858-1898,9f03a2632820a26b9724dac7a7a62e87776b1b04,dlstupka/hth,4b0d7c9a16b00eb463a94355f4a2aaf9e69af020,,,,,,,,,,not_reviewed,,
392,Baptisms-San-Antonio-Baptism-Records-1788-1824--1858-1898_p301-400.docx,94,rId97,word/media/image94.png,raw/fs_0392.png,PNG,1537,1253,RGBA,2115054,ff414b893a15c650321cf47c0d78414d84173926c4134ba3b4ccca7d7e524c03,,analysis/fs_0392_analysis.png,thumbnails/fs_0392.jpg,dlstupka/hth-baptisms-san-antonio-1788-1824--1858-1898,9f03a2632820a26b9724dac7a7a62e87776b1b04,dlstupka/hth,4b0d7c9a16b00eb463a94355f4a2aaf9e69af020,,,,,,,,,,not_reviewed,,
393,Baptisms-San-Antonio-Baptism-Records-1788-1824--1858-1898_p301-400.docx,95,rId98,word/media/image95.png,raw/fs_0393.png,PNG,1527,1256,RGBA,2082763,91b91fd8366bf86c9022cdb7d2b8c348ac2080ec7180e10ba7f5d50bb4e032c2,,analysis/fs_0393_analysis.png,thumbnails/fs_0393.jpg,dlstupka/hth-baptisms-san-antonio-1788-1824--1858-1898,9f03a2632820a26b9724dac7a7a62e87776b1b04,dlstupka/hth,4b0d7c9a16b00eb463a94355f4a2aaf9e69af020,,,,,,,,,,not_reviewed,,
394,Baptisms-San-Antonio-Baptism-Records-1788-1824--1858-1898_p301-400.docx,96,rId99,word/media/image96.png,raw/fs_0394.png,PNG,1520,1247,RGBA,1926979,c4cbdf51a8e30303d8bad37c47eea889f3495f5192e27a05f2681552223278cb,,analysis/fs_0394_analysis.png,thumbnails/fs_0394.jpg,dlstupka/hth-baptisms-san-antonio-1788-1824--1858-1898,9f03a2632820a26b9724dac7a7a62e87776b1b04,dlstupka/hth,4b0d7c9a16b00eb463a94355f4a2aaf9e69af020,,,,,,,,,,not_reviewed,,
395,Baptisms-San-Antonio-Baptism-Records-1788-1824--1858-1898_p301-400.docx,97,rId100,word/media/image97.png,raw/fs_0395.png,PNG,1529,1260,RGBA,2030351,363e0e8c5c934abba7f3ed5d6a36b6dcfe7edf10b9a8082314ab3dd57df31719,,analysis/fs_0395_analysis.png,thumbnails/fs_0395.jpg,dlstupka/hth-baptisms-san-antonio-1788-1824--1858-1898,9f03a2632820a26b9724dac7a7a62e87776b1b04,dlstupka/hth,4b0d7c9a16b00eb463a94355f4a2aaf9e69af020,,,,,,,,,,not_reviewed,,
396,Baptisms-San-Antonio-Baptism-Records-1788-1824--1858-1898_p301-400.docx,98,rId101,word/media/image98.png,raw/fs_0396.png,PNG,1523,1251,RGBA,2030910,c80c3d54ebc53b662e9282d4296005552ef2b49458a9aad36ea9c72900709961,,analysis/fs_0396_analysis.png,thumbnails/fs_0396.jpg,dlstupka/hth-baptisms-san-antonio-1788-1824--1858-1898,9f03a2632820a26b9724dac7a7a62e87776b1b04,dlstupka/hth,4b0d7c9a16b00eb463a94355f4a2aaf9e69af020,,,,,,,,,,not_reviewed,,
397,Baptisms-San-Antonio-Baptism-Records-1788-1824--1858-1898_p301-400.docx,99,rId102,word/media/image99.png,raw/fs_0397.png,PNG,1509,1253,RGBA,2009421,69e871979858b364ad67fcdd7e710407195afd3bc42a034aeedf626c4bb3fc60,,analysis/fs_0397_analysis.png,thumbnails/fs_0397.jpg,dlstupka/hth-baptisms-san-antonio-1788-1824--1858-1898,9f03a2632820a26b9724dac7a7a62e87776b1b04,dlstupka/hth,4b0d7c9a16b00eb463a94355f4a2aaf9e69af020,,,,,,,,,,not_reviewed,,
398,Baptisms-San-Antonio-Baptism-Records-1788-1824--1858-1898_p301-400.docx,100,rId103,word/media/image100.png,raw/fs_0398.png,PNG,1550,1262,RGBA,1976729,137ca7f1f820920044f20ec2f00b75c83c3f92bdfdea58aee60a0c70666de512,,analysis/fs_0398_analysis.png,thumbnails/fs_0398.jpg,dlstupka/hth-baptisms-san-antonio-1788-1824--1858-1898,9f03a2632820a26b9724dac7a7a62e87776b1b04,dlstupka/hth,4b0d7c9a16b00eb463a94355f4a2aaf9e69af020,,,,,,,,,,not_reviewed,,
399,Baptisms-San-Antonio-Baptism-Records-1788-1824--1858-1898_p301-400.docx,101,rId104,word/media/image101.png,raw/fs_0399.png,PNG,1526,1286,RGBA,1986248,e2f38e6abf4930a0eb11f104a0aa864e2aa57554f620f6eb82fb5af3ab3308ad,,analysis/fs_0399_analysis.png,thumbnails/fs_0399.jpg,dlstupka/hth-baptisms-san-antonio-1788-1824--1858-1898,9f03a2632820a26b9724dac7a7a62e87776b1b04,dlstupka/hth,4b0d7c9a16b00eb463a94355f4a2aaf9e69af020,,,,,,,,,,not_reviewed,,
400,Baptisms-San-Antonio-Baptism-Records-1788-1824--1858-1898_p401-500.docx,1,rId4,word/media/image1.png,raw/fs_0400.png,PNG,1634,1294,RGBA,2078719,170a9ae69ca487cced9d3361087225e1db88926f6a22e99b0b3ce43fa223a545,,analysis/fs_0400_analysis.png,thumbnails/fs_0400.jpg,dlstupka/hth-baptisms-san-antonio-1788-1824--1858-1898,9f03a2632820a26b9724dac7a7a62e87776b1b04,dlstupka/hth,4b0d7c9a16b00eb463a94355f4a2aaf9e69af020,,,,,,,,,,not_reviewed,,
401,Baptisms-San-Antonio-Baptism-Records-1788-1824--1858-1898_p401-500.docx,2,rId5,word/media/image2.png,raw/fs_0401.png,PNG,1634,1294,RGBA,1901833,6595735e122ecaccb6dbfc9e85918f3ed3016154778b3259f55cf3082b191f75,,analysis/fs_0401_analysis.png,thumbnails/fs_0401.jpg,dlstupka/hth-baptisms-san-antonio-1788-1824--1858-1898,9f03a2632820a26b9724dac7a7a62e87776b1b04,dlstupka/hth,4b0d7c9a16b00eb463a94355f4a2aaf9e69af020,,,,,,,,,,not_reviewed,,
402,Baptisms-San-Antonio-Baptism-Records-1788-1824--1858-1898_p401-500.docx,3,rId6,word/media/image3.png,raw/fs_0402.png,PNG,1581,1274,RGBA,2096763,3d38aadfeab5e5a058fe2bb6cee50b983a533f0b8df40279383b62eb6c74732f,,analysis/fs_0402_analysis.png,thumbnails/fs_0402.jpg,dlstupka/hth-baptisms-san-antonio-1788-1824--1858-1898,9f03a2632820a26b9724dac7a7a62e87776b1b04,dlstupka/hth,4b0d7c9a16b00eb463a94355f4a2aaf9e69af020,,,,,,,,,,not_reviewed,,
403,Baptisms-San-Antonio-Baptism-Records-1788-1824--1858-1898_p401-500.docx,4,rId7,word/media/image4.png,raw/fs_0403.png,PNG,1535,1261,RGBA,2078131,02519a07775e001606a8abd24fd4b82c64f010c31d69a6a456d258504d367398,,analysis/fs_0403_analysis.png,thumbnails/fs_0403.jpg,dlstupka/hth-baptisms-san-antonio-1788-1824--1858-1898,9f03a2632820a26b9724dac7a7a62e87776b1b04,dlstupka/hth,4b0d7c9a16b00eb463a94355f4a2aaf9e69af020,,,,,,,,,,not_reviewed,,
404,Baptisms-San-Antonio-Baptism-Records-1788-1824--1858-1898_p401-500.docx,5,rId8,word/media/image5.png,raw/fs_0404.png,PNG,1566,1266,RGBA,1971742,4c66efabcc8c693bed4c5af9f8d1ea2b5ad7f69e2c6d74d80877dcabb9f31a32,,analysis/fs_0404_analysis.png,thumbnails/fs_0404.jpg,dlstupka/hth-baptisms-san-antonio-1788-1824--1858-1898,9f03a2632820a26b9724dac7a7a62e87776b1b04,dlstupka/hth,4b0d7c9a16b00eb463a94355f4a2aaf9e69af020,,,,,,,,,,not_reviewed,,
405,Baptisms-San-Antonio-Baptism-Records-1788-1824--1858-1898_p401-500.docx,6,rId9,word/media/image6.png,raw/fs_0405.png,PNG,1564,1276,RGBA,2042837,8e5ed71e076f230288e209ab55b59ffe6256b372ca68dd307b985cbe1a18d99e,,analysis/fs_0405_analysis.png,thumbnails/fs_0405.jpg,dlstupka/hth-baptisms-san-antonio-1788-1824--1858-1898,9f03a2632820a26b9724dac7a7a62e87776b1b04,dlstupka/hth,4b0d7c9a16b00eb463a94355f4a2aaf9e69af020,,,,,,,,,,not_reviewed,,
406,Baptisms-San-Antonio-Baptism-Records-1788-1824--1858-1898_p401-500.docx,7,rId10,word/media/image7.png,raw/fs_0406.png,PNG,1523,1239,RGBA,2025813,51f8fb18e94a4edb0215285fcf90ac54ba9399f95a0540be59546bc790a598cf,,analysis/fs_0406_analysis.png,thumbnails/fs_0406.jpg,dlstupka/hth-baptisms-san-antonio-1788-1824--1858-1898,9f03a2632820a26b9724dac7a7a62e87776b1b04,dlstupka/hth,4b0d7c9a16b00eb463a94355f4a2aaf9e69af020,,,,,,,,,,not_reviewed,,
407,Baptisms-San-Antonio-Baptism-Records-1788-1824--1858-1898_p401-500.docx,8,rId11,word/media/image8.png,raw/fs_0407.png,PNG,1517,1243,RGBA,1962289,4f10c9d49a997812ca6f41d15f5b1c285c20e81d0421b6279df058b9a7d588f8,,analysis/fs_0407_analysis.png,thumbnails/fs_0407.jpg,dlstupka/hth-baptisms-san-antonio-1788-1824--1858-1898,9f03a2632820a26b9724dac7a7a62e87776b1b04,dlstupka/hth,4b0d7c9a16b00eb463a94355f4a2aaf9e69af020,,,,,,,,,,not_reviewed,,
408,Baptisms-San-Antonio-Baptism-Records-1788-1824--1858-1898_p401-500.docx,9,rId12,word/media/image9.png,raw/fs_0408.png,PNG,1540,1255,RGBA,1976433,bd9317a1483005285ef1f71b786655b22d56927ae1255649d3ad3c3a774564c8,,analysis/fs_0408_analysis.png,thumbnails/fs_0408.jpg,dlstupka/hth-baptisms-san-antonio-1788-1824--1858-1898,9f03a2632820a26b9724dac7a7a62e87776b1b04,dlstupka/hth,4b0d7c9a16b00eb463a94355f4a2aaf9e69af020,,,,,,,,,,not_reviewed,,
409,Baptisms-San-Antonio-Baptism-Records-1788-1824--1858-1898_p401-500.docx,10,rId13,word/media/image10.png,raw/fs_0409.png,PNG,1525,1250,RGBA,2030542,40cc09b97c93aa9d9afd8ce34ab71b2b3ecf101e784837812f679a8c530d4b56,,analysis/fs_0409_analysis.png,thumbnails/fs_0409.jpg,dlstupka/hth-baptisms-san-antonio-1788-1824--1858-1898,9f03a2632820a26b9724dac7a7a62e87776b1b04,dlstupka/hth,4b0d7c9a16b00eb463a94355f4a2aaf9e69af020,,,,,,,,,,not_reviewed,,
410,Baptisms-San-Antonio-Baptism-Records-1788-1824--1858-1898_p401-500.docx,11,rId14,word/media/image11.png,raw/fs_0410.png,PNG,1551,1270,RGBA,2092307,cbc5b0a49b7c23b5fe9aff471f2c8ae577eb6c6e2e230a00b93162709fb6d7ef,,analysis/fs_0410_analysis.png,thumbnails/fs_0410.jpg,dlstupka/hth-baptisms-san-antonio-1788-1824--1858-1898,9f03a2632820a26b9724dac7a7a62e87776b1b04,dlstupka/hth,4b0d7c9a16b00eb463a94355f4a2aaf9e69af020,,,,,,,,,,not_reviewed,,
411,Baptisms-San-Antonio-Baptism-Records-1788-1824--1858-1898_p401-500.docx,12,rId15,word/media/image12.png,raw/fs_0411.png,PNG,1559,1279,RGBA,1982401,20a009a2a67aadf8b20fd53dc2f8da3600cfd5e47c6ec0d6b13b90e94030a371,,analysis/fs_0411_analysis.png,thumbnails/fs_0411.jpg,dlstupka/hth-baptisms-san-antonio-1788-1824--1858-1898,9f03a2632820a26b9724dac7a7a62e87776b1b04,dlstupka/hth,4b0d7c9a16b00eb463a94355f4a2aaf9e69af020,,,,,,,,,,not_reviewed,,
412,Baptisms-San-Antonio-Baptism-Records-1788-1824--1858-1898_p401-500.docx,13,rId16,word/media/image13.png,raw/fs_0412.png,PNG,1610,1277,RGBA,2157276,db30a57167884b197a45e86cae9a59af28a4092b5a60029984698290f19351fe,,analysis/fs_0412_analysis.png,thumbnails/fs_0412.jpg,dlstupka/hth-baptisms-san-antonio-1788-1824--1858-1898,9f03a2632820a26b9724dac7a7a62e87776b1b04,dlstupka/hth,4b0d7c9a16b00eb463a94355f4a2aaf9e69af020,,,,,,,,,,not_reviewed,,
413,Baptisms-San-Antonio-Baptism-Records-1788-1824--1858-1898_p401-500.docx,14,rId17,word/media/image14.png,raw/fs_0413.png,PNG,1574,1288,RGBA,2110272,03429b0201bb332f2eaaeb83e8d61f9ab8aee3f59b8b63b53e4ef71d496ff2f2,,analysis/fs_0413_analysis.png,thumbnails/fs_0413.jpg,dlstupka/hth-baptisms-san-antonio-1788-1824--1858-1898,9f03a2632820a26b9724dac7a7a62e87776b1b04,dlstupka/hth,4b0d7c9a16b00eb463a94355f4a2aaf9e69af020,,,,,,,,,,not_reviewed,,
414,Baptisms-San-Antonio-Baptism-Records-1788-1824--1858-1898_p401-500.docx,15,rId18,word/media/image15.png,raw/fs_0414.png,PNG,1581,1299,RGBA,2101457,2680dc583704e50fbeba226fafb07a8d5a2558318911105e6b3e6d2d34204652,,analysis/fs_0414_analysis.png,thumbnails/fs_0414.jpg,dlstupka/hth-baptisms-san-antonio-1788-1824--1858-1898,9f03a2632820a26b9724dac7a7a62e87776b1b04,dlstupka/hth,4b0d7c9a16b00eb463a94355f4a2aaf9e69af020,,,,,,,,,,not_reviewed,,
415,Baptisms-San-Antonio-Baptism-Records-1788-1824--1858-1898_p401-500.docx,16,rId19,word/media/image16.png,raw/fs_0415.png,PNG,1558,1276,RGBA,2091209,4e63d91d99ca28f7f237f0ba6822a7d82821f4c34d53d2d856b2be5af0894e68,,analysis/fs_0415_analysis.png,thumbnails/fs_0415.jpg,dlstupka/hth-baptisms-san-antonio-1788-1824--1858-1898,9f03a2632820a26b9724dac7a7a62e87776b1b04,dlstupka/hth,4b0d7c9a16b00eb463a94355f4a2aaf9e69af020,,,,,,,,,,not_reviewed,,
416,Baptisms-San-Antonio-Baptism-Records-1788-1824--1858-1898_p401-500.docx,17,rId20,word/media/image17.png,raw/fs_0416.png,PNG,1602,1286,RGBA,2168203,5009968a339fd5a4470f2cdbcc27e795d02d23672eea9ae46b9a88d971817897,,analysis/fs_0416_analysis.png,thumbnails/fs_0416.jpg,dlstupka/hth-baptisms-san-antonio-1788-1824--1858-1898,9f03a2632820a26b9724dac7a7a62e87776b1b04,dlstupka/hth,4b0d7c9a16b00eb463a94355f4a2aaf9e69af020,,,,,,,,,,not_reviewed,,
417,Baptisms-San-Antonio-Baptism-Records-1788-1824--1858-1898_p401-500.docx,18,rId21,word/media/image18.png,raw/fs_0417.png,PNG,1571,1263,RGBA,2156140,64819c68846046c0115a88a770485f344c86d7bb86cab53aa925598c8ad7e9f2,,analysis/fs_0417_analysis.png,thumbnails/fs_0417.jpg,dlstupka/hth-baptisms-san-antonio-1788-1824--1858-1898,9f03a2632820a26b9724dac7a7a62e87776b1b04,dlstupka/hth,4b0d7c9a16b00eb463a94355f4a2aaf9e69af020,,,,,,,,,,not_reviewed,,
418,Baptisms-San-Antonio-Baptism-Records-1788-1824--1858-1898_p401-500.docx,19,rId22,word/media/image19.png,raw/fs_0418.png,PNG,1597,1277,RGBA,2166347,eee9aafa0cc194ad9b36611012fc5f24b42cfadaca7844ec061772c3f7f673e7,,analysis/fs_0418_analysis.png,thumbnails/fs_0418.jpg,dlstupka/hth-baptisms-san-antonio-1788-1824--1858-1898,9f03a2632820a26b9724dac7a7a62e87776b1b04,dlstupka/hth,4b0d7c9a16b00eb463a94355f4a2aaf9e69af020,,,,,,,,,,not_reviewed,,
419,Baptisms-San-Antonio-Baptism-Records-1788-1824--1858-1898_p401-500.docx,20,rId23,word/media/image20.png,raw/fs_0419.png,PNG,2560,1440,RGB,2255800,4f6fc336e6261cdc53e0ac89b108dc0265315215ab669da1af64a9d51fcc58f0,,analysis/fs_0419_analysis.png,thumbnails/fs_0419.jpg,dlstupka/hth-baptisms-san-antonio-1788-1824--1858-1898,9f03a2632820a26b9724dac7a7a62e87776b1b04,dlstupka/hth,4b0d7c9a16b00eb463a94355f4a2aaf9e69af020,,,,,,,,,,not_reviewed,,
420,Baptisms-San-Antonio-Baptism-Records-1788-1824--1858-1898_p401-500.docx,21,rId24,word/media/image21.png,raw/fs_0420.png,PNG,2560,1440,RGB,2264213,49b23a2c18be005b44d164029943949ee11f23570837e8e019ed11c5c0bbc525,,analysis/fs_0420_analysis.png,thumbnails/fs_0420.jpg,dlstupka/hth-baptisms-san-antonio-1788-1824--1858-1898,9f03a2632820a26b9724dac7a7a62e87776b1b04,dlstupka/hth,4b0d7c9a16b00eb463a94355f4a2aaf9e69af020,,,,,,,,,,not_reviewed,,
421,Baptisms-San-Antonio-Baptism-Records-1788-1824--1858-1898_p401-500.docx,22,rId25,word/media/image22.png,raw/fs_0421.png,PNG,2560,1440,RGB,2169814,e1214d1d5b9f498bd7b7e717c81569dfcd4b5d9decd3debb27d705cb41fd54f3,,analysis/fs_0421_analysis.png,thumbnails/fs_0421.jpg,dlstupka/hth-baptisms-san-antonio-1788-1824--1858-1898,9f03a2632820a26b9724dac7a7a62e87776b1b04,dlstupka/hth,4b0d7c9a16b00eb463a94355f4a2aaf9e69af020,,,,,,,,,,not_reviewed,,
422,Baptisms-San-Antonio-Baptism-Records-1788-1824--1858-1898_p401-500.docx,23,rId26,word/media/image23.png,raw/fs_0422.png,PNG,2560,1440,RGB,2164929,949ec3d8bc965509c30a73215941dc0ddb2e80dc66a3701c098aa55eed147405,,analysis/fs_0422_analysis.png,thumbnails/fs_0422.jpg,dlstupka/hth-baptisms-san-antonio-1788-1824--1858-1898,9f03a2632820a26b9724dac7a7a62e87776b1b04,dlstupka/hth,4b0d7c9a16b00eb463a94355f4a2aaf9e69af020,,,,,,,,,,not_reviewed,,
423,Baptisms-San-Antonio-Baptism-Records-1788-1824--1858-1898_p401-500.docx,24,rId27,word/media/image24.png,raw/fs_0423.png,PNG,2560,1440,RGB,2180570,4ec0c6fc0416c226198c88b33d10c7800dd839e15f9e11cd979f2ed348d3a73e,,analysis/fs_0423_analysis.png,thumbnails/fs_0423.jpg,dlstupka/hth-baptisms-san-antonio-1788-1824--1858-1898,9f03a2632820a26b9724dac7a7a62e87776b1b04,dlstupka/hth,4b0d7c9a16b00eb463a94355f4a2aaf9e69af020,,,,,,,,,,not_reviewed,,
424,Baptisms-San-Antonio-Baptism-Records-1788-1824--1858-1898_p401-500.docx,25,rId28,word/media/image25.png,raw/fs_0424.png,PNG,2560,1440,RGB,2186848,5bb8ce5e3016b9f0f6b3e5edca049faac49cdd7e07b6c72a54d94ecbc8d02000,,analysis/fs_0424_analysis.png,thumbnails/fs_0424.jpg,dlstupka/hth-baptisms-san-antonio-1788-1824--1858-1898,9f03a2632820a26b9724dac7a7a62e87776b1b04,dlstupka/hth,4b0d7c9a16b00eb463a94355f4a2aaf9e69af020,,,,,,,,,,not_reviewed,,
425,Baptisms-San-Antonio-Baptism-Records-1788-1824--1858-1898_p401-500.docx,26,rId29,word/media/image26.png,raw/fs_0425.png,PNG,2560,1440,RGB,2140709,cd60b1e6f7d0349f565e55e22656bcd0b4ba42539a25b8a8ce2b680e4408364a,,analysis/fs_0425_analysis.png,thumbnails/fs_0425.jpg,dlstupka/hth-baptisms-san-antonio-1788-1824--1858-1898,9f03a2632820a26b9724dac7a7a62e87776b1b04,dlstupka/hth,4b0d7c9a16b00eb463a94355f4a2aaf9e69af020,,,,,,,,,,not_reviewed,,
426,Baptisms-San-Antonio-Baptism-Records-1788-1824--1858-1898_p401-500.docx,27,rId30,word/media/image27.png,raw/fs_0426.png,PNG,2560,1440,RGB,2181403,533ba4f27b8ab07269506fb220894162f12d7e13f80cac2a6604f1c933583484,,analysis/fs_0426_analysis.png,thumbnails/fs_0426.jpg,dlstupka/hth-baptisms-san-antonio-1788-1824--1858-1898,9f03a2632820a26b9724dac7a7a62e87776b1b04,dlstupka/hth,4b0d7c9a16b00eb463a94355f4a2aaf9e69af020,,,,,,,,,,not_reviewed,,
427,Baptisms-San-Antonio-Baptism-Records-1788-1824--1858-1898_p401-500.docx,28,rId31,word/media/image28.png,raw/fs_0427.png,PNG,2560,1440,RGB,2226450,3b46bd206ed1d459b444c65dcfe16ac195af80f961bd4905f4992df772ceb023,,analysis/fs_0427_analysis.png,thumbnails/fs_0427.jpg,dlstupka/hth-baptisms-san-antonio-1788-1824--1858-1898,9f03a2632820a26b9724dac7a7a62e87776b1b04,dlstupka/hth,4b0d7c9a16b00eb463a94355f4a2aaf9e69af020,,,,,,,,,,not_reviewed,,
428,Baptisms-San-Antonio-Baptism-Records-1788-1824--1858-1898_p401-500.docx,29,rId32,word/media/image29.png,raw/fs_0428.png,PNG,2560,1440,RGB,2188076,58f81edc49d62cbd8bd75d43a60caba7a06c39ff70724b78c23ce4f67985373f,,analysis/fs_0428_analysis.png,thumbnails/fs_0428.jpg,dlstupka/hth-baptisms-san-antonio-1788-1824--1858-1898,9f03a2632820a26b9724dac7a7a62e87776b1b04,dlstupka/hth,4b0d7c9a16b00eb463a94355f4a2aaf9e69af020,,,,,,,,,,not_reviewed,,
429,Baptisms-San-Antonio-Baptism-Records-1788-1824--1858-1898_p401-500.docx,30,rId33,word/media/image30.png,raw/fs_0429.png,PNG,2560,1440,RGB,2165764,ee4dd88016cb90a785fa55dc1bc3c995bacd43c1b799bda71837c91a64ca0899,,analysis/fs_0429_analysis.png,thumbnails/fs_0429.jpg,dlstupka/hth-baptisms-san-antonio-1788-1824--1858-1898,9f03a2632820a26b9724dac7a7a62e87776b1b04,dlstupka/hth,4b0d7c9a16b00eb463a94355f4a2aaf9e69af020,,,,,,,,,,not_reviewed,,
430,Baptisms-San-Antonio-Baptism-Records-1788-1824--1858-1898_p401-500.docx,31,rId34,word/media/image31.png,raw/fs_0430.png,PNG,2560,1440,RGB,2140087,e6915772e5c002775f5068a3228f222c0ace04a7c0f1fd363a80310e6fa16959,,analysis/fs_0430_analysis.png,thumbnails/fs_0430.jpg,dlstupka/hth-baptisms-san-antonio-1788-1824--1858-1898,9f03a2632820a26b9724dac7a7a62e87776b1b04,dlstupka/hth,4b0d7c9a16b00eb463a94355f4a2aaf9e69af020,,,,,,,,,,not_reviewed,,
431,Baptisms-San-Antonio-Baptism-Records-1788-1824--1858-1898_p401-500.docx,32,rId35,word/media/image32.png,raw/fs_0431.png,PNG,2560,1440,RGB,2080242,7ae47f1d74f76854412df07682a97ddc4eeff765e98d19dcee915de8549e964a,,analysis/fs_0431_analysis.png,thumbnails/fs_0431.jpg,dlstupka/hth-baptisms-san-antonio-1788-1824--1858-1898,9f03a2632820a26b9724dac7a7a62e87776b1b04,dlstupka/hth,4b0d7c9a16b00eb463a94355f4a2aaf9e69af020,,,,,,,,,,not_reviewed,,
432,Baptisms-San-Antonio-Baptism-Records-1788-1824--1858-1898_p401-500.docx,33,rId36,word/media/image33.png,raw/fs_0432.png,PNG,2560,1440,RGB,2120265,2535a2d8a1754af84dc6e32b89d1e91753c884131c97fb12ff669692d619906b,,analysis/fs_0432_analysis.png,thumbnails/fs_0432.jpg,dlstupka/hth-baptisms-san-antonio-1788-1824--1858-1898,9f03a2632820a26b9724dac7a7a62e87776b1b04,dlstupka/hth,4b0d7c9a16b00eb463a94355f4a2aaf9e69af020,,,,,,,,,,not_reviewed,,
433,Baptisms-San-Antonio-Baptism-Records-1788-1824--1858-1898_p401-500.docx,34,rId37,word/media/image34.png,raw/fs_0433.png,PNG,2560,1440,RGB,2154655,4ddac40e49ab3752b920f36004ba00cc47bd40778a1116b951ddec6e6deb6fc9,,analysis/fs_0433_analysis.png,thumbnails/fs_0433.jpg,dlstupka/hth-baptisms-san-antonio-1788-1824--1858-1898,9f03a2632820a26b9724dac7a7a62e87776b1b04,dlstupka/hth,4b0d7c9a16b00eb463a94355f4a2aaf9e69af020,,,,,,,,,,not_reviewed,,
434,Baptisms-San-Antonio-Baptism-Records-1788-1824--1858-1898_p401-500.docx,35,rId38,word/media/image35.png,raw/fs_0434.png,PNG,2560,1440,RGB,2112653,91eaa3e0e6220a4791c66bbd2f369096e6fc113d84f3a451c1229f8e4009282f,,analysis/fs_0434_analysis.png,thumbnails/fs_0434.jpg,dlstupka/hth-baptisms-san-antonio-1788-1824--1858-1898,9f03a2632820a26b9724dac7a7a62e87776b1b04,dlstupka/hth,4b0d7c9a16b00eb463a94355f4a2aaf9e69af020,,,,,,,,,,not_reviewed,,
435,Baptisms-San-Antonio-Baptism-Records-1788-1824--1858-1898_p401-500.docx,36,rId39,word/media/image36.png,raw/fs_0435.png,PNG,2560,1440,RGB,2177628,a2ff3a9abd67f283a6176251e14a62aa24a6c67dc11e3aad94937851a9f67bbe,,analysis/fs_0435_analysis.png,thumbnails/fs_0435.jpg,dlstupka/hth-baptisms-san-antonio-1788-1824--1858-1898,9f03a2632820a26b9724dac7a7a62e87776b1b04,dlstupka/hth,4b0d7c9a16b00eb463a94355f4a2aaf9e69af020,,,,,,,,,,not_reviewed,,
436,Baptisms-San-Antonio-Baptism-Records-1788-1824--1858-1898_p401-500.docx,37,rId40,word/media/image37.png,raw/fs_0436.png,PNG,2560,1440,RGB,2187210,447e3b534217c481da2c041e4c86748fa5389039bd996f6c55ad44218b6913ac,,analysis/fs_0436_analysis.png,thumbnails/fs_0436.jpg,dlstupka/hth-baptisms-san-antonio-1788-1824--1858-1898,9f03a2632820a26b9724dac7a7a62e87776b1b04,dlstupka/hth,4b0d7c9a16b00eb463a94355f4a2aaf9e69af020,,,,,,,,,,not_reviewed,,
437,Baptisms-San-Antonio-Baptism-Records-1788-1824--1858-1898_p401-500.docx,38,rId41,word/media/image38.png,raw/fs_0437.png,PNG,2560,1440,RGB,2116064,3342cf411636ecead889bea2b384667522fe03db9b9595577c66e9bfe54ff431,,analysis/fs_0437_analysis.png,thumbnails/fs_0437.jpg,dlstupka/hth-baptisms-san-antonio-1788-1824--1858-1898,9f03a2632820a26b9724dac7a7a62e87776b1b04,dlstupka/hth,4b0d7c9a16b00eb463a94355f4a2aaf9e69af020,,,,,,,,,,not_reviewed,,
438,Baptisms-San-Antonio-Baptism-Records-1788-1824--1858-1898_p401-500.docx,39,rId42,word/media/image39.png,raw/fs_0438.png,PNG,2560,1440,RGB,2064647,cedd3e2bd4b3b0fe339821e146f5703605fc1183c270e16b052377d9053de9c2,,analysis/fs_0438_analysis.png,thumbnails/fs_0438.jpg,dlstupka/hth-baptisms-san-antonio-1788-1824--1858-1898,9f03a2632820a26b9724dac7a7a62e87776b1b04,dlstupka/hth,4b0d7c9a16b00eb463a94355f4a2aaf9e69af020,,,,,,,,,,not_reviewed,,
439,Baptisms-San-Antonio-Baptism-Records-1788-1824--1858-1898_p401-500.docx,40,rId43,word/media/image40.png,raw/fs_0439.png,PNG,2560,1440,RGB,2026651,b015d0aab00bc75e42b3163ee3e2ae8d06b2098166832da12c928d1b3fceba81,,analysis/fs_0439_analysis.png,thumbnails/fs_0439.jpg,dlstupka/hth-baptisms-san-antonio-1788-1824--1858-1898,9f03a2632820a26b9724dac7a7a62e87776b1b04,dlstupka/hth,4b0d7c9a16b00eb463a94355f4a2aaf9e69af020,,,,,,,,,,not_reviewed,,
440,Baptisms-San-Antonio-Baptism-Records-1788-1824--1858-1898_p401-500.docx,41,rId44,word/media/image41.png,raw/fs_0440.png,PNG,2560,1440,RGB,2021119,f5417a0fc211264547e855d6eed762ed5a417a8ffb00388514e23454ac9999b3,,analysis/fs_0440_analysis.png,thumbnails/fs_0440.jpg,dlstupka/hth-baptisms-san-antonio-1788-1824--1858-1898,9f03a2632820a26b9724dac7a7a62e87776b1b04,dlstupka/hth,4b0d7c9a16b00eb463a94355f4a2aaf9e69af020,,,,,,,,,,not_reviewed,,
441,Baptisms-San-Antonio-Baptism-Records-1788-1824--1858-1898_p401-500.docx,42,rId45,word/media/image42.png,raw/fs_0441.png,PNG,2560,1440,RGB,2018471,504f91c8335b2f836440f253e5c09aaa00ace2b2285d45f4bcea52ad11736c63,,analysis/fs_0441_analysis.png,thumbnails/fs_0441.jpg,dlstupka/hth-baptisms-san-antonio-1788-1824--1858-1898,9f03a2632820a26b9724dac7a7a62e87776b1b04,dlstupka/hth,4b0d7c9a16b00eb463a94355f4a2aaf9e69af020,,,,,,,,,,not_reviewed,,
442,Baptisms-San-Antonio-Baptism-Records-1788-1824--1858-1898_p401-500.docx,43,rId46,word/media/image43.png,raw/fs_0442.png,PNG,2560,1440,RGB,2159452,e073473c7aabe94201c6402d74a6708d531048577b6edbce9f473b158270b49f,,analysis/fs_0442_analysis.png,thumbnails/fs_0442.jpg,dlstupka/hth-baptisms-san-antonio-1788-1824--1858-1898,9f03a2632820a26b9724dac7a7a62e87776b1b04,dlstupka/hth,4b0d7c9a16b00eb463a94355f4a2aaf9e69af020,,,,,,,,,,not_reviewed,,
443,Baptisms-San-Antonio-Baptism-Records-1788-1824--1858-1898_p401-500.docx,44,rId47,word/media/image44.png,raw/fs_0443.png,PNG,2560,1440,RGB,2148788,abb9978f1ab23a83052ae7c1c4905c192ef1d4571f0b4997c008c00c101223be,,analysis/fs_0443_analysis.png,thumbnails/fs_0443.jpg,dlstupka/hth-baptisms-san-antonio-1788-1824--1858-1898,9f03a2632820a26b9724dac7a7a62e87776b1b04,dlstupka/hth,4b0d7c9a16b00eb463a94355f4a2aaf9e69af020,,,,,,,,,,not_reviewed,,
444,Baptisms-San-Antonio-Baptism-Records-1788-1824--1858-1898_p401-500.docx,45,rId48,word/media/image45.png,raw/fs_0444.png,PNG,2560,1440,RGB,2171829,4ba3e7198504bae03db044e3e5b0958ea663bf3c552f114ea81e8421933346e4,,analysis/fs_0444_analysis.png,thumbnails/fs_0444.jpg,dlstupka/hth-baptisms-san-antonio-1788-1824--1858-1898,9f03a2632820a26b9724dac7a7a62e87776b1b04,dlstupka/hth,4b0d7c9a16b00eb463a94355f4a2aaf9e69af020,,,,,,,,,,not_reviewed,,
445,Baptisms-San-Antonio-Baptism-Records-1788-1824--1858-1898_p401-500.docx,46,rId49,word/media/image46.png,raw/fs_0445.png,PNG,2560,1440,RGB,2186451,e55c2b1ca42794379fcce1b76c963b7168a1ca1c14ac168755b2fd07ffc6c7eb,,analysis/fs_0445_analysis.png,thumbnails/fs_0445.jpg,dlstupka/hth-baptisms-san-antonio-1788-1824--1858-1898,9f03a2632820a26b9724dac7a7a62e87776b1b04,dlstupka/hth,4b0d7c9a16b00eb463a94355f4a2aaf9e69af020,,,,,,,,,,not_reviewed,,
446,Baptisms-San-Antonio-Baptism-Records-1788-1824--1858-1898_p401-500.docx,47,rId50,word/media/image47.png,raw/fs_0446.png,PNG,2560,1440,RGB,2173231,bfdee323e21c2aa405e929e61f3b368b7f1998e4f13d59b8b8084c51477f13c9,,analysis/fs_0446_analysis.png,thumbnails/fs_0446.jpg,dlstupka/hth-baptisms-san-antonio-1788-1824--1858-1898,9f03a2632820a26b9724dac7a7a62e87776b1b04,dlstupka/hth,4b0d7c9a16b00eb463a94355f4a2aaf9e69af020,,,,,,,,,,not_reviewed,,
447,Baptisms-San-Antonio-Baptism-Records-1788-1824--1858-1898_p401-500.docx,48,rId51,word/media/image48.png,raw/fs_0447.png,PNG,2560,1440,RGB,2134788,dcd0d75183ae9789a932764c87089bef1e990d1a44c41540306b145a69a3787d,,analysis/fs_0447_analysis.png,thumbnails/fs_0447.jpg,dlstupka/hth-baptisms-san-antonio-1788-1824--1858-1898,9f03a2632820a26b9724dac7a7a62e87776b1b04,dlstupka/hth,4b0d7c9a16b00eb463a94355f4a2aaf9e69af020,,,,,,,,,,not_reviewed,,
448,Baptisms-San-Antonio-Baptism-Records-1788-1824--1858-1898_p401-500.docx,49,rId52,word/media/image49.png,raw/fs_0448.png,PNG,2560,1440,RGB,2119043,4bd075f49cbf4a783c219b8bffa67da6608f764303759b760221d90a518b934f,,analysis/fs_0448_analysis.png,thumbnails/fs_0448.jpg,dlstupka/hth-baptisms-san-antonio-1788-1824--1858-1898,9f03a2632820a26b9724dac7a7a62e87776b1b04,dlstupka/hth,4b0d7c9a16b00eb463a94355f4a2aaf9e69af020,,,,,,,,,,not_reviewed,,
449,Baptisms-San-Antonio-Baptism-Records-1788-1824--1858-1898_p401-500.docx,50,rId53,word/media/image50.png,raw/fs_0449.png,PNG,2560,1440,RGB,2160007,459d2d0c9312907b02d4516112373bdbb7ccd3dfc70fe6e46c47ddc014b9cd17,,analysis/fs_0449_analysis.png,thumbnails/fs_0449.jpg,dlstupka/hth-baptisms-san-antonio-1788-1824--1858-1898,9f03a2632820a26b9724dac7a7a62e87776b1b04,dlstupka/hth,4b0d7c9a16b00eb463a94355f4a2aaf9e69af020,,,,,,,,,,not_reviewed,,
450,Baptisms-San-Antonio-Baptism-Records-1788-1824--1858-1898_p401-500.docx,51,rId54,word/media/image51.png,raw/fs_0450.png,PNG,2560,1440,RGB,2044048,025ce5f06b1eab66e4955c7318fff7d076c1b1eb55d287f9e873d9291db8efbf,,analysis/fs_0450_analysis.png,thumbnails/fs_0450.jpg,dlstupka/hth-baptisms-san-antonio-1788-1824--1858-1898,9f03a2632820a26b9724dac7a7a62e87776b1b04,dlstupka/hth,4b0d7c9a16b00eb463a94355f4a2aaf9e69af020,,,,,,,,,,not_reviewed,,
451,Baptisms-San-Antonio-Baptism-Records-1788-1824--1858-1898_p401-500.docx,52,rId55,word/media/image52.png,raw/fs_0451.png,PNG,2560,1440,RGB,2104393,dce5e35fdfccdbc9d2796571405fbfdc888ab718e72bce7d705375853909e441,,analysis/fs_0451_analysis.png,thumbnails/fs_0451.jpg,dlstupka/hth-baptisms-san-antonio-1788-1824--1858-1898,9f03a2632820a26b9724dac7a7a62e87776b1b04,dlstupka/hth,4b0d7c9a16b00eb463a94355f4a2aaf9e69af020,,,,,,,,,,not_reviewed,,
452,Baptisms-San-Antonio-Baptism-Records-1788-1824--1858-1898_p401-500.docx,53,rId56,word/media/image53.png,raw/fs_0452.png,PNG,2560,1440,RGB,2060921,72eb0665451ebb3219fcc5de67aa92a693d506560fd24e60489450b87da95607,,analysis/fs_0452_analysis.png,thumbnails/fs_0452.jpg,dlstupka/hth-baptisms-san-antonio-1788-1824--1858-1898,9f03a2632820a26b9724dac7a7a62e87776b1b04,dlstupka/hth,4b0d7c9a16b00eb463a94355f4a2aaf9e69af020,,,,,,,,,,not_reviewed,,
453,Baptisms-San-Antonio-Baptism-Records-1788-1824--1858-1898_p401-500.docx,54,rId57,word/media/image54.png,raw/fs_0453.png,PNG,2560,1440,RGB,2063063,df5d3f8226c1b3569697af161eec25efd2ded5f151ca002bb49b42d207b7d916,,analysis/fs_0453_analysis.png,thumbnails/fs_0453.jpg,dlstupka/hth-baptisms-san-antonio-1788-1824--1858-1898,9f03a2632820a26b9724dac7a7a62e87776b1b04,dlstupka/hth,4b0d7c9a16b00eb463a94355f4a2aaf9e69af020,,,,,,,,,,not_reviewed,,
454,Baptisms-San-Antonio-Baptism-Records-1788-1824--1858-1898_p401-500.docx,55,rId58,word/media/image55.png,raw/fs_0454.png,PNG,2560,1440,RGB,2105947,e7b47b147db1588f38113f546db8ebbcf7fc17e9e4b16557a401f3266bd64b6d,,analysis/fs_0454_analysis.png,thumbnails/fs_0454.jpg,dlstupka/hth-baptisms-san-antonio-1788-1824--1858-1898,9f03a2632820a26b9724dac7a7a62e87776b1b04,dlstupka/hth,4b0d7c9a16b00eb463a94355f4a2aaf9e69af020,,,,,,,,,,not_reviewed,,
455,Baptisms-San-Antonio-Baptism-Records-1788-1824--1858-1898_p401-500.docx,56,rId59,word/media/image56.png,raw/fs_0455.png,PNG,2560,1440,RGB,2042253,72d21d01b0b951badda835ef362ff927d58b82ba06687b1682ccabddc1c3adff,,analysis/fs_0455_analysis.png,thumbnails/fs_0455.jpg,dlstupka/hth-baptisms-san-antonio-1788-1824--1858-1898,9f03a2632820a26b9724dac7a7a62e87776b1b04,dlstupka/hth,4b0d7c9a16b00eb463a94355f4a2aaf9e69af020,,,,,,,,,,not_reviewed,,
456,Baptisms-San-Antonio-Baptism-Records-1788-1824--1858-1898_p401-500.docx,57,rId60,word/media/image57.png,raw/fs_0456.png,PNG,2560,1440,RGB,2084244,a05a69db192346a012274f5bbe20a32b5c2e9f67aff919c709e492ad384860ea,,analysis/fs_0456_analysis.png,thumbnails/fs_0456.jpg,dlstupka/hth-baptisms-san-antonio-1788-1824--1858-1898,9f03a2632820a26b9724dac7a7a62e87776b1b04,dlstupka/hth,4b0d7c9a16b00eb463a94355f4a2aaf9e69af020,,,,,,,,,,not_reviewed,,
457,Baptisms-San-Antonio-Baptism-Records-1788-1824--1858-1898_p401-500.docx,58,rId61,word/media/image58.png,raw/fs_0457.png,PNG,2560,1440,RGB,2092550,cd13838a7c7351d79dd5e441fa1570531a09bf378ad5e4198842462324293038,,analysis/fs_0457_analysis.png,thumbnails/fs_0457.jpg,dlstupka/hth-baptisms-san-antonio-1788-1824--1858-1898,9f03a2632820a26b9724dac7a7a62e87776b1b04,dlstupka/hth,4b0d7c9a16b00eb463a94355f4a2aaf9e69af020,,,,,,,,,,not_reviewed,,
458,Baptisms-San-Antonio-Baptism-Records-1788-1824--1858-1898_p401-500.docx,59,rId62,word/media/image59.png,raw/fs_0458.png,PNG,2560,1440,RGB,2083674,eca46254de642a83b8f568a54a7dc64ff6ce1fc8befecced48bb84fe471f4a2b,,analysis/fs_0458_analysis.png,thumbnails/fs_0458.jpg,dlstupka/hth-baptisms-san-antonio-1788-1824--1858-1898,9f03a2632820a26b9724dac7a7a62e87776b1b04,dlstupka/hth,4b0d7c9a16b00eb463a94355f4a2aaf9e69af020,,,,,,,,,,not_reviewed,,
459,Baptisms-San-Antonio-Baptism-Records-1788-1824--1858-1898_p401-500.docx,60,rId63,word/media/image60.png,raw/fs_0459.png,PNG,2560,1440,RGB,2088644,1e73b5b69f80dd786ab60416861c602bf886305c3a1a29031a460a28c9157581,,analysis/fs_0459_analysis.png,thumbnails/fs_0459.jpg,dlstupka/hth-baptisms-san-antonio-1788-1824--1858-1898,9f03a2632820a26b9724dac7a7a62e87776b1b04,dlstupka/hth,4b0d7c9a16b00eb463a94355f4a2aaf9e69af020,,,,,,,,,,not_reviewed,,
460,Baptisms-San-Antonio-Baptism-Records-1788-1824--1858-1898_p401-500.docx,61,rId64,word/media/image61.png,raw/fs_0460.png,PNG,2560,1440,RGB,2101857,c511518d7aa608abaf6888f396d1d1a059eef18641849af1d7cc869541bf9b48,,analysis/fs_0460_analysis.png,thumbnails/fs_0460.jpg,dlstupka/hth-baptisms-san-antonio-1788-1824--1858-1898,9f03a2632820a26b9724dac7a7a62e87776b1b04,dlstupka/hth,4b0d7c9a16b00eb463a94355f4a2aaf9e69af020,,,,,,,,,,not_reviewed,,
461,Baptisms-San-Antonio-Baptism-Records-1788-1824--1858-1898_p401-500.docx,62,rId65,word/media/image62.png,raw/fs_0461.png,PNG,2560,1440,RGB,2169069,7e56f77eed091d65a7f9bae7cd551fefb650fba5ef5e5531ef8eb43ad58c9696,,analysis/fs_0461_analysis.png,thumbnails/fs_0461.jpg,dlstupka/hth-baptisms-san-antonio-1788-1824--1858-1898,9f03a2632820a26b9724dac7a7a62e87776b1b04,dlstupka/hth,4b0d7c9a16b00eb463a94355f4a2aaf9e69af020,,,,,,,,,,not_reviewed,,
462,Baptisms-San-Antonio-Baptism-Records-1788-1824--1858-1898_p401-500.docx,63,rId66,word/media/image63.png,raw/fs_0462.png,PNG,2560,1440,RGB,2198091,9d8238bb5c0ca32aac510b8584933c4d400144dfce286eb53bbf9bf26564a4ff,,analysis/fs_0462_analysis.png,thumbnails/fs_0462.jpg,dlstupka/hth-baptisms-san-antonio-1788-1824--1858-1898,9f03a2632820a26b9724dac7a7a62e87776b1b04,dlstupka/hth,4b0d7c9a16b00eb463a94355f4a2aaf9e69af020,,,,,,,,,,not_reviewed,,
463,Baptisms-San-Antonio-Baptism-Records-1788-1824--1858-1898_p401-500.docx,64,rId67,word/media/image64.png,raw/fs_0463.png,PNG,2560,1440,RGB,2105977,2b1c8c398a3f5762cb190f18030905de80311f15a61bb4ead7cdb2404f4a648f,,analysis/fs_0463_analysis.png,thumbnails/fs_0463.jpg,dlstupka/hth-baptisms-san-antonio-1788-1824--1858-1898,9f03a2632820a26b9724dac7a7a62e87776b1b04,dlstupka/hth,4b0d7c9a16b00eb463a94355f4a2aaf9e69af020,,,,,,,,,,not_reviewed,,
464,Baptisms-San-Antonio-Baptism-Records-1788-1824--1858-1898_p401-500.docx,65,rId68,word/media/image65.png,raw/fs_0464.png,PNG,2560,1440,RGB,2133457,55fbb2ae537f531da8c0ed9369a8b9666c320d8047909a38a340148e68e31685,,analysis/fs_0464_analysis.png,thumbnails/fs_0464.jpg,dlstupka/hth-baptisms-san-antonio-1788-1824--1858-1898,9f03a2632820a26b9724dac7a7a62e87776b1b04,dlstupka/hth,4b0d7c9a16b00eb463a94355f4a2aaf9e69af020,,,,,,,,,,not_reviewed,,
465,Baptisms-San-Antonio-Baptism-Records-1788-1824--1858-1898_p401-500.docx,66,rId69,word/media/image66.png,raw/fs_0465.png,PNG,2560,1440,RGB,2024690,8558fe299b6795020d73bbefe5d4736100166d6de3e3a2a1199ba576d7fe29ba,,analysis/fs_0465_analysis.png,thumbnails/fs_0465.jpg,dlstupka/hth-baptisms-san-antonio-1788-1824--1858-1898,9f03a2632820a26b9724dac7a7a62e87776b1b04,dlstupka/hth,4b0d7c9a16b00eb463a94355f4a2aaf9e69af020,,,,,,,,,,not_reviewed,,
466,Baptisms-San-Antonio-Baptism-Records-1788-1824--1858-1898_p401-500.docx,67,rId70,word/media/image67.png,raw/fs_0466.png,PNG,2560,1440,RGB,2104663,5cd764842f1e1d7982904298bc493a556400105ccb13679d8a4b65696e0a4201,,analysis/fs_0466_analysis.png,thumbnails/fs_0466.jpg,dlstupka/hth-baptisms-san-antonio-1788-1824--1858-1898,9f03a2632820a26b9724dac7a7a62e87776b1b04,dlstupka/hth,4b0d7c9a16b00eb463a94355f4a2aaf9e69af020,,,,,,,,,,not_reviewed,,
467,Baptisms-San-Antonio-Baptism-Records-1788-1824--1858-1898_p401-500.docx,68,rId71,word/media/image68.png,raw/fs_0467.png,PNG,2560,1440,RGB,2045862,efa020da783fa202a359b43648845c87c1fd0150d8ee32e105309f842ff81fe3,,analysis/fs_0467_analysis.png,thumbnails/fs_0467.jpg,dlstupka/hth-baptisms-san-antonio-1788-1824--1858-1898,9f03a2632820a26b9724dac7a7a62e87776b1b04,dlstupka/hth,4b0d7c9a16b00eb463a94355f4a2aaf9e69af020,,,,,,,,,,not_reviewed,,
468,Baptisms-San-Antonio-Baptism-Records-1788-1824--1858-1898_p401-500.docx,69,rId72,word/media/image69.png,raw/fs_0468.png,PNG,2560,1440,RGB,2083430,e952a5cb327be38dfde2af15de09039edf759a167cd84774758f561284be017b,,analysis/fs_0468_analysis.png,thumbnails/fs_0468.jpg,dlstupka/hth-baptisms-san-antonio-1788-1824--1858-1898,9f03a2632820a26b9724dac7a7a62e87776b1b04,dlstupka/hth,4b0d7c9a16b00eb463a94355f4a2aaf9e69af020,,,,,,,,,,not_reviewed,,
469,Baptisms-San-Antonio-Baptism-Records-1788-1824--1858-1898_p401-500.docx,70,rId73,word/media/image70.png,raw/fs_0469.png,PNG,2560,1440,RGB,2122315,499722705fa3b210afa72830a26a8ebb6f73cae4833b1348ce6c27b97bbef9bc,,analysis/fs_0469_analysis.png,thumbnails/fs_0469.jpg,dlstupka/hth-baptisms-san-antonio-1788-1824--1858-1898,9f03a2632820a26b9724dac7a7a62e87776b1b04,dlstupka/hth,4b0d7c9a16b00eb463a94355f4a2aaf9e69af020,,,,,,,,,,not_reviewed,,
470,Baptisms-San-Antonio-Baptism-Records-1788-1824--1858-1898_p401-500.docx,71,rId74,word/media/image71.png,raw/fs_0470.png,PNG,2560,1440,RGB,2202132,c40995c3cdb52a8f602ee2127c6612e7011ed79091284957d90bac28ce439ae5,,analysis/fs_0470_analysis.png,thumbnails/fs_0470.jpg,dlstupka/hth-baptisms-san-antonio-1788-1824--1858-1898,9f03a2632820a26b9724dac7a7a62e87776b1b04,dlstupka/hth,4b0d7c9a16b00eb463a94355f4a2aaf9e69af020,,,,,,,,,,not_reviewed,,
471,Baptisms-San-Antonio-Baptism-Records-1788-1824--1858-1898_p401-500.docx,72,rId75,word/media/image72.png,raw/fs_0471.png,PNG,2560,1440,RGB,2124829,4e4b3f2e8b9a3c5c037b89795d0496569c9836bca53ebcc19d8bd8be4d827d3c,,analysis/fs_0471_analysis.png,thumbnails/fs_0471.jpg,dlstupka/hth-baptisms-san-antonio-1788-1824--1858-1898,9f03a2632820a26b9724dac7a7a62e87776b1b04,dlstupka/hth,4b0d7c9a16b00eb463a94355f4a2aaf9e69af020,,,,,,,,,,not_reviewed,,
472,Baptisms-San-Antonio-Baptism-Records-1788-1824--1858-1898_p401-500.docx,73,rId76,word/media/image73.png,raw/fs_0472.png,PNG,2560,1440,RGB,2149113,a67fc2840dc1fd2e20bcef0a96e41055b9417d8910e31c11cf49301465177977,,analysis/fs_0472_analysis.png,thumbnails/fs_0472.jpg,dlstupka/hth-baptisms-san-antonio-1788-1824--1858-1898,9f03a2632820a26b9724dac7a7a62e87776b1b04,dlstupka/hth,4b0d7c9a16b00eb463a94355f4a2aaf9e69af020,,,,,,,,,,not_reviewed,,
473,Baptisms-San-Antonio-Baptism-Records-1788-1824--1858-1898_p401-500.docx,74,rId77,word/media/image74.png,raw/fs_0473.png,PNG,2560,1440,RGB,2063387,230e95123bb4be38accee1ee92d3063e1e44f87a88d55fd63a727cbe6fd978d8,,analysis/fs_0473_analysis.png,thumbnails/fs_0473.jpg,dlstupka/hth-baptisms-san-antonio-1788-1824--1858-1898,9f03a2632820a26b9724dac7a7a62e87776b1b04,dlstupka/hth,4b0d7c9a16b00eb463a94355f4a2aaf9e69af020,,,,,,,,,,not_reviewed,,
474,Baptisms-San-Antonio-Baptism-Records-1788-1824--1858-1898_p401-500.docx,75,rId78,word/media/image75.png,raw/fs_0474.png,PNG,2560,1440,RGB,2144469,add9a1700643b04947a05d568ad6d9dd529f0a542ade06500108d729cce6c1f9,,analysis/fs_0474_analysis.png,thumbnails/fs_0474.jpg,dlstupka/hth-baptisms-san-antonio-1788-1824--1858-1898,9f03a2632820a26b9724dac7a7a62e87776b1b04,dlstupka/hth,4b0d7c9a16b00eb463a94355f4a2aaf9e69af020,,,,,,,,,,not_reviewed,,
475,Baptisms-San-Antonio-Baptism-Records-1788-1824--1858-1898_p401-500.docx,76,rId79,word/media/image76.png,raw/fs_0475.png,PNG,2560,1440,RGB,2166585,3a5d29b5a3b0206676397b52ccf86e210808c925b7080f65e508dbfec541e218,,analysis/fs_0475_analysis.png,thumbnails/fs_0475.jpg,dlstupka/hth-baptisms-san-antonio-1788-1824--1858-1898,9f03a2632820a26b9724dac7a7a62e87776b1b04,dlstupka/hth,4b0d7c9a16b00eb463a94355f4a2aaf9e69af020,,,,,,,,,,not_reviewed,,
476,Baptisms-San-Antonio-Baptism-Records-1788-1824--1858-1898_p401-500.docx,77,rId80,word/media/image77.png,raw/fs_0476.png,PNG,2560,1440,RGB,2103944,7a80618368471b66fa669e219b26eddc6d40b265f3ed27429b931f8514c1b089,,analysis/fs_0476_analysis.png,thumbnails/fs_0476.jpg,dlstupka/hth-baptisms-san-antonio-1788-1824--1858-1898,9f03a2632820a26b9724dac7a7a62e87776b1b04,dlstupka/hth,4b0d7c9a16b00eb463a94355f4a2aaf9e69af020,,,,,,,,,,not_reviewed,,
477,Baptisms-San-Antonio-Baptism-Records-1788-1824--1858-1898_p401-500.docx,78,rId81,word/media/image78.png,raw/fs_0477.png,PNG,2560,1440,RGB,2095661,924a39f224f4b80aecf7e86d30e73047323c76f7a48e477183e7326f266d1b5f,,analysis/fs_0477_analysis.png,thumbnails/fs_0477.jpg,dlstupka/hth-baptisms-san-antonio-1788-1824--1858-1898,9f03a2632820a26b9724dac7a7a62e87776b1b04,dlstupka/hth,4b0d7c9a16b00eb463a94355f4a2aaf9e69af020,,,,,,,,,,not_reviewed,,
478,Baptisms-San-Antonio-Baptism-Records-1788-1824--1858-1898_p401-500.docx,79,rId82,word/media/image79.png,raw/fs_0478.png,PNG,2560,1440,RGB,2108808,a25c822d3f6269d1726fa71de1d109d127c65039a454075bc0ea05ccbe1bb8a3,,analysis/fs_0478_analysis.png,thumbnails/fs_0478.jpg,dlstupka/hth-baptisms-san-antonio-1788-1824--1858-1898,9f03a2632820a26b9724dac7a7a62e87776b1b04,dlstupka/hth,4b0d7c9a16b00eb463a94355f4a2aaf9e69af020,,,,,,,,,,not_reviewed,,
479,Baptisms-San-Antonio-Baptism-Records-1788-1824--1858-1898_p401-500.docx,80,rId83,word/media/image80.png,raw/fs_0479.png,PNG,2560,1440,RGB,2084280,1935ad845f78206253db0e58d169cd61c0a360dc80e2572590db2406ac5e91ed,,analysis/fs_0479_analysis.png,thumbnails/fs_0479.jpg,dlstupka/hth-baptisms-san-antonio-1788-1824--1858-1898,9f03a2632820a26b9724dac7a7a62e87776b1b04,dlstupka/hth,4b0d7c9a16b00eb463a94355f4a2aaf9e69af020,,,,,,,,,,not_reviewed,,
480,Baptisms-San-Antonio-Baptism-Records-1788-1824--1858-1898_p401-500.docx,81,rId84,word/media/image81.png,raw/fs_0480.png,PNG,2560,1440,RGB,2160236,4c9109f97bbd5b8d67c19951ad2bda68414e600a8ede8d6e9c49faa5c231e66e,,analysis/fs_0480_analysis.png,thumbnails/fs_0480.jpg,dlstupka/hth-baptisms-san-antonio-1788-1824--1858-1898,9f03a2632820a26b9724dac7a7a62e87776b1b04,dlstupka/hth,4b0d7c9a16b00eb463a94355f4a2aaf9e69af020,,,,,,,,,,not_reviewed,,
481,Baptisms-San-Antonio-Baptism-Records-1788-1824--1858-1898_p401-500.docx,82,rId85,word/media/image82.png,raw/fs_0481.png,PNG,2560,1440,RGB,2105701,33e967851c0e80c50ce4b98762096c997c66badbbc5dc5e85bc713a8a6f457b7,,analysis/fs_0481_analysis.png,thumbnails/fs_0481.jpg,dlstupka/hth-baptisms-san-antonio-1788-1824--1858-1898,9f03a2632820a26b9724dac7a7a62e87776b1b04,dlstupka/hth,4b0d7c9a16b00eb463a94355f4a2aaf9e69af020,,,,,,,,,,not_reviewed,,
482,Baptisms-San-Antonio-Baptism-Records-1788-1824--1858-1898_p401-500.docx,83,rId86,word/media/image83.png,raw/fs_0482.png,PNG,2560,1440,RGB,2083480,d7dc42b78c8101978c7631d5323162225c50a441c4b144f8238394003238f3e8,,analysis/fs_0482_analysis.png,thumbnails/fs_0482.jpg,dlstupka/hth-baptisms-san-antonio-1788-1824--1858-1898,9f03a2632820a26b9724dac7a7a62e87776b1b04,dlstupka/hth,4b0d7c9a16b00eb463a94355f4a2aaf9e69af020,,,,,,,,,,not_reviewed,,
483,Baptisms-San-Antonio-Baptism-Records-1788-1824--1858-1898_p401-500.docx,84,rId87,word/media/image84.png,raw/fs_0483.png,PNG,2560,1440,RGB,2110203,922e9ce3a88c5fab640426824a65a55bb15c2291ababdf025317773bf90ae231,,analysis/fs_0483_analysis.png,thumbnails/fs_0483.jpg,dlstupka/hth-baptisms-san-antonio-1788-1824--1858-1898,9f03a2632820a26b9724dac7a7a62e87776b1b04,dlstupka/hth,4b0d7c9a16b00eb463a94355f4a2aaf9e69af020,,,,,,,,,,not_reviewed,,
484,Baptisms-San-Antonio-Baptism-Records-1788-1824--1858-1898_p401-500.docx,85,rId88,word/media/image85.png,raw/fs_0484.png,PNG,2560,1440,RGB,2295372,9900ff0da387c13bda01e83e4f3cb01c7cffcf6bc17b1823e29be22591aafdf1,,analysis/fs_0484_analysis.png,thumbnails/fs_0484.jpg,dlstupka/hth-baptisms-san-antonio-1788-1824--1858-1898,9f03a2632820a26b9724dac7a7a62e87776b1b04,dlstupka/hth,4b0d7c9a16b00eb463a94355f4a2aaf9e69af020,,,,,,,,,,not_reviewed,,
485,Baptisms-San-Antonio-Baptism-Records-1788-1824--1858-1898_p401-500.docx,86,rId89,word/media/image86.png,raw/fs_0485.png,PNG,2560,1440,RGB,2123434,cd7c28ecf43193700d0a61b146e9ef00eb0154d7de1c899d3dd707dd0647ddb2,,analysis/fs_0485_analysis.png,thumbnails/fs_0485.jpg,dlstupka/hth-baptisms-san-antonio-1788-1824--1858-1898,9f03a2632820a26b9724dac7a7a62e87776b1b04,dlstupka/hth,4b0d7c9a16b00eb463a94355f4a2aaf9e69af020,,,,,,,,,,not_reviewed,,
486,Baptisms-San-Antonio-Baptism-Records-1788-1824--1858-1898_p401-500.docx,87,rId90,word/media/image87.png,raw/fs_0486.png,PNG,2560,1440,RGB,2170023,d43f2fdb7f81ec663f11e2bbba800db7a48929b52219d3bc1f0cd732a3617538,,analysis/fs_0486_analysis.png,thumbnails/fs_0486.jpg,dlstupka/hth-baptisms-san-antonio-1788-1824--1858-1898,9f03a2632820a26b9724dac7a7a62e87776b1b04,dlstupka/hth,4b0d7c9a16b00eb463a94355f4a2aaf9e69af020,,,,,,,,,,not_reviewed,,
487,Baptisms-San-Antonio-Baptism-Records-1788-1824--1858-1898_p401-500.docx,88,rId91,word/media/image88.png,raw/fs_0487.png,PNG,2560,1440,RGB,2124834,ff94f56c388d647d845442d86b7dacabac9776cdbdba61158904c8c9dfd6dfd7,,analysis/fs_0487_analysis.png,thumbnails/fs_0487.jpg,dlstupka/hth-baptisms-san-antonio-1788-1824--1858-1898,9f03a2632820a26b9724dac7a7a62e87776b1b04,dlstupka/hth,4b0d7c9a16b00eb463a94355f4a2aaf9e69af020,,,,,,,,,,not_reviewed,,
488,Baptisms-San-Antonio-Baptism-Records-1788-1824--1858-1898_p401-500.docx,89,rId92,word/media/image89.png,raw/fs_0488.png,PNG,2560,1440,RGB,2086832,6855d2865fda2c70bdd911eb5f2484e01cd157eb0898d355a9b9dc017fcde49c,,analysis/fs_0488_analysis.png,thumbnails/fs_0488.jpg,dlstupka/hth-baptisms-san-antonio-1788-1824--1858-1898,9f03a2632820a26b9724dac7a7a62e87776b1b04,dlstupka/hth,4b0d7c9a16b00eb463a94355f4a2aaf9e69af020,,,,,,,,,,not_reviewed,,
489,Baptisms-San-Antonio-Baptism-Records-1788-1824--1858-1898_p401-500.docx,90,rId93,word/media/image90.png,raw/fs_0489.png,PNG,2560,1440,RGB,2108020,8dcc2436dccb04138c896479f5ba24146ed0e35ba3ef59925d28a6ce50408214,,analysis/fs_0489_analysis.png,thumbnails/fs_0489.jpg,dlstupka/hth-baptisms-san-antonio-1788-1824--1858-1898,9f03a2632820a26b9724dac7a7a62e87776b1b04,dlstupka/hth,4b0d7c9a16b00eb463a94355f4a2aaf9e69af020,,,,,,,,,,not_reviewed,,
490,Baptisms-San-Antonio-Baptism-Records-1788-1824--1858-1898_p401-500.docx,91,rId94,word/media/image91.png,raw/fs_0490.png,PNG,2560,1440,RGB,2231553,6dad28de53a93d2ed0ddf182cb24560630455828d3ca6b1313e751c413f80d10,,analysis/fs_0490_analysis.png,thumbnails/fs_0490.jpg,dlstupka/hth-baptisms-san-antonio-1788-1824--1858-1898,9f03a2632820a26b9724dac7a7a62e87776b1b04,dlstupka/hth,4b0d7c9a16b00eb463a94355f4a2aaf9e69af020,,,,,,,,,,not_reviewed,,
491,Baptisms-San-Antonio-Baptism-Records-1788-1824--1858-1898_p401-500.docx,92,rId95,word/media/image92.png,raw/fs_0491.png,PNG,2560,1440,RGB,2177789,56391e0e725fccf1d9e9c6cb23e0311c2c856c3de2b0c018fff3f0bda82160f7,,analysis/fs_0491_analysis.png,thumbnails/fs_0491.jpg,dlstupka/hth-baptisms-san-antonio-1788-1824--1858-1898,9f03a2632820a26b9724dac7a7a62e87776b1b04,dlstupka/hth,4b0d7c9a16b00eb463a94355f4a2aaf9e69af020,,,,,,,,,,not_reviewed,,
492,Baptisms-San-Antonio-Baptism-Records-1788-1824--1858-1898_p401-500.docx,93,rId96,word/media/image93.png,raw/fs_0492.png,PNG,2560,1440,RGB,2171282,b30300f6100c6e7136b51af54123bd476256c2541846dafc5af7ada9f1ef7cb5,,analysis/fs_0492_analysis.png,thumbnails/fs_0492.jpg,dlstupka/hth-baptisms-san-antonio-1788-1824--1858-1898,9f03a2632820a26b9724dac7a7a62e87776b1b04,dlstupka/hth,4b0d7c9a16b00eb463a94355f4a2aaf9e69af020,,,,,,,,,,not_reviewed,,
493,Baptisms-San-Antonio-Baptism-Records-1788-1824--1858-1898_p401-500.docx,94,rId97,word/media/image94.png,raw/fs_0493.png,PNG,2560,1440,RGB,2098880,cb96435956da40f0f04a133c052b7d6b6019ab93d9518f5174aa47bf8c63534e,,analysis/fs_0493_analysis.png,thumbnails/fs_0493.jpg,dlstupka/hth-baptisms-san-antonio-1788-1824--1858-1898,9f03a2632820a26b9724dac7a7a62e87776b1b04,dlstupka/hth,4b0d7c9a16b00eb463a94355f4a2aaf9e69af020,,,,,,,,,,not_reviewed,,
494,Baptisms-San-Antonio-Baptism-Records-1788-1824--1858-1898_p401-500.docx,95,rId98,word/media/image95.png,raw/fs_0494.png,PNG,2560,1440,RGB,2095256,0fbc7d49836c405192c06f3672fcec4e414932475f53fc515e568e91056d4f87,,analysis/fs_0494_analysis.png,thumbnails/fs_0494.jpg,dlstupka/hth-baptisms-san-antonio-1788-1824--1858-1898,9f03a2632820a26b9724dac7a7a62e87776b1b04,dlstupka/hth,4b0d7c9a16b00eb463a94355f4a2aaf9e69af020,,,,,,,,,,not_reviewed,,
495,Baptisms-San-Antonio-Baptism-Records-1788-1824--1858-1898_p401-500.docx,96,rId99,word/media/image96.png,raw/fs_0495.png,PNG,2560,1440,RGB,2110509,b86a6d048d40a4214b27666268b9801f2cf3e36af5077b1b19aa4d62cb28f670,,analysis/fs_0495_analysis.png,thumbnails/fs_0495.jpg,dlstupka/hth-baptisms-san-antonio-1788-1824--1858-1898,9f03a2632820a26b9724dac7a7a62e87776b1b04,dlstupka/hth,4b0d7c9a16b00eb463a94355f4a2aaf9e69af020,,,,,,,,,,not_reviewed,,
496,Baptisms-San-Antonio-Baptism-Records-1788-1824--1858-1898_p401-500.docx,97,rId100,word/media/image97.png,raw/fs_0496.png,PNG,2560,1440,RGB,2102253,f6b39380d9d9a5b84dd7b255fe7d63dd9d16e6d25dfed15bbbf3f9406694bb02,,analysis/fs_0496_analysis.png,thumbnails/fs_0496.jpg,dlstupka/hth-baptisms-san-antonio-1788-1824--1858-1898,9f03a2632820a26b9724dac7a7a62e87776b1b04,dlstupka/hth,4b0d7c9a16b00eb463a94355f4a2aaf9e69af020,,,,,,,,,,not_reviewed,,
497,Baptisms-San-Antonio-Baptism-Records-1788-1824--1858-1898_p401-500.docx,98,rId101,word/media/image98.png,raw/fs_0497.png,PNG,2560,1440,RGB,2056824,9ed8460f15c0da530cfd508c5978ff365d6ccda3229cddd981a94e1bbc1be49e,,analysis/fs_0497_analysis.png,thumbnails/fs_0497.jpg,dlstupka/hth-baptisms-san-antonio-1788-1824--1858-1898,9f03a2632820a26b9724dac7a7a62e87776b1b04,dlstupka/hth,4b0d7c9a16b00eb463a94355f4a2aaf9e69af020,,,,,,,,,,not_reviewed,,
498,Baptisms-San-Antonio-Baptism-Records-1788-1824--1858-1898_p401-500.docx,99,rId102,word/media/image99.png,raw/fs_0498.png,PNG,2560,1440,RGB,1990930,55f1ece2c4e3fb3f2b3020f4505069d8923cfb392793f47b383ebda4d39c197a,,analysis/fs_0498_analysis.png,thumbnails/fs_0498.jpg,dlstupka/hth-baptisms-san-antonio-1788-1824--1858-1898,9f03a2632820a26b9724dac7a7a62e87776b1b04,dlstupka/hth,4b0d7c9a16b00eb463a94355f4a2aaf9e69af020,,,,,,,,,,not_reviewed,,
499,Baptisms-San-Antonio-Baptism-Records-1788-1824--1858-1898_p401-500.docx,100,rId103,word/media/image100.png,raw/fs_0499.png,PNG,2560,1440,RGB,2071477,7941c7a17d39de84266c209321e468062d8c884e3b561de2e76904437509d2ee,,analysis/fs_0499_analysis.png,thumbnails/fs_0499.jpg,dlstupka/hth-baptisms-san-antonio-1788-1824--1858-1898,9f03a2632820a26b9724dac7a7a62e87776b1b04,dlstupka/hth,4b0d7c9a16b00eb463a94355f4a2aaf9e69af020,,,,,,,,,,not_reviewed,,
500,Baptisms-San-Antonio-Baptism-Records-1788-1824--1858-1898_p501-690.docx,1,rId4,word/media/image1.png,raw/fs_0500.png,PNG,2560,1440,RGB,2107335,d6b61031a971f2782d19ea6a519bdca9c49193f914c61c481675a48827739c13,,analysis/fs_0500_analysis.png,thumbnails/fs_0500.jpg,dlstupka/hth-baptisms-san-antonio-1788-1824--1858-1898,9f03a2632820a26b9724dac7a7a62e87776b1b04,dlstupka/hth,4b0d7c9a16b00eb463a94355f4a2aaf9e69af020,,,,,,,,,,not_reviewed,,
501,Baptisms-San-Antonio-Baptism-Records-1788-1824--1858-1898_p501-690.docx,2,rId5,word/media/image2.png,raw/fs_0501.png,PNG,2560,1440,RGB,2109766,60ff8a0ca2030cb0f75b41a6c93e2778d67302d425c1ea982e8294f67f27e331,,analysis/fs_0501_analysis.png,thumbnails/fs_0501.jpg,dlstupka/hth-baptisms-san-antonio-1788-1824--1858-1898,9f03a2632820a26b9724dac7a7a62e87776b1b04,dlstupka/hth,4b0d7c9a16b00eb463a94355f4a2aaf9e69af020,,,,,,,,,,not_reviewed,,
502,Baptisms-San-Antonio-Baptism-Records-1788-1824--1858-1898_p501-690.docx,3,rId6,word/media/image3.png,raw/fs_0502.png,PNG,2560,1440,RGB,2108330,041538cda069a6a9997f06a809cd56086c9b33a85cd41fb908433940c270c507,,analysis/fs_0502_analysis.png,thumbnails/fs_0502.jpg,dlstupka/hth-baptisms-san-antonio-1788-1824--1858-1898,9f03a2632820a26b9724dac7a7a62e87776b1b04,dlstupka/hth,4b0d7c9a16b00eb463a94355f4a2aaf9e69af020,,,,,,,,,,not_reviewed,,
503,Baptisms-San-Antonio-Baptism-Records-1788-1824--1858-1898_p501-690.docx,4,rId7,word/media/image4.png,raw/fs_0503.png,PNG,2560,1440,RGB,2145676,c6634731b91cc0057c1ee8f57b5223bf50250250d456a39f56ff465e2230b5e8,,analysis/fs_0503_analysis.png,thumbnails/fs_0503.jpg,dlstupka/hth-baptisms-san-antonio-1788-1824--1858-1898,9f03a2632820a26b9724dac7a7a62e87776b1b04,dlstupka/hth,4b0d7c9a16b00eb463a94355f4a2aaf9e69af020,,,,,,,,,,not_reviewed,,
504,Baptisms-San-Antonio-Baptism-Records-1788-1824--1858-1898_p501-690.docx,5,rId8,word/media/image5.png,raw/fs_0504.png,PNG,2560,1440,RGB,2150471,8c9e5957eb44218f63cded3744e17f8d1dcd231bb5463ce220ded567d2c1f943,,analysis/fs_0504_analysis.png,thumbnails/fs_0504.jpg,dlstupka/hth-baptisms-san-antonio-1788-1824--1858-1898,9f03a2632820a26b9724dac7a7a62e87776b1b04,dlstupka/hth,4b0d7c9a16b00eb463a94355f4a2aaf9e69af020,,,,,,,,,,not_reviewed,,
505,Baptisms-San-Antonio-Baptism-Records-1788-1824--1858-1898_p501-690.docx,6,rId9,word/media/image6.png,raw/fs_0505.png,PNG,2560,1440,RGB,2175453,83a344da399fa2091b5ddb4cf484cc5384dc16a13b154eb678d30fb566a9575c,,analysis/fs_0505_analysis.png,thumbnails/fs_0505.jpg,dlstupka/hth-baptisms-san-antonio-1788-1824--1858-1898,9f03a2632820a26b9724dac7a7a62e87776b1b04,dlstupka/hth,4b0d7c9a16b00eb463a94355f4a2aaf9e69af020,,,,,,,,,,not_reviewed,,
506,Baptisms-San-Antonio-Baptism-Records-1788-1824--1858-1898_p501-690.docx,7,rId10,word/media/image7.png,raw/fs_0506.png,PNG,2560,1440,RGB,2114396,b08c30dcaddbfb3b1d1c39a1b94a107b54de278f8896c8cf5b32565352f7d115,,analysis/fs_0506_analysis.png,thumbnails/fs_0506.jpg,dlstupka/hth-baptisms-san-antonio-1788-1824--1858-1898,9f03a2632820a26b9724dac7a7a62e87776b1b04,dlstupka/hth,4b0d7c9a16b00eb463a94355f4a2aaf9e69af020,,,,,,,,,,not_reviewed,,
507,Baptisms-San-Antonio-Baptism-Records-1788-1824--1858-1898_p501-690.docx,8,rId11,word/media/image8.png,raw/fs_0507.png,PNG,2560,1440,RGB,2101666,b1f4c3e26c5096ac7905cf9ad2ae446f1366ae49eb85cbc97d01c33c4c79005d,,analysis/fs_0507_analysis.png,thumbnails/fs_0507.jpg,dlstupka/hth-baptisms-san-antonio-1788-1824--1858-1898,9f03a2632820a26b9724dac7a7a62e87776b1b04,dlstupka/hth,4b0d7c9a16b00eb463a94355f4a2aaf9e69af020,,,,,,,,,,not_reviewed,,
508,Baptisms-San-Antonio-Baptism-Records-1788-1824--1858-1898_p501-690.docx,9,rId12,word/media/image9.png,raw/fs_0508.png,PNG,2560,1440,RGB,2340328,5219da2c2087949e82d298355934bcc97787e06fec159fbafda110e458294c48,,analysis/fs_0508_analysis.png,thumbnails/fs_0508.jpg,dlstupka/hth-baptisms-san-antonio-1788-1824--1858-1898,9f03a2632820a26b9724dac7a7a62e87776b1b04,dlstupka/hth,4b0d7c9a16b00eb463a94355f4a2aaf9e69af020,,,,,,,,,,not_reviewed,,
509,Baptisms-San-Antonio-Baptism-Records-1788-1824--1858-1898_p501-690.docx,10,rId13,word/media/image10.png,raw/fs_0509.png,PNG,2560,1440,RGB,2118961,cc0a60ccb6c445a2f211864b98a2f94d30440dfbabf225d7f203080d3c572cc1,,analysis/fs_0509_analysis.png,thumbnails/fs_0509.jpg,dlstupka/hth-baptisms-san-antonio-1788-1824--1858-1898,9f03a2632820a26b9724dac7a7a62e87776b1b04,dlstupka/hth,4b0d7c9a16b00eb463a94355f4a2aaf9e69af020,,,,,,,,,,not_reviewed,,
510,Baptisms-San-Antonio-Baptism-Records-1788-1824--1858-1898_p501-690.docx,11,rId14,word/media/image11.png,raw/fs_0510.png,PNG,2560,1440,RGB,2083769,0e40bcf85a1081cc2f8338fd06e4ebab90d5d0dea5ebb6f852745b2a274802c1,,analysis/fs_0510_analysis.png,thumbnails/fs_0510.jpg,dlstupka/hth-baptisms-san-antonio-1788-1824--1858-1898,9f03a2632820a26b9724dac7a7a62e87776b1b04,dlstupka/hth,4b0d7c9a16b00eb463a94355f4a2aaf9e69af020,,,,,,,,,,not_reviewed,,
511,Baptisms-San-Antonio-Baptism-Records-1788-1824--1858-1898_p501-690.docx,12,rId15,word/media/image12.png,raw/fs_0511.png,PNG,2560,1440,RGB,2052733,6a1a4f4e2923a475ec61e6fb2a039a52470e58c651c0cf34ad85ae6569d1ceaa,,analysis/fs_0511_analysis.png,thumbnails/fs_0511.jpg,dlstupka/hth-baptisms-san-antonio-1788-1824--1858-1898,9f03a2632820a26b9724dac7a7a62e87776b1b04,dlstupka/hth,4b0d7c9a16b00eb463a94355f4a2aaf9e69af020,,,,,,,,,,not_reviewed,,
512,Baptisms-San-Antonio-Baptism-Records-1788-1824--1858-1898_p501-690.docx,13,rId16,word/media/image13.png,raw/fs_0512.png,PNG,2560,1440,RGB,2088837,213fa19eb3da716a5ed7b8076ec9193af1af6bbc3d50cf78f809096685b0c075,,analysis/fs_0512_analysis.png,thumbnails/fs_0512.jpg,dlstupka/hth-baptisms-san-antonio-1788-1824--1858-1898,9f03a2632820a26b9724dac7a7a62e87776b1b04,dlstupka/hth,4b0d7c9a16b00eb463a94355f4a2aaf9e69af020,,,,,,,,,,not_reviewed,,
513,Baptisms-San-Antonio-Baptism-Records-1788-1824--1858-1898_p501-690.docx,14,rId17,word/media/image14.png,raw/fs_0513.png,PNG,2560,1440,RGB,2138014,7df19b67541c725fd2212b64b51f13e1ec93b412705e7624bf65122cd4b6acae,,analysis/fs_0513_analysis.png,thumbnails/fs_0513.jpg,dlstupka/hth-baptisms-san-antonio-1788-1824--1858-1898,9f03a2632820a26b9724dac7a7a62e87776b1b04,dlstupka/hth,4b0d7c9a16b00eb463a94355f4a2aaf9e69af020,,,,,,,,,,not_reviewed,,
514,Baptisms-San-Antonio-Baptism-Records-1788-1824--1858-1898_p501-690.docx,15,rId18,word/media/image15.png,raw/fs_0514.png,PNG,2560,1440,RGB,2108788,9b3d27684ddb3dc9b60f1fe76f6ab42f46ca3732ef5a75738451434356b3dd72,,analysis/fs_0514_analysis.png,thumbnails/fs_0514.jpg,dlstupka/hth-baptisms-san-antonio-1788-1824--1858-1898,9f03a2632820a26b9724dac7a7a62e87776b1b04,dlstupka/hth,4b0d7c9a16b00eb463a94355f4a2aaf9e69af020,,,,,,,,,,not_reviewed,,
515,Baptisms-San-Antonio-Baptism-Records-1788-1824--1858-1898_p501-690.docx,16,rId19,word/media/image16.png,raw/fs_0515.png,PNG,2560,1440,RGB,2028631,e547b7ba9c2d96ee7176a46b9da1660bc99744bfd3b890b464d50bbe842f2ef3,,analysis/fs_0515_analysis.png,thumbnails/fs_0515.jpg,dlstupka/hth-baptisms-san-antonio-1788-1824--1858-1898,9f03a2632820a26b9724dac7a7a62e87776b1b04,dlstupka/hth,4b0d7c9a16b00eb463a94355f4a2aaf9e69af020,,,,,,,,,,not_reviewed,,
516,Baptisms-San-Antonio-Baptism-Records-1788-1824--1858-1898_p501-690.docx,17,rId20,word/media/image17.png,raw/fs_0516.png,PNG,2560,1440,RGB,2099643,c574681575e00566b8c2050214e58f4c03b5164b8c0254cee77da460001d45d5,,analysis/fs_0516_analysis.png,thumbnails/fs_0516.jpg,dlstupka/hth-baptisms-san-antonio-1788-1824--1858-1898,9f03a2632820a26b9724dac7a7a62e87776b1b04,dlstupka/hth,4b0d7c9a16b00eb463a94355f4a2aaf9e69af020,,,,,,,,,,not_reviewed,,
517,Baptisms-San-Antonio-Baptism-Records-1788-1824--1858-1898_p501-690.docx,18,rId21,word/media/image18.png,raw/fs_0517.png,PNG,2560,1440,RGB,2079077,d071a837189acf1e631557cc53ee95098237ff05e22592fcfbfcf0fcec8fee02,,analysis/fs_0517_analysis.png,thumbnails/fs_0517.jpg,dlstupka/hth-baptisms-san-antonio-1788-1824--1858-1898,9f03a2632820a26b9724dac7a7a62e87776b1b04,dlstupka/hth,4b0d7c9a16b00eb463a94355f4a2aaf9e69af020,,,,,,,,,,not_reviewed,,
518,Baptisms-San-Antonio-Baptism-Records-1788-1824--1858-1898_p501-690.docx,19,rId22,word/media/image19.png,raw/fs_0518.png,PNG,2560,1440,RGB,2212662,ea5827a2f2a049ac54256919e3f6f6ae4583785c3d38d776407321eb831ac5e3,,analysis/fs_0518_analysis.png,thumbnails/fs_0518.jpg,dlstupka/hth-baptisms-san-antonio-1788-1824--1858-1898,9f03a2632820a26b9724dac7a7a62e87776b1b04,dlstupka/hth,4b0d7c9a16b00eb463a94355f4a2aaf9e69af020,,,,,,,,,,not_reviewed,,
519,Baptisms-San-Antonio-Baptism-Records-1788-1824--1858-1898_p501-690.docx,20,rId23,word/media/image20.png,raw/fs_0519.png,PNG,2560,1440,RGB,2192052,cb102ef6452a70759bf0179e1a27c3a5b9c88405839a3ee956a65b011c1cbec0,,analysis/fs_0519_analysis.png,thumbnails/fs_0519.jpg,dlstupka/hth-baptisms-san-antonio-1788-1824--1858-1898,9f03a2632820a26b9724dac7a7a62e87776b1b04,dlstupka/hth,4b0d7c9a16b00eb463a94355f4a2aaf9e69af020,,,,,,,,,,not_reviewed,,
520,Baptisms-San-Antonio-Baptism-Records-1788-1824--1858-1898_p501-690.docx,21,rId24,word/media/image21.png,raw/fs_0520.png,PNG,2560,1440,RGB,2180255,f0622fbac651245a9c47680e7f903c02ad8afd0cd6e1bb61d7b2924cf44bec9d,,analysis/fs_0520_analysis.png,thumbnails/fs_0520.jpg,dlstupka/hth-baptisms-san-antonio-1788-1824--1858-1898,9f03a2632820a26b9724dac7a7a62e87776b1b04,dlstupka/hth,4b0d7c9a16b00eb463a94355f4a2aaf9e69af020,,,,,,,,,,not_reviewed,,
521,Baptisms-San-Antonio-Baptism-Records-1788-1824--1858-1898_p501-690.docx,22,rId25,word/media/image22.png,raw/fs_0521.png,PNG,2560,1440,RGB,2192571,b53d935dfe2bcf9e84448f40b8f878bfcaf8018a5050346731d3f52f9f90b67f,,analysis/fs_0521_analysis.png,thumbnails/fs_0521.jpg,dlstupka/hth-baptisms-san-antonio-1788-1824--1858-1898,9f03a2632820a26b9724dac7a7a62e87776b1b04,dlstupka/hth,4b0d7c9a16b00eb463a94355f4a2aaf9e69af020,,,,,,,,,,not_reviewed,,
522,Baptisms-San-Antonio-Baptism-Records-1788-1824--1858-1898_p501-690.docx,23,rId26,word/media/image23.png,raw/fs_0522.png,PNG,2560,1440,RGB,2171288,e799397091528c0f861d07e52b0d4eb06c1b960442be547a614f8dbcc841b205,,analysis/fs_0522_analysis.png,thumbnails/fs_0522.jpg,dlstupka/hth-baptisms-san-antonio-1788-1824--1858-1898,9f03a2632820a26b9724dac7a7a62e87776b1b04,dlstupka/hth,4b0d7c9a16b00eb463a94355f4a2aaf9e69af020,,,,,,,,,,not_reviewed,,
523,Baptisms-San-Antonio-Baptism-Records-1788-1824--1858-1898_p501-690.docx,24,rId27,word/media/image24.png,raw/fs_0523.png,PNG,2560,1440,RGB,2121358,32f4bb4c3fa5521e6c8d1ebc229ae5f943330cc8a8573719444e61125d36a78f,,analysis/fs_0523_analysis.png,thumbnails/fs_0523.jpg,dlstupka/hth-baptisms-san-antonio-1788-1824--1858-1898,9f03a2632820a26b9724dac7a7a62e87776b1b04,dlstupka/hth,4b0d7c9a16b00eb463a94355f4a2aaf9e69af020,,,,,,,,,,not_reviewed,,
524,Baptisms-San-Antonio-Baptism-Records-1788-1824--1858-1898_p501-690.docx,25,rId28,word/media/image25.png,raw/fs_0524.png,PNG,2560,1440,RGB,2201097,df407e69a874f059ff5d5a51df67f8a071ecff6246eacb68848f69d494532a5a,,analysis/fs_0524_analysis.png,thumbnails/fs_0524.jpg,dlstupka/hth-baptisms-san-antonio-1788-1824--1858-1898,9f03a2632820a26b9724dac7a7a62e87776b1b04,dlstupka/hth,4b0d7c9a16b00eb463a94355f4a2aaf9e69af020,,,,,,,,,,not_reviewed,,
525,Baptisms-San-Antonio-Baptism-Records-1788-1824--1858-1898_p501-690.docx,26,rId29,word/media/image26.png,raw/fs_0525.png,PNG,2560,1440,RGB,2131833,fc5706205b960911b8017b0975694e523417b5d64246097c8be36f31e2812f6e,,analysis/fs_0525_analysis.png,thumbnails/fs_0525.jpg,dlstupka/hth-baptisms-san-antonio-1788-1824--1858-1898,9f03a2632820a26b9724dac7a7a62e87776b1b04,dlstupka/hth,4b0d7c9a16b00eb463a94355f4a2aaf9e69af020,,,,,,,,,,not_reviewed,,
526,Baptisms-San-Antonio-Baptism-Records-1788-1824--1858-1898_p501-690.docx,27,rId30,word/media/image27.png,raw/fs_0526.png,PNG,2560,1440,RGB,2170105,f62e3535dc6ffb76b479cd960a00d375fea69d51104cc5e3b6e251d493a9128c,,analysis/fs_0526_analysis.png,thumbnails/fs_0526.jpg,dlstupka/hth-baptisms-san-antonio-1788-1824--1858-1898,9f03a2632820a26b9724dac7a7a62e87776b1b04,dlstupka/hth,4b0d7c9a16b00eb463a94355f4a2aaf9e69af020,,,,,,,,,,not_reviewed,,
527,Baptisms-San-Antonio-Baptism-Records-1788-1824--1858-1898_p501-690.docx,28,rId31,word/media/image28.png,raw/fs_0527.png,PNG,2560,1440,RGB,2188924,192f240767cf37a9a95989f6c7fdcb7b241dccf757643e1b0baadac78fd069c2,,analysis/fs_0527_analysis.png,thumbnails/fs_0527.jpg,dlstupka/hth-baptisms-san-antonio-1788-1824--1858-1898,9f03a2632820a26b9724dac7a7a62e87776b1b04,dlstupka/hth,4b0d7c9a16b00eb463a94355f4a2aaf9e69af020,,,,,,,,,,not_reviewed,,
528,Baptisms-San-Antonio-Baptism-Records-1788-1824--1858-1898_p501-690.docx,29,rId32,word/media/image29.png,raw/fs_0528.png,PNG,2560,1440,RGB,2177904,77c526bc6614f63bf77428e224e013759978dfbc57b4b5c9c533982134b61dd4,,analysis/fs_0528_analysis.png,thumbnails/fs_0528.jpg,dlstupka/hth-baptisms-san-antonio-1788-1824--1858-1898,9f03a2632820a26b9724dac7a7a62e87776b1b04,dlstupka/hth,4b0d7c9a16b00eb463a94355f4a2aaf9e69af020,,,,,,,,,,not_reviewed,,
529,Baptisms-San-Antonio-Baptism-Records-1788-1824--1858-1898_p501-690.docx,30,rId33,word/media/image30.png,raw/fs_0529.png,PNG,2560,1440,RGB,2155740,595b2690324a9836356c0211d1904b6c9855e5040585ce9ad60d468b8fffde81,,analysis/fs_0529_analysis.png,thumbnails/fs_0529.jpg,dlstupka/hth-baptisms-san-antonio-1788-1824--1858-1898,9f03a2632820a26b9724dac7a7a62e87776b1b04,dlstupka/hth,4b0d7c9a16b00eb463a94355f4a2aaf9e69af020,,,,,,,,,,not_reviewed,,
530,Baptisms-San-Antonio-Baptism-Records-1788-1824--1858-1898_p501-690.docx,31,rId34,word/media/image31.png,raw/fs_0530.png,PNG,2560,1440,RGB,2104893,5b4fb6f9274804beb33213504f7521df95360de34d7da6954a00a45afc8ec17a,,analysis/fs_0530_analysis.png,thumbnails/fs_0530.jpg,dlstupka/hth-baptisms-san-antonio-1788-1824--1858-1898,9f03a2632820a26b9724dac7a7a62e87776b1b04,dlstupka/hth,4b0d7c9a16b00eb463a94355f4a2aaf9e69af020,,,,,,,,,,not_reviewed,,
531,Baptisms-San-Antonio-Baptism-Records-1788-1824--1858-1898_p501-690.docx,32,rId35,word/media/image32.png,raw/fs_0531.png,PNG,2560,1440,RGB,2192380,8477e0a9425a0be4787b6767a32ea9c5c6408a8e234f89b5eee72d5425071d06,,analysis/fs_0531_analysis.png,thumbnails/fs_0531.jpg,dlstupka/hth-baptisms-san-antonio-1788-1824--1858-1898,9f03a2632820a26b9724dac7a7a62e87776b1b04,dlstupka/hth,4b0d7c9a16b00eb463a94355f4a2aaf9e69af020,,,,,,,,,,not_reviewed,,
532,Baptisms-San-Antonio-Baptism-Records-1788-1824--1858-1898_p501-690.docx,33,rId36,word/media/image33.png,raw/fs_0532.png,PNG,2560,1440,RGB,2054986,2ecb3f70169c57e9d1215b4f5103e561a12c0c68c68086a859e8ea8494bb6ee3,,analysis/fs_0532_analysis.png,thumbnails/fs_0532.jpg,dlstupka/hth-baptisms-san-antonio-1788-1824--1858-1898,9f03a2632820a26b9724dac7a7a62e87776b1b04,dlstupka/hth,4b0d7c9a16b00eb463a94355f4a2aaf9e69af020,,,,,,,,,,not_reviewed,,
533,Baptisms-San-Antonio-Baptism-Records-1788-1824--1858-1898_p501-690.docx,34,rId37,word/media/image34.png,raw/fs_0533.png,PNG,2560,1440,RGB,2174942,8c78aa30c8f51028340741d15b505827cf615a71993621f5b8b222f4fe4c37c8,,analysis/fs_0533_analysis.png,thumbnails/fs_0533.jpg,dlstupka/hth-baptisms-san-antonio-1788-1824--1858-1898,9f03a2632820a26b9724dac7a7a62e87776b1b04,dlstupka/hth,4b0d7c9a16b00eb463a94355f4a2aaf9e69af020,,,,,,,,,,not_reviewed,,
534,Baptisms-San-Antonio-Baptism-Records-1788-1824--1858-1898_p501-690.docx,35,rId38,word/media/image35.png,raw/fs_0534.png,PNG,2560,1440,RGB,2120917,3cc03160ba558b9d59e390b81c7bdf3ac4fef5743e1c4ea1d8de2271fd023338,,analysis/fs_0534_analysis.png,thumbnails/fs_0534.jpg,dlstupka/hth-baptisms-san-antonio-1788-1824--1858-1898,9f03a2632820a26b9724dac7a7a62e87776b1b04,dlstupka/hth,4b0d7c9a16b00eb463a94355f4a2aaf9e69af020,,,,,,,,,,not_reviewed,,
535,Baptisms-San-Antonio-Baptism-Records-1788-1824--1858-1898_p501-690.docx,36,rId39,word/media/image36.png,raw/fs_0535.png,PNG,2560,1440,RGB,2171733,037dc27fc1b78441137a47135427c60c8cb4e8534de37fd3e8966e95f3672753,,analysis/fs_0535_analysis.png,thumbnails/fs_0535.jpg,dlstupka/hth-baptisms-san-antonio-1788-1824--1858-1898,9f03a2632820a26b9724dac7a7a62e87776b1b04,dlstupka/hth,4b0d7c9a16b00eb463a94355f4a2aaf9e69af020,,,,,,,,,,not_reviewed,,
536,Baptisms-San-Antonio-Baptism-Records-1788-1824--1858-1898_p501-690.docx,37,rId40,word/media/image37.png,raw/fs_0536.png,PNG,2560,1440,RGB,2077911,b87df067530fc3442e50b66401318768f6aa8dfbf1d369a4f1e70bd688bd767d,,analysis/fs_0536_analysis.png,thumbnails/fs_0536.jpg,dlstupka/hth-baptisms-san-antonio-1788-1824--1858-1898,9f03a2632820a26b9724dac7a7a62e87776b1b04,dlstupka/hth,4b0d7c9a16b00eb463a94355f4a2aaf9e69af020,,,,,,,,,,not_reviewed,,
537,Baptisms-San-Antonio-Baptism-Records-1788-1824--1858-1898_p501-690.docx,38,rId41,word/media/image38.png,raw/fs_0537.png,PNG,2560,1440,RGB,2064967,bfd55303526114992e2fbff1faf661811878e5805a1c29f64e1172ad0b1e237a,,analysis/fs_0537_analysis.png,thumbnails/fs_0537.jpg,dlstupka/hth-baptisms-san-antonio-1788-1824--1858-1898,9f03a2632820a26b9724dac7a7a62e87776b1b04,dlstupka/hth,4b0d7c9a16b00eb463a94355f4a2aaf9e69af020,,,,,,,,,,not_reviewed,,
538,Baptisms-San-Antonio-Baptism-Records-1788-1824--1858-1898_p501-690.docx,39,rId42,word/media/image39.png,raw/fs_0538.png,PNG,2560,1440,RGB,2043170,5d26c9a1e09b970032a4f1094d173cc4b95407efbd220e83f12f7b2077f079e2,,analysis/fs_0538_analysis.png,thumbnails/fs_0538.jpg,dlstupka/hth-baptisms-san-antonio-1788-1824--1858-1898,9f03a2632820a26b9724dac7a7a62e87776b1b04,dlstupka/hth,4b0d7c9a16b00eb463a94355f4a2aaf9e69af020,,,,,,,,,,not_reviewed,,
539,Baptisms-San-Antonio-Baptism-Records-1788-1824--1858-1898_p501-690.docx,40,rId43,word/media/image40.png,raw/fs_0539.png,PNG,2560,1440,RGB,2057450,bd0b82ec6e4c9e7a7b890aac134551e9de55888aac4c854730677dc596c366c1,,analysis/fs_0539_analysis.png,thumbnails/fs_0539.jpg,dlstupka/hth-baptisms-san-antonio-1788-1824--1858-1898,9f03a2632820a26b9724dac7a7a62e87776b1b04,dlstupka/hth,4b0d7c9a16b00eb463a94355f4a2aaf9e69af020,,,,,,,,,,not_reviewed,,
540,Baptisms-San-Antonio-Baptism-Records-1788-1824--1858-1898_p501-690.docx,41,rId44,word/media/image41.png,raw/fs_0540.png,PNG,2560,1440,RGB,2102852,75c7ff29b3063ae21a0fc9a5b8258b7674d94eccacbcf5bc895072893a4e2f15,,analysis/fs_0540_analysis.png,thumbnails/fs_0540.jpg,dlstupka/hth-baptisms-san-antonio-1788-1824--1858-1898,9f03a2632820a26b9724dac7a7a62e87776b1b04,dlstupka/hth,4b0d7c9a16b00eb463a94355f4a2aaf9e69af020,,,,,,,,,,not_reviewed,,
541,Baptisms-San-Antonio-Baptism-Records-1788-1824--1858-1898_p501-690.docx,42,rId45,word/media/image42.png,raw/fs_0541.png,PNG,2560,1440,RGB,2116941,cdf512a5f0e83956b4074ebebb2b9a7ca55c138e9d2afcc323a68f5050c25a91,,analysis/fs_0541_analysis.png,thumbnails/fs_0541.jpg,dlstupka/hth-baptisms-san-antonio-1788-1824--1858-1898,9f03a2632820a26b9724dac7a7a62e87776b1b04,dlstupka/hth,4b0d7c9a16b00eb463a94355f4a2aaf9e69af020,,,,,,,,,,not_reviewed,,
542,Baptisms-San-Antonio-Baptism-Records-1788-1824--1858-1898_p501-690.docx,43,rId46,word/media/image43.png,raw/fs_0542.png,PNG,2560,1440,RGB,2034791,fc76a2287431f5c8effc12b08b3f22809b9b26b394f364edd07068a7a4e4603f,,analysis/fs_0542_analysis.png,thumbnails/fs_0542.jpg,dlstupka/hth-baptisms-san-antonio-1788-1824--1858-1898,9f03a2632820a26b9724dac7a7a62e87776b1b04,dlstupka/hth,4b0d7c9a16b00eb463a94355f4a2aaf9e69af020,,,,,,,,,,not_reviewed,,
543,Baptisms-San-Antonio-Baptism-Records-1788-1824--1858-1898_p501-690.docx,44,rId47,word/media/image44.png,raw/fs_0543.png,PNG,2560,1440,RGB,2075354,3b5195089b197b1057563d29163be646aa8ee2d645ca5e45a49744e2fefb2fdc,,analysis/fs_0543_analysis.png,thumbnails/fs_0543.jpg,dlstupka/hth-baptisms-san-antonio-1788-1824--1858-1898,9f03a2632820a26b9724dac7a7a62e87776b1b04,dlstupka/hth,4b0d7c9a16b00eb463a94355f4a2aaf9e69af020,,,,,,,,,,not_reviewed,,
544,Baptisms-San-Antonio-Baptism-Records-1788-1824--1858-1898_p501-690.docx,45,rId48,word/media/image45.png,raw/fs_0544.png,PNG,2560,1440,RGB,2123196,9bc89e9c2528aeeee12509133588e92d939bdb532b2229a0c243ba88026014c3,,analysis/fs_0544_analysis.png,thumbnails/fs_0544.jpg,dlstupka/hth-baptisms-san-antonio-1788-1824--1858-1898,9f03a2632820a26b9724dac7a7a62e87776b1b04,dlstupka/hth,4b0d7c9a16b00eb463a94355f4a2aaf9e69af020,,,,,,,,,,not_reviewed,,
545,Baptisms-San-Antonio-Baptism-Records-1788-1824--1858-1898_p501-690.docx,46,rId49,word/media/image46.png,raw/fs_0545.png,PNG,2560,1440,RGB,2084092,ea21b3c4e7118afb709299bf87c01f26f675e2f421efd178fa089633cb26f5ca,,analysis/fs_0545_analysis.png,thumbnails/fs_0545.jpg,dlstupka/hth-baptisms-san-antonio-1788-1824--1858-1898,9f03a2632820a26b9724dac7a7a62e87776b1b04,dlstupka/hth,4b0d7c9a16b00eb463a94355f4a2aaf9e69af020,,,,,,,,,,not_reviewed,,
546,Baptisms-San-Antonio-Baptism-Records-1788-1824--1858-1898_p501-690.docx,47,rId50,word/media/image47.png,raw/fs_0546.png,PNG,2560,1440,RGB,2024409,f30c8996bbc3e0c1e1b0e5a6adcbe5ae2eef22541fe6c864c44302609fec7e98,,analysis/fs_0546_analysis.png,thumbnails/fs_0546.jpg,dlstupka/hth-baptisms-san-antonio-1788-1824--1858-1898,9f03a2632820a26b9724dac7a7a62e87776b1b04,dlstupka/hth,4b0d7c9a16b00eb463a94355f4a2aaf9e69af020,,,,,,,,,,not_reviewed,,
547,Baptisms-San-Antonio-Baptism-Records-1788-1824--1858-1898_p501-690.docx,48,rId51,word/media/image48.png,raw/fs_0547.png,PNG,2560,1440,RGB,2048973,cf145a83ca355b20ec222fa87a274bf86f1b31b882d326e6007a72d5fcfe9b6b,,analysis/fs_0547_analysis.png,thumbnails/fs_0547.jpg,dlstupka/hth-baptisms-san-antonio-1788-1824--1858-1898,9f03a2632820a26b9724dac7a7a62e87776b1b04,dlstupka/hth,4b0d7c9a16b00eb463a94355f4a2aaf9e69af020,,,,,,,,,,not_reviewed,,
548,Baptisms-San-Antonio-Baptism-Records-1788-1824--1858-1898_p501-690.docx,49,rId52,word/media/image49.png,raw/fs_0548.png,PNG,2560,1440,RGB,2137673,d5082ff7b9e09a06118f5972bd38c9242b9c9f737419ecbdc1677f8c1d1730d8,,analysis/fs_0548_analysis.png,thumbnails/fs_0548.jpg,dlstupka/hth-baptisms-san-antonio-1788-1824--1858-1898,9f03a2632820a26b9724dac7a7a62e87776b1b04,dlstupka/hth,4b0d7c9a16b00eb463a94355f4a2aaf9e69af020,,,,,,,,,,not_reviewed,,
549,Baptisms-San-Antonio-Baptism-Records-1788-1824--1858-1898_p501-690.docx,50,rId53,word/media/image50.png,raw/fs_0549.png,PNG,2560,1440,RGB,2095259,4df57f0ad001ba058404a15a23eede9630ca43a2438238c52761de45fadc84ea,,analysis/fs_0549_analysis.png,thumbnails/fs_0549.jpg,dlstupka/hth-baptisms-san-antonio-1788-1824--1858-1898,9f03a2632820a26b9724dac7a7a62e87776b1b04,dlstupka/hth,4b0d7c9a16b00eb463a94355f4a2aaf9e69af020,,,,,,,,,,not_reviewed,,
550,Baptisms-San-Antonio-Baptism-Records-1788-1824--1858-1898_p501-690.docx,51,rId54,word/media/image51.png,raw/fs_0550.png,PNG,2560,1440,RGB,2123674,18e87c4f0dcbe283cedbbf8d0f488050172b880ee6b49d9f7c5a2e230b7bc7a6,,analysis/fs_0550_analysis.png,thumbnails/fs_0550.jpg,dlstupka/hth-baptisms-san-antonio-1788-1824--1858-1898,9f03a2632820a26b9724dac7a7a62e87776b1b04,dlstupka/hth,4b0d7c9a16b00eb463a94355f4a2aaf9e69af020,,,,,,,,,,not_reviewed,,
551,Baptisms-San-Antonio-Baptism-Records-1788-1824--1858-1898_p501-690.docx,52,rId55,word/media/image52.png,raw/fs_0551.png,PNG,2560,1440,RGB,2134729,d318c0c86cbbfe15d260d5e55fb7cbb1ebfe346e6d2b890f4cec3e936bf31992,,analysis/fs_0551_analysis.png,thumbnails/fs_0551.jpg,dlstupka/hth-baptisms-san-antonio-1788-1824--1858-1898,9f03a2632820a26b9724dac7a7a62e87776b1b04,dlstupka/hth,4b0d7c9a16b00eb463a94355f4a2aaf9e69af020,,,,,,,,,,not_reviewed,,
552,Baptisms-San-Antonio-Baptism-Records-1788-1824--1858-1898_p501-690.docx,53,rId56,word/media/image53.png,raw/fs_0552.png,PNG,2560,1440,RGB,2127293,4d387f18989b65c5974f95ba7b76ba1922d5814075c0c361fff6af5ac9d031a6,,analysis/fs_0552_analysis.png,thumbnails/fs_0552.jpg,dlstupka/hth-baptisms-san-antonio-1788-1824--1858-1898,9f03a2632820a26b9724dac7a7a62e87776b1b04,dlstupka/hth,4b0d7c9a16b00eb463a94355f4a2aaf9e69af020,,,,,,,,,,not_reviewed,,
553,Baptisms-San-Antonio-Baptism-Records-1788-1824--1858-1898_p501-690.docx,54,rId57,word/media/image54.png,raw/fs_0553.png,PNG,2560,1440,RGB,2041042,08c44a49dd2492ffd3cf9cf9910e6bc37d143be605ae8e41fdb460335edbbcb5,,analysis/fs_0553_analysis.png,thumbnails/fs_0553.jpg,dlstupka/hth-baptisms-san-antonio-1788-1824--1858-1898,9f03a2632820a26b9724dac7a7a62e87776b1b04,dlstupka/hth,4b0d7c9a16b00eb463a94355f4a2aaf9e69af020,,,,,,,,,,not_reviewed,,
554,Baptisms-San-Antonio-Baptism-Records-1788-1824--1858-1898_p501-690.docx,55,rId58,word/media/image55.png,raw/fs_0554.png,PNG,2560,1440,RGB,2039676,b04a899a42f86d23d24de4f37c9030124cbbe4d7e934e079c3b5e6d79bd17c99,,analysis/fs_0554_analysis.png,thumbnails/fs_0554.jpg,dlstupka/hth-baptisms-san-antonio-1788-1824--1858-1898,9f03a2632820a26b9724dac7a7a62e87776b1b04,dlstupka/hth,4b0d7c9a16b00eb463a94355f4a2aaf9e69af020,,,,,,,,,,not_reviewed,,
555,Baptisms-San-Antonio-Baptism-Records-1788-1824--1858-1898_p501-690.docx,56,rId59,word/media/image56.png,raw/fs_0555.png,PNG,2560,1440,RGB,2012679,f533bb72db6c8c00725045629374d1af1bf640f1fa92c2093154fcf6d702ddf2,,analysis/fs_0555_analysis.png,thumbnails/fs_0555.jpg,dlstupka/hth-baptisms-san-antonio-1788-1824--1858-1898,9f03a2632820a26b9724dac7a7a62e87776b1b04,dlstupka/hth,4b0d7c9a16b00eb463a94355f4a2aaf9e69af020,,,,,,,,,,not_reviewed,,
556,Baptisms-San-Antonio-Baptism-Records-1788-1824--1858-1898_p501-690.docx,57,rId60,word/media/image57.png,raw/fs_0556.png,PNG,2560,1440,RGB,1993893,35579b9675f8132235dcecb0cef8bf313923a2115fcd653e6ea2412c144f4a13,,analysis/fs_0556_analysis.png,thumbnails/fs_0556.jpg,dlstupka/hth-baptisms-san-antonio-1788-1824--1858-1898,9f03a2632820a26b9724dac7a7a62e87776b1b04,dlstupka/hth,4b0d7c9a16b00eb463a94355f4a2aaf9e69af020,,,,,,,,,,not_reviewed,,
557,Baptisms-San-Antonio-Baptism-Records-1788-1824--1858-1898_p501-690.docx,58,rId61,word/media/image58.png,raw/fs_0557.png,PNG,2560,1440,RGB,1982077,aed9b368d041fa0de06b0e8e60e8e83951e6fe5ec8fad9b602bf08f512928103,,analysis/fs_0557_analysis.png,thumbnails/fs_0557.jpg,dlstupka/hth-baptisms-san-antonio-1788-1824--1858-1898,9f03a2632820a26b9724dac7a7a62e87776b1b04,dlstupka/hth,4b0d7c9a16b00eb463a94355f4a2aaf9e69af020,,,,,,,,,,not_reviewed,,
558,Baptisms-San-Antonio-Baptism-Records-1788-1824--1858-1898_p501-690.docx,59,rId62,word/media/image59.png,raw/fs_0558.png,PNG,2560,1440,RGB,1986362,1f3a4484c4f1389d17666e556f6e0a9d881f61741a7e11285db45f4164a82d57,,analysis/fs_0558_analysis.png,thumbnails/fs_0558.jpg,dlstupka/hth-baptisms-san-antonio-1788-1824--1858-1898,9f03a2632820a26b9724dac7a7a62e87776b1b04,dlstupka/hth,4b0d7c9a16b00eb463a94355f4a2aaf9e69af020,,,,,,,,,,not_reviewed,,
559,Baptisms-San-Antonio-Baptism-Records-1788-1824--1858-1898_p501-690.docx,60,rId63,word/media/image60.png,raw/fs_0559.png,PNG,2560,1440,RGB,1974079,eebddd53791b71304660d50d6dbc4f69e206bace957e40bb1d9df278682c7278,,analysis/fs_0559_analysis.png,thumbnails/fs_0559.jpg,dlstupka/hth-baptisms-san-antonio-1788-1824--1858-1898,9f03a2632820a26b9724dac7a7a62e87776b1b04,dlstupka/hth,4b0d7c9a16b00eb463a94355f4a2aaf9e69af020,,,,,,,,,,not_reviewed,,
560,Baptisms-San-Antonio-Baptism-Records-1788-1824--1858-1898_p501-690.docx,61,rId64,word/media/image61.png,raw/fs_0560.png,PNG,2560,1440,RGB,2079239,df49ded6f41e663f7eadf545ac60c3f7e05284d39da75625c4497995cd7aa5c0,,analysis/fs_0560_analysis.png,thumbnails/fs_0560.jpg,dlstupka/hth-baptisms-san-antonio-1788-1824--1858-1898,9f03a2632820a26b9724dac7a7a62e87776b1b04,dlstupka/hth,4b0d7c9a16b00eb463a94355f4a2aaf9e69af020,,,,,,,,,,not_reviewed,,
561,Baptisms-San-Antonio-Baptism-Records-1788-1824--1858-1898_p501-690.docx,62,rId65,word/media/image62.png,raw/fs_0561.png,PNG,2560,1440,RGB,2024605,74d817172e752a85b2d605981097145019cf767629f87eca70c7920cd844a281,,analysis/fs_0561_analysis.png,thumbnails/fs_0561.jpg,dlstupka/hth-baptisms-san-antonio-1788-1824--1858-1898,9f03a2632820a26b9724dac7a7a62e87776b1b04,dlstupka/hth,4b0d7c9a16b00eb463a94355f4a2aaf9e69af020,,,,,,,,,,not_reviewed,,
562,Baptisms-San-Antonio-Baptism-Records-1788-1824--1858-1898_p501-690.docx,63,rId66,word/media/image63.png,raw/fs_0562.png,PNG,2560,1440,RGB,2002284,8315d592f804208615b483361907d27d6d817359ea613e15a5409e7868f4cd52,,analysis/fs_0562_analysis.png,thumbnails/fs_0562.jpg,dlstupka/hth-baptisms-san-antonio-1788-1824--1858-1898,9f03a2632820a26b9724dac7a7a62e87776b1b04,dlstupka/hth,4b0d7c9a16b00eb463a94355f4a2aaf9e69af020,,,,,,,,,,not_reviewed,,
563,Baptisms-San-Antonio-Baptism-Records-1788-1824--1858-1898_p501-690.docx,64,rId67,word/media/image64.png,raw/fs_0563.png,PNG,2560,1440,RGB,2045925,57efb3274dcf845692e30a63b27720d37f92011ac93eb5cbba84af0bef60e0e8,,analysis/fs_0563_analysis.png,thumbnails/fs_0563.jpg,dlstupka/hth-baptisms-san-antonio-1788-1824--1858-1898,9f03a2632820a26b9724dac7a7a62e87776b1b04,dlstupka/hth,4b0d7c9a16b00eb463a94355f4a2aaf9e69af020,,,,,,,,,,not_reviewed,,
564,Baptisms-San-Antonio-Baptism-Records-1788-1824--1858-1898_p501-690.docx,65,rId68,word/media/image65.png,raw/fs_0564.png,PNG,2560,1440,RGB,1989233,035839e3180430139932d65a4a602ac8963e8e19999e6caea1da118d578c487a,,analysis/fs_0564_analysis.png,thumbnails/fs_0564.jpg,dlstupka/hth-baptisms-san-antonio-1788-1824--1858-1898,9f03a2632820a26b9724dac7a7a62e87776b1b04,dlstupka/hth,4b0d7c9a16b00eb463a94355f4a2aaf9e69af020,,,,,,,,,,not_reviewed,,
565,Baptisms-San-Antonio-Baptism-Records-1788-1824--1858-1898_p501-690.docx,66,rId69,word/media/image66.png,raw/fs_0565.png,PNG,2560,1440,RGB,1967507,90f6e1e3305e487f8ced82f64e821d51e328e11cc474d07220ece9d4c217322e,,analysis/fs_0565_analysis.png,thumbnails/fs_0565.jpg,dlstupka/hth-baptisms-san-antonio-1788-1824--1858-1898,9f03a2632820a26b9724dac7a7a62e87776b1b04,dlstupka/hth,4b0d7c9a16b00eb463a94355f4a2aaf9e69af020,,,,,,,,,,not_reviewed,,
566,Baptisms-San-Antonio-Baptism-Records-1788-1824--1858-1898_p501-690.docx,67,rId70,word/media/image67.png,raw/fs_0566.png,PNG,2560,1440,RGB,2008826,4b1a765a0df345e380b9839a389688cede8450eeb940e3bf379a59435a3c0fa8,,analysis/fs_0566_analysis.png,thumbnails/fs_0566.jpg,dlstupka/hth-baptisms-san-antonio-1788-1824--1858-1898,9f03a2632820a26b9724dac7a7a62e87776b1b04,dlstupka/hth,4b0d7c9a16b00eb463a94355f4a2aaf9e69af020,,,,,,,,,,not_reviewed,,
567,Baptisms-San-Antonio-Baptism-Records-1788-1824--1858-1898_p501-690.docx,68,rId71,word/media/image68.png,raw/fs_0567.png,PNG,2560,1440,RGB,2015094,c330ef85cf3d8221ba5d9d95af456e5bfe3937f1f2ca6a7ee353f259723f26d8,,analysis/fs_0567_analysis.png,thumbnails/fs_0567.jpg,dlstupka/hth-baptisms-san-antonio-1788-1824--1858-1898,9f03a2632820a26b9724dac7a7a62e87776b1b04,dlstupka/hth,4b0d7c9a16b00eb463a94355f4a2aaf9e69af020,,,,,,,,,,not_reviewed,,
568,Baptisms-San-Antonio-Baptism-Records-1788-1824--1858-1898_p501-690.docx,69,rId72,word/media/image69.png,raw/fs_0568.png,PNG,2560,1440,RGB,2086517,03bd73af6a790b3b3e48798a7f6025c625d36732bc69cce11e81cf5b6aac3d7a,,analysis/fs_0568_analysis.png,thumbnails/fs_0568.jpg,dlstupka/hth-baptisms-san-antonio-1788-1824--1858-1898,9f03a2632820a26b9724dac7a7a62e87776b1b04,dlstupka/hth,4b0d7c9a16b00eb463a94355f4a2aaf9e69af020,,,,,,,,,,not_reviewed,,
569,Baptisms-San-Antonio-Baptism-Records-1788-1824--1858-1898_p501-690.docx,70,rId73,word/media/image70.png,raw/fs_0569.png,PNG,2560,1440,RGB,2034939,aa8f27aa7a6ae6268aaaaf18c3f39a06efef2611970803b58a8aa8c913241425,,analysis/fs_0569_analysis.png,thumbnails/fs_0569.jpg,dlstupka/hth-baptisms-san-antonio-1788-1824--1858-1898,9f03a2632820a26b9724dac7a7a62e87776b1b04,dlstupka/hth,4b0d7c9a16b00eb463a94355f4a2aaf9e69af020,,,,,,,,,,not_reviewed,,
570,Baptisms-San-Antonio-Baptism-Records-1788-1824--1858-1898_p501-690.docx,71,rId74,word/media/image71.png,raw/fs_0570.png,PNG,2560,1440,RGB,2037880,198d976a2366ea99d03f59034c936200f1d0f005495d2c7aefafa3df438f0ee7,,analysis/fs_0570_analysis.png,thumbnails/fs_0570.jpg,dlstupka/hth-baptisms-san-antonio-1788-1824--1858-1898,9f03a2632820a26b9724dac7a7a62e87776b1b04,dlstupka/hth,4b0d7c9a16b00eb463a94355f4a2aaf9e69af020,,,,,,,,,,not_reviewed,,
571,Baptisms-San-Antonio-Baptism-Records-1788-1824--1858-1898_p501-690.docx,72,rId75,word/media/image72.png,raw/fs_0571.png,PNG,2560,1440,RGB,2093042,59e4803ade8c98d6784764a9231c5cf5cecf1bd4a1e0aa622e2812d1acdbdda1,,analysis/fs_0571_analysis.png,thumbnails/fs_0571.jpg,dlstupka/hth-baptisms-san-antonio-1788-1824--1858-1898,9f03a2632820a26b9724dac7a7a62e87776b1b04,dlstupka/hth,4b0d7c9a16b00eb463a94355f4a2aaf9e69af020,,,,,,,,,,not_reviewed,,
572,Baptisms-San-Antonio-Baptism-Records-1788-1824--1858-1898_p501-690.docx,73,rId76,word/media/image73.png,raw/fs_0572.png,PNG,2560,1440,RGB,2129737,a19a75bf5c4497b57f26774012f653d3967db2ca4a0d44f86b0d144b543beae7,,analysis/fs_0572_analysis.png,thumbnails/fs_0572.jpg,dlstupka/hth-baptisms-san-antonio-1788-1824--1858-1898,9f03a2632820a26b9724dac7a7a62e87776b1b04,dlstupka/hth,4b0d7c9a16b00eb463a94355f4a2aaf9e69af020,,,,,,,,,,not_reviewed,,
573,Baptisms-San-Antonio-Baptism-Records-1788-1824--1858-1898_p501-690.docx,74,rId77,word/media/image74.png,raw/fs_0573.png,PNG,2560,1440,RGB,2106687,ce3c17ed6507f877c6f715d2ccaf34fbb13a840f413b5994f535baac1aba3193,,analysis/fs_0573_analysis.png,thumbnails/fs_0573.jpg,dlstupka/hth-baptisms-san-antonio-1788-1824--1858-1898,9f03a2632820a26b9724dac7a7a62e87776b1b04,dlstupka/hth,4b0d7c9a16b00eb463a94355f4a2aaf9e69af020,,,,,,,,,,not_reviewed,,
574,Baptisms-San-Antonio-Baptism-Records-1788-1824--1858-1898_p501-690.docx,75,rId78,word/media/image75.png,raw/fs_0574.png,PNG,2560,1440,RGB,2031771,4264254f68863c4ba4793245684b00439809902afb18c0c1bf7fad0a08084942,,analysis/fs_0574_analysis.png,thumbnails/fs_0574.jpg,dlstupka/hth-baptisms-san-antonio-1788-1824--1858-1898,9f03a2632820a26b9724dac7a7a62e87776b1b04,dlstupka/hth,4b0d7c9a16b00eb463a94355f4a2aaf9e69af020,,,,,,,,,,not_reviewed,,
575,Baptisms-San-Antonio-Baptism-Records-1788-1824--1858-1898_p501-690.docx,76,rId79,word/media/image76.png,raw/fs_0575.png,PNG,2560,1440,RGB,2005644,e9abfea163471b79f874bebbd1f2e7e84f648c25ceffb003bd6052b09678cb0a,,analysis/fs_0575_analysis.png,thumbnails/fs_0575.jpg,dlstupka/hth-baptisms-san-antonio-1788-1824--1858-1898,9f03a2632820a26b9724dac7a7a62e87776b1b04,dlstupka/hth,4b0d7c9a16b00eb463a94355f4a2aaf9e69af020,,,,,,,,,,not_reviewed,,
576,Baptisms-San-Antonio-Baptism-Records-1788-1824--1858-1898_p501-690.docx,77,rId80,word/media/image77.png,raw/fs_0576.png,PNG,2560,1440,RGB,2037496,ff417b4b223b2e870e0fbc9a021683f8640ca4482dc1743e3e3e07901a934fec,,analysis/fs_0576_analysis.png,thumbnails/fs_0576.jpg,dlstupka/hth-baptisms-san-antonio-1788-1824--1858-1898,9f03a2632820a26b9724dac7a7a62e87776b1b04,dlstupka/hth,4b0d7c9a16b00eb463a94355f4a2aaf9e69af020,,,,,,,,,,not_reviewed,,
577,Baptisms-San-Antonio-Baptism-Records-1788-1824--1858-1898_p501-690.docx,78,rId81,word/media/image78.png,raw/fs_0577.png,PNG,2560,1440,RGB,1997198,306f9fd6e8281b826da4bf79f45916d1aa2fd34f4e1168f10c7e4d5623f7d169,,analysis/fs_0577_analysis.png,thumbnails/fs_0577.jpg,dlstupka/hth-baptisms-san-antonio-1788-1824--1858-1898,9f03a2632820a26b9724dac7a7a62e87776b1b04,dlstupka/hth,4b0d7c9a16b00eb463a94355f4a2aaf9e69af020,,,,,,,,,,not_reviewed,,
578,Baptisms-San-Antonio-Baptism-Records-1788-1824--1858-1898_p501-690.docx,79,rId82,word/media/image79.png,raw/fs_0578.png,PNG,2560,1440,RGB,1992486,4ed273627512220b0ece74b29497a998651128a96cd813b17b6852e99ee5ad2d,,analysis/fs_0578_analysis.png,thumbnails/fs_0578.jpg,dlstupka/hth-baptisms-san-antonio-1788-1824--1858-1898,9f03a2632820a26b9724dac7a7a62e87776b1b04,dlstupka/hth,4b0d7c9a16b00eb463a94355f4a2aaf9e69af020,,,,,,,,,,not_reviewed,,
579,Baptisms-San-Antonio-Baptism-Records-1788-1824--1858-1898_p501-690.docx,80,rId83,word/media/image80.png,raw/fs_0579.png,PNG,2560,1440,RGB,2021041,85a73afa227b9101f1b4d36aa0fa2a87d9b82e34a491b47a231de3ed68a0ee4f,,analysis/fs_0579_analysis.png,thumbnails/fs_0579.jpg,dlstupka/hth-baptisms-san-antonio-1788-1824--1858-1898,9f03a2632820a26b9724dac7a7a62e87776b1b04,dlstupka/hth,4b0d7c9a16b00eb463a94355f4a2aaf9e69af020,,,,,,,,,,not_reviewed,,
580,Baptisms-San-Antonio-Baptism-Records-1788-1824--1858-1898_p501-690.docx,81,rId84,word/media/image81.png,raw/fs_0580.png,PNG,2560,1440,RGB,1965228,42f0f6b60a3906957598bdc830a48606ee1954b9ed83fb53ec99760ed8675836,,analysis/fs_0580_analysis.png,thumbnails/fs_0580.jpg,dlstupka/hth-baptisms-san-antonio-1788-1824--1858-1898,9f03a2632820a26b9724dac7a7a62e87776b1b04,dlstupka/hth,4b0d7c9a16b00eb463a94355f4a2aaf9e69af020,,,,,,,,,,not_reviewed,,
581,Baptisms-San-Antonio-Baptism-Records-1788-1824--1858-1898_p501-690.docx,82,rId85,word/media/image82.png,raw/fs_0581.png,PNG,2560,1440,RGB,1957845,c8d910090a9e9effe7c6ce93d980ca312e4b0fa6a9bee9e1248ab9e1e3824c9b,,analysis/fs_0581_analysis.png,thumbnails/fs_0581.jpg,dlstupka/hth-baptisms-san-antonio-1788-1824--1858-1898,9f03a2632820a26b9724dac7a7a62e87776b1b04,dlstupka/hth,4b0d7c9a16b00eb463a94355f4a2aaf9e69af020,,,,,,,,,,not_reviewed,,
582,Baptisms-San-Antonio-Baptism-Records-1788-1824--1858-1898_p501-690.docx,83,rId86,word/media/image83.png,raw/fs_0582.png,PNG,2560,1440,RGB,1866783,ddc4430d12db0e46f4411cb1cf0418afec699fbf8c04a5899fcc566fc2cee628,,analysis/fs_0582_analysis.png,thumbnails/fs_0582.jpg,dlstupka/hth-baptisms-san-antonio-1788-1824--1858-1898,9f03a2632820a26b9724dac7a7a62e87776b1b04,dlstupka/hth,4b0d7c9a16b00eb463a94355f4a2aaf9e69af020,,,,,,,,,,not_reviewed,,
583,Baptisms-San-Antonio-Baptism-Records-1788-1824--1858-1898_p501-690.docx,84,rId87,word/media/image84.png,raw/fs_0583.png,PNG,2560,1440,RGB,1818127,eef037c810e466810437a0d2747c2034d7d02d4cc25e642a11966be64b4aa0d2,,analysis/fs_0583_analysis.png,thumbnails/fs_0583.jpg,dlstupka/hth-baptisms-san-antonio-1788-1824--1858-1898,9f03a2632820a26b9724dac7a7a62e87776b1b04,dlstupka/hth,4b0d7c9a16b00eb463a94355f4a2aaf9e69af020,,,,,,,,,,not_reviewed,,
584,Baptisms-San-Antonio-Baptism-Records-1788-1824--1858-1898_p501-690.docx,85,rId88,word/media/image85.png,raw/fs_0584.png,PNG,2560,1440,RGB,1923300,8a115e9b2e6a458041cfad2298c89b1fec39bec10b62e10cc440520d67918786,,analysis/fs_0584_analysis.png,thumbnails/fs_0584.jpg,dlstupka/hth-baptisms-san-antonio-1788-1824--1858-1898,9f03a2632820a26b9724dac7a7a62e87776b1b04,dlstupka/hth,4b0d7c9a16b00eb463a94355f4a2aaf9e69af020,,,,,,,,,,not_reviewed,,
585,Baptisms-San-Antonio-Baptism-Records-1788-1824--1858-1898_p501-690.docx,86,rId89,word/media/image86.png,raw/fs_0585.png,PNG,2560,1440,RGB,2004659,5af72ff60139b4c1b3fbf93e396b35c947fa94e72a8b8a7ae2413aefab795d29,,analysis/fs_0585_analysis.png,thumbnails/fs_0585.jpg,dlstupka/hth-baptisms-san-antonio-1788-1824--1858-1898,9f03a2632820a26b9724dac7a7a62e87776b1b04,dlstupka/hth,4b0d7c9a16b00eb463a94355f4a2aaf9e69af020,,,,,,,,,,not_reviewed,,
586,Baptisms-San-Antonio-Baptism-Records-1788-1824--1858-1898_p501-690.docx,87,rId90,word/media/image87.png,raw/fs_0586.png,PNG,2560,1440,RGB,1975124,3a82aa65f4592e844fc6d722b8d9ae9e56071008432d319a874a19b1936ec7c7,,analysis/fs_0586_analysis.png,thumbnails/fs_0586.jpg,dlstupka/hth-baptisms-san-antonio-1788-1824--1858-1898,9f03a2632820a26b9724dac7a7a62e87776b1b04,dlstupka/hth,4b0d7c9a16b00eb463a94355f4a2aaf9e69af020,,,,,,,,,,not_reviewed,,
587,Baptisms-San-Antonio-Baptism-Records-1788-1824--1858-1898_p501-690.docx,88,rId91,word/media/image88.png,raw/fs_0587.png,PNG,2560,1440,RGB,1975621,9ec0a0e0c770c7ffbbf6ad1be6a92422419c8e776911db8292611fa56198bb56,,analysis/fs_0587_analysis.png,thumbnails/fs_0587.jpg,dlstupka/hth-baptisms-san-antonio-1788-1824--1858-1898,9f03a2632820a26b9724dac7a7a62e87776b1b04,dlstupka/hth,4b0d7c9a16b00eb463a94355f4a2aaf9e69af020,,,,,,,,,,not_reviewed,,
588,Baptisms-San-Antonio-Baptism-Records-1788-1824--1858-1898_p501-690.docx,89,rId92,word/media/image89.png,raw/fs_0588.png,PNG,2560,1440,RGB,2193331,090dfc57a5a9d7d61111c7397c636891471162db071a59d50871173b59eb494b,,analysis/fs_0588_analysis.png,thumbnails/fs_0588.jpg,dlstupka/hth-baptisms-san-antonio-1788-1824--1858-1898,9f03a2632820a26b9724dac7a7a62e87776b1b04,dlstupka/hth,4b0d7c9a16b00eb463a94355f4a2aaf9e69af020,,,,,,,,,,not_reviewed,,
589,Baptisms-San-Antonio-Baptism-Records-1788-1824--1858-1898_p501-690.docx,90,rId93,word/media/image90.png,raw/fs_0589.png,PNG,2560,1440,RGB,2026376,598a5de762cc844ae6894fe5c48d1685d8f5ea5221e4810ef5cae410f593a254,,analysis/fs_0589_analysis.png,thumbnails/fs_0589.jpg,dlstupka/hth-baptisms-san-antonio-1788-1824--1858-1898,9f03a2632820a26b9724dac7a7a62e87776b1b04,dlstupka/hth,4b0d7c9a16b00eb463a94355f4a2aaf9e69af020,,,,,,,,,,not_reviewed,,
590,Baptisms-San-Antonio-Baptism-Records-1788-1824--1858-1898_p501-690.docx,91,rId94,word/media/image91.png,raw/fs_0590.png,PNG,2560,1440,RGB,2043031,d4567acd5747264eb468cf9faf0b2a68fa72fd2a9eb215998de692cca2893fda,,analysis/fs_0590_analysis.png,thumbnails/fs_0590.jpg,dlstupka/hth-baptisms-san-antonio-1788-1824--1858-1898,9f03a2632820a26b9724dac7a7a62e87776b1b04,dlstupka/hth,4b0d7c9a16b00eb463a94355f4a2aaf9e69af020,,,,,,,,,,not_reviewed,,
591,Baptisms-San-Antonio-Baptism-Records-1788-1824--1858-1898_p501-690.docx,92,rId95,word/media/image92.png,raw/fs_0591.png,PNG,2560,1440,RGB,2037082,a0602964ae55f7a2666a274a6e730347d0913ece691b709488301532f6584850,,analysis/fs_0591_analysis.png,thumbnails/fs_0591.jpg,dlstupka/hth-baptisms-san-antonio-1788-1824--1858-1898,9f03a2632820a26b9724dac7a7a62e87776b1b04,dlstupka/hth,4b0d7c9a16b00eb463a94355f4a2aaf9e69af020,,,,,,,,,,not_reviewed,,
592,Baptisms-San-Antonio-Baptism-Records-1788-1824--1858-1898_p501-690.docx,93,rId96,word/media/image93.png,raw/fs_0592.png,PNG,2560,1440,RGB,2008856,22bdebe7b398f4e395839756bc9e0eb8e60f9227a20fe846844fa1b8d5d86ea3,,analysis/fs_0592_analysis.png,thumbnails/fs_0592.jpg,dlstupka/hth-baptisms-san-antonio-1788-1824--1858-1898,9f03a2632820a26b9724dac7a7a62e87776b1b04,dlstupka/hth,4b0d7c9a16b00eb463a94355f4a2aaf9e69af020,,,,,,,,,,not_reviewed,,
593,Baptisms-San-Antonio-Baptism-Records-1788-1824--1858-1898_p501-690.docx,94,rId97,word/media/image94.png,raw/fs_0593.png,PNG,2560,1440,RGB,2005640,f75232ece5a8ff23bbe64b58acf6d75ae77c1e36138f8bf4d0570155faf657f4,,analysis/fs_0593_analysis.png,thumbnails/fs_0593.jpg,dlstupka/hth-baptisms-san-antonio-1788-1824--1858-1898,9f03a2632820a26b9724dac7a7a62e87776b1b04,dlstupka/hth,4b0d7c9a16b00eb463a94355f4a2aaf9e69af020,,,,,,,,,,not_reviewed,,
594,Baptisms-San-Antonio-Baptism-Records-1788-1824--1858-1898_p501-690.docx,95,rId98,word/media/image95.png,raw/fs_0594.png,PNG,2560,1440,RGB,1914854,37209bb14144eedfce9a2479e76eb2412fb88090e544b5e22fe9a49dbda37ec7,,analysis/fs_0594_analysis.png,thumbnails/fs_0594.jpg,dlstupka/hth-baptisms-san-antonio-1788-1824--1858-1898,9f03a2632820a26b9724dac7a7a62e87776b1b04,dlstupka/hth,4b0d7c9a16b00eb463a94355f4a2aaf9e69af020,,,,,,,,,,not_reviewed,,
595,Baptisms-San-Antonio-Baptism-Records-1788-1824--1858-1898_p501-690.docx,96,rId99,word/media/image96.png,raw/fs_0595.png,PNG,2560,1440,RGB,1966390,3a2f9c0d9c9273a6b948bcb5f39ddd98ebeff32c22e7cc2e763ec8e0fd31fc91,,analysis/fs_0595_analysis.png,thumbnails/fs_0595.jpg,dlstupka/hth-baptisms-san-antonio-1788-1824--1858-1898,9f03a2632820a26b9724dac7a7a62e87776b1b04,dlstupka/hth,4b0d7c9a16b00eb463a94355f4a2aaf9e69af020,,,,,,,,,,not_reviewed,,
596,Baptisms-San-Antonio-Baptism-Records-1788-1824--1858-1898_p501-690.docx,97,rId100,word/media/image97.png,raw/fs_0596.png,PNG,2560,1440,RGB,2075355,f96e8513847a7227111848ab66d024191a67b7a8e84a1faa3e8fd9865adba3ef,,analysis/fs_0596_analysis.png,thumbnails/fs_0596.jpg,dlstupka/hth-baptisms-san-antonio-1788-1824--1858-1898,9f03a2632820a26b9724dac7a7a62e87776b1b04,dlstupka/hth,4b0d7c9a16b00eb463a94355f4a2aaf9e69af020,,,,,,,,,,not_reviewed,,
597,Baptisms-San-Antonio-Baptism-Records-1788-1824--1858-1898_p501-690.docx,98,rId101,word/media/image98.png,raw/fs_0597.png,PNG,2560,1440,RGB,2089793,5a3f585d0a03b58bc4008213b2ce8a83d81d5d1dc5fa3e1d184d519c95a9643f,,analysis/fs_0597_analysis.png,thumbnails/fs_0597.jpg,dlstupka/hth-baptisms-san-antonio-1788-1824--1858-1898,9f03a2632820a26b9724dac7a7a62e87776b1b04,dlstupka/hth,4b0d7c9a16b00eb463a94355f4a2aaf9e69af020,,,,,,,,,,not_reviewed,,
598,Baptisms-San-Antonio-Baptism-Records-1788-1824--1858-1898_p501-690.docx,99,rId102,word/media/image99.png,raw/fs_0598.png,PNG,2560,1440,RGB,2112350,00ab7b3e8ca559e8098e5c92c7185d57e020bb4ad8f5fc37149742dc0776dd76,,analysis/fs_0598_analysis.png,thumbnails/fs_0598.jpg,dlstupka/hth-baptisms-san-antonio-1788-1824--1858-1898,9f03a2632820a26b9724dac7a7a62e87776b1b04,dlstupka/hth,4b0d7c9a16b00eb463a94355f4a2aaf9e69af020,,,,,,,,,,not_reviewed,,
599,Baptisms-San-Antonio-Baptism-Records-1788-1824--1858-1898_p501-690.docx,100,rId103,word/media/image100.png,raw/fs_0599.png,PNG,2560,1440,RGB,2322819,86e3778a88e0d7c3e4863315e17f067f16ec491ff4804ca79c4e8b91a2a8dade,,analysis/fs_0599_analysis.png,thumbnails/fs_0599.jpg,dlstupka/hth-baptisms-san-antonio-1788-1824--1858-1898,9f03a2632820a26b9724dac7a7a62e87776b1b04,dlstupka/hth,4b0d7c9a16b00eb463a94355f4a2aaf9e69af020,,,,,,,,,,not_reviewed,,
600,Baptisms-San-Antonio-Baptism-Records-1788-1824--1858-1898_p501-690.docx,101,rId104,word/media/image101.png,raw/fs_0600.png,PNG,2560,1440,RGB,1977638,cba11852dcf5cd3ecf9af1db0faaa70cfdbef4ebca3a4a2b4746d3e3d303466c,,analysis/fs_0600_analysis.png,thumbnails/fs_0600.jpg,dlstupka/hth-baptisms-san-antonio-1788-1824--1858-1898,9f03a2632820a26b9724dac7a7a62e87776b1b04,dlstupka/hth,4b0d7c9a16b00eb463a94355f4a2aaf9e69af020,,,,,,,,,,not_reviewed,,
601,Baptisms-San-Antonio-Baptism-Records-1788-1824--1858-1898_p501-690.docx,102,rId105,word/media/image102.png,raw/fs_0601.png,PNG,2560,1440,RGB,1951601,fb49c5b65816e9a9cda35f6e84e55934be705f554bef11f3023670f004cef6c2,,analysis/fs_0601_analysis.png,thumbnails/fs_0601.jpg,dlstupka/hth-baptisms-san-antonio-1788-1824--1858-1898,9f03a2632820a26b9724dac7a7a62e87776b1b04,dlstupka/hth,4b0d7c9a16b00eb463a94355f4a2aaf9e69af020,,,,,,,,,,not_reviewed,,
602,Baptisms-San-Antonio-Baptism-Records-1788-1824--1858-1898_p501-690.docx,103,rId106,word/media/image103.png,raw/fs_0602.png,PNG,2560,1440,RGB,2075722,4cd6cd0d13263f46af0ed0309e467e1807ccc91f846e555d74c8093e8d9d09ad,,analysis/fs_0602_analysis.png,thumbnails/fs_0602.jpg,dlstupka/hth-baptisms-san-antonio-1788-1824--1858-1898,9f03a2632820a26b9724dac7a7a62e87776b1b04,dlstupka/hth,4b0d7c9a16b00eb463a94355f4a2aaf9e69af020,,,,,,,,,,not_reviewed,,
603,Baptisms-San-Antonio-Baptism-Records-1788-1824--1858-1898_p501-690.docx,104,rId107,word/media/image104.png,raw/fs_0603.png,PNG,2560,1440,RGB,2257352,b97712848907ec6ba064efd4e07e0b79acdea3df2b8bce5d4312b1ff7c38013e,,analysis/fs_0603_analysis.png,thumbnails/fs_0603.jpg,dlstupka/hth-baptisms-san-antonio-1788-1824--1858-1898,9f03a2632820a26b9724dac7a7a62e87776b1b04,dlstupka/hth,4b0d7c9a16b00eb463a94355f4a2aaf9e69af020,,,,,,,,,,not_reviewed,,
604,Baptisms-San-Antonio-Baptism-Records-1788-1824--1858-1898_p501-690.docx,105,rId108,word/media/image105.png,raw/fs_0604.png,PNG,2560,1440,RGB,2150505,4a83af0bef2f1ffbc6c15f6a46a4b8d47843605623ebf558ad50b0c15f3c1bb1,,analysis/fs_0604_analysis.png,thumbnails/fs_0604.jpg,dlstupka/hth-baptisms-san-antonio-1788-1824--1858-1898,9f03a2632820a26b9724dac7a7a62e87776b1b04,dlstupka/hth,4b0d7c9a16b00eb463a94355f4a2aaf9e69af020,,,,,,,,,,not_reviewed,,
605,Baptisms-San-Antonio-Baptism-Records-1788-1824--1858-1898_p501-690.docx,106,rId109,word/media/image106.png,raw/fs_0605.png,PNG,2560,1440,RGB,2038364,528d9f1e8f68841020b499801681c357599e8b83123368aa4dd7ca0e88c82a5e,,analysis/fs_0605_analysis.png,thumbnails/fs_0605.jpg,dlstupka/hth-baptisms-san-antonio-1788-1824--1858-1898,9f03a2632820a26b9724dac7a7a62e87776b1b04,dlstupka/hth,4b0d7c9a16b00eb463a94355f4a2aaf9e69af020,,,,,,,,,,not_reviewed,,
606,Baptisms-San-Antonio-Baptism-Records-1788-1824--1858-1898_p501-690.docx,107,rId110,word/media/image107.png,raw/fs_0606.png,PNG,2560,1440,RGB,2178568,fe91cd504ed5e0a6dfb8f01ca191681bd9662a3d32122aff94e2be1b0393a1af,,analysis/fs_0606_analysis.png,thumbnails/fs_0606.jpg,dlstupka/hth-baptisms-san-antonio-1788-1824--1858-1898,9f03a2632820a26b9724dac7a7a62e87776b1b04,dlstupka/hth,4b0d7c9a16b00eb463a94355f4a2aaf9e69af020,,,,,,,,,,not_reviewed,,
607,Baptisms-San-Antonio-Baptism-Records-1788-1824--1858-1898_p501-690.docx,108,rId111,word/media/image108.png,raw/fs_0607.png,PNG,2560,1440,RGB,2107093,2ad3b10d379ac3aac90fd5ea1e5be6b852c76a23a4965d91b27479dd93aaa75e,,analysis/fs_0607_analysis.png,thumbnails/fs_0607.jpg,dlstupka/hth-baptisms-san-antonio-1788-1824--1858-1898,9f03a2632820a26b9724dac7a7a62e87776b1b04,dlstupka/hth,4b0d7c9a16b00eb463a94355f4a2aaf9e69af020,,,,,,,,,,not_reviewed,,
608,Baptisms-San-Antonio-Baptism-Records-1788-1824--1858-1898_p501-690.docx,109,rId112,word/media/image109.png,raw/fs_0608.png,PNG,2560,1440,RGB,1785186,6f6c6c00927f531ebf62f10d2a74a501c020856789a13b0878449d18e1774e77,,analysis/fs_0608_analysis.png,thumbnails/fs_0608.jpg,dlstupka/hth-baptisms-san-antonio-1788-1824--1858-1898,9f03a2632820a26b9724dac7a7a62e87776b1b04,dlstupka/hth,4b0d7c9a16b00eb463a94355f4a2aaf9e69af020,,,,,,,,,,not_reviewed,,
609,Baptisms-San-Antonio-Baptism-Records-1788-1824--1858-1898_p501-690.docx,110,rId113,word/media/image110.png,raw/fs_0609.png,PNG,2560,1440,RGB,1881502,160c509c914222a04839b9de1893be508ec9b35a9f286095071368d2cb6317f0,,analysis/fs_0609_analysis.png,thumbnails/fs_0609.jpg,dlstupka/hth-baptisms-san-antonio-1788-1824--1858-1898,9f03a2632820a26b9724dac7a7a62e87776b1b04,dlstupka/hth,4b0d7c9a16b00eb463a94355f4a2aaf9e69af020,,,,,,,,,,not_reviewed,,
610,Baptisms-San-Antonio-Baptism-Records-1788-1824--1858-1898_p501-690.docx,111,rId114,word/media/image111.png,raw/fs_0610.png,PNG,2560,1440,RGB,1923411,2e42017792bed1a0bec891c4dbdf9cce353a805237280b00efa3181149814927,,analysis/fs_0610_analysis.png,thumbnails/fs_0610.jpg,dlstupka/hth-baptisms-san-antonio-1788-1824--1858-1898,9f03a2632820a26b9724dac7a7a62e87776b1b04,dlstupka/hth,4b0d7c9a16b00eb463a94355f4a2aaf9e69af020,,,,,,,,,,not_reviewed,,
611,Baptisms-San-Antonio-Baptism-Records-1788-1824--1858-1898_p501-690.docx,112,rId115,word/media/image112.png,raw/fs_0611.png,PNG,2560,1440,RGB,2061644,89c2c98a5a31fbfd2dfae5c844fdd0826d8aa144472f315495d46c21ac3779cc,,analysis/fs_0611_analysis.png,thumbnails/fs_0611.jpg,dlstupka/hth-baptisms-san-antonio-1788-1824--1858-1898,9f03a2632820a26b9724dac7a7a62e87776b1b04,dlstupka/hth,4b0d7c9a16b00eb463a94355f4a2aaf9e69af020,,,,,,,,,,not_reviewed,,
612,Baptisms-San-Antonio-Baptism-Records-1788-1824--1858-1898_p501-690.docx,113,rId116,word/media/image113.png,raw/fs_0612.png,PNG,2560,1440,RGB,2041627,528519be7d0c27f087006b6ef0b3620b328b76d648ec00ce493534e5157b9d5c,,analysis/fs_0612_analysis.png,thumbnails/fs_0612.jpg,dlstupka/hth-baptisms-san-antonio-1788-1824--1858-1898,9f03a2632820a26b9724dac7a7a62e87776b1b04,dlstupka/hth,4b0d7c9a16b00eb463a94355f4a2aaf9e69af020,,,,,,,,,,not_reviewed,,
613,Baptisms-San-Antonio-Baptism-Records-1788-1824--1858-1898_p501-690.docx,114,rId117,word/media/image114.png,raw/fs_0613.png,PNG,2560,1440,RGB,2094430,7b84802224223ff495e28d922617866ae1590fdbbb0a6520812752fccccbfc00,,analysis/fs_0613_analysis.png,thumbnails/fs_0613.jpg,dlstupka/hth-baptisms-san-antonio-1788-1824--1858-1898,9f03a2632820a26b9724dac7a7a62e87776b1b04,dlstupka/hth,4b0d7c9a16b00eb463a94355f4a2aaf9e69af020,,,,,,,,,,not_reviewed,,
614,Baptisms-San-Antonio-Baptism-Records-1788-1824--1858-1898_p501-690.docx,115,rId118,word/media/image115.png,raw/fs_0614.png,PNG,2560,1440,RGB,2041526,3df188062a531402516bf42130b118f8b7a838af7b94ca56be87ac2de4b16ef5,,analysis/fs_0614_analysis.png,thumbnails/fs_0614.jpg,dlstupka/hth-baptisms-san-antonio-1788-1824--1858-1898,9f03a2632820a26b9724dac7a7a62e87776b1b04,dlstupka/hth,4b0d7c9a16b00eb463a94355f4a2aaf9e69af020,,,,,,,,,,not_reviewed,,
615,Baptisms-San-Antonio-Baptism-Records-1788-1824--1858-1898_p501-690.docx,116,rId119,word/media/image116.png,raw/fs_0615.png,PNG,2560,1440,RGB,1991544,de2f0b079a23be9c172038713713857e0e8716a220fac460853c1a9b9b410681,,analysis/fs_0615_analysis.png,thumbnails/fs_0615.jpg,dlstupka/hth-baptisms-san-antonio-1788-1824--1858-1898,9f03a2632820a26b9724dac7a7a62e87776b1b04,dlstupka/hth,4b0d7c9a16b00eb463a94355f4a2aaf9e69af020,,,,,,,,,,not_reviewed,,
616,Baptisms-San-Antonio-Baptism-Records-1788-1824--1858-1898_p501-690.docx,117,rId120,word/media/image117.png,raw/fs_0616.png,PNG,2560,1440,RGB,2025566,c05fc2c66ff91e30886ecdb72dc8ca85d5fd081075e2d9a9a141955636f060e9,,analysis/fs_0616_analysis.png,thumbnails/fs_0616.jpg,dlstupka/hth-baptisms-san-antonio-1788-1824--1858-1898,9f03a2632820a26b9724dac7a7a62e87776b1b04,dlstupka/hth,4b0d7c9a16b00eb463a94355f4a2aaf9e69af020,,,,,,,,,,not_reviewed,,
617,Baptisms-San-Antonio-Baptism-Records-1788-1824--1858-1898_p501-690.docx,118,rId121,word/media/image118.png,raw/fs_0617.png,PNG,2560,1440,RGB,2002920,2eeed20bafb88eebc6435d4040d1fb33ad8d0d144a3c118f18f62ab5c93f67f3,,analysis/fs_0617_analysis.png,thumbnails/fs_0617.jpg,dlstupka/hth-baptisms-san-antonio-1788-1824--1858-1898,9f03a2632820a26b9724dac7a7a62e87776b1b04,dlstupka/hth,4b0d7c9a16b00eb463a94355f4a2aaf9e69af020,,,,,,,,,,not_reviewed,,
618,Baptisms-San-Antonio-Baptism-Records-1788-1824--1858-1898_p501-690.docx,119,rId122,word/media/image119.png,raw/fs_0618.png,PNG,2560,1440,RGB,2022000,99d30d042b1c7f784e7ad4ebe530a1639272c8fe9a646a8d867a7c8f35644c6a,,analysis/fs_0618_analysis.png,thumbnails/fs_0618.jpg,dlstupka/hth-baptisms-san-antonio-1788-1824--1858-1898,9f03a2632820a26b9724dac7a7a62e87776b1b04,dlstupka/hth,4b0d7c9a16b00eb463a94355f4a2aaf9e69af020,,,,,,,,,,not_reviewed,,
619,Baptisms-San-Antonio-Baptism-Records-1788-1824--1858-1898_p501-690.docx,120,rId123,word/media/image120.png,raw/fs_0619.png,PNG,2560,1440,RGB,1871492,833a3578383e38811bd82589350a416933c672d451f08dc0f14ea4dafd2b0772,,analysis/fs_0619_analysis.png,thumbnails/fs_0619.jpg,dlstupka/hth-baptisms-san-antonio-1788-1824--1858-1898,9f03a2632820a26b9724dac7a7a62e87776b1b04,dlstupka/hth,4b0d7c9a16b00eb463a94355f4a2aaf9e69af020,,,,,,,,,,not_reviewed,,
620,Baptisms-San-Antonio-Baptism-Records-1788-1824--1858-1898_p501-690.docx,121,rId124,word/media/image121.png,raw/fs_0620.png,PNG,2560,1440,RGB,2015649,60943ee0cc0d3633c2f5777d0ab0004951134e4a85830cdeff02cbb8ba177286,,analysis/fs_0620_analysis.png,thumbnails/fs_0620.jpg,dlstupka/hth-baptisms-san-antonio-1788-1824--1858-1898,9f03a2632820a26b9724dac7a7a62e87776b1b04,dlstupka/hth,4b0d7c9a16b00eb463a94355f4a2aaf9e69af020,,,,,,,,,,not_reviewed,,
621,Baptisms-San-Antonio-Baptism-Records-1788-1824--1858-1898_p501-690.docx,122,rId125,word/media/image122.png,raw/fs_0621.png,PNG,2560,1440,RGB,2004225,a763dc2609435cb762c21467c63045ebc7003b69341da3eb1b21c10fe4b1c443,,analysis/fs_0621_analysis.png,thumbnails/fs_0621.jpg,dlstupka/hth-baptisms-san-antonio-1788-1824--1858-1898,9f03a2632820a26b9724dac7a7a62e87776b1b04,dlstupka/hth,4b0d7c9a16b00eb463a94355f4a2aaf9e69af020,,,,,,,,,,not_reviewed,,
622,Baptisms-San-Antonio-Baptism-Records-1788-1824--1858-1898_p501-690.docx,123,rId126,word/media/image123.png,raw/fs_0622.png,PNG,2560,1440,RGB,1899949,c0e0bd0da976695cea1009a22893a9849efcf6b793d9b92a9a71a6a6f88051e9,,analysis/fs_0622_analysis.png,thumbnails/fs_0622.jpg,dlstupka/hth-baptisms-san-antonio-1788-1824--1858-1898,9f03a2632820a26b9724dac7a7a62e87776b1b04,dlstupka/hth,4b0d7c9a16b00eb463a94355f4a2aaf9e69af020,,,,,,,,,,not_reviewed,,
623,Baptisms-San-Antonio-Baptism-Records-1788-1824--1858-1898_p501-690.docx,124,rId127,word/media/image124.png,raw/fs_0623.png,PNG,2560,1440,RGB,1949209,ee7c558c74011b84e421838ae6548f781dc7ce8247c622e8c15084819b1acf8c,,analysis/fs_0623_analysis.png,thumbnails/fs_0623.jpg,dlstupka/hth-baptisms-san-antonio-1788-1824--1858-1898,9f03a2632820a26b9724dac7a7a62e87776b1b04,dlstupka/hth,4b0d7c9a16b00eb463a94355f4a2aaf9e69af020,,,,,,,,,,not_reviewed,,
624,Baptisms-San-Antonio-Baptism-Records-1788-1824--1858-1898_p501-690.docx,125,rId128,word/media/image125.png,raw/fs_0624.png,PNG,2560,1440,RGB,2010186,453c6e1bdce1e9273c8ab5c80597fdb5a8d8e3812ac6169b005b6393bd6b7dad,,analysis/fs_0624_analysis.png,thumbnails/fs_0624.jpg,dlstupka/hth-baptisms-san-antonio-1788-1824--1858-1898,9f03a2632820a26b9724dac7a7a62e87776b1b04,dlstupka/hth,4b0d7c9a16b00eb463a94355f4a2aaf9e69af020,,,,,,,,,,not_reviewed,,
625,Baptisms-San-Antonio-Baptism-Records-1788-1824--1858-1898_p501-690.docx,126,rId129,word/media/image126.png,raw/fs_0625.png,PNG,2560,1440,RGB,2043373,c5e05cd573395d1b73efb0d67c12298560cd33e5185c378e9895ec30e5bce121,,analysis/fs_0625_analysis.png,thumbnails/fs_0625.jpg,dlstupka/hth-baptisms-san-antonio-1788-1824--1858-1898,9f03a2632820a26b9724dac7a7a62e87776b1b04,dlstupka/hth,4b0d7c9a16b00eb463a94355f4a2aaf9e69af020,,,,,,,,,,not_reviewed,,
626,Baptisms-San-Antonio-Baptism-Records-1788-1824--1858-1898_p501-690.docx,127,rId130,word/media/image127.png,raw/fs_0626.png,PNG,2560,1440,RGB,1991755,53d04836089a32a31a8da89092b5bc8e4221eca3ae3e22afcc4dcca517d38498,,analysis/fs_0626_analysis.png,thumbnails/fs_0626.jpg,dlstupka/hth-baptisms-san-antonio-1788-1824--1858-1898,9f03a2632820a26b9724dac7a7a62e87776b1b04,dlstupka/hth,4b0d7c9a16b00eb463a94355f4a2aaf9e69af020,,,,,,,,,,not_reviewed,,
627,Baptisms-San-Antonio-Baptism-Records-1788-1824--1858-1898_p501-690.docx,128,rId131,word/media/image128.png,raw/fs_0627.png,PNG,2560,1440,RGB,1960360,5ba05f5d8225a3a81b545c4d4048e9d352078b8e9e7e760b71f733676ca5f789,,analysis/fs_0627_analysis.png,thumbnails/fs_0627.jpg,dlstupka/hth-baptisms-san-antonio-1788-1824--1858-1898,9f03a2632820a26b9724dac7a7a62e87776b1b04,dlstupka/hth,4b0d7c9a16b00eb463a94355f4a2aaf9e69af020,,,,,,,,,,not_reviewed,,
628,Baptisms-San-Antonio-Baptism-Records-1788-1824--1858-1898_p501-690.docx,129,rId132,word/media/image129.png,raw/fs_0628.png,PNG,2560,1440,RGB,1940286,e4859fc06e63844b5e14b48006198267575b0d9efd05124712e4b771c2c7ecd9,,analysis/fs_0628_analysis.png,thumbnails/fs_0628.jpg,dlstupka/hth-baptisms-san-antonio-1788-1824--1858-1898,9f03a2632820a26b9724dac7a7a62e87776b1b04,dlstupka/hth,4b0d7c9a16b00eb463a94355f4a2aaf9e69af020,,,,,,,,,,not_reviewed,,
629,Baptisms-San-Antonio-Baptism-Records-1788-1824--1858-1898_p501-690.docx,130,rId133,word/media/image130.png,raw/fs_0629.png,PNG,2560,1440,RGB,2151685,892a32419003f92a28432efc04f1e992f68c45969e625be46c4445c2d7a93017,,analysis/fs_0629_analysis.png,thumbnails/fs_0629.jpg,dlstupka/hth-baptisms-san-antonio-1788-1824--1858-1898,9f03a2632820a26b9724dac7a7a62e87776b1b04,dlstupka/hth,4b0d7c9a16b00eb463a94355f4a2aaf9e69af020,,,,,,,,,,not_reviewed,,
630,Baptisms-San-Antonio-Baptism-Records-1788-1824--1858-1898_p501-690.docx,131,rId134,word/media/image131.png,raw/fs_0630.png,PNG,2560,1440,RGB,2078538,0a86d66856187cd8184aa2da3623b69afcb94c86934195a95af87f86dbc7f2cc,,analysis/fs_0630_analysis.png,thumbnails/fs_0630.jpg,dlstupka/hth-baptisms-san-antonio-1788-1824--1858-1898,9f03a2632820a26b9724dac7a7a62e87776b1b04,dlstupka/hth,4b0d7c9a16b00eb463a94355f4a2aaf9e69af020,,,,,,,,,,not_reviewed,,
631,Baptisms-San-Antonio-Baptism-Records-1788-1824--1858-1898_p501-690.docx,132,rId135,word/media/image132.png,raw/fs_0631.png,PNG,2560,1440,RGB,2117725,1109bec6345933fd23c3636c90784589043c3e3d7362542a4e55f091cd5522c5,,analysis/fs_0631_analysis.png,thumbnails/fs_0631.jpg,dlstupka/hth-baptisms-san-antonio-1788-1824--1858-1898,9f03a2632820a26b9724dac7a7a62e87776b1b04,dlstupka/hth,4b0d7c9a16b00eb463a94355f4a2aaf9e69af020,,,,,,,,,,not_reviewed,,
632,Baptisms-San-Antonio-Baptism-Records-1788-1824--1858-1898_p501-690.docx,133,rId136,word/media/image133.png,raw/fs_0632.png,PNG,2560,1440,RGB,2120784,abe4007c6e3de1514d40dd5e0bbe0a71d5bf5a23bcdd32ec9d3dd3f9bef7fe2f,,analysis/fs_0632_analysis.png,thumbnails/fs_0632.jpg,dlstupka/hth-baptisms-san-antonio-1788-1824--1858-1898,9f03a2632820a26b9724dac7a7a62e87776b1b04,dlstupka/hth,4b0d7c9a16b00eb463a94355f4a2aaf9e69af020,,,,,,,,,,not_reviewed,,
633,Baptisms-San-Antonio-Baptism-Records-1788-1824--1858-1898_p501-690.docx,134,rId137,word/media/image134.png,raw/fs_0633.png,PNG,2560,1440,RGB,2102319,2b275d242dc3d049e957adebb3920f2fb5109d3d896a03c61a9d01d1e5d31eb4,,analysis/fs_0633_analysis.png,thumbnails/fs_0633.jpg,dlstupka/hth-baptisms-san-antonio-1788-1824--1858-1898,9f03a2632820a26b9724dac7a7a62e87776b1b04,dlstupka/hth,4b0d7c9a16b00eb463a94355f4a2aaf9e69af020,,,,,,,,,,not_reviewed,,
634,Baptisms-San-Antonio-Baptism-Records-1788-1824--1858-1898_p501-690.docx,135,rId138,word/media/image135.png,raw/fs_0634.png,PNG,2560,1440,RGB,2114580,7ce00d224a0567ebfae19be96d4dd96a651818f6dfaab933245156be67007bd0,,analysis/fs_0634_analysis.png,thumbnails/fs_0634.jpg,dlstupka/hth-baptisms-san-antonio-1788-1824--1858-1898,9f03a2632820a26b9724dac7a7a62e87776b1b04,dlstupka/hth,4b0d7c9a16b00eb463a94355f4a2aaf9e69af020,,,,,,,,,,not_reviewed,,
635,Baptisms-San-Antonio-Baptism-Records-1788-1824--1858-1898_p501-690.docx,136,rId139,word/media/image136.png,raw/fs_0635.png,PNG,2560,1440,RGB,2099339,cd7631c9ba362d64c85d2a42a3209faf882a1192ab303530383e9bf4ec74f7be,,analysis/fs_0635_analysis.png,thumbnails/fs_0635.jpg,dlstupka/hth-baptisms-san-antonio-1788-1824--1858-1898,9f03a2632820a26b9724dac7a7a62e87776b1b04,dlstupka/hth,4b0d7c9a16b00eb463a94355f4a2aaf9e69af020,,,,,,,,,,not_reviewed,,
636,Baptisms-San-Antonio-Baptism-Records-1788-1824--1858-1898_p501-690.docx,137,rId140,word/media/image137.png,raw/fs_0636.png,PNG,2560,1440,RGB,2096409,2807bba6d0b4c574d9858c0b14ff0e0bfbbd3ea5a1ccac177aecc040b36f14e0,,analysis/fs_0636_analysis.png,thumbnails/fs_0636.jpg,dlstupka/hth-baptisms-san-antonio-1788-1824--1858-1898,9f03a2632820a26b9724dac7a7a62e87776b1b04,dlstupka/hth,4b0d7c9a16b00eb463a94355f4a2aaf9e69af020,,,,,,,,,,not_reviewed,,
637,Baptisms-San-Antonio-Baptism-Records-1788-1824--1858-1898_p501-690.docx,138,rId141,word/media/image138.png,raw/fs_0637.png,PNG,2560,1440,RGB,2098128,0e556210c53b5f366e76f064a4fafd92dcd183dda27568f7f0cdfd9ae5ef64b7,,analysis/fs_0637_analysis.png,thumbnails/fs_0637.jpg,dlstupka/hth-baptisms-san-antonio-1788-1824--1858-1898,9f03a2632820a26b9724dac7a7a62e87776b1b04,dlstupka/hth,4b0d7c9a16b00eb463a94355f4a2aaf9e69af020,,,,,,,,,,not_reviewed,,
638,Baptisms-San-Antonio-Baptism-Records-1788-1824--1858-1898_p501-690.docx,139,rId142,word/media/image139.png,raw/fs_0638.png,PNG,2560,1440,RGB,2371611,e3b736fc6357c823e6144d9117d9d451df26491b676605dc9718283c66374c14,,analysis/fs_0638_analysis.png,thumbnails/fs_0638.jpg,dlstupka/hth-baptisms-san-antonio-1788-1824--1858-1898,9f03a2632820a26b9724dac7a7a62e87776b1b04,dlstupka/hth,4b0d7c9a16b00eb463a94355f4a2aaf9e69af020,,,,,,,,,,not_reviewed,,
639,Baptisms-San-Antonio-Baptism-Records-1788-1824--1858-1898_p501-690.docx,140,rId143,word/media/image140.png,raw/fs_0639.png,PNG,2560,1440,RGB,2097941,6d40d177250fc2d284f5604526328d4ab0db559226e9b421c2bb3ecc2396402f,,analysis/fs_0639_analysis.png,thumbnails/fs_0639.jpg,dlstupka/hth-baptisms-san-antonio-1788-1824--1858-1898,9f03a2632820a26b9724dac7a7a62e87776b1b04,dlstupka/hth,4b0d7c9a16b00eb463a94355f4a2aaf9e69af020,,,,,,,,,,not_reviewed,,
640,Baptisms-San-Antonio-Baptism-Records-1788-1824--1858-1898_p501-690.docx,141,rId144,word/media/image141.png,raw/fs_0640.png,PNG,2560,1440,RGB,2059631,3cc90f9cebbfcfe1c92654d6ff85a3b248b6b91a3001daa694e2a03c582820ba,,analysis/fs_0640_analysis.png,thumbnails/fs_0640.jpg,dlstupka/hth-baptisms-san-antonio-1788-1824--1858-1898,9f03a2632820a26b9724dac7a7a62e87776b1b04,dlstupka/hth,4b0d7c9a16b00eb463a94355f4a2aaf9e69af020,,,,,,,,,,not_reviewed,,
641,Baptisms-San-Antonio-Baptism-Records-1788-1824--1858-1898_p501-690.docx,142,rId145,word/media/image142.png,raw/fs_0641.png,PNG,2560,1440,RGB,2057063,1d91a9cb2f569053c27c28e9f844ea8a9b6b74bbb4d66d8b840171dae549fd41,,analysis/fs_0641_analysis.png,thumbnails/fs_0641.jpg,dlstupka/hth-baptisms-san-antonio-1788-1824--1858-1898,9f03a2632820a26b9724dac7a7a62e87776b1b04,dlstupka/hth,4b0d7c9a16b00eb463a94355f4a2aaf9e69af020,,,,,,,,,,not_reviewed,,
642,Baptisms-San-Antonio-Baptism-Records-1788-1824--1858-1898_p501-690.docx,143,rId146,word/media/image143.png,raw/fs_0642.png,PNG,2560,1440,RGB,2031670,bd8a4ac839f8d8b6652623ce80b25fac417fc5f8508dbc9b74fd206d3379fa1e,,analysis/fs_0642_analysis.png,thumbnails/fs_0642.jpg,dlstupka/hth-baptisms-san-antonio-1788-1824--1858-1898,9f03a2632820a26b9724dac7a7a62e87776b1b04,dlstupka/hth,4b0d7c9a16b00eb463a94355f4a2aaf9e69af020,,,,,,,,,,not_reviewed,,
643,Baptisms-San-Antonio-Baptism-Records-1788-1824--1858-1898_p501-690.docx,144,rId147,word/media/image144.png,raw/fs_0643.png,PNG,2560,1440,RGB,2135399,d8fac44f2c671ca09a76f8d9bd6ccb386ca141c4b71a1e612aecda801f6908e9,,analysis/fs_0643_analysis.png,thumbnails/fs_0643.jpg,dlstupka/hth-baptisms-san-antonio-1788-1824--1858-1898,9f03a2632820a26b9724dac7a7a62e87776b1b04,dlstupka/hth,4b0d7c9a16b00eb463a94355f4a2aaf9e69af020,,,,,,,,,,not_reviewed,,
644,Baptisms-San-Antonio-Baptism-Records-1788-1824--1858-1898_p501-690.docx,145,rId148,word/media/image145.png,raw/fs_0644.png,PNG,2560,1440,RGB,2202800,00adfe9e6120ec3e4684afb11bdf37cd9c53c5ab6fba03873cc384931f47fe86,,analysis/fs_0644_analysis.png,thumbnails/fs_0644.jpg,dlstupka/hth-baptisms-san-antonio-1788-1824--1858-1898,9f03a2632820a26b9724dac7a7a62e87776b1b04,dlstupka/hth,4b0d7c9a16b00eb463a94355f4a2aaf9e69af020,,,,,,,,,,not_reviewed,,
645,Baptisms-San-Antonio-Baptism-Records-1788-1824--1858-1898_p501-690.docx,146,rId149,word/media/image146.png,raw/fs_0645.png,PNG,2560,1440,RGB,2084287,90dfbdbc1f9375591c4569817f7f99e5fbc400184c1bf597ebbad4ade18f1321,,analysis/fs_0645_analysis.png,thumbnails/fs_0645.jpg,dlstupka/hth-baptisms-san-antonio-1788-1824--1858-1898,9f03a2632820a26b9724dac7a7a62e87776b1b04,dlstupka/hth,4b0d7c9a16b00eb463a94355f4a2aaf9e69af020,,,,,,,,,,not_reviewed,,
646,Baptisms-San-Antonio-Baptism-Records-1788-1824--1858-1898_p501-690.docx,147,rId150,word/media/image147.png,raw/fs_0646.png,PNG,2560,1440,RGB,2114420,9d1c749e920bd1c16564f8091263cff02cfe74a51f7476fd1210ef1e0da73592,,analysis/fs_0646_analysis.png,thumbnails/fs_0646.jpg,dlstupka/hth-baptisms-san-antonio-1788-1824--1858-1898,9f03a2632820a26b9724dac7a7a62e87776b1b04,dlstupka/hth,4b0d7c9a16b00eb463a94355f4a2aaf9e69af020,,,,,,,,,,not_reviewed,,
647,Baptisms-San-Antonio-Baptism-Records-1788-1824--1858-1898_p501-690.docx,148,rId151,word/media/image148.png,raw/fs_0647.png,PNG,2560,1440,RGB,2328125,f27055422878c91f81e7f1531fb7f12fae61b65b86f59a40f7264948201b15df,,analysis/fs_0647_analysis.png,thumbnails/fs_0647.jpg,dlstupka/hth-baptisms-san-antonio-1788-1824--1858-1898,9f03a2632820a26b9724dac7a7a62e87776b1b04,dlstupka/hth,4b0d7c9a16b00eb463a94355f4a2aaf9e69af020,,,,,,,,,,not_reviewed,,
648,Baptisms-San-Antonio-Baptism-Records-1788-1824--1858-1898_p501-690.docx,149,rId152,word/media/image149.png,raw/fs_0648.png,PNG,2560,1440,RGB,1997916,7152a02d7c8bb456befa39aa8403a67832ac6c764c31bb652b7242e7a53ad30a,,analysis/fs_0648_analysis.png,thumbnails/fs_0648.jpg,dlstupka/hth-baptisms-san-antonio-1788-1824--1858-1898,9f03a2632820a26b9724dac7a7a62e87776b1b04,dlstupka/hth,4b0d7c9a16b00eb463a94355f4a2aaf9e69af020,,,,,,,,,,not_reviewed,,
649,Baptisms-San-Antonio-Baptism-Records-1788-1824--1858-1898_p501-690.docx,150,rId153,word/media/image150.png,raw/fs_0649.png,PNG,2560,1440,RGB,2081266,961be78303fa21280df93afcf29a8d7cc7b22f56d2849d680e5b22a544c915fa,,analysis/fs_0649_analysis.png,thumbnails/fs_0649.jpg,dlstupka/hth-baptisms-san-antonio-1788-1824--1858-1898,9f03a2632820a26b9724dac7a7a62e87776b1b04,dlstupka/hth,4b0d7c9a16b00eb463a94355f4a2aaf9e69af020,,,,,,,,,,not_reviewed,,
650,Baptisms-San-Antonio-Baptism-Records-1788-1824--1858-1898_p501-690.docx,151,rId154,word/media/image151.png,raw/fs_0650.png,PNG,2560,1440,RGB,2018870,6760c9588d0a3212807dda31237d615a9f9dc20becb5d4ba7fd7181d688f4baa,,analysis/fs_0650_analysis.png,thumbnails/fs_0650.jpg,dlstupka/hth-baptisms-san-antonio-1788-1824--1858-1898,9f03a2632820a26b9724dac7a7a62e87776b1b04,dlstupka/hth,4b0d7c9a16b00eb463a94355f4a2aaf9e69af020,,,,,,,,,,not_reviewed,,
651,Baptisms-San-Antonio-Baptism-Records-1788-1824--1858-1898_p501-690.docx,152,rId155,word/media/image152.png,raw/fs_0651.png,PNG,2560,1440,RGB,2017873,59b109ace4270f3810bfbaa865576fcb1c77a6bb652773b0b847b68de8dc8304,,analysis/fs_0651_analysis.png,thumbnails/fs_0651.jpg,dlstupka/hth-baptisms-san-antonio-1788-1824--1858-1898,9f03a2632820a26b9724dac7a7a62e87776b1b04,dlstupka/hth,4b0d7c9a16b00eb463a94355f4a2aaf9e69af020,,,,,,,,,,not_reviewed,,
652,Baptisms-San-Antonio-Baptism-Records-1788-1824--1858-1898_p501-690.docx,153,rId156,word/media/image153.png,raw/fs_0652.png,PNG,2560,1440,RGB,2076449,d666855a1e221c8f94d336ad16923be9309816ee110feeb53a06cdb3fe52457b,,analysis/fs_0652_analysis.png,thumbnails/fs_0652.jpg,dlstupka/hth-baptisms-san-antonio-1788-1824--1858-1898,9f03a2632820a26b9724dac7a7a62e87776b1b04,dlstupka/hth,4b0d7c9a16b00eb463a94355f4a2aaf9e69af020,,,,,,,,,,not_reviewed,,
653,Baptisms-San-Antonio-Baptism-Records-1788-1824--1858-1898_p501-690.docx,154,rId157,word/media/image154.png,raw/fs_0653.png,PNG,2560,1440,RGB,2117072,40b6f678d86db5e3308c6e688185242dd696ade2e8714812bffe4e53523f89f1,,analysis/fs_0653_analysis.png,thumbnails/fs_0653.jpg,dlstupka/hth-baptisms-san-antonio-1788-1824--1858-1898,9f03a2632820a26b9724dac7a7a62e87776b1b04,dlstupka/hth,4b0d7c9a16b00eb463a94355f4a2aaf9e69af020,,,,,,,,,,not_reviewed,,
654,Baptisms-San-Antonio-Baptism-Records-1788-1824--1858-1898_p501-690.docx,155,rId158,word/media/image155.png,raw/fs_0654.png,PNG,2560,1440,RGB,2376430,c0a92d4fef12fc7e5a6c117c1fa482648117ca691d04b511bd7771f62e10fe55,,analysis/fs_0654_analysis.png,thumbnails/fs_0654.jpg,dlstupka/hth-baptisms-san-antonio-1788-1824--1858-1898,9f03a2632820a26b9724dac7a7a62e87776b1b04,dlstupka/hth,4b0d7c9a16b00eb463a94355f4a2aaf9e69af020,,,,,,,,,,not_reviewed,,
655,Baptisms-San-Antonio-Baptism-Records-1788-1824--1858-1898_p501-690.docx,156,rId159,word/media/image156.png,raw/fs_0655.png,PNG,2560,1440,RGB,2076018,d648993bcbfffd1bb61f2b41a87342570862056334b9681c0a99fb1c98c00de9,,analysis/fs_0655_analysis.png,thumbnails/fs_0655.jpg,dlstupka/hth-baptisms-san-antonio-1788-1824--1858-1898,9f03a2632820a26b9724dac7a7a62e87776b1b04,dlstupka/hth,4b0d7c9a16b00eb463a94355f4a2aaf9e69af020,,,,,,,,,,not_reviewed,,
656,Baptisms-San-Antonio-Baptism-Records-1788-1824--1858-1898_p501-690.docx,157,rId160,word/media/image157.png,raw/fs_0656.png,PNG,2560,1440,RGB,2036092,9fa0d8498b817449ee2463089316e3ac555e0eb09f36b03e916acd482160634a,,analysis/fs_0656_analysis.png,thumbnails/fs_0656.jpg,dlstupka/hth-baptisms-san-antonio-1788-1824--1858-1898,9f03a2632820a26b9724dac7a7a62e87776b1b04,dlstupka/hth,4b0d7c9a16b00eb463a94355f4a2aaf9e69af020,,,,,,,,,,not_reviewed,,
657,Baptisms-San-Antonio-Baptism-Records-1788-1824--1858-1898_p501-690.docx,158,rId161,word/media/image158.png,raw/fs_0657.png,PNG,2560,1440,RGB,2021591,a2f36f1ca4dbc3ebfff802d85bc4eec813c407cacfb728129592d665f08b0071,,analysis/fs_0657_analysis.png,thumbnails/fs_0657.jpg,dlstupka/hth-baptisms-san-antonio-1788-1824--1858-1898,9f03a2632820a26b9724dac7a7a62e87776b1b04,dlstupka/hth,4b0d7c9a16b00eb463a94355f4a2aaf9e69af020,,,,,,,,,,not_reviewed,,
658,Baptisms-San-Antonio-Baptism-Records-1788-1824--1858-1898_p501-690.docx,159,rId162,word/media/image159.png,raw/fs_0658.png,PNG,2560,1440,RGB,2155985,ee7de736b9916b3dc180806709d0022a9227e81330d634c7b72c31d04883ae7c,,analysis/fs_0658_analysis.png,thumbnails/fs_0658.jpg,dlstupka/hth-baptisms-san-antonio-1788-1824--1858-1898,9f03a2632820a26b9724dac7a7a62e87776b1b04,dlstupka/hth,4b0d7c9a16b00eb463a94355f4a2aaf9e69af020,,,,,,,,,,not_reviewed,,
659,Baptisms-San-Antonio-Baptism-Records-1788-1824--1858-1898_p501-690.docx,160,rId163,word/media/image160.png,raw/fs_0659.png,PNG,2560,1440,RGB,2190106,7408fe5299a3873352e7f26a1182d3987973875fa42b0fea94352c8cd5b37f8d,,analysis/fs_0659_analysis.png,thumbnails/fs_0659.jpg,dlstupka/hth-baptisms-san-antonio-1788-1824--1858-1898,9f03a2632820a26b9724dac7a7a62e87776b1b04,dlstupka/hth,4b0d7c9a16b00eb463a94355f4a2aaf9e69af020,,,,,,,,,,not_reviewed,,
660,Baptisms-San-Antonio-Baptism-Records-1788-1824--1858-1898_p501-690.docx,161,rId164,word/media/image161.png,raw/fs_0660.png,PNG,2560,1440,RGB,2202876,b2ac05b86f7330d9e38abf38179550affa226618867cdab05cebbd741ed9afe1,,analysis/fs_0660_analysis.png,thumbnails/fs_0660.jpg,dlstupka/hth-baptisms-san-antonio-1788-1824--1858-1898,9f03a2632820a26b9724dac7a7a62e87776b1b04,dlstupka/hth,4b0d7c9a16b00eb463a94355f4a2aaf9e69af020,,,,,,,,,,not_reviewed,,
661,Baptisms-San-Antonio-Baptism-Records-1788-1824--1858-1898_p501-690.docx,162,rId165,word/media/image162.png,raw/fs_0661.png,PNG,2560,1440,RGB,2120133,193848698813ff1ce980415b4344d8635d759ab12014a92e474f31b326e369e4,,analysis/fs_0661_analysis.png,thumbnails/fs_0661.jpg,dlstupka/hth-baptisms-san-antonio-1788-1824--1858-1898,9f03a2632820a26b9724dac7a7a62e87776b1b04,dlstupka/hth,4b0d7c9a16b00eb463a94355f4a2aaf9e69af020,,,,,,,,,,not_reviewed,,
662,Baptisms-San-Antonio-Baptism-Records-1788-1824--1858-1898_p501-690.docx,163,rId166,word/media/image163.png,raw/fs_0662.png,PNG,2560,1440,RGB,2106930,5051f4c06eb6e444c4c2ca8624d96bfa3978168144b76e9dd2fb89f09e5821b4,,analysis/fs_0662_analysis.png,thumbnails/fs_0662.jpg,dlstupka/hth-baptisms-san-antonio-1788-1824--1858-1898,9f03a2632820a26b9724dac7a7a62e87776b1b04,dlstupka/hth,4b0d7c9a16b00eb463a94355f4a2aaf9e69af020,,,,,,,,,,not_reviewed,,
663,Baptisms-San-Antonio-Baptism-Records-1788-1824--1858-1898_p501-690.docx,164,rId167,word/media/image164.png,raw/fs_0663.png,PNG,2560,1440,RGB,2071374,ab5e974628d8e79712f158131023b70b2f4082ed7846712d79394b72127d73d5,,analysis/fs_0663_analysis.png,thumbnails/fs_0663.jpg,dlstupka/hth-baptisms-san-antonio-1788-1824--1858-1898,9f03a2632820a26b9724dac7a7a62e87776b1b04,dlstupka/hth,4b0d7c9a16b00eb463a94355f4a2aaf9e69af020,,,,,,,,,,not_reviewed,,
664,Baptisms-San-Antonio-Baptism-Records-1788-1824--1858-1898_p501-690.docx,165,rId168,word/media/image165.png,raw/fs_0664.png,PNG,2560,1440,RGB,2046530,e3cc530ff0164881e2bd55d60172f9c09f8ee1ab92a5e41ad4df440e9d05a473,,analysis/fs_0664_analysis.png,thumbnails/fs_0664.jpg,dlstupka/hth-baptisms-san-antonio-1788-1824--1858-1898,9f03a2632820a26b9724dac7a7a62e87776b1b04,dlstupka/hth,4b0d7c9a16b00eb463a94355f4a2aaf9e69af020,,,,,,,,,,not_reviewed,,
665,Baptisms-San-Antonio-Baptism-Records-1788-1824--1858-1898_p501-690.docx,166,rId169,word/media/image166.png,raw/fs_0665.png,PNG,2560,1440,RGB,2106581,a17fda0172a9d1e9f5fe57c936ab8d8743d5720c69b27f6483e5bafe0455d965,,analysis/fs_0665_analysis.png,thumbnails/fs_0665.jpg,dlstupka/hth-baptisms-san-antonio-1788-1824--1858-1898,9f03a2632820a26b9724dac7a7a62e87776b1b04,dlstupka/hth,4b0d7c9a16b00eb463a94355f4a2aaf9e69af020,,,,,,,,,,not_reviewed,,
666,Baptisms-San-Antonio-Baptism-Records-1788-1824--1858-1898_p501-690.docx,167,rId170,word/media/image167.png,raw/fs_0666.png,PNG,2560,1440,RGB,2123409,bd75dd98046273cad3624cf4f13acf95a74e28958d8b746fefce27a27600ad3e,,analysis/fs_0666_analysis.png,thumbnails/fs_0666.jpg,dlstupka/hth-baptisms-san-antonio-1788-1824--1858-1898,9f03a2632820a26b9724dac7a7a62e87776b1b04,dlstupka/hth,4b0d7c9a16b00eb463a94355f4a2aaf9e69af020,,,,,,,,,,not_reviewed,,
667,Baptisms-San-Antonio-Baptism-Records-1788-1824--1858-1898_p501-690.docx,168,rId171,word/media/image168.png,raw/fs_0667.png,PNG,2560,1440,RGB,2107408,2f120b3a87214c11f73b35e67b49ab488099aeba2e402f625ecafbcf9003a2a6,,analysis/fs_0667_analysis.png,thumbnails/fs_0667.jpg,dlstupka/hth-baptisms-san-antonio-1788-1824--1858-1898,9f03a2632820a26b9724dac7a7a62e87776b1b04,dlstupka/hth,4b0d7c9a16b00eb463a94355f4a2aaf9e69af020,,,,,,,,,,not_reviewed,,
668,Baptisms-San-Antonio-Baptism-Records-1788-1824--1858-1898_p501-690.docx,169,rId172,word/media/image169.png,raw/fs_0668.png,PNG,2560,1440,RGB,2051120,cb7eeebafdcad56b072b19f29c432e04b7f7c0c293a94a53f04791adaeafa98f,,analysis/fs_0668_analysis.png,thumbnails/fs_0668.jpg,dlstupka/hth-baptisms-san-antonio-1788-1824--1858-1898,9f03a2632820a26b9724dac7a7a62e87776b1b04,dlstupka/hth,4b0d7c9a16b00eb463a94355f4a2aaf9e69af020,,,,,,,,,,not_reviewed,,
669,Baptisms-San-Antonio-Baptism-Records-1788-1824--1858-1898_p501-690.docx,170,rId173,word/media/image170.png,raw/fs_0669.png,PNG,2560,1440,RGB,2087503,e5d719ba40a6112536dd169cff294662ad18642d0f67d1444403e0f21701a6c4,,analysis/fs_0669_analysis.png,thumbnails/fs_0669.jpg,dlstupka/hth-baptisms-san-antonio-1788-1824--1858-1898,9f03a2632820a26b9724dac7a7a62e87776b1b04,dlstupka/hth,4b0d7c9a16b00eb463a94355f4a2aaf9e69af020,,,,,,,,,,not_reviewed,,
670,Baptisms-San-Antonio-Baptism-Records-1788-1824--1858-1898_p501-690.docx,171,rId174,word/media/image171.png,raw/fs_0670.png,PNG,2560,1440,RGB,2103161,a91a86dfd225b2ed5c34689ee3a3129321e43e753756147883ba96fd6cbeb74c,,analysis/fs_0670_analysis.png,thumbnails/fs_0670.jpg,dlstupka/hth-baptisms-san-antonio-1788-1824--1858-1898,9f03a2632820a26b9724dac7a7a62e87776b1b04,dlstupka/hth,4b0d7c9a16b00eb463a94355f4a2aaf9e69af020,,,,,,,,,,not_reviewed,,
671,Baptisms-San-Antonio-Baptism-Records-1788-1824--1858-1898_p501-690.docx,172,rId175,word/media/image172.png,raw/fs_0671.png,PNG,2560,1440,RGB,2079604,de17a26e2ed42870974868b145e567f7a1f014bc40cb94e2324c5584462216ff,,analysis/fs_0671_analysis.png,thumbnails/fs_0671.jpg,dlstupka/hth-baptisms-san-antonio-1788-1824--1858-1898,9f03a2632820a26b9724dac7a7a62e87776b1b04,dlstupka/hth,4b0d7c9a16b00eb463a94355f4a2aaf9e69af020,,,,,,,,,,not_reviewed,,
672,Baptisms-San-Antonio-Baptism-Records-1788-1824--1858-1898_p501-690.docx,173,rId176,word/media/image173.png,raw/fs_0672.png,PNG,2560,1440,RGB,2053896,9bc818ee0b0cf299df929b6e5d22b2d37e1a2d9bea84f6068563eca64fb6b133,,analysis/fs_0672_analysis.png,thumbnails/fs_0672.jpg,dlstupka/hth-baptisms-san-antonio-1788-1824--1858-1898,9f03a2632820a26b9724dac7a7a62e87776b1b04,dlstupka/hth,4b0d7c9a16b00eb463a94355f4a2aaf9e69af020,,,,,,,,,,not_reviewed,,
673,Baptisms-San-Antonio-Baptism-Records-1788-1824--1858-1898_p501-690.docx,174,rId177,word/media/image174.png,raw/fs_0673.png,PNG,2560,1440,RGB,2102493,9785974e1e9be231f03d7373c2844d8134e8e648ef6d2851271c87e5841f7b9e,,analysis/fs_0673_analysis.png,thumbnails/fs_0673.jpg,dlstupka/hth-baptisms-san-antonio-1788-1824--1858-1898,9f03a2632820a26b9724dac7a7a62e87776b1b04,dlstupka/hth,4b0d7c9a16b00eb463a94355f4a2aaf9e69af020,,,,,,,,,,not_reviewed,,
674,Baptisms-San-Antonio-Baptism-Records-1788-1824--1858-1898_p501-690.docx,175,rId178,word/media/image175.png,raw/fs_0674.png,PNG,2560,1440,RGB,2063659,9c1cd5cb4bbe19e6f91095e5096154de84a47b344be941f6a3bd36856e2f3d88,,analysis/fs_0674_analysis.png,thumbnails/fs_0674.jpg,dlstupka/hth-baptisms-san-antonio-1788-1824--1858-1898,9f03a2632820a26b9724dac7a7a62e87776b1b04,dlstupka/hth,4b0d7c9a16b00eb463a94355f4a2aaf9e69af020,,,,,,,,,,not_reviewed,,
675,Baptisms-San-Antonio-Baptism-Records-1788-1824--1858-1898_p501-690.docx,176,rId179,word/media/image176.png,raw/fs_0675.png,PNG,2560,1440,RGB,1302954,d0105907b967efc7696f0c7f07f66748c432fcfd59faae475c2457af55c2100e,,analysis/fs_0675_analysis.png,thumbnails/fs_0675.jpg,dlstupka/hth-baptisms-san-antonio-1788-1824--1858-1898,9f03a2632820a26b9724dac7a7a62e87776b1b04,dlstupka/hth,4b0d7c9a16b00eb463a94355f4a2aaf9e69af020,,,,,,,,,,not_reviewed,,
676,Baptisms-San-Antonio-Baptism-Records-1788-1824--1858-1898_p501-690.docx,177,rId180,word/media/image177.png,raw/fs_0676.png,PNG,2560,1440,RGB,1119717,9625fe3df00f906276b5a11fe7d98658684c453399b6c4f2f56bf8996c293e35,,analysis/fs_0676_analysis.png,thumbnails/fs_0676.jpg,dlstupka/hth-baptisms-san-antonio-1788-1824--1858-1898,9f03a2632820a26b9724dac7a7a62e87776b1b04,dlstupka/hth,4b0d7c9a16b00eb463a94355f4a2aaf9e69af020,,,,,,,,,,not_reviewed,,
677,Baptisms-San-Antonio-Baptism-Records-1788-1824--1858-1898_p501-690.docx,178,rId181,word/media/image178.png,raw/fs_0677.png,PNG,2560,1440,RGB,1700593,1cfa052af3e58aba6771b59cab10349ff0ac61aba3a3f25dcb5d558e1d69087e,,analysis/fs_0677_analysis.png,thumbnails/fs_0677.jpg,dlstupka/hth-baptisms-san-antonio-1788-1824--1858-1898,9f03a2632820a26b9724dac7a7a62e87776b1b04,dlstupka/hth,4b0d7c9a16b00eb463a94355f4a2aaf9e69af020,,,,,,,,,,not_reviewed,,
678,Baptisms-San-Antonio-Baptism-Records-1788-1824--1858-1898_p501-690.docx,179,rId182,word/media/image179.png,raw/fs_0678.png,PNG,2560,1440,RGB,1958747,1d1409550c36ee46c6933991140b495ab886f390da15ac48508dfa880d7b4a79,,analysis/fs_0678_analysis.png,thumbnails/fs_0678.jpg,dlstupka/hth-baptisms-san-antonio-1788-1824--1858-1898,9f03a2632820a26b9724dac7a7a62e87776b1b04,dlstupka/hth,4b0d7c9a16b00eb463a94355f4a2aaf9e69af020,,,,,,,,,,not_reviewed,,
679,Baptisms-San-Antonio-Baptism-Records-1788-1824--1858-1898_p501-690.docx,180,rId183,word/media/image180.png,raw/fs_0679.png,PNG,2560,1440,RGB,1917203,06164e0fc38e6fddd68eb498bafb9d6fda3b31a34a118269108db0ea1b22f7e0,,analysis/fs_0679_analysis.png,thumbnails/fs_0679.jpg,dlstupka/hth-baptisms-san-antonio-1788-1824--1858-1898,9f03a2632820a26b9724dac7a7a62e87776b1b04,dlstupka/hth,4b0d7c9a16b00eb463a94355f4a2aaf9e69af020,,,,,,,,,,not_reviewed,,
680,Baptisms-San-Antonio-Baptism-Records-1788-1824--1858-1898_p501-690.docx,181,rId184,word/media/image181.png,raw/fs_0680.png,PNG,2560,1440,RGB,1810095,79b6a2e03ef18be252bc992b1904c482f510189dd98eef683eda454b62ef4f67,,analysis/fs_0680_analysis.png,thumbnails/fs_0680.jpg,dlstupka/hth-baptisms-san-antonio-1788-1824--1858-1898,9f03a2632820a26b9724dac7a7a62e87776b1b04,dlstupka/hth,4b0d7c9a16b00eb463a94355f4a2aaf9e69af020,,,,,,,,,,not_reviewed,,
681,Baptisms-San-Antonio-Baptism-Records-1788-1824--1858-1898_p501-690.docx,182,rId185,word/media/image182.png,raw/fs_0681.png,PNG,2560,1440,RGB,1888237,526ae82679d89b32b4f7974f6cfe903f7d8258524eab773169420c5591a7e2a0,,analysis/fs_0681_analysis.png,thumbnails/fs_0681.jpg,dlstupka/hth-baptisms-san-antonio-1788-1824--1858-1898,9f03a2632820a26b9724dac7a7a62e87776b1b04,dlstupka/hth,4b0d7c9a16b00eb463a94355f4a2aaf9e69af020,,,,,,,,,,not_reviewed,,
682,Baptisms-San-Antonio-Baptism-Records-1788-1824--1858-1898_p501-690.docx,183,rId186,word/media/image183.png,raw/fs_0682.png,PNG,2560,1440,RGB,2030413,9d29a73eee861edc7742f0cfcf7f8c4e20510332683524dbec1c8e9cc1e9b398,,analysis/fs_0682_analysis.png,thumbnails/fs_0682.jpg,dlstupka/hth-baptisms-san-antonio-1788-1824--1858-1898,9f03a2632820a26b9724dac7a7a62e87776b1b04,dlstupka/hth,4b0d7c9a16b00eb463a94355f4a2aaf9e69af020,,,,,,,,,,not_reviewed,,
683,Baptisms-San-Antonio-Baptism-Records-1788-1824--1858-1898_p501-690.docx,184,rId187,word/media/image184.png,raw/fs_0683.png,PNG,2560,1440,RGB,1900598,8c720404a2b1c09d287f02a6362adeb24dac43879b499ec726c20b0120fc9473,,analysis/fs_0683_analysis.png,thumbnails/fs_0683.jpg,dlstupka/hth-baptisms-san-antonio-1788-1824--1858-1898,9f03a2632820a26b9724dac7a7a62e87776b1b04,dlstupka/hth,4b0d7c9a16b00eb463a94355f4a2aaf9e69af020,,,,,,,,,,not_reviewed,,
684,Baptisms-San-Antonio-Baptism-Records-1788-1824--1858-1898_p501-690.docx,185,rId188,word/media/image185.png,raw/fs_0684.png,PNG,2560,1440,RGB,1879967,5cce31f175646df042684059f825724f6a1a7a3b81b3cc3a590a02192c5be46d,,analysis/fs_0684_analysis.png,thumbnails/fs_0684.jpg,dlstupka/hth-baptisms-san-antonio-1788-1824--1858-1898,9f03a2632820a26b9724dac7a7a62e87776b1b04,dlstupka/hth,4b0d7c9a16b00eb463a94355f4a2aaf9e69af020,,,,,,,,,,not_reviewed,,
685,Baptisms-San-Antonio-Baptism-Records-1788-1824--1858-1898_p501-690.docx,186,rId189,word/media/image186.png,raw/fs_0685.png,PNG,2560,1440,RGB,2006053,7b9749a5fe54f6205690e6eb12a80ec7234f64f71a901aaeab059a9e785a0847,,analysis/fs_0685_analysis.png,thumbnails/fs_0685.jpg,dlstupka/hth-baptisms-san-antonio-1788-1824--1858-1898,9f03a2632820a26b9724dac7a7a62e87776b1b04,dlstupka/hth,4b0d7c9a16b00eb463a94355f4a2aaf9e69af020,,,,,,,,,,not_reviewed,,
686,Baptisms-San-Antonio-Baptism-Records-1788-1824--1858-1898_p501-690.docx,187,rId190,word/media/image187.png,raw/fs_0686.png,PNG,2560,1440,RGB,2023580,9997b8baabc72342597232ef85d8ebc4592c302669ad16676b1a358daf6350e8,,analysis/fs_0686_analysis.png,thumbnails/fs_0686.jpg,dlstupka/hth-baptisms-san-antonio-1788-1824--1858-1898,9f03a2632820a26b9724dac7a7a62e87776b1b04,dlstupka/hth,4b0d7c9a16b00eb463a94355f4a2aaf9e69af020,,,,,,,,,,not_reviewed,,
687,Baptisms-San-Antonio-Baptism-Records-1788-1824--1858-1898_p501-690.docx,188,rId191,word/media/image188.png,raw/fs_0687.png,PNG,2560,1440,RGB,2008710,2967647fd4bfa38a34b03d6af6d7a286d776a1bc823b6168a45bcca39f126489,,analysis/fs_0687_analysis.png,thumbnails/fs_0687.jpg,dlstupka/hth-baptisms-san-antonio-1788-1824--1858-1898,9f03a2632820a26b9724dac7a7a62e87776b1b04,dlstupka/hth,4b0d7c9a16b00eb463a94355f4a2aaf9e69af020,,,,,,,,,,not_reviewed,,
688,Baptisms-San-Antonio-Baptism-Records-1788-1824--1858-1898_p501-690.docx,189,rId192,word/media/image189.png,raw/fs_0688.png,PNG,2560,1440,RGB,1972751,1bf1a2527ef7abddf8c278bc332a6ef5d341ddc24544454a5be82db334651be9,,analysis/fs_0688_analysis.png,thumbnails/fs_0688.jpg,dlstupka/hth-baptisms-san-antonio-1788-1824--1858-1898,9f03a2632820a26b9724dac7a7a62e87776b1b04,dlstupka/hth,4b0d7c9a16b00eb463a94355f4a2aaf9e69af020,,,,,,,,,,not_reviewed,,
689,Baptisms-San-Antonio-Baptism-Records-1788-1824--1858-1898_p501-690.docx,190,rId193,word/media/image190.png,raw/fs_0689.png,PNG,2560,1440,RGB,2032157,c3b44cf1d87f530bfbac5a58b07ca8e6f3fbf0eedae423238f9fb6b0642ec48c,,analysis/fs_0689_analysis.png,thumbnails/fs_0689.jpg,dlstupka/hth-baptisms-san-antonio-1788-1824--1858-1898,9f03a2632820a26b9724dac7a7a62e87776b1b04,dlstupka/hth,4b0d7c9a16b00eb463a94355f4a2aaf9e69af020,,,,,,,,,,not_reviewed,,
690,Baptisms-San-Antonio-Baptism-Records-1788-1824--1858-1898_p691-700.docx,1,rId4,word/media/image1.png,raw/fs_0690.png,PNG,2560,1440,RGB,1919119,2c4783c2912294097938cbbd5c5efdb77b8c07018c36565e1d00b14c26b28cb0,,analysis/fs_0690_analysis.png,thumbnails/fs_0690.jpg,dlstupka/hth-baptisms-san-antonio-1788-1824--1858-1898,9f03a2632820a26b9724dac7a7a62e87776b1b04,dlstupka/hth,4b0d7c9a16b00eb463a94355f4a2aaf9e69af020,,,,,,,,,,not_reviewed,,
691,Baptisms-San-Antonio-Baptism-Records-1788-1824--1858-1898_p691-700.docx,2,rId5,word/media/image2.png,raw/fs_0691.png,PNG,2560,1440,RGB,1944944,9d57043cd378f9840659718d780f587676be224e11cd75361668a76d188c06cd,,analysis/fs_0691_analysis.png,thumbnails/fs_0691.jpg,dlstupka/hth-baptisms-san-antonio-1788-1824--1858-1898,9f03a2632820a26b9724dac7a7a62e87776b1b04,dlstupka/hth,4b0d7c9a16b00eb463a94355f4a2aaf9e69af020,,,,,,,,,,not_reviewed,,
692,Baptisms-San-Antonio-Baptism-Records-1788-1824--1858-1898_p691-700.docx,3,rId6,word/media/image3.png,raw/fs_0692.png,PNG,2560,1440,RGB,2031593,6035c74cb9679f9ec682767126412a173afd1fae23843822e20a7ba8064c965b,,analysis/fs_0692_analysis.png,thumbnails/fs_0692.jpg,dlstupka/hth-baptisms-san-antonio-1788-1824--1858-1898,9f03a2632820a26b9724dac7a7a62e87776b1b04,dlstupka/hth,4b0d7c9a16b00eb463a94355f4a2aaf9e69af020,,,,,,,,,,not_reviewed,,
693,Baptisms-San-Antonio-Baptism-Records-1788-1824--1858-1898_p691-700.docx,4,rId7,word/media/image4.png,raw/fs_0693.png,PNG,2560,1440,RGB,1936611,0b3cf2e1ab5f1653f595e2607f6a3fe0dc9bcd40d57a4236a63673a5e8d04d1e,,analysis/fs_0693_analysis.png,thumbnails/fs_0693.jpg,dlstupka/hth-baptisms-san-antonio-1788-1824--1858-1898,9f03a2632820a26b9724dac7a7a62e87776b1b04,dlstupka/hth,4b0d7c9a16b00eb463a94355f4a2aaf9e69af020,,,,,,,,,,not_reviewed,,
694,Baptisms-San-Antonio-Baptism-Records-1788-1824--1858-1898_p691-700.docx,5,rId8,word/media/image5.png,raw/fs_0694.png,PNG,2560,1440,RGB,2001127,3c7a7662c26941c034d88eaa60ad79f8244ba6ae8bf500cebb55a59b500fe734,,analysis/fs_0694_analysis.png,thumbnails/fs_0694.jpg,dlstupka/hth-baptisms-san-antonio-1788-1824--1858-1898,9f03a2632820a26b9724dac7a7a62e87776b1b04,dlstupka/hth,4b0d7c9a16b00eb463a94355f4a2aaf9e69af020,,,,,,,,,,not_reviewed,,
695,Baptisms-San-Antonio-Baptism-Records-1788-1824--1858-1898_p691-700.docx,6,rId9,word/media/image6.png,raw/fs_0695.png,PNG,2560,1440,RGB,1904344,e6c58d4d941876caded3017fddbc85e9c4c5ebdc9d1dabce001b81e0ffe00635,,analysis/fs_0695_analysis.png,thumbnails/fs_0695.jpg,dlstupka/hth-baptisms-san-antonio-1788-1824--1858-1898,9f03a2632820a26b9724dac7a7a62e87776b1b04,dlstupka/hth,4b0d7c9a16b00eb463a94355f4a2aaf9e69af020,,,,,,,,,,not_reviewed,,
696,Baptisms-San-Antonio-Baptism-Records-1788-1824--1858-1898_p691-700.docx,7,rId10,word/media/image7.png,raw/fs_0696.png,PNG,2560,1440,RGB,1968264,24174e878d1d5b2a2c7bb2f197c8c4e73a92207d53eed05264af863d11fc5dc2,,analysis/fs_0696_analysis.png,thumbnails/fs_0696.jpg,dlstupka/hth-baptisms-san-antonio-1788-1824--1858-1898,9f03a2632820a26b9724dac7a7a62e87776b1b04,dlstupka/hth,4b0d7c9a16b00eb463a94355f4a2aaf9e69af020,,,,,,,,,,not_reviewed,,
697,Baptisms-San-Antonio-Baptism-Records-1788-1824--1858-1898_p691-700.docx,8,rId11,word/media/image8.png,raw/fs_0697.png,PNG,2560,1440,RGB,1910007,669d0b5b14b2b87aa39088532f629cf06fca84691fc95803a144136ed3bbc719,,analysis/fs_0697_analysis.png,thumbnails/fs_0697.jpg,dlstupka/hth-baptisms-san-antonio-1788-1824--1858-1898,9f03a2632820a26b9724dac7a7a62e87776b1b04,dlstupka/hth,4b0d7c9a16b00eb463a94355f4a2aaf9e69af020,,,,,,,,,,not_reviewed,,
698,Baptisms-San-Antonio-Baptism-Records-1788-1824--1858-1898_p691-700.docx,9,rId12,word/media/image9.png,raw/fs_0698.png,PNG,2560,1440,RGB,2102546,2d3aacc86a2fe578483580f699af0061faf7af1624f4651803fded1523035a90,,analysis/fs_0698_analysis.png,thumbnails/fs_0698.jpg,dlstupka/hth-baptisms-san-antonio-1788-1824--1858-1898,9f03a2632820a26b9724dac7a7a62e87776b1b04,dlstupka/hth,4b0d7c9a16b00eb463a94355f4a2aaf9e69af020,,,,,,,,,,not_reviewed,,
699,Baptisms-San-Antonio-Baptism-Records-1788-1824--1858-1898_p691-700.docx,10,rId13,word/media/image10.png,raw/fs_0699.png,PNG,2560,1440,RGB,2104314,48ca5ded797a7abcd6f402ba9f4d9dcfcfdead87266ed8c0f9b0ff3482f7bb61,,analysis/fs_0699_analysis.png,thumbnails/fs_0699.jpg,dlstupka/hth-baptisms-san-antonio-1788-1824--1858-1898,9f03a2632820a26b9724dac7a7a62e87776b1b04,dlstupka/hth,4b0d7c9a16b00eb463a94355f4a2aaf9e69af020,,,,,,,,,,not_reviewed,,
700,Baptisms-San-Antonio-Baptism-Records-1788-1824--1858-1898_p701-710.docx,1,rId4,word/media/image1.png,raw/fs_0700.png,PNG,1690,1361,RGB,1936978,1ce711d1023390dcfaf335fc8360a384fb78e457a5a5927d404e3116389b5def,,analysis/fs_0700_analysis.png,thumbnails/fs_0700.jpg,dlstupka/hth-baptisms-san-antonio-1788-1824--1858-1898,9f03a2632820a26b9724dac7a7a62e87776b1b04,dlstupka/hth,4b0d7c9a16b00eb463a94355f4a2aaf9e69af020,,,,,,,,,,not_reviewed,,
701,Baptisms-San-Antonio-Baptism-Records-1788-1824--1858-1898_p701-710.docx,2,rId5,word/media/image2.png,raw/fs_0701.png,PNG,1690,1361,RGB,1923524,bcb2a446d0191f292bd891cdb45df82625625ee5a4a070b4560133d89c4d6429,,analysis/fs_0701_analysis.png,thumbnails/fs_0701.jpg,dlstupka/hth-baptisms-san-antonio-1788-1824--1858-1898,9f03a2632820a26b9724dac7a7a62e87776b1b04,dlstupka/hth,4b0d7c9a16b00eb463a94355f4a2aaf9e69af020,,,,,,,,,,not_reviewed,,
702,Baptisms-San-Antonio-Baptism-Records-1788-1824--1858-1898_p701-710.docx,3,rId6,word/media/image3.png,raw/fs_0702.png,PNG,1690,1361,RGB,1933046,68a3d8f097d56ebc9ae0d34fa29b1d76fe77f5750b8212e175e0b1f162e9ee90,,analysis/fs_0702_analysis.png,thumbnails/fs_0702.jpg,dlstupka/hth-baptisms-san-antonio-1788-1824--1858-1898,9f03a2632820a26b9724dac7a7a62e87776b1b04,dlstupka/hth,4b0d7c9a16b00eb463a94355f4a2aaf9e69af020,,,,,,,,,,not_reviewed,,
703,Baptisms-San-Antonio-Baptism-Records-1788-1824--1858-1898_p701-710.docx,4,rId7,word/media/image4.png,raw/fs_0703.png,PNG,1690,1361,RGB,1741904,d8fa34c4cf35c0de46721ed5a2497061b8617835b8d75ce084d0598e22c3642b,,analysis/fs_0703_analysis.png,thumbnails/fs_0703.jpg,dlstupka/hth-baptisms-san-antonio-1788-1824--1858-1898,9f03a2632820a26b9724dac7a7a62e87776b1b04,dlstupka/hth,4b0d7c9a16b00eb463a94355f4a2aaf9e69af020,,,,,,,,,,not_reviewed,,
704,Baptisms-San-Antonio-Baptism-Records-1788-1824--1858-1898_p701-710.docx,5,rId8,word/media/image5.png,raw/fs_0704.png,PNG,1690,1361,RGB,1933355,4a50a14de64e8f0aa3f9e5ef627d163489d5bbc1a1281f40bfe32b1cbedeb39f,,analysis/fs_0704_analysis.png,thumbnails/fs_0704.jpg,dlstupka/hth-baptisms-san-antonio-1788-1824--1858-1898,9f03a2632820a26b9724dac7a7a62e87776b1b04,dlstupka/hth,4b0d7c9a16b00eb463a94355f4a2aaf9e69af020,,,,,,,,,,not_reviewed,,
705,Baptisms-San-Antonio-Baptism-Records-1788-1824--1858-1898_p701-710.docx,6,rId9,word/media/image6.png,raw/fs_0705.png,PNG,1690,1361,RGB,1809799,9affe13051fb166a98b94b5ae63c4feb9560c21503ed72c646402031602f9386,,analysis/fs_0705_analysis.png,thumbnails/fs_0705.jpg,dlstupka/hth-baptisms-san-antonio-1788-1824--1858-1898,9f03a2632820a26b9724dac7a7a62e87776b1b04,dlstupka/hth,4b0d7c9a16b00eb463a94355f4a2aaf9e69af020,,,,,,,,,,not_reviewed,,
706,Baptisms-San-Antonio-Baptism-Records-1788-1824--1858-1898_p701-710.docx,7,rId10,word/media/image7.png,raw/fs_0706.png,PNG,1690,1361,RGB,1935529,86852a2ce3fa972ae6c9354298d434599f5dc2a23e0bf7f58628fc4111a4549a,,analysis/fs_0706_analysis.png,thumbnails/fs_0706.jpg,dlstupka/hth-baptisms-san-antonio-1788-1824--1858-1898,9f03a2632820a26b9724dac7a7a62e87776b1b04,dlstupka/hth,4b0d7c9a16b00eb463a94355f4a2aaf9e69af020,,,,,,,,,,not_reviewed,,
707,Baptisms-San-Antonio-Baptism-Records-1788-1824--1858-1898_p701-710.docx,8,rId11,word/media/image8.png,raw/fs_0707.png,PNG,1690,1361,RGB,1804975,c70542b17e3a92813a0b2ee461a91b7d9ccaba207fe0a97613a9e4449f14a9cd,,analysis/fs_0707_analysis.png,thumbnails/fs_0707.jpg,dlstupka/hth-baptisms-san-antonio-1788-1824--1858-1898,9f03a2632820a26b9724dac7a7a62e87776b1b04,dlstupka/hth,4b0d7c9a16b00eb463a94355f4a2aaf9e69af020,,,,,,,,,,not_reviewed,,
708,Baptisms-San-Antonio-Baptism-Records-1788-1824--1858-1898_p701-710.docx,9,rId12,word/media/image9.png,raw/fs_0708.png,PNG,1690,1361,RGB,1844866,9eff8a607eecee5a54f3d709d46e48f29385ca54055083d3148f18e62a89be05,,analysis/fs_0708_analysis.png,thumbnails/fs_0708.jpg,dlstupka/hth-baptisms-san-antonio-1788-1824--1858-1898,9f03a2632820a26b9724dac7a7a62e87776b1b04,dlstupka/hth,4b0d7c9a16b00eb463a94355f4a2aaf9e69af020,,,,,,,,,,not_reviewed,,
709,Baptisms-San-Antonio-Baptism-Records-1788-1824--1858-1898_p701-710.docx,10,rId13,word/media/image10.png,raw/fs_0709.png,PNG,1690,1361,RGB,1958737,0d75c6ebe1389ac9faa743151926ce7b31127d4a70c0334e2cce7905752b4fd8,,analysis/fs_0709_analysis.png,thumbnails/fs_0709.jpg,dlstupka/hth-baptisms-san-antonio-1788-1824--1858-1898,9f03a2632820a26b9724dac7a7a62e87776b1b04,dlstupka/hth,4b0d7c9a16b00eb463a94355f4a2aaf9e69af020,,,,,,,,,,not_reviewed,,
710,Baptisms-San-Antonio-Baptism-Records-1788-1824--1858-1898_p711-929.docx,1,rId4,word/media/image1.png,raw/fs_0710.png,PNG,1690,1361,RGB,1820840,63179c0c754c49c4b0f5f8831e85091050b777e85afcc84a0edb968d229094a2,,analysis/fs_0710_analysis.png,thumbnails/fs_0710.jpg,dlstupka/hth-baptisms-san-antonio-1788-1824--1858-1898,9f03a2632820a26b9724dac7a7a62e87776b1b04,dlstupka/hth,4b0d7c9a16b00eb463a94355f4a2aaf9e69af020,,,,,,,,,,not_reviewed,,
711,Baptisms-San-Antonio-Baptism-Records-1788-1824--1858-1898_p711-929.docx,2,rId5,word/media/image2.png,raw/fs_0711.png,PNG,1690,1361,RGB,1820088,141fe63ff3086f5ddaa615fb146b9f0f00650c40e425634e5ff899966ecb788b,,analysis/fs_0711_analysis.png,thumbnails/fs_0711.jpg,dlstupka/hth-baptisms-san-antonio-1788-1824--1858-1898,9f03a2632820a26b9724dac7a7a62e87776b1b04,dlstupka/hth,4b0d7c9a16b00eb463a94355f4a2aaf9e69af020,,,,,,,,,,not_reviewed,,
712,Baptisms-San-Antonio-Baptism-Records-1788-1824--1858-1898_p711-929.docx,3,rId6,word/media/image3.png,raw/fs_0712.png,PNG,1690,1361,RGB,1809671,f704ba44018e4492bf77a0f9ba9925abfc52b911218fb18d4f511f230a6b04f9,,analysis/fs_0712_analysis.png,thumbnails/fs_0712.jpg,dlstupka/hth-baptisms-san-antonio-1788-1824--1858-1898,9f03a2632820a26b9724dac7a7a62e87776b1b04,dlstupka/hth,4b0d7c9a16b00eb463a94355f4a2aaf9e69af020,,,,,,,,,,not_reviewed,,
713,Baptisms-San-Antonio-Baptism-Records-1788-1824--1858-1898_p711-929.docx,4,rId7,word/media/image4.png,raw/fs_0713.png,PNG,1690,1361,RGB,1932243,efd18b04c953ca0c848745eafb1b280dd6c0cf7b163d5bfd525a2cb07f202ea3,,analysis/fs_0713_analysis.png,thumbnails/fs_0713.jpg,dlstupka/hth-baptisms-san-antonio-1788-1824--1858-1898,9f03a2632820a26b9724dac7a7a62e87776b1b04,dlstupka/hth,4b0d7c9a16b00eb463a94355f4a2aaf9e69af020,,,,,,,,,,not_reviewed,,
714,Baptisms-San-Antonio-Baptism-Records-1788-1824--1858-1898_p711-929.docx,5,rId8,word/media/image5.png,raw/fs_0714.png,PNG,1690,1361,RGB,1805099,aa117ab4986c61add5b540c5fc0a82c84d183416c12d7ad52218d4f06e8971f8,,analysis/fs_0714_analysis.png,thumbnails/fs_0714.jpg,dlstupka/hth-baptisms-san-antonio-1788-1824--1858-1898,9f03a2632820a26b9724dac7a7a62e87776b1b04,dlstupka/hth,4b0d7c9a16b00eb463a94355f4a2aaf9e69af020,,,,,,,,,,not_reviewed,,
715,Baptisms-San-Antonio-Baptism-Records-1788-1824--1858-1898_p711-929.docx,6,rId9,word/media/image6.png,raw/fs_0715.png,PNG,1690,1361,RGB,1982856,0de3f2947495de55af66ad83b77d7c1fba6ffa071b7ce297f679711497118958,,analysis/fs_0715_analysis.png,thumbnails/fs_0715.jpg,dlstupka/hth-baptisms-san-antonio-1788-1824--1858-1898,9f03a2632820a26b9724dac7a7a62e87776b1b04,dlstupka/hth,4b0d7c9a16b00eb463a94355f4a2aaf9e69af020,,,,,,,,,,not_reviewed,,
716,Baptisms-San-Antonio-Baptism-Records-1788-1824--1858-1898_p711-929.docx,7,rId10,word/media/image7.png,raw/fs_0716.png,PNG,1690,1361,RGB,1844514,1f457745daa72b64cd506d0c5bae8b581d5f6da5816beb9cdb3361932dcd7aaa,,analysis/fs_0716_analysis.png,thumbnails/fs_0716.jpg,dlstupka/hth-baptisms-san-antonio-1788-1824--1858-1898,9f03a2632820a26b9724dac7a7a62e87776b1b04,dlstupka/hth,4b0d7c9a16b00eb463a94355f4a2aaf9e69af020,,,,,,,,,,not_reviewed,,
717,Baptisms-San-Antonio-Baptism-Records-1788-1824--1858-1898_p711-929.docx,8,rId11,word/media/image8.png,raw/fs_0717.png,PNG,1690,1361,RGB,2008248,e818c73d824809434fe03dcd286d773ca6d6ad9e1b1aec67762c0d07442e9bb6,,analysis/fs_0717_analysis.png,thumbnails/fs_0717.jpg,dlstupka/hth-baptisms-san-antonio-1788-1824--1858-1898,9f03a2632820a26b9724dac7a7a62e87776b1b04,dlstupka/hth,4b0d7c9a16b00eb463a94355f4a2aaf9e69af020,,,,,,,,,,not_reviewed,,
718,Baptisms-San-Antonio-Baptism-Records-1788-1824--1858-1898_p711-929.docx,9,rId12,word/media/image9.png,raw/fs_0718.png,PNG,1690,1361,RGB,1853880,9a5abaf29718dfac5bc299acbe8955ef2c99f944f9554e0ba2e8243efd67670c,,analysis/fs_0718_analysis.png,thumbnails/fs_0718.jpg,dlstupka/hth-baptisms-san-antonio-1788-1824--1858-1898,9f03a2632820a26b9724dac7a7a62e87776b1b04,dlstupka/hth,4b0d7c9a16b00eb463a94355f4a2aaf9e69af020,,,,,,,,,,not_reviewed,,
719,Baptisms-San-Antonio-Baptism-Records-1788-1824--1858-1898_p711-929.docx,10,rId13,word/media/image10.png,raw/fs_0719.png,PNG,1690,1361,RGB,1838694,6872963559ca23387c111913513ce9b848fae3d1510fb9b596b80994325773ce,,analysis/fs_0719_analysis.png,thumbnails/fs_0719.jpg,dlstupka/hth-baptisms-san-antonio-1788-1824--1858-1898,9f03a2632820a26b9724dac7a7a62e87776b1b04,dlstupka/hth,4b0d7c9a16b00eb463a94355f4a2aaf9e69af020,,,,,,,,,,not_reviewed,,
720,Baptisms-San-Antonio-Baptism-Records-1788-1824--1858-1898_p711-929.docx,11,rId14,word/media/image11.png,raw/fs_0720.png,PNG,1690,1361,RGB,1797697,f6d92e9f37a7367ab60ef0527e9ad12f28d0a10fc20f68c6d09107cdd2c0093f,,analysis/fs_0720_analysis.png,thumbnails/fs_0720.jpg,dlstupka/hth-baptisms-san-antonio-1788-1824--1858-1898,9f03a2632820a26b9724dac7a7a62e87776b1b04,dlstupka/hth,4b0d7c9a16b00eb463a94355f4a2aaf9e69af020,,,,,,,,,,not_reviewed,,
721,Baptisms-San-Antonio-Baptism-Records-1788-1824--1858-1898_p711-929.docx,12,rId15,word/media/image12.png,raw/fs_0721.png,PNG,1690,1361,RGB,1823329,3e6f706056b98e25208b7dc389ef61cd25a8550a924d328e3910ec9ca7f4d4b2,,analysis/fs_0721_analysis.png,thumbnails/fs_0721.jpg,dlstupka/hth-baptisms-san-antonio-1788-1824--1858-1898,9f03a2632820a26b9724dac7a7a62e87776b1b04,dlstupka/hth,4b0d7c9a16b00eb463a94355f4a2aaf9e69af020,,,,,,,,,,not_reviewed,,
722,Baptisms-San-Antonio-Baptism-Records-1788-1824--1858-1898_p711-929.docx,13,rId16,word/media/image13.png,raw/fs_0722.png,PNG,1690,1361,RGB,1781046,354aed3a63ba95ff6a67acaa67ae9800676739498489284da4b44d9e9fda2a6a,,analysis/fs_0722_analysis.png,thumbnails/fs_0722.jpg,dlstupka/hth-baptisms-san-antonio-1788-1824--1858-1898,9f03a2632820a26b9724dac7a7a62e87776b1b04,dlstupka/hth,4b0d7c9a16b00eb463a94355f4a2aaf9e69af020,,,,,,,,,,not_reviewed,,
723,Baptisms-San-Antonio-Baptism-Records-1788-1824--1858-1898_p711-929.docx,14,rId17,word/media/image14.png,raw/fs_0723.png,PNG,1690,1361,RGB,1749304,bed04ddccc0bf37da8266a92ffb96a6fbce38167dbe35a386b9455d1f35114c5,,analysis/fs_0723_analysis.png,thumbnails/fs_0723.jpg,dlstupka/hth-baptisms-san-antonio-1788-1824--1858-1898,9f03a2632820a26b9724dac7a7a62e87776b1b04,dlstupka/hth,4b0d7c9a16b00eb463a94355f4a2aaf9e69af020,,,,,,,,,,not_reviewed,,
724,Baptisms-San-Antonio-Baptism-Records-1788-1824--1858-1898_p711-929.docx,15,rId18,word/media/image15.png,raw/fs_0724.png,PNG,1690,1361,RGB,1779682,71b0cc8320f82935faa4a72701f049f9c0ff36c9e552cad404614c1807f17b2d,,analysis/fs_0724_analysis.png,thumbnails/fs_0724.jpg,dlstupka/hth-baptisms-san-antonio-1788-1824--1858-1898,9f03a2632820a26b9724dac7a7a62e87776b1b04,dlstupka/hth,4b0d7c9a16b00eb463a94355f4a2aaf9e69af020,,,,,,,,,,not_reviewed,,
725,Baptisms-San-Antonio-Baptism-Records-1788-1824--1858-1898_p711-929.docx,16,rId19,word/media/image16.png,raw/fs_0725.png,PNG,1690,1361,RGB,1757554,294366667eb891f85ee8c8c9ff2eca7679f9b24fb3c89ca6a46af94fa8837ce8,,analysis/fs_0725_analysis.png,thumbnails/fs_0725.jpg,dlstupka/hth-baptisms-san-antonio-1788-1824--1858-1898,9f03a2632820a26b9724dac7a7a62e87776b1b04,dlstupka/hth,4b0d7c9a16b00eb463a94355f4a2aaf9e69af020,,,,,,,,,,not_reviewed,,
726,Baptisms-San-Antonio-Baptism-Records-1788-1824--1858-1898_p711-929.docx,17,rId20,word/media/image17.png,raw/fs_0726.png,PNG,1690,1361,RGB,1712276,d3456d9d6bbb6dbc9e4c261c7a6c235f90bfbd0a1260b4d116b733c82754bd41,,analysis/fs_0726_analysis.png,thumbnails/fs_0726.jpg,dlstupka/hth-baptisms-san-antonio-1788-1824--1858-1898,9f03a2632820a26b9724dac7a7a62e87776b1b04,dlstupka/hth,4b0d7c9a16b00eb463a94355f4a2aaf9e69af020,,,,,,,,,,not_reviewed,,
727,Baptisms-San-Antonio-Baptism-Records-1788-1824--1858-1898_p711-929.docx,18,rId21,word/media/image18.png,raw/fs_0727.png,PNG,1690,1361,RGB,1752515,855d34ec0fd462512e701138e027232ca8dc0cb7cfc7fed4d665db7312f80b5e,,analysis/fs_0727_analysis.png,thumbnails/fs_0727.jpg,dlstupka/hth-baptisms-san-antonio-1788-1824--1858-1898,9f03a2632820a26b9724dac7a7a62e87776b1b04,dlstupka/hth,4b0d7c9a16b00eb463a94355f4a2aaf9e69af020,,,,,,,,,,not_reviewed,,
728,Baptisms-San-Antonio-Baptism-Records-1788-1824--1858-1898_p711-929.docx,19,rId22,word/media/image19.png,raw/fs_0728.png,PNG,1690,1361,RGB,1718437,8567214a932734967eb5db7b8bdcc6f7f807bafff98c39b474feec7965989eb7,,analysis/fs_0728_analysis.png,thumbnails/fs_0728.jpg,dlstupka/hth-baptisms-san-antonio-1788-1824--1858-1898,9f03a2632820a26b9724dac7a7a62e87776b1b04,dlstupka/hth,4b0d7c9a16b00eb463a94355f4a2aaf9e69af020,,,,,,,,,,not_reviewed,,
729,Baptisms-San-Antonio-Baptism-Records-1788-1824--1858-1898_p711-929.docx,20,rId23,word/media/image20.png,raw/fs_0729.png,PNG,1690,1361,RGB,1943170,055170cab4ec43f428ced5d6e4bc89ff1bc84fc0d17381917ee0fcd5f33a8758,,analysis/fs_0729_analysis.png,thumbnails/fs_0729.jpg,dlstupka/hth-baptisms-san-antonio-1788-1824--1858-1898,9f03a2632820a26b9724dac7a7a62e87776b1b04,dlstupka/hth,4b0d7c9a16b00eb463a94355f4a2aaf9e69af020,,,,,,,,,,not_reviewed,,
730,Baptisms-San-Antonio-Baptism-Records-1788-1824--1858-1898_p711-929.docx,21,rId24,word/media/image21.png,raw/fs_0730.png,PNG,1690,1361,RGB,1765956,27759d42e85328a89ebf717d5d7cfbd8e2019ca9f374ede66c3ee71b9599b16a,,analysis/fs_0730_analysis.png,thumbnails/fs_0730.jpg,dlstupka/hth-baptisms-san-antonio-1788-1824--1858-1898,9f03a2632820a26b9724dac7a7a62e87776b1b04,dlstupka/hth,4b0d7c9a16b00eb463a94355f4a2aaf9e69af020,,,,,,,,,,not_reviewed,,
731,Baptisms-San-Antonio-Baptism-Records-1788-1824--1858-1898_p711-929.docx,22,rId25,word/media/image22.png,raw/fs_0731.png,PNG,1690,1361,RGB,1873696,7780a2f3784fcc1c719137ce984b6579d484f52345f6e9f727958e62881c6d37,,analysis/fs_0731_analysis.png,thumbnails/fs_0731.jpg,dlstupka/hth-baptisms-san-antonio-1788-1824--1858-1898,9f03a2632820a26b9724dac7a7a62e87776b1b04,dlstupka/hth,4b0d7c9a16b00eb463a94355f4a2aaf9e69af020,,,,,,,,,,not_reviewed,,
732,Baptisms-San-Antonio-Baptism-Records-1788-1824--1858-1898_p711-929.docx,23,rId26,word/media/image23.png,raw/fs_0732.png,PNG,1690,1361,RGB,1819687,fb986b990caa9671e189cb0f9802dc3a6f7b7ae56ec1f9e7a822885ee8f88a03,,analysis/fs_0732_analysis.png,thumbnails/fs_0732.jpg,dlstupka/hth-baptisms-san-antonio-1788-1824--1858-1898,9f03a2632820a26b9724dac7a7a62e87776b1b04,dlstupka/hth,4b0d7c9a16b00eb463a94355f4a2aaf9e69af020,,,,,,,,,,not_reviewed,,
733,Baptisms-San-Antonio-Baptism-Records-1788-1824--1858-1898_p711-929.docx,24,rId27,word/media/image24.png,raw/fs_0733.png,PNG,1690,1361,RGB,1773106,795dc9126549a6ca883aada9f11284c8c22e12ed17682f9aa22c1cf927bae16b,,analysis/fs_0733_analysis.png,thumbnails/fs_0733.jpg,dlstupka/hth-baptisms-san-antonio-1788-1824--1858-1898,9f03a2632820a26b9724dac7a7a62e87776b1b04,dlstupka/hth,4b0d7c9a16b00eb463a94355f4a2aaf9e69af020,,,,,,,,,,not_reviewed,,
734,Baptisms-San-Antonio-Baptism-Records-1788-1824--1858-1898_p711-929.docx,25,rId28,word/media/image25.png,raw/fs_0734.png,PNG,1690,1361,RGB,1717989,3a02581b09fc2116589e44d3f50097e572d6f0f2d6b5cc7441e9c64903750564,,analysis/fs_0734_analysis.png,thumbnails/fs_0734.jpg,dlstupka/hth-baptisms-san-antonio-1788-1824--1858-1898,9f03a2632820a26b9724dac7a7a62e87776b1b04,dlstupka/hth,4b0d7c9a16b00eb463a94355f4a2aaf9e69af020,,,,,,,,,,not_reviewed,,
735,Baptisms-San-Antonio-Baptism-Records-1788-1824--1858-1898_p711-929.docx,26,rId29,word/media/image26.png,raw/fs_0735.png,PNG,1690,1361,RGB,1825196,621787d13fc8283ca374304c90f50c0a3bb26016bb803effba9c5bc4ac79a4a7,,analysis/fs_0735_analysis.png,thumbnails/fs_0735.jpg,dlstupka/hth-baptisms-san-antonio-1788-1824--1858-1898,9f03a2632820a26b9724dac7a7a62e87776b1b04,dlstupka/hth,4b0d7c9a16b00eb463a94355f4a2aaf9e69af020,,,,,,,,,,not_reviewed,,
736,Baptisms-San-Antonio-Baptism-Records-1788-1824--1858-1898_p711-929.docx,27,rId30,word/media/image27.png,raw/fs_0736.png,PNG,1690,1361,RGB,2031308,7dbb4e7843a5fd393a930c7a4735e73458eeb9a75c403f71ba7719dc99e58be8,,analysis/fs_0736_analysis.png,thumbnails/fs_0736.jpg,dlstupka/hth-baptisms-san-antonio-1788-1824--1858-1898,9f03a2632820a26b9724dac7a7a62e87776b1b04,dlstupka/hth,4b0d7c9a16b00eb463a94355f4a2aaf9e69af020,,,,,,,,,,not_reviewed,,
737,Baptisms-San-Antonio-Baptism-Records-1788-1824--1858-1898_p711-929.docx,28,rId31,word/media/image28.png,raw/fs_0737.png,PNG,1690,1361,RGB,1888106,fc4f36f9ca00d11333edbce50aca6918f6d6a66514d027ce834068e87933d10f,,analysis/fs_0737_analysis.png,thumbnails/fs_0737.jpg,dlstupka/hth-baptisms-san-antonio-1788-1824--1858-1898,9f03a2632820a26b9724dac7a7a62e87776b1b04,dlstupka/hth,4b0d7c9a16b00eb463a94355f4a2aaf9e69af020,,,,,,,,,,not_reviewed,,
738,Baptisms-San-Antonio-Baptism-Records-1788-1824--1858-1898_p711-929.docx,29,rId32,word/media/image29.png,raw/fs_0738.png,PNG,1690,1361,RGB,1810135,72644907708b2c004cfa0e481d3ef80f235c3c5ae2b14894695950aa87d3cfa6,,analysis/fs_0738_analysis.png,thumbnails/fs_0738.jpg,dlstupka/hth-baptisms-san-antonio-1788-1824--1858-1898,9f03a2632820a26b9724dac7a7a62e87776b1b04,dlstupka/hth,4b0d7c9a16b00eb463a94355f4a2aaf9e69af020,,,,,,,,,,not_reviewed,,
739,Baptisms-San-Antonio-Baptism-Records-1788-1824--1858-1898_p711-929.docx,30,rId33,word/media/image30.png,raw/fs_0739.png,PNG,1690,1361,RGB,1816068,9e0a189bdede911462d922ac27abc11f841902b1e1d47d61323d6a73e8c386b1,,analysis/fs_0739_analysis.png,thumbnails/fs_0739.jpg,dlstupka/hth-baptisms-san-antonio-1788-1824--1858-1898,9f03a2632820a26b9724dac7a7a62e87776b1b04,dlstupka/hth,4b0d7c9a16b00eb463a94355f4a2aaf9e69af020,,,,,,,,,,not_reviewed,,
740,Baptisms-San-Antonio-Baptism-Records-1788-1824--1858-1898_p711-929.docx,31,rId34,word/media/image31.png,raw/fs_0740.png,PNG,1690,1361,RGB,1811479,d7efa3376cb4626c6f5d3b271c7f57aa3bed5eefdb43749b649fa00b902cb6a2,,analysis/fs_0740_analysis.png,thumbnails/fs_0740.jpg,dlstupka/hth-baptisms-san-antonio-1788-1824--1858-1898,9f03a2632820a26b9724dac7a7a62e87776b1b04,dlstupka/hth,4b0d7c9a16b00eb463a94355f4a2aaf9e69af020,,,,,,,,,,not_reviewed,,
741,Baptisms-San-Antonio-Baptism-Records-1788-1824--1858-1898_p711-929.docx,32,rId35,word/media/image32.png,raw/fs_0741.png,PNG,1690,1361,RGB,1813442,0a0ce43beed6a6711201a75523fe693126f0a05886da32cc88288a48804a49d3,,analysis/fs_0741_analysis.png,thumbnails/fs_0741.jpg,dlstupka/hth-baptisms-san-antonio-1788-1824--1858-1898,9f03a2632820a26b9724dac7a7a62e87776b1b04,dlstupka/hth,4b0d7c9a16b00eb463a94355f4a2aaf9e69af020,,,,,,,,,,not_reviewed,,
742,Baptisms-San-Antonio-Baptism-Records-1788-1824--1858-1898_p711-929.docx,33,rId36,word/media/image33.png,raw/fs_0742.png,PNG,1690,1361,RGB,1993161,0cfb26fd9c610e8ca82b71f26d3ba428112ae457bfd8a324122c591989b04600,,analysis/fs_0742_analysis.png,thumbnails/fs_0742.jpg,dlstupka/hth-baptisms-san-antonio-1788-1824--1858-1898,9f03a2632820a26b9724dac7a7a62e87776b1b04,dlstupka/hth,4b0d7c9a16b00eb463a94355f4a2aaf9e69af020,,,,,,,,,,not_reviewed,,
743,Baptisms-San-Antonio-Baptism-Records-1788-1824--1858-1898_p711-929.docx,34,rId37,word/media/image34.png,raw/fs_0743.png,PNG,1690,1361,RGB,1914144,8c23dc8bd2d7458f80c464f341a79b90a9ac22cae78e51010554fdced021d470,,analysis/fs_0743_analysis.png,thumbnails/fs_0743.jpg,dlstupka/hth-baptisms-san-antonio-1788-1824--1858-1898,9f03a2632820a26b9724dac7a7a62e87776b1b04,dlstupka/hth,4b0d7c9a16b00eb463a94355f4a2aaf9e69af020,,,,,,,,,,not_reviewed,,
744,Baptisms-San-Antonio-Baptism-Records-1788-1824--1858-1898_p711-929.docx,35,rId38,word/media/image35.png,raw/fs_0744.png,PNG,1690,1361,RGB,1794892,fa62c68dffd497307906d990f1cab413bfc7a96e249225e450b012a26297a8d5,,analysis/fs_0744_analysis.png,thumbnails/fs_0744.jpg,dlstupka/hth-baptisms-san-antonio-1788-1824--1858-1898,9f03a2632820a26b9724dac7a7a62e87776b1b04,dlstupka/hth,4b0d7c9a16b00eb463a94355f4a2aaf9e69af020,,,,,,,,,,not_reviewed,,
745,Baptisms-San-Antonio-Baptism-Records-1788-1824--1858-1898_p711-929.docx,36,rId39,word/media/image36.png,raw/fs_0745.png,PNG,1690,1361,RGB,1822734,4dc98290d27086514e3a94cdb93cf107a962c6b8682ed0112d1f164cafeadc75,,analysis/fs_0745_analysis.png,thumbnails/fs_0745.jpg,dlstupka/hth-baptisms-san-antonio-1788-1824--1858-1898,9f03a2632820a26b9724dac7a7a62e87776b1b04,dlstupka/hth,4b0d7c9a16b00eb463a94355f4a2aaf9e69af020,,,,,,,,,,not_reviewed,,
746,Baptisms-San-Antonio-Baptism-Records-1788-1824--1858-1898_p711-929.docx,37,rId40,word/media/image37.png,raw/fs_0746.png,PNG,1690,1361,RGB,1865110,69d02f200a5c5882536c5b82a2820ca7227f685a9c026cbd7090f51501ce061e,,analysis/fs_0746_analysis.png,thumbnails/fs_0746.jpg,dlstupka/hth-baptisms-san-antonio-1788-1824--1858-1898,9f03a2632820a26b9724dac7a7a62e87776b1b04,dlstupka/hth,4b0d7c9a16b00eb463a94355f4a2aaf9e69af020,,,,,,,,,,not_reviewed,,
747,Baptisms-San-Antonio-Baptism-Records-1788-1824--1858-1898_p711-929.docx,38,rId41,word/media/image38.png,raw/fs_0747.png,PNG,1690,1361,RGB,1895295,0e58c1cf286f353879a9814a0e2513e86a4324267606f153134e6b0f6c77b873,,analysis/fs_0747_analysis.png,thumbnails/fs_0747.jpg,dlstupka/hth-baptisms-san-antonio-1788-1824--1858-1898,9f03a2632820a26b9724dac7a7a62e87776b1b04,dlstupka/hth,4b0d7c9a16b00eb463a94355f4a2aaf9e69af020,,,,,,,,,,not_reviewed,,
748,Baptisms-San-Antonio-Baptism-Records-1788-1824--1858-1898_p711-929.docx,39,rId42,word/media/image39.png,raw/fs_0748.png,PNG,1690,1361,RGB,1861526,11fbe2c8f3a1de9af4aebbd1b667aea3a987a8fe2f6a72c812cdda2808abc7ae,,analysis/fs_0748_analysis.png,thumbnails/fs_0748.jpg,dlstupka/hth-baptisms-san-antonio-1788-1824--1858-1898,9f03a2632820a26b9724dac7a7a62e87776b1b04,dlstupka/hth,4b0d7c9a16b00eb463a94355f4a2aaf9e69af020,,,,,,,,,,not_reviewed,,
749,Baptisms-San-Antonio-Baptism-Records-1788-1824--1858-1898_p711-929.docx,40,rId43,word/media/image40.png,raw/fs_0749.png,PNG,1690,1361,RGB,1976199,883200178cab19b4bcca1bdd3597e3f2ffa4ce66b49b41d923e819d8dc62a8f3,,analysis/fs_0749_analysis.png,thumbnails/fs_0749.jpg,dlstupka/hth-baptisms-san-antonio-1788-1824--1858-1898,9f03a2632820a26b9724dac7a7a62e87776b1b04,dlstupka/hth,4b0d7c9a16b00eb463a94355f4a2aaf9e69af020,,,,,,,,,,not_reviewed,,
750,Baptisms-San-Antonio-Baptism-Records-1788-1824--1858-1898_p711-929.docx,41,rId44,word/media/image41.png,raw/fs_0750.png,PNG,1690,1361,RGB,1815475,4254adc2384008d5ed20b6927de813647ce05fc1ce578a46497925b5a8f405e0,,analysis/fs_0750_analysis.png,thumbnails/fs_0750.jpg,dlstupka/hth-baptisms-san-antonio-1788-1824--1858-1898,9f03a2632820a26b9724dac7a7a62e87776b1b04,dlstupka/hth,4b0d7c9a16b00eb463a94355f4a2aaf9e69af020,,,,,,,,,,not_reviewed,,
751,Baptisms-San-Antonio-Baptism-Records-1788-1824--1858-1898_p711-929.docx,42,rId45,word/media/image42.png,raw/fs_0751.png,PNG,1690,1361,RGB,1749596,c1d1f112adeb720cd10d74085db2cbb83eadfb51809bd8f3c3f29a20fc2f892b,,analysis/fs_0751_analysis.png,thumbnails/fs_0751.jpg,dlstupka/hth-baptisms-san-antonio-1788-1824--1858-1898,9f03a2632820a26b9724dac7a7a62e87776b1b04,dlstupka/hth,4b0d7c9a16b00eb463a94355f4a2aaf9e69af020,,,,,,,,,,not_reviewed,,
752,Baptisms-San-Antonio-Baptism-Records-1788-1824--1858-1898_p711-929.docx,43,rId46,word/media/image43.png,raw/fs_0752.png,PNG,1690,1361,RGB,1917057,99470372a06b165e402ac428743499c4297a9b30d913ff0de81ff14c7f1ebbd4,,analysis/fs_0752_analysis.png,thumbnails/fs_0752.jpg,dlstupka/hth-baptisms-san-antonio-1788-1824--1858-1898,9f03a2632820a26b9724dac7a7a62e87776b1b04,dlstupka/hth,4b0d7c9a16b00eb463a94355f4a2aaf9e69af020,,,,,,,,,,not_reviewed,,
753,Baptisms-San-Antonio-Baptism-Records-1788-1824--1858-1898_p711-929.docx,44,rId47,word/media/image44.png,raw/fs_0753.png,PNG,1690,1361,RGB,1782818,8141f86808d5cafa1c657efa904794ad42cadf1957a37522cb5c03b8d1e406c3,,analysis/fs_0753_analysis.png,thumbnails/fs_0753.jpg,dlstupka/hth-baptisms-san-antonio-1788-1824--1858-1898,9f03a2632820a26b9724dac7a7a62e87776b1b04,dlstupka/hth,4b0d7c9a16b00eb463a94355f4a2aaf9e69af020,,,,,,,,,,not_reviewed,,
754,Baptisms-San-Antonio-Baptism-Records-1788-1824--1858-1898_p711-929.docx,45,rId48,word/media/image45.png,raw/fs_0754.png,PNG,1690,1361,RGB,1983001,b41bb9f3a24eb3ee7346597e104c8b982ebd74959378f47ab0b51d35b6610b43,,analysis/fs_0754_analysis.png,thumbnails/fs_0754.jpg,dlstupka/hth-baptisms-san-antonio-1788-1824--1858-1898,9f03a2632820a26b9724dac7a7a62e87776b1b04,dlstupka/hth,4b0d7c9a16b00eb463a94355f4a2aaf9e69af020,,,,,,,,,,not_reviewed,,
755,Baptisms-San-Antonio-Baptism-Records-1788-1824--1858-1898_p711-929.docx,46,rId49,word/media/image46.png,raw/fs_0755.png,PNG,1690,1361,RGB,1886443,fdd691c1a781aff158c15a546212dfdbea3ba534bdba7d9ec6b169273673c561,,analysis/fs_0755_analysis.png,thumbnails/fs_0755.jpg,dlstupka/hth-baptisms-san-antonio-1788-1824--1858-1898,9f03a2632820a26b9724dac7a7a62e87776b1b04,dlstupka/hth,4b0d7c9a16b00eb463a94355f4a2aaf9e69af020,,,,,,,,,,not_reviewed,,
756,Baptisms-San-Antonio-Baptism-Records-1788-1824--1858-1898_p711-929.docx,47,rId50,word/media/image47.png,raw/fs_0756.png,PNG,1690,1361,RGB,1797282,1596904b47670ceb5249ea9e53ca035c1da535c8abbe0d1266ef3d40faaa5d01,,analysis/fs_0756_analysis.png,thumbnails/fs_0756.jpg,dlstupka/hth-baptisms-san-antonio-1788-1824--1858-1898,9f03a2632820a26b9724dac7a7a62e87776b1b04,dlstupka/hth,4b0d7c9a16b00eb463a94355f4a2aaf9e69af020,,,,,,,,,,not_reviewed,,
757,Baptisms-San-Antonio-Baptism-Records-1788-1824--1858-1898_p711-929.docx,48,rId51,word/media/image48.png,raw/fs_0757.png,PNG,1690,1361,RGB,1725008,38568da40cb95117e2b0b02e9b1d2e3d9dfe4061b2af6f780e689dea840c7df8,,analysis/fs_0757_analysis.png,thumbnails/fs_0757.jpg,dlstupka/hth-baptisms-san-antonio-1788-1824--1858-1898,9f03a2632820a26b9724dac7a7a62e87776b1b04,dlstupka/hth,4b0d7c9a16b00eb463a94355f4a2aaf9e69af020,,,,,,,,,,not_reviewed,,
758,Baptisms-San-Antonio-Baptism-Records-1788-1824--1858-1898_p711-929.docx,49,rId52,word/media/image49.png,raw/fs_0758.png,PNG,1690,1361,RGB,1801920,113cb63968e53b401bf6d4061e6ba411b198b1ade29ae21a41293222fe0794d8,,analysis/fs_0758_analysis.png,thumbnails/fs_0758.jpg,dlstupka/hth-baptisms-san-antonio-1788-1824--1858-1898,9f03a2632820a26b9724dac7a7a62e87776b1b04,dlstupka/hth,4b0d7c9a16b00eb463a94355f4a2aaf9e69af020,,,,,,,,,,not_reviewed,,
759,Baptisms-San-Antonio-Baptism-Records-1788-1824--1858-1898_p711-929.docx,50,rId53,word/media/image50.png,raw/fs_0759.png,PNG,1690,1361,RGB,1786150,8ce5a8abfff3ffba7aed3e144eabeb9279d154982ba4637340897848815ac221,,analysis/fs_0759_analysis.png,thumbnails/fs_0759.jpg,dlstupka/hth-baptisms-san-antonio-1788-1824--1858-1898,9f03a2632820a26b9724dac7a7a62e87776b1b04,dlstupka/hth,4b0d7c9a16b00eb463a94355f4a2aaf9e69af020,,,,,,,,,,not_reviewed,,
760,Baptisms-San-Antonio-Baptism-Records-1788-1824--1858-1898_p711-929.docx,51,rId54,word/media/image51.png,raw/fs_0760.png,PNG,1690,1361,RGB,1766849,514f5ee767a5dffed0ec2e91278f2c439736e964365ede3c158e9e5c947b1c08,,analysis/fs_0760_analysis.png,thumbnails/fs_0760.jpg,dlstupka/hth-baptisms-san-antonio-1788-1824--1858-1898,9f03a2632820a26b9724dac7a7a62e87776b1b04,dlstupka/hth,4b0d7c9a16b00eb463a94355f4a2aaf9e69af020,,,,,,,,,,not_reviewed,,
761,Baptisms-San-Antonio-Baptism-Records-1788-1824--1858-1898_p711-929.docx,52,rId55,word/media/image52.png,raw/fs_0761.png,PNG,1690,1361,RGB,1743941,8bee65c1b1efd8a0d4e5c3a8669a506546999940503b328377eb9dcdbca68532,,analysis/fs_0761_analysis.png,thumbnails/fs_0761.jpg,dlstupka/hth-baptisms-san-antonio-1788-1824--1858-1898,9f03a2632820a26b9724dac7a7a62e87776b1b04,dlstupka/hth,4b0d7c9a16b00eb463a94355f4a2aaf9e69af020,,,,,,,,,,not_reviewed,,
762,Baptisms-San-Antonio-Baptism-Records-1788-1824--1858-1898_p711-929.docx,53,rId56,word/media/image53.png,raw/fs_0762.png,PNG,1690,1361,RGB,1728551,aecc8c14a52f7035c33662bded1769230b0bdc887070512dc155acb67384ea5b,,analysis/fs_0762_analysis.png,thumbnails/fs_0762.jpg,dlstupka/hth-baptisms-san-antonio-1788-1824--1858-1898,9f03a2632820a26b9724dac7a7a62e87776b1b04,dlstupka/hth,4b0d7c9a16b00eb463a94355f4a2aaf9e69af020,,,,,,,,,,not_reviewed,,
763,Baptisms-San-Antonio-Baptism-Records-1788-1824--1858-1898_p711-929.docx,54,rId57,word/media/image54.png,raw/fs_0763.png,PNG,1690,1361,RGB,1762733,087923c1eba9589063b95a76a1fecad6bb20b90ddba082794d42ab21cf31675b,,analysis/fs_0763_analysis.png,thumbnails/fs_0763.jpg,dlstupka/hth-baptisms-san-antonio-1788-1824--1858-1898,9f03a2632820a26b9724dac7a7a62e87776b1b04,dlstupka/hth,4b0d7c9a16b00eb463a94355f4a2aaf9e69af020,,,,,,,,,,not_reviewed,,
764,Baptisms-San-Antonio-Baptism-Records-1788-1824--1858-1898_p711-929.docx,55,rId58,word/media/image55.png,raw/fs_0764.png,PNG,1690,1361,RGB,1758870,9278c966b90e86442bdbd0c165e3f0c3d3062e63e02791d26759d9f59472b417,,analysis/fs_0764_analysis.png,thumbnails/fs_0764.jpg,dlstupka/hth-baptisms-san-antonio-1788-1824--1858-1898,9f03a2632820a26b9724dac7a7a62e87776b1b04,dlstupka/hth,4b0d7c9a16b00eb463a94355f4a2aaf9e69af020,,,,,,,,,,not_reviewed,,
765,Baptisms-San-Antonio-Baptism-Records-1788-1824--1858-1898_p711-929.docx,56,rId59,word/media/image56.png,raw/fs_0765.png,PNG,1690,1361,RGB,1684406,a0fe97907dd02c24512fa700cff1464fa31be9540fb2a307d0dee55b239ed12e,,analysis/fs_0765_analysis.png,thumbnails/fs_0765.jpg,dlstupka/hth-baptisms-san-antonio-1788-1824--1858-1898,9f03a2632820a26b9724dac7a7a62e87776b1b04,dlstupka/hth,4b0d7c9a16b00eb463a94355f4a2aaf9e69af020,,,,,,,,,,not_reviewed,,
766,Baptisms-San-Antonio-Baptism-Records-1788-1824--1858-1898_p711-929.docx,57,rId60,word/media/image57.png,raw/fs_0766.png,PNG,1690,1361,RGB,1791599,910ceb2e8d7742d76f576b78d0b34ff7afcc40d5e6a68a0b0d26c6d4aca593d8,,analysis/fs_0766_analysis.png,thumbnails/fs_0766.jpg,dlstupka/hth-baptisms-san-antonio-1788-1824--1858-1898,9f03a2632820a26b9724dac7a7a62e87776b1b04,dlstupka/hth,4b0d7c9a16b00eb463a94355f4a2aaf9e69af020,,,,,,,,,,not_reviewed,,
767,Baptisms-San-Antonio-Baptism-Records-1788-1824--1858-1898_p711-929.docx,58,rId61,word/media/image58.png,raw/fs_0767.png,PNG,1690,1361,RGB,1774152,58bdc27724275c4112297ac9e20506afdae5ac6dc0fccbb3ca0798c33ece0ce0,,analysis/fs_0767_analysis.png,thumbnails/fs_0767.jpg,dlstupka/hth-baptisms-san-antonio-1788-1824--1858-1898,9f03a2632820a26b9724dac7a7a62e87776b1b04,dlstupka/hth,4b0d7c9a16b00eb463a94355f4a2aaf9e69af020,,,,,,,,,,not_reviewed,,
768,Baptisms-San-Antonio-Baptism-Records-1788-1824--1858-1898_p711-929.docx,59,rId62,word/media/image59.png,raw/fs_0768.png,PNG,1690,1361,RGB,1819873,d95cc0fc1b3aa177cfa563352f7eaa5de7db4af0b87c03276f664d2ba8b281a9,,analysis/fs_0768_analysis.png,thumbnails/fs_0768.jpg,dlstupka/hth-baptisms-san-antonio-1788-1824--1858-1898,9f03a2632820a26b9724dac7a7a62e87776b1b04,dlstupka/hth,4b0d7c9a16b00eb463a94355f4a2aaf9e69af020,,,,,,,,,,not_reviewed,,
769,Baptisms-San-Antonio-Baptism-Records-1788-1824--1858-1898_p711-929.docx,60,rId63,word/media/image60.png,raw/fs_0769.png,PNG,1690,1361,RGB,1742453,62b29f5523f4f6e7d8c669eeb1dbe810913417031bff4e7fb2dbade73aee9170,,analysis/fs_0769_analysis.png,thumbnails/fs_0769.jpg,dlstupka/hth-baptisms-san-antonio-1788-1824--1858-1898,9f03a2632820a26b9724dac7a7a62e87776b1b04,dlstupka/hth,4b0d7c9a16b00eb463a94355f4a2aaf9e69af020,,,,,,,,,,not_reviewed,,
770,Baptisms-San-Antonio-Baptism-Records-1788-1824--1858-1898_p711-929.docx,61,rId64,word/media/image61.png,raw/fs_0770.png,PNG,1690,1361,RGB,1752039,914b7d7c5496ea150ba23ccfd6abe9dec0dd8376aad384ee34c22ea54277e184,,analysis/fs_0770_analysis.png,thumbnails/fs_0770.jpg,dlstupka/hth-baptisms-san-antonio-1788-1824--1858-1898,9f03a2632820a26b9724dac7a7a62e87776b1b04,dlstupka/hth,4b0d7c9a16b00eb463a94355f4a2aaf9e69af020,,,,,,,,,,not_reviewed,,
771,Baptisms-San-Antonio-Baptism-Records-1788-1824--1858-1898_p711-929.docx,62,rId65,word/media/image62.png,raw/fs_0771.png,PNG,1690,1361,RGB,1794357,2dd98770f0ae4b0f0d044216dbe3ef1834c78e577b3ba930c588649c4037f42d,,analysis/fs_0771_analysis.png,thumbnails/fs_0771.jpg,dlstupka/hth-baptisms-san-antonio-1788-1824--1858-1898,9f03a2632820a26b9724dac7a7a62e87776b1b04,dlstupka/hth,4b0d7c9a16b00eb463a94355f4a2aaf9e69af020,,,,,,,,,,not_reviewed,,
772,Baptisms-San-Antonio-Baptism-Records-1788-1824--1858-1898_p711-929.docx,63,rId66,word/media/image63.png,raw/fs_0772.png,PNG,1690,1361,RGB,1807657,9322dd7e59f6ad753959080c6da6d7e4ee56e6796b557e11309ad3632a59c194,,analysis/fs_0772_analysis.png,thumbnails/fs_0772.jpg,dlstupka/hth-baptisms-san-antonio-1788-1824--1858-1898,9f03a2632820a26b9724dac7a7a62e87776b1b04,dlstupka/hth,4b0d7c9a16b00eb463a94355f4a2aaf9e69af020,,,,,,,,,,not_reviewed,,
773,Baptisms-San-Antonio-Baptism-Records-1788-1824--1858-1898_p711-929.docx,64,rId67,word/media/image64.png,raw/fs_0773.png,PNG,1690,1361,RGB,1758285,d27cccbdde01f782c2b6e740b589648e0790ddcf1e1f382c6be8b206fc30dbc8,,analysis/fs_0773_analysis.png,thumbnails/fs_0773.jpg,dlstupka/hth-baptisms-san-antonio-1788-1824--1858-1898,9f03a2632820a26b9724dac7a7a62e87776b1b04,dlstupka/hth,4b0d7c9a16b00eb463a94355f4a2aaf9e69af020,,,,,,,,,,not_reviewed,,
774,Baptisms-San-Antonio-Baptism-Records-1788-1824--1858-1898_p711-929.docx,65,rId68,word/media/image65.png,raw/fs_0774.png,PNG,1690,1361,RGB,1684297,256e9d8b54925cdce7b1f739b76c1abd98ec367f580a8d56aee4fa9879ca246e,,analysis/fs_0774_analysis.png,thumbnails/fs_0774.jpg,dlstupka/hth-baptisms-san-antonio-1788-1824--1858-1898,9f03a2632820a26b9724dac7a7a62e87776b1b04,dlstupka/hth,4b0d7c9a16b00eb463a94355f4a2aaf9e69af020,,,,,,,,,,not_reviewed,,
775,Baptisms-San-Antonio-Baptism-Records-1788-1824--1858-1898_p711-929.docx,66,rId69,word/media/image66.png,raw/fs_0775.png,PNG,1690,1361,RGB,1801007,7114b213973a9e12f417789348f212501a5d1711e5f247e8ac5942c7cc33f4d4,,analysis/fs_0775_analysis.png,thumbnails/fs_0775.jpg,dlstupka/hth-baptisms-san-antonio-1788-1824--1858-1898,9f03a2632820a26b9724dac7a7a62e87776b1b04,dlstupka/hth,4b0d7c9a16b00eb463a94355f4a2aaf9e69af020,,,,,,,,,,not_reviewed,,
776,Baptisms-San-Antonio-Baptism-Records-1788-1824--1858-1898_p711-929.docx,67,rId70,word/media/image67.png,raw/fs_0776.png,PNG,1690,1361,RGB,1807041,adb250fd75298494cff18c5a753bb1d8bf359226e63b16ecb915d9854c67771c,,analysis/fs_0776_analysis.png,thumbnails/fs_0776.jpg,dlstupka/hth-baptisms-san-antonio-1788-1824--1858-1898,9f03a2632820a26b9724dac7a7a62e87776b1b04,dlstupka/hth,4b0d7c9a16b00eb463a94355f4a2aaf9e69af020,,,,,,,,,,not_reviewed,,
777,Baptisms-San-Antonio-Baptism-Records-1788-1824--1858-1898_p711-929.docx,68,rId71,word/media/image68.png,raw/fs_0777.png,PNG,1690,1361,RGB,1743736,5114c6f4d89c2c052212527fd95affff3aadce07328d9185c6e092c38859e4d6,,analysis/fs_0777_analysis.png,thumbnails/fs_0777.jpg,dlstupka/hth-baptisms-san-antonio-1788-1824--1858-1898,9f03a2632820a26b9724dac7a7a62e87776b1b04,dlstupka/hth,4b0d7c9a16b00eb463a94355f4a2aaf9e69af020,,,,,,,,,,not_reviewed,,
778,Baptisms-San-Antonio-Baptism-Records-1788-1824--1858-1898_p711-929.docx,69,rId72,word/media/image69.png,raw/fs_0778.png,PNG,1690,1361,RGB,1758094,41d7c36709490a5814145241e8ef2724bbe16936733b8cde3ebb101aa66fb4b9,,analysis/fs_0778_analysis.png,thumbnails/fs_0778.jpg,dlstupka/hth-baptisms-san-antonio-1788-1824--1858-1898,9f03a2632820a26b9724dac7a7a62e87776b1b04,dlstupka/hth,4b0d7c9a16b00eb463a94355f4a2aaf9e69af020,,,,,,,,,,not_reviewed,,
779,Baptisms-San-Antonio-Baptism-Records-1788-1824--1858-1898_p711-929.docx,70,rId73,word/media/image70.png,raw/fs_0779.png,PNG,1690,1361,RGB,1740750,7d90abdf9a94362f80edb9f1e88c72081cda86ad60cda8811b0dbdcb83291f07,,analysis/fs_0779_analysis.png,thumbnails/fs_0779.jpg,dlstupka/hth-baptisms-san-antonio-1788-1824--1858-1898,9f03a2632820a26b9724dac7a7a62e87776b1b04,dlstupka/hth,4b0d7c9a16b00eb463a94355f4a2aaf9e69af020,,,,,,,,,,not_reviewed,,
780,Baptisms-San-Antonio-Baptism-Records-1788-1824--1858-1898_p711-929.docx,71,rId74,word/media/image71.png,raw/fs_0780.png,PNG,1690,1361,RGB,1851584,9538db826a1ee843446498ad4e9adffabe5016e3ea4198c1366f503ae06bca8d,,analysis/fs_0780_analysis.png,thumbnails/fs_0780.jpg,dlstupka/hth-baptisms-san-antonio-1788-1824--1858-1898,9f03a2632820a26b9724dac7a7a62e87776b1b04,dlstupka/hth,4b0d7c9a16b00eb463a94355f4a2aaf9e69af020,,,,,,,,,,not_reviewed,,
781,Baptisms-San-Antonio-Baptism-Records-1788-1824--1858-1898_p711-929.docx,72,rId75,word/media/image72.png,raw/fs_0781.png,PNG,1690,1361,RGB,1736626,69fa3798eadc08c9f59d6e320ca9a365bc9dfe3606a3b373bac3cbb68fe8ea09,,analysis/fs_0781_analysis.png,thumbnails/fs_0781.jpg,dlstupka/hth-baptisms-san-antonio-1788-1824--1858-1898,9f03a2632820a26b9724dac7a7a62e87776b1b04,dlstupka/hth,4b0d7c9a16b00eb463a94355f4a2aaf9e69af020,,,,,,,,,,not_reviewed,,
782,Baptisms-San-Antonio-Baptism-Records-1788-1824--1858-1898_p711-929.docx,73,rId76,word/media/image73.png,raw/fs_0782.png,PNG,1690,1361,RGB,1681563,76ff48f7193872386323288f58de709ea611189ba750f8f86339596d8d8790ef,,analysis/fs_0782_analysis.png,thumbnails/fs_0782.jpg,dlstupka/hth-baptisms-san-antonio-1788-1824--1858-1898,9f03a2632820a26b9724dac7a7a62e87776b1b04,dlstupka/hth,4b0d7c9a16b00eb463a94355f4a2aaf9e69af020,,,,,,,,,,not_reviewed,,
783,Baptisms-San-Antonio-Baptism-Records-1788-1824--1858-1898_p711-929.docx,74,rId77,word/media/image74.png,raw/fs_0783.png,PNG,1690,1361,RGB,1798702,ebe7c1757a13981093336bacef63f75d3eef4f76b3b60b60ca9809e9520c4227,,analysis/fs_0783_analysis.png,thumbnails/fs_0783.jpg,dlstupka/hth-baptisms-san-antonio-1788-1824--1858-1898,9f03a2632820a26b9724dac7a7a62e87776b1b04,dlstupka/hth,4b0d7c9a16b00eb463a94355f4a2aaf9e69af020,,,,,,,,,,not_reviewed,,
784,Baptisms-San-Antonio-Baptism-Records-1788-1824--1858-1898_p711-929.docx,75,rId78,word/media/image75.png,raw/fs_0784.png,PNG,1690,1361,RGB,1786306,f22f8fa843dd695742653b08c2f84f8acbcebcf24ad44454e9cb49fbecf26705,,analysis/fs_0784_analysis.png,thumbnails/fs_0784.jpg,dlstupka/hth-baptisms-san-antonio-1788-1824--1858-1898,9f03a2632820a26b9724dac7a7a62e87776b1b04,dlstupka/hth,4b0d7c9a16b00eb463a94355f4a2aaf9e69af020,,,,,,,,,,not_reviewed,,
785,Baptisms-San-Antonio-Baptism-Records-1788-1824--1858-1898_p711-929.docx,76,rId79,word/media/image76.png,raw/fs_0785.png,PNG,1690,1361,RGB,1791849,643561c7d62739277be1a0beef64dc0ec314695ca389caf7ef6d620588af2e1d,,analysis/fs_0785_analysis.png,thumbnails/fs_0785.jpg,dlstupka/hth-baptisms-san-antonio-1788-1824--1858-1898,9f03a2632820a26b9724dac7a7a62e87776b1b04,dlstupka/hth,4b0d7c9a16b00eb463a94355f4a2aaf9e69af020,,,,,,,,,,not_reviewed,,
786,Baptisms-San-Antonio-Baptism-Records-1788-1824--1858-1898_p711-929.docx,77,rId80,word/media/image77.png,raw/fs_0786.png,PNG,1690,1361,RGB,1767276,3507f7552170524d7559cdf221b3e81d27c8be86c7830bebfb1142168b35accb,,analysis/fs_0786_analysis.png,thumbnails/fs_0786.jpg,dlstupka/hth-baptisms-san-antonio-1788-1824--1858-1898,9f03a2632820a26b9724dac7a7a62e87776b1b04,dlstupka/hth,4b0d7c9a16b00eb463a94355f4a2aaf9e69af020,,,,,,,,,,not_reviewed,,
787,Baptisms-San-Antonio-Baptism-Records-1788-1824--1858-1898_p711-929.docx,78,rId81,word/media/image78.png,raw/fs_0787.png,PNG,1690,1361,RGB,1759750,06896e6da9f6ef03212512bc92ee0073e438643ccaa18a4954b54072797589e3,,analysis/fs_0787_analysis.png,thumbnails/fs_0787.jpg,dlstupka/hth-baptisms-san-antonio-1788-1824--1858-1898,9f03a2632820a26b9724dac7a7a62e87776b1b04,dlstupka/hth,4b0d7c9a16b00eb463a94355f4a2aaf9e69af020,,,,,,,,,,not_reviewed,,
788,Baptisms-San-Antonio-Baptism-Records-1788-1824--1858-1898_p711-929.docx,79,rId82,word/media/image79.png,raw/fs_0788.png,PNG,1690,1361,RGB,1693284,8324e1be27a1abd5175644d11be12bfcb9907bcdc97e0fea9152845e4814d1aa,,analysis/fs_0788_analysis.png,thumbnails/fs_0788.jpg,dlstupka/hth-baptisms-san-antonio-1788-1824--1858-1898,9f03a2632820a26b9724dac7a7a62e87776b1b04,dlstupka/hth,4b0d7c9a16b00eb463a94355f4a2aaf9e69af020,,,,,,,,,,not_reviewed,,
789,Baptisms-San-Antonio-Baptism-Records-1788-1824--1858-1898_p711-929.docx,80,rId83,word/media/image80.png,raw/fs_0789.png,PNG,1690,1361,RGB,1689413,52163d47dc55b7b3bfc2417c0e63bd57a060d7c39da2251dc2cd10d66fbc7be5,,analysis/fs_0789_analysis.png,thumbnails/fs_0789.jpg,dlstupka/hth-baptisms-san-antonio-1788-1824--1858-1898,9f03a2632820a26b9724dac7a7a62e87776b1b04,dlstupka/hth,4b0d7c9a16b00eb463a94355f4a2aaf9e69af020,,,,,,,,,,not_reviewed,,
790,Baptisms-San-Antonio-Baptism-Records-1788-1824--1858-1898_p711-929.docx,81,rId84,word/media/image81.png,raw/fs_0790.png,PNG,1690,1361,RGB,1739848,a9237889187217789fc73f0740980e7e83fe72941066f2fbdc84cef23d8a5e27,,analysis/fs_0790_analysis.png,thumbnails/fs_0790.jpg,dlstupka/hth-baptisms-san-antonio-1788-1824--1858-1898,9f03a2632820a26b9724dac7a7a62e87776b1b04,dlstupka/hth,4b0d7c9a16b00eb463a94355f4a2aaf9e69af020,,,,,,,,,,not_reviewed,,
791,Baptisms-San-Antonio-Baptism-Records-1788-1824--1858-1898_p711-929.docx,82,rId85,word/media/image82.png,raw/fs_0791.png,PNG,1690,1361,RGB,1796975,57d600630836be45fe40e36b63b966a04ea04f3dcd9a8ec0475ee1a0d021b20e,,analysis/fs_0791_analysis.png,thumbnails/fs_0791.jpg,dlstupka/hth-baptisms-san-antonio-1788-1824--1858-1898,9f03a2632820a26b9724dac7a7a62e87776b1b04,dlstupka/hth,4b0d7c9a16b00eb463a94355f4a2aaf9e69af020,,,,,,,,,,not_reviewed,,
792,Baptisms-San-Antonio-Baptism-Records-1788-1824--1858-1898_p711-929.docx,83,rId86,word/media/image83.png,raw/fs_0792.png,PNG,1690,1361,RGB,1766287,79711636a38940a3134c0080ebbf715187d306c5871a12ba084022cd6fcc43a9,,analysis/fs_0792_analysis.png,thumbnails/fs_0792.jpg,dlstupka/hth-baptisms-san-antonio-1788-1824--1858-1898,9f03a2632820a26b9724dac7a7a62e87776b1b04,dlstupka/hth,4b0d7c9a16b00eb463a94355f4a2aaf9e69af020,,,,,,,,,,not_reviewed,,
793,Baptisms-San-Antonio-Baptism-Records-1788-1824--1858-1898_p711-929.docx,84,rId87,word/media/image84.png,raw/fs_0793.png,PNG,1690,1361,RGB,1804589,a8dbd5b23e4af191198b27dc6500936ad763417078f63796e2b6ffa03ca97aed,,analysis/fs_0793_analysis.png,thumbnails/fs_0793.jpg,dlstupka/hth-baptisms-san-antonio-1788-1824--1858-1898,9f03a2632820a26b9724dac7a7a62e87776b1b04,dlstupka/hth,4b0d7c9a16b00eb463a94355f4a2aaf9e69af020,,,,,,,,,,not_reviewed,,
794,Baptisms-San-Antonio-Baptism-Records-1788-1824--1858-1898_p711-929.docx,85,rId88,word/media/image85.png,raw/fs_0794.png,PNG,1690,1361,RGB,1723695,211b3e34e8dc687fa3efe36cb5cbdde980d7a298952038b805d72a8c01b76783,,analysis/fs_0794_analysis.png,thumbnails/fs_0794.jpg,dlstupka/hth-baptisms-san-antonio-1788-1824--1858-1898,9f03a2632820a26b9724dac7a7a62e87776b1b04,dlstupka/hth,4b0d7c9a16b00eb463a94355f4a2aaf9e69af020,,,,,,,,,,not_reviewed,,
795,Baptisms-San-Antonio-Baptism-Records-1788-1824--1858-1898_p711-929.docx,86,rId89,word/media/image86.png,raw/fs_0795.png,PNG,1690,1361,RGB,1764496,b6d153c22a709531c2cea80c6caa741da159de1e82d7a8f5b707d1c962c488fd,,analysis/fs_0795_analysis.png,thumbnails/fs_0795.jpg,dlstupka/hth-baptisms-san-antonio-1788-1824--1858-1898,9f03a2632820a26b9724dac7a7a62e87776b1b04,dlstupka/hth,4b0d7c9a16b00eb463a94355f4a2aaf9e69af020,,,,,,,,,,not_reviewed,,
796,Baptisms-San-Antonio-Baptism-Records-1788-1824--1858-1898_p711-929.docx,87,rId90,word/media/image87.png,raw/fs_0796.png,PNG,1690,1361,RGB,1758718,21a1e629dbf5c5de70222395c6187f4806f7f29294bbbb79f35347cd366f21fc,,analysis/fs_0796_analysis.png,thumbnails/fs_0796.jpg,dlstupka/hth-baptisms-san-antonio-1788-1824--1858-1898,9f03a2632820a26b9724dac7a7a62e87776b1b04,dlstupka/hth,4b0d7c9a16b00eb463a94355f4a2aaf9e69af020,,,,,,,,,,not_reviewed,,
797,Baptisms-San-Antonio-Baptism-Records-1788-1824--1858-1898_p711-929.docx,88,rId91,word/media/image88.png,raw/fs_0797.png,PNG,1690,1361,RGB,1806834,e374648070857aff46d9bd8fb2d5730802d0a42dc5222be4558f2217e5a1e821,,analysis/fs_0797_analysis.png,thumbnails/fs_0797.jpg,dlstupka/hth-baptisms-san-antonio-1788-1824--1858-1898,9f03a2632820a26b9724dac7a7a62e87776b1b04,dlstupka/hth,4b0d7c9a16b00eb463a94355f4a2aaf9e69af020,,,,,,,,,,not_reviewed,,
798,Baptisms-San-Antonio-Baptism-Records-1788-1824--1858-1898_p711-929.docx,89,rId92,word/media/image89.png,raw/fs_0798.png,PNG,1690,1361,RGB,1774644,196bd048689b1d1232dba6a0c68e2b1a3190eff2f002dc80a432c1ce0e3bcc3a,,analysis/fs_0798_analysis.png,thumbnails/fs_0798.jpg,dlstupka/hth-baptisms-san-antonio-1788-1824--1858-1898,9f03a2632820a26b9724dac7a7a62e87776b1b04,dlstupka/hth,4b0d7c9a16b00eb463a94355f4a2aaf9e69af020,,,,,,,,,,not_reviewed,,
799,Baptisms-San-Antonio-Baptism-Records-1788-1824--1858-1898_p711-929.docx,90,rId93,word/media/image90.png,raw/fs_0799.png,PNG,1690,1361,RGB,1752083,2b6b7c16557937b3bcfcb5a3b92ac66ed740176e14c8e87f129bf9cadb63b3dc,,analysis/fs_0799_analysis.png,thumbnails/fs_0799.jpg,dlstupka/hth-baptisms-san-antonio-1788-1824--1858-1898,9f03a2632820a26b9724dac7a7a62e87776b1b04,dlstupka/hth,4b0d7c9a16b00eb463a94355f4a2aaf9e69af020,,,,,,,,,,not_reviewed,,
800,Baptisms-San-Antonio-Baptism-Records-1788-1824--1858-1898_p711-929.docx,91,rId94,word/media/image91.png,raw/fs_0800.png,PNG,1690,1361,RGB,1746986,9ab6a68d7b7d0acee2f08ee7b128d7f35d1169f919a30d09e1339955cd39fe22,,analysis/fs_0800_analysis.png,thumbnails/fs_0800.jpg,dlstupka/hth-baptisms-san-antonio-1788-1824--1858-1898,9f03a2632820a26b9724dac7a7a62e87776b1b04,dlstupka/hth,4b0d7c9a16b00eb463a94355f4a2aaf9e69af020,,,,,,,,,,not_reviewed,,
801,Baptisms-San-Antonio-Baptism-Records-1788-1824--1858-1898_p711-929.docx,92,rId95,word/media/image92.png,raw/fs_0801.png,PNG,1690,1361,RGB,1751768,720491eceff5993392011dab52b62f9893a480273388ab34c1f2de60ba34a348,,analysis/fs_0801_analysis.png,thumbnails/fs_0801.jpg,dlstupka/hth-baptisms-san-antonio-1788-1824--1858-1898,9f03a2632820a26b9724dac7a7a62e87776b1b04,dlstupka/hth,4b0d7c9a16b00eb463a94355f4a2aaf9e69af020,,,,,,,,,,not_reviewed,,
802,Baptisms-San-Antonio-Baptism-Records-1788-1824--1858-1898_p711-929.docx,93,rId96,word/media/image93.png,raw/fs_0802.png,PNG,1690,1361,RGB,1811771,ac32533010b051e265df8d3ce688930de95d1f556d2d76e0413d8db2ef344db0,,analysis/fs_0802_analysis.png,thumbnails/fs_0802.jpg,dlstupka/hth-baptisms-san-antonio-1788-1824--1858-1898,9f03a2632820a26b9724dac7a7a62e87776b1b04,dlstupka/hth,4b0d7c9a16b00eb463a94355f4a2aaf9e69af020,,,,,,,,,,not_reviewed,,
803,Baptisms-San-Antonio-Baptism-Records-1788-1824--1858-1898_p711-929.docx,94,rId97,word/media/image94.png,raw/fs_0803.png,PNG,1690,1361,RGB,1807235,7aca8f3d8c463087d60e3bb7e1b6a0430a35043083b4e5f1d252e73d4faec1d5,,analysis/fs_0803_analysis.png,thumbnails/fs_0803.jpg,dlstupka/hth-baptisms-san-antonio-1788-1824--1858-1898,9f03a2632820a26b9724dac7a7a62e87776b1b04,dlstupka/hth,4b0d7c9a16b00eb463a94355f4a2aaf9e69af020,,,,,,,,,,not_reviewed,,
804,Baptisms-San-Antonio-Baptism-Records-1788-1824--1858-1898_p711-929.docx,95,rId98,word/media/image95.png,raw/fs_0804.png,PNG,1690,1361,RGB,1789991,996d6d06b676fc889cdc5920ee8ee1a9c5b92cc7540368ea80f29b7ab1ad0ef6,,analysis/fs_0804_analysis.png,thumbnails/fs_0804.jpg,dlstupka/hth-baptisms-san-antonio-1788-1824--1858-1898,9f03a2632820a26b9724dac7a7a62e87776b1b04,dlstupka/hth,4b0d7c9a16b00eb463a94355f4a2aaf9e69af020,,,,,,,,,,not_reviewed,,
805,Baptisms-San-Antonio-Baptism-Records-1788-1824--1858-1898_p711-929.docx,96,rId99,word/media/image96.png,raw/fs_0805.png,PNG,1690,1361,RGB,1751733,ba73ee03ba4d1abef9c8f41c0c541d8409e5fb855d4d5012e0b8252aa23e2235,,analysis/fs_0805_analysis.png,thumbnails/fs_0805.jpg,dlstupka/hth-baptisms-san-antonio-1788-1824--1858-1898,9f03a2632820a26b9724dac7a7a62e87776b1b04,dlstupka/hth,4b0d7c9a16b00eb463a94355f4a2aaf9e69af020,,,,,,,,,,not_reviewed,,
806,Baptisms-San-Antonio-Baptism-Records-1788-1824--1858-1898_p711-929.docx,97,rId100,word/media/image97.png,raw/fs_0806.png,PNG,1690,1361,RGB,1829850,0c96cdf6b19ead5198763696a6a085c40ff8ed1a8d0d1f4d3ae91ef0cb0763cc,,analysis/fs_0806_analysis.png,thumbnails/fs_0806.jpg,dlstupka/hth-baptisms-san-antonio-1788-1824--1858-1898,9f03a2632820a26b9724dac7a7a62e87776b1b04,dlstupka/hth,4b0d7c9a16b00eb463a94355f4a2aaf9e69af020,,,,,,,,,,not_reviewed,,
807,Baptisms-San-Antonio-Baptism-Records-1788-1824--1858-1898_p711-929.docx,98,rId101,word/media/image98.png,raw/fs_0807.png,PNG,1690,1361,RGB,1827792,0bf30146f978bb6a88cf9df2578af03f8e5ccaac17d56898d92450746420da1c,,analysis/fs_0807_analysis.png,thumbnails/fs_0807.jpg,dlstupka/hth-baptisms-san-antonio-1788-1824--1858-1898,9f03a2632820a26b9724dac7a7a62e87776b1b04,dlstupka/hth,4b0d7c9a16b00eb463a94355f4a2aaf9e69af020,,,,,,,,,,not_reviewed,,
808,Baptisms-San-Antonio-Baptism-Records-1788-1824--1858-1898_p711-929.docx,99,rId102,word/media/image99.png,raw/fs_0808.png,PNG,1690,1361,RGB,1797660,9effa765c0da16736996442b300fa2c3d05ef5d5c0e0c117debb285fce37ca04,,analysis/fs_0808_analysis.png,thumbnails/fs_0808.jpg,dlstupka/hth-baptisms-san-antonio-1788-1824--1858-1898,9f03a2632820a26b9724dac7a7a62e87776b1b04,dlstupka/hth,4b0d7c9a16b00eb463a94355f4a2aaf9e69af020,,,,,,,,,,not_reviewed,,
809,Baptisms-San-Antonio-Baptism-Records-1788-1824--1858-1898_p711-929.docx,100,rId103,word/media/image100.png,raw/fs_0809.png,PNG,1690,1361,RGB,1840788,eef19428a88626e9957f04a3688f9ba8eaf9de407c836b373e9f12008bba7829,,analysis/fs_0809_analysis.png,thumbnails/fs_0809.jpg,dlstupka/hth-baptisms-san-antonio-1788-1824--1858-1898,9f03a2632820a26b9724dac7a7a62e87776b1b04,dlstupka/hth,4b0d7c9a16b00eb463a94355f4a2aaf9e69af020,,,,,,,,,,not_reviewed,,
810,Baptisms-San-Antonio-Baptism-Records-1788-1824--1858-1898_p711-929.docx,101,rId104,word/media/image101.png,raw/fs_0810.png,PNG,1690,1361,RGB,1879752,be801de7bd911e74797b5462f76f634e59e05ec3195702dec494cd3421d8cb12,,analysis/fs_0810_analysis.png,thumbnails/fs_0810.jpg,dlstupka/hth-baptisms-san-antonio-1788-1824--1858-1898,9f03a2632820a26b9724dac7a7a62e87776b1b04,dlstupka/hth,4b0d7c9a16b00eb463a94355f4a2aaf9e69af020,,,,,,,,,,not_reviewed,,
811,Baptisms-San-Antonio-Baptism-Records-1788-1824--1858-1898_p711-929.docx,102,rId105,word/media/image102.png,raw/fs_0811.png,PNG,1690,1361,RGB,1814551,ccf9155065d748c0f44d72afb6f244c9c7a1f90832e05a4944b172dc04e6e548,,analysis/fs_0811_analysis.png,thumbnails/fs_0811.jpg,dlstupka/hth-baptisms-san-antonio-1788-1824--1858-1898,9f03a2632820a26b9724dac7a7a62e87776b1b04,dlstupka/hth,4b0d7c9a16b00eb463a94355f4a2aaf9e69af020,,,,,,,,,,not_reviewed,,
812,Baptisms-San-Antonio-Baptism-Records-1788-1824--1858-1898_p711-929.docx,103,rId106,word/media/image103.png,raw/fs_0812.png,PNG,1690,1361,RGB,1858320,4a09958309de14e1174cda81240bdef9960ca4880be2f03d6765a153a9b8d9cd,,analysis/fs_0812_analysis.png,thumbnails/fs_0812.jpg,dlstupka/hth-baptisms-san-antonio-1788-1824--1858-1898,9f03a2632820a26b9724dac7a7a62e87776b1b04,dlstupka/hth,4b0d7c9a16b00eb463a94355f4a2aaf9e69af020,,,,,,,,,,not_reviewed,,
813,Baptisms-San-Antonio-Baptism-Records-1788-1824--1858-1898_p711-929.docx,104,rId107,word/media/image104.png,raw/fs_0813.png,PNG,1690,1361,RGB,1847823,e96c2760a46aaed1ba8b3202a75d836af822c97755e2a590718563f97a712a71,,analysis/fs_0813_analysis.png,thumbnails/fs_0813.jpg,dlstupka/hth-baptisms-san-antonio-1788-1824--1858-1898,9f03a2632820a26b9724dac7a7a62e87776b1b04,dlstupka/hth,4b0d7c9a16b00eb463a94355f4a2aaf9e69af020,,,,,,,,,,not_reviewed,,
814,Baptisms-San-Antonio-Baptism-Records-1788-1824--1858-1898_p711-929.docx,105,rId108,word/media/image105.png,raw/fs_0814.png,PNG,1690,1361,RGB,1858923,bd75d441a23035cf24de2bb2ee6a0dad3792e95af5c692c49f57fd69e3faab7d,,analysis/fs_0814_analysis.png,thumbnails/fs_0814.jpg,dlstupka/hth-baptisms-san-antonio-1788-1824--1858-1898,9f03a2632820a26b9724dac7a7a62e87776b1b04,dlstupka/hth,4b0d7c9a16b00eb463a94355f4a2aaf9e69af020,,,,,,,,,,not_reviewed,,
815,Baptisms-San-Antonio-Baptism-Records-1788-1824--1858-1898_p711-929.docx,106,rId109,word/media/image106.png,raw/fs_0815.png,PNG,1690,1361,RGB,1839525,8f4d4cc6abcc3450cb1a9e7d7dc5c59a2939ca1b80cd1ad2fd076467b11cc248,,analysis/fs_0815_analysis.png,thumbnails/fs_0815.jpg,dlstupka/hth-baptisms-san-antonio-1788-1824--1858-1898,9f03a2632820a26b9724dac7a7a62e87776b1b04,dlstupka/hth,4b0d7c9a16b00eb463a94355f4a2aaf9e69af020,,,,,,,,,,not_reviewed,,
816,Baptisms-San-Antonio-Baptism-Records-1788-1824--1858-1898_p711-929.docx,107,rId110,word/media/image107.png,raw/fs_0816.png,PNG,1690,1361,RGB,1881389,a1f0ad4758230f9f7e5ea086e90b5c53a7c0ee80617339d9cdc8ae20f7de92c6,,analysis/fs_0816_analysis.png,thumbnails/fs_0816.jpg,dlstupka/hth-baptisms-san-antonio-1788-1824--1858-1898,9f03a2632820a26b9724dac7a7a62e87776b1b04,dlstupka/hth,4b0d7c9a16b00eb463a94355f4a2aaf9e69af020,,,,,,,,,,not_reviewed,,
817,Baptisms-San-Antonio-Baptism-Records-1788-1824--1858-1898_p711-929.docx,108,rId111,word/media/image108.png,raw/fs_0817.png,PNG,1690,1361,RGB,1888740,d644ebf6ddb1502380eb4209c47db110cf9dcf96ea3ec1e53bc63dedc9642b1a,,analysis/fs_0817_analysis.png,thumbnails/fs_0817.jpg,dlstupka/hth-baptisms-san-antonio-1788-1824--1858-1898,9f03a2632820a26b9724dac7a7a62e87776b1b04,dlstupka/hth,4b0d7c9a16b00eb463a94355f4a2aaf9e69af020,,,,,,,,,,not_reviewed,,
818,Baptisms-San-Antonio-Baptism-Records-1788-1824--1858-1898_p711-929.docx,109,rId112,word/media/image109.png,raw/fs_0818.png,PNG,1690,1361,RGB,1898037,84ae761a0e7246b676d351d3c4ef5adfa866c3f21563be19c18c0b99ebacb845,,analysis/fs_0818_analysis.png,thumbnails/fs_0818.jpg,dlstupka/hth-baptisms-san-antonio-1788-1824--1858-1898,9f03a2632820a26b9724dac7a7a62e87776b1b04,dlstupka/hth,4b0d7c9a16b00eb463a94355f4a2aaf9e69af020,,,,,,,,,,not_reviewed,,
819,Baptisms-San-Antonio-Baptism-Records-1788-1824--1858-1898_p711-929.docx,110,rId113,word/media/image110.png,raw/fs_0819.png,PNG,1690,1361,RGB,1827350,9cab3a26cab52c2b6244a6c809743a23310291f4ec5890d7b0876ae5d4b43e43,,analysis/fs_0819_analysis.png,thumbnails/fs_0819.jpg,dlstupka/hth-baptisms-san-antonio-1788-1824--1858-1898,9f03a2632820a26b9724dac7a7a62e87776b1b04,dlstupka/hth,4b0d7c9a16b00eb463a94355f4a2aaf9e69af020,,,,,,,,,,not_reviewed,,
820,Baptisms-San-Antonio-Baptism-Records-1788-1824--1858-1898_p711-929.docx,111,rId114,word/media/image111.png,raw/fs_0820.png,PNG,1690,1361,RGB,1638274,fbe10103dc16838c0ba87d6f9e281d89cdfb1072d2792a4240b5fe5c544dff91,,analysis/fs_0820_analysis.png,thumbnails/fs_0820.jpg,dlstupka/hth-baptisms-san-antonio-1788-1824--1858-1898,9f03a2632820a26b9724dac7a7a62e87776b1b04,dlstupka/hth,4b0d7c9a16b00eb463a94355f4a2aaf9e69af020,,,,,,,,,,not_reviewed,,
821,Baptisms-San-Antonio-Baptism-Records-1788-1824--1858-1898_p711-929.docx,112,rId115,word/media/image112.png,raw/fs_0821.png,PNG,1690,1361,RGB,1739299,ea47c0c2b7a2c28dd8c0a7b8aa07fbb60a6dce190595b355e48cfef3a15c20e4,,analysis/fs_0821_analysis.png,thumbnails/fs_0821.jpg,dlstupka/hth-baptisms-san-antonio-1788-1824--1858-1898,9f03a2632820a26b9724dac7a7a62e87776b1b04,dlstupka/hth,4b0d7c9a16b00eb463a94355f4a2aaf9e69af020,,,,,,,,,,not_reviewed,,
822,Baptisms-San-Antonio-Baptism-Records-1788-1824--1858-1898_p711-929.docx,113,rId116,word/media/image113.png,raw/fs_0822.png,PNG,1690,1361,RGB,1757016,0958c2eb7ef0ddc64c42faa49de1da2a0275eeb7d725819530741a899ae469cd,,analysis/fs_0822_analysis.png,thumbnails/fs_0822.jpg,dlstupka/hth-baptisms-san-antonio-1788-1824--1858-1898,9f03a2632820a26b9724dac7a7a62e87776b1b04,dlstupka/hth,4b0d7c9a16b00eb463a94355f4a2aaf9e69af020,,,,,,,,,,not_reviewed,,
823,Baptisms-San-Antonio-Baptism-Records-1788-1824--1858-1898_p711-929.docx,114,rId117,word/media/image114.png,raw/fs_0823.png,PNG,1690,1361,RGB,1746262,a4c7ca20023e901e4930b1dc9a5d57d6610d95a5a5038c806bb7de4311f1cd1a,,analysis/fs_0823_analysis.png,thumbnails/fs_0823.jpg,dlstupka/hth-baptisms-san-antonio-1788-1824--1858-1898,9f03a2632820a26b9724dac7a7a62e87776b1b04,dlstupka/hth,4b0d7c9a16b00eb463a94355f4a2aaf9e69af020,,,,,,,,,,not_reviewed,,
824,Baptisms-San-Antonio-Baptism-Records-1788-1824--1858-1898_p711-929.docx,115,rId118,word/media/image115.png,raw/fs_0824.png,PNG,1690,1361,RGB,1698850,e549190b6228f239e0ab7db372dfc3344baa75500ed2b22473c56d46dff204a1,,analysis/fs_0824_analysis.png,thumbnails/fs_0824.jpg,dlstupka/hth-baptisms-san-antonio-1788-1824--1858-1898,9f03a2632820a26b9724dac7a7a62e87776b1b04,dlstupka/hth,4b0d7c9a16b00eb463a94355f4a2aaf9e69af020,,,,,,,,,,not_reviewed,,
825,Baptisms-San-Antonio-Baptism-Records-1788-1824--1858-1898_p711-929.docx,116,rId119,word/media/image116.png,raw/fs_0825.png,PNG,1690,1361,RGB,1647846,da21295341533a5ce298976e14f4beb7d5150e29460a5c7464e9479926e9035f,,analysis/fs_0825_analysis.png,thumbnails/fs_0825.jpg,dlstupka/hth-baptisms-san-antonio-1788-1824--1858-1898,9f03a2632820a26b9724dac7a7a62e87776b1b04,dlstupka/hth,4b0d7c9a16b00eb463a94355f4a2aaf9e69af020,,,,,,,,,,not_reviewed,,
826,Baptisms-San-Antonio-Baptism-Records-1788-1824--1858-1898_p711-929.docx,117,rId120,word/media/image117.png,raw/fs_0826.png,PNG,1690,1361,RGB,1736904,e8b8dbe08f3b1dfedddca3a9c4f9911793cc3058cf0727cf59ea09f068fd3419,,analysis/fs_0826_analysis.png,thumbnails/fs_0826.jpg,dlstupka/hth-baptisms-san-antonio-1788-1824--1858-1898,9f03a2632820a26b9724dac7a7a62e87776b1b04,dlstupka/hth,4b0d7c9a16b00eb463a94355f4a2aaf9e69af020,,,,,,,,,,not_reviewed,,
827,Baptisms-San-Antonio-Baptism-Records-1788-1824--1858-1898_p711-929.docx,118,rId121,word/media/image118.png,raw/fs_0827.png,PNG,1690,1361,RGB,1735343,0f86411fa0e7d6683af35026b36768d93f2e5719a3a71a055321700573bf382c,,analysis/fs_0827_analysis.png,thumbnails/fs_0827.jpg,dlstupka/hth-baptisms-san-antonio-1788-1824--1858-1898,9f03a2632820a26b9724dac7a7a62e87776b1b04,dlstupka/hth,4b0d7c9a16b00eb463a94355f4a2aaf9e69af020,,,,,,,,,,not_reviewed,,
828,Baptisms-San-Antonio-Baptism-Records-1788-1824--1858-1898_p711-929.docx,119,rId122,word/media/image119.png,raw/fs_0828.png,PNG,1690,1361,RGB,1709971,3513acfb733d9f9748d3d525c832c28e479054fd76c6d03d01032b421399813c,,analysis/fs_0828_analysis.png,thumbnails/fs_0828.jpg,dlstupka/hth-baptisms-san-antonio-1788-1824--1858-1898,9f03a2632820a26b9724dac7a7a62e87776b1b04,dlstupka/hth,4b0d7c9a16b00eb463a94355f4a2aaf9e69af020,,,,,,,,,,not_reviewed,,
829,Baptisms-San-Antonio-Baptism-Records-1788-1824--1858-1898_p711-929.docx,120,rId123,word/media/image120.png,raw/fs_0829.png,PNG,1690,1361,RGB,1755926,af363865ae507d757cb5857015b616c9db3c481eadf289b1397f50aa847abac4,,analysis/fs_0829_analysis.png,thumbnails/fs_0829.jpg,dlstupka/hth-baptisms-san-antonio-1788-1824--1858-1898,9f03a2632820a26b9724dac7a7a62e87776b1b04,dlstupka/hth,4b0d7c9a16b00eb463a94355f4a2aaf9e69af020,,,,,,,,,,not_reviewed,,
830,Baptisms-San-Antonio-Baptism-Records-1788-1824--1858-1898_p711-929.docx,121,rId124,word/media/image121.png,raw/fs_0830.png,PNG,1690,1361,RGB,1797742,5426bd295be1e3d4348f634b8f9583c8492e42083e27ebed6eca76a4ea74d26a,,analysis/fs_0830_analysis.png,thumbnails/fs_0830.jpg,dlstupka/hth-baptisms-san-antonio-1788-1824--1858-1898,9f03a2632820a26b9724dac7a7a62e87776b1b04,dlstupka/hth,4b0d7c9a16b00eb463a94355f4a2aaf9e69af020,,,,,,,,,,not_reviewed,,
831,Baptisms-San-Antonio-Baptism-Records-1788-1824--1858-1898_p711-929.docx,122,rId125,word/media/image122.png,raw/fs_0831.png,PNG,1690,1361,RGB,1768467,228fa5ebcff54ca4729a2499b83130996498ccb7428ec82a3f4f8e034b6b365a,,analysis/fs_0831_analysis.png,thumbnails/fs_0831.jpg,dlstupka/hth-baptisms-san-antonio-1788-1824--1858-1898,9f03a2632820a26b9724dac7a7a62e87776b1b04,dlstupka/hth,4b0d7c9a16b00eb463a94355f4a2aaf9e69af020,,,,,,,,,,not_reviewed,,
832,Baptisms-San-Antonio-Baptism-Records-1788-1824--1858-1898_p711-929.docx,123,rId126,word/media/image123.png,raw/fs_0832.png,PNG,1690,1361,RGB,1724319,4fd2d1428f471f13a51d48cd7d924994da862a33af8508555de2fcb69fdba2ec,,analysis/fs_0832_analysis.png,thumbnails/fs_0832.jpg,dlstupka/hth-baptisms-san-antonio-1788-1824--1858-1898,9f03a2632820a26b9724dac7a7a62e87776b1b04,dlstupka/hth,4b0d7c9a16b00eb463a94355f4a2aaf9e69af020,,,,,,,,,,not_reviewed,,
833,Baptisms-San-Antonio-Baptism-Records-1788-1824--1858-1898_p711-929.docx,124,rId127,word/media/image124.png,raw/fs_0833.png,PNG,1690,1361,RGB,1767405,d347913c4bb940b3eabcf2314d1bb0d8c588c451a428c31bd23be2c20f3fcc32,,analysis/fs_0833_analysis.png,thumbnails/fs_0833.jpg,dlstupka/hth-baptisms-san-antonio-1788-1824--1858-1898,9f03a2632820a26b9724dac7a7a62e87776b1b04,dlstupka/hth,4b0d7c9a16b00eb463a94355f4a2aaf9e69af020,,,,,,,,,,not_reviewed,,
834,Baptisms-San-Antonio-Baptism-Records-1788-1824--1858-1898_p711-929.docx,125,rId128,word/media/image125.png,raw/fs_0834.png,PNG,1690,1361,RGB,1751634,6172f44ab73e585f73c65aa6c4d787dd693e0e705f854b41f76b7e4436106782,,analysis/fs_0834_analysis.png,thumbnails/fs_0834.jpg,dlstupka/hth-baptisms-san-antonio-1788-1824--1858-1898,9f03a2632820a26b9724dac7a7a62e87776b1b04,dlstupka/hth,4b0d7c9a16b00eb463a94355f4a2aaf9e69af020,,,,,,,,,,not_reviewed,,
835,Baptisms-San-Antonio-Baptism-Records-1788-1824--1858-1898_p711-929.docx,126,rId129,word/media/image126.png,raw/fs_0835.png,PNG,1690,1361,RGB,1717482,c9d05de6f20508bd3b0d7619aa61d853e8cbe2d120fa6f235cfa53a27ed284dc,,analysis/fs_0835_analysis.png,thumbnails/fs_0835.jpg,dlstupka/hth-baptisms-san-antonio-1788-1824--1858-1898,9f03a2632820a26b9724dac7a7a62e87776b1b04,dlstupka/hth,4b0d7c9a16b00eb463a94355f4a2aaf9e69af020,,,,,,,,,,not_reviewed,,
836,Baptisms-San-Antonio-Baptism-Records-1788-1824--1858-1898_p711-929.docx,127,rId130,word/media/image127.png,raw/fs_0836.png,PNG,1690,1361,RGB,1756069,6e93ff06844020c55e822956c9fd4a157a52d7be7dd148721461e76b4c8f79a0,,analysis/fs_0836_analysis.png,thumbnails/fs_0836.jpg,dlstupka/hth-baptisms-san-antonio-1788-1824--1858-1898,9f03a2632820a26b9724dac7a7a62e87776b1b04,dlstupka/hth,4b0d7c9a16b00eb463a94355f4a2aaf9e69af020,,,,,,,,,,not_reviewed,,
837,Baptisms-San-Antonio-Baptism-Records-1788-1824--1858-1898_p711-929.docx,128,rId131,word/media/image128.png,raw/fs_0837.png,PNG,1690,1361,RGB,1789454,19303b3a06708af9ebc587cdec5b35457e956822dc88cb84f746c6f89761d7ee,,analysis/fs_0837_analysis.png,thumbnails/fs_0837.jpg,dlstupka/hth-baptisms-san-antonio-1788-1824--1858-1898,9f03a2632820a26b9724dac7a7a62e87776b1b04,dlstupka/hth,4b0d7c9a16b00eb463a94355f4a2aaf9e69af020,,,,,,,,,,not_reviewed,,
838,Baptisms-San-Antonio-Baptism-Records-1788-1824--1858-1898_p711-929.docx,129,rId132,word/media/image129.png,raw/fs_0838.png,PNG,1690,1361,RGB,1896204,7c191cb07977f38887827c5c27e6e7f053d691784ccdba22431443868ce8ff59,,analysis/fs_0838_analysis.png,thumbnails/fs_0838.jpg,dlstupka/hth-baptisms-san-antonio-1788-1824--1858-1898,9f03a2632820a26b9724dac7a7a62e87776b1b04,dlstupka/hth,4b0d7c9a16b00eb463a94355f4a2aaf9e69af020,,,,,,,,,,not_reviewed,,
839,Baptisms-San-Antonio-Baptism-Records-1788-1824--1858-1898_p711-929.docx,130,rId133,word/media/image130.png,raw/fs_0839.png,PNG,1690,1361,RGB,1824779,29d5e4afa83a42045cb3bff235af4adb66aee96e7d13e35eea2cafaad29b6037,,analysis/fs_0839_analysis.png,thumbnails/fs_0839.jpg,dlstupka/hth-baptisms-san-antonio-1788-1824--1858-1898,9f03a2632820a26b9724dac7a7a62e87776b1b04,dlstupka/hth,4b0d7c9a16b00eb463a94355f4a2aaf9e69af020,,,,,,,,,,not_reviewed,,
840,Baptisms-San-Antonio-Baptism-Records-1788-1824--1858-1898_p711-929.docx,131,rId134,word/media/image131.png,raw/fs_0840.png,PNG,1690,1361,RGB,1772471,9dd463a8b1b1e84906908d46ea05d1712184ed38fe9f3ecc850b2f7e05383679,,analysis/fs_0840_analysis.png,thumbnails/fs_0840.jpg,dlstupka/hth-baptisms-san-antonio-1788-1824--1858-1898,9f03a2632820a26b9724dac7a7a62e87776b1b04,dlstupka/hth,4b0d7c9a16b00eb463a94355f4a2aaf9e69af020,,,,,,,,,,not_reviewed,,
841,Baptisms-San-Antonio-Baptism-Records-1788-1824--1858-1898_p711-929.docx,132,rId135,word/media/image132.png,raw/fs_0841.png,PNG,1690,1361,RGB,1677631,c60b752109bb285edf33e0ec31e7c7c0e685f7823f82da0d9cad441021a22a77,,analysis/fs_0841_analysis.png,thumbnails/fs_0841.jpg,dlstupka/hth-baptisms-san-antonio-1788-1824--1858-1898,9f03a2632820a26b9724dac7a7a62e87776b1b04,dlstupka/hth,4b0d7c9a16b00eb463a94355f4a2aaf9e69af020,,,,,,,,,,not_reviewed,,
842,Baptisms-San-Antonio-Baptism-Records-1788-1824--1858-1898_p711-929.docx,133,rId136,word/media/image133.png,raw/fs_0842.png,PNG,1690,1361,RGB,1618694,2bb3f582101817985aec921e46d7b81e4cf828252ee05f413cdc0cfb51629281,,analysis/fs_0842_analysis.png,thumbnails/fs_0842.jpg,dlstupka/hth-baptisms-san-antonio-1788-1824--1858-1898,9f03a2632820a26b9724dac7a7a62e87776b1b04,dlstupka/hth,4b0d7c9a16b00eb463a94355f4a2aaf9e69af020,,,,,,,,,,not_reviewed,,
843,Baptisms-San-Antonio-Baptism-Records-1788-1824--1858-1898_p711-929.docx,134,rId137,word/media/image134.png,raw/fs_0843.png,PNG,1690,1361,RGB,1717388,6d6c72add30c3c270c78f4adbd7da0a58409b345b1e4c46488808ecd447f843b,,analysis/fs_0843_analysis.png,thumbnails/fs_0843.jpg,dlstupka/hth-baptisms-san-antonio-1788-1824--1858-1898,9f03a2632820a26b9724dac7a7a62e87776b1b04,dlstupka/hth,4b0d7c9a16b00eb463a94355f4a2aaf9e69af020,,,,,,,,,,not_reviewed,,
844,Baptisms-San-Antonio-Baptism-Records-1788-1824--1858-1898_p711-929.docx,135,rId138,word/media/image135.png,raw/fs_0844.png,PNG,1690,1361,RGB,1857193,57fdda9633d3172d2b420848c907d1b17727ef0a29c501bae97f7aa3efadaecf,,analysis/fs_0844_analysis.png,thumbnails/fs_0844.jpg,dlstupka/hth-baptisms-san-antonio-1788-1824--1858-1898,9f03a2632820a26b9724dac7a7a62e87776b1b04,dlstupka/hth,4b0d7c9a16b00eb463a94355f4a2aaf9e69af020,,,,,,,,,,not_reviewed,,
845,Baptisms-San-Antonio-Baptism-Records-1788-1824--1858-1898_p711-929.docx,136,rId139,word/media/image136.png,raw/fs_0845.png,PNG,1690,1361,RGB,1626678,c0ececd509373cfcd35b78866de596999ea2d0bef3cc7d565e2c2508f6f0c30b,,analysis/fs_0845_analysis.png,thumbnails/fs_0845.jpg,dlstupka/hth-baptisms-san-antonio-1788-1824--1858-1898,9f03a2632820a26b9724dac7a7a62e87776b1b04,dlstupka/hth,4b0d7c9a16b00eb463a94355f4a2aaf9e69af020,,,,,,,,,,not_reviewed,,
846,Baptisms-San-Antonio-Baptism-Records-1788-1824--1858-1898_p711-929.docx,137,rId140,word/media/image137.png,raw/fs_0846.png,PNG,1690,1361,RGB,1677262,80f514cf22a05eb05e2bbc4e260806a5ead46a08afee86f6a35a4eb93793a578,,analysis/fs_0846_analysis.png,thumbnails/fs_0846.jpg,dlstupka/hth-baptisms-san-antonio-1788-1824--1858-1898,9f03a2632820a26b9724dac7a7a62e87776b1b04,dlstupka/hth,4b0d7c9a16b00eb463a94355f4a2aaf9e69af020,,,,,,,,,,not_reviewed,,
847,Baptisms-San-Antonio-Baptism-Records-1788-1824--1858-1898_p711-929.docx,138,rId141,word/media/image138.png,raw/fs_0847.png,PNG,1690,1361,RGB,1716928,f3208d45d376502717f017afff8f8755dbb872da0395669594aa82f2a98ef1b2,,analysis/fs_0847_analysis.png,thumbnails/fs_0847.jpg,dlstupka/hth-baptisms-san-antonio-1788-1824--1858-1898,9f03a2632820a26b9724dac7a7a62e87776b1b04,dlstupka/hth,4b0d7c9a16b00eb463a94355f4a2aaf9e69af020,,,,,,,,,,not_reviewed,,
848,Baptisms-San-Antonio-Baptism-Records-1788-1824--1858-1898_p711-929.docx,139,rId142,word/media/image139.png,raw/fs_0848.png,PNG,1690,1361,RGB,1708082,6f59f584aa8f8b74db5bc98b44ec1b6858f91b7c92d4684c55267cda206515d5,,analysis/fs_0848_analysis.png,thumbnails/fs_0848.jpg,dlstupka/hth-baptisms-san-antonio-1788-1824--1858-1898,9f03a2632820a26b9724dac7a7a62e87776b1b04,dlstupka/hth,4b0d7c9a16b00eb463a94355f4a2aaf9e69af020,,,,,,,,,,not_reviewed,,
849,Baptisms-San-Antonio-Baptism-Records-1788-1824--1858-1898_p711-929.docx,140,rId143,word/media/image140.png,raw/fs_0849.png,PNG,1690,1361,RGB,1744022,dd2870e6f16a2f19a86ebd3b7da3ca659570262e3815cea055529c39bc132a0a,,analysis/fs_0849_analysis.png,thumbnails/fs_0849.jpg,dlstupka/hth-baptisms-san-antonio-1788-1824--1858-1898,9f03a2632820a26b9724dac7a7a62e87776b1b04,dlstupka/hth,4b0d7c9a16b00eb463a94355f4a2aaf9e69af020,,,,,,,,,,not_reviewed,,
850,Baptisms-San-Antonio-Baptism-Records-1788-1824--1858-1898_p711-929.docx,141,rId144,word/media/image141.png,raw/fs_0850.png,PNG,1690,1361,RGB,1673976,f0c9c7914d29a8b0bc98aecd9803e126ea4308b06f4a0ceaaf88b7155082e0e1,,analysis/fs_0850_analysis.png,thumbnails/fs_0850.jpg,dlstupka/hth-baptisms-san-antonio-1788-1824--1858-1898,9f03a2632820a26b9724dac7a7a62e87776b1b04,dlstupka/hth,4b0d7c9a16b00eb463a94355f4a2aaf9e69af020,,,,,,,,,,not_reviewed,,
851,Baptisms-San-Antonio-Baptism-Records-1788-1824--1858-1898_p711-929.docx,142,rId145,word/media/image142.png,raw/fs_0851.png,PNG,1690,1361,RGB,1679660,c1ee35d04e160286fa923e2834508e0a66110cf2cab83137db02a9ad81dc0132,,analysis/fs_0851_analysis.png,thumbnails/fs_0851.jpg,dlstupka/hth-baptisms-san-antonio-1788-1824--1858-1898,9f03a2632820a26b9724dac7a7a62e87776b1b04,dlstupka/hth,4b0d7c9a16b00eb463a94355f4a2aaf9e69af020,,,,,,,,,,not_reviewed,,
852,Baptisms-San-Antonio-Baptism-Records-1788-1824--1858-1898_p711-929.docx,143,rId146,word/media/image143.png,raw/fs_0852.png,PNG,1690,1361,RGB,1742170,bb5a04d46ee0e3e09c0d965de72379d17571f4b4bb68337b30ec8d3c92d77e02,,analysis/fs_0852_analysis.png,thumbnails/fs_0852.jpg,dlstupka/hth-baptisms-san-antonio-1788-1824--1858-1898,9f03a2632820a26b9724dac7a7a62e87776b1b04,dlstupka/hth,4b0d7c9a16b00eb463a94355f4a2aaf9e69af020,,,,,,,,,,not_reviewed,,
853,Baptisms-San-Antonio-Baptism-Records-1788-1824--1858-1898_p711-929.docx,144,rId147,word/media/image144.png,raw/fs_0853.png,PNG,1690,1361,RGB,1761744,c5340bb2372bf7bfd0e928bce00a2f096b810e2e9d2d0b8cff32079f0694967d,,analysis/fs_0853_analysis.png,thumbnails/fs_0853.jpg,dlstupka/hth-baptisms-san-antonio-1788-1824--1858-1898,9f03a2632820a26b9724dac7a7a62e87776b1b04,dlstupka/hth,4b0d7c9a16b00eb463a94355f4a2aaf9e69af020,,,,,,,,,,not_reviewed,,
854,Baptisms-San-Antonio-Baptism-Records-1788-1824--1858-1898_p711-929.docx,145,rId148,word/media/image145.png,raw/fs_0854.png,PNG,1690,1361,RGB,1737315,f6482088ea4563acb3e36e731eb5ed8592b703c43f9fc1be32a4f3f0c262f532,,analysis/fs_0854_analysis.png,thumbnails/fs_0854.jpg,dlstupka/hth-baptisms-san-antonio-1788-1824--1858-1898,9f03a2632820a26b9724dac7a7a62e87776b1b04,dlstupka/hth,4b0d7c9a16b00eb463a94355f4a2aaf9e69af020,,,,,,,,,,not_reviewed,,
855,Baptisms-San-Antonio-Baptism-Records-1788-1824--1858-1898_p711-929.docx,146,rId149,word/media/image146.png,raw/fs_0855.png,PNG,1690,1361,RGB,1658621,0d997cc92d02783edcc49f7aa226f76096729959698dfe3e08cdd9e283923fd3,,analysis/fs_0855_analysis.png,thumbnails/fs_0855.jpg,dlstupka/hth-baptisms-san-antonio-1788-1824--1858-1898,9f03a2632820a26b9724dac7a7a62e87776b1b04,dlstupka/hth,4b0d7c9a16b00eb463a94355f4a2aaf9e69af020,,,,,,,,,,not_reviewed,,
856,Baptisms-San-Antonio-Baptism-Records-1788-1824--1858-1898_p711-929.docx,147,rId150,word/media/image147.png,raw/fs_0856.png,PNG,1690,1361,RGB,1703119,8682bfaeda38e119d756f8ff34d48c1463d94fec20d5b46867a3cd4d327c4cf7,,analysis/fs_0856_analysis.png,thumbnails/fs_0856.jpg,dlstupka/hth-baptisms-san-antonio-1788-1824--1858-1898,9f03a2632820a26b9724dac7a7a62e87776b1b04,dlstupka/hth,4b0d7c9a16b00eb463a94355f4a2aaf9e69af020,,,,,,,,,,not_reviewed,,
857,Baptisms-San-Antonio-Baptism-Records-1788-1824--1858-1898_p711-929.docx,148,rId151,word/media/image148.png,raw/fs_0857.png,PNG,1690,1361,RGB,1610893,86f5e9f776d97e294036c8834e0da51ae5f83007b9e0922a69e5656b9e1e9c04,,analysis/fs_0857_analysis.png,thumbnails/fs_0857.jpg,dlstupka/hth-baptisms-san-antonio-1788-1824--1858-1898,9f03a2632820a26b9724dac7a7a62e87776b1b04,dlstupka/hth,4b0d7c9a16b00eb463a94355f4a2aaf9e69af020,,,,,,,,,,not_reviewed,,
858,Baptisms-San-Antonio-Baptism-Records-1788-1824--1858-1898_p711-929.docx,149,rId152,word/media/image149.png,raw/fs_0858.png,PNG,1690,1361,RGB,1665003,b67a61210679253c8a2998a9f478ae399efd8e7c81781f662008abb4cca88979,,analysis/fs_0858_analysis.png,thumbnails/fs_0858.jpg,dlstupka/hth-baptisms-san-antonio-1788-1824--1858-1898,9f03a2632820a26b9724dac7a7a62e87776b1b04,dlstupka/hth,4b0d7c9a16b00eb463a94355f4a2aaf9e69af020,,,,,,,,,,not_reviewed,,
859,Baptisms-San-Antonio-Baptism-Records-1788-1824--1858-1898_p711-929.docx,150,rId153,word/media/image150.png,raw/fs_0859.png,PNG,1690,1361,RGB,1677521,0b73e3e27991066a9ff8d97f48843f4b79b75303e6230926d32b0336ab524ba6,,analysis/fs_0859_analysis.png,thumbnails/fs_0859.jpg,dlstupka/hth-baptisms-san-antonio-1788-1824--1858-1898,9f03a2632820a26b9724dac7a7a62e87776b1b04,dlstupka/hth,4b0d7c9a16b00eb463a94355f4a2aaf9e69af020,,,,,,,,,,not_reviewed,,
860,Baptisms-San-Antonio-Baptism-Records-1788-1824--1858-1898_p711-929.docx,151,rId154,word/media/image151.png,raw/fs_0860.png,PNG,1690,1361,RGB,1688405,cf1377bff774e059608161886218f099f33fbc56a24451c37da14ec26946a34d,,analysis/fs_0860_analysis.png,thumbnails/fs_0860.jpg,dlstupka/hth-baptisms-san-antonio-1788-1824--1858-1898,9f03a2632820a26b9724dac7a7a62e87776b1b04,dlstupka/hth,4b0d7c9a16b00eb463a94355f4a2aaf9e69af020,,,,,,,,,,not_reviewed,,
861,Baptisms-San-Antonio-Baptism-Records-1788-1824--1858-1898_p711-929.docx,152,rId155,word/media/image152.png,raw/fs_0861.png,PNG,1690,1361,RGB,1661300,bd9f37c44df7b44c43ca22d3360e6ec173782a6ad53bc2790f5ae2205fc36ae8,,analysis/fs_0861_analysis.png,thumbnails/fs_0861.jpg,dlstupka/hth-baptisms-san-antonio-1788-1824--1858-1898,9f03a2632820a26b9724dac7a7a62e87776b1b04,dlstupka/hth,4b0d7c9a16b00eb463a94355f4a2aaf9e69af020,,,,,,,,,,not_reviewed,,
862,Baptisms-San-Antonio-Baptism-Records-1788-1824--1858-1898_p711-929.docx,153,rId156,word/media/image153.png,raw/fs_0862.png,PNG,1690,1361,RGB,1506034,94c0fd8f3753cda239df4a440f6085e969c55dde6df77a2a042050c75fd4dc6f,,analysis/fs_0862_analysis.png,thumbnails/fs_0862.jpg,dlstupka/hth-baptisms-san-antonio-1788-1824--1858-1898,9f03a2632820a26b9724dac7a7a62e87776b1b04,dlstupka/hth,4b0d7c9a16b00eb463a94355f4a2aaf9e69af020,,,,,,,,,,not_reviewed,,
863,Baptisms-San-Antonio-Baptism-Records-1788-1824--1858-1898_p711-929.docx,154,rId157,word/media/image154.png,raw/fs_0863.png,PNG,1690,1361,RGB,1622067,cbaab38562582136dad2ce3ed9ad09ef572c91df5205b360167dce0d09181ff8,,analysis/fs_0863_analysis.png,thumbnails/fs_0863.jpg,dlstupka/hth-baptisms-san-antonio-1788-1824--1858-1898,9f03a2632820a26b9724dac7a7a62e87776b1b04,dlstupka/hth,4b0d7c9a16b00eb463a94355f4a2aaf9e69af020,,,,,,,,,,not_reviewed,,
864,Baptisms-San-Antonio-Baptism-Records-1788-1824--1858-1898_p711-929.docx,155,rId158,word/media/image155.png,raw/fs_0864.png,PNG,1690,1361,RGB,1569608,fe0a246eaff17cd7a59e1bd391f76ed814c367b0f0fc01976d2be375e08c7598,,analysis/fs_0864_analysis.png,thumbnails/fs_0864.jpg,dlstupka/hth-baptisms-san-antonio-1788-1824--1858-1898,9f03a2632820a26b9724dac7a7a62e87776b1b04,dlstupka/hth,4b0d7c9a16b00eb463a94355f4a2aaf9e69af020,,,,,,,,,,not_reviewed,,
865,Baptisms-San-Antonio-Baptism-Records-1788-1824--1858-1898_p711-929.docx,156,rId159,word/media/image156.png,raw/fs_0865.png,PNG,1690,1361,RGB,1698715,efbe33f2419164ffd89cd5b0f0d00c0fd6bf237b17237d04b2ffb0793c6348b8,,analysis/fs_0865_analysis.png,thumbnails/fs_0865.jpg,dlstupka/hth-baptisms-san-antonio-1788-1824--1858-1898,9f03a2632820a26b9724dac7a7a62e87776b1b04,dlstupka/hth,4b0d7c9a16b00eb463a94355f4a2aaf9e69af020,,,,,,,,,,not_reviewed,,
866,Baptisms-San-Antonio-Baptism-Records-1788-1824--1858-1898_p711-929.docx,157,rId160,word/media/image157.png,raw/fs_0866.png,PNG,1690,1361,RGB,1634025,2b841f9caab9ca2cb4ec75447110c5cd12d5f4f2656022ebc3d0ef72071645bf,,analysis/fs_0866_analysis.png,thumbnails/fs_0866.jpg,dlstupka/hth-baptisms-san-antonio-1788-1824--1858-1898,9f03a2632820a26b9724dac7a7a62e87776b1b04,dlstupka/hth,4b0d7c9a16b00eb463a94355f4a2aaf9e69af020,,,,,,,,,,not_reviewed,,
867,Baptisms-San-Antonio-Baptism-Records-1788-1824--1858-1898_p711-929.docx,158,rId161,word/media/image158.png,raw/fs_0867.png,PNG,1690,1361,RGB,1753579,0b5a872ce8d5d4536b73f05b53a1ac069c386837fb41247e90c4b918f923e64b,,analysis/fs_0867_analysis.png,thumbnails/fs_0867.jpg,dlstupka/hth-baptisms-san-antonio-1788-1824--1858-1898,9f03a2632820a26b9724dac7a7a62e87776b1b04,dlstupka/hth,4b0d7c9a16b00eb463a94355f4a2aaf9e69af020,,,,,,,,,,not_reviewed,,
868,Baptisms-San-Antonio-Baptism-Records-1788-1824--1858-1898_p711-929.docx,159,rId162,word/media/image159.png,raw/fs_0868.png,PNG,1690,1361,RGB,1685974,17d109484fc1f892edf16e9312a3f654a48e74ce7462926ef6dee24e239c1acc,,analysis/fs_0868_analysis.png,thumbnails/fs_0868.jpg,dlstupka/hth-baptisms-san-antonio-1788-1824--1858-1898,9f03a2632820a26b9724dac7a7a62e87776b1b04,dlstupka/hth,4b0d7c9a16b00eb463a94355f4a2aaf9e69af020,,,,,,,,,,not_reviewed,,
869,Baptisms-San-Antonio-Baptism-Records-1788-1824--1858-1898_p711-929.docx,160,rId163,word/media/image160.png,raw/fs_0869.png,PNG,1690,1361,RGB,1619767,c8a431ffbd404d5056c72a7bc34ee6e28602f35a068a9a3d4d10d77dcdd4a2b1,,analysis/fs_0869_analysis.png,thumbnails/fs_0869.jpg,dlstupka/hth-baptisms-san-antonio-1788-1824--1858-1898,9f03a2632820a26b9724dac7a7a62e87776b1b04,dlstupka/hth,4b0d7c9a16b00eb463a94355f4a2aaf9e69af020,,,,,,,,,,not_reviewed,,
870,Baptisms-San-Antonio-Baptism-Records-1788-1824--1858-1898_p711-929.docx,161,rId164,word/media/image161.png,raw/fs_0870.png,PNG,1690,1361,RGB,1624108,3820969300835f77eb7b2e5d2d1abc47108aa1092fc88ae4e2ea0bdba81c10c8,,analysis/fs_0870_analysis.png,thumbnails/fs_0870.jpg,dlstupka/hth-baptisms-san-antonio-1788-1824--1858-1898,9f03a2632820a26b9724dac7a7a62e87776b1b04,dlstupka/hth,4b0d7c9a16b00eb463a94355f4a2aaf9e69af020,,,,,,,,,,not_reviewed,,
871,Baptisms-San-Antonio-Baptism-Records-1788-1824--1858-1898_p711-929.docx,162,rId165,word/media/image162.png,raw/fs_0871.png,PNG,1690,1361,RGB,1630529,3cb20f204daac5e4a4e516445fca69908cfd9d801ccd8251fe67038e4775a494,,analysis/fs_0871_analysis.png,thumbnails/fs_0871.jpg,dlstupka/hth-baptisms-san-antonio-1788-1824--1858-1898,9f03a2632820a26b9724dac7a7a62e87776b1b04,dlstupka/hth,4b0d7c9a16b00eb463a94355f4a2aaf9e69af020,,,,,,,,,,not_reviewed,,
872,Baptisms-San-Antonio-Baptism-Records-1788-1824--1858-1898_p711-929.docx,163,rId166,word/media/image163.png,raw/fs_0872.png,PNG,1690,1361,RGB,1602578,fd4ddf4227d591504387e5d71642794532a0c260edad7e0b874b58143b5ae39e,,analysis/fs_0872_analysis.png,thumbnails/fs_0872.jpg,dlstupka/hth-baptisms-san-antonio-1788-1824--1858-1898,9f03a2632820a26b9724dac7a7a62e87776b1b04,dlstupka/hth,4b0d7c9a16b00eb463a94355f4a2aaf9e69af020,,,,,,,,,,not_reviewed,,
873,Baptisms-San-Antonio-Baptism-Records-1788-1824--1858-1898_p711-929.docx,164,rId167,word/media/image164.png,raw/fs_0873.png,PNG,1690,1361,RGB,1614905,c7034922896e4a3b616f8f871deb92cc0db5a3c9e441430535d3bc5ee3c908aa,,analysis/fs_0873_analysis.png,thumbnails/fs_0873.jpg,dlstupka/hth-baptisms-san-antonio-1788-1824--1858-1898,9f03a2632820a26b9724dac7a7a62e87776b1b04,dlstupka/hth,4b0d7c9a16b00eb463a94355f4a2aaf9e69af020,,,,,,,,,,not_reviewed,,
874,Baptisms-San-Antonio-Baptism-Records-1788-1824--1858-1898_p711-929.docx,165,rId168,word/media/image165.png,raw/fs_0874.png,PNG,1690,1361,RGB,1747589,8bd3b3bc3a6b5e7ff3d7de39231b0f5607879712ba22c33c375f21a9f71b4cba,,analysis/fs_0874_analysis.png,thumbnails/fs_0874.jpg,dlstupka/hth-baptisms-san-antonio-1788-1824--1858-1898,9f03a2632820a26b9724dac7a7a62e87776b1b04,dlstupka/hth,4b0d7c9a16b00eb463a94355f4a2aaf9e69af020,,,,,,,,,,not_reviewed,,
875,Baptisms-San-Antonio-Baptism-Records-1788-1824--1858-1898_p711-929.docx,166,rId169,word/media/image166.png,raw/fs_0875.png,PNG,1690,1361,RGB,1691402,2bca84394fff7e9f2c4764a6816ab6b69cf48ffe17305a1e9a50101ea0d75f07,,analysis/fs_0875_analysis.png,thumbnails/fs_0875.jpg,dlstupka/hth-baptisms-san-antonio-1788-1824--1858-1898,9f03a2632820a26b9724dac7a7a62e87776b1b04,dlstupka/hth,4b0d7c9a16b00eb463a94355f4a2aaf9e69af020,,,,,,,,,,not_reviewed,,
876,Baptisms-San-Antonio-Baptism-Records-1788-1824--1858-1898_p711-929.docx,167,rId170,word/media/image167.png,raw/fs_0876.png,PNG,1690,1361,RGB,1655521,0ed904905b25c330db8e7753712f463271c8c8dfabc7a4d9960473f52e238d2b,,analysis/fs_0876_analysis.png,thumbnails/fs_0876.jpg,dlstupka/hth-baptisms-san-antonio-1788-1824--1858-1898,9f03a2632820a26b9724dac7a7a62e87776b1b04,dlstupka/hth,4b0d7c9a16b00eb463a94355f4a2aaf9e69af020,,,,,,,,,,not_reviewed,,
877,Baptisms-San-Antonio-Baptism-Records-1788-1824--1858-1898_p711-929.docx,168,rId171,word/media/image168.png,raw/fs_0877.png,PNG,1690,1361,RGB,1727869,4096f511181459ef68f3fee27e4371cdbdab6e9a21da852df5192c874e4d945d,,analysis/fs_0877_analysis.png,thumbnails/fs_0877.jpg,dlstupka/hth-baptisms-san-antonio-1788-1824--1858-1898,9f03a2632820a26b9724dac7a7a62e87776b1b04,dlstupka/hth,4b0d7c9a16b00eb463a94355f4a2aaf9e69af020,,,,,,,,,,not_reviewed,,
878,Baptisms-San-Antonio-Baptism-Records-1788-1824--1858-1898_p711-929.docx,169,rId172,word/media/image169.png,raw/fs_0878.png,PNG,1690,1361,RGB,1636389,b9004efa6883e8fd162e461e63f5f89e4d5aa9dbc58cea9d98bbaa3975f715f3,,analysis/fs_0878_analysis.png,thumbnails/fs_0878.jpg,dlstupka/hth-baptisms-san-antonio-1788-1824--1858-1898,9f03a2632820a26b9724dac7a7a62e87776b1b04,dlstupka/hth,4b0d7c9a16b00eb463a94355f4a2aaf9e69af020,,,,,,,,,,not_reviewed,,
879,Baptisms-San-Antonio-Baptism-Records-1788-1824--1858-1898_p711-929.docx,170,rId173,word/media/image170.png,raw/fs_0879.png,PNG,1690,1361,RGB,1532693,7c00ff579288aa8b6665280b20be2736900b30e1b53b9e4dcc92de880919e7a4,,analysis/fs_0879_analysis.png,thumbnails/fs_0879.jpg,dlstupka/hth-baptisms-san-antonio-1788-1824--1858-1898,9f03a2632820a26b9724dac7a7a62e87776b1b04,dlstupka/hth,4b0d7c9a16b00eb463a94355f4a2aaf9e69af020,,,,,,,,,,not_reviewed,,
880,Baptisms-San-Antonio-Baptism-Records-1788-1824--1858-1898_p711-929.docx,171,rId174,word/media/image171.png,raw/fs_0880.png,PNG,1690,1361,RGB,1781597,117713720e9d30c94a22aea048e7d881e54fda6558f6a14cb602ce73db0e2203,,analysis/fs_0880_analysis.png,thumbnails/fs_0880.jpg,dlstupka/hth-baptisms-san-antonio-1788-1824--1858-1898,9f03a2632820a26b9724dac7a7a62e87776b1b04,dlstupka/hth,4b0d7c9a16b00eb463a94355f4a2aaf9e69af020,,,,,,,,,,not_reviewed,,
881,Baptisms-San-Antonio-Baptism-Records-1788-1824--1858-1898_p711-929.docx,172,rId175,word/media/image172.png,raw/fs_0881.png,PNG,1690,1361,RGB,1771395,3adce6a2156c0da8d3a4273d89b9c53b2c23863ce8b0fa853af1460fadb0ed96,,analysis/fs_0881_analysis.png,thumbnails/fs_0881.jpg,dlstupka/hth-baptisms-san-antonio-1788-1824--1858-1898,9f03a2632820a26b9724dac7a7a62e87776b1b04,dlstupka/hth,4b0d7c9a16b00eb463a94355f4a2aaf9e69af020,,,,,,,,,,not_reviewed,,
882,Baptisms-San-Antonio-Baptism-Records-1788-1824--1858-1898_p711-929.docx,173,rId176,word/media/image173.png,raw/fs_0882.png,PNG,1690,1361,RGB,1739757,3f17c8a41ae5b5246b6e4dea079c600566afde92fbb1e35f7a3ce8eb38e88f20,,analysis/fs_0882_analysis.png,thumbnails/fs_0882.jpg,dlstupka/hth-baptisms-san-antonio-1788-1824--1858-1898,9f03a2632820a26b9724dac7a7a62e87776b1b04,dlstupka/hth,4b0d7c9a16b00eb463a94355f4a2aaf9e69af020,,,,,,,,,,not_reviewed,,
883,Baptisms-San-Antonio-Baptism-Records-1788-1824--1858-1898_p711-929.docx,174,rId177,word/media/image174.png,raw/fs_0883.png,PNG,1690,1361,RGB,1629277,8a30649e488d8f23be26fe1dcca6ea413f99a5e7c2cabc81545ce10ef1e3af41,,analysis/fs_0883_analysis.png,thumbnails/fs_0883.jpg,dlstupka/hth-baptisms-san-antonio-1788-1824--1858-1898,9f03a2632820a26b9724dac7a7a62e87776b1b04,dlstupka/hth,4b0d7c9a16b00eb463a94355f4a2aaf9e69af020,,,,,,,,,,not_reviewed,,
884,Baptisms-San-Antonio-Baptism-Records-1788-1824--1858-1898_p711-929.docx,175,rId178,word/media/image175.png,raw/fs_0884.png,PNG,1690,1361,RGB,1593588,2b9fa6f16fd289eea5afc6a885b9c5979d48cd32024d686d78af8e20e7c7b4da,,analysis/fs_0884_analysis.png,thumbnails/fs_0884.jpg,dlstupka/hth-baptisms-san-antonio-1788-1824--1858-1898,9f03a2632820a26b9724dac7a7a62e87776b1b04,dlstupka/hth,4b0d7c9a16b00eb463a94355f4a2aaf9e69af020,,,,,,,,,,not_reviewed,,
885,Baptisms-San-Antonio-Baptism-Records-1788-1824--1858-1898_p711-929.docx,176,rId179,word/media/image176.png,raw/fs_0885.png,PNG,1690,1361,RGB,1584830,30334afaa41498234dc9f9bbb52bead2e3d5f19b3774f03a8a2f331bd1d1c01f,,analysis/fs_0885_analysis.png,thumbnails/fs_0885.jpg,dlstupka/hth-baptisms-san-antonio-1788-1824--1858-1898,9f03a2632820a26b9724dac7a7a62e87776b1b04,dlstupka/hth,4b0d7c9a16b00eb463a94355f4a2aaf9e69af020,,,,,,,,,,not_reviewed,,
886,Baptisms-San-Antonio-Baptism-Records-1788-1824--1858-1898_p711-929.docx,177,rId180,word/media/image177.png,raw/fs_0886.png,PNG,1690,1361,RGB,1605115,71fa0d84b6838b18d5c2bf7b870610171d8bf2fe63d7b9e2beab34e7dd43cdd9,,analysis/fs_0886_analysis.png,thumbnails/fs_0886.jpg,dlstupka/hth-baptisms-san-antonio-1788-1824--1858-1898,9f03a2632820a26b9724dac7a7a62e87776b1b04,dlstupka/hth,4b0d7c9a16b00eb463a94355f4a2aaf9e69af020,,,,,,,,,,not_reviewed,,
887,Baptisms-San-Antonio-Baptism-Records-1788-1824--1858-1898_p711-929.docx,178,rId181,word/media/image178.png,raw/fs_0887.png,PNG,1690,1361,RGB,1656228,047b0fd3d806a73fe99b7aa34bae4bdacacce5a66325e8841a40ac81b5deefc4,,analysis/fs_0887_analysis.png,thumbnails/fs_0887.jpg,dlstupka/hth-baptisms-san-antonio-1788-1824--1858-1898,9f03a2632820a26b9724dac7a7a62e87776b1b04,dlstupka/hth,4b0d7c9a16b00eb463a94355f4a2aaf9e69af020,,,,,,,,,,not_reviewed,,
888,Baptisms-San-Antonio-Baptism-Records-1788-1824--1858-1898_p711-929.docx,179,rId182,word/media/image179.png,raw/fs_0888.png,PNG,1690,1361,RGB,1664526,a38bfec2c5cd2a6cca6f302c75b64e89418dda3178d1c600d26ebf488ad93c3f,,analysis/fs_0888_analysis.png,thumbnails/fs_0888.jpg,dlstupka/hth-baptisms-san-antonio-1788-1824--1858-1898,9f03a2632820a26b9724dac7a7a62e87776b1b04,dlstupka/hth,4b0d7c9a16b00eb463a94355f4a2aaf9e69af020,,,,,,,,,,not_reviewed,,
889,Baptisms-San-Antonio-Baptism-Records-1788-1824--1858-1898_p711-929.docx,180,rId183,word/media/image180.png,raw/fs_0889.png,PNG,1690,1361,RGB,1657658,cdbfff843a1889070db6a72019787a50050845a4fb87796a021d7de0e954021d,,analysis/fs_0889_analysis.png,thumbnails/fs_0889.jpg,dlstupka/hth-baptisms-san-antonio-1788-1824--1858-1898,9f03a2632820a26b9724dac7a7a62e87776b1b04,dlstupka/hth,4b0d7c9a16b00eb463a94355f4a2aaf9e69af020,,,,,,,,,,not_reviewed,,
890,Baptisms-San-Antonio-Baptism-Records-1788-1824--1858-1898_p711-929.docx,181,rId184,word/media/image181.png,raw/fs_0890.png,PNG,1690,1361,RGB,1656114,b7b6b83c98857e6b045400042fae9df6c43d449d119309cac26339f441e9c348,,analysis/fs_0890_analysis.png,thumbnails/fs_0890.jpg,dlstupka/hth-baptisms-san-antonio-1788-1824--1858-1898,9f03a2632820a26b9724dac7a7a62e87776b1b04,dlstupka/hth,4b0d7c9a16b00eb463a94355f4a2aaf9e69af020,,,,,,,,,,not_reviewed,,
891,Baptisms-San-Antonio-Baptism-Records-1788-1824--1858-1898_p711-929.docx,182,rId185,word/media/image182.png,raw/fs_0891.png,PNG,1690,1361,RGB,1719915,6f09f5521690ae7ec61d976421289065518e4a99f17bcc8c2fee3bf9adc87c83,,analysis/fs_0891_analysis.png,thumbnails/fs_0891.jpg,dlstupka/hth-baptisms-san-antonio-1788-1824--1858-1898,9f03a2632820a26b9724dac7a7a62e87776b1b04,dlstupka/hth,4b0d7c9a16b00eb463a94355f4a2aaf9e69af020,,,,,,,,,,not_reviewed,,
892,Baptisms-San-Antonio-Baptism-Records-1788-1824--1858-1898_p711-929.docx,183,rId186,word/media/image183.png,raw/fs_0892.png,PNG,1690,1361,RGB,1607573,faf8d90ed74d277756edaf128ab9d687df07ab42dbbd7c4bd579c21708eb1170,,analysis/fs_0892_analysis.png,thumbnails/fs_0892.jpg,dlstupka/hth-baptisms-san-antonio-1788-1824--1858-1898,9f03a2632820a26b9724dac7a7a62e87776b1b04,dlstupka/hth,4b0d7c9a16b00eb463a94355f4a2aaf9e69af020,,,,,,,,,,not_reviewed,,
893,Baptisms-San-Antonio-Baptism-Records-1788-1824--1858-1898_p711-929.docx,184,rId187,word/media/image184.png,raw/fs_0893.png,PNG,1690,1361,RGB,1633392,a6a0a69691227c0fc0df208cc0018f02b802289e92105baaaae617c841dec5ff,,analysis/fs_0893_analysis.png,thumbnails/fs_0893.jpg,dlstupka/hth-baptisms-san-antonio-1788-1824--1858-1898,9f03a2632820a26b9724dac7a7a62e87776b1b04,dlstupka/hth,4b0d7c9a16b00eb463a94355f4a2aaf9e69af020,,,,,,,,,,not_reviewed,,
894,Baptisms-San-Antonio-Baptism-Records-1788-1824--1858-1898_p711-929.docx,185,rId188,word/media/image185.png,raw/fs_0894.png,PNG,1690,1361,RGB,1618121,923a5c58fc37948d21772d62e1b6687269b21d03cb53019a585e3206baa02234,,analysis/fs_0894_analysis.png,thumbnails/fs_0894.jpg,dlstupka/hth-baptisms-san-antonio-1788-1824--1858-1898,9f03a2632820a26b9724dac7a7a62e87776b1b04,dlstupka/hth,4b0d7c9a16b00eb463a94355f4a2aaf9e69af020,,,,,,,,,,not_reviewed,,
895,Baptisms-San-Antonio-Baptism-Records-1788-1824--1858-1898_p711-929.docx,186,rId189,word/media/image186.png,raw/fs_0895.png,PNG,1690,1361,RGB,1742789,78c9edc26602de69e7ddf47650698c43a65490e1186bd6922d600f40c66616f3,,analysis/fs_0895_analysis.png,thumbnails/fs_0895.jpg,dlstupka/hth-baptisms-san-antonio-1788-1824--1858-1898,9f03a2632820a26b9724dac7a7a62e87776b1b04,dlstupka/hth,4b0d7c9a16b00eb463a94355f4a2aaf9e69af020,,,,,,,,,,not_reviewed,,
896,Baptisms-San-Antonio-Baptism-Records-1788-1824--1858-1898_p711-929.docx,187,rId190,word/media/image187.png,raw/fs_0896.png,PNG,1690,1361,RGB,1673832,ad65ceae2fd231b0146b88caa53f4d9ced7e4c3627de857daa8d07a318ee8cea,,analysis/fs_0896_analysis.png,thumbnails/fs_0896.jpg,dlstupka/hth-baptisms-san-antonio-1788-1824--1858-1898,9f03a2632820a26b9724dac7a7a62e87776b1b04,dlstupka/hth,4b0d7c9a16b00eb463a94355f4a2aaf9e69af020,,,,,,,,,,not_reviewed,,
897,Baptisms-San-Antonio-Baptism-Records-1788-1824--1858-1898_p711-929.docx,188,rId191,word/media/image188.png,raw/fs_0897.png,PNG,1690,1361,RGB,1612512,d016135c92a4f13e57344f07569249fec0c05536d952d790e2d232c69c4617f3,,analysis/fs_0897_analysis.png,thumbnails/fs_0897.jpg,dlstupka/hth-baptisms-san-antonio-1788-1824--1858-1898,9f03a2632820a26b9724dac7a7a62e87776b1b04,dlstupka/hth,4b0d7c9a16b00eb463a94355f4a2aaf9e69af020,,,,,,,,,,not_reviewed,,
898,Baptisms-San-Antonio-Baptism-Records-1788-1824--1858-1898_p711-929.docx,189,rId192,word/media/image189.png,raw/fs_0898.png,PNG,1690,1361,RGB,1633870,4ea5d8a56c60330e1c23cd62e84582d819846077dc3eb8ad45ba9bf00d3a32b0,,analysis/fs_0898_analysis.png,thumbnails/fs_0898.jpg,dlstupka/hth-baptisms-san-antonio-1788-1824--1858-1898,9f03a2632820a26b9724dac7a7a62e87776b1b04,dlstupka/hth,4b0d7c9a16b00eb463a94355f4a2aaf9e69af020,,,,,,,,,,not_reviewed,,
899,Baptisms-San-Antonio-Baptism-Records-1788-1824--1858-1898_p711-929.docx,190,rId193,word/media/image190.png,raw/fs_0899.png,PNG,1690,1361,RGB,1658705,d2b32bb1346c6f242699b06d917babefc0a098ad6c607bb92d07d96bdf651d8e,,analysis/fs_0899_analysis.png,thumbnails/fs_0899.jpg,dlstupka/hth-baptisms-san-antonio-1788-1824--1858-1898,9f03a2632820a26b9724dac7a7a62e87776b1b04,dlstupka/hth,4b0d7c9a16b00eb463a94355f4a2aaf9e69af020,,,,,,,,,,not_reviewed,,
900,Baptisms-San-Antonio-Baptism-Records-1788-1824--1858-1898_p711-929.docx,191,rId194,word/media/image191.png,raw/fs_0900.png,PNG,1690,1361,RGB,1684030,6dc5f25a54617cae676a854fcd5d10f28bb2535ac189c3fd1b2f4a5318fad82f,,analysis/fs_0900_analysis.png,thumbnails/fs_0900.jpg,dlstupka/hth-baptisms-san-antonio-1788-1824--1858-1898,9f03a2632820a26b9724dac7a7a62e87776b1b04,dlstupka/hth,4b0d7c9a16b00eb463a94355f4a2aaf9e69af020,,,,,,,,,,not_reviewed,,
901,Baptisms-San-Antonio-Baptism-Records-1788-1824--1858-1898_p711-929.docx,192,rId195,word/media/image192.png,raw/fs_0901.png,PNG,1690,1361,RGB,1654883,2aff429bc58efdb057619ac31796e1c8a4b43757cf15e493e998682347c78d9b,,analysis/fs_0901_analysis.png,thumbnails/fs_0901.jpg,dlstupka/hth-baptisms-san-antonio-1788-1824--1858-1898,9f03a2632820a26b9724dac7a7a62e87776b1b04,dlstupka/hth,4b0d7c9a16b00eb463a94355f4a2aaf9e69af020,,,,,,,,,,not_reviewed,,
902,Baptisms-San-Antonio-Baptism-Records-1788-1824--1858-1898_p711-929.docx,193,rId196,word/media/image193.png,raw/fs_0902.png,PNG,1690,1361,RGB,1672937,d87ee1a9fb8819eac0fbb46ea6fca06b2ea4dcf30049966cf6502fe8d41621a8,,analysis/fs_0902_analysis.png,thumbnails/fs_0902.jpg,dlstupka/hth-baptisms-san-antonio-1788-1824--1858-1898,9f03a2632820a26b9724dac7a7a62e87776b1b04,dlstupka/hth,4b0d7c9a16b00eb463a94355f4a2aaf9e69af020,,,,,,,,,,not_reviewed,,
903,Baptisms-San-Antonio-Baptism-Records-1788-1824--1858-1898_p711-929.docx,194,rId197,word/media/image194.png,raw/fs_0903.png,PNG,1690,1361,RGB,1722790,4c4c2a750cf977515e1aa6f35665dace0dc8b7d4667e1c8cd53e204c38b098b6,,analysis/fs_0903_analysis.png,thumbnails/fs_0903.jpg,dlstupka/hth-baptisms-san-antonio-1788-1824--1858-1898,9f03a2632820a26b9724dac7a7a62e87776b1b04,dlstupka/hth,4b0d7c9a16b00eb463a94355f4a2aaf9e69af020,,,,,,,,,,not_reviewed,,
904,Baptisms-San-Antonio-Baptism-Records-1788-1824--1858-1898_p711-929.docx,195,rId198,word/media/image195.png,raw/fs_0904.png,PNG,1690,1361,RGB,1645895,48d70a9d8fe3bcd54debb43ce941268a8a313a29b6f1eebf9063c2393d727fb3,,analysis/fs_0904_analysis.png,thumbnails/fs_0904.jpg,dlstupka/hth-baptisms-san-antonio-1788-1824--1858-1898,9f03a2632820a26b9724dac7a7a62e87776b1b04,dlstupka/hth,4b0d7c9a16b00eb463a94355f4a2aaf9e69af020,,,,,,,,,,not_reviewed,,
905,Baptisms-San-Antonio-Baptism-Records-1788-1824--1858-1898_p711-929.docx,196,rId199,word/media/image196.png,raw/fs_0905.png,PNG,1690,1361,RGB,1609267,b6b720f8fa011677cbe1e80c9725e26e125f998d3c06c915d549b0b6e6466df9,,analysis/fs_0905_analysis.png,thumbnails/fs_0905.jpg,dlstupka/hth-baptisms-san-antonio-1788-1824--1858-1898,9f03a2632820a26b9724dac7a7a62e87776b1b04,dlstupka/hth,4b0d7c9a16b00eb463a94355f4a2aaf9e69af020,,,,,,,,,,not_reviewed,,
906,Baptisms-San-Antonio-Baptism-Records-1788-1824--1858-1898_p711-929.docx,197,rId200,word/media/image197.png,raw/fs_0906.png,PNG,1690,1361,RGB,1615520,fc8b4add8bfccb7a3126805d0ff61da4b08ea1c35688e05786176f90341acf04,,analysis/fs_0906_analysis.png,thumbnails/fs_0906.jpg,dlstupka/hth-baptisms-san-antonio-1788-1824--1858-1898,9f03a2632820a26b9724dac7a7a62e87776b1b04,dlstupka/hth,4b0d7c9a16b00eb463a94355f4a2aaf9e69af020,,,,,,,,,,not_reviewed,,
907,Baptisms-San-Antonio-Baptism-Records-1788-1824--1858-1898_p711-929.docx,198,rId201,word/media/image198.png,raw/fs_0907.png,PNG,1690,1361,RGB,1676439,0824f7167156145ded8473f68e84ef5447d240423b37ab78e0a33fa11a897f35,,analysis/fs_0907_analysis.png,thumbnails/fs_0907.jpg,dlstupka/hth-baptisms-san-antonio-1788-1824--1858-1898,9f03a2632820a26b9724dac7a7a62e87776b1b04,dlstupka/hth,4b0d7c9a16b00eb463a94355f4a2aaf9e69af020,,,,,,,,,,not_reviewed,,
908,Baptisms-San-Antonio-Baptism-Records-1788-1824--1858-1898_p711-929.docx,199,rId202,word/media/image199.png,raw/fs_0908.png,PNG,1690,1361,RGB,1616070,270d63b384ae871182bad5592aad3e932307ece78e531c7652085263edc837fb,,analysis/fs_0908_analysis.png,thumbnails/fs_0908.jpg,dlstupka/hth-baptisms-san-antonio-1788-1824--1858-1898,9f03a2632820a26b9724dac7a7a62e87776b1b04,dlstupka/hth,4b0d7c9a16b00eb463a94355f4a2aaf9e69af020,,,,,,,,,,not_reviewed,,
909,Baptisms-San-Antonio-Baptism-Records-1788-1824--1858-1898_p711-929.docx,200,rId203,word/media/image200.png,raw/fs_0909.png,PNG,1690,1361,RGB,1584684,d9c0d23e10caf10f9c9968060788897c599a9c73f3575b6d98348c24868044a7,,analysis/fs_0909_analysis.png,thumbnails/fs_0909.jpg,dlstupka/hth-baptisms-san-antonio-1788-1824--1858-1898,9f03a2632820a26b9724dac7a7a62e87776b1b04,dlstupka/hth,4b0d7c9a16b00eb463a94355f4a2aaf9e69af020,,,,,,,,,,not_reviewed,,
910,Baptisms-San-Antonio-Baptism-Records-1788-1824--1858-1898_p711-929.docx,201,rId204,word/media/image201.png,raw/fs_0910.png,PNG,1690,1361,RGB,1568903,76bb83f84fa81a4c62d5b4ac264d7af2bed0817ae247deb589ef350cab0d4c10,,analysis/fs_0910_analysis.png,thumbnails/fs_0910.jpg,dlstupka/hth-baptisms-san-antonio-1788-1824--1858-1898,9f03a2632820a26b9724dac7a7a62e87776b1b04,dlstupka/hth,4b0d7c9a16b00eb463a94355f4a2aaf9e69af020,,,,,,,,,,not_reviewed,,
911,Baptisms-San-Antonio-Baptism-Records-1788-1824--1858-1898_p711-929.docx,202,rId205,word/media/image202.png,raw/fs_0911.png,PNG,1690,1361,RGB,1751442,c0088e2e9671407657c528bb094c92cd58c016e0af500dff7c3f69354103e702,,analysis/fs_0911_analysis.png,thumbnails/fs_0911.jpg,dlstupka/hth-baptisms-san-antonio-1788-1824--1858-1898,9f03a2632820a26b9724dac7a7a62e87776b1b04,dlstupka/hth,4b0d7c9a16b00eb463a94355f4a2aaf9e69af020,,,,,,,,,,not_reviewed,,
912,Baptisms-San-Antonio-Baptism-Records-1788-1824--1858-1898_p711-929.docx,203,rId206,word/media/image203.png,raw/fs_0912.png,PNG,1690,1361,RGB,1696516,82451d8b83d46ae16a07dde5d97beed5ce2c98c7a2aacb147d3d0550cdfb2afa,,analysis/fs_0912_analysis.png,thumbnails/fs_0912.jpg,dlstupka/hth-baptisms-san-antonio-1788-1824--1858-1898,9f03a2632820a26b9724dac7a7a62e87776b1b04,dlstupka/hth,4b0d7c9a16b00eb463a94355f4a2aaf9e69af020,,,,,,,,,,not_reviewed,,
913,Baptisms-San-Antonio-Baptism-Records-1788-1824--1858-1898_p711-929.docx,204,rId207,word/media/image204.png,raw/fs_0913.png,PNG,1690,1361,RGB,1691603,1aed35630332f0137c5ce06b80e13f2badf085cdc61432ec749aa4977ac98791,,analysis/fs_0913_analysis.png,thumbnails/fs_0913.jpg,dlstupka/hth-baptisms-san-antonio-1788-1824--1858-1898,9f03a2632820a26b9724dac7a7a62e87776b1b04,dlstupka/hth,4b0d7c9a16b00eb463a94355f4a2aaf9e69af020,,,,,,,,,,not_reviewed,,
914,Baptisms-San-Antonio-Baptism-Records-1788-1824--1858-1898_p711-929.docx,205,rId208,word/media/image205.png,raw/fs_0914.png,PNG,1690,1361,RGB,1691280,8b15d7516657d51ec810a974ef2366bcd0beb7facb9c3c1bc08396ad08c3e428,,analysis/fs_0914_analysis.png,thumbnails/fs_0914.jpg,dlstupka/hth-baptisms-san-antonio-1788-1824--1858-1898,9f03a2632820a26b9724dac7a7a62e87776b1b04,dlstupka/hth,4b0d7c9a16b00eb463a94355f4a2aaf9e69af020,,,,,,,,,,not_reviewed,,
915,Baptisms-San-Antonio-Baptism-Records-1788-1824--1858-1898_p711-929.docx,206,rId209,word/media/image206.png,raw/fs_0915.png,PNG,1690,1361,RGB,1758408,756be82e08780294f878a651071f70d8ac83db65387ff303de27d2b5df430f0d,,analysis/fs_0915_analysis.png,thumbnails/fs_0915.jpg,dlstupka/hth-baptisms-san-antonio-1788-1824--1858-1898,9f03a2632820a26b9724dac7a7a62e87776b1b04,dlstupka/hth,4b0d7c9a16b00eb463a94355f4a2aaf9e69af020,,,,,,,,,,not_reviewed,,
916,Baptisms-San-Antonio-Baptism-Records-1788-1824--1858-1898_p711-929.docx,207,rId210,word/media/image207.png,raw/fs_0916.png,PNG,1690,1361,RGB,1710898,7d71b8a60b08f6d52122d1ea01861565daacde1d962c7124c430abfc10f1309c,,analysis/fs_0916_analysis.png,thumbnails/fs_0916.jpg,dlstupka/hth-baptisms-san-antonio-1788-1824--1858-1898,9f03a2632820a26b9724dac7a7a62e87776b1b04,dlstupka/hth,4b0d7c9a16b00eb463a94355f4a2aaf9e69af020,,,,,,,,,,not_reviewed,,
917,Baptisms-San-Antonio-Baptism-Records-1788-1824--1858-1898_p711-929.docx,208,rId211,word/media/image208.png,raw/fs_0917.png,PNG,1690,1361,RGB,1705723,6b6c24945f1bb8ab259333f241c846f0fc44b8c93dc33d00b7a26782d02aa7e2,,analysis/fs_0917_analysis.png,thumbnails/fs_0917.jpg,dlstupka/hth-baptisms-san-antonio-1788-1824--1858-1898,9f03a2632820a26b9724dac7a7a62e87776b1b04,dlstupka/hth,4b0d7c9a16b00eb463a94355f4a2aaf9e69af020,,,,,,,,,,not_reviewed,,
918,Baptisms-San-Antonio-Baptism-Records-1788-1824--1858-1898_p711-929.docx,209,rId212,word/media/image209.png,raw/fs_0918.png,PNG,1690,1361,RGB,1719631,8aa65faedb790dfaf1563a26ab3d67616975e7ee0af94ee73e743b555303b460,,analysis/fs_0918_analysis.png,thumbnails/fs_0918.jpg,dlstupka/hth-baptisms-san-antonio-1788-1824--1858-1898,9f03a2632820a26b9724dac7a7a62e87776b1b04,dlstupka/hth,4b0d7c9a16b00eb463a94355f4a2aaf9e69af020,,,,,,,,,,not_reviewed,,
919,Baptisms-San-Antonio-Baptism-Records-1788-1824--1858-1898_p711-929.docx,210,rId213,word/media/image210.png,raw/fs_0919.png,PNG,1690,1361,RGB,1704460,7ea9f3259d49952e5450741d5eb51f2dcba8ea692be51f086c9ea147b0b8a050,,analysis/fs_0919_analysis.png,thumbnails/fs_0919.jpg,dlstupka/hth-baptisms-san-antonio-1788-1824--1858-1898,9f03a2632820a26b9724dac7a7a62e87776b1b04,dlstupka/hth,4b0d7c9a16b00eb463a94355f4a2aaf9e69af020,,,,,,,,,,not_reviewed,,
920,Baptisms-San-Antonio-Baptism-Records-1788-1824--1858-1898_p711-929.docx,211,rId214,word/media/image211.png,raw/fs_0920.png,PNG,1690,1361,RGB,1679309,3d832f69c068881d0b48435a0b371962707ab1cd1b60e29cefcd9a6f1a8e18a0,,analysis/fs_0920_analysis.png,thumbnails/fs_0920.jpg,dlstupka/hth-baptisms-san-antonio-1788-1824--1858-1898,9f03a2632820a26b9724dac7a7a62e87776b1b04,dlstupka/hth,4b0d7c9a16b00eb463a94355f4a2aaf9e69af020,,,,,,,,,,not_reviewed,,
921,Baptisms-San-Antonio-Baptism-Records-1788-1824--1858-1898_p711-929.docx,212,rId215,word/media/image212.png,raw/fs_0921.png,PNG,1690,1361,RGB,1727622,678137bda600010319c7a4f4e6ad63a490da52b8db2b7c40548d6c9f971368ec,,analysis/fs_0921_analysis.png,thumbnails/fs_0921.jpg,dlstupka/hth-baptisms-san-antonio-1788-1824--1858-1898,9f03a2632820a26b9724dac7a7a62e87776b1b04,dlstupka/hth,4b0d7c9a16b00eb463a94355f4a2aaf9e69af020,,,,,,,,,,not_reviewed,,
922,Baptisms-San-Antonio-Baptism-Records-1788-1824--1858-1898_p711-929.docx,213,rId216,word/media/image213.png,raw/fs_0922.png,PNG,1690,1361,RGB,1694044,7889a40ac95b173e7bc66bbced7bda081e3dcc2f13fa33d275cf92e4861f9108,,analysis/fs_0922_analysis.png,thumbnails/fs_0922.jpg,dlstupka/hth-baptisms-san-antonio-1788-1824--1858-1898,9f03a2632820a26b9724dac7a7a62e87776b1b04,dlstupka/hth,4b0d7c9a16b00eb463a94355f4a2aaf9e69af020,,,,,,,,,,not_reviewed,,
923,Baptisms-San-Antonio-Baptism-Records-1788-1824--1858-1898_p711-929.docx,214,rId217,word/media/image214.png,raw/fs_0923.png,PNG,1690,1361,RGB,1698582,6bfcc8581199653ed5af0a3f1ab4ed67bf0c108b427472063237773f75d63474,,analysis/fs_0923_analysis.png,thumbnails/fs_0923.jpg,dlstupka/hth-baptisms-san-antonio-1788-1824--1858-1898,9f03a2632820a26b9724dac7a7a62e87776b1b04,dlstupka/hth,4b0d7c9a16b00eb463a94355f4a2aaf9e69af020,,,,,,,,,,not_reviewed,,
924,Baptisms-San-Antonio-Baptism-Records-1788-1824--1858-1898_p711-929.docx,215,rId218,word/media/image215.png,raw/fs_0924.png,PNG,1690,1361,RGB,1579570,42eff5e2e770a5f407642a58460277b7b32786aabb5250e7626e89941198d3ed,,analysis/fs_0924_analysis.png,thumbnails/fs_0924.jpg,dlstupka/hth-baptisms-san-antonio-1788-1824--1858-1898,9f03a2632820a26b9724dac7a7a62e87776b1b04,dlstupka/hth,4b0d7c9a16b00eb463a94355f4a2aaf9e69af020,,,,,,,,,,not_reviewed,,
925,Baptisms-San-Antonio-Baptism-Records-1788-1824--1858-1898_p711-929.docx,216,rId219,word/media/image216.png,raw/fs_0925.png,PNG,1690,1361,RGB,1711490,793850a8ec265d8531aa5491f7ee772bb2bb793e2d1f4e03cf892bb7387d2391,,analysis/fs_0925_analysis.png,thumbnails/fs_0925.jpg,dlstupka/hth-baptisms-san-antonio-1788-1824--1858-1898,9f03a2632820a26b9724dac7a7a62e87776b1b04,dlstupka/hth,4b0d7c9a16b00eb463a94355f4a2aaf9e69af020,,,,,,,,,,not_reviewed,,
926,Baptisms-San-Antonio-Baptism-Records-1788-1824--1858-1898_p711-929.docx,217,rId220,word/media/image217.png,raw/fs_0926.png,PNG,1690,1361,RGB,1779807,cfaa74d7a14f0390a758c670f4dbfcc2dec98f8f61c340bc628ff348370db9d0,,analysis/fs_0926_analysis.png,thumbnails/fs_0926.jpg,dlstupka/hth-baptisms-san-antonio-1788-1824--1858-1898,9f03a2632820a26b9724dac7a7a62e87776b1b04,dlstupka/hth,4b0d7c9a16b00eb463a94355f4a2aaf9e69af020,,,,,,,,,,not_reviewed,,
927,Baptisms-San-Antonio-Baptism-Records-1788-1824--1858-1898_p711-929.docx,218,rId221,word/media/image218.png,raw/fs_0927.png,PNG,1690,1361,RGB,883547,4a3da390d139eecd9c488671e5c6229a8075a0ab401ba169801110aa8c4d18f8,,analysis/fs_0927_analysis.png,thumbnails/fs_0927.jpg,dlstupka/hth-baptisms-san-antonio-1788-1824--1858-1898,9f03a2632820a26b9724dac7a7a62e87776b1b04,dlstupka/hth,4b0d7c9a16b00eb463a94355f4a2aaf9e69af020,,,,,,,,,,not_reviewed,,
928,Baptisms-San-Antonio-Baptism-Records-1788-1824--1858-1898_p711-929.docx,219,rId222,word/media/image219.png,raw/fs_0928.png,PNG,2552,1058,RGBA,285825,c759e37c5a32e29eb334f5446b691aa5b34fbd52c67ffe90e54590795bb94814,,analysis/fs_0928_analysis.png,thumbnails/fs_0928.jpg,dlstupka/hth-baptisms-san-antonio-1788-1824--1858-1898,9f03a2632820a26b9724dac7a7a62e87776b1b04,dlstupka/hth,4b0d7c9a16b00eb463a94355f4a2aaf9e69af020,,,,,,,,,,not_reviewed,,
