run_id,parameter_set_equivalence_family_id,parameter_set_equivalence_family_sha256,parameter_set_equivalence_family_size,parameter_set_id,parameter_identity_sha256,parameter_schema_version,parameter_grid_sha256,parameter_grid_ordinal,profile,rank,search_rank,requested_search_member,search_space_member,reference_roles_json,historic_reference_json,completion_index,completion_elapsed_seconds,search_fraction,global_ordinal,label,layout_type,status,iou,left_error_px,top_error_px,right_error_px,bottom_error_px,edge_error_mean_px,edge_error_maximum_px,elapsed_ms,approved_bbox_json,predicted_bbox_json,parameters_json,error_type,error_message,result_json,page_json
run-20260902-194727,7aed2fc501c5,7aed2fc501c50e9f40af6a6dd4602edbaa4779541376136a454886c1b21baeb4,1,7aed2fc501c5,f3be94c2efb6ee89d9366a3f0ef6f033d4f728be45ccfc8498e19d57b63a1e2f,1,82ae8377914bcb10d48ff95337120000a514277e384779cc6be6e865dd3197da,147,,1,,1,1,"[""historic_best""]","{""detector"": ""contour"", ""golden_set_sha256"": ""135c0ff576876ef8911296e2502193ed20d159799079a4f8a58994854fcbba8e"", ""historic_build_number"": ""283"", ""historic_build_url"": ""https://github.com/dlstupka/hth/actions/runs/31424159190"", ""historic_calibration_id"": ""run-20260810-192734"", ""historic_created_at_utc"": ""2026-08-10T19:27:34.524224+00:00"", ""model_variant"": null, ""parameter_identity_sha256"": ""f3be94c2efb6ee89d9366a3f0ef6f033d4f728be45ccfc8498e19d57b63a1e2f"", ""parameter_set_id"": ""7aed2fc501c5"", ""parameters"": {""bbox_padding_fraction"": 0.005, ""close_iterations"": 2, ""close_kernel_fraction"": 0.018, ""merge_fragmented_contours"": true, ""minimum_contour_area_fraction"": 0.06, ""polygon_epsilon_fraction"": 0.008, ""rectangularity_weight"": 0.1}, ""provenance_source"": ""legacy-parameters""}",2,0.031280985567718744,0.2,1,ordinary_two_page_spread,two_page_spread,ok,0.97337789,20,1,4,5,7.5,20,3.222,"[125, 56, 1289, 967]","[105, 55, 1285, 962]","{""bbox_padding_fraction"":0.005,""close_iterations"":2,""close_kernel_fraction"":0.018,""merge_fragmented_contours"":true,""minimum_contour_area_fraction"":0.06,""polygon_epsilon_fraction"":0.008,""rectangularity_weight"":0.1}",,,"{""historic_reference"":{""detector"":""contour"",""golden_set_sha256"":""135c0ff576876ef8911296e2502193ed20d159799079a4f8a58994854fcbba8e"",""historic_build_number"":""283"",""historic_build_url"":""https://github.com/dlstupka/hth/actions/runs/31424159190"",""historic_calibration_id"":""run-20260810-192734"",""historic_created_at_utc"":""2026-08-10T19:27:34.524224+00:00"",""model_variant"":null,""parameter_identity_sha256"":""f3be94c2efb6ee89d9366a3f0ef6f033d4f728be45ccfc8498e19d57b63a1e2f"",""parameter_set_id"":""7aed2fc501c5"",""parameters"":{""bbox_padding_fraction"":0.005,""close_iterations"":2,""close_kernel_fraction"":0.018,""merge_fragmented_contours"":true,""minimum_contour_area_fraction"":0.06,""polygon_epsilon_fraction"":0.008,""rectangularity_weight"":0.1},""provenance_source"":""legacy-parameters""},""legacy_parameter_set_id"":""7aed2fc501c5"",""parameter_grid_ordinal"":147,""parameter_grid_sha256"":""82ae8377914bcb10d48ff95337120000a514277e384779cc6be6e865dd3197da"",""parameter_identity_schema_version"":""1"",""parameter_identity_sha256"":""f3be94c2efb6ee89d9366a3f0ef6f033d4f728be45ccfc8498e19d57b63a1e2f"",""parameter_schema_version"":""1"",""parameter_set_equivalence_family_id"":""7aed2fc501c5"",""parameter_set_equivalence_family_sha256"":""7aed2fc501c50e9f40af6a6dd4602edbaa4779541376136a454886c1b21baeb4"",""parameter_set_equivalence_family_size"":1,""parameter_set_id"":""7aed2fc501c5"",""parameters"":{""bbox_padding_fraction"":0.005,""close_iterations"":2,""close_kernel_fraction"":0.018,""merge_fragmented_contours"":true,""minimum_contour_area_fraction"":0.06,""polygon_epsilon_fraction"":0.008,""rectangularity_weight"":0.1},""profile"":null,""rank"":1,""reference_roles"":[""historic_best""],""requested_search_member"":true,""run_id"":""run-20260902-194727"",""search_observation"":{""completion_index"":2,""elapsed_seconds"":0.031280985567718744,""parameter_set_number"":2,""search_fraction"":0.2},""search_space_member"":true,""summary"":{""elapsed_ms_total"":14.646,""failure_count"":0,""mean_edge_error_px"":42.7,""mean_iou"":0.84980856,""mean_iou_success"":0.84980856,""minimum_iou"":0.54568997,""page_count"":5,""stddev_iou"":0.15888337,""success_count"":5,""wall_ms"":14.846}}","{""approved_bbox"":[125,56,1289,967],""candidate"":{""authors"":null,""bbox"":[105,55,1285,962],""confidence"":0.944858,""corners"":[[111.1368408203125,956.9866943359375],[109.455810546875,60.97849655151367],[1277.7161865234375,58.78664016723633],[1279.397216796875,954.7947998046875]],""detector_name"":"""",""diagnostics"":{""close_kernel_size"":19,""contour_area"":960194.0,""contour_area_fraction"":0.70465093,""contour_source"":""external_contour"",""corner_source"":""minimum_area_rectangle"",""external_contour_count"":2,""mask_foreground_fraction"":0.70798781,""parameters"":{""bbox_padding_fraction"":0.005,""close_iterations"":2,""close_kernel_fraction"":0.018,""merge_fragmented_contours"":true,""minimum_contour_area_fraction"":0.06,""polygon_epsilon_fraction"":0.008,""rectangularity_weight"":0.1},""polygon_vertices"":12,""rectangularity"":0.91491486},""foundation"":null,""method"":""contour"",""origin"":"""",""repository"":"""",""score"":0.944858,""status"":""ok"",""version"":""""},""edge_error_maximum_px"":20,""edge_error_mean_px"":7.5,""edge_errors"":{""bottom"":5,""left"":20,""maximum"":20,""mean"":7.5,""right"":4,""top"":1},""elapsed_ms"":3.222,""global_ordinal"":1,""iou"":0.97337789,""label"":""ordinary_two_page_spread"",""layout_type"":""two_page_spread"",""predicted_bbox"":[105,55,1285,962],""status"":""ok""}"
run-20260902-194727,7aed2fc501c5,7aed2fc501c50e9f40af6a6dd4602edbaa4779541376136a454886c1b21baeb4,1,7aed2fc501c5,f3be94c2efb6ee89d9366a3f0ef6f033d4f728be45ccfc8498e19d57b63a1e2f,1,82ae8377914bcb10d48ff95337120000a514277e384779cc6be6e865dd3197da,147,,1,,1,1,"[""historic_best""]","{""detector"": ""contour"", ""golden_set_sha256"": ""135c0ff576876ef8911296e2502193ed20d159799079a4f8a58994854fcbba8e"", ""historic_build_number"": ""283"", ""historic_build_url"": ""https://github.com/dlstupka/hth/actions/runs/31424159190"", ""historic_calibration_id"": ""run-20260810-192734"", ""historic_created_at_utc"": ""2026-08-10T19:27:34.524224+00:00"", ""model_variant"": null, ""parameter_identity_sha256"": ""f3be94c2efb6ee89d9366a3f0ef6f033d4f728be45ccfc8498e19d57b63a1e2f"", ""parameter_set_id"": ""7aed2fc501c5"", ""parameters"": {""bbox_padding_fraction"": 0.005, ""close_iterations"": 2, ""close_kernel_fraction"": 0.018, ""merge_fragmented_contours"": true, ""minimum_contour_area_fraction"": 0.06, ""polygon_epsilon_fraction"": 0.008, ""rectangularity_weight"": 0.1}, ""provenance_source"": ""legacy-parameters""}",2,0.031280985567718744,0.2,5,damaged_partial_register_spread,two_page_spread,ok,0.54568997,40,8,477,11,134.0,477,2.927,"[67, 8, 1233, 977]","[107, 16, 756, 966]","{""bbox_padding_fraction"":0.005,""close_iterations"":2,""close_kernel_fraction"":0.018,""merge_fragmented_contours"":true,""minimum_contour_area_fraction"":0.06,""polygon_epsilon_fraction"":0.008,""rectangularity_weight"":0.1}",,,"{""historic_reference"":{""detector"":""contour"",""golden_set_sha256"":""135c0ff576876ef8911296e2502193ed20d159799079a4f8a58994854fcbba8e"",""historic_build_number"":""283"",""historic_build_url"":""https://github.com/dlstupka/hth/actions/runs/31424159190"",""historic_calibration_id"":""run-20260810-192734"",""historic_created_at_utc"":""2026-08-10T19:27:34.524224+00:00"",""model_variant"":null,""parameter_identity_sha256"":""f3be94c2efb6ee89d9366a3f0ef6f033d4f728be45ccfc8498e19d57b63a1e2f"",""parameter_set_id"":""7aed2fc501c5"",""parameters"":{""bbox_padding_fraction"":0.005,""close_iterations"":2,""close_kernel_fraction"":0.018,""merge_fragmented_contours"":true,""minimum_contour_area_fraction"":0.06,""polygon_epsilon_fraction"":0.008,""rectangularity_weight"":0.1},""provenance_source"":""legacy-parameters""},""legacy_parameter_set_id"":""7aed2fc501c5"",""parameter_grid_ordinal"":147,""parameter_grid_sha256"":""82ae8377914bcb10d48ff95337120000a514277e384779cc6be6e865dd3197da"",""parameter_identity_schema_version"":""1"",""parameter_identity_sha256"":""f3be94c2efb6ee89d9366a3f0ef6f033d4f728be45ccfc8498e19d57b63a1e2f"",""parameter_schema_version"":""1"",""parameter_set_equivalence_family_id"":""7aed2fc501c5"",""parameter_set_equivalence_family_sha256"":""7aed2fc501c50e9f40af6a6dd4602edbaa4779541376136a454886c1b21baeb4"",""parameter_set_equivalence_family_size"":1,""parameter_set_id"":""7aed2fc501c5"",""parameters"":{""bbox_padding_fraction"":0.005,""close_iterations"":2,""close_kernel_fraction"":0.018,""merge_fragmented_contours"":true,""minimum_contour_area_fraction"":0.06,""polygon_epsilon_fraction"":0.008,""rectangularity_weight"":0.1},""profile"":null,""rank"":1,""reference_roles"":[""historic_best""],""requested_search_member"":true,""run_id"":""run-20260902-194727"",""search_observation"":{""completion_index"":2,""elapsed_seconds"":0.031280985567718744,""parameter_set_number"":2,""search_fraction"":0.2},""search_space_member"":true,""summary"":{""elapsed_ms_total"":14.646,""failure_count"":0,""mean_edge_error_px"":42.7,""mean_iou"":0.84980856,""mean_iou_success"":0.84980856,""minimum_iou"":0.54568997,""page_count"":5,""stddev_iou"":0.15888337,""success_count"":5,""wall_ms"":14.846}}","{""approved_bbox"":[67,8,1233,977],""candidate"":{""authors"":null,""bbox"":[107,16,756,966],""confidence"":0.835167,""corners"":[[115.6248779296875,961.4507446289062],[111.6502685546875,23.442161560058594],[748.8209838867188,20.742286682128906],[752.7955932617188,958.7509155273438]],""detector_name"":"""",""diagnostics"":{""close_kernel_size"":19,""contour_area"":469200.5,""contour_area_fraction"":0.36123134,""contour_source"":""external_contour"",""corner_source"":""minimum_area_rectangle"",""external_contour_count"":6,""mask_foreground_fraction"":0.36342436,""parameters"":{""bbox_padding_fraction"":0.005,""close_iterations"":2,""close_kernel_fraction"":0.018,""merge_fragmented_contours"":true,""minimum_contour_area_fraction"":0.06,""polygon_epsilon_fraction"":0.008,""rectangularity_weight"":0.1},""polygon_vertices"":14,""rectangularity"":0.78114158},""foundation"":null,""method"":""contour"",""origin"":"""",""repository"":"""",""score"":0.835167,""status"":""ok"",""version"":""""},""edge_error_maximum_px"":477,""edge_error_mean_px"":134.0,""edge_errors"":{""bottom"":11,""left"":40,""maximum"":477,""mean"":134.0,""right"":477,""top"":8},""elapsed_ms"":2.927,""global_ordinal"":5,""iou"":0.54568997,""label"":""damaged_partial_register_spread"",""layout_type"":""two_page_spread"",""predicted_bbox"":[107,16,756,966],""status"":""ok""}"
run-20260902-194727,7aed2fc501c5,7aed2fc501c50e9f40af6a6dd4602edbaa4779541376136a454886c1b21baeb4,1,7aed2fc501c5,f3be94c2efb6ee89d9366a3f0ef6f033d4f728be45ccfc8498e19d57b63a1e2f,1,82ae8377914bcb10d48ff95337120000a514277e384779cc6be6e865dd3197da,147,,1,,1,1,"[""historic_best""]","{""detector"": ""contour"", ""golden_set_sha256"": ""135c0ff576876ef8911296e2502193ed20d159799079a4f8a58994854fcbba8e"", ""historic_build_number"": ""283"", ""historic_build_url"": ""https://github.com/dlstupka/hth/actions/runs/31424159190"", ""historic_calibration_id"": ""run-20260810-192734"", ""historic_created_at_utc"": ""2026-08-10T19:27:34.524224+00:00"", ""model_variant"": null, ""parameter_identity_sha256"": ""f3be94c2efb6ee89d9366a3f0ef6f033d4f728be45ccfc8498e19d57b63a1e2f"", ""parameter_set_id"": ""7aed2fc501c5"", ""parameters"": {""bbox_padding_fraction"": 0.005, ""close_iterations"": 2, ""close_kernel_fraction"": 0.018, ""merge_fragmented_contours"": true, ""minimum_contour_area_fraction"": 0.06, ""polygon_epsilon_fraction"": 0.008, ""rectangularity_weight"": 0.1}, ""provenance_source"": ""legacy-parameters""}",2,0.031280985567718744,0.2,6,title_or_index_sheet,single_page,ok,0.83920856,120,11,17,23,42.75,120,2.431,"[15, 28, 1074, 970]","[135, 39, 1057, 947]","{""bbox_padding_fraction"":0.005,""close_iterations"":2,""close_kernel_fraction"":0.018,""merge_fragmented_contours"":true,""minimum_contour_area_fraction"":0.06,""polygon_epsilon_fraction"":0.008,""rectangularity_weight"":0.1}",,,"{""historic_reference"":{""detector"":""contour"",""golden_set_sha256"":""135c0ff576876ef8911296e2502193ed20d159799079a4f8a58994854fcbba8e"",""historic_build_number"":""283"",""historic_build_url"":""https://github.com/dlstupka/hth/actions/runs/31424159190"",""historic_calibration_id"":""run-20260810-192734"",""historic_created_at_utc"":""2026-08-10T19:27:34.524224+00:00"",""model_variant"":null,""parameter_identity_sha256"":""f3be94c2efb6ee89d9366a3f0ef6f033d4f728be45ccfc8498e19d57b63a1e2f"",""parameter_set_id"":""7aed2fc501c5"",""parameters"":{""bbox_padding_fraction"":0.005,""close_iterations"":2,""close_kernel_fraction"":0.018,""merge_fragmented_contours"":true,""minimum_contour_area_fraction"":0.06,""polygon_epsilon_fraction"":0.008,""rectangularity_weight"":0.1},""provenance_source"":""legacy-parameters""},""legacy_parameter_set_id"":""7aed2fc501c5"",""parameter_grid_ordinal"":147,""parameter_grid_sha256"":""82ae8377914bcb10d48ff95337120000a514277e384779cc6be6e865dd3197da"",""parameter_identity_schema_version"":""1"",""parameter_identity_sha256"":""f3be94c2efb6ee89d9366a3f0ef6f033d4f728be45ccfc8498e19d57b63a1e2f"",""parameter_schema_version"":""1"",""parameter_set_equivalence_family_id"":""7aed2fc501c5"",""parameter_set_equivalence_family_sha256"":""7aed2fc501c50e9f40af6a6dd4602edbaa4779541376136a454886c1b21baeb4"",""parameter_set_equivalence_family_size"":1,""parameter_set_id"":""7aed2fc501c5"",""parameters"":{""bbox_padding_fraction"":0.005,""close_iterations"":2,""close_kernel_fraction"":0.018,""merge_fragmented_contours"":true,""minimum_contour_area_fraction"":0.06,""polygon_epsilon_fraction"":0.008,""rectangularity_weight"":0.1},""profile"":null,""rank"":1,""reference_roles"":[""historic_best""],""requested_search_member"":true,""run_id"":""run-20260902-194727"",""search_observation"":{""completion_index"":2,""elapsed_seconds"":0.031280985567718744,""parameter_set_number"":2,""search_fraction"":0.2},""search_space_member"":true,""summary"":{""elapsed_ms_total"":14.646,""failure_count"":0,""mean_edge_error_px"":42.7,""mean_iou"":0.84980856,""mean_iou_success"":0.84980856,""minimum_iou"":0.54568997,""page_count"":5,""stddev_iou"":0.15888337,""success_count"":5,""wall_ms"":14.846}}","{""approved_bbox"":[15,28,1074,970],""candidate"":{""authors"":null,""bbox"":[135,39,1057,947],""confidence"":0.580499,""corners"":[[155.40652465820312,949.5792236328125],[139.79312133789062,44.00358963012695],[1037.99169921875,28.517406463623047],[1053.6051025390625,934.093017578125]],""detector_name"":"""",""diagnostics"":{""close_kernel_size"":19,""contour_area"":598808.0,""contour_area_fraction"":0.55989318,""contour_source"":""merged_convex_hull"",""corner_source"":""minimum_area_rectangle"",""external_contour_count"":49,""mask_foreground_fraction"":0.09981636,""parameters"":{""bbox_padding_fraction"":0.005,""close_iterations"":2,""close_kernel_fraction"":0.018,""merge_fragmented_contours"":true,""minimum_contour_area_fraction"":0.06,""polygon_epsilon_fraction"":0.008,""rectangularity_weight"":0.1},""polygon_vertices"":7,""rectangularity"":0.73116673},""foundation"":null,""method"":""contour"",""origin"":"""",""repository"":"""",""score"":0.580499,""status"":""ok"",""version"":""""},""edge_error_maximum_px"":120,""edge_error_mean_px"":42.75,""edge_errors"":{""bottom"":23,""left"":120,""maximum"":120,""mean"":42.75,""right"":17,""top"":11},""elapsed_ms"":2.431,""global_ordinal"":6,""iou"":0.83920856,""label"":""title_or_index_sheet"",""layout_type"":""single_page"",""predicted_bbox"":[135,39,1057,947],""status"":""ok""}"
run-20260902-194727,7aed2fc501c5,7aed2fc501c50e9f40af6a6dd4602edbaa4779541376136a454886c1b21baeb4,1,7aed2fc501c5,f3be94c2efb6ee89d9366a3f0ef6f033d4f728be45ccfc8498e19d57b63a1e2f,1,82ae8377914bcb10d48ff95337120000a514277e384779cc6be6e865dd3197da,147,,1,,1,1,"[""historic_best""]","{""detector"": ""contour"", ""golden_set_sha256"": ""135c0ff576876ef8911296e2502193ed20d159799079a4f8a58994854fcbba8e"", ""historic_build_number"": ""283"", ""historic_build_url"": ""https://github.com/dlstupka/hth/actions/runs/31424159190"", ""historic_calibration_id"": ""run-20260810-192734"", ""historic_created_at_utc"": ""2026-08-10T19:27:34.524224+00:00"", ""model_variant"": null, ""parameter_identity_sha256"": ""f3be94c2efb6ee89d9366a3f0ef6f033d4f728be45ccfc8498e19d57b63a1e2f"", ""parameter_set_id"": ""7aed2fc501c5"", ""parameters"": {""bbox_padding_fraction"": 0.005, ""close_iterations"": 2, ""close_kernel_fraction"": 0.018, ""merge_fragmented_contours"": true, ""minimum_contour_area_fraction"": 0.06, ""polygon_epsilon_fraction"": 0.008, ""rectangularity_weight"": 0.1}, ""provenance_source"": ""legacy-parameters""}",2,0.031280985567718744,0.2,9,clean_two_page_spread,two_page_spread,ok,0.93902894,16,5,38,5,16.0,38,2.859,"[84, 51, 1101, 941]","[68, 46, 1139, 946]","{""bbox_padding_fraction"":0.005,""close_iterations"":2,""close_kernel_fraction"":0.018,""merge_fragmented_contours"":true,""minimum_contour_area_fraction"":0.06,""polygon_epsilon_fraction"":0.008,""rectangularity_weight"":0.1}",,,"{""historic_reference"":{""detector"":""contour"",""golden_set_sha256"":""135c0ff576876ef8911296e2502193ed20d159799079a4f8a58994854fcbba8e"",""historic_build_number"":""283"",""historic_build_url"":""https://github.com/dlstupka/hth/actions/runs/31424159190"",""historic_calibration_id"":""run-20260810-192734"",""historic_created_at_utc"":""2026-08-10T19:27:34.524224+00:00"",""model_variant"":null,""parameter_identity_sha256"":""f3be94c2efb6ee89d9366a3f0ef6f033d4f728be45ccfc8498e19d57b63a1e2f"",""parameter_set_id"":""7aed2fc501c5"",""parameters"":{""bbox_padding_fraction"":0.005,""close_iterations"":2,""close_kernel_fraction"":0.018,""merge_fragmented_contours"":true,""minimum_contour_area_fraction"":0.06,""polygon_epsilon_fraction"":0.008,""rectangularity_weight"":0.1},""provenance_source"":""legacy-parameters""},""legacy_parameter_set_id"":""7aed2fc501c5"",""parameter_grid_ordinal"":147,""parameter_grid_sha256"":""82ae8377914bcb10d48ff95337120000a514277e384779cc6be6e865dd3197da"",""parameter_identity_schema_version"":""1"",""parameter_identity_sha256"":""f3be94c2efb6ee89d9366a3f0ef6f033d4f728be45ccfc8498e19d57b63a1e2f"",""parameter_schema_version"":""1"",""parameter_set_equivalence_family_id"":""7aed2fc501c5"",""parameter_set_equivalence_family_sha256"":""7aed2fc501c50e9f40af6a6dd4602edbaa4779541376136a454886c1b21baeb4"",""parameter_set_equivalence_family_size"":1,""parameter_set_id"":""7aed2fc501c5"",""parameters"":{""bbox_padding_fraction"":0.005,""close_iterations"":2,""close_kernel_fraction"":0.018,""merge_fragmented_contours"":true,""minimum_contour_area_fraction"":0.06,""polygon_epsilon_fraction"":0.008,""rectangularity_weight"":0.1},""profile"":null,""rank"":1,""reference_roles"":[""historic_best""],""requested_search_member"":true,""run_id"":""run-20260902-194727"",""search_observation"":{""completion_index"":2,""elapsed_seconds"":0.031280985567718744,""parameter_set_number"":2,""search_fraction"":0.2},""search_space_member"":true,""summary"":{""elapsed_ms_total"":14.646,""failure_count"":0,""mean_edge_error_px"":42.7,""mean_iou"":0.84980856,""mean_iou_success"":0.84980856,""minimum_iou"":0.54568997,""page_count"":5,""stddev_iou"":0.15888337,""success_count"":5,""wall_ms"":14.846}}","{""approved_bbox"":[84,51,1101,941],""candidate"":{""authors"":null,""bbox"":[68,46,1139,946],""confidence"":0.98137,""corners"":[[1115.0,56.0],[77.0,56.0],[73.0,932.0],[1118.0,937.0]],""detector_name"":"""",""diagnostics"":{""close_kernel_size"":19,""contour_area"":926169.5,""contour_area_fraction"":0.73002609,""contour_source"":""external_contour"",""corner_source"":""approx_poly_dp"",""external_contour_count"":1,""mask_foreground_fraction"":0.73155248,""parameters"":{""bbox_padding_fraction"":0.005,""close_iterations"":2,""close_kernel_fraction"":0.018,""merge_fragmented_contours"":true,""minimum_contour_area_fraction"":0.06,""polygon_epsilon_fraction"":0.008,""rectangularity_weight"":0.1},""polygon_vertices"":4,""rectangularity"":0.98081045},""foundation"":null,""method"":""contour"",""origin"":"""",""repository"":"""",""score"":0.98137,""status"":""ok"",""version"":""""},""edge_error_maximum_px"":38,""edge_error_mean_px"":16.0,""edge_errors"":{""bottom"":5,""left"":16,""maximum"":38,""mean"":16.0,""right"":38,""top"":5},""elapsed_ms"":2.859,""global_ordinal"":9,""iou"":0.93902894,""label"":""clean_two_page_spread"",""layout_type"":""two_page_spread"",""predicted_bbox"":[68,46,1139,946],""status"":""ok""}"
run-20260902-194727,7aed2fc501c5,7aed2fc501c50e9f40af6a6dd4602edbaa4779541376136a454886c1b21baeb4,1,7aed2fc501c5,f3be94c2efb6ee89d9366a3f0ef6f033d4f728be45ccfc8498e19d57b63a1e2f,1,82ae8377914bcb10d48ff95337120000a514277e384779cc6be6e865dd3197da,147,,1,,1,1,"[""historic_best""]","{""detector"": ""contour"", ""golden_set_sha256"": ""135c0ff576876ef8911296e2502193ed20d159799079a4f8a58994854fcbba8e"", ""historic_build_number"": ""283"", ""historic_build_url"": ""https://github.com/dlstupka/hth/actions/runs/31424159190"", ""historic_calibration_id"": ""run-20260810-192734"", ""historic_created_at_utc"": ""2026-08-10T19:27:34.524224+00:00"", ""model_variant"": null, ""parameter_identity_sha256"": ""f3be94c2efb6ee89d9366a3f0ef6f033d4f728be45ccfc8498e19d57b63a1e2f"", ""parameter_set_id"": ""7aed2fc501c5"", ""parameters"": {""bbox_padding_fraction"": 0.005, ""close_iterations"": 2, ""close_kernel_fraction"": 0.018, ""merge_fragmented_contours"": true, ""minimum_contour_area_fraction"": 0.06, ""polygon_epsilon_fraction"": 0.008, ""rectangularity_weight"": 0.1}, ""provenance_source"": ""legacy-parameters""}",2,0.031280985567718744,0.2,10,clean_two_page_spread_2,two_page_spread,ok,0.95173744,12,4,35,2,13.25,35,3.207,"[88, 33, 1154, 968]","[76, 29, 1189, 966]","{""bbox_padding_fraction"":0.005,""close_iterations"":2,""close_kernel_fraction"":0.018,""merge_fragmented_contours"":true,""minimum_contour_area_fraction"":0.06,""polygon_epsilon_fraction"":0.008,""rectangularity_weight"":0.1}",,,"{""historic_reference"":{""detector"":""contour"",""golden_set_sha256"":""135c0ff576876ef8911296e2502193ed20d159799079a4f8a58994854fcbba8e"",""historic_build_number"":""283"",""historic_build_url"":""https://github.com/dlstupka/hth/actions/runs/31424159190"",""historic_calibration_id"":""run-20260810-192734"",""historic_created_at_utc"":""2026-08-10T19:27:34.524224+00:00"",""model_variant"":null,""parameter_identity_sha256"":""f3be94c2efb6ee89d9366a3f0ef6f033d4f728be45ccfc8498e19d57b63a1e2f"",""parameter_set_id"":""7aed2fc501c5"",""parameters"":{""bbox_padding_fraction"":0.005,""close_iterations"":2,""close_kernel_fraction"":0.018,""merge_fragmented_contours"":true,""minimum_contour_area_fraction"":0.06,""polygon_epsilon_fraction"":0.008,""rectangularity_weight"":0.1},""provenance_source"":""legacy-parameters""},""legacy_parameter_set_id"":""7aed2fc501c5"",""parameter_grid_ordinal"":147,""parameter_grid_sha256"":""82ae8377914bcb10d48ff95337120000a514277e384779cc6be6e865dd3197da"",""parameter_identity_schema_version"":""1"",""parameter_identity_sha256"":""f3be94c2efb6ee89d9366a3f0ef6f033d4f728be45ccfc8498e19d57b63a1e2f"",""parameter_schema_version"":""1"",""parameter_set_equivalence_family_id"":""7aed2fc501c5"",""parameter_set_equivalence_family_sha256"":""7aed2fc501c50e9f40af6a6dd4602edbaa4779541376136a454886c1b21baeb4"",""parameter_set_equivalence_family_size"":1,""parameter_set_id"":""7aed2fc501c5"",""parameters"":{""bbox_padding_fraction"":0.005,""close_iterations"":2,""close_kernel_fraction"":0.018,""merge_fragmented_contours"":true,""minimum_contour_area_fraction"":0.06,""polygon_epsilon_fraction"":0.008,""rectangularity_weight"":0.1},""profile"":null,""rank"":1,""reference_roles"":[""historic_best""],""requested_search_member"":true,""run_id"":""run-20260902-194727"",""search_observation"":{""completion_index"":2,""elapsed_seconds"":0.031280985567718744,""parameter_set_number"":2,""search_fraction"":0.2},""search_space_member"":true,""summary"":{""elapsed_ms_total"":14.646,""failure_count"":0,""mean_edge_error_px"":42.7,""mean_iou"":0.84980856,""mean_iou_success"":0.84980856,""minimum_iou"":0.54568997,""page_count"":5,""stddev_iou"":0.15888337,""success_count"":5,""wall_ms"":14.846}}","{""approved_bbox"":[88,33,1154,968],""candidate"":{""authors"":null,""bbox"":[76,29,1189,966],""confidence"":0.972336,""corners"":[[1182.1851806640625,960.3601684570312],[80.97737121582031,959.1213989257812],[82.01908874511719,33.08660888671875],[1183.2269287109375,34.32537841796875]],""detector_name"":"""",""diagnostics"":{""close_kernel_size"":19,""contour_area"":985523.5,""contour_area_fraction"":0.78507751,""contour_source"":""external_contour"",""corner_source"":""minimum_area_rectangle"",""external_contour_count"":2,""mask_foreground_fraction"":0.78691569,""parameters"":{""bbox_padding_fraction"":0.005,""close_iterations"":2,""close_kernel_fraction"":0.018,""merge_fragmented_contours"":true,""minimum_contour_area_fraction"":0.06,""polygon_epsilon_fraction"":0.008,""rectangularity_weight"":0.1},""polygon_vertices"":5,""rectangularity"":0.96385507},""foundation"":null,""method"":""contour"",""origin"":"""",""repository"":"""",""score"":0.972336,""status"":""ok"",""version"":""""},""edge_error_maximum_px"":35,""edge_error_mean_px"":13.25,""edge_errors"":{""bottom"":2,""left"":12,""maximum"":35,""mean"":13.25,""right"":35,""top"":4},""elapsed_ms"":3.207,""global_ordinal"":10,""iou"":0.95173744,""label"":""clean_two_page_spread_2"",""layout_type"":""two_page_spread"",""predicted_bbox"":[76,29,1189,966],""status"":""ok""}"
run-20260902-194727,0bf3c1624426,0bf3c1624426bdbd79fe5fe0407e35b2e1ac082214b5208ef120733fe76f41c5,1,0bf3c1624426,e1cf6b6de4e0ddc9fb96ba8035c8c60ee6facf1163c00a53f307cbd6d4245ff1,1,82ae8377914bcb10d48ff95337120000a514277e384779cc6be6e865dd3197da,3,,2,1,1,1,[],{},7,0.08531535463407636,0.7,1,ordinary_two_page_spread,two_page_spread,ok,0.97337789,20,1,4,5,7.5,20,3.5,"[125, 56, 1289, 967]","[105, 55, 1285, 962]","{""bbox_padding_fraction"":0.005,""close_iterations"":0,""close_kernel_fraction"":0.0,""merge_fragmented_contours"":true,""minimum_contour_area_fraction"":0.06,""polygon_epsilon_fraction"":0.008,""rectangularity_weight"":0.1}",,,"{""legacy_parameter_set_id"":""0bf3c1624426"",""parameter_grid_ordinal"":3,""parameter_grid_sha256"":""82ae8377914bcb10d48ff95337120000a514277e384779cc6be6e865dd3197da"",""parameter_identity_schema_version"":""1"",""parameter_identity_sha256"":""e1cf6b6de4e0ddc9fb96ba8035c8c60ee6facf1163c00a53f307cbd6d4245ff1"",""parameter_schema_version"":""1"",""parameter_set_equivalence_family_id"":""0bf3c1624426"",""parameter_set_equivalence_family_sha256"":""0bf3c1624426bdbd79fe5fe0407e35b2e1ac082214b5208ef120733fe76f41c5"",""parameter_set_equivalence_family_size"":1,""parameter_set_id"":""0bf3c1624426"",""parameters"":{""bbox_padding_fraction"":0.005,""close_iterations"":0,""close_kernel_fraction"":0.0,""merge_fragmented_contours"":true,""minimum_contour_area_fraction"":0.06,""polygon_epsilon_fraction"":0.008,""rectangularity_weight"":0.1},""profile"":null,""rank"":2,""reference_roles"":[],""requested_search_member"":true,""run_id"":""run-20260902-194727"",""search_observation"":{""completion_index"":7,""elapsed_seconds"":0.08531535463407636,""parameter_set_number"":7,""search_fraction"":0.7},""search_rank"":1,""search_space_member"":true,""summary"":{""elapsed_ms_total"":38.125,""failure_count"":0,""mean_edge_error_px"":45.85,""mean_iou"":0.83921693,""mean_iou_success"":0.83921693,""minimum_iou"":0.49187771,""page_count"":5,""stddev_iou"":0.17969972,""success_count"":5,""wall_ms"":38.426}}","{""approved_bbox"":[125,56,1289,967],""candidate"":{""authors"":null,""bbox"":[105,55,1285,962],""confidence"":0.932062,""corners"":[[114.557373046875,959.0025634765625],[109.407958984375,62.99766540527344],[1277.116455078125,56.28669738769531],[1282.265869140625,952.2916259765625]],""detector_name"":"""",""diagnostics"":{""close_kernel_size"":0,""contour_area"":944496.5,""contour_area_fraction"":0.69313111,""contour_source"":""external_contour"",""corner_source"":""minimum_area_rectangle"",""external_contour_count"":9,""mask_foreground_fraction"":0.68699492,""parameters"":{""bbox_padding_fraction"":0.005,""close_iterations"":0,""close_kernel_fraction"":0.0,""merge_fragmented_contours"":true,""minimum_contour_area_fraction"":0.06,""polygon_epsilon_fraction"":0.008,""rectangularity_weight"":0.1},""polygon_vertices"":15,""rectangularity"":0.8999576},""foundation"":null,""method"":""contour"",""origin"":"""",""repository"":"""",""score"":0.932062,""status"":""ok"",""version"":""""},""edge_error_maximum_px"":20,""edge_error_mean_px"":7.5,""edge_errors"":{""bottom"":5,""left"":20,""maximum"":20,""mean"":7.5,""right"":4,""top"":1},""elapsed_ms"":3.5,""global_ordinal"":1,""iou"":0.97337789,""label"":""ordinary_two_page_spread"",""layout_type"":""two_page_spread"",""predicted_bbox"":[105,55,1285,962],""status"":""ok""}"
run-20260902-194727,0bf3c1624426,0bf3c1624426bdbd79fe5fe0407e35b2e1ac082214b5208ef120733fe76f41c5,1,0bf3c1624426,e1cf6b6de4e0ddc9fb96ba8035c8c60ee6facf1163c00a53f307cbd6d4245ff1,1,82ae8377914bcb10d48ff95337120000a514277e384779cc6be6e865dd3197da,3,,2,1,1,1,[],{},7,0.08531535463407636,0.7,5,damaged_partial_register_spread,two_page_spread,ok,0.49187771,104,8,477,11,150.0,477,3.082,"[67, 8, 1233, 977]","[171, 16, 756, 966]","{""bbox_padding_fraction"":0.005,""close_iterations"":0,""close_kernel_fraction"":0.0,""merge_fragmented_contours"":true,""minimum_contour_area_fraction"":0.06,""polygon_epsilon_fraction"":0.008,""rectangularity_weight"":0.1}",,,"{""legacy_parameter_set_id"":""0bf3c1624426"",""parameter_grid_ordinal"":3,""parameter_grid_sha256"":""82ae8377914bcb10d48ff95337120000a514277e384779cc6be6e865dd3197da"",""parameter_identity_schema_version"":""1"",""parameter_identity_sha256"":""e1cf6b6de4e0ddc9fb96ba8035c8c60ee6facf1163c00a53f307cbd6d4245ff1"",""parameter_schema_version"":""1"",""parameter_set_equivalence_family_id"":""0bf3c1624426"",""parameter_set_equivalence_family_sha256"":""0bf3c1624426bdbd79fe5fe0407e35b2e1ac082214b5208ef120733fe76f41c5"",""parameter_set_equivalence_family_size"":1,""parameter_set_id"":""0bf3c1624426"",""parameters"":{""bbox_padding_fraction"":0.005,""close_iterations"":0,""close_kernel_fraction"":0.0,""merge_fragmented_contours"":true,""minimum_contour_area_fraction"":0.06,""polygon_epsilon_fraction"":0.008,""rectangularity_weight"":0.1},""profile"":null,""rank"":2,""reference_roles"":[],""requested_search_member"":true,""run_id"":""run-20260902-194727"",""search_observation"":{""completion_index"":7,""elapsed_seconds"":0.08531535463407636,""parameter_set_number"":7,""search_fraction"":0.7},""search_rank"":1,""search_space_member"":true,""summary"":{""elapsed_ms_total"":38.125,""failure_count"":0,""mean_edge_error_px"":45.85,""mean_iou"":0.83921693,""mean_iou_success"":0.83921693,""minimum_iou"":0.49187771,""page_count"":5,""stddev_iou"":0.17969972,""success_count"":5,""wall_ms"":38.426}}","{""approved_bbox"":[67,8,1233,977],""candidate"":{""authors"":null,""bbox"":[171,16,756,966],""confidence"":0.83262,""corners"":[[177.808349609375,960.7432250976562],[175.31927490234375,22.359914779663086],[748.88818359375,20.838510513305664],[751.3772583007812,959.2218627929688]],""detector_name"":"""",""diagnostics"":{""close_kernel_size"":0,""contour_area"":446090.5,""contour_area_fraction"":0.34343925,""contour_source"":""external_contour"",""corner_source"":""minimum_area_rectangle"",""external_contour_count"":16,""mask_foreground_fraction"":0.34827453,""parameters"":{""bbox_padding_fraction"":0.005,""close_iterations"":0,""close_kernel_fraction"":0.0,""merge_fragmented_contours"":true,""minimum_contour_area_fraction"":0.06,""polygon_epsilon_fraction"":0.008,""rectangularity_weight"":0.1},""polygon_vertices"":19,""rectangularity"":0.82532932},""foundation"":null,""method"":""contour"",""origin"":"""",""repository"":"""",""score"":0.83262,""status"":""ok"",""version"":""""},""edge_error_maximum_px"":477,""edge_error_mean_px"":150.0,""edge_errors"":{""bottom"":11,""left"":104,""maximum"":477,""mean"":150.0,""right"":477,""top"":8},""elapsed_ms"":3.082,""global_ordinal"":5,""iou"":0.49187771,""label"":""damaged_partial_register_spread"",""layout_type"":""two_page_spread"",""predicted_bbox"":[171,16,756,966],""status"":""ok""}"
run-20260902-194727,0bf3c1624426,0bf3c1624426bdbd79fe5fe0407e35b2e1ac082214b5208ef120733fe76f41c5,1,0bf3c1624426,e1cf6b6de4e0ddc9fb96ba8035c8c60ee6facf1163c00a53f307cbd6d4245ff1,1,82ae8377914bcb10d48ff95337120000a514277e384779cc6be6e865dd3197da,3,,2,1,1,1,[],{},7,0.08531535463407636,0.7,6,title_or_index_sheet,single_page,ok,0.83920856,120,11,17,23,42.75,120,11.164,"[15, 28, 1074, 970]","[135, 39, 1057, 947]","{""bbox_padding_fraction"":0.005,""close_iterations"":0,""close_kernel_fraction"":0.0,""merge_fragmented_contours"":true,""minimum_contour_area_fraction"":0.06,""polygon_epsilon_fraction"":0.008,""rectangularity_weight"":0.1}",,,"{""legacy_parameter_set_id"":""0bf3c1624426"",""parameter_grid_ordinal"":3,""parameter_grid_sha256"":""82ae8377914bcb10d48ff95337120000a514277e384779cc6be6e865dd3197da"",""parameter_identity_schema_version"":""1"",""parameter_identity_sha256"":""e1cf6b6de4e0ddc9fb96ba8035c8c60ee6facf1163c00a53f307cbd6d4245ff1"",""parameter_schema_version"":""1"",""parameter_set_equivalence_family_id"":""0bf3c1624426"",""parameter_set_equivalence_family_sha256"":""0bf3c1624426bdbd79fe5fe0407e35b2e1ac082214b5208ef120733fe76f41c5"",""parameter_set_equivalence_family_size"":1,""parameter_set_id"":""0bf3c1624426"",""parameters"":{""bbox_padding_fraction"":0.005,""close_iterations"":0,""close_kernel_fraction"":0.0,""merge_fragmented_contours"":true,""minimum_contour_area_fraction"":0.06,""polygon_epsilon_fraction"":0.008,""rectangularity_weight"":0.1},""profile"":null,""rank"":2,""reference_roles"":[],""requested_search_member"":true,""run_id"":""run-20260902-194727"",""search_observation"":{""completion_index"":7,""elapsed_seconds"":0.08531535463407636,""parameter_set_number"":7,""search_fraction"":0.7},""search_rank"":1,""search_space_member"":true,""summary"":{""elapsed_ms_total"":38.125,""failure_count"":0,""mean_edge_error_px"":45.85,""mean_iou"":0.83921693,""mean_iou_success"":0.83921693,""minimum_iou"":0.49187771,""page_count"":5,""stddev_iou"":0.17969972,""success_count"":5,""wall_ms"":38.426}}","{""approved_bbox"":[15,28,1074,970],""candidate"":{""authors"":null,""bbox"":[135,39,1057,947],""confidence"":0.551354,""corners"":[[155.40652465820312,949.5792236328125],[139.79312133789062,44.00358963012695],[1037.99169921875,28.517406463623047],[1053.6051025390625,934.093017578125]],""detector_name"":"""",""diagnostics"":{""close_kernel_size"":0,""contour_area"":598808.0,""contour_area_fraction"":0.55989318,""contour_source"":""merged_convex_hull"",""corner_source"":""minimum_area_rectangle"",""external_contour_count"":135,""mask_foreground_fraction"":0.04911903,""parameters"":{""bbox_padding_fraction"":0.005,""close_iterations"":0,""close_kernel_fraction"":0.0,""merge_fragmented_contours"":true,""minimum_contour_area_fraction"":0.06,""polygon_epsilon_fraction"":0.008,""rectangularity_weight"":0.1},""polygon_vertices"":7,""rectangularity"":0.73116673},""foundation"":null,""method"":""contour"",""origin"":"""",""repository"":"""",""score"":0.551354,""status"":""ok"",""version"":""""},""edge_error_maximum_px"":120,""edge_error_mean_px"":42.75,""edge_errors"":{""bottom"":23,""left"":120,""maximum"":120,""mean"":42.75,""right"":17,""top"":11},""elapsed_ms"":11.164,""global_ordinal"":6,""iou"":0.83920856,""label"":""title_or_index_sheet"",""layout_type"":""single_page"",""predicted_bbox"":[135,39,1057,947],""status"":""ok""}"
run-20260902-194727,0bf3c1624426,0bf3c1624426bdbd79fe5fe0407e35b2e1ac082214b5208ef120733fe76f41c5,1,0bf3c1624426,e1cf6b6de4e0ddc9fb96ba8035c8c60ee6facf1163c00a53f307cbd6d4245ff1,1,82ae8377914bcb10d48ff95337120000a514277e384779cc6be6e865dd3197da,3,,2,1,1,1,[],{},7,0.08531535463407636,0.7,9,clean_two_page_spread,two_page_spread,ok,0.93902894,16,5,38,5,16.0,38,18.517,"[84, 51, 1101, 941]","[68, 46, 1139, 946]","{""bbox_padding_fraction"":0.005,""close_iterations"":0,""close_kernel_fraction"":0.0,""merge_fragmented_contours"":true,""minimum_contour_area_fraction"":0.06,""polygon_epsilon_fraction"":0.008,""rectangularity_weight"":0.1}",,,"{""legacy_parameter_set_id"":""0bf3c1624426"",""parameter_grid_ordinal"":3,""parameter_grid_sha256"":""82ae8377914bcb10d48ff95337120000a514277e384779cc6be6e865dd3197da"",""parameter_identity_schema_version"":""1"",""parameter_identity_sha256"":""e1cf6b6de4e0ddc9fb96ba8035c8c60ee6facf1163c00a53f307cbd6d4245ff1"",""parameter_schema_version"":""1"",""parameter_set_equivalence_family_id"":""0bf3c1624426"",""parameter_set_equivalence_family_sha256"":""0bf3c1624426bdbd79fe5fe0407e35b2e1ac082214b5208ef120733fe76f41c5"",""parameter_set_equivalence_family_size"":1,""parameter_set_id"":""0bf3c1624426"",""parameters"":{""bbox_padding_fraction"":0.005,""close_iterations"":0,""close_kernel_fraction"":0.0,""merge_fragmented_contours"":true,""minimum_contour_area_fraction"":0.06,""polygon_epsilon_fraction"":0.008,""rectangularity_weight"":0.1},""profile"":null,""rank"":2,""reference_roles"":[],""requested_search_member"":true,""run_id"":""run-20260902-194727"",""search_observation"":{""completion_index"":7,""elapsed_seconds"":0.08531535463407636,""parameter_set_number"":7,""search_fraction"":0.7},""search_rank"":1,""search_space_member"":true,""summary"":{""elapsed_ms_total"":38.125,""failure_count"":0,""mean_edge_error_px"":45.85,""mean_iou"":0.83921693,""mean_iou_success"":0.83921693,""minimum_iou"":0.49187771,""page_count"":5,""stddev_iou"":0.17969972,""success_count"":5,""wall_ms"":38.426}}","{""approved_bbox"":[84,51,1101,941],""candidate"":{""authors"":null,""bbox"":[68,46,1139,946],""confidence"":0.980934,""corners"":[[1115.0,56.0],[77.0,56.0],[73.0,932.0],[1118.0,937.0]],""detector_name"":"""",""diagnostics"":{""close_kernel_size"":0,""contour_area"":925396.0,""contour_area_fraction"":0.7294164,""contour_source"":""external_contour"",""corner_source"":""approx_poly_dp"",""external_contour_count"":1,""mask_foreground_fraction"":0.73095422,""parameters"":{""bbox_padding_fraction"":0.005,""close_iterations"":0,""close_kernel_fraction"":0.0,""merge_fragmented_contours"":true,""minimum_contour_area_fraction"":0.06,""polygon_epsilon_fraction"":0.008,""rectangularity_weight"":0.1},""polygon_vertices"":4,""rectangularity"":0.97999132},""foundation"":null,""method"":""contour"",""origin"":"""",""repository"":"""",""score"":0.980934,""status"":""ok"",""version"":""""},""edge_error_maximum_px"":38,""edge_error_mean_px"":16.0,""edge_errors"":{""bottom"":5,""left"":16,""maximum"":38,""mean"":16.0,""right"":38,""top"":5},""elapsed_ms"":18.517,""global_ordinal"":9,""iou"":0.93902894,""label"":""clean_two_page_spread"",""layout_type"":""two_page_spread"",""predicted_bbox"":[68,46,1139,946],""status"":""ok""}"
run-20260902-194727,0bf3c1624426,0bf3c1624426bdbd79fe5fe0407e35b2e1ac082214b5208ef120733fe76f41c5,1,0bf3c1624426,e1cf6b6de4e0ddc9fb96ba8035c8c60ee6facf1163c00a53f307cbd6d4245ff1,1,82ae8377914bcb10d48ff95337120000a514277e384779cc6be6e865dd3197da,3,,2,1,1,1,[],{},7,0.08531535463407636,0.7,10,clean_two_page_spread_2,two_page_spread,ok,0.95259157,12,4,34,2,13.0,34,1.862,"[88, 33, 1154, 968]","[76, 29, 1188, 966]","{""bbox_padding_fraction"":0.005,""close_iterations"":0,""close_kernel_fraction"":0.0,""merge_fragmented_contours"":true,""minimum_contour_area_fraction"":0.06,""polygon_epsilon_fraction"":0.008,""rectangularity_weight"":0.1}",,,"{""legacy_parameter_set_id"":""0bf3c1624426"",""parameter_grid_ordinal"":3,""parameter_grid_sha256"":""82ae8377914bcb10d48ff95337120000a514277e384779cc6be6e865dd3197da"",""parameter_identity_schema_version"":""1"",""parameter_identity_sha256"":""e1cf6b6de4e0ddc9fb96ba8035c8c60ee6facf1163c00a53f307cbd6d4245ff1"",""parameter_schema_version"":""1"",""parameter_set_equivalence_family_id"":""0bf3c1624426"",""parameter_set_equivalence_family_sha256"":""0bf3c1624426bdbd79fe5fe0407e35b2e1ac082214b5208ef120733fe76f41c5"",""parameter_set_equivalence_family_size"":1,""parameter_set_id"":""0bf3c1624426"",""parameters"":{""bbox_padding_fraction"":0.005,""close_iterations"":0,""close_kernel_fraction"":0.0,""merge_fragmented_contours"":true,""minimum_contour_area_fraction"":0.06,""polygon_epsilon_fraction"":0.008,""rectangularity_weight"":0.1},""profile"":null,""rank"":2,""reference_roles"":[],""requested_search_member"":true,""run_id"":""run-20260902-194727"",""search_observation"":{""completion_index"":7,""elapsed_seconds"":0.08531535463407636,""parameter_set_number"":7,""search_fraction"":0.7},""search_rank"":1,""search_space_member"":true,""summary"":{""elapsed_ms_total"":38.125,""failure_count"":0,""mean_edge_error_px"":45.85,""mean_iou"":0.83921693,""mean_iou_success"":0.83921693,""minimum_iou"":0.49187771,""page_count"":5,""stddev_iou"":0.17969972,""success_count"":5,""wall_ms"":38.426}}","{""approved_bbox"":[88,33,1154,968],""candidate"":{""authors"":null,""bbox"":[76,29,1188,966],""confidence"":0.970722,""corners"":[[1144.0,44.0],[84.0,44.0],[81.0,945.0],[1171.0,947.0]],""detector_name"":"""",""diagnostics"":{""close_kernel_size"":0,""contour_area"":981375.0,""contour_area_fraction"":0.78177278,""contour_source"":""external_contour"",""corner_source"":""approx_poly_dp"",""external_contour_count"":3,""mask_foreground_fraction"":0.78381767,""parameters"":{""bbox_padding_fraction"":0.005,""close_iterations"":0,""close_kernel_fraction"":0.0,""merge_fragmented_contours"":true,""minimum_contour_area_fraction"":0.06,""polygon_epsilon_fraction"":0.008,""rectangularity_weight"":0.1},""polygon_vertices"":4,""rectangularity"":0.96066875},""foundation"":null,""method"":""contour"",""origin"":"""",""repository"":"""",""score"":0.970722,""status"":""ok"",""version"":""""},""edge_error_maximum_px"":34,""edge_error_mean_px"":13.0,""edge_errors"":{""bottom"":2,""left"":12,""maximum"":34,""mean"":13.0,""right"":34,""top"":4},""elapsed_ms"":1.862,""global_ordinal"":10,""iou"":0.95259157,""label"":""clean_two_page_spread_2"",""layout_type"":""two_page_spread"",""predicted_bbox"":[76,29,1188,966],""status"":""ok""}"
run-20260902-194727,a20447ccca1e,a20447ccca1ede570c388d29ed03c89bb498e2c7d0e5f685f77adc7abda91a20,1,a20447ccca1e,73b719ceb964100b2f72f1484378500759f5add976d0674903885ca987770fbf,1,82ae8377914bcb10d48ff95337120000a514277e384779cc6be6e865dd3197da,1,,3,2,1,1,[],{},4,0.07203735876828432,0.4,1,ordinary_two_page_spread,two_page_spread,ok,0.9647775,15,4,9,10,9.5,15,4.088,"[125, 56, 1289, 967]","[110, 60, 1280, 957]","{""bbox_padding_fraction"":0.0,""close_iterations"":0,""close_kernel_fraction"":0.0,""merge_fragmented_contours"":true,""minimum_contour_area_fraction"":0.06,""polygon_epsilon_fraction"":0.008,""rectangularity_weight"":0.1}",,,"{""legacy_parameter_set_id"":""a20447ccca1e"",""parameter_grid_ordinal"":1,""parameter_grid_sha256"":""82ae8377914bcb10d48ff95337120000a514277e384779cc6be6e865dd3197da"",""parameter_identity_schema_version"":""1"",""parameter_identity_sha256"":""73b719ceb964100b2f72f1484378500759f5add976d0674903885ca987770fbf"",""parameter_schema_version"":""1"",""parameter_set_equivalence_family_id"":""a20447ccca1e"",""parameter_set_equivalence_family_sha256"":""a20447ccca1ede570c388d29ed03c89bb498e2c7d0e5f685f77adc7abda91a20"",""parameter_set_equivalence_family_size"":1,""parameter_set_id"":""a20447ccca1e"",""parameters"":{""bbox_padding_fraction"":0.0,""close_iterations"":0,""close_kernel_fraction"":0.0,""merge_fragmented_contours"":true,""minimum_contour_area_fraction"":0.06,""polygon_epsilon_fraction"":0.008,""rectangularity_weight"":0.1},""profile"":null,""rank"":3,""reference_roles"":[],""requested_search_member"":true,""run_id"":""run-20260902-194727"",""search_observation"":{""completion_index"":4,""elapsed_seconds"":0.07203735876828432,""parameter_set_number"":4,""search_fraction"":0.4},""search_rank"":2,""search_space_member"":true,""summary"":{""elapsed_ms_total"":28.155,""failure_count"":0,""mean_edge_error_px"":46.85,""mean_iou"":0.83639512,""mean_iou_success"":0.83639512,""minimum_iou"":0.47838039,""page_count"":5,""stddev_iou"":0.18704169,""success_count"":5,""wall_ms"":28.442}}","{""approved_bbox"":[125,56,1289,967],""candidate"":{""authors"":null,""bbox"":[110,60,1280,957],""confidence"":0.9399,""corners"":[[114.557373046875,959.0025634765625],[109.407958984375,62.99766540527344],[1277.116455078125,56.28669738769531],[1282.265869140625,952.2916259765625]],""detector_name"":"""",""diagnostics"":{""close_kernel_size"":0,""contour_area"":944496.5,""contour_area_fraction"":0.69313111,""contour_source"":""external_contour"",""corner_source"":""minimum_area_rectangle"",""external_contour_count"":9,""mask_foreground_fraction"":0.68699492,""parameters"":{""bbox_padding_fraction"":0.0,""close_iterations"":0,""close_kernel_fraction"":0.0,""merge_fragmented_contours"":true,""minimum_contour_area_fraction"":0.06,""polygon_epsilon_fraction"":0.008,""rectangularity_weight"":0.1},""polygon_vertices"":15,""rectangularity"":0.8999576},""foundation"":null,""method"":""contour"",""origin"":"""",""repository"":"""",""score"":0.9399,""status"":""ok"",""version"":""""},""edge_error_maximum_px"":15,""edge_error_mean_px"":9.5,""edge_errors"":{""bottom"":10,""left"":15,""maximum"":15,""mean"":9.5,""right"":9,""top"":4},""elapsed_ms"":4.088,""global_ordinal"":1,""iou"":0.9647775,""label"":""ordinary_two_page_spread"",""layout_type"":""two_page_spread"",""predicted_bbox"":[110,60,1280,957],""status"":""ok""}"
run-20260902-194727,a20447ccca1e,a20447ccca1ede570c388d29ed03c89bb498e2c7d0e5f685f77adc7abda91a20,1,a20447ccca1e,73b719ceb964100b2f72f1484378500759f5add976d0674903885ca987770fbf,1,82ae8377914bcb10d48ff95337120000a514277e384779cc6be6e865dd3197da,1,,3,2,1,1,[],{},4,0.07203735876828432,0.4,5,damaged_partial_register_spread,two_page_spread,ok,0.47838039,109,13,482,16,155.0,482,3.878,"[67, 8, 1233, 977]","[176, 21, 751, 961]","{""bbox_padding_fraction"":0.0,""close_iterations"":0,""close_kernel_fraction"":0.0,""merge_fragmented_contours"":true,""minimum_contour_area_fraction"":0.06,""polygon_epsilon_fraction"":0.008,""rectangularity_weight"":0.1}",,,"{""legacy_parameter_set_id"":""a20447ccca1e"",""parameter_grid_ordinal"":1,""parameter_grid_sha256"":""82ae8377914bcb10d48ff95337120000a514277e384779cc6be6e865dd3197da"",""parameter_identity_schema_version"":""1"",""parameter_identity_sha256"":""73b719ceb964100b2f72f1484378500759f5add976d0674903885ca987770fbf"",""parameter_schema_version"":""1"",""parameter_set_equivalence_family_id"":""a20447ccca1e"",""parameter_set_equivalence_family_sha256"":""a20447ccca1ede570c388d29ed03c89bb498e2c7d0e5f685f77adc7abda91a20"",""parameter_set_equivalence_family_size"":1,""parameter_set_id"":""a20447ccca1e"",""parameters"":{""bbox_padding_fraction"":0.0,""close_iterations"":0,""close_kernel_fraction"":0.0,""merge_fragmented_contours"":true,""minimum_contour_area_fraction"":0.06,""polygon_epsilon_fraction"":0.008,""rectangularity_weight"":0.1},""profile"":null,""rank"":3,""reference_roles"":[],""requested_search_member"":true,""run_id"":""run-20260902-194727"",""search_observation"":{""completion_index"":4,""elapsed_seconds"":0.07203735876828432,""parameter_set_number"":4,""search_fraction"":0.4},""search_rank"":2,""search_space_member"":true,""summary"":{""elapsed_ms_total"":28.155,""failure_count"":0,""mean_edge_error_px"":46.85,""mean_iou"":0.83639512,""mean_iou_success"":0.83639512,""minimum_iou"":0.47838039,""page_count"":5,""stddev_iou"":0.18704169,""success_count"":5,""wall_ms"":28.442}}","{""approved_bbox"":[67,8,1233,977],""candidate"":{""authors"":null,""bbox"":[176,21,751,961],""confidence"":0.837085,""corners"":[[177.808349609375,960.7432250976562],[175.31927490234375,22.359914779663086],[748.88818359375,20.838510513305664],[751.3772583007812,959.2218627929688]],""detector_name"":"""",""diagnostics"":{""close_kernel_size"":0,""contour_area"":446090.5,""contour_area_fraction"":0.34343925,""contour_source"":""external_contour"",""corner_source"":""minimum_area_rectangle"",""external_contour_count"":16,""mask_foreground_fraction"":0.34827453,""parameters"":{""bbox_padding_fraction"":0.0,""close_iterations"":0,""close_kernel_fraction"":0.0,""merge_fragmented_contours"":true,""minimum_contour_area_fraction"":0.06,""polygon_epsilon_fraction"":0.008,""rectangularity_weight"":0.1},""polygon_vertices"":19,""rectangularity"":0.82532932},""foundation"":null,""method"":""contour"",""origin"":"""",""repository"":"""",""score"":0.837085,""status"":""ok"",""version"":""""},""edge_error_maximum_px"":482,""edge_error_mean_px"":155.0,""edge_errors"":{""bottom"":16,""left"":109,""maximum"":482,""mean"":155.0,""right"":482,""top"":13},""elapsed_ms"":3.878,""global_ordinal"":5,""iou"":0.47838039,""label"":""damaged_partial_register_spread"",""layout_type"":""two_page_spread"",""predicted_bbox"":[176,21,751,961],""status"":""ok""}"
run-20260902-194727,a20447ccca1e,a20447ccca1ede570c388d29ed03c89bb498e2c7d0e5f685f77adc7abda91a20,1,a20447ccca1e,73b719ceb964100b2f72f1484378500759f5add976d0674903885ca987770fbf,1,82ae8377914bcb10d48ff95337120000a514277e384779cc6be6e865dd3197da,1,,3,2,1,1,[],{},4,0.07203735876828432,0.4,6,title_or_index_sheet,single_page,ok,0.82096438,125,16,22,28,47.75,125,14.289,"[15, 28, 1074, 970]","[140, 44, 1052, 942]","{""bbox_padding_fraction"":0.0,""close_iterations"":0,""close_kernel_fraction"":0.0,""merge_fragmented_contours"":true,""minimum_contour_area_fraction"":0.06,""polygon_epsilon_fraction"":0.008,""rectangularity_weight"":0.1}",,,"{""legacy_parameter_set_id"":""a20447ccca1e"",""parameter_grid_ordinal"":1,""parameter_grid_sha256"":""82ae8377914bcb10d48ff95337120000a514277e384779cc6be6e865dd3197da"",""parameter_identity_schema_version"":""1"",""parameter_identity_sha256"":""73b719ceb964100b2f72f1484378500759f5add976d0674903885ca987770fbf"",""parameter_schema_version"":""1"",""parameter_set_equivalence_family_id"":""a20447ccca1e"",""parameter_set_equivalence_family_sha256"":""a20447ccca1ede570c388d29ed03c89bb498e2c7d0e5f685f77adc7abda91a20"",""parameter_set_equivalence_family_size"":1,""parameter_set_id"":""a20447ccca1e"",""parameters"":{""bbox_padding_fraction"":0.0,""close_iterations"":0,""close_kernel_fraction"":0.0,""merge_fragmented_contours"":true,""minimum_contour_area_fraction"":0.06,""polygon_epsilon_fraction"":0.008,""rectangularity_weight"":0.1},""profile"":null,""rank"":3,""reference_roles"":[],""requested_search_member"":true,""run_id"":""run-20260902-194727"",""search_observation"":{""completion_index"":4,""elapsed_seconds"":0.07203735876828432,""parameter_set_number"":4,""search_fraction"":0.4},""search_rank"":2,""search_space_member"":true,""summary"":{""elapsed_ms_total"":28.155,""failure_count"":0,""mean_edge_error_px"":46.85,""mean_iou"":0.83639512,""mean_iou_success"":0.83639512,""minimum_iou"":0.47838039,""page_count"":5,""stddev_iou"":0.18704169,""success_count"":5,""wall_ms"":28.442}}","{""approved_bbox"":[15,28,1074,970],""candidate"":{""authors"":null,""bbox"":[140,44,1052,942],""confidence"":0.551982,""corners"":[[155.40652465820312,949.5792236328125],[139.79312133789062,44.00358963012695],[1037.99169921875,28.517406463623047],[1053.6051025390625,934.093017578125]],""detector_name"":"""",""diagnostics"":{""close_kernel_size"":0,""contour_area"":598808.0,""contour_area_fraction"":0.55989318,""contour_source"":""merged_convex_hull"",""corner_source"":""minimum_area_rectangle"",""external_contour_count"":135,""mask_foreground_fraction"":0.04911903,""parameters"":{""bbox_padding_fraction"":0.0,""close_iterations"":0,""close_kernel_fraction"":0.0,""merge_fragmented_contours"":true,""minimum_contour_area_fraction"":0.06,""polygon_epsilon_fraction"":0.008,""rectangularity_weight"":0.1},""polygon_vertices"":7,""rectangularity"":0.73116673},""foundation"":null,""method"":""contour"",""origin"":"""",""repository"":"""",""score"":0.551982,""status"":""ok"",""version"":""""},""edge_error_maximum_px"":125,""edge_error_mean_px"":47.75,""edge_errors"":{""bottom"":28,""left"":125,""maximum"":125,""mean"":47.75,""right"":22,""top"":16},""elapsed_ms"":14.289,""global_ordinal"":6,""iou"":0.82096438,""label"":""title_or_index_sheet"",""layout_type"":""single_page"",""predicted_bbox"":[140,44,1052,942],""status"":""ok""}"
run-20260902-194727,a20447ccca1e,a20447ccca1ede570c388d29ed03c89bb498e2c7d0e5f685f77adc7abda91a20,1,a20447ccca1e,73b719ceb964100b2f72f1484378500759f5add976d0674903885ca987770fbf,1,82ae8377914bcb10d48ff95337120000a514277e384779cc6be6e865dd3197da,1,,3,2,1,1,[],{},4,0.07203735876828432,0.4,9,clean_two_page_spread,two_page_spread,ok,0.95852969,11,0,33,0,11.0,33,2.313,"[84, 51, 1101, 941]","[73, 51, 1134, 941]","{""bbox_padding_fraction"":0.0,""close_iterations"":0,""close_kernel_fraction"":0.0,""merge_fragmented_contours"":true,""minimum_contour_area_fraction"":0.06,""polygon_epsilon_fraction"":0.008,""rectangularity_weight"":0.1}",,,"{""legacy_parameter_set_id"":""a20447ccca1e"",""parameter_grid_ordinal"":1,""parameter_grid_sha256"":""82ae8377914bcb10d48ff95337120000a514277e384779cc6be6e865dd3197da"",""parameter_identity_schema_version"":""1"",""parameter_identity_sha256"":""73b719ceb964100b2f72f1484378500759f5add976d0674903885ca987770fbf"",""parameter_schema_version"":""1"",""parameter_set_equivalence_family_id"":""a20447ccca1e"",""parameter_set_equivalence_family_sha256"":""a20447ccca1ede570c388d29ed03c89bb498e2c7d0e5f685f77adc7abda91a20"",""parameter_set_equivalence_family_size"":1,""parameter_set_id"":""a20447ccca1e"",""parameters"":{""bbox_padding_fraction"":0.0,""close_iterations"":0,""close_kernel_fraction"":0.0,""merge_fragmented_contours"":true,""minimum_contour_area_fraction"":0.06,""polygon_epsilon_fraction"":0.008,""rectangularity_weight"":0.1},""profile"":null,""rank"":3,""reference_roles"":[],""requested_search_member"":true,""run_id"":""run-20260902-194727"",""search_observation"":{""completion_index"":4,""elapsed_seconds"":0.07203735876828432,""parameter_set_number"":4,""search_fraction"":0.4},""search_rank"":2,""search_space_member"":true,""summary"":{""elapsed_ms_total"":28.155,""failure_count"":0,""mean_edge_error_px"":46.85,""mean_iou"":0.83639512,""mean_iou_success"":0.83639512,""minimum_iou"":0.47838039,""page_count"":5,""stddev_iou"":0.18704169,""success_count"":5,""wall_ms"":28.442}}","{""approved_bbox"":[84,51,1101,941],""candidate"":{""authors"":null,""bbox"":[73,51,1134,941],""confidence"":0.989925,""corners"":[[1115.0,56.0],[77.0,56.0],[73.0,932.0],[1118.0,937.0]],""detector_name"":"""",""diagnostics"":{""close_kernel_size"":0,""contour_area"":925396.0,""contour_area_fraction"":0.7294164,""contour_source"":""external_contour"",""corner_source"":""approx_poly_dp"",""external_contour_count"":1,""mask_foreground_fraction"":0.73095422,""parameters"":{""bbox_padding_fraction"":0.0,""close_iterations"":0,""close_kernel_fraction"":0.0,""merge_fragmented_contours"":true,""minimum_contour_area_fraction"":0.06,""polygon_epsilon_fraction"":0.008,""rectangularity_weight"":0.1},""polygon_vertices"":4,""rectangularity"":0.97999132},""foundation"":null,""method"":""contour"",""origin"":"""",""repository"":"""",""score"":0.989925,""status"":""ok"",""version"":""""},""edge_error_maximum_px"":33,""edge_error_mean_px"":11.0,""edge_errors"":{""bottom"":0,""left"":11,""maximum"":33,""mean"":11.0,""right"":33,""top"":0},""elapsed_ms"":2.313,""global_ordinal"":9,""iou"":0.95852969,""label"":""clean_two_page_spread"",""layout_type"":""two_page_spread"",""predicted_bbox"":[73,51,1134,941],""status"":""ok""}"
run-20260902-194727,a20447ccca1e,a20447ccca1ede570c388d29ed03c89bb498e2c7d0e5f685f77adc7abda91a20,1,a20447ccca1e,73b719ceb964100b2f72f1484378500759f5add976d0674903885ca987770fbf,1,82ae8377914bcb10d48ff95337120000a514277e384779cc6be6e865dd3197da,1,,3,2,1,1,[],{},4,0.07203735876828432,0.4,10,clean_two_page_spread_2,two_page_spread,ok,0.95932363,7,1,29,7,11.0,29,3.587,"[88, 33, 1154, 968]","[81, 34, 1183, 961]","{""bbox_padding_fraction"":0.0,""close_iterations"":0,""close_kernel_fraction"":0.0,""merge_fragmented_contours"":true,""minimum_contour_area_fraction"":0.06,""polygon_epsilon_fraction"":0.008,""rectangularity_weight"":0.1}",,,"{""legacy_parameter_set_id"":""a20447ccca1e"",""parameter_grid_ordinal"":1,""parameter_grid_sha256"":""82ae8377914bcb10d48ff95337120000a514277e384779cc6be6e865dd3197da"",""parameter_identity_schema_version"":""1"",""parameter_identity_sha256"":""73b719ceb964100b2f72f1484378500759f5add976d0674903885ca987770fbf"",""parameter_schema_version"":""1"",""parameter_set_equivalence_family_id"":""a20447ccca1e"",""parameter_set_equivalence_family_sha256"":""a20447ccca1ede570c388d29ed03c89bb498e2c7d0e5f685f77adc7abda91a20"",""parameter_set_equivalence_family_size"":1,""parameter_set_id"":""a20447ccca1e"",""parameters"":{""bbox_padding_fraction"":0.0,""close_iterations"":0,""close_kernel_fraction"":0.0,""merge_fragmented_contours"":true,""minimum_contour_area_fraction"":0.06,""polygon_epsilon_fraction"":0.008,""rectangularity_weight"":0.1},""profile"":null,""rank"":3,""reference_roles"":[],""requested_search_member"":true,""run_id"":""run-20260902-194727"",""search_observation"":{""completion_index"":4,""elapsed_seconds"":0.07203735876828432,""parameter_set_number"":4,""search_fraction"":0.4},""search_rank"":2,""search_space_member"":true,""summary"":{""elapsed_ms_total"":28.155,""failure_count"":0,""mean_edge_error_px"":46.85,""mean_iou"":0.83639512,""mean_iou_success"":0.83639512,""minimum_iou"":0.47838039,""page_count"":5,""stddev_iou"":0.18704169,""success_count"":5,""wall_ms"":28.442}}","{""approved_bbox"":[88,33,1154,968],""candidate"":{""authors"":null,""bbox"":[81,34,1183,961],""confidence"":0.979169,""corners"":[[1144.0,44.0],[84.0,44.0],[81.0,945.0],[1171.0,947.0]],""detector_name"":"""",""diagnostics"":{""close_kernel_size"":0,""contour_area"":981375.0,""contour_area_fraction"":0.78177278,""contour_source"":""external_contour"",""corner_source"":""approx_poly_dp"",""external_contour_count"":3,""mask_foreground_fraction"":0.78381767,""parameters"":{""bbox_padding_fraction"":0.0,""close_iterations"":0,""close_kernel_fraction"":0.0,""merge_fragmented_contours"":true,""minimum_contour_area_fraction"":0.06,""polygon_epsilon_fraction"":0.008,""rectangularity_weight"":0.1},""polygon_vertices"":4,""rectangularity"":0.96066875},""foundation"":null,""method"":""contour"",""origin"":"""",""repository"":"""",""score"":0.979169,""status"":""ok"",""version"":""""},""edge_error_maximum_px"":29,""edge_error_mean_px"":11.0,""edge_errors"":{""bottom"":7,""left"":7,""maximum"":29,""mean"":11.0,""right"":29,""top"":1},""elapsed_ms"":3.587,""global_ordinal"":10,""iou"":0.95932363,""label"":""clean_two_page_spread_2"",""layout_type"":""two_page_spread"",""predicted_bbox"":[81,34,1183,961],""status"":""ok""}"
run-20260902-194727,160333f7751d,160333f7751ddb3a87b71758c8fb8ea57315a051a5310351f6e99abc183a41d1,1,160333f7751d,d7eac635ad1332b711ba04dfacb8cd1a12b3357791e8b0967880ba59db976fc8,1,82ae8377914bcb10d48ff95337120000a514277e384779cc6be6e865dd3197da,7,,4,3,1,1,[],{},10,0.09719123970717192,1.0,1,ordinary_two_page_spread,two_page_spread,ok,0.9647775,15,4,9,10,9.5,15,12.085,"[125, 56, 1289, 967]","[110, 60, 1280, 957]","{""bbox_padding_fraction"":0.0,""close_iterations"":0,""close_kernel_fraction"":0.0,""merge_fragmented_contours"":true,""minimum_contour_area_fraction"":0.06,""polygon_epsilon_fraction"":0.008,""rectangularity_weight"":0.25}",,,"{""legacy_parameter_set_id"":""160333f7751d"",""parameter_grid_ordinal"":7,""parameter_grid_sha256"":""82ae8377914bcb10d48ff95337120000a514277e384779cc6be6e865dd3197da"",""parameter_identity_schema_version"":""1"",""parameter_identity_sha256"":""d7eac635ad1332b711ba04dfacb8cd1a12b3357791e8b0967880ba59db976fc8"",""parameter_schema_version"":""1"",""parameter_set_equivalence_family_id"":""160333f7751d"",""parameter_set_equivalence_family_sha256"":""160333f7751ddb3a87b71758c8fb8ea57315a051a5310351f6e99abc183a41d1"",""parameter_set_equivalence_family_size"":1,""parameter_set_id"":""160333f7751d"",""parameters"":{""bbox_padding_fraction"":0.0,""close_iterations"":0,""close_kernel_fraction"":0.0,""merge_fragmented_contours"":true,""minimum_contour_area_fraction"":0.06,""polygon_epsilon_fraction"":0.008,""rectangularity_weight"":0.25},""profile"":null,""rank"":4,""reference_roles"":[],""requested_search_member"":true,""run_id"":""run-20260902-194727"",""search_observation"":{""completion_index"":10,""elapsed_seconds"":0.09719123970717192,""parameter_set_number"":10,""search_fraction"":1.0},""search_rank"":3,""search_space_member"":true,""summary"":{""elapsed_ms_total"":40.058,""failure_count"":0,""mean_edge_error_px"":46.85,""mean_iou"":0.83639512,""mean_iou_success"":0.83639512,""minimum_iou"":0.47838039,""page_count"":5,""stddev_iou"":0.18704169,""success_count"":5,""wall_ms"":40.359}}","{""approved_bbox"":[125,56,1289,967],""candidate"":{""authors"":null,""bbox"":[110,60,1280,957],""confidence"":0.933243,""corners"":[[114.557373046875,959.0025634765625],[109.407958984375,62.99766540527344],[1277.116455078125,56.28669738769531],[1282.265869140625,952.2916259765625]],""detector_name"":"""",""diagnostics"":{""close_kernel_size"":0,""contour_area"":944496.5,""contour_area_fraction"":0.69313111,""contour_source"":""external_contour"",""corner_source"":""minimum_area_rectangle"",""external_contour_count"":9,""mask_foreground_fraction"":0.68699492,""parameters"":{""bbox_padding_fraction"":0.0,""close_iterations"":0,""close_kernel_fraction"":0.0,""merge_fragmented_contours"":true,""minimum_contour_area_fraction"":0.06,""polygon_epsilon_fraction"":0.008,""rectangularity_weight"":0.25},""polygon_vertices"":15,""rectangularity"":0.8999576},""foundation"":null,""method"":""contour"",""origin"":"""",""repository"":"""",""score"":0.933243,""status"":""ok"",""version"":""""},""edge_error_maximum_px"":15,""edge_error_mean_px"":9.5,""edge_errors"":{""bottom"":10,""left"":15,""maximum"":15,""mean"":9.5,""right"":9,""top"":4},""elapsed_ms"":12.085,""global_ordinal"":1,""iou"":0.9647775,""label"":""ordinary_two_page_spread"",""layout_type"":""two_page_spread"",""predicted_bbox"":[110,60,1280,957],""status"":""ok""}"
run-20260902-194727,160333f7751d,160333f7751ddb3a87b71758c8fb8ea57315a051a5310351f6e99abc183a41d1,1,160333f7751d,d7eac635ad1332b711ba04dfacb8cd1a12b3357791e8b0967880ba59db976fc8,1,82ae8377914bcb10d48ff95337120000a514277e384779cc6be6e865dd3197da,7,,4,3,1,1,[],{},10,0.09719123970717192,1.0,5,damaged_partial_register_spread,two_page_spread,ok,0.47838039,109,13,482,16,155.0,482,6.108,"[67, 8, 1233, 977]","[176, 21, 751, 961]","{""bbox_padding_fraction"":0.0,""close_iterations"":0,""close_kernel_fraction"":0.0,""merge_fragmented_contours"":true,""minimum_contour_area_fraction"":0.06,""polygon_epsilon_fraction"":0.008,""rectangularity_weight"":0.25}",,,"{""legacy_parameter_set_id"":""160333f7751d"",""parameter_grid_ordinal"":7,""parameter_grid_sha256"":""82ae8377914bcb10d48ff95337120000a514277e384779cc6be6e865dd3197da"",""parameter_identity_schema_version"":""1"",""parameter_identity_sha256"":""d7eac635ad1332b711ba04dfacb8cd1a12b3357791e8b0967880ba59db976fc8"",""parameter_schema_version"":""1"",""parameter_set_equivalence_family_id"":""160333f7751d"",""parameter_set_equivalence_family_sha256"":""160333f7751ddb3a87b71758c8fb8ea57315a051a5310351f6e99abc183a41d1"",""parameter_set_equivalence_family_size"":1,""parameter_set_id"":""160333f7751d"",""parameters"":{""bbox_padding_fraction"":0.0,""close_iterations"":0,""close_kernel_fraction"":0.0,""merge_fragmented_contours"":true,""minimum_contour_area_fraction"":0.06,""polygon_epsilon_fraction"":0.008,""rectangularity_weight"":0.25},""profile"":null,""rank"":4,""reference_roles"":[],""requested_search_member"":true,""run_id"":""run-20260902-194727"",""search_observation"":{""completion_index"":10,""elapsed_seconds"":0.09719123970717192,""parameter_set_number"":10,""search_fraction"":1.0},""search_rank"":3,""search_space_member"":true,""summary"":{""elapsed_ms_total"":40.058,""failure_count"":0,""mean_edge_error_px"":46.85,""mean_iou"":0.83639512,""mean_iou_success"":0.83639512,""minimum_iou"":0.47838039,""page_count"":5,""stddev_iou"":0.18704169,""success_count"":5,""wall_ms"":40.359}}","{""approved_bbox"":[67,8,1233,977],""candidate"":{""authors"":null,""bbox"":[176,21,751,961],""confidence"":0.835126,""corners"":[[177.808349609375,960.7432250976562],[175.31927490234375,22.359914779663086],[748.88818359375,20.838510513305664],[751.3772583007812,959.2218627929688]],""detector_name"":"""",""diagnostics"":{""close_kernel_size"":0,""contour_area"":446090.5,""contour_area_fraction"":0.34343925,""contour_source"":""external_contour"",""corner_source"":""minimum_area_rectangle"",""external_contour_count"":16,""mask_foreground_fraction"":0.34827453,""parameters"":{""bbox_padding_fraction"":0.0,""close_iterations"":0,""close_kernel_fraction"":0.0,""merge_fragmented_contours"":true,""minimum_contour_area_fraction"":0.06,""polygon_epsilon_fraction"":0.008,""rectangularity_weight"":0.25},""polygon_vertices"":19,""rectangularity"":0.82532932},""foundation"":null,""method"":""contour"",""origin"":"""",""repository"":"""",""score"":0.835126,""status"":""ok"",""version"":""""},""edge_error_maximum_px"":482,""edge_error_mean_px"":155.0,""edge_errors"":{""bottom"":16,""left"":109,""maximum"":482,""mean"":155.0,""right"":482,""top"":13},""elapsed_ms"":6.108,""global_ordinal"":5,""iou"":0.47838039,""label"":""damaged_partial_register_spread"",""layout_type"":""two_page_spread"",""predicted_bbox"":[176,21,751,961],""status"":""ok""}"
run-20260902-194727,160333f7751d,160333f7751ddb3a87b71758c8fb8ea57315a051a5310351f6e99abc183a41d1,1,160333f7751d,d7eac635ad1332b711ba04dfacb8cd1a12b3357791e8b0967880ba59db976fc8,1,82ae8377914bcb10d48ff95337120000a514277e384779cc6be6e865dd3197da,7,,4,3,1,1,[],{},10,0.09719123970717192,1.0,6,title_or_index_sheet,single_page,ok,0.82096438,125,16,22,28,47.75,125,8.009,"[15, 28, 1074, 970]","[140, 44, 1052, 942]","{""bbox_padding_fraction"":0.0,""close_iterations"":0,""close_kernel_fraction"":0.0,""merge_fragmented_contours"":true,""minimum_contour_area_fraction"":0.06,""polygon_epsilon_fraction"":0.008,""rectangularity_weight"":0.25}",,,"{""legacy_parameter_set_id"":""160333f7751d"",""parameter_grid_ordinal"":7,""parameter_grid_sha256"":""82ae8377914bcb10d48ff95337120000a514277e384779cc6be6e865dd3197da"",""parameter_identity_schema_version"":""1"",""parameter_identity_sha256"":""d7eac635ad1332b711ba04dfacb8cd1a12b3357791e8b0967880ba59db976fc8"",""parameter_schema_version"":""1"",""parameter_set_equivalence_family_id"":""160333f7751d"",""parameter_set_equivalence_family_sha256"":""160333f7751ddb3a87b71758c8fb8ea57315a051a5310351f6e99abc183a41d1"",""parameter_set_equivalence_family_size"":1,""parameter_set_id"":""160333f7751d"",""parameters"":{""bbox_padding_fraction"":0.0,""close_iterations"":0,""close_kernel_fraction"":0.0,""merge_fragmented_contours"":true,""minimum_contour_area_fraction"":0.06,""polygon_epsilon_fraction"":0.008,""rectangularity_weight"":0.25},""profile"":null,""rank"":4,""reference_roles"":[],""requested_search_member"":true,""run_id"":""run-20260902-194727"",""search_observation"":{""completion_index"":10,""elapsed_seconds"":0.09719123970717192,""parameter_set_number"":10,""search_fraction"":1.0},""search_rank"":3,""search_space_member"":true,""summary"":{""elapsed_ms_total"":40.058,""failure_count"":0,""mean_edge_error_px"":46.85,""mean_iou"":0.83639512,""mean_iou_success"":0.83639512,""minimum_iou"":0.47838039,""page_count"":5,""stddev_iou"":0.18704169,""success_count"":5,""wall_ms"":40.359}}","{""approved_bbox"":[15,28,1074,970],""candidate"":{""authors"":null,""bbox"":[140,44,1052,942],""confidence"":0.581846,""corners"":[[155.40652465820312,949.5792236328125],[139.79312133789062,44.00358963012695],[1037.99169921875,28.517406463623047],[1053.6051025390625,934.093017578125]],""detector_name"":"""",""diagnostics"":{""close_kernel_size"":0,""contour_area"":598808.0,""contour_area_fraction"":0.55989318,""contour_source"":""merged_convex_hull"",""corner_source"":""minimum_area_rectangle"",""external_contour_count"":135,""mask_foreground_fraction"":0.04911903,""parameters"":{""bbox_padding_fraction"":0.0,""close_iterations"":0,""close_kernel_fraction"":0.0,""merge_fragmented_contours"":true,""minimum_contour_area_fraction"":0.06,""polygon_epsilon_fraction"":0.008,""rectangularity_weight"":0.25},""polygon_vertices"":7,""rectangularity"":0.73116673},""foundation"":null,""method"":""contour"",""origin"":"""",""repository"":"""",""score"":0.581846,""status"":""ok"",""version"":""""},""edge_error_maximum_px"":125,""edge_error_mean_px"":47.75,""edge_errors"":{""bottom"":28,""left"":125,""maximum"":125,""mean"":47.75,""right"":22,""top"":16},""elapsed_ms"":8.009,""global_ordinal"":6,""iou"":0.82096438,""label"":""title_or_index_sheet"",""layout_type"":""single_page"",""predicted_bbox"":[140,44,1052,942],""status"":""ok""}"
run-20260902-194727,160333f7751d,160333f7751ddb3a87b71758c8fb8ea57315a051a5310351f6e99abc183a41d1,1,160333f7751d,d7eac635ad1332b711ba04dfacb8cd1a12b3357791e8b0967880ba59db976fc8,1,82ae8377914bcb10d48ff95337120000a514277e384779cc6be6e865dd3197da,7,,4,3,1,1,[],{},10,0.09719123970717192,1.0,9,clean_two_page_spread,two_page_spread,ok,0.95852969,11,0,33,0,11.0,33,9.914,"[84, 51, 1101, 941]","[73, 51, 1134, 941]","{""bbox_padding_fraction"":0.0,""close_iterations"":0,""close_kernel_fraction"":0.0,""merge_fragmented_contours"":true,""minimum_contour_area_fraction"":0.06,""polygon_epsilon_fraction"":0.008,""rectangularity_weight"":0.25}",,,"{""legacy_parameter_set_id"":""160333f7751d"",""parameter_grid_ordinal"":7,""parameter_grid_sha256"":""82ae8377914bcb10d48ff95337120000a514277e384779cc6be6e865dd3197da"",""parameter_identity_schema_version"":""1"",""parameter_identity_sha256"":""d7eac635ad1332b711ba04dfacb8cd1a12b3357791e8b0967880ba59db976fc8"",""parameter_schema_version"":""1"",""parameter_set_equivalence_family_id"":""160333f7751d"",""parameter_set_equivalence_family_sha256"":""160333f7751ddb3a87b71758c8fb8ea57315a051a5310351f6e99abc183a41d1"",""parameter_set_equivalence_family_size"":1,""parameter_set_id"":""160333f7751d"",""parameters"":{""bbox_padding_fraction"":0.0,""close_iterations"":0,""close_kernel_fraction"":0.0,""merge_fragmented_contours"":true,""minimum_contour_area_fraction"":0.06,""polygon_epsilon_fraction"":0.008,""rectangularity_weight"":0.25},""profile"":null,""rank"":4,""reference_roles"":[],""requested_search_member"":true,""run_id"":""run-20260902-194727"",""search_observation"":{""completion_index"":10,""elapsed_seconds"":0.09719123970717192,""parameter_set_number"":10,""search_fraction"":1.0},""search_rank"":3,""search_space_member"":true,""summary"":{""elapsed_ms_total"":40.058,""failure_count"":0,""mean_edge_error_px"":46.85,""mean_iou"":0.83639512,""mean_iou_success"":0.83639512,""minimum_iou"":0.47838039,""page_count"":5,""stddev_iou"":0.18704169,""success_count"":5,""wall_ms"":40.359}}","{""approved_bbox"":[84,51,1101,941],""candidate"":{""authors"":null,""bbox"":[73,51,1134,941],""confidence"":0.988269,""corners"":[[1115.0,56.0],[77.0,56.0],[73.0,932.0],[1118.0,937.0]],""detector_name"":"""",""diagnostics"":{""close_kernel_size"":0,""contour_area"":925396.0,""contour_area_fraction"":0.7294164,""contour_source"":""external_contour"",""corner_source"":""approx_poly_dp"",""external_contour_count"":1,""mask_foreground_fraction"":0.73095422,""parameters"":{""bbox_padding_fraction"":0.0,""close_iterations"":0,""close_kernel_fraction"":0.0,""merge_fragmented_contours"":true,""minimum_contour_area_fraction"":0.06,""polygon_epsilon_fraction"":0.008,""rectangularity_weight"":0.25},""polygon_vertices"":4,""rectangularity"":0.97999132},""foundation"":null,""method"":""contour"",""origin"":"""",""repository"":"""",""score"":0.988269,""status"":""ok"",""version"":""""},""edge_error_maximum_px"":33,""edge_error_mean_px"":11.0,""edge_errors"":{""bottom"":0,""left"":11,""maximum"":33,""mean"":11.0,""right"":33,""top"":0},""elapsed_ms"":9.914,""global_ordinal"":9,""iou"":0.95852969,""label"":""clean_two_page_spread"",""layout_type"":""two_page_spread"",""predicted_bbox"":[73,51,1134,941],""status"":""ok""}"
run-20260902-194727,160333f7751d,160333f7751ddb3a87b71758c8fb8ea57315a051a5310351f6e99abc183a41d1,1,160333f7751d,d7eac635ad1332b711ba04dfacb8cd1a12b3357791e8b0967880ba59db976fc8,1,82ae8377914bcb10d48ff95337120000a514277e384779cc6be6e865dd3197da,7,,4,3,1,1,[],{},10,0.09719123970717192,1.0,10,clean_two_page_spread_2,two_page_spread,ok,0.95932363,7,1,29,7,11.0,29,3.942,"[88, 33, 1154, 968]","[81, 34, 1183, 961]","{""bbox_padding_fraction"":0.0,""close_iterations"":0,""close_kernel_fraction"":0.0,""merge_fragmented_contours"":true,""minimum_contour_area_fraction"":0.06,""polygon_epsilon_fraction"":0.008,""rectangularity_weight"":0.25}",,,"{""legacy_parameter_set_id"":""160333f7751d"",""parameter_grid_ordinal"":7,""parameter_grid_sha256"":""82ae8377914bcb10d48ff95337120000a514277e384779cc6be6e865dd3197da"",""parameter_identity_schema_version"":""1"",""parameter_identity_sha256"":""d7eac635ad1332b711ba04dfacb8cd1a12b3357791e8b0967880ba59db976fc8"",""parameter_schema_version"":""1"",""parameter_set_equivalence_family_id"":""160333f7751d"",""parameter_set_equivalence_family_sha256"":""160333f7751ddb3a87b71758c8fb8ea57315a051a5310351f6e99abc183a41d1"",""parameter_set_equivalence_family_size"":1,""parameter_set_id"":""160333f7751d"",""parameters"":{""bbox_padding_fraction"":0.0,""close_iterations"":0,""close_kernel_fraction"":0.0,""merge_fragmented_contours"":true,""minimum_contour_area_fraction"":0.06,""polygon_epsilon_fraction"":0.008,""rectangularity_weight"":0.25},""profile"":null,""rank"":4,""reference_roles"":[],""requested_search_member"":true,""run_id"":""run-20260902-194727"",""search_observation"":{""completion_index"":10,""elapsed_seconds"":0.09719123970717192,""parameter_set_number"":10,""search_fraction"":1.0},""search_rank"":3,""search_space_member"":true,""summary"":{""elapsed_ms_total"":40.058,""failure_count"":0,""mean_edge_error_px"":46.85,""mean_iou"":0.83639512,""mean_iou_success"":0.83639512,""minimum_iou"":0.47838039,""page_count"":5,""stddev_iou"":0.18704169,""success_count"":5,""wall_ms"":40.359}}","{""approved_bbox"":[88,33,1154,968],""candidate"":{""authors"":null,""bbox"":[81,34,1183,961],""confidence"":0.976086,""corners"":[[1144.0,44.0],[84.0,44.0],[81.0,945.0],[1171.0,947.0]],""detector_name"":"""",""diagnostics"":{""close_kernel_size"":0,""contour_area"":981375.0,""contour_area_fraction"":0.78177278,""contour_source"":""external_contour"",""corner_source"":""approx_poly_dp"",""external_contour_count"":3,""mask_foreground_fraction"":0.78381767,""parameters"":{""bbox_padding_fraction"":0.0,""close_iterations"":0,""close_kernel_fraction"":0.0,""merge_fragmented_contours"":true,""minimum_contour_area_fraction"":0.06,""polygon_epsilon_fraction"":0.008,""rectangularity_weight"":0.25},""polygon_vertices"":4,""rectangularity"":0.96066875},""foundation"":null,""method"":""contour"",""origin"":"""",""repository"":"""",""score"":0.976086,""status"":""ok"",""version"":""""},""edge_error_maximum_px"":29,""edge_error_mean_px"":11.0,""edge_errors"":{""bottom"":7,""left"":7,""maximum"":29,""mean"":11.0,""right"":29,""top"":1},""elapsed_ms"":3.942,""global_ordinal"":10,""iou"":0.95932363,""label"":""clean_two_page_spread_2"",""layout_type"":""two_page_spread"",""predicted_bbox"":[81,34,1183,961],""status"":""ok""}"
run-20260902-194727,e0ad87b12d87,e0ad87b12d8715517f69ca697c7448ed505e1f1d0f73417d717cc68b0dc54cbf,1,e0ad87b12d87,763fe7575197d2c14c751fdba10deed76c404f7abb071225a23bb74fac8c3402,1,82ae8377914bcb10d48ff95337120000a514277e384779cc6be6e865dd3197da,5,,5,4,1,1,[],{},8,0.09108947170898318,0.8,1,ordinary_two_page_spread,two_page_spread,ok,0.95325782,30,11,6,5,13.0,30,18.339,"[125, 56, 1289, 967]","[95, 45, 1295, 972]","{""bbox_padding_fraction"":0.015,""close_iterations"":0,""close_kernel_fraction"":0.0,""merge_fragmented_contours"":true,""minimum_contour_area_fraction"":0.06,""polygon_epsilon_fraction"":0.008,""rectangularity_weight"":0.1}",,,"{""legacy_parameter_set_id"":""e0ad87b12d87"",""parameter_grid_ordinal"":5,""parameter_grid_sha256"":""82ae8377914bcb10d48ff95337120000a514277e384779cc6be6e865dd3197da"",""parameter_identity_schema_version"":""1"",""parameter_identity_sha256"":""763fe7575197d2c14c751fdba10deed76c404f7abb071225a23bb74fac8c3402"",""parameter_schema_version"":""1"",""parameter_set_equivalence_family_id"":""e0ad87b12d87"",""parameter_set_equivalence_family_sha256"":""e0ad87b12d8715517f69ca697c7448ed505e1f1d0f73417d717cc68b0dc54cbf"",""parameter_set_equivalence_family_size"":1,""parameter_set_id"":""e0ad87b12d87"",""parameters"":{""bbox_padding_fraction"":0.015,""close_iterations"":0,""close_kernel_fraction"":0.0,""merge_fragmented_contours"":true,""minimum_contour_area_fraction"":0.06,""polygon_epsilon_fraction"":0.008,""rectangularity_weight"":0.1},""profile"":null,""rank"":5,""reference_roles"":[],""requested_search_member"":true,""run_id"":""run-20260902-194727"",""search_observation"":{""completion_index"":8,""elapsed_seconds"":0.09108947170898318,""parameter_set_number"":8,""search_fraction"":0.8},""search_rank"":4,""search_space_member"":true,""summary"":{""elapsed_ms_total"":36.273,""failure_count"":0,""mean_edge_error_px"":46.95,""mean_iou"":0.8338315,""mean_iou_success"":0.8338315,""minimum_iou"":0.51777795,""page_count"":5,""stddev_iou"":0.16000348,""success_count"":5,""wall_ms"":36.546}}","{""approved_bbox"":[125,56,1289,967],""candidate"":{""authors"":null,""bbox"":[95,45,1295,972],""confidence"":0.917021,""corners"":[[114.557373046875,959.0025634765625],[109.407958984375,62.99766540527344],[1277.116455078125,56.28669738769531],[1282.265869140625,952.2916259765625]],""detector_name"":"""",""diagnostics"":{""close_kernel_size"":0,""contour_area"":944496.5,""contour_area_fraction"":0.69313111,""contour_source"":""external_contour"",""corner_source"":""minimum_area_rectangle"",""external_contour_count"":9,""mask_foreground_fraction"":0.68699492,""parameters"":{""bbox_padding_fraction"":0.015,""close_iterations"":0,""close_kernel_fraction"":0.0,""merge_fragmented_contours"":true,""minimum_contour_area_fraction"":0.06,""polygon_epsilon_fraction"":0.008,""rectangularity_weight"":0.1},""polygon_vertices"":15,""rectangularity"":0.8999576},""foundation"":null,""method"":""contour"",""origin"":"""",""repository"":"""",""score"":0.917021,""status"":""ok"",""version"":""""},""edge_error_maximum_px"":30,""edge_error_mean_px"":13.0,""edge_errors"":{""bottom"":5,""left"":30,""maximum"":30,""mean"":13.0,""right"":6,""top"":11},""elapsed_ms"":18.339,""global_ordinal"":1,""iou"":0.95325782,""label"":""ordinary_two_page_spread"",""layout_type"":""two_page_spread"",""predicted_bbox"":[95,45,1295,972],""status"":""ok""}"
run-20260902-194727,e0ad87b12d87,e0ad87b12d8715517f69ca697c7448ed505e1f1d0f73417d717cc68b0dc54cbf,1,e0ad87b12d87,763fe7575197d2c14c751fdba10deed76c404f7abb071225a23bb74fac8c3402,1,82ae8377914bcb10d48ff95337120000a514277e384779cc6be6e865dd3197da,5,,5,4,1,1,[],{},8,0.09108947170898318,0.8,5,damaged_partial_register_spread,two_page_spread,ok,0.51777795,94,2,467,1,141.0,467,3.53,"[67, 8, 1233, 977]","[161, 6, 766, 976]","{""bbox_padding_fraction"":0.015,""close_iterations"":0,""close_kernel_fraction"":0.0,""merge_fragmented_contours"":true,""minimum_contour_area_fraction"":0.06,""polygon_epsilon_fraction"":0.008,""rectangularity_weight"":0.1}",,,"{""legacy_parameter_set_id"":""e0ad87b12d87"",""parameter_grid_ordinal"":5,""parameter_grid_sha256"":""82ae8377914bcb10d48ff95337120000a514277e384779cc6be6e865dd3197da"",""parameter_identity_schema_version"":""1"",""parameter_identity_sha256"":""763fe7575197d2c14c751fdba10deed76c404f7abb071225a23bb74fac8c3402"",""parameter_schema_version"":""1"",""parameter_set_equivalence_family_id"":""e0ad87b12d87"",""parameter_set_equivalence_family_sha256"":""e0ad87b12d8715517f69ca697c7448ed505e1f1d0f73417d717cc68b0dc54cbf"",""parameter_set_equivalence_family_size"":1,""parameter_set_id"":""e0ad87b12d87"",""parameters"":{""bbox_padding_fraction"":0.015,""close_iterations"":0,""close_kernel_fraction"":0.0,""merge_fragmented_contours"":true,""minimum_contour_area_fraction"":0.06,""polygon_epsilon_fraction"":0.008,""rectangularity_weight"":0.1},""profile"":null,""rank"":5,""reference_roles"":[],""requested_search_member"":true,""run_id"":""run-20260902-194727"",""search_observation"":{""completion_index"":8,""elapsed_seconds"":0.09108947170898318,""parameter_set_number"":8,""search_fraction"":0.8},""search_rank"":4,""search_space_member"":true,""summary"":{""elapsed_ms_total"":36.273,""failure_count"":0,""mean_edge_error_px"":46.95,""mean_iou"":0.8338315,""mean_iou_success"":0.8338315,""minimum_iou"":0.51777795,""page_count"":5,""stddev_iou"":0.16000348,""success_count"":5,""wall_ms"":36.546}}","{""approved_bbox"":[67,8,1233,977],""candidate"":{""authors"":null,""bbox"":[161,6,766,976],""confidence"":0.825155,""corners"":[[177.808349609375,960.7432250976562],[175.31927490234375,22.359914779663086],[748.88818359375,20.838510513305664],[751.3772583007812,959.2218627929688]],""detector_name"":"""",""diagnostics"":{""close_kernel_size"":0,""contour_area"":446090.5,""contour_area_fraction"":0.34343925,""contour_source"":""external_contour"",""corner_source"":""minimum_area_rectangle"",""external_contour_count"":16,""mask_foreground_fraction"":0.34827453,""parameters"":{""bbox_padding_fraction"":0.015,""close_iterations"":0,""close_kernel_fraction"":0.0,""merge_fragmented_contours"":true,""minimum_contour_area_fraction"":0.06,""polygon_epsilon_fraction"":0.008,""rectangularity_weight"":0.1},""polygon_vertices"":19,""rectangularity"":0.82532932},""foundation"":null,""method"":""contour"",""origin"":"""",""repository"":"""",""score"":0.825155,""status"":""ok"",""version"":""""},""edge_error_maximum_px"":467,""edge_error_mean_px"":141.0,""edge_errors"":{""bottom"":1,""left"":94,""maximum"":467,""mean"":141.0,""right"":467,""top"":2},""elapsed_ms"":3.53,""global_ordinal"":5,""iou"":0.51777795,""label"":""damaged_partial_register_spread"",""layout_type"":""two_page_spread"",""predicted_bbox"":[161,6,766,976],""status"":""ok""}"
run-20260902-194727,e0ad87b12d87,e0ad87b12d8715517f69ca697c7448ed505e1f1d0f73417d717cc68b0dc54cbf,1,e0ad87b12d87,763fe7575197d2c14c751fdba10deed76c404f7abb071225a23bb74fac8c3402,1,82ae8377914bcb10d48ff95337120000a514277e384779cc6be6e865dd3197da,5,,5,4,1,1,[],{},8,0.09108947170898318,0.8,6,title_or_index_sheet,single_page,ok,0.87629839,110,1,7,13,32.75,110,9.509,"[15, 28, 1074, 970]","[125, 29, 1067, 957]","{""bbox_padding_fraction"":0.015,""close_iterations"":0,""close_kernel_fraction"":0.0,""merge_fragmented_contours"":true,""minimum_contour_area_fraction"":0.06,""polygon_epsilon_fraction"":0.008,""rectangularity_weight"":0.1}",,,"{""legacy_parameter_set_id"":""e0ad87b12d87"",""parameter_grid_ordinal"":5,""parameter_grid_sha256"":""82ae8377914bcb10d48ff95337120000a514277e384779cc6be6e865dd3197da"",""parameter_identity_schema_version"":""1"",""parameter_identity_sha256"":""763fe7575197d2c14c751fdba10deed76c404f7abb071225a23bb74fac8c3402"",""parameter_schema_version"":""1"",""parameter_set_equivalence_family_id"":""e0ad87b12d87"",""parameter_set_equivalence_family_sha256"":""e0ad87b12d8715517f69ca697c7448ed505e1f1d0f73417d717cc68b0dc54cbf"",""parameter_set_equivalence_family_size"":1,""parameter_set_id"":""e0ad87b12d87"",""parameters"":{""bbox_padding_fraction"":0.015,""close_iterations"":0,""close_kernel_fraction"":0.0,""merge_fragmented_contours"":true,""minimum_contour_area_fraction"":0.06,""polygon_epsilon_fraction"":0.008,""rectangularity_weight"":0.1},""profile"":null,""rank"":5,""reference_roles"":[],""requested_search_member"":true,""run_id"":""run-20260902-194727"",""search_observation"":{""completion_index"":8,""elapsed_seconds"":0.09108947170898318,""parameter_set_number"":8,""search_fraction"":0.8},""search_rank"":4,""search_space_member"":true,""summary"":{""elapsed_ms_total"":36.273,""failure_count"":0,""mean_edge_error_px"":46.95,""mean_iou"":0.8338315,""mean_iou_success"":0.8338315,""minimum_iou"":0.51777795,""page_count"":5,""stddev_iou"":0.16000348,""success_count"":5,""wall_ms"":36.546}}","{""approved_bbox"":[15,28,1074,970],""candidate"":{""authors"":null,""bbox"":[125,29,1067,957],""confidence"":0.550159,""corners"":[[155.40652465820312,949.5792236328125],[139.79312133789062,44.00358963012695],[1037.99169921875,28.517406463623047],[1053.6051025390625,934.093017578125]],""detector_name"":"""",""diagnostics"":{""close_kernel_size"":0,""contour_area"":598808.0,""contour_area_fraction"":0.55989318,""contour_source"":""merged_convex_hull"",""corner_source"":""minimum_area_rectangle"",""external_contour_count"":135,""mask_foreground_fraction"":0.04911903,""parameters"":{""bbox_padding_fraction"":0.015,""close_iterations"":0,""close_kernel_fraction"":0.0,""merge_fragmented_contours"":true,""minimum_contour_area_fraction"":0.06,""polygon_epsilon_fraction"":0.008,""rectangularity_weight"":0.1},""polygon_vertices"":7,""rectangularity"":0.73116673},""foundation"":null,""method"":""contour"",""origin"":"""",""repository"":"""",""score"":0.550159,""status"":""ok"",""version"":""""},""edge_error_maximum_px"":110,""edge_error_mean_px"":32.75,""edge_errors"":{""bottom"":13,""left"":110,""maximum"":110,""mean"":32.75,""right"":7,""top"":1},""elapsed_ms"":9.509,""global_ordinal"":6,""iou"":0.87629839,""label"":""title_or_index_sheet"",""layout_type"":""single_page"",""predicted_bbox"":[125,29,1067,957],""status"":""ok""}"
run-20260902-194727,e0ad87b12d87,e0ad87b12d8715517f69ca697c7448ed505e1f1d0f73417d717cc68b0dc54cbf,1,e0ad87b12d87,763fe7575197d2c14c751fdba10deed76c404f7abb071225a23bb74fac8c3402,1,82ae8377914bcb10d48ff95337120000a514277e384779cc6be6e865dd3197da,5,,5,4,1,1,[],{},8,0.09108947170898318,0.8,9,clean_two_page_spread,two_page_spread,ok,0.9017754,26,15,48,15,26.0,48,2.033,"[84, 51, 1101, 941]","[58, 36, 1149, 956]","{""bbox_padding_fraction"":0.015,""close_iterations"":0,""close_kernel_fraction"":0.0,""merge_fragmented_contours"":true,""minimum_contour_area_fraction"":0.06,""polygon_epsilon_fraction"":0.008,""rectangularity_weight"":0.1}",,,"{""legacy_parameter_set_id"":""e0ad87b12d87"",""parameter_grid_ordinal"":5,""parameter_grid_sha256"":""82ae8377914bcb10d48ff95337120000a514277e384779cc6be6e865dd3197da"",""parameter_identity_schema_version"":""1"",""parameter_identity_sha256"":""763fe7575197d2c14c751fdba10deed76c404f7abb071225a23bb74fac8c3402"",""parameter_schema_version"":""1"",""parameter_set_equivalence_family_id"":""e0ad87b12d87"",""parameter_set_equivalence_family_sha256"":""e0ad87b12d8715517f69ca697c7448ed505e1f1d0f73417d717cc68b0dc54cbf"",""parameter_set_equivalence_family_size"":1,""parameter_set_id"":""e0ad87b12d87"",""parameters"":{""bbox_padding_fraction"":0.015,""close_iterations"":0,""close_kernel_fraction"":0.0,""merge_fragmented_contours"":true,""minimum_contour_area_fraction"":0.06,""polygon_epsilon_fraction"":0.008,""rectangularity_weight"":0.1},""profile"":null,""rank"":5,""reference_roles"":[],""requested_search_member"":true,""run_id"":""run-20260902-194727"",""search_observation"":{""completion_index"":8,""elapsed_seconds"":0.09108947170898318,""parameter_set_number"":8,""search_fraction"":0.8},""search_rank"":4,""search_space_member"":true,""summary"":{""elapsed_ms_total"":36.273,""failure_count"":0,""mean_edge_error_px"":46.95,""mean_iou"":0.8338315,""mean_iou_success"":0.8338315,""minimum_iou"":0.51777795,""page_count"":5,""stddev_iou"":0.16000348,""success_count"":5,""wall_ms"":36.546}}","{""approved_bbox"":[84,51,1101,941],""candidate"":{""authors"":null,""bbox"":[58,36,1149,956],""confidence"":0.963759,""corners"":[[1115.0,56.0],[77.0,56.0],[73.0,932.0],[1118.0,937.0]],""detector_name"":"""",""diagnostics"":{""close_kernel_size"":0,""contour_area"":925396.0,""contour_area_fraction"":0.7294164,""contour_source"":""external_contour"",""corner_source"":""approx_poly_dp"",""external_contour_count"":1,""mask_foreground_fraction"":0.73095422,""parameters"":{""bbox_padding_fraction"":0.015,""close_iterations"":0,""close_kernel_fraction"":0.0,""merge_fragmented_contours"":true,""minimum_contour_area_fraction"":0.06,""polygon_epsilon_fraction"":0.008,""rectangularity_weight"":0.1},""polygon_vertices"":4,""rectangularity"":0.97999132},""foundation"":null,""method"":""contour"",""origin"":"""",""repository"":"""",""score"":0.963759,""status"":""ok"",""version"":""""},""edge_error_maximum_px"":48,""edge_error_mean_px"":26.0,""edge_errors"":{""bottom"":15,""left"":26,""maximum"":48,""mean"":26.0,""right"":48,""top"":15},""elapsed_ms"":2.033,""global_ordinal"":9,""iou"":0.9017754,""label"":""clean_two_page_spread"",""layout_type"":""two_page_spread"",""predicted_bbox"":[58,36,1149,956],""status"":""ok""}"
run-20260902-194727,e0ad87b12d87,e0ad87b12d8715517f69ca697c7448ed505e1f1d0f73417d717cc68b0dc54cbf,1,e0ad87b12d87,763fe7575197d2c14c751fdba10deed76c404f7abb071225a23bb74fac8c3402,1,82ae8377914bcb10d48ff95337120000a514277e384779cc6be6e865dd3197da,5,,5,4,1,1,[],{},8,0.09108947170898318,0.8,10,clean_two_page_spread_2,two_page_spread,ok,0.92004793,22,14,44,8,22.0,44,2.862,"[88, 33, 1154, 968]","[66, 19, 1198, 976]","{""bbox_padding_fraction"":0.015,""close_iterations"":0,""close_kernel_fraction"":0.0,""merge_fragmented_contours"":true,""minimum_contour_area_fraction"":0.06,""polygon_epsilon_fraction"":0.008,""rectangularity_weight"":0.1}",,,"{""legacy_parameter_set_id"":""e0ad87b12d87"",""parameter_grid_ordinal"":5,""parameter_grid_sha256"":""82ae8377914bcb10d48ff95337120000a514277e384779cc6be6e865dd3197da"",""parameter_identity_schema_version"":""1"",""parameter_identity_sha256"":""763fe7575197d2c14c751fdba10deed76c404f7abb071225a23bb74fac8c3402"",""parameter_schema_version"":""1"",""parameter_set_equivalence_family_id"":""e0ad87b12d87"",""parameter_set_equivalence_family_sha256"":""e0ad87b12d8715517f69ca697c7448ed505e1f1d0f73417d717cc68b0dc54cbf"",""parameter_set_equivalence_family_size"":1,""parameter_set_id"":""e0ad87b12d87"",""parameters"":{""bbox_padding_fraction"":0.015,""close_iterations"":0,""close_kernel_fraction"":0.0,""merge_fragmented_contours"":true,""minimum_contour_area_fraction"":0.06,""polygon_epsilon_fraction"":0.008,""rectangularity_weight"":0.1},""profile"":null,""rank"":5,""reference_roles"":[],""requested_search_member"":true,""run_id"":""run-20260902-194727"",""search_observation"":{""completion_index"":8,""elapsed_seconds"":0.09108947170898318,""parameter_set_number"":8,""search_fraction"":0.8},""search_rank"":4,""search_space_member"":true,""summary"":{""elapsed_ms_total"":36.273,""failure_count"":0,""mean_edge_error_px"":46.95,""mean_iou"":0.8338315,""mean_iou_success"":0.8338315,""minimum_iou"":0.51777795,""page_count"":5,""stddev_iou"":0.16000348,""success_count"":5,""wall_ms"":36.546}}","{""approved_bbox"":[88,33,1154,968],""candidate"":{""authors"":null,""bbox"":[66,19,1198,976],""confidence"":0.954447,""corners"":[[1144.0,44.0],[84.0,44.0],[81.0,945.0],[1171.0,947.0]],""detector_name"":"""",""diagnostics"":{""close_kernel_size"":0,""contour_area"":981375.0,""contour_area_fraction"":0.78177278,""contour_source"":""external_contour"",""corner_source"":""approx_poly_dp"",""external_contour_count"":3,""mask_foreground_fraction"":0.78381767,""parameters"":{""bbox_padding_fraction"":0.015,""close_iterations"":0,""close_kernel_fraction"":0.0,""merge_fragmented_contours"":true,""minimum_contour_area_fraction"":0.06,""polygon_epsilon_fraction"":0.008,""rectangularity_weight"":0.1},""polygon_vertices"":4,""rectangularity"":0.96066875},""foundation"":null,""method"":""contour"",""origin"":"""",""repository"":"""",""score"":0.954447,""status"":""ok"",""version"":""""},""edge_error_maximum_px"":44,""edge_error_mean_px"":22.0,""edge_errors"":{""bottom"":8,""left"":22,""maximum"":44,""mean"":22.0,""right"":44,""top"":14},""elapsed_ms"":2.862,""global_ordinal"":10,""iou"":0.92004793,""label"":""clean_two_page_spread_2"",""layout_type"":""two_page_spread"",""predicted_bbox"":[66,19,1198,976],""status"":""ok""}"
run-20260902-194727,6019a18e4c4e,6019a18e4c4ecfa4640eb1b792e2d8e4952c5f994bfcda137b20abcdf05acec3,1,6019a18e4c4e,f7f62cfe56810c797d8906238631046653bb25ab08fa32ed0e48b2b6fd8d1a15,1,82ae8377914bcb10d48ff95337120000a514277e384779cc6be6e865dd3197da,654,baseline,6,,0,1,"[""baseline""]",{},,,,1,ordinary_two_page_spread,two_page_spread,ok,0.9647775,15,4,9,10,9.5,15,3.293,"[125, 56, 1289, 967]","[110, 60, 1280, 957]","{""bbox_padding_fraction"":0.0,""close_iterations"":0,""close_kernel_fraction"":0.0,""merge_fragmented_contours"":false,""minimum_contour_area_fraction"":0.12,""polygon_epsilon_fraction"":0.018,""rectangularity_weight"":0.25}",,,"{""legacy_parameter_set_id"":""6019a18e4c4e"",""parameter_grid_ordinal"":654,""parameter_grid_sha256"":""82ae8377914bcb10d48ff95337120000a514277e384779cc6be6e865dd3197da"",""parameter_identity_schema_version"":""1"",""parameter_identity_sha256"":""f7f62cfe56810c797d8906238631046653bb25ab08fa32ed0e48b2b6fd8d1a15"",""parameter_schema_version"":""1"",""parameter_set_equivalence_family_id"":""6019a18e4c4e"",""parameter_set_equivalence_family_sha256"":""6019a18e4c4ecfa4640eb1b792e2d8e4952c5f994bfcda137b20abcdf05acec3"",""parameter_set_equivalence_family_size"":1,""parameter_set_id"":""6019a18e4c4e"",""parameters"":{""bbox_padding_fraction"":0.0,""close_iterations"":0,""close_kernel_fraction"":0.0,""merge_fragmented_contours"":false,""minimum_contour_area_fraction"":0.12,""polygon_epsilon_fraction"":0.018,""rectangularity_weight"":0.25},""profile"":""baseline"",""rank"":6,""reference_roles"":[""baseline""],""requested_search_member"":false,""run_id"":""run-20260902-194727"",""search_space_member"":true,""summary"":{""elapsed_ms_total"":10.243,""failure_count"":1,""mean_edge_error_px"":46.625,""mean_iou"":0.67220224,""mean_iou_success"":0.8402528,""minimum_iou"":0.0,""page_count"":5,""stddev_iou"":0.38456343,""success_count"":4,""wall_ms"":10.55}}","{""approved_bbox"":[125,56,1289,967],""candidate"":{""authors"":null,""bbox"":[110,60,1280,957],""confidence"":0.933243,""corners"":[[113.0,121.0],[264.0,895.0],[1273.0,921.0],[1271.0,77.0]],""detector_name"":"""",""diagnostics"":{""close_kernel_size"":0,""contour_area"":944496.5,""contour_area_fraction"":0.69313111,""contour_source"":""external_contour"",""corner_source"":""approx_poly_dp"",""external_contour_count"":9,""mask_foreground_fraction"":0.68699492,""parameters"":{""bbox_padding_fraction"":0.0,""close_iterations"":0,""close_kernel_fraction"":0.0,""merge_fragmented_contours"":false,""minimum_contour_area_fraction"":0.12,""polygon_epsilon_fraction"":0.018,""rectangularity_weight"":0.25},""polygon_vertices"":4,""rectangularity"":0.8999576},""foundation"":null,""method"":""contour"",""origin"":"""",""repository"":"""",""score"":0.933243,""status"":""ok"",""version"":""""},""edge_error_maximum_px"":15,""edge_error_mean_px"":9.5,""edge_errors"":{""bottom"":10,""left"":15,""maximum"":15,""mean"":9.5,""right"":9,""top"":4},""elapsed_ms"":3.293,""global_ordinal"":1,""iou"":0.9647775,""label"":""ordinary_two_page_spread"",""layout_type"":""two_page_spread"",""predicted_bbox"":[110,60,1280,957],""status"":""ok""}"
run-20260902-194727,6019a18e4c4e,6019a18e4c4ecfa4640eb1b792e2d8e4952c5f994bfcda137b20abcdf05acec3,1,6019a18e4c4e,f7f62cfe56810c797d8906238631046653bb25ab08fa32ed0e48b2b6fd8d1a15,1,82ae8377914bcb10d48ff95337120000a514277e384779cc6be6e865dd3197da,654,baseline,6,,0,1,"[""baseline""]",{},,,,5,damaged_partial_register_spread,two_page_spread,ok,0.47838039,109,13,482,16,155.0,482,1.953,"[67, 8, 1233, 977]","[176, 21, 751, 961]","{""bbox_padding_fraction"":0.0,""close_iterations"":0,""close_kernel_fraction"":0.0,""merge_fragmented_contours"":false,""minimum_contour_area_fraction"":0.12,""polygon_epsilon_fraction"":0.018,""rectangularity_weight"":0.25}",,,"{""legacy_parameter_set_id"":""6019a18e4c4e"",""parameter_grid_ordinal"":654,""parameter_grid_sha256"":""82ae8377914bcb10d48ff95337120000a514277e384779cc6be6e865dd3197da"",""parameter_identity_schema_version"":""1"",""parameter_identity_sha256"":""f7f62cfe56810c797d8906238631046653bb25ab08fa32ed0e48b2b6fd8d1a15"",""parameter_schema_version"":""1"",""parameter_set_equivalence_family_id"":""6019a18e4c4e"",""parameter_set_equivalence_family_sha256"":""6019a18e4c4ecfa4640eb1b792e2d8e4952c5f994bfcda137b20abcdf05acec3"",""parameter_set_equivalence_family_size"":1,""parameter_set_id"":""6019a18e4c4e"",""parameters"":{""bbox_padding_fraction"":0.0,""close_iterations"":0,""close_kernel_fraction"":0.0,""merge_fragmented_contours"":false,""minimum_contour_area_fraction"":0.12,""polygon_epsilon_fraction"":0.018,""rectangularity_weight"":0.25},""profile"":""baseline"",""rank"":6,""reference_roles"":[""baseline""],""requested_search_member"":false,""run_id"":""run-20260902-194727"",""search_space_member"":true,""summary"":{""elapsed_ms_total"":10.243,""failure_count"":1,""mean_edge_error_px"":46.625,""mean_iou"":0.67220224,""mean_iou_success"":0.8402528,""minimum_iou"":0.0,""page_count"":5,""stddev_iou"":0.38456343,""success_count"":4,""wall_ms"":10.55}}","{""approved_bbox"":[67,8,1233,977],""candidate"":{""authors"":null,""bbox"":[176,21,751,961],""confidence"":0.835126,""corners"":[[177.808349609375,960.7432250976562],[175.31927490234375,22.359914779663086],[748.88818359375,20.838510513305664],[751.3772583007812,959.2218627929688]],""detector_name"":"""",""diagnostics"":{""close_kernel_size"":0,""contour_area"":446090.5,""contour_area_fraction"":0.34343925,""contour_source"":""external_contour"",""corner_source"":""minimum_area_rectangle"",""external_contour_count"":16,""mask_foreground_fraction"":0.34827453,""parameters"":{""bbox_padding_fraction"":0.0,""close_iterations"":0,""close_kernel_fraction"":0.0,""merge_fragmented_contours"":false,""minimum_contour_area_fraction"":0.12,""polygon_epsilon_fraction"":0.018,""rectangularity_weight"":0.25},""polygon_vertices"":6,""rectangularity"":0.82532932},""foundation"":null,""method"":""contour"",""origin"":"""",""repository"":"""",""score"":0.835126,""status"":""ok"",""version"":""""},""edge_error_maximum_px"":482,""edge_error_mean_px"":155.0,""edge_errors"":{""bottom"":16,""left"":109,""maximum"":482,""mean"":155.0,""right"":482,""top"":13},""elapsed_ms"":1.953,""global_ordinal"":5,""iou"":0.47838039,""label"":""damaged_partial_register_spread"",""layout_type"":""two_page_spread"",""predicted_bbox"":[176,21,751,961],""status"":""ok""}"
run-20260902-194727,6019a18e4c4e,6019a18e4c4ecfa4640eb1b792e2d8e4952c5f994bfcda137b20abcdf05acec3,1,6019a18e4c4e,f7f62cfe56810c797d8906238631046653bb25ab08fa32ed0e48b2b6fd8d1a15,1,82ae8377914bcb10d48ff95337120000a514277e384779cc6be6e865dd3197da,654,baseline,6,,0,1,"[""baseline""]",{},,,,6,title_or_index_sheet,single_page,no_candidate,0.0,,,,,,,1.161,null,null,"{""bbox_padding_fraction"":0.0,""close_iterations"":0,""close_kernel_fraction"":0.0,""merge_fragmented_contours"":false,""minimum_contour_area_fraction"":0.12,""polygon_epsilon_fraction"":0.018,""rectangularity_weight"":0.25}",,,"{""legacy_parameter_set_id"":""6019a18e4c4e"",""parameter_grid_ordinal"":654,""parameter_grid_sha256"":""82ae8377914bcb10d48ff95337120000a514277e384779cc6be6e865dd3197da"",""parameter_identity_schema_version"":""1"",""parameter_identity_sha256"":""f7f62cfe56810c797d8906238631046653bb25ab08fa32ed0e48b2b6fd8d1a15"",""parameter_schema_version"":""1"",""parameter_set_equivalence_family_id"":""6019a18e4c4e"",""parameter_set_equivalence_family_sha256"":""6019a18e4c4ecfa4640eb1b792e2d8e4952c5f994bfcda137b20abcdf05acec3"",""parameter_set_equivalence_family_size"":1,""parameter_set_id"":""6019a18e4c4e"",""parameters"":{""bbox_padding_fraction"":0.0,""close_iterations"":0,""close_kernel_fraction"":0.0,""merge_fragmented_contours"":false,""minimum_contour_area_fraction"":0.12,""polygon_epsilon_fraction"":0.018,""rectangularity_weight"":0.25},""profile"":""baseline"",""rank"":6,""reference_roles"":[""baseline""],""requested_search_member"":false,""run_id"":""run-20260902-194727"",""search_space_member"":true,""summary"":{""elapsed_ms_total"":10.243,""failure_count"":1,""mean_edge_error_px"":46.625,""mean_iou"":0.67220224,""mean_iou_success"":0.8402528,""minimum_iou"":0.0,""page_count"":5,""stddev_iou"":0.38456343,""success_count"":4,""wall_ms"":10.55}}","{""candidate"":{""authors"":null,""bbox"":null,""confidence"":0.0,""corners"":null,""detector_name"":"""",""diagnostics"":{""close_kernel_size"":0,""external_contour_count"":135,""mask_foreground_fraction"":0.04911903,""parameters"":{""bbox_padding_fraction"":0.0,""close_iterations"":0,""close_kernel_fraction"":0.0,""merge_fragmented_contours"":false,""minimum_contour_area_fraction"":0.12,""polygon_epsilon_fraction"":0.018,""rectangularity_weight"":0.25},""reason"":""no_plausible_contour""},""foundation"":null,""method"":""contour"",""origin"":"""",""repository"":"""",""score"":0.0,""status"":""no_candidate"",""version"":""""},""edge_error_maximum_px"":null,""edge_error_mean_px"":null,""elapsed_ms"":1.161,""global_ordinal"":6,""iou"":0.0,""label"":""title_or_index_sheet"",""layout_type"":""single_page"",""status"":""no_candidate""}"
run-20260902-194727,6019a18e4c4e,6019a18e4c4ecfa4640eb1b792e2d8e4952c5f994bfcda137b20abcdf05acec3,1,6019a18e4c4e,f7f62cfe56810c797d8906238631046653bb25ab08fa32ed0e48b2b6fd8d1a15,1,82ae8377914bcb10d48ff95337120000a514277e384779cc6be6e865dd3197da,654,baseline,6,,0,1,"[""baseline""]",{},,,,9,clean_two_page_spread,two_page_spread,ok,0.95852969,11,0,33,0,11.0,33,1.722,"[84, 51, 1101, 941]","[73, 51, 1134, 941]","{""bbox_padding_fraction"":0.0,""close_iterations"":0,""close_kernel_fraction"":0.0,""merge_fragmented_contours"":false,""minimum_contour_area_fraction"":0.12,""polygon_epsilon_fraction"":0.018,""rectangularity_weight"":0.25}",,,"{""legacy_parameter_set_id"":""6019a18e4c4e"",""parameter_grid_ordinal"":654,""parameter_grid_sha256"":""82ae8377914bcb10d48ff95337120000a514277e384779cc6be6e865dd3197da"",""parameter_identity_schema_version"":""1"",""parameter_identity_sha256"":""f7f62cfe56810c797d8906238631046653bb25ab08fa32ed0e48b2b6fd8d1a15"",""parameter_schema_version"":""1"",""parameter_set_equivalence_family_id"":""6019a18e4c4e"",""parameter_set_equivalence_family_sha256"":""6019a18e4c4ecfa4640eb1b792e2d8e4952c5f994bfcda137b20abcdf05acec3"",""parameter_set_equivalence_family_size"":1,""parameter_set_id"":""6019a18e4c4e"",""parameters"":{""bbox_padding_fraction"":0.0,""close_iterations"":0,""close_kernel_fraction"":0.0,""merge_fragmented_contours"":false,""minimum_contour_area_fraction"":0.12,""polygon_epsilon_fraction"":0.018,""rectangularity_weight"":0.25},""profile"":""baseline"",""rank"":6,""reference_roles"":[""baseline""],""requested_search_member"":false,""run_id"":""run-20260902-194727"",""search_space_member"":true,""summary"":{""elapsed_ms_total"":10.243,""failure_count"":1,""mean_edge_error_px"":46.625,""mean_iou"":0.67220224,""mean_iou_success"":0.8402528,""minimum_iou"":0.0,""page_count"":5,""stddev_iou"":0.38456343,""success_count"":4,""wall_ms"":10.55}}","{""approved_bbox"":[84,51,1101,941],""candidate"":{""authors"":null,""bbox"":[73,51,1134,941],""confidence"":0.988269,""corners"":[[1115.0,56.0],[77.0,56.0],[73.0,932.0],[1118.0,937.0]],""detector_name"":"""",""diagnostics"":{""close_kernel_size"":0,""contour_area"":925396.0,""contour_area_fraction"":0.7294164,""contour_source"":""external_contour"",""corner_source"":""approx_poly_dp"",""external_contour_count"":1,""mask_foreground_fraction"":0.73095422,""parameters"":{""bbox_padding_fraction"":0.0,""close_iterations"":0,""close_kernel_fraction"":0.0,""merge_fragmented_contours"":false,""minimum_contour_area_fraction"":0.12,""polygon_epsilon_fraction"":0.018,""rectangularity_weight"":0.25},""polygon_vertices"":4,""rectangularity"":0.97999132},""foundation"":null,""method"":""contour"",""origin"":"""",""repository"":"""",""score"":0.988269,""status"":""ok"",""version"":""""},""edge_error_maximum_px"":33,""edge_error_mean_px"":11.0,""edge_errors"":{""bottom"":0,""left"":11,""maximum"":33,""mean"":11.0,""right"":33,""top"":0},""elapsed_ms"":1.722,""global_ordinal"":9,""iou"":0.95852969,""label"":""clean_two_page_spread"",""layout_type"":""two_page_spread"",""predicted_bbox"":[73,51,1134,941],""status"":""ok""}"
run-20260902-194727,6019a18e4c4e,6019a18e4c4ecfa4640eb1b792e2d8e4952c5f994bfcda137b20abcdf05acec3,1,6019a18e4c4e,f7f62cfe56810c797d8906238631046653bb25ab08fa32ed0e48b2b6fd8d1a15,1,82ae8377914bcb10d48ff95337120000a514277e384779cc6be6e865dd3197da,654,baseline,6,,0,1,"[""baseline""]",{},,,,10,clean_two_page_spread_2,two_page_spread,ok,0.95932363,7,1,29,7,11.0,29,2.114,"[88, 33, 1154, 968]","[81, 34, 1183, 961]","{""bbox_padding_fraction"":0.0,""close_iterations"":0,""close_kernel_fraction"":0.0,""merge_fragmented_contours"":false,""minimum_contour_area_fraction"":0.12,""polygon_epsilon_fraction"":0.018,""rectangularity_weight"":0.25}",,,"{""legacy_parameter_set_id"":""6019a18e4c4e"",""parameter_grid_ordinal"":654,""parameter_grid_sha256"":""82ae8377914bcb10d48ff95337120000a514277e384779cc6be6e865dd3197da"",""parameter_identity_schema_version"":""1"",""parameter_identity_sha256"":""f7f62cfe56810c797d8906238631046653bb25ab08fa32ed0e48b2b6fd8d1a15"",""parameter_schema_version"":""1"",""parameter_set_equivalence_family_id"":""6019a18e4c4e"",""parameter_set_equivalence_family_sha256"":""6019a18e4c4ecfa4640eb1b792e2d8e4952c5f994bfcda137b20abcdf05acec3"",""parameter_set_equivalence_family_size"":1,""parameter_set_id"":""6019a18e4c4e"",""parameters"":{""bbox_padding_fraction"":0.0,""close_iterations"":0,""close_kernel_fraction"":0.0,""merge_fragmented_contours"":false,""minimum_contour_area_fraction"":0.12,""polygon_epsilon_fraction"":0.018,""rectangularity_weight"":0.25},""profile"":""baseline"",""rank"":6,""reference_roles"":[""baseline""],""requested_search_member"":false,""run_id"":""run-20260902-194727"",""search_space_member"":true,""summary"":{""elapsed_ms_total"":10.243,""failure_count"":1,""mean_edge_error_px"":46.625,""mean_iou"":0.67220224,""mean_iou_success"":0.8402528,""minimum_iou"":0.0,""page_count"":5,""stddev_iou"":0.38456343,""success_count"":4,""wall_ms"":10.55}}","{""approved_bbox"":[88,33,1154,968],""candidate"":{""authors"":null,""bbox"":[81,34,1183,961],""confidence"":0.976086,""corners"":[[1144.0,44.0],[84.0,44.0],[81.0,945.0],[1171.0,947.0]],""detector_name"":"""",""diagnostics"":{""close_kernel_size"":0,""contour_area"":981375.0,""contour_area_fraction"":0.78177278,""contour_source"":""external_contour"",""corner_source"":""approx_poly_dp"",""external_contour_count"":3,""mask_foreground_fraction"":0.78381767,""parameters"":{""bbox_padding_fraction"":0.0,""close_iterations"":0,""close_kernel_fraction"":0.0,""merge_fragmented_contours"":false,""minimum_contour_area_fraction"":0.12,""polygon_epsilon_fraction"":0.018,""rectangularity_weight"":0.25},""polygon_vertices"":4,""rectangularity"":0.96066875},""foundation"":null,""method"":""contour"",""origin"":"""",""repository"":"""",""score"":0.976086,""status"":""ok"",""version"":""""},""edge_error_maximum_px"":29,""edge_error_mean_px"":11.0,""edge_errors"":{""bottom"":7,""left"":7,""maximum"":29,""mean"":11.0,""right"":29,""top"":1},""elapsed_ms"":2.114,""global_ordinal"":10,""iou"":0.95932363,""label"":""clean_two_page_spread_2"",""layout_type"":""two_page_spread"",""predicted_bbox"":[81,34,1183,961],""status"":""ok""}"
run-20260902-194727,7e0ae458ce6c,7e0ae458ce6cbf7f733fa83fded0e50160882f3eee2f3fc44a8bd8de93f2a908,1,7e0ae458ce6c,8cddc0b825c3029b02eedafac5ad027a4ae3f93851a0200b50f652477efd3acb,1,82ae8377914bcb10d48ff95337120000a514277e384779cc6be6e865dd3197da,0,,7,5,1,1,[],{},3,0.058979813009500504,0.3,1,ordinary_two_page_spread,two_page_spread,ok,0.9647775,15,4,9,10,9.5,15,3.62,"[125, 56, 1289, 967]","[110, 60, 1280, 957]","{""bbox_padding_fraction"":0.0,""close_iterations"":0,""close_kernel_fraction"":0.0,""merge_fragmented_contours"":false,""minimum_contour_area_fraction"":0.06,""polygon_epsilon_fraction"":0.008,""rectangularity_weight"":0.1}",,,"{""legacy_parameter_set_id"":""7e0ae458ce6c"",""parameter_grid_ordinal"":0,""parameter_grid_sha256"":""82ae8377914bcb10d48ff95337120000a514277e384779cc6be6e865dd3197da"",""parameter_identity_schema_version"":""1"",""parameter_identity_sha256"":""8cddc0b825c3029b02eedafac5ad027a4ae3f93851a0200b50f652477efd3acb"",""parameter_schema_version"":""1"",""parameter_set_equivalence_family_id"":""7e0ae458ce6c"",""parameter_set_equivalence_family_sha256"":""7e0ae458ce6cbf7f733fa83fded0e50160882f3eee2f3fc44a8bd8de93f2a908"",""parameter_set_equivalence_family_size"":1,""parameter_set_id"":""7e0ae458ce6c"",""parameters"":{""bbox_padding_fraction"":0.0,""close_iterations"":0,""close_kernel_fraction"":0.0,""merge_fragmented_contours"":false,""minimum_contour_area_fraction"":0.06,""polygon_epsilon_fraction"":0.008,""rectangularity_weight"":0.1},""profile"":null,""rank"":7,""reference_roles"":[],""requested_search_member"":true,""run_id"":""run-20260902-194727"",""search_observation"":{""completion_index"":3,""elapsed_seconds"":0.058979813009500504,""parameter_set_number"":3,""search_fraction"":0.3},""search_rank"":5,""search_space_member"":true,""summary"":{""elapsed_ms_total"":14.952,""failure_count"":1,""mean_edge_error_px"":46.625,""mean_iou"":0.67220224,""mean_iou_success"":0.8402528,""minimum_iou"":0.0,""page_count"":5,""stddev_iou"":0.38456343,""success_count"":4,""wall_ms"":15.279}}","{""approved_bbox"":[125,56,1289,967],""candidate"":{""authors"":null,""bbox"":[110,60,1280,957],""confidence"":0.9399,""corners"":[[114.557373046875,959.0025634765625],[109.407958984375,62.99766540527344],[1277.116455078125,56.28669738769531],[1282.265869140625,952.2916259765625]],""detector_name"":"""",""diagnostics"":{""close_kernel_size"":0,""contour_area"":944496.5,""contour_area_fraction"":0.69313111,""contour_source"":""external_contour"",""corner_source"":""minimum_area_rectangle"",""external_contour_count"":9,""mask_foreground_fraction"":0.68699492,""parameters"":{""bbox_padding_fraction"":0.0,""close_iterations"":0,""close_kernel_fraction"":0.0,""merge_fragmented_contours"":false,""minimum_contour_area_fraction"":0.06,""polygon_epsilon_fraction"":0.008,""rectangularity_weight"":0.1},""polygon_vertices"":15,""rectangularity"":0.8999576},""foundation"":null,""method"":""contour"",""origin"":"""",""repository"":"""",""score"":0.9399,""status"":""ok"",""version"":""""},""edge_error_maximum_px"":15,""edge_error_mean_px"":9.5,""edge_errors"":{""bottom"":10,""left"":15,""maximum"":15,""mean"":9.5,""right"":9,""top"":4},""elapsed_ms"":3.62,""global_ordinal"":1,""iou"":0.9647775,""label"":""ordinary_two_page_spread"",""layout_type"":""two_page_spread"",""predicted_bbox"":[110,60,1280,957],""status"":""ok""}"
run-20260902-194727,7e0ae458ce6c,7e0ae458ce6cbf7f733fa83fded0e50160882f3eee2f3fc44a8bd8de93f2a908,1,7e0ae458ce6c,8cddc0b825c3029b02eedafac5ad027a4ae3f93851a0200b50f652477efd3acb,1,82ae8377914bcb10d48ff95337120000a514277e384779cc6be6e865dd3197da,0,,7,5,1,1,[],{},3,0.058979813009500504,0.3,5,damaged_partial_register_spread,two_page_spread,ok,0.47838039,109,13,482,16,155.0,482,5.265,"[67, 8, 1233, 977]","[176, 21, 751, 961]","{""bbox_padding_fraction"":0.0,""close_iterations"":0,""close_kernel_fraction"":0.0,""merge_fragmented_contours"":false,""minimum_contour_area_fraction"":0.06,""polygon_epsilon_fraction"":0.008,""rectangularity_weight"":0.1}",,,"{""legacy_parameter_set_id"":""7e0ae458ce6c"",""parameter_grid_ordinal"":0,""parameter_grid_sha256"":""82ae8377914bcb10d48ff95337120000a514277e384779cc6be6e865dd3197da"",""parameter_identity_schema_version"":""1"",""parameter_identity_sha256"":""8cddc0b825c3029b02eedafac5ad027a4ae3f93851a0200b50f652477efd3acb"",""parameter_schema_version"":""1"",""parameter_set_equivalence_family_id"":""7e0ae458ce6c"",""parameter_set_equivalence_family_sha256"":""7e0ae458ce6cbf7f733fa83fded0e50160882f3eee2f3fc44a8bd8de93f2a908"",""parameter_set_equivalence_family_size"":1,""parameter_set_id"":""7e0ae458ce6c"",""parameters"":{""bbox_padding_fraction"":0.0,""close_iterations"":0,""close_kernel_fraction"":0.0,""merge_fragmented_contours"":false,""minimum_contour_area_fraction"":0.06,""polygon_epsilon_fraction"":0.008,""rectangularity_weight"":0.1},""profile"":null,""rank"":7,""reference_roles"":[],""requested_search_member"":true,""run_id"":""run-20260902-194727"",""search_observation"":{""completion_index"":3,""elapsed_seconds"":0.058979813009500504,""parameter_set_number"":3,""search_fraction"":0.3},""search_rank"":5,""search_space_member"":true,""summary"":{""elapsed_ms_total"":14.952,""failure_count"":1,""mean_edge_error_px"":46.625,""mean_iou"":0.67220224,""mean_iou_success"":0.8402528,""minimum_iou"":0.0,""page_count"":5,""stddev_iou"":0.38456343,""success_count"":4,""wall_ms"":15.279}}","{""approved_bbox"":[67,8,1233,977],""candidate"":{""authors"":null,""bbox"":[176,21,751,961],""confidence"":0.837085,""corners"":[[177.808349609375,960.7432250976562],[175.31927490234375,22.359914779663086],[748.88818359375,20.838510513305664],[751.3772583007812,959.2218627929688]],""detector_name"":"""",""diagnostics"":{""close_kernel_size"":0,""contour_area"":446090.5,""contour_area_fraction"":0.34343925,""contour_source"":""external_contour"",""corner_source"":""minimum_area_rectangle"",""external_contour_count"":16,""mask_foreground_fraction"":0.34827453,""parameters"":{""bbox_padding_fraction"":0.0,""close_iterations"":0,""close_kernel_fraction"":0.0,""merge_fragmented_contours"":false,""minimum_contour_area_fraction"":0.06,""polygon_epsilon_fraction"":0.008,""rectangularity_weight"":0.1},""polygon_vertices"":19,""rectangularity"":0.82532932},""foundation"":null,""method"":""contour"",""origin"":"""",""repository"":"""",""score"":0.837085,""status"":""ok"",""version"":""""},""edge_error_maximum_px"":482,""edge_error_mean_px"":155.0,""edge_errors"":{""bottom"":16,""left"":109,""maximum"":482,""mean"":155.0,""right"":482,""top"":13},""elapsed_ms"":5.265,""global_ordinal"":5,""iou"":0.47838039,""label"":""damaged_partial_register_spread"",""layout_type"":""two_page_spread"",""predicted_bbox"":[176,21,751,961],""status"":""ok""}"
run-20260902-194727,7e0ae458ce6c,7e0ae458ce6cbf7f733fa83fded0e50160882f3eee2f3fc44a8bd8de93f2a908,1,7e0ae458ce6c,8cddc0b825c3029b02eedafac5ad027a4ae3f93851a0200b50f652477efd3acb,1,82ae8377914bcb10d48ff95337120000a514277e384779cc6be6e865dd3197da,0,,7,5,1,1,[],{},3,0.058979813009500504,0.3,6,title_or_index_sheet,single_page,no_candidate,0.0,,,,,,,1.561,null,null,"{""bbox_padding_fraction"":0.0,""close_iterations"":0,""close_kernel_fraction"":0.0,""merge_fragmented_contours"":false,""minimum_contour_area_fraction"":0.06,""polygon_epsilon_fraction"":0.008,""rectangularity_weight"":0.1}",,,"{""legacy_parameter_set_id"":""7e0ae458ce6c"",""parameter_grid_ordinal"":0,""parameter_grid_sha256"":""82ae8377914bcb10d48ff95337120000a514277e384779cc6be6e865dd3197da"",""parameter_identity_schema_version"":""1"",""parameter_identity_sha256"":""8cddc0b825c3029b02eedafac5ad027a4ae3f93851a0200b50f652477efd3acb"",""parameter_schema_version"":""1"",""parameter_set_equivalence_family_id"":""7e0ae458ce6c"",""parameter_set_equivalence_family_sha256"":""7e0ae458ce6cbf7f733fa83fded0e50160882f3eee2f3fc44a8bd8de93f2a908"",""parameter_set_equivalence_family_size"":1,""parameter_set_id"":""7e0ae458ce6c"",""parameters"":{""bbox_padding_fraction"":0.0,""close_iterations"":0,""close_kernel_fraction"":0.0,""merge_fragmented_contours"":false,""minimum_contour_area_fraction"":0.06,""polygon_epsilon_fraction"":0.008,""rectangularity_weight"":0.1},""profile"":null,""rank"":7,""reference_roles"":[],""requested_search_member"":true,""run_id"":""run-20260902-194727"",""search_observation"":{""completion_index"":3,""elapsed_seconds"":0.058979813009500504,""parameter_set_number"":3,""search_fraction"":0.3},""search_rank"":5,""search_space_member"":true,""summary"":{""elapsed_ms_total"":14.952,""failure_count"":1,""mean_edge_error_px"":46.625,""mean_iou"":0.67220224,""mean_iou_success"":0.8402528,""minimum_iou"":0.0,""page_count"":5,""stddev_iou"":0.38456343,""success_count"":4,""wall_ms"":15.279}}","{""candidate"":{""authors"":null,""bbox"":null,""confidence"":0.0,""corners"":null,""detector_name"":"""",""diagnostics"":{""close_kernel_size"":0,""external_contour_count"":135,""mask_foreground_fraction"":0.04911903,""parameters"":{""bbox_padding_fraction"":0.0,""close_iterations"":0,""close_kernel_fraction"":0.0,""merge_fragmented_contours"":false,""minimum_contour_area_fraction"":0.06,""polygon_epsilon_fraction"":0.008,""rectangularity_weight"":0.1},""reason"":""no_plausible_contour""},""foundation"":null,""method"":""contour"",""origin"":"""",""repository"":"""",""score"":0.0,""status"":""no_candidate"",""version"":""""},""edge_error_maximum_px"":null,""edge_error_mean_px"":null,""elapsed_ms"":1.561,""global_ordinal"":6,""iou"":0.0,""label"":""title_or_index_sheet"",""layout_type"":""single_page"",""status"":""no_candidate""}"
run-20260902-194727,7e0ae458ce6c,7e0ae458ce6cbf7f733fa83fded0e50160882f3eee2f3fc44a8bd8de93f2a908,1,7e0ae458ce6c,8cddc0b825c3029b02eedafac5ad027a4ae3f93851a0200b50f652477efd3acb,1,82ae8377914bcb10d48ff95337120000a514277e384779cc6be6e865dd3197da,0,,7,5,1,1,[],{},3,0.058979813009500504,0.3,9,clean_two_page_spread,two_page_spread,ok,0.95852969,11,0,33,0,11.0,33,2.772,"[84, 51, 1101, 941]","[73, 51, 1134, 941]","{""bbox_padding_fraction"":0.0,""close_iterations"":0,""close_kernel_fraction"":0.0,""merge_fragmented_contours"":false,""minimum_contour_area_fraction"":0.06,""polygon_epsilon_fraction"":0.008,""rectangularity_weight"":0.1}",,,"{""legacy_parameter_set_id"":""7e0ae458ce6c"",""parameter_grid_ordinal"":0,""parameter_grid_sha256"":""82ae8377914bcb10d48ff95337120000a514277e384779cc6be6e865dd3197da"",""parameter_identity_schema_version"":""1"",""parameter_identity_sha256"":""8cddc0b825c3029b02eedafac5ad027a4ae3f93851a0200b50f652477efd3acb"",""parameter_schema_version"":""1"",""parameter_set_equivalence_family_id"":""7e0ae458ce6c"",""parameter_set_equivalence_family_sha256"":""7e0ae458ce6cbf7f733fa83fded0e50160882f3eee2f3fc44a8bd8de93f2a908"",""parameter_set_equivalence_family_size"":1,""parameter_set_id"":""7e0ae458ce6c"",""parameters"":{""bbox_padding_fraction"":0.0,""close_iterations"":0,""close_kernel_fraction"":0.0,""merge_fragmented_contours"":false,""minimum_contour_area_fraction"":0.06,""polygon_epsilon_fraction"":0.008,""rectangularity_weight"":0.1},""profile"":null,""rank"":7,""reference_roles"":[],""requested_search_member"":true,""run_id"":""run-20260902-194727"",""search_observation"":{""completion_index"":3,""elapsed_seconds"":0.058979813009500504,""parameter_set_number"":3,""search_fraction"":0.3},""search_rank"":5,""search_space_member"":true,""summary"":{""elapsed_ms_total"":14.952,""failure_count"":1,""mean_edge_error_px"":46.625,""mean_iou"":0.67220224,""mean_iou_success"":0.8402528,""minimum_iou"":0.0,""page_count"":5,""stddev_iou"":0.38456343,""success_count"":4,""wall_ms"":15.279}}","{""approved_bbox"":[84,51,1101,941],""candidate"":{""authors"":null,""bbox"":[73,51,1134,941],""confidence"":0.989925,""corners"":[[1115.0,56.0],[77.0,56.0],[73.0,932.0],[1118.0,937.0]],""detector_name"":"""",""diagnostics"":{""close_kernel_size"":0,""contour_area"":925396.0,""contour_area_fraction"":0.7294164,""contour_source"":""external_contour"",""corner_source"":""approx_poly_dp"",""external_contour_count"":1,""mask_foreground_fraction"":0.73095422,""parameters"":{""bbox_padding_fraction"":0.0,""close_iterations"":0,""close_kernel_fraction"":0.0,""merge_fragmented_contours"":false,""minimum_contour_area_fraction"":0.06,""polygon_epsilon_fraction"":0.008,""rectangularity_weight"":0.1},""polygon_vertices"":4,""rectangularity"":0.97999132},""foundation"":null,""method"":""contour"",""origin"":"""",""repository"":"""",""score"":0.989925,""status"":""ok"",""version"":""""},""edge_error_maximum_px"":33,""edge_error_mean_px"":11.0,""edge_errors"":{""bottom"":0,""left"":11,""maximum"":33,""mean"":11.0,""right"":33,""top"":0},""elapsed_ms"":2.772,""global_ordinal"":9,""iou"":0.95852969,""label"":""clean_two_page_spread"",""layout_type"":""two_page_spread"",""predicted_bbox"":[73,51,1134,941],""status"":""ok""}"
run-20260902-194727,7e0ae458ce6c,7e0ae458ce6cbf7f733fa83fded0e50160882f3eee2f3fc44a8bd8de93f2a908,1,7e0ae458ce6c,8cddc0b825c3029b02eedafac5ad027a4ae3f93851a0200b50f652477efd3acb,1,82ae8377914bcb10d48ff95337120000a514277e384779cc6be6e865dd3197da,0,,7,5,1,1,[],{},3,0.058979813009500504,0.3,10,clean_two_page_spread_2,two_page_spread,ok,0.95932363,7,1,29,7,11.0,29,1.734,"[88, 33, 1154, 968]","[81, 34, 1183, 961]","{""bbox_padding_fraction"":0.0,""close_iterations"":0,""close_kernel_fraction"":0.0,""merge_fragmented_contours"":false,""minimum_contour_area_fraction"":0.06,""polygon_epsilon_fraction"":0.008,""rectangularity_weight"":0.1}",,,"{""legacy_parameter_set_id"":""7e0ae458ce6c"",""parameter_grid_ordinal"":0,""parameter_grid_sha256"":""82ae8377914bcb10d48ff95337120000a514277e384779cc6be6e865dd3197da"",""parameter_identity_schema_version"":""1"",""parameter_identity_sha256"":""8cddc0b825c3029b02eedafac5ad027a4ae3f93851a0200b50f652477efd3acb"",""parameter_schema_version"":""1"",""parameter_set_equivalence_family_id"":""7e0ae458ce6c"",""parameter_set_equivalence_family_sha256"":""7e0ae458ce6cbf7f733fa83fded0e50160882f3eee2f3fc44a8bd8de93f2a908"",""parameter_set_equivalence_family_size"":1,""parameter_set_id"":""7e0ae458ce6c"",""parameters"":{""bbox_padding_fraction"":0.0,""close_iterations"":0,""close_kernel_fraction"":0.0,""merge_fragmented_contours"":false,""minimum_contour_area_fraction"":0.06,""polygon_epsilon_fraction"":0.008,""rectangularity_weight"":0.1},""profile"":null,""rank"":7,""reference_roles"":[],""requested_search_member"":true,""run_id"":""run-20260902-194727"",""search_observation"":{""completion_index"":3,""elapsed_seconds"":0.058979813009500504,""parameter_set_number"":3,""search_fraction"":0.3},""search_rank"":5,""search_space_member"":true,""summary"":{""elapsed_ms_total"":14.952,""failure_count"":1,""mean_edge_error_px"":46.625,""mean_iou"":0.67220224,""mean_iou_success"":0.8402528,""minimum_iou"":0.0,""page_count"":5,""stddev_iou"":0.38456343,""success_count"":4,""wall_ms"":15.279}}","{""approved_bbox"":[88,33,1154,968],""candidate"":{""authors"":null,""bbox"":[81,34,1183,961],""confidence"":0.979169,""corners"":[[1144.0,44.0],[84.0,44.0],[81.0,945.0],[1171.0,947.0]],""detector_name"":"""",""diagnostics"":{""close_kernel_size"":0,""contour_area"":981375.0,""contour_area_fraction"":0.78177278,""contour_source"":""external_contour"",""corner_source"":""approx_poly_dp"",""external_contour_count"":3,""mask_foreground_fraction"":0.78381767,""parameters"":{""bbox_padding_fraction"":0.0,""close_iterations"":0,""close_kernel_fraction"":0.0,""merge_fragmented_contours"":false,""minimum_contour_area_fraction"":0.06,""polygon_epsilon_fraction"":0.008,""rectangularity_weight"":0.1},""polygon_vertices"":4,""rectangularity"":0.96066875},""foundation"":null,""method"":""contour"",""origin"":"""",""repository"":"""",""score"":0.979169,""status"":""ok"",""version"":""""},""edge_error_maximum_px"":29,""edge_error_mean_px"":11.0,""edge_errors"":{""bottom"":7,""left"":7,""maximum"":29,""mean"":11.0,""right"":29,""top"":1},""elapsed_ms"":1.734,""global_ordinal"":10,""iou"":0.95932363,""label"":""clean_two_page_spread_2"",""layout_type"":""two_page_spread"",""predicted_bbox"":[81,34,1183,961],""status"":""ok""}"
run-20260902-194727,4e809c53ea49,4e809c53ea492eb83d3d257ef520f63d05346b3e8624f36e58b8389c04987252,1,4e809c53ea49,c5ea8fb94d24eb0b2ebad2a4f11150f90b559d730601f5a3b76567de41d34cc4,1,82ae8377914bcb10d48ff95337120000a514277e384779cc6be6e865dd3197da,6,,8,6,1,1,[],{},9,0.09261703165248036,0.9,1,ordinary_two_page_spread,two_page_spread,ok,0.9647775,15,4,9,10,9.5,15,18.302,"[125, 56, 1289, 967]","[110, 60, 1280, 957]","{""bbox_padding_fraction"":0.0,""close_iterations"":0,""close_kernel_fraction"":0.0,""merge_fragmented_contours"":false,""minimum_contour_area_fraction"":0.06,""polygon_epsilon_fraction"":0.008,""rectangularity_weight"":0.25}",,,"{""legacy_parameter_set_id"":""4e809c53ea49"",""parameter_grid_ordinal"":6,""parameter_grid_sha256"":""82ae8377914bcb10d48ff95337120000a514277e384779cc6be6e865dd3197da"",""parameter_identity_schema_version"":""1"",""parameter_identity_sha256"":""c5ea8fb94d24eb0b2ebad2a4f11150f90b559d730601f5a3b76567de41d34cc4"",""parameter_schema_version"":""1"",""parameter_set_equivalence_family_id"":""4e809c53ea49"",""parameter_set_equivalence_family_sha256"":""4e809c53ea492eb83d3d257ef520f63d05346b3e8624f36e58b8389c04987252"",""parameter_set_equivalence_family_size"":1,""parameter_set_id"":""4e809c53ea49"",""parameters"":{""bbox_padding_fraction"":0.0,""close_iterations"":0,""close_kernel_fraction"":0.0,""merge_fragmented_contours"":false,""minimum_contour_area_fraction"":0.06,""polygon_epsilon_fraction"":0.008,""rectangularity_weight"":0.25},""profile"":null,""rank"":8,""reference_roles"":[],""requested_search_member"":true,""run_id"":""run-20260902-194727"",""search_observation"":{""completion_index"":9,""elapsed_seconds"":0.09261703165248036,""parameter_set_number"":9,""search_fraction"":0.9},""search_rank"":6,""search_space_member"":true,""summary"":{""elapsed_ms_total"":36.847,""failure_count"":1,""mean_edge_error_px"":46.625,""mean_iou"":0.67220224,""mean_iou_success"":0.8402528,""minimum_iou"":0.0,""page_count"":5,""stddev_iou"":0.38456343,""success_count"":4,""wall_ms"":37.118}}","{""approved_bbox"":[125,56,1289,967],""candidate"":{""authors"":null,""bbox"":[110,60,1280,957],""confidence"":0.933243,""corners"":[[114.557373046875,959.0025634765625],[109.407958984375,62.99766540527344],[1277.116455078125,56.28669738769531],[1282.265869140625,952.2916259765625]],""detector_name"":"""",""diagnostics"":{""close_kernel_size"":0,""contour_area"":944496.5,""contour_area_fraction"":0.69313111,""contour_source"":""external_contour"",""corner_source"":""minimum_area_rectangle"",""external_contour_count"":9,""mask_foreground_fraction"":0.68699492,""parameters"":{""bbox_padding_fraction"":0.0,""close_iterations"":0,""close_kernel_fraction"":0.0,""merge_fragmented_contours"":false,""minimum_contour_area_fraction"":0.06,""polygon_epsilon_fraction"":0.008,""rectangularity_weight"":0.25},""polygon_vertices"":15,""rectangularity"":0.8999576},""foundation"":null,""method"":""contour"",""origin"":"""",""repository"":"""",""score"":0.933243,""status"":""ok"",""version"":""""},""edge_error_maximum_px"":15,""edge_error_mean_px"":9.5,""edge_errors"":{""bottom"":10,""left"":15,""maximum"":15,""mean"":9.5,""right"":9,""top"":4},""elapsed_ms"":18.302,""global_ordinal"":1,""iou"":0.9647775,""label"":""ordinary_two_page_spread"",""layout_type"":""two_page_spread"",""predicted_bbox"":[110,60,1280,957],""status"":""ok""}"
run-20260902-194727,4e809c53ea49,4e809c53ea492eb83d3d257ef520f63d05346b3e8624f36e58b8389c04987252,1,4e809c53ea49,c5ea8fb94d24eb0b2ebad2a4f11150f90b559d730601f5a3b76567de41d34cc4,1,82ae8377914bcb10d48ff95337120000a514277e384779cc6be6e865dd3197da,6,,8,6,1,1,[],{},9,0.09261703165248036,0.9,5,damaged_partial_register_spread,two_page_spread,ok,0.47838039,109,13,482,16,155.0,482,5.257,"[67, 8, 1233, 977]","[176, 21, 751, 961]","{""bbox_padding_fraction"":0.0,""close_iterations"":0,""close_kernel_fraction"":0.0,""merge_fragmented_contours"":false,""minimum_contour_area_fraction"":0.06,""polygon_epsilon_fraction"":0.008,""rectangularity_weight"":0.25}",,,"{""legacy_parameter_set_id"":""4e809c53ea49"",""parameter_grid_ordinal"":6,""parameter_grid_sha256"":""82ae8377914bcb10d48ff95337120000a514277e384779cc6be6e865dd3197da"",""parameter_identity_schema_version"":""1"",""parameter_identity_sha256"":""c5ea8fb94d24eb0b2ebad2a4f11150f90b559d730601f5a3b76567de41d34cc4"",""parameter_schema_version"":""1"",""parameter_set_equivalence_family_id"":""4e809c53ea49"",""parameter_set_equivalence_family_sha256"":""4e809c53ea492eb83d3d257ef520f63d05346b3e8624f36e58b8389c04987252"",""parameter_set_equivalence_family_size"":1,""parameter_set_id"":""4e809c53ea49"",""parameters"":{""bbox_padding_fraction"":0.0,""close_iterations"":0,""close_kernel_fraction"":0.0,""merge_fragmented_contours"":false,""minimum_contour_area_fraction"":0.06,""polygon_epsilon_fraction"":0.008,""rectangularity_weight"":0.25},""profile"":null,""rank"":8,""reference_roles"":[],""requested_search_member"":true,""run_id"":""run-20260902-194727"",""search_observation"":{""completion_index"":9,""elapsed_seconds"":0.09261703165248036,""parameter_set_number"":9,""search_fraction"":0.9},""search_rank"":6,""search_space_member"":true,""summary"":{""elapsed_ms_total"":36.847,""failure_count"":1,""mean_edge_error_px"":46.625,""mean_iou"":0.67220224,""mean_iou_success"":0.8402528,""minimum_iou"":0.0,""page_count"":5,""stddev_iou"":0.38456343,""success_count"":4,""wall_ms"":37.118}}","{""approved_bbox"":[67,8,1233,977],""candidate"":{""authors"":null,""bbox"":[176,21,751,961],""confidence"":0.835126,""corners"":[[177.808349609375,960.7432250976562],[175.31927490234375,22.359914779663086],[748.88818359375,20.838510513305664],[751.3772583007812,959.2218627929688]],""detector_name"":"""",""diagnostics"":{""close_kernel_size"":0,""contour_area"":446090.5,""contour_area_fraction"":0.34343925,""contour_source"":""external_contour"",""corner_source"":""minimum_area_rectangle"",""external_contour_count"":16,""mask_foreground_fraction"":0.34827453,""parameters"":{""bbox_padding_fraction"":0.0,""close_iterations"":0,""close_kernel_fraction"":0.0,""merge_fragmented_contours"":false,""minimum_contour_area_fraction"":0.06,""polygon_epsilon_fraction"":0.008,""rectangularity_weight"":0.25},""polygon_vertices"":19,""rectangularity"":0.82532932},""foundation"":null,""method"":""contour"",""origin"":"""",""repository"":"""",""score"":0.835126,""status"":""ok"",""version"":""""},""edge_error_maximum_px"":482,""edge_error_mean_px"":155.0,""edge_errors"":{""bottom"":16,""left"":109,""maximum"":482,""mean"":155.0,""right"":482,""top"":13},""elapsed_ms"":5.257,""global_ordinal"":5,""iou"":0.47838039,""label"":""damaged_partial_register_spread"",""layout_type"":""two_page_spread"",""predicted_bbox"":[176,21,751,961],""status"":""ok""}"
run-20260902-194727,4e809c53ea49,4e809c53ea492eb83d3d257ef520f63d05346b3e8624f36e58b8389c04987252,1,4e809c53ea49,c5ea8fb94d24eb0b2ebad2a4f11150f90b559d730601f5a3b76567de41d34cc4,1,82ae8377914bcb10d48ff95337120000a514277e384779cc6be6e865dd3197da,6,,8,6,1,1,[],{},9,0.09261703165248036,0.9,6,title_or_index_sheet,single_page,no_candidate,0.0,,,,,,,2.52,null,null,"{""bbox_padding_fraction"":0.0,""close_iterations"":0,""close_kernel_fraction"":0.0,""merge_fragmented_contours"":false,""minimum_contour_area_fraction"":0.06,""polygon_epsilon_fraction"":0.008,""rectangularity_weight"":0.25}",,,"{""legacy_parameter_set_id"":""4e809c53ea49"",""parameter_grid_ordinal"":6,""parameter_grid_sha256"":""82ae8377914bcb10d48ff95337120000a514277e384779cc6be6e865dd3197da"",""parameter_identity_schema_version"":""1"",""parameter_identity_sha256"":""c5ea8fb94d24eb0b2ebad2a4f11150f90b559d730601f5a3b76567de41d34cc4"",""parameter_schema_version"":""1"",""parameter_set_equivalence_family_id"":""4e809c53ea49"",""parameter_set_equivalence_family_sha256"":""4e809c53ea492eb83d3d257ef520f63d05346b3e8624f36e58b8389c04987252"",""parameter_set_equivalence_family_size"":1,""parameter_set_id"":""4e809c53ea49"",""parameters"":{""bbox_padding_fraction"":0.0,""close_iterations"":0,""close_kernel_fraction"":0.0,""merge_fragmented_contours"":false,""minimum_contour_area_fraction"":0.06,""polygon_epsilon_fraction"":0.008,""rectangularity_weight"":0.25},""profile"":null,""rank"":8,""reference_roles"":[],""requested_search_member"":true,""run_id"":""run-20260902-194727"",""search_observation"":{""completion_index"":9,""elapsed_seconds"":0.09261703165248036,""parameter_set_number"":9,""search_fraction"":0.9},""search_rank"":6,""search_space_member"":true,""summary"":{""elapsed_ms_total"":36.847,""failure_count"":1,""mean_edge_error_px"":46.625,""mean_iou"":0.67220224,""mean_iou_success"":0.8402528,""minimum_iou"":0.0,""page_count"":5,""stddev_iou"":0.38456343,""success_count"":4,""wall_ms"":37.118}}","{""candidate"":{""authors"":null,""bbox"":null,""confidence"":0.0,""corners"":null,""detector_name"":"""",""diagnostics"":{""close_kernel_size"":0,""external_contour_count"":135,""mask_foreground_fraction"":0.04911903,""parameters"":{""bbox_padding_fraction"":0.0,""close_iterations"":0,""close_kernel_fraction"":0.0,""merge_fragmented_contours"":false,""minimum_contour_area_fraction"":0.06,""polygon_epsilon_fraction"":0.008,""rectangularity_weight"":0.25},""reason"":""no_plausible_contour""},""foundation"":null,""method"":""contour"",""origin"":"""",""repository"":"""",""score"":0.0,""status"":""no_candidate"",""version"":""""},""edge_error_maximum_px"":null,""edge_error_mean_px"":null,""elapsed_ms"":2.52,""global_ordinal"":6,""iou"":0.0,""label"":""title_or_index_sheet"",""layout_type"":""single_page"",""status"":""no_candidate""}"
run-20260902-194727,4e809c53ea49,4e809c53ea492eb83d3d257ef520f63d05346b3e8624f36e58b8389c04987252,1,4e809c53ea49,c5ea8fb94d24eb0b2ebad2a4f11150f90b559d730601f5a3b76567de41d34cc4,1,82ae8377914bcb10d48ff95337120000a514277e384779cc6be6e865dd3197da,6,,8,6,1,1,[],{},9,0.09261703165248036,0.9,9,clean_two_page_spread,two_page_spread,ok,0.95852969,11,0,33,0,11.0,33,4.978,"[84, 51, 1101, 941]","[73, 51, 1134, 941]","{""bbox_padding_fraction"":0.0,""close_iterations"":0,""close_kernel_fraction"":0.0,""merge_fragmented_contours"":false,""minimum_contour_area_fraction"":0.06,""polygon_epsilon_fraction"":0.008,""rectangularity_weight"":0.25}",,,"{""legacy_parameter_set_id"":""4e809c53ea49"",""parameter_grid_ordinal"":6,""parameter_grid_sha256"":""82ae8377914bcb10d48ff95337120000a514277e384779cc6be6e865dd3197da"",""parameter_identity_schema_version"":""1"",""parameter_identity_sha256"":""c5ea8fb94d24eb0b2ebad2a4f11150f90b559d730601f5a3b76567de41d34cc4"",""parameter_schema_version"":""1"",""parameter_set_equivalence_family_id"":""4e809c53ea49"",""parameter_set_equivalence_family_sha256"":""4e809c53ea492eb83d3d257ef520f63d05346b3e8624f36e58b8389c04987252"",""parameter_set_equivalence_family_size"":1,""parameter_set_id"":""4e809c53ea49"",""parameters"":{""bbox_padding_fraction"":0.0,""close_iterations"":0,""close_kernel_fraction"":0.0,""merge_fragmented_contours"":false,""minimum_contour_area_fraction"":0.06,""polygon_epsilon_fraction"":0.008,""rectangularity_weight"":0.25},""profile"":null,""rank"":8,""reference_roles"":[],""requested_search_member"":true,""run_id"":""run-20260902-194727"",""search_observation"":{""completion_index"":9,""elapsed_seconds"":0.09261703165248036,""parameter_set_number"":9,""search_fraction"":0.9},""search_rank"":6,""search_space_member"":true,""summary"":{""elapsed_ms_total"":36.847,""failure_count"":1,""mean_edge_error_px"":46.625,""mean_iou"":0.67220224,""mean_iou_success"":0.8402528,""minimum_iou"":0.0,""page_count"":5,""stddev_iou"":0.38456343,""success_count"":4,""wall_ms"":37.118}}","{""approved_bbox"":[84,51,1101,941],""candidate"":{""authors"":null,""bbox"":[73,51,1134,941],""confidence"":0.988269,""corners"":[[1115.0,56.0],[77.0,56.0],[73.0,932.0],[1118.0,937.0]],""detector_name"":"""",""diagnostics"":{""close_kernel_size"":0,""contour_area"":925396.0,""contour_area_fraction"":0.7294164,""contour_source"":""external_contour"",""corner_source"":""approx_poly_dp"",""external_contour_count"":1,""mask_foreground_fraction"":0.73095422,""parameters"":{""bbox_padding_fraction"":0.0,""close_iterations"":0,""close_kernel_fraction"":0.0,""merge_fragmented_contours"":false,""minimum_contour_area_fraction"":0.06,""polygon_epsilon_fraction"":0.008,""rectangularity_weight"":0.25},""polygon_vertices"":4,""rectangularity"":0.97999132},""foundation"":null,""method"":""contour"",""origin"":"""",""repository"":"""",""score"":0.988269,""status"":""ok"",""version"":""""},""edge_error_maximum_px"":33,""edge_error_mean_px"":11.0,""edge_errors"":{""bottom"":0,""left"":11,""maximum"":33,""mean"":11.0,""right"":33,""top"":0},""elapsed_ms"":4.978,""global_ordinal"":9,""iou"":0.95852969,""label"":""clean_two_page_spread"",""layout_type"":""two_page_spread"",""predicted_bbox"":[73,51,1134,941],""status"":""ok""}"
run-20260902-194727,4e809c53ea49,4e809c53ea492eb83d3d257ef520f63d05346b3e8624f36e58b8389c04987252,1,4e809c53ea49,c5ea8fb94d24eb0b2ebad2a4f11150f90b559d730601f5a3b76567de41d34cc4,1,82ae8377914bcb10d48ff95337120000a514277e384779cc6be6e865dd3197da,6,,8,6,1,1,[],{},9,0.09261703165248036,0.9,10,clean_two_page_spread_2,two_page_spread,ok,0.95932363,7,1,29,7,11.0,29,5.79,"[88, 33, 1154, 968]","[81, 34, 1183, 961]","{""bbox_padding_fraction"":0.0,""close_iterations"":0,""close_kernel_fraction"":0.0,""merge_fragmented_contours"":false,""minimum_contour_area_fraction"":0.06,""polygon_epsilon_fraction"":0.008,""rectangularity_weight"":0.25}",,,"{""legacy_parameter_set_id"":""4e809c53ea49"",""parameter_grid_ordinal"":6,""parameter_grid_sha256"":""82ae8377914bcb10d48ff95337120000a514277e384779cc6be6e865dd3197da"",""parameter_identity_schema_version"":""1"",""parameter_identity_sha256"":""c5ea8fb94d24eb0b2ebad2a4f11150f90b559d730601f5a3b76567de41d34cc4"",""parameter_schema_version"":""1"",""parameter_set_equivalence_family_id"":""4e809c53ea49"",""parameter_set_equivalence_family_sha256"":""4e809c53ea492eb83d3d257ef520f63d05346b3e8624f36e58b8389c04987252"",""parameter_set_equivalence_family_size"":1,""parameter_set_id"":""4e809c53ea49"",""parameters"":{""bbox_padding_fraction"":0.0,""close_iterations"":0,""close_kernel_fraction"":0.0,""merge_fragmented_contours"":false,""minimum_contour_area_fraction"":0.06,""polygon_epsilon_fraction"":0.008,""rectangularity_weight"":0.25},""profile"":null,""rank"":8,""reference_roles"":[],""requested_search_member"":true,""run_id"":""run-20260902-194727"",""search_observation"":{""completion_index"":9,""elapsed_seconds"":0.09261703165248036,""parameter_set_number"":9,""search_fraction"":0.9},""search_rank"":6,""search_space_member"":true,""summary"":{""elapsed_ms_total"":36.847,""failure_count"":1,""mean_edge_error_px"":46.625,""mean_iou"":0.67220224,""mean_iou_success"":0.8402528,""minimum_iou"":0.0,""page_count"":5,""stddev_iou"":0.38456343,""success_count"":4,""wall_ms"":37.118}}","{""approved_bbox"":[88,33,1154,968],""candidate"":{""authors"":null,""bbox"":[81,34,1183,961],""confidence"":0.976086,""corners"":[[1144.0,44.0],[84.0,44.0],[81.0,945.0],[1171.0,947.0]],""detector_name"":"""",""diagnostics"":{""close_kernel_size"":0,""contour_area"":981375.0,""contour_area_fraction"":0.78177278,""contour_source"":""external_contour"",""corner_source"":""approx_poly_dp"",""external_contour_count"":3,""mask_foreground_fraction"":0.78381767,""parameters"":{""bbox_padding_fraction"":0.0,""close_iterations"":0,""close_kernel_fraction"":0.0,""merge_fragmented_contours"":false,""minimum_contour_area_fraction"":0.06,""polygon_epsilon_fraction"":0.008,""rectangularity_weight"":0.25},""polygon_vertices"":4,""rectangularity"":0.96066875},""foundation"":null,""method"":""contour"",""origin"":"""",""repository"":"""",""score"":0.976086,""status"":""ok"",""version"":""""},""edge_error_maximum_px"":29,""edge_error_mean_px"":11.0,""edge_errors"":{""bottom"":7,""left"":7,""maximum"":29,""mean"":11.0,""right"":29,""top"":1},""elapsed_ms"":5.79,""global_ordinal"":10,""iou"":0.95932363,""label"":""clean_two_page_spread_2"",""layout_type"":""two_page_spread"",""predicted_bbox"":[81,34,1183,961],""status"":""ok""}"
run-20260902-194727,2700893bf613,2700893bf613a8e48e59a74403cd0c5c233070f636dbd8648014915d28c50d75,1,2700893bf613,3cd8b703874aa7bcd981d0952b778ce4b97666162cd9818700d5f637996efa14,1,82ae8377914bcb10d48ff95337120000a514277e384779cc6be6e865dd3197da,2,,9,7,1,1,[],{},6,0.07748530572280288,0.6,1,ordinary_two_page_spread,two_page_spread,ok,0.97337789,20,1,4,5,7.5,20,5.582,"[125, 56, 1289, 967]","[105, 55, 1285, 962]","{""bbox_padding_fraction"":0.005,""close_iterations"":0,""close_kernel_fraction"":0.0,""merge_fragmented_contours"":false,""minimum_contour_area_fraction"":0.06,""polygon_epsilon_fraction"":0.008,""rectangularity_weight"":0.1}",,,"{""legacy_parameter_set_id"":""2700893bf613"",""parameter_grid_ordinal"":2,""parameter_grid_sha256"":""82ae8377914bcb10d48ff95337120000a514277e384779cc6be6e865dd3197da"",""parameter_identity_schema_version"":""1"",""parameter_identity_sha256"":""3cd8b703874aa7bcd981d0952b778ce4b97666162cd9818700d5f637996efa14"",""parameter_schema_version"":""1"",""parameter_set_equivalence_family_id"":""2700893bf613"",""parameter_set_equivalence_family_sha256"":""2700893bf613a8e48e59a74403cd0c5c233070f636dbd8648014915d28c50d75"",""parameter_set_equivalence_family_size"":1,""parameter_set_id"":""2700893bf613"",""parameters"":{""bbox_padding_fraction"":0.005,""close_iterations"":0,""close_kernel_fraction"":0.0,""merge_fragmented_contours"":false,""minimum_contour_area_fraction"":0.06,""polygon_epsilon_fraction"":0.008,""rectangularity_weight"":0.1},""profile"":null,""rank"":9,""reference_roles"":[],""requested_search_member"":true,""run_id"":""run-20260902-194727"",""search_observation"":{""completion_index"":6,""elapsed_seconds"":0.07748530572280288,""parameter_set_number"":6,""search_fraction"":0.6},""search_rank"":7,""search_space_member"":true,""summary"":{""elapsed_ms_total"":35.788,""failure_count"":1,""mean_edge_error_px"":46.625,""mean_iou"":0.67137522,""mean_iou_success"":0.83921903,""minimum_iou"":0.0,""page_count"":5,""stddev_iou"":0.38075998,""success_count"":4,""wall_ms"":36.068}}","{""approved_bbox"":[125,56,1289,967],""candidate"":{""authors"":null,""bbox"":[105,55,1285,962],""confidence"":0.932062,""corners"":[[114.557373046875,959.0025634765625],[109.407958984375,62.99766540527344],[1277.116455078125,56.28669738769531],[1282.265869140625,952.2916259765625]],""detector_name"":"""",""diagnostics"":{""close_kernel_size"":0,""contour_area"":944496.5,""contour_area_fraction"":0.69313111,""contour_source"":""external_contour"",""corner_source"":""minimum_area_rectangle"",""external_contour_count"":9,""mask_foreground_fraction"":0.68699492,""parameters"":{""bbox_padding_fraction"":0.005,""close_iterations"":0,""close_kernel_fraction"":0.0,""merge_fragmented_contours"":false,""minimum_contour_area_fraction"":0.06,""polygon_epsilon_fraction"":0.008,""rectangularity_weight"":0.1},""polygon_vertices"":15,""rectangularity"":0.8999576},""foundation"":null,""method"":""contour"",""origin"":"""",""repository"":"""",""score"":0.932062,""status"":""ok"",""version"":""""},""edge_error_maximum_px"":20,""edge_error_mean_px"":7.5,""edge_errors"":{""bottom"":5,""left"":20,""maximum"":20,""mean"":7.5,""right"":4,""top"":1},""elapsed_ms"":5.582,""global_ordinal"":1,""iou"":0.97337789,""label"":""ordinary_two_page_spread"",""layout_type"":""two_page_spread"",""predicted_bbox"":[105,55,1285,962],""status"":""ok""}"
run-20260902-194727,2700893bf613,2700893bf613a8e48e59a74403cd0c5c233070f636dbd8648014915d28c50d75,1,2700893bf613,3cd8b703874aa7bcd981d0952b778ce4b97666162cd9818700d5f637996efa14,1,82ae8377914bcb10d48ff95337120000a514277e384779cc6be6e865dd3197da,2,,9,7,1,1,[],{},6,0.07748530572280288,0.6,5,damaged_partial_register_spread,two_page_spread,ok,0.49187771,104,8,477,11,150.0,477,20.279,"[67, 8, 1233, 977]","[171, 16, 756, 966]","{""bbox_padding_fraction"":0.005,""close_iterations"":0,""close_kernel_fraction"":0.0,""merge_fragmented_contours"":false,""minimum_contour_area_fraction"":0.06,""polygon_epsilon_fraction"":0.008,""rectangularity_weight"":0.1}",,,"{""legacy_parameter_set_id"":""2700893bf613"",""parameter_grid_ordinal"":2,""parameter_grid_sha256"":""82ae8377914bcb10d48ff95337120000a514277e384779cc6be6e865dd3197da"",""parameter_identity_schema_version"":""1"",""parameter_identity_sha256"":""3cd8b703874aa7bcd981d0952b778ce4b97666162cd9818700d5f637996efa14"",""parameter_schema_version"":""1"",""parameter_set_equivalence_family_id"":""2700893bf613"",""parameter_set_equivalence_family_sha256"":""2700893bf613a8e48e59a74403cd0c5c233070f636dbd8648014915d28c50d75"",""parameter_set_equivalence_family_size"":1,""parameter_set_id"":""2700893bf613"",""parameters"":{""bbox_padding_fraction"":0.005,""close_iterations"":0,""close_kernel_fraction"":0.0,""merge_fragmented_contours"":false,""minimum_contour_area_fraction"":0.06,""polygon_epsilon_fraction"":0.008,""rectangularity_weight"":0.1},""profile"":null,""rank"":9,""reference_roles"":[],""requested_search_member"":true,""run_id"":""run-20260902-194727"",""search_observation"":{""completion_index"":6,""elapsed_seconds"":0.07748530572280288,""parameter_set_number"":6,""search_fraction"":0.6},""search_rank"":7,""search_space_member"":true,""summary"":{""elapsed_ms_total"":35.788,""failure_count"":1,""mean_edge_error_px"":46.625,""mean_iou"":0.67137522,""mean_iou_success"":0.83921903,""minimum_iou"":0.0,""page_count"":5,""stddev_iou"":0.38075998,""success_count"":4,""wall_ms"":36.068}}","{""approved_bbox"":[67,8,1233,977],""candidate"":{""authors"":null,""bbox"":[171,16,756,966],""confidence"":0.83262,""corners"":[[177.808349609375,960.7432250976562],[175.31927490234375,22.359914779663086],[748.88818359375,20.838510513305664],[751.3772583007812,959.2218627929688]],""detector_name"":"""",""diagnostics"":{""close_kernel_size"":0,""contour_area"":446090.5,""contour_area_fraction"":0.34343925,""contour_source"":""external_contour"",""corner_source"":""minimum_area_rectangle"",""external_contour_count"":16,""mask_foreground_fraction"":0.34827453,""parameters"":{""bbox_padding_fraction"":0.005,""close_iterations"":0,""close_kernel_fraction"":0.0,""merge_fragmented_contours"":false,""minimum_contour_area_fraction"":0.06,""polygon_epsilon_fraction"":0.008,""rectangularity_weight"":0.1},""polygon_vertices"":19,""rectangularity"":0.82532932},""foundation"":null,""method"":""contour"",""origin"":"""",""repository"":"""",""score"":0.83262,""status"":""ok"",""version"":""""},""edge_error_maximum_px"":477,""edge_error_mean_px"":150.0,""edge_errors"":{""bottom"":11,""left"":104,""maximum"":477,""mean"":150.0,""right"":477,""top"":8},""elapsed_ms"":20.279,""global_ordinal"":5,""iou"":0.49187771,""label"":""damaged_partial_register_spread"",""layout_type"":""two_page_spread"",""predicted_bbox"":[171,16,756,966],""status"":""ok""}"
run-20260902-194727,2700893bf613,2700893bf613a8e48e59a74403cd0c5c233070f636dbd8648014915d28c50d75,1,2700893bf613,3cd8b703874aa7bcd981d0952b778ce4b97666162cd9818700d5f637996efa14,1,82ae8377914bcb10d48ff95337120000a514277e384779cc6be6e865dd3197da,2,,9,7,1,1,[],{},6,0.07748530572280288,0.6,6,title_or_index_sheet,single_page,no_candidate,0.0,,,,,,,1.287,null,null,"{""bbox_padding_fraction"":0.005,""close_iterations"":0,""close_kernel_fraction"":0.0,""merge_fragmented_contours"":false,""minimum_contour_area_fraction"":0.06,""polygon_epsilon_fraction"":0.008,""rectangularity_weight"":0.1}",,,"{""legacy_parameter_set_id"":""2700893bf613"",""parameter_grid_ordinal"":2,""parameter_grid_sha256"":""82ae8377914bcb10d48ff95337120000a514277e384779cc6be6e865dd3197da"",""parameter_identity_schema_version"":""1"",""parameter_identity_sha256"":""3cd8b703874aa7bcd981d0952b778ce4b97666162cd9818700d5f637996efa14"",""parameter_schema_version"":""1"",""parameter_set_equivalence_family_id"":""2700893bf613"",""parameter_set_equivalence_family_sha256"":""2700893bf613a8e48e59a74403cd0c5c233070f636dbd8648014915d28c50d75"",""parameter_set_equivalence_family_size"":1,""parameter_set_id"":""2700893bf613"",""parameters"":{""bbox_padding_fraction"":0.005,""close_iterations"":0,""close_kernel_fraction"":0.0,""merge_fragmented_contours"":false,""minimum_contour_area_fraction"":0.06,""polygon_epsilon_fraction"":0.008,""rectangularity_weight"":0.1},""profile"":null,""rank"":9,""reference_roles"":[],""requested_search_member"":true,""run_id"":""run-20260902-194727"",""search_observation"":{""completion_index"":6,""elapsed_seconds"":0.07748530572280288,""parameter_set_number"":6,""search_fraction"":0.6},""search_rank"":7,""search_space_member"":true,""summary"":{""elapsed_ms_total"":35.788,""failure_count"":1,""mean_edge_error_px"":46.625,""mean_iou"":0.67137522,""mean_iou_success"":0.83921903,""minimum_iou"":0.0,""page_count"":5,""stddev_iou"":0.38075998,""success_count"":4,""wall_ms"":36.068}}","{""candidate"":{""authors"":null,""bbox"":null,""confidence"":0.0,""corners"":null,""detector_name"":"""",""diagnostics"":{""close_kernel_size"":0,""external_contour_count"":135,""mask_foreground_fraction"":0.04911903,""parameters"":{""bbox_padding_fraction"":0.005,""close_iterations"":0,""close_kernel_fraction"":0.0,""merge_fragmented_contours"":false,""minimum_contour_area_fraction"":0.06,""polygon_epsilon_fraction"":0.008,""rectangularity_weight"":0.1},""reason"":""no_plausible_contour""},""foundation"":null,""method"":""contour"",""origin"":"""",""repository"":"""",""score"":0.0,""status"":""no_candidate"",""version"":""""},""edge_error_maximum_px"":null,""edge_error_mean_px"":null,""elapsed_ms"":1.287,""global_ordinal"":6,""iou"":0.0,""label"":""title_or_index_sheet"",""layout_type"":""single_page"",""status"":""no_candidate""}"
run-20260902-194727,2700893bf613,2700893bf613a8e48e59a74403cd0c5c233070f636dbd8648014915d28c50d75,1,2700893bf613,3cd8b703874aa7bcd981d0952b778ce4b97666162cd9818700d5f637996efa14,1,82ae8377914bcb10d48ff95337120000a514277e384779cc6be6e865dd3197da,2,,9,7,1,1,[],{},6,0.07748530572280288,0.6,9,clean_two_page_spread,two_page_spread,ok,0.93902894,16,5,38,5,16.0,38,3.698,"[84, 51, 1101, 941]","[68, 46, 1139, 946]","{""bbox_padding_fraction"":0.005,""close_iterations"":0,""close_kernel_fraction"":0.0,""merge_fragmented_contours"":false,""minimum_contour_area_fraction"":0.06,""polygon_epsilon_fraction"":0.008,""rectangularity_weight"":0.1}",,,"{""legacy_parameter_set_id"":""2700893bf613"",""parameter_grid_ordinal"":2,""parameter_grid_sha256"":""82ae8377914bcb10d48ff95337120000a514277e384779cc6be6e865dd3197da"",""parameter_identity_schema_version"":""1"",""parameter_identity_sha256"":""3cd8b703874aa7bcd981d0952b778ce4b97666162cd9818700d5f637996efa14"",""parameter_schema_version"":""1"",""parameter_set_equivalence_family_id"":""2700893bf613"",""parameter_set_equivalence_family_sha256"":""2700893bf613a8e48e59a74403cd0c5c233070f636dbd8648014915d28c50d75"",""parameter_set_equivalence_family_size"":1,""parameter_set_id"":""2700893bf613"",""parameters"":{""bbox_padding_fraction"":0.005,""close_iterations"":0,""close_kernel_fraction"":0.0,""merge_fragmented_contours"":false,""minimum_contour_area_fraction"":0.06,""polygon_epsilon_fraction"":0.008,""rectangularity_weight"":0.1},""profile"":null,""rank"":9,""reference_roles"":[],""requested_search_member"":true,""run_id"":""run-20260902-194727"",""search_observation"":{""completion_index"":6,""elapsed_seconds"":0.07748530572280288,""parameter_set_number"":6,""search_fraction"":0.6},""search_rank"":7,""search_space_member"":true,""summary"":{""elapsed_ms_total"":35.788,""failure_count"":1,""mean_edge_error_px"":46.625,""mean_iou"":0.67137522,""mean_iou_success"":0.83921903,""minimum_iou"":0.0,""page_count"":5,""stddev_iou"":0.38075998,""success_count"":4,""wall_ms"":36.068}}","{""approved_bbox"":[84,51,1101,941],""candidate"":{""authors"":null,""bbox"":[68,46,1139,946],""confidence"":0.980934,""corners"":[[1115.0,56.0],[77.0,56.0],[73.0,932.0],[1118.0,937.0]],""detector_name"":"""",""diagnostics"":{""close_kernel_size"":0,""contour_area"":925396.0,""contour_area_fraction"":0.7294164,""contour_source"":""external_contour"",""corner_source"":""approx_poly_dp"",""external_contour_count"":1,""mask_foreground_fraction"":0.73095422,""parameters"":{""bbox_padding_fraction"":0.005,""close_iterations"":0,""close_kernel_fraction"":0.0,""merge_fragmented_contours"":false,""minimum_contour_area_fraction"":0.06,""polygon_epsilon_fraction"":0.008,""rectangularity_weight"":0.1},""polygon_vertices"":4,""rectangularity"":0.97999132},""foundation"":null,""method"":""contour"",""origin"":"""",""repository"":"""",""score"":0.980934,""status"":""ok"",""version"":""""},""edge_error_maximum_px"":38,""edge_error_mean_px"":16.0,""edge_errors"":{""bottom"":5,""left"":16,""maximum"":38,""mean"":16.0,""right"":38,""top"":5},""elapsed_ms"":3.698,""global_ordinal"":9,""iou"":0.93902894,""label"":""clean_two_page_spread"",""layout_type"":""two_page_spread"",""predicted_bbox"":[68,46,1139,946],""status"":""ok""}"
run-20260902-194727,2700893bf613,2700893bf613a8e48e59a74403cd0c5c233070f636dbd8648014915d28c50d75,1,2700893bf613,3cd8b703874aa7bcd981d0952b778ce4b97666162cd9818700d5f637996efa14,1,82ae8377914bcb10d48ff95337120000a514277e384779cc6be6e865dd3197da,2,,9,7,1,1,[],{},6,0.07748530572280288,0.6,10,clean_two_page_spread_2,two_page_spread,ok,0.95259157,12,4,34,2,13.0,34,4.942,"[88, 33, 1154, 968]","[76, 29, 1188, 966]","{""bbox_padding_fraction"":0.005,""close_iterations"":0,""close_kernel_fraction"":0.0,""merge_fragmented_contours"":false,""minimum_contour_area_fraction"":0.06,""polygon_epsilon_fraction"":0.008,""rectangularity_weight"":0.1}",,,"{""legacy_parameter_set_id"":""2700893bf613"",""parameter_grid_ordinal"":2,""parameter_grid_sha256"":""82ae8377914bcb10d48ff95337120000a514277e384779cc6be6e865dd3197da"",""parameter_identity_schema_version"":""1"",""parameter_identity_sha256"":""3cd8b703874aa7bcd981d0952b778ce4b97666162cd9818700d5f637996efa14"",""parameter_schema_version"":""1"",""parameter_set_equivalence_family_id"":""2700893bf613"",""parameter_set_equivalence_family_sha256"":""2700893bf613a8e48e59a74403cd0c5c233070f636dbd8648014915d28c50d75"",""parameter_set_equivalence_family_size"":1,""parameter_set_id"":""2700893bf613"",""parameters"":{""bbox_padding_fraction"":0.005,""close_iterations"":0,""close_kernel_fraction"":0.0,""merge_fragmented_contours"":false,""minimum_contour_area_fraction"":0.06,""polygon_epsilon_fraction"":0.008,""rectangularity_weight"":0.1},""profile"":null,""rank"":9,""reference_roles"":[],""requested_search_member"":true,""run_id"":""run-20260902-194727"",""search_observation"":{""completion_index"":6,""elapsed_seconds"":0.07748530572280288,""parameter_set_number"":6,""search_fraction"":0.6},""search_rank"":7,""search_space_member"":true,""summary"":{""elapsed_ms_total"":35.788,""failure_count"":1,""mean_edge_error_px"":46.625,""mean_iou"":0.67137522,""mean_iou_success"":0.83921903,""minimum_iou"":0.0,""page_count"":5,""stddev_iou"":0.38075998,""success_count"":4,""wall_ms"":36.068}}","{""approved_bbox"":[88,33,1154,968],""candidate"":{""authors"":null,""bbox"":[76,29,1188,966],""confidence"":0.970722,""corners"":[[1144.0,44.0],[84.0,44.0],[81.0,945.0],[1171.0,947.0]],""detector_name"":"""",""diagnostics"":{""close_kernel_size"":0,""contour_area"":981375.0,""contour_area_fraction"":0.78177278,""contour_source"":""external_contour"",""corner_source"":""approx_poly_dp"",""external_contour_count"":3,""mask_foreground_fraction"":0.78381767,""parameters"":{""bbox_padding_fraction"":0.005,""close_iterations"":0,""close_kernel_fraction"":0.0,""merge_fragmented_contours"":false,""minimum_contour_area_fraction"":0.06,""polygon_epsilon_fraction"":0.008,""rectangularity_weight"":0.1},""polygon_vertices"":4,""rectangularity"":0.96066875},""foundation"":null,""method"":""contour"",""origin"":"""",""repository"":"""",""score"":0.970722,""status"":""ok"",""version"":""""},""edge_error_maximum_px"":34,""edge_error_mean_px"":13.0,""edge_errors"":{""bottom"":2,""left"":12,""maximum"":34,""mean"":13.0,""right"":34,""top"":4},""elapsed_ms"":4.942,""global_ordinal"":10,""iou"":0.95259157,""label"":""clean_two_page_spread_2"",""layout_type"":""two_page_spread"",""predicted_bbox"":[76,29,1188,966],""status"":""ok""}"
run-20260902-194727,16f17c530f1c,16f17c530f1c87d2987eaba36630690c62068ea002865a5f4ee17689ccc97bbb,1,16f17c530f1c,fec008acdfd15f7cc91337cab4cf9833783b6c0a5489550d17531fb654e93a7b,1,82ae8377914bcb10d48ff95337120000a514277e384779cc6be6e865dd3197da,4,,10,8,1,1,[],{},5,0.07745961798354983,0.5,1,ordinary_two_page_spread,two_page_spread,ok,0.95325782,30,11,6,5,13.0,30,5.833,"[125, 56, 1289, 967]","[95, 45, 1295, 972]","{""bbox_padding_fraction"":0.015,""close_iterations"":0,""close_kernel_fraction"":0.0,""merge_fragmented_contours"":false,""minimum_contour_area_fraction"":0.06,""polygon_epsilon_fraction"":0.008,""rectangularity_weight"":0.1}",,,"{""legacy_parameter_set_id"":""16f17c530f1c"",""parameter_grid_ordinal"":4,""parameter_grid_sha256"":""82ae8377914bcb10d48ff95337120000a514277e384779cc6be6e865dd3197da"",""parameter_identity_schema_version"":""1"",""parameter_identity_sha256"":""fec008acdfd15f7cc91337cab4cf9833783b6c0a5489550d17531fb654e93a7b"",""parameter_schema_version"":""1"",""parameter_set_equivalence_family_id"":""16f17c530f1c"",""parameter_set_equivalence_family_sha256"":""16f17c530f1c87d2987eaba36630690c62068ea002865a5f4ee17689ccc97bbb"",""parameter_set_equivalence_family_size"":1,""parameter_set_id"":""16f17c530f1c"",""parameters"":{""bbox_padding_fraction"":0.015,""close_iterations"":0,""close_kernel_fraction"":0.0,""merge_fragmented_contours"":false,""minimum_contour_area_fraction"":0.06,""polygon_epsilon_fraction"":0.008,""rectangularity_weight"":0.1},""profile"":null,""rank"":10,""reference_roles"":[],""requested_search_member"":true,""run_id"":""run-20260902-194727"",""search_observation"":{""completion_index"":5,""elapsed_seconds"":0.07745961798354983,""parameter_set_number"":5,""search_fraction"":0.5},""search_rank"":8,""search_space_member"":true,""summary"":{""elapsed_ms_total"":25.302,""failure_count"":1,""mean_edge_error_px"":50.5,""mean_iou"":0.65857182,""mean_iou_success"":0.82321478,""minimum_iou"":0.0,""page_count"":5,""stddev_iou"":0.36548525,""success_count"":4,""wall_ms"":25.787}}","{""approved_bbox"":[125,56,1289,967],""candidate"":{""authors"":null,""bbox"":[95,45,1295,972],""confidence"":0.917021,""corners"":[[114.557373046875,959.0025634765625],[109.407958984375,62.99766540527344],[1277.116455078125,56.28669738769531],[1282.265869140625,952.2916259765625]],""detector_name"":"""",""diagnostics"":{""close_kernel_size"":0,""contour_area"":944496.5,""contour_area_fraction"":0.69313111,""contour_source"":""external_contour"",""corner_source"":""minimum_area_rectangle"",""external_contour_count"":9,""mask_foreground_fraction"":0.68699492,""parameters"":{""bbox_padding_fraction"":0.015,""close_iterations"":0,""close_kernel_fraction"":0.0,""merge_fragmented_contours"":false,""minimum_contour_area_fraction"":0.06,""polygon_epsilon_fraction"":0.008,""rectangularity_weight"":0.1},""polygon_vertices"":15,""rectangularity"":0.8999576},""foundation"":null,""method"":""contour"",""origin"":"""",""repository"":"""",""score"":0.917021,""status"":""ok"",""version"":""""},""edge_error_maximum_px"":30,""edge_error_mean_px"":13.0,""edge_errors"":{""bottom"":5,""left"":30,""maximum"":30,""mean"":13.0,""right"":6,""top"":11},""elapsed_ms"":5.833,""global_ordinal"":1,""iou"":0.95325782,""label"":""ordinary_two_page_spread"",""layout_type"":""two_page_spread"",""predicted_bbox"":[95,45,1295,972],""status"":""ok""}"
run-20260902-194727,16f17c530f1c,16f17c530f1c87d2987eaba36630690c62068ea002865a5f4ee17689ccc97bbb,1,16f17c530f1c,fec008acdfd15f7cc91337cab4cf9833783b6c0a5489550d17531fb654e93a7b,1,82ae8377914bcb10d48ff95337120000a514277e384779cc6be6e865dd3197da,4,,10,8,1,1,[],{},5,0.07745961798354983,0.5,5,damaged_partial_register_spread,two_page_spread,ok,0.51777795,94,2,467,1,141.0,467,11.611,"[67, 8, 1233, 977]","[161, 6, 766, 976]","{""bbox_padding_fraction"":0.015,""close_iterations"":0,""close_kernel_fraction"":0.0,""merge_fragmented_contours"":false,""minimum_contour_area_fraction"":0.06,""polygon_epsilon_fraction"":0.008,""rectangularity_weight"":0.1}",,,"{""legacy_parameter_set_id"":""16f17c530f1c"",""parameter_grid_ordinal"":4,""parameter_grid_sha256"":""82ae8377914bcb10d48ff95337120000a514277e384779cc6be6e865dd3197da"",""parameter_identity_schema_version"":""1"",""parameter_identity_sha256"":""fec008acdfd15f7cc91337cab4cf9833783b6c0a5489550d17531fb654e93a7b"",""parameter_schema_version"":""1"",""parameter_set_equivalence_family_id"":""16f17c530f1c"",""parameter_set_equivalence_family_sha256"":""16f17c530f1c87d2987eaba36630690c62068ea002865a5f4ee17689ccc97bbb"",""parameter_set_equivalence_family_size"":1,""parameter_set_id"":""16f17c530f1c"",""parameters"":{""bbox_padding_fraction"":0.015,""close_iterations"":0,""close_kernel_fraction"":0.0,""merge_fragmented_contours"":false,""minimum_contour_area_fraction"":0.06,""polygon_epsilon_fraction"":0.008,""rectangularity_weight"":0.1},""profile"":null,""rank"":10,""reference_roles"":[],""requested_search_member"":true,""run_id"":""run-20260902-194727"",""search_observation"":{""completion_index"":5,""elapsed_seconds"":0.07745961798354983,""parameter_set_number"":5,""search_fraction"":0.5},""search_rank"":8,""search_space_member"":true,""summary"":{""elapsed_ms_total"":25.302,""failure_count"":1,""mean_edge_error_px"":50.5,""mean_iou"":0.65857182,""mean_iou_success"":0.82321478,""minimum_iou"":0.0,""page_count"":5,""stddev_iou"":0.36548525,""success_count"":4,""wall_ms"":25.787}}","{""approved_bbox"":[67,8,1233,977],""candidate"":{""authors"":null,""bbox"":[161,6,766,976],""confidence"":0.825155,""corners"":[[177.808349609375,960.7432250976562],[175.31927490234375,22.359914779663086],[748.88818359375,20.838510513305664],[751.3772583007812,959.2218627929688]],""detector_name"":"""",""diagnostics"":{""close_kernel_size"":0,""contour_area"":446090.5,""contour_area_fraction"":0.34343925,""contour_source"":""external_contour"",""corner_source"":""minimum_area_rectangle"",""external_contour_count"":16,""mask_foreground_fraction"":0.34827453,""parameters"":{""bbox_padding_fraction"":0.015,""close_iterations"":0,""close_kernel_fraction"":0.0,""merge_fragmented_contours"":false,""minimum_contour_area_fraction"":0.06,""polygon_epsilon_fraction"":0.008,""rectangularity_weight"":0.1},""polygon_vertices"":19,""rectangularity"":0.82532932},""foundation"":null,""method"":""contour"",""origin"":"""",""repository"":"""",""score"":0.825155,""status"":""ok"",""version"":""""},""edge_error_maximum_px"":467,""edge_error_mean_px"":141.0,""edge_errors"":{""bottom"":1,""left"":94,""maximum"":467,""mean"":141.0,""right"":467,""top"":2},""elapsed_ms"":11.611,""global_ordinal"":5,""iou"":0.51777795,""label"":""damaged_partial_register_spread"",""layout_type"":""two_page_spread"",""predicted_bbox"":[161,6,766,976],""status"":""ok""}"
run-20260902-194727,16f17c530f1c,16f17c530f1c87d2987eaba36630690c62068ea002865a5f4ee17689ccc97bbb,1,16f17c530f1c,fec008acdfd15f7cc91337cab4cf9833783b6c0a5489550d17531fb654e93a7b,1,82ae8377914bcb10d48ff95337120000a514277e384779cc6be6e865dd3197da,4,,10,8,1,1,[],{},5,0.07745961798354983,0.5,6,title_or_index_sheet,single_page,no_candidate,0.0,,,,,,,1.455,null,null,"{""bbox_padding_fraction"":0.015,""close_iterations"":0,""close_kernel_fraction"":0.0,""merge_fragmented_contours"":false,""minimum_contour_area_fraction"":0.06,""polygon_epsilon_fraction"":0.008,""rectangularity_weight"":0.1}",,,"{""legacy_parameter_set_id"":""16f17c530f1c"",""parameter_grid_ordinal"":4,""parameter_grid_sha256"":""82ae8377914bcb10d48ff95337120000a514277e384779cc6be6e865dd3197da"",""parameter_identity_schema_version"":""1"",""parameter_identity_sha256"":""fec008acdfd15f7cc91337cab4cf9833783b6c0a5489550d17531fb654e93a7b"",""parameter_schema_version"":""1"",""parameter_set_equivalence_family_id"":""16f17c530f1c"",""parameter_set_equivalence_family_sha256"":""16f17c530f1c87d2987eaba36630690c62068ea002865a5f4ee17689ccc97bbb"",""parameter_set_equivalence_family_size"":1,""parameter_set_id"":""16f17c530f1c"",""parameters"":{""bbox_padding_fraction"":0.015,""close_iterations"":0,""close_kernel_fraction"":0.0,""merge_fragmented_contours"":false,""minimum_contour_area_fraction"":0.06,""polygon_epsilon_fraction"":0.008,""rectangularity_weight"":0.1},""profile"":null,""rank"":10,""reference_roles"":[],""requested_search_member"":true,""run_id"":""run-20260902-194727"",""search_observation"":{""completion_index"":5,""elapsed_seconds"":0.07745961798354983,""parameter_set_number"":5,""search_fraction"":0.5},""search_rank"":8,""search_space_member"":true,""summary"":{""elapsed_ms_total"":25.302,""failure_count"":1,""mean_edge_error_px"":50.5,""mean_iou"":0.65857182,""mean_iou_success"":0.82321478,""minimum_iou"":0.0,""page_count"":5,""stddev_iou"":0.36548525,""success_count"":4,""wall_ms"":25.787}}","{""candidate"":{""authors"":null,""bbox"":null,""confidence"":0.0,""corners"":null,""detector_name"":"""",""diagnostics"":{""close_kernel_size"":0,""external_contour_count"":135,""mask_foreground_fraction"":0.04911903,""parameters"":{""bbox_padding_fraction"":0.015,""close_iterations"":0,""close_kernel_fraction"":0.0,""merge_fragmented_contours"":false,""minimum_contour_area_fraction"":0.06,""polygon_epsilon_fraction"":0.008,""rectangularity_weight"":0.1},""reason"":""no_plausible_contour""},""foundation"":null,""method"":""contour"",""origin"":"""",""repository"":"""",""score"":0.0,""status"":""no_candidate"",""version"":""""},""edge_error_maximum_px"":null,""edge_error_mean_px"":null,""elapsed_ms"":1.455,""global_ordinal"":6,""iou"":0.0,""label"":""title_or_index_sheet"",""layout_type"":""single_page"",""status"":""no_candidate""}"
run-20260902-194727,16f17c530f1c,16f17c530f1c87d2987eaba36630690c62068ea002865a5f4ee17689ccc97bbb,1,16f17c530f1c,fec008acdfd15f7cc91337cab4cf9833783b6c0a5489550d17531fb654e93a7b,1,82ae8377914bcb10d48ff95337120000a514277e384779cc6be6e865dd3197da,4,,10,8,1,1,[],{},5,0.07745961798354983,0.5,9,clean_two_page_spread,two_page_spread,ok,0.9017754,26,15,48,15,26.0,48,3.007,"[84, 51, 1101, 941]","[58, 36, 1149, 956]","{""bbox_padding_fraction"":0.015,""close_iterations"":0,""close_kernel_fraction"":0.0,""merge_fragmented_contours"":false,""minimum_contour_area_fraction"":0.06,""polygon_epsilon_fraction"":0.008,""rectangularity_weight"":0.1}",,,"{""legacy_parameter_set_id"":""16f17c530f1c"",""parameter_grid_ordinal"":4,""parameter_grid_sha256"":""82ae8377914bcb10d48ff95337120000a514277e384779cc6be6e865dd3197da"",""parameter_identity_schema_version"":""1"",""parameter_identity_sha256"":""fec008acdfd15f7cc91337cab4cf9833783b6c0a5489550d17531fb654e93a7b"",""parameter_schema_version"":""1"",""parameter_set_equivalence_family_id"":""16f17c530f1c"",""parameter_set_equivalence_family_sha256"":""16f17c530f1c87d2987eaba36630690c62068ea002865a5f4ee17689ccc97bbb"",""parameter_set_equivalence_family_size"":1,""parameter_set_id"":""16f17c530f1c"",""parameters"":{""bbox_padding_fraction"":0.015,""close_iterations"":0,""close_kernel_fraction"":0.0,""merge_fragmented_contours"":false,""minimum_contour_area_fraction"":0.06,""polygon_epsilon_fraction"":0.008,""rectangularity_weight"":0.1},""profile"":null,""rank"":10,""reference_roles"":[],""requested_search_member"":true,""run_id"":""run-20260902-194727"",""search_observation"":{""completion_index"":5,""elapsed_seconds"":0.07745961798354983,""parameter_set_number"":5,""search_fraction"":0.5},""search_rank"":8,""search_space_member"":true,""summary"":{""elapsed_ms_total"":25.302,""failure_count"":1,""mean_edge_error_px"":50.5,""mean_iou"":0.65857182,""mean_iou_success"":0.82321478,""minimum_iou"":0.0,""page_count"":5,""stddev_iou"":0.36548525,""success_count"":4,""wall_ms"":25.787}}","{""approved_bbox"":[84,51,1101,941],""candidate"":{""authors"":null,""bbox"":[58,36,1149,956],""confidence"":0.963759,""corners"":[[1115.0,56.0],[77.0,56.0],[73.0,932.0],[1118.0,937.0]],""detector_name"":"""",""diagnostics"":{""close_kernel_size"":0,""contour_area"":925396.0,""contour_area_fraction"":0.7294164,""contour_source"":""external_contour"",""corner_source"":""approx_poly_dp"",""external_contour_count"":1,""mask_foreground_fraction"":0.73095422,""parameters"":{""bbox_padding_fraction"":0.015,""close_iterations"":0,""close_kernel_fraction"":0.0,""merge_fragmented_contours"":false,""minimum_contour_area_fraction"":0.06,""polygon_epsilon_fraction"":0.008,""rectangularity_weight"":0.1},""polygon_vertices"":4,""rectangularity"":0.97999132},""foundation"":null,""method"":""contour"",""origin"":"""",""repository"":"""",""score"":0.963759,""status"":""ok"",""version"":""""},""edge_error_maximum_px"":48,""edge_error_mean_px"":26.0,""edge_errors"":{""bottom"":15,""left"":26,""maximum"":48,""mean"":26.0,""right"":48,""top"":15},""elapsed_ms"":3.007,""global_ordinal"":9,""iou"":0.9017754,""label"":""clean_two_page_spread"",""layout_type"":""two_page_spread"",""predicted_bbox"":[58,36,1149,956],""status"":""ok""}"
run-20260902-194727,16f17c530f1c,16f17c530f1c87d2987eaba36630690c62068ea002865a5f4ee17689ccc97bbb,1,16f17c530f1c,fec008acdfd15f7cc91337cab4cf9833783b6c0a5489550d17531fb654e93a7b,1,82ae8377914bcb10d48ff95337120000a514277e384779cc6be6e865dd3197da,4,,10,8,1,1,[],{},5,0.07745961798354983,0.5,10,clean_two_page_spread_2,two_page_spread,ok,0.92004793,22,14,44,8,22.0,44,3.396,"[88, 33, 1154, 968]","[66, 19, 1198, 976]","{""bbox_padding_fraction"":0.015,""close_iterations"":0,""close_kernel_fraction"":0.0,""merge_fragmented_contours"":false,""minimum_contour_area_fraction"":0.06,""polygon_epsilon_fraction"":0.008,""rectangularity_weight"":0.1}",,,"{""legacy_parameter_set_id"":""16f17c530f1c"",""parameter_grid_ordinal"":4,""parameter_grid_sha256"":""82ae8377914bcb10d48ff95337120000a514277e384779cc6be6e865dd3197da"",""parameter_identity_schema_version"":""1"",""parameter_identity_sha256"":""fec008acdfd15f7cc91337cab4cf9833783b6c0a5489550d17531fb654e93a7b"",""parameter_schema_version"":""1"",""parameter_set_equivalence_family_id"":""16f17c530f1c"",""parameter_set_equivalence_family_sha256"":""16f17c530f1c87d2987eaba36630690c62068ea002865a5f4ee17689ccc97bbb"",""parameter_set_equivalence_family_size"":1,""parameter_set_id"":""16f17c530f1c"",""parameters"":{""bbox_padding_fraction"":0.015,""close_iterations"":0,""close_kernel_fraction"":0.0,""merge_fragmented_contours"":false,""minimum_contour_area_fraction"":0.06,""polygon_epsilon_fraction"":0.008,""rectangularity_weight"":0.1},""profile"":null,""rank"":10,""reference_roles"":[],""requested_search_member"":true,""run_id"":""run-20260902-194727"",""search_observation"":{""completion_index"":5,""elapsed_seconds"":0.07745961798354983,""parameter_set_number"":5,""search_fraction"":0.5},""search_rank"":8,""search_space_member"":true,""summary"":{""elapsed_ms_total"":25.302,""failure_count"":1,""mean_edge_error_px"":50.5,""mean_iou"":0.65857182,""mean_iou_success"":0.82321478,""minimum_iou"":0.0,""page_count"":5,""stddev_iou"":0.36548525,""success_count"":4,""wall_ms"":25.787}}","{""approved_bbox"":[88,33,1154,968],""candidate"":{""authors"":null,""bbox"":[66,19,1198,976],""confidence"":0.954447,""corners"":[[1144.0,44.0],[84.0,44.0],[81.0,945.0],[1171.0,947.0]],""detector_name"":"""",""diagnostics"":{""close_kernel_size"":0,""contour_area"":981375.0,""contour_area_fraction"":0.78177278,""contour_source"":""external_contour"",""corner_source"":""approx_poly_dp"",""external_contour_count"":3,""mask_foreground_fraction"":0.78381767,""parameters"":{""bbox_padding_fraction"":0.015,""close_iterations"":0,""close_kernel_fraction"":0.0,""merge_fragmented_contours"":false,""minimum_contour_area_fraction"":0.06,""polygon_epsilon_fraction"":0.008,""rectangularity_weight"":0.1},""polygon_vertices"":4,""rectangularity"":0.96066875},""foundation"":null,""method"":""contour"",""origin"":"""",""repository"":"""",""score"":0.954447,""status"":""ok"",""version"":""""},""edge_error_maximum_px"":44,""edge_error_mean_px"":22.0,""edge_errors"":{""bottom"":8,""left"":22,""maximum"":44,""mean"":22.0,""right"":44,""top"":14},""elapsed_ms"":3.396,""global_ordinal"":10,""iou"":0.92004793,""label"":""clean_two_page_spread_2"",""layout_type"":""two_page_spread"",""predicted_bbox"":[66,19,1198,976],""status"":""ok""}"
