run_id,parameter_set_equivalence_family_id,parameter_set_equivalence_family_sha256,parameter_set_equivalence_family_size,parameter_set_id,parameter_identity_sha256,parameter_schema_version,parameter_grid_sha256,parameter_grid_ordinal,profile,rank,search_rank,requested_search_member,search_space_member,reference_roles_json,historic_reference_json,completion_index,completion_elapsed_seconds,search_fraction,global_ordinal,label,layout_type,status,iou,left_error_px,top_error_px,right_error_px,bottom_error_px,edge_error_mean_px,edge_error_maximum_px,elapsed_ms,approved_bbox_json,predicted_bbox_json,parameters_json,error_type,error_message,result_json,page_json
run-20260902-204847,7546c5067527,7546c5067527584b2fd1e074479f2be694520eb0a504615c470f67b407d6ca62,1,7546c5067527,8009375e49ea788fff5764f7537d03ed94e4d5e054b5ac363c804eaf4d7c802c,1,6e2c51ae3089ad7b2e3cbc67591e7965e2c3125df856be25b3ad306412915b46,406,,1,,1,1,"[""historic_best""]","{""detector"": ""lsd"", ""golden_set_sha256"": ""135c0ff576876ef8911296e2502193ed20d159799079a4f8a58994854fcbba8e"", ""historic_build_number"": ""294"", ""historic_build_url"": ""https://github.com/dlstupka/hth/actions/runs/31424174875"", ""historic_calibration_id"": ""run-20260810-195852"", ""historic_created_at_utc"": ""2026-08-10T19:58:52.506857+00:00"", ""model_variant"": null, ""parameter_identity_sha256"": ""8009375e49ea788fff5764f7537d03ed94e4d5e054b5ac363c804eaf4d7c802c"", ""parameter_set_id"": ""7546c5067527"", ""parameters"": {""axis_angle_tolerance_degrees"": 10.0, ""bbox_padding_fraction"": 0.005, ""minimum_bbox_area_fraction"": 0.08, ""minimum_length_fraction"": 0.22, ""outer_percentile"": 5.0, ""refine_mode"": ""none"", ""scale"": 0.8}, ""provenance_source"": ""legacy-parameters""}",2,0.6652604169212282,0.2,1,ordinary_two_page_spread,two_page_spread,ok,0.91017546,110,1,2,1,28.5,110,85.782,"[125, 56, 1289, 967]","[15, 57, 1287, 968]","{""axis_angle_tolerance_degrees"":10.0,""bbox_padding_fraction"":0.005,""minimum_bbox_area_fraction"":0.08,""minimum_length_fraction"":0.22,""outer_percentile"":5.0,""refine_mode"":""none"",""scale"":0.8}",,,"{""historic_reference"":{""detector"":""lsd"",""golden_set_sha256"":""135c0ff576876ef8911296e2502193ed20d159799079a4f8a58994854fcbba8e"",""historic_build_number"":""294"",""historic_build_url"":""https://github.com/dlstupka/hth/actions/runs/31424174875"",""historic_calibration_id"":""run-20260810-195852"",""historic_created_at_utc"":""2026-08-10T19:58:52.506857+00:00"",""model_variant"":null,""parameter_identity_sha256"":""8009375e49ea788fff5764f7537d03ed94e4d5e054b5ac363c804eaf4d7c802c"",""parameter_set_id"":""7546c5067527"",""parameters"":{""axis_angle_tolerance_degrees"":10.0,""bbox_padding_fraction"":0.005,""minimum_bbox_area_fraction"":0.08,""minimum_length_fraction"":0.22,""outer_percentile"":5.0,""refine_mode"":""none"",""scale"":0.8},""provenance_source"":""legacy-parameters""},""legacy_parameter_set_id"":""7546c5067527"",""parameter_grid_ordinal"":406,""parameter_grid_sha256"":""6e2c51ae3089ad7b2e3cbc67591e7965e2c3125df856be25b3ad306412915b46"",""parameter_identity_schema_version"":""1"",""parameter_identity_sha256"":""8009375e49ea788fff5764f7537d03ed94e4d5e054b5ac363c804eaf4d7c802c"",""parameter_schema_version"":""1"",""parameter_set_equivalence_family_id"":""7546c5067527"",""parameter_set_equivalence_family_sha256"":""7546c5067527584b2fd1e074479f2be694520eb0a504615c470f67b407d6ca62"",""parameter_set_equivalence_family_size"":1,""parameter_set_id"":""7546c5067527"",""parameters"":{""axis_angle_tolerance_degrees"":10.0,""bbox_padding_fraction"":0.005,""minimum_bbox_area_fraction"":0.08,""minimum_length_fraction"":0.22,""outer_percentile"":5.0,""refine_mode"":""none"",""scale"":0.8},""profile"":null,""rank"":1,""reference_roles"":[""historic_best""],""requested_search_member"":true,""run_id"":""run-20260902-204847"",""search_observation"":{""completion_index"":2,""elapsed_seconds"":0.6652604169212282,""parameter_set_number"":2,""search_fraction"":0.2},""search_space_member"":true,""summary"":{""elapsed_ms_total"":316.933,""failure_count"":1,""mean_edge_error_px"":23.312,""mean_iou"":0.73776731,""mean_iou_success"":0.92220914,""minimum_iou"":0.0,""page_count"":5,""stddev_iou"":0.3720797,""success_count"":4,""wall_ms"":317.347}}","{""approved_bbox"":[125,56,1289,967],""candidate"":{""authors"":null,""bbox"":[15,57,1287,968],""confidence"":0.88128,""corners"":[[15.0,57.0],[1287.0,57.0],[1287.0,968.0],[15.0,968.0]],""detector_name"":"""",""diagnostics"":{""area_score"":1.0,""bbox_area_fraction"":0.850395,""horizontal_segments"":5,""line_segments"":4713,""mask_score"":0.901828,""minimum_length_px"":216.92,""parameters"":{""axis_angle_tolerance_degrees"":10.0,""bbox_padding_fraction"":0.005,""minimum_bbox_area_fraction"":0.08,""minimum_length_fraction"":0.22,""outer_percentile"":5.0,""refine_mode"":""none"",""scale"":0.8},""support_score"":0.75,""vertical_segments"":10},""foundation"":null,""method"":""lsd"",""origin"":"""",""repository"":"""",""score"":0.88128,""status"":""ok"",""version"":""""},""edge_error_maximum_px"":110,""edge_error_mean_px"":28.5,""edge_errors"":{""bottom"":1,""left"":110,""maximum"":110,""mean"":28.5,""right"":2,""top"":1},""elapsed_ms"":85.782,""global_ordinal"":1,""iou"":0.91017546,""label"":""ordinary_two_page_spread"",""layout_type"":""two_page_spread"",""predicted_bbox"":[15,57,1287,968],""status"":""ok""}"
run-20260902-204847,7546c5067527,7546c5067527584b2fd1e074479f2be694520eb0a504615c470f67b407d6ca62,1,7546c5067527,8009375e49ea788fff5764f7537d03ed94e4d5e054b5ac363c804eaf4d7c802c,1,6e2c51ae3089ad7b2e3cbc67591e7965e2c3125df856be25b3ad306412915b46,406,,1,,1,1,"[""historic_best""]","{""detector"": ""lsd"", ""golden_set_sha256"": ""135c0ff576876ef8911296e2502193ed20d159799079a4f8a58994854fcbba8e"", ""historic_build_number"": ""294"", ""historic_build_url"": ""https://github.com/dlstupka/hth/actions/runs/31424174875"", ""historic_calibration_id"": ""run-20260810-195852"", ""historic_created_at_utc"": ""2026-08-10T19:58:52.506857+00:00"", ""model_variant"": null, ""parameter_identity_sha256"": ""8009375e49ea788fff5764f7537d03ed94e4d5e054b5ac363c804eaf4d7c802c"", ""parameter_set_id"": ""7546c5067527"", ""parameters"": {""axis_angle_tolerance_degrees"": 10.0, ""bbox_padding_fraction"": 0.005, ""minimum_bbox_area_fraction"": 0.08, ""minimum_length_fraction"": 0.22, ""outer_percentile"": 5.0, ""refine_mode"": ""none"", ""scale"": 0.8}, ""provenance_source"": ""legacy-parameters""}",2,0.6652604169212282,0.2,5,damaged_partial_register_spread,two_page_spread,ok,0.98496522,2,7,6,1,4.0,7,64.151,"[67, 8, 1233, 977]","[65, 15, 1227, 976]","{""axis_angle_tolerance_degrees"":10.0,""bbox_padding_fraction"":0.005,""minimum_bbox_area_fraction"":0.08,""minimum_length_fraction"":0.22,""outer_percentile"":5.0,""refine_mode"":""none"",""scale"":0.8}",,,"{""historic_reference"":{""detector"":""lsd"",""golden_set_sha256"":""135c0ff576876ef8911296e2502193ed20d159799079a4f8a58994854fcbba8e"",""historic_build_number"":""294"",""historic_build_url"":""https://github.com/dlstupka/hth/actions/runs/31424174875"",""historic_calibration_id"":""run-20260810-195852"",""historic_created_at_utc"":""2026-08-10T19:58:52.506857+00:00"",""model_variant"":null,""parameter_identity_sha256"":""8009375e49ea788fff5764f7537d03ed94e4d5e054b5ac363c804eaf4d7c802c"",""parameter_set_id"":""7546c5067527"",""parameters"":{""axis_angle_tolerance_degrees"":10.0,""bbox_padding_fraction"":0.005,""minimum_bbox_area_fraction"":0.08,""minimum_length_fraction"":0.22,""outer_percentile"":5.0,""refine_mode"":""none"",""scale"":0.8},""provenance_source"":""legacy-parameters""},""legacy_parameter_set_id"":""7546c5067527"",""parameter_grid_ordinal"":406,""parameter_grid_sha256"":""6e2c51ae3089ad7b2e3cbc67591e7965e2c3125df856be25b3ad306412915b46"",""parameter_identity_schema_version"":""1"",""parameter_identity_sha256"":""8009375e49ea788fff5764f7537d03ed94e4d5e054b5ac363c804eaf4d7c802c"",""parameter_schema_version"":""1"",""parameter_set_equivalence_family_id"":""7546c5067527"",""parameter_set_equivalence_family_sha256"":""7546c5067527584b2fd1e074479f2be694520eb0a504615c470f67b407d6ca62"",""parameter_set_equivalence_family_size"":1,""parameter_set_id"":""7546c5067527"",""parameters"":{""axis_angle_tolerance_degrees"":10.0,""bbox_padding_fraction"":0.005,""minimum_bbox_area_fraction"":0.08,""minimum_length_fraction"":0.22,""outer_percentile"":5.0,""refine_mode"":""none"",""scale"":0.8},""profile"":null,""rank"":1,""reference_roles"":[""historic_best""],""requested_search_member"":true,""run_id"":""run-20260902-204847"",""search_observation"":{""completion_index"":2,""elapsed_seconds"":0.6652604169212282,""parameter_set_number"":2,""search_fraction"":0.2},""search_space_member"":true,""summary"":{""elapsed_ms_total"":316.933,""failure_count"":1,""mean_edge_error_px"":23.312,""mean_iou"":0.73776731,""mean_iou_success"":0.92220914,""minimum_iou"":0.0,""page_count"":5,""stddev_iou"":0.3720797,""success_count"":4,""wall_ms"":317.347}}","{""approved_bbox"":[67,8,1233,977],""candidate"":{""authors"":null,""bbox"":[65,15,1227,976],""confidence"":0.741407,""corners"":[[65.0,15.0],[1227.0,15.0],[1227.0,976.0],[65.0,976.0]],""detector_name"":"""",""diagnostics"":{""area_score"":1.0,""bbox_area_fraction"":0.859719,""horizontal_segments"":2,""line_segments"":2532,""mask_score"":0.702011,""minimum_length_px"":217.14,""parameters"":{""axis_angle_tolerance_degrees"":10.0,""bbox_padding_fraction"":0.005,""minimum_bbox_area_fraction"":0.08,""minimum_length_fraction"":0.22,""outer_percentile"":5.0,""refine_mode"":""none"",""scale"":0.8},""support_score"":0.75,""vertical_segments"":13},""foundation"":null,""method"":""lsd"",""origin"":"""",""repository"":"""",""score"":0.741407,""status"":""ok"",""version"":""""},""edge_error_maximum_px"":7,""edge_error_mean_px"":4.0,""edge_errors"":{""bottom"":1,""left"":2,""maximum"":7,""mean"":4.0,""right"":6,""top"":7},""elapsed_ms"":64.151,""global_ordinal"":5,""iou"":0.98496522,""label"":""damaged_partial_register_spread"",""layout_type"":""two_page_spread"",""predicted_bbox"":[65,15,1227,976],""status"":""ok""}"
run-20260902-204847,7546c5067527,7546c5067527584b2fd1e074479f2be694520eb0a504615c470f67b407d6ca62,1,7546c5067527,8009375e49ea788fff5764f7537d03ed94e4d5e054b5ac363c804eaf4d7c802c,1,6e2c51ae3089ad7b2e3cbc67591e7965e2c3125df856be25b3ad306412915b46,406,,1,,1,1,"[""historic_best""]","{""detector"": ""lsd"", ""golden_set_sha256"": ""135c0ff576876ef8911296e2502193ed20d159799079a4f8a58994854fcbba8e"", ""historic_build_number"": ""294"", ""historic_build_url"": ""https://github.com/dlstupka/hth/actions/runs/31424174875"", ""historic_calibration_id"": ""run-20260810-195852"", ""historic_created_at_utc"": ""2026-08-10T19:58:52.506857+00:00"", ""model_variant"": null, ""parameter_identity_sha256"": ""8009375e49ea788fff5764f7537d03ed94e4d5e054b5ac363c804eaf4d7c802c"", ""parameter_set_id"": ""7546c5067527"", ""parameters"": {""axis_angle_tolerance_degrees"": 10.0, ""bbox_padding_fraction"": 0.005, ""minimum_bbox_area_fraction"": 0.08, ""minimum_length_fraction"": 0.22, ""outer_percentile"": 5.0, ""refine_mode"": ""none"", ""scale"": 0.8}, ""provenance_source"": ""legacy-parameters""}",2,0.6652604169212282,0.2,6,title_or_index_sheet,single_page,no_candidate,0.0,,,,,,,34.44,null,null,"{""axis_angle_tolerance_degrees"":10.0,""bbox_padding_fraction"":0.005,""minimum_bbox_area_fraction"":0.08,""minimum_length_fraction"":0.22,""outer_percentile"":5.0,""refine_mode"":""none"",""scale"":0.8}",,,"{""historic_reference"":{""detector"":""lsd"",""golden_set_sha256"":""135c0ff576876ef8911296e2502193ed20d159799079a4f8a58994854fcbba8e"",""historic_build_number"":""294"",""historic_build_url"":""https://github.com/dlstupka/hth/actions/runs/31424174875"",""historic_calibration_id"":""run-20260810-195852"",""historic_created_at_utc"":""2026-08-10T19:58:52.506857+00:00"",""model_variant"":null,""parameter_identity_sha256"":""8009375e49ea788fff5764f7537d03ed94e4d5e054b5ac363c804eaf4d7c802c"",""parameter_set_id"":""7546c5067527"",""parameters"":{""axis_angle_tolerance_degrees"":10.0,""bbox_padding_fraction"":0.005,""minimum_bbox_area_fraction"":0.08,""minimum_length_fraction"":0.22,""outer_percentile"":5.0,""refine_mode"":""none"",""scale"":0.8},""provenance_source"":""legacy-parameters""},""legacy_parameter_set_id"":""7546c5067527"",""parameter_grid_ordinal"":406,""parameter_grid_sha256"":""6e2c51ae3089ad7b2e3cbc67591e7965e2c3125df856be25b3ad306412915b46"",""parameter_identity_schema_version"":""1"",""parameter_identity_sha256"":""8009375e49ea788fff5764f7537d03ed94e4d5e054b5ac363c804eaf4d7c802c"",""parameter_schema_version"":""1"",""parameter_set_equivalence_family_id"":""7546c5067527"",""parameter_set_equivalence_family_sha256"":""7546c5067527584b2fd1e074479f2be694520eb0a504615c470f67b407d6ca62"",""parameter_set_equivalence_family_size"":1,""parameter_set_id"":""7546c5067527"",""parameters"":{""axis_angle_tolerance_degrees"":10.0,""bbox_padding_fraction"":0.005,""minimum_bbox_area_fraction"":0.08,""minimum_length_fraction"":0.22,""outer_percentile"":5.0,""refine_mode"":""none"",""scale"":0.8},""profile"":null,""rank"":1,""reference_roles"":[""historic_best""],""requested_search_member"":true,""run_id"":""run-20260902-204847"",""search_observation"":{""completion_index"":2,""elapsed_seconds"":0.6652604169212282,""parameter_set_number"":2,""search_fraction"":0.2},""search_space_member"":true,""summary"":{""elapsed_ms_total"":316.933,""failure_count"":1,""mean_edge_error_px"":23.312,""mean_iou"":0.73776731,""mean_iou_success"":0.92220914,""minimum_iou"":0.0,""page_count"":5,""stddev_iou"":0.3720797,""success_count"":4,""wall_ms"":317.347}}","{""candidate"":{""authors"":null,""bbox"":null,""confidence"":0.0,""corners"":null,""detector_name"":"""",""diagnostics"":{""horizontal_segments"":1,""line_segments"":1372,""minimum_length_px"":216.26,""parameters"":{""axis_angle_tolerance_degrees"":10.0,""bbox_padding_fraction"":0.005,""minimum_bbox_area_fraction"":0.08,""minimum_length_fraction"":0.22,""outer_percentile"":5.0,""refine_mode"":""none"",""scale"":0.8},""reason"":""insufficient_axis_segments"",""vertical_segments"":2},""foundation"":null,""method"":""lsd"",""origin"":"""",""repository"":"""",""score"":0.0,""status"":""ok"",""version"":""""},""edge_error_maximum_px"":null,""edge_error_mean_px"":null,""elapsed_ms"":34.44,""global_ordinal"":6,""iou"":0.0,""label"":""title_or_index_sheet"",""layout_type"":""single_page"",""status"":""no_candidate""}"
run-20260902-204847,7546c5067527,7546c5067527584b2fd1e074479f2be694520eb0a504615c470f67b407d6ca62,1,7546c5067527,8009375e49ea788fff5764f7537d03ed94e4d5e054b5ac363c804eaf4d7c802c,1,6e2c51ae3089ad7b2e3cbc67591e7965e2c3125df856be25b3ad306412915b46,406,,1,,1,1,"[""historic_best""]","{""detector"": ""lsd"", ""golden_set_sha256"": ""135c0ff576876ef8911296e2502193ed20d159799079a4f8a58994854fcbba8e"", ""historic_build_number"": ""294"", ""historic_build_url"": ""https://github.com/dlstupka/hth/actions/runs/31424174875"", ""historic_calibration_id"": ""run-20260810-195852"", ""historic_created_at_utc"": ""2026-08-10T19:58:52.506857+00:00"", ""model_variant"": null, ""parameter_identity_sha256"": ""8009375e49ea788fff5764f7537d03ed94e4d5e054b5ac363c804eaf4d7c802c"", ""parameter_set_id"": ""7546c5067527"", ""parameters"": {""axis_angle_tolerance_degrees"": 10.0, ""bbox_padding_fraction"": 0.005, ""minimum_bbox_area_fraction"": 0.08, ""minimum_length_fraction"": 0.22, ""outer_percentile"": 5.0, ""refine_mode"": ""none"", ""scale"": 0.8}, ""provenance_source"": ""legacy-parameters""}",2,0.6652604169212282,0.2,9,clean_two_page_spread,two_page_spread,ok,0.83996548,14,3,173,2,48.0,173,63.109,"[84, 51, 1101, 941]","[70, 48, 1274, 943]","{""axis_angle_tolerance_degrees"":10.0,""bbox_padding_fraction"":0.005,""minimum_bbox_area_fraction"":0.08,""minimum_length_fraction"":0.22,""outer_percentile"":5.0,""refine_mode"":""none"",""scale"":0.8}",,,"{""historic_reference"":{""detector"":""lsd"",""golden_set_sha256"":""135c0ff576876ef8911296e2502193ed20d159799079a4f8a58994854fcbba8e"",""historic_build_number"":""294"",""historic_build_url"":""https://github.com/dlstupka/hth/actions/runs/31424174875"",""historic_calibration_id"":""run-20260810-195852"",""historic_created_at_utc"":""2026-08-10T19:58:52.506857+00:00"",""model_variant"":null,""parameter_identity_sha256"":""8009375e49ea788fff5764f7537d03ed94e4d5e054b5ac363c804eaf4d7c802c"",""parameter_set_id"":""7546c5067527"",""parameters"":{""axis_angle_tolerance_degrees"":10.0,""bbox_padding_fraction"":0.005,""minimum_bbox_area_fraction"":0.08,""minimum_length_fraction"":0.22,""outer_percentile"":5.0,""refine_mode"":""none"",""scale"":0.8},""provenance_source"":""legacy-parameters""},""legacy_parameter_set_id"":""7546c5067527"",""parameter_grid_ordinal"":406,""parameter_grid_sha256"":""6e2c51ae3089ad7b2e3cbc67591e7965e2c3125df856be25b3ad306412915b46"",""parameter_identity_schema_version"":""1"",""parameter_identity_sha256"":""8009375e49ea788fff5764f7537d03ed94e4d5e054b5ac363c804eaf4d7c802c"",""parameter_schema_version"":""1"",""parameter_set_equivalence_family_id"":""7546c5067527"",""parameter_set_equivalence_family_sha256"":""7546c5067527584b2fd1e074479f2be694520eb0a504615c470f67b407d6ca62"",""parameter_set_equivalence_family_size"":1,""parameter_set_id"":""7546c5067527"",""parameters"":{""axis_angle_tolerance_degrees"":10.0,""bbox_padding_fraction"":0.005,""minimum_bbox_area_fraction"":0.08,""minimum_length_fraction"":0.22,""outer_percentile"":5.0,""refine_mode"":""none"",""scale"":0.8},""profile"":null,""rank"":1,""reference_roles"":[""historic_best""],""requested_search_member"":true,""run_id"":""run-20260902-204847"",""search_observation"":{""completion_index"":2,""elapsed_seconds"":0.6652604169212282,""parameter_set_number"":2,""search_fraction"":0.2},""search_space_member"":true,""summary"":{""elapsed_ms_total"":316.933,""failure_count"":1,""mean_edge_error_px"":23.312,""mean_iou"":0.73776731,""mean_iou_success"":0.92220914,""minimum_iou"":0.0,""page_count"":5,""stddev_iou"":0.3720797,""success_count"":4,""wall_ms"":317.347}}","{""approved_bbox"":[84,51,1101,941],""candidate"":{""authors"":null,""bbox"":[70,48,1274,943],""confidence"":0.881204,""corners"":[[70.0,48.0],[1274.0,48.0],[1274.0,943.0],[70.0,943.0]],""detector_name"":"""",""diagnostics"":{""area_score"":1.0,""bbox_area_fraction"":0.849371,""horizontal_segments"":4,""line_segments"":3373,""mask_score"":0.930291,""minimum_length_px"":216.7,""parameters"":{""axis_angle_tolerance_degrees"":10.0,""bbox_padding_fraction"":0.005,""minimum_bbox_area_fraction"":0.08,""minimum_length_fraction"":0.22,""outer_percentile"":5.0,""refine_mode"":""none"",""scale"":0.8},""support_score"":0.65,""vertical_segments"":9},""foundation"":null,""method"":""lsd"",""origin"":"""",""repository"":"""",""score"":0.881204,""status"":""ok"",""version"":""""},""edge_error_maximum_px"":173,""edge_error_mean_px"":48.0,""edge_errors"":{""bottom"":2,""left"":14,""maximum"":173,""mean"":48.0,""right"":173,""top"":3},""elapsed_ms"":63.109,""global_ordinal"":9,""iou"":0.83996548,""label"":""clean_two_page_spread"",""layout_type"":""two_page_spread"",""predicted_bbox"":[70,48,1274,943],""status"":""ok""}"
run-20260902-204847,7546c5067527,7546c5067527584b2fd1e074479f2be694520eb0a504615c470f67b407d6ca62,1,7546c5067527,8009375e49ea788fff5764f7537d03ed94e4d5e054b5ac363c804eaf4d7c802c,1,6e2c51ae3089ad7b2e3cbc67591e7965e2c3125df856be25b3ad306412915b46,406,,1,,1,1,"[""historic_best""]","{""detector"": ""lsd"", ""golden_set_sha256"": ""135c0ff576876ef8911296e2502193ed20d159799079a4f8a58994854fcbba8e"", ""historic_build_number"": ""294"", ""historic_build_url"": ""https://github.com/dlstupka/hth/actions/runs/31424174875"", ""historic_calibration_id"": ""run-20260810-195852"", ""historic_created_at_utc"": ""2026-08-10T19:58:52.506857+00:00"", ""model_variant"": null, ""parameter_identity_sha256"": ""8009375e49ea788fff5764f7537d03ed94e4d5e054b5ac363c804eaf4d7c802c"", ""parameter_set_id"": ""7546c5067527"", ""parameters"": {""axis_angle_tolerance_degrees"": 10.0, ""bbox_padding_fraction"": 0.005, ""minimum_bbox_area_fraction"": 0.08, ""minimum_length_fraction"": 0.22, ""outer_percentile"": 5.0, ""refine_mode"": ""none"", ""scale"": 0.8}, ""provenance_source"": ""legacy-parameters""}",2,0.6652604169212282,0.2,10,clean_two_page_spread_2,two_page_spread,ok,0.95373041,15,3,32,1,12.75,32,69.451,"[88, 33, 1154, 968]","[73, 30, 1186, 967]","{""axis_angle_tolerance_degrees"":10.0,""bbox_padding_fraction"":0.005,""minimum_bbox_area_fraction"":0.08,""minimum_length_fraction"":0.22,""outer_percentile"":5.0,""refine_mode"":""none"",""scale"":0.8}",,,"{""historic_reference"":{""detector"":""lsd"",""golden_set_sha256"":""135c0ff576876ef8911296e2502193ed20d159799079a4f8a58994854fcbba8e"",""historic_build_number"":""294"",""historic_build_url"":""https://github.com/dlstupka/hth/actions/runs/31424174875"",""historic_calibration_id"":""run-20260810-195852"",""historic_created_at_utc"":""2026-08-10T19:58:52.506857+00:00"",""model_variant"":null,""parameter_identity_sha256"":""8009375e49ea788fff5764f7537d03ed94e4d5e054b5ac363c804eaf4d7c802c"",""parameter_set_id"":""7546c5067527"",""parameters"":{""axis_angle_tolerance_degrees"":10.0,""bbox_padding_fraction"":0.005,""minimum_bbox_area_fraction"":0.08,""minimum_length_fraction"":0.22,""outer_percentile"":5.0,""refine_mode"":""none"",""scale"":0.8},""provenance_source"":""legacy-parameters""},""legacy_parameter_set_id"":""7546c5067527"",""parameter_grid_ordinal"":406,""parameter_grid_sha256"":""6e2c51ae3089ad7b2e3cbc67591e7965e2c3125df856be25b3ad306412915b46"",""parameter_identity_schema_version"":""1"",""parameter_identity_sha256"":""8009375e49ea788fff5764f7537d03ed94e4d5e054b5ac363c804eaf4d7c802c"",""parameter_schema_version"":""1"",""parameter_set_equivalence_family_id"":""7546c5067527"",""parameter_set_equivalence_family_sha256"":""7546c5067527584b2fd1e074479f2be694520eb0a504615c470f67b407d6ca62"",""parameter_set_equivalence_family_size"":1,""parameter_set_id"":""7546c5067527"",""parameters"":{""axis_angle_tolerance_degrees"":10.0,""bbox_padding_fraction"":0.005,""minimum_bbox_area_fraction"":0.08,""minimum_length_fraction"":0.22,""outer_percentile"":5.0,""refine_mode"":""none"",""scale"":0.8},""profile"":null,""rank"":1,""reference_roles"":[""historic_best""],""requested_search_member"":true,""run_id"":""run-20260902-204847"",""search_observation"":{""completion_index"":2,""elapsed_seconds"":0.6652604169212282,""parameter_set_number"":2,""search_fraction"":0.2},""search_space_member"":true,""summary"":{""elapsed_ms_total"":316.933,""failure_count"":1,""mean_edge_error_px"":23.312,""mean_iou"":0.73776731,""mean_iou_success"":0.92220914,""minimum_iou"":0.0,""page_count"":5,""stddev_iou"":0.3720797,""success_count"":4,""wall_ms"":317.347}}","{""approved_bbox"":[88,33,1154,968],""candidate"":{""authors"":null,""bbox"":[73,30,1186,967],""confidence"":0.86999,""corners"":[[73.0,30.0],[1186.0,30.0],[1186.0,967.0],[73.0,967.0]],""detector_name"":"""",""diagnostics"":{""area_score"":1.0,""bbox_area_fraction"":0.830769,""horizontal_segments"":3,""line_segments"":3451,""mask_score"":0.971414,""minimum_length_px"":217.8,""parameters"":{""axis_angle_tolerance_degrees"":10.0,""bbox_padding_fraction"":0.005,""minimum_bbox_area_fraction"":0.08,""minimum_length_fraction"":0.22,""outer_percentile"":5.0,""refine_mode"":""none"",""scale"":0.8},""support_score"":0.45,""vertical_segments"":6},""foundation"":null,""method"":""lsd"",""origin"":"""",""repository"":"""",""score"":0.86999,""status"":""ok"",""version"":""""},""edge_error_maximum_px"":32,""edge_error_mean_px"":12.75,""edge_errors"":{""bottom"":1,""left"":15,""maximum"":32,""mean"":12.75,""right"":32,""top"":3},""elapsed_ms"":69.451,""global_ordinal"":10,""iou"":0.95373041,""label"":""clean_two_page_spread_2"",""layout_type"":""two_page_spread"",""predicted_bbox"":[73,30,1186,967],""status"":""ok""}"
run-20260902-204847,7b8b1aaee481,7b8b1aaee4814b65cabdd064aaab30c2162c902009773e7db48f294bddcdd498,1,7b8b1aaee481,ee34b83ffe6db039db9ee6c1f01b7fcc9f4c7fd12bf74f1db4895cb2a66ac51e,1,6e2c51ae3089ad7b2e3cbc67591e7965e2c3125df856be25b3ad306412915b46,1,,2,1,1,1,[],{},10,0.9501281040720642,1.0,1,ordinary_two_page_spread,two_page_spread,ok,0.90954557,111,1,2,1,28.75,111,115.064,"[125, 56, 1289, 967]","[14, 57, 1287, 966]","{""axis_angle_tolerance_degrees"":10.0,""bbox_padding_fraction"":0.005,""minimum_bbox_area_fraction"":0.08,""minimum_length_fraction"":0.08,""outer_percentile"":5.0,""refine_mode"":""none"",""scale"":0.6}",,,"{""legacy_parameter_set_id"":""7b8b1aaee481"",""parameter_grid_ordinal"":1,""parameter_grid_sha256"":""6e2c51ae3089ad7b2e3cbc67591e7965e2c3125df856be25b3ad306412915b46"",""parameter_identity_schema_version"":""1"",""parameter_identity_sha256"":""ee34b83ffe6db039db9ee6c1f01b7fcc9f4c7fd12bf74f1db4895cb2a66ac51e"",""parameter_schema_version"":""1"",""parameter_set_equivalence_family_id"":""7b8b1aaee481"",""parameter_set_equivalence_family_sha256"":""7b8b1aaee4814b65cabdd064aaab30c2162c902009773e7db48f294bddcdd498"",""parameter_set_equivalence_family_size"":1,""parameter_set_id"":""7b8b1aaee481"",""parameters"":{""axis_angle_tolerance_degrees"":10.0,""bbox_padding_fraction"":0.005,""minimum_bbox_area_fraction"":0.08,""minimum_length_fraction"":0.08,""outer_percentile"":5.0,""refine_mode"":""none"",""scale"":0.6},""profile"":null,""rank"":2,""reference_roles"":[],""requested_search_member"":true,""run_id"":""run-20260902-204847"",""search_observation"":{""completion_index"":10,""elapsed_seconds"":0.9501281040720642,""parameter_set_number"":10,""search_fraction"":1.0},""search_rank"":1,""search_space_member"":true,""summary"":{""elapsed_ms_total"":283.668,""failure_count"":1,""mean_edge_error_px"":23.688,""mean_iou"":0.7368137,""mean_iou_success"":0.92101713,""minimum_iou"":0.0,""page_count"":5,""stddev_iou"":0.3713811,""success_count"":4,""wall_ms"":283.952}}","{""approved_bbox"":[125,56,1289,967],""candidate"":{""authors"":null,""bbox"":[14,57,1287,966],""confidence"":0.931687,""corners"":[[14.0,57.0],[1287.0,57.0],[1287.0,966.0],[14.0,966.0]],""detector_name"":"""",""diagnostics"":{""area_score"":1.0,""bbox_area_fraction"":0.849195,""horizontal_segments"":7,""line_segments"":2574,""mask_score"":0.902409,""minimum_length_px"":78.88,""parameters"":{""axis_angle_tolerance_degrees"":10.0,""bbox_padding_fraction"":0.005,""minimum_bbox_area_fraction"":0.08,""minimum_length_fraction"":0.08,""outer_percentile"":5.0,""refine_mode"":""none"",""scale"":0.6},""support_score"":1.0,""vertical_segments"":39},""foundation"":null,""method"":""lsd"",""origin"":"""",""repository"":"""",""score"":0.931687,""status"":""ok"",""version"":""""},""edge_error_maximum_px"":111,""edge_error_mean_px"":28.75,""edge_errors"":{""bottom"":1,""left"":111,""maximum"":111,""mean"":28.75,""right"":2,""top"":1},""elapsed_ms"":115.064,""global_ordinal"":1,""iou"":0.90954557,""label"":""ordinary_two_page_spread"",""layout_type"":""two_page_spread"",""predicted_bbox"":[14,57,1287,966],""status"":""ok""}"
run-20260902-204847,7b8b1aaee481,7b8b1aaee4814b65cabdd064aaab30c2162c902009773e7db48f294bddcdd498,1,7b8b1aaee481,ee34b83ffe6db039db9ee6c1f01b7fcc9f4c7fd12bf74f1db4895cb2a66ac51e,1,6e2c51ae3089ad7b2e3cbc67591e7965e2c3125df856be25b3ad306412915b46,1,,2,1,1,1,[],{},10,0.9501281040720642,1.0,5,damaged_partial_register_spread,two_page_spread,ok,0.97817236,2,6,14,2,6.0,14,45.701,"[67, 8, 1233, 977]","[65, 14, 1219, 975]","{""axis_angle_tolerance_degrees"":10.0,""bbox_padding_fraction"":0.005,""minimum_bbox_area_fraction"":0.08,""minimum_length_fraction"":0.08,""outer_percentile"":5.0,""refine_mode"":""none"",""scale"":0.6}",,,"{""legacy_parameter_set_id"":""7b8b1aaee481"",""parameter_grid_ordinal"":1,""parameter_grid_sha256"":""6e2c51ae3089ad7b2e3cbc67591e7965e2c3125df856be25b3ad306412915b46"",""parameter_identity_schema_version"":""1"",""parameter_identity_sha256"":""ee34b83ffe6db039db9ee6c1f01b7fcc9f4c7fd12bf74f1db4895cb2a66ac51e"",""parameter_schema_version"":""1"",""parameter_set_equivalence_family_id"":""7b8b1aaee481"",""parameter_set_equivalence_family_sha256"":""7b8b1aaee4814b65cabdd064aaab30c2162c902009773e7db48f294bddcdd498"",""parameter_set_equivalence_family_size"":1,""parameter_set_id"":""7b8b1aaee481"",""parameters"":{""axis_angle_tolerance_degrees"":10.0,""bbox_padding_fraction"":0.005,""minimum_bbox_area_fraction"":0.08,""minimum_length_fraction"":0.08,""outer_percentile"":5.0,""refine_mode"":""none"",""scale"":0.6},""profile"":null,""rank"":2,""reference_roles"":[],""requested_search_member"":true,""run_id"":""run-20260902-204847"",""search_observation"":{""completion_index"":10,""elapsed_seconds"":0.9501281040720642,""parameter_set_number"":10,""search_fraction"":1.0},""search_rank"":1,""search_space_member"":true,""summary"":{""elapsed_ms_total"":283.668,""failure_count"":1,""mean_edge_error_px"":23.688,""mean_iou"":0.7368137,""mean_iou_success"":0.92101713,""minimum_iou"":0.0,""page_count"":5,""stddev_iou"":0.3713811,""success_count"":4,""wall_ms"":283.952}}","{""approved_bbox"":[67,8,1233,977],""candidate"":{""authors"":null,""bbox"":[65,14,1219,975],""confidence"":0.7924,""corners"":[[65.0,14.0],[1219.0,14.0],[1219.0,975.0],[65.0,975.0]],""detector_name"":"""",""diagnostics"":{""area_score"":1.0,""bbox_area_fraction"":0.8538,""horizontal_segments"":5,""line_segments"":1568,""mask_score"":0.703429,""minimum_length_px"":78.96,""parameters"":{""axis_angle_tolerance_degrees"":10.0,""bbox_padding_fraction"":0.005,""minimum_bbox_area_fraction"":0.08,""minimum_length_fraction"":0.08,""outer_percentile"":5.0,""refine_mode"":""none"",""scale"":0.6},""support_score"":1.0,""vertical_segments"":32},""foundation"":null,""method"":""lsd"",""origin"":"""",""repository"":"""",""score"":0.7924,""status"":""ok"",""version"":""""},""edge_error_maximum_px"":14,""edge_error_mean_px"":6.0,""edge_errors"":{""bottom"":2,""left"":2,""maximum"":14,""mean"":6.0,""right"":14,""top"":6},""elapsed_ms"":45.701,""global_ordinal"":5,""iou"":0.97817236,""label"":""damaged_partial_register_spread"",""layout_type"":""two_page_spread"",""predicted_bbox"":[65,14,1219,975],""status"":""ok""}"
run-20260902-204847,7b8b1aaee481,7b8b1aaee4814b65cabdd064aaab30c2162c902009773e7db48f294bddcdd498,1,7b8b1aaee481,ee34b83ffe6db039db9ee6c1f01b7fcc9f4c7fd12bf74f1db4895cb2a66ac51e,1,6e2c51ae3089ad7b2e3cbc67591e7965e2c3125df856be25b3ad306412915b46,1,,2,1,1,1,[],{},10,0.9501281040720642,1.0,6,title_or_index_sheet,single_page,no_candidate,0.0,,,,,,,26.668,null,null,"{""axis_angle_tolerance_degrees"":10.0,""bbox_padding_fraction"":0.005,""minimum_bbox_area_fraction"":0.08,""minimum_length_fraction"":0.08,""outer_percentile"":5.0,""refine_mode"":""none"",""scale"":0.6}",,,"{""legacy_parameter_set_id"":""7b8b1aaee481"",""parameter_grid_ordinal"":1,""parameter_grid_sha256"":""6e2c51ae3089ad7b2e3cbc67591e7965e2c3125df856be25b3ad306412915b46"",""parameter_identity_schema_version"":""1"",""parameter_identity_sha256"":""ee34b83ffe6db039db9ee6c1f01b7fcc9f4c7fd12bf74f1db4895cb2a66ac51e"",""parameter_schema_version"":""1"",""parameter_set_equivalence_family_id"":""7b8b1aaee481"",""parameter_set_equivalence_family_sha256"":""7b8b1aaee4814b65cabdd064aaab30c2162c902009773e7db48f294bddcdd498"",""parameter_set_equivalence_family_size"":1,""parameter_set_id"":""7b8b1aaee481"",""parameters"":{""axis_angle_tolerance_degrees"":10.0,""bbox_padding_fraction"":0.005,""minimum_bbox_area_fraction"":0.08,""minimum_length_fraction"":0.08,""outer_percentile"":5.0,""refine_mode"":""none"",""scale"":0.6},""profile"":null,""rank"":2,""reference_roles"":[],""requested_search_member"":true,""run_id"":""run-20260902-204847"",""search_observation"":{""completion_index"":10,""elapsed_seconds"":0.9501281040720642,""parameter_set_number"":10,""search_fraction"":1.0},""search_rank"":1,""search_space_member"":true,""summary"":{""elapsed_ms_total"":283.668,""failure_count"":1,""mean_edge_error_px"":23.688,""mean_iou"":0.7368137,""mean_iou_success"":0.92101713,""minimum_iou"":0.0,""page_count"":5,""stddev_iou"":0.3713811,""success_count"":4,""wall_ms"":283.952}}","{""candidate"":{""authors"":null,""bbox"":null,""confidence"":0.0,""corners"":null,""detector_name"":"""",""diagnostics"":{""bbox_area_fraction"":0.012945,""horizontal_segments"":2,""parameters"":{""axis_angle_tolerance_degrees"":10.0,""bbox_padding_fraction"":0.005,""minimum_bbox_area_fraction"":0.08,""minimum_length_fraction"":0.08,""outer_percentile"":5.0,""refine_mode"":""none"",""scale"":0.6},""reason"":""lsd_envelope_too_small"",""vertical_segments"":6},""foundation"":null,""method"":""lsd"",""origin"":"""",""repository"":"""",""score"":0.0,""status"":""ok"",""version"":""""},""edge_error_maximum_px"":null,""edge_error_mean_px"":null,""elapsed_ms"":26.668,""global_ordinal"":6,""iou"":0.0,""label"":""title_or_index_sheet"",""layout_type"":""single_page"",""status"":""no_candidate""}"
run-20260902-204847,7b8b1aaee481,7b8b1aaee4814b65cabdd064aaab30c2162c902009773e7db48f294bddcdd498,1,7b8b1aaee481,ee34b83ffe6db039db9ee6c1f01b7fcc9f4c7fd12bf74f1db4895cb2a66ac51e,1,6e2c51ae3089ad7b2e3cbc67591e7965e2c3125df856be25b3ad306412915b46,1,,2,1,1,1,[],{},10,0.9501281040720642,1.0,9,clean_two_page_spread,two_page_spread,ok,0.84090504,14,3,173,1,47.75,173,45.439,"[84, 51, 1101, 941]","[70, 48, 1274, 942]","{""axis_angle_tolerance_degrees"":10.0,""bbox_padding_fraction"":0.005,""minimum_bbox_area_fraction"":0.08,""minimum_length_fraction"":0.08,""outer_percentile"":5.0,""refine_mode"":""none"",""scale"":0.6}",,,"{""legacy_parameter_set_id"":""7b8b1aaee481"",""parameter_grid_ordinal"":1,""parameter_grid_sha256"":""6e2c51ae3089ad7b2e3cbc67591e7965e2c3125df856be25b3ad306412915b46"",""parameter_identity_schema_version"":""1"",""parameter_identity_sha256"":""ee34b83ffe6db039db9ee6c1f01b7fcc9f4c7fd12bf74f1db4895cb2a66ac51e"",""parameter_schema_version"":""1"",""parameter_set_equivalence_family_id"":""7b8b1aaee481"",""parameter_set_equivalence_family_sha256"":""7b8b1aaee4814b65cabdd064aaab30c2162c902009773e7db48f294bddcdd498"",""parameter_set_equivalence_family_size"":1,""parameter_set_id"":""7b8b1aaee481"",""parameters"":{""axis_angle_tolerance_degrees"":10.0,""bbox_padding_fraction"":0.005,""minimum_bbox_area_fraction"":0.08,""minimum_length_fraction"":0.08,""outer_percentile"":5.0,""refine_mode"":""none"",""scale"":0.6},""profile"":null,""rank"":2,""reference_roles"":[],""requested_search_member"":true,""run_id"":""run-20260902-204847"",""search_observation"":{""completion_index"":10,""elapsed_seconds"":0.9501281040720642,""parameter_set_number"":10,""search_fraction"":1.0},""search_rank"":1,""search_space_member"":true,""summary"":{""elapsed_ms_total"":283.668,""failure_count"":1,""mean_edge_error_px"":23.688,""mean_iou"":0.7368137,""mean_iou_success"":0.92101713,""minimum_iou"":0.0,""page_count"":5,""stddev_iou"":0.3713811,""success_count"":4,""wall_ms"":283.952}}","{""approved_bbox"":[84,51,1101,941],""candidate"":{""authors"":null,""bbox"":[70,48,1274,942],""confidence"":0.951541,""corners"":[[70.0,48.0],[1274.0,48.0],[1274.0,942.0],[70.0,942.0]],""detector_name"":"""",""diagnostics"":{""area_score"":1.0,""bbox_area_fraction"":0.848422,""horizontal_segments"":4,""line_segments"":2012,""mask_score"":0.930773,""minimum_length_px"":78.8,""parameters"":{""axis_angle_tolerance_degrees"":10.0,""bbox_padding_fraction"":0.005,""minimum_bbox_area_fraction"":0.08,""minimum_length_fraction"":0.08,""outer_percentile"":5.0,""refine_mode"":""none"",""scale"":0.6},""support_score"":1.0,""vertical_segments"":31},""foundation"":null,""method"":""lsd"",""origin"":"""",""repository"":"""",""score"":0.951541,""status"":""ok"",""version"":""""},""edge_error_maximum_px"":173,""edge_error_mean_px"":47.75,""edge_errors"":{""bottom"":1,""left"":14,""maximum"":173,""mean"":47.75,""right"":173,""top"":3},""elapsed_ms"":45.439,""global_ordinal"":9,""iou"":0.84090504,""label"":""clean_two_page_spread"",""layout_type"":""two_page_spread"",""predicted_bbox"":[70,48,1274,942],""status"":""ok""}"
run-20260902-204847,7b8b1aaee481,7b8b1aaee4814b65cabdd064aaab30c2162c902009773e7db48f294bddcdd498,1,7b8b1aaee481,ee34b83ffe6db039db9ee6c1f01b7fcc9f4c7fd12bf74f1db4895cb2a66ac51e,1,6e2c51ae3089ad7b2e3cbc67591e7965e2c3125df856be25b3ad306412915b46,1,,2,1,1,1,[],{},10,0.9501281040720642,1.0,10,clean_two_page_spread_2,two_page_spread,ok,0.95544554,15,3,30,1,12.25,30,50.796,"[88, 33, 1154, 968]","[73, 30, 1184, 967]","{""axis_angle_tolerance_degrees"":10.0,""bbox_padding_fraction"":0.005,""minimum_bbox_area_fraction"":0.08,""minimum_length_fraction"":0.08,""outer_percentile"":5.0,""refine_mode"":""none"",""scale"":0.6}",,,"{""legacy_parameter_set_id"":""7b8b1aaee481"",""parameter_grid_ordinal"":1,""parameter_grid_sha256"":""6e2c51ae3089ad7b2e3cbc67591e7965e2c3125df856be25b3ad306412915b46"",""parameter_identity_schema_version"":""1"",""parameter_identity_sha256"":""ee34b83ffe6db039db9ee6c1f01b7fcc9f4c7fd12bf74f1db4895cb2a66ac51e"",""parameter_schema_version"":""1"",""parameter_set_equivalence_family_id"":""7b8b1aaee481"",""parameter_set_equivalence_family_sha256"":""7b8b1aaee4814b65cabdd064aaab30c2162c902009773e7db48f294bddcdd498"",""parameter_set_equivalence_family_size"":1,""parameter_set_id"":""7b8b1aaee481"",""parameters"":{""axis_angle_tolerance_degrees"":10.0,""bbox_padding_fraction"":0.005,""minimum_bbox_area_fraction"":0.08,""minimum_length_fraction"":0.08,""outer_percentile"":5.0,""refine_mode"":""none"",""scale"":0.6},""profile"":null,""rank"":2,""reference_roles"":[],""requested_search_member"":true,""run_id"":""run-20260902-204847"",""search_observation"":{""completion_index"":10,""elapsed_seconds"":0.9501281040720642,""parameter_set_number"":10,""search_fraction"":1.0},""search_rank"":1,""search_space_member"":true,""summary"":{""elapsed_ms_total"":283.668,""failure_count"":1,""mean_edge_error_px"":23.688,""mean_iou"":0.7368137,""mean_iou_success"":0.92101713,""minimum_iou"":0.0,""page_count"":5,""stddev_iou"":0.3713811,""success_count"":4,""wall_ms"":283.952}}","{""approved_bbox"":[88,33,1154,968],""candidate"":{""authors"":null,""bbox"":[73,30,1184,967],""confidence"":0.980585,""corners"":[[73.0,30.0],[1184.0,30.0],[1184.0,967.0],[73.0,967.0]],""detector_name"":"""",""diagnostics"":{""area_score"":1.0,""bbox_area_fraction"":0.829276,""horizontal_segments"":3,""line_segments"":2025,""mask_score"":0.972265,""minimum_length_px"":79.2,""parameters"":{""axis_angle_tolerance_degrees"":10.0,""bbox_padding_fraction"":0.005,""minimum_bbox_area_fraction"":0.08,""minimum_length_fraction"":0.08,""outer_percentile"":5.0,""refine_mode"":""none"",""scale"":0.6},""support_score"":1.0,""vertical_segments"":22},""foundation"":null,""method"":""lsd"",""origin"":"""",""repository"":"""",""score"":0.980585,""status"":""ok"",""version"":""""},""edge_error_maximum_px"":30,""edge_error_mean_px"":12.25,""edge_errors"":{""bottom"":1,""left"":15,""maximum"":30,""mean"":12.25,""right"":30,""top"":3},""elapsed_ms"":50.796,""global_ordinal"":10,""iou"":0.95544554,""label"":""clean_two_page_spread_2"",""layout_type"":""two_page_spread"",""predicted_bbox"":[73,30,1184,967],""status"":""ok""}"
run-20260902-204847,19a4857c76d8,19a4857c76d88fa283bc44e317ff11a67b9b935aadadc2260dcddbbaba8ee856,1,19a4857c76d8,1e7f034cad4fa341056d78c90a1ea6415ad564155b44b0a68e51ad375f0d1597,1,6e2c51ae3089ad7b2e3cbc67591e7965e2c3125df856be25b3ad306412915b46,4,,3,2,1,1,[],{},8,0.9498317092657089,0.8,1,ordinary_two_page_spread,two_page_spread,ok,0.90954557,111,1,2,1,28.75,111,102.475,"[125, 56, 1289, 967]","[14, 57, 1287, 966]","{""axis_angle_tolerance_degrees"":10.0,""bbox_padding_fraction"":0.005,""minimum_bbox_area_fraction"":0.1,""minimum_length_fraction"":0.08,""outer_percentile"":5.0,""refine_mode"":""none"",""scale"":0.6}",,,"{""legacy_parameter_set_id"":""19a4857c76d8"",""parameter_grid_ordinal"":4,""parameter_grid_sha256"":""6e2c51ae3089ad7b2e3cbc67591e7965e2c3125df856be25b3ad306412915b46"",""parameter_identity_schema_version"":""1"",""parameter_identity_sha256"":""1e7f034cad4fa341056d78c90a1ea6415ad564155b44b0a68e51ad375f0d1597"",""parameter_schema_version"":""1"",""parameter_set_equivalence_family_id"":""19a4857c76d8"",""parameter_set_equivalence_family_sha256"":""19a4857c76d88fa283bc44e317ff11a67b9b935aadadc2260dcddbbaba8ee856"",""parameter_set_equivalence_family_size"":1,""parameter_set_id"":""19a4857c76d8"",""parameters"":{""axis_angle_tolerance_degrees"":10.0,""bbox_padding_fraction"":0.005,""minimum_bbox_area_fraction"":0.1,""minimum_length_fraction"":0.08,""outer_percentile"":5.0,""refine_mode"":""none"",""scale"":0.6},""profile"":null,""rank"":3,""reference_roles"":[],""requested_search_member"":true,""run_id"":""run-20260902-204847"",""search_observation"":{""completion_index"":8,""elapsed_seconds"":0.9498317092657089,""parameter_set_number"":8,""search_fraction"":0.8},""search_rank"":2,""search_space_member"":true,""summary"":{""elapsed_ms_total"":268.516,""failure_count"":1,""mean_edge_error_px"":23.688,""mean_iou"":0.7368137,""mean_iou_success"":0.92101713,""minimum_iou"":0.0,""page_count"":5,""stddev_iou"":0.3713811,""success_count"":4,""wall_ms"":268.789}}","{""approved_bbox"":[125,56,1289,967],""candidate"":{""authors"":null,""bbox"":[14,57,1287,966],""confidence"":0.931687,""corners"":[[14.0,57.0],[1287.0,57.0],[1287.0,966.0],[14.0,966.0]],""detector_name"":"""",""diagnostics"":{""area_score"":1.0,""bbox_area_fraction"":0.849195,""horizontal_segments"":7,""line_segments"":2574,""mask_score"":0.902409,""minimum_length_px"":78.88,""parameters"":{""axis_angle_tolerance_degrees"":10.0,""bbox_padding_fraction"":0.005,""minimum_bbox_area_fraction"":0.1,""minimum_length_fraction"":0.08,""outer_percentile"":5.0,""refine_mode"":""none"",""scale"":0.6},""support_score"":1.0,""vertical_segments"":39},""foundation"":null,""method"":""lsd"",""origin"":"""",""repository"":"""",""score"":0.931687,""status"":""ok"",""version"":""""},""edge_error_maximum_px"":111,""edge_error_mean_px"":28.75,""edge_errors"":{""bottom"":1,""left"":111,""maximum"":111,""mean"":28.75,""right"":2,""top"":1},""elapsed_ms"":102.475,""global_ordinal"":1,""iou"":0.90954557,""label"":""ordinary_two_page_spread"",""layout_type"":""two_page_spread"",""predicted_bbox"":[14,57,1287,966],""status"":""ok""}"
run-20260902-204847,19a4857c76d8,19a4857c76d88fa283bc44e317ff11a67b9b935aadadc2260dcddbbaba8ee856,1,19a4857c76d8,1e7f034cad4fa341056d78c90a1ea6415ad564155b44b0a68e51ad375f0d1597,1,6e2c51ae3089ad7b2e3cbc67591e7965e2c3125df856be25b3ad306412915b46,4,,3,2,1,1,[],{},8,0.9498317092657089,0.8,5,damaged_partial_register_spread,two_page_spread,ok,0.97817236,2,6,14,2,6.0,14,44.731,"[67, 8, 1233, 977]","[65, 14, 1219, 975]","{""axis_angle_tolerance_degrees"":10.0,""bbox_padding_fraction"":0.005,""minimum_bbox_area_fraction"":0.1,""minimum_length_fraction"":0.08,""outer_percentile"":5.0,""refine_mode"":""none"",""scale"":0.6}",,,"{""legacy_parameter_set_id"":""19a4857c76d8"",""parameter_grid_ordinal"":4,""parameter_grid_sha256"":""6e2c51ae3089ad7b2e3cbc67591e7965e2c3125df856be25b3ad306412915b46"",""parameter_identity_schema_version"":""1"",""parameter_identity_sha256"":""1e7f034cad4fa341056d78c90a1ea6415ad564155b44b0a68e51ad375f0d1597"",""parameter_schema_version"":""1"",""parameter_set_equivalence_family_id"":""19a4857c76d8"",""parameter_set_equivalence_family_sha256"":""19a4857c76d88fa283bc44e317ff11a67b9b935aadadc2260dcddbbaba8ee856"",""parameter_set_equivalence_family_size"":1,""parameter_set_id"":""19a4857c76d8"",""parameters"":{""axis_angle_tolerance_degrees"":10.0,""bbox_padding_fraction"":0.005,""minimum_bbox_area_fraction"":0.1,""minimum_length_fraction"":0.08,""outer_percentile"":5.0,""refine_mode"":""none"",""scale"":0.6},""profile"":null,""rank"":3,""reference_roles"":[],""requested_search_member"":true,""run_id"":""run-20260902-204847"",""search_observation"":{""completion_index"":8,""elapsed_seconds"":0.9498317092657089,""parameter_set_number"":8,""search_fraction"":0.8},""search_rank"":2,""search_space_member"":true,""summary"":{""elapsed_ms_total"":268.516,""failure_count"":1,""mean_edge_error_px"":23.688,""mean_iou"":0.7368137,""mean_iou_success"":0.92101713,""minimum_iou"":0.0,""page_count"":5,""stddev_iou"":0.3713811,""success_count"":4,""wall_ms"":268.789}}","{""approved_bbox"":[67,8,1233,977],""candidate"":{""authors"":null,""bbox"":[65,14,1219,975],""confidence"":0.7924,""corners"":[[65.0,14.0],[1219.0,14.0],[1219.0,975.0],[65.0,975.0]],""detector_name"":"""",""diagnostics"":{""area_score"":1.0,""bbox_area_fraction"":0.8538,""horizontal_segments"":5,""line_segments"":1568,""mask_score"":0.703429,""minimum_length_px"":78.96,""parameters"":{""axis_angle_tolerance_degrees"":10.0,""bbox_padding_fraction"":0.005,""minimum_bbox_area_fraction"":0.1,""minimum_length_fraction"":0.08,""outer_percentile"":5.0,""refine_mode"":""none"",""scale"":0.6},""support_score"":1.0,""vertical_segments"":32},""foundation"":null,""method"":""lsd"",""origin"":"""",""repository"":"""",""score"":0.7924,""status"":""ok"",""version"":""""},""edge_error_maximum_px"":14,""edge_error_mean_px"":6.0,""edge_errors"":{""bottom"":2,""left"":2,""maximum"":14,""mean"":6.0,""right"":14,""top"":6},""elapsed_ms"":44.731,""global_ordinal"":5,""iou"":0.97817236,""label"":""damaged_partial_register_spread"",""layout_type"":""two_page_spread"",""predicted_bbox"":[65,14,1219,975],""status"":""ok""}"
run-20260902-204847,19a4857c76d8,19a4857c76d88fa283bc44e317ff11a67b9b935aadadc2260dcddbbaba8ee856,1,19a4857c76d8,1e7f034cad4fa341056d78c90a1ea6415ad564155b44b0a68e51ad375f0d1597,1,6e2c51ae3089ad7b2e3cbc67591e7965e2c3125df856be25b3ad306412915b46,4,,3,2,1,1,[],{},8,0.9498317092657089,0.8,6,title_or_index_sheet,single_page,no_candidate,0.0,,,,,,,24.54,null,null,"{""axis_angle_tolerance_degrees"":10.0,""bbox_padding_fraction"":0.005,""minimum_bbox_area_fraction"":0.1,""minimum_length_fraction"":0.08,""outer_percentile"":5.0,""refine_mode"":""none"",""scale"":0.6}",,,"{""legacy_parameter_set_id"":""19a4857c76d8"",""parameter_grid_ordinal"":4,""parameter_grid_sha256"":""6e2c51ae3089ad7b2e3cbc67591e7965e2c3125df856be25b3ad306412915b46"",""parameter_identity_schema_version"":""1"",""parameter_identity_sha256"":""1e7f034cad4fa341056d78c90a1ea6415ad564155b44b0a68e51ad375f0d1597"",""parameter_schema_version"":""1"",""parameter_set_equivalence_family_id"":""19a4857c76d8"",""parameter_set_equivalence_family_sha256"":""19a4857c76d88fa283bc44e317ff11a67b9b935aadadc2260dcddbbaba8ee856"",""parameter_set_equivalence_family_size"":1,""parameter_set_id"":""19a4857c76d8"",""parameters"":{""axis_angle_tolerance_degrees"":10.0,""bbox_padding_fraction"":0.005,""minimum_bbox_area_fraction"":0.1,""minimum_length_fraction"":0.08,""outer_percentile"":5.0,""refine_mode"":""none"",""scale"":0.6},""profile"":null,""rank"":3,""reference_roles"":[],""requested_search_member"":true,""run_id"":""run-20260902-204847"",""search_observation"":{""completion_index"":8,""elapsed_seconds"":0.9498317092657089,""parameter_set_number"":8,""search_fraction"":0.8},""search_rank"":2,""search_space_member"":true,""summary"":{""elapsed_ms_total"":268.516,""failure_count"":1,""mean_edge_error_px"":23.688,""mean_iou"":0.7368137,""mean_iou_success"":0.92101713,""minimum_iou"":0.0,""page_count"":5,""stddev_iou"":0.3713811,""success_count"":4,""wall_ms"":268.789}}","{""candidate"":{""authors"":null,""bbox"":null,""confidence"":0.0,""corners"":null,""detector_name"":"""",""diagnostics"":{""bbox_area_fraction"":0.012945,""horizontal_segments"":2,""parameters"":{""axis_angle_tolerance_degrees"":10.0,""bbox_padding_fraction"":0.005,""minimum_bbox_area_fraction"":0.1,""minimum_length_fraction"":0.08,""outer_percentile"":5.0,""refine_mode"":""none"",""scale"":0.6},""reason"":""lsd_envelope_too_small"",""vertical_segments"":6},""foundation"":null,""method"":""lsd"",""origin"":"""",""repository"":"""",""score"":0.0,""status"":""ok"",""version"":""""},""edge_error_maximum_px"":null,""edge_error_mean_px"":null,""elapsed_ms"":24.54,""global_ordinal"":6,""iou"":0.0,""label"":""title_or_index_sheet"",""layout_type"":""single_page"",""status"":""no_candidate""}"
run-20260902-204847,19a4857c76d8,19a4857c76d88fa283bc44e317ff11a67b9b935aadadc2260dcddbbaba8ee856,1,19a4857c76d8,1e7f034cad4fa341056d78c90a1ea6415ad564155b44b0a68e51ad375f0d1597,1,6e2c51ae3089ad7b2e3cbc67591e7965e2c3125df856be25b3ad306412915b46,4,,3,2,1,1,[],{},8,0.9498317092657089,0.8,9,clean_two_page_spread,two_page_spread,ok,0.84090504,14,3,173,1,47.75,173,46.879,"[84, 51, 1101, 941]","[70, 48, 1274, 942]","{""axis_angle_tolerance_degrees"":10.0,""bbox_padding_fraction"":0.005,""minimum_bbox_area_fraction"":0.1,""minimum_length_fraction"":0.08,""outer_percentile"":5.0,""refine_mode"":""none"",""scale"":0.6}",,,"{""legacy_parameter_set_id"":""19a4857c76d8"",""parameter_grid_ordinal"":4,""parameter_grid_sha256"":""6e2c51ae3089ad7b2e3cbc67591e7965e2c3125df856be25b3ad306412915b46"",""parameter_identity_schema_version"":""1"",""parameter_identity_sha256"":""1e7f034cad4fa341056d78c90a1ea6415ad564155b44b0a68e51ad375f0d1597"",""parameter_schema_version"":""1"",""parameter_set_equivalence_family_id"":""19a4857c76d8"",""parameter_set_equivalence_family_sha256"":""19a4857c76d88fa283bc44e317ff11a67b9b935aadadc2260dcddbbaba8ee856"",""parameter_set_equivalence_family_size"":1,""parameter_set_id"":""19a4857c76d8"",""parameters"":{""axis_angle_tolerance_degrees"":10.0,""bbox_padding_fraction"":0.005,""minimum_bbox_area_fraction"":0.1,""minimum_length_fraction"":0.08,""outer_percentile"":5.0,""refine_mode"":""none"",""scale"":0.6},""profile"":null,""rank"":3,""reference_roles"":[],""requested_search_member"":true,""run_id"":""run-20260902-204847"",""search_observation"":{""completion_index"":8,""elapsed_seconds"":0.9498317092657089,""parameter_set_number"":8,""search_fraction"":0.8},""search_rank"":2,""search_space_member"":true,""summary"":{""elapsed_ms_total"":268.516,""failure_count"":1,""mean_edge_error_px"":23.688,""mean_iou"":0.7368137,""mean_iou_success"":0.92101713,""minimum_iou"":0.0,""page_count"":5,""stddev_iou"":0.3713811,""success_count"":4,""wall_ms"":268.789}}","{""approved_bbox"":[84,51,1101,941],""candidate"":{""authors"":null,""bbox"":[70,48,1274,942],""confidence"":0.951541,""corners"":[[70.0,48.0],[1274.0,48.0],[1274.0,942.0],[70.0,942.0]],""detector_name"":"""",""diagnostics"":{""area_score"":1.0,""bbox_area_fraction"":0.848422,""horizontal_segments"":4,""line_segments"":2012,""mask_score"":0.930773,""minimum_length_px"":78.8,""parameters"":{""axis_angle_tolerance_degrees"":10.0,""bbox_padding_fraction"":0.005,""minimum_bbox_area_fraction"":0.1,""minimum_length_fraction"":0.08,""outer_percentile"":5.0,""refine_mode"":""none"",""scale"":0.6},""support_score"":1.0,""vertical_segments"":31},""foundation"":null,""method"":""lsd"",""origin"":"""",""repository"":"""",""score"":0.951541,""status"":""ok"",""version"":""""},""edge_error_maximum_px"":173,""edge_error_mean_px"":47.75,""edge_errors"":{""bottom"":1,""left"":14,""maximum"":173,""mean"":47.75,""right"":173,""top"":3},""elapsed_ms"":46.879,""global_ordinal"":9,""iou"":0.84090504,""label"":""clean_two_page_spread"",""layout_type"":""two_page_spread"",""predicted_bbox"":[70,48,1274,942],""status"":""ok""}"
run-20260902-204847,19a4857c76d8,19a4857c76d88fa283bc44e317ff11a67b9b935aadadc2260dcddbbaba8ee856,1,19a4857c76d8,1e7f034cad4fa341056d78c90a1ea6415ad564155b44b0a68e51ad375f0d1597,1,6e2c51ae3089ad7b2e3cbc67591e7965e2c3125df856be25b3ad306412915b46,4,,3,2,1,1,[],{},8,0.9498317092657089,0.8,10,clean_two_page_spread_2,two_page_spread,ok,0.95544554,15,3,30,1,12.25,30,49.891,"[88, 33, 1154, 968]","[73, 30, 1184, 967]","{""axis_angle_tolerance_degrees"":10.0,""bbox_padding_fraction"":0.005,""minimum_bbox_area_fraction"":0.1,""minimum_length_fraction"":0.08,""outer_percentile"":5.0,""refine_mode"":""none"",""scale"":0.6}",,,"{""legacy_parameter_set_id"":""19a4857c76d8"",""parameter_grid_ordinal"":4,""parameter_grid_sha256"":""6e2c51ae3089ad7b2e3cbc67591e7965e2c3125df856be25b3ad306412915b46"",""parameter_identity_schema_version"":""1"",""parameter_identity_sha256"":""1e7f034cad4fa341056d78c90a1ea6415ad564155b44b0a68e51ad375f0d1597"",""parameter_schema_version"":""1"",""parameter_set_equivalence_family_id"":""19a4857c76d8"",""parameter_set_equivalence_family_sha256"":""19a4857c76d88fa283bc44e317ff11a67b9b935aadadc2260dcddbbaba8ee856"",""parameter_set_equivalence_family_size"":1,""parameter_set_id"":""19a4857c76d8"",""parameters"":{""axis_angle_tolerance_degrees"":10.0,""bbox_padding_fraction"":0.005,""minimum_bbox_area_fraction"":0.1,""minimum_length_fraction"":0.08,""outer_percentile"":5.0,""refine_mode"":""none"",""scale"":0.6},""profile"":null,""rank"":3,""reference_roles"":[],""requested_search_member"":true,""run_id"":""run-20260902-204847"",""search_observation"":{""completion_index"":8,""elapsed_seconds"":0.9498317092657089,""parameter_set_number"":8,""search_fraction"":0.8},""search_rank"":2,""search_space_member"":true,""summary"":{""elapsed_ms_total"":268.516,""failure_count"":1,""mean_edge_error_px"":23.688,""mean_iou"":0.7368137,""mean_iou_success"":0.92101713,""minimum_iou"":0.0,""page_count"":5,""stddev_iou"":0.3713811,""success_count"":4,""wall_ms"":268.789}}","{""approved_bbox"":[88,33,1154,968],""candidate"":{""authors"":null,""bbox"":[73,30,1184,967],""confidence"":0.980585,""corners"":[[73.0,30.0],[1184.0,30.0],[1184.0,967.0],[73.0,967.0]],""detector_name"":"""",""diagnostics"":{""area_score"":1.0,""bbox_area_fraction"":0.829276,""horizontal_segments"":3,""line_segments"":2025,""mask_score"":0.972265,""minimum_length_px"":79.2,""parameters"":{""axis_angle_tolerance_degrees"":10.0,""bbox_padding_fraction"":0.005,""minimum_bbox_area_fraction"":0.1,""minimum_length_fraction"":0.08,""outer_percentile"":5.0,""refine_mode"":""none"",""scale"":0.6},""support_score"":1.0,""vertical_segments"":22},""foundation"":null,""method"":""lsd"",""origin"":"""",""repository"":"""",""score"":0.980585,""status"":""ok"",""version"":""""},""edge_error_maximum_px"":30,""edge_error_mean_px"":12.25,""edge_errors"":{""bottom"":1,""left"":15,""maximum"":30,""mean"":12.25,""right"":30,""top"":3},""elapsed_ms"":49.891,""global_ordinal"":10,""iou"":0.95544554,""label"":""clean_two_page_spread_2"",""layout_type"":""two_page_spread"",""predicted_bbox"":[73,30,1184,967],""status"":""ok""}"
run-20260902-204847,1b2cebd68deb,1b2cebd68deb94eedbb7d09c87994432a0dc7cb4382d4bd7631b3f16666e830a,1,1b2cebd68deb,08dc6fad81d674ebbdf06206145227bd83a695aef03ea427b9eac7661822153b,1,6e2c51ae3089ad7b2e3cbc67591e7965e2c3125df856be25b3ad306412915b46,7,,4,3,1,1,[],{},4,0.9493592083454132,0.4,1,ordinary_two_page_spread,two_page_spread,ok,0.90954557,111,1,2,1,28.75,111,70.912,"[125, 56, 1289, 967]","[14, 57, 1287, 966]","{""axis_angle_tolerance_degrees"":10.0,""bbox_padding_fraction"":0.005,""minimum_bbox_area_fraction"":0.15,""minimum_length_fraction"":0.08,""outer_percentile"":5.0,""refine_mode"":""none"",""scale"":0.6}",,,"{""legacy_parameter_set_id"":""1b2cebd68deb"",""parameter_grid_ordinal"":7,""parameter_grid_sha256"":""6e2c51ae3089ad7b2e3cbc67591e7965e2c3125df856be25b3ad306412915b46"",""parameter_identity_schema_version"":""1"",""parameter_identity_sha256"":""08dc6fad81d674ebbdf06206145227bd83a695aef03ea427b9eac7661822153b"",""parameter_schema_version"":""1"",""parameter_set_equivalence_family_id"":""1b2cebd68deb"",""parameter_set_equivalence_family_sha256"":""1b2cebd68deb94eedbb7d09c87994432a0dc7cb4382d4bd7631b3f16666e830a"",""parameter_set_equivalence_family_size"":1,""parameter_set_id"":""1b2cebd68deb"",""parameters"":{""axis_angle_tolerance_degrees"":10.0,""bbox_padding_fraction"":0.005,""minimum_bbox_area_fraction"":0.15,""minimum_length_fraction"":0.08,""outer_percentile"":5.0,""refine_mode"":""none"",""scale"":0.6},""profile"":null,""rank"":4,""reference_roles"":[],""requested_search_member"":true,""run_id"":""run-20260902-204847"",""search_observation"":{""completion_index"":4,""elapsed_seconds"":0.9493592083454132,""parameter_set_number"":4,""search_fraction"":0.4},""search_rank"":3,""search_space_member"":true,""summary"":{""elapsed_ms_total"":236.134,""failure_count"":1,""mean_edge_error_px"":23.688,""mean_iou"":0.7368137,""mean_iou_success"":0.92101713,""minimum_iou"":0.0,""page_count"":5,""stddev_iou"":0.3713811,""success_count"":4,""wall_ms"":236.503}}","{""approved_bbox"":[125,56,1289,967],""candidate"":{""authors"":null,""bbox"":[14,57,1287,966],""confidence"":0.931687,""corners"":[[14.0,57.0],[1287.0,57.0],[1287.0,966.0],[14.0,966.0]],""detector_name"":"""",""diagnostics"":{""area_score"":1.0,""bbox_area_fraction"":0.849195,""horizontal_segments"":7,""line_segments"":2574,""mask_score"":0.902409,""minimum_length_px"":78.88,""parameters"":{""axis_angle_tolerance_degrees"":10.0,""bbox_padding_fraction"":0.005,""minimum_bbox_area_fraction"":0.15,""minimum_length_fraction"":0.08,""outer_percentile"":5.0,""refine_mode"":""none"",""scale"":0.6},""support_score"":1.0,""vertical_segments"":39},""foundation"":null,""method"":""lsd"",""origin"":"""",""repository"":"""",""score"":0.931687,""status"":""ok"",""version"":""""},""edge_error_maximum_px"":111,""edge_error_mean_px"":28.75,""edge_errors"":{""bottom"":1,""left"":111,""maximum"":111,""mean"":28.75,""right"":2,""top"":1},""elapsed_ms"":70.912,""global_ordinal"":1,""iou"":0.90954557,""label"":""ordinary_two_page_spread"",""layout_type"":""two_page_spread"",""predicted_bbox"":[14,57,1287,966],""status"":""ok""}"
run-20260902-204847,1b2cebd68deb,1b2cebd68deb94eedbb7d09c87994432a0dc7cb4382d4bd7631b3f16666e830a,1,1b2cebd68deb,08dc6fad81d674ebbdf06206145227bd83a695aef03ea427b9eac7661822153b,1,6e2c51ae3089ad7b2e3cbc67591e7965e2c3125df856be25b3ad306412915b46,7,,4,3,1,1,[],{},4,0.9493592083454132,0.4,5,damaged_partial_register_spread,two_page_spread,ok,0.97817236,2,6,14,2,6.0,14,44.733,"[67, 8, 1233, 977]","[65, 14, 1219, 975]","{""axis_angle_tolerance_degrees"":10.0,""bbox_padding_fraction"":0.005,""minimum_bbox_area_fraction"":0.15,""minimum_length_fraction"":0.08,""outer_percentile"":5.0,""refine_mode"":""none"",""scale"":0.6}",,,"{""legacy_parameter_set_id"":""1b2cebd68deb"",""parameter_grid_ordinal"":7,""parameter_grid_sha256"":""6e2c51ae3089ad7b2e3cbc67591e7965e2c3125df856be25b3ad306412915b46"",""parameter_identity_schema_version"":""1"",""parameter_identity_sha256"":""08dc6fad81d674ebbdf06206145227bd83a695aef03ea427b9eac7661822153b"",""parameter_schema_version"":""1"",""parameter_set_equivalence_family_id"":""1b2cebd68deb"",""parameter_set_equivalence_family_sha256"":""1b2cebd68deb94eedbb7d09c87994432a0dc7cb4382d4bd7631b3f16666e830a"",""parameter_set_equivalence_family_size"":1,""parameter_set_id"":""1b2cebd68deb"",""parameters"":{""axis_angle_tolerance_degrees"":10.0,""bbox_padding_fraction"":0.005,""minimum_bbox_area_fraction"":0.15,""minimum_length_fraction"":0.08,""outer_percentile"":5.0,""refine_mode"":""none"",""scale"":0.6},""profile"":null,""rank"":4,""reference_roles"":[],""requested_search_member"":true,""run_id"":""run-20260902-204847"",""search_observation"":{""completion_index"":4,""elapsed_seconds"":0.9493592083454132,""parameter_set_number"":4,""search_fraction"":0.4},""search_rank"":3,""search_space_member"":true,""summary"":{""elapsed_ms_total"":236.134,""failure_count"":1,""mean_edge_error_px"":23.688,""mean_iou"":0.7368137,""mean_iou_success"":0.92101713,""minimum_iou"":0.0,""page_count"":5,""stddev_iou"":0.3713811,""success_count"":4,""wall_ms"":236.503}}","{""approved_bbox"":[67,8,1233,977],""candidate"":{""authors"":null,""bbox"":[65,14,1219,975],""confidence"":0.7924,""corners"":[[65.0,14.0],[1219.0,14.0],[1219.0,975.0],[65.0,975.0]],""detector_name"":"""",""diagnostics"":{""area_score"":1.0,""bbox_area_fraction"":0.8538,""horizontal_segments"":5,""line_segments"":1568,""mask_score"":0.703429,""minimum_length_px"":78.96,""parameters"":{""axis_angle_tolerance_degrees"":10.0,""bbox_padding_fraction"":0.005,""minimum_bbox_area_fraction"":0.15,""minimum_length_fraction"":0.08,""outer_percentile"":5.0,""refine_mode"":""none"",""scale"":0.6},""support_score"":1.0,""vertical_segments"":32},""foundation"":null,""method"":""lsd"",""origin"":"""",""repository"":"""",""score"":0.7924,""status"":""ok"",""version"":""""},""edge_error_maximum_px"":14,""edge_error_mean_px"":6.0,""edge_errors"":{""bottom"":2,""left"":2,""maximum"":14,""mean"":6.0,""right"":14,""top"":6},""elapsed_ms"":44.733,""global_ordinal"":5,""iou"":0.97817236,""label"":""damaged_partial_register_spread"",""layout_type"":""two_page_spread"",""predicted_bbox"":[65,14,1219,975],""status"":""ok""}"
run-20260902-204847,1b2cebd68deb,1b2cebd68deb94eedbb7d09c87994432a0dc7cb4382d4bd7631b3f16666e830a,1,1b2cebd68deb,08dc6fad81d674ebbdf06206145227bd83a695aef03ea427b9eac7661822153b,1,6e2c51ae3089ad7b2e3cbc67591e7965e2c3125df856be25b3ad306412915b46,7,,4,3,1,1,[],{},4,0.9493592083454132,0.4,6,title_or_index_sheet,single_page,no_candidate,0.0,,,,,,,24.318,null,null,"{""axis_angle_tolerance_degrees"":10.0,""bbox_padding_fraction"":0.005,""minimum_bbox_area_fraction"":0.15,""minimum_length_fraction"":0.08,""outer_percentile"":5.0,""refine_mode"":""none"",""scale"":0.6}",,,"{""legacy_parameter_set_id"":""1b2cebd68deb"",""parameter_grid_ordinal"":7,""parameter_grid_sha256"":""6e2c51ae3089ad7b2e3cbc67591e7965e2c3125df856be25b3ad306412915b46"",""parameter_identity_schema_version"":""1"",""parameter_identity_sha256"":""08dc6fad81d674ebbdf06206145227bd83a695aef03ea427b9eac7661822153b"",""parameter_schema_version"":""1"",""parameter_set_equivalence_family_id"":""1b2cebd68deb"",""parameter_set_equivalence_family_sha256"":""1b2cebd68deb94eedbb7d09c87994432a0dc7cb4382d4bd7631b3f16666e830a"",""parameter_set_equivalence_family_size"":1,""parameter_set_id"":""1b2cebd68deb"",""parameters"":{""axis_angle_tolerance_degrees"":10.0,""bbox_padding_fraction"":0.005,""minimum_bbox_area_fraction"":0.15,""minimum_length_fraction"":0.08,""outer_percentile"":5.0,""refine_mode"":""none"",""scale"":0.6},""profile"":null,""rank"":4,""reference_roles"":[],""requested_search_member"":true,""run_id"":""run-20260902-204847"",""search_observation"":{""completion_index"":4,""elapsed_seconds"":0.9493592083454132,""parameter_set_number"":4,""search_fraction"":0.4},""search_rank"":3,""search_space_member"":true,""summary"":{""elapsed_ms_total"":236.134,""failure_count"":1,""mean_edge_error_px"":23.688,""mean_iou"":0.7368137,""mean_iou_success"":0.92101713,""minimum_iou"":0.0,""page_count"":5,""stddev_iou"":0.3713811,""success_count"":4,""wall_ms"":236.503}}","{""candidate"":{""authors"":null,""bbox"":null,""confidence"":0.0,""corners"":null,""detector_name"":"""",""diagnostics"":{""bbox_area_fraction"":0.012945,""horizontal_segments"":2,""parameters"":{""axis_angle_tolerance_degrees"":10.0,""bbox_padding_fraction"":0.005,""minimum_bbox_area_fraction"":0.15,""minimum_length_fraction"":0.08,""outer_percentile"":5.0,""refine_mode"":""none"",""scale"":0.6},""reason"":""lsd_envelope_too_small"",""vertical_segments"":6},""foundation"":null,""method"":""lsd"",""origin"":"""",""repository"":"""",""score"":0.0,""status"":""ok"",""version"":""""},""edge_error_maximum_px"":null,""edge_error_mean_px"":null,""elapsed_ms"":24.318,""global_ordinal"":6,""iou"":0.0,""label"":""title_or_index_sheet"",""layout_type"":""single_page"",""status"":""no_candidate""}"
run-20260902-204847,1b2cebd68deb,1b2cebd68deb94eedbb7d09c87994432a0dc7cb4382d4bd7631b3f16666e830a,1,1b2cebd68deb,08dc6fad81d674ebbdf06206145227bd83a695aef03ea427b9eac7661822153b,1,6e2c51ae3089ad7b2e3cbc67591e7965e2c3125df856be25b3ad306412915b46,7,,4,3,1,1,[],{},4,0.9493592083454132,0.4,9,clean_two_page_spread,two_page_spread,ok,0.84090504,14,3,173,1,47.75,173,47.128,"[84, 51, 1101, 941]","[70, 48, 1274, 942]","{""axis_angle_tolerance_degrees"":10.0,""bbox_padding_fraction"":0.005,""minimum_bbox_area_fraction"":0.15,""minimum_length_fraction"":0.08,""outer_percentile"":5.0,""refine_mode"":""none"",""scale"":0.6}",,,"{""legacy_parameter_set_id"":""1b2cebd68deb"",""parameter_grid_ordinal"":7,""parameter_grid_sha256"":""6e2c51ae3089ad7b2e3cbc67591e7965e2c3125df856be25b3ad306412915b46"",""parameter_identity_schema_version"":""1"",""parameter_identity_sha256"":""08dc6fad81d674ebbdf06206145227bd83a695aef03ea427b9eac7661822153b"",""parameter_schema_version"":""1"",""parameter_set_equivalence_family_id"":""1b2cebd68deb"",""parameter_set_equivalence_family_sha256"":""1b2cebd68deb94eedbb7d09c87994432a0dc7cb4382d4bd7631b3f16666e830a"",""parameter_set_equivalence_family_size"":1,""parameter_set_id"":""1b2cebd68deb"",""parameters"":{""axis_angle_tolerance_degrees"":10.0,""bbox_padding_fraction"":0.005,""minimum_bbox_area_fraction"":0.15,""minimum_length_fraction"":0.08,""outer_percentile"":5.0,""refine_mode"":""none"",""scale"":0.6},""profile"":null,""rank"":4,""reference_roles"":[],""requested_search_member"":true,""run_id"":""run-20260902-204847"",""search_observation"":{""completion_index"":4,""elapsed_seconds"":0.9493592083454132,""parameter_set_number"":4,""search_fraction"":0.4},""search_rank"":3,""search_space_member"":true,""summary"":{""elapsed_ms_total"":236.134,""failure_count"":1,""mean_edge_error_px"":23.688,""mean_iou"":0.7368137,""mean_iou_success"":0.92101713,""minimum_iou"":0.0,""page_count"":5,""stddev_iou"":0.3713811,""success_count"":4,""wall_ms"":236.503}}","{""approved_bbox"":[84,51,1101,941],""candidate"":{""authors"":null,""bbox"":[70,48,1274,942],""confidence"":0.951541,""corners"":[[70.0,48.0],[1274.0,48.0],[1274.0,942.0],[70.0,942.0]],""detector_name"":"""",""diagnostics"":{""area_score"":1.0,""bbox_area_fraction"":0.848422,""horizontal_segments"":4,""line_segments"":2012,""mask_score"":0.930773,""minimum_length_px"":78.8,""parameters"":{""axis_angle_tolerance_degrees"":10.0,""bbox_padding_fraction"":0.005,""minimum_bbox_area_fraction"":0.15,""minimum_length_fraction"":0.08,""outer_percentile"":5.0,""refine_mode"":""none"",""scale"":0.6},""support_score"":1.0,""vertical_segments"":31},""foundation"":null,""method"":""lsd"",""origin"":"""",""repository"":"""",""score"":0.951541,""status"":""ok"",""version"":""""},""edge_error_maximum_px"":173,""edge_error_mean_px"":47.75,""edge_errors"":{""bottom"":1,""left"":14,""maximum"":173,""mean"":47.75,""right"":173,""top"":3},""elapsed_ms"":47.128,""global_ordinal"":9,""iou"":0.84090504,""label"":""clean_two_page_spread"",""layout_type"":""two_page_spread"",""predicted_bbox"":[70,48,1274,942],""status"":""ok""}"
run-20260902-204847,1b2cebd68deb,1b2cebd68deb94eedbb7d09c87994432a0dc7cb4382d4bd7631b3f16666e830a,1,1b2cebd68deb,08dc6fad81d674ebbdf06206145227bd83a695aef03ea427b9eac7661822153b,1,6e2c51ae3089ad7b2e3cbc67591e7965e2c3125df856be25b3ad306412915b46,7,,4,3,1,1,[],{},4,0.9493592083454132,0.4,10,clean_two_page_spread_2,two_page_spread,ok,0.95544554,15,3,30,1,12.25,30,49.043,"[88, 33, 1154, 968]","[73, 30, 1184, 967]","{""axis_angle_tolerance_degrees"":10.0,""bbox_padding_fraction"":0.005,""minimum_bbox_area_fraction"":0.15,""minimum_length_fraction"":0.08,""outer_percentile"":5.0,""refine_mode"":""none"",""scale"":0.6}",,,"{""legacy_parameter_set_id"":""1b2cebd68deb"",""parameter_grid_ordinal"":7,""parameter_grid_sha256"":""6e2c51ae3089ad7b2e3cbc67591e7965e2c3125df856be25b3ad306412915b46"",""parameter_identity_schema_version"":""1"",""parameter_identity_sha256"":""08dc6fad81d674ebbdf06206145227bd83a695aef03ea427b9eac7661822153b"",""parameter_schema_version"":""1"",""parameter_set_equivalence_family_id"":""1b2cebd68deb"",""parameter_set_equivalence_family_sha256"":""1b2cebd68deb94eedbb7d09c87994432a0dc7cb4382d4bd7631b3f16666e830a"",""parameter_set_equivalence_family_size"":1,""parameter_set_id"":""1b2cebd68deb"",""parameters"":{""axis_angle_tolerance_degrees"":10.0,""bbox_padding_fraction"":0.005,""minimum_bbox_area_fraction"":0.15,""minimum_length_fraction"":0.08,""outer_percentile"":5.0,""refine_mode"":""none"",""scale"":0.6},""profile"":null,""rank"":4,""reference_roles"":[],""requested_search_member"":true,""run_id"":""run-20260902-204847"",""search_observation"":{""completion_index"":4,""elapsed_seconds"":0.9493592083454132,""parameter_set_number"":4,""search_fraction"":0.4},""search_rank"":3,""search_space_member"":true,""summary"":{""elapsed_ms_total"":236.134,""failure_count"":1,""mean_edge_error_px"":23.688,""mean_iou"":0.7368137,""mean_iou_success"":0.92101713,""minimum_iou"":0.0,""page_count"":5,""stddev_iou"":0.3713811,""success_count"":4,""wall_ms"":236.503}}","{""approved_bbox"":[88,33,1154,968],""candidate"":{""authors"":null,""bbox"":[73,30,1184,967],""confidence"":0.980585,""corners"":[[73.0,30.0],[1184.0,30.0],[1184.0,967.0],[73.0,967.0]],""detector_name"":"""",""diagnostics"":{""area_score"":1.0,""bbox_area_fraction"":0.829276,""horizontal_segments"":3,""line_segments"":2025,""mask_score"":0.972265,""minimum_length_px"":79.2,""parameters"":{""axis_angle_tolerance_degrees"":10.0,""bbox_padding_fraction"":0.005,""minimum_bbox_area_fraction"":0.15,""minimum_length_fraction"":0.08,""outer_percentile"":5.0,""refine_mode"":""none"",""scale"":0.6},""support_score"":1.0,""vertical_segments"":22},""foundation"":null,""method"":""lsd"",""origin"":"""",""repository"":"""",""score"":0.980585,""status"":""ok"",""version"":""""},""edge_error_maximum_px"":30,""edge_error_mean_px"":12.25,""edge_errors"":{""bottom"":1,""left"":15,""maximum"":30,""mean"":12.25,""right"":30,""top"":3},""elapsed_ms"":49.043,""global_ordinal"":10,""iou"":0.95544554,""label"":""clean_two_page_spread_2"",""layout_type"":""two_page_spread"",""predicted_bbox"":[73,30,1184,967],""status"":""ok""}"
run-20260902-204847,0bd9251e7f32,0bd9251e7f320b94b3006303dbe7cb57bfe729c82c5b5716caf47ffa3e16e467,1,0bd9251e7f32,305f80e958b26ad5fb01581448518d3fa4b3f0321e930abd3f6056658f5c05a7,1,6e2c51ae3089ad7b2e3cbc67591e7965e2c3125df856be25b3ad306412915b46,0,,5,4,1,1,[],{},9,0.9498467412777245,0.9,1,ordinary_two_page_spread,two_page_spread,ok,0.90001281,106,6,7,6,31.25,106,116.508,"[125, 56, 1289, 967]","[19, 62, 1282, 961]","{""axis_angle_tolerance_degrees"":10.0,""bbox_padding_fraction"":0.0,""minimum_bbox_area_fraction"":0.08,""minimum_length_fraction"":0.08,""outer_percentile"":5.0,""refine_mode"":""none"",""scale"":0.6}",,,"{""legacy_parameter_set_id"":""0bd9251e7f32"",""parameter_grid_ordinal"":0,""parameter_grid_sha256"":""6e2c51ae3089ad7b2e3cbc67591e7965e2c3125df856be25b3ad306412915b46"",""parameter_identity_schema_version"":""1"",""parameter_identity_sha256"":""305f80e958b26ad5fb01581448518d3fa4b3f0321e930abd3f6056658f5c05a7"",""parameter_schema_version"":""1"",""parameter_set_equivalence_family_id"":""0bd9251e7f32"",""parameter_set_equivalence_family_sha256"":""0bd9251e7f320b94b3006303dbe7cb57bfe729c82c5b5716caf47ffa3e16e467"",""parameter_set_equivalence_family_size"":1,""parameter_set_id"":""0bd9251e7f32"",""parameters"":{""axis_angle_tolerance_degrees"":10.0,""bbox_padding_fraction"":0.0,""minimum_bbox_area_fraction"":0.08,""minimum_length_fraction"":0.08,""outer_percentile"":5.0,""refine_mode"":""none"",""scale"":0.6},""profile"":null,""rank"":5,""reference_roles"":[],""requested_search_member"":true,""run_id"":""run-20260902-204847"",""search_observation"":{""completion_index"":9,""elapsed_seconds"":0.9498467412777245,""parameter_set_number"":9,""search_fraction"":0.9},""search_rank"":4,""search_space_member"":true,""summary"":{""elapsed_ms_total"":283.619,""failure_count"":1,""mean_edge_error_px"":24.438,""mean_iou"":0.73399404,""mean_iou_success"":0.91749255,""minimum_iou"":0.0,""page_count"":5,""stddev_iou"":0.36948977,""success_count"":4,""wall_ms"":283.925}}","{""approved_bbox"":[125,56,1289,967],""candidate"":{""authors"":null,""bbox"":[19,62,1282,961],""confidence"":0.937107,""corners"":[[19.0,62.0],[1282.0,62.0],[1282.0,961.0],[19.0,961.0]],""detector_name"":"""",""diagnostics"":{""area_score"":1.0,""bbox_area_fraction"":0.833255,""horizontal_segments"":7,""line_segments"":2574,""mask_score"":0.910153,""minimum_length_px"":78.88,""parameters"":{""axis_angle_tolerance_degrees"":10.0,""bbox_padding_fraction"":0.0,""minimum_bbox_area_fraction"":0.08,""minimum_length_fraction"":0.08,""outer_percentile"":5.0,""refine_mode"":""none"",""scale"":0.6},""support_score"":1.0,""vertical_segments"":39},""foundation"":null,""method"":""lsd"",""origin"":"""",""repository"":"""",""score"":0.937107,""status"":""ok"",""version"":""""},""edge_error_maximum_px"":106,""edge_error_mean_px"":31.25,""edge_errors"":{""bottom"":6,""left"":106,""maximum"":106,""mean"":31.25,""right"":7,""top"":6},""elapsed_ms"":116.508,""global_ordinal"":1,""iou"":0.90001281,""label"":""ordinary_two_page_spread"",""layout_type"":""two_page_spread"",""predicted_bbox"":[19,62,1282,961],""status"":""ok""}"
run-20260902-204847,0bd9251e7f32,0bd9251e7f320b94b3006303dbe7cb57bfe729c82c5b5716caf47ffa3e16e467,1,0bd9251e7f32,305f80e958b26ad5fb01581448518d3fa4b3f0321e930abd3f6056658f5c05a7,1,6e2c51ae3089ad7b2e3cbc67591e7965e2c3125df856be25b3ad306412915b46,0,,5,4,1,1,[],{},9,0.9498467412777245,0.9,5,damaged_partial_register_spread,two_page_spread,ok,0.96290671,3,11,19,7,10.0,19,46.211,"[67, 8, 1233, 977]","[70, 19, 1214, 970]","{""axis_angle_tolerance_degrees"":10.0,""bbox_padding_fraction"":0.0,""minimum_bbox_area_fraction"":0.08,""minimum_length_fraction"":0.08,""outer_percentile"":5.0,""refine_mode"":""none"",""scale"":0.6}",,,"{""legacy_parameter_set_id"":""0bd9251e7f32"",""parameter_grid_ordinal"":0,""parameter_grid_sha256"":""6e2c51ae3089ad7b2e3cbc67591e7965e2c3125df856be25b3ad306412915b46"",""parameter_identity_schema_version"":""1"",""parameter_identity_sha256"":""305f80e958b26ad5fb01581448518d3fa4b3f0321e930abd3f6056658f5c05a7"",""parameter_schema_version"":""1"",""parameter_set_equivalence_family_id"":""0bd9251e7f32"",""parameter_set_equivalence_family_sha256"":""0bd9251e7f320b94b3006303dbe7cb57bfe729c82c5b5716caf47ffa3e16e467"",""parameter_set_equivalence_family_size"":1,""parameter_set_id"":""0bd9251e7f32"",""parameters"":{""axis_angle_tolerance_degrees"":10.0,""bbox_padding_fraction"":0.0,""minimum_bbox_area_fraction"":0.08,""minimum_length_fraction"":0.08,""outer_percentile"":5.0,""refine_mode"":""none"",""scale"":0.6},""profile"":null,""rank"":5,""reference_roles"":[],""requested_search_member"":true,""run_id"":""run-20260902-204847"",""search_observation"":{""completion_index"":9,""elapsed_seconds"":0.9498467412777245,""parameter_set_number"":9,""search_fraction"":0.9},""search_rank"":4,""search_space_member"":true,""summary"":{""elapsed_ms_total"":283.619,""failure_count"":1,""mean_edge_error_px"":24.438,""mean_iou"":0.73399404,""mean_iou_success"":0.91749255,""minimum_iou"":0.0,""page_count"":5,""stddev_iou"":0.36948977,""success_count"":4,""wall_ms"":283.925}}","{""approved_bbox"":[67,8,1233,977],""candidate"":{""authors"":null,""bbox"":[70,19,1214,970],""confidence"":0.795186,""corners"":[[70.0,19.0],[1214.0,19.0],[1214.0,970.0],[70.0,970.0]],""detector_name"":"""",""diagnostics"":{""area_score"":1.0,""bbox_area_fraction"":0.837594,""horizontal_segments"":5,""line_segments"":1568,""mask_score"":0.707409,""minimum_length_px"":78.96,""parameters"":{""axis_angle_tolerance_degrees"":10.0,""bbox_padding_fraction"":0.0,""minimum_bbox_area_fraction"":0.08,""minimum_length_fraction"":0.08,""outer_percentile"":5.0,""refine_mode"":""none"",""scale"":0.6},""support_score"":1.0,""vertical_segments"":32},""foundation"":null,""method"":""lsd"",""origin"":"""",""repository"":"""",""score"":0.795186,""status"":""ok"",""version"":""""},""edge_error_maximum_px"":19,""edge_error_mean_px"":10.0,""edge_errors"":{""bottom"":7,""left"":3,""maximum"":19,""mean"":10.0,""right"":19,""top"":11},""elapsed_ms"":46.211,""global_ordinal"":5,""iou"":0.96290671,""label"":""damaged_partial_register_spread"",""layout_type"":""two_page_spread"",""predicted_bbox"":[70,19,1214,970],""status"":""ok""}"
run-20260902-204847,0bd9251e7f32,0bd9251e7f320b94b3006303dbe7cb57bfe729c82c5b5716caf47ffa3e16e467,1,0bd9251e7f32,305f80e958b26ad5fb01581448518d3fa4b3f0321e930abd3f6056658f5c05a7,1,6e2c51ae3089ad7b2e3cbc67591e7965e2c3125df856be25b3ad306412915b46,0,,5,4,1,1,[],{},9,0.9498467412777245,0.9,6,title_or_index_sheet,single_page,no_candidate,0.0,,,,,,,22.871,null,null,"{""axis_angle_tolerance_degrees"":10.0,""bbox_padding_fraction"":0.0,""minimum_bbox_area_fraction"":0.08,""minimum_length_fraction"":0.08,""outer_percentile"":5.0,""refine_mode"":""none"",""scale"":0.6}",,,"{""legacy_parameter_set_id"":""0bd9251e7f32"",""parameter_grid_ordinal"":0,""parameter_grid_sha256"":""6e2c51ae3089ad7b2e3cbc67591e7965e2c3125df856be25b3ad306412915b46"",""parameter_identity_schema_version"":""1"",""parameter_identity_sha256"":""305f80e958b26ad5fb01581448518d3fa4b3f0321e930abd3f6056658f5c05a7"",""parameter_schema_version"":""1"",""parameter_set_equivalence_family_id"":""0bd9251e7f32"",""parameter_set_equivalence_family_sha256"":""0bd9251e7f320b94b3006303dbe7cb57bfe729c82c5b5716caf47ffa3e16e467"",""parameter_set_equivalence_family_size"":1,""parameter_set_id"":""0bd9251e7f32"",""parameters"":{""axis_angle_tolerance_degrees"":10.0,""bbox_padding_fraction"":0.0,""minimum_bbox_area_fraction"":0.08,""minimum_length_fraction"":0.08,""outer_percentile"":5.0,""refine_mode"":""none"",""scale"":0.6},""profile"":null,""rank"":5,""reference_roles"":[],""requested_search_member"":true,""run_id"":""run-20260902-204847"",""search_observation"":{""completion_index"":9,""elapsed_seconds"":0.9498467412777245,""parameter_set_number"":9,""search_fraction"":0.9},""search_rank"":4,""search_space_member"":true,""summary"":{""elapsed_ms_total"":283.619,""failure_count"":1,""mean_edge_error_px"":24.438,""mean_iou"":0.73399404,""mean_iou_success"":0.91749255,""minimum_iou"":0.0,""page_count"":5,""stddev_iou"":0.36948977,""success_count"":4,""wall_ms"":283.925}}","{""candidate"":{""authors"":null,""bbox"":null,""confidence"":0.0,""corners"":null,""detector_name"":"""",""diagnostics"":{""bbox_area_fraction"":0.002959,""horizontal_segments"":2,""parameters"":{""axis_angle_tolerance_degrees"":10.0,""bbox_padding_fraction"":0.0,""minimum_bbox_area_fraction"":0.08,""minimum_length_fraction"":0.08,""outer_percentile"":5.0,""refine_mode"":""none"",""scale"":0.6},""reason"":""lsd_envelope_too_small"",""vertical_segments"":6},""foundation"":null,""method"":""lsd"",""origin"":"""",""repository"":"""",""score"":0.0,""status"":""ok"",""version"":""""},""edge_error_maximum_px"":null,""edge_error_mean_px"":null,""elapsed_ms"":22.871,""global_ordinal"":6,""iou"":0.0,""label"":""title_or_index_sheet"",""layout_type"":""single_page"",""status"":""no_candidate""}"
run-20260902-204847,0bd9251e7f32,0bd9251e7f320b94b3006303dbe7cb57bfe729c82c5b5716caf47ffa3e16e467,1,0bd9251e7f32,305f80e958b26ad5fb01581448518d3fa4b3f0321e930abd3f6056658f5c05a7,1,6e2c51ae3089ad7b2e3cbc67591e7965e2c3125df856be25b3ad306412915b46,0,,5,4,1,1,[],{},9,0.9498467412777245,0.9,9,clean_two_page_spread,two_page_spread,ok,0.84686294,9,2,168,4,45.75,168,47.88,"[84, 51, 1101, 941]","[75, 53, 1269, 937]","{""axis_angle_tolerance_degrees"":10.0,""bbox_padding_fraction"":0.0,""minimum_bbox_area_fraction"":0.08,""minimum_length_fraction"":0.08,""outer_percentile"":5.0,""refine_mode"":""none"",""scale"":0.6}",,,"{""legacy_parameter_set_id"":""0bd9251e7f32"",""parameter_grid_ordinal"":0,""parameter_grid_sha256"":""6e2c51ae3089ad7b2e3cbc67591e7965e2c3125df856be25b3ad306412915b46"",""parameter_identity_schema_version"":""1"",""parameter_identity_sha256"":""305f80e958b26ad5fb01581448518d3fa4b3f0321e930abd3f6056658f5c05a7"",""parameter_schema_version"":""1"",""parameter_set_equivalence_family_id"":""0bd9251e7f32"",""parameter_set_equivalence_family_sha256"":""0bd9251e7f320b94b3006303dbe7cb57bfe729c82c5b5716caf47ffa3e16e467"",""parameter_set_equivalence_family_size"":1,""parameter_set_id"":""0bd9251e7f32"",""parameters"":{""axis_angle_tolerance_degrees"":10.0,""bbox_padding_fraction"":0.0,""minimum_bbox_area_fraction"":0.08,""minimum_length_fraction"":0.08,""outer_percentile"":5.0,""refine_mode"":""none"",""scale"":0.6},""profile"":null,""rank"":5,""reference_roles"":[],""requested_search_member"":true,""run_id"":""run-20260902-204847"",""search_observation"":{""completion_index"":9,""elapsed_seconds"":0.9498467412777245,""parameter_set_number"":9,""search_fraction"":0.9},""search_rank"":4,""search_space_member"":true,""summary"":{""elapsed_ms_total"":283.619,""failure_count"":1,""mean_edge_error_px"":24.438,""mean_iou"":0.73399404,""mean_iou_success"":0.91749255,""minimum_iou"":0.0,""page_count"":5,""stddev_iou"":0.36948977,""success_count"":4,""wall_ms"":283.925}}","{""approved_bbox"":[84,51,1101,941],""candidate"":{""authors"":null,""bbox"":[75,53,1269,937],""confidence"":0.956359,""corners"":[[75.0,53.0],[1269.0,53.0],[1269.0,937.0],[75.0,937.0]],""detector_name"":"""",""diagnostics"":{""area_score"":1.0,""bbox_area_fraction"":0.831964,""horizontal_segments"":4,""line_segments"":2012,""mask_score"":0.937655,""minimum_length_px"":78.8,""parameters"":{""axis_angle_tolerance_degrees"":10.0,""bbox_padding_fraction"":0.0,""minimum_bbox_area_fraction"":0.08,""minimum_length_fraction"":0.08,""outer_percentile"":5.0,""refine_mode"":""none"",""scale"":0.6},""support_score"":1.0,""vertical_segments"":31},""foundation"":null,""method"":""lsd"",""origin"":"""",""repository"":"""",""score"":0.956359,""status"":""ok"",""version"":""""},""edge_error_maximum_px"":168,""edge_error_mean_px"":45.75,""edge_errors"":{""bottom"":4,""left"":9,""maximum"":168,""mean"":45.75,""right"":168,""top"":2},""elapsed_ms"":47.88,""global_ordinal"":9,""iou"":0.84686294,""label"":""clean_two_page_spread"",""layout_type"":""two_page_spread"",""predicted_bbox"":[75,53,1269,937],""status"":""ok""}"
run-20260902-204847,0bd9251e7f32,0bd9251e7f320b94b3006303dbe7cb57bfe729c82c5b5716caf47ffa3e16e467,1,0bd9251e7f32,305f80e958b26ad5fb01581448518d3fa4b3f0321e930abd3f6056658f5c05a7,1,6e2c51ae3089ad7b2e3cbc67591e7965e2c3125df856be25b3ad306412915b46,0,,5,4,1,1,[],{},9,0.9498467412777245,0.9,10,clean_two_page_spread_2,two_page_spread,ok,0.96018773,10,2,25,6,10.75,25,50.149,"[88, 33, 1154, 968]","[78, 35, 1179, 962]","{""axis_angle_tolerance_degrees"":10.0,""bbox_padding_fraction"":0.0,""minimum_bbox_area_fraction"":0.08,""minimum_length_fraction"":0.08,""outer_percentile"":5.0,""refine_mode"":""none"",""scale"":0.6}",,,"{""legacy_parameter_set_id"":""0bd9251e7f32"",""parameter_grid_ordinal"":0,""parameter_grid_sha256"":""6e2c51ae3089ad7b2e3cbc67591e7965e2c3125df856be25b3ad306412915b46"",""parameter_identity_schema_version"":""1"",""parameter_identity_sha256"":""305f80e958b26ad5fb01581448518d3fa4b3f0321e930abd3f6056658f5c05a7"",""parameter_schema_version"":""1"",""parameter_set_equivalence_family_id"":""0bd9251e7f32"",""parameter_set_equivalence_family_sha256"":""0bd9251e7f320b94b3006303dbe7cb57bfe729c82c5b5716caf47ffa3e16e467"",""parameter_set_equivalence_family_size"":1,""parameter_set_id"":""0bd9251e7f32"",""parameters"":{""axis_angle_tolerance_degrees"":10.0,""bbox_padding_fraction"":0.0,""minimum_bbox_area_fraction"":0.08,""minimum_length_fraction"":0.08,""outer_percentile"":5.0,""refine_mode"":""none"",""scale"":0.6},""profile"":null,""rank"":5,""reference_roles"":[],""requested_search_member"":true,""run_id"":""run-20260902-204847"",""search_observation"":{""completion_index"":9,""elapsed_seconds"":0.9498467412777245,""parameter_set_number"":9,""search_fraction"":0.9},""search_rank"":4,""search_space_member"":true,""summary"":{""elapsed_ms_total"":283.619,""failure_count"":1,""mean_edge_error_px"":24.438,""mean_iou"":0.73399404,""mean_iou_success"":0.91749255,""minimum_iou"":0.0,""page_count"":5,""stddev_iou"":0.36948977,""success_count"":4,""wall_ms"":283.925}}","{""approved_bbox"":[88,33,1154,968],""candidate"":{""authors"":null,""bbox"":[78,35,1179,962],""confidence"":0.986927,""corners"":[[78.0,35.0],[1179.0,35.0],[1179.0,962.0],[78.0,962.0]],""detector_name"":"""",""diagnostics"":{""area_score"":1.0,""bbox_area_fraction"":0.813041,""horizontal_segments"":3,""line_segments"":2025,""mask_score"":0.981325,""minimum_length_px"":79.2,""parameters"":{""axis_angle_tolerance_degrees"":10.0,""bbox_padding_fraction"":0.0,""minimum_bbox_area_fraction"":0.08,""minimum_length_fraction"":0.08,""outer_percentile"":5.0,""refine_mode"":""none"",""scale"":0.6},""support_score"":1.0,""vertical_segments"":22},""foundation"":null,""method"":""lsd"",""origin"":"""",""repository"":"""",""score"":0.986927,""status"":""ok"",""version"":""""},""edge_error_maximum_px"":25,""edge_error_mean_px"":10.75,""edge_errors"":{""bottom"":6,""left"":10,""maximum"":25,""mean"":10.75,""right"":25,""top"":2},""elapsed_ms"":50.149,""global_ordinal"":10,""iou"":0.96018773,""label"":""clean_two_page_spread_2"",""layout_type"":""two_page_spread"",""predicted_bbox"":[78,35,1179,962],""status"":""ok""}"
run-20260902-204847,2cf82997c714,2cf82997c7147cece5e53f54c41771d0bcc4132118fdf1453dc588a27b76f967,1,2cf82997c714,25f3e3923df983f7e9025d065b204a67cc3651d9cd5dfb955dfa0ed1af3bea3d,1,6e2c51ae3089ad7b2e3cbc67591e7965e2c3125df856be25b3ad306412915b46,3,,6,5,1,1,[],{},6,0.9494119370356202,0.6,1,ordinary_two_page_spread,two_page_spread,ok,0.90001281,106,6,7,6,31.25,106,104.256,"[125, 56, 1289, 967]","[19, 62, 1282, 961]","{""axis_angle_tolerance_degrees"":10.0,""bbox_padding_fraction"":0.0,""minimum_bbox_area_fraction"":0.1,""minimum_length_fraction"":0.08,""outer_percentile"":5.0,""refine_mode"":""none"",""scale"":0.6}",,,"{""legacy_parameter_set_id"":""2cf82997c714"",""parameter_grid_ordinal"":3,""parameter_grid_sha256"":""6e2c51ae3089ad7b2e3cbc67591e7965e2c3125df856be25b3ad306412915b46"",""parameter_identity_schema_version"":""1"",""parameter_identity_sha256"":""25f3e3923df983f7e9025d065b204a67cc3651d9cd5dfb955dfa0ed1af3bea3d"",""parameter_schema_version"":""1"",""parameter_set_equivalence_family_id"":""2cf82997c714"",""parameter_set_equivalence_family_sha256"":""2cf82997c7147cece5e53f54c41771d0bcc4132118fdf1453dc588a27b76f967"",""parameter_set_equivalence_family_size"":1,""parameter_set_id"":""2cf82997c714"",""parameters"":{""axis_angle_tolerance_degrees"":10.0,""bbox_padding_fraction"":0.0,""minimum_bbox_area_fraction"":0.1,""minimum_length_fraction"":0.08,""outer_percentile"":5.0,""refine_mode"":""none"",""scale"":0.6},""profile"":null,""rank"":6,""reference_roles"":[],""requested_search_member"":true,""run_id"":""run-20260902-204847"",""search_observation"":{""completion_index"":6,""elapsed_seconds"":0.9494119370356202,""parameter_set_number"":6,""search_fraction"":0.6},""search_rank"":5,""search_space_member"":true,""summary"":{""elapsed_ms_total"":270.867,""failure_count"":1,""mean_edge_error_px"":24.438,""mean_iou"":0.73399404,""mean_iou_success"":0.91749255,""minimum_iou"":0.0,""page_count"":5,""stddev_iou"":0.36948977,""success_count"":4,""wall_ms"":271.213}}","{""approved_bbox"":[125,56,1289,967],""candidate"":{""authors"":null,""bbox"":[19,62,1282,961],""confidence"":0.937107,""corners"":[[19.0,62.0],[1282.0,62.0],[1282.0,961.0],[19.0,961.0]],""detector_name"":"""",""diagnostics"":{""area_score"":1.0,""bbox_area_fraction"":0.833255,""horizontal_segments"":7,""line_segments"":2574,""mask_score"":0.910153,""minimum_length_px"":78.88,""parameters"":{""axis_angle_tolerance_degrees"":10.0,""bbox_padding_fraction"":0.0,""minimum_bbox_area_fraction"":0.1,""minimum_length_fraction"":0.08,""outer_percentile"":5.0,""refine_mode"":""none"",""scale"":0.6},""support_score"":1.0,""vertical_segments"":39},""foundation"":null,""method"":""lsd"",""origin"":"""",""repository"":"""",""score"":0.937107,""status"":""ok"",""version"":""""},""edge_error_maximum_px"":106,""edge_error_mean_px"":31.25,""edge_errors"":{""bottom"":6,""left"":106,""maximum"":106,""mean"":31.25,""right"":7,""top"":6},""elapsed_ms"":104.256,""global_ordinal"":1,""iou"":0.90001281,""label"":""ordinary_two_page_spread"",""layout_type"":""two_page_spread"",""predicted_bbox"":[19,62,1282,961],""status"":""ok""}"
run-20260902-204847,2cf82997c714,2cf82997c7147cece5e53f54c41771d0bcc4132118fdf1453dc588a27b76f967,1,2cf82997c714,25f3e3923df983f7e9025d065b204a67cc3651d9cd5dfb955dfa0ed1af3bea3d,1,6e2c51ae3089ad7b2e3cbc67591e7965e2c3125df856be25b3ad306412915b46,3,,6,5,1,1,[],{},6,0.9494119370356202,0.6,5,damaged_partial_register_spread,two_page_spread,ok,0.96290671,3,11,19,7,10.0,19,45.783,"[67, 8, 1233, 977]","[70, 19, 1214, 970]","{""axis_angle_tolerance_degrees"":10.0,""bbox_padding_fraction"":0.0,""minimum_bbox_area_fraction"":0.1,""minimum_length_fraction"":0.08,""outer_percentile"":5.0,""refine_mode"":""none"",""scale"":0.6}",,,"{""legacy_parameter_set_id"":""2cf82997c714"",""parameter_grid_ordinal"":3,""parameter_grid_sha256"":""6e2c51ae3089ad7b2e3cbc67591e7965e2c3125df856be25b3ad306412915b46"",""parameter_identity_schema_version"":""1"",""parameter_identity_sha256"":""25f3e3923df983f7e9025d065b204a67cc3651d9cd5dfb955dfa0ed1af3bea3d"",""parameter_schema_version"":""1"",""parameter_set_equivalence_family_id"":""2cf82997c714"",""parameter_set_equivalence_family_sha256"":""2cf82997c7147cece5e53f54c41771d0bcc4132118fdf1453dc588a27b76f967"",""parameter_set_equivalence_family_size"":1,""parameter_set_id"":""2cf82997c714"",""parameters"":{""axis_angle_tolerance_degrees"":10.0,""bbox_padding_fraction"":0.0,""minimum_bbox_area_fraction"":0.1,""minimum_length_fraction"":0.08,""outer_percentile"":5.0,""refine_mode"":""none"",""scale"":0.6},""profile"":null,""rank"":6,""reference_roles"":[],""requested_search_member"":true,""run_id"":""run-20260902-204847"",""search_observation"":{""completion_index"":6,""elapsed_seconds"":0.9494119370356202,""parameter_set_number"":6,""search_fraction"":0.6},""search_rank"":5,""search_space_member"":true,""summary"":{""elapsed_ms_total"":270.867,""failure_count"":1,""mean_edge_error_px"":24.438,""mean_iou"":0.73399404,""mean_iou_success"":0.91749255,""minimum_iou"":0.0,""page_count"":5,""stddev_iou"":0.36948977,""success_count"":4,""wall_ms"":271.213}}","{""approved_bbox"":[67,8,1233,977],""candidate"":{""authors"":null,""bbox"":[70,19,1214,970],""confidence"":0.795186,""corners"":[[70.0,19.0],[1214.0,19.0],[1214.0,970.0],[70.0,970.0]],""detector_name"":"""",""diagnostics"":{""area_score"":1.0,""bbox_area_fraction"":0.837594,""horizontal_segments"":5,""line_segments"":1568,""mask_score"":0.707409,""minimum_length_px"":78.96,""parameters"":{""axis_angle_tolerance_degrees"":10.0,""bbox_padding_fraction"":0.0,""minimum_bbox_area_fraction"":0.1,""minimum_length_fraction"":0.08,""outer_percentile"":5.0,""refine_mode"":""none"",""scale"":0.6},""support_score"":1.0,""vertical_segments"":32},""foundation"":null,""method"":""lsd"",""origin"":"""",""repository"":"""",""score"":0.795186,""status"":""ok"",""version"":""""},""edge_error_maximum_px"":19,""edge_error_mean_px"":10.0,""edge_errors"":{""bottom"":7,""left"":3,""maximum"":19,""mean"":10.0,""right"":19,""top"":11},""elapsed_ms"":45.783,""global_ordinal"":5,""iou"":0.96290671,""label"":""damaged_partial_register_spread"",""layout_type"":""two_page_spread"",""predicted_bbox"":[70,19,1214,970],""status"":""ok""}"
run-20260902-204847,2cf82997c714,2cf82997c7147cece5e53f54c41771d0bcc4132118fdf1453dc588a27b76f967,1,2cf82997c714,25f3e3923df983f7e9025d065b204a67cc3651d9cd5dfb955dfa0ed1af3bea3d,1,6e2c51ae3089ad7b2e3cbc67591e7965e2c3125df856be25b3ad306412915b46,3,,6,5,1,1,[],{},6,0.9494119370356202,0.6,6,title_or_index_sheet,single_page,no_candidate,0.0,,,,,,,20.904,null,null,"{""axis_angle_tolerance_degrees"":10.0,""bbox_padding_fraction"":0.0,""minimum_bbox_area_fraction"":0.1,""minimum_length_fraction"":0.08,""outer_percentile"":5.0,""refine_mode"":""none"",""scale"":0.6}",,,"{""legacy_parameter_set_id"":""2cf82997c714"",""parameter_grid_ordinal"":3,""parameter_grid_sha256"":""6e2c51ae3089ad7b2e3cbc67591e7965e2c3125df856be25b3ad306412915b46"",""parameter_identity_schema_version"":""1"",""parameter_identity_sha256"":""25f3e3923df983f7e9025d065b204a67cc3651d9cd5dfb955dfa0ed1af3bea3d"",""parameter_schema_version"":""1"",""parameter_set_equivalence_family_id"":""2cf82997c714"",""parameter_set_equivalence_family_sha256"":""2cf82997c7147cece5e53f54c41771d0bcc4132118fdf1453dc588a27b76f967"",""parameter_set_equivalence_family_size"":1,""parameter_set_id"":""2cf82997c714"",""parameters"":{""axis_angle_tolerance_degrees"":10.0,""bbox_padding_fraction"":0.0,""minimum_bbox_area_fraction"":0.1,""minimum_length_fraction"":0.08,""outer_percentile"":5.0,""refine_mode"":""none"",""scale"":0.6},""profile"":null,""rank"":6,""reference_roles"":[],""requested_search_member"":true,""run_id"":""run-20260902-204847"",""search_observation"":{""completion_index"":6,""elapsed_seconds"":0.9494119370356202,""parameter_set_number"":6,""search_fraction"":0.6},""search_rank"":5,""search_space_member"":true,""summary"":{""elapsed_ms_total"":270.867,""failure_count"":1,""mean_edge_error_px"":24.438,""mean_iou"":0.73399404,""mean_iou_success"":0.91749255,""minimum_iou"":0.0,""page_count"":5,""stddev_iou"":0.36948977,""success_count"":4,""wall_ms"":271.213}}","{""candidate"":{""authors"":null,""bbox"":null,""confidence"":0.0,""corners"":null,""detector_name"":"""",""diagnostics"":{""bbox_area_fraction"":0.002959,""horizontal_segments"":2,""parameters"":{""axis_angle_tolerance_degrees"":10.0,""bbox_padding_fraction"":0.0,""minimum_bbox_area_fraction"":0.1,""minimum_length_fraction"":0.08,""outer_percentile"":5.0,""refine_mode"":""none"",""scale"":0.6},""reason"":""lsd_envelope_too_small"",""vertical_segments"":6},""foundation"":null,""method"":""lsd"",""origin"":"""",""repository"":"""",""score"":0.0,""status"":""ok"",""version"":""""},""edge_error_maximum_px"":null,""edge_error_mean_px"":null,""elapsed_ms"":20.904,""global_ordinal"":6,""iou"":0.0,""label"":""title_or_index_sheet"",""layout_type"":""single_page"",""status"":""no_candidate""}"
run-20260902-204847,2cf82997c714,2cf82997c7147cece5e53f54c41771d0bcc4132118fdf1453dc588a27b76f967,1,2cf82997c714,25f3e3923df983f7e9025d065b204a67cc3651d9cd5dfb955dfa0ed1af3bea3d,1,6e2c51ae3089ad7b2e3cbc67591e7965e2c3125df856be25b3ad306412915b46,3,,6,5,1,1,[],{},6,0.9494119370356202,0.6,9,clean_two_page_spread,two_page_spread,ok,0.84686294,9,2,168,4,45.75,168,49.845,"[84, 51, 1101, 941]","[75, 53, 1269, 937]","{""axis_angle_tolerance_degrees"":10.0,""bbox_padding_fraction"":0.0,""minimum_bbox_area_fraction"":0.1,""minimum_length_fraction"":0.08,""outer_percentile"":5.0,""refine_mode"":""none"",""scale"":0.6}",,,"{""legacy_parameter_set_id"":""2cf82997c714"",""parameter_grid_ordinal"":3,""parameter_grid_sha256"":""6e2c51ae3089ad7b2e3cbc67591e7965e2c3125df856be25b3ad306412915b46"",""parameter_identity_schema_version"":""1"",""parameter_identity_sha256"":""25f3e3923df983f7e9025d065b204a67cc3651d9cd5dfb955dfa0ed1af3bea3d"",""parameter_schema_version"":""1"",""parameter_set_equivalence_family_id"":""2cf82997c714"",""parameter_set_equivalence_family_sha256"":""2cf82997c7147cece5e53f54c41771d0bcc4132118fdf1453dc588a27b76f967"",""parameter_set_equivalence_family_size"":1,""parameter_set_id"":""2cf82997c714"",""parameters"":{""axis_angle_tolerance_degrees"":10.0,""bbox_padding_fraction"":0.0,""minimum_bbox_area_fraction"":0.1,""minimum_length_fraction"":0.08,""outer_percentile"":5.0,""refine_mode"":""none"",""scale"":0.6},""profile"":null,""rank"":6,""reference_roles"":[],""requested_search_member"":true,""run_id"":""run-20260902-204847"",""search_observation"":{""completion_index"":6,""elapsed_seconds"":0.9494119370356202,""parameter_set_number"":6,""search_fraction"":0.6},""search_rank"":5,""search_space_member"":true,""summary"":{""elapsed_ms_total"":270.867,""failure_count"":1,""mean_edge_error_px"":24.438,""mean_iou"":0.73399404,""mean_iou_success"":0.91749255,""minimum_iou"":0.0,""page_count"":5,""stddev_iou"":0.36948977,""success_count"":4,""wall_ms"":271.213}}","{""approved_bbox"":[84,51,1101,941],""candidate"":{""authors"":null,""bbox"":[75,53,1269,937],""confidence"":0.956359,""corners"":[[75.0,53.0],[1269.0,53.0],[1269.0,937.0],[75.0,937.0]],""detector_name"":"""",""diagnostics"":{""area_score"":1.0,""bbox_area_fraction"":0.831964,""horizontal_segments"":4,""line_segments"":2012,""mask_score"":0.937655,""minimum_length_px"":78.8,""parameters"":{""axis_angle_tolerance_degrees"":10.0,""bbox_padding_fraction"":0.0,""minimum_bbox_area_fraction"":0.1,""minimum_length_fraction"":0.08,""outer_percentile"":5.0,""refine_mode"":""none"",""scale"":0.6},""support_score"":1.0,""vertical_segments"":31},""foundation"":null,""method"":""lsd"",""origin"":"""",""repository"":"""",""score"":0.956359,""status"":""ok"",""version"":""""},""edge_error_maximum_px"":168,""edge_error_mean_px"":45.75,""edge_errors"":{""bottom"":4,""left"":9,""maximum"":168,""mean"":45.75,""right"":168,""top"":2},""elapsed_ms"":49.845,""global_ordinal"":9,""iou"":0.84686294,""label"":""clean_two_page_spread"",""layout_type"":""two_page_spread"",""predicted_bbox"":[75,53,1269,937],""status"":""ok""}"
run-20260902-204847,2cf82997c714,2cf82997c7147cece5e53f54c41771d0bcc4132118fdf1453dc588a27b76f967,1,2cf82997c714,25f3e3923df983f7e9025d065b204a67cc3651d9cd5dfb955dfa0ed1af3bea3d,1,6e2c51ae3089ad7b2e3cbc67591e7965e2c3125df856be25b3ad306412915b46,3,,6,5,1,1,[],{},6,0.9494119370356202,0.6,10,clean_two_page_spread_2,two_page_spread,ok,0.96018773,10,2,25,6,10.75,25,50.079,"[88, 33, 1154, 968]","[78, 35, 1179, 962]","{""axis_angle_tolerance_degrees"":10.0,""bbox_padding_fraction"":0.0,""minimum_bbox_area_fraction"":0.1,""minimum_length_fraction"":0.08,""outer_percentile"":5.0,""refine_mode"":""none"",""scale"":0.6}",,,"{""legacy_parameter_set_id"":""2cf82997c714"",""parameter_grid_ordinal"":3,""parameter_grid_sha256"":""6e2c51ae3089ad7b2e3cbc67591e7965e2c3125df856be25b3ad306412915b46"",""parameter_identity_schema_version"":""1"",""parameter_identity_sha256"":""25f3e3923df983f7e9025d065b204a67cc3651d9cd5dfb955dfa0ed1af3bea3d"",""parameter_schema_version"":""1"",""parameter_set_equivalence_family_id"":""2cf82997c714"",""parameter_set_equivalence_family_sha256"":""2cf82997c7147cece5e53f54c41771d0bcc4132118fdf1453dc588a27b76f967"",""parameter_set_equivalence_family_size"":1,""parameter_set_id"":""2cf82997c714"",""parameters"":{""axis_angle_tolerance_degrees"":10.0,""bbox_padding_fraction"":0.0,""minimum_bbox_area_fraction"":0.1,""minimum_length_fraction"":0.08,""outer_percentile"":5.0,""refine_mode"":""none"",""scale"":0.6},""profile"":null,""rank"":6,""reference_roles"":[],""requested_search_member"":true,""run_id"":""run-20260902-204847"",""search_observation"":{""completion_index"":6,""elapsed_seconds"":0.9494119370356202,""parameter_set_number"":6,""search_fraction"":0.6},""search_rank"":5,""search_space_member"":true,""summary"":{""elapsed_ms_total"":270.867,""failure_count"":1,""mean_edge_error_px"":24.438,""mean_iou"":0.73399404,""mean_iou_success"":0.91749255,""minimum_iou"":0.0,""page_count"":5,""stddev_iou"":0.36948977,""success_count"":4,""wall_ms"":271.213}}","{""approved_bbox"":[88,33,1154,968],""candidate"":{""authors"":null,""bbox"":[78,35,1179,962],""confidence"":0.986927,""corners"":[[78.0,35.0],[1179.0,35.0],[1179.0,962.0],[78.0,962.0]],""detector_name"":"""",""diagnostics"":{""area_score"":1.0,""bbox_area_fraction"":0.813041,""horizontal_segments"":3,""line_segments"":2025,""mask_score"":0.981325,""minimum_length_px"":79.2,""parameters"":{""axis_angle_tolerance_degrees"":10.0,""bbox_padding_fraction"":0.0,""minimum_bbox_area_fraction"":0.1,""minimum_length_fraction"":0.08,""outer_percentile"":5.0,""refine_mode"":""none"",""scale"":0.6},""support_score"":1.0,""vertical_segments"":22},""foundation"":null,""method"":""lsd"",""origin"":"""",""repository"":"""",""score"":0.986927,""status"":""ok"",""version"":""""},""edge_error_maximum_px"":25,""edge_error_mean_px"":10.75,""edge_errors"":{""bottom"":6,""left"":10,""maximum"":25,""mean"":10.75,""right"":25,""top"":2},""elapsed_ms"":50.079,""global_ordinal"":10,""iou"":0.96018773,""label"":""clean_two_page_spread_2"",""layout_type"":""two_page_spread"",""predicted_bbox"":[78,35,1179,962],""status"":""ok""}"
run-20260902-204847,d2768f2a1ee0,d2768f2a1ee024daa22643ed6eb87aba70e817ec9302560a5af6bb4bc55d1fea,1,d2768f2a1ee0,6f154168ef6f4be6fb316ef58b5ce88ac05fc5d07733f6c04d9b3fa553a6aaa8,1,6e2c51ae3089ad7b2e3cbc67591e7965e2c3125df856be25b3ad306412915b46,6,,7,6,1,1,[],{},7,0.9494239152409136,0.7,1,ordinary_two_page_spread,two_page_spread,ok,0.90001281,106,6,7,6,31.25,106,86.604,"[125, 56, 1289, 967]","[19, 62, 1282, 961]","{""axis_angle_tolerance_degrees"":10.0,""bbox_padding_fraction"":0.0,""minimum_bbox_area_fraction"":0.15,""minimum_length_fraction"":0.08,""outer_percentile"":5.0,""refine_mode"":""none"",""scale"":0.6}",,,"{""legacy_parameter_set_id"":""d2768f2a1ee0"",""parameter_grid_ordinal"":6,""parameter_grid_sha256"":""6e2c51ae3089ad7b2e3cbc67591e7965e2c3125df856be25b3ad306412915b46"",""parameter_identity_schema_version"":""1"",""parameter_identity_sha256"":""6f154168ef6f4be6fb316ef58b5ce88ac05fc5d07733f6c04d9b3fa553a6aaa8"",""parameter_schema_version"":""1"",""parameter_set_equivalence_family_id"":""d2768f2a1ee0"",""parameter_set_equivalence_family_sha256"":""d2768f2a1ee024daa22643ed6eb87aba70e817ec9302560a5af6bb4bc55d1fea"",""parameter_set_equivalence_family_size"":1,""parameter_set_id"":""d2768f2a1ee0"",""parameters"":{""axis_angle_tolerance_degrees"":10.0,""bbox_padding_fraction"":0.0,""minimum_bbox_area_fraction"":0.15,""minimum_length_fraction"":0.08,""outer_percentile"":5.0,""refine_mode"":""none"",""scale"":0.6},""profile"":null,""rank"":7,""reference_roles"":[],""requested_search_member"":true,""run_id"":""run-20260902-204847"",""search_observation"":{""completion_index"":7,""elapsed_seconds"":0.9494239152409136,""parameter_set_number"":7,""search_fraction"":0.7},""search_rank"":6,""search_space_member"":true,""summary"":{""elapsed_ms_total"":252.289,""failure_count"":1,""mean_edge_error_px"":24.438,""mean_iou"":0.73399404,""mean_iou_success"":0.91749255,""minimum_iou"":0.0,""page_count"":5,""stddev_iou"":0.36948977,""success_count"":4,""wall_ms"":252.637}}","{""approved_bbox"":[125,56,1289,967],""candidate"":{""authors"":null,""bbox"":[19,62,1282,961],""confidence"":0.937107,""corners"":[[19.0,62.0],[1282.0,62.0],[1282.0,961.0],[19.0,961.0]],""detector_name"":"""",""diagnostics"":{""area_score"":1.0,""bbox_area_fraction"":0.833255,""horizontal_segments"":7,""line_segments"":2574,""mask_score"":0.910153,""minimum_length_px"":78.88,""parameters"":{""axis_angle_tolerance_degrees"":10.0,""bbox_padding_fraction"":0.0,""minimum_bbox_area_fraction"":0.15,""minimum_length_fraction"":0.08,""outer_percentile"":5.0,""refine_mode"":""none"",""scale"":0.6},""support_score"":1.0,""vertical_segments"":39},""foundation"":null,""method"":""lsd"",""origin"":"""",""repository"":"""",""score"":0.937107,""status"":""ok"",""version"":""""},""edge_error_maximum_px"":106,""edge_error_mean_px"":31.25,""edge_errors"":{""bottom"":6,""left"":106,""maximum"":106,""mean"":31.25,""right"":7,""top"":6},""elapsed_ms"":86.604,""global_ordinal"":1,""iou"":0.90001281,""label"":""ordinary_two_page_spread"",""layout_type"":""two_page_spread"",""predicted_bbox"":[19,62,1282,961],""status"":""ok""}"
run-20260902-204847,d2768f2a1ee0,d2768f2a1ee024daa22643ed6eb87aba70e817ec9302560a5af6bb4bc55d1fea,1,d2768f2a1ee0,6f154168ef6f4be6fb316ef58b5ce88ac05fc5d07733f6c04d9b3fa553a6aaa8,1,6e2c51ae3089ad7b2e3cbc67591e7965e2c3125df856be25b3ad306412915b46,6,,7,6,1,1,[],{},7,0.9494239152409136,0.7,5,damaged_partial_register_spread,two_page_spread,ok,0.96290671,3,11,19,7,10.0,19,45.033,"[67, 8, 1233, 977]","[70, 19, 1214, 970]","{""axis_angle_tolerance_degrees"":10.0,""bbox_padding_fraction"":0.0,""minimum_bbox_area_fraction"":0.15,""minimum_length_fraction"":0.08,""outer_percentile"":5.0,""refine_mode"":""none"",""scale"":0.6}",,,"{""legacy_parameter_set_id"":""d2768f2a1ee0"",""parameter_grid_ordinal"":6,""parameter_grid_sha256"":""6e2c51ae3089ad7b2e3cbc67591e7965e2c3125df856be25b3ad306412915b46"",""parameter_identity_schema_version"":""1"",""parameter_identity_sha256"":""6f154168ef6f4be6fb316ef58b5ce88ac05fc5d07733f6c04d9b3fa553a6aaa8"",""parameter_schema_version"":""1"",""parameter_set_equivalence_family_id"":""d2768f2a1ee0"",""parameter_set_equivalence_family_sha256"":""d2768f2a1ee024daa22643ed6eb87aba70e817ec9302560a5af6bb4bc55d1fea"",""parameter_set_equivalence_family_size"":1,""parameter_set_id"":""d2768f2a1ee0"",""parameters"":{""axis_angle_tolerance_degrees"":10.0,""bbox_padding_fraction"":0.0,""minimum_bbox_area_fraction"":0.15,""minimum_length_fraction"":0.08,""outer_percentile"":5.0,""refine_mode"":""none"",""scale"":0.6},""profile"":null,""rank"":7,""reference_roles"":[],""requested_search_member"":true,""run_id"":""run-20260902-204847"",""search_observation"":{""completion_index"":7,""elapsed_seconds"":0.9494239152409136,""parameter_set_number"":7,""search_fraction"":0.7},""search_rank"":6,""search_space_member"":true,""summary"":{""elapsed_ms_total"":252.289,""failure_count"":1,""mean_edge_error_px"":24.438,""mean_iou"":0.73399404,""mean_iou_success"":0.91749255,""minimum_iou"":0.0,""page_count"":5,""stddev_iou"":0.36948977,""success_count"":4,""wall_ms"":252.637}}","{""approved_bbox"":[67,8,1233,977],""candidate"":{""authors"":null,""bbox"":[70,19,1214,970],""confidence"":0.795186,""corners"":[[70.0,19.0],[1214.0,19.0],[1214.0,970.0],[70.0,970.0]],""detector_name"":"""",""diagnostics"":{""area_score"":1.0,""bbox_area_fraction"":0.837594,""horizontal_segments"":5,""line_segments"":1568,""mask_score"":0.707409,""minimum_length_px"":78.96,""parameters"":{""axis_angle_tolerance_degrees"":10.0,""bbox_padding_fraction"":0.0,""minimum_bbox_area_fraction"":0.15,""minimum_length_fraction"":0.08,""outer_percentile"":5.0,""refine_mode"":""none"",""scale"":0.6},""support_score"":1.0,""vertical_segments"":32},""foundation"":null,""method"":""lsd"",""origin"":"""",""repository"":"""",""score"":0.795186,""status"":""ok"",""version"":""""},""edge_error_maximum_px"":19,""edge_error_mean_px"":10.0,""edge_errors"":{""bottom"":7,""left"":3,""maximum"":19,""mean"":10.0,""right"":19,""top"":11},""elapsed_ms"":45.033,""global_ordinal"":5,""iou"":0.96290671,""label"":""damaged_partial_register_spread"",""layout_type"":""two_page_spread"",""predicted_bbox"":[70,19,1214,970],""status"":""ok""}"
run-20260902-204847,d2768f2a1ee0,d2768f2a1ee024daa22643ed6eb87aba70e817ec9302560a5af6bb4bc55d1fea,1,d2768f2a1ee0,6f154168ef6f4be6fb316ef58b5ce88ac05fc5d07733f6c04d9b3fa553a6aaa8,1,6e2c51ae3089ad7b2e3cbc67591e7965e2c3125df856be25b3ad306412915b46,6,,7,6,1,1,[],{},7,0.9494239152409136,0.7,6,title_or_index_sheet,single_page,no_candidate,0.0,,,,,,,23.156,null,null,"{""axis_angle_tolerance_degrees"":10.0,""bbox_padding_fraction"":0.0,""minimum_bbox_area_fraction"":0.15,""minimum_length_fraction"":0.08,""outer_percentile"":5.0,""refine_mode"":""none"",""scale"":0.6}",,,"{""legacy_parameter_set_id"":""d2768f2a1ee0"",""parameter_grid_ordinal"":6,""parameter_grid_sha256"":""6e2c51ae3089ad7b2e3cbc67591e7965e2c3125df856be25b3ad306412915b46"",""parameter_identity_schema_version"":""1"",""parameter_identity_sha256"":""6f154168ef6f4be6fb316ef58b5ce88ac05fc5d07733f6c04d9b3fa553a6aaa8"",""parameter_schema_version"":""1"",""parameter_set_equivalence_family_id"":""d2768f2a1ee0"",""parameter_set_equivalence_family_sha256"":""d2768f2a1ee024daa22643ed6eb87aba70e817ec9302560a5af6bb4bc55d1fea"",""parameter_set_equivalence_family_size"":1,""parameter_set_id"":""d2768f2a1ee0"",""parameters"":{""axis_angle_tolerance_degrees"":10.0,""bbox_padding_fraction"":0.0,""minimum_bbox_area_fraction"":0.15,""minimum_length_fraction"":0.08,""outer_percentile"":5.0,""refine_mode"":""none"",""scale"":0.6},""profile"":null,""rank"":7,""reference_roles"":[],""requested_search_member"":true,""run_id"":""run-20260902-204847"",""search_observation"":{""completion_index"":7,""elapsed_seconds"":0.9494239152409136,""parameter_set_number"":7,""search_fraction"":0.7},""search_rank"":6,""search_space_member"":true,""summary"":{""elapsed_ms_total"":252.289,""failure_count"":1,""mean_edge_error_px"":24.438,""mean_iou"":0.73399404,""mean_iou_success"":0.91749255,""minimum_iou"":0.0,""page_count"":5,""stddev_iou"":0.36948977,""success_count"":4,""wall_ms"":252.637}}","{""candidate"":{""authors"":null,""bbox"":null,""confidence"":0.0,""corners"":null,""detector_name"":"""",""diagnostics"":{""bbox_area_fraction"":0.002959,""horizontal_segments"":2,""parameters"":{""axis_angle_tolerance_degrees"":10.0,""bbox_padding_fraction"":0.0,""minimum_bbox_area_fraction"":0.15,""minimum_length_fraction"":0.08,""outer_percentile"":5.0,""refine_mode"":""none"",""scale"":0.6},""reason"":""lsd_envelope_too_small"",""vertical_segments"":6},""foundation"":null,""method"":""lsd"",""origin"":"""",""repository"":"""",""score"":0.0,""status"":""ok"",""version"":""""},""edge_error_maximum_px"":null,""edge_error_mean_px"":null,""elapsed_ms"":23.156,""global_ordinal"":6,""iou"":0.0,""label"":""title_or_index_sheet"",""layout_type"":""single_page"",""status"":""no_candidate""}"
run-20260902-204847,d2768f2a1ee0,d2768f2a1ee024daa22643ed6eb87aba70e817ec9302560a5af6bb4bc55d1fea,1,d2768f2a1ee0,6f154168ef6f4be6fb316ef58b5ce88ac05fc5d07733f6c04d9b3fa553a6aaa8,1,6e2c51ae3089ad7b2e3cbc67591e7965e2c3125df856be25b3ad306412915b46,6,,7,6,1,1,[],{},7,0.9494239152409136,0.7,9,clean_two_page_spread,two_page_spread,ok,0.84686294,9,2,168,4,45.75,168,48.182,"[84, 51, 1101, 941]","[75, 53, 1269, 937]","{""axis_angle_tolerance_degrees"":10.0,""bbox_padding_fraction"":0.0,""minimum_bbox_area_fraction"":0.15,""minimum_length_fraction"":0.08,""outer_percentile"":5.0,""refine_mode"":""none"",""scale"":0.6}",,,"{""legacy_parameter_set_id"":""d2768f2a1ee0"",""parameter_grid_ordinal"":6,""parameter_grid_sha256"":""6e2c51ae3089ad7b2e3cbc67591e7965e2c3125df856be25b3ad306412915b46"",""parameter_identity_schema_version"":""1"",""parameter_identity_sha256"":""6f154168ef6f4be6fb316ef58b5ce88ac05fc5d07733f6c04d9b3fa553a6aaa8"",""parameter_schema_version"":""1"",""parameter_set_equivalence_family_id"":""d2768f2a1ee0"",""parameter_set_equivalence_family_sha256"":""d2768f2a1ee024daa22643ed6eb87aba70e817ec9302560a5af6bb4bc55d1fea"",""parameter_set_equivalence_family_size"":1,""parameter_set_id"":""d2768f2a1ee0"",""parameters"":{""axis_angle_tolerance_degrees"":10.0,""bbox_padding_fraction"":0.0,""minimum_bbox_area_fraction"":0.15,""minimum_length_fraction"":0.08,""outer_percentile"":5.0,""refine_mode"":""none"",""scale"":0.6},""profile"":null,""rank"":7,""reference_roles"":[],""requested_search_member"":true,""run_id"":""run-20260902-204847"",""search_observation"":{""completion_index"":7,""elapsed_seconds"":0.9494239152409136,""parameter_set_number"":7,""search_fraction"":0.7},""search_rank"":6,""search_space_member"":true,""summary"":{""elapsed_ms_total"":252.289,""failure_count"":1,""mean_edge_error_px"":24.438,""mean_iou"":0.73399404,""mean_iou_success"":0.91749255,""minimum_iou"":0.0,""page_count"":5,""stddev_iou"":0.36948977,""success_count"":4,""wall_ms"":252.637}}","{""approved_bbox"":[84,51,1101,941],""candidate"":{""authors"":null,""bbox"":[75,53,1269,937],""confidence"":0.956359,""corners"":[[75.0,53.0],[1269.0,53.0],[1269.0,937.0],[75.0,937.0]],""detector_name"":"""",""diagnostics"":{""area_score"":1.0,""bbox_area_fraction"":0.831964,""horizontal_segments"":4,""line_segments"":2012,""mask_score"":0.937655,""minimum_length_px"":78.8,""parameters"":{""axis_angle_tolerance_degrees"":10.0,""bbox_padding_fraction"":0.0,""minimum_bbox_area_fraction"":0.15,""minimum_length_fraction"":0.08,""outer_percentile"":5.0,""refine_mode"":""none"",""scale"":0.6},""support_score"":1.0,""vertical_segments"":31},""foundation"":null,""method"":""lsd"",""origin"":"""",""repository"":"""",""score"":0.956359,""status"":""ok"",""version"":""""},""edge_error_maximum_px"":168,""edge_error_mean_px"":45.75,""edge_errors"":{""bottom"":4,""left"":9,""maximum"":168,""mean"":45.75,""right"":168,""top"":2},""elapsed_ms"":48.182,""global_ordinal"":9,""iou"":0.84686294,""label"":""clean_two_page_spread"",""layout_type"":""two_page_spread"",""predicted_bbox"":[75,53,1269,937],""status"":""ok""}"
run-20260902-204847,d2768f2a1ee0,d2768f2a1ee024daa22643ed6eb87aba70e817ec9302560a5af6bb4bc55d1fea,1,d2768f2a1ee0,6f154168ef6f4be6fb316ef58b5ce88ac05fc5d07733f6c04d9b3fa553a6aaa8,1,6e2c51ae3089ad7b2e3cbc67591e7965e2c3125df856be25b3ad306412915b46,6,,7,6,1,1,[],{},7,0.9494239152409136,0.7,10,clean_two_page_spread_2,two_page_spread,ok,0.96018773,10,2,25,6,10.75,25,49.314,"[88, 33, 1154, 968]","[78, 35, 1179, 962]","{""axis_angle_tolerance_degrees"":10.0,""bbox_padding_fraction"":0.0,""minimum_bbox_area_fraction"":0.15,""minimum_length_fraction"":0.08,""outer_percentile"":5.0,""refine_mode"":""none"",""scale"":0.6}",,,"{""legacy_parameter_set_id"":""d2768f2a1ee0"",""parameter_grid_ordinal"":6,""parameter_grid_sha256"":""6e2c51ae3089ad7b2e3cbc67591e7965e2c3125df856be25b3ad306412915b46"",""parameter_identity_schema_version"":""1"",""parameter_identity_sha256"":""6f154168ef6f4be6fb316ef58b5ce88ac05fc5d07733f6c04d9b3fa553a6aaa8"",""parameter_schema_version"":""1"",""parameter_set_equivalence_family_id"":""d2768f2a1ee0"",""parameter_set_equivalence_family_sha256"":""d2768f2a1ee024daa22643ed6eb87aba70e817ec9302560a5af6bb4bc55d1fea"",""parameter_set_equivalence_family_size"":1,""parameter_set_id"":""d2768f2a1ee0"",""parameters"":{""axis_angle_tolerance_degrees"":10.0,""bbox_padding_fraction"":0.0,""minimum_bbox_area_fraction"":0.15,""minimum_length_fraction"":0.08,""outer_percentile"":5.0,""refine_mode"":""none"",""scale"":0.6},""profile"":null,""rank"":7,""reference_roles"":[],""requested_search_member"":true,""run_id"":""run-20260902-204847"",""search_observation"":{""completion_index"":7,""elapsed_seconds"":0.9494239152409136,""parameter_set_number"":7,""search_fraction"":0.7},""search_rank"":6,""search_space_member"":true,""summary"":{""elapsed_ms_total"":252.289,""failure_count"":1,""mean_edge_error_px"":24.438,""mean_iou"":0.73399404,""mean_iou_success"":0.91749255,""minimum_iou"":0.0,""page_count"":5,""stddev_iou"":0.36948977,""success_count"":4,""wall_ms"":252.637}}","{""approved_bbox"":[88,33,1154,968],""candidate"":{""authors"":null,""bbox"":[78,35,1179,962],""confidence"":0.986927,""corners"":[[78.0,35.0],[1179.0,35.0],[1179.0,962.0],[78.0,962.0]],""detector_name"":"""",""diagnostics"":{""area_score"":1.0,""bbox_area_fraction"":0.813041,""horizontal_segments"":3,""line_segments"":2025,""mask_score"":0.981325,""minimum_length_px"":79.2,""parameters"":{""axis_angle_tolerance_degrees"":10.0,""bbox_padding_fraction"":0.0,""minimum_bbox_area_fraction"":0.15,""minimum_length_fraction"":0.08,""outer_percentile"":5.0,""refine_mode"":""none"",""scale"":0.6},""support_score"":1.0,""vertical_segments"":22},""foundation"":null,""method"":""lsd"",""origin"":"""",""repository"":"""",""score"":0.986927,""status"":""ok"",""version"":""""},""edge_error_maximum_px"":25,""edge_error_mean_px"":10.75,""edge_errors"":{""bottom"":6,""left"":10,""maximum"":25,""mean"":10.75,""right"":25,""top"":2},""elapsed_ms"":49.314,""global_ordinal"":10,""iou"":0.96018773,""label"":""clean_two_page_spread_2"",""layout_type"":""two_page_spread"",""predicted_bbox"":[78,35,1179,962],""status"":""ok""}"
run-20260902-204847,c2e72a89edc6,c2e72a89edc616d21d14f0c06c2ce3fde658d1e8419bd830d587e94efb7330db,1,c2e72a89edc6,d1809b36059b3d218b82bee2d71c6f18666177e8af06a9e960a5a9d7c9233952,1,6e2c51ae3089ad7b2e3cbc67591e7965e2c3125df856be25b3ad306412915b46,2,,8,7,1,1,[],{},5,0.9493969953618944,0.5,1,ordinary_two_page_spread,two_page_spread,ok,0.88278942,121,9,8,9,36.75,121,105.125,"[125, 56, 1289, 967]","[4, 47, 1297, 976]","{""axis_angle_tolerance_degrees"":10.0,""bbox_padding_fraction"":0.015,""minimum_bbox_area_fraction"":0.08,""minimum_length_fraction"":0.08,""outer_percentile"":5.0,""refine_mode"":""none"",""scale"":0.6}",,,"{""legacy_parameter_set_id"":""c2e72a89edc6"",""parameter_grid_ordinal"":2,""parameter_grid_sha256"":""6e2c51ae3089ad7b2e3cbc67591e7965e2c3125df856be25b3ad306412915b46"",""parameter_identity_schema_version"":""1"",""parameter_identity_sha256"":""d1809b36059b3d218b82bee2d71c6f18666177e8af06a9e960a5a9d7c9233952"",""parameter_schema_version"":""1"",""parameter_set_equivalence_family_id"":""c2e72a89edc6"",""parameter_set_equivalence_family_sha256"":""c2e72a89edc616d21d14f0c06c2ce3fde658d1e8419bd830d587e94efb7330db"",""parameter_set_equivalence_family_size"":1,""parameter_set_id"":""c2e72a89edc6"",""parameters"":{""axis_angle_tolerance_degrees"":10.0,""bbox_padding_fraction"":0.015,""minimum_bbox_area_fraction"":0.08,""minimum_length_fraction"":0.08,""outer_percentile"":5.0,""refine_mode"":""none"",""scale"":0.6},""profile"":null,""rank"":8,""reference_roles"":[],""requested_search_member"":true,""run_id"":""run-20260902-204847"",""search_observation"":{""completion_index"":5,""elapsed_seconds"":0.9493969953618944,""parameter_set_number"":5,""search_fraction"":0.5},""search_rank"":7,""search_space_member"":true,""summary"":{""elapsed_ms_total"":271.078,""failure_count"":1,""mean_edge_error_px"":30.812,""mean_iou"":0.71742151,""mean_iou_success"":0.89677689,""minimum_iou"":0.0,""page_count"":5,""stddev_iou"":0.36272861,""success_count"":4,""wall_ms"":271.425}}","{""approved_bbox"":[125,56,1289,967],""candidate"":{""authors"":null,""bbox"":[4,47,1297,976],""confidence"":0.921046,""corners"":[[4.0,47.0],[1297.0,47.0],[1297.0,976.0],[4.0,976.0]],""detector_name"":"""",""diagnostics"":{""area_score"":1.0,""bbox_area_fraction"":0.881514,""horizontal_segments"":7,""line_segments"":2574,""mask_score"":0.887208,""minimum_length_px"":78.88,""parameters"":{""axis_angle_tolerance_degrees"":10.0,""bbox_padding_fraction"":0.015,""minimum_bbox_area_fraction"":0.08,""minimum_length_fraction"":0.08,""outer_percentile"":5.0,""refine_mode"":""none"",""scale"":0.6},""support_score"":1.0,""vertical_segments"":39},""foundation"":null,""method"":""lsd"",""origin"":"""",""repository"":"""",""score"":0.921046,""status"":""ok"",""version"":""""},""edge_error_maximum_px"":121,""edge_error_mean_px"":36.75,""edge_errors"":{""bottom"":9,""left"":121,""maximum"":121,""mean"":36.75,""right"":8,""top"":9},""elapsed_ms"":105.125,""global_ordinal"":1,""iou"":0.88278942,""label"":""ordinary_two_page_spread"",""layout_type"":""two_page_spread"",""predicted_bbox"":[4,47,1297,976],""status"":""ok""}"
run-20260902-204847,c2e72a89edc6,c2e72a89edc616d21d14f0c06c2ce3fde658d1e8419bd830d587e94efb7330db,1,c2e72a89edc6,d1809b36059b3d218b82bee2d71c6f18666177e8af06a9e960a5a9d7c9233952,1,6e2c51ae3089ad7b2e3cbc67591e7965e2c3125df856be25b3ad306412915b46,2,,8,7,1,1,[],{},5,0.9493969953618944,0.5,5,damaged_partial_register_spread,two_page_spread,ok,0.97439186,12,4,4,8,7.0,12,45.574,"[67, 8, 1233, 977]","[55, 4, 1229, 985]","{""axis_angle_tolerance_degrees"":10.0,""bbox_padding_fraction"":0.015,""minimum_bbox_area_fraction"":0.08,""minimum_length_fraction"":0.08,""outer_percentile"":5.0,""refine_mode"":""none"",""scale"":0.6}",,,"{""legacy_parameter_set_id"":""c2e72a89edc6"",""parameter_grid_ordinal"":2,""parameter_grid_sha256"":""6e2c51ae3089ad7b2e3cbc67591e7965e2c3125df856be25b3ad306412915b46"",""parameter_identity_schema_version"":""1"",""parameter_identity_sha256"":""d1809b36059b3d218b82bee2d71c6f18666177e8af06a9e960a5a9d7c9233952"",""parameter_schema_version"":""1"",""parameter_set_equivalence_family_id"":""c2e72a89edc6"",""parameter_set_equivalence_family_sha256"":""c2e72a89edc616d21d14f0c06c2ce3fde658d1e8419bd830d587e94efb7330db"",""parameter_set_equivalence_family_size"":1,""parameter_set_id"":""c2e72a89edc6"",""parameters"":{""axis_angle_tolerance_degrees"":10.0,""bbox_padding_fraction"":0.015,""minimum_bbox_area_fraction"":0.08,""minimum_length_fraction"":0.08,""outer_percentile"":5.0,""refine_mode"":""none"",""scale"":0.6},""profile"":null,""rank"":8,""reference_roles"":[],""requested_search_member"":true,""run_id"":""run-20260902-204847"",""search_observation"":{""completion_index"":5,""elapsed_seconds"":0.9493969953618944,""parameter_set_number"":5,""search_fraction"":0.5},""search_rank"":7,""search_space_member"":true,""summary"":{""elapsed_ms_total"":271.078,""failure_count"":1,""mean_edge_error_px"":30.812,""mean_iou"":0.71742151,""mean_iou_success"":0.89677689,""minimum_iou"":0.0,""page_count"":5,""stddev_iou"":0.36272861,""success_count"":4,""wall_ms"":271.425}}","{""approved_bbox"":[67,8,1233,977],""candidate"":{""authors"":null,""bbox"":[55,4,1229,985],""confidence"":0.787036,""corners"":[[55.0,4.0],[1229.0,4.0],[1229.0,985.0],[55.0,985.0]],""detector_name"":"""",""diagnostics"":{""area_score"":1.0,""bbox_area_fraction"":0.886674,""horizontal_segments"":5,""line_segments"":1568,""mask_score"":0.695766,""minimum_length_px"":78.96,""parameters"":{""axis_angle_tolerance_degrees"":10.0,""bbox_padding_fraction"":0.015,""minimum_bbox_area_fraction"":0.08,""minimum_length_fraction"":0.08,""outer_percentile"":5.0,""refine_mode"":""none"",""scale"":0.6},""support_score"":1.0,""vertical_segments"":32},""foundation"":null,""method"":""lsd"",""origin"":"""",""repository"":"""",""score"":0.787036,""status"":""ok"",""version"":""""},""edge_error_maximum_px"":12,""edge_error_mean_px"":7.0,""edge_errors"":{""bottom"":8,""left"":12,""maximum"":12,""mean"":7.0,""right"":4,""top"":4},""elapsed_ms"":45.574,""global_ordinal"":5,""iou"":0.97439186,""label"":""damaged_partial_register_spread"",""layout_type"":""two_page_spread"",""predicted_bbox"":[55,4,1229,985],""status"":""ok""}"
run-20260902-204847,c2e72a89edc6,c2e72a89edc616d21d14f0c06c2ce3fde658d1e8419bd830d587e94efb7330db,1,c2e72a89edc6,d1809b36059b3d218b82bee2d71c6f18666177e8af06a9e960a5a9d7c9233952,1,6e2c51ae3089ad7b2e3cbc67591e7965e2c3125df856be25b3ad306412915b46,2,,8,7,1,1,[],{},5,0.9493969953618944,0.5,6,title_or_index_sheet,single_page,no_candidate,0.0,,,,,,,20.643,null,null,"{""axis_angle_tolerance_degrees"":10.0,""bbox_padding_fraction"":0.015,""minimum_bbox_area_fraction"":0.08,""minimum_length_fraction"":0.08,""outer_percentile"":5.0,""refine_mode"":""none"",""scale"":0.6}",,,"{""legacy_parameter_set_id"":""c2e72a89edc6"",""parameter_grid_ordinal"":2,""parameter_grid_sha256"":""6e2c51ae3089ad7b2e3cbc67591e7965e2c3125df856be25b3ad306412915b46"",""parameter_identity_schema_version"":""1"",""parameter_identity_sha256"":""d1809b36059b3d218b82bee2d71c6f18666177e8af06a9e960a5a9d7c9233952"",""parameter_schema_version"":""1"",""parameter_set_equivalence_family_id"":""c2e72a89edc6"",""parameter_set_equivalence_family_sha256"":""c2e72a89edc616d21d14f0c06c2ce3fde658d1e8419bd830d587e94efb7330db"",""parameter_set_equivalence_family_size"":1,""parameter_set_id"":""c2e72a89edc6"",""parameters"":{""axis_angle_tolerance_degrees"":10.0,""bbox_padding_fraction"":0.015,""minimum_bbox_area_fraction"":0.08,""minimum_length_fraction"":0.08,""outer_percentile"":5.0,""refine_mode"":""none"",""scale"":0.6},""profile"":null,""rank"":8,""reference_roles"":[],""requested_search_member"":true,""run_id"":""run-20260902-204847"",""search_observation"":{""completion_index"":5,""elapsed_seconds"":0.9493969953618944,""parameter_set_number"":5,""search_fraction"":0.5},""search_rank"":7,""search_space_member"":true,""summary"":{""elapsed_ms_total"":271.078,""failure_count"":1,""mean_edge_error_px"":30.812,""mean_iou"":0.71742151,""mean_iou_success"":0.89677689,""minimum_iou"":0.0,""page_count"":5,""stddev_iou"":0.36272861,""success_count"":4,""wall_ms"":271.425}}","{""candidate"":{""authors"":null,""bbox"":null,""confidence"":0.0,""corners"":null,""detector_name"":"""",""diagnostics"":{""bbox_area_fraction"":0.033478,""horizontal_segments"":2,""parameters"":{""axis_angle_tolerance_degrees"":10.0,""bbox_padding_fraction"":0.015,""minimum_bbox_area_fraction"":0.08,""minimum_length_fraction"":0.08,""outer_percentile"":5.0,""refine_mode"":""none"",""scale"":0.6},""reason"":""lsd_envelope_too_small"",""vertical_segments"":6},""foundation"":null,""method"":""lsd"",""origin"":"""",""repository"":"""",""score"":0.0,""status"":""ok"",""version"":""""},""edge_error_maximum_px"":null,""edge_error_mean_px"":null,""elapsed_ms"":20.643,""global_ordinal"":6,""iou"":0.0,""label"":""title_or_index_sheet"",""layout_type"":""single_page"",""status"":""no_candidate""}"
run-20260902-204847,c2e72a89edc6,c2e72a89edc616d21d14f0c06c2ce3fde658d1e8419bd830d587e94efb7330db,1,c2e72a89edc6,d1809b36059b3d218b82bee2d71c6f18666177e8af06a9e960a5a9d7c9233952,1,6e2c51ae3089ad7b2e3cbc67591e7965e2c3125df856be25b3ad306412915b46,2,,8,7,1,1,[],{},5,0.9493969953618944,0.5,9,clean_two_page_spread,two_page_spread,ok,0.80906487,24,13,183,11,57.75,183,50.088,"[84, 51, 1101, 941]","[60, 38, 1284, 952]","{""axis_angle_tolerance_degrees"":10.0,""bbox_padding_fraction"":0.015,""minimum_bbox_area_fraction"":0.08,""minimum_length_fraction"":0.08,""outer_percentile"":5.0,""refine_mode"":""none"",""scale"":0.6}",,,"{""legacy_parameter_set_id"":""c2e72a89edc6"",""parameter_grid_ordinal"":2,""parameter_grid_sha256"":""6e2c51ae3089ad7b2e3cbc67591e7965e2c3125df856be25b3ad306412915b46"",""parameter_identity_schema_version"":""1"",""parameter_identity_sha256"":""d1809b36059b3d218b82bee2d71c6f18666177e8af06a9e960a5a9d7c9233952"",""parameter_schema_version"":""1"",""parameter_set_equivalence_family_id"":""c2e72a89edc6"",""parameter_set_equivalence_family_sha256"":""c2e72a89edc616d21d14f0c06c2ce3fde658d1e8419bd830d587e94efb7330db"",""parameter_set_equivalence_family_size"":1,""parameter_set_id"":""c2e72a89edc6"",""parameters"":{""axis_angle_tolerance_degrees"":10.0,""bbox_padding_fraction"":0.015,""minimum_bbox_area_fraction"":0.08,""minimum_length_fraction"":0.08,""outer_percentile"":5.0,""refine_mode"":""none"",""scale"":0.6},""profile"":null,""rank"":8,""reference_roles"":[],""requested_search_member"":true,""run_id"":""run-20260902-204847"",""search_observation"":{""completion_index"":5,""elapsed_seconds"":0.9493969953618944,""parameter_set_number"":5,""search_fraction"":0.5},""search_rank"":7,""search_space_member"":true,""summary"":{""elapsed_ms_total"":271.078,""failure_count"":1,""mean_edge_error_px"":30.812,""mean_iou"":0.71742151,""mean_iou_success"":0.89677689,""minimum_iou"":0.0,""page_count"":5,""stddev_iou"":0.36272861,""success_count"":4,""wall_ms"":271.425}}","{""approved_bbox"":[84,51,1101,941],""candidate"":{""authors"":null,""bbox"":[60,38,1284,952],""confidence"":0.940123,""corners"":[[60.0,38.0],[1284.0,38.0],[1284.0,952.0],[60.0,952.0]],""detector_name"":"""",""diagnostics"":{""area_score"":1.0,""bbox_area_fraction"":0.881811,""horizontal_segments"":4,""line_segments"":2012,""mask_score"":0.914462,""minimum_length_px"":78.8,""parameters"":{""axis_angle_tolerance_degrees"":10.0,""bbox_padding_fraction"":0.015,""minimum_bbox_area_fraction"":0.08,""minimum_length_fraction"":0.08,""outer_percentile"":5.0,""refine_mode"":""none"",""scale"":0.6},""support_score"":1.0,""vertical_segments"":31},""foundation"":null,""method"":""lsd"",""origin"":"""",""repository"":"""",""score"":0.940123,""status"":""ok"",""version"":""""},""edge_error_maximum_px"":183,""edge_error_mean_px"":57.75,""edge_errors"":{""bottom"":11,""left"":24,""maximum"":183,""mean"":57.75,""right"":183,""top"":13},""elapsed_ms"":50.088,""global_ordinal"":9,""iou"":0.80906487,""label"":""clean_two_page_spread"",""layout_type"":""two_page_spread"",""predicted_bbox"":[60,38,1284,952],""status"":""ok""}"
run-20260902-204847,c2e72a89edc6,c2e72a89edc616d21d14f0c06c2ce3fde658d1e8419bd830d587e94efb7330db,1,c2e72a89edc6,d1809b36059b3d218b82bee2d71c6f18666177e8af06a9e960a5a9d7c9233952,1,6e2c51ae3089ad7b2e3cbc67591e7965e2c3125df856be25b3ad306412915b46,2,,8,7,1,1,[],{},5,0.9493969953618944,0.5,10,clean_two_page_spread_2,two_page_spread,ok,0.92086141,25,13,40,9,21.75,40,49.648,"[88, 33, 1154, 968]","[63, 20, 1194, 977]","{""axis_angle_tolerance_degrees"":10.0,""bbox_padding_fraction"":0.015,""minimum_bbox_area_fraction"":0.08,""minimum_length_fraction"":0.08,""outer_percentile"":5.0,""refine_mode"":""none"",""scale"":0.6}",,,"{""legacy_parameter_set_id"":""c2e72a89edc6"",""parameter_grid_ordinal"":2,""parameter_grid_sha256"":""6e2c51ae3089ad7b2e3cbc67591e7965e2c3125df856be25b3ad306412915b46"",""parameter_identity_schema_version"":""1"",""parameter_identity_sha256"":""d1809b36059b3d218b82bee2d71c6f18666177e8af06a9e960a5a9d7c9233952"",""parameter_schema_version"":""1"",""parameter_set_equivalence_family_id"":""c2e72a89edc6"",""parameter_set_equivalence_family_sha256"":""c2e72a89edc616d21d14f0c06c2ce3fde658d1e8419bd830d587e94efb7330db"",""parameter_set_equivalence_family_size"":1,""parameter_set_id"":""c2e72a89edc6"",""parameters"":{""axis_angle_tolerance_degrees"":10.0,""bbox_padding_fraction"":0.015,""minimum_bbox_area_fraction"":0.08,""minimum_length_fraction"":0.08,""outer_percentile"":5.0,""refine_mode"":""none"",""scale"":0.6},""profile"":null,""rank"":8,""reference_roles"":[],""requested_search_member"":true,""run_id"":""run-20260902-204847"",""search_observation"":{""completion_index"":5,""elapsed_seconds"":0.9493969953618944,""parameter_set_number"":5,""search_fraction"":0.5},""search_rank"":7,""search_space_member"":true,""summary"":{""elapsed_ms_total"":271.078,""failure_count"":1,""mean_edge_error_px"":30.812,""mean_iou"":0.71742151,""mean_iou_success"":0.89677689,""minimum_iou"":0.0,""page_count"":5,""stddev_iou"":0.36272861,""success_count"":4,""wall_ms"":271.425}}","{""approved_bbox"":[88,33,1154,968],""candidate"":{""authors"":null,""bbox"":[63,20,1194,977],""confidence"":0.967911,""corners"":[[63.0,20.0],[1194.0,20.0],[1194.0,977.0],[63.0,977.0]],""detector_name"":"""",""diagnostics"":{""area_score"":1.0,""bbox_area_fraction"":0.862224,""horizontal_segments"":3,""line_segments"":2025,""mask_score"":0.954159,""minimum_length_px"":79.2,""parameters"":{""axis_angle_tolerance_degrees"":10.0,""bbox_padding_fraction"":0.015,""minimum_bbox_area_fraction"":0.08,""minimum_length_fraction"":0.08,""outer_percentile"":5.0,""refine_mode"":""none"",""scale"":0.6},""support_score"":1.0,""vertical_segments"":22},""foundation"":null,""method"":""lsd"",""origin"":"""",""repository"":"""",""score"":0.967911,""status"":""ok"",""version"":""""},""edge_error_maximum_px"":40,""edge_error_mean_px"":21.75,""edge_errors"":{""bottom"":9,""left"":25,""maximum"":40,""mean"":21.75,""right"":40,""top"":13},""elapsed_ms"":49.648,""global_ordinal"":10,""iou"":0.92086141,""label"":""clean_two_page_spread_2"",""layout_type"":""two_page_spread"",""predicted_bbox"":[63,20,1194,977],""status"":""ok""}"
run-20260902-204847,130c1f8a6b69,130c1f8a6b6930bf76aa671c631f387937023d3afce68d4bf356f3787bdfd355,1,130c1f8a6b69,941b3fb3e7719857ca2663aa1ff84834f3eefc96526dca6f8db47a112fd41e70,1,6e2c51ae3089ad7b2e3cbc67591e7965e2c3125df856be25b3ad306412915b46,5,,9,8,1,1,[],{},3,0.9476899481378496,0.3,1,ordinary_two_page_spread,two_page_spread,ok,0.88278942,121,9,8,9,36.75,121,100.078,"[125, 56, 1289, 967]","[4, 47, 1297, 976]","{""axis_angle_tolerance_degrees"":10.0,""bbox_padding_fraction"":0.015,""minimum_bbox_area_fraction"":0.1,""minimum_length_fraction"":0.08,""outer_percentile"":5.0,""refine_mode"":""none"",""scale"":0.6}",,,"{""legacy_parameter_set_id"":""130c1f8a6b69"",""parameter_grid_ordinal"":5,""parameter_grid_sha256"":""6e2c51ae3089ad7b2e3cbc67591e7965e2c3125df856be25b3ad306412915b46"",""parameter_identity_schema_version"":""1"",""parameter_identity_sha256"":""941b3fb3e7719857ca2663aa1ff84834f3eefc96526dca6f8db47a112fd41e70"",""parameter_schema_version"":""1"",""parameter_set_equivalence_family_id"":""130c1f8a6b69"",""parameter_set_equivalence_family_sha256"":""130c1f8a6b6930bf76aa671c631f387937023d3afce68d4bf356f3787bdfd355"",""parameter_set_equivalence_family_size"":1,""parameter_set_id"":""130c1f8a6b69"",""parameters"":{""axis_angle_tolerance_degrees"":10.0,""bbox_padding_fraction"":0.015,""minimum_bbox_area_fraction"":0.1,""minimum_length_fraction"":0.08,""outer_percentile"":5.0,""refine_mode"":""none"",""scale"":0.6},""profile"":null,""rank"":9,""reference_roles"":[],""requested_search_member"":true,""run_id"":""run-20260902-204847"",""search_observation"":{""completion_index"":3,""elapsed_seconds"":0.9476899481378496,""parameter_set_number"":3,""search_fraction"":0.3},""search_rank"":8,""search_space_member"":true,""summary"":{""elapsed_ms_total"":265.069,""failure_count"":1,""mean_edge_error_px"":30.812,""mean_iou"":0.71742151,""mean_iou_success"":0.89677689,""minimum_iou"":0.0,""page_count"":5,""stddev_iou"":0.36272861,""success_count"":4,""wall_ms"":265.414}}","{""approved_bbox"":[125,56,1289,967],""candidate"":{""authors"":null,""bbox"":[4,47,1297,976],""confidence"":0.921046,""corners"":[[4.0,47.0],[1297.0,47.0],[1297.0,976.0],[4.0,976.0]],""detector_name"":"""",""diagnostics"":{""area_score"":1.0,""bbox_area_fraction"":0.881514,""horizontal_segments"":7,""line_segments"":2574,""mask_score"":0.887208,""minimum_length_px"":78.88,""parameters"":{""axis_angle_tolerance_degrees"":10.0,""bbox_padding_fraction"":0.015,""minimum_bbox_area_fraction"":0.1,""minimum_length_fraction"":0.08,""outer_percentile"":5.0,""refine_mode"":""none"",""scale"":0.6},""support_score"":1.0,""vertical_segments"":39},""foundation"":null,""method"":""lsd"",""origin"":"""",""repository"":"""",""score"":0.921046,""status"":""ok"",""version"":""""},""edge_error_maximum_px"":121,""edge_error_mean_px"":36.75,""edge_errors"":{""bottom"":9,""left"":121,""maximum"":121,""mean"":36.75,""right"":8,""top"":9},""elapsed_ms"":100.078,""global_ordinal"":1,""iou"":0.88278942,""label"":""ordinary_two_page_spread"",""layout_type"":""two_page_spread"",""predicted_bbox"":[4,47,1297,976],""status"":""ok""}"
run-20260902-204847,130c1f8a6b69,130c1f8a6b6930bf76aa671c631f387937023d3afce68d4bf356f3787bdfd355,1,130c1f8a6b69,941b3fb3e7719857ca2663aa1ff84834f3eefc96526dca6f8db47a112fd41e70,1,6e2c51ae3089ad7b2e3cbc67591e7965e2c3125df856be25b3ad306412915b46,5,,9,8,1,1,[],{},3,0.9476899481378496,0.3,5,damaged_partial_register_spread,two_page_spread,ok,0.97439186,12,4,4,8,7.0,12,45.415,"[67, 8, 1233, 977]","[55, 4, 1229, 985]","{""axis_angle_tolerance_degrees"":10.0,""bbox_padding_fraction"":0.015,""minimum_bbox_area_fraction"":0.1,""minimum_length_fraction"":0.08,""outer_percentile"":5.0,""refine_mode"":""none"",""scale"":0.6}",,,"{""legacy_parameter_set_id"":""130c1f8a6b69"",""parameter_grid_ordinal"":5,""parameter_grid_sha256"":""6e2c51ae3089ad7b2e3cbc67591e7965e2c3125df856be25b3ad306412915b46"",""parameter_identity_schema_version"":""1"",""parameter_identity_sha256"":""941b3fb3e7719857ca2663aa1ff84834f3eefc96526dca6f8db47a112fd41e70"",""parameter_schema_version"":""1"",""parameter_set_equivalence_family_id"":""130c1f8a6b69"",""parameter_set_equivalence_family_sha256"":""130c1f8a6b6930bf76aa671c631f387937023d3afce68d4bf356f3787bdfd355"",""parameter_set_equivalence_family_size"":1,""parameter_set_id"":""130c1f8a6b69"",""parameters"":{""axis_angle_tolerance_degrees"":10.0,""bbox_padding_fraction"":0.015,""minimum_bbox_area_fraction"":0.1,""minimum_length_fraction"":0.08,""outer_percentile"":5.0,""refine_mode"":""none"",""scale"":0.6},""profile"":null,""rank"":9,""reference_roles"":[],""requested_search_member"":true,""run_id"":""run-20260902-204847"",""search_observation"":{""completion_index"":3,""elapsed_seconds"":0.9476899481378496,""parameter_set_number"":3,""search_fraction"":0.3},""search_rank"":8,""search_space_member"":true,""summary"":{""elapsed_ms_total"":265.069,""failure_count"":1,""mean_edge_error_px"":30.812,""mean_iou"":0.71742151,""mean_iou_success"":0.89677689,""minimum_iou"":0.0,""page_count"":5,""stddev_iou"":0.36272861,""success_count"":4,""wall_ms"":265.414}}","{""approved_bbox"":[67,8,1233,977],""candidate"":{""authors"":null,""bbox"":[55,4,1229,985],""confidence"":0.787036,""corners"":[[55.0,4.0],[1229.0,4.0],[1229.0,985.0],[55.0,985.0]],""detector_name"":"""",""diagnostics"":{""area_score"":1.0,""bbox_area_fraction"":0.886674,""horizontal_segments"":5,""line_segments"":1568,""mask_score"":0.695766,""minimum_length_px"":78.96,""parameters"":{""axis_angle_tolerance_degrees"":10.0,""bbox_padding_fraction"":0.015,""minimum_bbox_area_fraction"":0.1,""minimum_length_fraction"":0.08,""outer_percentile"":5.0,""refine_mode"":""none"",""scale"":0.6},""support_score"":1.0,""vertical_segments"":32},""foundation"":null,""method"":""lsd"",""origin"":"""",""repository"":"""",""score"":0.787036,""status"":""ok"",""version"":""""},""edge_error_maximum_px"":12,""edge_error_mean_px"":7.0,""edge_errors"":{""bottom"":8,""left"":12,""maximum"":12,""mean"":7.0,""right"":4,""top"":4},""elapsed_ms"":45.415,""global_ordinal"":5,""iou"":0.97439186,""label"":""damaged_partial_register_spread"",""layout_type"":""two_page_spread"",""predicted_bbox"":[55,4,1229,985],""status"":""ok""}"
run-20260902-204847,130c1f8a6b69,130c1f8a6b6930bf76aa671c631f387937023d3afce68d4bf356f3787bdfd355,1,130c1f8a6b69,941b3fb3e7719857ca2663aa1ff84834f3eefc96526dca6f8db47a112fd41e70,1,6e2c51ae3089ad7b2e3cbc67591e7965e2c3125df856be25b3ad306412915b46,5,,9,8,1,1,[],{},3,0.9476899481378496,0.3,6,title_or_index_sheet,single_page,no_candidate,0.0,,,,,,,19.047,null,null,"{""axis_angle_tolerance_degrees"":10.0,""bbox_padding_fraction"":0.015,""minimum_bbox_area_fraction"":0.1,""minimum_length_fraction"":0.08,""outer_percentile"":5.0,""refine_mode"":""none"",""scale"":0.6}",,,"{""legacy_parameter_set_id"":""130c1f8a6b69"",""parameter_grid_ordinal"":5,""parameter_grid_sha256"":""6e2c51ae3089ad7b2e3cbc67591e7965e2c3125df856be25b3ad306412915b46"",""parameter_identity_schema_version"":""1"",""parameter_identity_sha256"":""941b3fb3e7719857ca2663aa1ff84834f3eefc96526dca6f8db47a112fd41e70"",""parameter_schema_version"":""1"",""parameter_set_equivalence_family_id"":""130c1f8a6b69"",""parameter_set_equivalence_family_sha256"":""130c1f8a6b6930bf76aa671c631f387937023d3afce68d4bf356f3787bdfd355"",""parameter_set_equivalence_family_size"":1,""parameter_set_id"":""130c1f8a6b69"",""parameters"":{""axis_angle_tolerance_degrees"":10.0,""bbox_padding_fraction"":0.015,""minimum_bbox_area_fraction"":0.1,""minimum_length_fraction"":0.08,""outer_percentile"":5.0,""refine_mode"":""none"",""scale"":0.6},""profile"":null,""rank"":9,""reference_roles"":[],""requested_search_member"":true,""run_id"":""run-20260902-204847"",""search_observation"":{""completion_index"":3,""elapsed_seconds"":0.9476899481378496,""parameter_set_number"":3,""search_fraction"":0.3},""search_rank"":8,""search_space_member"":true,""summary"":{""elapsed_ms_total"":265.069,""failure_count"":1,""mean_edge_error_px"":30.812,""mean_iou"":0.71742151,""mean_iou_success"":0.89677689,""minimum_iou"":0.0,""page_count"":5,""stddev_iou"":0.36272861,""success_count"":4,""wall_ms"":265.414}}","{""candidate"":{""authors"":null,""bbox"":null,""confidence"":0.0,""corners"":null,""detector_name"":"""",""diagnostics"":{""bbox_area_fraction"":0.033478,""horizontal_segments"":2,""parameters"":{""axis_angle_tolerance_degrees"":10.0,""bbox_padding_fraction"":0.015,""minimum_bbox_area_fraction"":0.1,""minimum_length_fraction"":0.08,""outer_percentile"":5.0,""refine_mode"":""none"",""scale"":0.6},""reason"":""lsd_envelope_too_small"",""vertical_segments"":6},""foundation"":null,""method"":""lsd"",""origin"":"""",""repository"":"""",""score"":0.0,""status"":""ok"",""version"":""""},""edge_error_maximum_px"":null,""edge_error_mean_px"":null,""elapsed_ms"":19.047,""global_ordinal"":6,""iou"":0.0,""label"":""title_or_index_sheet"",""layout_type"":""single_page"",""status"":""no_candidate""}"
run-20260902-204847,130c1f8a6b69,130c1f8a6b6930bf76aa671c631f387937023d3afce68d4bf356f3787bdfd355,1,130c1f8a6b69,941b3fb3e7719857ca2663aa1ff84834f3eefc96526dca6f8db47a112fd41e70,1,6e2c51ae3089ad7b2e3cbc67591e7965e2c3125df856be25b3ad306412915b46,5,,9,8,1,1,[],{},3,0.9476899481378496,0.3,9,clean_two_page_spread,two_page_spread,ok,0.80906487,24,13,183,11,57.75,183,51.544,"[84, 51, 1101, 941]","[60, 38, 1284, 952]","{""axis_angle_tolerance_degrees"":10.0,""bbox_padding_fraction"":0.015,""minimum_bbox_area_fraction"":0.1,""minimum_length_fraction"":0.08,""outer_percentile"":5.0,""refine_mode"":""none"",""scale"":0.6}",,,"{""legacy_parameter_set_id"":""130c1f8a6b69"",""parameter_grid_ordinal"":5,""parameter_grid_sha256"":""6e2c51ae3089ad7b2e3cbc67591e7965e2c3125df856be25b3ad306412915b46"",""parameter_identity_schema_version"":""1"",""parameter_identity_sha256"":""941b3fb3e7719857ca2663aa1ff84834f3eefc96526dca6f8db47a112fd41e70"",""parameter_schema_version"":""1"",""parameter_set_equivalence_family_id"":""130c1f8a6b69"",""parameter_set_equivalence_family_sha256"":""130c1f8a6b6930bf76aa671c631f387937023d3afce68d4bf356f3787bdfd355"",""parameter_set_equivalence_family_size"":1,""parameter_set_id"":""130c1f8a6b69"",""parameters"":{""axis_angle_tolerance_degrees"":10.0,""bbox_padding_fraction"":0.015,""minimum_bbox_area_fraction"":0.1,""minimum_length_fraction"":0.08,""outer_percentile"":5.0,""refine_mode"":""none"",""scale"":0.6},""profile"":null,""rank"":9,""reference_roles"":[],""requested_search_member"":true,""run_id"":""run-20260902-204847"",""search_observation"":{""completion_index"":3,""elapsed_seconds"":0.9476899481378496,""parameter_set_number"":3,""search_fraction"":0.3},""search_rank"":8,""search_space_member"":true,""summary"":{""elapsed_ms_total"":265.069,""failure_count"":1,""mean_edge_error_px"":30.812,""mean_iou"":0.71742151,""mean_iou_success"":0.89677689,""minimum_iou"":0.0,""page_count"":5,""stddev_iou"":0.36272861,""success_count"":4,""wall_ms"":265.414}}","{""approved_bbox"":[84,51,1101,941],""candidate"":{""authors"":null,""bbox"":[60,38,1284,952],""confidence"":0.940123,""corners"":[[60.0,38.0],[1284.0,38.0],[1284.0,952.0],[60.0,952.0]],""detector_name"":"""",""diagnostics"":{""area_score"":1.0,""bbox_area_fraction"":0.881811,""horizontal_segments"":4,""line_segments"":2012,""mask_score"":0.914462,""minimum_length_px"":78.8,""parameters"":{""axis_angle_tolerance_degrees"":10.0,""bbox_padding_fraction"":0.015,""minimum_bbox_area_fraction"":0.1,""minimum_length_fraction"":0.08,""outer_percentile"":5.0,""refine_mode"":""none"",""scale"":0.6},""support_score"":1.0,""vertical_segments"":31},""foundation"":null,""method"":""lsd"",""origin"":"""",""repository"":"""",""score"":0.940123,""status"":""ok"",""version"":""""},""edge_error_maximum_px"":183,""edge_error_mean_px"":57.75,""edge_errors"":{""bottom"":11,""left"":24,""maximum"":183,""mean"":57.75,""right"":183,""top"":13},""elapsed_ms"":51.544,""global_ordinal"":9,""iou"":0.80906487,""label"":""clean_two_page_spread"",""layout_type"":""two_page_spread"",""predicted_bbox"":[60,38,1284,952],""status"":""ok""}"
run-20260902-204847,130c1f8a6b69,130c1f8a6b6930bf76aa671c631f387937023d3afce68d4bf356f3787bdfd355,1,130c1f8a6b69,941b3fb3e7719857ca2663aa1ff84834f3eefc96526dca6f8db47a112fd41e70,1,6e2c51ae3089ad7b2e3cbc67591e7965e2c3125df856be25b3ad306412915b46,5,,9,8,1,1,[],{},3,0.9476899481378496,0.3,10,clean_two_page_spread_2,two_page_spread,ok,0.92086141,25,13,40,9,21.75,40,48.985,"[88, 33, 1154, 968]","[63, 20, 1194, 977]","{""axis_angle_tolerance_degrees"":10.0,""bbox_padding_fraction"":0.015,""minimum_bbox_area_fraction"":0.1,""minimum_length_fraction"":0.08,""outer_percentile"":5.0,""refine_mode"":""none"",""scale"":0.6}",,,"{""legacy_parameter_set_id"":""130c1f8a6b69"",""parameter_grid_ordinal"":5,""parameter_grid_sha256"":""6e2c51ae3089ad7b2e3cbc67591e7965e2c3125df856be25b3ad306412915b46"",""parameter_identity_schema_version"":""1"",""parameter_identity_sha256"":""941b3fb3e7719857ca2663aa1ff84834f3eefc96526dca6f8db47a112fd41e70"",""parameter_schema_version"":""1"",""parameter_set_equivalence_family_id"":""130c1f8a6b69"",""parameter_set_equivalence_family_sha256"":""130c1f8a6b6930bf76aa671c631f387937023d3afce68d4bf356f3787bdfd355"",""parameter_set_equivalence_family_size"":1,""parameter_set_id"":""130c1f8a6b69"",""parameters"":{""axis_angle_tolerance_degrees"":10.0,""bbox_padding_fraction"":0.015,""minimum_bbox_area_fraction"":0.1,""minimum_length_fraction"":0.08,""outer_percentile"":5.0,""refine_mode"":""none"",""scale"":0.6},""profile"":null,""rank"":9,""reference_roles"":[],""requested_search_member"":true,""run_id"":""run-20260902-204847"",""search_observation"":{""completion_index"":3,""elapsed_seconds"":0.9476899481378496,""parameter_set_number"":3,""search_fraction"":0.3},""search_rank"":8,""search_space_member"":true,""summary"":{""elapsed_ms_total"":265.069,""failure_count"":1,""mean_edge_error_px"":30.812,""mean_iou"":0.71742151,""mean_iou_success"":0.89677689,""minimum_iou"":0.0,""page_count"":5,""stddev_iou"":0.36272861,""success_count"":4,""wall_ms"":265.414}}","{""approved_bbox"":[88,33,1154,968],""candidate"":{""authors"":null,""bbox"":[63,20,1194,977],""confidence"":0.967911,""corners"":[[63.0,20.0],[1194.0,20.0],[1194.0,977.0],[63.0,977.0]],""detector_name"":"""",""diagnostics"":{""area_score"":1.0,""bbox_area_fraction"":0.862224,""horizontal_segments"":3,""line_segments"":2025,""mask_score"":0.954159,""minimum_length_px"":79.2,""parameters"":{""axis_angle_tolerance_degrees"":10.0,""bbox_padding_fraction"":0.015,""minimum_bbox_area_fraction"":0.1,""minimum_length_fraction"":0.08,""outer_percentile"":5.0,""refine_mode"":""none"",""scale"":0.6},""support_score"":1.0,""vertical_segments"":22},""foundation"":null,""method"":""lsd"",""origin"":"""",""repository"":"""",""score"":0.967911,""status"":""ok"",""version"":""""},""edge_error_maximum_px"":40,""edge_error_mean_px"":21.75,""edge_errors"":{""bottom"":9,""left"":25,""maximum"":40,""mean"":21.75,""right"":40,""top"":13},""elapsed_ms"":48.985,""global_ordinal"":10,""iou"":0.92086141,""label"":""clean_two_page_spread_2"",""layout_type"":""two_page_spread"",""predicted_bbox"":[63,20,1194,977],""status"":""ok""}"
run-20260902-204847,b2df04f4e947,b2df04f4e94748e03081f930e607ced4bfca1331a251fca02dd94200a94f7eb5,1,b2df04f4e947,c48eeb2528bd8eaf50c6f6b8e40d3314564a89ea78ddc8bd0c4c6291ed4b86b9,1,6e2c51ae3089ad7b2e3cbc67591e7965e2c3125df856be25b3ad306412915b46,1092,baseline,10,,0,1,"[""baseline""]",{},,,,1,ordinary_two_page_spread,two_page_spread,ok,0.89548147,105,8,9,8,32.5,105,89.739,"[125, 56, 1289, 967]","[20, 64, 1280, 959]","{""axis_angle_tolerance_degrees"":18.0,""bbox_padding_fraction"":0.0,""minimum_bbox_area_fraction"":0.1,""minimum_length_fraction"":0.14,""outer_percentile"":10.0,""refine_mode"":""std"",""scale"":0.8}",,,"{""legacy_parameter_set_id"":""b2df04f4e947"",""parameter_grid_ordinal"":1092,""parameter_grid_sha256"":""6e2c51ae3089ad7b2e3cbc67591e7965e2c3125df856be25b3ad306412915b46"",""parameter_identity_schema_version"":""1"",""parameter_identity_sha256"":""c48eeb2528bd8eaf50c6f6b8e40d3314564a89ea78ddc8bd0c4c6291ed4b86b9"",""parameter_schema_version"":""1"",""parameter_set_equivalence_family_id"":""b2df04f4e947"",""parameter_set_equivalence_family_sha256"":""b2df04f4e94748e03081f930e607ced4bfca1331a251fca02dd94200a94f7eb5"",""parameter_set_equivalence_family_size"":1,""parameter_set_id"":""b2df04f4e947"",""parameters"":{""axis_angle_tolerance_degrees"":18.0,""bbox_padding_fraction"":0.0,""minimum_bbox_area_fraction"":0.1,""minimum_length_fraction"":0.14,""outer_percentile"":10.0,""refine_mode"":""std"",""scale"":0.8},""profile"":""baseline"",""rank"":10,""reference_roles"":[""baseline""],""requested_search_member"":false,""run_id"":""run-20260902-204847"",""search_space_member"":true,""summary"":{""elapsed_ms_total"":345.82,""failure_count"":2,""mean_edge_error_px"":29.25,""mean_iou"":0.54140109,""mean_iou_success"":0.90233514,""minimum_iou"":0.0,""page_count"":5,""stddev_iou"":0.44360345,""success_count"":3,""wall_ms"":346.346}}","{""approved_bbox"":[125,56,1289,967],""candidate"":{""authors"":null,""bbox"":[20,64,1280,959],""confidence"":0.878966,""corners"":[[20.0,64.0],[1280.0,64.0],[1280.0,959.0],[20.0,959.0]],""detector_name"":"""",""diagnostics"":{""area_score"":1.0,""bbox_area_fraction"":0.827577,""horizontal_segments"":2,""line_segments"":5148,""mask_score"":0.912809,""minimum_length_px"":138.04,""parameters"":{""axis_angle_tolerance_degrees"":18.0,""bbox_padding_fraction"":0.0,""minimum_bbox_area_fraction"":0.1,""minimum_length_fraction"":0.14,""outer_percentile"":10.0,""refine_mode"":""std"",""scale"":0.8},""support_score"":0.7,""vertical_segments"":12},""foundation"":null,""method"":""lsd"",""origin"":"""",""repository"":"""",""score"":0.878966,""status"":""ok"",""version"":""""},""edge_error_maximum_px"":105,""edge_error_mean_px"":32.5,""edge_errors"":{""bottom"":8,""left"":105,""maximum"":105,""mean"":32.5,""right"":9,""top"":8},""elapsed_ms"":89.739,""global_ordinal"":1,""iou"":0.89548147,""label"":""ordinary_two_page_spread"",""layout_type"":""two_page_spread"",""predicted_bbox"":[20,64,1280,959],""status"":""ok""}"
run-20260902-204847,b2df04f4e947,b2df04f4e94748e03081f930e607ced4bfca1331a251fca02dd94200a94f7eb5,1,b2df04f4e947,c48eeb2528bd8eaf50c6f6b8e40d3314564a89ea78ddc8bd0c4c6291ed4b86b9,1,6e2c51ae3089ad7b2e3cbc67591e7965e2c3125df856be25b3ad306412915b46,1092,baseline,10,,0,1,"[""baseline""]",{},,,,5,damaged_partial_register_spread,two_page_spread,no_candidate,0.0,,,,,,,71.682,null,null,"{""axis_angle_tolerance_degrees"":18.0,""bbox_padding_fraction"":0.0,""minimum_bbox_area_fraction"":0.1,""minimum_length_fraction"":0.14,""outer_percentile"":10.0,""refine_mode"":""std"",""scale"":0.8}",,,"{""legacy_parameter_set_id"":""b2df04f4e947"",""parameter_grid_ordinal"":1092,""parameter_grid_sha256"":""6e2c51ae3089ad7b2e3cbc67591e7965e2c3125df856be25b3ad306412915b46"",""parameter_identity_schema_version"":""1"",""parameter_identity_sha256"":""c48eeb2528bd8eaf50c6f6b8e40d3314564a89ea78ddc8bd0c4c6291ed4b86b9"",""parameter_schema_version"":""1"",""parameter_set_equivalence_family_id"":""b2df04f4e947"",""parameter_set_equivalence_family_sha256"":""b2df04f4e94748e03081f930e607ced4bfca1331a251fca02dd94200a94f7eb5"",""parameter_set_equivalence_family_size"":1,""parameter_set_id"":""b2df04f4e947"",""parameters"":{""axis_angle_tolerance_degrees"":18.0,""bbox_padding_fraction"":0.0,""minimum_bbox_area_fraction"":0.1,""minimum_length_fraction"":0.14,""outer_percentile"":10.0,""refine_mode"":""std"",""scale"":0.8},""profile"":""baseline"",""rank"":10,""reference_roles"":[""baseline""],""requested_search_member"":false,""run_id"":""run-20260902-204847"",""search_space_member"":true,""summary"":{""elapsed_ms_total"":345.82,""failure_count"":2,""mean_edge_error_px"":29.25,""mean_iou"":0.54140109,""mean_iou_success"":0.90233514,""minimum_iou"":0.0,""page_count"":5,""stddev_iou"":0.44360345,""success_count"":3,""wall_ms"":346.346}}","{""candidate"":{""authors"":null,""bbox"":null,""confidence"":0.0,""corners"":null,""detector_name"":"""",""diagnostics"":{""bbox_area_fraction"":0.002587,""horizontal_segments"":2,""parameters"":{""axis_angle_tolerance_degrees"":18.0,""bbox_padding_fraction"":0.0,""minimum_bbox_area_fraction"":0.1,""minimum_length_fraction"":0.14,""outer_percentile"":10.0,""refine_mode"":""std"",""scale"":0.8},""reason"":""lsd_envelope_too_small"",""vertical_segments"":9},""foundation"":null,""method"":""lsd"",""origin"":"""",""repository"":"""",""score"":0.0,""status"":""ok"",""version"":""""},""edge_error_maximum_px"":null,""edge_error_mean_px"":null,""elapsed_ms"":71.682,""global_ordinal"":5,""iou"":0.0,""label"":""damaged_partial_register_spread"",""layout_type"":""two_page_spread"",""status"":""no_candidate""}"
run-20260902-204847,b2df04f4e947,b2df04f4e94748e03081f930e607ced4bfca1331a251fca02dd94200a94f7eb5,1,b2df04f4e947,c48eeb2528bd8eaf50c6f6b8e40d3314564a89ea78ddc8bd0c4c6291ed4b86b9,1,6e2c51ae3089ad7b2e3cbc67591e7965e2c3125df856be25b3ad306412915b46,1092,baseline,10,,0,1,"[""baseline""]",{},,,,6,title_or_index_sheet,single_page,no_candidate,0.0,,,,,,,35.205,null,null,"{""axis_angle_tolerance_degrees"":18.0,""bbox_padding_fraction"":0.0,""minimum_bbox_area_fraction"":0.1,""minimum_length_fraction"":0.14,""outer_percentile"":10.0,""refine_mode"":""std"",""scale"":0.8}",,,"{""legacy_parameter_set_id"":""b2df04f4e947"",""parameter_grid_ordinal"":1092,""parameter_grid_sha256"":""6e2c51ae3089ad7b2e3cbc67591e7965e2c3125df856be25b3ad306412915b46"",""parameter_identity_schema_version"":""1"",""parameter_identity_sha256"":""c48eeb2528bd8eaf50c6f6b8e40d3314564a89ea78ddc8bd0c4c6291ed4b86b9"",""parameter_schema_version"":""1"",""parameter_set_equivalence_family_id"":""b2df04f4e947"",""parameter_set_equivalence_family_sha256"":""b2df04f4e94748e03081f930e607ced4bfca1331a251fca02dd94200a94f7eb5"",""parameter_set_equivalence_family_size"":1,""parameter_set_id"":""b2df04f4e947"",""parameters"":{""axis_angle_tolerance_degrees"":18.0,""bbox_padding_fraction"":0.0,""minimum_bbox_area_fraction"":0.1,""minimum_length_fraction"":0.14,""outer_percentile"":10.0,""refine_mode"":""std"",""scale"":0.8},""profile"":""baseline"",""rank"":10,""reference_roles"":[""baseline""],""requested_search_member"":false,""run_id"":""run-20260902-204847"",""search_space_member"":true,""summary"":{""elapsed_ms_total"":345.82,""failure_count"":2,""mean_edge_error_px"":29.25,""mean_iou"":0.54140109,""mean_iou_success"":0.90233514,""minimum_iou"":0.0,""page_count"":5,""stddev_iou"":0.44360345,""success_count"":3,""wall_ms"":346.346}}","{""candidate"":{""authors"":null,""bbox"":null,""confidence"":0.0,""corners"":null,""detector_name"":"""",""diagnostics"":{""bbox_area_fraction"":0.002959,""horizontal_segments"":2,""parameters"":{""axis_angle_tolerance_degrees"":18.0,""bbox_padding_fraction"":0.0,""minimum_bbox_area_fraction"":0.1,""minimum_length_fraction"":0.14,""outer_percentile"":10.0,""refine_mode"":""std"",""scale"":0.8},""reason"":""lsd_envelope_too_small"",""vertical_segments"":2},""foundation"":null,""method"":""lsd"",""origin"":"""",""repository"":"""",""score"":0.0,""status"":""ok"",""version"":""""},""edge_error_maximum_px"":null,""edge_error_mean_px"":null,""elapsed_ms"":35.205,""global_ordinal"":6,""iou"":0.0,""label"":""title_or_index_sheet"",""layout_type"":""single_page"",""status"":""no_candidate""}"
run-20260902-204847,b2df04f4e947,b2df04f4e94748e03081f930e607ced4bfca1331a251fca02dd94200a94f7eb5,1,b2df04f4e947,c48eeb2528bd8eaf50c6f6b8e40d3314564a89ea78ddc8bd0c4c6291ed4b86b9,1,6e2c51ae3089ad7b2e3cbc67591e7965e2c3125df856be25b3ad306412915b46,1092,baseline,10,,0,1,"[""baseline""]",{},,,,9,clean_two_page_spread,two_page_spread,ok,0.84745601,7,3,168,4,45.5,168,68.425,"[84, 51, 1101, 941]","[77, 54, 1269, 937]","{""axis_angle_tolerance_degrees"":18.0,""bbox_padding_fraction"":0.0,""minimum_bbox_area_fraction"":0.1,""minimum_length_fraction"":0.14,""outer_percentile"":10.0,""refine_mode"":""std"",""scale"":0.8}",,,"{""legacy_parameter_set_id"":""b2df04f4e947"",""parameter_grid_ordinal"":1092,""parameter_grid_sha256"":""6e2c51ae3089ad7b2e3cbc67591e7965e2c3125df856be25b3ad306412915b46"",""parameter_identity_schema_version"":""1"",""parameter_identity_sha256"":""c48eeb2528bd8eaf50c6f6b8e40d3314564a89ea78ddc8bd0c4c6291ed4b86b9"",""parameter_schema_version"":""1"",""parameter_set_equivalence_family_id"":""b2df04f4e947"",""parameter_set_equivalence_family_sha256"":""b2df04f4e94748e03081f930e607ced4bfca1331a251fca02dd94200a94f7eb5"",""parameter_set_equivalence_family_size"":1,""parameter_set_id"":""b2df04f4e947"",""parameters"":{""axis_angle_tolerance_degrees"":18.0,""bbox_padding_fraction"":0.0,""minimum_bbox_area_fraction"":0.1,""minimum_length_fraction"":0.14,""outer_percentile"":10.0,""refine_mode"":""std"",""scale"":0.8},""profile"":""baseline"",""rank"":10,""reference_roles"":[""baseline""],""requested_search_member"":false,""run_id"":""run-20260902-204847"",""search_space_member"":true,""summary"":{""elapsed_ms_total"":345.82,""failure_count"":2,""mean_edge_error_px"":29.25,""mean_iou"":0.54140109,""mean_iou_success"":0.90233514,""minimum_iou"":0.0,""page_count"":5,""stddev_iou"":0.44360345,""success_count"":3,""wall_ms"":346.346}}","{""approved_bbox"":[84,51,1101,941],""candidate"":{""authors"":null,""bbox"":[77,54,1269,937],""confidence"":0.936445,""corners"":[[77.0,54.0],[1269.0,54.0],[1269.0,937.0],[77.0,937.0]],""detector_name"":"""",""diagnostics"":{""area_score"":1.0,""bbox_area_fraction"":0.829631,""horizontal_segments"":6,""line_segments"":3591,""mask_score"":0.937778,""minimum_length_px"":137.9,""parameters"":{""axis_angle_tolerance_degrees"":18.0,""bbox_padding_fraction"":0.0,""minimum_bbox_area_fraction"":0.1,""minimum_length_fraction"":0.14,""outer_percentile"":10.0,""refine_mode"":""std"",""scale"":0.8},""support_score"":0.9,""vertical_segments"":12},""foundation"":null,""method"":""lsd"",""origin"":"""",""repository"":"""",""score"":0.936445,""status"":""ok"",""version"":""""},""edge_error_maximum_px"":168,""edge_error_mean_px"":45.5,""edge_errors"":{""bottom"":4,""left"":7,""maximum"":168,""mean"":45.5,""right"":168,""top"":3},""elapsed_ms"":68.425,""global_ordinal"":9,""iou"":0.84745601,""label"":""clean_two_page_spread"",""layout_type"":""two_page_spread"",""predicted_bbox"":[77,54,1269,937],""status"":""ok""}"
run-20260902-204847,b2df04f4e947,b2df04f4e94748e03081f930e607ced4bfca1331a251fca02dd94200a94f7eb5,1,b2df04f4e947,c48eeb2528bd8eaf50c6f6b8e40d3314564a89ea78ddc8bd0c4c6291ed4b86b9,1,6e2c51ae3089ad7b2e3cbc67591e7965e2c3125df856be25b3ad306412915b46,1092,baseline,10,,0,1,"[""baseline""]",{},,,,10,clean_two_page_spread_2,two_page_spread,ok,0.96406795,10,1,24,4,9.75,24,80.769,"[88, 33, 1154, 968]","[78, 34, 1178, 964]","{""axis_angle_tolerance_degrees"":18.0,""bbox_padding_fraction"":0.0,""minimum_bbox_area_fraction"":0.1,""minimum_length_fraction"":0.14,""outer_percentile"":10.0,""refine_mode"":""std"",""scale"":0.8}",,,"{""legacy_parameter_set_id"":""b2df04f4e947"",""parameter_grid_ordinal"":1092,""parameter_grid_sha256"":""6e2c51ae3089ad7b2e3cbc67591e7965e2c3125df856be25b3ad306412915b46"",""parameter_identity_schema_version"":""1"",""parameter_identity_sha256"":""c48eeb2528bd8eaf50c6f6b8e40d3314564a89ea78ddc8bd0c4c6291ed4b86b9"",""parameter_schema_version"":""1"",""parameter_set_equivalence_family_id"":""b2df04f4e947"",""parameter_set_equivalence_family_sha256"":""b2df04f4e94748e03081f930e607ced4bfca1331a251fca02dd94200a94f7eb5"",""parameter_set_equivalence_family_size"":1,""parameter_set_id"":""b2df04f4e947"",""parameters"":{""axis_angle_tolerance_degrees"":18.0,""bbox_padding_fraction"":0.0,""minimum_bbox_area_fraction"":0.1,""minimum_length_fraction"":0.14,""outer_percentile"":10.0,""refine_mode"":""std"",""scale"":0.8},""profile"":""baseline"",""rank"":10,""reference_roles"":[""baseline""],""requested_search_member"":false,""run_id"":""run-20260902-204847"",""search_space_member"":true,""summary"":{""elapsed_ms_total"":345.82,""failure_count"":2,""mean_edge_error_px"":29.25,""mean_iou"":0.54140109,""mean_iou_success"":0.90233514,""minimum_iou"":0.0,""page_count"":5,""stddev_iou"":0.44360345,""success_count"":3,""wall_ms"":346.346}}","{""approved_bbox"":[88,33,1154,968],""candidate"":{""authors"":null,""bbox"":[78,34,1178,964],""confidence"":0.986156,""corners"":[[78.0,34.0],[1178.0,34.0],[1178.0,964.0],[78.0,964.0]],""detector_name"":"""",""diagnostics"":{""area_score"":1.0,""bbox_area_fraction"":0.814932,""horizontal_segments"":7,""line_segments"":3719,""mask_score"":0.980223,""minimum_length_px"":138.6,""parameters"":{""axis_angle_tolerance_degrees"":18.0,""bbox_padding_fraction"":0.0,""minimum_bbox_area_fraction"":0.1,""minimum_length_fraction"":0.14,""outer_percentile"":10.0,""refine_mode"":""std"",""scale"":0.8},""support_score"":1.0,""vertical_segments"":14},""foundation"":null,""method"":""lsd"",""origin"":"""",""repository"":"""",""score"":0.986156,""status"":""ok"",""version"":""""},""edge_error_maximum_px"":24,""edge_error_mean_px"":9.75,""edge_errors"":{""bottom"":4,""left"":10,""maximum"":24,""mean"":9.75,""right"":24,""top"":1},""elapsed_ms"":80.769,""global_ordinal"":10,""iou"":0.96406795,""label"":""clean_two_page_spread_2"",""layout_type"":""two_page_spread"",""predicted_bbox"":[78,34,1178,964],""status"":""ok""}"
