run_id,parameter_set_equivalence_family_id,parameter_set_equivalence_family_sha256,parameter_set_equivalence_family_size,parameter_set_id,parameter_identity_sha256,parameter_schema_version,parameter_grid_sha256,parameter_grid_ordinal,profile,rank,search_rank,requested_search_member,search_space_member,reference_roles_json,historic_reference_json,completion_index,completion_elapsed_seconds,search_fraction,global_ordinal,label,layout_type,status,iou,left_error_px,top_error_px,right_error_px,bottom_error_px,edge_error_mean_px,edge_error_maximum_px,elapsed_ms,approved_bbox_json,predicted_bbox_json,parameters_json,error_type,error_message,result_json,page_json
run-20260902-194656,0cd13eb1a471,0cd13eb1a471ab153fa7f2bd4297aed745a7d348322a8b259c5a3de17c287e69,1,0cd13eb1a471,36d705551505b46c54b4407c7708373a5529e88a69afa087f3365f8699ce3a9b,1,,,baseline,1,,0,1,"[""baseline""]",{},,,,1,ordinary_two_page_spread,two_page_spread,ok,0.85424412,14,38,93,28,43.25,93,145.374,"[125, 56, 1289, 967]","[111, 18, 1382, 939]","{""angle_weight"":0.2,""area_weight"":0.25,""close_iterations"":1,""close_kernel_fraction"":0.008,""epsilon_max_fraction"":0.04,""epsilon_min_fraction"":0.008,""epsilon_steps"":9,""merge_fragmented_contours"":true,""minimum_contour_area_fraction"":0.12,""minimum_projection_score"":0.08,""minimum_rectangularity"":0.55,""projection_margin_fraction"":0.06,""projection_threshold_block_fraction"":0.08,""projection_threshold_c"":9.0,""projection_weight"":0.3,""rectangularity_weight"":0.25}",,,"{""legacy_parameter_set_id"":""0cd13eb1a471"",""parameter_grid_ordinal"":null,""parameter_grid_sha256"":null,""parameter_identity_schema_version"":""1"",""parameter_identity_sha256"":""36d705551505b46c54b4407c7708373a5529e88a69afa087f3365f8699ce3a9b"",""parameter_schema_version"":""1"",""parameter_set_equivalence_family_id"":""0cd13eb1a471"",""parameter_set_equivalence_family_sha256"":""0cd13eb1a471ab153fa7f2bd4297aed745a7d348322a8b259c5a3de17c287e69"",""parameter_set_equivalence_family_size"":1,""parameter_set_id"":""0cd13eb1a471"",""parameters"":{""angle_weight"":0.2,""area_weight"":0.25,""close_iterations"":1,""close_kernel_fraction"":0.008,""epsilon_max_fraction"":0.04,""epsilon_min_fraction"":0.008,""epsilon_steps"":9,""merge_fragmented_contours"":true,""minimum_contour_area_fraction"":0.12,""minimum_projection_score"":0.08,""minimum_rectangularity"":0.55,""projection_margin_fraction"":0.06,""projection_threshold_block_fraction"":0.08,""projection_threshold_c"":9.0,""projection_weight"":0.3,""rectangularity_weight"":0.25},""profile"":""baseline"",""rank"":1,""reference_roles"":[""baseline""],""requested_search_member"":false,""run_id"":""run-20260902-194656"",""search_space_member"":true,""summary"":{""elapsed_ms_total"":599.762,""failure_count"":0,""mean_edge_error_px"":34.8,""mean_iou"":0.87682013,""mean_iou_success"":0.87682013,""minimum_iou"":0.75890607,""page_count"":5,""stddev_iou"":0.07335619,""success_count"":5,""wall_ms"":600.282}}","{""approved_bbox"":[125,56,1289,967],""candidate"":{""authors"":null,""bbox"":[111,18,1382,939],""confidence"":0.745349,""corners"":[[111.0,90.0],[1381.0,18.0],[1257.0,938.0],[235.0,917.0]],""detector_name"":"""",""diagnostics"":{""angle_score"":0.85918058,""area_score"":0.7346197,""close_kernel_size"":9,""contour_hypothesis_count"":9,""contour_source"":""merged_convex_hull"",""epsilon_fraction"":0.016,""external_contour_count"":8,""horizontal_band_score"":0.25166229,""ink_fraction"":0.24160867,""parameters"":{""angle_weight"":0.2,""area_weight"":0.25,""close_iterations"":1,""close_kernel_fraction"":0.008,""epsilon_max_fraction"":0.04,""epsilon_min_fraction"":0.008,""epsilon_steps"":9,""merge_fragmented_contours"":true,""minimum_contour_area_fraction"":0.12,""minimum_projection_score"":0.08,""minimum_rectangularity"":0.55,""projection_margin_fraction"":0.06,""projection_threshold_block_fraction"":0.08,""projection_threshold_c"":9.0,""projection_weight"":0.3,""rectangularity_weight"":0.25},""projection_score"":0.46619184,""quadrilateral_count"":13,""rectangularity"":1.0,""rejected_projection"":0,""rejected_rectangularity"":0,""vertical_coverage_score"":0.84761905},""foundation"":null,""method"":""contour_projection"",""origin"":"""",""repository"":"""",""score"":0.745349,""status"":""ok"",""version"":""""},""edge_error_maximum_px"":93,""edge_error_mean_px"":43.25,""edge_errors"":{""bottom"":28,""left"":14,""maximum"":93,""mean"":43.25,""right"":93,""top"":38},""elapsed_ms"":145.374,""global_ordinal"":1,""iou"":0.85424412,""label"":""ordinary_two_page_spread"",""layout_type"":""two_page_spread"",""predicted_bbox"":[111,18,1382,939],""status"":""ok""}"
run-20260902-194656,0cd13eb1a471,0cd13eb1a471ab153fa7f2bd4297aed745a7d348322a8b259c5a3de17c287e69,1,0cd13eb1a471,36d705551505b46c54b4407c7708373a5529e88a69afa087f3365f8699ce3a9b,1,,,baseline,1,,0,1,"[""baseline""]",{},,,,5,damaged_partial_register_spread,two_page_spread,ok,0.86176634,52,7,83,28,42.5,83,67.459,"[67, 8, 1233, 977]","[119, 15, 1316, 949]","{""angle_weight"":0.2,""area_weight"":0.25,""close_iterations"":1,""close_kernel_fraction"":0.008,""epsilon_max_fraction"":0.04,""epsilon_min_fraction"":0.008,""epsilon_steps"":9,""merge_fragmented_contours"":true,""minimum_contour_area_fraction"":0.12,""minimum_projection_score"":0.08,""minimum_rectangularity"":0.55,""projection_margin_fraction"":0.06,""projection_threshold_block_fraction"":0.08,""projection_threshold_c"":9.0,""projection_weight"":0.3,""rectangularity_weight"":0.25}",,,"{""legacy_parameter_set_id"":""0cd13eb1a471"",""parameter_grid_ordinal"":null,""parameter_grid_sha256"":null,""parameter_identity_schema_version"":""1"",""parameter_identity_sha256"":""36d705551505b46c54b4407c7708373a5529e88a69afa087f3365f8699ce3a9b"",""parameter_schema_version"":""1"",""parameter_set_equivalence_family_id"":""0cd13eb1a471"",""parameter_set_equivalence_family_sha256"":""0cd13eb1a471ab153fa7f2bd4297aed745a7d348322a8b259c5a3de17c287e69"",""parameter_set_equivalence_family_size"":1,""parameter_set_id"":""0cd13eb1a471"",""parameters"":{""angle_weight"":0.2,""area_weight"":0.25,""close_iterations"":1,""close_kernel_fraction"":0.008,""epsilon_max_fraction"":0.04,""epsilon_min_fraction"":0.008,""epsilon_steps"":9,""merge_fragmented_contours"":true,""minimum_contour_area_fraction"":0.12,""minimum_projection_score"":0.08,""minimum_rectangularity"":0.55,""projection_margin_fraction"":0.06,""projection_threshold_block_fraction"":0.08,""projection_threshold_c"":9.0,""projection_weight"":0.3,""rectangularity_weight"":0.25},""profile"":""baseline"",""rank"":1,""reference_roles"":[""baseline""],""requested_search_member"":false,""run_id"":""run-20260902-194656"",""search_space_member"":true,""summary"":{""elapsed_ms_total"":599.762,""failure_count"":0,""mean_edge_error_px"":34.8,""mean_iou"":0.87682013,""mean_iou_success"":0.87682013,""minimum_iou"":0.75890607,""page_count"":5,""stddev_iou"":0.07335619,""success_count"":5,""wall_ms"":600.282}}","{""approved_bbox"":[67,8,1233,977],""candidate"":{""authors"":null,""bbox"":[119,15,1316,949],""confidence"":0.700517,""corners"":[[119.0,36.0],[1315.0,15.0],[739.0,948.0],[137.0,771.0]],""detector_name"":"""",""diagnostics"":{""angle_score"":0.72086268,""area_score"":0.59398934,""close_kernel_size"":9,""contour_hypothesis_count"":15,""contour_source"":""merged_convex_hull"",""epsilon_fraction"":0.032,""external_contour_count"":14,""horizontal_band_score"":0.24963631,""ink_fraction"":0.18263276,""parameters"":{""angle_weight"":0.2,""area_weight"":0.25,""close_iterations"":1,""close_kernel_fraction"":0.008,""epsilon_max_fraction"":0.04,""epsilon_min_fraction"":0.008,""epsilon_steps"":9,""merge_fragmented_contours"":true,""minimum_contour_area_fraction"":0.12,""minimum_projection_score"":0.08,""minimum_rectangularity"":0.55,""projection_margin_fraction"":0.06,""projection_threshold_block_fraction"":0.08,""projection_threshold_c"":9.0,""projection_weight"":0.3,""rectangularity_weight"":0.25},""projection_score"":0.5261578,""quadrilateral_count"":7,""rectangularity"":1.0,""rejected_projection"":0,""rejected_rectangularity"":0,""vertical_coverage_score"":0.86692015},""foundation"":null,""method"":""contour_projection"",""origin"":"""",""repository"":"""",""score"":0.700517,""status"":""ok"",""version"":""""},""edge_error_maximum_px"":83,""edge_error_mean_px"":42.5,""edge_errors"":{""bottom"":28,""left"":52,""maximum"":83,""mean"":42.5,""right"":83,""top"":7},""elapsed_ms"":67.459,""global_ordinal"":5,""iou"":0.86176634,""label"":""damaged_partial_register_spread"",""layout_type"":""two_page_spread"",""predicted_bbox"":[119,15,1316,949],""status"":""ok""}"
run-20260902-194656,0cd13eb1a471,0cd13eb1a471ab153fa7f2bd4297aed745a7d348322a8b259c5a3de17c287e69,1,0cd13eb1a471,36d705551505b46c54b4407c7708373a5529e88a69afa087f3365f8699ce3a9b,1,,,baseline,1,,0,1,"[""baseline""]",{},,,,6,title_or_index_sheet,single_page,ok,0.75890607,125,16,37,82,65.0,125,52.317,"[15, 28, 1074, 970]","[140, 44, 1037, 888]","{""angle_weight"":0.2,""area_weight"":0.25,""close_iterations"":1,""close_kernel_fraction"":0.008,""epsilon_max_fraction"":0.04,""epsilon_min_fraction"":0.008,""epsilon_steps"":9,""merge_fragmented_contours"":true,""minimum_contour_area_fraction"":0.12,""minimum_projection_score"":0.08,""minimum_rectangularity"":0.55,""projection_margin_fraction"":0.06,""projection_threshold_block_fraction"":0.08,""projection_threshold_c"":9.0,""projection_weight"":0.3,""rectangularity_weight"":0.25}",,,"{""legacy_parameter_set_id"":""0cd13eb1a471"",""parameter_grid_ordinal"":null,""parameter_grid_sha256"":null,""parameter_identity_schema_version"":""1"",""parameter_identity_sha256"":""36d705551505b46c54b4407c7708373a5529e88a69afa087f3365f8699ce3a9b"",""parameter_schema_version"":""1"",""parameter_set_equivalence_family_id"":""0cd13eb1a471"",""parameter_set_equivalence_family_sha256"":""0cd13eb1a471ab153fa7f2bd4297aed745a7d348322a8b259c5a3de17c287e69"",""parameter_set_equivalence_family_size"":1,""parameter_set_id"":""0cd13eb1a471"",""parameters"":{""angle_weight"":0.2,""area_weight"":0.25,""close_iterations"":1,""close_kernel_fraction"":0.008,""epsilon_max_fraction"":0.04,""epsilon_min_fraction"":0.008,""epsilon_steps"":9,""merge_fragmented_contours"":true,""minimum_contour_area_fraction"":0.12,""minimum_projection_score"":0.08,""minimum_rectangularity"":0.55,""projection_margin_fraction"":0.06,""projection_threshold_block_fraction"":0.08,""projection_threshold_c"":9.0,""projection_weight"":0.3,""rectangularity_weight"":0.25},""profile"":""baseline"",""rank"":1,""reference_roles"":[""baseline""],""requested_search_member"":false,""run_id"":""run-20260902-194656"",""search_space_member"":true,""summary"":{""elapsed_ms_total"":599.762,""failure_count"":0,""mean_edge_error_px"":34.8,""mean_iou"":0.87682013,""mean_iou_success"":0.87682013,""minimum_iou"":0.75890607,""page_count"":5,""stddev_iou"":0.07335619,""success_count"":5,""wall_ms"":600.282}}","{""approved_bbox"":[15,28,1074,970],""candidate"":{""authors"":null,""bbox"":[140,44,1037,888],""confidence"":0.785786,""corners"":[[140.0,44.0],[1036.0,223.0],[1021.0,886.0],[424.0,887.0]],""detector_name"":"""",""diagnostics"":{""angle_score"":0.74640746,""area_score"":0.51439172,""close_kernel_size"":9,""contour_hypothesis_count"":126,""contour_source"":""merged_convex_hull"",""epsilon_fraction"":0.02,""external_contour_count"":125,""horizontal_band_score"":0.86409615,""ink_fraction"":0.13305126,""parameters"":{""angle_weight"":0.2,""area_weight"":0.25,""close_iterations"":1,""close_kernel_fraction"":0.008,""epsilon_max_fraction"":0.04,""epsilon_min_fraction"":0.008,""epsilon_steps"":9,""merge_fragmented_contours"":true,""minimum_contour_area_fraction"":0.12,""minimum_projection_score"":0.08,""minimum_rectangularity"":0.55,""projection_margin_fraction"":0.06,""projection_threshold_block_fraction"":0.08,""projection_threshold_c"":9.0,""projection_weight"":0.3,""rectangularity_weight"":0.25},""projection_score"":0.85968993,""quadrilateral_count"":6,""rectangularity"":1.0,""rejected_projection"":0,""rejected_rectangularity"":0,""vertical_coverage_score"":0.86567164},""foundation"":null,""method"":""contour_projection"",""origin"":"""",""repository"":"""",""score"":0.785786,""status"":""ok"",""version"":""""},""edge_error_maximum_px"":125,""edge_error_mean_px"":65.0,""edge_errors"":{""bottom"":82,""left"":125,""maximum"":125,""mean"":65.0,""right"":37,""top"":16},""elapsed_ms"":52.317,""global_ordinal"":6,""iou"":0.75890607,""label"":""title_or_index_sheet"",""layout_type"":""single_page"",""predicted_bbox"":[140,44,1037,888],""status"":""ok""}"
run-20260902-194656,0cd13eb1a471,0cd13eb1a471ab153fa7f2bd4297aed745a7d348322a8b259c5a3de17c287e69,1,0cd13eb1a471,36d705551505b46c54b4407c7708373a5529e88a69afa087f3365f8699ce3a9b,1,,,baseline,1,,0,1,"[""baseline""]",{},,,,9,clean_two_page_spread,two_page_spread,ok,0.96377596,11,5,18,3,9.25,18,167.482,"[84, 51, 1101, 941]","[73, 56, 1119, 938]","{""angle_weight"":0.2,""area_weight"":0.25,""close_iterations"":1,""close_kernel_fraction"":0.008,""epsilon_max_fraction"":0.04,""epsilon_min_fraction"":0.008,""epsilon_steps"":9,""merge_fragmented_contours"":true,""minimum_contour_area_fraction"":0.12,""minimum_projection_score"":0.08,""minimum_rectangularity"":0.55,""projection_margin_fraction"":0.06,""projection_threshold_block_fraction"":0.08,""projection_threshold_c"":9.0,""projection_weight"":0.3,""rectangularity_weight"":0.25}",,,"{""legacy_parameter_set_id"":""0cd13eb1a471"",""parameter_grid_ordinal"":null,""parameter_grid_sha256"":null,""parameter_identity_schema_version"":""1"",""parameter_identity_sha256"":""36d705551505b46c54b4407c7708373a5529e88a69afa087f3365f8699ce3a9b"",""parameter_schema_version"":""1"",""parameter_set_equivalence_family_id"":""0cd13eb1a471"",""parameter_set_equivalence_family_sha256"":""0cd13eb1a471ab153fa7f2bd4297aed745a7d348322a8b259c5a3de17c287e69"",""parameter_set_equivalence_family_size"":1,""parameter_set_id"":""0cd13eb1a471"",""parameters"":{""angle_weight"":0.2,""area_weight"":0.25,""close_iterations"":1,""close_kernel_fraction"":0.008,""epsilon_max_fraction"":0.04,""epsilon_min_fraction"":0.008,""epsilon_steps"":9,""merge_fragmented_contours"":true,""minimum_contour_area_fraction"":0.12,""minimum_projection_score"":0.08,""minimum_rectangularity"":0.55,""projection_margin_fraction"":0.06,""projection_threshold_block_fraction"":0.08,""projection_threshold_c"":9.0,""projection_weight"":0.3,""rectangularity_weight"":0.25},""profile"":""baseline"",""rank"":1,""reference_roles"":[""baseline""],""requested_search_member"":false,""run_id"":""run-20260902-194656"",""search_space_member"":true,""summary"":{""elapsed_ms_total"":599.762,""failure_count"":0,""mean_edge_error_px"":34.8,""mean_iou"":0.87682013,""mean_iou_success"":0.87682013,""minimum_iou"":0.75890607,""page_count"":5,""stddev_iou"":0.07335619,""success_count"":5,""wall_ms"":600.282}}","{""approved_bbox"":[84,51,1101,941],""candidate"":{""authors"":null,""bbox"":[73,56,1119,938],""confidence"":0.848879,""corners"":[[77.0,56.0],[1115.0,56.0],[1118.0,937.0],[73.0,932.0]],""detector_name"":"""",""diagnostics"":{""angle_score"":0.9959051,""area_score"":0.72118974,""close_kernel_size"":9,""contour_hypothesis_count"":2,""contour_source"":""external_contour"",""epsilon_fraction"":0.008,""external_contour_count"":1,""horizontal_band_score"":0.66518888,""ink_fraction"":0.20685879,""parameters"":{""angle_weight"":0.2,""area_weight"":0.25,""close_iterations"":1,""close_kernel_fraction"":0.008,""epsilon_max_fraction"":0.04,""epsilon_min_fraction"":0.008,""epsilon_steps"":9,""merge_fragmented_contours"":true,""minimum_contour_area_fraction"":0.12,""minimum_projection_score"":0.08,""minimum_rectangularity"":0.55,""projection_margin_fraction"":0.06,""projection_threshold_block_fraction"":0.08,""projection_threshold_c"":9.0,""projection_weight"":0.3,""rectangularity_weight"":0.25},""projection_score"":0.73133618,""quadrilateral_count"":18,""rectangularity"":1.0,""rejected_projection"":0,""rejected_rectangularity"":0,""vertical_coverage_score"":0.86470802},""foundation"":null,""method"":""contour_projection"",""origin"":"""",""repository"":"""",""score"":0.848879,""status"":""ok"",""version"":""""},""edge_error_maximum_px"":18,""edge_error_mean_px"":9.25,""edge_errors"":{""bottom"":3,""left"":11,""maximum"":18,""mean"":9.25,""right"":18,""top"":5},""elapsed_ms"":167.482,""global_ordinal"":9,""iou"":0.96377596,""label"":""clean_two_page_spread"",""layout_type"":""two_page_spread"",""predicted_bbox"":[73,56,1119,938],""status"":""ok""}"
run-20260902-194656,0cd13eb1a471,0cd13eb1a471ab153fa7f2bd4297aed745a7d348322a8b259c5a3de17c287e69,1,0cd13eb1a471,36d705551505b46c54b4407c7708373a5529e88a69afa087f3365f8699ce3a9b,1,,,baseline,1,,0,1,"[""baseline""]",{},,,,10,clean_two_page_spread_2,two_page_spread,ok,0.94540817,7,11,18,20,14.0,20,167.13,"[88, 33, 1154, 968]","[81, 44, 1172, 948]","{""angle_weight"":0.2,""area_weight"":0.25,""close_iterations"":1,""close_kernel_fraction"":0.008,""epsilon_max_fraction"":0.04,""epsilon_min_fraction"":0.008,""epsilon_steps"":9,""merge_fragmented_contours"":true,""minimum_contour_area_fraction"":0.12,""minimum_projection_score"":0.08,""minimum_rectangularity"":0.55,""projection_margin_fraction"":0.06,""projection_threshold_block_fraction"":0.08,""projection_threshold_c"":9.0,""projection_weight"":0.3,""rectangularity_weight"":0.25}",,,"{""legacy_parameter_set_id"":""0cd13eb1a471"",""parameter_grid_ordinal"":null,""parameter_grid_sha256"":null,""parameter_identity_schema_version"":""1"",""parameter_identity_sha256"":""36d705551505b46c54b4407c7708373a5529e88a69afa087f3365f8699ce3a9b"",""parameter_schema_version"":""1"",""parameter_set_equivalence_family_id"":""0cd13eb1a471"",""parameter_set_equivalence_family_sha256"":""0cd13eb1a471ab153fa7f2bd4297aed745a7d348322a8b259c5a3de17c287e69"",""parameter_set_equivalence_family_size"":1,""parameter_set_id"":""0cd13eb1a471"",""parameters"":{""angle_weight"":0.2,""area_weight"":0.25,""close_iterations"":1,""close_kernel_fraction"":0.008,""epsilon_max_fraction"":0.04,""epsilon_min_fraction"":0.008,""epsilon_steps"":9,""merge_fragmented_contours"":true,""minimum_contour_area_fraction"":0.12,""minimum_projection_score"":0.08,""minimum_rectangularity"":0.55,""projection_margin_fraction"":0.06,""projection_threshold_block_fraction"":0.08,""projection_threshold_c"":9.0,""projection_weight"":0.3,""rectangularity_weight"":0.25},""profile"":""baseline"",""rank"":1,""reference_roles"":[""baseline""],""requested_search_member"":false,""run_id"":""run-20260902-194656"",""search_space_member"":true,""summary"":{""elapsed_ms_total"":599.762,""failure_count"":0,""mean_edge_error_px"":34.8,""mean_iou"":0.87682013,""mean_iou_success"":0.87682013,""minimum_iou"":0.75890607,""page_count"":5,""stddev_iou"":0.07335619,""success_count"":5,""wall_ms"":600.282}}","{""approved_bbox"":[88,33,1154,968],""candidate"":{""authors"":null,""bbox"":[81,44,1172,948],""confidence"":0.858635,""corners"":[[84.0,44.0],[1144.0,44.0],[1171.0,947.0],[81.0,945.0]],""detector_name"":"""",""diagnostics"":{""angle_score"":0.98339192,""area_score"":0.77242297,""close_kernel_size"":9,""contour_hypothesis_count"":4,""contour_source"":""external_contour"",""epsilon_fraction"":0.008,""external_contour_count"":3,""horizontal_band_score"":0.66222622,""ink_fraction"":0.20548218,""parameters"":{""angle_weight"":0.2,""area_weight"":0.25,""close_iterations"":1,""close_kernel_fraction"":0.008,""epsilon_max_fraction"":0.04,""epsilon_min_fraction"":0.008,""epsilon_steps"":9,""merge_fragmented_contours"":true,""minimum_contour_area_fraction"":0.12,""minimum_projection_score"":0.08,""minimum_rectangularity"":0.55,""projection_margin_fraction"":0.06,""projection_threshold_block_fraction"":0.08,""projection_threshold_c"":9.0,""projection_weight"":0.3,""rectangularity_weight"":0.25},""projection_score"":0.72950154,""quadrilateral_count"":18,""rectangularity"":1.0,""rejected_projection"":0,""rejected_rectangularity"":0,""vertical_coverage_score"":0.85972222},""foundation"":null,""method"":""contour_projection"",""origin"":"""",""repository"":"""",""score"":0.858635,""status"":""ok"",""version"":""""},""edge_error_maximum_px"":20,""edge_error_mean_px"":14.0,""edge_errors"":{""bottom"":20,""left"":7,""maximum"":20,""mean"":14.0,""right"":18,""top"":11},""elapsed_ms"":167.13,""global_ordinal"":10,""iou"":0.94540817,""label"":""clean_two_page_spread_2"",""layout_type"":""two_page_spread"",""predicted_bbox"":[81,44,1172,948],""status"":""ok""}"
run-20260902-194656,172304831b2e,172304831b2e64a07afc85180032f3e904bd2ebfdc4a7d75e915aaae17775602,1,172304831b2e,fe62109509fe3625284cc02bc063da643396cee13b53d5a7da4c295bf658baaa,1,149e8c6a92ffd1294241a96d1709a656649b0e95e5ec95df4f1b520b559c501a,0,,2,1,1,1,[],{},8,2.8751812200061977,0.8,1,ordinary_two_page_spread,two_page_spread,ok,0.85424412,14,38,93,28,43.25,93,370.939,"[125, 56, 1289, 967]","[111, 18, 1382, 939]","{""epsilon_max_fraction"":0.03,""minimum_contour_area_fraction"":0.08,""minimum_projection_score"":0.05,""minimum_rectangularity"":0.45,""projection_margin_fraction"":0.03,""projection_threshold_block_fraction"":0.05,""projection_threshold_c"":5.0,""projection_weight"":0.2}",,,"{""legacy_parameter_set_id"":""172304831b2e"",""parameter_grid_ordinal"":0,""parameter_grid_sha256"":""149e8c6a92ffd1294241a96d1709a656649b0e95e5ec95df4f1b520b559c501a"",""parameter_identity_schema_version"":""1"",""parameter_identity_sha256"":""fe62109509fe3625284cc02bc063da643396cee13b53d5a7da4c295bf658baaa"",""parameter_schema_version"":""1"",""parameter_set_equivalence_family_id"":""172304831b2e"",""parameter_set_equivalence_family_sha256"":""172304831b2e64a07afc85180032f3e904bd2ebfdc4a7d75e915aaae17775602"",""parameter_set_equivalence_family_size"":1,""parameter_set_id"":""172304831b2e"",""parameters"":{""epsilon_max_fraction"":0.03,""minimum_contour_area_fraction"":0.08,""minimum_projection_score"":0.05,""minimum_rectangularity"":0.45,""projection_margin_fraction"":0.03,""projection_threshold_block_fraction"":0.05,""projection_threshold_c"":5.0,""projection_weight"":0.2},""profile"":null,""rank"":2,""reference_roles"":[],""requested_search_member"":true,""run_id"":""run-20260902-194656"",""search_observation"":{""completion_index"":8,""elapsed_seconds"":2.8751812200061977,""parameter_set_number"":8,""search_fraction"":0.8},""search_rank"":1,""search_space_member"":true,""summary"":{""elapsed_ms_total"":2271.489,""failure_count"":0,""mean_edge_error_px"":34.8,""mean_iou"":0.87682013,""mean_iou_success"":0.87682013,""minimum_iou"":0.75890607,""page_count"":5,""stddev_iou"":0.07335619,""success_count"":5,""wall_ms"":2271.854}}","{""approved_bbox"":[125,56,1289,967],""candidate"":{""authors"":null,""bbox"":[111,18,1382,939],""confidence"":0.771232,""corners"":[[111.0,90.0],[1381.0,18.0],[1257.0,938.0],[235.0,917.0]],""detector_name"":"""",""diagnostics"":{""angle_score"":0.85918058,""area_score"":0.7346197,""close_kernel_size"":9,""contour_hypothesis_count"":9,""contour_source"":""merged_convex_hull"",""epsilon_fraction"":0.0135,""external_contour_count"":8,""horizontal_band_score"":0.22819046,""ink_fraction"":0.25486618,""parameters"":{""angle_weight"":0.2,""area_weight"":0.25,""close_iterations"":1,""close_kernel_fraction"":0.008,""epsilon_max_fraction"":0.03,""epsilon_min_fraction"":0.008,""epsilon_steps"":9,""merge_fragmented_contours"":true,""minimum_contour_area_fraction"":0.08,""minimum_projection_score"":0.05,""minimum_rectangularity"":0.45,""projection_margin_fraction"":0.03,""projection_threshold_block_fraction"":0.05,""projection_threshold_c"":5.0,""projection_weight"":0.2,""rectangularity_weight"":0.25},""projection_score"":0.44308945,""quadrilateral_count"":13,""rectangularity"":1.0,""rejected_projection"":0,""rejected_rectangularity"":0,""vertical_coverage_score"":0.85507246},""foundation"":null,""method"":""contour_projection"",""origin"":"""",""repository"":"""",""score"":0.771232,""status"":""ok"",""version"":""""},""edge_error_maximum_px"":93,""edge_error_mean_px"":43.25,""edge_errors"":{""bottom"":28,""left"":14,""maximum"":93,""mean"":43.25,""right"":93,""top"":38},""elapsed_ms"":370.939,""global_ordinal"":1,""iou"":0.85424412,""label"":""ordinary_two_page_spread"",""layout_type"":""two_page_spread"",""predicted_bbox"":[111,18,1382,939],""status"":""ok""}"
run-20260902-194656,172304831b2e,172304831b2e64a07afc85180032f3e904bd2ebfdc4a7d75e915aaae17775602,1,172304831b2e,fe62109509fe3625284cc02bc063da643396cee13b53d5a7da4c295bf658baaa,1,149e8c6a92ffd1294241a96d1709a656649b0e95e5ec95df4f1b520b559c501a,0,,2,1,1,1,[],{},8,2.8751812200061977,0.8,5,damaged_partial_register_spread,two_page_spread,ok,0.86176634,52,7,83,28,42.5,83,184.529,"[67, 8, 1233, 977]","[119, 15, 1316, 949]","{""epsilon_max_fraction"":0.03,""minimum_contour_area_fraction"":0.08,""minimum_projection_score"":0.05,""minimum_rectangularity"":0.45,""projection_margin_fraction"":0.03,""projection_threshold_block_fraction"":0.05,""projection_threshold_c"":5.0,""projection_weight"":0.2}",,,"{""legacy_parameter_set_id"":""172304831b2e"",""parameter_grid_ordinal"":0,""parameter_grid_sha256"":""149e8c6a92ffd1294241a96d1709a656649b0e95e5ec95df4f1b520b559c501a"",""parameter_identity_schema_version"":""1"",""parameter_identity_sha256"":""fe62109509fe3625284cc02bc063da643396cee13b53d5a7da4c295bf658baaa"",""parameter_schema_version"":""1"",""parameter_set_equivalence_family_id"":""172304831b2e"",""parameter_set_equivalence_family_sha256"":""172304831b2e64a07afc85180032f3e904bd2ebfdc4a7d75e915aaae17775602"",""parameter_set_equivalence_family_size"":1,""parameter_set_id"":""172304831b2e"",""parameters"":{""epsilon_max_fraction"":0.03,""minimum_contour_area_fraction"":0.08,""minimum_projection_score"":0.05,""minimum_rectangularity"":0.45,""projection_margin_fraction"":0.03,""projection_threshold_block_fraction"":0.05,""projection_threshold_c"":5.0,""projection_weight"":0.2},""profile"":null,""rank"":2,""reference_roles"":[],""requested_search_member"":true,""run_id"":""run-20260902-194656"",""search_observation"":{""completion_index"":8,""elapsed_seconds"":2.8751812200061977,""parameter_set_number"":8,""search_fraction"":0.8},""search_rank"":1,""search_space_member"":true,""summary"":{""elapsed_ms_total"":2271.489,""failure_count"":0,""mean_edge_error_px"":34.8,""mean_iou"":0.87682013,""mean_iou_success"":0.87682013,""minimum_iou"":0.75890607,""page_count"":5,""stddev_iou"":0.07335619,""success_count"":5,""wall_ms"":2271.854}}","{""approved_bbox"":[67,8,1233,977],""candidate"":{""authors"":null,""bbox"":[119,15,1316,949],""confidence"":0.694904,""corners"":[[119.0,36.0],[1315.0,15.0],[739.0,948.0],[137.0,771.0]],""detector_name"":"""",""diagnostics"":{""angle_score"":0.72086268,""area_score"":0.59398934,""close_kernel_size"":9,""contour_hypothesis_count"":15,""contour_source"":""merged_convex_hull"",""epsilon_fraction"":0.03,""external_contour_count"":14,""horizontal_band_score"":0.17767954,""ink_fraction"":0.25966555,""parameters"":{""angle_weight"":0.2,""area_weight"":0.25,""close_iterations"":1,""close_kernel_fraction"":0.008,""epsilon_max_fraction"":0.03,""epsilon_min_fraction"":0.008,""epsilon_steps"":9,""merge_fragmented_contours"":true,""minimum_contour_area_fraction"":0.08,""minimum_projection_score"":0.05,""minimum_rectangularity"":0.45,""projection_margin_fraction"":0.03,""projection_threshold_block_fraction"":0.05,""projection_threshold_c"":5.0,""projection_weight"":0.2,""rectangularity_weight"":0.25},""projection_score"":0.4137179,""quadrilateral_count"":3,""rectangularity"":1.0,""rejected_projection"":0,""rejected_rectangularity"":0,""vertical_coverage_score"":0.86476868},""foundation"":null,""method"":""contour_projection"",""origin"":"""",""repository"":"""",""score"":0.694904,""status"":""ok"",""version"":""""},""edge_error_maximum_px"":83,""edge_error_mean_px"":42.5,""edge_errors"":{""bottom"":28,""left"":52,""maximum"":83,""mean"":42.5,""right"":83,""top"":7},""elapsed_ms"":184.529,""global_ordinal"":5,""iou"":0.86176634,""label"":""damaged_partial_register_spread"",""layout_type"":""two_page_spread"",""predicted_bbox"":[119,15,1316,949],""status"":""ok""}"
run-20260902-194656,172304831b2e,172304831b2e64a07afc85180032f3e904bd2ebfdc4a7d75e915aaae17775602,1,172304831b2e,fe62109509fe3625284cc02bc063da643396cee13b53d5a7da4c295bf658baaa,1,149e8c6a92ffd1294241a96d1709a656649b0e95e5ec95df4f1b520b559c501a,0,,2,1,1,1,[],{},8,2.8751812200061977,0.8,6,title_or_index_sheet,single_page,ok,0.75890607,125,16,37,82,65.0,125,225.838,"[15, 28, 1074, 970]","[140, 44, 1037, 888]","{""epsilon_max_fraction"":0.03,""minimum_contour_area_fraction"":0.08,""minimum_projection_score"":0.05,""minimum_rectangularity"":0.45,""projection_margin_fraction"":0.03,""projection_threshold_block_fraction"":0.05,""projection_threshold_c"":5.0,""projection_weight"":0.2}",,,"{""legacy_parameter_set_id"":""172304831b2e"",""parameter_grid_ordinal"":0,""parameter_grid_sha256"":""149e8c6a92ffd1294241a96d1709a656649b0e95e5ec95df4f1b520b559c501a"",""parameter_identity_schema_version"":""1"",""parameter_identity_sha256"":""fe62109509fe3625284cc02bc063da643396cee13b53d5a7da4c295bf658baaa"",""parameter_schema_version"":""1"",""parameter_set_equivalence_family_id"":""172304831b2e"",""parameter_set_equivalence_family_sha256"":""172304831b2e64a07afc85180032f3e904bd2ebfdc4a7d75e915aaae17775602"",""parameter_set_equivalence_family_size"":1,""parameter_set_id"":""172304831b2e"",""parameters"":{""epsilon_max_fraction"":0.03,""minimum_contour_area_fraction"":0.08,""minimum_projection_score"":0.05,""minimum_rectangularity"":0.45,""projection_margin_fraction"":0.03,""projection_threshold_block_fraction"":0.05,""projection_threshold_c"":5.0,""projection_weight"":0.2},""profile"":null,""rank"":2,""reference_roles"":[],""requested_search_member"":true,""run_id"":""run-20260902-194656"",""search_observation"":{""completion_index"":8,""elapsed_seconds"":2.8751812200061977,""parameter_set_number"":8,""search_fraction"":0.8},""search_rank"":1,""search_space_member"":true,""summary"":{""elapsed_ms_total"":2271.489,""failure_count"":0,""mean_edge_error_px"":34.8,""mean_iou"":0.87682013,""mean_iou_success"":0.87682013,""minimum_iou"":0.75890607,""page_count"":5,""stddev_iou"":0.07335619,""success_count"":5,""wall_ms"":2271.854}}","{""approved_bbox"":[15,28,1074,970],""candidate"":{""authors"":null,""bbox"":[140,44,1037,888],""confidence"":0.767899,""corners"":[[140.0,44.0],[1036.0,223.0],[1021.0,886.0],[424.0,887.0]],""detector_name"":"""",""diagnostics"":{""angle_score"":0.74640746,""area_score"":0.51439172,""close_kernel_size"":9,""contour_hypothesis_count"":126,""contour_source"":""merged_convex_hull"",""epsilon_fraction"":0.019,""external_contour_count"":125,""horizontal_band_score"":0.78039863,""ink_fraction"":0.1363845,""parameters"":{""angle_weight"":0.2,""area_weight"":0.25,""close_iterations"":1,""close_kernel_fraction"":0.008,""epsilon_max_fraction"":0.03,""epsilon_min_fraction"":0.008,""epsilon_steps"":9,""merge_fragmented_contours"":true,""minimum_contour_area_fraction"":0.08,""minimum_projection_score"":0.05,""minimum_rectangularity"":0.45,""projection_margin_fraction"":0.03,""projection_threshold_block_fraction"":0.05,""projection_threshold_c"":5.0,""projection_weight"":0.2,""rectangularity_weight"":0.25},""projection_score"":0.81614948,""quadrilateral_count"":5,""rectangularity"":1.0,""rejected_projection"":0,""rejected_rectangularity"":0,""vertical_coverage_score"":0.86356589},""foundation"":null,""method"":""contour_projection"",""origin"":"""",""repository"":"""",""score"":0.767899,""status"":""ok"",""version"":""""},""edge_error_maximum_px"":125,""edge_error_mean_px"":65.0,""edge_errors"":{""bottom"":82,""left"":125,""maximum"":125,""mean"":65.0,""right"":37,""top"":16},""elapsed_ms"":225.838,""global_ordinal"":6,""iou"":0.75890607,""label"":""title_or_index_sheet"",""layout_type"":""single_page"",""predicted_bbox"":[140,44,1037,888],""status"":""ok""}"
run-20260902-194656,172304831b2e,172304831b2e64a07afc85180032f3e904bd2ebfdc4a7d75e915aaae17775602,1,172304831b2e,fe62109509fe3625284cc02bc063da643396cee13b53d5a7da4c295bf658baaa,1,149e8c6a92ffd1294241a96d1709a656649b0e95e5ec95df4f1b520b559c501a,0,,2,1,1,1,[],{},8,2.8751812200061977,0.8,9,clean_two_page_spread,two_page_spread,ok,0.96377596,11,5,18,3,9.25,18,792.832,"[84, 51, 1101, 941]","[73, 56, 1119, 938]","{""epsilon_max_fraction"":0.03,""minimum_contour_area_fraction"":0.08,""minimum_projection_score"":0.05,""minimum_rectangularity"":0.45,""projection_margin_fraction"":0.03,""projection_threshold_block_fraction"":0.05,""projection_threshold_c"":5.0,""projection_weight"":0.2}",,,"{""legacy_parameter_set_id"":""172304831b2e"",""parameter_grid_ordinal"":0,""parameter_grid_sha256"":""149e8c6a92ffd1294241a96d1709a656649b0e95e5ec95df4f1b520b559c501a"",""parameter_identity_schema_version"":""1"",""parameter_identity_sha256"":""fe62109509fe3625284cc02bc063da643396cee13b53d5a7da4c295bf658baaa"",""parameter_schema_version"":""1"",""parameter_set_equivalence_family_id"":""172304831b2e"",""parameter_set_equivalence_family_sha256"":""172304831b2e64a07afc85180032f3e904bd2ebfdc4a7d75e915aaae17775602"",""parameter_set_equivalence_family_size"":1,""parameter_set_id"":""172304831b2e"",""parameters"":{""epsilon_max_fraction"":0.03,""minimum_contour_area_fraction"":0.08,""minimum_projection_score"":0.05,""minimum_rectangularity"":0.45,""projection_margin_fraction"":0.03,""projection_threshold_block_fraction"":0.05,""projection_threshold_c"":5.0,""projection_weight"":0.2},""profile"":null,""rank"":2,""reference_roles"":[],""requested_search_member"":true,""run_id"":""run-20260902-194656"",""search_observation"":{""completion_index"":8,""elapsed_seconds"":2.8751812200061977,""parameter_set_number"":8,""search_fraction"":0.8},""search_rank"":1,""search_space_member"":true,""summary"":{""elapsed_ms_total"":2271.489,""failure_count"":0,""mean_edge_error_px"":34.8,""mean_iou"":0.87682013,""mean_iou_success"":0.87682013,""minimum_iou"":0.75890607,""page_count"":5,""stddev_iou"":0.07335619,""success_count"":5,""wall_ms"":2271.854}}","{""approved_bbox"":[84,51,1101,941],""candidate"":{""authors"":null,""bbox"":[73,56,1119,938],""confidence"":0.858757,""corners"":[[77.0,56.0],[1115.0,56.0],[1118.0,937.0],[73.0,932.0]],""detector_name"":"""",""diagnostics"":{""angle_score"":0.9959051,""area_score"":0.72118974,""close_kernel_size"":9,""contour_hypothesis_count"":2,""contour_source"":""external_contour"",""epsilon_fraction"":0.008,""external_contour_count"":1,""horizontal_band_score"":0.65500048,""ink_fraction"":0.21506871,""parameters"":{""angle_weight"":0.2,""area_weight"":0.25,""close_iterations"":1,""close_kernel_fraction"":0.008,""epsilon_max_fraction"":0.03,""epsilon_min_fraction"":0.008,""epsilon_steps"":9,""merge_fragmented_contours"":true,""minimum_contour_area_fraction"":0.08,""minimum_projection_score"":0.05,""minimum_rectangularity"":0.45,""projection_margin_fraction"":0.03,""projection_threshold_block_fraction"":0.05,""projection_threshold_c"":5.0,""projection_weight"":0.2,""rectangularity_weight"":0.25},""projection_score"":0.71701602,""quadrilateral_count"":18,""rectangularity"":1.0,""rejected_projection"":0,""rejected_rectangularity"":0,""vertical_coverage_score"":0.86130892},""foundation"":null,""method"":""contour_projection"",""origin"":"""",""repository"":"""",""score"":0.858757,""status"":""ok"",""version"":""""},""edge_error_maximum_px"":18,""edge_error_mean_px"":9.25,""edge_errors"":{""bottom"":3,""left"":11,""maximum"":18,""mean"":9.25,""right"":18,""top"":5},""elapsed_ms"":792.832,""global_ordinal"":9,""iou"":0.96377596,""label"":""clean_two_page_spread"",""layout_type"":""two_page_spread"",""predicted_bbox"":[73,56,1119,938],""status"":""ok""}"
run-20260902-194656,172304831b2e,172304831b2e64a07afc85180032f3e904bd2ebfdc4a7d75e915aaae17775602,1,172304831b2e,fe62109509fe3625284cc02bc063da643396cee13b53d5a7da4c295bf658baaa,1,149e8c6a92ffd1294241a96d1709a656649b0e95e5ec95df4f1b520b559c501a,0,,2,1,1,1,[],{},8,2.8751812200061977,0.8,10,clean_two_page_spread_2,two_page_spread,ok,0.94540817,7,11,18,20,14.0,20,697.351,"[88, 33, 1154, 968]","[81, 44, 1172, 948]","{""epsilon_max_fraction"":0.03,""minimum_contour_area_fraction"":0.08,""minimum_projection_score"":0.05,""minimum_rectangularity"":0.45,""projection_margin_fraction"":0.03,""projection_threshold_block_fraction"":0.05,""projection_threshold_c"":5.0,""projection_weight"":0.2}",,,"{""legacy_parameter_set_id"":""172304831b2e"",""parameter_grid_ordinal"":0,""parameter_grid_sha256"":""149e8c6a92ffd1294241a96d1709a656649b0e95e5ec95df4f1b520b559c501a"",""parameter_identity_schema_version"":""1"",""parameter_identity_sha256"":""fe62109509fe3625284cc02bc063da643396cee13b53d5a7da4c295bf658baaa"",""parameter_schema_version"":""1"",""parameter_set_equivalence_family_id"":""172304831b2e"",""parameter_set_equivalence_family_sha256"":""172304831b2e64a07afc85180032f3e904bd2ebfdc4a7d75e915aaae17775602"",""parameter_set_equivalence_family_size"":1,""parameter_set_id"":""172304831b2e"",""parameters"":{""epsilon_max_fraction"":0.03,""minimum_contour_area_fraction"":0.08,""minimum_projection_score"":0.05,""minimum_rectangularity"":0.45,""projection_margin_fraction"":0.03,""projection_threshold_block_fraction"":0.05,""projection_threshold_c"":5.0,""projection_weight"":0.2},""profile"":null,""rank"":2,""reference_roles"":[],""requested_search_member"":true,""run_id"":""run-20260902-194656"",""search_observation"":{""completion_index"":8,""elapsed_seconds"":2.8751812200061977,""parameter_set_number"":8,""search_fraction"":0.8},""search_rank"":1,""search_space_member"":true,""summary"":{""elapsed_ms_total"":2271.489,""failure_count"":0,""mean_edge_error_px"":34.8,""mean_iou"":0.87682013,""mean_iou_success"":0.87682013,""minimum_iou"":0.75890607,""page_count"":5,""stddev_iou"":0.07335619,""success_count"":5,""wall_ms"":2271.854}}","{""approved_bbox"":[88,33,1154,968],""candidate"":{""authors"":null,""bbox"":[81,44,1172,948],""confidence"":0.867197,""corners"":[[84.0,44.0],[1144.0,44.0],[1171.0,947.0],[81.0,945.0]],""detector_name"":"""",""diagnostics"":{""angle_score"":0.98339192,""area_score"":0.77242297,""close_kernel_size"":9,""contour_hypothesis_count"":4,""contour_source"":""external_contour"",""epsilon_fraction"":0.008,""external_contour_count"":3,""horizontal_band_score"":0.63826144,""ink_fraction"":0.21699932,""parameters"":{""angle_weight"":0.2,""area_weight"":0.25,""close_iterations"":1,""close_kernel_fraction"":0.008,""epsilon_max_fraction"":0.03,""epsilon_min_fraction"":0.008,""epsilon_steps"":9,""merge_fragmented_contours"":true,""minimum_contour_area_fraction"":0.08,""minimum_projection_score"":0.05,""minimum_rectangularity"":0.45,""projection_margin_fraction"":0.03,""projection_threshold_block_fraction"":0.05,""projection_threshold_c"":5.0,""projection_weight"":0.2,""rectangularity_weight"":0.25},""projection_score"":0.70346631,""quadrilateral_count"":18,""rectangularity"":1.0,""rejected_projection"":0,""rejected_rectangularity"":0,""vertical_coverage_score"":0.85286458},""foundation"":null,""method"":""contour_projection"",""origin"":"""",""repository"":"""",""score"":0.867197,""status"":""ok"",""version"":""""},""edge_error_maximum_px"":20,""edge_error_mean_px"":14.0,""edge_errors"":{""bottom"":20,""left"":7,""maximum"":20,""mean"":14.0,""right"":18,""top"":11},""elapsed_ms"":697.351,""global_ordinal"":10,""iou"":0.94540817,""label"":""clean_two_page_spread_2"",""layout_type"":""two_page_spread"",""predicted_bbox"":[81,44,1172,948],""status"":""ok""}"
run-20260902-194656,06593bf5afce,06593bf5afce136bf4538d73e87247febf192ba6b574a64531c57bc3d62781f4,1,06593bf5afce,62faf803c21b67ef1957460b42dde186c4c0b87df52ef224239c4715f8abbcc5,1,149e8c6a92ffd1294241a96d1709a656649b0e95e5ec95df4f1b520b559c501a,1,,3,2,1,1,[],{},2,2.427989887073636,0.2,1,ordinary_two_page_spread,two_page_spread,ok,0.85424412,14,38,93,28,43.25,93,360.107,"[125, 56, 1289, 967]","[111, 18, 1382, 939]","{""epsilon_max_fraction"":0.03,""minimum_contour_area_fraction"":0.08,""minimum_projection_score"":0.05,""minimum_rectangularity"":0.45,""projection_margin_fraction"":0.03,""projection_threshold_block_fraction"":0.05,""projection_threshold_c"":5.0,""projection_weight"":0.3}",,,"{""legacy_parameter_set_id"":""06593bf5afce"",""parameter_grid_ordinal"":1,""parameter_grid_sha256"":""149e8c6a92ffd1294241a96d1709a656649b0e95e5ec95df4f1b520b559c501a"",""parameter_identity_schema_version"":""1"",""parameter_identity_sha256"":""62faf803c21b67ef1957460b42dde186c4c0b87df52ef224239c4715f8abbcc5"",""parameter_schema_version"":""1"",""parameter_set_equivalence_family_id"":""06593bf5afce"",""parameter_set_equivalence_family_sha256"":""06593bf5afce136bf4538d73e87247febf192ba6b574a64531c57bc3d62781f4"",""parameter_set_equivalence_family_size"":1,""parameter_set_id"":""06593bf5afce"",""parameters"":{""epsilon_max_fraction"":0.03,""minimum_contour_area_fraction"":0.08,""minimum_projection_score"":0.05,""minimum_rectangularity"":0.45,""projection_margin_fraction"":0.03,""projection_threshold_block_fraction"":0.05,""projection_threshold_c"":5.0,""projection_weight"":0.3},""profile"":null,""rank"":3,""reference_roles"":[],""requested_search_member"":true,""run_id"":""run-20260902-194656"",""search_observation"":{""completion_index"":2,""elapsed_seconds"":2.427989887073636,""parameter_set_number"":2,""search_fraction"":0.2},""search_rank"":2,""search_space_member"":true,""summary"":{""elapsed_ms_total"":1818.641,""failure_count"":0,""mean_edge_error_px"":34.8,""mean_iou"":0.87682013,""mean_iou_success"":0.87682013,""minimum_iou"":0.75890607,""page_count"":5,""stddev_iou"":0.07335619,""success_count"":5,""wall_ms"":1819.088}}","{""approved_bbox"":[125,56,1289,967],""candidate"":{""authors"":null,""bbox"":[111,18,1382,939],""confidence"":0.738418,""corners"":[[111.0,90.0],[1381.0,18.0],[1257.0,938.0],[235.0,917.0]],""detector_name"":"""",""diagnostics"":{""angle_score"":0.85918058,""area_score"":0.7346197,""close_kernel_size"":9,""contour_hypothesis_count"":9,""contour_source"":""merged_convex_hull"",""epsilon_fraction"":0.0135,""external_contour_count"":8,""horizontal_band_score"":0.22819046,""ink_fraction"":0.25486618,""parameters"":{""angle_weight"":0.2,""area_weight"":0.25,""close_iterations"":1,""close_kernel_fraction"":0.008,""epsilon_max_fraction"":0.03,""epsilon_min_fraction"":0.008,""epsilon_steps"":9,""merge_fragmented_contours"":true,""minimum_contour_area_fraction"":0.08,""minimum_projection_score"":0.05,""minimum_rectangularity"":0.45,""projection_margin_fraction"":0.03,""projection_threshold_block_fraction"":0.05,""projection_threshold_c"":5.0,""projection_weight"":0.3,""rectangularity_weight"":0.25},""projection_score"":0.44308945,""quadrilateral_count"":13,""rectangularity"":1.0,""rejected_projection"":0,""rejected_rectangularity"":0,""vertical_coverage_score"":0.85507246},""foundation"":null,""method"":""contour_projection"",""origin"":"""",""repository"":"""",""score"":0.738418,""status"":""ok"",""version"":""""},""edge_error_maximum_px"":93,""edge_error_mean_px"":43.25,""edge_errors"":{""bottom"":28,""left"":14,""maximum"":93,""mean"":43.25,""right"":93,""top"":38},""elapsed_ms"":360.107,""global_ordinal"":1,""iou"":0.85424412,""label"":""ordinary_two_page_spread"",""layout_type"":""two_page_spread"",""predicted_bbox"":[111,18,1382,939],""status"":""ok""}"
run-20260902-194656,06593bf5afce,06593bf5afce136bf4538d73e87247febf192ba6b574a64531c57bc3d62781f4,1,06593bf5afce,62faf803c21b67ef1957460b42dde186c4c0b87df52ef224239c4715f8abbcc5,1,149e8c6a92ffd1294241a96d1709a656649b0e95e5ec95df4f1b520b559c501a,1,,3,2,1,1,[],{},2,2.427989887073636,0.2,5,damaged_partial_register_spread,two_page_spread,ok,0.86176634,52,7,83,28,42.5,83,102.788,"[67, 8, 1233, 977]","[119, 15, 1316, 949]","{""epsilon_max_fraction"":0.03,""minimum_contour_area_fraction"":0.08,""minimum_projection_score"":0.05,""minimum_rectangularity"":0.45,""projection_margin_fraction"":0.03,""projection_threshold_block_fraction"":0.05,""projection_threshold_c"":5.0,""projection_weight"":0.3}",,,"{""legacy_parameter_set_id"":""06593bf5afce"",""parameter_grid_ordinal"":1,""parameter_grid_sha256"":""149e8c6a92ffd1294241a96d1709a656649b0e95e5ec95df4f1b520b559c501a"",""parameter_identity_schema_version"":""1"",""parameter_identity_sha256"":""62faf803c21b67ef1957460b42dde186c4c0b87df52ef224239c4715f8abbcc5"",""parameter_schema_version"":""1"",""parameter_set_equivalence_family_id"":""06593bf5afce"",""parameter_set_equivalence_family_sha256"":""06593bf5afce136bf4538d73e87247febf192ba6b574a64531c57bc3d62781f4"",""parameter_set_equivalence_family_size"":1,""parameter_set_id"":""06593bf5afce"",""parameters"":{""epsilon_max_fraction"":0.03,""minimum_contour_area_fraction"":0.08,""minimum_projection_score"":0.05,""minimum_rectangularity"":0.45,""projection_margin_fraction"":0.03,""projection_threshold_block_fraction"":0.05,""projection_threshold_c"":5.0,""projection_weight"":0.3},""profile"":null,""rank"":3,""reference_roles"":[],""requested_search_member"":true,""run_id"":""run-20260902-194656"",""search_observation"":{""completion_index"":2,""elapsed_seconds"":2.427989887073636,""parameter_set_number"":2,""search_fraction"":0.2},""search_rank"":2,""search_space_member"":true,""summary"":{""elapsed_ms_total"":1818.641,""failure_count"":0,""mean_edge_error_px"":34.8,""mean_iou"":0.87682013,""mean_iou_success"":0.87682013,""minimum_iou"":0.75890607,""page_count"":5,""stddev_iou"":0.07335619,""success_count"":5,""wall_ms"":1819.088}}","{""approved_bbox"":[67,8,1233,977],""candidate"":{""authors"":null,""bbox"":[119,15,1316,949],""confidence"":0.666785,""corners"":[[119.0,36.0],[1315.0,15.0],[739.0,948.0],[137.0,771.0]],""detector_name"":"""",""diagnostics"":{""angle_score"":0.72086268,""area_score"":0.59398934,""close_kernel_size"":9,""contour_hypothesis_count"":15,""contour_source"":""merged_convex_hull"",""epsilon_fraction"":0.03,""external_contour_count"":14,""horizontal_band_score"":0.17767954,""ink_fraction"":0.25966555,""parameters"":{""angle_weight"":0.2,""area_weight"":0.25,""close_iterations"":1,""close_kernel_fraction"":0.008,""epsilon_max_fraction"":0.03,""epsilon_min_fraction"":0.008,""epsilon_steps"":9,""merge_fragmented_contours"":true,""minimum_contour_area_fraction"":0.08,""minimum_projection_score"":0.05,""minimum_rectangularity"":0.45,""projection_margin_fraction"":0.03,""projection_threshold_block_fraction"":0.05,""projection_threshold_c"":5.0,""projection_weight"":0.3,""rectangularity_weight"":0.25},""projection_score"":0.4137179,""quadrilateral_count"":3,""rectangularity"":1.0,""rejected_projection"":0,""rejected_rectangularity"":0,""vertical_coverage_score"":0.86476868},""foundation"":null,""method"":""contour_projection"",""origin"":"""",""repository"":"""",""score"":0.666785,""status"":""ok"",""version"":""""},""edge_error_maximum_px"":83,""edge_error_mean_px"":42.5,""edge_errors"":{""bottom"":28,""left"":52,""maximum"":83,""mean"":42.5,""right"":83,""top"":7},""elapsed_ms"":102.788,""global_ordinal"":5,""iou"":0.86176634,""label"":""damaged_partial_register_spread"",""layout_type"":""two_page_spread"",""predicted_bbox"":[119,15,1316,949],""status"":""ok""}"
run-20260902-194656,06593bf5afce,06593bf5afce136bf4538d73e87247febf192ba6b574a64531c57bc3d62781f4,1,06593bf5afce,62faf803c21b67ef1957460b42dde186c4c0b87df52ef224239c4715f8abbcc5,1,149e8c6a92ffd1294241a96d1709a656649b0e95e5ec95df4f1b520b559c501a,1,,3,2,1,1,[],{},2,2.427989887073636,0.2,6,title_or_index_sheet,single_page,ok,0.75890607,125,16,37,82,65.0,125,247.781,"[15, 28, 1074, 970]","[140, 44, 1037, 888]","{""epsilon_max_fraction"":0.03,""minimum_contour_area_fraction"":0.08,""minimum_projection_score"":0.05,""minimum_rectangularity"":0.45,""projection_margin_fraction"":0.03,""projection_threshold_block_fraction"":0.05,""projection_threshold_c"":5.0,""projection_weight"":0.3}",,,"{""legacy_parameter_set_id"":""06593bf5afce"",""parameter_grid_ordinal"":1,""parameter_grid_sha256"":""149e8c6a92ffd1294241a96d1709a656649b0e95e5ec95df4f1b520b559c501a"",""parameter_identity_schema_version"":""1"",""parameter_identity_sha256"":""62faf803c21b67ef1957460b42dde186c4c0b87df52ef224239c4715f8abbcc5"",""parameter_schema_version"":""1"",""parameter_set_equivalence_family_id"":""06593bf5afce"",""parameter_set_equivalence_family_sha256"":""06593bf5afce136bf4538d73e87247febf192ba6b574a64531c57bc3d62781f4"",""parameter_set_equivalence_family_size"":1,""parameter_set_id"":""06593bf5afce"",""parameters"":{""epsilon_max_fraction"":0.03,""minimum_contour_area_fraction"":0.08,""minimum_projection_score"":0.05,""minimum_rectangularity"":0.45,""projection_margin_fraction"":0.03,""projection_threshold_block_fraction"":0.05,""projection_threshold_c"":5.0,""projection_weight"":0.3},""profile"":null,""rank"":3,""reference_roles"":[],""requested_search_member"":true,""run_id"":""run-20260902-194656"",""search_observation"":{""completion_index"":2,""elapsed_seconds"":2.427989887073636,""parameter_set_number"":2,""search_fraction"":0.2},""search_rank"":2,""search_space_member"":true,""summary"":{""elapsed_ms_total"":1818.641,""failure_count"":0,""mean_edge_error_px"":34.8,""mean_iou"":0.87682013,""mean_iou_success"":0.87682013,""minimum_iou"":0.75890607,""page_count"":5,""stddev_iou"":0.07335619,""success_count"":5,""wall_ms"":1819.088}}","{""approved_bbox"":[15,28,1074,970],""candidate"":{""authors"":null,""bbox"":[140,44,1037,888],""confidence"":0.772724,""corners"":[[140.0,44.0],[1036.0,223.0],[1021.0,886.0],[424.0,887.0]],""detector_name"":"""",""diagnostics"":{""angle_score"":0.74640746,""area_score"":0.51439172,""close_kernel_size"":9,""contour_hypothesis_count"":126,""contour_source"":""merged_convex_hull"",""epsilon_fraction"":0.019,""external_contour_count"":125,""horizontal_band_score"":0.78039863,""ink_fraction"":0.1363845,""parameters"":{""angle_weight"":0.2,""area_weight"":0.25,""close_iterations"":1,""close_kernel_fraction"":0.008,""epsilon_max_fraction"":0.03,""epsilon_min_fraction"":0.008,""epsilon_steps"":9,""merge_fragmented_contours"":true,""minimum_contour_area_fraction"":0.08,""minimum_projection_score"":0.05,""minimum_rectangularity"":0.45,""projection_margin_fraction"":0.03,""projection_threshold_block_fraction"":0.05,""projection_threshold_c"":5.0,""projection_weight"":0.3,""rectangularity_weight"":0.25},""projection_score"":0.81614948,""quadrilateral_count"":5,""rectangularity"":1.0,""rejected_projection"":0,""rejected_rectangularity"":0,""vertical_coverage_score"":0.86356589},""foundation"":null,""method"":""contour_projection"",""origin"":"""",""repository"":"""",""score"":0.772724,""status"":""ok"",""version"":""""},""edge_error_maximum_px"":125,""edge_error_mean_px"":65.0,""edge_errors"":{""bottom"":82,""left"":125,""maximum"":125,""mean"":65.0,""right"":37,""top"":16},""elapsed_ms"":247.781,""global_ordinal"":6,""iou"":0.75890607,""label"":""title_or_index_sheet"",""layout_type"":""single_page"",""predicted_bbox"":[140,44,1037,888],""status"":""ok""}"
run-20260902-194656,06593bf5afce,06593bf5afce136bf4538d73e87247febf192ba6b574a64531c57bc3d62781f4,1,06593bf5afce,62faf803c21b67ef1957460b42dde186c4c0b87df52ef224239c4715f8abbcc5,1,149e8c6a92ffd1294241a96d1709a656649b0e95e5ec95df4f1b520b559c501a,1,,3,2,1,1,[],{},2,2.427989887073636,0.2,9,clean_two_page_spread,two_page_spread,ok,0.96377596,11,5,18,3,9.25,18,555.271,"[84, 51, 1101, 941]","[73, 56, 1119, 938]","{""epsilon_max_fraction"":0.03,""minimum_contour_area_fraction"":0.08,""minimum_projection_score"":0.05,""minimum_rectangularity"":0.45,""projection_margin_fraction"":0.03,""projection_threshold_block_fraction"":0.05,""projection_threshold_c"":5.0,""projection_weight"":0.3}",,,"{""legacy_parameter_set_id"":""06593bf5afce"",""parameter_grid_ordinal"":1,""parameter_grid_sha256"":""149e8c6a92ffd1294241a96d1709a656649b0e95e5ec95df4f1b520b559c501a"",""parameter_identity_schema_version"":""1"",""parameter_identity_sha256"":""62faf803c21b67ef1957460b42dde186c4c0b87df52ef224239c4715f8abbcc5"",""parameter_schema_version"":""1"",""parameter_set_equivalence_family_id"":""06593bf5afce"",""parameter_set_equivalence_family_sha256"":""06593bf5afce136bf4538d73e87247febf192ba6b574a64531c57bc3d62781f4"",""parameter_set_equivalence_family_size"":1,""parameter_set_id"":""06593bf5afce"",""parameters"":{""epsilon_max_fraction"":0.03,""minimum_contour_area_fraction"":0.08,""minimum_projection_score"":0.05,""minimum_rectangularity"":0.45,""projection_margin_fraction"":0.03,""projection_threshold_block_fraction"":0.05,""projection_threshold_c"":5.0,""projection_weight"":0.3},""profile"":null,""rank"":3,""reference_roles"":[],""requested_search_member"":true,""run_id"":""run-20260902-194656"",""search_observation"":{""completion_index"":2,""elapsed_seconds"":2.427989887073636,""parameter_set_number"":2,""search_fraction"":0.2},""search_rank"":2,""search_space_member"":true,""summary"":{""elapsed_ms_total"":1818.641,""failure_count"":0,""mean_edge_error_px"":34.8,""mean_iou"":0.87682013,""mean_iou_success"":0.87682013,""minimum_iou"":0.75890607,""page_count"":5,""stddev_iou"":0.07335619,""success_count"":5,""wall_ms"":1819.088}}","{""approved_bbox"":[84,51,1101,941],""candidate"":{""authors"":null,""bbox"":[73,56,1119,938],""confidence"":0.844583,""corners"":[[77.0,56.0],[1115.0,56.0],[1118.0,937.0],[73.0,932.0]],""detector_name"":"""",""diagnostics"":{""angle_score"":0.9959051,""area_score"":0.72118974,""close_kernel_size"":9,""contour_hypothesis_count"":2,""contour_source"":""external_contour"",""epsilon_fraction"":0.008,""external_contour_count"":1,""horizontal_band_score"":0.65500048,""ink_fraction"":0.21506871,""parameters"":{""angle_weight"":0.2,""area_weight"":0.25,""close_iterations"":1,""close_kernel_fraction"":0.008,""epsilon_max_fraction"":0.03,""epsilon_min_fraction"":0.008,""epsilon_steps"":9,""merge_fragmented_contours"":true,""minimum_contour_area_fraction"":0.08,""minimum_projection_score"":0.05,""minimum_rectangularity"":0.45,""projection_margin_fraction"":0.03,""projection_threshold_block_fraction"":0.05,""projection_threshold_c"":5.0,""projection_weight"":0.3,""rectangularity_weight"":0.25},""projection_score"":0.71701602,""quadrilateral_count"":18,""rectangularity"":1.0,""rejected_projection"":0,""rejected_rectangularity"":0,""vertical_coverage_score"":0.86130892},""foundation"":null,""method"":""contour_projection"",""origin"":"""",""repository"":"""",""score"":0.844583,""status"":""ok"",""version"":""""},""edge_error_maximum_px"":18,""edge_error_mean_px"":9.25,""edge_errors"":{""bottom"":3,""left"":11,""maximum"":18,""mean"":9.25,""right"":18,""top"":5},""elapsed_ms"":555.271,""global_ordinal"":9,""iou"":0.96377596,""label"":""clean_two_page_spread"",""layout_type"":""two_page_spread"",""predicted_bbox"":[73,56,1119,938],""status"":""ok""}"
run-20260902-194656,06593bf5afce,06593bf5afce136bf4538d73e87247febf192ba6b574a64531c57bc3d62781f4,1,06593bf5afce,62faf803c21b67ef1957460b42dde186c4c0b87df52ef224239c4715f8abbcc5,1,149e8c6a92ffd1294241a96d1709a656649b0e95e5ec95df4f1b520b559c501a,1,,3,2,1,1,[],{},2,2.427989887073636,0.2,10,clean_two_page_spread_2,two_page_spread,ok,0.94540817,7,11,18,20,14.0,20,552.694,"[88, 33, 1154, 968]","[81, 44, 1172, 948]","{""epsilon_max_fraction"":0.03,""minimum_contour_area_fraction"":0.08,""minimum_projection_score"":0.05,""minimum_rectangularity"":0.45,""projection_margin_fraction"":0.03,""projection_threshold_block_fraction"":0.05,""projection_threshold_c"":5.0,""projection_weight"":0.3}",,,"{""legacy_parameter_set_id"":""06593bf5afce"",""parameter_grid_ordinal"":1,""parameter_grid_sha256"":""149e8c6a92ffd1294241a96d1709a656649b0e95e5ec95df4f1b520b559c501a"",""parameter_identity_schema_version"":""1"",""parameter_identity_sha256"":""62faf803c21b67ef1957460b42dde186c4c0b87df52ef224239c4715f8abbcc5"",""parameter_schema_version"":""1"",""parameter_set_equivalence_family_id"":""06593bf5afce"",""parameter_set_equivalence_family_sha256"":""06593bf5afce136bf4538d73e87247febf192ba6b574a64531c57bc3d62781f4"",""parameter_set_equivalence_family_size"":1,""parameter_set_id"":""06593bf5afce"",""parameters"":{""epsilon_max_fraction"":0.03,""minimum_contour_area_fraction"":0.08,""minimum_projection_score"":0.05,""minimum_rectangularity"":0.45,""projection_margin_fraction"":0.03,""projection_threshold_block_fraction"":0.05,""projection_threshold_c"":5.0,""projection_weight"":0.3},""profile"":null,""rank"":3,""reference_roles"":[],""requested_search_member"":true,""run_id"":""run-20260902-194656"",""search_observation"":{""completion_index"":2,""elapsed_seconds"":2.427989887073636,""parameter_set_number"":2,""search_fraction"":0.2},""search_rank"":2,""search_space_member"":true,""summary"":{""elapsed_ms_total"":1818.641,""failure_count"":0,""mean_edge_error_px"":34.8,""mean_iou"":0.87682013,""mean_iou_success"":0.87682013,""minimum_iou"":0.75890607,""page_count"":5,""stddev_iou"":0.07335619,""success_count"":5,""wall_ms"":1819.088}}","{""approved_bbox"":[88,33,1154,968],""candidate"":{""authors"":null,""bbox"":[81,44,1172,948],""confidence"":0.850824,""corners"":[[84.0,44.0],[1144.0,44.0],[1171.0,947.0],[81.0,945.0]],""detector_name"":"""",""diagnostics"":{""angle_score"":0.98339192,""area_score"":0.77242297,""close_kernel_size"":9,""contour_hypothesis_count"":4,""contour_source"":""external_contour"",""epsilon_fraction"":0.008,""external_contour_count"":3,""horizontal_band_score"":0.63826144,""ink_fraction"":0.21699932,""parameters"":{""angle_weight"":0.2,""area_weight"":0.25,""close_iterations"":1,""close_kernel_fraction"":0.008,""epsilon_max_fraction"":0.03,""epsilon_min_fraction"":0.008,""epsilon_steps"":9,""merge_fragmented_contours"":true,""minimum_contour_area_fraction"":0.08,""minimum_projection_score"":0.05,""minimum_rectangularity"":0.45,""projection_margin_fraction"":0.03,""projection_threshold_block_fraction"":0.05,""projection_threshold_c"":5.0,""projection_weight"":0.3,""rectangularity_weight"":0.25},""projection_score"":0.70346631,""quadrilateral_count"":18,""rectangularity"":1.0,""rejected_projection"":0,""rejected_rectangularity"":0,""vertical_coverage_score"":0.85286458},""foundation"":null,""method"":""contour_projection"",""origin"":"""",""repository"":"""",""score"":0.850824,""status"":""ok"",""version"":""""},""edge_error_maximum_px"":20,""edge_error_mean_px"":14.0,""edge_errors"":{""bottom"":20,""left"":7,""maximum"":20,""mean"":14.0,""right"":18,""top"":11},""elapsed_ms"":552.694,""global_ordinal"":10,""iou"":0.94540817,""label"":""clean_two_page_spread_2"",""layout_type"":""two_page_spread"",""predicted_bbox"":[81,44,1172,948],""status"":""ok""}"
run-20260902-194656,07cc1ff1c71c,07cc1ff1c71c7aa5c49305364e3d1946c14634e29e78de13c41c7b7014fc62d9,1,07cc1ff1c71c,2200f4a6c80136efa0d9d106f52adfcb0be07c7431a7500ca87999478170746e,1,149e8c6a92ffd1294241a96d1709a656649b0e95e5ec95df4f1b520b559c501a,2,,4,3,1,1,[],{},10,2.913964224047959,1.0,1,ordinary_two_page_spread,two_page_spread,ok,0.85424412,14,38,93,28,43.25,93,547.187,"[125, 56, 1289, 967]","[111, 18, 1382, 939]","{""epsilon_max_fraction"":0.03,""minimum_contour_area_fraction"":0.08,""minimum_projection_score"":0.05,""minimum_rectangularity"":0.45,""projection_margin_fraction"":0.03,""projection_threshold_block_fraction"":0.05,""projection_threshold_c"":5.0,""projection_weight"":0.4}",,,"{""legacy_parameter_set_id"":""07cc1ff1c71c"",""parameter_grid_ordinal"":2,""parameter_grid_sha256"":""149e8c6a92ffd1294241a96d1709a656649b0e95e5ec95df4f1b520b559c501a"",""parameter_identity_schema_version"":""1"",""parameter_identity_sha256"":""2200f4a6c80136efa0d9d106f52adfcb0be07c7431a7500ca87999478170746e"",""parameter_schema_version"":""1"",""parameter_set_equivalence_family_id"":""07cc1ff1c71c"",""parameter_set_equivalence_family_sha256"":""07cc1ff1c71c7aa5c49305364e3d1946c14634e29e78de13c41c7b7014fc62d9"",""parameter_set_equivalence_family_size"":1,""parameter_set_id"":""07cc1ff1c71c"",""parameters"":{""epsilon_max_fraction"":0.03,""minimum_contour_area_fraction"":0.08,""minimum_projection_score"":0.05,""minimum_rectangularity"":0.45,""projection_margin_fraction"":0.03,""projection_threshold_block_fraction"":0.05,""projection_threshold_c"":5.0,""projection_weight"":0.4},""profile"":null,""rank"":4,""reference_roles"":[],""requested_search_member"":true,""run_id"":""run-20260902-194656"",""search_observation"":{""completion_index"":10,""elapsed_seconds"":2.913964224047959,""parameter_set_number"":10,""search_fraction"":1.0},""search_rank"":3,""search_space_member"":true,""summary"":{""elapsed_ms_total"":2299.348,""failure_count"":0,""mean_edge_error_px"":34.8,""mean_iou"":0.87682013,""mean_iou_success"":0.87682013,""minimum_iou"":0.75890607,""page_count"":5,""stddev_iou"":0.07335619,""success_count"":5,""wall_ms"":2299.77}}","{""approved_bbox"":[125,56,1289,967],""candidate"":{""authors"":null,""bbox"":[111,18,1382,939],""confidence"":0.71157,""corners"":[[111.0,90.0],[1381.0,18.0],[1257.0,938.0],[235.0,917.0]],""detector_name"":"""",""diagnostics"":{""angle_score"":0.85918058,""area_score"":0.7346197,""close_kernel_size"":9,""contour_hypothesis_count"":9,""contour_source"":""merged_convex_hull"",""epsilon_fraction"":0.0135,""external_contour_count"":8,""horizontal_band_score"":0.22819046,""ink_fraction"":0.25486618,""parameters"":{""angle_weight"":0.2,""area_weight"":0.25,""close_iterations"":1,""close_kernel_fraction"":0.008,""epsilon_max_fraction"":0.03,""epsilon_min_fraction"":0.008,""epsilon_steps"":9,""merge_fragmented_contours"":true,""minimum_contour_area_fraction"":0.08,""minimum_projection_score"":0.05,""minimum_rectangularity"":0.45,""projection_margin_fraction"":0.03,""projection_threshold_block_fraction"":0.05,""projection_threshold_c"":5.0,""projection_weight"":0.4,""rectangularity_weight"":0.25},""projection_score"":0.44308945,""quadrilateral_count"":13,""rectangularity"":1.0,""rejected_projection"":0,""rejected_rectangularity"":0,""vertical_coverage_score"":0.85507246},""foundation"":null,""method"":""contour_projection"",""origin"":"""",""repository"":"""",""score"":0.71157,""status"":""ok"",""version"":""""},""edge_error_maximum_px"":93,""edge_error_mean_px"":43.25,""edge_errors"":{""bottom"":28,""left"":14,""maximum"":93,""mean"":43.25,""right"":93,""top"":38},""elapsed_ms"":547.187,""global_ordinal"":1,""iou"":0.85424412,""label"":""ordinary_two_page_spread"",""layout_type"":""two_page_spread"",""predicted_bbox"":[111,18,1382,939],""status"":""ok""}"
run-20260902-194656,07cc1ff1c71c,07cc1ff1c71c7aa5c49305364e3d1946c14634e29e78de13c41c7b7014fc62d9,1,07cc1ff1c71c,2200f4a6c80136efa0d9d106f52adfcb0be07c7431a7500ca87999478170746e,1,149e8c6a92ffd1294241a96d1709a656649b0e95e5ec95df4f1b520b559c501a,2,,4,3,1,1,[],{},10,2.913964224047959,1.0,5,damaged_partial_register_spread,two_page_spread,ok,0.86176634,52,7,83,28,42.5,83,129.638,"[67, 8, 1233, 977]","[119, 15, 1316, 949]","{""epsilon_max_fraction"":0.03,""minimum_contour_area_fraction"":0.08,""minimum_projection_score"":0.05,""minimum_rectangularity"":0.45,""projection_margin_fraction"":0.03,""projection_threshold_block_fraction"":0.05,""projection_threshold_c"":5.0,""projection_weight"":0.4}",,,"{""legacy_parameter_set_id"":""07cc1ff1c71c"",""parameter_grid_ordinal"":2,""parameter_grid_sha256"":""149e8c6a92ffd1294241a96d1709a656649b0e95e5ec95df4f1b520b559c501a"",""parameter_identity_schema_version"":""1"",""parameter_identity_sha256"":""2200f4a6c80136efa0d9d106f52adfcb0be07c7431a7500ca87999478170746e"",""parameter_schema_version"":""1"",""parameter_set_equivalence_family_id"":""07cc1ff1c71c"",""parameter_set_equivalence_family_sha256"":""07cc1ff1c71c7aa5c49305364e3d1946c14634e29e78de13c41c7b7014fc62d9"",""parameter_set_equivalence_family_size"":1,""parameter_set_id"":""07cc1ff1c71c"",""parameters"":{""epsilon_max_fraction"":0.03,""minimum_contour_area_fraction"":0.08,""minimum_projection_score"":0.05,""minimum_rectangularity"":0.45,""projection_margin_fraction"":0.03,""projection_threshold_block_fraction"":0.05,""projection_threshold_c"":5.0,""projection_weight"":0.4},""profile"":null,""rank"":4,""reference_roles"":[],""requested_search_member"":true,""run_id"":""run-20260902-194656"",""search_observation"":{""completion_index"":10,""elapsed_seconds"":2.913964224047959,""parameter_set_number"":10,""search_fraction"":1.0},""search_rank"":3,""search_space_member"":true,""summary"":{""elapsed_ms_total"":2299.348,""failure_count"":0,""mean_edge_error_px"":34.8,""mean_iou"":0.87682013,""mean_iou_success"":0.87682013,""minimum_iou"":0.75890607,""page_count"":5,""stddev_iou"":0.07335619,""success_count"":5,""wall_ms"":2299.77}}","{""approved_bbox"":[67,8,1233,977],""candidate"":{""authors"":null,""bbox"":[119,15,1316,949],""confidence"":0.643779,""corners"":[[119.0,36.0],[1315.0,15.0],[739.0,948.0],[137.0,771.0]],""detector_name"":"""",""diagnostics"":{""angle_score"":0.72086268,""area_score"":0.59398934,""close_kernel_size"":9,""contour_hypothesis_count"":15,""contour_source"":""merged_convex_hull"",""epsilon_fraction"":0.03,""external_contour_count"":14,""horizontal_band_score"":0.17767954,""ink_fraction"":0.25966555,""parameters"":{""angle_weight"":0.2,""area_weight"":0.25,""close_iterations"":1,""close_kernel_fraction"":0.008,""epsilon_max_fraction"":0.03,""epsilon_min_fraction"":0.008,""epsilon_steps"":9,""merge_fragmented_contours"":true,""minimum_contour_area_fraction"":0.08,""minimum_projection_score"":0.05,""minimum_rectangularity"":0.45,""projection_margin_fraction"":0.03,""projection_threshold_block_fraction"":0.05,""projection_threshold_c"":5.0,""projection_weight"":0.4,""rectangularity_weight"":0.25},""projection_score"":0.4137179,""quadrilateral_count"":3,""rectangularity"":1.0,""rejected_projection"":0,""rejected_rectangularity"":0,""vertical_coverage_score"":0.86476868},""foundation"":null,""method"":""contour_projection"",""origin"":"""",""repository"":"""",""score"":0.643779,""status"":""ok"",""version"":""""},""edge_error_maximum_px"":83,""edge_error_mean_px"":42.5,""edge_errors"":{""bottom"":28,""left"":52,""maximum"":83,""mean"":42.5,""right"":83,""top"":7},""elapsed_ms"":129.638,""global_ordinal"":5,""iou"":0.86176634,""label"":""damaged_partial_register_spread"",""layout_type"":""two_page_spread"",""predicted_bbox"":[119,15,1316,949],""status"":""ok""}"
run-20260902-194656,07cc1ff1c71c,07cc1ff1c71c7aa5c49305364e3d1946c14634e29e78de13c41c7b7014fc62d9,1,07cc1ff1c71c,2200f4a6c80136efa0d9d106f52adfcb0be07c7431a7500ca87999478170746e,1,149e8c6a92ffd1294241a96d1709a656649b0e95e5ec95df4f1b520b559c501a,2,,4,3,1,1,[],{},10,2.913964224047959,1.0,6,title_or_index_sheet,single_page,ok,0.75890607,125,16,37,82,65.0,125,229.867,"[15, 28, 1074, 970]","[140, 44, 1037, 888]","{""epsilon_max_fraction"":0.03,""minimum_contour_area_fraction"":0.08,""minimum_projection_score"":0.05,""minimum_rectangularity"":0.45,""projection_margin_fraction"":0.03,""projection_threshold_block_fraction"":0.05,""projection_threshold_c"":5.0,""projection_weight"":0.4}",,,"{""legacy_parameter_set_id"":""07cc1ff1c71c"",""parameter_grid_ordinal"":2,""parameter_grid_sha256"":""149e8c6a92ffd1294241a96d1709a656649b0e95e5ec95df4f1b520b559c501a"",""parameter_identity_schema_version"":""1"",""parameter_identity_sha256"":""2200f4a6c80136efa0d9d106f52adfcb0be07c7431a7500ca87999478170746e"",""parameter_schema_version"":""1"",""parameter_set_equivalence_family_id"":""07cc1ff1c71c"",""parameter_set_equivalence_family_sha256"":""07cc1ff1c71c7aa5c49305364e3d1946c14634e29e78de13c41c7b7014fc62d9"",""parameter_set_equivalence_family_size"":1,""parameter_set_id"":""07cc1ff1c71c"",""parameters"":{""epsilon_max_fraction"":0.03,""minimum_contour_area_fraction"":0.08,""minimum_projection_score"":0.05,""minimum_rectangularity"":0.45,""projection_margin_fraction"":0.03,""projection_threshold_block_fraction"":0.05,""projection_threshold_c"":5.0,""projection_weight"":0.4},""profile"":null,""rank"":4,""reference_roles"":[],""requested_search_member"":true,""run_id"":""run-20260902-194656"",""search_observation"":{""completion_index"":10,""elapsed_seconds"":2.913964224047959,""parameter_set_number"":10,""search_fraction"":1.0},""search_rank"":3,""search_space_member"":true,""summary"":{""elapsed_ms_total"":2299.348,""failure_count"":0,""mean_edge_error_px"":34.8,""mean_iou"":0.87682013,""mean_iou_success"":0.87682013,""minimum_iou"":0.75890607,""page_count"":5,""stddev_iou"":0.07335619,""success_count"":5,""wall_ms"":2299.77}}","{""approved_bbox"":[15,28,1074,970],""candidate"":{""authors"":null,""bbox"":[140,44,1037,888],""confidence"":0.776672,""corners"":[[140.0,44.0],[1036.0,223.0],[1021.0,886.0],[424.0,887.0]],""detector_name"":"""",""diagnostics"":{""angle_score"":0.74640746,""area_score"":0.51439172,""close_kernel_size"":9,""contour_hypothesis_count"":126,""contour_source"":""merged_convex_hull"",""epsilon_fraction"":0.019,""external_contour_count"":125,""horizontal_band_score"":0.78039863,""ink_fraction"":0.1363845,""parameters"":{""angle_weight"":0.2,""area_weight"":0.25,""close_iterations"":1,""close_kernel_fraction"":0.008,""epsilon_max_fraction"":0.03,""epsilon_min_fraction"":0.008,""epsilon_steps"":9,""merge_fragmented_contours"":true,""minimum_contour_area_fraction"":0.08,""minimum_projection_score"":0.05,""minimum_rectangularity"":0.45,""projection_margin_fraction"":0.03,""projection_threshold_block_fraction"":0.05,""projection_threshold_c"":5.0,""projection_weight"":0.4,""rectangularity_weight"":0.25},""projection_score"":0.81614948,""quadrilateral_count"":5,""rectangularity"":1.0,""rejected_projection"":0,""rejected_rectangularity"":0,""vertical_coverage_score"":0.86356589},""foundation"":null,""method"":""contour_projection"",""origin"":"""",""repository"":"""",""score"":0.776672,""status"":""ok"",""version"":""""},""edge_error_maximum_px"":125,""edge_error_mean_px"":65.0,""edge_errors"":{""bottom"":82,""left"":125,""maximum"":125,""mean"":65.0,""right"":37,""top"":16},""elapsed_ms"":229.867,""global_ordinal"":6,""iou"":0.75890607,""label"":""title_or_index_sheet"",""layout_type"":""single_page"",""predicted_bbox"":[140,44,1037,888],""status"":""ok""}"
run-20260902-194656,07cc1ff1c71c,07cc1ff1c71c7aa5c49305364e3d1946c14634e29e78de13c41c7b7014fc62d9,1,07cc1ff1c71c,2200f4a6c80136efa0d9d106f52adfcb0be07c7431a7500ca87999478170746e,1,149e8c6a92ffd1294241a96d1709a656649b0e95e5ec95df4f1b520b559c501a,2,,4,3,1,1,[],{},10,2.913964224047959,1.0,9,clean_two_page_spread,two_page_spread,ok,0.96377596,11,5,18,3,9.25,18,1068.983,"[84, 51, 1101, 941]","[73, 56, 1119, 938]","{""epsilon_max_fraction"":0.03,""minimum_contour_area_fraction"":0.08,""minimum_projection_score"":0.05,""minimum_rectangularity"":0.45,""projection_margin_fraction"":0.03,""projection_threshold_block_fraction"":0.05,""projection_threshold_c"":5.0,""projection_weight"":0.4}",,,"{""legacy_parameter_set_id"":""07cc1ff1c71c"",""parameter_grid_ordinal"":2,""parameter_grid_sha256"":""149e8c6a92ffd1294241a96d1709a656649b0e95e5ec95df4f1b520b559c501a"",""parameter_identity_schema_version"":""1"",""parameter_identity_sha256"":""2200f4a6c80136efa0d9d106f52adfcb0be07c7431a7500ca87999478170746e"",""parameter_schema_version"":""1"",""parameter_set_equivalence_family_id"":""07cc1ff1c71c"",""parameter_set_equivalence_family_sha256"":""07cc1ff1c71c7aa5c49305364e3d1946c14634e29e78de13c41c7b7014fc62d9"",""parameter_set_equivalence_family_size"":1,""parameter_set_id"":""07cc1ff1c71c"",""parameters"":{""epsilon_max_fraction"":0.03,""minimum_contour_area_fraction"":0.08,""minimum_projection_score"":0.05,""minimum_rectangularity"":0.45,""projection_margin_fraction"":0.03,""projection_threshold_block_fraction"":0.05,""projection_threshold_c"":5.0,""projection_weight"":0.4},""profile"":null,""rank"":4,""reference_roles"":[],""requested_search_member"":true,""run_id"":""run-20260902-194656"",""search_observation"":{""completion_index"":10,""elapsed_seconds"":2.913964224047959,""parameter_set_number"":10,""search_fraction"":1.0},""search_rank"":3,""search_space_member"":true,""summary"":{""elapsed_ms_total"":2299.348,""failure_count"":0,""mean_edge_error_px"":34.8,""mean_iou"":0.87682013,""mean_iou_success"":0.87682013,""minimum_iou"":0.75890607,""page_count"":5,""stddev_iou"":0.07335619,""success_count"":5,""wall_ms"":2299.77}}","{""approved_bbox"":[84,51,1101,941],""candidate"":{""authors"":null,""bbox"":[73,56,1119,938],""confidence"":0.832986,""corners"":[[77.0,56.0],[1115.0,56.0],[1118.0,937.0],[73.0,932.0]],""detector_name"":"""",""diagnostics"":{""angle_score"":0.9959051,""area_score"":0.72118974,""close_kernel_size"":9,""contour_hypothesis_count"":2,""contour_source"":""external_contour"",""epsilon_fraction"":0.008,""external_contour_count"":1,""horizontal_band_score"":0.65500048,""ink_fraction"":0.21506871,""parameters"":{""angle_weight"":0.2,""area_weight"":0.25,""close_iterations"":1,""close_kernel_fraction"":0.008,""epsilon_max_fraction"":0.03,""epsilon_min_fraction"":0.008,""epsilon_steps"":9,""merge_fragmented_contours"":true,""minimum_contour_area_fraction"":0.08,""minimum_projection_score"":0.05,""minimum_rectangularity"":0.45,""projection_margin_fraction"":0.03,""projection_threshold_block_fraction"":0.05,""projection_threshold_c"":5.0,""projection_weight"":0.4,""rectangularity_weight"":0.25},""projection_score"":0.71701602,""quadrilateral_count"":18,""rectangularity"":1.0,""rejected_projection"":0,""rejected_rectangularity"":0,""vertical_coverage_score"":0.86130892},""foundation"":null,""method"":""contour_projection"",""origin"":"""",""repository"":"""",""score"":0.832986,""status"":""ok"",""version"":""""},""edge_error_maximum_px"":18,""edge_error_mean_px"":9.25,""edge_errors"":{""bottom"":3,""left"":11,""maximum"":18,""mean"":9.25,""right"":18,""top"":5},""elapsed_ms"":1068.983,""global_ordinal"":9,""iou"":0.96377596,""label"":""clean_two_page_spread"",""layout_type"":""two_page_spread"",""predicted_bbox"":[73,56,1119,938],""status"":""ok""}"
run-20260902-194656,07cc1ff1c71c,07cc1ff1c71c7aa5c49305364e3d1946c14634e29e78de13c41c7b7014fc62d9,1,07cc1ff1c71c,2200f4a6c80136efa0d9d106f52adfcb0be07c7431a7500ca87999478170746e,1,149e8c6a92ffd1294241a96d1709a656649b0e95e5ec95df4f1b520b559c501a,2,,4,3,1,1,[],{},10,2.913964224047959,1.0,10,clean_two_page_spread_2,two_page_spread,ok,0.94540817,7,11,18,20,14.0,20,323.673,"[88, 33, 1154, 968]","[81, 44, 1172, 948]","{""epsilon_max_fraction"":0.03,""minimum_contour_area_fraction"":0.08,""minimum_projection_score"":0.05,""minimum_rectangularity"":0.45,""projection_margin_fraction"":0.03,""projection_threshold_block_fraction"":0.05,""projection_threshold_c"":5.0,""projection_weight"":0.4}",,,"{""legacy_parameter_set_id"":""07cc1ff1c71c"",""parameter_grid_ordinal"":2,""parameter_grid_sha256"":""149e8c6a92ffd1294241a96d1709a656649b0e95e5ec95df4f1b520b559c501a"",""parameter_identity_schema_version"":""1"",""parameter_identity_sha256"":""2200f4a6c80136efa0d9d106f52adfcb0be07c7431a7500ca87999478170746e"",""parameter_schema_version"":""1"",""parameter_set_equivalence_family_id"":""07cc1ff1c71c"",""parameter_set_equivalence_family_sha256"":""07cc1ff1c71c7aa5c49305364e3d1946c14634e29e78de13c41c7b7014fc62d9"",""parameter_set_equivalence_family_size"":1,""parameter_set_id"":""07cc1ff1c71c"",""parameters"":{""epsilon_max_fraction"":0.03,""minimum_contour_area_fraction"":0.08,""minimum_projection_score"":0.05,""minimum_rectangularity"":0.45,""projection_margin_fraction"":0.03,""projection_threshold_block_fraction"":0.05,""projection_threshold_c"":5.0,""projection_weight"":0.4},""profile"":null,""rank"":4,""reference_roles"":[],""requested_search_member"":true,""run_id"":""run-20260902-194656"",""search_observation"":{""completion_index"":10,""elapsed_seconds"":2.913964224047959,""parameter_set_number"":10,""search_fraction"":1.0},""search_rank"":3,""search_space_member"":true,""summary"":{""elapsed_ms_total"":2299.348,""failure_count"":0,""mean_edge_error_px"":34.8,""mean_iou"":0.87682013,""mean_iou_success"":0.87682013,""minimum_iou"":0.75890607,""page_count"":5,""stddev_iou"":0.07335619,""success_count"":5,""wall_ms"":2299.77}}","{""approved_bbox"":[88,33,1154,968],""candidate"":{""authors"":null,""bbox"":[81,44,1172,948],""confidence"":0.837428,""corners"":[[84.0,44.0],[1144.0,44.0],[1171.0,947.0],[81.0,945.0]],""detector_name"":"""",""diagnostics"":{""angle_score"":0.98339192,""area_score"":0.77242297,""close_kernel_size"":9,""contour_hypothesis_count"":4,""contour_source"":""external_contour"",""epsilon_fraction"":0.008,""external_contour_count"":3,""horizontal_band_score"":0.63826144,""ink_fraction"":0.21699932,""parameters"":{""angle_weight"":0.2,""area_weight"":0.25,""close_iterations"":1,""close_kernel_fraction"":0.008,""epsilon_max_fraction"":0.03,""epsilon_min_fraction"":0.008,""epsilon_steps"":9,""merge_fragmented_contours"":true,""minimum_contour_area_fraction"":0.08,""minimum_projection_score"":0.05,""minimum_rectangularity"":0.45,""projection_margin_fraction"":0.03,""projection_threshold_block_fraction"":0.05,""projection_threshold_c"":5.0,""projection_weight"":0.4,""rectangularity_weight"":0.25},""projection_score"":0.70346631,""quadrilateral_count"":18,""rectangularity"":1.0,""rejected_projection"":0,""rejected_rectangularity"":0,""vertical_coverage_score"":0.85286458},""foundation"":null,""method"":""contour_projection"",""origin"":"""",""repository"":"""",""score"":0.837428,""status"":""ok"",""version"":""""},""edge_error_maximum_px"":20,""edge_error_mean_px"":14.0,""edge_errors"":{""bottom"":20,""left"":7,""maximum"":20,""mean"":14.0,""right"":18,""top"":11},""elapsed_ms"":323.673,""global_ordinal"":10,""iou"":0.94540817,""label"":""clean_two_page_spread_2"",""layout_type"":""two_page_spread"",""predicted_bbox"":[81,44,1172,948],""status"":""ok""}"
run-20260902-194656,8d75cf39600c,8d75cf39600cfe911ba0faf88a18b0437bbab91ca6068c426ac1b636221b9ddf,1,8d75cf39600c,9e61aa2995a39028c7a161a86c378a3e27a5c0da0cfa9c20a3662e3945c4e52d,1,149e8c6a92ffd1294241a96d1709a656649b0e95e5ec95df4f1b520b559c501a,3,,5,4,1,1,[],{},5,2.7626016596332192,0.5,1,ordinary_two_page_spread,two_page_spread,ok,0.85424412,14,38,93,28,43.25,93,596.571,"[125, 56, 1289, 967]","[111, 18, 1382, 939]","{""epsilon_max_fraction"":0.03,""minimum_contour_area_fraction"":0.08,""minimum_projection_score"":0.08,""minimum_rectangularity"":0.45,""projection_margin_fraction"":0.03,""projection_threshold_block_fraction"":0.05,""projection_threshold_c"":5.0,""projection_weight"":0.2}",,,"{""legacy_parameter_set_id"":""8d75cf39600c"",""parameter_grid_ordinal"":3,""parameter_grid_sha256"":""149e8c6a92ffd1294241a96d1709a656649b0e95e5ec95df4f1b520b559c501a"",""parameter_identity_schema_version"":""1"",""parameter_identity_sha256"":""9e61aa2995a39028c7a161a86c378a3e27a5c0da0cfa9c20a3662e3945c4e52d"",""parameter_schema_version"":""1"",""parameter_set_equivalence_family_id"":""8d75cf39600c"",""parameter_set_equivalence_family_sha256"":""8d75cf39600cfe911ba0faf88a18b0437bbab91ca6068c426ac1b636221b9ddf"",""parameter_set_equivalence_family_size"":1,""parameter_set_id"":""8d75cf39600c"",""parameters"":{""epsilon_max_fraction"":0.03,""minimum_contour_area_fraction"":0.08,""minimum_projection_score"":0.08,""minimum_rectangularity"":0.45,""projection_margin_fraction"":0.03,""projection_threshold_block_fraction"":0.05,""projection_threshold_c"":5.0,""projection_weight"":0.2},""profile"":null,""rank"":5,""reference_roles"":[],""requested_search_member"":true,""run_id"":""run-20260902-194656"",""search_observation"":{""completion_index"":5,""elapsed_seconds"":2.7626016596332192,""parameter_set_number"":5,""search_fraction"":0.5},""search_rank"":4,""search_space_member"":true,""summary"":{""elapsed_ms_total"":2145.984,""failure_count"":0,""mean_edge_error_px"":34.8,""mean_iou"":0.87682013,""mean_iou_success"":0.87682013,""minimum_iou"":0.75890607,""page_count"":5,""stddev_iou"":0.07335619,""success_count"":5,""wall_ms"":2146.397}}","{""approved_bbox"":[125,56,1289,967],""candidate"":{""authors"":null,""bbox"":[111,18,1382,939],""confidence"":0.771232,""corners"":[[111.0,90.0],[1381.0,18.0],[1257.0,938.0],[235.0,917.0]],""detector_name"":"""",""diagnostics"":{""angle_score"":0.85918058,""area_score"":0.7346197,""close_kernel_size"":9,""contour_hypothesis_count"":9,""contour_source"":""merged_convex_hull"",""epsilon_fraction"":0.0135,""external_contour_count"":8,""horizontal_band_score"":0.22819046,""ink_fraction"":0.25486618,""parameters"":{""angle_weight"":0.2,""area_weight"":0.25,""close_iterations"":1,""close_kernel_fraction"":0.008,""epsilon_max_fraction"":0.03,""epsilon_min_fraction"":0.008,""epsilon_steps"":9,""merge_fragmented_contours"":true,""minimum_contour_area_fraction"":0.08,""minimum_projection_score"":0.08,""minimum_rectangularity"":0.45,""projection_margin_fraction"":0.03,""projection_threshold_block_fraction"":0.05,""projection_threshold_c"":5.0,""projection_weight"":0.2,""rectangularity_weight"":0.25},""projection_score"":0.44308945,""quadrilateral_count"":13,""rectangularity"":1.0,""rejected_projection"":0,""rejected_rectangularity"":0,""vertical_coverage_score"":0.85507246},""foundation"":null,""method"":""contour_projection"",""origin"":"""",""repository"":"""",""score"":0.771232,""status"":""ok"",""version"":""""},""edge_error_maximum_px"":93,""edge_error_mean_px"":43.25,""edge_errors"":{""bottom"":28,""left"":14,""maximum"":93,""mean"":43.25,""right"":93,""top"":38},""elapsed_ms"":596.571,""global_ordinal"":1,""iou"":0.85424412,""label"":""ordinary_two_page_spread"",""layout_type"":""two_page_spread"",""predicted_bbox"":[111,18,1382,939],""status"":""ok""}"
run-20260902-194656,8d75cf39600c,8d75cf39600cfe911ba0faf88a18b0437bbab91ca6068c426ac1b636221b9ddf,1,8d75cf39600c,9e61aa2995a39028c7a161a86c378a3e27a5c0da0cfa9c20a3662e3945c4e52d,1,149e8c6a92ffd1294241a96d1709a656649b0e95e5ec95df4f1b520b559c501a,3,,5,4,1,1,[],{},5,2.7626016596332192,0.5,5,damaged_partial_register_spread,two_page_spread,ok,0.86176634,52,7,83,28,42.5,83,186.619,"[67, 8, 1233, 977]","[119, 15, 1316, 949]","{""epsilon_max_fraction"":0.03,""minimum_contour_area_fraction"":0.08,""minimum_projection_score"":0.08,""minimum_rectangularity"":0.45,""projection_margin_fraction"":0.03,""projection_threshold_block_fraction"":0.05,""projection_threshold_c"":5.0,""projection_weight"":0.2}",,,"{""legacy_parameter_set_id"":""8d75cf39600c"",""parameter_grid_ordinal"":3,""parameter_grid_sha256"":""149e8c6a92ffd1294241a96d1709a656649b0e95e5ec95df4f1b520b559c501a"",""parameter_identity_schema_version"":""1"",""parameter_identity_sha256"":""9e61aa2995a39028c7a161a86c378a3e27a5c0da0cfa9c20a3662e3945c4e52d"",""parameter_schema_version"":""1"",""parameter_set_equivalence_family_id"":""8d75cf39600c"",""parameter_set_equivalence_family_sha256"":""8d75cf39600cfe911ba0faf88a18b0437bbab91ca6068c426ac1b636221b9ddf"",""parameter_set_equivalence_family_size"":1,""parameter_set_id"":""8d75cf39600c"",""parameters"":{""epsilon_max_fraction"":0.03,""minimum_contour_area_fraction"":0.08,""minimum_projection_score"":0.08,""minimum_rectangularity"":0.45,""projection_margin_fraction"":0.03,""projection_threshold_block_fraction"":0.05,""projection_threshold_c"":5.0,""projection_weight"":0.2},""profile"":null,""rank"":5,""reference_roles"":[],""requested_search_member"":true,""run_id"":""run-20260902-194656"",""search_observation"":{""completion_index"":5,""elapsed_seconds"":2.7626016596332192,""parameter_set_number"":5,""search_fraction"":0.5},""search_rank"":4,""search_space_member"":true,""summary"":{""elapsed_ms_total"":2145.984,""failure_count"":0,""mean_edge_error_px"":34.8,""mean_iou"":0.87682013,""mean_iou_success"":0.87682013,""minimum_iou"":0.75890607,""page_count"":5,""stddev_iou"":0.07335619,""success_count"":5,""wall_ms"":2146.397}}","{""approved_bbox"":[67,8,1233,977],""candidate"":{""authors"":null,""bbox"":[119,15,1316,949],""confidence"":0.694904,""corners"":[[119.0,36.0],[1315.0,15.0],[739.0,948.0],[137.0,771.0]],""detector_name"":"""",""diagnostics"":{""angle_score"":0.72086268,""area_score"":0.59398934,""close_kernel_size"":9,""contour_hypothesis_count"":15,""contour_source"":""merged_convex_hull"",""epsilon_fraction"":0.03,""external_contour_count"":14,""horizontal_band_score"":0.17767954,""ink_fraction"":0.25966555,""parameters"":{""angle_weight"":0.2,""area_weight"":0.25,""close_iterations"":1,""close_kernel_fraction"":0.008,""epsilon_max_fraction"":0.03,""epsilon_min_fraction"":0.008,""epsilon_steps"":9,""merge_fragmented_contours"":true,""minimum_contour_area_fraction"":0.08,""minimum_projection_score"":0.08,""minimum_rectangularity"":0.45,""projection_margin_fraction"":0.03,""projection_threshold_block_fraction"":0.05,""projection_threshold_c"":5.0,""projection_weight"":0.2,""rectangularity_weight"":0.25},""projection_score"":0.4137179,""quadrilateral_count"":3,""rectangularity"":1.0,""rejected_projection"":0,""rejected_rectangularity"":0,""vertical_coverage_score"":0.86476868},""foundation"":null,""method"":""contour_projection"",""origin"":"""",""repository"":"""",""score"":0.694904,""status"":""ok"",""version"":""""},""edge_error_maximum_px"":83,""edge_error_mean_px"":42.5,""edge_errors"":{""bottom"":28,""left"":52,""maximum"":83,""mean"":42.5,""right"":83,""top"":7},""elapsed_ms"":186.619,""global_ordinal"":5,""iou"":0.86176634,""label"":""damaged_partial_register_spread"",""layout_type"":""two_page_spread"",""predicted_bbox"":[119,15,1316,949],""status"":""ok""}"
run-20260902-194656,8d75cf39600c,8d75cf39600cfe911ba0faf88a18b0437bbab91ca6068c426ac1b636221b9ddf,1,8d75cf39600c,9e61aa2995a39028c7a161a86c378a3e27a5c0da0cfa9c20a3662e3945c4e52d,1,149e8c6a92ffd1294241a96d1709a656649b0e95e5ec95df4f1b520b559c501a,3,,5,4,1,1,[],{},5,2.7626016596332192,0.5,6,title_or_index_sheet,single_page,ok,0.75890607,125,16,37,82,65.0,125,150.866,"[15, 28, 1074, 970]","[140, 44, 1037, 888]","{""epsilon_max_fraction"":0.03,""minimum_contour_area_fraction"":0.08,""minimum_projection_score"":0.08,""minimum_rectangularity"":0.45,""projection_margin_fraction"":0.03,""projection_threshold_block_fraction"":0.05,""projection_threshold_c"":5.0,""projection_weight"":0.2}",,,"{""legacy_parameter_set_id"":""8d75cf39600c"",""parameter_grid_ordinal"":3,""parameter_grid_sha256"":""149e8c6a92ffd1294241a96d1709a656649b0e95e5ec95df4f1b520b559c501a"",""parameter_identity_schema_version"":""1"",""parameter_identity_sha256"":""9e61aa2995a39028c7a161a86c378a3e27a5c0da0cfa9c20a3662e3945c4e52d"",""parameter_schema_version"":""1"",""parameter_set_equivalence_family_id"":""8d75cf39600c"",""parameter_set_equivalence_family_sha256"":""8d75cf39600cfe911ba0faf88a18b0437bbab91ca6068c426ac1b636221b9ddf"",""parameter_set_equivalence_family_size"":1,""parameter_set_id"":""8d75cf39600c"",""parameters"":{""epsilon_max_fraction"":0.03,""minimum_contour_area_fraction"":0.08,""minimum_projection_score"":0.08,""minimum_rectangularity"":0.45,""projection_margin_fraction"":0.03,""projection_threshold_block_fraction"":0.05,""projection_threshold_c"":5.0,""projection_weight"":0.2},""profile"":null,""rank"":5,""reference_roles"":[],""requested_search_member"":true,""run_id"":""run-20260902-194656"",""search_observation"":{""completion_index"":5,""elapsed_seconds"":2.7626016596332192,""parameter_set_number"":5,""search_fraction"":0.5},""search_rank"":4,""search_space_member"":true,""summary"":{""elapsed_ms_total"":2145.984,""failure_count"":0,""mean_edge_error_px"":34.8,""mean_iou"":0.87682013,""mean_iou_success"":0.87682013,""minimum_iou"":0.75890607,""page_count"":5,""stddev_iou"":0.07335619,""success_count"":5,""wall_ms"":2146.397}}","{""approved_bbox"":[15,28,1074,970],""candidate"":{""authors"":null,""bbox"":[140,44,1037,888],""confidence"":0.767899,""corners"":[[140.0,44.0],[1036.0,223.0],[1021.0,886.0],[424.0,887.0]],""detector_name"":"""",""diagnostics"":{""angle_score"":0.74640746,""area_score"":0.51439172,""close_kernel_size"":9,""contour_hypothesis_count"":126,""contour_source"":""merged_convex_hull"",""epsilon_fraction"":0.019,""external_contour_count"":125,""horizontal_band_score"":0.78039863,""ink_fraction"":0.1363845,""parameters"":{""angle_weight"":0.2,""area_weight"":0.25,""close_iterations"":1,""close_kernel_fraction"":0.008,""epsilon_max_fraction"":0.03,""epsilon_min_fraction"":0.008,""epsilon_steps"":9,""merge_fragmented_contours"":true,""minimum_contour_area_fraction"":0.08,""minimum_projection_score"":0.08,""minimum_rectangularity"":0.45,""projection_margin_fraction"":0.03,""projection_threshold_block_fraction"":0.05,""projection_threshold_c"":5.0,""projection_weight"":0.2,""rectangularity_weight"":0.25},""projection_score"":0.81614948,""quadrilateral_count"":5,""rectangularity"":1.0,""rejected_projection"":0,""rejected_rectangularity"":0,""vertical_coverage_score"":0.86356589},""foundation"":null,""method"":""contour_projection"",""origin"":"""",""repository"":"""",""score"":0.767899,""status"":""ok"",""version"":""""},""edge_error_maximum_px"":125,""edge_error_mean_px"":65.0,""edge_errors"":{""bottom"":82,""left"":125,""maximum"":125,""mean"":65.0,""right"":37,""top"":16},""elapsed_ms"":150.866,""global_ordinal"":6,""iou"":0.75890607,""label"":""title_or_index_sheet"",""layout_type"":""single_page"",""predicted_bbox"":[140,44,1037,888],""status"":""ok""}"
run-20260902-194656,8d75cf39600c,8d75cf39600cfe911ba0faf88a18b0437bbab91ca6068c426ac1b636221b9ddf,1,8d75cf39600c,9e61aa2995a39028c7a161a86c378a3e27a5c0da0cfa9c20a3662e3945c4e52d,1,149e8c6a92ffd1294241a96d1709a656649b0e95e5ec95df4f1b520b559c501a,3,,5,4,1,1,[],{},5,2.7626016596332192,0.5,9,clean_two_page_spread,two_page_spread,ok,0.96377596,11,5,18,3,9.25,18,650.917,"[84, 51, 1101, 941]","[73, 56, 1119, 938]","{""epsilon_max_fraction"":0.03,""minimum_contour_area_fraction"":0.08,""minimum_projection_score"":0.08,""minimum_rectangularity"":0.45,""projection_margin_fraction"":0.03,""projection_threshold_block_fraction"":0.05,""projection_threshold_c"":5.0,""projection_weight"":0.2}",,,"{""legacy_parameter_set_id"":""8d75cf39600c"",""parameter_grid_ordinal"":3,""parameter_grid_sha256"":""149e8c6a92ffd1294241a96d1709a656649b0e95e5ec95df4f1b520b559c501a"",""parameter_identity_schema_version"":""1"",""parameter_identity_sha256"":""9e61aa2995a39028c7a161a86c378a3e27a5c0da0cfa9c20a3662e3945c4e52d"",""parameter_schema_version"":""1"",""parameter_set_equivalence_family_id"":""8d75cf39600c"",""parameter_set_equivalence_family_sha256"":""8d75cf39600cfe911ba0faf88a18b0437bbab91ca6068c426ac1b636221b9ddf"",""parameter_set_equivalence_family_size"":1,""parameter_set_id"":""8d75cf39600c"",""parameters"":{""epsilon_max_fraction"":0.03,""minimum_contour_area_fraction"":0.08,""minimum_projection_score"":0.08,""minimum_rectangularity"":0.45,""projection_margin_fraction"":0.03,""projection_threshold_block_fraction"":0.05,""projection_threshold_c"":5.0,""projection_weight"":0.2},""profile"":null,""rank"":5,""reference_roles"":[],""requested_search_member"":true,""run_id"":""run-20260902-194656"",""search_observation"":{""completion_index"":5,""elapsed_seconds"":2.7626016596332192,""parameter_set_number"":5,""search_fraction"":0.5},""search_rank"":4,""search_space_member"":true,""summary"":{""elapsed_ms_total"":2145.984,""failure_count"":0,""mean_edge_error_px"":34.8,""mean_iou"":0.87682013,""mean_iou_success"":0.87682013,""minimum_iou"":0.75890607,""page_count"":5,""stddev_iou"":0.07335619,""success_count"":5,""wall_ms"":2146.397}}","{""approved_bbox"":[84,51,1101,941],""candidate"":{""authors"":null,""bbox"":[73,56,1119,938],""confidence"":0.858757,""corners"":[[77.0,56.0],[1115.0,56.0],[1118.0,937.0],[73.0,932.0]],""detector_name"":"""",""diagnostics"":{""angle_score"":0.9959051,""area_score"":0.72118974,""close_kernel_size"":9,""contour_hypothesis_count"":2,""contour_source"":""external_contour"",""epsilon_fraction"":0.008,""external_contour_count"":1,""horizontal_band_score"":0.65500048,""ink_fraction"":0.21506871,""parameters"":{""angle_weight"":0.2,""area_weight"":0.25,""close_iterations"":1,""close_kernel_fraction"":0.008,""epsilon_max_fraction"":0.03,""epsilon_min_fraction"":0.008,""epsilon_steps"":9,""merge_fragmented_contours"":true,""minimum_contour_area_fraction"":0.08,""minimum_projection_score"":0.08,""minimum_rectangularity"":0.45,""projection_margin_fraction"":0.03,""projection_threshold_block_fraction"":0.05,""projection_threshold_c"":5.0,""projection_weight"":0.2,""rectangularity_weight"":0.25},""projection_score"":0.71701602,""quadrilateral_count"":18,""rectangularity"":1.0,""rejected_projection"":0,""rejected_rectangularity"":0,""vertical_coverage_score"":0.86130892},""foundation"":null,""method"":""contour_projection"",""origin"":"""",""repository"":"""",""score"":0.858757,""status"":""ok"",""version"":""""},""edge_error_maximum_px"":18,""edge_error_mean_px"":9.25,""edge_errors"":{""bottom"":3,""left"":11,""maximum"":18,""mean"":9.25,""right"":18,""top"":5},""elapsed_ms"":650.917,""global_ordinal"":9,""iou"":0.96377596,""label"":""clean_two_page_spread"",""layout_type"":""two_page_spread"",""predicted_bbox"":[73,56,1119,938],""status"":""ok""}"
run-20260902-194656,8d75cf39600c,8d75cf39600cfe911ba0faf88a18b0437bbab91ca6068c426ac1b636221b9ddf,1,8d75cf39600c,9e61aa2995a39028c7a161a86c378a3e27a5c0da0cfa9c20a3662e3945c4e52d,1,149e8c6a92ffd1294241a96d1709a656649b0e95e5ec95df4f1b520b559c501a,3,,5,4,1,1,[],{},5,2.7626016596332192,0.5,10,clean_two_page_spread_2,two_page_spread,ok,0.94540817,7,11,18,20,14.0,20,561.011,"[88, 33, 1154, 968]","[81, 44, 1172, 948]","{""epsilon_max_fraction"":0.03,""minimum_contour_area_fraction"":0.08,""minimum_projection_score"":0.08,""minimum_rectangularity"":0.45,""projection_margin_fraction"":0.03,""projection_threshold_block_fraction"":0.05,""projection_threshold_c"":5.0,""projection_weight"":0.2}",,,"{""legacy_parameter_set_id"":""8d75cf39600c"",""parameter_grid_ordinal"":3,""parameter_grid_sha256"":""149e8c6a92ffd1294241a96d1709a656649b0e95e5ec95df4f1b520b559c501a"",""parameter_identity_schema_version"":""1"",""parameter_identity_sha256"":""9e61aa2995a39028c7a161a86c378a3e27a5c0da0cfa9c20a3662e3945c4e52d"",""parameter_schema_version"":""1"",""parameter_set_equivalence_family_id"":""8d75cf39600c"",""parameter_set_equivalence_family_sha256"":""8d75cf39600cfe911ba0faf88a18b0437bbab91ca6068c426ac1b636221b9ddf"",""parameter_set_equivalence_family_size"":1,""parameter_set_id"":""8d75cf39600c"",""parameters"":{""epsilon_max_fraction"":0.03,""minimum_contour_area_fraction"":0.08,""minimum_projection_score"":0.08,""minimum_rectangularity"":0.45,""projection_margin_fraction"":0.03,""projection_threshold_block_fraction"":0.05,""projection_threshold_c"":5.0,""projection_weight"":0.2},""profile"":null,""rank"":5,""reference_roles"":[],""requested_search_member"":true,""run_id"":""run-20260902-194656"",""search_observation"":{""completion_index"":5,""elapsed_seconds"":2.7626016596332192,""parameter_set_number"":5,""search_fraction"":0.5},""search_rank"":4,""search_space_member"":true,""summary"":{""elapsed_ms_total"":2145.984,""failure_count"":0,""mean_edge_error_px"":34.8,""mean_iou"":0.87682013,""mean_iou_success"":0.87682013,""minimum_iou"":0.75890607,""page_count"":5,""stddev_iou"":0.07335619,""success_count"":5,""wall_ms"":2146.397}}","{""approved_bbox"":[88,33,1154,968],""candidate"":{""authors"":null,""bbox"":[81,44,1172,948],""confidence"":0.867197,""corners"":[[84.0,44.0],[1144.0,44.0],[1171.0,947.0],[81.0,945.0]],""detector_name"":"""",""diagnostics"":{""angle_score"":0.98339192,""area_score"":0.77242297,""close_kernel_size"":9,""contour_hypothesis_count"":4,""contour_source"":""external_contour"",""epsilon_fraction"":0.008,""external_contour_count"":3,""horizontal_band_score"":0.63826144,""ink_fraction"":0.21699932,""parameters"":{""angle_weight"":0.2,""area_weight"":0.25,""close_iterations"":1,""close_kernel_fraction"":0.008,""epsilon_max_fraction"":0.03,""epsilon_min_fraction"":0.008,""epsilon_steps"":9,""merge_fragmented_contours"":true,""minimum_contour_area_fraction"":0.08,""minimum_projection_score"":0.08,""minimum_rectangularity"":0.45,""projection_margin_fraction"":0.03,""projection_threshold_block_fraction"":0.05,""projection_threshold_c"":5.0,""projection_weight"":0.2,""rectangularity_weight"":0.25},""projection_score"":0.70346631,""quadrilateral_count"":18,""rectangularity"":1.0,""rejected_projection"":0,""rejected_rectangularity"":0,""vertical_coverage_score"":0.85286458},""foundation"":null,""method"":""contour_projection"",""origin"":"""",""repository"":"""",""score"":0.867197,""status"":""ok"",""version"":""""},""edge_error_maximum_px"":20,""edge_error_mean_px"":14.0,""edge_errors"":{""bottom"":20,""left"":7,""maximum"":20,""mean"":14.0,""right"":18,""top"":11},""elapsed_ms"":561.011,""global_ordinal"":10,""iou"":0.94540817,""label"":""clean_two_page_spread_2"",""layout_type"":""two_page_spread"",""predicted_bbox"":[81,44,1172,948],""status"":""ok""}"
run-20260902-194656,b71b6267963a,b71b6267963a5b0bc506e5f52b2360e55c5d01d8b1a9642b7fe5ff4b4ebed431,1,b71b6267963a,77b1d39cf9d3b4b56399a41d4b8abf17b2e0448106208f05090b7547b1c7f92e,1,149e8c6a92ffd1294241a96d1709a656649b0e95e5ec95df4f1b520b559c501a,4,,6,5,1,1,[],{},9,2.8910108618438244,0.9,1,ordinary_two_page_spread,two_page_spread,ok,0.85424412,14,38,93,28,43.25,93,600.583,"[125, 56, 1289, 967]","[111, 18, 1382, 939]","{""epsilon_max_fraction"":0.03,""minimum_contour_area_fraction"":0.08,""minimum_projection_score"":0.08,""minimum_rectangularity"":0.45,""projection_margin_fraction"":0.03,""projection_threshold_block_fraction"":0.05,""projection_threshold_c"":5.0,""projection_weight"":0.3}",,,"{""legacy_parameter_set_id"":""b71b6267963a"",""parameter_grid_ordinal"":4,""parameter_grid_sha256"":""149e8c6a92ffd1294241a96d1709a656649b0e95e5ec95df4f1b520b559c501a"",""parameter_identity_schema_version"":""1"",""parameter_identity_sha256"":""77b1d39cf9d3b4b56399a41d4b8abf17b2e0448106208f05090b7547b1c7f92e"",""parameter_schema_version"":""1"",""parameter_set_equivalence_family_id"":""b71b6267963a"",""parameter_set_equivalence_family_sha256"":""b71b6267963a5b0bc506e5f52b2360e55c5d01d8b1a9642b7fe5ff4b4ebed431"",""parameter_set_equivalence_family_size"":1,""parameter_set_id"":""b71b6267963a"",""parameters"":{""epsilon_max_fraction"":0.03,""minimum_contour_area_fraction"":0.08,""minimum_projection_score"":0.08,""minimum_rectangularity"":0.45,""projection_margin_fraction"":0.03,""projection_threshold_block_fraction"":0.05,""projection_threshold_c"":5.0,""projection_weight"":0.3},""profile"":null,""rank"":6,""reference_roles"":[],""requested_search_member"":true,""run_id"":""run-20260902-194656"",""search_observation"":{""completion_index"":9,""elapsed_seconds"":2.8910108618438244,""parameter_set_number"":9,""search_fraction"":0.9},""search_rank"":5,""search_space_member"":true,""summary"":{""elapsed_ms_total"":2268.785,""failure_count"":0,""mean_edge_error_px"":34.8,""mean_iou"":0.87682013,""mean_iou_success"":0.87682013,""minimum_iou"":0.75890607,""page_count"":5,""stddev_iou"":0.07335619,""success_count"":5,""wall_ms"":2269.145}}","{""approved_bbox"":[125,56,1289,967],""candidate"":{""authors"":null,""bbox"":[111,18,1382,939],""confidence"":0.738418,""corners"":[[111.0,90.0],[1381.0,18.0],[1257.0,938.0],[235.0,917.0]],""detector_name"":"""",""diagnostics"":{""angle_score"":0.85918058,""area_score"":0.7346197,""close_kernel_size"":9,""contour_hypothesis_count"":9,""contour_source"":""merged_convex_hull"",""epsilon_fraction"":0.0135,""external_contour_count"":8,""horizontal_band_score"":0.22819046,""ink_fraction"":0.25486618,""parameters"":{""angle_weight"":0.2,""area_weight"":0.25,""close_iterations"":1,""close_kernel_fraction"":0.008,""epsilon_max_fraction"":0.03,""epsilon_min_fraction"":0.008,""epsilon_steps"":9,""merge_fragmented_contours"":true,""minimum_contour_area_fraction"":0.08,""minimum_projection_score"":0.08,""minimum_rectangularity"":0.45,""projection_margin_fraction"":0.03,""projection_threshold_block_fraction"":0.05,""projection_threshold_c"":5.0,""projection_weight"":0.3,""rectangularity_weight"":0.25},""projection_score"":0.44308945,""quadrilateral_count"":13,""rectangularity"":1.0,""rejected_projection"":0,""rejected_rectangularity"":0,""vertical_coverage_score"":0.85507246},""foundation"":null,""method"":""contour_projection"",""origin"":"""",""repository"":"""",""score"":0.738418,""status"":""ok"",""version"":""""},""edge_error_maximum_px"":93,""edge_error_mean_px"":43.25,""edge_errors"":{""bottom"":28,""left"":14,""maximum"":93,""mean"":43.25,""right"":93,""top"":38},""elapsed_ms"":600.583,""global_ordinal"":1,""iou"":0.85424412,""label"":""ordinary_two_page_spread"",""layout_type"":""two_page_spread"",""predicted_bbox"":[111,18,1382,939],""status"":""ok""}"
run-20260902-194656,b71b6267963a,b71b6267963a5b0bc506e5f52b2360e55c5d01d8b1a9642b7fe5ff4b4ebed431,1,b71b6267963a,77b1d39cf9d3b4b56399a41d4b8abf17b2e0448106208f05090b7547b1c7f92e,1,149e8c6a92ffd1294241a96d1709a656649b0e95e5ec95df4f1b520b559c501a,4,,6,5,1,1,[],{},9,2.8910108618438244,0.9,5,damaged_partial_register_spread,two_page_spread,ok,0.86176634,52,7,83,28,42.5,83,110.229,"[67, 8, 1233, 977]","[119, 15, 1316, 949]","{""epsilon_max_fraction"":0.03,""minimum_contour_area_fraction"":0.08,""minimum_projection_score"":0.08,""minimum_rectangularity"":0.45,""projection_margin_fraction"":0.03,""projection_threshold_block_fraction"":0.05,""projection_threshold_c"":5.0,""projection_weight"":0.3}",,,"{""legacy_parameter_set_id"":""b71b6267963a"",""parameter_grid_ordinal"":4,""parameter_grid_sha256"":""149e8c6a92ffd1294241a96d1709a656649b0e95e5ec95df4f1b520b559c501a"",""parameter_identity_schema_version"":""1"",""parameter_identity_sha256"":""77b1d39cf9d3b4b56399a41d4b8abf17b2e0448106208f05090b7547b1c7f92e"",""parameter_schema_version"":""1"",""parameter_set_equivalence_family_id"":""b71b6267963a"",""parameter_set_equivalence_family_sha256"":""b71b6267963a5b0bc506e5f52b2360e55c5d01d8b1a9642b7fe5ff4b4ebed431"",""parameter_set_equivalence_family_size"":1,""parameter_set_id"":""b71b6267963a"",""parameters"":{""epsilon_max_fraction"":0.03,""minimum_contour_area_fraction"":0.08,""minimum_projection_score"":0.08,""minimum_rectangularity"":0.45,""projection_margin_fraction"":0.03,""projection_threshold_block_fraction"":0.05,""projection_threshold_c"":5.0,""projection_weight"":0.3},""profile"":null,""rank"":6,""reference_roles"":[],""requested_search_member"":true,""run_id"":""run-20260902-194656"",""search_observation"":{""completion_index"":9,""elapsed_seconds"":2.8910108618438244,""parameter_set_number"":9,""search_fraction"":0.9},""search_rank"":5,""search_space_member"":true,""summary"":{""elapsed_ms_total"":2268.785,""failure_count"":0,""mean_edge_error_px"":34.8,""mean_iou"":0.87682013,""mean_iou_success"":0.87682013,""minimum_iou"":0.75890607,""page_count"":5,""stddev_iou"":0.07335619,""success_count"":5,""wall_ms"":2269.145}}","{""approved_bbox"":[67,8,1233,977],""candidate"":{""authors"":null,""bbox"":[119,15,1316,949],""confidence"":0.666785,""corners"":[[119.0,36.0],[1315.0,15.0],[739.0,948.0],[137.0,771.0]],""detector_name"":"""",""diagnostics"":{""angle_score"":0.72086268,""area_score"":0.59398934,""close_kernel_size"":9,""contour_hypothesis_count"":15,""contour_source"":""merged_convex_hull"",""epsilon_fraction"":0.03,""external_contour_count"":14,""horizontal_band_score"":0.17767954,""ink_fraction"":0.25966555,""parameters"":{""angle_weight"":0.2,""area_weight"":0.25,""close_iterations"":1,""close_kernel_fraction"":0.008,""epsilon_max_fraction"":0.03,""epsilon_min_fraction"":0.008,""epsilon_steps"":9,""merge_fragmented_contours"":true,""minimum_contour_area_fraction"":0.08,""minimum_projection_score"":0.08,""minimum_rectangularity"":0.45,""projection_margin_fraction"":0.03,""projection_threshold_block_fraction"":0.05,""projection_threshold_c"":5.0,""projection_weight"":0.3,""rectangularity_weight"":0.25},""projection_score"":0.4137179,""quadrilateral_count"":3,""rectangularity"":1.0,""rejected_projection"":0,""rejected_rectangularity"":0,""vertical_coverage_score"":0.86476868},""foundation"":null,""method"":""contour_projection"",""origin"":"""",""repository"":"""",""score"":0.666785,""status"":""ok"",""version"":""""},""edge_error_maximum_px"":83,""edge_error_mean_px"":42.5,""edge_errors"":{""bottom"":28,""left"":52,""maximum"":83,""mean"":42.5,""right"":83,""top"":7},""elapsed_ms"":110.229,""global_ordinal"":5,""iou"":0.86176634,""label"":""damaged_partial_register_spread"",""layout_type"":""two_page_spread"",""predicted_bbox"":[119,15,1316,949],""status"":""ok""}"
run-20260902-194656,b71b6267963a,b71b6267963a5b0bc506e5f52b2360e55c5d01d8b1a9642b7fe5ff4b4ebed431,1,b71b6267963a,77b1d39cf9d3b4b56399a41d4b8abf17b2e0448106208f05090b7547b1c7f92e,1,149e8c6a92ffd1294241a96d1709a656649b0e95e5ec95df4f1b520b559c501a,4,,6,5,1,1,[],{},9,2.8910108618438244,0.9,6,title_or_index_sheet,single_page,ok,0.75890607,125,16,37,82,65.0,125,277.517,"[15, 28, 1074, 970]","[140, 44, 1037, 888]","{""epsilon_max_fraction"":0.03,""minimum_contour_area_fraction"":0.08,""minimum_projection_score"":0.08,""minimum_rectangularity"":0.45,""projection_margin_fraction"":0.03,""projection_threshold_block_fraction"":0.05,""projection_threshold_c"":5.0,""projection_weight"":0.3}",,,"{""legacy_parameter_set_id"":""b71b6267963a"",""parameter_grid_ordinal"":4,""parameter_grid_sha256"":""149e8c6a92ffd1294241a96d1709a656649b0e95e5ec95df4f1b520b559c501a"",""parameter_identity_schema_version"":""1"",""parameter_identity_sha256"":""77b1d39cf9d3b4b56399a41d4b8abf17b2e0448106208f05090b7547b1c7f92e"",""parameter_schema_version"":""1"",""parameter_set_equivalence_family_id"":""b71b6267963a"",""parameter_set_equivalence_family_sha256"":""b71b6267963a5b0bc506e5f52b2360e55c5d01d8b1a9642b7fe5ff4b4ebed431"",""parameter_set_equivalence_family_size"":1,""parameter_set_id"":""b71b6267963a"",""parameters"":{""epsilon_max_fraction"":0.03,""minimum_contour_area_fraction"":0.08,""minimum_projection_score"":0.08,""minimum_rectangularity"":0.45,""projection_margin_fraction"":0.03,""projection_threshold_block_fraction"":0.05,""projection_threshold_c"":5.0,""projection_weight"":0.3},""profile"":null,""rank"":6,""reference_roles"":[],""requested_search_member"":true,""run_id"":""run-20260902-194656"",""search_observation"":{""completion_index"":9,""elapsed_seconds"":2.8910108618438244,""parameter_set_number"":9,""search_fraction"":0.9},""search_rank"":5,""search_space_member"":true,""summary"":{""elapsed_ms_total"":2268.785,""failure_count"":0,""mean_edge_error_px"":34.8,""mean_iou"":0.87682013,""mean_iou_success"":0.87682013,""minimum_iou"":0.75890607,""page_count"":5,""stddev_iou"":0.07335619,""success_count"":5,""wall_ms"":2269.145}}","{""approved_bbox"":[15,28,1074,970],""candidate"":{""authors"":null,""bbox"":[140,44,1037,888],""confidence"":0.772724,""corners"":[[140.0,44.0],[1036.0,223.0],[1021.0,886.0],[424.0,887.0]],""detector_name"":"""",""diagnostics"":{""angle_score"":0.74640746,""area_score"":0.51439172,""close_kernel_size"":9,""contour_hypothesis_count"":126,""contour_source"":""merged_convex_hull"",""epsilon_fraction"":0.019,""external_contour_count"":125,""horizontal_band_score"":0.78039863,""ink_fraction"":0.1363845,""parameters"":{""angle_weight"":0.2,""area_weight"":0.25,""close_iterations"":1,""close_kernel_fraction"":0.008,""epsilon_max_fraction"":0.03,""epsilon_min_fraction"":0.008,""epsilon_steps"":9,""merge_fragmented_contours"":true,""minimum_contour_area_fraction"":0.08,""minimum_projection_score"":0.08,""minimum_rectangularity"":0.45,""projection_margin_fraction"":0.03,""projection_threshold_block_fraction"":0.05,""projection_threshold_c"":5.0,""projection_weight"":0.3,""rectangularity_weight"":0.25},""projection_score"":0.81614948,""quadrilateral_count"":5,""rectangularity"":1.0,""rejected_projection"":0,""rejected_rectangularity"":0,""vertical_coverage_score"":0.86356589},""foundation"":null,""method"":""contour_projection"",""origin"":"""",""repository"":"""",""score"":0.772724,""status"":""ok"",""version"":""""},""edge_error_maximum_px"":125,""edge_error_mean_px"":65.0,""edge_errors"":{""bottom"":82,""left"":125,""maximum"":125,""mean"":65.0,""right"":37,""top"":16},""elapsed_ms"":277.517,""global_ordinal"":6,""iou"":0.75890607,""label"":""title_or_index_sheet"",""layout_type"":""single_page"",""predicted_bbox"":[140,44,1037,888],""status"":""ok""}"
run-20260902-194656,b71b6267963a,b71b6267963a5b0bc506e5f52b2360e55c5d01d8b1a9642b7fe5ff4b4ebed431,1,b71b6267963a,77b1d39cf9d3b4b56399a41d4b8abf17b2e0448106208f05090b7547b1c7f92e,1,149e8c6a92ffd1294241a96d1709a656649b0e95e5ec95df4f1b520b559c501a,4,,6,5,1,1,[],{},9,2.8910108618438244,0.9,9,clean_two_page_spread,two_page_spread,ok,0.96377596,11,5,18,3,9.25,18,642.514,"[84, 51, 1101, 941]","[73, 56, 1119, 938]","{""epsilon_max_fraction"":0.03,""minimum_contour_area_fraction"":0.08,""minimum_projection_score"":0.08,""minimum_rectangularity"":0.45,""projection_margin_fraction"":0.03,""projection_threshold_block_fraction"":0.05,""projection_threshold_c"":5.0,""projection_weight"":0.3}",,,"{""legacy_parameter_set_id"":""b71b6267963a"",""parameter_grid_ordinal"":4,""parameter_grid_sha256"":""149e8c6a92ffd1294241a96d1709a656649b0e95e5ec95df4f1b520b559c501a"",""parameter_identity_schema_version"":""1"",""parameter_identity_sha256"":""77b1d39cf9d3b4b56399a41d4b8abf17b2e0448106208f05090b7547b1c7f92e"",""parameter_schema_version"":""1"",""parameter_set_equivalence_family_id"":""b71b6267963a"",""parameter_set_equivalence_family_sha256"":""b71b6267963a5b0bc506e5f52b2360e55c5d01d8b1a9642b7fe5ff4b4ebed431"",""parameter_set_equivalence_family_size"":1,""parameter_set_id"":""b71b6267963a"",""parameters"":{""epsilon_max_fraction"":0.03,""minimum_contour_area_fraction"":0.08,""minimum_projection_score"":0.08,""minimum_rectangularity"":0.45,""projection_margin_fraction"":0.03,""projection_threshold_block_fraction"":0.05,""projection_threshold_c"":5.0,""projection_weight"":0.3},""profile"":null,""rank"":6,""reference_roles"":[],""requested_search_member"":true,""run_id"":""run-20260902-194656"",""search_observation"":{""completion_index"":9,""elapsed_seconds"":2.8910108618438244,""parameter_set_number"":9,""search_fraction"":0.9},""search_rank"":5,""search_space_member"":true,""summary"":{""elapsed_ms_total"":2268.785,""failure_count"":0,""mean_edge_error_px"":34.8,""mean_iou"":0.87682013,""mean_iou_success"":0.87682013,""minimum_iou"":0.75890607,""page_count"":5,""stddev_iou"":0.07335619,""success_count"":5,""wall_ms"":2269.145}}","{""approved_bbox"":[84,51,1101,941],""candidate"":{""authors"":null,""bbox"":[73,56,1119,938],""confidence"":0.844583,""corners"":[[77.0,56.0],[1115.0,56.0],[1118.0,937.0],[73.0,932.0]],""detector_name"":"""",""diagnostics"":{""angle_score"":0.9959051,""area_score"":0.72118974,""close_kernel_size"":9,""contour_hypothesis_count"":2,""contour_source"":""external_contour"",""epsilon_fraction"":0.008,""external_contour_count"":1,""horizontal_band_score"":0.65500048,""ink_fraction"":0.21506871,""parameters"":{""angle_weight"":0.2,""area_weight"":0.25,""close_iterations"":1,""close_kernel_fraction"":0.008,""epsilon_max_fraction"":0.03,""epsilon_min_fraction"":0.008,""epsilon_steps"":9,""merge_fragmented_contours"":true,""minimum_contour_area_fraction"":0.08,""minimum_projection_score"":0.08,""minimum_rectangularity"":0.45,""projection_margin_fraction"":0.03,""projection_threshold_block_fraction"":0.05,""projection_threshold_c"":5.0,""projection_weight"":0.3,""rectangularity_weight"":0.25},""projection_score"":0.71701602,""quadrilateral_count"":18,""rectangularity"":1.0,""rejected_projection"":0,""rejected_rectangularity"":0,""vertical_coverage_score"":0.86130892},""foundation"":null,""method"":""contour_projection"",""origin"":"""",""repository"":"""",""score"":0.844583,""status"":""ok"",""version"":""""},""edge_error_maximum_px"":18,""edge_error_mean_px"":9.25,""edge_errors"":{""bottom"":3,""left"":11,""maximum"":18,""mean"":9.25,""right"":18,""top"":5},""elapsed_ms"":642.514,""global_ordinal"":9,""iou"":0.96377596,""label"":""clean_two_page_spread"",""layout_type"":""two_page_spread"",""predicted_bbox"":[73,56,1119,938],""status"":""ok""}"
run-20260902-194656,b71b6267963a,b71b6267963a5b0bc506e5f52b2360e55c5d01d8b1a9642b7fe5ff4b4ebed431,1,b71b6267963a,77b1d39cf9d3b4b56399a41d4b8abf17b2e0448106208f05090b7547b1c7f92e,1,149e8c6a92ffd1294241a96d1709a656649b0e95e5ec95df4f1b520b559c501a,4,,6,5,1,1,[],{},9,2.8910108618438244,0.9,10,clean_two_page_spread_2,two_page_spread,ok,0.94540817,7,11,18,20,14.0,20,637.942,"[88, 33, 1154, 968]","[81, 44, 1172, 948]","{""epsilon_max_fraction"":0.03,""minimum_contour_area_fraction"":0.08,""minimum_projection_score"":0.08,""minimum_rectangularity"":0.45,""projection_margin_fraction"":0.03,""projection_threshold_block_fraction"":0.05,""projection_threshold_c"":5.0,""projection_weight"":0.3}",,,"{""legacy_parameter_set_id"":""b71b6267963a"",""parameter_grid_ordinal"":4,""parameter_grid_sha256"":""149e8c6a92ffd1294241a96d1709a656649b0e95e5ec95df4f1b520b559c501a"",""parameter_identity_schema_version"":""1"",""parameter_identity_sha256"":""77b1d39cf9d3b4b56399a41d4b8abf17b2e0448106208f05090b7547b1c7f92e"",""parameter_schema_version"":""1"",""parameter_set_equivalence_family_id"":""b71b6267963a"",""parameter_set_equivalence_family_sha256"":""b71b6267963a5b0bc506e5f52b2360e55c5d01d8b1a9642b7fe5ff4b4ebed431"",""parameter_set_equivalence_family_size"":1,""parameter_set_id"":""b71b6267963a"",""parameters"":{""epsilon_max_fraction"":0.03,""minimum_contour_area_fraction"":0.08,""minimum_projection_score"":0.08,""minimum_rectangularity"":0.45,""projection_margin_fraction"":0.03,""projection_threshold_block_fraction"":0.05,""projection_threshold_c"":5.0,""projection_weight"":0.3},""profile"":null,""rank"":6,""reference_roles"":[],""requested_search_member"":true,""run_id"":""run-20260902-194656"",""search_observation"":{""completion_index"":9,""elapsed_seconds"":2.8910108618438244,""parameter_set_number"":9,""search_fraction"":0.9},""search_rank"":5,""search_space_member"":true,""summary"":{""elapsed_ms_total"":2268.785,""failure_count"":0,""mean_edge_error_px"":34.8,""mean_iou"":0.87682013,""mean_iou_success"":0.87682013,""minimum_iou"":0.75890607,""page_count"":5,""stddev_iou"":0.07335619,""success_count"":5,""wall_ms"":2269.145}}","{""approved_bbox"":[88,33,1154,968],""candidate"":{""authors"":null,""bbox"":[81,44,1172,948],""confidence"":0.850824,""corners"":[[84.0,44.0],[1144.0,44.0],[1171.0,947.0],[81.0,945.0]],""detector_name"":"""",""diagnostics"":{""angle_score"":0.98339192,""area_score"":0.77242297,""close_kernel_size"":9,""contour_hypothesis_count"":4,""contour_source"":""external_contour"",""epsilon_fraction"":0.008,""external_contour_count"":3,""horizontal_band_score"":0.63826144,""ink_fraction"":0.21699932,""parameters"":{""angle_weight"":0.2,""area_weight"":0.25,""close_iterations"":1,""close_kernel_fraction"":0.008,""epsilon_max_fraction"":0.03,""epsilon_min_fraction"":0.008,""epsilon_steps"":9,""merge_fragmented_contours"":true,""minimum_contour_area_fraction"":0.08,""minimum_projection_score"":0.08,""minimum_rectangularity"":0.45,""projection_margin_fraction"":0.03,""projection_threshold_block_fraction"":0.05,""projection_threshold_c"":5.0,""projection_weight"":0.3,""rectangularity_weight"":0.25},""projection_score"":0.70346631,""quadrilateral_count"":18,""rectangularity"":1.0,""rejected_projection"":0,""rejected_rectangularity"":0,""vertical_coverage_score"":0.85286458},""foundation"":null,""method"":""contour_projection"",""origin"":"""",""repository"":"""",""score"":0.850824,""status"":""ok"",""version"":""""},""edge_error_maximum_px"":20,""edge_error_mean_px"":14.0,""edge_errors"":{""bottom"":20,""left"":7,""maximum"":20,""mean"":14.0,""right"":18,""top"":11},""elapsed_ms"":637.942,""global_ordinal"":10,""iou"":0.94540817,""label"":""clean_two_page_spread_2"",""layout_type"":""two_page_spread"",""predicted_bbox"":[81,44,1172,948],""status"":""ok""}"
run-20260902-194656,f5960f699f22,f5960f699f22dfa17b8b6b035ae55ae62443f3b87d49ea334f3563e434953cd4,1,f5960f699f22,0e37d7b4ab5def436725b4de6467f05fc515cd1b36a6e35cbaa6c90619fc3589,1,149e8c6a92ffd1294241a96d1709a656649b0e95e5ec95df4f1b520b559c501a,5,,7,6,1,1,[],{},7,2.8528291597031057,0.7,1,ordinary_two_page_spread,two_page_spread,ok,0.85424412,14,38,93,28,43.25,93,576.767,"[125, 56, 1289, 967]","[111, 18, 1382, 939]","{""epsilon_max_fraction"":0.03,""minimum_contour_area_fraction"":0.08,""minimum_projection_score"":0.08,""minimum_rectangularity"":0.45,""projection_margin_fraction"":0.03,""projection_threshold_block_fraction"":0.05,""projection_threshold_c"":5.0,""projection_weight"":0.4}",,,"{""legacy_parameter_set_id"":""f5960f699f22"",""parameter_grid_ordinal"":5,""parameter_grid_sha256"":""149e8c6a92ffd1294241a96d1709a656649b0e95e5ec95df4f1b520b559c501a"",""parameter_identity_schema_version"":""1"",""parameter_identity_sha256"":""0e37d7b4ab5def436725b4de6467f05fc515cd1b36a6e35cbaa6c90619fc3589"",""parameter_schema_version"":""1"",""parameter_set_equivalence_family_id"":""f5960f699f22"",""parameter_set_equivalence_family_sha256"":""f5960f699f22dfa17b8b6b035ae55ae62443f3b87d49ea334f3563e434953cd4"",""parameter_set_equivalence_family_size"":1,""parameter_set_id"":""f5960f699f22"",""parameters"":{""epsilon_max_fraction"":0.03,""minimum_contour_area_fraction"":0.08,""minimum_projection_score"":0.08,""minimum_rectangularity"":0.45,""projection_margin_fraction"":0.03,""projection_threshold_block_fraction"":0.05,""projection_threshold_c"":5.0,""projection_weight"":0.4},""profile"":null,""rank"":7,""reference_roles"":[],""requested_search_member"":true,""run_id"":""run-20260902-194656"",""search_observation"":{""completion_index"":7,""elapsed_seconds"":2.8528291597031057,""parameter_set_number"":7,""search_fraction"":0.7},""search_rank"":6,""search_space_member"":true,""summary"":{""elapsed_ms_total"":2220.74,""failure_count"":0,""mean_edge_error_px"":34.8,""mean_iou"":0.87682013,""mean_iou_success"":0.87682013,""minimum_iou"":0.75890607,""page_count"":5,""stddev_iou"":0.07335619,""success_count"":5,""wall_ms"":2221.118}}","{""approved_bbox"":[125,56,1289,967],""candidate"":{""authors"":null,""bbox"":[111,18,1382,939],""confidence"":0.71157,""corners"":[[111.0,90.0],[1381.0,18.0],[1257.0,938.0],[235.0,917.0]],""detector_name"":"""",""diagnostics"":{""angle_score"":0.85918058,""area_score"":0.7346197,""close_kernel_size"":9,""contour_hypothesis_count"":9,""contour_source"":""merged_convex_hull"",""epsilon_fraction"":0.0135,""external_contour_count"":8,""horizontal_band_score"":0.22819046,""ink_fraction"":0.25486618,""parameters"":{""angle_weight"":0.2,""area_weight"":0.25,""close_iterations"":1,""close_kernel_fraction"":0.008,""epsilon_max_fraction"":0.03,""epsilon_min_fraction"":0.008,""epsilon_steps"":9,""merge_fragmented_contours"":true,""minimum_contour_area_fraction"":0.08,""minimum_projection_score"":0.08,""minimum_rectangularity"":0.45,""projection_margin_fraction"":0.03,""projection_threshold_block_fraction"":0.05,""projection_threshold_c"":5.0,""projection_weight"":0.4,""rectangularity_weight"":0.25},""projection_score"":0.44308945,""quadrilateral_count"":13,""rectangularity"":1.0,""rejected_projection"":0,""rejected_rectangularity"":0,""vertical_coverage_score"":0.85507246},""foundation"":null,""method"":""contour_projection"",""origin"":"""",""repository"":"""",""score"":0.71157,""status"":""ok"",""version"":""""},""edge_error_maximum_px"":93,""edge_error_mean_px"":43.25,""edge_errors"":{""bottom"":28,""left"":14,""maximum"":93,""mean"":43.25,""right"":93,""top"":38},""elapsed_ms"":576.767,""global_ordinal"":1,""iou"":0.85424412,""label"":""ordinary_two_page_spread"",""layout_type"":""two_page_spread"",""predicted_bbox"":[111,18,1382,939],""status"":""ok""}"
run-20260902-194656,f5960f699f22,f5960f699f22dfa17b8b6b035ae55ae62443f3b87d49ea334f3563e434953cd4,1,f5960f699f22,0e37d7b4ab5def436725b4de6467f05fc515cd1b36a6e35cbaa6c90619fc3589,1,149e8c6a92ffd1294241a96d1709a656649b0e95e5ec95df4f1b520b559c501a,5,,7,6,1,1,[],{},7,2.8528291597031057,0.7,5,damaged_partial_register_spread,two_page_spread,ok,0.86176634,52,7,83,28,42.5,83,106.213,"[67, 8, 1233, 977]","[119, 15, 1316, 949]","{""epsilon_max_fraction"":0.03,""minimum_contour_area_fraction"":0.08,""minimum_projection_score"":0.08,""minimum_rectangularity"":0.45,""projection_margin_fraction"":0.03,""projection_threshold_block_fraction"":0.05,""projection_threshold_c"":5.0,""projection_weight"":0.4}",,,"{""legacy_parameter_set_id"":""f5960f699f22"",""parameter_grid_ordinal"":5,""parameter_grid_sha256"":""149e8c6a92ffd1294241a96d1709a656649b0e95e5ec95df4f1b520b559c501a"",""parameter_identity_schema_version"":""1"",""parameter_identity_sha256"":""0e37d7b4ab5def436725b4de6467f05fc515cd1b36a6e35cbaa6c90619fc3589"",""parameter_schema_version"":""1"",""parameter_set_equivalence_family_id"":""f5960f699f22"",""parameter_set_equivalence_family_sha256"":""f5960f699f22dfa17b8b6b035ae55ae62443f3b87d49ea334f3563e434953cd4"",""parameter_set_equivalence_family_size"":1,""parameter_set_id"":""f5960f699f22"",""parameters"":{""epsilon_max_fraction"":0.03,""minimum_contour_area_fraction"":0.08,""minimum_projection_score"":0.08,""minimum_rectangularity"":0.45,""projection_margin_fraction"":0.03,""projection_threshold_block_fraction"":0.05,""projection_threshold_c"":5.0,""projection_weight"":0.4},""profile"":null,""rank"":7,""reference_roles"":[],""requested_search_member"":true,""run_id"":""run-20260902-194656"",""search_observation"":{""completion_index"":7,""elapsed_seconds"":2.8528291597031057,""parameter_set_number"":7,""search_fraction"":0.7},""search_rank"":6,""search_space_member"":true,""summary"":{""elapsed_ms_total"":2220.74,""failure_count"":0,""mean_edge_error_px"":34.8,""mean_iou"":0.87682013,""mean_iou_success"":0.87682013,""minimum_iou"":0.75890607,""page_count"":5,""stddev_iou"":0.07335619,""success_count"":5,""wall_ms"":2221.118}}","{""approved_bbox"":[67,8,1233,977],""candidate"":{""authors"":null,""bbox"":[119,15,1316,949],""confidence"":0.643779,""corners"":[[119.0,36.0],[1315.0,15.0],[739.0,948.0],[137.0,771.0]],""detector_name"":"""",""diagnostics"":{""angle_score"":0.72086268,""area_score"":0.59398934,""close_kernel_size"":9,""contour_hypothesis_count"":15,""contour_source"":""merged_convex_hull"",""epsilon_fraction"":0.03,""external_contour_count"":14,""horizontal_band_score"":0.17767954,""ink_fraction"":0.25966555,""parameters"":{""angle_weight"":0.2,""area_weight"":0.25,""close_iterations"":1,""close_kernel_fraction"":0.008,""epsilon_max_fraction"":0.03,""epsilon_min_fraction"":0.008,""epsilon_steps"":9,""merge_fragmented_contours"":true,""minimum_contour_area_fraction"":0.08,""minimum_projection_score"":0.08,""minimum_rectangularity"":0.45,""projection_margin_fraction"":0.03,""projection_threshold_block_fraction"":0.05,""projection_threshold_c"":5.0,""projection_weight"":0.4,""rectangularity_weight"":0.25},""projection_score"":0.4137179,""quadrilateral_count"":3,""rectangularity"":1.0,""rejected_projection"":0,""rejected_rectangularity"":0,""vertical_coverage_score"":0.86476868},""foundation"":null,""method"":""contour_projection"",""origin"":"""",""repository"":"""",""score"":0.643779,""status"":""ok"",""version"":""""},""edge_error_maximum_px"":83,""edge_error_mean_px"":42.5,""edge_errors"":{""bottom"":28,""left"":52,""maximum"":83,""mean"":42.5,""right"":83,""top"":7},""elapsed_ms"":106.213,""global_ordinal"":5,""iou"":0.86176634,""label"":""damaged_partial_register_spread"",""layout_type"":""two_page_spread"",""predicted_bbox"":[119,15,1316,949],""status"":""ok""}"
run-20260902-194656,f5960f699f22,f5960f699f22dfa17b8b6b035ae55ae62443f3b87d49ea334f3563e434953cd4,1,f5960f699f22,0e37d7b4ab5def436725b4de6467f05fc515cd1b36a6e35cbaa6c90619fc3589,1,149e8c6a92ffd1294241a96d1709a656649b0e95e5ec95df4f1b520b559c501a,5,,7,6,1,1,[],{},7,2.8528291597031057,0.7,6,title_or_index_sheet,single_page,ok,0.75890607,125,16,37,82,65.0,125,81.083,"[15, 28, 1074, 970]","[140, 44, 1037, 888]","{""epsilon_max_fraction"":0.03,""minimum_contour_area_fraction"":0.08,""minimum_projection_score"":0.08,""minimum_rectangularity"":0.45,""projection_margin_fraction"":0.03,""projection_threshold_block_fraction"":0.05,""projection_threshold_c"":5.0,""projection_weight"":0.4}",,,"{""legacy_parameter_set_id"":""f5960f699f22"",""parameter_grid_ordinal"":5,""parameter_grid_sha256"":""149e8c6a92ffd1294241a96d1709a656649b0e95e5ec95df4f1b520b559c501a"",""parameter_identity_schema_version"":""1"",""parameter_identity_sha256"":""0e37d7b4ab5def436725b4de6467f05fc515cd1b36a6e35cbaa6c90619fc3589"",""parameter_schema_version"":""1"",""parameter_set_equivalence_family_id"":""f5960f699f22"",""parameter_set_equivalence_family_sha256"":""f5960f699f22dfa17b8b6b035ae55ae62443f3b87d49ea334f3563e434953cd4"",""parameter_set_equivalence_family_size"":1,""parameter_set_id"":""f5960f699f22"",""parameters"":{""epsilon_max_fraction"":0.03,""minimum_contour_area_fraction"":0.08,""minimum_projection_score"":0.08,""minimum_rectangularity"":0.45,""projection_margin_fraction"":0.03,""projection_threshold_block_fraction"":0.05,""projection_threshold_c"":5.0,""projection_weight"":0.4},""profile"":null,""rank"":7,""reference_roles"":[],""requested_search_member"":true,""run_id"":""run-20260902-194656"",""search_observation"":{""completion_index"":7,""elapsed_seconds"":2.8528291597031057,""parameter_set_number"":7,""search_fraction"":0.7},""search_rank"":6,""search_space_member"":true,""summary"":{""elapsed_ms_total"":2220.74,""failure_count"":0,""mean_edge_error_px"":34.8,""mean_iou"":0.87682013,""mean_iou_success"":0.87682013,""minimum_iou"":0.75890607,""page_count"":5,""stddev_iou"":0.07335619,""success_count"":5,""wall_ms"":2221.118}}","{""approved_bbox"":[15,28,1074,970],""candidate"":{""authors"":null,""bbox"":[140,44,1037,888],""confidence"":0.776672,""corners"":[[140.0,44.0],[1036.0,223.0],[1021.0,886.0],[424.0,887.0]],""detector_name"":"""",""diagnostics"":{""angle_score"":0.74640746,""area_score"":0.51439172,""close_kernel_size"":9,""contour_hypothesis_count"":126,""contour_source"":""merged_convex_hull"",""epsilon_fraction"":0.019,""external_contour_count"":125,""horizontal_band_score"":0.78039863,""ink_fraction"":0.1363845,""parameters"":{""angle_weight"":0.2,""area_weight"":0.25,""close_iterations"":1,""close_kernel_fraction"":0.008,""epsilon_max_fraction"":0.03,""epsilon_min_fraction"":0.008,""epsilon_steps"":9,""merge_fragmented_contours"":true,""minimum_contour_area_fraction"":0.08,""minimum_projection_score"":0.08,""minimum_rectangularity"":0.45,""projection_margin_fraction"":0.03,""projection_threshold_block_fraction"":0.05,""projection_threshold_c"":5.0,""projection_weight"":0.4,""rectangularity_weight"":0.25},""projection_score"":0.81614948,""quadrilateral_count"":5,""rectangularity"":1.0,""rejected_projection"":0,""rejected_rectangularity"":0,""vertical_coverage_score"":0.86356589},""foundation"":null,""method"":""contour_projection"",""origin"":"""",""repository"":"""",""score"":0.776672,""status"":""ok"",""version"":""""},""edge_error_maximum_px"":125,""edge_error_mean_px"":65.0,""edge_errors"":{""bottom"":82,""left"":125,""maximum"":125,""mean"":65.0,""right"":37,""top"":16},""elapsed_ms"":81.083,""global_ordinal"":6,""iou"":0.75890607,""label"":""title_or_index_sheet"",""layout_type"":""single_page"",""predicted_bbox"":[140,44,1037,888],""status"":""ok""}"
run-20260902-194656,f5960f699f22,f5960f699f22dfa17b8b6b035ae55ae62443f3b87d49ea334f3563e434953cd4,1,f5960f699f22,0e37d7b4ab5def436725b4de6467f05fc515cd1b36a6e35cbaa6c90619fc3589,1,149e8c6a92ffd1294241a96d1709a656649b0e95e5ec95df4f1b520b559c501a,5,,7,6,1,1,[],{},7,2.8528291597031057,0.7,9,clean_two_page_spread,two_page_spread,ok,0.96377596,11,5,18,3,9.25,18,834.85,"[84, 51, 1101, 941]","[73, 56, 1119, 938]","{""epsilon_max_fraction"":0.03,""minimum_contour_area_fraction"":0.08,""minimum_projection_score"":0.08,""minimum_rectangularity"":0.45,""projection_margin_fraction"":0.03,""projection_threshold_block_fraction"":0.05,""projection_threshold_c"":5.0,""projection_weight"":0.4}",,,"{""legacy_parameter_set_id"":""f5960f699f22"",""parameter_grid_ordinal"":5,""parameter_grid_sha256"":""149e8c6a92ffd1294241a96d1709a656649b0e95e5ec95df4f1b520b559c501a"",""parameter_identity_schema_version"":""1"",""parameter_identity_sha256"":""0e37d7b4ab5def436725b4de6467f05fc515cd1b36a6e35cbaa6c90619fc3589"",""parameter_schema_version"":""1"",""parameter_set_equivalence_family_id"":""f5960f699f22"",""parameter_set_equivalence_family_sha256"":""f5960f699f22dfa17b8b6b035ae55ae62443f3b87d49ea334f3563e434953cd4"",""parameter_set_equivalence_family_size"":1,""parameter_set_id"":""f5960f699f22"",""parameters"":{""epsilon_max_fraction"":0.03,""minimum_contour_area_fraction"":0.08,""minimum_projection_score"":0.08,""minimum_rectangularity"":0.45,""projection_margin_fraction"":0.03,""projection_threshold_block_fraction"":0.05,""projection_threshold_c"":5.0,""projection_weight"":0.4},""profile"":null,""rank"":7,""reference_roles"":[],""requested_search_member"":true,""run_id"":""run-20260902-194656"",""search_observation"":{""completion_index"":7,""elapsed_seconds"":2.8528291597031057,""parameter_set_number"":7,""search_fraction"":0.7},""search_rank"":6,""search_space_member"":true,""summary"":{""elapsed_ms_total"":2220.74,""failure_count"":0,""mean_edge_error_px"":34.8,""mean_iou"":0.87682013,""mean_iou_success"":0.87682013,""minimum_iou"":0.75890607,""page_count"":5,""stddev_iou"":0.07335619,""success_count"":5,""wall_ms"":2221.118}}","{""approved_bbox"":[84,51,1101,941],""candidate"":{""authors"":null,""bbox"":[73,56,1119,938],""confidence"":0.832986,""corners"":[[77.0,56.0],[1115.0,56.0],[1118.0,937.0],[73.0,932.0]],""detector_name"":"""",""diagnostics"":{""angle_score"":0.9959051,""area_score"":0.72118974,""close_kernel_size"":9,""contour_hypothesis_count"":2,""contour_source"":""external_contour"",""epsilon_fraction"":0.008,""external_contour_count"":1,""horizontal_band_score"":0.65500048,""ink_fraction"":0.21506871,""parameters"":{""angle_weight"":0.2,""area_weight"":0.25,""close_iterations"":1,""close_kernel_fraction"":0.008,""epsilon_max_fraction"":0.03,""epsilon_min_fraction"":0.008,""epsilon_steps"":9,""merge_fragmented_contours"":true,""minimum_contour_area_fraction"":0.08,""minimum_projection_score"":0.08,""minimum_rectangularity"":0.45,""projection_margin_fraction"":0.03,""projection_threshold_block_fraction"":0.05,""projection_threshold_c"":5.0,""projection_weight"":0.4,""rectangularity_weight"":0.25},""projection_score"":0.71701602,""quadrilateral_count"":18,""rectangularity"":1.0,""rejected_projection"":0,""rejected_rectangularity"":0,""vertical_coverage_score"":0.86130892},""foundation"":null,""method"":""contour_projection"",""origin"":"""",""repository"":"""",""score"":0.832986,""status"":""ok"",""version"":""""},""edge_error_maximum_px"":18,""edge_error_mean_px"":9.25,""edge_errors"":{""bottom"":3,""left"":11,""maximum"":18,""mean"":9.25,""right"":18,""top"":5},""elapsed_ms"":834.85,""global_ordinal"":9,""iou"":0.96377596,""label"":""clean_two_page_spread"",""layout_type"":""two_page_spread"",""predicted_bbox"":[73,56,1119,938],""status"":""ok""}"
run-20260902-194656,f5960f699f22,f5960f699f22dfa17b8b6b035ae55ae62443f3b87d49ea334f3563e434953cd4,1,f5960f699f22,0e37d7b4ab5def436725b4de6467f05fc515cd1b36a6e35cbaa6c90619fc3589,1,149e8c6a92ffd1294241a96d1709a656649b0e95e5ec95df4f1b520b559c501a,5,,7,6,1,1,[],{},7,2.8528291597031057,0.7,10,clean_two_page_spread_2,two_page_spread,ok,0.94540817,7,11,18,20,14.0,20,621.827,"[88, 33, 1154, 968]","[81, 44, 1172, 948]","{""epsilon_max_fraction"":0.03,""minimum_contour_area_fraction"":0.08,""minimum_projection_score"":0.08,""minimum_rectangularity"":0.45,""projection_margin_fraction"":0.03,""projection_threshold_block_fraction"":0.05,""projection_threshold_c"":5.0,""projection_weight"":0.4}",,,"{""legacy_parameter_set_id"":""f5960f699f22"",""parameter_grid_ordinal"":5,""parameter_grid_sha256"":""149e8c6a92ffd1294241a96d1709a656649b0e95e5ec95df4f1b520b559c501a"",""parameter_identity_schema_version"":""1"",""parameter_identity_sha256"":""0e37d7b4ab5def436725b4de6467f05fc515cd1b36a6e35cbaa6c90619fc3589"",""parameter_schema_version"":""1"",""parameter_set_equivalence_family_id"":""f5960f699f22"",""parameter_set_equivalence_family_sha256"":""f5960f699f22dfa17b8b6b035ae55ae62443f3b87d49ea334f3563e434953cd4"",""parameter_set_equivalence_family_size"":1,""parameter_set_id"":""f5960f699f22"",""parameters"":{""epsilon_max_fraction"":0.03,""minimum_contour_area_fraction"":0.08,""minimum_projection_score"":0.08,""minimum_rectangularity"":0.45,""projection_margin_fraction"":0.03,""projection_threshold_block_fraction"":0.05,""projection_threshold_c"":5.0,""projection_weight"":0.4},""profile"":null,""rank"":7,""reference_roles"":[],""requested_search_member"":true,""run_id"":""run-20260902-194656"",""search_observation"":{""completion_index"":7,""elapsed_seconds"":2.8528291597031057,""parameter_set_number"":7,""search_fraction"":0.7},""search_rank"":6,""search_space_member"":true,""summary"":{""elapsed_ms_total"":2220.74,""failure_count"":0,""mean_edge_error_px"":34.8,""mean_iou"":0.87682013,""mean_iou_success"":0.87682013,""minimum_iou"":0.75890607,""page_count"":5,""stddev_iou"":0.07335619,""success_count"":5,""wall_ms"":2221.118}}","{""approved_bbox"":[88,33,1154,968],""candidate"":{""authors"":null,""bbox"":[81,44,1172,948],""confidence"":0.837428,""corners"":[[84.0,44.0],[1144.0,44.0],[1171.0,947.0],[81.0,945.0]],""detector_name"":"""",""diagnostics"":{""angle_score"":0.98339192,""area_score"":0.77242297,""close_kernel_size"":9,""contour_hypothesis_count"":4,""contour_source"":""external_contour"",""epsilon_fraction"":0.008,""external_contour_count"":3,""horizontal_band_score"":0.63826144,""ink_fraction"":0.21699932,""parameters"":{""angle_weight"":0.2,""area_weight"":0.25,""close_iterations"":1,""close_kernel_fraction"":0.008,""epsilon_max_fraction"":0.03,""epsilon_min_fraction"":0.008,""epsilon_steps"":9,""merge_fragmented_contours"":true,""minimum_contour_area_fraction"":0.08,""minimum_projection_score"":0.08,""minimum_rectangularity"":0.45,""projection_margin_fraction"":0.03,""projection_threshold_block_fraction"":0.05,""projection_threshold_c"":5.0,""projection_weight"":0.4,""rectangularity_weight"":0.25},""projection_score"":0.70346631,""quadrilateral_count"":18,""rectangularity"":1.0,""rejected_projection"":0,""rejected_rectangularity"":0,""vertical_coverage_score"":0.85286458},""foundation"":null,""method"":""contour_projection"",""origin"":"""",""repository"":"""",""score"":0.837428,""status"":""ok"",""version"":""""},""edge_error_maximum_px"":20,""edge_error_mean_px"":14.0,""edge_errors"":{""bottom"":20,""left"":7,""maximum"":20,""mean"":14.0,""right"":18,""top"":11},""elapsed_ms"":621.827,""global_ordinal"":10,""iou"":0.94540817,""label"":""clean_two_page_spread_2"",""layout_type"":""two_page_spread"",""predicted_bbox"":[81,44,1172,948],""status"":""ok""}"
run-20260902-194656,b804afcdc1da,b804afcdc1dab324c087d73c619808b62b18cafe106e4c9f01e9e57bdba554fa,1,b804afcdc1da,2c2be3724fd920a881a416c7fe9fa86d152215a4e8f43f0a1e8a8c5ef3b03eaf,1,149e8c6a92ffd1294241a96d1709a656649b0e95e5ec95df4f1b520b559c501a,6,,8,7,1,1,[],{},6,2.8449925207532942,0.6,1,ordinary_two_page_spread,two_page_spread,ok,0.85424412,14,38,93,28,43.25,93,394.548,"[125, 56, 1289, 967]","[111, 18, 1382, 939]","{""epsilon_max_fraction"":0.03,""minimum_contour_area_fraction"":0.08,""minimum_projection_score"":0.15,""minimum_rectangularity"":0.45,""projection_margin_fraction"":0.03,""projection_threshold_block_fraction"":0.05,""projection_threshold_c"":5.0,""projection_weight"":0.2}",,,"{""legacy_parameter_set_id"":""b804afcdc1da"",""parameter_grid_ordinal"":6,""parameter_grid_sha256"":""149e8c6a92ffd1294241a96d1709a656649b0e95e5ec95df4f1b520b559c501a"",""parameter_identity_schema_version"":""1"",""parameter_identity_sha256"":""2c2be3724fd920a881a416c7fe9fa86d152215a4e8f43f0a1e8a8c5ef3b03eaf"",""parameter_schema_version"":""1"",""parameter_set_equivalence_family_id"":""b804afcdc1da"",""parameter_set_equivalence_family_sha256"":""b804afcdc1dab324c087d73c619808b62b18cafe106e4c9f01e9e57bdba554fa"",""parameter_set_equivalence_family_size"":1,""parameter_set_id"":""b804afcdc1da"",""parameters"":{""epsilon_max_fraction"":0.03,""minimum_contour_area_fraction"":0.08,""minimum_projection_score"":0.15,""minimum_rectangularity"":0.45,""projection_margin_fraction"":0.03,""projection_threshold_block_fraction"":0.05,""projection_threshold_c"":5.0,""projection_weight"":0.2},""profile"":null,""rank"":8,""reference_roles"":[],""requested_search_member"":true,""run_id"":""run-20260902-194656"",""search_observation"":{""completion_index"":6,""elapsed_seconds"":2.8449925207532942,""parameter_set_number"":6,""search_fraction"":0.6},""search_rank"":7,""search_space_member"":true,""summary"":{""elapsed_ms_total"":2187.928,""failure_count"":0,""mean_edge_error_px"":34.8,""mean_iou"":0.87682013,""mean_iou_success"":0.87682013,""minimum_iou"":0.75890607,""page_count"":5,""stddev_iou"":0.07335619,""success_count"":5,""wall_ms"":2188.32}}","{""approved_bbox"":[125,56,1289,967],""candidate"":{""authors"":null,""bbox"":[111,18,1382,939],""confidence"":0.771232,""corners"":[[111.0,90.0],[1381.0,18.0],[1257.0,938.0],[235.0,917.0]],""detector_name"":"""",""diagnostics"":{""angle_score"":0.85918058,""area_score"":0.7346197,""close_kernel_size"":9,""contour_hypothesis_count"":9,""contour_source"":""merged_convex_hull"",""epsilon_fraction"":0.0135,""external_contour_count"":8,""horizontal_band_score"":0.22819046,""ink_fraction"":0.25486618,""parameters"":{""angle_weight"":0.2,""area_weight"":0.25,""close_iterations"":1,""close_kernel_fraction"":0.008,""epsilon_max_fraction"":0.03,""epsilon_min_fraction"":0.008,""epsilon_steps"":9,""merge_fragmented_contours"":true,""minimum_contour_area_fraction"":0.08,""minimum_projection_score"":0.15,""minimum_rectangularity"":0.45,""projection_margin_fraction"":0.03,""projection_threshold_block_fraction"":0.05,""projection_threshold_c"":5.0,""projection_weight"":0.2,""rectangularity_weight"":0.25},""projection_score"":0.44308945,""quadrilateral_count"":13,""rectangularity"":1.0,""rejected_projection"":0,""rejected_rectangularity"":0,""vertical_coverage_score"":0.85507246},""foundation"":null,""method"":""contour_projection"",""origin"":"""",""repository"":"""",""score"":0.771232,""status"":""ok"",""version"":""""},""edge_error_maximum_px"":93,""edge_error_mean_px"":43.25,""edge_errors"":{""bottom"":28,""left"":14,""maximum"":93,""mean"":43.25,""right"":93,""top"":38},""elapsed_ms"":394.548,""global_ordinal"":1,""iou"":0.85424412,""label"":""ordinary_two_page_spread"",""layout_type"":""two_page_spread"",""predicted_bbox"":[111,18,1382,939],""status"":""ok""}"
run-20260902-194656,b804afcdc1da,b804afcdc1dab324c087d73c619808b62b18cafe106e4c9f01e9e57bdba554fa,1,b804afcdc1da,2c2be3724fd920a881a416c7fe9fa86d152215a4e8f43f0a1e8a8c5ef3b03eaf,1,149e8c6a92ffd1294241a96d1709a656649b0e95e5ec95df4f1b520b559c501a,6,,8,7,1,1,[],{},6,2.8449925207532942,0.6,5,damaged_partial_register_spread,two_page_spread,ok,0.86176634,52,7,83,28,42.5,83,147.568,"[67, 8, 1233, 977]","[119, 15, 1316, 949]","{""epsilon_max_fraction"":0.03,""minimum_contour_area_fraction"":0.08,""minimum_projection_score"":0.15,""minimum_rectangularity"":0.45,""projection_margin_fraction"":0.03,""projection_threshold_block_fraction"":0.05,""projection_threshold_c"":5.0,""projection_weight"":0.2}",,,"{""legacy_parameter_set_id"":""b804afcdc1da"",""parameter_grid_ordinal"":6,""parameter_grid_sha256"":""149e8c6a92ffd1294241a96d1709a656649b0e95e5ec95df4f1b520b559c501a"",""parameter_identity_schema_version"":""1"",""parameter_identity_sha256"":""2c2be3724fd920a881a416c7fe9fa86d152215a4e8f43f0a1e8a8c5ef3b03eaf"",""parameter_schema_version"":""1"",""parameter_set_equivalence_family_id"":""b804afcdc1da"",""parameter_set_equivalence_family_sha256"":""b804afcdc1dab324c087d73c619808b62b18cafe106e4c9f01e9e57bdba554fa"",""parameter_set_equivalence_family_size"":1,""parameter_set_id"":""b804afcdc1da"",""parameters"":{""epsilon_max_fraction"":0.03,""minimum_contour_area_fraction"":0.08,""minimum_projection_score"":0.15,""minimum_rectangularity"":0.45,""projection_margin_fraction"":0.03,""projection_threshold_block_fraction"":0.05,""projection_threshold_c"":5.0,""projection_weight"":0.2},""profile"":null,""rank"":8,""reference_roles"":[],""requested_search_member"":true,""run_id"":""run-20260902-194656"",""search_observation"":{""completion_index"":6,""elapsed_seconds"":2.8449925207532942,""parameter_set_number"":6,""search_fraction"":0.6},""search_rank"":7,""search_space_member"":true,""summary"":{""elapsed_ms_total"":2187.928,""failure_count"":0,""mean_edge_error_px"":34.8,""mean_iou"":0.87682013,""mean_iou_success"":0.87682013,""minimum_iou"":0.75890607,""page_count"":5,""stddev_iou"":0.07335619,""success_count"":5,""wall_ms"":2188.32}}","{""approved_bbox"":[67,8,1233,977],""candidate"":{""authors"":null,""bbox"":[119,15,1316,949],""confidence"":0.694904,""corners"":[[119.0,36.0],[1315.0,15.0],[739.0,948.0],[137.0,771.0]],""detector_name"":"""",""diagnostics"":{""angle_score"":0.72086268,""area_score"":0.59398934,""close_kernel_size"":9,""contour_hypothesis_count"":15,""contour_source"":""merged_convex_hull"",""epsilon_fraction"":0.03,""external_contour_count"":14,""horizontal_band_score"":0.17767954,""ink_fraction"":0.25966555,""parameters"":{""angle_weight"":0.2,""area_weight"":0.25,""close_iterations"":1,""close_kernel_fraction"":0.008,""epsilon_max_fraction"":0.03,""epsilon_min_fraction"":0.008,""epsilon_steps"":9,""merge_fragmented_contours"":true,""minimum_contour_area_fraction"":0.08,""minimum_projection_score"":0.15,""minimum_rectangularity"":0.45,""projection_margin_fraction"":0.03,""projection_threshold_block_fraction"":0.05,""projection_threshold_c"":5.0,""projection_weight"":0.2,""rectangularity_weight"":0.25},""projection_score"":0.4137179,""quadrilateral_count"":3,""rectangularity"":1.0,""rejected_projection"":0,""rejected_rectangularity"":0,""vertical_coverage_score"":0.86476868},""foundation"":null,""method"":""contour_projection"",""origin"":"""",""repository"":"""",""score"":0.694904,""status"":""ok"",""version"":""""},""edge_error_maximum_px"":83,""edge_error_mean_px"":42.5,""edge_errors"":{""bottom"":28,""left"":52,""maximum"":83,""mean"":42.5,""right"":83,""top"":7},""elapsed_ms"":147.568,""global_ordinal"":5,""iou"":0.86176634,""label"":""damaged_partial_register_spread"",""layout_type"":""two_page_spread"",""predicted_bbox"":[119,15,1316,949],""status"":""ok""}"
run-20260902-194656,b804afcdc1da,b804afcdc1dab324c087d73c619808b62b18cafe106e4c9f01e9e57bdba554fa,1,b804afcdc1da,2c2be3724fd920a881a416c7fe9fa86d152215a4e8f43f0a1e8a8c5ef3b03eaf,1,149e8c6a92ffd1294241a96d1709a656649b0e95e5ec95df4f1b520b559c501a,6,,8,7,1,1,[],{},6,2.8449925207532942,0.6,6,title_or_index_sheet,single_page,ok,0.75890607,125,16,37,82,65.0,125,268.252,"[15, 28, 1074, 970]","[140, 44, 1037, 888]","{""epsilon_max_fraction"":0.03,""minimum_contour_area_fraction"":0.08,""minimum_projection_score"":0.15,""minimum_rectangularity"":0.45,""projection_margin_fraction"":0.03,""projection_threshold_block_fraction"":0.05,""projection_threshold_c"":5.0,""projection_weight"":0.2}",,,"{""legacy_parameter_set_id"":""b804afcdc1da"",""parameter_grid_ordinal"":6,""parameter_grid_sha256"":""149e8c6a92ffd1294241a96d1709a656649b0e95e5ec95df4f1b520b559c501a"",""parameter_identity_schema_version"":""1"",""parameter_identity_sha256"":""2c2be3724fd920a881a416c7fe9fa86d152215a4e8f43f0a1e8a8c5ef3b03eaf"",""parameter_schema_version"":""1"",""parameter_set_equivalence_family_id"":""b804afcdc1da"",""parameter_set_equivalence_family_sha256"":""b804afcdc1dab324c087d73c619808b62b18cafe106e4c9f01e9e57bdba554fa"",""parameter_set_equivalence_family_size"":1,""parameter_set_id"":""b804afcdc1da"",""parameters"":{""epsilon_max_fraction"":0.03,""minimum_contour_area_fraction"":0.08,""minimum_projection_score"":0.15,""minimum_rectangularity"":0.45,""projection_margin_fraction"":0.03,""projection_threshold_block_fraction"":0.05,""projection_threshold_c"":5.0,""projection_weight"":0.2},""profile"":null,""rank"":8,""reference_roles"":[],""requested_search_member"":true,""run_id"":""run-20260902-194656"",""search_observation"":{""completion_index"":6,""elapsed_seconds"":2.8449925207532942,""parameter_set_number"":6,""search_fraction"":0.6},""search_rank"":7,""search_space_member"":true,""summary"":{""elapsed_ms_total"":2187.928,""failure_count"":0,""mean_edge_error_px"":34.8,""mean_iou"":0.87682013,""mean_iou_success"":0.87682013,""minimum_iou"":0.75890607,""page_count"":5,""stddev_iou"":0.07335619,""success_count"":5,""wall_ms"":2188.32}}","{""approved_bbox"":[15,28,1074,970],""candidate"":{""authors"":null,""bbox"":[140,44,1037,888],""confidence"":0.767899,""corners"":[[140.0,44.0],[1036.0,223.0],[1021.0,886.0],[424.0,887.0]],""detector_name"":"""",""diagnostics"":{""angle_score"":0.74640746,""area_score"":0.51439172,""close_kernel_size"":9,""contour_hypothesis_count"":126,""contour_source"":""merged_convex_hull"",""epsilon_fraction"":0.019,""external_contour_count"":125,""horizontal_band_score"":0.78039863,""ink_fraction"":0.1363845,""parameters"":{""angle_weight"":0.2,""area_weight"":0.25,""close_iterations"":1,""close_kernel_fraction"":0.008,""epsilon_max_fraction"":0.03,""epsilon_min_fraction"":0.008,""epsilon_steps"":9,""merge_fragmented_contours"":true,""minimum_contour_area_fraction"":0.08,""minimum_projection_score"":0.15,""minimum_rectangularity"":0.45,""projection_margin_fraction"":0.03,""projection_threshold_block_fraction"":0.05,""projection_threshold_c"":5.0,""projection_weight"":0.2,""rectangularity_weight"":0.25},""projection_score"":0.81614948,""quadrilateral_count"":5,""rectangularity"":1.0,""rejected_projection"":0,""rejected_rectangularity"":0,""vertical_coverage_score"":0.86356589},""foundation"":null,""method"":""contour_projection"",""origin"":"""",""repository"":"""",""score"":0.767899,""status"":""ok"",""version"":""""},""edge_error_maximum_px"":125,""edge_error_mean_px"":65.0,""edge_errors"":{""bottom"":82,""left"":125,""maximum"":125,""mean"":65.0,""right"":37,""top"":16},""elapsed_ms"":268.252,""global_ordinal"":6,""iou"":0.75890607,""label"":""title_or_index_sheet"",""layout_type"":""single_page"",""predicted_bbox"":[140,44,1037,888],""status"":""ok""}"
run-20260902-194656,b804afcdc1da,b804afcdc1dab324c087d73c619808b62b18cafe106e4c9f01e9e57bdba554fa,1,b804afcdc1da,2c2be3724fd920a881a416c7fe9fa86d152215a4e8f43f0a1e8a8c5ef3b03eaf,1,149e8c6a92ffd1294241a96d1709a656649b0e95e5ec95df4f1b520b559c501a,6,,8,7,1,1,[],{},6,2.8449925207532942,0.6,9,clean_two_page_spread,two_page_spread,ok,0.96377596,11,5,18,3,9.25,18,789.954,"[84, 51, 1101, 941]","[73, 56, 1119, 938]","{""epsilon_max_fraction"":0.03,""minimum_contour_area_fraction"":0.08,""minimum_projection_score"":0.15,""minimum_rectangularity"":0.45,""projection_margin_fraction"":0.03,""projection_threshold_block_fraction"":0.05,""projection_threshold_c"":5.0,""projection_weight"":0.2}",,,"{""legacy_parameter_set_id"":""b804afcdc1da"",""parameter_grid_ordinal"":6,""parameter_grid_sha256"":""149e8c6a92ffd1294241a96d1709a656649b0e95e5ec95df4f1b520b559c501a"",""parameter_identity_schema_version"":""1"",""parameter_identity_sha256"":""2c2be3724fd920a881a416c7fe9fa86d152215a4e8f43f0a1e8a8c5ef3b03eaf"",""parameter_schema_version"":""1"",""parameter_set_equivalence_family_id"":""b804afcdc1da"",""parameter_set_equivalence_family_sha256"":""b804afcdc1dab324c087d73c619808b62b18cafe106e4c9f01e9e57bdba554fa"",""parameter_set_equivalence_family_size"":1,""parameter_set_id"":""b804afcdc1da"",""parameters"":{""epsilon_max_fraction"":0.03,""minimum_contour_area_fraction"":0.08,""minimum_projection_score"":0.15,""minimum_rectangularity"":0.45,""projection_margin_fraction"":0.03,""projection_threshold_block_fraction"":0.05,""projection_threshold_c"":5.0,""projection_weight"":0.2},""profile"":null,""rank"":8,""reference_roles"":[],""requested_search_member"":true,""run_id"":""run-20260902-194656"",""search_observation"":{""completion_index"":6,""elapsed_seconds"":2.8449925207532942,""parameter_set_number"":6,""search_fraction"":0.6},""search_rank"":7,""search_space_member"":true,""summary"":{""elapsed_ms_total"":2187.928,""failure_count"":0,""mean_edge_error_px"":34.8,""mean_iou"":0.87682013,""mean_iou_success"":0.87682013,""minimum_iou"":0.75890607,""page_count"":5,""stddev_iou"":0.07335619,""success_count"":5,""wall_ms"":2188.32}}","{""approved_bbox"":[84,51,1101,941],""candidate"":{""authors"":null,""bbox"":[73,56,1119,938],""confidence"":0.858757,""corners"":[[77.0,56.0],[1115.0,56.0],[1118.0,937.0],[73.0,932.0]],""detector_name"":"""",""diagnostics"":{""angle_score"":0.9959051,""area_score"":0.72118974,""close_kernel_size"":9,""contour_hypothesis_count"":2,""contour_source"":""external_contour"",""epsilon_fraction"":0.008,""external_contour_count"":1,""horizontal_band_score"":0.65500048,""ink_fraction"":0.21506871,""parameters"":{""angle_weight"":0.2,""area_weight"":0.25,""close_iterations"":1,""close_kernel_fraction"":0.008,""epsilon_max_fraction"":0.03,""epsilon_min_fraction"":0.008,""epsilon_steps"":9,""merge_fragmented_contours"":true,""minimum_contour_area_fraction"":0.08,""minimum_projection_score"":0.15,""minimum_rectangularity"":0.45,""projection_margin_fraction"":0.03,""projection_threshold_block_fraction"":0.05,""projection_threshold_c"":5.0,""projection_weight"":0.2,""rectangularity_weight"":0.25},""projection_score"":0.71701602,""quadrilateral_count"":18,""rectangularity"":1.0,""rejected_projection"":0,""rejected_rectangularity"":0,""vertical_coverage_score"":0.86130892},""foundation"":null,""method"":""contour_projection"",""origin"":"""",""repository"":"""",""score"":0.858757,""status"":""ok"",""version"":""""},""edge_error_maximum_px"":18,""edge_error_mean_px"":9.25,""edge_errors"":{""bottom"":3,""left"":11,""maximum"":18,""mean"":9.25,""right"":18,""top"":5},""elapsed_ms"":789.954,""global_ordinal"":9,""iou"":0.96377596,""label"":""clean_two_page_spread"",""layout_type"":""two_page_spread"",""predicted_bbox"":[73,56,1119,938],""status"":""ok""}"
run-20260902-194656,b804afcdc1da,b804afcdc1dab324c087d73c619808b62b18cafe106e4c9f01e9e57bdba554fa,1,b804afcdc1da,2c2be3724fd920a881a416c7fe9fa86d152215a4e8f43f0a1e8a8c5ef3b03eaf,1,149e8c6a92ffd1294241a96d1709a656649b0e95e5ec95df4f1b520b559c501a,6,,8,7,1,1,[],{},6,2.8449925207532942,0.6,10,clean_two_page_spread_2,two_page_spread,ok,0.94540817,7,11,18,20,14.0,20,587.606,"[88, 33, 1154, 968]","[81, 44, 1172, 948]","{""epsilon_max_fraction"":0.03,""minimum_contour_area_fraction"":0.08,""minimum_projection_score"":0.15,""minimum_rectangularity"":0.45,""projection_margin_fraction"":0.03,""projection_threshold_block_fraction"":0.05,""projection_threshold_c"":5.0,""projection_weight"":0.2}",,,"{""legacy_parameter_set_id"":""b804afcdc1da"",""parameter_grid_ordinal"":6,""parameter_grid_sha256"":""149e8c6a92ffd1294241a96d1709a656649b0e95e5ec95df4f1b520b559c501a"",""parameter_identity_schema_version"":""1"",""parameter_identity_sha256"":""2c2be3724fd920a881a416c7fe9fa86d152215a4e8f43f0a1e8a8c5ef3b03eaf"",""parameter_schema_version"":""1"",""parameter_set_equivalence_family_id"":""b804afcdc1da"",""parameter_set_equivalence_family_sha256"":""b804afcdc1dab324c087d73c619808b62b18cafe106e4c9f01e9e57bdba554fa"",""parameter_set_equivalence_family_size"":1,""parameter_set_id"":""b804afcdc1da"",""parameters"":{""epsilon_max_fraction"":0.03,""minimum_contour_area_fraction"":0.08,""minimum_projection_score"":0.15,""minimum_rectangularity"":0.45,""projection_margin_fraction"":0.03,""projection_threshold_block_fraction"":0.05,""projection_threshold_c"":5.0,""projection_weight"":0.2},""profile"":null,""rank"":8,""reference_roles"":[],""requested_search_member"":true,""run_id"":""run-20260902-194656"",""search_observation"":{""completion_index"":6,""elapsed_seconds"":2.8449925207532942,""parameter_set_number"":6,""search_fraction"":0.6},""search_rank"":7,""search_space_member"":true,""summary"":{""elapsed_ms_total"":2187.928,""failure_count"":0,""mean_edge_error_px"":34.8,""mean_iou"":0.87682013,""mean_iou_success"":0.87682013,""minimum_iou"":0.75890607,""page_count"":5,""stddev_iou"":0.07335619,""success_count"":5,""wall_ms"":2188.32}}","{""approved_bbox"":[88,33,1154,968],""candidate"":{""authors"":null,""bbox"":[81,44,1172,948],""confidence"":0.867197,""corners"":[[84.0,44.0],[1144.0,44.0],[1171.0,947.0],[81.0,945.0]],""detector_name"":"""",""diagnostics"":{""angle_score"":0.98339192,""area_score"":0.77242297,""close_kernel_size"":9,""contour_hypothesis_count"":4,""contour_source"":""external_contour"",""epsilon_fraction"":0.008,""external_contour_count"":3,""horizontal_band_score"":0.63826144,""ink_fraction"":0.21699932,""parameters"":{""angle_weight"":0.2,""area_weight"":0.25,""close_iterations"":1,""close_kernel_fraction"":0.008,""epsilon_max_fraction"":0.03,""epsilon_min_fraction"":0.008,""epsilon_steps"":9,""merge_fragmented_contours"":true,""minimum_contour_area_fraction"":0.08,""minimum_projection_score"":0.15,""minimum_rectangularity"":0.45,""projection_margin_fraction"":0.03,""projection_threshold_block_fraction"":0.05,""projection_threshold_c"":5.0,""projection_weight"":0.2,""rectangularity_weight"":0.25},""projection_score"":0.70346631,""quadrilateral_count"":18,""rectangularity"":1.0,""rejected_projection"":0,""rejected_rectangularity"":0,""vertical_coverage_score"":0.85286458},""foundation"":null,""method"":""contour_projection"",""origin"":"""",""repository"":"""",""score"":0.867197,""status"":""ok"",""version"":""""},""edge_error_maximum_px"":20,""edge_error_mean_px"":14.0,""edge_errors"":{""bottom"":20,""left"":7,""maximum"":20,""mean"":14.0,""right"":18,""top"":11},""elapsed_ms"":587.606,""global_ordinal"":10,""iou"":0.94540817,""label"":""clean_two_page_spread_2"",""layout_type"":""two_page_spread"",""predicted_bbox"":[81,44,1172,948],""status"":""ok""}"
run-20260902-194656,d8bf437d060b,d8bf437d060bed45c8828096bdc9ede70897a894c1fc4b24fec8b70fbad740c2,1,d8bf437d060b,0a639365f1021f2e4bd77ccf3036156ffcd46501c6f888f1e3a4c009df47d388,1,149e8c6a92ffd1294241a96d1709a656649b0e95e5ec95df4f1b520b559c501a,7,,9,8,1,1,[],{},3,2.62142750993371,0.3,1,ordinary_two_page_spread,two_page_spread,ok,0.85424412,14,38,93,28,43.25,93,485.078,"[125, 56, 1289, 967]","[111, 18, 1382, 939]","{""epsilon_max_fraction"":0.03,""minimum_contour_area_fraction"":0.08,""minimum_projection_score"":0.15,""minimum_rectangularity"":0.45,""projection_margin_fraction"":0.03,""projection_threshold_block_fraction"":0.05,""projection_threshold_c"":5.0,""projection_weight"":0.3}",,,"{""legacy_parameter_set_id"":""d8bf437d060b"",""parameter_grid_ordinal"":7,""parameter_grid_sha256"":""149e8c6a92ffd1294241a96d1709a656649b0e95e5ec95df4f1b520b559c501a"",""parameter_identity_schema_version"":""1"",""parameter_identity_sha256"":""0a639365f1021f2e4bd77ccf3036156ffcd46501c6f888f1e3a4c009df47d388"",""parameter_schema_version"":""1"",""parameter_set_equivalence_family_id"":""d8bf437d060b"",""parameter_set_equivalence_family_sha256"":""d8bf437d060bed45c8828096bdc9ede70897a894c1fc4b24fec8b70fbad740c2"",""parameter_set_equivalence_family_size"":1,""parameter_set_id"":""d8bf437d060b"",""parameters"":{""epsilon_max_fraction"":0.03,""minimum_contour_area_fraction"":0.08,""minimum_projection_score"":0.15,""minimum_rectangularity"":0.45,""projection_margin_fraction"":0.03,""projection_threshold_block_fraction"":0.05,""projection_threshold_c"":5.0,""projection_weight"":0.3},""profile"":null,""rank"":9,""reference_roles"":[],""requested_search_member"":true,""run_id"":""run-20260902-194656"",""search_observation"":{""completion_index"":3,""elapsed_seconds"":2.62142750993371,""parameter_set_number"":3,""search_fraction"":0.3},""search_rank"":8,""search_space_member"":true,""summary"":{""elapsed_ms_total"":1970.595,""failure_count"":0,""mean_edge_error_px"":34.8,""mean_iou"":0.87682013,""mean_iou_success"":0.87682013,""minimum_iou"":0.75890607,""page_count"":5,""stddev_iou"":0.07335619,""success_count"":5,""wall_ms"":1970.994}}","{""approved_bbox"":[125,56,1289,967],""candidate"":{""authors"":null,""bbox"":[111,18,1382,939],""confidence"":0.738418,""corners"":[[111.0,90.0],[1381.0,18.0],[1257.0,938.0],[235.0,917.0]],""detector_name"":"""",""diagnostics"":{""angle_score"":0.85918058,""area_score"":0.7346197,""close_kernel_size"":9,""contour_hypothesis_count"":9,""contour_source"":""merged_convex_hull"",""epsilon_fraction"":0.0135,""external_contour_count"":8,""horizontal_band_score"":0.22819046,""ink_fraction"":0.25486618,""parameters"":{""angle_weight"":0.2,""area_weight"":0.25,""close_iterations"":1,""close_kernel_fraction"":0.008,""epsilon_max_fraction"":0.03,""epsilon_min_fraction"":0.008,""epsilon_steps"":9,""merge_fragmented_contours"":true,""minimum_contour_area_fraction"":0.08,""minimum_projection_score"":0.15,""minimum_rectangularity"":0.45,""projection_margin_fraction"":0.03,""projection_threshold_block_fraction"":0.05,""projection_threshold_c"":5.0,""projection_weight"":0.3,""rectangularity_weight"":0.25},""projection_score"":0.44308945,""quadrilateral_count"":13,""rectangularity"":1.0,""rejected_projection"":0,""rejected_rectangularity"":0,""vertical_coverage_score"":0.85507246},""foundation"":null,""method"":""contour_projection"",""origin"":"""",""repository"":"""",""score"":0.738418,""status"":""ok"",""version"":""""},""edge_error_maximum_px"":93,""edge_error_mean_px"":43.25,""edge_errors"":{""bottom"":28,""left"":14,""maximum"":93,""mean"":43.25,""right"":93,""top"":38},""elapsed_ms"":485.078,""global_ordinal"":1,""iou"":0.85424412,""label"":""ordinary_two_page_spread"",""layout_type"":""two_page_spread"",""predicted_bbox"":[111,18,1382,939],""status"":""ok""}"
run-20260902-194656,d8bf437d060b,d8bf437d060bed45c8828096bdc9ede70897a894c1fc4b24fec8b70fbad740c2,1,d8bf437d060b,0a639365f1021f2e4bd77ccf3036156ffcd46501c6f888f1e3a4c009df47d388,1,149e8c6a92ffd1294241a96d1709a656649b0e95e5ec95df4f1b520b559c501a,7,,9,8,1,1,[],{},3,2.62142750993371,0.3,5,damaged_partial_register_spread,two_page_spread,ok,0.86176634,52,7,83,28,42.5,83,115.16,"[67, 8, 1233, 977]","[119, 15, 1316, 949]","{""epsilon_max_fraction"":0.03,""minimum_contour_area_fraction"":0.08,""minimum_projection_score"":0.15,""minimum_rectangularity"":0.45,""projection_margin_fraction"":0.03,""projection_threshold_block_fraction"":0.05,""projection_threshold_c"":5.0,""projection_weight"":0.3}",,,"{""legacy_parameter_set_id"":""d8bf437d060b"",""parameter_grid_ordinal"":7,""parameter_grid_sha256"":""149e8c6a92ffd1294241a96d1709a656649b0e95e5ec95df4f1b520b559c501a"",""parameter_identity_schema_version"":""1"",""parameter_identity_sha256"":""0a639365f1021f2e4bd77ccf3036156ffcd46501c6f888f1e3a4c009df47d388"",""parameter_schema_version"":""1"",""parameter_set_equivalence_family_id"":""d8bf437d060b"",""parameter_set_equivalence_family_sha256"":""d8bf437d060bed45c8828096bdc9ede70897a894c1fc4b24fec8b70fbad740c2"",""parameter_set_equivalence_family_size"":1,""parameter_set_id"":""d8bf437d060b"",""parameters"":{""epsilon_max_fraction"":0.03,""minimum_contour_area_fraction"":0.08,""minimum_projection_score"":0.15,""minimum_rectangularity"":0.45,""projection_margin_fraction"":0.03,""projection_threshold_block_fraction"":0.05,""projection_threshold_c"":5.0,""projection_weight"":0.3},""profile"":null,""rank"":9,""reference_roles"":[],""requested_search_member"":true,""run_id"":""run-20260902-194656"",""search_observation"":{""completion_index"":3,""elapsed_seconds"":2.62142750993371,""parameter_set_number"":3,""search_fraction"":0.3},""search_rank"":8,""search_space_member"":true,""summary"":{""elapsed_ms_total"":1970.595,""failure_count"":0,""mean_edge_error_px"":34.8,""mean_iou"":0.87682013,""mean_iou_success"":0.87682013,""minimum_iou"":0.75890607,""page_count"":5,""stddev_iou"":0.07335619,""success_count"":5,""wall_ms"":1970.994}}","{""approved_bbox"":[67,8,1233,977],""candidate"":{""authors"":null,""bbox"":[119,15,1316,949],""confidence"":0.666785,""corners"":[[119.0,36.0],[1315.0,15.0],[739.0,948.0],[137.0,771.0]],""detector_name"":"""",""diagnostics"":{""angle_score"":0.72086268,""area_score"":0.59398934,""close_kernel_size"":9,""contour_hypothesis_count"":15,""contour_source"":""merged_convex_hull"",""epsilon_fraction"":0.03,""external_contour_count"":14,""horizontal_band_score"":0.17767954,""ink_fraction"":0.25966555,""parameters"":{""angle_weight"":0.2,""area_weight"":0.25,""close_iterations"":1,""close_kernel_fraction"":0.008,""epsilon_max_fraction"":0.03,""epsilon_min_fraction"":0.008,""epsilon_steps"":9,""merge_fragmented_contours"":true,""minimum_contour_area_fraction"":0.08,""minimum_projection_score"":0.15,""minimum_rectangularity"":0.45,""projection_margin_fraction"":0.03,""projection_threshold_block_fraction"":0.05,""projection_threshold_c"":5.0,""projection_weight"":0.3,""rectangularity_weight"":0.25},""projection_score"":0.4137179,""quadrilateral_count"":3,""rectangularity"":1.0,""rejected_projection"":0,""rejected_rectangularity"":0,""vertical_coverage_score"":0.86476868},""foundation"":null,""method"":""contour_projection"",""origin"":"""",""repository"":"""",""score"":0.666785,""status"":""ok"",""version"":""""},""edge_error_maximum_px"":83,""edge_error_mean_px"":42.5,""edge_errors"":{""bottom"":28,""left"":52,""maximum"":83,""mean"":42.5,""right"":83,""top"":7},""elapsed_ms"":115.16,""global_ordinal"":5,""iou"":0.86176634,""label"":""damaged_partial_register_spread"",""layout_type"":""two_page_spread"",""predicted_bbox"":[119,15,1316,949],""status"":""ok""}"
run-20260902-194656,d8bf437d060b,d8bf437d060bed45c8828096bdc9ede70897a894c1fc4b24fec8b70fbad740c2,1,d8bf437d060b,0a639365f1021f2e4bd77ccf3036156ffcd46501c6f888f1e3a4c009df47d388,1,149e8c6a92ffd1294241a96d1709a656649b0e95e5ec95df4f1b520b559c501a,7,,9,8,1,1,[],{},3,2.62142750993371,0.3,6,title_or_index_sheet,single_page,ok,0.75890607,125,16,37,82,65.0,125,104.201,"[15, 28, 1074, 970]","[140, 44, 1037, 888]","{""epsilon_max_fraction"":0.03,""minimum_contour_area_fraction"":0.08,""minimum_projection_score"":0.15,""minimum_rectangularity"":0.45,""projection_margin_fraction"":0.03,""projection_threshold_block_fraction"":0.05,""projection_threshold_c"":5.0,""projection_weight"":0.3}",,,"{""legacy_parameter_set_id"":""d8bf437d060b"",""parameter_grid_ordinal"":7,""parameter_grid_sha256"":""149e8c6a92ffd1294241a96d1709a656649b0e95e5ec95df4f1b520b559c501a"",""parameter_identity_schema_version"":""1"",""parameter_identity_sha256"":""0a639365f1021f2e4bd77ccf3036156ffcd46501c6f888f1e3a4c009df47d388"",""parameter_schema_version"":""1"",""parameter_set_equivalence_family_id"":""d8bf437d060b"",""parameter_set_equivalence_family_sha256"":""d8bf437d060bed45c8828096bdc9ede70897a894c1fc4b24fec8b70fbad740c2"",""parameter_set_equivalence_family_size"":1,""parameter_set_id"":""d8bf437d060b"",""parameters"":{""epsilon_max_fraction"":0.03,""minimum_contour_area_fraction"":0.08,""minimum_projection_score"":0.15,""minimum_rectangularity"":0.45,""projection_margin_fraction"":0.03,""projection_threshold_block_fraction"":0.05,""projection_threshold_c"":5.0,""projection_weight"":0.3},""profile"":null,""rank"":9,""reference_roles"":[],""requested_search_member"":true,""run_id"":""run-20260902-194656"",""search_observation"":{""completion_index"":3,""elapsed_seconds"":2.62142750993371,""parameter_set_number"":3,""search_fraction"":0.3},""search_rank"":8,""search_space_member"":true,""summary"":{""elapsed_ms_total"":1970.595,""failure_count"":0,""mean_edge_error_px"":34.8,""mean_iou"":0.87682013,""mean_iou_success"":0.87682013,""minimum_iou"":0.75890607,""page_count"":5,""stddev_iou"":0.07335619,""success_count"":5,""wall_ms"":1970.994}}","{""approved_bbox"":[15,28,1074,970],""candidate"":{""authors"":null,""bbox"":[140,44,1037,888],""confidence"":0.772724,""corners"":[[140.0,44.0],[1036.0,223.0],[1021.0,886.0],[424.0,887.0]],""detector_name"":"""",""diagnostics"":{""angle_score"":0.74640746,""area_score"":0.51439172,""close_kernel_size"":9,""contour_hypothesis_count"":126,""contour_source"":""merged_convex_hull"",""epsilon_fraction"":0.019,""external_contour_count"":125,""horizontal_band_score"":0.78039863,""ink_fraction"":0.1363845,""parameters"":{""angle_weight"":0.2,""area_weight"":0.25,""close_iterations"":1,""close_kernel_fraction"":0.008,""epsilon_max_fraction"":0.03,""epsilon_min_fraction"":0.008,""epsilon_steps"":9,""merge_fragmented_contours"":true,""minimum_contour_area_fraction"":0.08,""minimum_projection_score"":0.15,""minimum_rectangularity"":0.45,""projection_margin_fraction"":0.03,""projection_threshold_block_fraction"":0.05,""projection_threshold_c"":5.0,""projection_weight"":0.3,""rectangularity_weight"":0.25},""projection_score"":0.81614948,""quadrilateral_count"":5,""rectangularity"":1.0,""rejected_projection"":0,""rejected_rectangularity"":0,""vertical_coverage_score"":0.86356589},""foundation"":null,""method"":""contour_projection"",""origin"":"""",""repository"":"""",""score"":0.772724,""status"":""ok"",""version"":""""},""edge_error_maximum_px"":125,""edge_error_mean_px"":65.0,""edge_errors"":{""bottom"":82,""left"":125,""maximum"":125,""mean"":65.0,""right"":37,""top"":16},""elapsed_ms"":104.201,""global_ordinal"":6,""iou"":0.75890607,""label"":""title_or_index_sheet"",""layout_type"":""single_page"",""predicted_bbox"":[140,44,1037,888],""status"":""ok""}"
run-20260902-194656,d8bf437d060b,d8bf437d060bed45c8828096bdc9ede70897a894c1fc4b24fec8b70fbad740c2,1,d8bf437d060b,0a639365f1021f2e4bd77ccf3036156ffcd46501c6f888f1e3a4c009df47d388,1,149e8c6a92ffd1294241a96d1709a656649b0e95e5ec95df4f1b520b559c501a,7,,9,8,1,1,[],{},3,2.62142750993371,0.3,9,clean_two_page_spread,two_page_spread,ok,0.96377596,11,5,18,3,9.25,18,578.079,"[84, 51, 1101, 941]","[73, 56, 1119, 938]","{""epsilon_max_fraction"":0.03,""minimum_contour_area_fraction"":0.08,""minimum_projection_score"":0.15,""minimum_rectangularity"":0.45,""projection_margin_fraction"":0.03,""projection_threshold_block_fraction"":0.05,""projection_threshold_c"":5.0,""projection_weight"":0.3}",,,"{""legacy_parameter_set_id"":""d8bf437d060b"",""parameter_grid_ordinal"":7,""parameter_grid_sha256"":""149e8c6a92ffd1294241a96d1709a656649b0e95e5ec95df4f1b520b559c501a"",""parameter_identity_schema_version"":""1"",""parameter_identity_sha256"":""0a639365f1021f2e4bd77ccf3036156ffcd46501c6f888f1e3a4c009df47d388"",""parameter_schema_version"":""1"",""parameter_set_equivalence_family_id"":""d8bf437d060b"",""parameter_set_equivalence_family_sha256"":""d8bf437d060bed45c8828096bdc9ede70897a894c1fc4b24fec8b70fbad740c2"",""parameter_set_equivalence_family_size"":1,""parameter_set_id"":""d8bf437d060b"",""parameters"":{""epsilon_max_fraction"":0.03,""minimum_contour_area_fraction"":0.08,""minimum_projection_score"":0.15,""minimum_rectangularity"":0.45,""projection_margin_fraction"":0.03,""projection_threshold_block_fraction"":0.05,""projection_threshold_c"":5.0,""projection_weight"":0.3},""profile"":null,""rank"":9,""reference_roles"":[],""requested_search_member"":true,""run_id"":""run-20260902-194656"",""search_observation"":{""completion_index"":3,""elapsed_seconds"":2.62142750993371,""parameter_set_number"":3,""search_fraction"":0.3},""search_rank"":8,""search_space_member"":true,""summary"":{""elapsed_ms_total"":1970.595,""failure_count"":0,""mean_edge_error_px"":34.8,""mean_iou"":0.87682013,""mean_iou_success"":0.87682013,""minimum_iou"":0.75890607,""page_count"":5,""stddev_iou"":0.07335619,""success_count"":5,""wall_ms"":1970.994}}","{""approved_bbox"":[84,51,1101,941],""candidate"":{""authors"":null,""bbox"":[73,56,1119,938],""confidence"":0.844583,""corners"":[[77.0,56.0],[1115.0,56.0],[1118.0,937.0],[73.0,932.0]],""detector_name"":"""",""diagnostics"":{""angle_score"":0.9959051,""area_score"":0.72118974,""close_kernel_size"":9,""contour_hypothesis_count"":2,""contour_source"":""external_contour"",""epsilon_fraction"":0.008,""external_contour_count"":1,""horizontal_band_score"":0.65500048,""ink_fraction"":0.21506871,""parameters"":{""angle_weight"":0.2,""area_weight"":0.25,""close_iterations"":1,""close_kernel_fraction"":0.008,""epsilon_max_fraction"":0.03,""epsilon_min_fraction"":0.008,""epsilon_steps"":9,""merge_fragmented_contours"":true,""minimum_contour_area_fraction"":0.08,""minimum_projection_score"":0.15,""minimum_rectangularity"":0.45,""projection_margin_fraction"":0.03,""projection_threshold_block_fraction"":0.05,""projection_threshold_c"":5.0,""projection_weight"":0.3,""rectangularity_weight"":0.25},""projection_score"":0.71701602,""quadrilateral_count"":18,""rectangularity"":1.0,""rejected_projection"":0,""rejected_rectangularity"":0,""vertical_coverage_score"":0.86130892},""foundation"":null,""method"":""contour_projection"",""origin"":"""",""repository"":"""",""score"":0.844583,""status"":""ok"",""version"":""""},""edge_error_maximum_px"":18,""edge_error_mean_px"":9.25,""edge_errors"":{""bottom"":3,""left"":11,""maximum"":18,""mean"":9.25,""right"":18,""top"":5},""elapsed_ms"":578.079,""global_ordinal"":9,""iou"":0.96377596,""label"":""clean_two_page_spread"",""layout_type"":""two_page_spread"",""predicted_bbox"":[73,56,1119,938],""status"":""ok""}"
run-20260902-194656,d8bf437d060b,d8bf437d060bed45c8828096bdc9ede70897a894c1fc4b24fec8b70fbad740c2,1,d8bf437d060b,0a639365f1021f2e4bd77ccf3036156ffcd46501c6f888f1e3a4c009df47d388,1,149e8c6a92ffd1294241a96d1709a656649b0e95e5ec95df4f1b520b559c501a,7,,9,8,1,1,[],{},3,2.62142750993371,0.3,10,clean_two_page_spread_2,two_page_spread,ok,0.94540817,7,11,18,20,14.0,20,688.077,"[88, 33, 1154, 968]","[81, 44, 1172, 948]","{""epsilon_max_fraction"":0.03,""minimum_contour_area_fraction"":0.08,""minimum_projection_score"":0.15,""minimum_rectangularity"":0.45,""projection_margin_fraction"":0.03,""projection_threshold_block_fraction"":0.05,""projection_threshold_c"":5.0,""projection_weight"":0.3}",,,"{""legacy_parameter_set_id"":""d8bf437d060b"",""parameter_grid_ordinal"":7,""parameter_grid_sha256"":""149e8c6a92ffd1294241a96d1709a656649b0e95e5ec95df4f1b520b559c501a"",""parameter_identity_schema_version"":""1"",""parameter_identity_sha256"":""0a639365f1021f2e4bd77ccf3036156ffcd46501c6f888f1e3a4c009df47d388"",""parameter_schema_version"":""1"",""parameter_set_equivalence_family_id"":""d8bf437d060b"",""parameter_set_equivalence_family_sha256"":""d8bf437d060bed45c8828096bdc9ede70897a894c1fc4b24fec8b70fbad740c2"",""parameter_set_equivalence_family_size"":1,""parameter_set_id"":""d8bf437d060b"",""parameters"":{""epsilon_max_fraction"":0.03,""minimum_contour_area_fraction"":0.08,""minimum_projection_score"":0.15,""minimum_rectangularity"":0.45,""projection_margin_fraction"":0.03,""projection_threshold_block_fraction"":0.05,""projection_threshold_c"":5.0,""projection_weight"":0.3},""profile"":null,""rank"":9,""reference_roles"":[],""requested_search_member"":true,""run_id"":""run-20260902-194656"",""search_observation"":{""completion_index"":3,""elapsed_seconds"":2.62142750993371,""parameter_set_number"":3,""search_fraction"":0.3},""search_rank"":8,""search_space_member"":true,""summary"":{""elapsed_ms_total"":1970.595,""failure_count"":0,""mean_edge_error_px"":34.8,""mean_iou"":0.87682013,""mean_iou_success"":0.87682013,""minimum_iou"":0.75890607,""page_count"":5,""stddev_iou"":0.07335619,""success_count"":5,""wall_ms"":1970.994}}","{""approved_bbox"":[88,33,1154,968],""candidate"":{""authors"":null,""bbox"":[81,44,1172,948],""confidence"":0.850824,""corners"":[[84.0,44.0],[1144.0,44.0],[1171.0,947.0],[81.0,945.0]],""detector_name"":"""",""diagnostics"":{""angle_score"":0.98339192,""area_score"":0.77242297,""close_kernel_size"":9,""contour_hypothesis_count"":4,""contour_source"":""external_contour"",""epsilon_fraction"":0.008,""external_contour_count"":3,""horizontal_band_score"":0.63826144,""ink_fraction"":0.21699932,""parameters"":{""angle_weight"":0.2,""area_weight"":0.25,""close_iterations"":1,""close_kernel_fraction"":0.008,""epsilon_max_fraction"":0.03,""epsilon_min_fraction"":0.008,""epsilon_steps"":9,""merge_fragmented_contours"":true,""minimum_contour_area_fraction"":0.08,""minimum_projection_score"":0.15,""minimum_rectangularity"":0.45,""projection_margin_fraction"":0.03,""projection_threshold_block_fraction"":0.05,""projection_threshold_c"":5.0,""projection_weight"":0.3,""rectangularity_weight"":0.25},""projection_score"":0.70346631,""quadrilateral_count"":18,""rectangularity"":1.0,""rejected_projection"":0,""rejected_rectangularity"":0,""vertical_coverage_score"":0.85286458},""foundation"":null,""method"":""contour_projection"",""origin"":"""",""repository"":"""",""score"":0.850824,""status"":""ok"",""version"":""""},""edge_error_maximum_px"":20,""edge_error_mean_px"":14.0,""edge_errors"":{""bottom"":20,""left"":7,""maximum"":20,""mean"":14.0,""right"":18,""top"":11},""elapsed_ms"":688.077,""global_ordinal"":10,""iou"":0.94540817,""label"":""clean_two_page_spread_2"",""layout_type"":""two_page_spread"",""predicted_bbox"":[81,44,1172,948],""status"":""ok""}"
run-20260902-194656,8c229faefd09,8c229faefd09ec2bafcec5840907b4225225c5808e28028da31cb4f95dfd9192,1,8c229faefd09,6bd99533b46ac3492e9db2c95aeaa6ad6a7cc5e84e7f0ad53c81e84d2ce058e7,1,149e8c6a92ffd1294241a96d1709a656649b0e95e5ec95df4f1b520b559c501a,8,,10,9,1,1,[],{},4,2.664124781731516,0.4,1,ordinary_two_page_spread,two_page_spread,ok,0.85424412,14,38,93,28,43.25,93,517.715,"[125, 56, 1289, 967]","[111, 18, 1382, 939]","{""epsilon_max_fraction"":0.03,""minimum_contour_area_fraction"":0.08,""minimum_projection_score"":0.15,""minimum_rectangularity"":0.45,""projection_margin_fraction"":0.03,""projection_threshold_block_fraction"":0.05,""projection_threshold_c"":5.0,""projection_weight"":0.4}",,,"{""legacy_parameter_set_id"":""8c229faefd09"",""parameter_grid_ordinal"":8,""parameter_grid_sha256"":""149e8c6a92ffd1294241a96d1709a656649b0e95e5ec95df4f1b520b559c501a"",""parameter_identity_schema_version"":""1"",""parameter_identity_sha256"":""6bd99533b46ac3492e9db2c95aeaa6ad6a7cc5e84e7f0ad53c81e84d2ce058e7"",""parameter_schema_version"":""1"",""parameter_set_equivalence_family_id"":""8c229faefd09"",""parameter_set_equivalence_family_sha256"":""8c229faefd09ec2bafcec5840907b4225225c5808e28028da31cb4f95dfd9192"",""parameter_set_equivalence_family_size"":1,""parameter_set_id"":""8c229faefd09"",""parameters"":{""epsilon_max_fraction"":0.03,""minimum_contour_area_fraction"":0.08,""minimum_projection_score"":0.15,""minimum_rectangularity"":0.45,""projection_margin_fraction"":0.03,""projection_threshold_block_fraction"":0.05,""projection_threshold_c"":5.0,""projection_weight"":0.4},""profile"":null,""rank"":10,""reference_roles"":[],""requested_search_member"":true,""run_id"":""run-20260902-194656"",""search_observation"":{""completion_index"":4,""elapsed_seconds"":2.664124781731516,""parameter_set_number"":4,""search_fraction"":0.4},""search_rank"":9,""search_space_member"":true,""summary"":{""elapsed_ms_total"":1996.028,""failure_count"":0,""mean_edge_error_px"":34.8,""mean_iou"":0.87682013,""mean_iou_success"":0.87682013,""minimum_iou"":0.75890607,""page_count"":5,""stddev_iou"":0.07335619,""success_count"":5,""wall_ms"":1996.467}}","{""approved_bbox"":[125,56,1289,967],""candidate"":{""authors"":null,""bbox"":[111,18,1382,939],""confidence"":0.71157,""corners"":[[111.0,90.0],[1381.0,18.0],[1257.0,938.0],[235.0,917.0]],""detector_name"":"""",""diagnostics"":{""angle_score"":0.85918058,""area_score"":0.7346197,""close_kernel_size"":9,""contour_hypothesis_count"":9,""contour_source"":""merged_convex_hull"",""epsilon_fraction"":0.0135,""external_contour_count"":8,""horizontal_band_score"":0.22819046,""ink_fraction"":0.25486618,""parameters"":{""angle_weight"":0.2,""area_weight"":0.25,""close_iterations"":1,""close_kernel_fraction"":0.008,""epsilon_max_fraction"":0.03,""epsilon_min_fraction"":0.008,""epsilon_steps"":9,""merge_fragmented_contours"":true,""minimum_contour_area_fraction"":0.08,""minimum_projection_score"":0.15,""minimum_rectangularity"":0.45,""projection_margin_fraction"":0.03,""projection_threshold_block_fraction"":0.05,""projection_threshold_c"":5.0,""projection_weight"":0.4,""rectangularity_weight"":0.25},""projection_score"":0.44308945,""quadrilateral_count"":13,""rectangularity"":1.0,""rejected_projection"":0,""rejected_rectangularity"":0,""vertical_coverage_score"":0.85507246},""foundation"":null,""method"":""contour_projection"",""origin"":"""",""repository"":"""",""score"":0.71157,""status"":""ok"",""version"":""""},""edge_error_maximum_px"":93,""edge_error_mean_px"":43.25,""edge_errors"":{""bottom"":28,""left"":14,""maximum"":93,""mean"":43.25,""right"":93,""top"":38},""elapsed_ms"":517.715,""global_ordinal"":1,""iou"":0.85424412,""label"":""ordinary_two_page_spread"",""layout_type"":""two_page_spread"",""predicted_bbox"":[111,18,1382,939],""status"":""ok""}"
run-20260902-194656,8c229faefd09,8c229faefd09ec2bafcec5840907b4225225c5808e28028da31cb4f95dfd9192,1,8c229faefd09,6bd99533b46ac3492e9db2c95aeaa6ad6a7cc5e84e7f0ad53c81e84d2ce058e7,1,149e8c6a92ffd1294241a96d1709a656649b0e95e5ec95df4f1b520b559c501a,8,,10,9,1,1,[],{},4,2.664124781731516,0.4,5,damaged_partial_register_spread,two_page_spread,ok,0.86176634,52,7,83,28,42.5,83,168.697,"[67, 8, 1233, 977]","[119, 15, 1316, 949]","{""epsilon_max_fraction"":0.03,""minimum_contour_area_fraction"":0.08,""minimum_projection_score"":0.15,""minimum_rectangularity"":0.45,""projection_margin_fraction"":0.03,""projection_threshold_block_fraction"":0.05,""projection_threshold_c"":5.0,""projection_weight"":0.4}",,,"{""legacy_parameter_set_id"":""8c229faefd09"",""parameter_grid_ordinal"":8,""parameter_grid_sha256"":""149e8c6a92ffd1294241a96d1709a656649b0e95e5ec95df4f1b520b559c501a"",""parameter_identity_schema_version"":""1"",""parameter_identity_sha256"":""6bd99533b46ac3492e9db2c95aeaa6ad6a7cc5e84e7f0ad53c81e84d2ce058e7"",""parameter_schema_version"":""1"",""parameter_set_equivalence_family_id"":""8c229faefd09"",""parameter_set_equivalence_family_sha256"":""8c229faefd09ec2bafcec5840907b4225225c5808e28028da31cb4f95dfd9192"",""parameter_set_equivalence_family_size"":1,""parameter_set_id"":""8c229faefd09"",""parameters"":{""epsilon_max_fraction"":0.03,""minimum_contour_area_fraction"":0.08,""minimum_projection_score"":0.15,""minimum_rectangularity"":0.45,""projection_margin_fraction"":0.03,""projection_threshold_block_fraction"":0.05,""projection_threshold_c"":5.0,""projection_weight"":0.4},""profile"":null,""rank"":10,""reference_roles"":[],""requested_search_member"":true,""run_id"":""run-20260902-194656"",""search_observation"":{""completion_index"":4,""elapsed_seconds"":2.664124781731516,""parameter_set_number"":4,""search_fraction"":0.4},""search_rank"":9,""search_space_member"":true,""summary"":{""elapsed_ms_total"":1996.028,""failure_count"":0,""mean_edge_error_px"":34.8,""mean_iou"":0.87682013,""mean_iou_success"":0.87682013,""minimum_iou"":0.75890607,""page_count"":5,""stddev_iou"":0.07335619,""success_count"":5,""wall_ms"":1996.467}}","{""approved_bbox"":[67,8,1233,977],""candidate"":{""authors"":null,""bbox"":[119,15,1316,949],""confidence"":0.643779,""corners"":[[119.0,36.0],[1315.0,15.0],[739.0,948.0],[137.0,771.0]],""detector_name"":"""",""diagnostics"":{""angle_score"":0.72086268,""area_score"":0.59398934,""close_kernel_size"":9,""contour_hypothesis_count"":15,""contour_source"":""merged_convex_hull"",""epsilon_fraction"":0.03,""external_contour_count"":14,""horizontal_band_score"":0.17767954,""ink_fraction"":0.25966555,""parameters"":{""angle_weight"":0.2,""area_weight"":0.25,""close_iterations"":1,""close_kernel_fraction"":0.008,""epsilon_max_fraction"":0.03,""epsilon_min_fraction"":0.008,""epsilon_steps"":9,""merge_fragmented_contours"":true,""minimum_contour_area_fraction"":0.08,""minimum_projection_score"":0.15,""minimum_rectangularity"":0.45,""projection_margin_fraction"":0.03,""projection_threshold_block_fraction"":0.05,""projection_threshold_c"":5.0,""projection_weight"":0.4,""rectangularity_weight"":0.25},""projection_score"":0.4137179,""quadrilateral_count"":3,""rectangularity"":1.0,""rejected_projection"":0,""rejected_rectangularity"":0,""vertical_coverage_score"":0.86476868},""foundation"":null,""method"":""contour_projection"",""origin"":"""",""repository"":"""",""score"":0.643779,""status"":""ok"",""version"":""""},""edge_error_maximum_px"":83,""edge_error_mean_px"":42.5,""edge_errors"":{""bottom"":28,""left"":52,""maximum"":83,""mean"":42.5,""right"":83,""top"":7},""elapsed_ms"":168.697,""global_ordinal"":5,""iou"":0.86176634,""label"":""damaged_partial_register_spread"",""layout_type"":""two_page_spread"",""predicted_bbox"":[119,15,1316,949],""status"":""ok""}"
run-20260902-194656,8c229faefd09,8c229faefd09ec2bafcec5840907b4225225c5808e28028da31cb4f95dfd9192,1,8c229faefd09,6bd99533b46ac3492e9db2c95aeaa6ad6a7cc5e84e7f0ad53c81e84d2ce058e7,1,149e8c6a92ffd1294241a96d1709a656649b0e95e5ec95df4f1b520b559c501a,8,,10,9,1,1,[],{},4,2.664124781731516,0.4,6,title_or_index_sheet,single_page,ok,0.75890607,125,16,37,82,65.0,125,303.393,"[15, 28, 1074, 970]","[140, 44, 1037, 888]","{""epsilon_max_fraction"":0.03,""minimum_contour_area_fraction"":0.08,""minimum_projection_score"":0.15,""minimum_rectangularity"":0.45,""projection_margin_fraction"":0.03,""projection_threshold_block_fraction"":0.05,""projection_threshold_c"":5.0,""projection_weight"":0.4}",,,"{""legacy_parameter_set_id"":""8c229faefd09"",""parameter_grid_ordinal"":8,""parameter_grid_sha256"":""149e8c6a92ffd1294241a96d1709a656649b0e95e5ec95df4f1b520b559c501a"",""parameter_identity_schema_version"":""1"",""parameter_identity_sha256"":""6bd99533b46ac3492e9db2c95aeaa6ad6a7cc5e84e7f0ad53c81e84d2ce058e7"",""parameter_schema_version"":""1"",""parameter_set_equivalence_family_id"":""8c229faefd09"",""parameter_set_equivalence_family_sha256"":""8c229faefd09ec2bafcec5840907b4225225c5808e28028da31cb4f95dfd9192"",""parameter_set_equivalence_family_size"":1,""parameter_set_id"":""8c229faefd09"",""parameters"":{""epsilon_max_fraction"":0.03,""minimum_contour_area_fraction"":0.08,""minimum_projection_score"":0.15,""minimum_rectangularity"":0.45,""projection_margin_fraction"":0.03,""projection_threshold_block_fraction"":0.05,""projection_threshold_c"":5.0,""projection_weight"":0.4},""profile"":null,""rank"":10,""reference_roles"":[],""requested_search_member"":true,""run_id"":""run-20260902-194656"",""search_observation"":{""completion_index"":4,""elapsed_seconds"":2.664124781731516,""parameter_set_number"":4,""search_fraction"":0.4},""search_rank"":9,""search_space_member"":true,""summary"":{""elapsed_ms_total"":1996.028,""failure_count"":0,""mean_edge_error_px"":34.8,""mean_iou"":0.87682013,""mean_iou_success"":0.87682013,""minimum_iou"":0.75890607,""page_count"":5,""stddev_iou"":0.07335619,""success_count"":5,""wall_ms"":1996.467}}","{""approved_bbox"":[15,28,1074,970],""candidate"":{""authors"":null,""bbox"":[140,44,1037,888],""confidence"":0.776672,""corners"":[[140.0,44.0],[1036.0,223.0],[1021.0,886.0],[424.0,887.0]],""detector_name"":"""",""diagnostics"":{""angle_score"":0.74640746,""area_score"":0.51439172,""close_kernel_size"":9,""contour_hypothesis_count"":126,""contour_source"":""merged_convex_hull"",""epsilon_fraction"":0.019,""external_contour_count"":125,""horizontal_band_score"":0.78039863,""ink_fraction"":0.1363845,""parameters"":{""angle_weight"":0.2,""area_weight"":0.25,""close_iterations"":1,""close_kernel_fraction"":0.008,""epsilon_max_fraction"":0.03,""epsilon_min_fraction"":0.008,""epsilon_steps"":9,""merge_fragmented_contours"":true,""minimum_contour_area_fraction"":0.08,""minimum_projection_score"":0.15,""minimum_rectangularity"":0.45,""projection_margin_fraction"":0.03,""projection_threshold_block_fraction"":0.05,""projection_threshold_c"":5.0,""projection_weight"":0.4,""rectangularity_weight"":0.25},""projection_score"":0.81614948,""quadrilateral_count"":5,""rectangularity"":1.0,""rejected_projection"":0,""rejected_rectangularity"":0,""vertical_coverage_score"":0.86356589},""foundation"":null,""method"":""contour_projection"",""origin"":"""",""repository"":"""",""score"":0.776672,""status"":""ok"",""version"":""""},""edge_error_maximum_px"":125,""edge_error_mean_px"":65.0,""edge_errors"":{""bottom"":82,""left"":125,""maximum"":125,""mean"":65.0,""right"":37,""top"":16},""elapsed_ms"":303.393,""global_ordinal"":6,""iou"":0.75890607,""label"":""title_or_index_sheet"",""layout_type"":""single_page"",""predicted_bbox"":[140,44,1037,888],""status"":""ok""}"
run-20260902-194656,8c229faefd09,8c229faefd09ec2bafcec5840907b4225225c5808e28028da31cb4f95dfd9192,1,8c229faefd09,6bd99533b46ac3492e9db2c95aeaa6ad6a7cc5e84e7f0ad53c81e84d2ce058e7,1,149e8c6a92ffd1294241a96d1709a656649b0e95e5ec95df4f1b520b559c501a,8,,10,9,1,1,[],{},4,2.664124781731516,0.4,9,clean_two_page_spread,two_page_spread,ok,0.96377596,11,5,18,3,9.25,18,569.043,"[84, 51, 1101, 941]","[73, 56, 1119, 938]","{""epsilon_max_fraction"":0.03,""minimum_contour_area_fraction"":0.08,""minimum_projection_score"":0.15,""minimum_rectangularity"":0.45,""projection_margin_fraction"":0.03,""projection_threshold_block_fraction"":0.05,""projection_threshold_c"":5.0,""projection_weight"":0.4}",,,"{""legacy_parameter_set_id"":""8c229faefd09"",""parameter_grid_ordinal"":8,""parameter_grid_sha256"":""149e8c6a92ffd1294241a96d1709a656649b0e95e5ec95df4f1b520b559c501a"",""parameter_identity_schema_version"":""1"",""parameter_identity_sha256"":""6bd99533b46ac3492e9db2c95aeaa6ad6a7cc5e84e7f0ad53c81e84d2ce058e7"",""parameter_schema_version"":""1"",""parameter_set_equivalence_family_id"":""8c229faefd09"",""parameter_set_equivalence_family_sha256"":""8c229faefd09ec2bafcec5840907b4225225c5808e28028da31cb4f95dfd9192"",""parameter_set_equivalence_family_size"":1,""parameter_set_id"":""8c229faefd09"",""parameters"":{""epsilon_max_fraction"":0.03,""minimum_contour_area_fraction"":0.08,""minimum_projection_score"":0.15,""minimum_rectangularity"":0.45,""projection_margin_fraction"":0.03,""projection_threshold_block_fraction"":0.05,""projection_threshold_c"":5.0,""projection_weight"":0.4},""profile"":null,""rank"":10,""reference_roles"":[],""requested_search_member"":true,""run_id"":""run-20260902-194656"",""search_observation"":{""completion_index"":4,""elapsed_seconds"":2.664124781731516,""parameter_set_number"":4,""search_fraction"":0.4},""search_rank"":9,""search_space_member"":true,""summary"":{""elapsed_ms_total"":1996.028,""failure_count"":0,""mean_edge_error_px"":34.8,""mean_iou"":0.87682013,""mean_iou_success"":0.87682013,""minimum_iou"":0.75890607,""page_count"":5,""stddev_iou"":0.07335619,""success_count"":5,""wall_ms"":1996.467}}","{""approved_bbox"":[84,51,1101,941],""candidate"":{""authors"":null,""bbox"":[73,56,1119,938],""confidence"":0.832986,""corners"":[[77.0,56.0],[1115.0,56.0],[1118.0,937.0],[73.0,932.0]],""detector_name"":"""",""diagnostics"":{""angle_score"":0.9959051,""area_score"":0.72118974,""close_kernel_size"":9,""contour_hypothesis_count"":2,""contour_source"":""external_contour"",""epsilon_fraction"":0.008,""external_contour_count"":1,""horizontal_band_score"":0.65500048,""ink_fraction"":0.21506871,""parameters"":{""angle_weight"":0.2,""area_weight"":0.25,""close_iterations"":1,""close_kernel_fraction"":0.008,""epsilon_max_fraction"":0.03,""epsilon_min_fraction"":0.008,""epsilon_steps"":9,""merge_fragmented_contours"":true,""minimum_contour_area_fraction"":0.08,""minimum_projection_score"":0.15,""minimum_rectangularity"":0.45,""projection_margin_fraction"":0.03,""projection_threshold_block_fraction"":0.05,""projection_threshold_c"":5.0,""projection_weight"":0.4,""rectangularity_weight"":0.25},""projection_score"":0.71701602,""quadrilateral_count"":18,""rectangularity"":1.0,""rejected_projection"":0,""rejected_rectangularity"":0,""vertical_coverage_score"":0.86130892},""foundation"":null,""method"":""contour_projection"",""origin"":"""",""repository"":"""",""score"":0.832986,""status"":""ok"",""version"":""""},""edge_error_maximum_px"":18,""edge_error_mean_px"":9.25,""edge_errors"":{""bottom"":3,""left"":11,""maximum"":18,""mean"":9.25,""right"":18,""top"":5},""elapsed_ms"":569.043,""global_ordinal"":9,""iou"":0.96377596,""label"":""clean_two_page_spread"",""layout_type"":""two_page_spread"",""predicted_bbox"":[73,56,1119,938],""status"":""ok""}"
run-20260902-194656,8c229faefd09,8c229faefd09ec2bafcec5840907b4225225c5808e28028da31cb4f95dfd9192,1,8c229faefd09,6bd99533b46ac3492e9db2c95aeaa6ad6a7cc5e84e7f0ad53c81e84d2ce058e7,1,149e8c6a92ffd1294241a96d1709a656649b0e95e5ec95df4f1b520b559c501a,8,,10,9,1,1,[],{},4,2.664124781731516,0.4,10,clean_two_page_spread_2,two_page_spread,ok,0.94540817,7,11,18,20,14.0,20,437.18,"[88, 33, 1154, 968]","[81, 44, 1172, 948]","{""epsilon_max_fraction"":0.03,""minimum_contour_area_fraction"":0.08,""minimum_projection_score"":0.15,""minimum_rectangularity"":0.45,""projection_margin_fraction"":0.03,""projection_threshold_block_fraction"":0.05,""projection_threshold_c"":5.0,""projection_weight"":0.4}",,,"{""legacy_parameter_set_id"":""8c229faefd09"",""parameter_grid_ordinal"":8,""parameter_grid_sha256"":""149e8c6a92ffd1294241a96d1709a656649b0e95e5ec95df4f1b520b559c501a"",""parameter_identity_schema_version"":""1"",""parameter_identity_sha256"":""6bd99533b46ac3492e9db2c95aeaa6ad6a7cc5e84e7f0ad53c81e84d2ce058e7"",""parameter_schema_version"":""1"",""parameter_set_equivalence_family_id"":""8c229faefd09"",""parameter_set_equivalence_family_sha256"":""8c229faefd09ec2bafcec5840907b4225225c5808e28028da31cb4f95dfd9192"",""parameter_set_equivalence_family_size"":1,""parameter_set_id"":""8c229faefd09"",""parameters"":{""epsilon_max_fraction"":0.03,""minimum_contour_area_fraction"":0.08,""minimum_projection_score"":0.15,""minimum_rectangularity"":0.45,""projection_margin_fraction"":0.03,""projection_threshold_block_fraction"":0.05,""projection_threshold_c"":5.0,""projection_weight"":0.4},""profile"":null,""rank"":10,""reference_roles"":[],""requested_search_member"":true,""run_id"":""run-20260902-194656"",""search_observation"":{""completion_index"":4,""elapsed_seconds"":2.664124781731516,""parameter_set_number"":4,""search_fraction"":0.4},""search_rank"":9,""search_space_member"":true,""summary"":{""elapsed_ms_total"":1996.028,""failure_count"":0,""mean_edge_error_px"":34.8,""mean_iou"":0.87682013,""mean_iou_success"":0.87682013,""minimum_iou"":0.75890607,""page_count"":5,""stddev_iou"":0.07335619,""success_count"":5,""wall_ms"":1996.467}}","{""approved_bbox"":[88,33,1154,968],""candidate"":{""authors"":null,""bbox"":[81,44,1172,948],""confidence"":0.837428,""corners"":[[84.0,44.0],[1144.0,44.0],[1171.0,947.0],[81.0,945.0]],""detector_name"":"""",""diagnostics"":{""angle_score"":0.98339192,""area_score"":0.77242297,""close_kernel_size"":9,""contour_hypothesis_count"":4,""contour_source"":""external_contour"",""epsilon_fraction"":0.008,""external_contour_count"":3,""horizontal_band_score"":0.63826144,""ink_fraction"":0.21699932,""parameters"":{""angle_weight"":0.2,""area_weight"":0.25,""close_iterations"":1,""close_kernel_fraction"":0.008,""epsilon_max_fraction"":0.03,""epsilon_min_fraction"":0.008,""epsilon_steps"":9,""merge_fragmented_contours"":true,""minimum_contour_area_fraction"":0.08,""minimum_projection_score"":0.15,""minimum_rectangularity"":0.45,""projection_margin_fraction"":0.03,""projection_threshold_block_fraction"":0.05,""projection_threshold_c"":5.0,""projection_weight"":0.4,""rectangularity_weight"":0.25},""projection_score"":0.70346631,""quadrilateral_count"":18,""rectangularity"":1.0,""rejected_projection"":0,""rejected_rectangularity"":0,""vertical_coverage_score"":0.85286458},""foundation"":null,""method"":""contour_projection"",""origin"":"""",""repository"":"""",""score"":0.837428,""status"":""ok"",""version"":""""},""edge_error_maximum_px"":20,""edge_error_mean_px"":14.0,""edge_errors"":{""bottom"":20,""left"":7,""maximum"":20,""mean"":14.0,""right"":18,""top"":11},""elapsed_ms"":437.18,""global_ordinal"":10,""iou"":0.94540817,""label"":""clean_two_page_spread_2"",""layout_type"":""two_page_spread"",""predicted_bbox"":[81,44,1172,948],""status"":""ok""}"
