run_id,parameter_set_equivalence_family_id,parameter_set_equivalence_family_sha256,parameter_set_equivalence_family_size,parameter_set_id,parameter_identity_sha256,parameter_schema_version,parameter_grid_sha256,parameter_grid_ordinal,profile,rank,search_rank,requested_search_member,search_space_member,reference_roles_json,historic_reference_json,completion_index,completion_elapsed_seconds,search_fraction,global_ordinal,label,layout_type,status,iou,left_error_px,top_error_px,right_error_px,bottom_error_px,edge_error_mean_px,edge_error_maximum_px,elapsed_ms,approved_bbox_json,predicted_bbox_json,parameters_json,error_type,error_message,result_json,page_json
run-20260902-194628,150bcbfd2844,150bcbfd28447ec8f19a31f3d3e8cb8d572f9ed4da1413928bedd10eb94dac0e,1,150bcbfd2844,858898be3fe616c6cc8b40964e3fdf9e135e8e1d515203cc3c623471fe185406,1,2b71090b79396db5bda0ccd698577afaedd7b96516a4224089a6cef51a9b3f6b,19,,1,,1,1,"[""historic_best""]","{""detector"": ""scantailor_page_frame"", ""golden_set_sha256"": ""135c0ff576876ef8911296e2502193ed20d159799079a4f8a58994854fcbba8e"", ""historic_build_number"": ""892"", ""historic_build_url"": ""https://github.com/dlstupka/hth/actions/runs/33331845181"", ""historic_calibration_id"": ""run-20260830-194820"", ""historic_created_at_utc"": ""2026-08-30T19:48:20.256008+00:00"", ""model_variant"": null, ""parameter_identity_sha256"": ""858898be3fe616c6cc8b40964e3fdf9e135e8e1d515203cc3c623471fe185406"", ""parameter_set_id"": ""150bcbfd2844"", ""parameters"": {""boundary_search_margin_fraction"": 0.0675, ""content_close_fraction"": 0.012, ""illumination_sigma_fraction"": 0.09, ""ink_quantile"": 0.76, ""minimum_page_area_fraction"": 0.12, ""projection_smooth_fraction"": 0.003}, ""provenance_source"": ""parameter-provenance""}",2,3.944696598686278,0.2,1,ordinary_two_page_spread,two_page_spread,ok,0.94949907,39,7,7,5,14.5,39,1128.864,"[125, 56, 1289, 967]","[86, 63, 1282, 962]","{""boundary_search_margin_fraction"":0.0675,""content_close_fraction"":0.012,""illumination_sigma_fraction"":0.09,""ink_quantile"":0.76,""minimum_page_area_fraction"":0.12,""projection_smooth_fraction"":0.003}",,,"{""historic_reference"":{""detector"":""scantailor_page_frame"",""golden_set_sha256"":""135c0ff576876ef8911296e2502193ed20d159799079a4f8a58994854fcbba8e"",""historic_build_number"":""892"",""historic_build_url"":""https://github.com/dlstupka/hth/actions/runs/33331845181"",""historic_calibration_id"":""run-20260830-194820"",""historic_created_at_utc"":""2026-08-30T19:48:20.256008+00:00"",""model_variant"":null,""parameter_identity_sha256"":""858898be3fe616c6cc8b40964e3fdf9e135e8e1d515203cc3c623471fe185406"",""parameter_set_id"":""150bcbfd2844"",""parameters"":{""boundary_search_margin_fraction"":0.0675,""content_close_fraction"":0.012,""illumination_sigma_fraction"":0.09,""ink_quantile"":0.76,""minimum_page_area_fraction"":0.12,""projection_smooth_fraction"":0.003},""provenance_source"":""parameter-provenance""},""legacy_parameter_set_id"":""150bcbfd2844"",""parameter_grid_ordinal"":19,""parameter_grid_sha256"":""2b71090b79396db5bda0ccd698577afaedd7b96516a4224089a6cef51a9b3f6b"",""parameter_identity_schema_version"":""1"",""parameter_identity_sha256"":""858898be3fe616c6cc8b40964e3fdf9e135e8e1d515203cc3c623471fe185406"",""parameter_schema_version"":""1"",""parameter_set_equivalence_family_id"":""150bcbfd2844"",""parameter_set_equivalence_family_sha256"":""150bcbfd28447ec8f19a31f3d3e8cb8d572f9ed4da1413928bedd10eb94dac0e"",""parameter_set_equivalence_family_size"":1,""parameter_set_id"":""150bcbfd2844"",""parameters"":{""boundary_search_margin_fraction"":0.0675,""content_close_fraction"":0.012,""illumination_sigma_fraction"":0.09,""ink_quantile"":0.76,""minimum_page_area_fraction"":0.12,""projection_smooth_fraction"":0.003},""profile"":null,""rank"":1,""reference_roles"":[""historic_best""],""requested_search_member"":true,""run_id"":""run-20260902-194628"",""search_observation"":{""completion_index"":2,""elapsed_seconds"":3.944696598686278,""parameter_set_number"":2,""search_fraction"":0.2},""search_space_member"":true,""summary"":{""elapsed_ms_total"":2888.755,""failure_count"":0,""mean_edge_error_px"":17.1,""mean_iou"":0.94037825,""mean_iou_success"":0.94037825,""minimum_iou"":0.84816278,""page_count"":5,""stddev_iou"":0.04804444,""success_count"":5,""wall_ms"":2889.593}}","{""approved_bbox"":[125,56,1289,967],""candidate"":{""authors"":null,""bbox"":[86,63,1282,962],""confidence"":0.9512690305709839,""corners"":[[86.0,63.0],[1282.0,63.0],[1282.0,962.0],[86.0,962.0]],""detector_name"":"""",""diagnostics"":{""content_box"":[21,0,1375,986],""evidence"":""scantailor_style_content_guided_page_frame"",""implementation"":""HTH clean-room OpenCV implementation; no ScanTailor source code embedded"",""page_area_fraction"":0.7890525240486933,""parameters"":{""boundary_search_margin_fraction"":0.0675,""content_close_fraction"":0.012,""illumination_sigma_fraction"":0.09,""ink_quantile"":0.76,""minimum_page_area_fraction"":0.12,""projection_smooth_fraction"":0.003},""score_components"":{""page_area"":1.0,""side_energy_balance"":0.9250292778015137},""side_edge_energy"":[102.92816162109375,112.97888946533203,95.07390594482422,94.04045867919922],""side_energy_balance"":0.9250292778015137},""foundation"":null,""method"":""scantailor_page_frame"",""origin"":"""",""repository"":"""",""score"":0.9512690305709839,""status"":""ok"",""version"":""""},""edge_error_maximum_px"":39,""edge_error_mean_px"":14.5,""edge_errors"":{""bottom"":5,""left"":39,""maximum"":39,""mean"":14.5,""right"":7,""top"":7},""elapsed_ms"":1128.864,""global_ordinal"":1,""iou"":0.94949907,""label"":""ordinary_two_page_spread"",""layout_type"":""two_page_spread"",""predicted_bbox"":[86,63,1282,962],""status"":""ok""}"
run-20260902-194628,150bcbfd2844,150bcbfd28447ec8f19a31f3d3e8cb8d572f9ed4da1413928bedd10eb94dac0e,1,150bcbfd2844,858898be3fe616c6cc8b40964e3fdf9e135e8e1d515203cc3c623471fe185406,1,2b71090b79396db5bda0ccd698577afaedd7b96516a4224089a6cef51a9b3f6b,19,,1,,1,1,"[""historic_best""]","{""detector"": ""scantailor_page_frame"", ""golden_set_sha256"": ""135c0ff576876ef8911296e2502193ed20d159799079a4f8a58994854fcbba8e"", ""historic_build_number"": ""892"", ""historic_build_url"": ""https://github.com/dlstupka/hth/actions/runs/33331845181"", ""historic_calibration_id"": ""run-20260830-194820"", ""historic_created_at_utc"": ""2026-08-30T19:48:20.256008+00:00"", ""model_variant"": null, ""parameter_identity_sha256"": ""858898be3fe616c6cc8b40964e3fdf9e135e8e1d515203cc3c623471fe185406"", ""parameter_set_id"": ""150bcbfd2844"", ""parameters"": {""boundary_search_margin_fraction"": 0.0675, ""content_close_fraction"": 0.012, ""illumination_sigma_fraction"": 0.09, ""ink_quantile"": 0.76, ""minimum_page_area_fraction"": 0.12, ""projection_smooth_fraction"": 0.003}, ""provenance_source"": ""parameter-provenance""}",2,3.944696598686278,0.2,5,damaged_partial_register_spread,two_page_spread,ok,0.95769011,21,13,6,6,11.5,21,449.343,"[67, 8, 1233, 977]","[88, 21, 1227, 971]","{""boundary_search_margin_fraction"":0.0675,""content_close_fraction"":0.012,""illumination_sigma_fraction"":0.09,""ink_quantile"":0.76,""minimum_page_area_fraction"":0.12,""projection_smooth_fraction"":0.003}",,,"{""historic_reference"":{""detector"":""scantailor_page_frame"",""golden_set_sha256"":""135c0ff576876ef8911296e2502193ed20d159799079a4f8a58994854fcbba8e"",""historic_build_number"":""892"",""historic_build_url"":""https://github.com/dlstupka/hth/actions/runs/33331845181"",""historic_calibration_id"":""run-20260830-194820"",""historic_created_at_utc"":""2026-08-30T19:48:20.256008+00:00"",""model_variant"":null,""parameter_identity_sha256"":""858898be3fe616c6cc8b40964e3fdf9e135e8e1d515203cc3c623471fe185406"",""parameter_set_id"":""150bcbfd2844"",""parameters"":{""boundary_search_margin_fraction"":0.0675,""content_close_fraction"":0.012,""illumination_sigma_fraction"":0.09,""ink_quantile"":0.76,""minimum_page_area_fraction"":0.12,""projection_smooth_fraction"":0.003},""provenance_source"":""parameter-provenance""},""legacy_parameter_set_id"":""150bcbfd2844"",""parameter_grid_ordinal"":19,""parameter_grid_sha256"":""2b71090b79396db5bda0ccd698577afaedd7b96516a4224089a6cef51a9b3f6b"",""parameter_identity_schema_version"":""1"",""parameter_identity_sha256"":""858898be3fe616c6cc8b40964e3fdf9e135e8e1d515203cc3c623471fe185406"",""parameter_schema_version"":""1"",""parameter_set_equivalence_family_id"":""150bcbfd2844"",""parameter_set_equivalence_family_sha256"":""150bcbfd28447ec8f19a31f3d3e8cb8d572f9ed4da1413928bedd10eb94dac0e"",""parameter_set_equivalence_family_size"":1,""parameter_set_id"":""150bcbfd2844"",""parameters"":{""boundary_search_margin_fraction"":0.0675,""content_close_fraction"":0.012,""illumination_sigma_fraction"":0.09,""ink_quantile"":0.76,""minimum_page_area_fraction"":0.12,""projection_smooth_fraction"":0.003},""profile"":null,""rank"":1,""reference_roles"":[""historic_best""],""requested_search_member"":true,""run_id"":""run-20260902-194628"",""search_observation"":{""completion_index"":2,""elapsed_seconds"":3.944696598686278,""parameter_set_number"":2,""search_fraction"":0.2},""search_space_member"":true,""summary"":{""elapsed_ms_total"":2888.755,""failure_count"":0,""mean_edge_error_px"":17.1,""mean_iou"":0.94037825,""mean_iou_success"":0.94037825,""minimum_iou"":0.84816278,""page_count"":5,""stddev_iou"":0.04804444,""success_count"":5,""wall_ms"":2889.593}}","{""approved_bbox"":[67,8,1233,977],""candidate"":{""authors"":null,""bbox"":[88,21,1227,971],""confidence"":0.6681049436330795,""corners"":[[88.0,21.0],[1227.0,21.0],[1227.0,971.0],[88.0,971.0]],""detector_name"":"""",""diagnostics"":{""content_box"":[0,0,1316,987],""evidence"":""scantailor_style_content_guided_page_frame"",""implementation"":""HTH clean-room OpenCV implementation; no ScanTailor source code embedded"",""page_area_fraction"":0.8330561740314052,""parameters"":{""boundary_search_margin_fraction"":0.0675,""content_close_fraction"":0.012,""illumination_sigma_fraction"":0.09,""ink_quantile"":0.76,""minimum_page_area_fraction"":0.12,""projection_smooth_fraction"":0.003},""score_components"":{""page_area"":1.0,""side_energy_balance"":0.4893922209739685},""side_edge_energy"":[86.12630462646484,10.845399856567383,53.18889617919922,64.73306274414062],""side_energy_balance"":0.4893922209739685},""foundation"":null,""method"":""scantailor_page_frame"",""origin"":"""",""repository"":"""",""score"":0.6681049436330795,""status"":""ok"",""version"":""""},""edge_error_maximum_px"":21,""edge_error_mean_px"":11.5,""edge_errors"":{""bottom"":6,""left"":21,""maximum"":21,""mean"":11.5,""right"":6,""top"":13},""elapsed_ms"":449.343,""global_ordinal"":5,""iou"":0.95769011,""label"":""damaged_partial_register_spread"",""layout_type"":""two_page_spread"",""predicted_bbox"":[88,21,1227,971],""status"":""ok""}"
run-20260902-194628,150bcbfd2844,150bcbfd28447ec8f19a31f3d3e8cb8d572f9ed4da1413928bedd10eb94dac0e,1,150bcbfd2844,858898be3fe616c6cc8b40964e3fdf9e135e8e1d515203cc3c623471fe185406,1,2b71090b79396db5bda0ccd698577afaedd7b96516a4224089a6cef51a9b3f6b,19,,1,,1,1,"[""historic_best""]","{""detector"": ""scantailor_page_frame"", ""golden_set_sha256"": ""135c0ff576876ef8911296e2502193ed20d159799079a4f8a58994854fcbba8e"", ""historic_build_number"": ""892"", ""historic_build_url"": ""https://github.com/dlstupka/hth/actions/runs/33331845181"", ""historic_calibration_id"": ""run-20260830-194820"", ""historic_created_at_utc"": ""2026-08-30T19:48:20.256008+00:00"", ""model_variant"": null, ""parameter_identity_sha256"": ""858898be3fe616c6cc8b40964e3fdf9e135e8e1d515203cc3c623471fe185406"", ""parameter_set_id"": ""150bcbfd2844"", ""parameters"": {""boundary_search_margin_fraction"": 0.0675, ""content_close_fraction"": 0.012, ""illumination_sigma_fraction"": 0.09, ""ink_quantile"": 0.76, ""minimum_page_area_fraction"": 0.12, ""projection_smooth_fraction"": 0.003}, ""provenance_source"": ""parameter-provenance""}",2,3.944696598686278,0.2,6,title_or_index_sheet,single_page,ok,0.98893921,2,1,3,5,2.75,5,447.864,"[15, 28, 1074, 970]","[17, 29, 1071, 965]","{""boundary_search_margin_fraction"":0.0675,""content_close_fraction"":0.012,""illumination_sigma_fraction"":0.09,""ink_quantile"":0.76,""minimum_page_area_fraction"":0.12,""projection_smooth_fraction"":0.003}",,,"{""historic_reference"":{""detector"":""scantailor_page_frame"",""golden_set_sha256"":""135c0ff576876ef8911296e2502193ed20d159799079a4f8a58994854fcbba8e"",""historic_build_number"":""892"",""historic_build_url"":""https://github.com/dlstupka/hth/actions/runs/33331845181"",""historic_calibration_id"":""run-20260830-194820"",""historic_created_at_utc"":""2026-08-30T19:48:20.256008+00:00"",""model_variant"":null,""parameter_identity_sha256"":""858898be3fe616c6cc8b40964e3fdf9e135e8e1d515203cc3c623471fe185406"",""parameter_set_id"":""150bcbfd2844"",""parameters"":{""boundary_search_margin_fraction"":0.0675,""content_close_fraction"":0.012,""illumination_sigma_fraction"":0.09,""ink_quantile"":0.76,""minimum_page_area_fraction"":0.12,""projection_smooth_fraction"":0.003},""provenance_source"":""parameter-provenance""},""legacy_parameter_set_id"":""150bcbfd2844"",""parameter_grid_ordinal"":19,""parameter_grid_sha256"":""2b71090b79396db5bda0ccd698577afaedd7b96516a4224089a6cef51a9b3f6b"",""parameter_identity_schema_version"":""1"",""parameter_identity_sha256"":""858898be3fe616c6cc8b40964e3fdf9e135e8e1d515203cc3c623471fe185406"",""parameter_schema_version"":""1"",""parameter_set_equivalence_family_id"":""150bcbfd2844"",""parameter_set_equivalence_family_sha256"":""150bcbfd28447ec8f19a31f3d3e8cb8d572f9ed4da1413928bedd10eb94dac0e"",""parameter_set_equivalence_family_size"":1,""parameter_set_id"":""150bcbfd2844"",""parameters"":{""boundary_search_margin_fraction"":0.0675,""content_close_fraction"":0.012,""illumination_sigma_fraction"":0.09,""ink_quantile"":0.76,""minimum_page_area_fraction"":0.12,""projection_smooth_fraction"":0.003},""profile"":null,""rank"":1,""reference_roles"":[""historic_best""],""requested_search_member"":true,""run_id"":""run-20260902-194628"",""search_observation"":{""completion_index"":2,""elapsed_seconds"":3.944696598686278,""parameter_set_number"":2,""search_fraction"":0.2},""search_space_member"":true,""summary"":{""elapsed_ms_total"":2888.755,""failure_count"":0,""mean_edge_error_px"":17.1,""mean_iou"":0.94037825,""mean_iou_success"":0.94037825,""minimum_iou"":0.84816278,""page_count"":5,""stddev_iou"":0.04804444,""success_count"":5,""wall_ms"":2889.593}}","{""approved_bbox"":[15,28,1074,970],""candidate"":{""authors"":null,""bbox"":[17,29,1071,965],""confidence"":0.9420881748199463,""corners"":[[17.0,29.0],[1071.0,29.0],[1071.0,965.0],[17.0,965.0]],""detector_name"":"""",""diagnostics"":{""content_box"":[0,0,1088,983],""evidence"":""scantailor_style_content_guided_page_frame"",""implementation"":""HTH clean-room OpenCV implementation; no ScanTailor source code embedded"",""page_area_fraction"":0.9224313326551373,""parameters"":{""boundary_search_margin_fraction"":0.0675,""content_close_fraction"":0.012,""illumination_sigma_fraction"":0.09,""ink_quantile"":0.76,""minimum_page_area_fraction"":0.12,""projection_smooth_fraction"":0.003},""score_components"":{""page_area"":1.0,""side_energy_balance"":0.9109048843383789},""side_edge_energy"":[149.1262664794922,171.21649169921875,142.18235778808594,135.884521484375],""side_energy_balance"":0.9109048843383789},""foundation"":null,""method"":""scantailor_page_frame"",""origin"":"""",""repository"":"""",""score"":0.9420881748199463,""status"":""ok"",""version"":""""},""edge_error_maximum_px"":5,""edge_error_mean_px"":2.75,""edge_errors"":{""bottom"":5,""left"":2,""maximum"":5,""mean"":2.75,""right"":3,""top"":1},""elapsed_ms"":447.864,""global_ordinal"":6,""iou"":0.98893921,""label"":""title_or_index_sheet"",""layout_type"":""single_page"",""predicted_bbox"":[17,29,1071,965],""status"":""ok""}"
run-20260902-194628,150bcbfd2844,150bcbfd28447ec8f19a31f3d3e8cb8d572f9ed4da1413928bedd10eb94dac0e,1,150bcbfd2844,858898be3fe616c6cc8b40964e3fdf9e135e8e1d515203cc3c623471fe185406,1,2b71090b79396db5bda0ccd698577afaedd7b96516a4224089a6cef51a9b3f6b,19,,1,,1,1,"[""historic_best""]","{""detector"": ""scantailor_page_frame"", ""golden_set_sha256"": ""135c0ff576876ef8911296e2502193ed20d159799079a4f8a58994854fcbba8e"", ""historic_build_number"": ""892"", ""historic_build_url"": ""https://github.com/dlstupka/hth/actions/runs/33331845181"", ""historic_calibration_id"": ""run-20260830-194820"", ""historic_created_at_utc"": ""2026-08-30T19:48:20.256008+00:00"", ""model_variant"": null, ""parameter_identity_sha256"": ""858898be3fe616c6cc8b40964e3fdf9e135e8e1d515203cc3c623471fe185406"", ""parameter_set_id"": ""150bcbfd2844"", ""parameters"": {""boundary_search_margin_fraction"": 0.0675, ""content_close_fraction"": 0.012, ""illumination_sigma_fraction"": 0.09, ""ink_quantile"": 0.76, ""minimum_page_area_fraction"": 0.12, ""projection_smooth_fraction"": 0.003}, ""provenance_source"": ""parameter-provenance""}",2,3.944696598686278,0.2,9,clean_two_page_spread,two_page_spread,ok,0.84816278,8,3,166,4,45.25,166,424.802,"[84, 51, 1101, 941]","[76, 54, 1267, 937]","{""boundary_search_margin_fraction"":0.0675,""content_close_fraction"":0.012,""illumination_sigma_fraction"":0.09,""ink_quantile"":0.76,""minimum_page_area_fraction"":0.12,""projection_smooth_fraction"":0.003}",,,"{""historic_reference"":{""detector"":""scantailor_page_frame"",""golden_set_sha256"":""135c0ff576876ef8911296e2502193ed20d159799079a4f8a58994854fcbba8e"",""historic_build_number"":""892"",""historic_build_url"":""https://github.com/dlstupka/hth/actions/runs/33331845181"",""historic_calibration_id"":""run-20260830-194820"",""historic_created_at_utc"":""2026-08-30T19:48:20.256008+00:00"",""model_variant"":null,""parameter_identity_sha256"":""858898be3fe616c6cc8b40964e3fdf9e135e8e1d515203cc3c623471fe185406"",""parameter_set_id"":""150bcbfd2844"",""parameters"":{""boundary_search_margin_fraction"":0.0675,""content_close_fraction"":0.012,""illumination_sigma_fraction"":0.09,""ink_quantile"":0.76,""minimum_page_area_fraction"":0.12,""projection_smooth_fraction"":0.003},""provenance_source"":""parameter-provenance""},""legacy_parameter_set_id"":""150bcbfd2844"",""parameter_grid_ordinal"":19,""parameter_grid_sha256"":""2b71090b79396db5bda0ccd698577afaedd7b96516a4224089a6cef51a9b3f6b"",""parameter_identity_schema_version"":""1"",""parameter_identity_sha256"":""858898be3fe616c6cc8b40964e3fdf9e135e8e1d515203cc3c623471fe185406"",""parameter_schema_version"":""1"",""parameter_set_equivalence_family_id"":""150bcbfd2844"",""parameter_set_equivalence_family_sha256"":""150bcbfd28447ec8f19a31f3d3e8cb8d572f9ed4da1413928bedd10eb94dac0e"",""parameter_set_equivalence_family_size"":1,""parameter_set_id"":""150bcbfd2844"",""parameters"":{""boundary_search_margin_fraction"":0.0675,""content_close_fraction"":0.012,""illumination_sigma_fraction"":0.09,""ink_quantile"":0.76,""minimum_page_area_fraction"":0.12,""projection_smooth_fraction"":0.003},""profile"":null,""rank"":1,""reference_roles"":[""historic_best""],""requested_search_member"":true,""run_id"":""run-20260902-194628"",""search_observation"":{""completion_index"":2,""elapsed_seconds"":3.944696598686278,""parameter_set_number"":2,""search_fraction"":0.2},""search_space_member"":true,""summary"":{""elapsed_ms_total"":2888.755,""failure_count"":0,""mean_edge_error_px"":17.1,""mean_iou"":0.94037825,""mean_iou_success"":0.94037825,""minimum_iou"":0.84816278,""page_count"":5,""stddev_iou"":0.04804444,""success_count"":5,""wall_ms"":2889.593}}","{""approved_bbox"":[84,51,1101,941],""candidate"":{""authors"":null,""bbox"":[76,54,1267,937],""confidence"":0.9397449970245362,""corners"":[[76.0,54.0],[1267.0,54.0],[1267.0,937.0],[76.0,937.0]],""detector_name"":"""",""diagnostics"":{""content_box"":[29,0,1288,985],""evidence"":""scantailor_style_content_guided_page_frame"",""implementation"":""HTH clean-room OpenCV implementation; no ScanTailor source code embedded"",""page_area_fraction"":0.8289347983731122,""parameters"":{""boundary_search_margin_fraction"":0.0675,""content_close_fraction"":0.012,""illumination_sigma_fraction"":0.09,""ink_quantile"":0.76,""minimum_page_area_fraction"":0.12,""projection_smooth_fraction"":0.003},""score_components"":{""page_area"":1.0,""side_energy_balance"":0.9072999954223633},""side_edge_energy"":[104.6767807006836,95.80073547363281,122.58485412597656,102.86463165283203],""side_energy_balance"":0.9072999954223633},""foundation"":null,""method"":""scantailor_page_frame"",""origin"":"""",""repository"":"""",""score"":0.9397449970245362,""status"":""ok"",""version"":""""},""edge_error_maximum_px"":166,""edge_error_mean_px"":45.25,""edge_errors"":{""bottom"":4,""left"":8,""maximum"":166,""mean"":45.25,""right"":166,""top"":3},""elapsed_ms"":424.802,""global_ordinal"":9,""iou"":0.84816278,""label"":""clean_two_page_spread"",""layout_type"":""two_page_spread"",""predicted_bbox"":[76,54,1267,937],""status"":""ok""}"
run-20260902-194628,150bcbfd2844,150bcbfd28447ec8f19a31f3d3e8cb8d572f9ed4da1413928bedd10eb94dac0e,1,150bcbfd2844,858898be3fe616c6cc8b40964e3fdf9e135e8e1d515203cc3c623471fe185406,1,2b71090b79396db5bda0ccd698577afaedd7b96516a4224089a6cef51a9b3f6b,19,,1,,1,1,"[""historic_best""]","{""detector"": ""scantailor_page_frame"", ""golden_set_sha256"": ""135c0ff576876ef8911296e2502193ed20d159799079a4f8a58994854fcbba8e"", ""historic_build_number"": ""892"", ""historic_build_url"": ""https://github.com/dlstupka/hth/actions/runs/33331845181"", ""historic_calibration_id"": ""run-20260830-194820"", ""historic_created_at_utc"": ""2026-08-30T19:48:20.256008+00:00"", ""model_variant"": null, ""parameter_identity_sha256"": ""858898be3fe616c6cc8b40964e3fdf9e135e8e1d515203cc3c623471fe185406"", ""parameter_set_id"": ""150bcbfd2844"", ""parameters"": {""boundary_search_margin_fraction"": 0.0675, ""content_close_fraction"": 0.012, ""illumination_sigma_fraction"": 0.09, ""ink_quantile"": 0.76, ""minimum_page_area_fraction"": 0.12, ""projection_smooth_fraction"": 0.003}, ""provenance_source"": ""parameter-provenance""}",2,3.944696598686278,0.2,10,clean_two_page_spread_2,two_page_spread,ok,0.95760008,10,2,28,6,11.5,28,437.882,"[88, 33, 1154, 968]","[78, 35, 1182, 962]","{""boundary_search_margin_fraction"":0.0675,""content_close_fraction"":0.012,""illumination_sigma_fraction"":0.09,""ink_quantile"":0.76,""minimum_page_area_fraction"":0.12,""projection_smooth_fraction"":0.003}",,,"{""historic_reference"":{""detector"":""scantailor_page_frame"",""golden_set_sha256"":""135c0ff576876ef8911296e2502193ed20d159799079a4f8a58994854fcbba8e"",""historic_build_number"":""892"",""historic_build_url"":""https://github.com/dlstupka/hth/actions/runs/33331845181"",""historic_calibration_id"":""run-20260830-194820"",""historic_created_at_utc"":""2026-08-30T19:48:20.256008+00:00"",""model_variant"":null,""parameter_identity_sha256"":""858898be3fe616c6cc8b40964e3fdf9e135e8e1d515203cc3c623471fe185406"",""parameter_set_id"":""150bcbfd2844"",""parameters"":{""boundary_search_margin_fraction"":0.0675,""content_close_fraction"":0.012,""illumination_sigma_fraction"":0.09,""ink_quantile"":0.76,""minimum_page_area_fraction"":0.12,""projection_smooth_fraction"":0.003},""provenance_source"":""parameter-provenance""},""legacy_parameter_set_id"":""150bcbfd2844"",""parameter_grid_ordinal"":19,""parameter_grid_sha256"":""2b71090b79396db5bda0ccd698577afaedd7b96516a4224089a6cef51a9b3f6b"",""parameter_identity_schema_version"":""1"",""parameter_identity_sha256"":""858898be3fe616c6cc8b40964e3fdf9e135e8e1d515203cc3c623471fe185406"",""parameter_schema_version"":""1"",""parameter_set_equivalence_family_id"":""150bcbfd2844"",""parameter_set_equivalence_family_sha256"":""150bcbfd28447ec8f19a31f3d3e8cb8d572f9ed4da1413928bedd10eb94dac0e"",""parameter_set_equivalence_family_size"":1,""parameter_set_id"":""150bcbfd2844"",""parameters"":{""boundary_search_margin_fraction"":0.0675,""content_close_fraction"":0.012,""illumination_sigma_fraction"":0.09,""ink_quantile"":0.76,""minimum_page_area_fraction"":0.12,""projection_smooth_fraction"":0.003},""profile"":null,""rank"":1,""reference_roles"":[""historic_best""],""requested_search_member"":true,""run_id"":""run-20260902-194628"",""search_observation"":{""completion_index"":2,""elapsed_seconds"":3.944696598686278,""parameter_set_number"":2,""search_fraction"":0.2},""search_space_member"":true,""summary"":{""elapsed_ms_total"":2888.755,""failure_count"":0,""mean_edge_error_px"":17.1,""mean_iou"":0.94037825,""mean_iou_success"":0.94037825,""minimum_iou"":0.84816278,""page_count"":5,""stddev_iou"":0.04804444,""success_count"":5,""wall_ms"":2889.593}}","{""approved_bbox"":[88,33,1154,968],""candidate"":{""authors"":null,""bbox"":[78,35,1182,962],""confidence"":0.9271020650863647,""corners"":[[78.0,35.0],[1182.0,35.0],[1182.0,962.0],[78.0,962.0]],""detector_name"":"""",""diagnostics"":{""content_box"":[22,0,1268,990],""evidence"":""scantailor_style_content_guided_page_frame"",""implementation"":""HTH clean-room OpenCV implementation; no ScanTailor source code embedded"",""page_area_fraction"":0.8152566676225982,""parameters"":{""boundary_search_margin_fraction"":0.0675,""content_close_fraction"":0.012,""illumination_sigma_fraction"":0.09,""ink_quantile"":0.76,""minimum_page_area_fraction"":0.12,""projection_smooth_fraction"":0.003},""score_components"":{""page_area"":1.0,""side_energy_balance"":0.8878493309020996},""side_edge_energy"":[101.5716781616211,86.11109924316406,118.53053283691406,102.98038482666016],""side_energy_balance"":0.8878493309020996},""foundation"":null,""method"":""scantailor_page_frame"",""origin"":"""",""repository"":"""",""score"":0.9271020650863647,""status"":""ok"",""version"":""""},""edge_error_maximum_px"":28,""edge_error_mean_px"":11.5,""edge_errors"":{""bottom"":6,""left"":10,""maximum"":28,""mean"":11.5,""right"":28,""top"":2},""elapsed_ms"":437.882,""global_ordinal"":10,""iou"":0.95760008,""label"":""clean_two_page_spread_2"",""layout_type"":""two_page_spread"",""predicted_bbox"":[78,35,1182,962],""status"":""ok""}"
run-20260902-194628,60e473e3d379,60e473e3d37940f864f4f9e11264cdd1ec20ed675940befba33fdb697eb7bf1d,1,60e473e3d379,9fb6fd4a2c9f937d4da56d43fe17085cd0c8fae082eec4a101de86a0eb08ec0b,1,2b71090b79396db5bda0ccd698577afaedd7b96516a4224089a6cef51a9b3f6b,2,,2,1,1,1,[],{},6,6.93484544986859,0.6,1,ordinary_two_page_spread,two_page_spread,ok,0.94765689,39,8,8,5,15.0,39,841.757,"[125, 56, 1289, 967]","[86, 64, 1281, 962]","{""boundary_search_margin_fraction"":0.07,""content_close_fraction"":0.012,""illumination_sigma_fraction"":0.09,""ink_quantile"":0.76,""minimum_page_area_fraction"":0.12,""projection_smooth_fraction"":0.002}",,,"{""legacy_parameter_set_id"":""60e473e3d379"",""parameter_grid_ordinal"":2,""parameter_grid_sha256"":""2b71090b79396db5bda0ccd698577afaedd7b96516a4224089a6cef51a9b3f6b"",""parameter_identity_schema_version"":""1"",""parameter_identity_sha256"":""9fb6fd4a2c9f937d4da56d43fe17085cd0c8fae082eec4a101de86a0eb08ec0b"",""parameter_schema_version"":""1"",""parameter_set_equivalence_family_id"":""60e473e3d379"",""parameter_set_equivalence_family_sha256"":""60e473e3d37940f864f4f9e11264cdd1ec20ed675940befba33fdb697eb7bf1d"",""parameter_set_equivalence_family_size"":1,""parameter_set_id"":""60e473e3d379"",""parameters"":{""boundary_search_margin_fraction"":0.07,""content_close_fraction"":0.012,""illumination_sigma_fraction"":0.09,""ink_quantile"":0.76,""minimum_page_area_fraction"":0.12,""projection_smooth_fraction"":0.002},""profile"":null,""rank"":2,""reference_roles"":[],""requested_search_member"":true,""run_id"":""run-20260902-194628"",""search_observation"":{""completion_index"":6,""elapsed_seconds"":6.93484544986859,""parameter_set_number"":6,""search_fraction"":0.6},""search_rank"":1,""search_space_member"":true,""summary"":{""elapsed_ms_total"":2908.921,""failure_count"":0,""mean_edge_error_px"":17.3,""mean_iou"":0.93965995,""mean_iou_success"":0.93965995,""minimum_iou"":0.84887072,""page_count"":5,""stddev_iou"":0.0475922,""success_count"":5,""wall_ms"":2909.515}}","{""approved_bbox"":[125,56,1289,967],""candidate"":{""authors"":null,""bbox"":[86,64,1281,962],""confidence"":0.9165230512619018,""corners"":[[86.0,64.0],[1281.0,64.0],[1281.0,962.0],[86.0,962.0]],""detector_name"":"""",""diagnostics"":{""content_box"":[21,0,1375,986],""evidence"":""scantailor_style_content_guided_page_frame"",""implementation"":""HTH clean-room OpenCV implementation; no ScanTailor source code embedded"",""page_area_fraction"":0.7875158147494739,""parameters"":{""boundary_search_margin_fraction"":0.07,""content_close_fraction"":0.012,""illumination_sigma_fraction"":0.09,""ink_quantile"":0.76,""minimum_page_area_fraction"":0.12,""projection_smooth_fraction"":0.002},""score_components"":{""page_area"":1.0,""side_energy_balance"":0.8715739250183105},""side_edge_energy"":[105.9560546875,137.88465881347656,101.97805786132812,105.86490631103516],""side_energy_balance"":0.8715739250183105},""foundation"":null,""method"":""scantailor_page_frame"",""origin"":"""",""repository"":"""",""score"":0.9165230512619018,""status"":""ok"",""version"":""""},""edge_error_maximum_px"":39,""edge_error_mean_px"":15.0,""edge_errors"":{""bottom"":5,""left"":39,""maximum"":39,""mean"":15.0,""right"":8,""top"":8},""elapsed_ms"":841.757,""global_ordinal"":1,""iou"":0.94765689,""label"":""ordinary_two_page_spread"",""layout_type"":""two_page_spread"",""predicted_bbox"":[86,64,1281,962],""status"":""ok""}"
run-20260902-194628,60e473e3d379,60e473e3d37940f864f4f9e11264cdd1ec20ed675940befba33fdb697eb7bf1d,1,60e473e3d379,9fb6fd4a2c9f937d4da56d43fe17085cd0c8fae082eec4a101de86a0eb08ec0b,1,2b71090b79396db5bda0ccd698577afaedd7b96516a4224089a6cef51a9b3f6b,2,,2,1,1,1,[],{},6,6.93484544986859,0.6,5,damaged_partial_register_spread,two_page_spread,ok,0.95264521,24,13,9,6,13.0,24,495.073,"[67, 8, 1233, 977]","[91, 21, 1224, 971]","{""boundary_search_margin_fraction"":0.07,""content_close_fraction"":0.012,""illumination_sigma_fraction"":0.09,""ink_quantile"":0.76,""minimum_page_area_fraction"":0.12,""projection_smooth_fraction"":0.002}",,,"{""legacy_parameter_set_id"":""60e473e3d379"",""parameter_grid_ordinal"":2,""parameter_grid_sha256"":""2b71090b79396db5bda0ccd698577afaedd7b96516a4224089a6cef51a9b3f6b"",""parameter_identity_schema_version"":""1"",""parameter_identity_sha256"":""9fb6fd4a2c9f937d4da56d43fe17085cd0c8fae082eec4a101de86a0eb08ec0b"",""parameter_schema_version"":""1"",""parameter_set_equivalence_family_id"":""60e473e3d379"",""parameter_set_equivalence_family_sha256"":""60e473e3d37940f864f4f9e11264cdd1ec20ed675940befba33fdb697eb7bf1d"",""parameter_set_equivalence_family_size"":1,""parameter_set_id"":""60e473e3d379"",""parameters"":{""boundary_search_margin_fraction"":0.07,""content_close_fraction"":0.012,""illumination_sigma_fraction"":0.09,""ink_quantile"":0.76,""minimum_page_area_fraction"":0.12,""projection_smooth_fraction"":0.002},""profile"":null,""rank"":2,""reference_roles"":[],""requested_search_member"":true,""run_id"":""run-20260902-194628"",""search_observation"":{""completion_index"":6,""elapsed_seconds"":6.93484544986859,""parameter_set_number"":6,""search_fraction"":0.6},""search_rank"":1,""search_space_member"":true,""summary"":{""elapsed_ms_total"":2908.921,""failure_count"":0,""mean_edge_error_px"":17.3,""mean_iou"":0.93965995,""mean_iou_success"":0.93965995,""minimum_iou"":0.84887072,""page_count"":5,""stddev_iou"":0.0475922,""success_count"":5,""wall_ms"":2909.515}}","{""approved_bbox"":[67,8,1233,977],""candidate"":{""authors"":null,""bbox"":[91,21,1224,971],""confidence"":0.6792391061782836,""corners"":[[91.0,21.0],[1224.0,21.0],[1224.0,971.0],[91.0,971.0]],""detector_name"":"""",""diagnostics"":{""content_box"":[0,0,1316,987],""evidence"":""scantailor_style_content_guided_page_frame"",""implementation"":""HTH clean-room OpenCV implementation; no ScanTailor source code embedded"",""page_area_fraction"":0.8286678184175436,""parameters"":{""boundary_search_margin_fraction"":0.07,""content_close_fraction"":0.012,""illumination_sigma_fraction"":0.09,""ink_quantile"":0.76,""minimum_page_area_fraction"":0.12,""projection_smooth_fraction"":0.002},""score_components"":{""page_area"":1.0,""side_energy_balance"":0.5065217018127441},""side_edge_energy"":[92.58930206298828,13.808099746704102,56.4890251159668,78.12158203125],""side_energy_balance"":0.5065217018127441},""foundation"":null,""method"":""scantailor_page_frame"",""origin"":"""",""repository"":"""",""score"":0.6792391061782836,""status"":""ok"",""version"":""""},""edge_error_maximum_px"":24,""edge_error_mean_px"":13.0,""edge_errors"":{""bottom"":6,""left"":24,""maximum"":24,""mean"":13.0,""right"":9,""top"":13},""elapsed_ms"":495.073,""global_ordinal"":5,""iou"":0.95264521,""label"":""damaged_partial_register_spread"",""layout_type"":""two_page_spread"",""predicted_bbox"":[91,21,1224,971],""status"":""ok""}"
run-20260902-194628,60e473e3d379,60e473e3d37940f864f4f9e11264cdd1ec20ed675940befba33fdb697eb7bf1d,1,60e473e3d379,9fb6fd4a2c9f937d4da56d43fe17085cd0c8fae082eec4a101de86a0eb08ec0b,1,2b71090b79396db5bda0ccd698577afaedd7b96516a4224089a6cef51a9b3f6b,2,,2,1,1,1,[],{},6,6.93484544986859,0.6,6,title_or_index_sheet,single_page,ok,0.98893921,2,1,3,5,2.75,5,463.476,"[15, 28, 1074, 970]","[17, 29, 1071, 965]","{""boundary_search_margin_fraction"":0.07,""content_close_fraction"":0.012,""illumination_sigma_fraction"":0.09,""ink_quantile"":0.76,""minimum_page_area_fraction"":0.12,""projection_smooth_fraction"":0.002}",,,"{""legacy_parameter_set_id"":""60e473e3d379"",""parameter_grid_ordinal"":2,""parameter_grid_sha256"":""2b71090b79396db5bda0ccd698577afaedd7b96516a4224089a6cef51a9b3f6b"",""parameter_identity_schema_version"":""1"",""parameter_identity_sha256"":""9fb6fd4a2c9f937d4da56d43fe17085cd0c8fae082eec4a101de86a0eb08ec0b"",""parameter_schema_version"":""1"",""parameter_set_equivalence_family_id"":""60e473e3d379"",""parameter_set_equivalence_family_sha256"":""60e473e3d37940f864f4f9e11264cdd1ec20ed675940befba33fdb697eb7bf1d"",""parameter_set_equivalence_family_size"":1,""parameter_set_id"":""60e473e3d379"",""parameters"":{""boundary_search_margin_fraction"":0.07,""content_close_fraction"":0.012,""illumination_sigma_fraction"":0.09,""ink_quantile"":0.76,""minimum_page_area_fraction"":0.12,""projection_smooth_fraction"":0.002},""profile"":null,""rank"":2,""reference_roles"":[],""requested_search_member"":true,""run_id"":""run-20260902-194628"",""search_observation"":{""completion_index"":6,""elapsed_seconds"":6.93484544986859,""parameter_set_number"":6,""search_fraction"":0.6},""search_rank"":1,""search_space_member"":true,""summary"":{""elapsed_ms_total"":2908.921,""failure_count"":0,""mean_edge_error_px"":17.3,""mean_iou"":0.93965995,""mean_iou_success"":0.93965995,""minimum_iou"":0.84887072,""page_count"":5,""stddev_iou"":0.0475922,""success_count"":5,""wall_ms"":2909.515}}","{""approved_bbox"":[15,28,1074,970],""candidate"":{""authors"":null,""bbox"":[17,29,1071,965],""confidence"":0.9090290665626526,""corners"":[[17.0,29.0],[1071.0,29.0],[1071.0,965.0],[17.0,965.0]],""detector_name"":"""",""diagnostics"":{""content_box"":[0,0,1088,983],""evidence"":""scantailor_style_content_guided_page_frame"",""implementation"":""HTH clean-room OpenCV implementation; no ScanTailor source code embedded"",""page_area_fraction"":0.9224313326551373,""parameters"":{""boundary_search_margin_fraction"":0.07,""content_close_fraction"":0.012,""illumination_sigma_fraction"":0.09,""ink_quantile"":0.76,""minimum_page_area_fraction"":0.12,""projection_smooth_fraction"":0.002},""score_components"":{""page_area"":1.0,""side_energy_balance"":0.8600447177886963},""side_edge_energy"":[200.6205291748047,239.20166015625,190.8263702392578,161.6904296875],""side_energy_balance"":0.8600447177886963},""foundation"":null,""method"":""scantailor_page_frame"",""origin"":"""",""repository"":"""",""score"":0.9090290665626526,""status"":""ok"",""version"":""""},""edge_error_maximum_px"":5,""edge_error_mean_px"":2.75,""edge_errors"":{""bottom"":5,""left"":2,""maximum"":5,""mean"":2.75,""right"":3,""top"":1},""elapsed_ms"":463.476,""global_ordinal"":6,""iou"":0.98893921,""label"":""title_or_index_sheet"",""layout_type"":""single_page"",""predicted_bbox"":[17,29,1071,965],""status"":""ok""}"
run-20260902-194628,60e473e3d379,60e473e3d37940f864f4f9e11264cdd1ec20ed675940befba33fdb697eb7bf1d,1,60e473e3d379,9fb6fd4a2c9f937d4da56d43fe17085cd0c8fae082eec4a101de86a0eb08ec0b,1,2b71090b79396db5bda0ccd698577afaedd7b96516a4224089a6cef51a9b3f6b,2,,2,1,1,1,[],{},6,6.93484544986859,0.6,9,clean_two_page_spread,two_page_spread,ok,0.84887072,9,3,164,4,45.0,164,500.644,"[84, 51, 1101, 941]","[75, 54, 1265, 937]","{""boundary_search_margin_fraction"":0.07,""content_close_fraction"":0.012,""illumination_sigma_fraction"":0.09,""ink_quantile"":0.76,""minimum_page_area_fraction"":0.12,""projection_smooth_fraction"":0.002}",,,"{""legacy_parameter_set_id"":""60e473e3d379"",""parameter_grid_ordinal"":2,""parameter_grid_sha256"":""2b71090b79396db5bda0ccd698577afaedd7b96516a4224089a6cef51a9b3f6b"",""parameter_identity_schema_version"":""1"",""parameter_identity_sha256"":""9fb6fd4a2c9f937d4da56d43fe17085cd0c8fae082eec4a101de86a0eb08ec0b"",""parameter_schema_version"":""1"",""parameter_set_equivalence_family_id"":""60e473e3d379"",""parameter_set_equivalence_family_sha256"":""60e473e3d37940f864f4f9e11264cdd1ec20ed675940befba33fdb697eb7bf1d"",""parameter_set_equivalence_family_size"":1,""parameter_set_id"":""60e473e3d379"",""parameters"":{""boundary_search_margin_fraction"":0.07,""content_close_fraction"":0.012,""illumination_sigma_fraction"":0.09,""ink_quantile"":0.76,""minimum_page_area_fraction"":0.12,""projection_smooth_fraction"":0.002},""profile"":null,""rank"":2,""reference_roles"":[],""requested_search_member"":true,""run_id"":""run-20260902-194628"",""search_observation"":{""completion_index"":6,""elapsed_seconds"":6.93484544986859,""parameter_set_number"":6,""search_fraction"":0.6},""search_rank"":1,""search_space_member"":true,""summary"":{""elapsed_ms_total"":2908.921,""failure_count"":0,""mean_edge_error_px"":17.3,""mean_iou"":0.93965995,""mean_iou_success"":0.93965995,""minimum_iou"":0.84887072,""page_count"":5,""stddev_iou"":0.0475922,""success_count"":5,""wall_ms"":2909.515}}","{""approved_bbox"":[84,51,1101,941],""candidate"":{""authors"":null,""bbox"":[75,54,1265,937],""confidence"":0.8961310505867004,""corners"":[[75.0,54.0],[1265.0,54.0],[1265.0,937.0],[75.0,937.0]],""detector_name"":"""",""diagnostics"":{""content_box"":[29,0,1288,985],""evidence"":""scantailor_style_content_guided_page_frame"",""implementation"":""HTH clean-room OpenCV implementation; no ScanTailor source code embedded"",""page_area_fraction"":0.8282387993820348,""parameters"":{""boundary_search_margin_fraction"":0.07,""content_close_fraction"":0.012,""illumination_sigma_fraction"":0.09,""ink_quantile"":0.76,""minimum_page_area_fraction"":0.12,""projection_smooth_fraction"":0.002},""score_components"":{""page_area"":1.0,""side_energy_balance"":0.8402016162872314},""side_edge_energy"":[124.80326080322266,97.52922058105469,152.67752075195312,118.35399627685547],""side_energy_balance"":0.8402016162872314},""foundation"":null,""method"":""scantailor_page_frame"",""origin"":"""",""repository"":"""",""score"":0.8961310505867004,""status"":""ok"",""version"":""""},""edge_error_maximum_px"":164,""edge_error_mean_px"":45.0,""edge_errors"":{""bottom"":4,""left"":9,""maximum"":164,""mean"":45.0,""right"":164,""top"":3},""elapsed_ms"":500.644,""global_ordinal"":9,""iou"":0.84887072,""label"":""clean_two_page_spread"",""layout_type"":""two_page_spread"",""predicted_bbox"":[75,54,1265,937],""status"":""ok""}"
run-20260902-194628,60e473e3d379,60e473e3d37940f864f4f9e11264cdd1ec20ed675940befba33fdb697eb7bf1d,1,60e473e3d379,9fb6fd4a2c9f937d4da56d43fe17085cd0c8fae082eec4a101de86a0eb08ec0b,1,2b71090b79396db5bda0ccd698577afaedd7b96516a4224089a6cef51a9b3f6b,2,,2,1,1,1,[],{},6,6.93484544986859,0.6,10,clean_two_page_spread_2,two_page_spread,ok,0.96018773,10,2,25,6,10.75,25,607.971,"[88, 33, 1154, 968]","[78, 35, 1179, 962]","{""boundary_search_margin_fraction"":0.07,""content_close_fraction"":0.012,""illumination_sigma_fraction"":0.09,""ink_quantile"":0.76,""minimum_page_area_fraction"":0.12,""projection_smooth_fraction"":0.002}",,,"{""legacy_parameter_set_id"":""60e473e3d379"",""parameter_grid_ordinal"":2,""parameter_grid_sha256"":""2b71090b79396db5bda0ccd698577afaedd7b96516a4224089a6cef51a9b3f6b"",""parameter_identity_schema_version"":""1"",""parameter_identity_sha256"":""9fb6fd4a2c9f937d4da56d43fe17085cd0c8fae082eec4a101de86a0eb08ec0b"",""parameter_schema_version"":""1"",""parameter_set_equivalence_family_id"":""60e473e3d379"",""parameter_set_equivalence_family_sha256"":""60e473e3d37940f864f4f9e11264cdd1ec20ed675940befba33fdb697eb7bf1d"",""parameter_set_equivalence_family_size"":1,""parameter_set_id"":""60e473e3d379"",""parameters"":{""boundary_search_margin_fraction"":0.07,""content_close_fraction"":0.012,""illumination_sigma_fraction"":0.09,""ink_quantile"":0.76,""minimum_page_area_fraction"":0.12,""projection_smooth_fraction"":0.002},""profile"":null,""rank"":2,""reference_roles"":[],""requested_search_member"":true,""run_id"":""run-20260902-194628"",""search_observation"":{""completion_index"":6,""elapsed_seconds"":6.93484544986859,""parameter_set_number"":6,""search_fraction"":0.6},""search_rank"":1,""search_space_member"":true,""summary"":{""elapsed_ms_total"":2908.921,""failure_count"":0,""mean_edge_error_px"":17.3,""mean_iou"":0.93965995,""mean_iou_success"":0.93965995,""minimum_iou"":0.84887072,""page_count"":5,""stddev_iou"":0.0475922,""success_count"":5,""wall_ms"":2909.515}}","{""approved_bbox"":[88,33,1154,968],""candidate"":{""authors"":null,""bbox"":[78,35,1179,962],""confidence"":0.9308232933282852,""corners"":[[78.0,35.0],[1179.0,35.0],[1179.0,962.0],[78.0,962.0]],""detector_name"":"""",""diagnostics"":{""content_box"":[22,0,1268,990],""evidence"":""scantailor_style_content_guided_page_frame"",""implementation"":""HTH clean-room OpenCV implementation; no ScanTailor source code embedded"",""page_area_fraction"":0.813041296243189,""parameters"":{""boundary_search_margin_fraction"":0.07,""content_close_fraction"":0.012,""illumination_sigma_fraction"":0.09,""ink_quantile"":0.76,""minimum_page_area_fraction"":0.12,""projection_smooth_fraction"":0.002},""score_components"":{""page_area"":1.0,""side_energy_balance"":0.8935742974281311},""side_edge_energy"":[121.05921173095703,112.26107025146484,146.484619140625,117.1146240234375],""side_energy_balance"":0.8935742974281311},""foundation"":null,""method"":""scantailor_page_frame"",""origin"":"""",""repository"":"""",""score"":0.9308232933282852,""status"":""ok"",""version"":""""},""edge_error_maximum_px"":25,""edge_error_mean_px"":10.75,""edge_errors"":{""bottom"":6,""left"":10,""maximum"":25,""mean"":10.75,""right"":25,""top"":2},""elapsed_ms"":607.971,""global_ordinal"":10,""iou"":0.96018773,""label"":""clean_two_page_spread_2"",""layout_type"":""two_page_spread"",""predicted_bbox"":[78,35,1179,962],""status"":""ok""}"
run-20260902-194628,ad108720c832,ad108720c8326898ec2ec106cc9e55458c7a19efbbde1f66dd8b1f71b1fc3a45,1,ad108720c832,940dc324abd926c3977aad14bf5b47fc590f35ff508736d9c55c935c7d97c946,1,2b71090b79396db5bda0ccd698577afaedd7b96516a4224089a6cef51a9b3f6b,3,,3,2,1,1,[],{},10,7.142087939660996,1.0,1,ordinary_two_page_spread,two_page_spread,ok,0.94765689,39,8,8,5,15.0,39,667.337,"[125, 56, 1289, 967]","[86, 64, 1281, 962]","{""boundary_search_margin_fraction"":0.0725,""content_close_fraction"":0.012,""illumination_sigma_fraction"":0.09,""ink_quantile"":0.76,""minimum_page_area_fraction"":0.12,""projection_smooth_fraction"":0.002}",,,"{""legacy_parameter_set_id"":""ad108720c832"",""parameter_grid_ordinal"":3,""parameter_grid_sha256"":""2b71090b79396db5bda0ccd698577afaedd7b96516a4224089a6cef51a9b3f6b"",""parameter_identity_schema_version"":""1"",""parameter_identity_sha256"":""940dc324abd926c3977aad14bf5b47fc590f35ff508736d9c55c935c7d97c946"",""parameter_schema_version"":""1"",""parameter_set_equivalence_family_id"":""ad108720c832"",""parameter_set_equivalence_family_sha256"":""ad108720c8326898ec2ec106cc9e55458c7a19efbbde1f66dd8b1f71b1fc3a45"",""parameter_set_equivalence_family_size"":1,""parameter_set_id"":""ad108720c832"",""parameters"":{""boundary_search_margin_fraction"":0.0725,""content_close_fraction"":0.012,""illumination_sigma_fraction"":0.09,""ink_quantile"":0.76,""minimum_page_area_fraction"":0.12,""projection_smooth_fraction"":0.002},""profile"":null,""rank"":3,""reference_roles"":[],""requested_search_member"":true,""run_id"":""run-20260902-194628"",""search_observation"":{""completion_index"":10,""elapsed_seconds"":7.142087939660996,""parameter_set_number"":10,""search_fraction"":1.0},""search_rank"":2,""search_space_member"":true,""summary"":{""elapsed_ms_total"":2824.545,""failure_count"":0,""mean_edge_error_px"":17.55,""mean_iou"":0.9388241,""mean_iou_success"":0.9388241,""minimum_iou"":0.84887072,""page_count"":5,""stddev_iou"":0.04743905,""success_count"":5,""wall_ms"":2825.286}}","{""approved_bbox"":[125,56,1289,967],""candidate"":{""authors"":null,""bbox"":[86,64,1281,962],""confidence"":0.9165230512619018,""corners"":[[86.0,64.0],[1281.0,64.0],[1281.0,962.0],[86.0,962.0]],""detector_name"":"""",""diagnostics"":{""content_box"":[21,0,1375,986],""evidence"":""scantailor_style_content_guided_page_frame"",""implementation"":""HTH clean-room OpenCV implementation; no ScanTailor source code embedded"",""page_area_fraction"":0.7875158147494739,""parameters"":{""boundary_search_margin_fraction"":0.0725,""content_close_fraction"":0.012,""illumination_sigma_fraction"":0.09,""ink_quantile"":0.76,""minimum_page_area_fraction"":0.12,""projection_smooth_fraction"":0.002},""score_components"":{""page_area"":1.0,""side_energy_balance"":0.8715739250183105},""side_edge_energy"":[105.9560546875,137.88465881347656,101.97805786132812,105.86490631103516],""side_energy_balance"":0.8715739250183105},""foundation"":null,""method"":""scantailor_page_frame"",""origin"":"""",""repository"":"""",""score"":0.9165230512619018,""status"":""ok"",""version"":""""},""edge_error_maximum_px"":39,""edge_error_mean_px"":15.0,""edge_errors"":{""bottom"":5,""left"":39,""maximum"":39,""mean"":15.0,""right"":8,""top"":8},""elapsed_ms"":667.337,""global_ordinal"":1,""iou"":0.94765689,""label"":""ordinary_two_page_spread"",""layout_type"":""two_page_spread"",""predicted_bbox"":[86,64,1281,962],""status"":""ok""}"
run-20260902-194628,ad108720c832,ad108720c8326898ec2ec106cc9e55458c7a19efbbde1f66dd8b1f71b1fc3a45,1,ad108720c832,940dc324abd926c3977aad14bf5b47fc590f35ff508736d9c55c935c7d97c946,1,2b71090b79396db5bda0ccd698577afaedd7b96516a4224089a6cef51a9b3f6b,3,,3,2,1,1,[],{},10,7.142087939660996,1.0,5,damaged_partial_register_spread,two_page_spread,ok,0.94760031,27,13,12,6,14.5,27,739.921,"[67, 8, 1233, 977]","[94, 21, 1221, 971]","{""boundary_search_margin_fraction"":0.0725,""content_close_fraction"":0.012,""illumination_sigma_fraction"":0.09,""ink_quantile"":0.76,""minimum_page_area_fraction"":0.12,""projection_smooth_fraction"":0.002}",,,"{""legacy_parameter_set_id"":""ad108720c832"",""parameter_grid_ordinal"":3,""parameter_grid_sha256"":""2b71090b79396db5bda0ccd698577afaedd7b96516a4224089a6cef51a9b3f6b"",""parameter_identity_schema_version"":""1"",""parameter_identity_sha256"":""940dc324abd926c3977aad14bf5b47fc590f35ff508736d9c55c935c7d97c946"",""parameter_schema_version"":""1"",""parameter_set_equivalence_family_id"":""ad108720c832"",""parameter_set_equivalence_family_sha256"":""ad108720c8326898ec2ec106cc9e55458c7a19efbbde1f66dd8b1f71b1fc3a45"",""parameter_set_equivalence_family_size"":1,""parameter_set_id"":""ad108720c832"",""parameters"":{""boundary_search_margin_fraction"":0.0725,""content_close_fraction"":0.012,""illumination_sigma_fraction"":0.09,""ink_quantile"":0.76,""minimum_page_area_fraction"":0.12,""projection_smooth_fraction"":0.002},""profile"":null,""rank"":3,""reference_roles"":[],""requested_search_member"":true,""run_id"":""run-20260902-194628"",""search_observation"":{""completion_index"":10,""elapsed_seconds"":7.142087939660996,""parameter_set_number"":10,""search_fraction"":1.0},""search_rank"":2,""search_space_member"":true,""summary"":{""elapsed_ms_total"":2824.545,""failure_count"":0,""mean_edge_error_px"":17.55,""mean_iou"":0.9388241,""mean_iou_success"":0.9388241,""minimum_iou"":0.84887072,""page_count"":5,""stddev_iou"":0.04743905,""success_count"":5,""wall_ms"":2825.286}}","{""approved_bbox"":[67,8,1233,977],""candidate"":{""authors"":null,""bbox"":[94,21,1221,971],""confidence"":0.6673510044813156,""corners"":[[94.0,21.0],[1221.0,21.0],[1221.0,971.0],[94.0,971.0]],""detector_name"":"""",""diagnostics"":{""content_box"":[0,0,1316,987],""evidence"":""scantailor_style_content_guided_page_frame"",""implementation"":""HTH clean-room OpenCV implementation; no ScanTailor source code embedded"",""page_area_fraction"":0.8242794628036819,""parameters"":{""boundary_search_margin_fraction"":0.0725,""content_close_fraction"":0.012,""illumination_sigma_fraction"":0.09,""ink_quantile"":0.76,""minimum_page_area_fraction"":0.12,""projection_smooth_fraction"":0.002},""score_components"":{""page_area"":1.0,""side_energy_balance"":0.4882323145866394},""side_edge_energy"":[103.73335266113281,15.241499900817871,56.4890251159668,78.12158203125],""side_energy_balance"":0.4882323145866394},""foundation"":null,""method"":""scantailor_page_frame"",""origin"":"""",""repository"":"""",""score"":0.6673510044813156,""status"":""ok"",""version"":""""},""edge_error_maximum_px"":27,""edge_error_mean_px"":14.5,""edge_errors"":{""bottom"":6,""left"":27,""maximum"":27,""mean"":14.5,""right"":12,""top"":13},""elapsed_ms"":739.921,""global_ordinal"":5,""iou"":0.94760031,""label"":""damaged_partial_register_spread"",""layout_type"":""two_page_spread"",""predicted_bbox"":[94,21,1221,971],""status"":""ok""}"
run-20260902-194628,ad108720c832,ad108720c8326898ec2ec106cc9e55458c7a19efbbde1f66dd8b1f71b1fc3a45,1,ad108720c832,940dc324abd926c3977aad14bf5b47fc590f35ff508736d9c55c935c7d97c946,1,2b71090b79396db5bda0ccd698577afaedd7b96516a4224089a6cef51a9b3f6b,3,,3,2,1,1,[],{},10,7.142087939660996,1.0,6,title_or_index_sheet,single_page,ok,0.98893921,2,1,3,5,2.75,5,455.274,"[15, 28, 1074, 970]","[17, 29, 1071, 965]","{""boundary_search_margin_fraction"":0.0725,""content_close_fraction"":0.012,""illumination_sigma_fraction"":0.09,""ink_quantile"":0.76,""minimum_page_area_fraction"":0.12,""projection_smooth_fraction"":0.002}",,,"{""legacy_parameter_set_id"":""ad108720c832"",""parameter_grid_ordinal"":3,""parameter_grid_sha256"":""2b71090b79396db5bda0ccd698577afaedd7b96516a4224089a6cef51a9b3f6b"",""parameter_identity_schema_version"":""1"",""parameter_identity_sha256"":""940dc324abd926c3977aad14bf5b47fc590f35ff508736d9c55c935c7d97c946"",""parameter_schema_version"":""1"",""parameter_set_equivalence_family_id"":""ad108720c832"",""parameter_set_equivalence_family_sha256"":""ad108720c8326898ec2ec106cc9e55458c7a19efbbde1f66dd8b1f71b1fc3a45"",""parameter_set_equivalence_family_size"":1,""parameter_set_id"":""ad108720c832"",""parameters"":{""boundary_search_margin_fraction"":0.0725,""content_close_fraction"":0.012,""illumination_sigma_fraction"":0.09,""ink_quantile"":0.76,""minimum_page_area_fraction"":0.12,""projection_smooth_fraction"":0.002},""profile"":null,""rank"":3,""reference_roles"":[],""requested_search_member"":true,""run_id"":""run-20260902-194628"",""search_observation"":{""completion_index"":10,""elapsed_seconds"":7.142087939660996,""parameter_set_number"":10,""search_fraction"":1.0},""search_rank"":2,""search_space_member"":true,""summary"":{""elapsed_ms_total"":2824.545,""failure_count"":0,""mean_edge_error_px"":17.55,""mean_iou"":0.9388241,""mean_iou_success"":0.9388241,""minimum_iou"":0.84887072,""page_count"":5,""stddev_iou"":0.04743905,""success_count"":5,""wall_ms"":2825.286}}","{""approved_bbox"":[15,28,1074,970],""candidate"":{""authors"":null,""bbox"":[17,29,1071,965],""confidence"":0.9090290665626526,""corners"":[[17.0,29.0],[1071.0,29.0],[1071.0,965.0],[17.0,965.0]],""detector_name"":"""",""diagnostics"":{""content_box"":[0,0,1088,983],""evidence"":""scantailor_style_content_guided_page_frame"",""implementation"":""HTH clean-room OpenCV implementation; no ScanTailor source code embedded"",""page_area_fraction"":0.9224313326551373,""parameters"":{""boundary_search_margin_fraction"":0.0725,""content_close_fraction"":0.012,""illumination_sigma_fraction"":0.09,""ink_quantile"":0.76,""minimum_page_area_fraction"":0.12,""projection_smooth_fraction"":0.002},""score_components"":{""page_area"":1.0,""side_energy_balance"":0.8600447177886963},""side_edge_energy"":[200.6205291748047,239.20166015625,190.8263702392578,161.6904296875],""side_energy_balance"":0.8600447177886963},""foundation"":null,""method"":""scantailor_page_frame"",""origin"":"""",""repository"":"""",""score"":0.9090290665626526,""status"":""ok"",""version"":""""},""edge_error_maximum_px"":5,""edge_error_mean_px"":2.75,""edge_errors"":{""bottom"":5,""left"":2,""maximum"":5,""mean"":2.75,""right"":3,""top"":1},""elapsed_ms"":455.274,""global_ordinal"":6,""iou"":0.98893921,""label"":""title_or_index_sheet"",""layout_type"":""single_page"",""predicted_bbox"":[17,29,1071,965],""status"":""ok""}"
run-20260902-194628,ad108720c832,ad108720c8326898ec2ec106cc9e55458c7a19efbbde1f66dd8b1f71b1fc3a45,1,ad108720c832,940dc324abd926c3977aad14bf5b47fc590f35ff508736d9c55c935c7d97c946,1,2b71090b79396db5bda0ccd698577afaedd7b96516a4224089a6cef51a9b3f6b,3,,3,2,1,1,[],{},10,7.142087939660996,1.0,9,clean_two_page_spread,two_page_spread,ok,0.84887072,9,3,164,4,45.0,164,549.821,"[84, 51, 1101, 941]","[75, 54, 1265, 937]","{""boundary_search_margin_fraction"":0.0725,""content_close_fraction"":0.012,""illumination_sigma_fraction"":0.09,""ink_quantile"":0.76,""minimum_page_area_fraction"":0.12,""projection_smooth_fraction"":0.002}",,,"{""legacy_parameter_set_id"":""ad108720c832"",""parameter_grid_ordinal"":3,""parameter_grid_sha256"":""2b71090b79396db5bda0ccd698577afaedd7b96516a4224089a6cef51a9b3f6b"",""parameter_identity_schema_version"":""1"",""parameter_identity_sha256"":""940dc324abd926c3977aad14bf5b47fc590f35ff508736d9c55c935c7d97c946"",""parameter_schema_version"":""1"",""parameter_set_equivalence_family_id"":""ad108720c832"",""parameter_set_equivalence_family_sha256"":""ad108720c8326898ec2ec106cc9e55458c7a19efbbde1f66dd8b1f71b1fc3a45"",""parameter_set_equivalence_family_size"":1,""parameter_set_id"":""ad108720c832"",""parameters"":{""boundary_search_margin_fraction"":0.0725,""content_close_fraction"":0.012,""illumination_sigma_fraction"":0.09,""ink_quantile"":0.76,""minimum_page_area_fraction"":0.12,""projection_smooth_fraction"":0.002},""profile"":null,""rank"":3,""reference_roles"":[],""requested_search_member"":true,""run_id"":""run-20260902-194628"",""search_observation"":{""completion_index"":10,""elapsed_seconds"":7.142087939660996,""parameter_set_number"":10,""search_fraction"":1.0},""search_rank"":2,""search_space_member"":true,""summary"":{""elapsed_ms_total"":2824.545,""failure_count"":0,""mean_edge_error_px"":17.55,""mean_iou"":0.9388241,""mean_iou_success"":0.9388241,""minimum_iou"":0.84887072,""page_count"":5,""stddev_iou"":0.04743905,""success_count"":5,""wall_ms"":2825.286}}","{""approved_bbox"":[84,51,1101,941],""candidate"":{""authors"":null,""bbox"":[75,54,1265,937],""confidence"":0.8961310505867004,""corners"":[[75.0,54.0],[1265.0,54.0],[1265.0,937.0],[75.0,937.0]],""detector_name"":"""",""diagnostics"":{""content_box"":[29,0,1288,985],""evidence"":""scantailor_style_content_guided_page_frame"",""implementation"":""HTH clean-room OpenCV implementation; no ScanTailor source code embedded"",""page_area_fraction"":0.8282387993820348,""parameters"":{""boundary_search_margin_fraction"":0.0725,""content_close_fraction"":0.012,""illumination_sigma_fraction"":0.09,""ink_quantile"":0.76,""minimum_page_area_fraction"":0.12,""projection_smooth_fraction"":0.002},""score_components"":{""page_area"":1.0,""side_energy_balance"":0.8402016162872314},""side_edge_energy"":[124.80326080322266,97.52922058105469,152.67752075195312,118.35399627685547],""side_energy_balance"":0.8402016162872314},""foundation"":null,""method"":""scantailor_page_frame"",""origin"":"""",""repository"":"""",""score"":0.8961310505867004,""status"":""ok"",""version"":""""},""edge_error_maximum_px"":164,""edge_error_mean_px"":45.0,""edge_errors"":{""bottom"":4,""left"":9,""maximum"":164,""mean"":45.0,""right"":164,""top"":3},""elapsed_ms"":549.821,""global_ordinal"":9,""iou"":0.84887072,""label"":""clean_two_page_spread"",""layout_type"":""two_page_spread"",""predicted_bbox"":[75,54,1265,937],""status"":""ok""}"
run-20260902-194628,ad108720c832,ad108720c8326898ec2ec106cc9e55458c7a19efbbde1f66dd8b1f71b1fc3a45,1,ad108720c832,940dc324abd926c3977aad14bf5b47fc590f35ff508736d9c55c935c7d97c946,1,2b71090b79396db5bda0ccd698577afaedd7b96516a4224089a6cef51a9b3f6b,3,,3,2,1,1,[],{},10,7.142087939660996,1.0,10,clean_two_page_spread_2,two_page_spread,ok,0.96105339,10,2,24,6,10.5,24,412.192,"[88, 33, 1154, 968]","[78, 35, 1178, 962]","{""boundary_search_margin_fraction"":0.0725,""content_close_fraction"":0.012,""illumination_sigma_fraction"":0.09,""ink_quantile"":0.76,""minimum_page_area_fraction"":0.12,""projection_smooth_fraction"":0.002}",,,"{""legacy_parameter_set_id"":""ad108720c832"",""parameter_grid_ordinal"":3,""parameter_grid_sha256"":""2b71090b79396db5bda0ccd698577afaedd7b96516a4224089a6cef51a9b3f6b"",""parameter_identity_schema_version"":""1"",""parameter_identity_sha256"":""940dc324abd926c3977aad14bf5b47fc590f35ff508736d9c55c935c7d97c946"",""parameter_schema_version"":""1"",""parameter_set_equivalence_family_id"":""ad108720c832"",""parameter_set_equivalence_family_sha256"":""ad108720c8326898ec2ec106cc9e55458c7a19efbbde1f66dd8b1f71b1fc3a45"",""parameter_set_equivalence_family_size"":1,""parameter_set_id"":""ad108720c832"",""parameters"":{""boundary_search_margin_fraction"":0.0725,""content_close_fraction"":0.012,""illumination_sigma_fraction"":0.09,""ink_quantile"":0.76,""minimum_page_area_fraction"":0.12,""projection_smooth_fraction"":0.002},""profile"":null,""rank"":3,""reference_roles"":[],""requested_search_member"":true,""run_id"":""run-20260902-194628"",""search_observation"":{""completion_index"":10,""elapsed_seconds"":7.142087939660996,""parameter_set_number"":10,""search_fraction"":1.0},""search_rank"":2,""search_space_member"":true,""summary"":{""elapsed_ms_total"":2824.545,""failure_count"":0,""mean_edge_error_px"":17.55,""mean_iou"":0.9388241,""mean_iou_success"":0.9388241,""minimum_iou"":0.84887072,""page_count"":5,""stddev_iou"":0.04743905,""success_count"":5,""wall_ms"":2825.286}}","{""approved_bbox"":[88,33,1154,968],""candidate"":{""authors"":null,""bbox"":[78,35,1178,962],""confidence"":0.9321123123168945,""corners"":[[78.0,35.0],[1178.0,35.0],[1178.0,962.0],[78.0,962.0]],""detector_name"":"""",""diagnostics"":{""content_box"":[22,0,1268,990],""evidence"":""scantailor_style_content_guided_page_frame"",""implementation"":""HTH clean-room OpenCV implementation; no ScanTailor source code embedded"",""page_area_fraction"":0.8123028391167192,""parameters"":{""boundary_search_margin_fraction"":0.0725,""content_close_fraction"":0.012,""illumination_sigma_fraction"":0.09,""ink_quantile"":0.76,""minimum_page_area_fraction"":0.12,""projection_smooth_fraction"":0.002},""score_components"":{""page_area"":1.0,""side_energy_balance"":0.8955574035644531},""side_edge_energy"":[121.05921173095703,113.25765991210938,146.484619140625,117.1146240234375],""side_energy_balance"":0.8955574035644531},""foundation"":null,""method"":""scantailor_page_frame"",""origin"":"""",""repository"":"""",""score"":0.9321123123168945,""status"":""ok"",""version"":""""},""edge_error_maximum_px"":24,""edge_error_mean_px"":10.5,""edge_errors"":{""bottom"":6,""left"":10,""maximum"":24,""mean"":10.5,""right"":24,""top"":2},""elapsed_ms"":412.192,""global_ordinal"":10,""iou"":0.96105339,""label"":""clean_two_page_spread_2"",""layout_type"":""two_page_spread"",""predicted_bbox"":[78,35,1178,962],""status"":""ok""}"
run-20260902-194628,306c443a2b50,306c443a2b504bd7d94cd01fc927b5678031b7a10a04647d3405004769c821a9,1,306c443a2b50,d8a9494280ca292ff5821627bdca9518ba7a485adcb220ae1137b566d14d518a,1,2b71090b79396db5bda0ccd698577afaedd7b96516a4224089a6cef51a9b3f6b,4,,4,3,1,1,[],{},7,6.982306754682213,0.7,1,ordinary_two_page_spread,two_page_spread,ok,0.94765689,39,8,8,5,15.0,39,511.257,"[125, 56, 1289, 967]","[86, 64, 1281, 962]","{""boundary_search_margin_fraction"":0.075,""content_close_fraction"":0.012,""illumination_sigma_fraction"":0.09,""ink_quantile"":0.76,""minimum_page_area_fraction"":0.12,""projection_smooth_fraction"":0.002}",,,"{""legacy_parameter_set_id"":""306c443a2b50"",""parameter_grid_ordinal"":4,""parameter_grid_sha256"":""2b71090b79396db5bda0ccd698577afaedd7b96516a4224089a6cef51a9b3f6b"",""parameter_identity_schema_version"":""1"",""parameter_identity_sha256"":""d8a9494280ca292ff5821627bdca9518ba7a485adcb220ae1137b566d14d518a"",""parameter_schema_version"":""1"",""parameter_set_equivalence_family_id"":""306c443a2b50"",""parameter_set_equivalence_family_sha256"":""306c443a2b504bd7d94cd01fc927b5678031b7a10a04647d3405004769c821a9"",""parameter_set_equivalence_family_size"":1,""parameter_set_id"":""306c443a2b50"",""parameters"":{""boundary_search_margin_fraction"":0.075,""content_close_fraction"":0.012,""illumination_sigma_fraction"":0.09,""ink_quantile"":0.76,""minimum_page_area_fraction"":0.12,""projection_smooth_fraction"":0.002},""profile"":null,""rank"":4,""reference_roles"":[],""requested_search_member"":true,""run_id"":""run-20260902-194628"",""search_observation"":{""completion_index"":7,""elapsed_seconds"":6.982306754682213,""parameter_set_number"":7,""search_fraction"":0.7},""search_rank"":3,""search_space_member"":true,""summary"":{""elapsed_ms_total"":2623.721,""failure_count"":0,""mean_edge_error_px"":17.9,""mean_iou"":0.93764696,""mean_iou_success"":0.93764696,""minimum_iou"":0.84887072,""page_count"":5,""stddev_iou"":0.04727943,""success_count"":5,""wall_ms"":2624.187}}","{""approved_bbox"":[125,56,1289,967],""candidate"":{""authors"":null,""bbox"":[86,64,1281,962],""confidence"":0.9165230512619018,""corners"":[[86.0,64.0],[1281.0,64.0],[1281.0,962.0],[86.0,962.0]],""detector_name"":"""",""diagnostics"":{""content_box"":[21,0,1375,986],""evidence"":""scantailor_style_content_guided_page_frame"",""implementation"":""HTH clean-room OpenCV implementation; no ScanTailor source code embedded"",""page_area_fraction"":0.7875158147494739,""parameters"":{""boundary_search_margin_fraction"":0.075,""content_close_fraction"":0.012,""illumination_sigma_fraction"":0.09,""ink_quantile"":0.76,""minimum_page_area_fraction"":0.12,""projection_smooth_fraction"":0.002},""score_components"":{""page_area"":1.0,""side_energy_balance"":0.8715739250183105},""side_edge_energy"":[105.9560546875,137.88465881347656,101.97805786132812,105.86490631103516],""side_energy_balance"":0.8715739250183105},""foundation"":null,""method"":""scantailor_page_frame"",""origin"":"""",""repository"":"""",""score"":0.9165230512619018,""status"":""ok"",""version"":""""},""edge_error_maximum_px"":39,""edge_error_mean_px"":15.0,""edge_errors"":{""bottom"":5,""left"":39,""maximum"":39,""mean"":15.0,""right"":8,""top"":8},""elapsed_ms"":511.257,""global_ordinal"":1,""iou"":0.94765689,""label"":""ordinary_two_page_spread"",""layout_type"":""two_page_spread"",""predicted_bbox"":[86,64,1281,962],""status"":""ok""}"
run-20260902-194628,306c443a2b50,306c443a2b504bd7d94cd01fc927b5678031b7a10a04647d3405004769c821a9,1,306c443a2b50,d8a9494280ca292ff5821627bdca9518ba7a485adcb220ae1137b566d14d518a,1,2b71090b79396db5bda0ccd698577afaedd7b96516a4224089a6cef51a9b3f6b,4,,4,3,1,1,[],{},7,6.982306754682213,0.7,5,damaged_partial_register_spread,two_page_spread,ok,0.94171459,30,13,16,6,16.25,30,490.691,"[67, 8, 1233, 977]","[97, 21, 1217, 971]","{""boundary_search_margin_fraction"":0.075,""content_close_fraction"":0.012,""illumination_sigma_fraction"":0.09,""ink_quantile"":0.76,""minimum_page_area_fraction"":0.12,""projection_smooth_fraction"":0.002}",,,"{""legacy_parameter_set_id"":""306c443a2b50"",""parameter_grid_ordinal"":4,""parameter_grid_sha256"":""2b71090b79396db5bda0ccd698577afaedd7b96516a4224089a6cef51a9b3f6b"",""parameter_identity_schema_version"":""1"",""parameter_identity_sha256"":""d8a9494280ca292ff5821627bdca9518ba7a485adcb220ae1137b566d14d518a"",""parameter_schema_version"":""1"",""parameter_set_equivalence_family_id"":""306c443a2b50"",""parameter_set_equivalence_family_sha256"":""306c443a2b504bd7d94cd01fc927b5678031b7a10a04647d3405004769c821a9"",""parameter_set_equivalence_family_size"":1,""parameter_set_id"":""306c443a2b50"",""parameters"":{""boundary_search_margin_fraction"":0.075,""content_close_fraction"":0.012,""illumination_sigma_fraction"":0.09,""ink_quantile"":0.76,""minimum_page_area_fraction"":0.12,""projection_smooth_fraction"":0.002},""profile"":null,""rank"":4,""reference_roles"":[],""requested_search_member"":true,""run_id"":""run-20260902-194628"",""search_observation"":{""completion_index"":7,""elapsed_seconds"":6.982306754682213,""parameter_set_number"":7,""search_fraction"":0.7},""search_rank"":3,""search_space_member"":true,""summary"":{""elapsed_ms_total"":2623.721,""failure_count"":0,""mean_edge_error_px"":17.9,""mean_iou"":0.93764696,""mean_iou_success"":0.93764696,""minimum_iou"":0.84887072,""page_count"":5,""stddev_iou"":0.04727943,""success_count"":5,""wall_ms"":2624.187}}","{""approved_bbox"":[67,8,1233,977],""candidate"":{""authors"":null,""bbox"":[97,21,1217,971],""confidence"":0.7048807471990586,""corners"":[[97.0,21.0],[1217.0,21.0],[1217.0,971.0],[97.0,971.0]],""detector_name"":"""",""diagnostics"":{""content_box"":[0,0,1316,987],""evidence"":""scantailor_style_content_guided_page_frame"",""implementation"":""HTH clean-room OpenCV implementation; no ScanTailor source code embedded"",""page_area_fraction"":0.81915971458751,""parameters"":{""boundary_search_margin_fraction"":0.075,""content_close_fraction"":0.012,""illumination_sigma_fraction"":0.09,""ink_quantile"":0.76,""minimum_page_area_fraction"":0.12,""projection_smooth_fraction"":0.002},""score_components"":{""page_area"":1.0,""side_energy_balance"":0.5459703803062439},""side_edge_energy"":[106.80574798583984,24.31760597229004,56.4890251159668,78.12158203125],""side_energy_balance"":0.5459703803062439},""foundation"":null,""method"":""scantailor_page_frame"",""origin"":"""",""repository"":"""",""score"":0.7048807471990586,""status"":""ok"",""version"":""""},""edge_error_maximum_px"":30,""edge_error_mean_px"":16.25,""edge_errors"":{""bottom"":6,""left"":30,""maximum"":30,""mean"":16.25,""right"":16,""top"":13},""elapsed_ms"":490.691,""global_ordinal"":5,""iou"":0.94171459,""label"":""damaged_partial_register_spread"",""layout_type"":""two_page_spread"",""predicted_bbox"":[97,21,1217,971],""status"":""ok""}"
run-20260902-194628,306c443a2b50,306c443a2b504bd7d94cd01fc927b5678031b7a10a04647d3405004769c821a9,1,306c443a2b50,d8a9494280ca292ff5821627bdca9518ba7a485adcb220ae1137b566d14d518a,1,2b71090b79396db5bda0ccd698577afaedd7b96516a4224089a6cef51a9b3f6b,4,,4,3,1,1,[],{},7,6.982306754682213,0.7,6,title_or_index_sheet,single_page,ok,0.98893921,2,1,3,5,2.75,5,485.795,"[15, 28, 1074, 970]","[17, 29, 1071, 965]","{""boundary_search_margin_fraction"":0.075,""content_close_fraction"":0.012,""illumination_sigma_fraction"":0.09,""ink_quantile"":0.76,""minimum_page_area_fraction"":0.12,""projection_smooth_fraction"":0.002}",,,"{""legacy_parameter_set_id"":""306c443a2b50"",""parameter_grid_ordinal"":4,""parameter_grid_sha256"":""2b71090b79396db5bda0ccd698577afaedd7b96516a4224089a6cef51a9b3f6b"",""parameter_identity_schema_version"":""1"",""parameter_identity_sha256"":""d8a9494280ca292ff5821627bdca9518ba7a485adcb220ae1137b566d14d518a"",""parameter_schema_version"":""1"",""parameter_set_equivalence_family_id"":""306c443a2b50"",""parameter_set_equivalence_family_sha256"":""306c443a2b504bd7d94cd01fc927b5678031b7a10a04647d3405004769c821a9"",""parameter_set_equivalence_family_size"":1,""parameter_set_id"":""306c443a2b50"",""parameters"":{""boundary_search_margin_fraction"":0.075,""content_close_fraction"":0.012,""illumination_sigma_fraction"":0.09,""ink_quantile"":0.76,""minimum_page_area_fraction"":0.12,""projection_smooth_fraction"":0.002},""profile"":null,""rank"":4,""reference_roles"":[],""requested_search_member"":true,""run_id"":""run-20260902-194628"",""search_observation"":{""completion_index"":7,""elapsed_seconds"":6.982306754682213,""parameter_set_number"":7,""search_fraction"":0.7},""search_rank"":3,""search_space_member"":true,""summary"":{""elapsed_ms_total"":2623.721,""failure_count"":0,""mean_edge_error_px"":17.9,""mean_iou"":0.93764696,""mean_iou_success"":0.93764696,""minimum_iou"":0.84887072,""page_count"":5,""stddev_iou"":0.04727943,""success_count"":5,""wall_ms"":2624.187}}","{""approved_bbox"":[15,28,1074,970],""candidate"":{""authors"":null,""bbox"":[17,29,1071,965],""confidence"":0.9090290665626526,""corners"":[[17.0,29.0],[1071.0,29.0],[1071.0,965.0],[17.0,965.0]],""detector_name"":"""",""diagnostics"":{""content_box"":[0,0,1088,983],""evidence"":""scantailor_style_content_guided_page_frame"",""implementation"":""HTH clean-room OpenCV implementation; no ScanTailor source code embedded"",""page_area_fraction"":0.9224313326551373,""parameters"":{""boundary_search_margin_fraction"":0.075,""content_close_fraction"":0.012,""illumination_sigma_fraction"":0.09,""ink_quantile"":0.76,""minimum_page_area_fraction"":0.12,""projection_smooth_fraction"":0.002},""score_components"":{""page_area"":1.0,""side_energy_balance"":0.8600447177886963},""side_edge_energy"":[200.6205291748047,239.20166015625,190.8263702392578,161.6904296875],""side_energy_balance"":0.8600447177886963},""foundation"":null,""method"":""scantailor_page_frame"",""origin"":"""",""repository"":"""",""score"":0.9090290665626526,""status"":""ok"",""version"":""""},""edge_error_maximum_px"":5,""edge_error_mean_px"":2.75,""edge_errors"":{""bottom"":5,""left"":2,""maximum"":5,""mean"":2.75,""right"":3,""top"":1},""elapsed_ms"":485.795,""global_ordinal"":6,""iou"":0.98893921,""label"":""title_or_index_sheet"",""layout_type"":""single_page"",""predicted_bbox"":[17,29,1071,965],""status"":""ok""}"
run-20260902-194628,306c443a2b50,306c443a2b504bd7d94cd01fc927b5678031b7a10a04647d3405004769c821a9,1,306c443a2b50,d8a9494280ca292ff5821627bdca9518ba7a485adcb220ae1137b566d14d518a,1,2b71090b79396db5bda0ccd698577afaedd7b96516a4224089a6cef51a9b3f6b,4,,4,3,1,1,[],{},7,6.982306754682213,0.7,9,clean_two_page_spread,two_page_spread,ok,0.84887072,9,3,164,4,45.0,164,568.633,"[84, 51, 1101, 941]","[75, 54, 1265, 937]","{""boundary_search_margin_fraction"":0.075,""content_close_fraction"":0.012,""illumination_sigma_fraction"":0.09,""ink_quantile"":0.76,""minimum_page_area_fraction"":0.12,""projection_smooth_fraction"":0.002}",,,"{""legacy_parameter_set_id"":""306c443a2b50"",""parameter_grid_ordinal"":4,""parameter_grid_sha256"":""2b71090b79396db5bda0ccd698577afaedd7b96516a4224089a6cef51a9b3f6b"",""parameter_identity_schema_version"":""1"",""parameter_identity_sha256"":""d8a9494280ca292ff5821627bdca9518ba7a485adcb220ae1137b566d14d518a"",""parameter_schema_version"":""1"",""parameter_set_equivalence_family_id"":""306c443a2b50"",""parameter_set_equivalence_family_sha256"":""306c443a2b504bd7d94cd01fc927b5678031b7a10a04647d3405004769c821a9"",""parameter_set_equivalence_family_size"":1,""parameter_set_id"":""306c443a2b50"",""parameters"":{""boundary_search_margin_fraction"":0.075,""content_close_fraction"":0.012,""illumination_sigma_fraction"":0.09,""ink_quantile"":0.76,""minimum_page_area_fraction"":0.12,""projection_smooth_fraction"":0.002},""profile"":null,""rank"":4,""reference_roles"":[],""requested_search_member"":true,""run_id"":""run-20260902-194628"",""search_observation"":{""completion_index"":7,""elapsed_seconds"":6.982306754682213,""parameter_set_number"":7,""search_fraction"":0.7},""search_rank"":3,""search_space_member"":true,""summary"":{""elapsed_ms_total"":2623.721,""failure_count"":0,""mean_edge_error_px"":17.9,""mean_iou"":0.93764696,""mean_iou_success"":0.93764696,""minimum_iou"":0.84887072,""page_count"":5,""stddev_iou"":0.04727943,""success_count"":5,""wall_ms"":2624.187}}","{""approved_bbox"":[84,51,1101,941],""candidate"":{""authors"":null,""bbox"":[75,54,1265,937],""confidence"":0.8961310505867004,""corners"":[[75.0,54.0],[1265.0,54.0],[1265.0,937.0],[75.0,937.0]],""detector_name"":"""",""diagnostics"":{""content_box"":[29,0,1288,985],""evidence"":""scantailor_style_content_guided_page_frame"",""implementation"":""HTH clean-room OpenCV implementation; no ScanTailor source code embedded"",""page_area_fraction"":0.8282387993820348,""parameters"":{""boundary_search_margin_fraction"":0.075,""content_close_fraction"":0.012,""illumination_sigma_fraction"":0.09,""ink_quantile"":0.76,""minimum_page_area_fraction"":0.12,""projection_smooth_fraction"":0.002},""score_components"":{""page_area"":1.0,""side_energy_balance"":0.8402016162872314},""side_edge_energy"":[124.80326080322266,97.52922058105469,152.67752075195312,118.35399627685547],""side_energy_balance"":0.8402016162872314},""foundation"":null,""method"":""scantailor_page_frame"",""origin"":"""",""repository"":"""",""score"":0.8961310505867004,""status"":""ok"",""version"":""""},""edge_error_maximum_px"":164,""edge_error_mean_px"":45.0,""edge_errors"":{""bottom"":4,""left"":9,""maximum"":164,""mean"":45.0,""right"":164,""top"":3},""elapsed_ms"":568.633,""global_ordinal"":9,""iou"":0.84887072,""label"":""clean_two_page_spread"",""layout_type"":""two_page_spread"",""predicted_bbox"":[75,54,1265,937],""status"":""ok""}"
run-20260902-194628,306c443a2b50,306c443a2b504bd7d94cd01fc927b5678031b7a10a04647d3405004769c821a9,1,306c443a2b50,d8a9494280ca292ff5821627bdca9518ba7a485adcb220ae1137b566d14d518a,1,2b71090b79396db5bda0ccd698577afaedd7b96516a4224089a6cef51a9b3f6b,4,,4,3,1,1,[],{},7,6.982306754682213,0.7,10,clean_two_page_spread_2,two_page_spread,ok,0.96105339,10,2,24,6,10.5,24,567.345,"[88, 33, 1154, 968]","[78, 35, 1178, 962]","{""boundary_search_margin_fraction"":0.075,""content_close_fraction"":0.012,""illumination_sigma_fraction"":0.09,""ink_quantile"":0.76,""minimum_page_area_fraction"":0.12,""projection_smooth_fraction"":0.002}",,,"{""legacy_parameter_set_id"":""306c443a2b50"",""parameter_grid_ordinal"":4,""parameter_grid_sha256"":""2b71090b79396db5bda0ccd698577afaedd7b96516a4224089a6cef51a9b3f6b"",""parameter_identity_schema_version"":""1"",""parameter_identity_sha256"":""d8a9494280ca292ff5821627bdca9518ba7a485adcb220ae1137b566d14d518a"",""parameter_schema_version"":""1"",""parameter_set_equivalence_family_id"":""306c443a2b50"",""parameter_set_equivalence_family_sha256"":""306c443a2b504bd7d94cd01fc927b5678031b7a10a04647d3405004769c821a9"",""parameter_set_equivalence_family_size"":1,""parameter_set_id"":""306c443a2b50"",""parameters"":{""boundary_search_margin_fraction"":0.075,""content_close_fraction"":0.012,""illumination_sigma_fraction"":0.09,""ink_quantile"":0.76,""minimum_page_area_fraction"":0.12,""projection_smooth_fraction"":0.002},""profile"":null,""rank"":4,""reference_roles"":[],""requested_search_member"":true,""run_id"":""run-20260902-194628"",""search_observation"":{""completion_index"":7,""elapsed_seconds"":6.982306754682213,""parameter_set_number"":7,""search_fraction"":0.7},""search_rank"":3,""search_space_member"":true,""summary"":{""elapsed_ms_total"":2623.721,""failure_count"":0,""mean_edge_error_px"":17.9,""mean_iou"":0.93764696,""mean_iou_success"":0.93764696,""minimum_iou"":0.84887072,""page_count"":5,""stddev_iou"":0.04727943,""success_count"":5,""wall_ms"":2624.187}}","{""approved_bbox"":[88,33,1154,968],""candidate"":{""authors"":null,""bbox"":[78,35,1178,962],""confidence"":0.9321123123168945,""corners"":[[78.0,35.0],[1178.0,35.0],[1178.0,962.0],[78.0,962.0]],""detector_name"":"""",""diagnostics"":{""content_box"":[22,0,1268,990],""evidence"":""scantailor_style_content_guided_page_frame"",""implementation"":""HTH clean-room OpenCV implementation; no ScanTailor source code embedded"",""page_area_fraction"":0.8123028391167192,""parameters"":{""boundary_search_margin_fraction"":0.075,""content_close_fraction"":0.012,""illumination_sigma_fraction"":0.09,""ink_quantile"":0.76,""minimum_page_area_fraction"":0.12,""projection_smooth_fraction"":0.002},""score_components"":{""page_area"":1.0,""side_energy_balance"":0.8955574035644531},""side_edge_energy"":[121.05921173095703,113.25765991210938,146.484619140625,117.1146240234375],""side_energy_balance"":0.8955574035644531},""foundation"":null,""method"":""scantailor_page_frame"",""origin"":"""",""repository"":"""",""score"":0.9321123123168945,""status"":""ok"",""version"":""""},""edge_error_maximum_px"":24,""edge_error_mean_px"":10.5,""edge_errors"":{""bottom"":6,""left"":10,""maximum"":24,""mean"":10.5,""right"":24,""top"":2},""elapsed_ms"":567.345,""global_ordinal"":10,""iou"":0.96105339,""label"":""clean_two_page_spread_2"",""layout_type"":""two_page_spread"",""predicted_bbox"":[78,35,1178,962],""status"":""ok""}"
run-20260902-194628,2f8c24080e84,2f8c24080e84a652bd90e4a53315f601d54641a31485f5b0f19edb6fc0fae7ad,1,2f8c24080e84,bf8c814bca9572c1e01c0cdfb093e17c6b466c8b55ed2c186f944c549e9fa2bb,1,2b71090b79396db5bda0ccd698577afaedd7b96516a4224089a6cef51a9b3f6b,5,,5,4,1,1,[],{},8,7.04540678486228,0.8,1,ordinary_two_page_spread,two_page_spread,ok,0.94765689,39,8,8,5,15.0,39,516.921,"[125, 56, 1289, 967]","[86, 64, 1281, 962]","{""boundary_search_margin_fraction"":0.0775,""content_close_fraction"":0.012,""illumination_sigma_fraction"":0.09,""ink_quantile"":0.76,""minimum_page_area_fraction"":0.12,""projection_smooth_fraction"":0.002}",,,"{""legacy_parameter_set_id"":""2f8c24080e84"",""parameter_grid_ordinal"":5,""parameter_grid_sha256"":""2b71090b79396db5bda0ccd698577afaedd7b96516a4224089a6cef51a9b3f6b"",""parameter_identity_schema_version"":""1"",""parameter_identity_sha256"":""bf8c814bca9572c1e01c0cdfb093e17c6b466c8b55ed2c186f944c549e9fa2bb"",""parameter_schema_version"":""1"",""parameter_set_equivalence_family_id"":""2f8c24080e84"",""parameter_set_equivalence_family_sha256"":""2f8c24080e84a652bd90e4a53315f601d54641a31485f5b0f19edb6fc0fae7ad"",""parameter_set_equivalence_family_size"":1,""parameter_set_id"":""2f8c24080e84"",""parameters"":{""boundary_search_margin_fraction"":0.0775,""content_close_fraction"":0.012,""illumination_sigma_fraction"":0.09,""ink_quantile"":0.76,""minimum_page_area_fraction"":0.12,""projection_smooth_fraction"":0.002},""profile"":null,""rank"":5,""reference_roles"":[],""requested_search_member"":true,""run_id"":""run-20260902-194628"",""search_observation"":{""completion_index"":8,""elapsed_seconds"":7.04540678486228,""parameter_set_number"":8,""search_fraction"":0.8},""search_rank"":4,""search_space_member"":true,""summary"":{""elapsed_ms_total"":2663.722,""failure_count"":0,""mean_edge_error_px"":17.95,""mean_iou"":0.9374788,""mean_iou_success"":0.9374788,""minimum_iou"":0.84887072,""page_count"":5,""stddev_iou"":0.04726615,""success_count"":5,""wall_ms"":2664.285}}","{""approved_bbox"":[125,56,1289,967],""candidate"":{""authors"":null,""bbox"":[86,64,1281,962],""confidence"":0.9165230512619018,""corners"":[[86.0,64.0],[1281.0,64.0],[1281.0,962.0],[86.0,962.0]],""detector_name"":"""",""diagnostics"":{""content_box"":[21,0,1375,986],""evidence"":""scantailor_style_content_guided_page_frame"",""implementation"":""HTH clean-room OpenCV implementation; no ScanTailor source code embedded"",""page_area_fraction"":0.7875158147494739,""parameters"":{""boundary_search_margin_fraction"":0.0775,""content_close_fraction"":0.012,""illumination_sigma_fraction"":0.09,""ink_quantile"":0.76,""minimum_page_area_fraction"":0.12,""projection_smooth_fraction"":0.002},""score_components"":{""page_area"":1.0,""side_energy_balance"":0.8715739250183105},""side_edge_energy"":[105.9560546875,137.88465881347656,101.97805786132812,105.86490631103516],""side_energy_balance"":0.8715739250183105},""foundation"":null,""method"":""scantailor_page_frame"",""origin"":"""",""repository"":"""",""score"":0.9165230512619018,""status"":""ok"",""version"":""""},""edge_error_maximum_px"":39,""edge_error_mean_px"":15.0,""edge_errors"":{""bottom"":5,""left"":39,""maximum"":39,""mean"":15.0,""right"":8,""top"":8},""elapsed_ms"":516.921,""global_ordinal"":1,""iou"":0.94765689,""label"":""ordinary_two_page_spread"",""layout_type"":""two_page_spread"",""predicted_bbox"":[86,64,1281,962],""status"":""ok""}"
run-20260902-194628,2f8c24080e84,2f8c24080e84a652bd90e4a53315f601d54641a31485f5b0f19edb6fc0fae7ad,1,2f8c24080e84,bf8c814bca9572c1e01c0cdfb093e17c6b466c8b55ed2c186f944c549e9fa2bb,1,2b71090b79396db5bda0ccd698577afaedd7b96516a4224089a6cef51a9b3f6b,5,,5,4,1,1,[],{},8,7.04540678486228,0.8,5,damaged_partial_register_spread,two_page_spread,ok,0.94087378,30,13,17,6,16.5,30,486.56,"[67, 8, 1233, 977]","[97, 21, 1216, 971]","{""boundary_search_margin_fraction"":0.0775,""content_close_fraction"":0.012,""illumination_sigma_fraction"":0.09,""ink_quantile"":0.76,""minimum_page_area_fraction"":0.12,""projection_smooth_fraction"":0.002}",,,"{""legacy_parameter_set_id"":""2f8c24080e84"",""parameter_grid_ordinal"":5,""parameter_grid_sha256"":""2b71090b79396db5bda0ccd698577afaedd7b96516a4224089a6cef51a9b3f6b"",""parameter_identity_schema_version"":""1"",""parameter_identity_sha256"":""bf8c814bca9572c1e01c0cdfb093e17c6b466c8b55ed2c186f944c549e9fa2bb"",""parameter_schema_version"":""1"",""parameter_set_equivalence_family_id"":""2f8c24080e84"",""parameter_set_equivalence_family_sha256"":""2f8c24080e84a652bd90e4a53315f601d54641a31485f5b0f19edb6fc0fae7ad"",""parameter_set_equivalence_family_size"":1,""parameter_set_id"":""2f8c24080e84"",""parameters"":{""boundary_search_margin_fraction"":0.0775,""content_close_fraction"":0.012,""illumination_sigma_fraction"":0.09,""ink_quantile"":0.76,""minimum_page_area_fraction"":0.12,""projection_smooth_fraction"":0.002},""profile"":null,""rank"":5,""reference_roles"":[],""requested_search_member"":true,""run_id"":""run-20260902-194628"",""search_observation"":{""completion_index"":8,""elapsed_seconds"":7.04540678486228,""parameter_set_number"":8,""search_fraction"":0.8},""search_rank"":4,""search_space_member"":true,""summary"":{""elapsed_ms_total"":2663.722,""failure_count"":0,""mean_edge_error_px"":17.95,""mean_iou"":0.9374788,""mean_iou_success"":0.9374788,""minimum_iou"":0.84887072,""page_count"":5,""stddev_iou"":0.04726615,""success_count"":5,""wall_ms"":2664.285}}","{""approved_bbox"":[67,8,1233,977],""candidate"":{""authors"":null,""bbox"":[97,21,1216,971],""confidence"":0.7101638615131378,""corners"":[[97.0,21.0],[1216.0,21.0],[1216.0,971.0],[97.0,971.0]],""detector_name"":"""",""diagnostics"":{""content_box"":[0,0,1316,987],""evidence"":""scantailor_style_content_guided_page_frame"",""implementation"":""HTH clean-room OpenCV implementation; no ScanTailor source code embedded"",""page_area_fraction"":0.8184283219851997,""parameters"":{""boundary_search_margin_fraction"":0.0775,""content_close_fraction"":0.012,""illumination_sigma_fraction"":0.09,""ink_quantile"":0.76,""minimum_page_area_fraction"":0.12,""projection_smooth_fraction"":0.002},""score_components"":{""page_area"":1.0,""side_energy_balance"":0.5540982484817505},""side_edge_energy"":[106.80574798583984,25.493345260620117,56.4890251159668,78.12158203125],""side_energy_balance"":0.5540982484817505},""foundation"":null,""method"":""scantailor_page_frame"",""origin"":"""",""repository"":"""",""score"":0.7101638615131378,""status"":""ok"",""version"":""""},""edge_error_maximum_px"":30,""edge_error_mean_px"":16.5,""edge_errors"":{""bottom"":6,""left"":30,""maximum"":30,""mean"":16.5,""right"":17,""top"":13},""elapsed_ms"":486.56,""global_ordinal"":5,""iou"":0.94087378,""label"":""damaged_partial_register_spread"",""layout_type"":""two_page_spread"",""predicted_bbox"":[97,21,1216,971],""status"":""ok""}"
run-20260902-194628,2f8c24080e84,2f8c24080e84a652bd90e4a53315f601d54641a31485f5b0f19edb6fc0fae7ad,1,2f8c24080e84,bf8c814bca9572c1e01c0cdfb093e17c6b466c8b55ed2c186f944c549e9fa2bb,1,2b71090b79396db5bda0ccd698577afaedd7b96516a4224089a6cef51a9b3f6b,5,,5,4,1,1,[],{},8,7.04540678486228,0.8,6,title_or_index_sheet,single_page,ok,0.98893921,2,1,3,5,2.75,5,742.82,"[15, 28, 1074, 970]","[17, 29, 1071, 965]","{""boundary_search_margin_fraction"":0.0775,""content_close_fraction"":0.012,""illumination_sigma_fraction"":0.09,""ink_quantile"":0.76,""minimum_page_area_fraction"":0.12,""projection_smooth_fraction"":0.002}",,,"{""legacy_parameter_set_id"":""2f8c24080e84"",""parameter_grid_ordinal"":5,""parameter_grid_sha256"":""2b71090b79396db5bda0ccd698577afaedd7b96516a4224089a6cef51a9b3f6b"",""parameter_identity_schema_version"":""1"",""parameter_identity_sha256"":""bf8c814bca9572c1e01c0cdfb093e17c6b466c8b55ed2c186f944c549e9fa2bb"",""parameter_schema_version"":""1"",""parameter_set_equivalence_family_id"":""2f8c24080e84"",""parameter_set_equivalence_family_sha256"":""2f8c24080e84a652bd90e4a53315f601d54641a31485f5b0f19edb6fc0fae7ad"",""parameter_set_equivalence_family_size"":1,""parameter_set_id"":""2f8c24080e84"",""parameters"":{""boundary_search_margin_fraction"":0.0775,""content_close_fraction"":0.012,""illumination_sigma_fraction"":0.09,""ink_quantile"":0.76,""minimum_page_area_fraction"":0.12,""projection_smooth_fraction"":0.002},""profile"":null,""rank"":5,""reference_roles"":[],""requested_search_member"":true,""run_id"":""run-20260902-194628"",""search_observation"":{""completion_index"":8,""elapsed_seconds"":7.04540678486228,""parameter_set_number"":8,""search_fraction"":0.8},""search_rank"":4,""search_space_member"":true,""summary"":{""elapsed_ms_total"":2663.722,""failure_count"":0,""mean_edge_error_px"":17.95,""mean_iou"":0.9374788,""mean_iou_success"":0.9374788,""minimum_iou"":0.84887072,""page_count"":5,""stddev_iou"":0.04726615,""success_count"":5,""wall_ms"":2664.285}}","{""approved_bbox"":[15,28,1074,970],""candidate"":{""authors"":null,""bbox"":[17,29,1071,965],""confidence"":0.9090290665626526,""corners"":[[17.0,29.0],[1071.0,29.0],[1071.0,965.0],[17.0,965.0]],""detector_name"":"""",""diagnostics"":{""content_box"":[0,0,1088,983],""evidence"":""scantailor_style_content_guided_page_frame"",""implementation"":""HTH clean-room OpenCV implementation; no ScanTailor source code embedded"",""page_area_fraction"":0.9224313326551373,""parameters"":{""boundary_search_margin_fraction"":0.0775,""content_close_fraction"":0.012,""illumination_sigma_fraction"":0.09,""ink_quantile"":0.76,""minimum_page_area_fraction"":0.12,""projection_smooth_fraction"":0.002},""score_components"":{""page_area"":1.0,""side_energy_balance"":0.8600447177886963},""side_edge_energy"":[200.6205291748047,239.20166015625,190.8263702392578,161.6904296875],""side_energy_balance"":0.8600447177886963},""foundation"":null,""method"":""scantailor_page_frame"",""origin"":"""",""repository"":"""",""score"":0.9090290665626526,""status"":""ok"",""version"":""""},""edge_error_maximum_px"":5,""edge_error_mean_px"":2.75,""edge_errors"":{""bottom"":5,""left"":2,""maximum"":5,""mean"":2.75,""right"":3,""top"":1},""elapsed_ms"":742.82,""global_ordinal"":6,""iou"":0.98893921,""label"":""title_or_index_sheet"",""layout_type"":""single_page"",""predicted_bbox"":[17,29,1071,965],""status"":""ok""}"
run-20260902-194628,2f8c24080e84,2f8c24080e84a652bd90e4a53315f601d54641a31485f5b0f19edb6fc0fae7ad,1,2f8c24080e84,bf8c814bca9572c1e01c0cdfb093e17c6b466c8b55ed2c186f944c549e9fa2bb,1,2b71090b79396db5bda0ccd698577afaedd7b96516a4224089a6cef51a9b3f6b,5,,5,4,1,1,[],{},8,7.04540678486228,0.8,9,clean_two_page_spread,two_page_spread,ok,0.84887072,9,3,164,4,45.0,164,458.949,"[84, 51, 1101, 941]","[75, 54, 1265, 937]","{""boundary_search_margin_fraction"":0.0775,""content_close_fraction"":0.012,""illumination_sigma_fraction"":0.09,""ink_quantile"":0.76,""minimum_page_area_fraction"":0.12,""projection_smooth_fraction"":0.002}",,,"{""legacy_parameter_set_id"":""2f8c24080e84"",""parameter_grid_ordinal"":5,""parameter_grid_sha256"":""2b71090b79396db5bda0ccd698577afaedd7b96516a4224089a6cef51a9b3f6b"",""parameter_identity_schema_version"":""1"",""parameter_identity_sha256"":""bf8c814bca9572c1e01c0cdfb093e17c6b466c8b55ed2c186f944c549e9fa2bb"",""parameter_schema_version"":""1"",""parameter_set_equivalence_family_id"":""2f8c24080e84"",""parameter_set_equivalence_family_sha256"":""2f8c24080e84a652bd90e4a53315f601d54641a31485f5b0f19edb6fc0fae7ad"",""parameter_set_equivalence_family_size"":1,""parameter_set_id"":""2f8c24080e84"",""parameters"":{""boundary_search_margin_fraction"":0.0775,""content_close_fraction"":0.012,""illumination_sigma_fraction"":0.09,""ink_quantile"":0.76,""minimum_page_area_fraction"":0.12,""projection_smooth_fraction"":0.002},""profile"":null,""rank"":5,""reference_roles"":[],""requested_search_member"":true,""run_id"":""run-20260902-194628"",""search_observation"":{""completion_index"":8,""elapsed_seconds"":7.04540678486228,""parameter_set_number"":8,""search_fraction"":0.8},""search_rank"":4,""search_space_member"":true,""summary"":{""elapsed_ms_total"":2663.722,""failure_count"":0,""mean_edge_error_px"":17.95,""mean_iou"":0.9374788,""mean_iou_success"":0.9374788,""minimum_iou"":0.84887072,""page_count"":5,""stddev_iou"":0.04726615,""success_count"":5,""wall_ms"":2664.285}}","{""approved_bbox"":[84,51,1101,941],""candidate"":{""authors"":null,""bbox"":[75,54,1265,937],""confidence"":0.8961310505867004,""corners"":[[75.0,54.0],[1265.0,54.0],[1265.0,937.0],[75.0,937.0]],""detector_name"":"""",""diagnostics"":{""content_box"":[29,0,1288,985],""evidence"":""scantailor_style_content_guided_page_frame"",""implementation"":""HTH clean-room OpenCV implementation; no ScanTailor source code embedded"",""page_area_fraction"":0.8282387993820348,""parameters"":{""boundary_search_margin_fraction"":0.0775,""content_close_fraction"":0.012,""illumination_sigma_fraction"":0.09,""ink_quantile"":0.76,""minimum_page_area_fraction"":0.12,""projection_smooth_fraction"":0.002},""score_components"":{""page_area"":1.0,""side_energy_balance"":0.8402016162872314},""side_edge_energy"":[124.80326080322266,97.52922058105469,152.67752075195312,118.35399627685547],""side_energy_balance"":0.8402016162872314},""foundation"":null,""method"":""scantailor_page_frame"",""origin"":"""",""repository"":"""",""score"":0.8961310505867004,""status"":""ok"",""version"":""""},""edge_error_maximum_px"":164,""edge_error_mean_px"":45.0,""edge_errors"":{""bottom"":4,""left"":9,""maximum"":164,""mean"":45.0,""right"":164,""top"":3},""elapsed_ms"":458.949,""global_ordinal"":9,""iou"":0.84887072,""label"":""clean_two_page_spread"",""layout_type"":""two_page_spread"",""predicted_bbox"":[75,54,1265,937],""status"":""ok""}"
run-20260902-194628,2f8c24080e84,2f8c24080e84a652bd90e4a53315f601d54641a31485f5b0f19edb6fc0fae7ad,1,2f8c24080e84,bf8c814bca9572c1e01c0cdfb093e17c6b466c8b55ed2c186f944c549e9fa2bb,1,2b71090b79396db5bda0ccd698577afaedd7b96516a4224089a6cef51a9b3f6b,5,,5,4,1,1,[],{},8,7.04540678486228,0.8,10,clean_two_page_spread_2,two_page_spread,ok,0.96105339,10,2,24,6,10.5,24,458.472,"[88, 33, 1154, 968]","[78, 35, 1178, 962]","{""boundary_search_margin_fraction"":0.0775,""content_close_fraction"":0.012,""illumination_sigma_fraction"":0.09,""ink_quantile"":0.76,""minimum_page_area_fraction"":0.12,""projection_smooth_fraction"":0.002}",,,"{""legacy_parameter_set_id"":""2f8c24080e84"",""parameter_grid_ordinal"":5,""parameter_grid_sha256"":""2b71090b79396db5bda0ccd698577afaedd7b96516a4224089a6cef51a9b3f6b"",""parameter_identity_schema_version"":""1"",""parameter_identity_sha256"":""bf8c814bca9572c1e01c0cdfb093e17c6b466c8b55ed2c186f944c549e9fa2bb"",""parameter_schema_version"":""1"",""parameter_set_equivalence_family_id"":""2f8c24080e84"",""parameter_set_equivalence_family_sha256"":""2f8c24080e84a652bd90e4a53315f601d54641a31485f5b0f19edb6fc0fae7ad"",""parameter_set_equivalence_family_size"":1,""parameter_set_id"":""2f8c24080e84"",""parameters"":{""boundary_search_margin_fraction"":0.0775,""content_close_fraction"":0.012,""illumination_sigma_fraction"":0.09,""ink_quantile"":0.76,""minimum_page_area_fraction"":0.12,""projection_smooth_fraction"":0.002},""profile"":null,""rank"":5,""reference_roles"":[],""requested_search_member"":true,""run_id"":""run-20260902-194628"",""search_observation"":{""completion_index"":8,""elapsed_seconds"":7.04540678486228,""parameter_set_number"":8,""search_fraction"":0.8},""search_rank"":4,""search_space_member"":true,""summary"":{""elapsed_ms_total"":2663.722,""failure_count"":0,""mean_edge_error_px"":17.95,""mean_iou"":0.9374788,""mean_iou_success"":0.9374788,""minimum_iou"":0.84887072,""page_count"":5,""stddev_iou"":0.04726615,""success_count"":5,""wall_ms"":2664.285}}","{""approved_bbox"":[88,33,1154,968],""candidate"":{""authors"":null,""bbox"":[78,35,1178,962],""confidence"":0.9321123123168945,""corners"":[[78.0,35.0],[1178.0,35.0],[1178.0,962.0],[78.0,962.0]],""detector_name"":"""",""diagnostics"":{""content_box"":[22,0,1268,990],""evidence"":""scantailor_style_content_guided_page_frame"",""implementation"":""HTH clean-room OpenCV implementation; no ScanTailor source code embedded"",""page_area_fraction"":0.8123028391167192,""parameters"":{""boundary_search_margin_fraction"":0.0775,""content_close_fraction"":0.012,""illumination_sigma_fraction"":0.09,""ink_quantile"":0.76,""minimum_page_area_fraction"":0.12,""projection_smooth_fraction"":0.002},""score_components"":{""page_area"":1.0,""side_energy_balance"":0.8955574035644531},""side_edge_energy"":[121.05921173095703,113.25765991210938,146.484619140625,117.1146240234375],""side_energy_balance"":0.8955574035644531},""foundation"":null,""method"":""scantailor_page_frame"",""origin"":"""",""repository"":"""",""score"":0.9321123123168945,""status"":""ok"",""version"":""""},""edge_error_maximum_px"":24,""edge_error_mean_px"":10.5,""edge_errors"":{""bottom"":6,""left"":10,""maximum"":24,""mean"":10.5,""right"":24,""top"":2},""elapsed_ms"":458.472,""global_ordinal"":10,""iou"":0.96105339,""label"":""clean_two_page_spread_2"",""layout_type"":""two_page_spread"",""predicted_bbox"":[78,35,1178,962],""status"":""ok""}"
run-20260902-194628,feb2ad721e81,feb2ad721e81278c63dfbd10946f5f421fd8eed8d3a572964de4688d8d380395,1,feb2ad721e81,36670e31e547fa7791da96045f34cae878a709abfeb0ef584fdf410e73ce37a7,1,2b71090b79396db5bda0ccd698577afaedd7b96516a4224089a6cef51a9b3f6b,6,,6,5,1,1,[],{},9,7.082211502827704,0.9,1,ordinary_two_page_spread,two_page_spread,ok,0.94765689,39,8,8,5,15.0,39,665.372,"[125, 56, 1289, 967]","[86, 64, 1281, 962]","{""boundary_search_margin_fraction"":0.08,""content_close_fraction"":0.012,""illumination_sigma_fraction"":0.09,""ink_quantile"":0.76,""minimum_page_area_fraction"":0.12,""projection_smooth_fraction"":0.002}",,,"{""legacy_parameter_set_id"":""feb2ad721e81"",""parameter_grid_ordinal"":6,""parameter_grid_sha256"":""2b71090b79396db5bda0ccd698577afaedd7b96516a4224089a6cef51a9b3f6b"",""parameter_identity_schema_version"":""1"",""parameter_identity_sha256"":""36670e31e547fa7791da96045f34cae878a709abfeb0ef584fdf410e73ce37a7"",""parameter_schema_version"":""1"",""parameter_set_equivalence_family_id"":""feb2ad721e81"",""parameter_set_equivalence_family_sha256"":""feb2ad721e81278c63dfbd10946f5f421fd8eed8d3a572964de4688d8d380395"",""parameter_set_equivalence_family_size"":1,""parameter_set_id"":""feb2ad721e81"",""parameters"":{""boundary_search_margin_fraction"":0.08,""content_close_fraction"":0.012,""illumination_sigma_fraction"":0.09,""ink_quantile"":0.76,""minimum_page_area_fraction"":0.12,""projection_smooth_fraction"":0.002},""profile"":null,""rank"":6,""reference_roles"":[],""requested_search_member"":true,""run_id"":""run-20260902-194628"",""search_observation"":{""completion_index"":9,""elapsed_seconds"":7.082211502827704,""parameter_set_number"":9,""search_fraction"":0.9},""search_rank"":5,""search_space_member"":true,""summary"":{""elapsed_ms_total"":2699.629,""failure_count"":0,""mean_edge_error_px"":17.95,""mean_iou"":0.9374788,""mean_iou_success"":0.9374788,""minimum_iou"":0.84887072,""page_count"":5,""stddev_iou"":0.04726615,""success_count"":5,""wall_ms"":2700.119}}","{""approved_bbox"":[125,56,1289,967],""candidate"":{""authors"":null,""bbox"":[86,64,1281,962],""confidence"":0.9165230512619018,""corners"":[[86.0,64.0],[1281.0,64.0],[1281.0,962.0],[86.0,962.0]],""detector_name"":"""",""diagnostics"":{""content_box"":[21,0,1375,986],""evidence"":""scantailor_style_content_guided_page_frame"",""implementation"":""HTH clean-room OpenCV implementation; no ScanTailor source code embedded"",""page_area_fraction"":0.7875158147494739,""parameters"":{""boundary_search_margin_fraction"":0.08,""content_close_fraction"":0.012,""illumination_sigma_fraction"":0.09,""ink_quantile"":0.76,""minimum_page_area_fraction"":0.12,""projection_smooth_fraction"":0.002},""score_components"":{""page_area"":1.0,""side_energy_balance"":0.8715739250183105},""side_edge_energy"":[105.9560546875,137.88465881347656,101.97805786132812,105.86490631103516],""side_energy_balance"":0.8715739250183105},""foundation"":null,""method"":""scantailor_page_frame"",""origin"":"""",""repository"":"""",""score"":0.9165230512619018,""status"":""ok"",""version"":""""},""edge_error_maximum_px"":39,""edge_error_mean_px"":15.0,""edge_errors"":{""bottom"":5,""left"":39,""maximum"":39,""mean"":15.0,""right"":8,""top"":8},""elapsed_ms"":665.372,""global_ordinal"":1,""iou"":0.94765689,""label"":""ordinary_two_page_spread"",""layout_type"":""two_page_spread"",""predicted_bbox"":[86,64,1281,962],""status"":""ok""}"
run-20260902-194628,feb2ad721e81,feb2ad721e81278c63dfbd10946f5f421fd8eed8d3a572964de4688d8d380395,1,feb2ad721e81,36670e31e547fa7791da96045f34cae878a709abfeb0ef584fdf410e73ce37a7,1,2b71090b79396db5bda0ccd698577afaedd7b96516a4224089a6cef51a9b3f6b,6,,6,5,1,1,[],{},9,7.082211502827704,0.9,5,damaged_partial_register_spread,two_page_spread,ok,0.94087378,30,13,17,6,16.5,30,771.208,"[67, 8, 1233, 977]","[97, 21, 1216, 971]","{""boundary_search_margin_fraction"":0.08,""content_close_fraction"":0.012,""illumination_sigma_fraction"":0.09,""ink_quantile"":0.76,""minimum_page_area_fraction"":0.12,""projection_smooth_fraction"":0.002}",,,"{""legacy_parameter_set_id"":""feb2ad721e81"",""parameter_grid_ordinal"":6,""parameter_grid_sha256"":""2b71090b79396db5bda0ccd698577afaedd7b96516a4224089a6cef51a9b3f6b"",""parameter_identity_schema_version"":""1"",""parameter_identity_sha256"":""36670e31e547fa7791da96045f34cae878a709abfeb0ef584fdf410e73ce37a7"",""parameter_schema_version"":""1"",""parameter_set_equivalence_family_id"":""feb2ad721e81"",""parameter_set_equivalence_family_sha256"":""feb2ad721e81278c63dfbd10946f5f421fd8eed8d3a572964de4688d8d380395"",""parameter_set_equivalence_family_size"":1,""parameter_set_id"":""feb2ad721e81"",""parameters"":{""boundary_search_margin_fraction"":0.08,""content_close_fraction"":0.012,""illumination_sigma_fraction"":0.09,""ink_quantile"":0.76,""minimum_page_area_fraction"":0.12,""projection_smooth_fraction"":0.002},""profile"":null,""rank"":6,""reference_roles"":[],""requested_search_member"":true,""run_id"":""run-20260902-194628"",""search_observation"":{""completion_index"":9,""elapsed_seconds"":7.082211502827704,""parameter_set_number"":9,""search_fraction"":0.9},""search_rank"":5,""search_space_member"":true,""summary"":{""elapsed_ms_total"":2699.629,""failure_count"":0,""mean_edge_error_px"":17.95,""mean_iou"":0.9374788,""mean_iou_success"":0.9374788,""minimum_iou"":0.84887072,""page_count"":5,""stddev_iou"":0.04726615,""success_count"":5,""wall_ms"":2700.119}}","{""approved_bbox"":[67,8,1233,977],""candidate"":{""authors"":null,""bbox"":[97,21,1216,971],""confidence"":0.7101638615131378,""corners"":[[97.0,21.0],[1216.0,21.0],[1216.0,971.0],[97.0,971.0]],""detector_name"":"""",""diagnostics"":{""content_box"":[0,0,1316,987],""evidence"":""scantailor_style_content_guided_page_frame"",""implementation"":""HTH clean-room OpenCV implementation; no ScanTailor source code embedded"",""page_area_fraction"":0.8184283219851997,""parameters"":{""boundary_search_margin_fraction"":0.08,""content_close_fraction"":0.012,""illumination_sigma_fraction"":0.09,""ink_quantile"":0.76,""minimum_page_area_fraction"":0.12,""projection_smooth_fraction"":0.002},""score_components"":{""page_area"":1.0,""side_energy_balance"":0.5540982484817505},""side_edge_energy"":[106.80574798583984,25.493345260620117,56.4890251159668,78.12158203125],""side_energy_balance"":0.5540982484817505},""foundation"":null,""method"":""scantailor_page_frame"",""origin"":"""",""repository"":"""",""score"":0.7101638615131378,""status"":""ok"",""version"":""""},""edge_error_maximum_px"":30,""edge_error_mean_px"":16.5,""edge_errors"":{""bottom"":6,""left"":30,""maximum"":30,""mean"":16.5,""right"":17,""top"":13},""elapsed_ms"":771.208,""global_ordinal"":5,""iou"":0.94087378,""label"":""damaged_partial_register_spread"",""layout_type"":""two_page_spread"",""predicted_bbox"":[97,21,1216,971],""status"":""ok""}"
run-20260902-194628,feb2ad721e81,feb2ad721e81278c63dfbd10946f5f421fd8eed8d3a572964de4688d8d380395,1,feb2ad721e81,36670e31e547fa7791da96045f34cae878a709abfeb0ef584fdf410e73ce37a7,1,2b71090b79396db5bda0ccd698577afaedd7b96516a4224089a6cef51a9b3f6b,6,,6,5,1,1,[],{},9,7.082211502827704,0.9,6,title_or_index_sheet,single_page,ok,0.98893921,2,1,3,5,2.75,5,429.161,"[15, 28, 1074, 970]","[17, 29, 1071, 965]","{""boundary_search_margin_fraction"":0.08,""content_close_fraction"":0.012,""illumination_sigma_fraction"":0.09,""ink_quantile"":0.76,""minimum_page_area_fraction"":0.12,""projection_smooth_fraction"":0.002}",,,"{""legacy_parameter_set_id"":""feb2ad721e81"",""parameter_grid_ordinal"":6,""parameter_grid_sha256"":""2b71090b79396db5bda0ccd698577afaedd7b96516a4224089a6cef51a9b3f6b"",""parameter_identity_schema_version"":""1"",""parameter_identity_sha256"":""36670e31e547fa7791da96045f34cae878a709abfeb0ef584fdf410e73ce37a7"",""parameter_schema_version"":""1"",""parameter_set_equivalence_family_id"":""feb2ad721e81"",""parameter_set_equivalence_family_sha256"":""feb2ad721e81278c63dfbd10946f5f421fd8eed8d3a572964de4688d8d380395"",""parameter_set_equivalence_family_size"":1,""parameter_set_id"":""feb2ad721e81"",""parameters"":{""boundary_search_margin_fraction"":0.08,""content_close_fraction"":0.012,""illumination_sigma_fraction"":0.09,""ink_quantile"":0.76,""minimum_page_area_fraction"":0.12,""projection_smooth_fraction"":0.002},""profile"":null,""rank"":6,""reference_roles"":[],""requested_search_member"":true,""run_id"":""run-20260902-194628"",""search_observation"":{""completion_index"":9,""elapsed_seconds"":7.082211502827704,""parameter_set_number"":9,""search_fraction"":0.9},""search_rank"":5,""search_space_member"":true,""summary"":{""elapsed_ms_total"":2699.629,""failure_count"":0,""mean_edge_error_px"":17.95,""mean_iou"":0.9374788,""mean_iou_success"":0.9374788,""minimum_iou"":0.84887072,""page_count"":5,""stddev_iou"":0.04726615,""success_count"":5,""wall_ms"":2700.119}}","{""approved_bbox"":[15,28,1074,970],""candidate"":{""authors"":null,""bbox"":[17,29,1071,965],""confidence"":0.9090290665626526,""corners"":[[17.0,29.0],[1071.0,29.0],[1071.0,965.0],[17.0,965.0]],""detector_name"":"""",""diagnostics"":{""content_box"":[0,0,1088,983],""evidence"":""scantailor_style_content_guided_page_frame"",""implementation"":""HTH clean-room OpenCV implementation; no ScanTailor source code embedded"",""page_area_fraction"":0.9224313326551373,""parameters"":{""boundary_search_margin_fraction"":0.08,""content_close_fraction"":0.012,""illumination_sigma_fraction"":0.09,""ink_quantile"":0.76,""minimum_page_area_fraction"":0.12,""projection_smooth_fraction"":0.002},""score_components"":{""page_area"":1.0,""side_energy_balance"":0.8600447177886963},""side_edge_energy"":[200.6205291748047,239.20166015625,190.8263702392578,161.6904296875],""side_energy_balance"":0.8600447177886963},""foundation"":null,""method"":""scantailor_page_frame"",""origin"":"""",""repository"":"""",""score"":0.9090290665626526,""status"":""ok"",""version"":""""},""edge_error_maximum_px"":5,""edge_error_mean_px"":2.75,""edge_errors"":{""bottom"":5,""left"":2,""maximum"":5,""mean"":2.75,""right"":3,""top"":1},""elapsed_ms"":429.161,""global_ordinal"":6,""iou"":0.98893921,""label"":""title_or_index_sheet"",""layout_type"":""single_page"",""predicted_bbox"":[17,29,1071,965],""status"":""ok""}"
run-20260902-194628,feb2ad721e81,feb2ad721e81278c63dfbd10946f5f421fd8eed8d3a572964de4688d8d380395,1,feb2ad721e81,36670e31e547fa7791da96045f34cae878a709abfeb0ef584fdf410e73ce37a7,1,2b71090b79396db5bda0ccd698577afaedd7b96516a4224089a6cef51a9b3f6b,6,,6,5,1,1,[],{},9,7.082211502827704,0.9,9,clean_two_page_spread,two_page_spread,ok,0.84887072,9,3,164,4,45.0,164,439.742,"[84, 51, 1101, 941]","[75, 54, 1265, 937]","{""boundary_search_margin_fraction"":0.08,""content_close_fraction"":0.012,""illumination_sigma_fraction"":0.09,""ink_quantile"":0.76,""minimum_page_area_fraction"":0.12,""projection_smooth_fraction"":0.002}",,,"{""legacy_parameter_set_id"":""feb2ad721e81"",""parameter_grid_ordinal"":6,""parameter_grid_sha256"":""2b71090b79396db5bda0ccd698577afaedd7b96516a4224089a6cef51a9b3f6b"",""parameter_identity_schema_version"":""1"",""parameter_identity_sha256"":""36670e31e547fa7791da96045f34cae878a709abfeb0ef584fdf410e73ce37a7"",""parameter_schema_version"":""1"",""parameter_set_equivalence_family_id"":""feb2ad721e81"",""parameter_set_equivalence_family_sha256"":""feb2ad721e81278c63dfbd10946f5f421fd8eed8d3a572964de4688d8d380395"",""parameter_set_equivalence_family_size"":1,""parameter_set_id"":""feb2ad721e81"",""parameters"":{""boundary_search_margin_fraction"":0.08,""content_close_fraction"":0.012,""illumination_sigma_fraction"":0.09,""ink_quantile"":0.76,""minimum_page_area_fraction"":0.12,""projection_smooth_fraction"":0.002},""profile"":null,""rank"":6,""reference_roles"":[],""requested_search_member"":true,""run_id"":""run-20260902-194628"",""search_observation"":{""completion_index"":9,""elapsed_seconds"":7.082211502827704,""parameter_set_number"":9,""search_fraction"":0.9},""search_rank"":5,""search_space_member"":true,""summary"":{""elapsed_ms_total"":2699.629,""failure_count"":0,""mean_edge_error_px"":17.95,""mean_iou"":0.9374788,""mean_iou_success"":0.9374788,""minimum_iou"":0.84887072,""page_count"":5,""stddev_iou"":0.04726615,""success_count"":5,""wall_ms"":2700.119}}","{""approved_bbox"":[84,51,1101,941],""candidate"":{""authors"":null,""bbox"":[75,54,1265,937],""confidence"":0.8961310505867004,""corners"":[[75.0,54.0],[1265.0,54.0],[1265.0,937.0],[75.0,937.0]],""detector_name"":"""",""diagnostics"":{""content_box"":[29,0,1288,985],""evidence"":""scantailor_style_content_guided_page_frame"",""implementation"":""HTH clean-room OpenCV implementation; no ScanTailor source code embedded"",""page_area_fraction"":0.8282387993820348,""parameters"":{""boundary_search_margin_fraction"":0.08,""content_close_fraction"":0.012,""illumination_sigma_fraction"":0.09,""ink_quantile"":0.76,""minimum_page_area_fraction"":0.12,""projection_smooth_fraction"":0.002},""score_components"":{""page_area"":1.0,""side_energy_balance"":0.8402016162872314},""side_edge_energy"":[124.80326080322266,97.52922058105469,152.67752075195312,118.35399627685547],""side_energy_balance"":0.8402016162872314},""foundation"":null,""method"":""scantailor_page_frame"",""origin"":"""",""repository"":"""",""score"":0.8961310505867004,""status"":""ok"",""version"":""""},""edge_error_maximum_px"":164,""edge_error_mean_px"":45.0,""edge_errors"":{""bottom"":4,""left"":9,""maximum"":164,""mean"":45.0,""right"":164,""top"":3},""elapsed_ms"":439.742,""global_ordinal"":9,""iou"":0.84887072,""label"":""clean_two_page_spread"",""layout_type"":""two_page_spread"",""predicted_bbox"":[75,54,1265,937],""status"":""ok""}"
run-20260902-194628,feb2ad721e81,feb2ad721e81278c63dfbd10946f5f421fd8eed8d3a572964de4688d8d380395,1,feb2ad721e81,36670e31e547fa7791da96045f34cae878a709abfeb0ef584fdf410e73ce37a7,1,2b71090b79396db5bda0ccd698577afaedd7b96516a4224089a6cef51a9b3f6b,6,,6,5,1,1,[],{},9,7.082211502827704,0.9,10,clean_two_page_spread_2,two_page_spread,ok,0.96105339,10,2,24,6,10.5,24,394.146,"[88, 33, 1154, 968]","[78, 35, 1178, 962]","{""boundary_search_margin_fraction"":0.08,""content_close_fraction"":0.012,""illumination_sigma_fraction"":0.09,""ink_quantile"":0.76,""minimum_page_area_fraction"":0.12,""projection_smooth_fraction"":0.002}",,,"{""legacy_parameter_set_id"":""feb2ad721e81"",""parameter_grid_ordinal"":6,""parameter_grid_sha256"":""2b71090b79396db5bda0ccd698577afaedd7b96516a4224089a6cef51a9b3f6b"",""parameter_identity_schema_version"":""1"",""parameter_identity_sha256"":""36670e31e547fa7791da96045f34cae878a709abfeb0ef584fdf410e73ce37a7"",""parameter_schema_version"":""1"",""parameter_set_equivalence_family_id"":""feb2ad721e81"",""parameter_set_equivalence_family_sha256"":""feb2ad721e81278c63dfbd10946f5f421fd8eed8d3a572964de4688d8d380395"",""parameter_set_equivalence_family_size"":1,""parameter_set_id"":""feb2ad721e81"",""parameters"":{""boundary_search_margin_fraction"":0.08,""content_close_fraction"":0.012,""illumination_sigma_fraction"":0.09,""ink_quantile"":0.76,""minimum_page_area_fraction"":0.12,""projection_smooth_fraction"":0.002},""profile"":null,""rank"":6,""reference_roles"":[],""requested_search_member"":true,""run_id"":""run-20260902-194628"",""search_observation"":{""completion_index"":9,""elapsed_seconds"":7.082211502827704,""parameter_set_number"":9,""search_fraction"":0.9},""search_rank"":5,""search_space_member"":true,""summary"":{""elapsed_ms_total"":2699.629,""failure_count"":0,""mean_edge_error_px"":17.95,""mean_iou"":0.9374788,""mean_iou_success"":0.9374788,""minimum_iou"":0.84887072,""page_count"":5,""stddev_iou"":0.04726615,""success_count"":5,""wall_ms"":2700.119}}","{""approved_bbox"":[88,33,1154,968],""candidate"":{""authors"":null,""bbox"":[78,35,1178,962],""confidence"":0.9321123123168945,""corners"":[[78.0,35.0],[1178.0,35.0],[1178.0,962.0],[78.0,962.0]],""detector_name"":"""",""diagnostics"":{""content_box"":[22,0,1268,990],""evidence"":""scantailor_style_content_guided_page_frame"",""implementation"":""HTH clean-room OpenCV implementation; no ScanTailor source code embedded"",""page_area_fraction"":0.8123028391167192,""parameters"":{""boundary_search_margin_fraction"":0.08,""content_close_fraction"":0.012,""illumination_sigma_fraction"":0.09,""ink_quantile"":0.76,""minimum_page_area_fraction"":0.12,""projection_smooth_fraction"":0.002},""score_components"":{""page_area"":1.0,""side_energy_balance"":0.8955574035644531},""side_edge_energy"":[121.05921173095703,113.25765991210938,146.484619140625,117.1146240234375],""side_energy_balance"":0.8955574035644531},""foundation"":null,""method"":""scantailor_page_frame"",""origin"":"""",""repository"":"""",""score"":0.9321123123168945,""status"":""ok"",""version"":""""},""edge_error_maximum_px"":24,""edge_error_mean_px"":10.5,""edge_errors"":{""bottom"":6,""left"":10,""maximum"":24,""mean"":10.5,""right"":24,""top"":2},""elapsed_ms"":394.146,""global_ordinal"":10,""iou"":0.96105339,""label"":""clean_two_page_spread_2"",""layout_type"":""two_page_spread"",""predicted_bbox"":[78,35,1178,962],""status"":""ok""}"
run-20260902-194628,e4ab9bbd27de,e4ab9bbd27de90af291f792c171bae8aee219724af5ce27ef68ca1d401b2ce3a,1,e4ab9bbd27de,a78267fdb9a0ba30b0340d16c501d9e602c5b216939be8a5bbf63a9e8b44a2d3,1,2b71090b79396db5bda0ccd698577afaedd7b96516a4224089a6cef51a9b3f6b,7,,7,6,1,1,[],{},5,6.89702262589708,0.5,1,ordinary_two_page_spread,two_page_spread,ok,0.94765689,39,8,8,5,15.0,39,476.62,"[125, 56, 1289, 967]","[86, 64, 1281, 962]","{""boundary_search_margin_fraction"":0.0825,""content_close_fraction"":0.012,""illumination_sigma_fraction"":0.09,""ink_quantile"":0.76,""minimum_page_area_fraction"":0.12,""projection_smooth_fraction"":0.002}",,,"{""legacy_parameter_set_id"":""e4ab9bbd27de"",""parameter_grid_ordinal"":7,""parameter_grid_sha256"":""2b71090b79396db5bda0ccd698577afaedd7b96516a4224089a6cef51a9b3f6b"",""parameter_identity_schema_version"":""1"",""parameter_identity_sha256"":""a78267fdb9a0ba30b0340d16c501d9e602c5b216939be8a5bbf63a9e8b44a2d3"",""parameter_schema_version"":""1"",""parameter_set_equivalence_family_id"":""e4ab9bbd27de"",""parameter_set_equivalence_family_sha256"":""e4ab9bbd27de90af291f792c171bae8aee219724af5ce27ef68ca1d401b2ce3a"",""parameter_set_equivalence_family_size"":1,""parameter_set_id"":""e4ab9bbd27de"",""parameters"":{""boundary_search_margin_fraction"":0.0825,""content_close_fraction"":0.012,""illumination_sigma_fraction"":0.09,""ink_quantile"":0.76,""minimum_page_area_fraction"":0.12,""projection_smooth_fraction"":0.002},""profile"":null,""rank"":7,""reference_roles"":[],""requested_search_member"":true,""run_id"":""run-20260902-194628"",""search_observation"":{""completion_index"":5,""elapsed_seconds"":6.89702262589708,""parameter_set_number"":5,""search_fraction"":0.5},""search_rank"":6,""search_space_member"":true,""summary"":{""elapsed_ms_total"":2513.411,""failure_count"":0,""mean_edge_error_px"":17.95,""mean_iou"":0.9374788,""mean_iou_success"":0.9374788,""minimum_iou"":0.84887072,""page_count"":5,""stddev_iou"":0.04726615,""success_count"":5,""wall_ms"":2513.94}}","{""approved_bbox"":[125,56,1289,967],""candidate"":{""authors"":null,""bbox"":[86,64,1281,962],""confidence"":0.9165230512619018,""corners"":[[86.0,64.0],[1281.0,64.0],[1281.0,962.0],[86.0,962.0]],""detector_name"":"""",""diagnostics"":{""content_box"":[21,0,1375,986],""evidence"":""scantailor_style_content_guided_page_frame"",""implementation"":""HTH clean-room OpenCV implementation; no ScanTailor source code embedded"",""page_area_fraction"":0.7875158147494739,""parameters"":{""boundary_search_margin_fraction"":0.0825,""content_close_fraction"":0.012,""illumination_sigma_fraction"":0.09,""ink_quantile"":0.76,""minimum_page_area_fraction"":0.12,""projection_smooth_fraction"":0.002},""score_components"":{""page_area"":1.0,""side_energy_balance"":0.8715739250183105},""side_edge_energy"":[105.9560546875,137.88465881347656,101.97805786132812,105.86490631103516],""side_energy_balance"":0.8715739250183105},""foundation"":null,""method"":""scantailor_page_frame"",""origin"":"""",""repository"":"""",""score"":0.9165230512619018,""status"":""ok"",""version"":""""},""edge_error_maximum_px"":39,""edge_error_mean_px"":15.0,""edge_errors"":{""bottom"":5,""left"":39,""maximum"":39,""mean"":15.0,""right"":8,""top"":8},""elapsed_ms"":476.62,""global_ordinal"":1,""iou"":0.94765689,""label"":""ordinary_two_page_spread"",""layout_type"":""two_page_spread"",""predicted_bbox"":[86,64,1281,962],""status"":""ok""}"
run-20260902-194628,e4ab9bbd27de,e4ab9bbd27de90af291f792c171bae8aee219724af5ce27ef68ca1d401b2ce3a,1,e4ab9bbd27de,a78267fdb9a0ba30b0340d16c501d9e602c5b216939be8a5bbf63a9e8b44a2d3,1,2b71090b79396db5bda0ccd698577afaedd7b96516a4224089a6cef51a9b3f6b,7,,7,6,1,1,[],{},5,6.89702262589708,0.5,5,damaged_partial_register_spread,two_page_spread,ok,0.94087378,30,13,17,6,16.5,30,484.281,"[67, 8, 1233, 977]","[97, 21, 1216, 971]","{""boundary_search_margin_fraction"":0.0825,""content_close_fraction"":0.012,""illumination_sigma_fraction"":0.09,""ink_quantile"":0.76,""minimum_page_area_fraction"":0.12,""projection_smooth_fraction"":0.002}",,,"{""legacy_parameter_set_id"":""e4ab9bbd27de"",""parameter_grid_ordinal"":7,""parameter_grid_sha256"":""2b71090b79396db5bda0ccd698577afaedd7b96516a4224089a6cef51a9b3f6b"",""parameter_identity_schema_version"":""1"",""parameter_identity_sha256"":""a78267fdb9a0ba30b0340d16c501d9e602c5b216939be8a5bbf63a9e8b44a2d3"",""parameter_schema_version"":""1"",""parameter_set_equivalence_family_id"":""e4ab9bbd27de"",""parameter_set_equivalence_family_sha256"":""e4ab9bbd27de90af291f792c171bae8aee219724af5ce27ef68ca1d401b2ce3a"",""parameter_set_equivalence_family_size"":1,""parameter_set_id"":""e4ab9bbd27de"",""parameters"":{""boundary_search_margin_fraction"":0.0825,""content_close_fraction"":0.012,""illumination_sigma_fraction"":0.09,""ink_quantile"":0.76,""minimum_page_area_fraction"":0.12,""projection_smooth_fraction"":0.002},""profile"":null,""rank"":7,""reference_roles"":[],""requested_search_member"":true,""run_id"":""run-20260902-194628"",""search_observation"":{""completion_index"":5,""elapsed_seconds"":6.89702262589708,""parameter_set_number"":5,""search_fraction"":0.5},""search_rank"":6,""search_space_member"":true,""summary"":{""elapsed_ms_total"":2513.411,""failure_count"":0,""mean_edge_error_px"":17.95,""mean_iou"":0.9374788,""mean_iou_success"":0.9374788,""minimum_iou"":0.84887072,""page_count"":5,""stddev_iou"":0.04726615,""success_count"":5,""wall_ms"":2513.94}}","{""approved_bbox"":[67,8,1233,977],""candidate"":{""authors"":null,""bbox"":[97,21,1216,971],""confidence"":0.7101638615131378,""corners"":[[97.0,21.0],[1216.0,21.0],[1216.0,971.0],[97.0,971.0]],""detector_name"":"""",""diagnostics"":{""content_box"":[0,0,1316,987],""evidence"":""scantailor_style_content_guided_page_frame"",""implementation"":""HTH clean-room OpenCV implementation; no ScanTailor source code embedded"",""page_area_fraction"":0.8184283219851997,""parameters"":{""boundary_search_margin_fraction"":0.0825,""content_close_fraction"":0.012,""illumination_sigma_fraction"":0.09,""ink_quantile"":0.76,""minimum_page_area_fraction"":0.12,""projection_smooth_fraction"":0.002},""score_components"":{""page_area"":1.0,""side_energy_balance"":0.5540982484817505},""side_edge_energy"":[106.80574798583984,25.493345260620117,56.4890251159668,78.12158203125],""side_energy_balance"":0.5540982484817505},""foundation"":null,""method"":""scantailor_page_frame"",""origin"":"""",""repository"":"""",""score"":0.7101638615131378,""status"":""ok"",""version"":""""},""edge_error_maximum_px"":30,""edge_error_mean_px"":16.5,""edge_errors"":{""bottom"":6,""left"":30,""maximum"":30,""mean"":16.5,""right"":17,""top"":13},""elapsed_ms"":484.281,""global_ordinal"":5,""iou"":0.94087378,""label"":""damaged_partial_register_spread"",""layout_type"":""two_page_spread"",""predicted_bbox"":[97,21,1216,971],""status"":""ok""}"
run-20260902-194628,e4ab9bbd27de,e4ab9bbd27de90af291f792c171bae8aee219724af5ce27ef68ca1d401b2ce3a,1,e4ab9bbd27de,a78267fdb9a0ba30b0340d16c501d9e602c5b216939be8a5bbf63a9e8b44a2d3,1,2b71090b79396db5bda0ccd698577afaedd7b96516a4224089a6cef51a9b3f6b,7,,7,6,1,1,[],{},5,6.89702262589708,0.5,6,title_or_index_sheet,single_page,ok,0.98893921,2,1,3,5,2.75,5,565.496,"[15, 28, 1074, 970]","[17, 29, 1071, 965]","{""boundary_search_margin_fraction"":0.0825,""content_close_fraction"":0.012,""illumination_sigma_fraction"":0.09,""ink_quantile"":0.76,""minimum_page_area_fraction"":0.12,""projection_smooth_fraction"":0.002}",,,"{""legacy_parameter_set_id"":""e4ab9bbd27de"",""parameter_grid_ordinal"":7,""parameter_grid_sha256"":""2b71090b79396db5bda0ccd698577afaedd7b96516a4224089a6cef51a9b3f6b"",""parameter_identity_schema_version"":""1"",""parameter_identity_sha256"":""a78267fdb9a0ba30b0340d16c501d9e602c5b216939be8a5bbf63a9e8b44a2d3"",""parameter_schema_version"":""1"",""parameter_set_equivalence_family_id"":""e4ab9bbd27de"",""parameter_set_equivalence_family_sha256"":""e4ab9bbd27de90af291f792c171bae8aee219724af5ce27ef68ca1d401b2ce3a"",""parameter_set_equivalence_family_size"":1,""parameter_set_id"":""e4ab9bbd27de"",""parameters"":{""boundary_search_margin_fraction"":0.0825,""content_close_fraction"":0.012,""illumination_sigma_fraction"":0.09,""ink_quantile"":0.76,""minimum_page_area_fraction"":0.12,""projection_smooth_fraction"":0.002},""profile"":null,""rank"":7,""reference_roles"":[],""requested_search_member"":true,""run_id"":""run-20260902-194628"",""search_observation"":{""completion_index"":5,""elapsed_seconds"":6.89702262589708,""parameter_set_number"":5,""search_fraction"":0.5},""search_rank"":6,""search_space_member"":true,""summary"":{""elapsed_ms_total"":2513.411,""failure_count"":0,""mean_edge_error_px"":17.95,""mean_iou"":0.9374788,""mean_iou_success"":0.9374788,""minimum_iou"":0.84887072,""page_count"":5,""stddev_iou"":0.04726615,""success_count"":5,""wall_ms"":2513.94}}","{""approved_bbox"":[15,28,1074,970],""candidate"":{""authors"":null,""bbox"":[17,29,1071,965],""confidence"":0.9090290665626526,""corners"":[[17.0,29.0],[1071.0,29.0],[1071.0,965.0],[17.0,965.0]],""detector_name"":"""",""diagnostics"":{""content_box"":[0,0,1088,983],""evidence"":""scantailor_style_content_guided_page_frame"",""implementation"":""HTH clean-room OpenCV implementation; no ScanTailor source code embedded"",""page_area_fraction"":0.9224313326551373,""parameters"":{""boundary_search_margin_fraction"":0.0825,""content_close_fraction"":0.012,""illumination_sigma_fraction"":0.09,""ink_quantile"":0.76,""minimum_page_area_fraction"":0.12,""projection_smooth_fraction"":0.002},""score_components"":{""page_area"":1.0,""side_energy_balance"":0.8600447177886963},""side_edge_energy"":[200.6205291748047,239.20166015625,190.8263702392578,161.6904296875],""side_energy_balance"":0.8600447177886963},""foundation"":null,""method"":""scantailor_page_frame"",""origin"":"""",""repository"":"""",""score"":0.9090290665626526,""status"":""ok"",""version"":""""},""edge_error_maximum_px"":5,""edge_error_mean_px"":2.75,""edge_errors"":{""bottom"":5,""left"":2,""maximum"":5,""mean"":2.75,""right"":3,""top"":1},""elapsed_ms"":565.496,""global_ordinal"":6,""iou"":0.98893921,""label"":""title_or_index_sheet"",""layout_type"":""single_page"",""predicted_bbox"":[17,29,1071,965],""status"":""ok""}"
run-20260902-194628,e4ab9bbd27de,e4ab9bbd27de90af291f792c171bae8aee219724af5ce27ef68ca1d401b2ce3a,1,e4ab9bbd27de,a78267fdb9a0ba30b0340d16c501d9e602c5b216939be8a5bbf63a9e8b44a2d3,1,2b71090b79396db5bda0ccd698577afaedd7b96516a4224089a6cef51a9b3f6b,7,,7,6,1,1,[],{},5,6.89702262589708,0.5,9,clean_two_page_spread,two_page_spread,ok,0.84887072,9,3,164,4,45.0,164,536.844,"[84, 51, 1101, 941]","[75, 54, 1265, 937]","{""boundary_search_margin_fraction"":0.0825,""content_close_fraction"":0.012,""illumination_sigma_fraction"":0.09,""ink_quantile"":0.76,""minimum_page_area_fraction"":0.12,""projection_smooth_fraction"":0.002}",,,"{""legacy_parameter_set_id"":""e4ab9bbd27de"",""parameter_grid_ordinal"":7,""parameter_grid_sha256"":""2b71090b79396db5bda0ccd698577afaedd7b96516a4224089a6cef51a9b3f6b"",""parameter_identity_schema_version"":""1"",""parameter_identity_sha256"":""a78267fdb9a0ba30b0340d16c501d9e602c5b216939be8a5bbf63a9e8b44a2d3"",""parameter_schema_version"":""1"",""parameter_set_equivalence_family_id"":""e4ab9bbd27de"",""parameter_set_equivalence_family_sha256"":""e4ab9bbd27de90af291f792c171bae8aee219724af5ce27ef68ca1d401b2ce3a"",""parameter_set_equivalence_family_size"":1,""parameter_set_id"":""e4ab9bbd27de"",""parameters"":{""boundary_search_margin_fraction"":0.0825,""content_close_fraction"":0.012,""illumination_sigma_fraction"":0.09,""ink_quantile"":0.76,""minimum_page_area_fraction"":0.12,""projection_smooth_fraction"":0.002},""profile"":null,""rank"":7,""reference_roles"":[],""requested_search_member"":true,""run_id"":""run-20260902-194628"",""search_observation"":{""completion_index"":5,""elapsed_seconds"":6.89702262589708,""parameter_set_number"":5,""search_fraction"":0.5},""search_rank"":6,""search_space_member"":true,""summary"":{""elapsed_ms_total"":2513.411,""failure_count"":0,""mean_edge_error_px"":17.95,""mean_iou"":0.9374788,""mean_iou_success"":0.9374788,""minimum_iou"":0.84887072,""page_count"":5,""stddev_iou"":0.04726615,""success_count"":5,""wall_ms"":2513.94}}","{""approved_bbox"":[84,51,1101,941],""candidate"":{""authors"":null,""bbox"":[75,54,1265,937],""confidence"":0.8961310505867004,""corners"":[[75.0,54.0],[1265.0,54.0],[1265.0,937.0],[75.0,937.0]],""detector_name"":"""",""diagnostics"":{""content_box"":[29,0,1288,985],""evidence"":""scantailor_style_content_guided_page_frame"",""implementation"":""HTH clean-room OpenCV implementation; no ScanTailor source code embedded"",""page_area_fraction"":0.8282387993820348,""parameters"":{""boundary_search_margin_fraction"":0.0825,""content_close_fraction"":0.012,""illumination_sigma_fraction"":0.09,""ink_quantile"":0.76,""minimum_page_area_fraction"":0.12,""projection_smooth_fraction"":0.002},""score_components"":{""page_area"":1.0,""side_energy_balance"":0.8402016162872314},""side_edge_energy"":[124.80326080322266,97.52922058105469,152.67752075195312,118.35399627685547],""side_energy_balance"":0.8402016162872314},""foundation"":null,""method"":""scantailor_page_frame"",""origin"":"""",""repository"":"""",""score"":0.8961310505867004,""status"":""ok"",""version"":""""},""edge_error_maximum_px"":164,""edge_error_mean_px"":45.0,""edge_errors"":{""bottom"":4,""left"":9,""maximum"":164,""mean"":45.0,""right"":164,""top"":3},""elapsed_ms"":536.844,""global_ordinal"":9,""iou"":0.84887072,""label"":""clean_two_page_spread"",""layout_type"":""two_page_spread"",""predicted_bbox"":[75,54,1265,937],""status"":""ok""}"
run-20260902-194628,e4ab9bbd27de,e4ab9bbd27de90af291f792c171bae8aee219724af5ce27ef68ca1d401b2ce3a,1,e4ab9bbd27de,a78267fdb9a0ba30b0340d16c501d9e602c5b216939be8a5bbf63a9e8b44a2d3,1,2b71090b79396db5bda0ccd698577afaedd7b96516a4224089a6cef51a9b3f6b,7,,7,6,1,1,[],{},5,6.89702262589708,0.5,10,clean_two_page_spread_2,two_page_spread,ok,0.96105339,10,2,24,6,10.5,24,450.17,"[88, 33, 1154, 968]","[78, 35, 1178, 962]","{""boundary_search_margin_fraction"":0.0825,""content_close_fraction"":0.012,""illumination_sigma_fraction"":0.09,""ink_quantile"":0.76,""minimum_page_area_fraction"":0.12,""projection_smooth_fraction"":0.002}",,,"{""legacy_parameter_set_id"":""e4ab9bbd27de"",""parameter_grid_ordinal"":7,""parameter_grid_sha256"":""2b71090b79396db5bda0ccd698577afaedd7b96516a4224089a6cef51a9b3f6b"",""parameter_identity_schema_version"":""1"",""parameter_identity_sha256"":""a78267fdb9a0ba30b0340d16c501d9e602c5b216939be8a5bbf63a9e8b44a2d3"",""parameter_schema_version"":""1"",""parameter_set_equivalence_family_id"":""e4ab9bbd27de"",""parameter_set_equivalence_family_sha256"":""e4ab9bbd27de90af291f792c171bae8aee219724af5ce27ef68ca1d401b2ce3a"",""parameter_set_equivalence_family_size"":1,""parameter_set_id"":""e4ab9bbd27de"",""parameters"":{""boundary_search_margin_fraction"":0.0825,""content_close_fraction"":0.012,""illumination_sigma_fraction"":0.09,""ink_quantile"":0.76,""minimum_page_area_fraction"":0.12,""projection_smooth_fraction"":0.002},""profile"":null,""rank"":7,""reference_roles"":[],""requested_search_member"":true,""run_id"":""run-20260902-194628"",""search_observation"":{""completion_index"":5,""elapsed_seconds"":6.89702262589708,""parameter_set_number"":5,""search_fraction"":0.5},""search_rank"":6,""search_space_member"":true,""summary"":{""elapsed_ms_total"":2513.411,""failure_count"":0,""mean_edge_error_px"":17.95,""mean_iou"":0.9374788,""mean_iou_success"":0.9374788,""minimum_iou"":0.84887072,""page_count"":5,""stddev_iou"":0.04726615,""success_count"":5,""wall_ms"":2513.94}}","{""approved_bbox"":[88,33,1154,968],""candidate"":{""authors"":null,""bbox"":[78,35,1178,962],""confidence"":0.9321123123168945,""corners"":[[78.0,35.0],[1178.0,35.0],[1178.0,962.0],[78.0,962.0]],""detector_name"":"""",""diagnostics"":{""content_box"":[22,0,1268,990],""evidence"":""scantailor_style_content_guided_page_frame"",""implementation"":""HTH clean-room OpenCV implementation; no ScanTailor source code embedded"",""page_area_fraction"":0.8123028391167192,""parameters"":{""boundary_search_margin_fraction"":0.0825,""content_close_fraction"":0.012,""illumination_sigma_fraction"":0.09,""ink_quantile"":0.76,""minimum_page_area_fraction"":0.12,""projection_smooth_fraction"":0.002},""score_components"":{""page_area"":1.0,""side_energy_balance"":0.8955574035644531},""side_edge_energy"":[121.05921173095703,113.25765991210938,146.484619140625,117.1146240234375],""side_energy_balance"":0.8955574035644531},""foundation"":null,""method"":""scantailor_page_frame"",""origin"":"""",""repository"":"""",""score"":0.9321123123168945,""status"":""ok"",""version"":""""},""edge_error_maximum_px"":24,""edge_error_mean_px"":10.5,""edge_errors"":{""bottom"":6,""left"":10,""maximum"":24,""mean"":10.5,""right"":24,""top"":2},""elapsed_ms"":450.17,""global_ordinal"":10,""iou"":0.96105339,""label"":""clean_two_page_spread_2"",""layout_type"":""two_page_spread"",""predicted_bbox"":[78,35,1178,962],""status"":""ok""}"
run-20260902-194628,9ffdf5740a41,9ffdf5740a41590564efa0d0e0ae0975141f9b756a658b69ce15318e5ebc86e5,1,9ffdf5740a41,f7f17877d75f15784ae88f347afba6fa791bb2e68f2a122b22709bb33dc0124b,1,2b71090b79396db5bda0ccd698577afaedd7b96516a4224089a6cef51a9b3f6b,0,,8,7,1,1,[],{},3,6.657911838963628,0.3,1,ordinary_two_page_spread,two_page_spread,ok,0.95196104,39,7,4,5,13.75,39,570.116,"[125, 56, 1289, 967]","[86, 63, 1285, 962]","{""boundary_search_margin_fraction"":0.065,""content_close_fraction"":0.012,""illumination_sigma_fraction"":0.09,""ink_quantile"":0.76,""minimum_page_area_fraction"":0.12,""projection_smooth_fraction"":0.002}",,,"{""legacy_parameter_set_id"":""9ffdf5740a41"",""parameter_grid_ordinal"":0,""parameter_grid_sha256"":""2b71090b79396db5bda0ccd698577afaedd7b96516a4224089a6cef51a9b3f6b"",""parameter_identity_schema_version"":""1"",""parameter_identity_sha256"":""f7f17877d75f15784ae88f347afba6fa791bb2e68f2a122b22709bb33dc0124b"",""parameter_schema_version"":""1"",""parameter_set_equivalence_family_id"":""9ffdf5740a41"",""parameter_set_equivalence_family_sha256"":""9ffdf5740a41590564efa0d0e0ae0975141f9b756a658b69ce15318e5ebc86e5"",""parameter_set_equivalence_family_size"":1,""parameter_set_id"":""9ffdf5740a41"",""parameters"":{""boundary_search_margin_fraction"":0.065,""content_close_fraction"":0.012,""illumination_sigma_fraction"":0.09,""ink_quantile"":0.76,""minimum_page_area_fraction"":0.12,""projection_smooth_fraction"":0.002},""profile"":null,""rank"":8,""reference_roles"":[],""requested_search_member"":true,""run_id"":""run-20260902-194628"",""search_observation"":{""completion_index"":3,""elapsed_seconds"":6.657911838963628,""parameter_set_number"":3,""search_fraction"":0.3},""search_rank"":7,""search_space_member"":true,""summary"":{""elapsed_ms_total"":2702.655,""failure_count"":0,""mean_edge_error_px"":20.3,""mean_iou"":0.93067581,""mean_iou_success"":0.93067581,""minimum_iou"":0.84887072,""page_count"":5,""stddev_iou"":0.04804771,""success_count"":5,""wall_ms"":2703.33}}","{""approved_bbox"":[125,56,1289,967],""candidate"":{""authors"":null,""bbox"":[86,63,1285,962],""confidence"":0.9097114473581314,""corners"":[[86.0,63.0],[1285.0,63.0],[1285.0,962.0],[86.0,962.0]],""detector_name"":"""",""diagnostics"":{""content_box"":[21,0,1375,986],""evidence"":""scantailor_style_content_guided_page_frame"",""implementation"":""HTH clean-room OpenCV implementation; no ScanTailor source code embedded"",""page_area_fraction"":0.7910317527879459,""parameters"":{""boundary_search_margin_fraction"":0.065,""content_close_fraction"":0.012,""illumination_sigma_fraction"":0.09,""ink_quantile"":0.76,""minimum_page_area_fraction"":0.12,""projection_smooth_fraction"":0.002},""score_components"":{""page_area"":1.0,""side_energy_balance"":0.8610945343971252},""side_edge_energy"":[105.9560546875,73.68690490722656,101.5286636352539,105.86490631103516],""side_energy_balance"":0.8610945343971252},""foundation"":null,""method"":""scantailor_page_frame"",""origin"":"""",""repository"":"""",""score"":0.9097114473581314,""status"":""ok"",""version"":""""},""edge_error_maximum_px"":39,""edge_error_mean_px"":13.75,""edge_errors"":{""bottom"":5,""left"":39,""maximum"":39,""mean"":13.75,""right"":4,""top"":7},""elapsed_ms"":570.116,""global_ordinal"":1,""iou"":0.95196104,""label"":""ordinary_two_page_spread"",""layout_type"":""two_page_spread"",""predicted_bbox"":[86,63,1285,962],""status"":""ok""}"
run-20260902-194628,9ffdf5740a41,9ffdf5740a41590564efa0d0e0ae0975141f9b756a658b69ce15318e5ebc86e5,1,9ffdf5740a41,f7f17877d75f15784ae88f347afba6fa791bb2e68f2a122b22709bb33dc0124b,1,2b71090b79396db5bda0ccd698577afaedd7b96516a4224089a6cef51a9b3f6b,0,,8,7,1,1,[],{},3,6.657911838963628,0.3,5,damaged_partial_register_spread,two_page_spread,ok,0.90943659,18,13,73,6,27.5,73,420.42,"[67, 8, 1233, 977]","[85, 21, 1306, 971]","{""boundary_search_margin_fraction"":0.065,""content_close_fraction"":0.012,""illumination_sigma_fraction"":0.09,""ink_quantile"":0.76,""minimum_page_area_fraction"":0.12,""projection_smooth_fraction"":0.002}",,,"{""legacy_parameter_set_id"":""9ffdf5740a41"",""parameter_grid_ordinal"":0,""parameter_grid_sha256"":""2b71090b79396db5bda0ccd698577afaedd7b96516a4224089a6cef51a9b3f6b"",""parameter_identity_schema_version"":""1"",""parameter_identity_sha256"":""f7f17877d75f15784ae88f347afba6fa791bb2e68f2a122b22709bb33dc0124b"",""parameter_schema_version"":""1"",""parameter_set_equivalence_family_id"":""9ffdf5740a41"",""parameter_set_equivalence_family_sha256"":""9ffdf5740a41590564efa0d0e0ae0975141f9b756a658b69ce15318e5ebc86e5"",""parameter_set_equivalence_family_size"":1,""parameter_set_id"":""9ffdf5740a41"",""parameters"":{""boundary_search_margin_fraction"":0.065,""content_close_fraction"":0.012,""illumination_sigma_fraction"":0.09,""ink_quantile"":0.76,""minimum_page_area_fraction"":0.12,""projection_smooth_fraction"":0.002},""profile"":null,""rank"":8,""reference_roles"":[],""requested_search_member"":true,""run_id"":""run-20260902-194628"",""search_observation"":{""completion_index"":3,""elapsed_seconds"":6.657911838963628,""parameter_set_number"":3,""search_fraction"":0.3},""search_rank"":7,""search_space_member"":true,""summary"":{""elapsed_ms_total"":2702.655,""failure_count"":0,""mean_edge_error_px"":20.3,""mean_iou"":0.93067581,""mean_iou_success"":0.93067581,""minimum_iou"":0.84887072,""page_count"":5,""stddev_iou"":0.04804771,""success_count"":5,""wall_ms"":2703.33}}","{""approved_bbox"":[67,8,1233,977],""candidate"":{""authors"":null,""bbox"":[85,21,1306,971],""confidence"":0.6911872208118439,""corners"":[[85.0,21.0],[1306.0,21.0],[1306.0,971.0],[85.0,971.0]],""detector_name"":"""",""diagnostics"":{""content_box"":[0,0,1316,987],""evidence"":""scantailor_style_content_guided_page_frame"",""implementation"":""HTH clean-room OpenCV implementation; no ScanTailor source code embedded"",""page_area_fraction"":0.893030367420848,""parameters"":{""boundary_search_margin_fraction"":0.065,""content_close_fraction"":0.012,""illumination_sigma_fraction"":0.09,""ink_quantile"":0.76,""minimum_page_area_fraction"":0.12,""projection_smooth_fraction"":0.002},""score_components"":{""page_area"":1.0,""side_energy_balance"":0.524903416633606},""side_edge_energy"":[82.87178039550781,13.457223892211914,56.4890251159668,78.12158203125],""side_energy_balance"":0.524903416633606},""foundation"":null,""method"":""scantailor_page_frame"",""origin"":"""",""repository"":"""",""score"":0.6911872208118439,""status"":""ok"",""version"":""""},""edge_error_maximum_px"":73,""edge_error_mean_px"":27.5,""edge_errors"":{""bottom"":6,""left"":18,""maximum"":73,""mean"":27.5,""right"":73,""top"":13},""elapsed_ms"":420.42,""global_ordinal"":5,""iou"":0.90943659,""label"":""damaged_partial_register_spread"",""layout_type"":""two_page_spread"",""predicted_bbox"":[85,21,1306,971],""status"":""ok""}"
run-20260902-194628,9ffdf5740a41,9ffdf5740a41590564efa0d0e0ae0975141f9b756a658b69ce15318e5ebc86e5,1,9ffdf5740a41,f7f17877d75f15784ae88f347afba6fa791bb2e68f2a122b22709bb33dc0124b,1,2b71090b79396db5bda0ccd698577afaedd7b96516a4224089a6cef51a9b3f6b,0,,8,7,1,1,[],{},3,6.657911838963628,0.3,6,title_or_index_sheet,single_page,ok,0.98893921,2,1,3,5,2.75,5,451.142,"[15, 28, 1074, 970]","[17, 29, 1071, 965]","{""boundary_search_margin_fraction"":0.065,""content_close_fraction"":0.012,""illumination_sigma_fraction"":0.09,""ink_quantile"":0.76,""minimum_page_area_fraction"":0.12,""projection_smooth_fraction"":0.002}",,,"{""legacy_parameter_set_id"":""9ffdf5740a41"",""parameter_grid_ordinal"":0,""parameter_grid_sha256"":""2b71090b79396db5bda0ccd698577afaedd7b96516a4224089a6cef51a9b3f6b"",""parameter_identity_schema_version"":""1"",""parameter_identity_sha256"":""f7f17877d75f15784ae88f347afba6fa791bb2e68f2a122b22709bb33dc0124b"",""parameter_schema_version"":""1"",""parameter_set_equivalence_family_id"":""9ffdf5740a41"",""parameter_set_equivalence_family_sha256"":""9ffdf5740a41590564efa0d0e0ae0975141f9b756a658b69ce15318e5ebc86e5"",""parameter_set_equivalence_family_size"":1,""parameter_set_id"":""9ffdf5740a41"",""parameters"":{""boundary_search_margin_fraction"":0.065,""content_close_fraction"":0.012,""illumination_sigma_fraction"":0.09,""ink_quantile"":0.76,""minimum_page_area_fraction"":0.12,""projection_smooth_fraction"":0.002},""profile"":null,""rank"":8,""reference_roles"":[],""requested_search_member"":true,""run_id"":""run-20260902-194628"",""search_observation"":{""completion_index"":3,""elapsed_seconds"":6.657911838963628,""parameter_set_number"":3,""search_fraction"":0.3},""search_rank"":7,""search_space_member"":true,""summary"":{""elapsed_ms_total"":2702.655,""failure_count"":0,""mean_edge_error_px"":20.3,""mean_iou"":0.93067581,""mean_iou_success"":0.93067581,""minimum_iou"":0.84887072,""page_count"":5,""stddev_iou"":0.04804771,""success_count"":5,""wall_ms"":2703.33}}","{""approved_bbox"":[15,28,1074,970],""candidate"":{""authors"":null,""bbox"":[17,29,1071,965],""confidence"":0.9090290665626526,""corners"":[[17.0,29.0],[1071.0,29.0],[1071.0,965.0],[17.0,965.0]],""detector_name"":"""",""diagnostics"":{""content_box"":[0,0,1088,983],""evidence"":""scantailor_style_content_guided_page_frame"",""implementation"":""HTH clean-room OpenCV implementation; no ScanTailor source code embedded"",""page_area_fraction"":0.9224313326551373,""parameters"":{""boundary_search_margin_fraction"":0.065,""content_close_fraction"":0.012,""illumination_sigma_fraction"":0.09,""ink_quantile"":0.76,""minimum_page_area_fraction"":0.12,""projection_smooth_fraction"":0.002},""score_components"":{""page_area"":1.0,""side_energy_balance"":0.8600447177886963},""side_edge_energy"":[200.6205291748047,239.20166015625,190.8263702392578,161.6904296875],""side_energy_balance"":0.8600447177886963},""foundation"":null,""method"":""scantailor_page_frame"",""origin"":"""",""repository"":"""",""score"":0.9090290665626526,""status"":""ok"",""version"":""""},""edge_error_maximum_px"":5,""edge_error_mean_px"":2.75,""edge_errors"":{""bottom"":5,""left"":2,""maximum"":5,""mean"":2.75,""right"":3,""top"":1},""elapsed_ms"":451.142,""global_ordinal"":6,""iou"":0.98893921,""label"":""title_or_index_sheet"",""layout_type"":""single_page"",""predicted_bbox"":[17,29,1071,965],""status"":""ok""}"
run-20260902-194628,9ffdf5740a41,9ffdf5740a41590564efa0d0e0ae0975141f9b756a658b69ce15318e5ebc86e5,1,9ffdf5740a41,f7f17877d75f15784ae88f347afba6fa791bb2e68f2a122b22709bb33dc0124b,1,2b71090b79396db5bda0ccd698577afaedd7b96516a4224089a6cef51a9b3f6b,0,,8,7,1,1,[],{},3,6.657911838963628,0.3,9,clean_two_page_spread,two_page_spread,ok,0.84887072,9,3,164,4,45.0,164,496.584,"[84, 51, 1101, 941]","[75, 54, 1265, 937]","{""boundary_search_margin_fraction"":0.065,""content_close_fraction"":0.012,""illumination_sigma_fraction"":0.09,""ink_quantile"":0.76,""minimum_page_area_fraction"":0.12,""projection_smooth_fraction"":0.002}",,,"{""legacy_parameter_set_id"":""9ffdf5740a41"",""parameter_grid_ordinal"":0,""parameter_grid_sha256"":""2b71090b79396db5bda0ccd698577afaedd7b96516a4224089a6cef51a9b3f6b"",""parameter_identity_schema_version"":""1"",""parameter_identity_sha256"":""f7f17877d75f15784ae88f347afba6fa791bb2e68f2a122b22709bb33dc0124b"",""parameter_schema_version"":""1"",""parameter_set_equivalence_family_id"":""9ffdf5740a41"",""parameter_set_equivalence_family_sha256"":""9ffdf5740a41590564efa0d0e0ae0975141f9b756a658b69ce15318e5ebc86e5"",""parameter_set_equivalence_family_size"":1,""parameter_set_id"":""9ffdf5740a41"",""parameters"":{""boundary_search_margin_fraction"":0.065,""content_close_fraction"":0.012,""illumination_sigma_fraction"":0.09,""ink_quantile"":0.76,""minimum_page_area_fraction"":0.12,""projection_smooth_fraction"":0.002},""profile"":null,""rank"":8,""reference_roles"":[],""requested_search_member"":true,""run_id"":""run-20260902-194628"",""search_observation"":{""completion_index"":3,""elapsed_seconds"":6.657911838963628,""parameter_set_number"":3,""search_fraction"":0.3},""search_rank"":7,""search_space_member"":true,""summary"":{""elapsed_ms_total"":2702.655,""failure_count"":0,""mean_edge_error_px"":20.3,""mean_iou"":0.93067581,""mean_iou_success"":0.93067581,""minimum_iou"":0.84887072,""page_count"":5,""stddev_iou"":0.04804771,""success_count"":5,""wall_ms"":2703.33}}","{""approved_bbox"":[84,51,1101,941],""candidate"":{""authors"":null,""bbox"":[75,54,1265,937],""confidence"":0.8961310505867004,""corners"":[[75.0,54.0],[1265.0,54.0],[1265.0,937.0],[75.0,937.0]],""detector_name"":"""",""diagnostics"":{""content_box"":[29,0,1288,985],""evidence"":""scantailor_style_content_guided_page_frame"",""implementation"":""HTH clean-room OpenCV implementation; no ScanTailor source code embedded"",""page_area_fraction"":0.8282387993820348,""parameters"":{""boundary_search_margin_fraction"":0.065,""content_close_fraction"":0.012,""illumination_sigma_fraction"":0.09,""ink_quantile"":0.76,""minimum_page_area_fraction"":0.12,""projection_smooth_fraction"":0.002},""score_components"":{""page_area"":1.0,""side_energy_balance"":0.8402016162872314},""side_edge_energy"":[124.80326080322266,97.52922058105469,152.67752075195312,118.35399627685547],""side_energy_balance"":0.8402016162872314},""foundation"":null,""method"":""scantailor_page_frame"",""origin"":"""",""repository"":"""",""score"":0.8961310505867004,""status"":""ok"",""version"":""""},""edge_error_maximum_px"":164,""edge_error_mean_px"":45.0,""edge_errors"":{""bottom"":4,""left"":9,""maximum"":164,""mean"":45.0,""right"":164,""top"":3},""elapsed_ms"":496.584,""global_ordinal"":9,""iou"":0.84887072,""label"":""clean_two_page_spread"",""layout_type"":""two_page_spread"",""predicted_bbox"":[75,54,1265,937],""status"":""ok""}"
run-20260902-194628,9ffdf5740a41,9ffdf5740a41590564efa0d0e0ae0975141f9b756a658b69ce15318e5ebc86e5,1,9ffdf5740a41,f7f17877d75f15784ae88f347afba6fa791bb2e68f2a122b22709bb33dc0124b,1,2b71090b79396db5bda0ccd698577afaedd7b96516a4224089a6cef51a9b3f6b,0,,8,7,1,1,[],{},3,6.657911838963628,0.3,10,clean_two_page_spread_2,two_page_spread,ok,0.95417151,10,2,32,6,12.5,32,764.393,"[88, 33, 1154, 968]","[78, 35, 1186, 962]","{""boundary_search_margin_fraction"":0.065,""content_close_fraction"":0.012,""illumination_sigma_fraction"":0.09,""ink_quantile"":0.76,""minimum_page_area_fraction"":0.12,""projection_smooth_fraction"":0.002}",,,"{""legacy_parameter_set_id"":""9ffdf5740a41"",""parameter_grid_ordinal"":0,""parameter_grid_sha256"":""2b71090b79396db5bda0ccd698577afaedd7b96516a4224089a6cef51a9b3f6b"",""parameter_identity_schema_version"":""1"",""parameter_identity_sha256"":""f7f17877d75f15784ae88f347afba6fa791bb2e68f2a122b22709bb33dc0124b"",""parameter_schema_version"":""1"",""parameter_set_equivalence_family_id"":""9ffdf5740a41"",""parameter_set_equivalence_family_sha256"":""9ffdf5740a41590564efa0d0e0ae0975141f9b756a658b69ce15318e5ebc86e5"",""parameter_set_equivalence_family_size"":1,""parameter_set_id"":""9ffdf5740a41"",""parameters"":{""boundary_search_margin_fraction"":0.065,""content_close_fraction"":0.012,""illumination_sigma_fraction"":0.09,""ink_quantile"":0.76,""minimum_page_area_fraction"":0.12,""projection_smooth_fraction"":0.002},""profile"":null,""rank"":8,""reference_roles"":[],""requested_search_member"":true,""run_id"":""run-20260902-194628"",""search_observation"":{""completion_index"":3,""elapsed_seconds"":6.657911838963628,""parameter_set_number"":3,""search_fraction"":0.3},""search_rank"":7,""search_space_member"":true,""summary"":{""elapsed_ms_total"":2702.655,""failure_count"":0,""mean_edge_error_px"":20.3,""mean_iou"":0.93067581,""mean_iou_success"":0.93067581,""minimum_iou"":0.84887072,""page_count"":5,""stddev_iou"":0.04804771,""success_count"":5,""wall_ms"":2703.33}}","{""approved_bbox"":[88,33,1154,968],""candidate"":{""authors"":null,""bbox"":[78,35,1186,962],""confidence"":0.7843882024288178,""corners"":[[78.0,35.0],[1186.0,35.0],[1186.0,962.0],[78.0,962.0]],""detector_name"":"""",""diagnostics"":{""content_box"":[22,0,1268,990],""evidence"":""scantailor_style_content_guided_page_frame"",""implementation"":""HTH clean-room OpenCV implementation; no ScanTailor source code embedded"",""page_area_fraction"":0.8182104961284772,""parameters"":{""boundary_search_margin_fraction"":0.065,""content_close_fraction"":0.012,""illumination_sigma_fraction"":0.09,""ink_quantile"":0.76,""minimum_page_area_fraction"":0.12,""projection_smooth_fraction"":0.002},""score_components"":{""page_area"":1.0,""side_energy_balance"":0.6682895421981812},""side_edge_energy"":[121.05921173095703,49.29380798339844,146.484619140625,117.1146240234375],""side_energy_balance"":0.6682895421981812},""foundation"":null,""method"":""scantailor_page_frame"",""origin"":"""",""repository"":"""",""score"":0.7843882024288178,""status"":""ok"",""version"":""""},""edge_error_maximum_px"":32,""edge_error_mean_px"":12.5,""edge_errors"":{""bottom"":6,""left"":10,""maximum"":32,""mean"":12.5,""right"":32,""top"":2},""elapsed_ms"":764.393,""global_ordinal"":10,""iou"":0.95417151,""label"":""clean_two_page_spread_2"",""layout_type"":""two_page_spread"",""predicted_bbox"":[78,35,1186,962],""status"":""ok""}"
run-20260902-194628,4dbfbc2c8a64,4dbfbc2c8a640b3fe2d018df476a68ff2e9e457357cb602922797d0ffa1a93fd,1,4dbfbc2c8a64,0a0417579703f38560e92dc645d7510831fbf35519a406dbec42ba022d44814e,1,2b71090b79396db5bda0ccd698577afaedd7b96516a4224089a6cef51a9b3f6b,1,,9,8,1,1,[],{},4,6.808034304063767,0.4,1,ordinary_two_page_spread,two_page_spread,ok,0.94847667,39,8,7,5,14.75,39,821.324,"[125, 56, 1289, 967]","[86, 64, 1282, 962]","{""boundary_search_margin_fraction"":0.0675,""content_close_fraction"":0.012,""illumination_sigma_fraction"":0.09,""ink_quantile"":0.76,""minimum_page_area_fraction"":0.12,""projection_smooth_fraction"":0.002}",,,"{""legacy_parameter_set_id"":""4dbfbc2c8a64"",""parameter_grid_ordinal"":1,""parameter_grid_sha256"":""2b71090b79396db5bda0ccd698577afaedd7b96516a4224089a6cef51a9b3f6b"",""parameter_identity_schema_version"":""1"",""parameter_identity_sha256"":""0a0417579703f38560e92dc645d7510831fbf35519a406dbec42ba022d44814e"",""parameter_schema_version"":""1"",""parameter_set_equivalence_family_id"":""4dbfbc2c8a64"",""parameter_set_equivalence_family_sha256"":""4dbfbc2c8a640b3fe2d018df476a68ff2e9e457357cb602922797d0ffa1a93fd"",""parameter_set_equivalence_family_size"":1,""parameter_set_id"":""4dbfbc2c8a64"",""parameters"":{""boundary_search_margin_fraction"":0.0675,""content_close_fraction"":0.012,""illumination_sigma_fraction"":0.09,""ink_quantile"":0.76,""minimum_page_area_fraction"":0.12,""projection_smooth_fraction"":0.002},""profile"":null,""rank"":9,""reference_roles"":[],""requested_search_member"":true,""run_id"":""run-20260902-194628"",""search_observation"":{""completion_index"":4,""elapsed_seconds"":6.808034304063767,""parameter_set_number"":4,""search_fraction"":0.4},""search_rank"":8,""search_space_member"":true,""summary"":{""elapsed_ms_total"":2857.568,""failure_count"":0,""mean_edge_error_px"":20.45,""mean_iou"":0.93018934,""mean_iou_success"":0.93018934,""minimum_iou"":0.84887072,""page_count"":5,""stddev_iou"":0.04834254,""success_count"":5,""wall_ms"":2858.343}}","{""approved_bbox"":[125,56,1289,967],""candidate"":{""authors"":null,""bbox"":[86,64,1282,962],""confidence"":0.9412249028682709,""corners"":[[86.0,64.0],[1282.0,64.0],[1282.0,962.0],[86.0,962.0]],""detector_name"":"""",""diagnostics"":{""content_box"":[21,0,1375,986],""evidence"":""scantailor_style_content_guided_page_frame"",""implementation"":""HTH clean-room OpenCV implementation; no ScanTailor source code embedded"",""page_area_fraction"":0.7881748237994733,""parameters"":{""boundary_search_margin_fraction"":0.0675,""content_close_fraction"":0.012,""illumination_sigma_fraction"":0.09,""ink_quantile"":0.76,""minimum_page_area_fraction"":0.12,""projection_smooth_fraction"":0.002},""score_components"":{""page_area"":1.0,""side_energy_balance"":0.9095767736434937},""side_edge_energy"":[105.9560546875,127.32859802246094,101.97805786132812,105.86490631103516],""side_energy_balance"":0.9095767736434937},""foundation"":null,""method"":""scantailor_page_frame"",""origin"":"""",""repository"":"""",""score"":0.9412249028682709,""status"":""ok"",""version"":""""},""edge_error_maximum_px"":39,""edge_error_mean_px"":14.75,""edge_errors"":{""bottom"":5,""left"":39,""maximum"":39,""mean"":14.75,""right"":7,""top"":8},""elapsed_ms"":821.324,""global_ordinal"":1,""iou"":0.94847667,""label"":""ordinary_two_page_spread"",""layout_type"":""two_page_spread"",""predicted_bbox"":[86,64,1282,962],""status"":""ok""}"
run-20260902-194628,4dbfbc2c8a64,4dbfbc2c8a640b3fe2d018df476a68ff2e9e457357cb602922797d0ffa1a93fd,1,4dbfbc2c8a64,0a0417579703f38560e92dc645d7510831fbf35519a406dbec42ba022d44814e,1,2b71090b79396db5bda0ccd698577afaedd7b96516a4224089a6cef51a9b3f6b,1,,9,8,1,1,[],{},4,6.808034304063767,0.4,5,damaged_partial_register_spread,two_page_spread,ok,0.90706002,21,13,73,6,28.25,73,486.1,"[67, 8, 1233, 977]","[88, 21, 1306, 971]","{""boundary_search_margin_fraction"":0.0675,""content_close_fraction"":0.012,""illumination_sigma_fraction"":0.09,""ink_quantile"":0.76,""minimum_page_area_fraction"":0.12,""projection_smooth_fraction"":0.002}",,,"{""legacy_parameter_set_id"":""4dbfbc2c8a64"",""parameter_grid_ordinal"":1,""parameter_grid_sha256"":""2b71090b79396db5bda0ccd698577afaedd7b96516a4224089a6cef51a9b3f6b"",""parameter_identity_schema_version"":""1"",""parameter_identity_sha256"":""0a0417579703f38560e92dc645d7510831fbf35519a406dbec42ba022d44814e"",""parameter_schema_version"":""1"",""parameter_set_equivalence_family_id"":""4dbfbc2c8a64"",""parameter_set_equivalence_family_sha256"":""4dbfbc2c8a640b3fe2d018df476a68ff2e9e457357cb602922797d0ffa1a93fd"",""parameter_set_equivalence_family_size"":1,""parameter_set_id"":""4dbfbc2c8a64"",""parameters"":{""boundary_search_margin_fraction"":0.0675,""content_close_fraction"":0.012,""illumination_sigma_fraction"":0.09,""ink_quantile"":0.76,""minimum_page_area_fraction"":0.12,""projection_smooth_fraction"":0.002},""profile"":null,""rank"":9,""reference_roles"":[],""requested_search_member"":true,""run_id"":""run-20260902-194628"",""search_observation"":{""completion_index"":4,""elapsed_seconds"":6.808034304063767,""parameter_set_number"":4,""search_fraction"":0.4},""search_rank"":8,""search_space_member"":true,""summary"":{""elapsed_ms_total"":2857.568,""failure_count"":0,""mean_edge_error_px"":20.45,""mean_iou"":0.93018934,""mean_iou_success"":0.93018934,""minimum_iou"":0.84887072,""page_count"":5,""stddev_iou"":0.04834254,""success_count"":5,""wall_ms"":2858.343}}","{""approved_bbox"":[67,8,1233,977],""candidate"":{""authors"":null,""bbox"":[88,21,1306,971],""confidence"":0.6888523727655411,""corners"":[[88.0,21.0],[1306.0,21.0],[1306.0,971.0],[88.0,971.0]],""detector_name"":"""",""diagnostics"":{""content_box"":[0,0,1316,987],""evidence"":""scantailor_style_content_guided_page_frame"",""implementation"":""HTH clean-room OpenCV implementation; no ScanTailor source code embedded"",""page_area_fraction"":0.8908361896139171,""parameters"":{""boundary_search_margin_fraction"":0.0675,""content_close_fraction"":0.012,""illumination_sigma_fraction"":0.09,""ink_quantile"":0.76,""minimum_page_area_fraction"":0.12,""projection_smooth_fraction"":0.002},""score_components"":{""page_area"":1.0,""side_energy_balance"":0.521311342716217},""side_edge_energy"":[84.69341278076172,13.457223892211914,56.4890251159668,78.12158203125],""side_energy_balance"":0.521311342716217},""foundation"":null,""method"":""scantailor_page_frame"",""origin"":"""",""repository"":"""",""score"":0.6888523727655411,""status"":""ok"",""version"":""""},""edge_error_maximum_px"":73,""edge_error_mean_px"":28.25,""edge_errors"":{""bottom"":6,""left"":21,""maximum"":73,""mean"":28.25,""right"":73,""top"":13},""elapsed_ms"":486.1,""global_ordinal"":5,""iou"":0.90706002,""label"":""damaged_partial_register_spread"",""layout_type"":""two_page_spread"",""predicted_bbox"":[88,21,1306,971],""status"":""ok""}"
run-20260902-194628,4dbfbc2c8a64,4dbfbc2c8a640b3fe2d018df476a68ff2e9e457357cb602922797d0ffa1a93fd,1,4dbfbc2c8a64,0a0417579703f38560e92dc645d7510831fbf35519a406dbec42ba022d44814e,1,2b71090b79396db5bda0ccd698577afaedd7b96516a4224089a6cef51a9b3f6b,1,,9,8,1,1,[],{},4,6.808034304063767,0.4,6,title_or_index_sheet,single_page,ok,0.98893921,2,1,3,5,2.75,5,550.359,"[15, 28, 1074, 970]","[17, 29, 1071, 965]","{""boundary_search_margin_fraction"":0.0675,""content_close_fraction"":0.012,""illumination_sigma_fraction"":0.09,""ink_quantile"":0.76,""minimum_page_area_fraction"":0.12,""projection_smooth_fraction"":0.002}",,,"{""legacy_parameter_set_id"":""4dbfbc2c8a64"",""parameter_grid_ordinal"":1,""parameter_grid_sha256"":""2b71090b79396db5bda0ccd698577afaedd7b96516a4224089a6cef51a9b3f6b"",""parameter_identity_schema_version"":""1"",""parameter_identity_sha256"":""0a0417579703f38560e92dc645d7510831fbf35519a406dbec42ba022d44814e"",""parameter_schema_version"":""1"",""parameter_set_equivalence_family_id"":""4dbfbc2c8a64"",""parameter_set_equivalence_family_sha256"":""4dbfbc2c8a640b3fe2d018df476a68ff2e9e457357cb602922797d0ffa1a93fd"",""parameter_set_equivalence_family_size"":1,""parameter_set_id"":""4dbfbc2c8a64"",""parameters"":{""boundary_search_margin_fraction"":0.0675,""content_close_fraction"":0.012,""illumination_sigma_fraction"":0.09,""ink_quantile"":0.76,""minimum_page_area_fraction"":0.12,""projection_smooth_fraction"":0.002},""profile"":null,""rank"":9,""reference_roles"":[],""requested_search_member"":true,""run_id"":""run-20260902-194628"",""search_observation"":{""completion_index"":4,""elapsed_seconds"":6.808034304063767,""parameter_set_number"":4,""search_fraction"":0.4},""search_rank"":8,""search_space_member"":true,""summary"":{""elapsed_ms_total"":2857.568,""failure_count"":0,""mean_edge_error_px"":20.45,""mean_iou"":0.93018934,""mean_iou_success"":0.93018934,""minimum_iou"":0.84887072,""page_count"":5,""stddev_iou"":0.04834254,""success_count"":5,""wall_ms"":2858.343}}","{""approved_bbox"":[15,28,1074,970],""candidate"":{""authors"":null,""bbox"":[17,29,1071,965],""confidence"":0.9090290665626526,""corners"":[[17.0,29.0],[1071.0,29.0],[1071.0,965.0],[17.0,965.0]],""detector_name"":"""",""diagnostics"":{""content_box"":[0,0,1088,983],""evidence"":""scantailor_style_content_guided_page_frame"",""implementation"":""HTH clean-room OpenCV implementation; no ScanTailor source code embedded"",""page_area_fraction"":0.9224313326551373,""parameters"":{""boundary_search_margin_fraction"":0.0675,""content_close_fraction"":0.012,""illumination_sigma_fraction"":0.09,""ink_quantile"":0.76,""minimum_page_area_fraction"":0.12,""projection_smooth_fraction"":0.002},""score_components"":{""page_area"":1.0,""side_energy_balance"":0.8600447177886963},""side_edge_energy"":[200.6205291748047,239.20166015625,190.8263702392578,161.6904296875],""side_energy_balance"":0.8600447177886963},""foundation"":null,""method"":""scantailor_page_frame"",""origin"":"""",""repository"":"""",""score"":0.9090290665626526,""status"":""ok"",""version"":""""},""edge_error_maximum_px"":5,""edge_error_mean_px"":2.75,""edge_errors"":{""bottom"":5,""left"":2,""maximum"":5,""mean"":2.75,""right"":3,""top"":1},""elapsed_ms"":550.359,""global_ordinal"":6,""iou"":0.98893921,""label"":""title_or_index_sheet"",""layout_type"":""single_page"",""predicted_bbox"":[17,29,1071,965],""status"":""ok""}"
run-20260902-194628,4dbfbc2c8a64,4dbfbc2c8a640b3fe2d018df476a68ff2e9e457357cb602922797d0ffa1a93fd,1,4dbfbc2c8a64,0a0417579703f38560e92dc645d7510831fbf35519a406dbec42ba022d44814e,1,2b71090b79396db5bda0ccd698577afaedd7b96516a4224089a6cef51a9b3f6b,1,,9,8,1,1,[],{},4,6.808034304063767,0.4,9,clean_two_page_spread,two_page_spread,ok,0.84887072,9,3,164,4,45.0,164,445.053,"[84, 51, 1101, 941]","[75, 54, 1265, 937]","{""boundary_search_margin_fraction"":0.0675,""content_close_fraction"":0.012,""illumination_sigma_fraction"":0.09,""ink_quantile"":0.76,""minimum_page_area_fraction"":0.12,""projection_smooth_fraction"":0.002}",,,"{""legacy_parameter_set_id"":""4dbfbc2c8a64"",""parameter_grid_ordinal"":1,""parameter_grid_sha256"":""2b71090b79396db5bda0ccd698577afaedd7b96516a4224089a6cef51a9b3f6b"",""parameter_identity_schema_version"":""1"",""parameter_identity_sha256"":""0a0417579703f38560e92dc645d7510831fbf35519a406dbec42ba022d44814e"",""parameter_schema_version"":""1"",""parameter_set_equivalence_family_id"":""4dbfbc2c8a64"",""parameter_set_equivalence_family_sha256"":""4dbfbc2c8a640b3fe2d018df476a68ff2e9e457357cb602922797d0ffa1a93fd"",""parameter_set_equivalence_family_size"":1,""parameter_set_id"":""4dbfbc2c8a64"",""parameters"":{""boundary_search_margin_fraction"":0.0675,""content_close_fraction"":0.012,""illumination_sigma_fraction"":0.09,""ink_quantile"":0.76,""minimum_page_area_fraction"":0.12,""projection_smooth_fraction"":0.002},""profile"":null,""rank"":9,""reference_roles"":[],""requested_search_member"":true,""run_id"":""run-20260902-194628"",""search_observation"":{""completion_index"":4,""elapsed_seconds"":6.808034304063767,""parameter_set_number"":4,""search_fraction"":0.4},""search_rank"":8,""search_space_member"":true,""summary"":{""elapsed_ms_total"":2857.568,""failure_count"":0,""mean_edge_error_px"":20.45,""mean_iou"":0.93018934,""mean_iou_success"":0.93018934,""minimum_iou"":0.84887072,""page_count"":5,""stddev_iou"":0.04834254,""success_count"":5,""wall_ms"":2858.343}}","{""approved_bbox"":[84,51,1101,941],""candidate"":{""authors"":null,""bbox"":[75,54,1265,937],""confidence"":0.8961310505867004,""corners"":[[75.0,54.0],[1265.0,54.0],[1265.0,937.0],[75.0,937.0]],""detector_name"":"""",""diagnostics"":{""content_box"":[29,0,1288,985],""evidence"":""scantailor_style_content_guided_page_frame"",""implementation"":""HTH clean-room OpenCV implementation; no ScanTailor source code embedded"",""page_area_fraction"":0.8282387993820348,""parameters"":{""boundary_search_margin_fraction"":0.0675,""content_close_fraction"":0.012,""illumination_sigma_fraction"":0.09,""ink_quantile"":0.76,""minimum_page_area_fraction"":0.12,""projection_smooth_fraction"":0.002},""score_components"":{""page_area"":1.0,""side_energy_balance"":0.8402016162872314},""side_edge_energy"":[124.80326080322266,97.52922058105469,152.67752075195312,118.35399627685547],""side_energy_balance"":0.8402016162872314},""foundation"":null,""method"":""scantailor_page_frame"",""origin"":"""",""repository"":"""",""score"":0.8961310505867004,""status"":""ok"",""version"":""""},""edge_error_maximum_px"":164,""edge_error_mean_px"":45.0,""edge_errors"":{""bottom"":4,""left"":9,""maximum"":164,""mean"":45.0,""right"":164,""top"":3},""elapsed_ms"":445.053,""global_ordinal"":9,""iou"":0.84887072,""label"":""clean_two_page_spread"",""layout_type"":""two_page_spread"",""predicted_bbox"":[75,54,1265,937],""status"":""ok""}"
run-20260902-194628,4dbfbc2c8a64,4dbfbc2c8a640b3fe2d018df476a68ff2e9e457357cb602922797d0ffa1a93fd,1,4dbfbc2c8a64,0a0417579703f38560e92dc645d7510831fbf35519a406dbec42ba022d44814e,1,2b71090b79396db5bda0ccd698577afaedd7b96516a4224089a6cef51a9b3f6b,1,,9,8,1,1,[],{},4,6.808034304063767,0.4,10,clean_two_page_spread_2,two_page_spread,ok,0.95760008,10,2,28,6,11.5,28,554.732,"[88, 33, 1154, 968]","[78, 35, 1182, 962]","{""boundary_search_margin_fraction"":0.0675,""content_close_fraction"":0.012,""illumination_sigma_fraction"":0.09,""ink_quantile"":0.76,""minimum_page_area_fraction"":0.12,""projection_smooth_fraction"":0.002}",,,"{""legacy_parameter_set_id"":""4dbfbc2c8a64"",""parameter_grid_ordinal"":1,""parameter_grid_sha256"":""2b71090b79396db5bda0ccd698577afaedd7b96516a4224089a6cef51a9b3f6b"",""parameter_identity_schema_version"":""1"",""parameter_identity_sha256"":""0a0417579703f38560e92dc645d7510831fbf35519a406dbec42ba022d44814e"",""parameter_schema_version"":""1"",""parameter_set_equivalence_family_id"":""4dbfbc2c8a64"",""parameter_set_equivalence_family_sha256"":""4dbfbc2c8a640b3fe2d018df476a68ff2e9e457357cb602922797d0ffa1a93fd"",""parameter_set_equivalence_family_size"":1,""parameter_set_id"":""4dbfbc2c8a64"",""parameters"":{""boundary_search_margin_fraction"":0.0675,""content_close_fraction"":0.012,""illumination_sigma_fraction"":0.09,""ink_quantile"":0.76,""minimum_page_area_fraction"":0.12,""projection_smooth_fraction"":0.002},""profile"":null,""rank"":9,""reference_roles"":[],""requested_search_member"":true,""run_id"":""run-20260902-194628"",""search_observation"":{""completion_index"":4,""elapsed_seconds"":6.808034304063767,""parameter_set_number"":4,""search_fraction"":0.4},""search_rank"":8,""search_space_member"":true,""summary"":{""elapsed_ms_total"":2857.568,""failure_count"":0,""mean_edge_error_px"":20.45,""mean_iou"":0.93018934,""mean_iou_success"":0.93018934,""minimum_iou"":0.84887072,""page_count"":5,""stddev_iou"":0.04834254,""success_count"":5,""wall_ms"":2858.343}}","{""approved_bbox"":[88,33,1154,968],""candidate"":{""authors"":null,""bbox"":[78,35,1182,962],""confidence"":0.8831882476806641,""corners"":[[78.0,35.0],[1182.0,35.0],[1182.0,962.0],[78.0,962.0]],""detector_name"":"""",""diagnostics"":{""content_box"":[22,0,1268,990],""evidence"":""scantailor_style_content_guided_page_frame"",""implementation"":""HTH clean-room OpenCV implementation; no ScanTailor source code embedded"",""page_area_fraction"":0.8152566676225982,""parameters"":{""boundary_search_margin_fraction"":0.0675,""content_close_fraction"":0.012,""illumination_sigma_fraction"":0.09,""ink_quantile"":0.76,""minimum_page_area_fraction"":0.12,""projection_smooth_fraction"":0.002},""score_components"":{""page_area"":1.0,""side_energy_balance"":0.8202896118164062},""side_edge_energy"":[121.05921173095703,86.80371856689453,146.484619140625,117.1146240234375],""side_energy_balance"":0.8202896118164062},""foundation"":null,""method"":""scantailor_page_frame"",""origin"":"""",""repository"":"""",""score"":0.8831882476806641,""status"":""ok"",""version"":""""},""edge_error_maximum_px"":28,""edge_error_mean_px"":11.5,""edge_errors"":{""bottom"":6,""left"":10,""maximum"":28,""mean"":11.5,""right"":28,""top"":2},""elapsed_ms"":554.732,""global_ordinal"":10,""iou"":0.95760008,""label"":""clean_two_page_spread_2"",""layout_type"":""two_page_spread"",""predicted_bbox"":[78,35,1182,962],""status"":""ok""}"
run-20260902-194628,d4ed742934a2,d4ed742934a25a1a07d3f39ad3aeca6f423739ee644980edeaf167a20ea9f90c,1,d4ed742934a2,835b595ff0f03a0ad372632e6b50a876d0a09089412d032adc806cac1b71666e,1,,,baseline,10,,0,1,"[""baseline""]",{},,,,1,ordinary_two_page_spread,two_page_spread,ok,0.95542006,34,2,10,6,13.0,34,722.269,"[125, 56, 1289, 967]","[91, 58, 1299, 961]","{""boundary_search_margin_fraction"":0.06,""content_close_fraction"":0.012,""illumination_sigma_fraction"":0.035,""ink_quantile"":0.82,""minimum_page_area_fraction"":0.2,""projection_smooth_fraction"":0.008}",,,"{""legacy_parameter_set_id"":""d4ed742934a2"",""parameter_grid_ordinal"":null,""parameter_grid_sha256"":null,""parameter_identity_schema_version"":""1"",""parameter_identity_sha256"":""835b595ff0f03a0ad372632e6b50a876d0a09089412d032adc806cac1b71666e"",""parameter_schema_version"":""1"",""parameter_set_equivalence_family_id"":""d4ed742934a2"",""parameter_set_equivalence_family_sha256"":""d4ed742934a25a1a07d3f39ad3aeca6f423739ee644980edeaf167a20ea9f90c"",""parameter_set_equivalence_family_size"":1,""parameter_set_id"":""d4ed742934a2"",""parameters"":{""boundary_search_margin_fraction"":0.06,""content_close_fraction"":0.012,""illumination_sigma_fraction"":0.035,""ink_quantile"":0.82,""minimum_page_area_fraction"":0.2,""projection_smooth_fraction"":0.008},""profile"":""baseline"",""rank"":10,""reference_roles"":[""baseline""],""requested_search_member"":false,""run_id"":""run-20260902-194628"",""search_space_member"":true,""summary"":{""elapsed_ms_total"":1041.465,""failure_count"":0,""mean_edge_error_px"":22.1,""mean_iou"":0.92406842,""mean_iou_success"":0.92406842,""minimum_iou"":0.84781311,""page_count"":5,""stddev_iou"":0.05235465,""success_count"":5,""wall_ms"":1042.15}}","{""approved_bbox"":[125,56,1289,967],""candidate"":{""authors"":null,""bbox"":[91,58,1299,961],""confidence"":0.6274761080741882,""corners"":[[91.0,58.0],[1299.0,58.0],[1299.0,961.0],[91.0,961.0]],""detector_name"":"""",""diagnostics"":{""content_box"":[19,0,1382,986],""evidence"":""scantailor_style_content_guided_page_frame"",""implementation"":""HTH clean-room OpenCV implementation; no ScanTailor source code embedded"",""page_area_fraction"":0.8005154654306456,""parameters"":{""boundary_search_margin_fraction"":0.06,""content_close_fraction"":0.012,""illumination_sigma_fraction"":0.035,""ink_quantile"":0.82,""minimum_page_area_fraction"":0.2,""projection_smooth_fraction"":0.008},""score_components"":{""page_area"":1.0,""side_energy_balance"":0.42688632011413574},""side_edge_energy"":[93.22606658935547,8.951910018920898,53.14955520629883,52.72996520996094],""side_energy_balance"":0.42688632011413574},""foundation"":null,""method"":""scantailor_page_frame"",""origin"":"""",""repository"":"""",""score"":0.6274761080741882,""status"":""ok"",""version"":""""},""edge_error_maximum_px"":34,""edge_error_mean_px"":13.0,""edge_errors"":{""bottom"":6,""left"":34,""maximum"":34,""mean"":13.0,""right"":10,""top"":2},""elapsed_ms"":722.269,""global_ordinal"":1,""iou"":0.95542006,""label"":""ordinary_two_page_spread"",""layout_type"":""two_page_spread"",""predicted_bbox"":[91,58,1299,961],""status"":""ok""}"
run-20260902-194628,d4ed742934a2,d4ed742934a25a1a07d3f39ad3aeca6f423739ee644980edeaf167a20ea9f90c,1,d4ed742934a2,835b595ff0f03a0ad372632e6b50a876d0a09089412d032adc806cac1b71666e,1,,,baseline,10,,0,1,"[""baseline""]",{},,,,5,damaged_partial_register_spread,two_page_spread,ok,0.87817012,11,49,75,9,36.0,75,101.46,"[67, 8, 1233, 977]","[78, 57, 1308, 968]","{""boundary_search_margin_fraction"":0.06,""content_close_fraction"":0.012,""illumination_sigma_fraction"":0.035,""ink_quantile"":0.82,""minimum_page_area_fraction"":0.2,""projection_smooth_fraction"":0.008}",,,"{""legacy_parameter_set_id"":""d4ed742934a2"",""parameter_grid_ordinal"":null,""parameter_grid_sha256"":null,""parameter_identity_schema_version"":""1"",""parameter_identity_sha256"":""835b595ff0f03a0ad372632e6b50a876d0a09089412d032adc806cac1b71666e"",""parameter_schema_version"":""1"",""parameter_set_equivalence_family_id"":""d4ed742934a2"",""parameter_set_equivalence_family_sha256"":""d4ed742934a25a1a07d3f39ad3aeca6f423739ee644980edeaf167a20ea9f90c"",""parameter_set_equivalence_family_size"":1,""parameter_set_id"":""d4ed742934a2"",""parameters"":{""boundary_search_margin_fraction"":0.06,""content_close_fraction"":0.012,""illumination_sigma_fraction"":0.035,""ink_quantile"":0.82,""minimum_page_area_fraction"":0.2,""projection_smooth_fraction"":0.008},""profile"":""baseline"",""rank"":10,""reference_roles"":[""baseline""],""requested_search_member"":false,""run_id"":""run-20260902-194628"",""search_space_member"":true,""summary"":{""elapsed_ms_total"":1041.465,""failure_count"":0,""mean_edge_error_px"":22.1,""mean_iou"":0.92406842,""mean_iou_success"":0.92406842,""minimum_iou"":0.84781311,""page_count"":5,""stddev_iou"":0.05235465,""success_count"":5,""wall_ms"":1042.15}}","{""approved_bbox"":[67,8,1233,977],""candidate"":{""authors"":null,""bbox"":[78,57,1308,968],""confidence"":0.6452004581689834,""corners"":[[78.0,57.0],[1308.0,57.0],[1308.0,968.0],[78.0,968.0]],""detector_name"":"""",""diagnostics"":{""content_box"":[0,0,1316,987],""evidence"":""scantailor_style_content_guided_page_frame"",""implementation"":""HTH clean-room OpenCV implementation; no ScanTailor source code embedded"",""page_area_fraction"":0.8626814238597205,""parameters"":{""boundary_search_margin_fraction"":0.06,""content_close_fraction"":0.012,""illumination_sigma_fraction"":0.035,""ink_quantile"":0.82,""minimum_page_area_fraction"":0.2,""projection_smooth_fraction"":0.008},""score_components"":{""page_area"":1.0,""side_energy_balance"":0.4541545510292053},""side_edge_energy"":[65.27981567382812,6.319573879241943,44.77812194824219,38.72442626953125],""side_energy_balance"":0.4541545510292053},""foundation"":null,""method"":""scantailor_page_frame"",""origin"":"""",""repository"":"""",""score"":0.6452004581689834,""status"":""ok"",""version"":""""},""edge_error_maximum_px"":75,""edge_error_mean_px"":36.0,""edge_errors"":{""bottom"":9,""left"":11,""maximum"":75,""mean"":36.0,""right"":75,""top"":49},""elapsed_ms"":101.46,""global_ordinal"":5,""iou"":0.87817012,""label"":""damaged_partial_register_spread"",""layout_type"":""two_page_spread"",""predicted_bbox"":[78,57,1308,968],""status"":""ok""}"
run-20260902-194628,d4ed742934a2,d4ed742934a25a1a07d3f39ad3aeca6f423739ee644980edeaf167a20ea9f90c,1,d4ed742934a2,835b595ff0f03a0ad372632e6b50a876d0a09089412d032adc806cac1b71666e,1,,,baseline,10,,0,1,"[""baseline""]",{},,,,6,title_or_index_sheet,single_page,ok,0.98788265,2,2,3,5,3.0,5,60.541,"[15, 28, 1074, 970]","[17, 30, 1071, 965]","{""boundary_search_margin_fraction"":0.06,""content_close_fraction"":0.012,""illumination_sigma_fraction"":0.035,""ink_quantile"":0.82,""minimum_page_area_fraction"":0.2,""projection_smooth_fraction"":0.008}",,,"{""legacy_parameter_set_id"":""d4ed742934a2"",""parameter_grid_ordinal"":null,""parameter_grid_sha256"":null,""parameter_identity_schema_version"":""1"",""parameter_identity_sha256"":""835b595ff0f03a0ad372632e6b50a876d0a09089412d032adc806cac1b71666e"",""parameter_schema_version"":""1"",""parameter_set_equivalence_family_id"":""d4ed742934a2"",""parameter_set_equivalence_family_sha256"":""d4ed742934a25a1a07d3f39ad3aeca6f423739ee644980edeaf167a20ea9f90c"",""parameter_set_equivalence_family_size"":1,""parameter_set_id"":""d4ed742934a2"",""parameters"":{""boundary_search_margin_fraction"":0.06,""content_close_fraction"":0.012,""illumination_sigma_fraction"":0.035,""ink_quantile"":0.82,""minimum_page_area_fraction"":0.2,""projection_smooth_fraction"":0.008},""profile"":""baseline"",""rank"":10,""reference_roles"":[""baseline""],""requested_search_member"":false,""run_id"":""run-20260902-194628"",""search_space_member"":true,""summary"":{""elapsed_ms_total"":1041.465,""failure_count"":0,""mean_edge_error_px"":22.1,""mean_iou"":0.92406842,""mean_iou_success"":0.92406842,""minimum_iou"":0.84781311,""page_count"":5,""stddev_iou"":0.05235465,""success_count"":5,""wall_ms"":1042.15}}","{""approved_bbox"":[15,28,1074,970],""candidate"":{""authors"":null,""bbox"":[17,30,1071,965],""confidence"":0.9787059456110001,""corners"":[[17.0,30.0],[1071.0,30.0],[1071.0,965.0],[17.0,965.0]],""detector_name"":"""",""diagnostics"":{""content_box"":[0,0,1088,983],""evidence"":""scantailor_style_content_guided_page_frame"",""implementation"":""HTH clean-room OpenCV implementation; no ScanTailor source code embedded"",""page_area_fraction"":0.9214458290946084,""parameters"":{""boundary_search_margin_fraction"":0.06,""content_close_fraction"":0.012,""illumination_sigma_fraction"":0.035,""ink_quantile"":0.82,""minimum_page_area_fraction"":0.2,""projection_smooth_fraction"":0.008},""score_components"":{""page_area"":1.0,""side_energy_balance"":0.9672399163246155},""side_edge_energy"":[64.06397247314453,70.18289947509766,66.54524230957031,66.39997863769531],""side_energy_balance"":0.9672399163246155},""foundation"":null,""method"":""scantailor_page_frame"",""origin"":"""",""repository"":"""",""score"":0.9787059456110001,""status"":""ok"",""version"":""""},""edge_error_maximum_px"":5,""edge_error_mean_px"":3.0,""edge_errors"":{""bottom"":5,""left"":2,""maximum"":5,""mean"":3.0,""right"":3,""top"":2},""elapsed_ms"":60.541,""global_ordinal"":6,""iou"":0.98788265,""label"":""title_or_index_sheet"",""layout_type"":""single_page"",""predicted_bbox"":[17,30,1071,965],""status"":""ok""}"
run-20260902-194628,d4ed742934a2,d4ed742934a25a1a07d3f39ad3aeca6f423739ee644980edeaf167a20ea9f90c,1,d4ed742934a2,835b595ff0f03a0ad372632e6b50a876d0a09089412d032adc806cac1b71666e,1,,,baseline,10,,0,1,"[""baseline""]",{},,,,9,clean_two_page_spread,two_page_spread,ok,0.84781311,5,4,166,6,45.25,166,89.978,"[84, 51, 1101, 941]","[79, 55, 1267, 935]","{""boundary_search_margin_fraction"":0.06,""content_close_fraction"":0.012,""illumination_sigma_fraction"":0.035,""ink_quantile"":0.82,""minimum_page_area_fraction"":0.2,""projection_smooth_fraction"":0.008}",,,"{""legacy_parameter_set_id"":""d4ed742934a2"",""parameter_grid_ordinal"":null,""parameter_grid_sha256"":null,""parameter_identity_schema_version"":""1"",""parameter_identity_sha256"":""835b595ff0f03a0ad372632e6b50a876d0a09089412d032adc806cac1b71666e"",""parameter_schema_version"":""1"",""parameter_set_equivalence_family_id"":""d4ed742934a2"",""parameter_set_equivalence_family_sha256"":""d4ed742934a25a1a07d3f39ad3aeca6f423739ee644980edeaf167a20ea9f90c"",""parameter_set_equivalence_family_size"":1,""parameter_set_id"":""d4ed742934a2"",""parameters"":{""boundary_search_margin_fraction"":0.06,""content_close_fraction"":0.012,""illumination_sigma_fraction"":0.035,""ink_quantile"":0.82,""minimum_page_area_fraction"":0.2,""projection_smooth_fraction"":0.008},""profile"":""baseline"",""rank"":10,""reference_roles"":[""baseline""],""requested_search_member"":false,""run_id"":""run-20260902-194628"",""search_space_member"":true,""summary"":{""elapsed_ms_total"":1041.465,""failure_count"":0,""mean_edge_error_px"":22.1,""mean_iou"":0.92406842,""mean_iou_success"":0.92406842,""minimum_iou"":0.84781311,""page_count"":5,""stddev_iou"":0.05235465,""success_count"":5,""wall_ms"":1042.15}}","{""approved_bbox"":[84,51,1101,941],""candidate"":{""authors"":null,""bbox"":[79,55,1267,935],""confidence"":0.9506445705890656,""corners"":[[79.0,55.0],[1267.0,55.0],[1267.0,935.0],[79.0,935.0]],""detector_name"":"""",""diagnostics"":{""content_box"":[8,0,1288,985],""evidence"":""scantailor_style_content_guided_page_frame"",""implementation"":""HTH clean-room OpenCV implementation; no ScanTailor source code embedded"",""page_area_fraction"":0.8240375823690765,""parameters"":{""boundary_search_margin_fraction"":0.06,""content_close_fraction"":0.012,""illumination_sigma_fraction"":0.035,""ink_quantile"":0.82,""minimum_page_area_fraction"":0.2,""projection_smooth_fraction"":0.008},""score_components"":{""page_area"":1.0,""side_energy_balance"":0.9240685701370239},""side_edge_energy"":[66.50135040283203,69.73883056640625,59.642581939697266,58.01286315917969],""side_energy_balance"":0.9240685701370239},""foundation"":null,""method"":""scantailor_page_frame"",""origin"":"""",""repository"":"""",""score"":0.9506445705890656,""status"":""ok"",""version"":""""},""edge_error_maximum_px"":166,""edge_error_mean_px"":45.25,""edge_errors"":{""bottom"":6,""left"":5,""maximum"":166,""mean"":45.25,""right"":166,""top"":4},""elapsed_ms"":89.978,""global_ordinal"":9,""iou"":0.84781311,""label"":""clean_two_page_spread"",""layout_type"":""two_page_spread"",""predicted_bbox"":[79,55,1267,935],""status"":""ok""}"
run-20260902-194628,d4ed742934a2,d4ed742934a25a1a07d3f39ad3aeca6f423739ee644980edeaf167a20ea9f90c,1,d4ed742934a2,835b595ff0f03a0ad372632e6b50a876d0a09089412d032adc806cac1b71666e,1,,,baseline,10,,0,1,"[""baseline""]",{},,,,10,clean_two_page_spread_2,two_page_spread,ok,0.95105616,3,3,38,9,13.25,38,67.217,"[88, 33, 1154, 968]","[85, 36, 1192, 959]","{""boundary_search_margin_fraction"":0.06,""content_close_fraction"":0.012,""illumination_sigma_fraction"":0.035,""ink_quantile"":0.82,""minimum_page_area_fraction"":0.2,""projection_smooth_fraction"":0.008}",,,"{""legacy_parameter_set_id"":""d4ed742934a2"",""parameter_grid_ordinal"":null,""parameter_grid_sha256"":null,""parameter_identity_schema_version"":""1"",""parameter_identity_sha256"":""835b595ff0f03a0ad372632e6b50a876d0a09089412d032adc806cac1b71666e"",""parameter_schema_version"":""1"",""parameter_set_equivalence_family_id"":""d4ed742934a2"",""parameter_set_equivalence_family_sha256"":""d4ed742934a25a1a07d3f39ad3aeca6f423739ee644980edeaf167a20ea9f90c"",""parameter_set_equivalence_family_size"":1,""parameter_set_id"":""d4ed742934a2"",""parameters"":{""boundary_search_margin_fraction"":0.06,""content_close_fraction"":0.012,""illumination_sigma_fraction"":0.035,""ink_quantile"":0.82,""minimum_page_area_fraction"":0.2,""projection_smooth_fraction"":0.008},""profile"":""baseline"",""rank"":10,""reference_roles"":[""baseline""],""requested_search_member"":false,""run_id"":""run-20260902-194628"",""search_space_member"":true,""summary"":{""elapsed_ms_total"":1041.465,""failure_count"":0,""mean_edge_error_px"":22.1,""mean_iou"":0.92406842,""mean_iou_success"":0.92406842,""minimum_iou"":0.84781311,""page_count"":5,""stddev_iou"":0.05235465,""success_count"":5,""wall_ms"":1042.15}}","{""approved_bbox"":[88,33,1154,968],""candidate"":{""authors"":null,""bbox"":[85,36,1192,959],""confidence"":0.7831087142229081,""corners"":[[85.0,36.0],[1192.0,36.0],[1192.0,959.0],[85.0,959.0]],""detector_name"":"""",""diagnostics"":{""content_box"":[59,0,1268,990],""evidence"":""scantailor_style_content_guided_page_frame"",""implementation"":""HTH clean-room OpenCV implementation; no ScanTailor source code embedded"",""page_area_fraction"":0.813944651562948,""parameters"":{""boundary_search_margin_fraction"":0.06,""content_close_fraction"":0.012,""illumination_sigma_fraction"":0.035,""ink_quantile"":0.82,""minimum_page_area_fraction"":0.2,""projection_smooth_fraction"":0.008},""score_components"":{""page_area"":1.0,""side_energy_balance"":0.6663210988044739},""side_edge_energy"":[70.59638977050781,23.521583557128906,60.48462677001953,60.003761291503906],""side_energy_balance"":0.6663210988044739},""foundation"":null,""method"":""scantailor_page_frame"",""origin"":"""",""repository"":"""",""score"":0.7831087142229081,""status"":""ok"",""version"":""""},""edge_error_maximum_px"":38,""edge_error_mean_px"":13.25,""edge_errors"":{""bottom"":9,""left"":3,""maximum"":38,""mean"":13.25,""right"":38,""top"":3},""elapsed_ms"":67.217,""global_ordinal"":10,""iou"":0.95105616,""label"":""clean_two_page_spread_2"",""layout_type"":""two_page_spread"",""predicted_bbox"":[85,36,1192,959],""status"":""ok""}"
