run_id,parameter_set_equivalence_family_id,parameter_set_equivalence_family_sha256,parameter_set_equivalence_family_size,parameter_set_id,parameter_identity_sha256,parameter_schema_version,parameter_grid_sha256,parameter_grid_ordinal,profile,rank,search_rank,requested_search_member,search_space_member,reference_roles_json,historic_reference_json,completion_index,completion_elapsed_seconds,search_fraction,global_ordinal,label,layout_type,status,iou,left_error_px,top_error_px,right_error_px,bottom_error_px,edge_error_mean_px,edge_error_maximum_px,elapsed_ms,approved_bbox_json,predicted_bbox_json,parameters_json,error_type,error_message,result_json,page_json
run-20260902-205651,b87650180aa6,b87650180aa602f3e7d0bc217eeacc584750ae7827a3ba812a7c7bb0fa8e84c3,1,b87650180aa6,3a9a4f04fc5de3ad58fc40657b9b432255f8622ab6eeb6f38995c232f6c9be6a,1,701ddca5477951c547a2d2128767fcfa1f23aaaf6a1dc3ed651bc1d9223810b7,46800,,1,,1,1,"[""historic_best""]","{""detector"": ""radial_edge"", ""golden_set_sha256"": ""135c0ff576876ef8911296e2502193ed20d159799079a4f8a58994854fcbba8e"", ""historic_build_number"": ""902"", ""historic_build_url"": ""https://github.com/dlstupka/hth/actions/runs/33346573035"", ""historic_calibration_id"": ""run-20260831-011903"", ""historic_created_at_utc"": ""2026-08-31T01:07:38.006950+00:00"", ""model_variant"": null, ""parameter_identity_sha256"": ""3a9a4f04fc5de3ad58fc40657b9b432255f8622ab6eeb6f38995c232f6c9be6a"", ""parameter_set_id"": ""b87650180aa6"", ""parameters"": {""gaussian_sigma"": 2.4, ""gradient_percentile"": 74.0, ""maximum_radius_fraction"": 0.78, ""minimum_radius_fraction"": 0.22, ""minimum_ray_support"": 0.25, ""ray_count"": 144, ""rectangularity_weight"": 0.2, ""support_weight"": 0.35}, ""provenance_source"": ""parameter-provenance""}",2,0.11063693487085402,0.2,1,ordinary_two_page_spread,two_page_spread,ok,0.97507024,12,7,1,6,6.5,12,11.795,"[125, 56, 1289, 967]","[137, 49, 1290, 973]","{""gaussian_sigma"":2.4,""gradient_percentile"":74.0,""maximum_radius_fraction"":0.78,""minimum_radius_fraction"":0.22,""minimum_ray_support"":0.25,""ray_count"":144,""rectangularity_weight"":0.2,""support_weight"":0.35}",,,"{""historic_reference"":{""detector"":""radial_edge"",""golden_set_sha256"":""135c0ff576876ef8911296e2502193ed20d159799079a4f8a58994854fcbba8e"",""historic_build_number"":""902"",""historic_build_url"":""https://github.com/dlstupka/hth/actions/runs/33346573035"",""historic_calibration_id"":""run-20260831-011903"",""historic_created_at_utc"":""2026-08-31T01:07:38.006950+00:00"",""model_variant"":null,""parameter_identity_sha256"":""3a9a4f04fc5de3ad58fc40657b9b432255f8622ab6eeb6f38995c232f6c9be6a"",""parameter_set_id"":""b87650180aa6"",""parameters"":{""gaussian_sigma"":2.4,""gradient_percentile"":74.0,""maximum_radius_fraction"":0.78,""minimum_radius_fraction"":0.22,""minimum_ray_support"":0.25,""ray_count"":144,""rectangularity_weight"":0.2,""support_weight"":0.35},""provenance_source"":""parameter-provenance""},""legacy_parameter_set_id"":""b87650180aa6"",""parameter_grid_ordinal"":46800,""parameter_grid_sha256"":""701ddca5477951c547a2d2128767fcfa1f23aaaf6a1dc3ed651bc1d9223810b7"",""parameter_identity_schema_version"":""1"",""parameter_identity_sha256"":""3a9a4f04fc5de3ad58fc40657b9b432255f8622ab6eeb6f38995c232f6c9be6a"",""parameter_schema_version"":""1"",""parameter_set_equivalence_family_id"":""b87650180aa6"",""parameter_set_equivalence_family_sha256"":""b87650180aa602f3e7d0bc217eeacc584750ae7827a3ba812a7c7bb0fa8e84c3"",""parameter_set_equivalence_family_size"":1,""parameter_set_id"":""b87650180aa6"",""parameters"":{""gaussian_sigma"":2.4,""gradient_percentile"":74.0,""maximum_radius_fraction"":0.78,""minimum_radius_fraction"":0.22,""minimum_ray_support"":0.25,""ray_count"":144,""rectangularity_weight"":0.2,""support_weight"":0.35},""profile"":null,""rank"":1,""reference_roles"":[""historic_best""],""requested_search_member"":true,""run_id"":""run-20260902-205651"",""search_observation"":{""completion_index"":2,""elapsed_seconds"":0.11063693487085402,""parameter_set_number"":2,""search_fraction"":0.2},""search_space_member"":true,""summary"":{""elapsed_ms_total"":55.513,""failure_count"":0,""mean_edge_error_px"":11.5,""mean_iou"":0.95710691,""mean_iou_success"":0.95710691,""minimum_iou"":0.92607438,""page_count"":5,""stddev_iou"":0.0183165,""success_count"":5,""wall_ms"":55.755}}","{""approved_bbox"":[125,56,1289,967],""candidate"":{""authors"":null,""bbox"":[137,49,1290,973],""confidence"":0.9017996013789514,""corners"":[[136.863037109375,62.210304260253906],[1278.343505859375,49.114585876464844],[1288.7833251953125,959.094970703125],[147.3028564453125,972.190673828125]],""detector_name"":"""",""diagnostics"":{""area_fraction"":0.7623821374575374,""evidence"":""center_outward_radial_gradient_search"",""mean_edge_strength"":0.998643680530717,""parameters"":{""area_weight"":0.35,""gaussian_sigma"":2.4,""gradient_percentile"":74.0,""maximum_area_fraction"":0.98,""maximum_radius_fraction"":0.78,""minimum_area_fraction"":0.18,""minimum_radius_fraction"":0.22,""minimum_ray_support"":0.25,""ray_count"":144,""rectangularity_weight"":0.2,""support_weight"":0.35},""ray_support"":1.0,""rectangularity"":0.9751162451902136,""supported_rays"":144},""foundation"":null,""method"":""radial_edge"",""origin"":"""",""repository"":"""",""score"":0.9017996013789514,""status"":""ok"",""version"":""""},""edge_error_maximum_px"":12,""edge_error_mean_px"":6.5,""edge_errors"":{""bottom"":6,""left"":12,""maximum"":12,""mean"":6.5,""right"":1,""top"":7},""elapsed_ms"":11.795,""global_ordinal"":1,""iou"":0.97507024,""label"":""ordinary_two_page_spread"",""layout_type"":""two_page_spread"",""predicted_bbox"":[137,49,1290,973],""status"":""ok""}"
run-20260902-205651,b87650180aa6,b87650180aa602f3e7d0bc217eeacc584750ae7827a3ba812a7c7bb0fa8e84c3,1,b87650180aa6,3a9a4f04fc5de3ad58fc40657b9b432255f8622ab6eeb6f38995c232f6c9be6a,1,701ddca5477951c547a2d2128767fcfa1f23aaaf6a1dc3ed651bc1d9223810b7,46800,,1,,1,1,"[""historic_best""]","{""detector"": ""radial_edge"", ""golden_set_sha256"": ""135c0ff576876ef8911296e2502193ed20d159799079a4f8a58994854fcbba8e"", ""historic_build_number"": ""902"", ""historic_build_url"": ""https://github.com/dlstupka/hth/actions/runs/33346573035"", ""historic_calibration_id"": ""run-20260831-011903"", ""historic_created_at_utc"": ""2026-08-31T01:07:38.006950+00:00"", ""model_variant"": null, ""parameter_identity_sha256"": ""3a9a4f04fc5de3ad58fc40657b9b432255f8622ab6eeb6f38995c232f6c9be6a"", ""parameter_set_id"": ""b87650180aa6"", ""parameters"": {""gaussian_sigma"": 2.4, ""gradient_percentile"": 74.0, ""maximum_radius_fraction"": 0.78, ""minimum_radius_fraction"": 0.22, ""minimum_ray_support"": 0.25, ""ray_count"": 144, ""rectangularity_weight"": 0.2, ""support_weight"": 0.35}, ""provenance_source"": ""parameter-provenance""}",2,0.11063693487085402,0.2,5,damaged_partial_register_spread,two_page_spread,ok,0.97638456,24,3,0,0,6.75,24,11.606,"[67, 8, 1233, 977]","[91, 11, 1233, 977]","{""gaussian_sigma"":2.4,""gradient_percentile"":74.0,""maximum_radius_fraction"":0.78,""minimum_radius_fraction"":0.22,""minimum_ray_support"":0.25,""ray_count"":144,""rectangularity_weight"":0.2,""support_weight"":0.35}",,,"{""historic_reference"":{""detector"":""radial_edge"",""golden_set_sha256"":""135c0ff576876ef8911296e2502193ed20d159799079a4f8a58994854fcbba8e"",""historic_build_number"":""902"",""historic_build_url"":""https://github.com/dlstupka/hth/actions/runs/33346573035"",""historic_calibration_id"":""run-20260831-011903"",""historic_created_at_utc"":""2026-08-31T01:07:38.006950+00:00"",""model_variant"":null,""parameter_identity_sha256"":""3a9a4f04fc5de3ad58fc40657b9b432255f8622ab6eeb6f38995c232f6c9be6a"",""parameter_set_id"":""b87650180aa6"",""parameters"":{""gaussian_sigma"":2.4,""gradient_percentile"":74.0,""maximum_radius_fraction"":0.78,""minimum_radius_fraction"":0.22,""minimum_ray_support"":0.25,""ray_count"":144,""rectangularity_weight"":0.2,""support_weight"":0.35},""provenance_source"":""parameter-provenance""},""legacy_parameter_set_id"":""b87650180aa6"",""parameter_grid_ordinal"":46800,""parameter_grid_sha256"":""701ddca5477951c547a2d2128767fcfa1f23aaaf6a1dc3ed651bc1d9223810b7"",""parameter_identity_schema_version"":""1"",""parameter_identity_sha256"":""3a9a4f04fc5de3ad58fc40657b9b432255f8622ab6eeb6f38995c232f6c9be6a"",""parameter_schema_version"":""1"",""parameter_set_equivalence_family_id"":""b87650180aa6"",""parameter_set_equivalence_family_sha256"":""b87650180aa602f3e7d0bc217eeacc584750ae7827a3ba812a7c7bb0fa8e84c3"",""parameter_set_equivalence_family_size"":1,""parameter_set_id"":""b87650180aa6"",""parameters"":{""gaussian_sigma"":2.4,""gradient_percentile"":74.0,""maximum_radius_fraction"":0.78,""minimum_radius_fraction"":0.22,""minimum_ray_support"":0.25,""ray_count"":144,""rectangularity_weight"":0.2,""support_weight"":0.35},""profile"":null,""rank"":1,""reference_roles"":[""historic_best""],""requested_search_member"":true,""run_id"":""run-20260902-205651"",""search_observation"":{""completion_index"":2,""elapsed_seconds"":0.11063693487085402,""parameter_set_number"":2,""search_fraction"":0.2},""search_space_member"":true,""summary"":{""elapsed_ms_total"":55.513,""failure_count"":0,""mean_edge_error_px"":11.5,""mean_iou"":0.95710691,""mean_iou_success"":0.95710691,""minimum_iou"":0.92607438,""page_count"":5,""stddev_iou"":0.0183165,""success_count"":5,""wall_ms"":55.755}}","{""approved_bbox"":[67,8,1233,977],""candidate"":{""authors"":null,""bbox"":[91,11,1233,977],""confidence"":0.9324536673467222,""corners"":[[91.1851806640625,18.77994155883789],[1225.016357421875,10.52706527709961],[1231.9832763671875,967.6793823242188],[98.152099609375,975.9323120117188]],""detector_name"":"""",""diagnostics"":{""area_fraction"":0.8355634383433866,""evidence"":""center_outward_radial_gradient_search"",""mean_edge_strength"":1.0,""parameters"":{""area_weight"":0.35,""gaussian_sigma"":2.4,""gradient_percentile"":74.0,""maximum_area_fraction"":0.98,""maximum_radius_fraction"":0.78,""minimum_area_fraction"":0.18,""minimum_radius_fraction"":0.22,""minimum_ray_support"":0.25,""ray_count"":144,""rectangularity_weight"":0.2,""support_weight"":0.35},""ray_support"":1.0,""rectangularity"":0.9838054859593228,""supported_rays"":144},""foundation"":null,""method"":""radial_edge"",""origin"":"""",""repository"":"""",""score"":0.9324536673467222,""status"":""ok"",""version"":""""},""edge_error_maximum_px"":24,""edge_error_mean_px"":6.75,""edge_errors"":{""bottom"":0,""left"":24,""maximum"":24,""mean"":6.75,""right"":0,""top"":3},""elapsed_ms"":11.606,""global_ordinal"":5,""iou"":0.97638456,""label"":""damaged_partial_register_spread"",""layout_type"":""two_page_spread"",""predicted_bbox"":[91,11,1233,977],""status"":""ok""}"
run-20260902-205651,b87650180aa6,b87650180aa602f3e7d0bc217eeacc584750ae7827a3ba812a7c7bb0fa8e84c3,1,b87650180aa6,3a9a4f04fc5de3ad58fc40657b9b432255f8622ab6eeb6f38995c232f6c9be6a,1,701ddca5477951c547a2d2128767fcfa1f23aaaf6a1dc3ed651bc1d9223810b7,46800,,1,,1,1,"[""historic_best""]","{""detector"": ""radial_edge"", ""golden_set_sha256"": ""135c0ff576876ef8911296e2502193ed20d159799079a4f8a58994854fcbba8e"", ""historic_build_number"": ""902"", ""historic_build_url"": ""https://github.com/dlstupka/hth/actions/runs/33346573035"", ""historic_calibration_id"": ""run-20260831-011903"", ""historic_created_at_utc"": ""2026-08-31T01:07:38.006950+00:00"", ""model_variant"": null, ""parameter_identity_sha256"": ""3a9a4f04fc5de3ad58fc40657b9b432255f8622ab6eeb6f38995c232f6c9be6a"", ""parameter_set_id"": ""b87650180aa6"", ""parameters"": {""gaussian_sigma"": 2.4, ""gradient_percentile"": 74.0, ""maximum_radius_fraction"": 0.78, ""minimum_radius_fraction"": 0.22, ""minimum_ray_support"": 0.25, ""ray_count"": 144, ""rectangularity_weight"": 0.2, ""support_weight"": 0.35}, ""provenance_source"": ""parameter-provenance""}",2,0.11063693487085402,0.2,6,title_or_index_sheet,single_page,ok,0.92607438,23,28,14,13,19.5,28,10.448,"[15, 28, 1074, 970]","[38, 0, 1088, 983]","{""gaussian_sigma"":2.4,""gradient_percentile"":74.0,""maximum_radius_fraction"":0.78,""minimum_radius_fraction"":0.22,""minimum_ray_support"":0.25,""ray_count"":144,""rectangularity_weight"":0.2,""support_weight"":0.35}",,,"{""historic_reference"":{""detector"":""radial_edge"",""golden_set_sha256"":""135c0ff576876ef8911296e2502193ed20d159799079a4f8a58994854fcbba8e"",""historic_build_number"":""902"",""historic_build_url"":""https://github.com/dlstupka/hth/actions/runs/33346573035"",""historic_calibration_id"":""run-20260831-011903"",""historic_created_at_utc"":""2026-08-31T01:07:38.006950+00:00"",""model_variant"":null,""parameter_identity_sha256"":""3a9a4f04fc5de3ad58fc40657b9b432255f8622ab6eeb6f38995c232f6c9be6a"",""parameter_set_id"":""b87650180aa6"",""parameters"":{""gaussian_sigma"":2.4,""gradient_percentile"":74.0,""maximum_radius_fraction"":0.78,""minimum_radius_fraction"":0.22,""minimum_ray_support"":0.25,""ray_count"":144,""rectangularity_weight"":0.2,""support_weight"":0.35},""provenance_source"":""parameter-provenance""},""legacy_parameter_set_id"":""b87650180aa6"",""parameter_grid_ordinal"":46800,""parameter_grid_sha256"":""701ddca5477951c547a2d2128767fcfa1f23aaaf6a1dc3ed651bc1d9223810b7"",""parameter_identity_schema_version"":""1"",""parameter_identity_sha256"":""3a9a4f04fc5de3ad58fc40657b9b432255f8622ab6eeb6f38995c232f6c9be6a"",""parameter_schema_version"":""1"",""parameter_set_equivalence_family_id"":""b87650180aa6"",""parameter_set_equivalence_family_sha256"":""b87650180aa602f3e7d0bc217eeacc584750ae7827a3ba812a7c7bb0fa8e84c3"",""parameter_set_equivalence_family_size"":1,""parameter_set_id"":""b87650180aa6"",""parameters"":{""gaussian_sigma"":2.4,""gradient_percentile"":74.0,""maximum_radius_fraction"":0.78,""minimum_radius_fraction"":0.22,""minimum_ray_support"":0.25,""ray_count"":144,""rectangularity_weight"":0.2,""support_weight"":0.35},""profile"":null,""rank"":1,""reference_roles"":[""historic_best""],""requested_search_member"":true,""run_id"":""run-20260902-205651"",""search_observation"":{""completion_index"":2,""elapsed_seconds"":0.11063693487085402,""parameter_set_number"":2,""search_fraction"":0.2},""search_space_member"":true,""summary"":{""elapsed_ms_total"":55.513,""failure_count"":0,""mean_edge_error_px"":11.5,""mean_iou"":0.95710691,""mean_iou_success"":0.95710691,""minimum_iou"":0.92607438,""page_count"":5,""stddev_iou"":0.0183165,""success_count"":5,""wall_ms"":55.755}}","{""approved_bbox"":[15,28,1074,970],""candidate"":{""authors"":null,""bbox"":[38,-184,1224,1002],""confidence"":0.8312779996361929,""corners"":[[37.93914794921875,138.98069763183594],[900.9408569335938,-183.5182342529297],[1223.19580078125,678.8307495117188],[360.19415283203125,1001.3296508789062]],""detector_name"":"""",""diagnostics"":{""area_fraction"":0.7930175925988004,""evidence"":""center_outward_radial_gradient_search"",""mean_edge_strength"":1.0,""parameters"":{""area_weight"":0.35,""gaussian_sigma"":2.4,""gradient_percentile"":74.0,""maximum_area_fraction"":0.98,""maximum_radius_fraction"":0.78,""minimum_area_fraction"":0.18,""minimum_radius_fraction"":0.22,""minimum_ray_support"":0.25,""ray_count"":144,""rectangularity_weight"":0.2,""support_weight"":0.35},""ray_support"":1.0,""rectangularity"":0.6029702113149672,""supported_rays"":144},""foundation"":null,""method"":""radial_edge"",""origin"":"""",""repository"":"""",""score"":0.8312779996361929,""status"":""ok"",""version"":""""},""edge_error_maximum_px"":28,""edge_error_mean_px"":19.5,""edge_errors"":{""bottom"":13,""left"":23,""maximum"":28,""mean"":19.5,""right"":14,""top"":28},""elapsed_ms"":10.448,""global_ordinal"":6,""iou"":0.92607438,""label"":""title_or_index_sheet"",""layout_type"":""single_page"",""predicted_bbox"":[38,0,1088,983],""status"":""ok""}"
run-20260902-205651,b87650180aa6,b87650180aa602f3e7d0bc217eeacc584750ae7827a3ba812a7c7bb0fa8e84c3,1,b87650180aa6,3a9a4f04fc5de3ad58fc40657b9b432255f8622ab6eeb6f38995c232f6c9be6a,1,701ddca5477951c547a2d2128767fcfa1f23aaaf6a1dc3ed651bc1d9223810b7,46800,,1,,1,1,"[""historic_best""]","{""detector"": ""radial_edge"", ""golden_set_sha256"": ""135c0ff576876ef8911296e2502193ed20d159799079a4f8a58994854fcbba8e"", ""historic_build_number"": ""902"", ""historic_build_url"": ""https://github.com/dlstupka/hth/actions/runs/33346573035"", ""historic_calibration_id"": ""run-20260831-011903"", ""historic_created_at_utc"": ""2026-08-31T01:07:38.006950+00:00"", ""model_variant"": null, ""parameter_identity_sha256"": ""3a9a4f04fc5de3ad58fc40657b9b432255f8622ab6eeb6f38995c232f6c9be6a"", ""parameter_set_id"": ""b87650180aa6"", ""parameters"": {""gaussian_sigma"": 2.4, ""gradient_percentile"": 74.0, ""maximum_radius_fraction"": 0.78, ""minimum_radius_fraction"": 0.22, ""minimum_ray_support"": 0.25, ""ray_count"": 144, ""rectangularity_weight"": 0.2, ""support_weight"": 0.35}, ""provenance_source"": ""parameter-provenance""}",2,0.11063693487085402,0.2,9,clean_two_page_spread,two_page_spread,ok,0.95334243,11,2,34,2,12.25,34,10.775,"[84, 51, 1101, 941]","[73, 49, 1135, 943]","{""gaussian_sigma"":2.4,""gradient_percentile"":74.0,""maximum_radius_fraction"":0.78,""minimum_radius_fraction"":0.22,""minimum_ray_support"":0.25,""ray_count"":144,""rectangularity_weight"":0.2,""support_weight"":0.35}",,,"{""historic_reference"":{""detector"":""radial_edge"",""golden_set_sha256"":""135c0ff576876ef8911296e2502193ed20d159799079a4f8a58994854fcbba8e"",""historic_build_number"":""902"",""historic_build_url"":""https://github.com/dlstupka/hth/actions/runs/33346573035"",""historic_calibration_id"":""run-20260831-011903"",""historic_created_at_utc"":""2026-08-31T01:07:38.006950+00:00"",""model_variant"":null,""parameter_identity_sha256"":""3a9a4f04fc5de3ad58fc40657b9b432255f8622ab6eeb6f38995c232f6c9be6a"",""parameter_set_id"":""b87650180aa6"",""parameters"":{""gaussian_sigma"":2.4,""gradient_percentile"":74.0,""maximum_radius_fraction"":0.78,""minimum_radius_fraction"":0.22,""minimum_ray_support"":0.25,""ray_count"":144,""rectangularity_weight"":0.2,""support_weight"":0.35},""provenance_source"":""parameter-provenance""},""legacy_parameter_set_id"":""b87650180aa6"",""parameter_grid_ordinal"":46800,""parameter_grid_sha256"":""701ddca5477951c547a2d2128767fcfa1f23aaaf6a1dc3ed651bc1d9223810b7"",""parameter_identity_schema_version"":""1"",""parameter_identity_sha256"":""3a9a4f04fc5de3ad58fc40657b9b432255f8622ab6eeb6f38995c232f6c9be6a"",""parameter_schema_version"":""1"",""parameter_set_equivalence_family_id"":""b87650180aa6"",""parameter_set_equivalence_family_sha256"":""b87650180aa602f3e7d0bc217eeacc584750ae7827a3ba812a7c7bb0fa8e84c3"",""parameter_set_equivalence_family_size"":1,""parameter_set_id"":""b87650180aa6"",""parameters"":{""gaussian_sigma"":2.4,""gradient_percentile"":74.0,""maximum_radius_fraction"":0.78,""minimum_radius_fraction"":0.22,""minimum_ray_support"":0.25,""ray_count"":144,""rectangularity_weight"":0.2,""support_weight"":0.35},""profile"":null,""rank"":1,""reference_roles"":[""historic_best""],""requested_search_member"":true,""run_id"":""run-20260902-205651"",""search_observation"":{""completion_index"":2,""elapsed_seconds"":0.11063693487085402,""parameter_set_number"":2,""search_fraction"":0.2},""search_space_member"":true,""summary"":{""elapsed_ms_total"":55.513,""failure_count"":0,""mean_edge_error_px"":11.5,""mean_iou"":0.95710691,""mean_iou_success"":0.95710691,""minimum_iou"":0.92607438,""page_count"":5,""stddev_iou"":0.0183165,""success_count"":5,""wall_ms"":55.755}}","{""approved_bbox"":[84,51,1101,941],""candidate"":{""authors"":null,""bbox"":[73,49,1135,943],""confidence"":0.8970744086985615,""corners"":[[76.51036834716797,48.615509033203125],[1134.3519287109375,53.241363525390625],[1130.4659423828125,941.88134765625],[72.62439727783203,937.2554931640625]],""detector_name"":"""",""diagnostics"":{""area_fraction"":0.7409735131056363,""evidence"":""center_outward_radial_gradient_search"",""mean_edge_strength"":1.0,""parameters"":{""area_weight"":0.35,""gaussian_sigma"":2.4,""gradient_percentile"":74.0,""maximum_area_fraction"":0.98,""maximum_radius_fraction"":0.78,""minimum_area_fraction"":0.18,""minimum_radius_fraction"":0.22,""minimum_ray_support"":0.25,""ray_count"":144,""rectangularity_weight"":0.2,""support_weight"":0.35},""ray_support"":1.0,""rectangularity"":0.9901311912086632,""supported_rays"":144},""foundation"":null,""method"":""radial_edge"",""origin"":"""",""repository"":"""",""score"":0.8970744086985615,""status"":""ok"",""version"":""""},""edge_error_maximum_px"":34,""edge_error_mean_px"":12.25,""edge_errors"":{""bottom"":2,""left"":11,""maximum"":34,""mean"":12.25,""right"":34,""top"":2},""elapsed_ms"":10.775,""global_ordinal"":9,""iou"":0.95334243,""label"":""clean_two_page_spread"",""layout_type"":""two_page_spread"",""predicted_bbox"":[73,49,1135,943],""status"":""ok""}"
run-20260902-205651,b87650180aa6,b87650180aa602f3e7d0bc217eeacc584750ae7827a3ba812a7c7bb0fa8e84c3,1,b87650180aa6,3a9a4f04fc5de3ad58fc40657b9b432255f8622ab6eeb6f38995c232f6c9be6a,1,701ddca5477951c547a2d2128767fcfa1f23aaaf6a1dc3ed651bc1d9223810b7,46800,,1,,1,1,"[""historic_best""]","{""detector"": ""radial_edge"", ""golden_set_sha256"": ""135c0ff576876ef8911296e2502193ed20d159799079a4f8a58994854fcbba8e"", ""historic_build_number"": ""902"", ""historic_build_url"": ""https://github.com/dlstupka/hth/actions/runs/33346573035"", ""historic_calibration_id"": ""run-20260831-011903"", ""historic_created_at_utc"": ""2026-08-31T01:07:38.006950+00:00"", ""model_variant"": null, ""parameter_identity_sha256"": ""3a9a4f04fc5de3ad58fc40657b9b432255f8622ab6eeb6f38995c232f6c9be6a"", ""parameter_set_id"": ""b87650180aa6"", ""parameters"": {""gaussian_sigma"": 2.4, ""gradient_percentile"": 74.0, ""maximum_radius_fraction"": 0.78, ""minimum_radius_fraction"": 0.22, ""minimum_ray_support"": 0.25, ""ray_count"": 144, ""rectangularity_weight"": 0.2, ""support_weight"": 0.35}, ""provenance_source"": ""parameter-provenance""}",2,0.11063693487085402,0.2,10,clean_two_page_spread_2,two_page_spread,ok,0.95466295,12,1,34,3,12.5,34,10.889,"[88, 33, 1154, 968]","[76, 32, 1188, 965]","{""gaussian_sigma"":2.4,""gradient_percentile"":74.0,""maximum_radius_fraction"":0.78,""minimum_radius_fraction"":0.22,""minimum_ray_support"":0.25,""ray_count"":144,""rectangularity_weight"":0.2,""support_weight"":0.35}",,,"{""historic_reference"":{""detector"":""radial_edge"",""golden_set_sha256"":""135c0ff576876ef8911296e2502193ed20d159799079a4f8a58994854fcbba8e"",""historic_build_number"":""902"",""historic_build_url"":""https://github.com/dlstupka/hth/actions/runs/33346573035"",""historic_calibration_id"":""run-20260831-011903"",""historic_created_at_utc"":""2026-08-31T01:07:38.006950+00:00"",""model_variant"":null,""parameter_identity_sha256"":""3a9a4f04fc5de3ad58fc40657b9b432255f8622ab6eeb6f38995c232f6c9be6a"",""parameter_set_id"":""b87650180aa6"",""parameters"":{""gaussian_sigma"":2.4,""gradient_percentile"":74.0,""maximum_radius_fraction"":0.78,""minimum_radius_fraction"":0.22,""minimum_ray_support"":0.25,""ray_count"":144,""rectangularity_weight"":0.2,""support_weight"":0.35},""provenance_source"":""parameter-provenance""},""legacy_parameter_set_id"":""b87650180aa6"",""parameter_grid_ordinal"":46800,""parameter_grid_sha256"":""701ddca5477951c547a2d2128767fcfa1f23aaaf6a1dc3ed651bc1d9223810b7"",""parameter_identity_schema_version"":""1"",""parameter_identity_sha256"":""3a9a4f04fc5de3ad58fc40657b9b432255f8622ab6eeb6f38995c232f6c9be6a"",""parameter_schema_version"":""1"",""parameter_set_equivalence_family_id"":""b87650180aa6"",""parameter_set_equivalence_family_sha256"":""b87650180aa602f3e7d0bc217eeacc584750ae7827a3ba812a7c7bb0fa8e84c3"",""parameter_set_equivalence_family_size"":1,""parameter_set_id"":""b87650180aa6"",""parameters"":{""gaussian_sigma"":2.4,""gradient_percentile"":74.0,""maximum_radius_fraction"":0.78,""minimum_radius_fraction"":0.22,""minimum_ray_support"":0.25,""ray_count"":144,""rectangularity_weight"":0.2,""support_weight"":0.35},""profile"":null,""rank"":1,""reference_roles"":[""historic_best""],""requested_search_member"":true,""run_id"":""run-20260902-205651"",""search_observation"":{""completion_index"":2,""elapsed_seconds"":0.11063693487085402,""parameter_set_number"":2,""search_fraction"":0.2},""search_space_member"":true,""summary"":{""elapsed_ms_total"":55.513,""failure_count"":0,""mean_edge_error_px"":11.5,""mean_iou"":0.95710691,""mean_iou_success"":0.95710691,""minimum_iou"":0.92607438,""page_count"":5,""stddev_iou"":0.0183165,""success_count"":5,""wall_ms"":55.755}}","{""approved_bbox"":[88,33,1154,968],""candidate"":{""authors"":null,""bbox"":[76,32,1188,965],""confidence"":0.9298998794637318,""corners"":[[75.54296875,33.8091926574707],[1185.071533203125,32.01826095581055],[1186.57373046875,962.6567993164062],[77.045166015625,964.4476928710938]],""detector_name"":"""",""diagnostics"":{""area_fraction"":0.8225573643640357,""evidence"":""center_outward_radial_gradient_search"",""mean_edge_strength"":0.9997936313069206,""parameters"":{""area_weight"":0.35,""gaussian_sigma"":2.4,""gradient_percentile"":74.0,""maximum_area_fraction"":0.98,""maximum_radius_fraction"":0.78,""minimum_area_fraction"":0.18,""minimum_radius_fraction"":0.22,""minimum_ray_support"":0.25,""ray_count"":144,""rectangularity_weight"":0.2,""support_weight"":0.35},""ray_support"":1.0,""rectangularity"":0.995254642556175,""supported_rays"":144},""foundation"":null,""method"":""radial_edge"",""origin"":"""",""repository"":"""",""score"":0.9298998794637318,""status"":""ok"",""version"":""""},""edge_error_maximum_px"":34,""edge_error_mean_px"":12.5,""edge_errors"":{""bottom"":3,""left"":12,""maximum"":34,""mean"":12.5,""right"":34,""top"":1},""elapsed_ms"":10.889,""global_ordinal"":10,""iou"":0.95466295,""label"":""clean_two_page_spread_2"",""layout_type"":""two_page_spread"",""predicted_bbox"":[76,32,1188,965],""status"":""ok""}"
run-20260902-205651,d593fad7aeea,d593fad7aeea7d616d0b28cc3c36f146073e05c259685b27811274e811dad719,1,d593fad7aeea,de22ca5d8396752a424d9dfa9d9f4cee06d122a01c0c7ef27d9631a1070a0ea2,1,,,baseline,2,,0,1,"[""baseline""]",{},,,,1,ordinary_two_page_spread,two_page_spread,ok,0.94660739,37,13,3,6,14.75,37,14.727,"[125, 56, 1289, 967]","[162, 43, 1292, 973]","{""area_weight"":0.35,""gaussian_sigma"":1.2,""gradient_percentile"":82.0,""maximum_area_fraction"":0.98,""maximum_radius_fraction"":0.72,""minimum_area_fraction"":0.18,""minimum_radius_fraction"":0.18,""minimum_ray_support"":0.45,""ray_count"":96,""rectangularity_weight"":0.2,""support_weight"":0.45}",,,"{""legacy_parameter_set_id"":""d593fad7aeea"",""parameter_grid_ordinal"":null,""parameter_grid_sha256"":null,""parameter_identity_schema_version"":""1"",""parameter_identity_sha256"":""de22ca5d8396752a424d9dfa9d9f4cee06d122a01c0c7ef27d9631a1070a0ea2"",""parameter_schema_version"":""1"",""parameter_set_equivalence_family_id"":""d593fad7aeea"",""parameter_set_equivalence_family_sha256"":""d593fad7aeea7d616d0b28cc3c36f146073e05c259685b27811274e811dad719"",""parameter_set_equivalence_family_size"":1,""parameter_set_id"":""d593fad7aeea"",""parameters"":{""area_weight"":0.35,""gaussian_sigma"":1.2,""gradient_percentile"":82.0,""maximum_area_fraction"":0.98,""maximum_radius_fraction"":0.72,""minimum_area_fraction"":0.18,""minimum_radius_fraction"":0.18,""minimum_ray_support"":0.45,""ray_count"":96,""rectangularity_weight"":0.2,""support_weight"":0.45},""profile"":""baseline"",""rank"":2,""reference_roles"":[""baseline""],""requested_search_member"":false,""run_id"":""run-20260902-205651"",""search_space_member"":true,""summary"":{""elapsed_ms_total"":53.337,""failure_count"":0,""mean_edge_error_px"":13.35,""mean_iou"":0.95028923,""mean_iou_success"":0.95028923,""minimum_iou"":0.93398532,""page_count"":5,""stddev_iou"":0.01452638,""success_count"":5,""wall_ms"":53.674}}","{""approved_bbox"":[125,56,1289,967],""candidate"":{""authors"":null,""bbox"":[162,43,1292,973],""confidence"":0.8936685325809776,""corners"":[[186.20956420898438,43.105926513671875],[1291.08349609375,72.23458862304688],[1267.35546875,972.2598876953125],[162.48147583007812,943.1312255859375]],""detector_name"":"""",""diagnostics"":{""area_fraction"":0.7302713275497213,""evidence"":""center_outward_radial_gradient_search"",""mean_edge_strength"":0.9941864667998518,""parameters"":{""area_weight"":0.35,""gaussian_sigma"":1.2,""gradient_percentile"":82.0,""maximum_area_fraction"":0.98,""maximum_radius_fraction"":0.72,""minimum_area_fraction"":0.18,""minimum_radius_fraction"":0.18,""minimum_ray_support"":0.45,""ray_count"":96,""rectangularity_weight"":0.2,""support_weight"":0.45},""ray_support"":1.0,""rectangularity"":0.9469080645430421,""supported_rays"":96},""foundation"":null,""method"":""radial_edge"",""origin"":"""",""repository"":"""",""score"":0.8936685325809776,""status"":""ok"",""version"":""""},""edge_error_maximum_px"":37,""edge_error_mean_px"":14.75,""edge_errors"":{""bottom"":6,""left"":37,""maximum"":37,""mean"":14.75,""right"":3,""top"":13},""elapsed_ms"":14.727,""global_ordinal"":1,""iou"":0.94660739,""label"":""ordinary_two_page_spread"",""layout_type"":""two_page_spread"",""predicted_bbox"":[162,43,1292,973],""status"":""ok""}"
run-20260902-205651,d593fad7aeea,d593fad7aeea7d616d0b28cc3c36f146073e05c259685b27811274e811dad719,1,d593fad7aeea,de22ca5d8396752a424d9dfa9d9f4cee06d122a01c0c7ef27d9631a1070a0ea2,1,,,baseline,2,,0,1,"[""baseline""]",{},,,,5,damaged_partial_register_spread,two_page_spread,ok,0.97420463,22,5,1,1,7.25,22,10.517,"[67, 8, 1233, 977]","[89, 13, 1232, 976]","{""area_weight"":0.35,""gaussian_sigma"":1.2,""gradient_percentile"":82.0,""maximum_area_fraction"":0.98,""maximum_radius_fraction"":0.72,""minimum_area_fraction"":0.18,""minimum_radius_fraction"":0.18,""minimum_ray_support"":0.45,""ray_count"":96,""rectangularity_weight"":0.2,""support_weight"":0.45}",,,"{""legacy_parameter_set_id"":""d593fad7aeea"",""parameter_grid_ordinal"":null,""parameter_grid_sha256"":null,""parameter_identity_schema_version"":""1"",""parameter_identity_sha256"":""de22ca5d8396752a424d9dfa9d9f4cee06d122a01c0c7ef27d9631a1070a0ea2"",""parameter_schema_version"":""1"",""parameter_set_equivalence_family_id"":""d593fad7aeea"",""parameter_set_equivalence_family_sha256"":""d593fad7aeea7d616d0b28cc3c36f146073e05c259685b27811274e811dad719"",""parameter_set_equivalence_family_size"":1,""parameter_set_id"":""d593fad7aeea"",""parameters"":{""area_weight"":0.35,""gaussian_sigma"":1.2,""gradient_percentile"":82.0,""maximum_area_fraction"":0.98,""maximum_radius_fraction"":0.72,""minimum_area_fraction"":0.18,""minimum_radius_fraction"":0.18,""minimum_ray_support"":0.45,""ray_count"":96,""rectangularity_weight"":0.2,""support_weight"":0.45},""profile"":""baseline"",""rank"":2,""reference_roles"":[""baseline""],""requested_search_member"":false,""run_id"":""run-20260902-205651"",""search_space_member"":true,""summary"":{""elapsed_ms_total"":53.337,""failure_count"":0,""mean_edge_error_px"":13.35,""mean_iou"":0.95028923,""mean_iou_success"":0.95028923,""minimum_iou"":0.93398532,""page_count"":5,""stddev_iou"":0.01452638,""success_count"":5,""wall_ms"":53.674}}","{""approved_bbox"":[67,8,1233,977],""candidate"":{""authors"":null,""bbox"":[89,13,1232,976],""confidence"":0.9392941025504108,""corners"":[[89.435546875,19.256816864013672],[1225.2489013671875,12.645039558410645],[1230.815185546875,968.8546752929688],[95.0018310546875,975.4664916992188]],""detector_name"":"""",""diagnostics"":{""area_fraction"":0.8361838392315742,""evidence"":""center_outward_radial_gradient_search"",""mean_edge_strength"":0.9968087047686257,""parameters"":{""area_weight"":0.35,""gaussian_sigma"":1.2,""gradient_percentile"":82.0,""maximum_area_fraction"":0.98,""maximum_radius_fraction"":0.72,""minimum_area_fraction"":0.18,""minimum_radius_fraction"":0.18,""minimum_ray_support"":0.45,""ray_count"":96,""rectangularity_weight"":0.2,""support_weight"":0.45},""ray_support"":1.0,""rectangularity"":0.9867390012320949,""supported_rays"":96},""foundation"":null,""method"":""radial_edge"",""origin"":"""",""repository"":"""",""score"":0.9392941025504108,""status"":""ok"",""version"":""""},""edge_error_maximum_px"":22,""edge_error_mean_px"":7.25,""edge_errors"":{""bottom"":1,""left"":22,""maximum"":22,""mean"":7.25,""right"":1,""top"":5},""elapsed_ms"":10.517,""global_ordinal"":5,""iou"":0.97420463,""label"":""damaged_partial_register_spread"",""layout_type"":""two_page_spread"",""predicted_bbox"":[89,13,1232,976],""status"":""ok""}"
run-20260902-205651,d593fad7aeea,d593fad7aeea7d616d0b28cc3c36f146073e05c259685b27811274e811dad719,1,d593fad7aeea,de22ca5d8396752a424d9dfa9d9f4cee06d122a01c0c7ef27d9631a1070a0ea2,1,,,baseline,2,,0,1,"[""baseline""]",{},,,,6,title_or_index_sheet,single_page,ok,0.93842394,13,28,14,9,16.0,28,9.463,"[15, 28, 1074, 970]","[28, 0, 1088, 979]","{""area_weight"":0.35,""gaussian_sigma"":1.2,""gradient_percentile"":82.0,""maximum_area_fraction"":0.98,""maximum_radius_fraction"":0.72,""minimum_area_fraction"":0.18,""minimum_radius_fraction"":0.18,""minimum_ray_support"":0.45,""ray_count"":96,""rectangularity_weight"":0.2,""support_weight"":0.45}",,,"{""legacy_parameter_set_id"":""d593fad7aeea"",""parameter_grid_ordinal"":null,""parameter_grid_sha256"":null,""parameter_identity_schema_version"":""1"",""parameter_identity_sha256"":""de22ca5d8396752a424d9dfa9d9f4cee06d122a01c0c7ef27d9631a1070a0ea2"",""parameter_schema_version"":""1"",""parameter_set_equivalence_family_id"":""d593fad7aeea"",""parameter_set_equivalence_family_sha256"":""d593fad7aeea7d616d0b28cc3c36f146073e05c259685b27811274e811dad719"",""parameter_set_equivalence_family_size"":1,""parameter_set_id"":""d593fad7aeea"",""parameters"":{""area_weight"":0.35,""gaussian_sigma"":1.2,""gradient_percentile"":82.0,""maximum_area_fraction"":0.98,""maximum_radius_fraction"":0.72,""minimum_area_fraction"":0.18,""minimum_radius_fraction"":0.18,""minimum_ray_support"":0.45,""ray_count"":96,""rectangularity_weight"":0.2,""support_weight"":0.45},""profile"":""baseline"",""rank"":2,""reference_roles"":[""baseline""],""requested_search_member"":false,""run_id"":""run-20260902-205651"",""search_space_member"":true,""summary"":{""elapsed_ms_total"":53.337,""failure_count"":0,""mean_edge_error_px"":13.35,""mean_iou"":0.95028923,""mean_iou_success"":0.95028923,""minimum_iou"":0.93398532,""page_count"":5,""stddev_iou"":0.01452638,""success_count"":5,""wall_ms"":53.674}}","{""approved_bbox"":[15,28,1074,970],""candidate"":{""authors"":null,""bbox"":[28,-162,1221,979],""confidence"":0.7531329263409331,""corners"":[[447.8097839355469,-161.75616455078125],[1220.0848388671875,409.15435791015625],[799.913818359375,977.5228881835938],[27.638824462890625,406.61236572265625]],""detector_name"":"""",""diagnostics"":{""area_fraction"":0.6347024976169867,""evidence"":""center_outward_radial_gradient_search"",""mean_edge_strength"":1.0,""parameters"":{""area_weight"":0.35,""gaussian_sigma"":1.2,""gradient_percentile"":82.0,""maximum_area_fraction"":0.98,""maximum_radius_fraction"":0.72,""minimum_area_fraction"":0.18,""minimum_radius_fraction"":0.18,""minimum_ray_support"":0.45,""ray_count"":96,""rectangularity_weight"":0.2,""support_weight"":0.45},""ray_support"":0.9166666666666666,""rectangularity"":0.49868526087493864,""supported_rays"":88},""foundation"":null,""method"":""radial_edge"",""origin"":"""",""repository"":"""",""score"":0.7531329263409331,""status"":""ok"",""version"":""""},""edge_error_maximum_px"":28,""edge_error_mean_px"":16.0,""edge_errors"":{""bottom"":9,""left"":13,""maximum"":28,""mean"":16.0,""right"":14,""top"":28},""elapsed_ms"":9.463,""global_ordinal"":6,""iou"":0.93842394,""label"":""title_or_index_sheet"",""layout_type"":""single_page"",""predicted_bbox"":[28,0,1088,979],""status"":""ok""}"
run-20260902-205651,d593fad7aeea,d593fad7aeea7d616d0b28cc3c36f146073e05c259685b27811274e811dad719,1,d593fad7aeea,de22ca5d8396752a424d9dfa9d9f4cee06d122a01c0c7ef27d9631a1070a0ea2,1,,,baseline,2,,0,1,"[""baseline""]",{},,,,9,clean_two_page_spread,two_page_spread,ok,0.93398532,28,4,35,2,17.25,35,9.586,"[84, 51, 1101, 941]","[112, 47, 1136, 939]","{""area_weight"":0.35,""gaussian_sigma"":1.2,""gradient_percentile"":82.0,""maximum_area_fraction"":0.98,""maximum_radius_fraction"":0.72,""minimum_area_fraction"":0.18,""minimum_radius_fraction"":0.18,""minimum_ray_support"":0.45,""ray_count"":96,""rectangularity_weight"":0.2,""support_weight"":0.45}",,,"{""legacy_parameter_set_id"":""d593fad7aeea"",""parameter_grid_ordinal"":null,""parameter_grid_sha256"":null,""parameter_identity_schema_version"":""1"",""parameter_identity_sha256"":""de22ca5d8396752a424d9dfa9d9f4cee06d122a01c0c7ef27d9631a1070a0ea2"",""parameter_schema_version"":""1"",""parameter_set_equivalence_family_id"":""d593fad7aeea"",""parameter_set_equivalence_family_sha256"":""d593fad7aeea7d616d0b28cc3c36f146073e05c259685b27811274e811dad719"",""parameter_set_equivalence_family_size"":1,""parameter_set_id"":""d593fad7aeea"",""parameters"":{""area_weight"":0.35,""gaussian_sigma"":1.2,""gradient_percentile"":82.0,""maximum_area_fraction"":0.98,""maximum_radius_fraction"":0.72,""minimum_area_fraction"":0.18,""minimum_radius_fraction"":0.18,""minimum_ray_support"":0.45,""ray_count"":96,""rectangularity_weight"":0.2,""support_weight"":0.45},""profile"":""baseline"",""rank"":2,""reference_roles"":[""baseline""],""requested_search_member"":false,""run_id"":""run-20260902-205651"",""search_space_member"":true,""summary"":{""elapsed_ms_total"":53.337,""failure_count"":0,""mean_edge_error_px"":13.35,""mean_iou"":0.95028923,""mean_iou_success"":0.95028923,""minimum_iou"":0.93398532,""page_count"":5,""stddev_iou"":0.01452638,""success_count"":5,""wall_ms"":53.674}}","{""approved_bbox"":[84,51,1101,941],""candidate"":{""authors"":null,""bbox"":[112,47,1136,939],""confidence"":0.8968914920698197,""corners"":[[112.2022705078125,51.706016540527344],[1131.2606201171875,46.841041564941406],[1135.4913330078125,933.03857421875],[116.4329833984375,937.903564453125]],""detector_name"":"""",""diagnostics"":{""area_fraction"":0.7118482085108209,""evidence"":""center_outward_radial_gradient_search"",""mean_edge_strength"":1.0,""parameters"":{""area_weight"":0.35,""gaussian_sigma"":1.2,""gradient_percentile"":82.0,""maximum_area_fraction"":0.98,""maximum_radius_fraction"":0.72,""minimum_area_fraction"":0.18,""minimum_radius_fraction"":0.18,""minimum_ray_support"":0.45,""ray_count"":96,""rectangularity_weight"":0.2,""support_weight"":0.45},""ray_support"":1.0,""rectangularity"":0.9887230954551615,""supported_rays"":96},""foundation"":null,""method"":""radial_edge"",""origin"":"""",""repository"":"""",""score"":0.8968914920698197,""status"":""ok"",""version"":""""},""edge_error_maximum_px"":35,""edge_error_mean_px"":17.25,""edge_errors"":{""bottom"":2,""left"":28,""maximum"":35,""mean"":17.25,""right"":35,""top"":4},""elapsed_ms"":9.586,""global_ordinal"":9,""iou"":0.93398532,""label"":""clean_two_page_spread"",""layout_type"":""two_page_spread"",""predicted_bbox"":[112,47,1136,939],""status"":""ok""}"
run-20260902-205651,d593fad7aeea,d593fad7aeea7d616d0b28cc3c36f146073e05c259685b27811274e811dad719,1,d593fad7aeea,de22ca5d8396752a424d9dfa9d9f4cee06d122a01c0c7ef27d9631a1070a0ea2,1,,,baseline,2,,0,1,"[""baseline""]",{},,,,10,clean_two_page_spread_2,two_page_spread,ok,0.95822487,13,1,30,2,11.5,30,9.044,"[88, 33, 1154, 968]","[75, 32, 1184, 966]","{""area_weight"":0.35,""gaussian_sigma"":1.2,""gradient_percentile"":82.0,""maximum_area_fraction"":0.98,""maximum_radius_fraction"":0.72,""minimum_area_fraction"":0.18,""minimum_radius_fraction"":0.18,""minimum_ray_support"":0.45,""ray_count"":96,""rectangularity_weight"":0.2,""support_weight"":0.45}",,,"{""legacy_parameter_set_id"":""d593fad7aeea"",""parameter_grid_ordinal"":null,""parameter_grid_sha256"":null,""parameter_identity_schema_version"":""1"",""parameter_identity_sha256"":""de22ca5d8396752a424d9dfa9d9f4cee06d122a01c0c7ef27d9631a1070a0ea2"",""parameter_schema_version"":""1"",""parameter_set_equivalence_family_id"":""d593fad7aeea"",""parameter_set_equivalence_family_sha256"":""d593fad7aeea7d616d0b28cc3c36f146073e05c259685b27811274e811dad719"",""parameter_set_equivalence_family_size"":1,""parameter_set_id"":""d593fad7aeea"",""parameters"":{""area_weight"":0.35,""gaussian_sigma"":1.2,""gradient_percentile"":82.0,""maximum_area_fraction"":0.98,""maximum_radius_fraction"":0.72,""minimum_area_fraction"":0.18,""minimum_radius_fraction"":0.18,""minimum_ray_support"":0.45,""ray_count"":96,""rectangularity_weight"":0.2,""support_weight"":0.45},""profile"":""baseline"",""rank"":2,""reference_roles"":[""baseline""],""requested_search_member"":false,""run_id"":""run-20260902-205651"",""search_space_member"":true,""summary"":{""elapsed_ms_total"":53.337,""failure_count"":0,""mean_edge_error_px"":13.35,""mean_iou"":0.95028923,""mean_iou_success"":0.95028923,""minimum_iou"":0.93398532,""page_count"":5,""stddev_iou"":0.01452638,""success_count"":5,""wall_ms"":53.674}}","{""approved_bbox"":[88,33,1154,968],""candidate"":{""authors"":null,""bbox"":[75,32,1184,966],""confidence"":0.9351461327995805,""corners"":[[74.7623291015625,34.62822723388672],[1180.6492919921875,32.06433868408203],[1182.8055419921875,962.0991821289062],[76.9185791015625,964.6630249023438]],""detector_name"":"""",""diagnostics"":{""area_fraction"":0.8193280688774525,""evidence"":""center_outward_radial_gradient_search"",""mean_edge_strength"":0.9990593156842374,""parameters"":{""area_weight"":0.35,""gaussian_sigma"":1.2,""gradient_percentile"":82.0,""maximum_area_fraction"":0.98,""maximum_radius_fraction"":0.72,""minimum_area_fraction"":0.18,""minimum_radius_fraction"":0.18,""minimum_ray_support"":0.45,""ray_count"":96,""rectangularity_weight"":0.2,""support_weight"":0.45},""ray_support"":1.0,""rectangularity"":0.9929648133175938,""supported_rays"":96},""foundation"":null,""method"":""radial_edge"",""origin"":"""",""repository"":"""",""score"":0.9351461327995805,""status"":""ok"",""version"":""""},""edge_error_maximum_px"":30,""edge_error_mean_px"":11.5,""edge_errors"":{""bottom"":2,""left"":13,""maximum"":30,""mean"":11.5,""right"":30,""top"":1},""elapsed_ms"":9.044,""global_ordinal"":10,""iou"":0.95822487,""label"":""clean_two_page_spread_2"",""layout_type"":""two_page_spread"",""predicted_bbox"":[75,32,1184,966],""status"":""ok""}"
run-20260902-205651,0c476a6d2841,0c476a6d284187aff7371ac80ab2f8bee75775564f99d41cd823bdb2e143ab7c,1,0c476a6d2841,cddc09c6bb8c204ac94c3dac27ae694559151a91295b5d5888659467c28d76d0,1,701ddca5477951c547a2d2128767fcfa1f23aaaf6a1dc3ed651bc1d9223810b7,0,,3,1,1,1,[],{},3,0.23619147785939276,0.3,1,ordinary_two_page_spread,two_page_spread,ok,0.69157322,223,3,98,39,90.75,223,22.974,"[125, 56, 1289, 967]","[348, 53, 1191, 928]","{""gaussian_sigma"":0.6,""gradient_percentile"":74.0,""maximum_radius_fraction"":0.6,""minimum_radius_fraction"":0.1,""minimum_ray_support"":0.25,""ray_count"":64,""rectangularity_weight"":0.2,""support_weight"":0.35}",,,"{""legacy_parameter_set_id"":""0c476a6d2841"",""parameter_grid_ordinal"":0,""parameter_grid_sha256"":""701ddca5477951c547a2d2128767fcfa1f23aaaf6a1dc3ed651bc1d9223810b7"",""parameter_identity_schema_version"":""1"",""parameter_identity_sha256"":""cddc09c6bb8c204ac94c3dac27ae694559151a91295b5d5888659467c28d76d0"",""parameter_schema_version"":""1"",""parameter_set_equivalence_family_id"":""0c476a6d2841"",""parameter_set_equivalence_family_sha256"":""0c476a6d284187aff7371ac80ab2f8bee75775564f99d41cd823bdb2e143ab7c"",""parameter_set_equivalence_family_size"":1,""parameter_set_id"":""0c476a6d2841"",""parameters"":{""gaussian_sigma"":0.6,""gradient_percentile"":74.0,""maximum_radius_fraction"":0.6,""minimum_radius_fraction"":0.1,""minimum_ray_support"":0.25,""ray_count"":64,""rectangularity_weight"":0.2,""support_weight"":0.35},""profile"":null,""rank"":3,""reference_roles"":[],""requested_search_member"":true,""run_id"":""run-20260902-205651"",""search_observation"":{""completion_index"":3,""elapsed_seconds"":0.23619147785939276,""parameter_set_number"":3,""search_fraction"":0.3},""search_rank"":1,""search_space_member"":true,""summary"":{""elapsed_ms_total"":124.555,""failure_count"":0,""mean_edge_error_px"":60.0,""mean_iou"":0.78608487,""mean_iou_success"":0.78608487,""minimum_iou"":0.69152464,""page_count"":5,""stddev_iou"":0.09313191,""success_count"":5,""wall_ms"":124.859}}","{""approved_bbox"":[125,56,1289,967],""candidate"":{""authors"":null,""bbox"":[348,53,1191,928],""confidence"":0.8009023611174353,""corners"":[[348.2836608886719,72.55436706542969],[1169.4764404296875,52.55232238769531],[1190.2950439453125,907.2714233398438],[369.1022644042969,927.2734985351562]],""detector_name"":"""",""diagnostics"":{""area_fraction"":0.5153961405578346,""evidence"":""center_outward_radial_gradient_search"",""mean_edge_strength"":1.0,""parameters"":{""area_weight"":0.35,""gaussian_sigma"":0.6,""gradient_percentile"":74.0,""maximum_area_fraction"":0.98,""maximum_radius_fraction"":0.6,""minimum_area_fraction"":0.18,""minimum_radius_fraction"":0.1,""minimum_ray_support"":0.25,""ray_count"":64,""rectangularity_weight"":0.2,""support_weight"":0.35},""ray_support"":1.0,""rectangularity"":0.9521173790522479,""supported_rays"":64},""foundation"":null,""method"":""radial_edge"",""origin"":"""",""repository"":"""",""score"":0.8009023611174353,""status"":""ok"",""version"":""""},""edge_error_maximum_px"":223,""edge_error_mean_px"":90.75,""edge_errors"":{""bottom"":39,""left"":223,""maximum"":223,""mean"":90.75,""right"":98,""top"":3},""elapsed_ms"":22.974,""global_ordinal"":1,""iou"":0.69157322,""label"":""ordinary_two_page_spread"",""layout_type"":""two_page_spread"",""predicted_bbox"":[348,53,1191,928],""status"":""ok""}"
run-20260902-205651,0c476a6d2841,0c476a6d284187aff7371ac80ab2f8bee75775564f99d41cd823bdb2e143ab7c,1,0c476a6d2841,cddc09c6bb8c204ac94c3dac27ae694559151a91295b5d5888659467c28d76d0,1,701ddca5477951c547a2d2128767fcfa1f23aaaf6a1dc3ed651bc1d9223810b7,0,,3,1,1,1,[],{},3,0.23619147785939276,0.3,5,damaged_partial_register_spread,two_page_spread,ok,0.93130038,58,8,5,10,20.25,58,28.985,"[67, 8, 1233, 977]","[9, 0, 1228, 987]","{""gaussian_sigma"":0.6,""gradient_percentile"":74.0,""maximum_radius_fraction"":0.6,""minimum_radius_fraction"":0.1,""minimum_ray_support"":0.25,""ray_count"":64,""rectangularity_weight"":0.2,""support_weight"":0.35}",,,"{""legacy_parameter_set_id"":""0c476a6d2841"",""parameter_grid_ordinal"":0,""parameter_grid_sha256"":""701ddca5477951c547a2d2128767fcfa1f23aaaf6a1dc3ed651bc1d9223810b7"",""parameter_identity_schema_version"":""1"",""parameter_identity_sha256"":""cddc09c6bb8c204ac94c3dac27ae694559151a91295b5d5888659467c28d76d0"",""parameter_schema_version"":""1"",""parameter_set_equivalence_family_id"":""0c476a6d2841"",""parameter_set_equivalence_family_sha256"":""0c476a6d284187aff7371ac80ab2f8bee75775564f99d41cd823bdb2e143ab7c"",""parameter_set_equivalence_family_size"":1,""parameter_set_id"":""0c476a6d2841"",""parameters"":{""gaussian_sigma"":0.6,""gradient_percentile"":74.0,""maximum_radius_fraction"":0.6,""minimum_radius_fraction"":0.1,""minimum_ray_support"":0.25,""ray_count"":64,""rectangularity_weight"":0.2,""support_weight"":0.35},""profile"":null,""rank"":3,""reference_roles"":[],""requested_search_member"":true,""run_id"":""run-20260902-205651"",""search_observation"":{""completion_index"":3,""elapsed_seconds"":0.23619147785939276,""parameter_set_number"":3,""search_fraction"":0.3},""search_rank"":1,""search_space_member"":true,""summary"":{""elapsed_ms_total"":124.555,""failure_count"":0,""mean_edge_error_px"":60.0,""mean_iou"":0.78608487,""mean_iou_success"":0.78608487,""minimum_iou"":0.69152464,""page_count"":5,""stddev_iou"":0.09313191,""success_count"":5,""wall_ms"":124.859}}","{""approved_bbox"":[67,8,1233,977],""candidate"":{""authors"":null,""bbox"":[9,-127,1228,1108],""confidence"":0.7391868806348328,""corners"":[[9.324188232421875,337.9800109863281],[734.485107421875,-126.54281616210938],[1227.032958984375,642.3676147460938],[501.8720397949219,1106.890380859375]],""detector_name"":"""",""diagnostics"":{""area_fraction"":0.6054263774077675,""evidence"":""center_outward_radial_gradient_search"",""mean_edge_strength"":0.9937054339496477,""parameters"":{""area_weight"":0.35,""gaussian_sigma"":0.6,""gradient_percentile"":74.0,""maximum_area_fraction"":0.98,""maximum_radius_fraction"":0.6,""minimum_area_fraction"":0.18,""minimum_radius_fraction"":0.1,""minimum_ray_support"":0.25,""ray_count"":64,""rectangularity_weight"":0.2,""support_weight"":0.35},""ray_support"":1.0,""rectangularity"":0.5223525476872128,""supported_rays"":64},""foundation"":null,""method"":""radial_edge"",""origin"":"""",""repository"":"""",""score"":0.7391868806348328,""status"":""ok"",""version"":""""},""edge_error_maximum_px"":58,""edge_error_mean_px"":20.25,""edge_errors"":{""bottom"":10,""left"":58,""maximum"":58,""mean"":20.25,""right"":5,""top"":8},""elapsed_ms"":28.985,""global_ordinal"":5,""iou"":0.93130038,""label"":""damaged_partial_register_spread"",""layout_type"":""two_page_spread"",""predicted_bbox"":[9,0,1228,987],""status"":""ok""}"
run-20260902-205651,0c476a6d2841,0c476a6d284187aff7371ac80ab2f8bee75775564f99d41cd823bdb2e143ab7c,1,0c476a6d2841,cddc09c6bb8c204ac94c3dac27ae694559151a91295b5d5888659467c28d76d0,1,701ddca5477951c547a2d2128767fcfa1f23aaaf6a1dc3ed651bc1d9223810b7,0,,3,1,1,1,[],{},3,0.23619147785939276,0.3,6,title_or_index_sheet,single_page,ok,0.69152464,117,7,115,103,85.5,117,27.419,"[15, 28, 1074, 970]","[132, 21, 959, 867]","{""gaussian_sigma"":0.6,""gradient_percentile"":74.0,""maximum_radius_fraction"":0.6,""minimum_radius_fraction"":0.1,""minimum_ray_support"":0.25,""ray_count"":64,""rectangularity_weight"":0.2,""support_weight"":0.35}",,,"{""legacy_parameter_set_id"":""0c476a6d2841"",""parameter_grid_ordinal"":0,""parameter_grid_sha256"":""701ddca5477951c547a2d2128767fcfa1f23aaaf6a1dc3ed651bc1d9223810b7"",""parameter_identity_schema_version"":""1"",""parameter_identity_sha256"":""cddc09c6bb8c204ac94c3dac27ae694559151a91295b5d5888659467c28d76d0"",""parameter_schema_version"":""1"",""parameter_set_equivalence_family_id"":""0c476a6d2841"",""parameter_set_equivalence_family_sha256"":""0c476a6d284187aff7371ac80ab2f8bee75775564f99d41cd823bdb2e143ab7c"",""parameter_set_equivalence_family_size"":1,""parameter_set_id"":""0c476a6d2841"",""parameters"":{""gaussian_sigma"":0.6,""gradient_percentile"":74.0,""maximum_radius_fraction"":0.6,""minimum_radius_fraction"":0.1,""minimum_ray_support"":0.25,""ray_count"":64,""rectangularity_weight"":0.2,""support_weight"":0.35},""profile"":null,""rank"":3,""reference_roles"":[],""requested_search_member"":true,""run_id"":""run-20260902-205651"",""search_observation"":{""completion_index"":3,""elapsed_seconds"":0.23619147785939276,""parameter_set_number"":3,""search_fraction"":0.3},""search_rank"":1,""search_space_member"":true,""summary"":{""elapsed_ms_total"":124.555,""failure_count"":0,""mean_edge_error_px"":60.0,""mean_iou"":0.78608487,""mean_iou_success"":0.78608487,""minimum_iou"":0.69152464,""page_count"":5,""stddev_iou"":0.09313191,""success_count"":5,""wall_ms"":124.859}}","{""approved_bbox"":[15,28,1074,970],""candidate"":{""authors"":null,""bbox"":[132,21,959,867],""confidence"":0.693352394119312,""corners"":[[132.05322265625,207.5390167236328],[764.0384521484375,21.320480346679688],[957.981689453125,679.5216064453125],[325.9964599609375,865.7401123046875]],""detector_name"":"""",""diagnostics"":{""area_fraction"":0.4227092212071011,""evidence"":""center_outward_radial_gradient_search"",""mean_edge_strength"":0.9819113680578915,""parameters"":{""area_weight"":0.35,""gaussian_sigma"":0.6,""gradient_percentile"":74.0,""maximum_area_fraction"":0.98,""maximum_radius_fraction"":0.6,""minimum_area_fraction"":0.18,""minimum_radius_fraction"":0.1,""minimum_ray_support"":0.25,""ray_count"":64,""rectangularity_weight"":0.2,""support_weight"":0.35},""ray_support"":1.0,""rectangularity"":0.6461721893738218,""supported_rays"":64},""foundation"":null,""method"":""radial_edge"",""origin"":"""",""repository"":"""",""score"":0.693352394119312,""status"":""ok"",""version"":""""},""edge_error_maximum_px"":117,""edge_error_mean_px"":85.5,""edge_errors"":{""bottom"":103,""left"":117,""maximum"":117,""mean"":85.5,""right"":115,""top"":7},""elapsed_ms"":27.419,""global_ordinal"":6,""iou"":0.69152464,""label"":""title_or_index_sheet"",""layout_type"":""single_page"",""predicted_bbox"":[132,21,959,867],""status"":""ok""}"
run-20260902-205651,0c476a6d2841,0c476a6d284187aff7371ac80ab2f8bee75775564f99d41cd823bdb2e143ab7c,1,0c476a6d2841,cddc09c6bb8c204ac94c3dac27ae694559151a91295b5d5888659467c28d76d0,1,701ddca5477951c547a2d2128767fcfa1f23aaaf6a1dc3ed651bc1d9223810b7,0,,3,1,1,1,[],{},3,0.23619147785939276,0.3,9,clean_two_page_spread,two_page_spread,ok,0.76651342,149,10,81,1,60.25,149,34.002,"[84, 51, 1101, 941]","[233, 41, 1020, 942]","{""gaussian_sigma"":0.6,""gradient_percentile"":74.0,""maximum_radius_fraction"":0.6,""minimum_radius_fraction"":0.1,""minimum_ray_support"":0.25,""ray_count"":64,""rectangularity_weight"":0.2,""support_weight"":0.35}",,,"{""legacy_parameter_set_id"":""0c476a6d2841"",""parameter_grid_ordinal"":0,""parameter_grid_sha256"":""701ddca5477951c547a2d2128767fcfa1f23aaaf6a1dc3ed651bc1d9223810b7"",""parameter_identity_schema_version"":""1"",""parameter_identity_sha256"":""cddc09c6bb8c204ac94c3dac27ae694559151a91295b5d5888659467c28d76d0"",""parameter_schema_version"":""1"",""parameter_set_equivalence_family_id"":""0c476a6d2841"",""parameter_set_equivalence_family_sha256"":""0c476a6d284187aff7371ac80ab2f8bee75775564f99d41cd823bdb2e143ab7c"",""parameter_set_equivalence_family_size"":1,""parameter_set_id"":""0c476a6d2841"",""parameters"":{""gaussian_sigma"":0.6,""gradient_percentile"":74.0,""maximum_radius_fraction"":0.6,""minimum_radius_fraction"":0.1,""minimum_ray_support"":0.25,""ray_count"":64,""rectangularity_weight"":0.2,""support_weight"":0.35},""profile"":null,""rank"":3,""reference_roles"":[],""requested_search_member"":true,""run_id"":""run-20260902-205651"",""search_observation"":{""completion_index"":3,""elapsed_seconds"":0.23619147785939276,""parameter_set_number"":3,""search_fraction"":0.3},""search_rank"":1,""search_space_member"":true,""summary"":{""elapsed_ms_total"":124.555,""failure_count"":0,""mean_edge_error_px"":60.0,""mean_iou"":0.78608487,""mean_iou_success"":0.78608487,""minimum_iou"":0.69152464,""page_count"":5,""stddev_iou"":0.09313191,""success_count"":5,""wall_ms"":124.859}}","{""approved_bbox"":[84,51,1101,941],""candidate"":{""authors"":null,""bbox"":[233,41,1020,942],""confidence"":0.7990262207812051,""corners"":[[233.1329345703125,66.76216125488281],[988.631591796875,40.60056686401367],[1018.91943359375,915.2576904296875],[263.4207763671875,941.4193115234375]],""detector_name"":"""",""diagnostics"":{""area_fraction"":0.5214826994285087,""evidence"":""center_outward_radial_gradient_search"",""mean_edge_strength"":1.0,""parameters"":{""area_weight"":0.35,""gaussian_sigma"":0.6,""gradient_percentile"":74.0,""maximum_area_fraction"":0.98,""maximum_radius_fraction"":0.6,""minimum_area_fraction"":0.18,""minimum_radius_fraction"":0.1,""minimum_ray_support"":0.25,""ray_count"":64,""rectangularity_weight"":0.2,""support_weight"":0.35},""ray_support"":1.0,""rectangularity"":0.9330232695155325,""supported_rays"":64},""foundation"":null,""method"":""radial_edge"",""origin"":"""",""repository"":"""",""score"":0.7990262207812051,""status"":""ok"",""version"":""""},""edge_error_maximum_px"":149,""edge_error_mean_px"":60.25,""edge_errors"":{""bottom"":1,""left"":149,""maximum"":149,""mean"":60.25,""right"":81,""top"":10},""elapsed_ms"":34.002,""global_ordinal"":9,""iou"":0.76651342,""label"":""clean_two_page_spread"",""layout_type"":""two_page_spread"",""predicted_bbox"":[233,41,1020,942],""status"":""ok""}"
run-20260902-205651,0c476a6d2841,0c476a6d284187aff7371ac80ab2f8bee75775564f99d41cd823bdb2e143ab7c,1,0c476a6d2841,cddc09c6bb8c204ac94c3dac27ae694559151a91295b5d5888659467c28d76d0,1,701ddca5477951c547a2d2128767fcfa1f23aaaf6a1dc3ed651bc1d9223810b7,0,,3,1,1,1,[],{},3,0.23619147785939276,0.3,10,clean_two_page_spread_2,two_page_spread,ok,0.84951271,20,33,98,22,43.25,98,11.175,"[88, 33, 1154, 968]","[108, 0, 1252, 990]","{""gaussian_sigma"":0.6,""gradient_percentile"":74.0,""maximum_radius_fraction"":0.6,""minimum_radius_fraction"":0.1,""minimum_ray_support"":0.25,""ray_count"":64,""rectangularity_weight"":0.2,""support_weight"":0.35}",,,"{""legacy_parameter_set_id"":""0c476a6d2841"",""parameter_grid_ordinal"":0,""parameter_grid_sha256"":""701ddca5477951c547a2d2128767fcfa1f23aaaf6a1dc3ed651bc1d9223810b7"",""parameter_identity_schema_version"":""1"",""parameter_identity_sha256"":""cddc09c6bb8c204ac94c3dac27ae694559151a91295b5d5888659467c28d76d0"",""parameter_schema_version"":""1"",""parameter_set_equivalence_family_id"":""0c476a6d2841"",""parameter_set_equivalence_family_sha256"":""0c476a6d284187aff7371ac80ab2f8bee75775564f99d41cd823bdb2e143ab7c"",""parameter_set_equivalence_family_size"":1,""parameter_set_id"":""0c476a6d2841"",""parameters"":{""gaussian_sigma"":0.6,""gradient_percentile"":74.0,""maximum_radius_fraction"":0.6,""minimum_radius_fraction"":0.1,""minimum_ray_support"":0.25,""ray_count"":64,""rectangularity_weight"":0.2,""support_weight"":0.35},""profile"":null,""rank"":3,""reference_roles"":[],""requested_search_member"":true,""run_id"":""run-20260902-205651"",""search_observation"":{""completion_index"":3,""elapsed_seconds"":0.23619147785939276,""parameter_set_number"":3,""search_fraction"":0.3},""search_rank"":1,""search_space_member"":true,""summary"":{""elapsed_ms_total"":124.555,""failure_count"":0,""mean_edge_error_px"":60.0,""mean_iou"":0.78608487,""mean_iou_success"":0.78608487,""minimum_iou"":0.69152464,""page_count"":5,""stddev_iou"":0.09313191,""success_count"":5,""wall_ms"":124.859}}","{""approved_bbox"":[88,33,1154,968],""candidate"":{""authors"":null,""bbox"":[108,-37,1252,1101],""confidence"":0.7127344334073082,""corners"":[[561.9501953125,-37.472442626953125],[1251.4246826171875,431.0130615234375],[797.0030517578125,1099.7896728515625],[107.52851867675781,631.30419921875]],""detector_name"":"""",""diagnostics"":{""area_fraction"":0.5369104193857409,""evidence"":""center_outward_radial_gradient_search"",""mean_edge_strength"":1.0,""parameters"":{""area_weight"":0.35,""gaussian_sigma"":0.6,""gradient_percentile"":74.0,""maximum_area_fraction"":0.98,""maximum_radius_fraction"":0.6,""minimum_area_fraction"":0.18,""minimum_radius_fraction"":0.1,""minimum_ray_support"":0.25,""ray_count"":64,""rectangularity_weight"":0.2,""support_weight"":0.35},""ray_support"":1.0,""rectangularity"":0.5177117164078406,""supported_rays"":64},""foundation"":null,""method"":""radial_edge"",""origin"":"""",""repository"":"""",""score"":0.7127344334073082,""status"":""ok"",""version"":""""},""edge_error_maximum_px"":98,""edge_error_mean_px"":43.25,""edge_errors"":{""bottom"":22,""left"":20,""maximum"":98,""mean"":43.25,""right"":98,""top"":33},""elapsed_ms"":11.175,""global_ordinal"":10,""iou"":0.84951271,""label"":""clean_two_page_spread_2"",""layout_type"":""two_page_spread"",""predicted_bbox"":[108,0,1252,990],""status"":""ok""}"
run-20260902-205651,d1b85a845bdf,d1b85a845bdf4c197d3ec36c27f42506e828526b9df7becb311a69a6d4e67efe,1,d1b85a845bdf,0f09449981ff016d5e501c2c7d72ec07ed6078c4ce7c88a6691e0b367364deec,1,701ddca5477951c547a2d2128767fcfa1f23aaaf6a1dc3ed651bc1d9223810b7,1,,4,2,1,1,[],{},6,0.2711386338341981,0.6,1,ordinary_two_page_spread,two_page_spread,ok,0.69157322,223,3,98,39,90.75,223,47.661,"[125, 56, 1289, 967]","[348, 53, 1191, 928]","{""gaussian_sigma"":0.6,""gradient_percentile"":74.0,""maximum_radius_fraction"":0.6,""minimum_radius_fraction"":0.1,""minimum_ray_support"":0.25,""ray_count"":64,""rectangularity_weight"":0.3,""support_weight"":0.35}",,,"{""legacy_parameter_set_id"":""d1b85a845bdf"",""parameter_grid_ordinal"":1,""parameter_grid_sha256"":""701ddca5477951c547a2d2128767fcfa1f23aaaf6a1dc3ed651bc1d9223810b7"",""parameter_identity_schema_version"":""1"",""parameter_identity_sha256"":""0f09449981ff016d5e501c2c7d72ec07ed6078c4ce7c88a6691e0b367364deec"",""parameter_schema_version"":""1"",""parameter_set_equivalence_family_id"":""d1b85a845bdf"",""parameter_set_equivalence_family_sha256"":""d1b85a845bdf4c197d3ec36c27f42506e828526b9df7becb311a69a6d4e67efe"",""parameter_set_equivalence_family_size"":1,""parameter_set_id"":""d1b85a845bdf"",""parameters"":{""gaussian_sigma"":0.6,""gradient_percentile"":74.0,""maximum_radius_fraction"":0.6,""minimum_radius_fraction"":0.1,""minimum_ray_support"":0.25,""ray_count"":64,""rectangularity_weight"":0.3,""support_weight"":0.35},""profile"":null,""rank"":4,""reference_roles"":[],""requested_search_member"":true,""run_id"":""run-20260902-205651"",""search_observation"":{""completion_index"":6,""elapsed_seconds"":0.2711386338341981,""parameter_set_number"":6,""search_fraction"":0.6},""search_rank"":2,""search_space_member"":true,""summary"":{""elapsed_ms_total"":159.33,""failure_count"":0,""mean_edge_error_px"":60.0,""mean_iou"":0.78608487,""mean_iou_success"":0.78608487,""minimum_iou"":0.69152464,""page_count"":5,""stddev_iou"":0.09313191,""success_count"":5,""wall_ms"":159.635}}","{""approved_bbox"":[125,56,1289,967],""candidate"":{""authors"":null,""bbox"":[348,53,1191,928],""confidence"":0.8160238629109164,""corners"":[[348.2836608886719,72.55436706542969],[1169.4764404296875,52.55232238769531],[1190.2950439453125,907.2714233398438],[369.1022644042969,927.2734985351562]],""detector_name"":"""",""diagnostics"":{""area_fraction"":0.5153961405578346,""evidence"":""center_outward_radial_gradient_search"",""mean_edge_strength"":1.0,""parameters"":{""area_weight"":0.35,""gaussian_sigma"":0.6,""gradient_percentile"":74.0,""maximum_area_fraction"":0.98,""maximum_radius_fraction"":0.6,""minimum_area_fraction"":0.18,""minimum_radius_fraction"":0.1,""minimum_ray_support"":0.25,""ray_count"":64,""rectangularity_weight"":0.3,""support_weight"":0.35},""ray_support"":1.0,""rectangularity"":0.9521173790522479,""supported_rays"":64},""foundation"":null,""method"":""radial_edge"",""origin"":"""",""repository"":"""",""score"":0.8160238629109164,""status"":""ok"",""version"":""""},""edge_error_maximum_px"":223,""edge_error_mean_px"":90.75,""edge_errors"":{""bottom"":39,""left"":223,""maximum"":223,""mean"":90.75,""right"":98,""top"":3},""elapsed_ms"":47.661,""global_ordinal"":1,""iou"":0.69157322,""label"":""ordinary_two_page_spread"",""layout_type"":""two_page_spread"",""predicted_bbox"":[348,53,1191,928],""status"":""ok""}"
run-20260902-205651,d1b85a845bdf,d1b85a845bdf4c197d3ec36c27f42506e828526b9df7becb311a69a6d4e67efe,1,d1b85a845bdf,0f09449981ff016d5e501c2c7d72ec07ed6078c4ce7c88a6691e0b367364deec,1,701ddca5477951c547a2d2128767fcfa1f23aaaf6a1dc3ed651bc1d9223810b7,1,,4,2,1,1,[],{},6,0.2711386338341981,0.6,5,damaged_partial_register_spread,two_page_spread,ok,0.93130038,58,8,5,10,20.25,58,35.089,"[67, 8, 1233, 977]","[9, 0, 1228, 987]","{""gaussian_sigma"":0.6,""gradient_percentile"":74.0,""maximum_radius_fraction"":0.6,""minimum_radius_fraction"":0.1,""minimum_ray_support"":0.25,""ray_count"":64,""rectangularity_weight"":0.3,""support_weight"":0.35}",,,"{""legacy_parameter_set_id"":""d1b85a845bdf"",""parameter_grid_ordinal"":1,""parameter_grid_sha256"":""701ddca5477951c547a2d2128767fcfa1f23aaaf6a1dc3ed651bc1d9223810b7"",""parameter_identity_schema_version"":""1"",""parameter_identity_sha256"":""0f09449981ff016d5e501c2c7d72ec07ed6078c4ce7c88a6691e0b367364deec"",""parameter_schema_version"":""1"",""parameter_set_equivalence_family_id"":""d1b85a845bdf"",""parameter_set_equivalence_family_sha256"":""d1b85a845bdf4c197d3ec36c27f42506e828526b9df7becb311a69a6d4e67efe"",""parameter_set_equivalence_family_size"":1,""parameter_set_id"":""d1b85a845bdf"",""parameters"":{""gaussian_sigma"":0.6,""gradient_percentile"":74.0,""maximum_radius_fraction"":0.6,""minimum_radius_fraction"":0.1,""minimum_ray_support"":0.25,""ray_count"":64,""rectangularity_weight"":0.3,""support_weight"":0.35},""profile"":null,""rank"":4,""reference_roles"":[],""requested_search_member"":true,""run_id"":""run-20260902-205651"",""search_observation"":{""completion_index"":6,""elapsed_seconds"":0.2711386338341981,""parameter_set_number"":6,""search_fraction"":0.6},""search_rank"":2,""search_space_member"":true,""summary"":{""elapsed_ms_total"":159.33,""failure_count"":0,""mean_edge_error_px"":60.0,""mean_iou"":0.78608487,""mean_iou_success"":0.78608487,""minimum_iou"":0.69152464,""page_count"":5,""stddev_iou"":0.09313191,""success_count"":5,""wall_ms"":159.635}}","{""approved_bbox"":[67,8,1233,977],""candidate"":{""authors"":null,""bbox"":[9,-127,1228,1108],""confidence"":0.7175034473400708,""corners"":[[9.324188232421875,337.9800109863281],[734.485107421875,-126.54281616210938],[1227.032958984375,642.3676147460938],[501.8720397949219,1106.890380859375]],""detector_name"":"""",""diagnostics"":{""area_fraction"":0.6054263774077675,""evidence"":""center_outward_radial_gradient_search"",""mean_edge_strength"":0.9937054339496477,""parameters"":{""area_weight"":0.35,""gaussian_sigma"":0.6,""gradient_percentile"":74.0,""maximum_area_fraction"":0.98,""maximum_radius_fraction"":0.6,""minimum_area_fraction"":0.18,""minimum_radius_fraction"":0.1,""minimum_ray_support"":0.25,""ray_count"":64,""rectangularity_weight"":0.3,""support_weight"":0.35},""ray_support"":1.0,""rectangularity"":0.5223525476872128,""supported_rays"":64},""foundation"":null,""method"":""radial_edge"",""origin"":"""",""repository"":"""",""score"":0.7175034473400708,""status"":""ok"",""version"":""""},""edge_error_maximum_px"":58,""edge_error_mean_px"":20.25,""edge_errors"":{""bottom"":10,""left"":58,""maximum"":58,""mean"":20.25,""right"":5,""top"":8},""elapsed_ms"":35.089,""global_ordinal"":5,""iou"":0.93130038,""label"":""damaged_partial_register_spread"",""layout_type"":""two_page_spread"",""predicted_bbox"":[9,0,1228,987],""status"":""ok""}"
run-20260902-205651,d1b85a845bdf,d1b85a845bdf4c197d3ec36c27f42506e828526b9df7becb311a69a6d4e67efe,1,d1b85a845bdf,0f09449981ff016d5e501c2c7d72ec07ed6078c4ce7c88a6691e0b367364deec,1,701ddca5477951c547a2d2128767fcfa1f23aaaf6a1dc3ed651bc1d9223810b7,1,,4,2,1,1,[],{},6,0.2711386338341981,0.6,6,title_or_index_sheet,single_page,ok,0.69152464,117,7,115,103,85.5,117,27.295,"[15, 28, 1074, 970]","[132, 21, 959, 867]","{""gaussian_sigma"":0.6,""gradient_percentile"":74.0,""maximum_radius_fraction"":0.6,""minimum_radius_fraction"":0.1,""minimum_ray_support"":0.25,""ray_count"":64,""rectangularity_weight"":0.3,""support_weight"":0.35}",,,"{""legacy_parameter_set_id"":""d1b85a845bdf"",""parameter_grid_ordinal"":1,""parameter_grid_sha256"":""701ddca5477951c547a2d2128767fcfa1f23aaaf6a1dc3ed651bc1d9223810b7"",""parameter_identity_schema_version"":""1"",""parameter_identity_sha256"":""0f09449981ff016d5e501c2c7d72ec07ed6078c4ce7c88a6691e0b367364deec"",""parameter_schema_version"":""1"",""parameter_set_equivalence_family_id"":""d1b85a845bdf"",""parameter_set_equivalence_family_sha256"":""d1b85a845bdf4c197d3ec36c27f42506e828526b9df7becb311a69a6d4e67efe"",""parameter_set_equivalence_family_size"":1,""parameter_set_id"":""d1b85a845bdf"",""parameters"":{""gaussian_sigma"":0.6,""gradient_percentile"":74.0,""maximum_radius_fraction"":0.6,""minimum_radius_fraction"":0.1,""minimum_ray_support"":0.25,""ray_count"":64,""rectangularity_weight"":0.3,""support_weight"":0.35},""profile"":null,""rank"":4,""reference_roles"":[],""requested_search_member"":true,""run_id"":""run-20260902-205651"",""search_observation"":{""completion_index"":6,""elapsed_seconds"":0.2711386338341981,""parameter_set_number"":6,""search_fraction"":0.6},""search_rank"":2,""search_space_member"":true,""summary"":{""elapsed_ms_total"":159.33,""failure_count"":0,""mean_edge_error_px"":60.0,""mean_iou"":0.78608487,""mean_iou_success"":0.78608487,""minimum_iou"":0.69152464,""page_count"":5,""stddev_iou"":0.09313191,""success_count"":5,""wall_ms"":159.635}}","{""approved_bbox"":[15,28,1074,970],""candidate"":{""authors"":null,""bbox"":[132,21,959,867],""confidence"":0.6886343736447629,""corners"":[[132.05322265625,207.5390167236328],[764.0384521484375,21.320480346679688],[957.981689453125,679.5216064453125],[325.9964599609375,865.7401123046875]],""detector_name"":"""",""diagnostics"":{""area_fraction"":0.4227092212071011,""evidence"":""center_outward_radial_gradient_search"",""mean_edge_strength"":0.9819113680578915,""parameters"":{""area_weight"":0.35,""gaussian_sigma"":0.6,""gradient_percentile"":74.0,""maximum_area_fraction"":0.98,""maximum_radius_fraction"":0.6,""minimum_area_fraction"":0.18,""minimum_radius_fraction"":0.1,""minimum_ray_support"":0.25,""ray_count"":64,""rectangularity_weight"":0.3,""support_weight"":0.35},""ray_support"":1.0,""rectangularity"":0.6461721893738218,""supported_rays"":64},""foundation"":null,""method"":""radial_edge"",""origin"":"""",""repository"":"""",""score"":0.6886343736447629,""status"":""ok"",""version"":""""},""edge_error_maximum_px"":117,""edge_error_mean_px"":85.5,""edge_errors"":{""bottom"":103,""left"":117,""maximum"":117,""mean"":85.5,""right"":115,""top"":7},""elapsed_ms"":27.295,""global_ordinal"":6,""iou"":0.69152464,""label"":""title_or_index_sheet"",""layout_type"":""single_page"",""predicted_bbox"":[132,21,959,867],""status"":""ok""}"
run-20260902-205651,d1b85a845bdf,d1b85a845bdf4c197d3ec36c27f42506e828526b9df7becb311a69a6d4e67efe,1,d1b85a845bdf,0f09449981ff016d5e501c2c7d72ec07ed6078c4ce7c88a6691e0b367364deec,1,701ddca5477951c547a2d2128767fcfa1f23aaaf6a1dc3ed651bc1d9223810b7,1,,4,2,1,1,[],{},6,0.2711386338341981,0.6,9,clean_two_page_spread,two_page_spread,ok,0.76651342,149,10,81,1,60.25,149,32.51,"[84, 51, 1101, 941]","[233, 41, 1020, 942]","{""gaussian_sigma"":0.6,""gradient_percentile"":74.0,""maximum_radius_fraction"":0.6,""minimum_radius_fraction"":0.1,""minimum_ray_support"":0.25,""ray_count"":64,""rectangularity_weight"":0.3,""support_weight"":0.35}",,,"{""legacy_parameter_set_id"":""d1b85a845bdf"",""parameter_grid_ordinal"":1,""parameter_grid_sha256"":""701ddca5477951c547a2d2128767fcfa1f23aaaf6a1dc3ed651bc1d9223810b7"",""parameter_identity_schema_version"":""1"",""parameter_identity_sha256"":""0f09449981ff016d5e501c2c7d72ec07ed6078c4ce7c88a6691e0b367364deec"",""parameter_schema_version"":""1"",""parameter_set_equivalence_family_id"":""d1b85a845bdf"",""parameter_set_equivalence_family_sha256"":""d1b85a845bdf4c197d3ec36c27f42506e828526b9df7becb311a69a6d4e67efe"",""parameter_set_equivalence_family_size"":1,""parameter_set_id"":""d1b85a845bdf"",""parameters"":{""gaussian_sigma"":0.6,""gradient_percentile"":74.0,""maximum_radius_fraction"":0.6,""minimum_radius_fraction"":0.1,""minimum_ray_support"":0.25,""ray_count"":64,""rectangularity_weight"":0.3,""support_weight"":0.35},""profile"":null,""rank"":4,""reference_roles"":[],""requested_search_member"":true,""run_id"":""run-20260902-205651"",""search_observation"":{""completion_index"":6,""elapsed_seconds"":0.2711386338341981,""parameter_set_number"":6,""search_fraction"":0.6},""search_rank"":2,""search_space_member"":true,""summary"":{""elapsed_ms_total"":159.33,""failure_count"":0,""mean_edge_error_px"":60.0,""mean_iou"":0.78608487,""mean_iou_success"":0.78608487,""minimum_iou"":0.69152464,""page_count"":5,""stddev_iou"":0.09313191,""success_count"":5,""wall_ms"":159.635}}","{""approved_bbox"":[84,51,1101,941],""candidate"":{""authors"":null,""bbox"":[233,41,1020,942],""confidence"":0.8124259256546378,""corners"":[[233.1329345703125,66.76216125488281],[988.631591796875,40.60056686401367],[1018.91943359375,915.2576904296875],[263.4207763671875,941.4193115234375]],""detector_name"":"""",""diagnostics"":{""area_fraction"":0.5214826994285087,""evidence"":""center_outward_radial_gradient_search"",""mean_edge_strength"":1.0,""parameters"":{""area_weight"":0.35,""gaussian_sigma"":0.6,""gradient_percentile"":74.0,""maximum_area_fraction"":0.98,""maximum_radius_fraction"":0.6,""minimum_area_fraction"":0.18,""minimum_radius_fraction"":0.1,""minimum_ray_support"":0.25,""ray_count"":64,""rectangularity_weight"":0.3,""support_weight"":0.35},""ray_support"":1.0,""rectangularity"":0.9330232695155325,""supported_rays"":64},""foundation"":null,""method"":""radial_edge"",""origin"":"""",""repository"":"""",""score"":0.8124259256546378,""status"":""ok"",""version"":""""},""edge_error_maximum_px"":149,""edge_error_mean_px"":60.25,""edge_errors"":{""bottom"":1,""left"":149,""maximum"":149,""mean"":60.25,""right"":81,""top"":10},""elapsed_ms"":32.51,""global_ordinal"":9,""iou"":0.76651342,""label"":""clean_two_page_spread"",""layout_type"":""two_page_spread"",""predicted_bbox"":[233,41,1020,942],""status"":""ok""}"
run-20260902-205651,d1b85a845bdf,d1b85a845bdf4c197d3ec36c27f42506e828526b9df7becb311a69a6d4e67efe,1,d1b85a845bdf,0f09449981ff016d5e501c2c7d72ec07ed6078c4ce7c88a6691e0b367364deec,1,701ddca5477951c547a2d2128767fcfa1f23aaaf6a1dc3ed651bc1d9223810b7,1,,4,2,1,1,[],{},6,0.2711386338341981,0.6,10,clean_two_page_spread_2,two_page_spread,ok,0.84951271,20,33,98,22,43.25,98,16.775,"[88, 33, 1154, 968]","[108, 0, 1252, 990]","{""gaussian_sigma"":0.6,""gradient_percentile"":74.0,""maximum_radius_fraction"":0.6,""minimum_radius_fraction"":0.1,""minimum_ray_support"":0.25,""ray_count"":64,""rectangularity_weight"":0.3,""support_weight"":0.35}",,,"{""legacy_parameter_set_id"":""d1b85a845bdf"",""parameter_grid_ordinal"":1,""parameter_grid_sha256"":""701ddca5477951c547a2d2128767fcfa1f23aaaf6a1dc3ed651bc1d9223810b7"",""parameter_identity_schema_version"":""1"",""parameter_identity_sha256"":""0f09449981ff016d5e501c2c7d72ec07ed6078c4ce7c88a6691e0b367364deec"",""parameter_schema_version"":""1"",""parameter_set_equivalence_family_id"":""d1b85a845bdf"",""parameter_set_equivalence_family_sha256"":""d1b85a845bdf4c197d3ec36c27f42506e828526b9df7becb311a69a6d4e67efe"",""parameter_set_equivalence_family_size"":1,""parameter_set_id"":""d1b85a845bdf"",""parameters"":{""gaussian_sigma"":0.6,""gradient_percentile"":74.0,""maximum_radius_fraction"":0.6,""minimum_radius_fraction"":0.1,""minimum_ray_support"":0.25,""ray_count"":64,""rectangularity_weight"":0.3,""support_weight"":0.35},""profile"":null,""rank"":4,""reference_roles"":[],""requested_search_member"":true,""run_id"":""run-20260902-205651"",""search_observation"":{""completion_index"":6,""elapsed_seconds"":0.2711386338341981,""parameter_set_number"":6,""search_fraction"":0.6},""search_rank"":2,""search_space_member"":true,""summary"":{""elapsed_ms_total"":159.33,""failure_count"":0,""mean_edge_error_px"":60.0,""mean_iou"":0.78608487,""mean_iou_success"":0.78608487,""minimum_iou"":0.69152464,""page_count"":5,""stddev_iou"":0.09313191,""success_count"":5,""wall_ms"":159.635}}","{""approved_bbox"":[88,33,1154,968],""candidate"":{""authors"":null,""bbox"":[108,-37,1252,1101],""confidence"":0.6932321617073613,""corners"":[[561.9501953125,-37.472442626953125],[1251.4246826171875,431.0130615234375],[797.0030517578125,1099.7896728515625],[107.52851867675781,631.30419921875]],""detector_name"":"""",""diagnostics"":{""area_fraction"":0.5369104193857409,""evidence"":""center_outward_radial_gradient_search"",""mean_edge_strength"":1.0,""parameters"":{""area_weight"":0.35,""gaussian_sigma"":0.6,""gradient_percentile"":74.0,""maximum_area_fraction"":0.98,""maximum_radius_fraction"":0.6,""minimum_area_fraction"":0.18,""minimum_radius_fraction"":0.1,""minimum_ray_support"":0.25,""ray_count"":64,""rectangularity_weight"":0.3,""support_weight"":0.35},""ray_support"":1.0,""rectangularity"":0.5177117164078406,""supported_rays"":64},""foundation"":null,""method"":""radial_edge"",""origin"":"""",""repository"":"""",""score"":0.6932321617073613,""status"":""ok"",""version"":""""},""edge_error_maximum_px"":98,""edge_error_mean_px"":43.25,""edge_errors"":{""bottom"":22,""left"":20,""maximum"":98,""mean"":43.25,""right"":98,""top"":33},""elapsed_ms"":16.775,""global_ordinal"":10,""iou"":0.84951271,""label"":""clean_two_page_spread_2"",""layout_type"":""two_page_spread"",""predicted_bbox"":[108,0,1252,990],""status"":""ok""}"
run-20260902-205651,ad5a7b3bfe96,ad5a7b3bfe9675090c76cfdaed17d218c61bf06ea0862395c1529abf56fe0333,1,ad5a7b3bfe96,ff335bad4ca678cb04688d2d42ce7d3dc690ffdb92ca4f5f219c4d18539aec7b,1,701ddca5477951c547a2d2128767fcfa1f23aaaf6a1dc3ed651bc1d9223810b7,2,,5,3,1,1,[],{},4,0.25392020493745804,0.4,1,ordinary_two_page_spread,two_page_spread,ok,0.69157322,223,3,98,39,90.75,223,45.769,"[125, 56, 1289, 967]","[348, 53, 1191, 928]","{""gaussian_sigma"":0.6,""gradient_percentile"":74.0,""maximum_radius_fraction"":0.6,""minimum_radius_fraction"":0.1,""minimum_ray_support"":0.25,""ray_count"":64,""rectangularity_weight"":0.2,""support_weight"":0.45}",,,"{""legacy_parameter_set_id"":""ad5a7b3bfe96"",""parameter_grid_ordinal"":2,""parameter_grid_sha256"":""701ddca5477951c547a2d2128767fcfa1f23aaaf6a1dc3ed651bc1d9223810b7"",""parameter_identity_schema_version"":""1"",""parameter_identity_sha256"":""ff335bad4ca678cb04688d2d42ce7d3dc690ffdb92ca4f5f219c4d18539aec7b"",""parameter_schema_version"":""1"",""parameter_set_equivalence_family_id"":""ad5a7b3bfe96"",""parameter_set_equivalence_family_sha256"":""ad5a7b3bfe9675090c76cfdaed17d218c61bf06ea0862395c1529abf56fe0333"",""parameter_set_equivalence_family_size"":1,""parameter_set_id"":""ad5a7b3bfe96"",""parameters"":{""gaussian_sigma"":0.6,""gradient_percentile"":74.0,""maximum_radius_fraction"":0.6,""minimum_radius_fraction"":0.1,""minimum_ray_support"":0.25,""ray_count"":64,""rectangularity_weight"":0.2,""support_weight"":0.45},""profile"":null,""rank"":5,""reference_roles"":[],""requested_search_member"":true,""run_id"":""run-20260902-205651"",""search_observation"":{""completion_index"":4,""elapsed_seconds"":0.25392020493745804,""parameter_set_number"":4,""search_fraction"":0.4},""search_rank"":3,""search_space_member"":true,""summary"":{""elapsed_ms_total"":141.515,""failure_count"":0,""mean_edge_error_px"":60.0,""mean_iou"":0.78608487,""mean_iou_success"":0.78608487,""minimum_iou"":0.69152464,""page_count"":5,""stddev_iou"":0.09313191,""success_count"":5,""wall_ms"":141.843}}","{""approved_bbox"":[125,56,1289,967],""candidate"":{""authors"":null,""bbox"":[348,53,1191,928],""confidence"":0.8208121250056917,""corners"":[[348.2836608886719,72.55436706542969],[1169.4764404296875,52.55232238769531],[1190.2950439453125,907.2714233398438],[369.1022644042969,927.2734985351562]],""detector_name"":"""",""diagnostics"":{""area_fraction"":0.5153961405578346,""evidence"":""center_outward_radial_gradient_search"",""mean_edge_strength"":1.0,""parameters"":{""area_weight"":0.35,""gaussian_sigma"":0.6,""gradient_percentile"":74.0,""maximum_area_fraction"":0.98,""maximum_radius_fraction"":0.6,""minimum_area_fraction"":0.18,""minimum_radius_fraction"":0.1,""minimum_ray_support"":0.25,""ray_count"":64,""rectangularity_weight"":0.2,""support_weight"":0.45},""ray_support"":1.0,""rectangularity"":0.9521173790522479,""supported_rays"":64},""foundation"":null,""method"":""radial_edge"",""origin"":"""",""repository"":"""",""score"":0.8208121250056917,""status"":""ok"",""version"":""""},""edge_error_maximum_px"":223,""edge_error_mean_px"":90.75,""edge_errors"":{""bottom"":39,""left"":223,""maximum"":223,""mean"":90.75,""right"":98,""top"":3},""elapsed_ms"":45.769,""global_ordinal"":1,""iou"":0.69157322,""label"":""ordinary_two_page_spread"",""layout_type"":""two_page_spread"",""predicted_bbox"":[348,53,1191,928],""status"":""ok""}"
run-20260902-205651,ad5a7b3bfe96,ad5a7b3bfe9675090c76cfdaed17d218c61bf06ea0862395c1529abf56fe0333,1,ad5a7b3bfe96,ff335bad4ca678cb04688d2d42ce7d3dc690ffdb92ca4f5f219c4d18539aec7b,1,701ddca5477951c547a2d2128767fcfa1f23aaaf6a1dc3ed651bc1d9223810b7,2,,5,3,1,1,[],{},4,0.25392020493745804,0.4,5,damaged_partial_register_spread,two_page_spread,ok,0.93130038,58,8,5,10,20.25,58,16.047,"[67, 8, 1233, 977]","[9, 0, 1228, 987]","{""gaussian_sigma"":0.6,""gradient_percentile"":74.0,""maximum_radius_fraction"":0.6,""minimum_radius_fraction"":0.1,""minimum_ray_support"":0.25,""ray_count"":64,""rectangularity_weight"":0.2,""support_weight"":0.45}",,,"{""legacy_parameter_set_id"":""ad5a7b3bfe96"",""parameter_grid_ordinal"":2,""parameter_grid_sha256"":""701ddca5477951c547a2d2128767fcfa1f23aaaf6a1dc3ed651bc1d9223810b7"",""parameter_identity_schema_version"":""1"",""parameter_identity_sha256"":""ff335bad4ca678cb04688d2d42ce7d3dc690ffdb92ca4f5f219c4d18539aec7b"",""parameter_schema_version"":""1"",""parameter_set_equivalence_family_id"":""ad5a7b3bfe96"",""parameter_set_equivalence_family_sha256"":""ad5a7b3bfe9675090c76cfdaed17d218c61bf06ea0862395c1529abf56fe0333"",""parameter_set_equivalence_family_size"":1,""parameter_set_id"":""ad5a7b3bfe96"",""parameters"":{""gaussian_sigma"":0.6,""gradient_percentile"":74.0,""maximum_radius_fraction"":0.6,""minimum_radius_fraction"":0.1,""minimum_ray_support"":0.25,""ray_count"":64,""rectangularity_weight"":0.2,""support_weight"":0.45},""profile"":null,""rank"":5,""reference_roles"":[],""requested_search_member"":true,""run_id"":""run-20260902-205651"",""search_observation"":{""completion_index"":4,""elapsed_seconds"":0.25392020493745804,""parameter_set_number"":4,""search_fraction"":0.4},""search_rank"":3,""search_space_member"":true,""summary"":{""elapsed_ms_total"":141.515,""failure_count"":0,""mean_edge_error_px"":60.0,""mean_iou"":0.78608487,""mean_iou_success"":0.78608487,""minimum_iou"":0.69152464,""page_count"":5,""stddev_iou"":0.09313191,""success_count"":5,""wall_ms"":141.843}}","{""approved_bbox"":[67,8,1233,977],""candidate"":{""authors"":null,""bbox"":[9,-127,1228,1108],""confidence"":0.7649534642688318,""corners"":[[9.324188232421875,337.9800109863281],[734.485107421875,-126.54281616210938],[1227.032958984375,642.3676147460938],[501.8720397949219,1106.890380859375]],""detector_name"":"""",""diagnostics"":{""area_fraction"":0.6054263774077675,""evidence"":""center_outward_radial_gradient_search"",""mean_edge_strength"":0.9937054339496477,""parameters"":{""area_weight"":0.35,""gaussian_sigma"":0.6,""gradient_percentile"":74.0,""maximum_area_fraction"":0.98,""maximum_radius_fraction"":0.6,""minimum_area_fraction"":0.18,""minimum_radius_fraction"":0.1,""minimum_ray_support"":0.25,""ray_count"":64,""rectangularity_weight"":0.2,""support_weight"":0.45},""ray_support"":1.0,""rectangularity"":0.5223525476872128,""supported_rays"":64},""foundation"":null,""method"":""radial_edge"",""origin"":"""",""repository"":"""",""score"":0.7649534642688318,""status"":""ok"",""version"":""""},""edge_error_maximum_px"":58,""edge_error_mean_px"":20.25,""edge_errors"":{""bottom"":10,""left"":58,""maximum"":58,""mean"":20.25,""right"":5,""top"":8},""elapsed_ms"":16.047,""global_ordinal"":5,""iou"":0.93130038,""label"":""damaged_partial_register_spread"",""layout_type"":""two_page_spread"",""predicted_bbox"":[9,0,1228,987],""status"":""ok""}"
run-20260902-205651,ad5a7b3bfe96,ad5a7b3bfe9675090c76cfdaed17d218c61bf06ea0862395c1529abf56fe0333,1,ad5a7b3bfe96,ff335bad4ca678cb04688d2d42ce7d3dc690ffdb92ca4f5f219c4d18539aec7b,1,701ddca5477951c547a2d2128767fcfa1f23aaaf6a1dc3ed651bc1d9223810b7,2,,5,3,1,1,[],{},4,0.25392020493745804,0.4,6,title_or_index_sheet,single_page,ok,0.69152464,117,7,115,103,85.5,117,23.397,"[15, 28, 1074, 970]","[132, 21, 959, 867]","{""gaussian_sigma"":0.6,""gradient_percentile"":74.0,""maximum_radius_fraction"":0.6,""minimum_radius_fraction"":0.1,""minimum_ray_support"":0.25,""ray_count"":64,""rectangularity_weight"":0.2,""support_weight"":0.45}",,,"{""legacy_parameter_set_id"":""ad5a7b3bfe96"",""parameter_grid_ordinal"":2,""parameter_grid_sha256"":""701ddca5477951c547a2d2128767fcfa1f23aaaf6a1dc3ed651bc1d9223810b7"",""parameter_identity_schema_version"":""1"",""parameter_identity_sha256"":""ff335bad4ca678cb04688d2d42ce7d3dc690ffdb92ca4f5f219c4d18539aec7b"",""parameter_schema_version"":""1"",""parameter_set_equivalence_family_id"":""ad5a7b3bfe96"",""parameter_set_equivalence_family_sha256"":""ad5a7b3bfe9675090c76cfdaed17d218c61bf06ea0862395c1529abf56fe0333"",""parameter_set_equivalence_family_size"":1,""parameter_set_id"":""ad5a7b3bfe96"",""parameters"":{""gaussian_sigma"":0.6,""gradient_percentile"":74.0,""maximum_radius_fraction"":0.6,""minimum_radius_fraction"":0.1,""minimum_ray_support"":0.25,""ray_count"":64,""rectangularity_weight"":0.2,""support_weight"":0.45},""profile"":null,""rank"":5,""reference_roles"":[],""requested_search_member"":true,""run_id"":""run-20260902-205651"",""search_observation"":{""completion_index"":4,""elapsed_seconds"":0.25392020493745804,""parameter_set_number"":4,""search_fraction"":0.4},""search_rank"":3,""search_space_member"":true,""summary"":{""elapsed_ms_total"":141.515,""failure_count"":0,""mean_edge_error_px"":60.0,""mean_iou"":0.78608487,""mean_iou_success"":0.78608487,""minimum_iou"":0.69152464,""page_count"":5,""stddev_iou"":0.09313191,""success_count"":5,""wall_ms"":141.843}}","{""approved_bbox"":[15,28,1074,970],""candidate"":{""authors"":null,""bbox"":[132,21,959,867],""confidence"":0.7231127231102753,""corners"":[[132.05322265625,207.5390167236328],[764.0384521484375,21.320480346679688],[957.981689453125,679.5216064453125],[325.9964599609375,865.7401123046875]],""detector_name"":"""",""diagnostics"":{""area_fraction"":0.4227092212071011,""evidence"":""center_outward_radial_gradient_search"",""mean_edge_strength"":0.9819113680578915,""parameters"":{""area_weight"":0.35,""gaussian_sigma"":0.6,""gradient_percentile"":74.0,""maximum_area_fraction"":0.98,""maximum_radius_fraction"":0.6,""minimum_area_fraction"":0.18,""minimum_radius_fraction"":0.1,""minimum_ray_support"":0.25,""ray_count"":64,""rectangularity_weight"":0.2,""support_weight"":0.45},""ray_support"":1.0,""rectangularity"":0.6461721893738218,""supported_rays"":64},""foundation"":null,""method"":""radial_edge"",""origin"":"""",""repository"":"""",""score"":0.7231127231102753,""status"":""ok"",""version"":""""},""edge_error_maximum_px"":117,""edge_error_mean_px"":85.5,""edge_errors"":{""bottom"":103,""left"":117,""maximum"":117,""mean"":85.5,""right"":115,""top"":7},""elapsed_ms"":23.397,""global_ordinal"":6,""iou"":0.69152464,""label"":""title_or_index_sheet"",""layout_type"":""single_page"",""predicted_bbox"":[132,21,959,867],""status"":""ok""}"
run-20260902-205651,ad5a7b3bfe96,ad5a7b3bfe9675090c76cfdaed17d218c61bf06ea0862395c1529abf56fe0333,1,ad5a7b3bfe96,ff335bad4ca678cb04688d2d42ce7d3dc690ffdb92ca4f5f219c4d18539aec7b,1,701ddca5477951c547a2d2128767fcfa1f23aaaf6a1dc3ed651bc1d9223810b7,2,,5,3,1,1,[],{},4,0.25392020493745804,0.4,9,clean_two_page_spread,two_page_spread,ok,0.76651342,149,10,81,1,60.25,149,29.176,"[84, 51, 1101, 941]","[233, 41, 1020, 942]","{""gaussian_sigma"":0.6,""gradient_percentile"":74.0,""maximum_radius_fraction"":0.6,""minimum_radius_fraction"":0.1,""minimum_ray_support"":0.25,""ray_count"":64,""rectangularity_weight"":0.2,""support_weight"":0.45}",,,"{""legacy_parameter_set_id"":""ad5a7b3bfe96"",""parameter_grid_ordinal"":2,""parameter_grid_sha256"":""701ddca5477951c547a2d2128767fcfa1f23aaaf6a1dc3ed651bc1d9223810b7"",""parameter_identity_schema_version"":""1"",""parameter_identity_sha256"":""ff335bad4ca678cb04688d2d42ce7d3dc690ffdb92ca4f5f219c4d18539aec7b"",""parameter_schema_version"":""1"",""parameter_set_equivalence_family_id"":""ad5a7b3bfe96"",""parameter_set_equivalence_family_sha256"":""ad5a7b3bfe9675090c76cfdaed17d218c61bf06ea0862395c1529abf56fe0333"",""parameter_set_equivalence_family_size"":1,""parameter_set_id"":""ad5a7b3bfe96"",""parameters"":{""gaussian_sigma"":0.6,""gradient_percentile"":74.0,""maximum_radius_fraction"":0.6,""minimum_radius_fraction"":0.1,""minimum_ray_support"":0.25,""ray_count"":64,""rectangularity_weight"":0.2,""support_weight"":0.45},""profile"":null,""rank"":5,""reference_roles"":[],""requested_search_member"":true,""run_id"":""run-20260902-205651"",""search_observation"":{""completion_index"":4,""elapsed_seconds"":0.25392020493745804,""parameter_set_number"":4,""search_fraction"":0.4},""search_rank"":3,""search_space_member"":true,""summary"":{""elapsed_ms_total"":141.515,""failure_count"":0,""mean_edge_error_px"":60.0,""mean_iou"":0.78608487,""mean_iou_success"":0.78608487,""minimum_iou"":0.69152464,""page_count"":5,""stddev_iou"":0.09313191,""success_count"":5,""wall_ms"":141.843}}","{""approved_bbox"":[84,51,1101,941],""candidate"":{""authors"":null,""bbox"":[233,41,1020,942],""confidence"":0.8191235987030846,""corners"":[[233.1329345703125,66.76216125488281],[988.631591796875,40.60056686401367],[1018.91943359375,915.2576904296875],[263.4207763671875,941.4193115234375]],""detector_name"":"""",""diagnostics"":{""area_fraction"":0.5214826994285087,""evidence"":""center_outward_radial_gradient_search"",""mean_edge_strength"":1.0,""parameters"":{""area_weight"":0.35,""gaussian_sigma"":0.6,""gradient_percentile"":74.0,""maximum_area_fraction"":0.98,""maximum_radius_fraction"":0.6,""minimum_area_fraction"":0.18,""minimum_radius_fraction"":0.1,""minimum_ray_support"":0.25,""ray_count"":64,""rectangularity_weight"":0.2,""support_weight"":0.45},""ray_support"":1.0,""rectangularity"":0.9330232695155325,""supported_rays"":64},""foundation"":null,""method"":""radial_edge"",""origin"":"""",""repository"":"""",""score"":0.8191235987030846,""status"":""ok"",""version"":""""},""edge_error_maximum_px"":149,""edge_error_mean_px"":60.25,""edge_errors"":{""bottom"":1,""left"":149,""maximum"":149,""mean"":60.25,""right"":81,""top"":10},""elapsed_ms"":29.176,""global_ordinal"":9,""iou"":0.76651342,""label"":""clean_two_page_spread"",""layout_type"":""two_page_spread"",""predicted_bbox"":[233,41,1020,942],""status"":""ok""}"
run-20260902-205651,ad5a7b3bfe96,ad5a7b3bfe9675090c76cfdaed17d218c61bf06ea0862395c1529abf56fe0333,1,ad5a7b3bfe96,ff335bad4ca678cb04688d2d42ce7d3dc690ffdb92ca4f5f219c4d18539aec7b,1,701ddca5477951c547a2d2128767fcfa1f23aaaf6a1dc3ed651bc1d9223810b7,2,,5,3,1,1,[],{},4,0.25392020493745804,0.4,10,clean_two_page_spread_2,two_page_spread,ok,0.84951271,20,33,98,22,43.25,98,27.126,"[88, 33, 1154, 968]","[108, 0, 1252, 990]","{""gaussian_sigma"":0.6,""gradient_percentile"":74.0,""maximum_radius_fraction"":0.6,""minimum_radius_fraction"":0.1,""minimum_ray_support"":0.25,""ray_count"":64,""rectangularity_weight"":0.2,""support_weight"":0.45}",,,"{""legacy_parameter_set_id"":""ad5a7b3bfe96"",""parameter_grid_ordinal"":2,""parameter_grid_sha256"":""701ddca5477951c547a2d2128767fcfa1f23aaaf6a1dc3ed651bc1d9223810b7"",""parameter_identity_schema_version"":""1"",""parameter_identity_sha256"":""ff335bad4ca678cb04688d2d42ce7d3dc690ffdb92ca4f5f219c4d18539aec7b"",""parameter_schema_version"":""1"",""parameter_set_equivalence_family_id"":""ad5a7b3bfe96"",""parameter_set_equivalence_family_sha256"":""ad5a7b3bfe9675090c76cfdaed17d218c61bf06ea0862395c1529abf56fe0333"",""parameter_set_equivalence_family_size"":1,""parameter_set_id"":""ad5a7b3bfe96"",""parameters"":{""gaussian_sigma"":0.6,""gradient_percentile"":74.0,""maximum_radius_fraction"":0.6,""minimum_radius_fraction"":0.1,""minimum_ray_support"":0.25,""ray_count"":64,""rectangularity_weight"":0.2,""support_weight"":0.45},""profile"":null,""rank"":5,""reference_roles"":[],""requested_search_member"":true,""run_id"":""run-20260902-205651"",""search_observation"":{""completion_index"":4,""elapsed_seconds"":0.25392020493745804,""parameter_set_number"":4,""search_fraction"":0.4},""search_rank"":3,""search_space_member"":true,""summary"":{""elapsed_ms_total"":141.515,""failure_count"":0,""mean_edge_error_px"":60.0,""mean_iou"":0.78608487,""mean_iou_success"":0.78608487,""minimum_iou"":0.69152464,""page_count"":5,""stddev_iou"":0.09313191,""success_count"":5,""wall_ms"":141.843}}","{""approved_bbox"":[88,33,1154,968],""candidate"":{""authors"":null,""bbox"":[108,-37,1252,1101],""confidence"":0.7414609900665774,""corners"":[[561.9501953125,-37.472442626953125],[1251.4246826171875,431.0130615234375],[797.0030517578125,1099.7896728515625],[107.52851867675781,631.30419921875]],""detector_name"":"""",""diagnostics"":{""area_fraction"":0.5369104193857409,""evidence"":""center_outward_radial_gradient_search"",""mean_edge_strength"":1.0,""parameters"":{""area_weight"":0.35,""gaussian_sigma"":0.6,""gradient_percentile"":74.0,""maximum_area_fraction"":0.98,""maximum_radius_fraction"":0.6,""minimum_area_fraction"":0.18,""minimum_radius_fraction"":0.1,""minimum_ray_support"":0.25,""ray_count"":64,""rectangularity_weight"":0.2,""support_weight"":0.45},""ray_support"":1.0,""rectangularity"":0.5177117164078406,""supported_rays"":64},""foundation"":null,""method"":""radial_edge"",""origin"":"""",""repository"":"""",""score"":0.7414609900665774,""status"":""ok"",""version"":""""},""edge_error_maximum_px"":98,""edge_error_mean_px"":43.25,""edge_errors"":{""bottom"":22,""left"":20,""maximum"":98,""mean"":43.25,""right"":98,""top"":33},""elapsed_ms"":27.126,""global_ordinal"":10,""iou"":0.84951271,""label"":""clean_two_page_spread_2"",""layout_type"":""two_page_spread"",""predicted_bbox"":[108,0,1252,990],""status"":""ok""}"
run-20260902-205651,5ac13f6272da,5ac13f6272da09df9f9c730217159517d4971fe47630759a7e823cd1df3540a5,1,5ac13f6272da,3a363bcc6b2dd9b54a57a2a7aaba413929681c03cac7c54c3fc939c48759a69f,1,701ddca5477951c547a2d2128767fcfa1f23aaaf6a1dc3ed651bc1d9223810b7,3,,6,4,1,1,[],{},5,0.25634194700978696,0.5,1,ordinary_two_page_spread,two_page_spread,ok,0.69157322,223,3,98,39,90.75,223,47.227,"[125, 56, 1289, 967]","[348, 53, 1191, 928]","{""gaussian_sigma"":0.6,""gradient_percentile"":74.0,""maximum_radius_fraction"":0.6,""minimum_radius_fraction"":0.1,""minimum_ray_support"":0.25,""ray_count"":64,""rectangularity_weight"":0.3,""support_weight"":0.45}",,,"{""legacy_parameter_set_id"":""5ac13f6272da"",""parameter_grid_ordinal"":3,""parameter_grid_sha256"":""701ddca5477951c547a2d2128767fcfa1f23aaaf6a1dc3ed651bc1d9223810b7"",""parameter_identity_schema_version"":""1"",""parameter_identity_sha256"":""3a363bcc6b2dd9b54a57a2a7aaba413929681c03cac7c54c3fc939c48759a69f"",""parameter_schema_version"":""1"",""parameter_set_equivalence_family_id"":""5ac13f6272da"",""parameter_set_equivalence_family_sha256"":""5ac13f6272da09df9f9c730217159517d4971fe47630759a7e823cd1df3540a5"",""parameter_set_equivalence_family_size"":1,""parameter_set_id"":""5ac13f6272da"",""parameters"":{""gaussian_sigma"":0.6,""gradient_percentile"":74.0,""maximum_radius_fraction"":0.6,""minimum_radius_fraction"":0.1,""minimum_ray_support"":0.25,""ray_count"":64,""rectangularity_weight"":0.3,""support_weight"":0.45},""profile"":null,""rank"":6,""reference_roles"":[],""requested_search_member"":true,""run_id"":""run-20260902-205651"",""search_observation"":{""completion_index"":5,""elapsed_seconds"":0.25634194700978696,""parameter_set_number"":5,""search_fraction"":0.5},""search_rank"":4,""search_space_member"":true,""summary"":{""elapsed_ms_total"":143.347,""failure_count"":0,""mean_edge_error_px"":60.0,""mean_iou"":0.78608487,""mean_iou_success"":0.78608487,""minimum_iou"":0.69152464,""page_count"":5,""stddev_iou"":0.09313191,""success_count"":5,""wall_ms"":143.638}}","{""approved_bbox"":[125,56,1289,967],""candidate"":{""authors"":null,""bbox"":[348,53,1191,928],""confidence"":0.8327489662826513,""corners"":[[348.2836608886719,72.55436706542969],[1169.4764404296875,52.55232238769531],[1190.2950439453125,907.2714233398438],[369.1022644042969,927.2734985351562]],""detector_name"":"""",""diagnostics"":{""area_fraction"":0.5153961405578346,""evidence"":""center_outward_radial_gradient_search"",""mean_edge_strength"":1.0,""parameters"":{""area_weight"":0.35,""gaussian_sigma"":0.6,""gradient_percentile"":74.0,""maximum_area_fraction"":0.98,""maximum_radius_fraction"":0.6,""minimum_area_fraction"":0.18,""minimum_radius_fraction"":0.1,""minimum_ray_support"":0.25,""ray_count"":64,""rectangularity_weight"":0.3,""support_weight"":0.45},""ray_support"":1.0,""rectangularity"":0.9521173790522479,""supported_rays"":64},""foundation"":null,""method"":""radial_edge"",""origin"":"""",""repository"":"""",""score"":0.8327489662826513,""status"":""ok"",""version"":""""},""edge_error_maximum_px"":223,""edge_error_mean_px"":90.75,""edge_errors"":{""bottom"":39,""left"":223,""maximum"":223,""mean"":90.75,""right"":98,""top"":3},""elapsed_ms"":47.227,""global_ordinal"":1,""iou"":0.69157322,""label"":""ordinary_two_page_spread"",""layout_type"":""two_page_spread"",""predicted_bbox"":[348,53,1191,928],""status"":""ok""}"
run-20260902-205651,5ac13f6272da,5ac13f6272da09df9f9c730217159517d4971fe47630759a7e823cd1df3540a5,1,5ac13f6272da,3a363bcc6b2dd9b54a57a2a7aaba413929681c03cac7c54c3fc939c48759a69f,1,701ddca5477951c547a2d2128767fcfa1f23aaaf6a1dc3ed651bc1d9223810b7,3,,6,4,1,1,[],{},5,0.25634194700978696,0.5,5,damaged_partial_register_spread,two_page_spread,ok,0.93130038,58,8,5,10,20.25,58,33.113,"[67, 8, 1233, 977]","[9, 0, 1228, 987]","{""gaussian_sigma"":0.6,""gradient_percentile"":74.0,""maximum_radius_fraction"":0.6,""minimum_radius_fraction"":0.1,""minimum_ray_support"":0.25,""ray_count"":64,""rectangularity_weight"":0.3,""support_weight"":0.45}",,,"{""legacy_parameter_set_id"":""5ac13f6272da"",""parameter_grid_ordinal"":3,""parameter_grid_sha256"":""701ddca5477951c547a2d2128767fcfa1f23aaaf6a1dc3ed651bc1d9223810b7"",""parameter_identity_schema_version"":""1"",""parameter_identity_sha256"":""3a363bcc6b2dd9b54a57a2a7aaba413929681c03cac7c54c3fc939c48759a69f"",""parameter_schema_version"":""1"",""parameter_set_equivalence_family_id"":""5ac13f6272da"",""parameter_set_equivalence_family_sha256"":""5ac13f6272da09df9f9c730217159517d4971fe47630759a7e823cd1df3540a5"",""parameter_set_equivalence_family_size"":1,""parameter_set_id"":""5ac13f6272da"",""parameters"":{""gaussian_sigma"":0.6,""gradient_percentile"":74.0,""maximum_radius_fraction"":0.6,""minimum_radius_fraction"":0.1,""minimum_ray_support"":0.25,""ray_count"":64,""rectangularity_weight"":0.3,""support_weight"":0.45},""profile"":null,""rank"":6,""reference_roles"":[],""requested_search_member"":true,""run_id"":""run-20260902-205651"",""search_observation"":{""completion_index"":5,""elapsed_seconds"":0.25634194700978696,""parameter_set_number"":5,""search_fraction"":0.5},""search_rank"":4,""search_space_member"":true,""summary"":{""elapsed_ms_total"":143.347,""failure_count"":0,""mean_edge_error_px"":60.0,""mean_iou"":0.78608487,""mean_iou_success"":0.78608487,""minimum_iou"":0.69152464,""page_count"":5,""stddev_iou"":0.09313191,""success_count"":5,""wall_ms"":143.638}}","{""approved_bbox"":[67,8,1233,977],""candidate"":{""authors"":null,""bbox"":[9,-127,1228,1108],""confidence"":0.7428988354886845,""corners"":[[9.324188232421875,337.9800109863281],[734.485107421875,-126.54281616210938],[1227.032958984375,642.3676147460938],[501.8720397949219,1106.890380859375]],""detector_name"":"""",""diagnostics"":{""area_fraction"":0.6054263774077675,""evidence"":""center_outward_radial_gradient_search"",""mean_edge_strength"":0.9937054339496477,""parameters"":{""area_weight"":0.35,""gaussian_sigma"":0.6,""gradient_percentile"":74.0,""maximum_area_fraction"":0.98,""maximum_radius_fraction"":0.6,""minimum_area_fraction"":0.18,""minimum_radius_fraction"":0.1,""minimum_ray_support"":0.25,""ray_count"":64,""rectangularity_weight"":0.3,""support_weight"":0.45},""ray_support"":1.0,""rectangularity"":0.5223525476872128,""supported_rays"":64},""foundation"":null,""method"":""radial_edge"",""origin"":"""",""repository"":"""",""score"":0.7428988354886845,""status"":""ok"",""version"":""""},""edge_error_maximum_px"":58,""edge_error_mean_px"":20.25,""edge_errors"":{""bottom"":10,""left"":58,""maximum"":58,""mean"":20.25,""right"":5,""top"":8},""elapsed_ms"":33.113,""global_ordinal"":5,""iou"":0.93130038,""label"":""damaged_partial_register_spread"",""layout_type"":""two_page_spread"",""predicted_bbox"":[9,0,1228,987],""status"":""ok""}"
run-20260902-205651,5ac13f6272da,5ac13f6272da09df9f9c730217159517d4971fe47630759a7e823cd1df3540a5,1,5ac13f6272da,3a363bcc6b2dd9b54a57a2a7aaba413929681c03cac7c54c3fc939c48759a69f,1,701ddca5477951c547a2d2128767fcfa1f23aaaf6a1dc3ed651bc1d9223810b7,3,,6,4,1,1,[],{},5,0.25634194700978696,0.5,6,title_or_index_sheet,single_page,ok,0.69152464,117,7,115,103,85.5,117,21.336,"[15, 28, 1074, 970]","[132, 21, 959, 867]","{""gaussian_sigma"":0.6,""gradient_percentile"":74.0,""maximum_radius_fraction"":0.6,""minimum_radius_fraction"":0.1,""minimum_ray_support"":0.25,""ray_count"":64,""rectangularity_weight"":0.3,""support_weight"":0.45}",,,"{""legacy_parameter_set_id"":""5ac13f6272da"",""parameter_grid_ordinal"":3,""parameter_grid_sha256"":""701ddca5477951c547a2d2128767fcfa1f23aaaf6a1dc3ed651bc1d9223810b7"",""parameter_identity_schema_version"":""1"",""parameter_identity_sha256"":""3a363bcc6b2dd9b54a57a2a7aaba413929681c03cac7c54c3fc939c48759a69f"",""parameter_schema_version"":""1"",""parameter_set_equivalence_family_id"":""5ac13f6272da"",""parameter_set_equivalence_family_sha256"":""5ac13f6272da09df9f9c730217159517d4971fe47630759a7e823cd1df3540a5"",""parameter_set_equivalence_family_size"":1,""parameter_set_id"":""5ac13f6272da"",""parameters"":{""gaussian_sigma"":0.6,""gradient_percentile"":74.0,""maximum_radius_fraction"":0.6,""minimum_radius_fraction"":0.1,""minimum_ray_support"":0.25,""ray_count"":64,""rectangularity_weight"":0.3,""support_weight"":0.45},""profile"":null,""rank"":6,""reference_roles"":[],""requested_search_member"":true,""run_id"":""run-20260902-205651"",""search_observation"":{""completion_index"":5,""elapsed_seconds"":0.25634194700978696,""parameter_set_number"":5,""search_fraction"":0.5},""search_rank"":4,""search_space_member"":true,""summary"":{""elapsed_ms_total"":143.347,""failure_count"":0,""mean_edge_error_px"":60.0,""mean_iou"":0.78608487,""mean_iou_success"":0.78608487,""minimum_iou"":0.69152464,""page_count"":5,""stddev_iou"":0.09313191,""success_count"":5,""wall_ms"":143.638}}","{""approved_bbox"":[15,28,1074,970],""candidate"":{""authors"":null,""bbox"":[132,21,959,867],""confidence"":0.716118129134234,""corners"":[[132.05322265625,207.5390167236328],[764.0384521484375,21.320480346679688],[957.981689453125,679.5216064453125],[325.9964599609375,865.7401123046875]],""detector_name"":"""",""diagnostics"":{""area_fraction"":0.4227092212071011,""evidence"":""center_outward_radial_gradient_search"",""mean_edge_strength"":0.9819113680578915,""parameters"":{""area_weight"":0.35,""gaussian_sigma"":0.6,""gradient_percentile"":74.0,""maximum_area_fraction"":0.98,""maximum_radius_fraction"":0.6,""minimum_area_fraction"":0.18,""minimum_radius_fraction"":0.1,""minimum_ray_support"":0.25,""ray_count"":64,""rectangularity_weight"":0.3,""support_weight"":0.45},""ray_support"":1.0,""rectangularity"":0.6461721893738218,""supported_rays"":64},""foundation"":null,""method"":""radial_edge"",""origin"":"""",""repository"":"""",""score"":0.716118129134234,""status"":""ok"",""version"":""""},""edge_error_maximum_px"":117,""edge_error_mean_px"":85.5,""edge_errors"":{""bottom"":103,""left"":117,""maximum"":117,""mean"":85.5,""right"":115,""top"":7},""elapsed_ms"":21.336,""global_ordinal"":6,""iou"":0.69152464,""label"":""title_or_index_sheet"",""layout_type"":""single_page"",""predicted_bbox"":[132,21,959,867],""status"":""ok""}"
run-20260902-205651,5ac13f6272da,5ac13f6272da09df9f9c730217159517d4971fe47630759a7e823cd1df3540a5,1,5ac13f6272da,3a363bcc6b2dd9b54a57a2a7aaba413929681c03cac7c54c3fc939c48759a69f,1,701ddca5477951c547a2d2128767fcfa1f23aaaf6a1dc3ed651bc1d9223810b7,3,,6,4,1,1,[],{},5,0.25634194700978696,0.5,9,clean_two_page_spread,two_page_spread,ok,0.76651342,149,10,81,1,60.25,149,13.674,"[84, 51, 1101, 941]","[233, 41, 1020, 942]","{""gaussian_sigma"":0.6,""gradient_percentile"":74.0,""maximum_radius_fraction"":0.6,""minimum_radius_fraction"":0.1,""minimum_ray_support"":0.25,""ray_count"":64,""rectangularity_weight"":0.3,""support_weight"":0.45}",,,"{""legacy_parameter_set_id"":""5ac13f6272da"",""parameter_grid_ordinal"":3,""parameter_grid_sha256"":""701ddca5477951c547a2d2128767fcfa1f23aaaf6a1dc3ed651bc1d9223810b7"",""parameter_identity_schema_version"":""1"",""parameter_identity_sha256"":""3a363bcc6b2dd9b54a57a2a7aaba413929681c03cac7c54c3fc939c48759a69f"",""parameter_schema_version"":""1"",""parameter_set_equivalence_family_id"":""5ac13f6272da"",""parameter_set_equivalence_family_sha256"":""5ac13f6272da09df9f9c730217159517d4971fe47630759a7e823cd1df3540a5"",""parameter_set_equivalence_family_size"":1,""parameter_set_id"":""5ac13f6272da"",""parameters"":{""gaussian_sigma"":0.6,""gradient_percentile"":74.0,""maximum_radius_fraction"":0.6,""minimum_radius_fraction"":0.1,""minimum_ray_support"":0.25,""ray_count"":64,""rectangularity_weight"":0.3,""support_weight"":0.45},""profile"":null,""rank"":6,""reference_roles"":[],""requested_search_member"":true,""run_id"":""run-20260902-205651"",""search_observation"":{""completion_index"":5,""elapsed_seconds"":0.25634194700978696,""parameter_set_number"":5,""search_fraction"":0.5},""search_rank"":4,""search_space_member"":true,""summary"":{""elapsed_ms_total"":143.347,""failure_count"":0,""mean_edge_error_px"":60.0,""mean_iou"":0.78608487,""mean_iou_success"":0.78608487,""minimum_iou"":0.69152464,""page_count"":5,""stddev_iou"":0.09313191,""success_count"":5,""wall_ms"":143.638}}","{""approved_bbox"":[84,51,1101,941],""candidate"":{""authors"":null,""bbox"":[233,41,1020,942],""confidence"":0.8294781142314889,""corners"":[[233.1329345703125,66.76216125488281],[988.631591796875,40.60056686401367],[1018.91943359375,915.2576904296875],[263.4207763671875,941.4193115234375]],""detector_name"":"""",""diagnostics"":{""area_fraction"":0.5214826994285087,""evidence"":""center_outward_radial_gradient_search"",""mean_edge_strength"":1.0,""parameters"":{""area_weight"":0.35,""gaussian_sigma"":0.6,""gradient_percentile"":74.0,""maximum_area_fraction"":0.98,""maximum_radius_fraction"":0.6,""minimum_area_fraction"":0.18,""minimum_radius_fraction"":0.1,""minimum_ray_support"":0.25,""ray_count"":64,""rectangularity_weight"":0.3,""support_weight"":0.45},""ray_support"":1.0,""rectangularity"":0.9330232695155325,""supported_rays"":64},""foundation"":null,""method"":""radial_edge"",""origin"":"""",""repository"":"""",""score"":0.8294781142314889,""status"":""ok"",""version"":""""},""edge_error_maximum_px"":149,""edge_error_mean_px"":60.25,""edge_errors"":{""bottom"":1,""left"":149,""maximum"":149,""mean"":60.25,""right"":81,""top"":10},""elapsed_ms"":13.674,""global_ordinal"":9,""iou"":0.76651342,""label"":""clean_two_page_spread"",""layout_type"":""two_page_spread"",""predicted_bbox"":[233,41,1020,942],""status"":""ok""}"
run-20260902-205651,5ac13f6272da,5ac13f6272da09df9f9c730217159517d4971fe47630759a7e823cd1df3540a5,1,5ac13f6272da,3a363bcc6b2dd9b54a57a2a7aaba413929681c03cac7c54c3fc939c48759a69f,1,701ddca5477951c547a2d2128767fcfa1f23aaaf6a1dc3ed651bc1d9223810b7,3,,6,4,1,1,[],{},5,0.25634194700978696,0.5,10,clean_two_page_spread_2,two_page_spread,ok,0.84951271,20,33,98,22,43.25,98,27.997,"[88, 33, 1154, 968]","[108, 0, 1252, 990]","{""gaussian_sigma"":0.6,""gradient_percentile"":74.0,""maximum_radius_fraction"":0.6,""minimum_radius_fraction"":0.1,""minimum_ray_support"":0.25,""ray_count"":64,""rectangularity_weight"":0.3,""support_weight"":0.45}",,,"{""legacy_parameter_set_id"":""5ac13f6272da"",""parameter_grid_ordinal"":3,""parameter_grid_sha256"":""701ddca5477951c547a2d2128767fcfa1f23aaaf6a1dc3ed651bc1d9223810b7"",""parameter_identity_schema_version"":""1"",""parameter_identity_sha256"":""3a363bcc6b2dd9b54a57a2a7aaba413929681c03cac7c54c3fc939c48759a69f"",""parameter_schema_version"":""1"",""parameter_set_equivalence_family_id"":""5ac13f6272da"",""parameter_set_equivalence_family_sha256"":""5ac13f6272da09df9f9c730217159517d4971fe47630759a7e823cd1df3540a5"",""parameter_set_equivalence_family_size"":1,""parameter_set_id"":""5ac13f6272da"",""parameters"":{""gaussian_sigma"":0.6,""gradient_percentile"":74.0,""maximum_radius_fraction"":0.6,""minimum_radius_fraction"":0.1,""minimum_ray_support"":0.25,""ray_count"":64,""rectangularity_weight"":0.3,""support_weight"":0.45},""profile"":null,""rank"":6,""reference_roles"":[],""requested_search_member"":true,""run_id"":""run-20260902-205651"",""search_observation"":{""completion_index"":5,""elapsed_seconds"":0.25634194700978696,""parameter_set_number"":5,""search_fraction"":0.5},""search_rank"":4,""search_space_member"":true,""summary"":{""elapsed_ms_total"":143.347,""failure_count"":0,""mean_edge_error_px"":60.0,""mean_iou"":0.78608487,""mean_iou_success"":0.78608487,""minimum_iou"":0.69152464,""page_count"":5,""stddev_iou"":0.09313191,""success_count"":5,""wall_ms"":143.638}}","{""approved_bbox"":[88,33,1154,968],""candidate"":{""authors"":null,""bbox"":[108,-37,1252,1101],""confidence"":0.7211201470066921,""corners"":[[561.9501953125,-37.472442626953125],[1251.4246826171875,431.0130615234375],[797.0030517578125,1099.7896728515625],[107.52851867675781,631.30419921875]],""detector_name"":"""",""diagnostics"":{""area_fraction"":0.5369104193857409,""evidence"":""center_outward_radial_gradient_search"",""mean_edge_strength"":1.0,""parameters"":{""area_weight"":0.35,""gaussian_sigma"":0.6,""gradient_percentile"":74.0,""maximum_area_fraction"":0.98,""maximum_radius_fraction"":0.6,""minimum_area_fraction"":0.18,""minimum_radius_fraction"":0.1,""minimum_ray_support"":0.25,""ray_count"":64,""rectangularity_weight"":0.3,""support_weight"":0.45},""ray_support"":1.0,""rectangularity"":0.5177117164078406,""supported_rays"":64},""foundation"":null,""method"":""radial_edge"",""origin"":"""",""repository"":"""",""score"":0.7211201470066921,""status"":""ok"",""version"":""""},""edge_error_maximum_px"":98,""edge_error_mean_px"":43.25,""edge_errors"":{""bottom"":22,""left"":20,""maximum"":98,""mean"":43.25,""right"":98,""top"":33},""elapsed_ms"":27.997,""global_ordinal"":10,""iou"":0.84951271,""label"":""clean_two_page_spread_2"",""layout_type"":""two_page_spread"",""predicted_bbox"":[108,0,1252,990],""status"":""ok""}"
run-20260902-205651,8e677524b6d5,8e677524b6d5bc2c9544bcc3a2bbd303ab79298792eb7dba3a8ca54c181239d3,1,8e677524b6d5,fd890239472ed5066745b797e174e3d174b220e068d038da097879657c4e174f,1,701ddca5477951c547a2d2128767fcfa1f23aaaf6a1dc3ed651bc1d9223810b7,4,,7,5,1,1,[],{},9,0.27643442898988724,0.9,1,ordinary_two_page_spread,two_page_spread,ok,0.69157322,223,3,98,39,90.75,223,47.59,"[125, 56, 1289, 967]","[348, 53, 1191, 928]","{""gaussian_sigma"":0.6,""gradient_percentile"":74.0,""maximum_radius_fraction"":0.6,""minimum_radius_fraction"":0.1,""minimum_ray_support"":0.35,""ray_count"":64,""rectangularity_weight"":0.2,""support_weight"":0.35}",,,"{""legacy_parameter_set_id"":""8e677524b6d5"",""parameter_grid_ordinal"":4,""parameter_grid_sha256"":""701ddca5477951c547a2d2128767fcfa1f23aaaf6a1dc3ed651bc1d9223810b7"",""parameter_identity_schema_version"":""1"",""parameter_identity_sha256"":""fd890239472ed5066745b797e174e3d174b220e068d038da097879657c4e174f"",""parameter_schema_version"":""1"",""parameter_set_equivalence_family_id"":""8e677524b6d5"",""parameter_set_equivalence_family_sha256"":""8e677524b6d5bc2c9544bcc3a2bbd303ab79298792eb7dba3a8ca54c181239d3"",""parameter_set_equivalence_family_size"":1,""parameter_set_id"":""8e677524b6d5"",""parameters"":{""gaussian_sigma"":0.6,""gradient_percentile"":74.0,""maximum_radius_fraction"":0.6,""minimum_radius_fraction"":0.1,""minimum_ray_support"":0.35,""ray_count"":64,""rectangularity_weight"":0.2,""support_weight"":0.35},""profile"":null,""rank"":7,""reference_roles"":[],""requested_search_member"":true,""run_id"":""run-20260902-205651"",""search_observation"":{""completion_index"":9,""elapsed_seconds"":0.27643442898988724,""parameter_set_number"":9,""search_fraction"":0.9},""search_rank"":5,""search_space_member"":true,""summary"":{""elapsed_ms_total"":162.384,""failure_count"":0,""mean_edge_error_px"":60.0,""mean_iou"":0.78608487,""mean_iou_success"":0.78608487,""minimum_iou"":0.69152464,""page_count"":5,""stddev_iou"":0.09313191,""success_count"":5,""wall_ms"":162.723}}","{""approved_bbox"":[125,56,1289,967],""candidate"":{""authors"":null,""bbox"":[348,53,1191,928],""confidence"":0.8009023611174353,""corners"":[[348.2836608886719,72.55436706542969],[1169.4764404296875,52.55232238769531],[1190.2950439453125,907.2714233398438],[369.1022644042969,927.2734985351562]],""detector_name"":"""",""diagnostics"":{""area_fraction"":0.5153961405578346,""evidence"":""center_outward_radial_gradient_search"",""mean_edge_strength"":1.0,""parameters"":{""area_weight"":0.35,""gaussian_sigma"":0.6,""gradient_percentile"":74.0,""maximum_area_fraction"":0.98,""maximum_radius_fraction"":0.6,""minimum_area_fraction"":0.18,""minimum_radius_fraction"":0.1,""minimum_ray_support"":0.35,""ray_count"":64,""rectangularity_weight"":0.2,""support_weight"":0.35},""ray_support"":1.0,""rectangularity"":0.9521173790522479,""supported_rays"":64},""foundation"":null,""method"":""radial_edge"",""origin"":"""",""repository"":"""",""score"":0.8009023611174353,""status"":""ok"",""version"":""""},""edge_error_maximum_px"":223,""edge_error_mean_px"":90.75,""edge_errors"":{""bottom"":39,""left"":223,""maximum"":223,""mean"":90.75,""right"":98,""top"":3},""elapsed_ms"":47.59,""global_ordinal"":1,""iou"":0.69157322,""label"":""ordinary_two_page_spread"",""layout_type"":""two_page_spread"",""predicted_bbox"":[348,53,1191,928],""status"":""ok""}"
run-20260902-205651,8e677524b6d5,8e677524b6d5bc2c9544bcc3a2bbd303ab79298792eb7dba3a8ca54c181239d3,1,8e677524b6d5,fd890239472ed5066745b797e174e3d174b220e068d038da097879657c4e174f,1,701ddca5477951c547a2d2128767fcfa1f23aaaf6a1dc3ed651bc1d9223810b7,4,,7,5,1,1,[],{},9,0.27643442898988724,0.9,5,damaged_partial_register_spread,two_page_spread,ok,0.93130038,58,8,5,10,20.25,58,34.662,"[67, 8, 1233, 977]","[9, 0, 1228, 987]","{""gaussian_sigma"":0.6,""gradient_percentile"":74.0,""maximum_radius_fraction"":0.6,""minimum_radius_fraction"":0.1,""minimum_ray_support"":0.35,""ray_count"":64,""rectangularity_weight"":0.2,""support_weight"":0.35}",,,"{""legacy_parameter_set_id"":""8e677524b6d5"",""parameter_grid_ordinal"":4,""parameter_grid_sha256"":""701ddca5477951c547a2d2128767fcfa1f23aaaf6a1dc3ed651bc1d9223810b7"",""parameter_identity_schema_version"":""1"",""parameter_identity_sha256"":""fd890239472ed5066745b797e174e3d174b220e068d038da097879657c4e174f"",""parameter_schema_version"":""1"",""parameter_set_equivalence_family_id"":""8e677524b6d5"",""parameter_set_equivalence_family_sha256"":""8e677524b6d5bc2c9544bcc3a2bbd303ab79298792eb7dba3a8ca54c181239d3"",""parameter_set_equivalence_family_size"":1,""parameter_set_id"":""8e677524b6d5"",""parameters"":{""gaussian_sigma"":0.6,""gradient_percentile"":74.0,""maximum_radius_fraction"":0.6,""minimum_radius_fraction"":0.1,""minimum_ray_support"":0.35,""ray_count"":64,""rectangularity_weight"":0.2,""support_weight"":0.35},""profile"":null,""rank"":7,""reference_roles"":[],""requested_search_member"":true,""run_id"":""run-20260902-205651"",""search_observation"":{""completion_index"":9,""elapsed_seconds"":0.27643442898988724,""parameter_set_number"":9,""search_fraction"":0.9},""search_rank"":5,""search_space_member"":true,""summary"":{""elapsed_ms_total"":162.384,""failure_count"":0,""mean_edge_error_px"":60.0,""mean_iou"":0.78608487,""mean_iou_success"":0.78608487,""minimum_iou"":0.69152464,""page_count"":5,""stddev_iou"":0.09313191,""success_count"":5,""wall_ms"":162.723}}","{""approved_bbox"":[67,8,1233,977],""candidate"":{""authors"":null,""bbox"":[9,-127,1228,1108],""confidence"":0.7391868806348328,""corners"":[[9.324188232421875,337.9800109863281],[734.485107421875,-126.54281616210938],[1227.032958984375,642.3676147460938],[501.8720397949219,1106.890380859375]],""detector_name"":"""",""diagnostics"":{""area_fraction"":0.6054263774077675,""evidence"":""center_outward_radial_gradient_search"",""mean_edge_strength"":0.9937054339496477,""parameters"":{""area_weight"":0.35,""gaussian_sigma"":0.6,""gradient_percentile"":74.0,""maximum_area_fraction"":0.98,""maximum_radius_fraction"":0.6,""minimum_area_fraction"":0.18,""minimum_radius_fraction"":0.1,""minimum_ray_support"":0.35,""ray_count"":64,""rectangularity_weight"":0.2,""support_weight"":0.35},""ray_support"":1.0,""rectangularity"":0.5223525476872128,""supported_rays"":64},""foundation"":null,""method"":""radial_edge"",""origin"":"""",""repository"":"""",""score"":0.7391868806348328,""status"":""ok"",""version"":""""},""edge_error_maximum_px"":58,""edge_error_mean_px"":20.25,""edge_errors"":{""bottom"":10,""left"":58,""maximum"":58,""mean"":20.25,""right"":5,""top"":8},""elapsed_ms"":34.662,""global_ordinal"":5,""iou"":0.93130038,""label"":""damaged_partial_register_spread"",""layout_type"":""two_page_spread"",""predicted_bbox"":[9,0,1228,987],""status"":""ok""}"
run-20260902-205651,8e677524b6d5,8e677524b6d5bc2c9544bcc3a2bbd303ab79298792eb7dba3a8ca54c181239d3,1,8e677524b6d5,fd890239472ed5066745b797e174e3d174b220e068d038da097879657c4e174f,1,701ddca5477951c547a2d2128767fcfa1f23aaaf6a1dc3ed651bc1d9223810b7,4,,7,5,1,1,[],{},9,0.27643442898988724,0.9,6,title_or_index_sheet,single_page,ok,0.69152464,117,7,115,103,85.5,117,28.003,"[15, 28, 1074, 970]","[132, 21, 959, 867]","{""gaussian_sigma"":0.6,""gradient_percentile"":74.0,""maximum_radius_fraction"":0.6,""minimum_radius_fraction"":0.1,""minimum_ray_support"":0.35,""ray_count"":64,""rectangularity_weight"":0.2,""support_weight"":0.35}",,,"{""legacy_parameter_set_id"":""8e677524b6d5"",""parameter_grid_ordinal"":4,""parameter_grid_sha256"":""701ddca5477951c547a2d2128767fcfa1f23aaaf6a1dc3ed651bc1d9223810b7"",""parameter_identity_schema_version"":""1"",""parameter_identity_sha256"":""fd890239472ed5066745b797e174e3d174b220e068d038da097879657c4e174f"",""parameter_schema_version"":""1"",""parameter_set_equivalence_family_id"":""8e677524b6d5"",""parameter_set_equivalence_family_sha256"":""8e677524b6d5bc2c9544bcc3a2bbd303ab79298792eb7dba3a8ca54c181239d3"",""parameter_set_equivalence_family_size"":1,""parameter_set_id"":""8e677524b6d5"",""parameters"":{""gaussian_sigma"":0.6,""gradient_percentile"":74.0,""maximum_radius_fraction"":0.6,""minimum_radius_fraction"":0.1,""minimum_ray_support"":0.35,""ray_count"":64,""rectangularity_weight"":0.2,""support_weight"":0.35},""profile"":null,""rank"":7,""reference_roles"":[],""requested_search_member"":true,""run_id"":""run-20260902-205651"",""search_observation"":{""completion_index"":9,""elapsed_seconds"":0.27643442898988724,""parameter_set_number"":9,""search_fraction"":0.9},""search_rank"":5,""search_space_member"":true,""summary"":{""elapsed_ms_total"":162.384,""failure_count"":0,""mean_edge_error_px"":60.0,""mean_iou"":0.78608487,""mean_iou_success"":0.78608487,""minimum_iou"":0.69152464,""page_count"":5,""stddev_iou"":0.09313191,""success_count"":5,""wall_ms"":162.723}}","{""approved_bbox"":[15,28,1074,970],""candidate"":{""authors"":null,""bbox"":[132,21,959,867],""confidence"":0.693352394119312,""corners"":[[132.05322265625,207.5390167236328],[764.0384521484375,21.320480346679688],[957.981689453125,679.5216064453125],[325.9964599609375,865.7401123046875]],""detector_name"":"""",""diagnostics"":{""area_fraction"":0.4227092212071011,""evidence"":""center_outward_radial_gradient_search"",""mean_edge_strength"":0.9819113680578915,""parameters"":{""area_weight"":0.35,""gaussian_sigma"":0.6,""gradient_percentile"":74.0,""maximum_area_fraction"":0.98,""maximum_radius_fraction"":0.6,""minimum_area_fraction"":0.18,""minimum_radius_fraction"":0.1,""minimum_ray_support"":0.35,""ray_count"":64,""rectangularity_weight"":0.2,""support_weight"":0.35},""ray_support"":1.0,""rectangularity"":0.6461721893738218,""supported_rays"":64},""foundation"":null,""method"":""radial_edge"",""origin"":"""",""repository"":"""",""score"":0.693352394119312,""status"":""ok"",""version"":""""},""edge_error_maximum_px"":117,""edge_error_mean_px"":85.5,""edge_errors"":{""bottom"":103,""left"":117,""maximum"":117,""mean"":85.5,""right"":115,""top"":7},""elapsed_ms"":28.003,""global_ordinal"":6,""iou"":0.69152464,""label"":""title_or_index_sheet"",""layout_type"":""single_page"",""predicted_bbox"":[132,21,959,867],""status"":""ok""}"
run-20260902-205651,8e677524b6d5,8e677524b6d5bc2c9544bcc3a2bbd303ab79298792eb7dba3a8ca54c181239d3,1,8e677524b6d5,fd890239472ed5066745b797e174e3d174b220e068d038da097879657c4e174f,1,701ddca5477951c547a2d2128767fcfa1f23aaaf6a1dc3ed651bc1d9223810b7,4,,7,5,1,1,[],{},9,0.27643442898988724,0.9,9,clean_two_page_spread,two_page_spread,ok,0.76651342,149,10,81,1,60.25,149,32.267,"[84, 51, 1101, 941]","[233, 41, 1020, 942]","{""gaussian_sigma"":0.6,""gradient_percentile"":74.0,""maximum_radius_fraction"":0.6,""minimum_radius_fraction"":0.1,""minimum_ray_support"":0.35,""ray_count"":64,""rectangularity_weight"":0.2,""support_weight"":0.35}",,,"{""legacy_parameter_set_id"":""8e677524b6d5"",""parameter_grid_ordinal"":4,""parameter_grid_sha256"":""701ddca5477951c547a2d2128767fcfa1f23aaaf6a1dc3ed651bc1d9223810b7"",""parameter_identity_schema_version"":""1"",""parameter_identity_sha256"":""fd890239472ed5066745b797e174e3d174b220e068d038da097879657c4e174f"",""parameter_schema_version"":""1"",""parameter_set_equivalence_family_id"":""8e677524b6d5"",""parameter_set_equivalence_family_sha256"":""8e677524b6d5bc2c9544bcc3a2bbd303ab79298792eb7dba3a8ca54c181239d3"",""parameter_set_equivalence_family_size"":1,""parameter_set_id"":""8e677524b6d5"",""parameters"":{""gaussian_sigma"":0.6,""gradient_percentile"":74.0,""maximum_radius_fraction"":0.6,""minimum_radius_fraction"":0.1,""minimum_ray_support"":0.35,""ray_count"":64,""rectangularity_weight"":0.2,""support_weight"":0.35},""profile"":null,""rank"":7,""reference_roles"":[],""requested_search_member"":true,""run_id"":""run-20260902-205651"",""search_observation"":{""completion_index"":9,""elapsed_seconds"":0.27643442898988724,""parameter_set_number"":9,""search_fraction"":0.9},""search_rank"":5,""search_space_member"":true,""summary"":{""elapsed_ms_total"":162.384,""failure_count"":0,""mean_edge_error_px"":60.0,""mean_iou"":0.78608487,""mean_iou_success"":0.78608487,""minimum_iou"":0.69152464,""page_count"":5,""stddev_iou"":0.09313191,""success_count"":5,""wall_ms"":162.723}}","{""approved_bbox"":[84,51,1101,941],""candidate"":{""authors"":null,""bbox"":[233,41,1020,942],""confidence"":0.7990262207812051,""corners"":[[233.1329345703125,66.76216125488281],[988.631591796875,40.60056686401367],[1018.91943359375,915.2576904296875],[263.4207763671875,941.4193115234375]],""detector_name"":"""",""diagnostics"":{""area_fraction"":0.5214826994285087,""evidence"":""center_outward_radial_gradient_search"",""mean_edge_strength"":1.0,""parameters"":{""area_weight"":0.35,""gaussian_sigma"":0.6,""gradient_percentile"":74.0,""maximum_area_fraction"":0.98,""maximum_radius_fraction"":0.6,""minimum_area_fraction"":0.18,""minimum_radius_fraction"":0.1,""minimum_ray_support"":0.35,""ray_count"":64,""rectangularity_weight"":0.2,""support_weight"":0.35},""ray_support"":1.0,""rectangularity"":0.9330232695155325,""supported_rays"":64},""foundation"":null,""method"":""radial_edge"",""origin"":"""",""repository"":"""",""score"":0.7990262207812051,""status"":""ok"",""version"":""""},""edge_error_maximum_px"":149,""edge_error_mean_px"":60.25,""edge_errors"":{""bottom"":1,""left"":149,""maximum"":149,""mean"":60.25,""right"":81,""top"":10},""elapsed_ms"":32.267,""global_ordinal"":9,""iou"":0.76651342,""label"":""clean_two_page_spread"",""layout_type"":""two_page_spread"",""predicted_bbox"":[233,41,1020,942],""status"":""ok""}"
run-20260902-205651,8e677524b6d5,8e677524b6d5bc2c9544bcc3a2bbd303ab79298792eb7dba3a8ca54c181239d3,1,8e677524b6d5,fd890239472ed5066745b797e174e3d174b220e068d038da097879657c4e174f,1,701ddca5477951c547a2d2128767fcfa1f23aaaf6a1dc3ed651bc1d9223810b7,4,,7,5,1,1,[],{},9,0.27643442898988724,0.9,10,clean_two_page_spread_2,two_page_spread,ok,0.84951271,20,33,98,22,43.25,98,19.862,"[88, 33, 1154, 968]","[108, 0, 1252, 990]","{""gaussian_sigma"":0.6,""gradient_percentile"":74.0,""maximum_radius_fraction"":0.6,""minimum_radius_fraction"":0.1,""minimum_ray_support"":0.35,""ray_count"":64,""rectangularity_weight"":0.2,""support_weight"":0.35}",,,"{""legacy_parameter_set_id"":""8e677524b6d5"",""parameter_grid_ordinal"":4,""parameter_grid_sha256"":""701ddca5477951c547a2d2128767fcfa1f23aaaf6a1dc3ed651bc1d9223810b7"",""parameter_identity_schema_version"":""1"",""parameter_identity_sha256"":""fd890239472ed5066745b797e174e3d174b220e068d038da097879657c4e174f"",""parameter_schema_version"":""1"",""parameter_set_equivalence_family_id"":""8e677524b6d5"",""parameter_set_equivalence_family_sha256"":""8e677524b6d5bc2c9544bcc3a2bbd303ab79298792eb7dba3a8ca54c181239d3"",""parameter_set_equivalence_family_size"":1,""parameter_set_id"":""8e677524b6d5"",""parameters"":{""gaussian_sigma"":0.6,""gradient_percentile"":74.0,""maximum_radius_fraction"":0.6,""minimum_radius_fraction"":0.1,""minimum_ray_support"":0.35,""ray_count"":64,""rectangularity_weight"":0.2,""support_weight"":0.35},""profile"":null,""rank"":7,""reference_roles"":[],""requested_search_member"":true,""run_id"":""run-20260902-205651"",""search_observation"":{""completion_index"":9,""elapsed_seconds"":0.27643442898988724,""parameter_set_number"":9,""search_fraction"":0.9},""search_rank"":5,""search_space_member"":true,""summary"":{""elapsed_ms_total"":162.384,""failure_count"":0,""mean_edge_error_px"":60.0,""mean_iou"":0.78608487,""mean_iou_success"":0.78608487,""minimum_iou"":0.69152464,""page_count"":5,""stddev_iou"":0.09313191,""success_count"":5,""wall_ms"":162.723}}","{""approved_bbox"":[88,33,1154,968],""candidate"":{""authors"":null,""bbox"":[108,-37,1252,1101],""confidence"":0.7127344334073082,""corners"":[[561.9501953125,-37.472442626953125],[1251.4246826171875,431.0130615234375],[797.0030517578125,1099.7896728515625],[107.52851867675781,631.30419921875]],""detector_name"":"""",""diagnostics"":{""area_fraction"":0.5369104193857409,""evidence"":""center_outward_radial_gradient_search"",""mean_edge_strength"":1.0,""parameters"":{""area_weight"":0.35,""gaussian_sigma"":0.6,""gradient_percentile"":74.0,""maximum_area_fraction"":0.98,""maximum_radius_fraction"":0.6,""minimum_area_fraction"":0.18,""minimum_radius_fraction"":0.1,""minimum_ray_support"":0.35,""ray_count"":64,""rectangularity_weight"":0.2,""support_weight"":0.35},""ray_support"":1.0,""rectangularity"":0.5177117164078406,""supported_rays"":64},""foundation"":null,""method"":""radial_edge"",""origin"":"""",""repository"":"""",""score"":0.7127344334073082,""status"":""ok"",""version"":""""},""edge_error_maximum_px"":98,""edge_error_mean_px"":43.25,""edge_errors"":{""bottom"":22,""left"":20,""maximum"":98,""mean"":43.25,""right"":98,""top"":33},""elapsed_ms"":19.862,""global_ordinal"":10,""iou"":0.84951271,""label"":""clean_two_page_spread_2"",""layout_type"":""two_page_spread"",""predicted_bbox"":[108,0,1252,990],""status"":""ok""}"
run-20260902-205651,81947a3e7d9d,81947a3e7d9dbe446c779300bbe9fa502c42c0fbbde52a34ec63b3cf6fa46dd1,1,81947a3e7d9d,7c86db36b1d0d9601a1d927b2840460fa220af76d9054ff9359501d437259f59,1,701ddca5477951c547a2d2128767fcfa1f23aaaf6a1dc3ed651bc1d9223810b7,5,,8,6,1,1,[],{},7,0.2745407510083169,0.7,1,ordinary_two_page_spread,two_page_spread,ok,0.69157322,223,3,98,39,90.75,223,44.469,"[125, 56, 1289, 967]","[348, 53, 1191, 928]","{""gaussian_sigma"":0.6,""gradient_percentile"":74.0,""maximum_radius_fraction"":0.6,""minimum_radius_fraction"":0.1,""minimum_ray_support"":0.35,""ray_count"":64,""rectangularity_weight"":0.3,""support_weight"":0.35}",,,"{""legacy_parameter_set_id"":""81947a3e7d9d"",""parameter_grid_ordinal"":5,""parameter_grid_sha256"":""701ddca5477951c547a2d2128767fcfa1f23aaaf6a1dc3ed651bc1d9223810b7"",""parameter_identity_schema_version"":""1"",""parameter_identity_sha256"":""7c86db36b1d0d9601a1d927b2840460fa220af76d9054ff9359501d437259f59"",""parameter_schema_version"":""1"",""parameter_set_equivalence_family_id"":""81947a3e7d9d"",""parameter_set_equivalence_family_sha256"":""81947a3e7d9dbe446c779300bbe9fa502c42c0fbbde52a34ec63b3cf6fa46dd1"",""parameter_set_equivalence_family_size"":1,""parameter_set_id"":""81947a3e7d9d"",""parameters"":{""gaussian_sigma"":0.6,""gradient_percentile"":74.0,""maximum_radius_fraction"":0.6,""minimum_radius_fraction"":0.1,""minimum_ray_support"":0.35,""ray_count"":64,""rectangularity_weight"":0.3,""support_weight"":0.35},""profile"":null,""rank"":8,""reference_roles"":[],""requested_search_member"":true,""run_id"":""run-20260902-205651"",""search_observation"":{""completion_index"":7,""elapsed_seconds"":0.2745407510083169,""parameter_set_number"":7,""search_fraction"":0.7},""search_rank"":6,""search_space_member"":true,""summary"":{""elapsed_ms_total"":159.457,""failure_count"":0,""mean_edge_error_px"":60.0,""mean_iou"":0.78608487,""mean_iou_success"":0.78608487,""minimum_iou"":0.69152464,""page_count"":5,""stddev_iou"":0.09313191,""success_count"":5,""wall_ms"":159.731}}","{""approved_bbox"":[125,56,1289,967],""candidate"":{""authors"":null,""bbox"":[348,53,1191,928],""confidence"":0.8160238629109164,""corners"":[[348.2836608886719,72.55436706542969],[1169.4764404296875,52.55232238769531],[1190.2950439453125,907.2714233398438],[369.1022644042969,927.2734985351562]],""detector_name"":"""",""diagnostics"":{""area_fraction"":0.5153961405578346,""evidence"":""center_outward_radial_gradient_search"",""mean_edge_strength"":1.0,""parameters"":{""area_weight"":0.35,""gaussian_sigma"":0.6,""gradient_percentile"":74.0,""maximum_area_fraction"":0.98,""maximum_radius_fraction"":0.6,""minimum_area_fraction"":0.18,""minimum_radius_fraction"":0.1,""minimum_ray_support"":0.35,""ray_count"":64,""rectangularity_weight"":0.3,""support_weight"":0.35},""ray_support"":1.0,""rectangularity"":0.9521173790522479,""supported_rays"":64},""foundation"":null,""method"":""radial_edge"",""origin"":"""",""repository"":"""",""score"":0.8160238629109164,""status"":""ok"",""version"":""""},""edge_error_maximum_px"":223,""edge_error_mean_px"":90.75,""edge_errors"":{""bottom"":39,""left"":223,""maximum"":223,""mean"":90.75,""right"":98,""top"":3},""elapsed_ms"":44.469,""global_ordinal"":1,""iou"":0.69157322,""label"":""ordinary_two_page_spread"",""layout_type"":""two_page_spread"",""predicted_bbox"":[348,53,1191,928],""status"":""ok""}"
run-20260902-205651,81947a3e7d9d,81947a3e7d9dbe446c779300bbe9fa502c42c0fbbde52a34ec63b3cf6fa46dd1,1,81947a3e7d9d,7c86db36b1d0d9601a1d927b2840460fa220af76d9054ff9359501d437259f59,1,701ddca5477951c547a2d2128767fcfa1f23aaaf6a1dc3ed651bc1d9223810b7,5,,8,6,1,1,[],{},7,0.2745407510083169,0.7,5,damaged_partial_register_spread,two_page_spread,ok,0.93130038,58,8,5,10,20.25,58,34.283,"[67, 8, 1233, 977]","[9, 0, 1228, 987]","{""gaussian_sigma"":0.6,""gradient_percentile"":74.0,""maximum_radius_fraction"":0.6,""minimum_radius_fraction"":0.1,""minimum_ray_support"":0.35,""ray_count"":64,""rectangularity_weight"":0.3,""support_weight"":0.35}",,,"{""legacy_parameter_set_id"":""81947a3e7d9d"",""parameter_grid_ordinal"":5,""parameter_grid_sha256"":""701ddca5477951c547a2d2128767fcfa1f23aaaf6a1dc3ed651bc1d9223810b7"",""parameter_identity_schema_version"":""1"",""parameter_identity_sha256"":""7c86db36b1d0d9601a1d927b2840460fa220af76d9054ff9359501d437259f59"",""parameter_schema_version"":""1"",""parameter_set_equivalence_family_id"":""81947a3e7d9d"",""parameter_set_equivalence_family_sha256"":""81947a3e7d9dbe446c779300bbe9fa502c42c0fbbde52a34ec63b3cf6fa46dd1"",""parameter_set_equivalence_family_size"":1,""parameter_set_id"":""81947a3e7d9d"",""parameters"":{""gaussian_sigma"":0.6,""gradient_percentile"":74.0,""maximum_radius_fraction"":0.6,""minimum_radius_fraction"":0.1,""minimum_ray_support"":0.35,""ray_count"":64,""rectangularity_weight"":0.3,""support_weight"":0.35},""profile"":null,""rank"":8,""reference_roles"":[],""requested_search_member"":true,""run_id"":""run-20260902-205651"",""search_observation"":{""completion_index"":7,""elapsed_seconds"":0.2745407510083169,""parameter_set_number"":7,""search_fraction"":0.7},""search_rank"":6,""search_space_member"":true,""summary"":{""elapsed_ms_total"":159.457,""failure_count"":0,""mean_edge_error_px"":60.0,""mean_iou"":0.78608487,""mean_iou_success"":0.78608487,""minimum_iou"":0.69152464,""page_count"":5,""stddev_iou"":0.09313191,""success_count"":5,""wall_ms"":159.731}}","{""approved_bbox"":[67,8,1233,977],""candidate"":{""authors"":null,""bbox"":[9,-127,1228,1108],""confidence"":0.7175034473400708,""corners"":[[9.324188232421875,337.9800109863281],[734.485107421875,-126.54281616210938],[1227.032958984375,642.3676147460938],[501.8720397949219,1106.890380859375]],""detector_name"":"""",""diagnostics"":{""area_fraction"":0.6054263774077675,""evidence"":""center_outward_radial_gradient_search"",""mean_edge_strength"":0.9937054339496477,""parameters"":{""area_weight"":0.35,""gaussian_sigma"":0.6,""gradient_percentile"":74.0,""maximum_area_fraction"":0.98,""maximum_radius_fraction"":0.6,""minimum_area_fraction"":0.18,""minimum_radius_fraction"":0.1,""minimum_ray_support"":0.35,""ray_count"":64,""rectangularity_weight"":0.3,""support_weight"":0.35},""ray_support"":1.0,""rectangularity"":0.5223525476872128,""supported_rays"":64},""foundation"":null,""method"":""radial_edge"",""origin"":"""",""repository"":"""",""score"":0.7175034473400708,""status"":""ok"",""version"":""""},""edge_error_maximum_px"":58,""edge_error_mean_px"":20.25,""edge_errors"":{""bottom"":10,""left"":58,""maximum"":58,""mean"":20.25,""right"":5,""top"":8},""elapsed_ms"":34.283,""global_ordinal"":5,""iou"":0.93130038,""label"":""damaged_partial_register_spread"",""layout_type"":""two_page_spread"",""predicted_bbox"":[9,0,1228,987],""status"":""ok""}"
run-20260902-205651,81947a3e7d9d,81947a3e7d9dbe446c779300bbe9fa502c42c0fbbde52a34ec63b3cf6fa46dd1,1,81947a3e7d9d,7c86db36b1d0d9601a1d927b2840460fa220af76d9054ff9359501d437259f59,1,701ddca5477951c547a2d2128767fcfa1f23aaaf6a1dc3ed651bc1d9223810b7,5,,8,6,1,1,[],{},7,0.2745407510083169,0.7,6,title_or_index_sheet,single_page,ok,0.69152464,117,7,115,103,85.5,117,27.187,"[15, 28, 1074, 970]","[132, 21, 959, 867]","{""gaussian_sigma"":0.6,""gradient_percentile"":74.0,""maximum_radius_fraction"":0.6,""minimum_radius_fraction"":0.1,""minimum_ray_support"":0.35,""ray_count"":64,""rectangularity_weight"":0.3,""support_weight"":0.35}",,,"{""legacy_parameter_set_id"":""81947a3e7d9d"",""parameter_grid_ordinal"":5,""parameter_grid_sha256"":""701ddca5477951c547a2d2128767fcfa1f23aaaf6a1dc3ed651bc1d9223810b7"",""parameter_identity_schema_version"":""1"",""parameter_identity_sha256"":""7c86db36b1d0d9601a1d927b2840460fa220af76d9054ff9359501d437259f59"",""parameter_schema_version"":""1"",""parameter_set_equivalence_family_id"":""81947a3e7d9d"",""parameter_set_equivalence_family_sha256"":""81947a3e7d9dbe446c779300bbe9fa502c42c0fbbde52a34ec63b3cf6fa46dd1"",""parameter_set_equivalence_family_size"":1,""parameter_set_id"":""81947a3e7d9d"",""parameters"":{""gaussian_sigma"":0.6,""gradient_percentile"":74.0,""maximum_radius_fraction"":0.6,""minimum_radius_fraction"":0.1,""minimum_ray_support"":0.35,""ray_count"":64,""rectangularity_weight"":0.3,""support_weight"":0.35},""profile"":null,""rank"":8,""reference_roles"":[],""requested_search_member"":true,""run_id"":""run-20260902-205651"",""search_observation"":{""completion_index"":7,""elapsed_seconds"":0.2745407510083169,""parameter_set_number"":7,""search_fraction"":0.7},""search_rank"":6,""search_space_member"":true,""summary"":{""elapsed_ms_total"":159.457,""failure_count"":0,""mean_edge_error_px"":60.0,""mean_iou"":0.78608487,""mean_iou_success"":0.78608487,""minimum_iou"":0.69152464,""page_count"":5,""stddev_iou"":0.09313191,""success_count"":5,""wall_ms"":159.731}}","{""approved_bbox"":[15,28,1074,970],""candidate"":{""authors"":null,""bbox"":[132,21,959,867],""confidence"":0.6886343736447629,""corners"":[[132.05322265625,207.5390167236328],[764.0384521484375,21.320480346679688],[957.981689453125,679.5216064453125],[325.9964599609375,865.7401123046875]],""detector_name"":"""",""diagnostics"":{""area_fraction"":0.4227092212071011,""evidence"":""center_outward_radial_gradient_search"",""mean_edge_strength"":0.9819113680578915,""parameters"":{""area_weight"":0.35,""gaussian_sigma"":0.6,""gradient_percentile"":74.0,""maximum_area_fraction"":0.98,""maximum_radius_fraction"":0.6,""minimum_area_fraction"":0.18,""minimum_radius_fraction"":0.1,""minimum_ray_support"":0.35,""ray_count"":64,""rectangularity_weight"":0.3,""support_weight"":0.35},""ray_support"":1.0,""rectangularity"":0.6461721893738218,""supported_rays"":64},""foundation"":null,""method"":""radial_edge"",""origin"":"""",""repository"":"""",""score"":0.6886343736447629,""status"":""ok"",""version"":""""},""edge_error_maximum_px"":117,""edge_error_mean_px"":85.5,""edge_errors"":{""bottom"":103,""left"":117,""maximum"":117,""mean"":85.5,""right"":115,""top"":7},""elapsed_ms"":27.187,""global_ordinal"":6,""iou"":0.69152464,""label"":""title_or_index_sheet"",""layout_type"":""single_page"",""predicted_bbox"":[132,21,959,867],""status"":""ok""}"
run-20260902-205651,81947a3e7d9d,81947a3e7d9dbe446c779300bbe9fa502c42c0fbbde52a34ec63b3cf6fa46dd1,1,81947a3e7d9d,7c86db36b1d0d9601a1d927b2840460fa220af76d9054ff9359501d437259f59,1,701ddca5477951c547a2d2128767fcfa1f23aaaf6a1dc3ed651bc1d9223810b7,5,,8,6,1,1,[],{},7,0.2745407510083169,0.7,9,clean_two_page_spread,two_page_spread,ok,0.76651342,149,10,81,1,60.25,149,32.175,"[84, 51, 1101, 941]","[233, 41, 1020, 942]","{""gaussian_sigma"":0.6,""gradient_percentile"":74.0,""maximum_radius_fraction"":0.6,""minimum_radius_fraction"":0.1,""minimum_ray_support"":0.35,""ray_count"":64,""rectangularity_weight"":0.3,""support_weight"":0.35}",,,"{""legacy_parameter_set_id"":""81947a3e7d9d"",""parameter_grid_ordinal"":5,""parameter_grid_sha256"":""701ddca5477951c547a2d2128767fcfa1f23aaaf6a1dc3ed651bc1d9223810b7"",""parameter_identity_schema_version"":""1"",""parameter_identity_sha256"":""7c86db36b1d0d9601a1d927b2840460fa220af76d9054ff9359501d437259f59"",""parameter_schema_version"":""1"",""parameter_set_equivalence_family_id"":""81947a3e7d9d"",""parameter_set_equivalence_family_sha256"":""81947a3e7d9dbe446c779300bbe9fa502c42c0fbbde52a34ec63b3cf6fa46dd1"",""parameter_set_equivalence_family_size"":1,""parameter_set_id"":""81947a3e7d9d"",""parameters"":{""gaussian_sigma"":0.6,""gradient_percentile"":74.0,""maximum_radius_fraction"":0.6,""minimum_radius_fraction"":0.1,""minimum_ray_support"":0.35,""ray_count"":64,""rectangularity_weight"":0.3,""support_weight"":0.35},""profile"":null,""rank"":8,""reference_roles"":[],""requested_search_member"":true,""run_id"":""run-20260902-205651"",""search_observation"":{""completion_index"":7,""elapsed_seconds"":0.2745407510083169,""parameter_set_number"":7,""search_fraction"":0.7},""search_rank"":6,""search_space_member"":true,""summary"":{""elapsed_ms_total"":159.457,""failure_count"":0,""mean_edge_error_px"":60.0,""mean_iou"":0.78608487,""mean_iou_success"":0.78608487,""minimum_iou"":0.69152464,""page_count"":5,""stddev_iou"":0.09313191,""success_count"":5,""wall_ms"":159.731}}","{""approved_bbox"":[84,51,1101,941],""candidate"":{""authors"":null,""bbox"":[233,41,1020,942],""confidence"":0.8124259256546378,""corners"":[[233.1329345703125,66.76216125488281],[988.631591796875,40.60056686401367],[1018.91943359375,915.2576904296875],[263.4207763671875,941.4193115234375]],""detector_name"":"""",""diagnostics"":{""area_fraction"":0.5214826994285087,""evidence"":""center_outward_radial_gradient_search"",""mean_edge_strength"":1.0,""parameters"":{""area_weight"":0.35,""gaussian_sigma"":0.6,""gradient_percentile"":74.0,""maximum_area_fraction"":0.98,""maximum_radius_fraction"":0.6,""minimum_area_fraction"":0.18,""minimum_radius_fraction"":0.1,""minimum_ray_support"":0.35,""ray_count"":64,""rectangularity_weight"":0.3,""support_weight"":0.35},""ray_support"":1.0,""rectangularity"":0.9330232695155325,""supported_rays"":64},""foundation"":null,""method"":""radial_edge"",""origin"":"""",""repository"":"""",""score"":0.8124259256546378,""status"":""ok"",""version"":""""},""edge_error_maximum_px"":149,""edge_error_mean_px"":60.25,""edge_errors"":{""bottom"":1,""left"":149,""maximum"":149,""mean"":60.25,""right"":81,""top"":10},""elapsed_ms"":32.175,""global_ordinal"":9,""iou"":0.76651342,""label"":""clean_two_page_spread"",""layout_type"":""two_page_spread"",""predicted_bbox"":[233,41,1020,942],""status"":""ok""}"
run-20260902-205651,81947a3e7d9d,81947a3e7d9dbe446c779300bbe9fa502c42c0fbbde52a34ec63b3cf6fa46dd1,1,81947a3e7d9d,7c86db36b1d0d9601a1d927b2840460fa220af76d9054ff9359501d437259f59,1,701ddca5477951c547a2d2128767fcfa1f23aaaf6a1dc3ed651bc1d9223810b7,5,,8,6,1,1,[],{},7,0.2745407510083169,0.7,10,clean_two_page_spread_2,two_page_spread,ok,0.84951271,20,33,98,22,43.25,98,21.343,"[88, 33, 1154, 968]","[108, 0, 1252, 990]","{""gaussian_sigma"":0.6,""gradient_percentile"":74.0,""maximum_radius_fraction"":0.6,""minimum_radius_fraction"":0.1,""minimum_ray_support"":0.35,""ray_count"":64,""rectangularity_weight"":0.3,""support_weight"":0.35}",,,"{""legacy_parameter_set_id"":""81947a3e7d9d"",""parameter_grid_ordinal"":5,""parameter_grid_sha256"":""701ddca5477951c547a2d2128767fcfa1f23aaaf6a1dc3ed651bc1d9223810b7"",""parameter_identity_schema_version"":""1"",""parameter_identity_sha256"":""7c86db36b1d0d9601a1d927b2840460fa220af76d9054ff9359501d437259f59"",""parameter_schema_version"":""1"",""parameter_set_equivalence_family_id"":""81947a3e7d9d"",""parameter_set_equivalence_family_sha256"":""81947a3e7d9dbe446c779300bbe9fa502c42c0fbbde52a34ec63b3cf6fa46dd1"",""parameter_set_equivalence_family_size"":1,""parameter_set_id"":""81947a3e7d9d"",""parameters"":{""gaussian_sigma"":0.6,""gradient_percentile"":74.0,""maximum_radius_fraction"":0.6,""minimum_radius_fraction"":0.1,""minimum_ray_support"":0.35,""ray_count"":64,""rectangularity_weight"":0.3,""support_weight"":0.35},""profile"":null,""rank"":8,""reference_roles"":[],""requested_search_member"":true,""run_id"":""run-20260902-205651"",""search_observation"":{""completion_index"":7,""elapsed_seconds"":0.2745407510083169,""parameter_set_number"":7,""search_fraction"":0.7},""search_rank"":6,""search_space_member"":true,""summary"":{""elapsed_ms_total"":159.457,""failure_count"":0,""mean_edge_error_px"":60.0,""mean_iou"":0.78608487,""mean_iou_success"":0.78608487,""minimum_iou"":0.69152464,""page_count"":5,""stddev_iou"":0.09313191,""success_count"":5,""wall_ms"":159.731}}","{""approved_bbox"":[88,33,1154,968],""candidate"":{""authors"":null,""bbox"":[108,-37,1252,1101],""confidence"":0.6932321617073613,""corners"":[[561.9501953125,-37.472442626953125],[1251.4246826171875,431.0130615234375],[797.0030517578125,1099.7896728515625],[107.52851867675781,631.30419921875]],""detector_name"":"""",""diagnostics"":{""area_fraction"":0.5369104193857409,""evidence"":""center_outward_radial_gradient_search"",""mean_edge_strength"":1.0,""parameters"":{""area_weight"":0.35,""gaussian_sigma"":0.6,""gradient_percentile"":74.0,""maximum_area_fraction"":0.98,""maximum_radius_fraction"":0.6,""minimum_area_fraction"":0.18,""minimum_radius_fraction"":0.1,""minimum_ray_support"":0.35,""ray_count"":64,""rectangularity_weight"":0.3,""support_weight"":0.35},""ray_support"":1.0,""rectangularity"":0.5177117164078406,""supported_rays"":64},""foundation"":null,""method"":""radial_edge"",""origin"":"""",""repository"":"""",""score"":0.6932321617073613,""status"":""ok"",""version"":""""},""edge_error_maximum_px"":98,""edge_error_mean_px"":43.25,""edge_errors"":{""bottom"":22,""left"":20,""maximum"":98,""mean"":43.25,""right"":98,""top"":33},""elapsed_ms"":21.343,""global_ordinal"":10,""iou"":0.84951271,""label"":""clean_two_page_spread_2"",""layout_type"":""two_page_spread"",""predicted_bbox"":[108,0,1252,990],""status"":""ok""}"
run-20260902-205651,1877c24610c3,1877c24610c35816b5b65fb0f03f3ae2046bc0c7b3b98bfd97a1eafeba270f5e,1,1877c24610c3,c3835f42e47a0bcfb381bb891ce6ed3b6533d78e456212e35c7f534da2c83808,1,701ddca5477951c547a2d2128767fcfa1f23aaaf6a1dc3ed651bc1d9223810b7,6,,9,7,1,1,[],{},10,0.276858476921916,1.0,1,ordinary_two_page_spread,two_page_spread,ok,0.69157322,223,3,98,39,90.75,223,45.168,"[125, 56, 1289, 967]","[348, 53, 1191, 928]","{""gaussian_sigma"":0.6,""gradient_percentile"":74.0,""maximum_radius_fraction"":0.6,""minimum_radius_fraction"":0.1,""minimum_ray_support"":0.35,""ray_count"":64,""rectangularity_weight"":0.2,""support_weight"":0.45}",,,"{""legacy_parameter_set_id"":""1877c24610c3"",""parameter_grid_ordinal"":6,""parameter_grid_sha256"":""701ddca5477951c547a2d2128767fcfa1f23aaaf6a1dc3ed651bc1d9223810b7"",""parameter_identity_schema_version"":""1"",""parameter_identity_sha256"":""c3835f42e47a0bcfb381bb891ce6ed3b6533d78e456212e35c7f534da2c83808"",""parameter_schema_version"":""1"",""parameter_set_equivalence_family_id"":""1877c24610c3"",""parameter_set_equivalence_family_sha256"":""1877c24610c35816b5b65fb0f03f3ae2046bc0c7b3b98bfd97a1eafeba270f5e"",""parameter_set_equivalence_family_size"":1,""parameter_set_id"":""1877c24610c3"",""parameters"":{""gaussian_sigma"":0.6,""gradient_percentile"":74.0,""maximum_radius_fraction"":0.6,""minimum_radius_fraction"":0.1,""minimum_ray_support"":0.35,""ray_count"":64,""rectangularity_weight"":0.2,""support_weight"":0.45},""profile"":null,""rank"":9,""reference_roles"":[],""requested_search_member"":true,""run_id"":""run-20260902-205651"",""search_observation"":{""completion_index"":10,""elapsed_seconds"":0.276858476921916,""parameter_set_number"":10,""search_fraction"":1.0},""search_rank"":7,""search_space_member"":true,""summary"":{""elapsed_ms_total"":161.186,""failure_count"":0,""mean_edge_error_px"":60.0,""mean_iou"":0.78608487,""mean_iou_success"":0.78608487,""minimum_iou"":0.69152464,""page_count"":5,""stddev_iou"":0.09313191,""success_count"":5,""wall_ms"":161.454}}","{""approved_bbox"":[125,56,1289,967],""candidate"":{""authors"":null,""bbox"":[348,53,1191,928],""confidence"":0.8208121250056917,""corners"":[[348.2836608886719,72.55436706542969],[1169.4764404296875,52.55232238769531],[1190.2950439453125,907.2714233398438],[369.1022644042969,927.2734985351562]],""detector_name"":"""",""diagnostics"":{""area_fraction"":0.5153961405578346,""evidence"":""center_outward_radial_gradient_search"",""mean_edge_strength"":1.0,""parameters"":{""area_weight"":0.35,""gaussian_sigma"":0.6,""gradient_percentile"":74.0,""maximum_area_fraction"":0.98,""maximum_radius_fraction"":0.6,""minimum_area_fraction"":0.18,""minimum_radius_fraction"":0.1,""minimum_ray_support"":0.35,""ray_count"":64,""rectangularity_weight"":0.2,""support_weight"":0.45},""ray_support"":1.0,""rectangularity"":0.9521173790522479,""supported_rays"":64},""foundation"":null,""method"":""radial_edge"",""origin"":"""",""repository"":"""",""score"":0.8208121250056917,""status"":""ok"",""version"":""""},""edge_error_maximum_px"":223,""edge_error_mean_px"":90.75,""edge_errors"":{""bottom"":39,""left"":223,""maximum"":223,""mean"":90.75,""right"":98,""top"":3},""elapsed_ms"":45.168,""global_ordinal"":1,""iou"":0.69157322,""label"":""ordinary_two_page_spread"",""layout_type"":""two_page_spread"",""predicted_bbox"":[348,53,1191,928],""status"":""ok""}"
run-20260902-205651,1877c24610c3,1877c24610c35816b5b65fb0f03f3ae2046bc0c7b3b98bfd97a1eafeba270f5e,1,1877c24610c3,c3835f42e47a0bcfb381bb891ce6ed3b6533d78e456212e35c7f534da2c83808,1,701ddca5477951c547a2d2128767fcfa1f23aaaf6a1dc3ed651bc1d9223810b7,6,,9,7,1,1,[],{},10,0.276858476921916,1.0,5,damaged_partial_register_spread,two_page_spread,ok,0.93130038,58,8,5,10,20.25,58,34.118,"[67, 8, 1233, 977]","[9, 0, 1228, 987]","{""gaussian_sigma"":0.6,""gradient_percentile"":74.0,""maximum_radius_fraction"":0.6,""minimum_radius_fraction"":0.1,""minimum_ray_support"":0.35,""ray_count"":64,""rectangularity_weight"":0.2,""support_weight"":0.45}",,,"{""legacy_parameter_set_id"":""1877c24610c3"",""parameter_grid_ordinal"":6,""parameter_grid_sha256"":""701ddca5477951c547a2d2128767fcfa1f23aaaf6a1dc3ed651bc1d9223810b7"",""parameter_identity_schema_version"":""1"",""parameter_identity_sha256"":""c3835f42e47a0bcfb381bb891ce6ed3b6533d78e456212e35c7f534da2c83808"",""parameter_schema_version"":""1"",""parameter_set_equivalence_family_id"":""1877c24610c3"",""parameter_set_equivalence_family_sha256"":""1877c24610c35816b5b65fb0f03f3ae2046bc0c7b3b98bfd97a1eafeba270f5e"",""parameter_set_equivalence_family_size"":1,""parameter_set_id"":""1877c24610c3"",""parameters"":{""gaussian_sigma"":0.6,""gradient_percentile"":74.0,""maximum_radius_fraction"":0.6,""minimum_radius_fraction"":0.1,""minimum_ray_support"":0.35,""ray_count"":64,""rectangularity_weight"":0.2,""support_weight"":0.45},""profile"":null,""rank"":9,""reference_roles"":[],""requested_search_member"":true,""run_id"":""run-20260902-205651"",""search_observation"":{""completion_index"":10,""elapsed_seconds"":0.276858476921916,""parameter_set_number"":10,""search_fraction"":1.0},""search_rank"":7,""search_space_member"":true,""summary"":{""elapsed_ms_total"":161.186,""failure_count"":0,""mean_edge_error_px"":60.0,""mean_iou"":0.78608487,""mean_iou_success"":0.78608487,""minimum_iou"":0.69152464,""page_count"":5,""stddev_iou"":0.09313191,""success_count"":5,""wall_ms"":161.454}}","{""approved_bbox"":[67,8,1233,977],""candidate"":{""authors"":null,""bbox"":[9,-127,1228,1108],""confidence"":0.7649534642688318,""corners"":[[9.324188232421875,337.9800109863281],[734.485107421875,-126.54281616210938],[1227.032958984375,642.3676147460938],[501.8720397949219,1106.890380859375]],""detector_name"":"""",""diagnostics"":{""area_fraction"":0.6054263774077675,""evidence"":""center_outward_radial_gradient_search"",""mean_edge_strength"":0.9937054339496477,""parameters"":{""area_weight"":0.35,""gaussian_sigma"":0.6,""gradient_percentile"":74.0,""maximum_area_fraction"":0.98,""maximum_radius_fraction"":0.6,""minimum_area_fraction"":0.18,""minimum_radius_fraction"":0.1,""minimum_ray_support"":0.35,""ray_count"":64,""rectangularity_weight"":0.2,""support_weight"":0.45},""ray_support"":1.0,""rectangularity"":0.5223525476872128,""supported_rays"":64},""foundation"":null,""method"":""radial_edge"",""origin"":"""",""repository"":"""",""score"":0.7649534642688318,""status"":""ok"",""version"":""""},""edge_error_maximum_px"":58,""edge_error_mean_px"":20.25,""edge_errors"":{""bottom"":10,""left"":58,""maximum"":58,""mean"":20.25,""right"":5,""top"":8},""elapsed_ms"":34.118,""global_ordinal"":5,""iou"":0.93130038,""label"":""damaged_partial_register_spread"",""layout_type"":""two_page_spread"",""predicted_bbox"":[9,0,1228,987],""status"":""ok""}"
run-20260902-205651,1877c24610c3,1877c24610c35816b5b65fb0f03f3ae2046bc0c7b3b98bfd97a1eafeba270f5e,1,1877c24610c3,c3835f42e47a0bcfb381bb891ce6ed3b6533d78e456212e35c7f534da2c83808,1,701ddca5477951c547a2d2128767fcfa1f23aaaf6a1dc3ed651bc1d9223810b7,6,,9,7,1,1,[],{},10,0.276858476921916,1.0,6,title_or_index_sheet,single_page,ok,0.69152464,117,7,115,103,85.5,117,27.662,"[15, 28, 1074, 970]","[132, 21, 959, 867]","{""gaussian_sigma"":0.6,""gradient_percentile"":74.0,""maximum_radius_fraction"":0.6,""minimum_radius_fraction"":0.1,""minimum_ray_support"":0.35,""ray_count"":64,""rectangularity_weight"":0.2,""support_weight"":0.45}",,,"{""legacy_parameter_set_id"":""1877c24610c3"",""parameter_grid_ordinal"":6,""parameter_grid_sha256"":""701ddca5477951c547a2d2128767fcfa1f23aaaf6a1dc3ed651bc1d9223810b7"",""parameter_identity_schema_version"":""1"",""parameter_identity_sha256"":""c3835f42e47a0bcfb381bb891ce6ed3b6533d78e456212e35c7f534da2c83808"",""parameter_schema_version"":""1"",""parameter_set_equivalence_family_id"":""1877c24610c3"",""parameter_set_equivalence_family_sha256"":""1877c24610c35816b5b65fb0f03f3ae2046bc0c7b3b98bfd97a1eafeba270f5e"",""parameter_set_equivalence_family_size"":1,""parameter_set_id"":""1877c24610c3"",""parameters"":{""gaussian_sigma"":0.6,""gradient_percentile"":74.0,""maximum_radius_fraction"":0.6,""minimum_radius_fraction"":0.1,""minimum_ray_support"":0.35,""ray_count"":64,""rectangularity_weight"":0.2,""support_weight"":0.45},""profile"":null,""rank"":9,""reference_roles"":[],""requested_search_member"":true,""run_id"":""run-20260902-205651"",""search_observation"":{""completion_index"":10,""elapsed_seconds"":0.276858476921916,""parameter_set_number"":10,""search_fraction"":1.0},""search_rank"":7,""search_space_member"":true,""summary"":{""elapsed_ms_total"":161.186,""failure_count"":0,""mean_edge_error_px"":60.0,""mean_iou"":0.78608487,""mean_iou_success"":0.78608487,""minimum_iou"":0.69152464,""page_count"":5,""stddev_iou"":0.09313191,""success_count"":5,""wall_ms"":161.454}}","{""approved_bbox"":[15,28,1074,970],""candidate"":{""authors"":null,""bbox"":[132,21,959,867],""confidence"":0.7231127231102753,""corners"":[[132.05322265625,207.5390167236328],[764.0384521484375,21.320480346679688],[957.981689453125,679.5216064453125],[325.9964599609375,865.7401123046875]],""detector_name"":"""",""diagnostics"":{""area_fraction"":0.4227092212071011,""evidence"":""center_outward_radial_gradient_search"",""mean_edge_strength"":0.9819113680578915,""parameters"":{""area_weight"":0.35,""gaussian_sigma"":0.6,""gradient_percentile"":74.0,""maximum_area_fraction"":0.98,""maximum_radius_fraction"":0.6,""minimum_area_fraction"":0.18,""minimum_radius_fraction"":0.1,""minimum_ray_support"":0.35,""ray_count"":64,""rectangularity_weight"":0.2,""support_weight"":0.45},""ray_support"":1.0,""rectangularity"":0.6461721893738218,""supported_rays"":64},""foundation"":null,""method"":""radial_edge"",""origin"":"""",""repository"":"""",""score"":0.7231127231102753,""status"":""ok"",""version"":""""},""edge_error_maximum_px"":117,""edge_error_mean_px"":85.5,""edge_errors"":{""bottom"":103,""left"":117,""maximum"":117,""mean"":85.5,""right"":115,""top"":7},""elapsed_ms"":27.662,""global_ordinal"":6,""iou"":0.69152464,""label"":""title_or_index_sheet"",""layout_type"":""single_page"",""predicted_bbox"":[132,21,959,867],""status"":""ok""}"
run-20260902-205651,1877c24610c3,1877c24610c35816b5b65fb0f03f3ae2046bc0c7b3b98bfd97a1eafeba270f5e,1,1877c24610c3,c3835f42e47a0bcfb381bb891ce6ed3b6533d78e456212e35c7f534da2c83808,1,701ddca5477951c547a2d2128767fcfa1f23aaaf6a1dc3ed651bc1d9223810b7,6,,9,7,1,1,[],{},10,0.276858476921916,1.0,9,clean_two_page_spread,two_page_spread,ok,0.76651342,149,10,81,1,60.25,149,34.075,"[84, 51, 1101, 941]","[233, 41, 1020, 942]","{""gaussian_sigma"":0.6,""gradient_percentile"":74.0,""maximum_radius_fraction"":0.6,""minimum_radius_fraction"":0.1,""minimum_ray_support"":0.35,""ray_count"":64,""rectangularity_weight"":0.2,""support_weight"":0.45}",,,"{""legacy_parameter_set_id"":""1877c24610c3"",""parameter_grid_ordinal"":6,""parameter_grid_sha256"":""701ddca5477951c547a2d2128767fcfa1f23aaaf6a1dc3ed651bc1d9223810b7"",""parameter_identity_schema_version"":""1"",""parameter_identity_sha256"":""c3835f42e47a0bcfb381bb891ce6ed3b6533d78e456212e35c7f534da2c83808"",""parameter_schema_version"":""1"",""parameter_set_equivalence_family_id"":""1877c24610c3"",""parameter_set_equivalence_family_sha256"":""1877c24610c35816b5b65fb0f03f3ae2046bc0c7b3b98bfd97a1eafeba270f5e"",""parameter_set_equivalence_family_size"":1,""parameter_set_id"":""1877c24610c3"",""parameters"":{""gaussian_sigma"":0.6,""gradient_percentile"":74.0,""maximum_radius_fraction"":0.6,""minimum_radius_fraction"":0.1,""minimum_ray_support"":0.35,""ray_count"":64,""rectangularity_weight"":0.2,""support_weight"":0.45},""profile"":null,""rank"":9,""reference_roles"":[],""requested_search_member"":true,""run_id"":""run-20260902-205651"",""search_observation"":{""completion_index"":10,""elapsed_seconds"":0.276858476921916,""parameter_set_number"":10,""search_fraction"":1.0},""search_rank"":7,""search_space_member"":true,""summary"":{""elapsed_ms_total"":161.186,""failure_count"":0,""mean_edge_error_px"":60.0,""mean_iou"":0.78608487,""mean_iou_success"":0.78608487,""minimum_iou"":0.69152464,""page_count"":5,""stddev_iou"":0.09313191,""success_count"":5,""wall_ms"":161.454}}","{""approved_bbox"":[84,51,1101,941],""candidate"":{""authors"":null,""bbox"":[233,41,1020,942],""confidence"":0.8191235987030846,""corners"":[[233.1329345703125,66.76216125488281],[988.631591796875,40.60056686401367],[1018.91943359375,915.2576904296875],[263.4207763671875,941.4193115234375]],""detector_name"":"""",""diagnostics"":{""area_fraction"":0.5214826994285087,""evidence"":""center_outward_radial_gradient_search"",""mean_edge_strength"":1.0,""parameters"":{""area_weight"":0.35,""gaussian_sigma"":0.6,""gradient_percentile"":74.0,""maximum_area_fraction"":0.98,""maximum_radius_fraction"":0.6,""minimum_area_fraction"":0.18,""minimum_radius_fraction"":0.1,""minimum_ray_support"":0.35,""ray_count"":64,""rectangularity_weight"":0.2,""support_weight"":0.45},""ray_support"":1.0,""rectangularity"":0.9330232695155325,""supported_rays"":64},""foundation"":null,""method"":""radial_edge"",""origin"":"""",""repository"":"""",""score"":0.8191235987030846,""status"":""ok"",""version"":""""},""edge_error_maximum_px"":149,""edge_error_mean_px"":60.25,""edge_errors"":{""bottom"":1,""left"":149,""maximum"":149,""mean"":60.25,""right"":81,""top"":10},""elapsed_ms"":34.075,""global_ordinal"":9,""iou"":0.76651342,""label"":""clean_two_page_spread"",""layout_type"":""two_page_spread"",""predicted_bbox"":[233,41,1020,942],""status"":""ok""}"
run-20260902-205651,1877c24610c3,1877c24610c35816b5b65fb0f03f3ae2046bc0c7b3b98bfd97a1eafeba270f5e,1,1877c24610c3,c3835f42e47a0bcfb381bb891ce6ed3b6533d78e456212e35c7f534da2c83808,1,701ddca5477951c547a2d2128767fcfa1f23aaaf6a1dc3ed651bc1d9223810b7,6,,9,7,1,1,[],{},10,0.276858476921916,1.0,10,clean_two_page_spread_2,two_page_spread,ok,0.84951271,20,33,98,22,43.25,98,20.163,"[88, 33, 1154, 968]","[108, 0, 1252, 990]","{""gaussian_sigma"":0.6,""gradient_percentile"":74.0,""maximum_radius_fraction"":0.6,""minimum_radius_fraction"":0.1,""minimum_ray_support"":0.35,""ray_count"":64,""rectangularity_weight"":0.2,""support_weight"":0.45}",,,"{""legacy_parameter_set_id"":""1877c24610c3"",""parameter_grid_ordinal"":6,""parameter_grid_sha256"":""701ddca5477951c547a2d2128767fcfa1f23aaaf6a1dc3ed651bc1d9223810b7"",""parameter_identity_schema_version"":""1"",""parameter_identity_sha256"":""c3835f42e47a0bcfb381bb891ce6ed3b6533d78e456212e35c7f534da2c83808"",""parameter_schema_version"":""1"",""parameter_set_equivalence_family_id"":""1877c24610c3"",""parameter_set_equivalence_family_sha256"":""1877c24610c35816b5b65fb0f03f3ae2046bc0c7b3b98bfd97a1eafeba270f5e"",""parameter_set_equivalence_family_size"":1,""parameter_set_id"":""1877c24610c3"",""parameters"":{""gaussian_sigma"":0.6,""gradient_percentile"":74.0,""maximum_radius_fraction"":0.6,""minimum_radius_fraction"":0.1,""minimum_ray_support"":0.35,""ray_count"":64,""rectangularity_weight"":0.2,""support_weight"":0.45},""profile"":null,""rank"":9,""reference_roles"":[],""requested_search_member"":true,""run_id"":""run-20260902-205651"",""search_observation"":{""completion_index"":10,""elapsed_seconds"":0.276858476921916,""parameter_set_number"":10,""search_fraction"":1.0},""search_rank"":7,""search_space_member"":true,""summary"":{""elapsed_ms_total"":161.186,""failure_count"":0,""mean_edge_error_px"":60.0,""mean_iou"":0.78608487,""mean_iou_success"":0.78608487,""minimum_iou"":0.69152464,""page_count"":5,""stddev_iou"":0.09313191,""success_count"":5,""wall_ms"":161.454}}","{""approved_bbox"":[88,33,1154,968],""candidate"":{""authors"":null,""bbox"":[108,-37,1252,1101],""confidence"":0.7414609900665774,""corners"":[[561.9501953125,-37.472442626953125],[1251.4246826171875,431.0130615234375],[797.0030517578125,1099.7896728515625],[107.52851867675781,631.30419921875]],""detector_name"":"""",""diagnostics"":{""area_fraction"":0.5369104193857409,""evidence"":""center_outward_radial_gradient_search"",""mean_edge_strength"":1.0,""parameters"":{""area_weight"":0.35,""gaussian_sigma"":0.6,""gradient_percentile"":74.0,""maximum_area_fraction"":0.98,""maximum_radius_fraction"":0.6,""minimum_area_fraction"":0.18,""minimum_radius_fraction"":0.1,""minimum_ray_support"":0.35,""ray_count"":64,""rectangularity_weight"":0.2,""support_weight"":0.45},""ray_support"":1.0,""rectangularity"":0.5177117164078406,""supported_rays"":64},""foundation"":null,""method"":""radial_edge"",""origin"":"""",""repository"":"""",""score"":0.7414609900665774,""status"":""ok"",""version"":""""},""edge_error_maximum_px"":98,""edge_error_mean_px"":43.25,""edge_errors"":{""bottom"":22,""left"":20,""maximum"":98,""mean"":43.25,""right"":98,""top"":33},""elapsed_ms"":20.163,""global_ordinal"":10,""iou"":0.84951271,""label"":""clean_two_page_spread_2"",""layout_type"":""two_page_spread"",""predicted_bbox"":[108,0,1252,990],""status"":""ok""}"
run-20260902-205651,88096dcd5487,88096dcd548721f1ff8b3ef4c9466c0731598f3877d8fd612d3c26d4c312f44f,1,88096dcd5487,da0c8f305267358582d7d2e298e1f23800f71ea310c53bac06fcccefda9629cd,1,701ddca5477951c547a2d2128767fcfa1f23aaaf6a1dc3ed651bc1d9223810b7,7,,10,8,1,1,[],{},8,0.27571741095744073,0.8,1,ordinary_two_page_spread,two_page_spread,ok,0.69157322,223,3,98,39,90.75,223,45.368,"[125, 56, 1289, 967]","[348, 53, 1191, 928]","{""gaussian_sigma"":0.6,""gradient_percentile"":74.0,""maximum_radius_fraction"":0.6,""minimum_radius_fraction"":0.1,""minimum_ray_support"":0.35,""ray_count"":64,""rectangularity_weight"":0.3,""support_weight"":0.45}",,,"{""legacy_parameter_set_id"":""88096dcd5487"",""parameter_grid_ordinal"":7,""parameter_grid_sha256"":""701ddca5477951c547a2d2128767fcfa1f23aaaf6a1dc3ed651bc1d9223810b7"",""parameter_identity_schema_version"":""1"",""parameter_identity_sha256"":""da0c8f305267358582d7d2e298e1f23800f71ea310c53bac06fcccefda9629cd"",""parameter_schema_version"":""1"",""parameter_set_equivalence_family_id"":""88096dcd5487"",""parameter_set_equivalence_family_sha256"":""88096dcd548721f1ff8b3ef4c9466c0731598f3877d8fd612d3c26d4c312f44f"",""parameter_set_equivalence_family_size"":1,""parameter_set_id"":""88096dcd5487"",""parameters"":{""gaussian_sigma"":0.6,""gradient_percentile"":74.0,""maximum_radius_fraction"":0.6,""minimum_radius_fraction"":0.1,""minimum_ray_support"":0.35,""ray_count"":64,""rectangularity_weight"":0.3,""support_weight"":0.45},""profile"":null,""rank"":10,""reference_roles"":[],""requested_search_member"":true,""run_id"":""run-20260902-205651"",""search_observation"":{""completion_index"":8,""elapsed_seconds"":0.27571741095744073,""parameter_set_number"":8,""search_fraction"":0.8},""search_rank"":8,""search_space_member"":true,""summary"":{""elapsed_ms_total"":158.977,""failure_count"":0,""mean_edge_error_px"":60.0,""mean_iou"":0.78608487,""mean_iou_success"":0.78608487,""minimum_iou"":0.69152464,""page_count"":5,""stddev_iou"":0.09313191,""success_count"":5,""wall_ms"":159.288}}","{""approved_bbox"":[125,56,1289,967],""candidate"":{""authors"":null,""bbox"":[348,53,1191,928],""confidence"":0.8327489662826513,""corners"":[[348.2836608886719,72.55436706542969],[1169.4764404296875,52.55232238769531],[1190.2950439453125,907.2714233398438],[369.1022644042969,927.2734985351562]],""detector_name"":"""",""diagnostics"":{""area_fraction"":0.5153961405578346,""evidence"":""center_outward_radial_gradient_search"",""mean_edge_strength"":1.0,""parameters"":{""area_weight"":0.35,""gaussian_sigma"":0.6,""gradient_percentile"":74.0,""maximum_area_fraction"":0.98,""maximum_radius_fraction"":0.6,""minimum_area_fraction"":0.18,""minimum_radius_fraction"":0.1,""minimum_ray_support"":0.35,""ray_count"":64,""rectangularity_weight"":0.3,""support_weight"":0.45},""ray_support"":1.0,""rectangularity"":0.9521173790522479,""supported_rays"":64},""foundation"":null,""method"":""radial_edge"",""origin"":"""",""repository"":"""",""score"":0.8327489662826513,""status"":""ok"",""version"":""""},""edge_error_maximum_px"":223,""edge_error_mean_px"":90.75,""edge_errors"":{""bottom"":39,""left"":223,""maximum"":223,""mean"":90.75,""right"":98,""top"":3},""elapsed_ms"":45.368,""global_ordinal"":1,""iou"":0.69157322,""label"":""ordinary_two_page_spread"",""layout_type"":""two_page_spread"",""predicted_bbox"":[348,53,1191,928],""status"":""ok""}"
run-20260902-205651,88096dcd5487,88096dcd548721f1ff8b3ef4c9466c0731598f3877d8fd612d3c26d4c312f44f,1,88096dcd5487,da0c8f305267358582d7d2e298e1f23800f71ea310c53bac06fcccefda9629cd,1,701ddca5477951c547a2d2128767fcfa1f23aaaf6a1dc3ed651bc1d9223810b7,7,,10,8,1,1,[],{},8,0.27571741095744073,0.8,5,damaged_partial_register_spread,two_page_spread,ok,0.93130038,58,8,5,10,20.25,58,33.548,"[67, 8, 1233, 977]","[9, 0, 1228, 987]","{""gaussian_sigma"":0.6,""gradient_percentile"":74.0,""maximum_radius_fraction"":0.6,""minimum_radius_fraction"":0.1,""minimum_ray_support"":0.35,""ray_count"":64,""rectangularity_weight"":0.3,""support_weight"":0.45}",,,"{""legacy_parameter_set_id"":""88096dcd5487"",""parameter_grid_ordinal"":7,""parameter_grid_sha256"":""701ddca5477951c547a2d2128767fcfa1f23aaaf6a1dc3ed651bc1d9223810b7"",""parameter_identity_schema_version"":""1"",""parameter_identity_sha256"":""da0c8f305267358582d7d2e298e1f23800f71ea310c53bac06fcccefda9629cd"",""parameter_schema_version"":""1"",""parameter_set_equivalence_family_id"":""88096dcd5487"",""parameter_set_equivalence_family_sha256"":""88096dcd548721f1ff8b3ef4c9466c0731598f3877d8fd612d3c26d4c312f44f"",""parameter_set_equivalence_family_size"":1,""parameter_set_id"":""88096dcd5487"",""parameters"":{""gaussian_sigma"":0.6,""gradient_percentile"":74.0,""maximum_radius_fraction"":0.6,""minimum_radius_fraction"":0.1,""minimum_ray_support"":0.35,""ray_count"":64,""rectangularity_weight"":0.3,""support_weight"":0.45},""profile"":null,""rank"":10,""reference_roles"":[],""requested_search_member"":true,""run_id"":""run-20260902-205651"",""search_observation"":{""completion_index"":8,""elapsed_seconds"":0.27571741095744073,""parameter_set_number"":8,""search_fraction"":0.8},""search_rank"":8,""search_space_member"":true,""summary"":{""elapsed_ms_total"":158.977,""failure_count"":0,""mean_edge_error_px"":60.0,""mean_iou"":0.78608487,""mean_iou_success"":0.78608487,""minimum_iou"":0.69152464,""page_count"":5,""stddev_iou"":0.09313191,""success_count"":5,""wall_ms"":159.288}}","{""approved_bbox"":[67,8,1233,977],""candidate"":{""authors"":null,""bbox"":[9,-127,1228,1108],""confidence"":0.7428988354886845,""corners"":[[9.324188232421875,337.9800109863281],[734.485107421875,-126.54281616210938],[1227.032958984375,642.3676147460938],[501.8720397949219,1106.890380859375]],""detector_name"":"""",""diagnostics"":{""area_fraction"":0.6054263774077675,""evidence"":""center_outward_radial_gradient_search"",""mean_edge_strength"":0.9937054339496477,""parameters"":{""area_weight"":0.35,""gaussian_sigma"":0.6,""gradient_percentile"":74.0,""maximum_area_fraction"":0.98,""maximum_radius_fraction"":0.6,""minimum_area_fraction"":0.18,""minimum_radius_fraction"":0.1,""minimum_ray_support"":0.35,""ray_count"":64,""rectangularity_weight"":0.3,""support_weight"":0.45},""ray_support"":1.0,""rectangularity"":0.5223525476872128,""supported_rays"":64},""foundation"":null,""method"":""radial_edge"",""origin"":"""",""repository"":"""",""score"":0.7428988354886845,""status"":""ok"",""version"":""""},""edge_error_maximum_px"":58,""edge_error_mean_px"":20.25,""edge_errors"":{""bottom"":10,""left"":58,""maximum"":58,""mean"":20.25,""right"":5,""top"":8},""elapsed_ms"":33.548,""global_ordinal"":5,""iou"":0.93130038,""label"":""damaged_partial_register_spread"",""layout_type"":""two_page_spread"",""predicted_bbox"":[9,0,1228,987],""status"":""ok""}"
run-20260902-205651,88096dcd5487,88096dcd548721f1ff8b3ef4c9466c0731598f3877d8fd612d3c26d4c312f44f,1,88096dcd5487,da0c8f305267358582d7d2e298e1f23800f71ea310c53bac06fcccefda9629cd,1,701ddca5477951c547a2d2128767fcfa1f23aaaf6a1dc3ed651bc1d9223810b7,7,,10,8,1,1,[],{},8,0.27571741095744073,0.8,6,title_or_index_sheet,single_page,ok,0.69152464,117,7,115,103,85.5,117,27.439,"[15, 28, 1074, 970]","[132, 21, 959, 867]","{""gaussian_sigma"":0.6,""gradient_percentile"":74.0,""maximum_radius_fraction"":0.6,""minimum_radius_fraction"":0.1,""minimum_ray_support"":0.35,""ray_count"":64,""rectangularity_weight"":0.3,""support_weight"":0.45}",,,"{""legacy_parameter_set_id"":""88096dcd5487"",""parameter_grid_ordinal"":7,""parameter_grid_sha256"":""701ddca5477951c547a2d2128767fcfa1f23aaaf6a1dc3ed651bc1d9223810b7"",""parameter_identity_schema_version"":""1"",""parameter_identity_sha256"":""da0c8f305267358582d7d2e298e1f23800f71ea310c53bac06fcccefda9629cd"",""parameter_schema_version"":""1"",""parameter_set_equivalence_family_id"":""88096dcd5487"",""parameter_set_equivalence_family_sha256"":""88096dcd548721f1ff8b3ef4c9466c0731598f3877d8fd612d3c26d4c312f44f"",""parameter_set_equivalence_family_size"":1,""parameter_set_id"":""88096dcd5487"",""parameters"":{""gaussian_sigma"":0.6,""gradient_percentile"":74.0,""maximum_radius_fraction"":0.6,""minimum_radius_fraction"":0.1,""minimum_ray_support"":0.35,""ray_count"":64,""rectangularity_weight"":0.3,""support_weight"":0.45},""profile"":null,""rank"":10,""reference_roles"":[],""requested_search_member"":true,""run_id"":""run-20260902-205651"",""search_observation"":{""completion_index"":8,""elapsed_seconds"":0.27571741095744073,""parameter_set_number"":8,""search_fraction"":0.8},""search_rank"":8,""search_space_member"":true,""summary"":{""elapsed_ms_total"":158.977,""failure_count"":0,""mean_edge_error_px"":60.0,""mean_iou"":0.78608487,""mean_iou_success"":0.78608487,""minimum_iou"":0.69152464,""page_count"":5,""stddev_iou"":0.09313191,""success_count"":5,""wall_ms"":159.288}}","{""approved_bbox"":[15,28,1074,970],""candidate"":{""authors"":null,""bbox"":[132,21,959,867],""confidence"":0.716118129134234,""corners"":[[132.05322265625,207.5390167236328],[764.0384521484375,21.320480346679688],[957.981689453125,679.5216064453125],[325.9964599609375,865.7401123046875]],""detector_name"":"""",""diagnostics"":{""area_fraction"":0.4227092212071011,""evidence"":""center_outward_radial_gradient_search"",""mean_edge_strength"":0.9819113680578915,""parameters"":{""area_weight"":0.35,""gaussian_sigma"":0.6,""gradient_percentile"":74.0,""maximum_area_fraction"":0.98,""maximum_radius_fraction"":0.6,""minimum_area_fraction"":0.18,""minimum_radius_fraction"":0.1,""minimum_ray_support"":0.35,""ray_count"":64,""rectangularity_weight"":0.3,""support_weight"":0.45},""ray_support"":1.0,""rectangularity"":0.6461721893738218,""supported_rays"":64},""foundation"":null,""method"":""radial_edge"",""origin"":"""",""repository"":"""",""score"":0.716118129134234,""status"":""ok"",""version"":""""},""edge_error_maximum_px"":117,""edge_error_mean_px"":85.5,""edge_errors"":{""bottom"":103,""left"":117,""maximum"":117,""mean"":85.5,""right"":115,""top"":7},""elapsed_ms"":27.439,""global_ordinal"":6,""iou"":0.69152464,""label"":""title_or_index_sheet"",""layout_type"":""single_page"",""predicted_bbox"":[132,21,959,867],""status"":""ok""}"
run-20260902-205651,88096dcd5487,88096dcd548721f1ff8b3ef4c9466c0731598f3877d8fd612d3c26d4c312f44f,1,88096dcd5487,da0c8f305267358582d7d2e298e1f23800f71ea310c53bac06fcccefda9629cd,1,701ddca5477951c547a2d2128767fcfa1f23aaaf6a1dc3ed651bc1d9223810b7,7,,10,8,1,1,[],{},8,0.27571741095744073,0.8,9,clean_two_page_spread,two_page_spread,ok,0.76651342,149,10,81,1,60.25,149,31.801,"[84, 51, 1101, 941]","[233, 41, 1020, 942]","{""gaussian_sigma"":0.6,""gradient_percentile"":74.0,""maximum_radius_fraction"":0.6,""minimum_radius_fraction"":0.1,""minimum_ray_support"":0.35,""ray_count"":64,""rectangularity_weight"":0.3,""support_weight"":0.45}",,,"{""legacy_parameter_set_id"":""88096dcd5487"",""parameter_grid_ordinal"":7,""parameter_grid_sha256"":""701ddca5477951c547a2d2128767fcfa1f23aaaf6a1dc3ed651bc1d9223810b7"",""parameter_identity_schema_version"":""1"",""parameter_identity_sha256"":""da0c8f305267358582d7d2e298e1f23800f71ea310c53bac06fcccefda9629cd"",""parameter_schema_version"":""1"",""parameter_set_equivalence_family_id"":""88096dcd5487"",""parameter_set_equivalence_family_sha256"":""88096dcd548721f1ff8b3ef4c9466c0731598f3877d8fd612d3c26d4c312f44f"",""parameter_set_equivalence_family_size"":1,""parameter_set_id"":""88096dcd5487"",""parameters"":{""gaussian_sigma"":0.6,""gradient_percentile"":74.0,""maximum_radius_fraction"":0.6,""minimum_radius_fraction"":0.1,""minimum_ray_support"":0.35,""ray_count"":64,""rectangularity_weight"":0.3,""support_weight"":0.45},""profile"":null,""rank"":10,""reference_roles"":[],""requested_search_member"":true,""run_id"":""run-20260902-205651"",""search_observation"":{""completion_index"":8,""elapsed_seconds"":0.27571741095744073,""parameter_set_number"":8,""search_fraction"":0.8},""search_rank"":8,""search_space_member"":true,""summary"":{""elapsed_ms_total"":158.977,""failure_count"":0,""mean_edge_error_px"":60.0,""mean_iou"":0.78608487,""mean_iou_success"":0.78608487,""minimum_iou"":0.69152464,""page_count"":5,""stddev_iou"":0.09313191,""success_count"":5,""wall_ms"":159.288}}","{""approved_bbox"":[84,51,1101,941],""candidate"":{""authors"":null,""bbox"":[233,41,1020,942],""confidence"":0.8294781142314889,""corners"":[[233.1329345703125,66.76216125488281],[988.631591796875,40.60056686401367],[1018.91943359375,915.2576904296875],[263.4207763671875,941.4193115234375]],""detector_name"":"""",""diagnostics"":{""area_fraction"":0.5214826994285087,""evidence"":""center_outward_radial_gradient_search"",""mean_edge_strength"":1.0,""parameters"":{""area_weight"":0.35,""gaussian_sigma"":0.6,""gradient_percentile"":74.0,""maximum_area_fraction"":0.98,""maximum_radius_fraction"":0.6,""minimum_area_fraction"":0.18,""minimum_radius_fraction"":0.1,""minimum_ray_support"":0.35,""ray_count"":64,""rectangularity_weight"":0.3,""support_weight"":0.45},""ray_support"":1.0,""rectangularity"":0.9330232695155325,""supported_rays"":64},""foundation"":null,""method"":""radial_edge"",""origin"":"""",""repository"":"""",""score"":0.8294781142314889,""status"":""ok"",""version"":""""},""edge_error_maximum_px"":149,""edge_error_mean_px"":60.25,""edge_errors"":{""bottom"":1,""left"":149,""maximum"":149,""mean"":60.25,""right"":81,""top"":10},""elapsed_ms"":31.801,""global_ordinal"":9,""iou"":0.76651342,""label"":""clean_two_page_spread"",""layout_type"":""two_page_spread"",""predicted_bbox"":[233,41,1020,942],""status"":""ok""}"
run-20260902-205651,88096dcd5487,88096dcd548721f1ff8b3ef4c9466c0731598f3877d8fd612d3c26d4c312f44f,1,88096dcd5487,da0c8f305267358582d7d2e298e1f23800f71ea310c53bac06fcccefda9629cd,1,701ddca5477951c547a2d2128767fcfa1f23aaaf6a1dc3ed651bc1d9223810b7,7,,10,8,1,1,[],{},8,0.27571741095744073,0.8,10,clean_two_page_spread_2,two_page_spread,ok,0.84951271,20,33,98,22,43.25,98,20.821,"[88, 33, 1154, 968]","[108, 0, 1252, 990]","{""gaussian_sigma"":0.6,""gradient_percentile"":74.0,""maximum_radius_fraction"":0.6,""minimum_radius_fraction"":0.1,""minimum_ray_support"":0.35,""ray_count"":64,""rectangularity_weight"":0.3,""support_weight"":0.45}",,,"{""legacy_parameter_set_id"":""88096dcd5487"",""parameter_grid_ordinal"":7,""parameter_grid_sha256"":""701ddca5477951c547a2d2128767fcfa1f23aaaf6a1dc3ed651bc1d9223810b7"",""parameter_identity_schema_version"":""1"",""parameter_identity_sha256"":""da0c8f305267358582d7d2e298e1f23800f71ea310c53bac06fcccefda9629cd"",""parameter_schema_version"":""1"",""parameter_set_equivalence_family_id"":""88096dcd5487"",""parameter_set_equivalence_family_sha256"":""88096dcd548721f1ff8b3ef4c9466c0731598f3877d8fd612d3c26d4c312f44f"",""parameter_set_equivalence_family_size"":1,""parameter_set_id"":""88096dcd5487"",""parameters"":{""gaussian_sigma"":0.6,""gradient_percentile"":74.0,""maximum_radius_fraction"":0.6,""minimum_radius_fraction"":0.1,""minimum_ray_support"":0.35,""ray_count"":64,""rectangularity_weight"":0.3,""support_weight"":0.45},""profile"":null,""rank"":10,""reference_roles"":[],""requested_search_member"":true,""run_id"":""run-20260902-205651"",""search_observation"":{""completion_index"":8,""elapsed_seconds"":0.27571741095744073,""parameter_set_number"":8,""search_fraction"":0.8},""search_rank"":8,""search_space_member"":true,""summary"":{""elapsed_ms_total"":158.977,""failure_count"":0,""mean_edge_error_px"":60.0,""mean_iou"":0.78608487,""mean_iou_success"":0.78608487,""minimum_iou"":0.69152464,""page_count"":5,""stddev_iou"":0.09313191,""success_count"":5,""wall_ms"":159.288}}","{""approved_bbox"":[88,33,1154,968],""candidate"":{""authors"":null,""bbox"":[108,-37,1252,1101],""confidence"":0.7211201470066921,""corners"":[[561.9501953125,-37.472442626953125],[1251.4246826171875,431.0130615234375],[797.0030517578125,1099.7896728515625],[107.52851867675781,631.30419921875]],""detector_name"":"""",""diagnostics"":{""area_fraction"":0.5369104193857409,""evidence"":""center_outward_radial_gradient_search"",""mean_edge_strength"":1.0,""parameters"":{""area_weight"":0.35,""gaussian_sigma"":0.6,""gradient_percentile"":74.0,""maximum_area_fraction"":0.98,""maximum_radius_fraction"":0.6,""minimum_area_fraction"":0.18,""minimum_radius_fraction"":0.1,""minimum_ray_support"":0.35,""ray_count"":64,""rectangularity_weight"":0.3,""support_weight"":0.45},""ray_support"":1.0,""rectangularity"":0.5177117164078406,""supported_rays"":64},""foundation"":null,""method"":""radial_edge"",""origin"":"""",""repository"":"""",""score"":0.7211201470066921,""status"":""ok"",""version"":""""},""edge_error_maximum_px"":98,""edge_error_mean_px"":43.25,""edge_errors"":{""bottom"":22,""left"":20,""maximum"":98,""mean"":43.25,""right"":98,""top"":33},""elapsed_ms"":20.821,""global_ordinal"":10,""iou"":0.84951271,""label"":""clean_two_page_spread_2"",""layout_type"":""two_page_spread"",""predicted_bbox"":[108,0,1252,990],""status"":""ok""}"
