global_ordinal,route,pipeline_action,decision_before,input_pixel_sha256,output_pixel_sha256,output_sha256,output_width,output_height
1,preserve,preserve-and-continue,correction-candidate,d864c7f8557bbd506b313cda20d875a4d34cad029fe4a7d361ffdeb543949f2a,d864c7f8557bbd506b313cda20d875a4d34cad029fe4a7d361ffdeb543949f2a,1d3e70267e43463301fd3b98354ae7782a79bc0715fe442d24c06e919f4441ab,2051,730
2,preserve,preserve-and-continue,correction-candidate,0e5e343b59d0545dba9a174e71e74f511d42189d4366be0dffd9dea1fad4c0fe,0e5e343b59d0545dba9a174e71e74f511d42189d4366be0dffd9dea1fad4c0fe,9853430e18be7b2660914f4ffcc2b3decba2119e7249f43bb2b37f27666cc93c,1696,932
3,preserve,preserve-and-continue,correction-candidate,90b3d7b44c50b7bb066139ddb43e09d4211e86d5ddb7a0c4b89920b78405b047,90b3d7b44c50b7bb066139ddb43e09d4211e86d5ddb7a0c4b89920b78405b047,985fb7bf8f819d7dd4b9cdb193884742df7323e7a239aa6e0451ec10686c478b,1058,1338
4,preserve,preserve-and-continue,correction-candidate,bf2de747649c294ec02ebd6b339c4d49f7f12cda0f40943bcccd533a1abeaf80,bf2de747649c294ec02ebd6b339c4d49f7f12cda0f40943bcccd533a1abeaf80,86242c45b4a5e92b19e80db65bd12229acbf370e2a950b968feb1daa3462292f,912,1359
5,preserve,preserve-and-continue,correction-candidate,c2a3b28e250fd34bd60808b5862be63fd162e7ed3c008e11e88ca15720e27108,c2a3b28e250fd34bd60808b5862be63fd162e7ed3c008e11e88ca15720e27108,8ceb2fc7dbe7904d8de2562e6781e3b6b1d7e544037b4810dcc726a166696a68,1609,1272
6,preserve,preserve-and-continue,correction-candidate,bd26c0e1ce8eee6be8d6874d136b492b51129dcb4fe4c6e866b036d30e08867e,bd26c0e1ce8eee6be8d6874d136b492b51129dcb4fe4c6e866b036d30e08867e,744cfdb72bc953e697d44e142bef9275188a99a19803f55869c5cfa69e828fb5,1609,1220
7,preserve,preserve-and-continue,correction-candidate,2d9167a25fd09dd2b966f37484e24204c33cd596797a89272318da8331e1cee6,2d9167a25fd09dd2b966f37484e24204c33cd596797a89272318da8331e1cee6,67b8bc7778d92b5f01c42fcedd9aadabf948e04a4b0eb039361693d11ef0c667,1623,1235
8,preserve,preserve-and-continue,correction-candidate,5f43b4fd556d0538211834607dbd85c16ac59bad7c3896b5f31d01de3d3dd1f4,5f43b4fd556d0538211834607dbd85c16ac59bad7c3896b5f31d01de3d3dd1f4,9c0220643bfe519f3c1e0e8496eac66f9f1e9258e4fea348a587c0aa46a13e10,1661,1260
9,preserve,preserve-and-continue,correction-candidate,5e7cee7f2eb7c4a2ef991060bec2cf258010448262427490bd660543675943c8,5e7cee7f2eb7c4a2ef991060bec2cf258010448262427490bd660543675943c8,1a6b1f148afc91ed392b6d6f329766dc3fefb7ebe66632fef6d71208321c4570,1557,1180
10,preserve,preserve-and-continue,correction-candidate,4741e5f0c4f5fb1a5fef3127a598ecbc67ac5decf8fa62c0c51640e1aec00094,4741e5f0c4f5fb1a5fef3127a598ecbc67ac5decf8fa62c0c51640e1aec00094,42c4b8c9a76ec4cdcb25d1ecde16785a9ed06b50a151694ccb8601678fec71d4,1563,1194
11,preserve,preserve-and-continue,correction-candidate,89d544b6366cf15ebfbfa62ccf87675d4053fcb7b9e3e48d2eb7e804b93cdb45,89d544b6366cf15ebfbfa62ccf87675d4053fcb7b9e3e48d2eb7e804b93cdb45,3aef0fc80f7fc363b1b4df2b3dec7896c914f30b156a1f9c28b307371a2c457d,1533,1176
12,preserve,preserve-and-continue,correction-candidate,e8fd746d85f9f802cda7a88e42556716f6b155ad01b9d93cd93c2634fc8dd319,e8fd746d85f9f802cda7a88e42556716f6b155ad01b9d93cd93c2634fc8dd319,56903a22b2d1952221d9a4d8f4084238aa202150301d169c264ce9b670bf0ce0,1657,1311
13,preserve,preserve-and-continue,correction-candidate,c5700e89d7acb21eed1aa978fa04139b50df8505e5be61ee89e9cd9bd8f2e0df,c5700e89d7acb21eed1aa978fa04139b50df8505e5be61ee89e9cd9bd8f2e0df,934e40c0fae08d52c6129096d1490916f5405c8bc8a3c01bf6f822501b5733bf,1627,1244
14,preserve,preserve-and-continue,correction-candidate,c73ededeb1f24fe72544f21720445d4f420de7c2e521c8ea75a163a8e8424e26,c73ededeb1f24fe72544f21720445d4f420de7c2e521c8ea75a163a8e8424e26,1e918ded392fa243fc108eee5c950c222d38bde43d3c485f396d54d78611c51f,1624,1232
15,preserve,preserve-and-continue,correction-candidate,1606f0849b455f9f55027de02479376a60694a9fb862d180b68edef0c9f7d8b1,1606f0849b455f9f55027de02479376a60694a9fb862d180b68edef0c9f7d8b1,9c79ae73b7858a701f8bd17532a9bcb3f9c860349ed9e345499b9bae4bead0ef,1635,1238
16,preserve,preserve-and-continue,correction-candidate,6e229151c011ed91f8605f698f2df4af7947bcbd7f3ffe7cf0c71cef9b4a1120,6e229151c011ed91f8605f698f2df4af7947bcbd7f3ffe7cf0c71cef9b4a1120,0b3d391666e284cc898eba8f33f80d0bde5d09aea5ef67ee8ee6811f4b4630c7,1624,1248
17,preserve,preserve-and-continue,correction-candidate,6cdc606f67bc1dcfae552949eecd2043b74f682018dd7a7d13abeb0d22729972,6cdc606f67bc1dcfae552949eecd2043b74f682018dd7a7d13abeb0d22729972,51e876426f0e0da3f65d06ab8bab92a8da6e7659f85a673c967b3a37e71bad17,1730,1325
18,preserve,preserve-and-continue,correction-candidate,8ecc52c683a118a8ed618c91cfebd2a95a4178d99acd06f5ed13867386a8ced8,8ecc52c683a118a8ed618c91cfebd2a95a4178d99acd06f5ed13867386a8ced8,602972ceef7bc0de1b398235a78c0327ed4d55036241b7a0d9755803bccd3db3,1620,1243
19,preserve,preserve-and-continue,correction-candidate,e0b0c6576e015f7d48a3395170084543d593f8e7ba8f691ffcf44092fec36354,e0b0c6576e015f7d48a3395170084543d593f8e7ba8f691ffcf44092fec36354,aa3e323b923dcd9f6c87f6c9086b99f8ef2af6c568e7b412bafd17c50e2e87ba,1638,1299
20,preserve,preserve-and-continue,correction-candidate,f524ed61a7fb1ab2bb0ec66c591c21ed97c2238ed9e4c491d995c54bd4ff196a,f524ed61a7fb1ab2bb0ec66c591c21ed97c2238ed9e4c491d995c54bd4ff196a,c352ca78b43ac6ed3c72d4d79e92a0ef16a8a84cf9307060f659c2807807f884,1648,1310
21,preserve,preserve-and-continue,correction-candidate,3151bcbb2346a8aa1d738a4c10ab9096ac2044522dcba95b7d09ebd4349529bc,3151bcbb2346a8aa1d738a4c10ab9096ac2044522dcba95b7d09ebd4349529bc,7dd8c9496ba2ac614eba616f0148292680904abf3c1ed66b679eebde538b6895,1690,1300
22,preserve,preserve-and-continue,correction-candidate,be0a323a24cb6e284f4417fa14a623485fa5b777477d5ffab56d13665fd6e2ac,be0a323a24cb6e284f4417fa14a623485fa5b777477d5ffab56d13665fd6e2ac,6996f50dec2bae8701341fe8b1998a2b3b4020f14b3d415672a7cdcf72a2c67a,1611,1238
23,preserve,preserve-and-continue,correction-candidate,b61f58b88d440a997fd833f1a210354bfb431ebbfd6c20a4846b5932718ec2fe,b61f58b88d440a997fd833f1a210354bfb431ebbfd6c20a4846b5932718ec2fe,7d4ee39e8f74a6347279b01a5b7c09176088d5ef70d47dda983eb044e7b0fd6e,1662,1273
24,preserve,preserve-and-continue,correction-candidate,a98f4ddbba47a0951c06124af77027c76869d5b1a9acde806a7beb477043ba85,a98f4ddbba47a0951c06124af77027c76869d5b1a9acde806a7beb477043ba85,4a37fe992b3028fbcd5a14c4fe0419b679cff1b04e69ef7a3d2fc0d9a4c337c4,1635,1257
25,preserve,preserve-and-continue,correction-candidate,8bd2310823135a2e143507adb3aad415e9d8b75adbe062933bc104a8d945f713,8bd2310823135a2e143507adb3aad415e9d8b75adbe062933bc104a8d945f713,2bab3615db35172ea32eda06b938c44ef96ac5589d8a101455da666274316d1c,1578,1210
26,preserve,preserve-and-continue,correction-candidate,dd857e59d77011239632f9786273bf284693102d6c2f48b0568e764f3b652fa0,dd857e59d77011239632f9786273bf284693102d6c2f48b0568e764f3b652fa0,13e9c5e78b4c86574b4c402812ccb1c7fd64926f17590b3312c35b873f1780c3,1601,1229
27,preserve,preserve-and-continue,correction-candidate,60b255f804af3246c9325cfb2521cc3414a60760f978054ceb9ff29a861b9a14,60b255f804af3246c9325cfb2521cc3414a60760f978054ceb9ff29a861b9a14,445b3b5ebc978e44c87e844f29b47ebc1c1d13b199993c35391dccb10d409d12,1643,1259
28,preserve,preserve-and-continue,correction-candidate,b4d57a636b4c719156a2558972c668020b538b10cf052c64197e13363fafe9ce,b4d57a636b4c719156a2558972c668020b538b10cf052c64197e13363fafe9ce,72626244874bcffc4a633eb1c54acfbdfa169b804b8a1e8022055aa0e8cb5d65,1634,1259
29,preserve,preserve-and-continue,correction-candidate,eaad8c14fb8c8a17f8c3246823d7e6c95f2970118b69756a7620f5817d487f97,eaad8c14fb8c8a17f8c3246823d7e6c95f2970118b69756a7620f5817d487f97,574a1cec1027d5d323d4b4677b02b3cc5c532a28c4586e74643c9db609fdd011,1714,1339
30,preserve,preserve-and-continue,correction-candidate,c9889617c1b2e9b3b3f522ef57046ca3cc4c8c606fec2ef5de738b3e48ed6289,c9889617c1b2e9b3b3f522ef57046ca3cc4c8c606fec2ef5de738b3e48ed6289,dcb3386ee2e23b096fc70c6c2a28d2b33a8c8e33de58780d9c6d1bdd2e1aff4e,1607,1241
31,preserve,preserve-and-continue,correction-candidate,e0e8faf6113a1d7db6e1d5af051f39a6680475de76d94433ce613677f80c98dc,e0e8faf6113a1d7db6e1d5af051f39a6680475de76d94433ce613677f80c98dc,7b1230fd190e54e43c970298f3619cbcbdea41124e28207200128f10a52137f8,1646,1279
32,preserve,preserve-and-continue,correction-candidate,d03318b787a2a7d66cbb02ebe9944cc8ff39efa0cb4d596ed8d8c05ace523e2a,d03318b787a2a7d66cbb02ebe9944cc8ff39efa0cb4d596ed8d8c05ace523e2a,b54dbb26eb3be1913aa3cabc56854136cf385da02c3fb24e9e2cc947eb7a61eb,1692,1318
33,preserve,preserve-and-continue,correction-candidate,4b71c375867c6b58a4f769cde9469fd5ad1e45b54cabbce098bec9512db3b05f,4b71c375867c6b58a4f769cde9469fd5ad1e45b54cabbce098bec9512db3b05f,bf6709429fdf2e330b61872d4f25f7c178cb8a7c2c3a8dbc8804aa99a769fb2b,1624,1243
34,preserve,preserve-and-continue,correction-candidate,bc864e0652c80f0bc50880903effe55dca1b549ac7f31f02177849fec140496a,bc864e0652c80f0bc50880903effe55dca1b549ac7f31f02177849fec140496a,a2b12844a7dc5a955bd63411d081c9bf6fc6cac7393bc7ebef3d31e00db7b93d,1623,1276
35,preserve,preserve-and-continue,correction-candidate,26bec878e24bca50ef25d3e334318e000d59357f703aecf56a4f3eb0b3e37181,26bec878e24bca50ef25d3e334318e000d59357f703aecf56a4f3eb0b3e37181,ed1adb3007ea7e2a1de3451f895b2c322b52841a137a7c8f169b6ca67acb7869,1602,1232
36,preserve,preserve-and-continue,correction-candidate,e1da145178e11f082e4ace8aea3088b01af38317f68205619e7ef9a140e50a56,e1da145178e11f082e4ace8aea3088b01af38317f68205619e7ef9a140e50a56,c040b975169fd197857ef500824fa89c8de96e08408c476d47b693751bbb11a3,1653,1269
37,preserve,preserve-and-continue,correction-candidate,ca31cd0403f2162d17b552a70f52ac4cc0cd9e0f1a0931da0f745c33345d0cca,ca31cd0403f2162d17b552a70f52ac4cc0cd9e0f1a0931da0f745c33345d0cca,d5f716d9f238af57fc4b3401604b91e3553f17ff6f7dab40680e7fbaf94f43b3,1711,1317
38,preserve,preserve-and-continue,correction-candidate,65be705dfc6e503dd68047d1a206c63ed33b00e637efcebfca1acfb86034b5de,65be705dfc6e503dd68047d1a206c63ed33b00e637efcebfca1acfb86034b5de,fe575683721df8faf0e42cd6431eec54b7cd92bd6cdec25a2856df188b10bcd4,1650,1273
39,preserve,preserve-and-continue,correction-candidate,e6b924c154562869d3b87d8cce12ccec4fabedaf9e7c8911517d5dd8a3bcf3db,e6b924c154562869d3b87d8cce12ccec4fabedaf9e7c8911517d5dd8a3bcf3db,e93e10da568eb68896eee03ee8b8aaba3f569ae8e3c018c52f1ab2cf96961241,1684,1282
40,preserve,preserve-and-continue,correction-candidate,12e94919d85d25a0dc6a7f64105c5db3c355d6883e62852c53a7b2dcd2a845f3,12e94919d85d25a0dc6a7f64105c5db3c355d6883e62852c53a7b2dcd2a845f3,76577ec80136844180c4b5e4dfed3d150a85e7c00772a73ed67f3259c1a7dacf,1661,1284
41,preserve,preserve-and-continue,correction-candidate,c264a5c4fea1fd278294282d3e487c05708a6170592152933c7c9d44daa7d777,c264a5c4fea1fd278294282d3e487c05708a6170592152933c7c9d44daa7d777,c3954be4bf759e59bd34d2d0f258d977bd41dfab7e5368736c2ea53660a974fb,1626,1255
42,preserve,preserve-and-continue,correction-candidate,5d8b75440ee4d045b379912d59e7d3c49df8a67fc591250082cb7cd550923ecc,5d8b75440ee4d045b379912d59e7d3c49df8a67fc591250082cb7cd550923ecc,ba847096015a56f17d79348c70fabeacd47113ccc2bfe550ac2bc9170560a510,1709,1337
43,preserve,preserve-and-continue,correction-candidate,455066b6d6f8f53a8d166395b4f2e7da18385555a268acf965be606c2b8e7d5f,455066b6d6f8f53a8d166395b4f2e7da18385555a268acf965be606c2b8e7d5f,fde6552659a1f7c36d64ea2bfd249b62376e0f1c2ff483151007b74956d7dbdf,1710,1314
44,preserve,preserve-and-continue,correction-candidate,abf527ad403f41c4d48a0045961a192f29c4f964decf4939cb01d32276ad025c,abf527ad403f41c4d48a0045961a192f29c4f964decf4939cb01d32276ad025c,8871c25b4bff77c53c8f1de4deadba2849c8fe6b5004aa1dfadd0e74f164c99e,1624,1255
45,preserve,preserve-and-continue,correction-candidate,a747b995b0588dae9b571d68299561af525df0e802f2fd1466f1a3feac68703a,a747b995b0588dae9b571d68299561af525df0e802f2fd1466f1a3feac68703a,9a852873eeb4262cf31689f0d0f5999237ce441315a4c9c7469eb8f980aef6c8,1686,1305
46,preserve,preserve-and-continue,correction-candidate,6b23216c6b773c6a338295da57de40a1513c94838d42381fc799e50225fc4b4a,6b23216c6b773c6a338295da57de40a1513c94838d42381fc799e50225fc4b4a,41aaca174e5b6bc02e2eaa3b1ac8191c32f1de0e73e7dbbdec1c91aef14546a2,1607,1236
47,preserve,preserve-and-continue,correction-candidate,c309a4c27255e7b642e3894754f361d980d18e1ff7b9051de946a66280ac7c40,c309a4c27255e7b642e3894754f361d980d18e1ff7b9051de946a66280ac7c40,1802fd9e1f7fd5710f22f626c1e4cd2a1672dbdf5ec355d8c7c106517a4c2537,1656,1276
48,preserve,preserve-and-continue,correction-candidate,9605c607328271bf740f42b6a2d7d62f2c9d8b5a4b81bda42e33a0873419cc9c,9605c607328271bf740f42b6a2d7d62f2c9d8b5a4b81bda42e33a0873419cc9c,cd5222c79eb2666b092619b562941e1c371e97738e9bb7f6ff3cec59501f8171,1660,1283
49,preserve,preserve-and-continue,correction-candidate,a82e1a4cc726e3d0b5c328d0c2c078e577b012e726f70b9f95b8d2963c562245,a82e1a4cc726e3d0b5c328d0c2c078e577b012e726f70b9f95b8d2963c562245,771fc5b0ade031f2dfdb61e887af4ff6368114f409d7b31451c749cda628c6fc,1661,1271
50,preserve,preserve-and-continue,correction-candidate,6adb582161a174ebd1351182800c85da06396f0a34b2e164bcb9cce5a37b99dc,6adb582161a174ebd1351182800c85da06396f0a34b2e164bcb9cce5a37b99dc,cde5083bdec3570d95a3018502c32043efec83d88d052e03aadaf818bef94855,1628,1247
51,preserve,preserve-and-continue,correction-candidate,c288b3f74fca872072686678ac5a609403257a30d04e6f95225883b98dbda2de,c288b3f74fca872072686678ac5a609403257a30d04e6f95225883b98dbda2de,fd0418cb0ccb7b4f5ebbc57af92fe841791478ed843d695a711e3f52676db21e,1652,1275
52,preserve,preserve-and-continue,correction-candidate,93bc8c342ffa027e6cff14592b95e985df5917309eae7eef2398341d0c86eb76,93bc8c342ffa027e6cff14592b95e985df5917309eae7eef2398341d0c86eb76,d2e88df251246230bce79140d16366a42b113e665838a7eda19f6662aa7b3a60,1616,1243
53,preserve,preserve-and-continue,correction-candidate,db4f9004eef94ee42b3fd8f5abdc4fb2f828105285bcd797d2c70fdbdeca9060,db4f9004eef94ee42b3fd8f5abdc4fb2f828105285bcd797d2c70fdbdeca9060,040403130c7663e59bc66b4282cc4deebbe4f72d541ee85221fb237388baa802,1583,1219
54,preserve,preserve-and-continue,correction-candidate,167c3e15a67262cce804f8c47a3a5dd33d968f6a0f6507aea5c4536ad8b46f42,167c3e15a67262cce804f8c47a3a5dd33d968f6a0f6507aea5c4536ad8b46f42,4f02536a1c2f6219fa8ffa891cc43805818f7d18cbbb2c828426d78d69ffc7ec,1649,1258
55,preserve,preserve-and-continue,correction-candidate,82f60b71fafe7ac41cf837aad5ca4cd1584a32204eb22824c6447c0ffb463fe2,82f60b71fafe7ac41cf837aad5ca4cd1584a32204eb22824c6447c0ffb463fe2,87d014de7751d6e029c57163c7f437187159d0204e72d314df88848afaf13306,1642,1254
56,preserve,preserve-and-continue,correction-candidate,d0b94e0375c45760f2b937937a4c4e465429712d9de50504fc8a7c12802c4f92,d0b94e0375c45760f2b937937a4c4e465429712d9de50504fc8a7c12802c4f92,949cda9646818939ec67f5633d16fa737ce7f2ca2e85ddfe2ba36b07c49f83dd,1715,1312
57,preserve,preserve-and-continue,correction-candidate,2ff5cc8b91b54242819ff330de876d5f06c857dd977152666ab3c8b93392dd12,2ff5cc8b91b54242819ff330de876d5f06c857dd977152666ab3c8b93392dd12,27841860e75bcaf3de6f5b8df6a29ac9e93fa86c37da65533275267020c146be,1680,1292
58,preserve,preserve-and-continue,correction-candidate,6e3733ceb06f906332314d86d869e0626b3bacdf82b5c937b967e60f03d72c49,6e3733ceb06f906332314d86d869e0626b3bacdf82b5c937b967e60f03d72c49,603832dd7acf0f2424b76b581d63fa8b0f17870f309e8a941996b43e7d134399,1639,1265
59,preserve,preserve-and-continue,correction-candidate,3e16257f0b72b20790b47dc553d7896d9233ad20b23e935ff3e0777427b96877,3e16257f0b72b20790b47dc553d7896d9233ad20b23e935ff3e0777427b96877,b2f5d2f8da8d81d255c5b5cbf11f183e8006899f67b1753ebe262aae0ec7dcde,1700,1317
60,preserve,preserve-and-continue,correction-candidate,06741173ea962e79d516781294bfe944f67dfe26cc8608311b35c06ab08d6ae8,06741173ea962e79d516781294bfe944f67dfe26cc8608311b35c06ab08d6ae8,1e8884895109dd49962ebcd560df0964f014e3e475b610c81b43683659197d39,1657,1265
61,preserve,preserve-and-continue,correction-candidate,1baf8ba3462be2c51de5bf90d71cc26ef13010b5a3fc4e02e24fd792f302bef8,1baf8ba3462be2c51de5bf90d71cc26ef13010b5a3fc4e02e24fd792f302bef8,1e67537272c879477746dfa19b97d4c462c1a18dddc49372e89fb4849d180042,1674,1292
62,preserve,preserve-and-continue,correction-candidate,c5cad1e0c503b478d159d3b63c7de8a90a10d5f0dfa2566362cdbe7e145cd144,c5cad1e0c503b478d159d3b63c7de8a90a10d5f0dfa2566362cdbe7e145cd144,5653f54f024d89402274300351af77b0e0b96ee03f92173a173aaf1bc99081dd,1694,1312
63,preserve,preserve-and-continue,correction-candidate,e9c2606cba19d7bb31895cd4a9ee497f10ce0443957c1fe1ee2d628f99ee094d,e9c2606cba19d7bb31895cd4a9ee497f10ce0443957c1fe1ee2d628f99ee094d,c629670e23b2e06198a47d6f49233e681dbeb97f8387e72893bf4f5a83e8110b,1629,1248
64,preserve,preserve-and-continue,correction-candidate,b4bde7b7d47a4f5d3b59ffb59ebe7ad23530945308a038fbd8d2b2bc4486b457,b4bde7b7d47a4f5d3b59ffb59ebe7ad23530945308a038fbd8d2b2bc4486b457,5ebf698bae7ed2c249f1619f490fc0aafb2ddcf097d30003c3b9b94ac2522df0,1540,1227
65,preserve,preserve-and-continue,correction-candidate,38339a3e7b81cacd085caf31da25f0c23bcb6fd8403487b8820fdea0402ac336,38339a3e7b81cacd085caf31da25f0c23bcb6fd8403487b8820fdea0402ac336,fe4b9d482f057fc6205040967353fdf2bed4ae0a2d600f52cb4ca6909a158e8b,1663,1270
66,preserve,preserve-and-continue,correction-candidate,0b6832ccfa5c5d990c7f8f23d0d36e6fcb24ce90e4e895fe36f41f7b798043c2,0b6832ccfa5c5d990c7f8f23d0d36e6fcb24ce90e4e895fe36f41f7b798043c2,4273920d731bd6b5c38858316e8cc3e0d779faf18c58ec3856248485d08b557e,1668,1286
67,preserve,preserve-and-continue,correction-candidate,ccaa65cac720a329a455e4d293c06331bc5fa76a1b37334cab78f4c77d860949,ccaa65cac720a329a455e4d293c06331bc5fa76a1b37334cab78f4c77d860949,851b0e91725574ff55fd115b4f6476af243ab14c4814c9ab75b64e6917ad2e40,1591,1233
68,preserve,preserve-and-continue,correction-candidate,14a03d15a8f1c3b044d4aae25eef1a86b17bd1e479b8e85ec3ecf6ba7705863e,14a03d15a8f1c3b044d4aae25eef1a86b17bd1e479b8e85ec3ecf6ba7705863e,cf1b4d30bd4f8360bfaeb2da633cc571cc3fc043d26ab1c614b24e7e216adc52,1577,1220
69,preserve,preserve-and-continue,correction-candidate,f2bec06e30be0d2ecff23b27a6ff76582d2e309dad2d70c8fe23a0c80babefdc,f2bec06e30be0d2ecff23b27a6ff76582d2e309dad2d70c8fe23a0c80babefdc,277cded1f98802a0e06fe4f3fbcbfab2659b3d4fc5db808eb0dd8a83bac8c914,1601,1228
70,preserve,preserve-and-continue,correction-candidate,408b21c90463fbcbec982ae96350110168ec88375b26eaa42ec8a5234dbddc23,408b21c90463fbcbec982ae96350110168ec88375b26eaa42ec8a5234dbddc23,eebbdcb38fcb22fd936fc2f386647a8ba72cd0f814746a90200f4447cd5623bf,1583,1207
71,preserve,preserve-and-continue,correction-candidate,58f49c1f6e6d3c04785204fe37b855d7127a520c818d888cf99d515cd697b9d0,58f49c1f6e6d3c04785204fe37b855d7127a520c818d888cf99d515cd697b9d0,fb38c04b7072576d8eb7f3dc42ebca5eb8893a1484a84f01ee6d65eaf2d2ad8c,1567,1205
72,preserve,preserve-and-continue,correction-candidate,f4e122388b049beada1e01d2c581b97666fc18123cb4833a62bcde283359ad69,f4e122388b049beada1e01d2c581b97666fc18123cb4833a62bcde283359ad69,c5c60f7c989d31271536351ed1e5610cb84a9a9b268cc448f9e9ac11a3d21110,1566,1205
73,preserve,preserve-and-continue,correction-candidate,b83822c04dc1baeedcb872a3d1c4179f2f5431a070cbbf0cac300101fd5304c0,b83822c04dc1baeedcb872a3d1c4179f2f5431a070cbbf0cac300101fd5304c0,dd7743f45cf9702d41d27c278e37a2918214f207ce26944f8b19f2dd6622dcd2,1585,1222
74,preserve,preserve-and-continue,correction-candidate,e828f8d69daaf1e67fdd26fb651c3db43b594fffe956748daf78ac585302da73,e828f8d69daaf1e67fdd26fb651c3db43b594fffe956748daf78ac585302da73,67b97eeec375498741bfb501dfc64cb440c32ff1fc19d32244af8924fef3ce2e,1646,1275
75,preserve,preserve-and-continue,correction-candidate,cf263adba4a265f2eccea192f5df67c1db42292ee6324db64ab7c37bc22b85a1,cf263adba4a265f2eccea192f5df67c1db42292ee6324db64ab7c37bc22b85a1,fd9f22b3a1e58245e801621c7da4c2a64fcc300dadbb19f5911692f0635ceb55,1633,1256
76,preserve,preserve-and-continue,correction-candidate,65c93a891e28e7d824e99165e81f47844f1b3920d0d3eab6f2d89169015b5858,65c93a891e28e7d824e99165e81f47844f1b3920d0d3eab6f2d89169015b5858,e1604ed55ea1f440042ed692febdb25580914f665505081eb80f9955470e65b0,1699,1304
77,preserve,preserve-and-continue,correction-candidate,3712895f68444311c6efa310682fbe1bd8effe75ab0bdf02c61b5e7a47da1408,3712895f68444311c6efa310682fbe1bd8effe75ab0bdf02c61b5e7a47da1408,8e1b0a7ac78bad9a4b82971efd5b368dfd8f9cb11df71b48115106e5b1e28f08,1553,1211
78,preserve,preserve-and-continue,correction-candidate,af437ffce54f1af4fa1f381a7655fd9fbb7bdc9e7a1aee178902f04b4116104d,af437ffce54f1af4fa1f381a7655fd9fbb7bdc9e7a1aee178902f04b4116104d,6831ff007e013654e8b9f96ec762f3f2c23281e596b7009d0e621b842fe79404,1695,1343
79,preserve,preserve-and-continue,correction-candidate,b4b88bdd71f391c0d2a01a538e0b5f9bb1550685478405fb129f1e834c65e5f0,b4b88bdd71f391c0d2a01a538e0b5f9bb1550685478405fb129f1e834c65e5f0,f3fceb25e56baba6bba9266a5ffb163515022a7e862c9d50bd97eb8d78b21752,1720,1325
80,preserve,preserve-and-continue,correction-candidate,121c477fdccafa312813767a791c9e549c112cde1d2c83f98c9c78f191dd45e9,121c477fdccafa312813767a791c9e549c112cde1d2c83f98c9c78f191dd45e9,725efc38e40c21a49759dabdf42a650fef278fb6d159199dbdadefee220007b3,1548,1189
81,preserve,preserve-and-continue,correction-candidate,08f5ead95733a1280b7a542ff2c209c27f504a3a9e7284125fba069ef88c555c,08f5ead95733a1280b7a542ff2c209c27f504a3a9e7284125fba069ef88c555c,5cfb04529f1f3faef515fff20abc2825c09aa1a878c59d5d4cde4fc87c4c1818,1655,1272
82,preserve,preserve-and-continue,correction-candidate,4591b025f9f4e8ba68b58373bc3af270f176ef855402e923c5ec937d8760bd05,4591b025f9f4e8ba68b58373bc3af270f176ef855402e923c5ec937d8760bd05,399b678cc595ae00f9168a61f6d70c4a3ec82ef6919c545a1dfd35d8aea89635,1606,1234
83,preserve,preserve-and-continue,correction-candidate,c9a78e48f823b0b8d729174c8eb2dc2ac511ed471c04caddab0c17e5a2c5ded7,c9a78e48f823b0b8d729174c8eb2dc2ac511ed471c04caddab0c17e5a2c5ded7,95a616d44b6139b6f7fa013ad948133032593c45fb49fc955fe57c8688a274d0,1645,1270
84,preserve,preserve-and-continue,correction-candidate,36a1f9ecdecaf4f0dfb7338bf743953cc9266bc7563850b38349e06fc6203db4,36a1f9ecdecaf4f0dfb7338bf743953cc9266bc7563850b38349e06fc6203db4,54942165c6adec44c565aa6198e6e42e82fa3b4bd8814011aa9f9c83d1f00ea6,1682,1313
85,preserve,preserve-and-continue,correction-candidate,f1b9b96f927da73c8d69bbd715ea46a35a73ccbf8ff3af8bbe848ed4ee2635c7,f1b9b96f927da73c8d69bbd715ea46a35a73ccbf8ff3af8bbe848ed4ee2635c7,cc9afdc55908622f5011db86c70b3da7d7a12823c9799466ac9964ba814100f4,1636,1270
86,preserve,preserve-and-continue,correction-candidate,9a44fc6a9bbaf57c50d641a7c14f8c5d3e55bbbc49b3ab43ba853f76f8f7b6ae,9a44fc6a9bbaf57c50d641a7c14f8c5d3e55bbbc49b3ab43ba853f76f8f7b6ae,61eaa45c0bb3535ff861d053da0c32bf3af295529187906c99a8c7c5ef02117b,1592,1230
87,preserve,preserve-and-continue,correction-candidate,bddef1cf345c75acc6f112dcf291e1232f1e1e4870e522a543675170122b54b0,bddef1cf345c75acc6f112dcf291e1232f1e1e4870e522a543675170122b54b0,9dc6e216edcb1f0948a7281585f37cda1c4d115a9717c6a3ceae34e5256b5369,1701,1322
88,preserve,preserve-and-continue,correction-candidate,5ed94d99765d4929205cae9743061a8cecd600c0a91db7be60baf9e9dff4d00b,5ed94d99765d4929205cae9743061a8cecd600c0a91db7be60baf9e9dff4d00b,1e8c8ac18d05eab7bb1a1f6ff02751bed957744270605ca1f9763aeb41850868,1610,1251
89,preserve,preserve-and-continue,correction-candidate,daaacf121ea3648e6da322847c7533dd774276de793707dff2b98d1aa26b7e5d,daaacf121ea3648e6da322847c7533dd774276de793707dff2b98d1aa26b7e5d,dc09ac6a9d4112344bad8b5ed4b3321febe46ae139aeafeb09cee7c9b97a7e10,1610,1271
90,preserve,preserve-and-continue,correction-candidate,d52e858598e03f285d1295ce74e53ad50ed02806be7c547b4ce0409555525b7c,d52e858598e03f285d1295ce74e53ad50ed02806be7c547b4ce0409555525b7c,cdaf52bb2a73367e9108c34a735ded80284af89fd334a05e29b4d1b02d4d99d8,1676,1300
91,preserve,preserve-and-continue,correction-candidate,b3a47aeb0003c461a761b19f2a26c3efb414ffbac2f231c5694f0d87fc78deaa,b3a47aeb0003c461a761b19f2a26c3efb414ffbac2f231c5694f0d87fc78deaa,835851e53d5362af7d76428fa1a5325fb01cdb30ca96d87aae0deae1805cf619,1617,1250
92,preserve,preserve-and-continue,correction-candidate,3aa663807d4c7d19d898723a6a739336348e65e8121cb0680cb365ea21ed102c,3aa663807d4c7d19d898723a6a739336348e65e8121cb0680cb365ea21ed102c,30a34aff607ae10bb9569747b3e2da7f669de7919b19ecb476042c7ed5b6d84a,1629,1263
93,preserve,preserve-and-continue,correction-candidate,3d1e5db43ce7e1d9b7a5d5bf5ad2373d0bf2b34e5fbd337731af33a5d1b2ed7c,3d1e5db43ce7e1d9b7a5d5bf5ad2373d0bf2b34e5fbd337731af33a5d1b2ed7c,e94878ffe68af5013504bef74749fa23ef8b0b5bc4a286306b4657958d47ebe8,1606,1235
94,preserve,preserve-and-continue,correction-candidate,ed8fc4e07d02129039a5f7d9035fa723b704e3b5d7c3c872b42a9fdf56bbf155,ed8fc4e07d02129039a5f7d9035fa723b704e3b5d7c3c872b42a9fdf56bbf155,2beccebcc826e623cdcd1c7f72aae8cd304003607fde59b2fbd5f4dc5a2b585c,1659,1272
95,preserve,preserve-and-continue,correction-candidate,ce317e4de89a24f78cf625ee7bb2195ced8199566f50e18e555d07fadb1d808d,ce317e4de89a24f78cf625ee7bb2195ced8199566f50e18e555d07fadb1d808d,08eba87742298572977f0eec8ffeac1864dc51ed81e41f602e48645531c6fc81,1466,1313
96,preserve,preserve-and-continue,correction-candidate,a587e28c66896a24e4c9b657d9955f54895db0992ade883fa4c187f41c16962c,a587e28c66896a24e4c9b657d9955f54895db0992ade883fa4c187f41c16962c,2db95892f4eb242c0ce3c69316022872d7e709198938cca760230d4b18ae47c4,1471,1309
97,preserve,preserve-and-continue,correction-candidate,2a55578f7ce6ee239ffcbecd02768246155c44d71a2aae8838cd0a4b8045bd84,2a55578f7ce6ee239ffcbecd02768246155c44d71a2aae8838cd0a4b8045bd84,5a17d2c556f9c7f8eab52a14639377cb83565e6fb7b85e76688124e5a718c4a6,1228,1256
98,preserve,preserve-and-continue,correction-candidate,2570d7c5f961687331b90fe7a5a7b0fb1d89b39e79a8263fdaa0b01edfea26ca,2570d7c5f961687331b90fe7a5a7b0fb1d89b39e79a8263fdaa0b01edfea26ca,3e84abca94e52de47cc2d70c18f8e8ef51513af6b2201831e4250179cd55232e,1460,1254
99,preserve,preserve-and-continue,correction-candidate,f99ed1af9cfe57f5a4c1d5c06d7dc853dbac0a461553400ca144ab2436319a2a,f99ed1af9cfe57f5a4c1d5c06d7dc853dbac0a461553400ca144ab2436319a2a,fd5d677c96e5e4d8938cf34a594dba48aa650fd283d916586b828887769b3291,1407,1221
100,preserve,preserve-and-continue,correction-candidate,650bdfaf9bde98b9273590fa41ed1fcabd746c38f84518f07798a19340941e14,650bdfaf9bde98b9273590fa41ed1fcabd746c38f84518f07798a19340941e14,52966b92dc988ace1bb82f0516fa3e3de2192ab0d46ef49e0131cdc5bbd730ab,1477,1285
101,preserve,preserve-and-continue,correction-candidate,d3cf30f97eccf3c44466094dfeb5ff54486ef49b30878621993fdd3d67b75874,d3cf30f97eccf3c44466094dfeb5ff54486ef49b30878621993fdd3d67b75874,5ebc4b213118a56f3dfacaed786c2b882ba56d13e6eedb63dcbfe2e0a848d79e,1433,1244
102,preserve,preserve-and-continue,correction-candidate,0e27252ca7d7ff2ad221b3a1215afa3d6585f9628901eac49a575c94c73fbc65,0e27252ca7d7ff2ad221b3a1215afa3d6585f9628901eac49a575c94c73fbc65,0d5891e9e8e08d7b54a685a97525fb4f1c0d2b939d3e4fffc7817c208e6f1d43,1432,1240
103,preserve,preserve-and-continue,correction-candidate,105e366c979ff47f185dfdb67a284330065c9a52a6d48c47e205120fa4de59d4,105e366c979ff47f185dfdb67a284330065c9a52a6d48c47e205120fa4de59d4,411d46448a3bc13a7a78f3d026816c40aa843b266ce6bc6cd6b73665b27798d2,1453,1271
104,preserve,preserve-and-continue,correction-candidate,9b444119061bb193f2bf79fbd98f43b09d228d5744db7aef50201ff3843bf083,9b444119061bb193f2bf79fbd98f43b09d228d5744db7aef50201ff3843bf083,c7294930485f3003c91992d3fc5307bee49a6b04b6bcdc6dc865ed0d3ae718e6,1489,1298
105,preserve,preserve-and-continue,correction-candidate,716eb7add75d2404641471f5564cf0ab7387ff919e08dee3981566d34e45797c,716eb7add75d2404641471f5564cf0ab7387ff919e08dee3981566d34e45797c,a9f76959b6454ffd18c30cc4d0b3d69876d38134400631f91bc279b7c4d9311d,1481,1283
106,preserve,preserve-and-continue,correction-candidate,8d96375cceea25897c74f83fc84ab0e632c29997f873d208a609546026bfa29d,8d96375cceea25897c74f83fc84ab0e632c29997f873d208a609546026bfa29d,90b0f35c3e3070d2f9c426e19bf1ccbf31b11a8f8af72c81c623cf2c84a6318e,1463,1261
107,preserve,preserve-and-continue,correction-candidate,8c053361629cf05ce0e1d7e88ccb8a667a5d133bb41b0b8a0d2258aa8c7b5714,8c053361629cf05ce0e1d7e88ccb8a667a5d133bb41b0b8a0d2258aa8c7b5714,7dfa8ab1e2716bce7888b63d543e1e078009f3576f0d784898b5c0fc4ab8e618,1414,1226
108,preserve,preserve-and-continue,correction-candidate,ce0f2b3bf122a1e34dd4f929f74ad9061926e38b24ac375438109222aa9e0a74,ce0f2b3bf122a1e34dd4f929f74ad9061926e38b24ac375438109222aa9e0a74,667ab9f1f8ac36a9b28c73984e28f4257042c88fdca3ed0c50b22502e6ef3c1e,1401,1222
109,preserve,preserve-and-continue,correction-candidate,532f876a02e1f7832b2f62d43f7ce3cbbebadd16e0b479ba690ebec30f9f4182,532f876a02e1f7832b2f62d43f7ce3cbbebadd16e0b479ba690ebec30f9f4182,1d3d5ea4324692331219ebfb048fbb320f370602978a2387a9badf628f5c254d,1393,1225
110,preserve,preserve-and-continue,correction-candidate,bacaa32319b12ff812a222f5d1894ef3c451efba3259d90e9809664bcb74245d,bacaa32319b12ff812a222f5d1894ef3c451efba3259d90e9809664bcb74245d,691b675d3ef310e2e4258f5f22f35a4d9cf7189ea932e61e977e085dd66ee1c6,1364,1200
111,preserve,preserve-and-continue,correction-candidate,fe7b07d33c5727265eb7b39cc0d790cc4602bd6040fd5a01c696148145dbe40b,fe7b07d33c5727265eb7b39cc0d790cc4602bd6040fd5a01c696148145dbe40b,1e78e6a38ca512ab51baafda6f2d3be76e61deb232fc1687a5423447a44b71c8,1417,1246
112,preserve,preserve-and-continue,correction-candidate,3f7393ec3f32f81b3d575ce3dc840bdf831e94c36443cad8b2d7c30f24c93282,3f7393ec3f32f81b3d575ce3dc840bdf831e94c36443cad8b2d7c30f24c93282,272e61e949511271e7ef7f75b9af5b90a293e68bcbe458ccf086e58961d4acd2,1453,1259
113,preserve,preserve-and-continue,correction-candidate,e8b6ef285e26edc83e739b8d2ee9d205411e2eedbfc2643b5706bb50730d466f,e8b6ef285e26edc83e739b8d2ee9d205411e2eedbfc2643b5706bb50730d466f,da6a411cd5049decdaaedd4e7dcb717b55f8b5c35ba4fe309b51980ddfa791c1,1479,1295
114,preserve,preserve-and-continue,correction-candidate,3d6a91ac41b000b5b88add4dedbc93e9afe7aca3b5176240a5e8121c2a2f0cbd,3d6a91ac41b000b5b88add4dedbc93e9afe7aca3b5176240a5e8121c2a2f0cbd,0a1d27bd2fdb1e6602d6ed3b9e8ec7d6db1c3447debe1dc1c935323b1ca69fca,1472,1286
115,preserve,preserve-and-continue,correction-candidate,8e4e13234d234f66be65eb1947969bf1624fa0f7fb05d6b224307ed5a463f246,8e4e13234d234f66be65eb1947969bf1624fa0f7fb05d6b224307ed5a463f246,596ba39bdcd527c80a417a0b280b5a9ef97c872e234a6b5897d7282c84b272bf,1453,1268
116,preserve,preserve-and-continue,correction-candidate,b30f5f92560c43a82853a2005de9b8b36888c1325f4dc6d3ee3c249b5537fce2,b30f5f92560c43a82853a2005de9b8b36888c1325f4dc6d3ee3c249b5537fce2,a85d5ce9f4d5bf8736575f2fffc5fbcd4e0e4c74f47a0bd184210262d46d4440,1499,1310
117,preserve,preserve-and-continue,correction-candidate,c7a4154e27a1ae135e1947ce92923581383249084075696cd74c521016e4988e,c7a4154e27a1ae135e1947ce92923581383249084075696cd74c521016e4988e,745f48ea8cb5aec3ee0b65055d84eb76cb7fb16a2af5229f4a6f1483a69e4fa6,1456,1271
118,preserve,preserve-and-continue,correction-candidate,eaf0b266da9c0921cb924442c09517445e19d2ae6dc528946ff810544fb1ae84,eaf0b266da9c0921cb924442c09517445e19d2ae6dc528946ff810544fb1ae84,bebba77967fbbc863f6ebc27fd4a524e3aa4b1f6e3084edfddd3406aeea48ce8,1430,1255
119,preserve,preserve-and-continue,correction-candidate,4978b4740f2b9defc52b212fe82f387d1c8fd1deb4539b1136b373052624f685,4978b4740f2b9defc52b212fe82f387d1c8fd1deb4539b1136b373052624f685,4f4c5da6711a387823af3fbcb417a5b4ec4286edb99572e2632eb063f97ee448,1401,1243
120,preserve,preserve-and-continue,correction-candidate,bf498c0189873ac3df13f831b5734142cf4830a6c6ad5c4f6bbd6cd4841e52f2,bf498c0189873ac3df13f831b5734142cf4830a6c6ad5c4f6bbd6cd4841e52f2,4a1324e4c780d8a97a00979415bb72dba642e8ae6947d206341a933ce3cfe0c3,1418,1260
121,preserve,preserve-and-continue,correction-candidate,1ff15167bdcf0aadb718be459fa99ff503293fa7b1bc9976ed8e0dbf86aded7a,1ff15167bdcf0aadb718be459fa99ff503293fa7b1bc9976ed8e0dbf86aded7a,f180b97338e2f6e15d62ecb417a064f5ecbb9a7596e96ed27c3773252e1c4399,1405,1235
122,preserve,preserve-and-continue,correction-candidate,04bb70b83a68d3d460bd8cd83f314128d5f81b3a1b413c9d294b627c8f4c3331,04bb70b83a68d3d460bd8cd83f314128d5f81b3a1b413c9d294b627c8f4c3331,60c9d78a19c4416797f0bf0f15a5032487c6fc42e131fa04e732568a1edb0701,1416,1226
123,preserve,preserve-and-continue,correction-candidate,7853c5f208eba79e98e071a341e33153769b39bb7aa2aa5aeb7bab413442c5dc,7853c5f208eba79e98e071a341e33153769b39bb7aa2aa5aeb7bab413442c5dc,9f4e700f81cb65b1b3075a688d3c6947612b9a19cac99a8c60c78d9f72776daa,1385,1208
124,preserve,preserve-and-continue,correction-candidate,974298b2a73ba0424ca0b2bda332a6a58efbc51f8bd9ff886c3cd5999d4612da,974298b2a73ba0424ca0b2bda332a6a58efbc51f8bd9ff886c3cd5999d4612da,f4d1ade55eb959c3b1ba21fe01627be196e92e0b12f281d246ab47cd7bf60f64,1405,1219
125,preserve,preserve-and-continue,correction-candidate,9f97bddcce7482af5493014081726492eaa7a884af21a516e27b480744d82c90,9f97bddcce7482af5493014081726492eaa7a884af21a516e27b480744d82c90,089e37ffc47dc0e3091b6b8784d805de4e2dc1653393e437dd69180bb8cc5c97,1404,1225
126,preserve,preserve-and-continue,correction-candidate,4f4c460360b650f84e026e213eededcfc085258ee7eef8184d43d333505fb3f0,4f4c460360b650f84e026e213eededcfc085258ee7eef8184d43d333505fb3f0,01e5ca8aa080fa2bf8990383f91e30b6ab1f327205d9acd08711efc56339f3a3,1407,1222
127,preserve,preserve-and-continue,correction-candidate,18ab3483cf8bab523b46121f5ef14521b67bc722044a095eac67339574a3a829,18ab3483cf8bab523b46121f5ef14521b67bc722044a095eac67339574a3a829,8743d83eaa4e05b5111d98d9b94b2bcc33d25cff0507990a9d9fc22774dc6000,1380,1210
128,preserve,preserve-and-continue,correction-candidate,11ae0a4a60349a05bd7918d4cc0840f584100a703c5f24f42c7f962f92f866bb,11ae0a4a60349a05bd7918d4cc0840f584100a703c5f24f42c7f962f92f866bb,df68ad495da0ec8d0d80903f66dd4bfd105107f224b56065c673cd020d85c5fa,1385,1209
129,preserve,preserve-and-continue,correction-candidate,6f15320c10b71e929766ad5fbc4c327a9cb87fd834d1b6564cce26ee77ea2cef,6f15320c10b71e929766ad5fbc4c327a9cb87fd834d1b6564cce26ee77ea2cef,dd6439e32470ea03143e23716a2dcc8ca2258cff676f742711b5720a023711c8,1410,1242
130,preserve,preserve-and-continue,correction-candidate,dcb594cb39458c071acdf89bb9e9b2a8b5e47c17723ea82784f7943642f0fd0a,dcb594cb39458c071acdf89bb9e9b2a8b5e47c17723ea82784f7943642f0fd0a,63ec109814794bb8c934959c94683a0581134ce366e3b87970d089d323c50143,1446,1255
131,preserve,preserve-and-continue,correction-candidate,d6038e02c444215b65ad918e039b93bb64cd9c24c409ff2411640c2caa8ba7bd,d6038e02c444215b65ad918e039b93bb64cd9c24c409ff2411640c2caa8ba7bd,9bab290d6a5dd019c016bf60bb295fef4deea9de809327ea4a1f2550b5eda66b,1388,1214
132,preserve,preserve-and-continue,correction-candidate,98ff84c194053be03a8ebd3c1dc836a0d46eefb2a297c7460e76c14f47b2bd90,98ff84c194053be03a8ebd3c1dc836a0d46eefb2a297c7460e76c14f47b2bd90,bc952a18468cd719dbc6914e95405beef3d4055face1f41e3a5d477b6b8e0a6a,1386,1218
133,preserve,preserve-and-continue,correction-candidate,5e832a844f24b90162bb7cce4ac94c7ce638444064a3e145f0df15680bd72e51,5e832a844f24b90162bb7cce4ac94c7ce638444064a3e145f0df15680bd72e51,40b37d28585dd69864f537b9934983f004ae6b24bbeaaf29dd4d2edf347ab4dd,1464,1290
134,preserve,preserve-and-continue,correction-candidate,a4d8f03df816c3ab5966017a037c0fa0716ac209cd3ad413caed6ff40840dc36,a4d8f03df816c3ab5966017a037c0fa0716ac209cd3ad413caed6ff40840dc36,94e4b5e1b648f27a895d6dd69920b31d7504c7ddbccef4f59b88ac13ae44b299,1468,1295
135,preserve,preserve-and-continue,correction-candidate,4697707d7ee832ce385ebd9e080071f9213155db914be1c50d08ae0fd796fafd,4697707d7ee832ce385ebd9e080071f9213155db914be1c50d08ae0fd796fafd,d1836f60648201af2fe43ecb6a26577537d43c3316c3de14953bab577dac6286,1392,1235
136,preserve,preserve-and-continue,correction-candidate,93cd36a15830a1bd077ab9b6a812419cffdb288f8652c51c1e6b58f72bc220de,93cd36a15830a1bd077ab9b6a812419cffdb288f8652c51c1e6b58f72bc220de,a6face036a48854c948811a7ae29e091e89ad5b118e4c383474ae16bed2afff1,1439,1269
137,preserve,preserve-and-continue,correction-candidate,89203b3c3df803625e636d4e93e072047f0c27946ae9d713f3b7d8d9d972013f,89203b3c3df803625e636d4e93e072047f0c27946ae9d713f3b7d8d9d972013f,4fd1f6d3dd2ba6364cf93c6a4eaeabfc4309b458ab8ccf6dd37741bc50e6d4ba,1386,1234
138,preserve,preserve-and-continue,correction-candidate,5289f8b983bb93ffbd5df1da9efff1435077bc2b31536ca3f95e6bd45b088d0f,5289f8b983bb93ffbd5df1da9efff1435077bc2b31536ca3f95e6bd45b088d0f,b3146a99f8ef62c9bd522ba45dda5d9ecc16bcd229f54b87fd7ac33dde28e973,1385,1232
139,preserve,preserve-and-continue,correction-candidate,bc1b73e4a477bff4556c2786f2517549e041117ea3b4618d55a27f4a7e05ef24,bc1b73e4a477bff4556c2786f2517549e041117ea3b4618d55a27f4a7e05ef24,406032347f9512c1021fa59fc1470a0efd567b1eef9a720a7f3d560c6cee1f45,1396,1232
140,preserve,preserve-and-continue,correction-candidate,5aca56718fe9f942a6d7f9307be7abecf0230e85f984834acd9d98fea5c45aa9,5aca56718fe9f942a6d7f9307be7abecf0230e85f984834acd9d98fea5c45aa9,0014d918edb6bec817e4dca5d237fce1f75fa084b67402cf7c155db555dbaff4,1467,1298
141,preserve,preserve-and-continue,correction-candidate,697200702a7d460d922153968d4e9ec9c55d15bd9e00bf9472b7a117bc044616,697200702a7d460d922153968d4e9ec9c55d15bd9e00bf9472b7a117bc044616,4ee801ad0820c97426d7cf9a132470b171922627d6b56e84bee8e2d3ca349e73,1409,1236
142,preserve,preserve-and-continue,correction-candidate,9f88701850d74a19f276857d916a35883f401aec3bfb5d0da4ba6b8fe5aea365,9f88701850d74a19f276857d916a35883f401aec3bfb5d0da4ba6b8fe5aea365,5f01e6bb6f8322b0f8d96c1cce7d4616a1d6f9c3ffbb9e311bc63afa9b780346,1383,1217
143,preserve,preserve-and-continue,correction-candidate,9eb087003b569faccf45333b8c5e9b52288868755ea5e5c21317468898dc7e57,9eb087003b569faccf45333b8c5e9b52288868755ea5e5c21317468898dc7e57,bbac3b56d47f9b0f259cdfcde8c69ee4f69be7962e21f8ddde3c5b34956ea09b,1373,1215
144,preserve,preserve-and-continue,correction-candidate,4b6cd3cce986190d311d8ebf5f938dc4a2a259035ef5912b05557c12398aa890,4b6cd3cce986190d311d8ebf5f938dc4a2a259035ef5912b05557c12398aa890,f30c8fc056d3c2650ade3a779bcba7107503e21952d2b30a3bdf84f8ac9d945b,1392,1231
145,preserve,preserve-and-continue,correction-candidate,bfe7f753a8ed735bc51de873db3a6824f893f752d747eacc5ea9ed099a50e5d2,bfe7f753a8ed735bc51de873db3a6824f893f752d747eacc5ea9ed099a50e5d2,14948570342965ec5c0e9a2501aa7d804f00181e594cfd14a204cdab7f3bf13a,1394,1244
146,preserve,preserve-and-continue,correction-candidate,1bdafb5688fff6ea2e8eb0c9f741b3cead35f689c7b1997d4a82866bc45789b5,1bdafb5688fff6ea2e8eb0c9f741b3cead35f689c7b1997d4a82866bc45789b5,a40955d78e32bbae2c65e3a0a9877c9339d84f97a4a6b2d403e52598c53b7255,1376,1221
147,preserve,preserve-and-continue,correction-candidate,25df18d77fc980189f4e80c1df0bd1dbae6f3e6527bb6f41c381ecc545261d96,25df18d77fc980189f4e80c1df0bd1dbae6f3e6527bb6f41c381ecc545261d96,9067aac5a09bbb27b0ec1efcb229b0e4a2833ad6b413c87042b70edc63e9f4f5,1387,1242
148,preserve,preserve-and-continue,correction-candidate,179fd742bb6e0cec3b72e046870eb26517f20e4ac7089d843c8f35beb6ca30c0,179fd742bb6e0cec3b72e046870eb26517f20e4ac7089d843c8f35beb6ca30c0,994ecb4ca62594b7188115530b6a1cd3e07134bc040baf1bf4262990bc506995,1371,1235
149,preserve,preserve-and-continue,correction-candidate,dbb31ad30c77a0dbfc955f9037fb24960c9726f76431390765194b3e6cc78261,dbb31ad30c77a0dbfc955f9037fb24960c9726f76431390765194b3e6cc78261,99a33cbfd39a660c1acdcd6fbd4c5d0b1829f0c63ae23f65e4667f65d7a5801c,1369,1223
150,preserve,preserve-and-continue,correction-candidate,aa223aca1bcdf1b71124ae444d57f443c7b0e15f9f2a38eaeb0071245bd8e1d0,aa223aca1bcdf1b71124ae444d57f443c7b0e15f9f2a38eaeb0071245bd8e1d0,a6342fa3d7e2beb0a05215389a0e3ca8122d64eda28e5a29fb7f7a46b013a2bf,1382,1233
151,preserve,preserve-and-continue,correction-candidate,c5651546b029397674b233938fba6b0bb8521172b7a93de8d3db6eecf4f6df67,c5651546b029397674b233938fba6b0bb8521172b7a93de8d3db6eecf4f6df67,8314431d18a6170d047caa52fce996257845c5757c9cd3ac76b315d727e1de84,1382,1226
152,preserve,preserve-and-continue,correction-candidate,b8b217a00efb4a03c5fffaaabcfa659d6c61a5c2ba0c63b7e66769e791fa34ac,b8b217a00efb4a03c5fffaaabcfa659d6c61a5c2ba0c63b7e66769e791fa34ac,8160579588cb15645140f0a8b9b88b6b23c61d6f661f5dfc6f5a8b3533437c81,1397,1240
153,preserve,preserve-and-continue,correction-candidate,bc3a12c34e9807ceeff530ec7c16f1877891084ce2c9a7346cd68678f6d14ce2,bc3a12c34e9807ceeff530ec7c16f1877891084ce2c9a7346cd68678f6d14ce2,07e2c5ce1448c1456382ded029e79009eb4a48a9ade7c5b51a6724ef18f957e2,1381,1223
154,preserve,preserve-and-continue,correction-candidate,ae5d0b77ed66530fe7039d1309296111b40ad2529b0b2cd90d04191f1b2fb0be,ae5d0b77ed66530fe7039d1309296111b40ad2529b0b2cd90d04191f1b2fb0be,691564375421da1110dd0f29d5d2c3e1b5be1c8bcff6a4d6897f82f511da52fb,1362,1213
155,preserve,preserve-and-continue,correction-candidate,80f5b7ad96bb84898bb5f5036da02f9c6c99d7d7ac131daed7c111cab5ad5178,80f5b7ad96bb84898bb5f5036da02f9c6c99d7d7ac131daed7c111cab5ad5178,f8d83e947b761f3e7309105bdf7d1d0c320fcb0b29afc767ec00159506c15bcc,1360,1225
156,preserve,preserve-and-continue,correction-candidate,80ece7f26d0efa3b278a4e99cce743b09288a9192b0aabfa0296811129865dc8,80ece7f26d0efa3b278a4e99cce743b09288a9192b0aabfa0296811129865dc8,b41ef4675357ac26bd1cd37b6e8244bca6525fdf882951573ad279f62b54dc79,1446,1303
157,preserve,preserve-and-continue,correction-candidate,6f619c820fc82f2b98cd22ad894c5109231e66d3ad475645c0ed04eb363627aa,6f619c820fc82f2b98cd22ad894c5109231e66d3ad475645c0ed04eb363627aa,d3f9965e67b56c85b70e1a5efcf93b65ed86df981efc462142d0bd9ae378913c,1398,1257
158,preserve,preserve-and-continue,correction-candidate,3772ee6b80532e84202320a28640fad2cb600c23f030eae611b570c3eb8a1800,3772ee6b80532e84202320a28640fad2cb600c23f030eae611b570c3eb8a1800,b98a709c27721bb5cb56bb3d053ea8a8470fb947d5f6f4f802fcfa8d3333ef5c,1355,1207
159,preserve,preserve-and-continue,correction-candidate,e63fd599f007c3383b441cde5151f1e10914166239e8a91cbb08ebe44f91ac90,e63fd599f007c3383b441cde5151f1e10914166239e8a91cbb08ebe44f91ac90,bd3c94adeb8113f4328dba469ccf2c8057142c457b5b3edcf7dd177808209faf,1355,1206
160,preserve,preserve-and-continue,correction-candidate,ac39dac76680b5c712716248db2aa9fa17c57bbef7b08a773302191233ed3899,ac39dac76680b5c712716248db2aa9fa17c57bbef7b08a773302191233ed3899,7f79a4f01cc632d7cb921af5cfcb04f91b91bc166cd2f2c9fa2931cbae76fa23,1376,1235
161,preserve,preserve-and-continue,correction-candidate,8e634cffe254a0c9ea897216db521caef96709a3a71ff3139fdcf47bec8350b0,8e634cffe254a0c9ea897216db521caef96709a3a71ff3139fdcf47bec8350b0,1caa246b7a6a42eee7511767638c4d7a6b7f97b6c877b5153cff2ac90e0b571c,1369,1212
162,preserve,preserve-and-continue,correction-candidate,fa60431b5bf42965ad14aa2230c537aa185150a388d9f967d76ad1fd9576f25e,fa60431b5bf42965ad14aa2230c537aa185150a388d9f967d76ad1fd9576f25e,18cfeda702d0261837adb5cb954b0c2663f28d3647a51451782d7f7abf2197e4,1365,1209
163,preserve,preserve-and-continue,correction-candidate,e2ecf54fc0cd7832451e1c4dad4fedb73755b8e7248339d89c9e5433c2aff3e1,e2ecf54fc0cd7832451e1c4dad4fedb73755b8e7248339d89c9e5433c2aff3e1,f5e50af5bf0557c7acd08b88012e7c200c5c7582cbc9ac161957f03aa3fe6abb,1371,1224
164,preserve,preserve-and-continue,correction-candidate,35b3b51ce602b375b4d75621f644405e8145d48a9e3fcc30ebef8792945c403d,35b3b51ce602b375b4d75621f644405e8145d48a9e3fcc30ebef8792945c403d,c4ed7ed39d616ddded31c524b8f0c836f8a0716183b666ed7379f38a5254a63d,1377,1234
165,preserve,preserve-and-continue,correction-candidate,cbe41c558ebb25050a8438e91198e612502a41b91327a785024c377303450958,cbe41c558ebb25050a8438e91198e612502a41b91327a785024c377303450958,95476fb9bd009fa8aa7b67be59d2f5637b2134cea4ac377410f06682f7917ccc,1374,1215
166,preserve,preserve-and-continue,correction-candidate,1190de87633ab8c215584230072d12336a05b667393e6d91118a27093ba95139,1190de87633ab8c215584230072d12336a05b667393e6d91118a27093ba95139,386bf60fc6519d62afaf9a21bf99712ba2a57e773efb2d3ea0457052533ade3c,1415,1265
167,preserve,preserve-and-continue,correction-candidate,f3f2c79f2ed95433749469743919869fa895f2604f909c295f86555e001fe765,f3f2c79f2ed95433749469743919869fa895f2604f909c295f86555e001fe765,ea144b30477294b242f6c29a681e4c5c00f9ce30c30bcccd4f42875b880e567a,1368,1232
168,preserve,preserve-and-continue,correction-candidate,d1b71f7740c99f15e1fa874cf0701f0c312280d9fd9443182949f385c28fd4dd,d1b71f7740c99f15e1fa874cf0701f0c312280d9fd9443182949f385c28fd4dd,d534d73a93cd1ea98a4ff7828a2f2eeeafe95c38ab038e856590d05580ba3463,1443,1290
169,preserve,preserve-and-continue,correction-candidate,36d695448d9de896eaf005ed13da5f29dff59595af1078bec9ab5536f171f65a,36d695448d9de896eaf005ed13da5f29dff59595af1078bec9ab5536f171f65a,45a136d101a46ea4b4ee2d58684d9b6f06c0102ff54bf05900b84b59948cf19b,1362,1237
170,preserve,preserve-and-continue,correction-candidate,2c9ffdf0f96ce482e7a27a379c17384164250a0df3482b31179fbe4282077df9,2c9ffdf0f96ce482e7a27a379c17384164250a0df3482b31179fbe4282077df9,dbed1f36efe9281eb2e3207c2fefb73d2e70a77cf205819b2993e11524a628b8,1369,1221
171,preserve,preserve-and-continue,correction-candidate,02dc5f149a306f87712d1c2c349662acca5809265300799c53eef629142525b3,02dc5f149a306f87712d1c2c349662acca5809265300799c53eef629142525b3,ae948670749fffb9d16f491f29a96e43e32e65971fd463639c02dcf7f20914b7,1371,1228
172,preserve,preserve-and-continue,correction-candidate,5998204d426970742565e87628f998e7df2411c306ecd86d7d45f9f6b460f47c,5998204d426970742565e87628f998e7df2411c306ecd86d7d45f9f6b460f47c,d1aa4930d275b0069e601de00ea3b06122c2e02c8c7e6bf80d2d025ec00552cf,1376,1228
173,preserve,preserve-and-continue,correction-candidate,c7a411e1b5c6225a6d276e9978ce1ac03ac3dd338d2bdfbdccbbdfc5002976bc,c7a411e1b5c6225a6d276e9978ce1ac03ac3dd338d2bdfbdccbbdfc5002976bc,d98155f3fb380c380544c269020edebb670ac6ae434484bd44c5816e68b5345c,1362,1217
174,preserve,preserve-and-continue,correction-candidate,b1e3ad248ef19f0b4e87893cd0e3e870275cbd54626a178ca1b2fd572aacac2f,b1e3ad248ef19f0b4e87893cd0e3e870275cbd54626a178ca1b2fd572aacac2f,5736391f0851170f359d4ec523c3ce458550d30078b63b5787730958d677d0a6,1351,1206
175,preserve,preserve-and-continue,correction-candidate,dcb47f03ea9679ab4b17502d3d42eec2adc073577ac588d38cbabc484242e147,dcb47f03ea9679ab4b17502d3d42eec2adc073577ac588d38cbabc484242e147,d4745ec13b1852df060b5220d59efa82f0f0ac3bb3b65a52169b6f2bc422a34a,1357,1205
176,preserve,preserve-and-continue,correction-candidate,5c4ef162b189df14e1c13b82315038fef5936b48de94070f3d70a5ab2a4bf8ca,5c4ef162b189df14e1c13b82315038fef5936b48de94070f3d70a5ab2a4bf8ca,de7233e6d3bfce6882fdf7be3d99240c02dcb912db1f6b9fe662f31601947e77,1389,1228
177,preserve,preserve-and-continue,correction-candidate,aa9cb6b9aa1ef1889ea5ad27fdc53d6bf81a90b046aa0224a3bee91593580934,aa9cb6b9aa1ef1889ea5ad27fdc53d6bf81a90b046aa0224a3bee91593580934,099fd74101cf4150b98ba594d3fa5b58a2acbcbd6ed3bed8fb37926322acb330,1388,1234
178,preserve,preserve-and-continue,correction-candidate,fc5df0fc0201f9c6b78e4d0889d154aed56c9c9c2b2485a41ccca9cf85fab3c8,fc5df0fc0201f9c6b78e4d0889d154aed56c9c9c2b2485a41ccca9cf85fab3c8,3157ee1eab31cd72ab7fbbb29ac0295a55405a02a805590e8c18ff193ea903ae,1357,1209
179,preserve,preserve-and-continue,correction-candidate,c5642b7fdc3c777f65f48dad53f79e256ab7e80e787d441d48e87969f4be893b,c5642b7fdc3c777f65f48dad53f79e256ab7e80e787d441d48e87969f4be893b,9ecac944bd74873e6b8eaa91c3a96c7950452442706182bb37aca9c3b1494999,1357,1206
180,preserve,preserve-and-continue,correction-candidate,b539241e6b386cbc6bb4cff25a3ee02d570a83b3c173521ac380a3ce6da52cd7,b539241e6b386cbc6bb4cff25a3ee02d570a83b3c173521ac380a3ce6da52cd7,8bfd5d7633802c2315edbd459f9274c84132dcb82e38c1483f963c362762f5ca,1351,1211
181,preserve,preserve-and-continue,correction-candidate,96b9fe95379cac7e1181e0b72afae26494357661e9b930b857ad30cccc2fa403,96b9fe95379cac7e1181e0b72afae26494357661e9b930b857ad30cccc2fa403,dd66f925070730f327b8d2fc3027499eb79df07493ec7aa7567663395e209e26,1462,1294
182,preserve,preserve-and-continue,correction-candidate,f505843604bd9aaad5b4203d5b680e3eb8dad31599c5dae1868ed67592a03153,f505843604bd9aaad5b4203d5b680e3eb8dad31599c5dae1868ed67592a03153,6261230d77f82b1ef6d5b597ffbad06057101b67866635ff0d59c38734935945,1394,1226
183,preserve,preserve-and-continue,correction-candidate,567b2927aa096a3709900ce5c41ee19705f9b509f94e035df4145bfa0443702c,567b2927aa096a3709900ce5c41ee19705f9b509f94e035df4145bfa0443702c,afb56fed32268f6776d41e190786cb3ebb6aeb8404e928f4f392ad9f20f1ac12,1381,1220
184,preserve,preserve-and-continue,correction-candidate,d4e7e31d2f2e95f6c341618dedd4f79d4f2f9da4c2cba3d7510d0bb9e7486ebd,d4e7e31d2f2e95f6c341618dedd4f79d4f2f9da4c2cba3d7510d0bb9e7486ebd,59b4c150f8243d2f881fbf019455e5a9e6e541173fbb712b545fc99644d95828,1450,1285
185,preserve,preserve-and-continue,correction-candidate,569ed689a941568e7bc4a59bbad6373ef2eba11d1e5cff0f7184048c51a004ae,569ed689a941568e7bc4a59bbad6373ef2eba11d1e5cff0f7184048c51a004ae,252aa6893bf5d2aa8531fada626de530d2d63e712bb350d4206b1b16dad01749,1395,1236
186,preserve,preserve-and-continue,correction-candidate,36545884e59cc0342c8d853e1e410cb9fda74e9394da4d15d7c5622b993e37ed,36545884e59cc0342c8d853e1e410cb9fda74e9394da4d15d7c5622b993e37ed,06312b798ca0a4a8616512bc5fe4d4c3e3b9eb0239fae8439080c2fc5b4daa55,1401,1234
187,preserve,preserve-and-continue,correction-candidate,1da87e8b1d379fd571bdbcda73dc0b7fc609cb34cb708316a5e74a5b7f1aedb5,1da87e8b1d379fd571bdbcda73dc0b7fc609cb34cb708316a5e74a5b7f1aedb5,8d5e44a0d02ed335c8f3286f110efcf724e6b2527aa48440f3b88c004f935188,1363,1203
188,preserve,preserve-and-continue,correction-candidate,a26c01c0ca22de05e473aa07ed7d6e5c2c554c50dc5c85a5e5cb95021d1ab5b1,a26c01c0ca22de05e473aa07ed7d6e5c2c554c50dc5c85a5e5cb95021d1ab5b1,777c445a25c53b19ff47645b0269e36fcf30800d48cf2f09ae00864471594361,1387,1231
189,preserve,preserve-and-continue,correction-candidate,2f92531607231d8b4562ce5316df9e56e8ea1026fa3e381cfe51ae8188c34ed8,2f92531607231d8b4562ce5316df9e56e8ea1026fa3e381cfe51ae8188c34ed8,02bd25b8d1215f36f4ac40a6c66cb7ac98528b50da257ccabfbe63150667a6a3,1398,1223
190,preserve,preserve-and-continue,correction-candidate,c7dda8c750c0885ab90112342b3c51fd0299628f35bb3f5f30d07236bd92c8ff,c7dda8c750c0885ab90112342b3c51fd0299628f35bb3f5f30d07236bd92c8ff,300ad59b4870bec1788f7eda2cd1d62eabd2362a5a6aa5cd9a97d503890f684d,1388,1227
191,preserve,preserve-and-continue,correction-candidate,1028fd58599dd3a572b6701387227503f376db2039d588fa127162ecd62310a2,1028fd58599dd3a572b6701387227503f376db2039d588fa127162ecd62310a2,be96cbc31c6a3dbe4a856630a05799b8e37ab3055e840fe39873cc736322e374,1369,1198
192,preserve,preserve-and-continue,correction-candidate,8f183675e9acf35e1b6071b050c45f836515674d50ea5167059d34ebb66d9ac1,8f183675e9acf35e1b6071b050c45f836515674d50ea5167059d34ebb66d9ac1,51e5d5eaf7d63d106aab44193b06a2dc35ec1c278308ad20c0a4ce040c8a78c9,1371,1212
193,preserve,preserve-and-continue,correction-candidate,c6e6f63c25987830cf85f69a1aad3064040ee5a809c61eae594ea7f7a3345fb7,c6e6f63c25987830cf85f69a1aad3064040ee5a809c61eae594ea7f7a3345fb7,c9af5505901770effa28621b481d7902044fccae52ab49ec7ec7084835957101,1360,1203
194,preserve,preserve-and-continue,correction-candidate,a5804071cda1a7febfb612761c48a41520331af17e46818773a73145daaa3f64,a5804071cda1a7febfb612761c48a41520331af17e46818773a73145daaa3f64,b71d3aeb43832a20e59c9e15f51e722aa4a0614cecdf3a559e76cc000a765241,1360,1206
195,preserve,preserve-and-continue,correction-candidate,1571db49ba316425a658f2b1c63bafdd1b6dd3a65f59220a814140a12b5d79e3,1571db49ba316425a658f2b1c63bafdd1b6dd3a65f59220a814140a12b5d79e3,4768c4588fa25c85af0f93219fc1e328370d3e45d5d5ddcef4f0bb9439f40cee,1368,1203
196,preserve,preserve-and-continue,correction-candidate,09b726638de70ab9d7185485b79c203522a3782b95866a079cf52db5eed1016e,09b726638de70ab9d7185485b79c203522a3782b95866a079cf52db5eed1016e,e40b59958fba1d069b11683e8ded0b3daf9d761ff59c1481eb5e30524b27a6b2,1376,1211
197,preserve,preserve-and-continue,correction-candidate,bf77c8e0c563595847cdf8fabd43e9a6d697a33651376fa15e97361d879ecb37,bf77c8e0c563595847cdf8fabd43e9a6d697a33651376fa15e97361d879ecb37,c489d8b1bfdc4854126d9f4a5deb554960bab3a792a9e6b2d281fc17f6b3bac1,1390,1223
198,preserve,preserve-and-continue,correction-candidate,971ef00746ae641d73665ba9c5c92f0d3a846e6f8a5f6f11f2f561e3060ef168,971ef00746ae641d73665ba9c5c92f0d3a846e6f8a5f6f11f2f561e3060ef168,9b7a7957dc4abe526b72c5d5c965f597f093da47b7632c58483b2fb95cfbf1b1,1388,1228
199,preserve,preserve-and-continue,correction-candidate,584267e65d49a23292d851be963efd639ede9a7cda4a8fd3920da702f73f83c4,584267e65d49a23292d851be963efd639ede9a7cda4a8fd3920da702f73f83c4,9925f9f07cf8ec527efb7c07099d237dd7aa213eadc61b04a9a4134be86757f2,1387,1217
200,preserve,preserve-and-continue,correction-candidate,786addb689283f30991abbca73eaf83668a0fb1f1d07758059d7eb56a39b55c9,786addb689283f30991abbca73eaf83668a0fb1f1d07758059d7eb56a39b55c9,b3b6e8dabc2015905dcf054c0be4e69c0fbdf70f0575f446e25199a6e92d4c81,1384,1222
201,preserve,preserve-and-continue,correction-candidate,c8fb38f16a5d7010db30d9eafce46ad87cec37ed37263577cef3c3b9878871a1,c8fb38f16a5d7010db30d9eafce46ad87cec37ed37263577cef3c3b9878871a1,64480de856ef4fd0404d9fe943ca16d5fa1c5b771c1e8f82d326ef64fc2a1d85,1388,1225
202,preserve,preserve-and-continue,correction-candidate,077c97e5eaeeed76ce155bc83f6f0dc5773fd07318ce37ae6bd9177d6db070dd,077c97e5eaeeed76ce155bc83f6f0dc5773fd07318ce37ae6bd9177d6db070dd,2b6a99458c646fd6c253992f4baccca6a3e2f71173bfb07f6d9d044c452dc57c,1409,1221
203,preserve,preserve-and-continue,correction-candidate,5900418b530595543173f71a6ab2e5373bcf143ec5eb008bbec7493226c6ee3a,5900418b530595543173f71a6ab2e5373bcf143ec5eb008bbec7493226c6ee3a,e827911fa0c32c94de96c52247931bf205a9659ade132cb78c51d7fe23c4ba4c,1395,1234
204,preserve,preserve-and-continue,correction-candidate,8965ecf5b6ccb283b449793af9aa8b1282d47fdc25754ed20a5f21696519eb8c,8965ecf5b6ccb283b449793af9aa8b1282d47fdc25754ed20a5f21696519eb8c,1193c2fe9f18842076ae368ee85d5ae0b2c46e6ba315186c47f8540432c4b33a,1384,1231
205,preserve,preserve-and-continue,correction-candidate,50c91d5f41d5947607f9ac6078f593330ef0e407d29272bdbe1d2f22d1f39ce2,50c91d5f41d5947607f9ac6078f593330ef0e407d29272bdbe1d2f22d1f39ce2,4c771792f1d29fc4f4c27bcd5812e4c9ca0be637f81f5975f1e7f07133ed6e4c,1392,1229
206,preserve,preserve-and-continue,correction-candidate,802bdc6010b62f8b400e6c047f2f3c90c0817d6a94cf61e40276f9c8a6ba4f88,802bdc6010b62f8b400e6c047f2f3c90c0817d6a94cf61e40276f9c8a6ba4f88,0e34f438dd6b62bbacbd30c8948bc0edeb10ea5d7c55434319a0286191fcef88,1389,1224
207,preserve,preserve-and-continue,correction-candidate,d34505605bba50c25db24ee48822e11a0bd1b860e14ec27c4c32b945347c0949,d34505605bba50c25db24ee48822e11a0bd1b860e14ec27c4c32b945347c0949,053cd18b16055500173327bc01347dc9f71559173bea551fab958b629515d7fd,1380,1202
208,preserve,preserve-and-continue,correction-candidate,db8d79c731b7c0904b5e87f358cccd0b5566f941c7c78943c9a73a5f398ced7d,db8d79c731b7c0904b5e87f358cccd0b5566f941c7c78943c9a73a5f398ced7d,a5156fd3eab31547f4aeab8ff298b5bc88ae8a4c1d71ba87f944ed0911893503,1405,1228
209,preserve,preserve-and-continue,correction-candidate,cd53b84f9617d9e665ce79d10496706fbc7c5275275ff0f1c78f79946424a896,cd53b84f9617d9e665ce79d10496706fbc7c5275275ff0f1c78f79946424a896,40630c511072704c185482f597c1fbd7e41f93df9dee3d30b37654716fb0172d,1396,1223
210,preserve,preserve-and-continue,correction-candidate,eebe3053b97f21983bc1dd85ae7fafa86ca99042df8729ea3f8156a5d215ca6f,eebe3053b97f21983bc1dd85ae7fafa86ca99042df8729ea3f8156a5d215ca6f,1f1a13ff3a3fadf325dcee1fc3bf521260010f6f46b4151c7634628d4730a185,1368,1204
211,preserve,preserve-and-continue,correction-candidate,66c89128a0b2f21df0d67c4fbd4dc9236dddb1f2f600ae892a8da361a948c0cf,66c89128a0b2f21df0d67c4fbd4dc9236dddb1f2f600ae892a8da361a948c0cf,1a4957478631934c9469ec68ea17a6f450e1695554eeaac9e5c8a30c39441a68,1362,1200
212,preserve,preserve-and-continue,correction-candidate,310663c06db84b7c7d6fd7083fe768cfe6091db3c0ff6fb66ebbcbebaa59729b,310663c06db84b7c7d6fd7083fe768cfe6091db3c0ff6fb66ebbcbebaa59729b,e1df564ca2f850c212f082d6e64025d90d2a17456ec216c7ceb310268897f841,1396,1228
213,preserve,preserve-and-continue,correction-candidate,198868a3a41ea70253dd021b5612bab02e87ce3adbe832f313b7672680757ea1,198868a3a41ea70253dd021b5612bab02e87ce3adbe832f313b7672680757ea1,3d1cfe1cb7364e98c11e84d9a3b515c1e8ac33d062e784f93c55ac4a6f0a9b6c,1388,1224
214,preserve,preserve-and-continue,correction-candidate,4c63a424d13adb9a2d3886fad53c752cae15b61ad5952b110ca290c42c80282a,4c63a424d13adb9a2d3886fad53c752cae15b61ad5952b110ca290c42c80282a,4c9733f36e6bface924ba4d15ecd33506af4b58016a2c406a7c601a9fa83e774,1363,1205
215,preserve,preserve-and-continue,correction-candidate,7b7e3fb22a27bb2ab946c564ff3bf4e78d371a5907da26fd7daa1c553e1f424a,7b7e3fb22a27bb2ab946c564ff3bf4e78d371a5907da26fd7daa1c553e1f424a,a69f7a4f4bb0e7d3854391faf5edaed2f0b89629ace976b9cd63e68f773172e3,1387,1220
216,preserve,preserve-and-continue,correction-candidate,c55a96a7ae7ab57cbfd509d8adcbeee34cf8506373bae632dd814996ed7730c4,c55a96a7ae7ab57cbfd509d8adcbeee34cf8506373bae632dd814996ed7730c4,c271e0f848174f913fa901324a26b1412cf271bc844679803ecd86cf5ad567ed,1412,1248
217,preserve,preserve-and-continue,correction-candidate,a44a07afee0ae7e4d608ab55df4f8b7839a7793d1dae49bcaf0234e3302e23dc,a44a07afee0ae7e4d608ab55df4f8b7839a7793d1dae49bcaf0234e3302e23dc,0694030910703ac332d7f4174716d8f22ae28ac1f73bbaa72562e159cb9bc3ac,1388,1223
218,preserve,preserve-and-continue,correction-candidate,d00b3ced899fcd2724c078d5daed4830d4b28042b755a3c1f043825af9c908ef,d00b3ced899fcd2724c078d5daed4830d4b28042b755a3c1f043825af9c908ef,5ca390752a019458a0e4568cfd7387f847d1df217399751104609d000a5b9746,1388,1233
219,preserve,preserve-and-continue,correction-candidate,7e4b950c3f30f6992621b21e38d4fac5f560537b0c3e54766e47ce9e99f1c981,7e4b950c3f30f6992621b21e38d4fac5f560537b0c3e54766e47ce9e99f1c981,adf9238db979e4a4f78ea120da5594e749eb60059e9dd1096ef2a7006d31c4e7,1398,1233
220,preserve,preserve-and-continue,correction-candidate,f76c18973429ae2f1085debf95be0f92be0eb5f7e86ae5070904fe2fdf9d22ae,f76c18973429ae2f1085debf95be0f92be0eb5f7e86ae5070904fe2fdf9d22ae,3f729f296e0cebd86c1c06663d21a1c2de70a82e1d8aec12f2544b96812c1255,1395,1228
221,preserve,preserve-and-continue,correction-candidate,93752a9484d965d2bea7ec6c0a99def0b9c206966b57fdcd43e6317bb018a0ae,93752a9484d965d2bea7ec6c0a99def0b9c206966b57fdcd43e6317bb018a0ae,18e34fb6624c5355fe378f9314f866e13c84cb846fd87f7e504145225e2956f2,1378,1214
222,preserve,preserve-and-continue,correction-candidate,9b97270448efa0bc229cff4d4cee0ced9bd2fa0e33c58025aa6ef5e11a35dcaf,9b97270448efa0bc229cff4d4cee0ced9bd2fa0e33c58025aa6ef5e11a35dcaf,a4b41c627936ccf983907383871c27739213fddb238a0daf663ef5eeee719490,1389,1229
223,preserve,preserve-and-continue,correction-candidate,cc33b0ee8b574d4607d30d5e4a96361fd02578dc508b6e3eb903d5a62e2d94f3,cc33b0ee8b574d4607d30d5e4a96361fd02578dc508b6e3eb903d5a62e2d94f3,30975cf2900e38f7fc58ca85482e342cb1b5c0e90caee28621154c71699d2d9e,1412,1205
224,preserve,preserve-and-continue,correction-candidate,d515206183331411fc6db8d006ca225ac113dd7fd325ec0e05f0ab2be01f1860,d515206183331411fc6db8d006ca225ac113dd7fd325ec0e05f0ab2be01f1860,835b8536af3c5a2b20ad0125236ce99504bfdbd3534ba57d523adb7fbd012aec,1389,1219
225,preserve,preserve-and-continue,correction-candidate,38d8c82ff091bf96ac764e74cb0519929ea8f0d189e25f27dda48b8082ab022f,38d8c82ff091bf96ac764e74cb0519929ea8f0d189e25f27dda48b8082ab022f,008d187b8c98755233f445786d2e67e1fed7f41071419a2381d87a762e6bb6a1,1397,1225
226,preserve,preserve-and-continue,correction-candidate,b16870f5d435f90b708537c6101b75d90178896e70dd1455e09a9c57f919c50b,b16870f5d435f90b708537c6101b75d90178896e70dd1455e09a9c57f919c50b,6221009084ef6171647a519585885e67927f7da2a8ae83567f58f0281feb8323,1409,1228
227,preserve,preserve-and-continue,correction-candidate,83b69d379a0154eb954db56b1e90172422e4e963ba081a89c384bdb3e4c5be09,83b69d379a0154eb954db56b1e90172422e4e963ba081a89c384bdb3e4c5be09,f69a4b7150cd0fe266e3c4ed570581a50b2ccca02f8345e3fd014e7f252a9211,1403,1204
228,preserve,preserve-and-continue,correction-candidate,1da7e75da57fd48f69df8254d6e4065b832d20c334ae7f0adfc601432e1ab187,1da7e75da57fd48f69df8254d6e4065b832d20c334ae7f0adfc601432e1ab187,19f844c5f08f0003af635bcc09c99575dc1fdd25ec0b725380b543934a892a49,1402,1204
229,preserve,preserve-and-continue,correction-candidate,21b72a5bb27dd88225b61eda6f441faa6354028240a7d8a10deda0db8b871fc6,21b72a5bb27dd88225b61eda6f441faa6354028240a7d8a10deda0db8b871fc6,8e5486c38dc34bfdabb9957ec6da8ee10b8d4eacf53597d437c80139c4b41f14,1384,1227
230,preserve,preserve-and-continue,correction-candidate,0dd4aadeacd5af054604a5f8b3005819b2eb199d7e656cdddc2026a8d4dd92ea,0dd4aadeacd5af054604a5f8b3005819b2eb199d7e656cdddc2026a8d4dd92ea,3ace675584d31313fc5f190b4498dfebeb7b41ef4dd797155d91655ec0d731e6,1404,1209
231,preserve,preserve-and-continue,correction-candidate,e3539e23a6b25bc4d21f85c32c1399a0dc9592cd7cb3ea40a42c56ca24a8ef54,e3539e23a6b25bc4d21f85c32c1399a0dc9592cd7cb3ea40a42c56ca24a8ef54,29bbc8ae50825f967a6ae7af290432a7ee53ab67c36916195e94f6f18e03b541,1380,1205
232,preserve,preserve-and-continue,correction-candidate,3e3ae3e309b550653fa76ecb3556a30292b657af3d313ecc967854e31e9404e0,3e3ae3e309b550653fa76ecb3556a30292b657af3d313ecc967854e31e9404e0,f407bd272fa607540772301bf719b088e33ae2b100114359fa8542685e88d4e9,1395,1220
233,preserve,preserve-and-continue,correction-candidate,9f69e3a18c0625cc2fb29c62d5be684c276837d46587fbadef6c6b40e3a2b0cd,9f69e3a18c0625cc2fb29c62d5be684c276837d46587fbadef6c6b40e3a2b0cd,53ca5067ef1dd6e2da7e9fb6e6748842fe40deffe95264ada1479927dc2423d2,1414,1224
234,preserve,preserve-and-continue,correction-candidate,5696d197b04784b21526f9513906e568ac5c5a36cca68f47ad6071a70bfe7390,5696d197b04784b21526f9513906e568ac5c5a36cca68f47ad6071a70bfe7390,3481a2231d9e5e4b16229f9ea895fd801d8360ddf996ab71bb7e0d4ac7484c25,1409,1220
235,preserve,preserve-and-continue,correction-candidate,ab950a6a8be0337bbea17d47e62bdbc286e35719df07fb72cf8cce2b9d7951e6,ab950a6a8be0337bbea17d47e62bdbc286e35719df07fb72cf8cce2b9d7951e6,828e45238468392aae01477cceb1d827b9098387fd1fec62207b987f57c37b88,1400,1219
236,preserve,preserve-and-continue,correction-candidate,d5cfdc0ce2d1e21bd8b2fa54f47e018feaa2dd40473d063090220fe22b74cb45,d5cfdc0ce2d1e21bd8b2fa54f47e018feaa2dd40473d063090220fe22b74cb45,6beb9f37a2934dc0d4024f2d990f5b93aca2ad3de3c99e6327d0aaac7a94b019,1403,1212
237,preserve,preserve-and-continue,correction-candidate,0c18bace5570ec6d37b84c3da92deeca0660fcb2400878a390d1b59a7b91ec7c,0c18bace5570ec6d37b84c3da92deeca0660fcb2400878a390d1b59a7b91ec7c,cbdf91fdd84a1bb16d3e88c1d0c64f3051cbd604dcc17314447ad9354d1c553b,1389,1213
238,preserve,preserve-and-continue,correction-candidate,78db78f9a6f62558ad3f6ac8fa4bf5c1020f67338d063b1277943ccb198d7387,78db78f9a6f62558ad3f6ac8fa4bf5c1020f67338d063b1277943ccb198d7387,6f4e4c535ae4230a00e2880344229c93f81bea34ed27e811eab42359d2f06a19,1388,1208
239,preserve,preserve-and-continue,correction-candidate,ac5ac98e4814d24d5ba9d77626ad1985c1ad53ce23f7ee442ec781af86afb6a1,ac5ac98e4814d24d5ba9d77626ad1985c1ad53ce23f7ee442ec781af86afb6a1,0506848dd61f91cc9a81d02b95d4c2e93f95d98047fc3e34a25351872019cc56,1395,1222
240,preserve,preserve-and-continue,correction-candidate,ffafe1bafe30d0172b3f2097a6cdc6cd710c6dd285632615de43b46d06e5864c,ffafe1bafe30d0172b3f2097a6cdc6cd710c6dd285632615de43b46d06e5864c,005601200c07858d5307e65ccf3fdefb0a37ad3b2129460b6d133579418dafd5,1401,1230
241,preserve,preserve-and-continue,correction-candidate,57d5b9bd9e09c92ff51e3cc69497a0f57402babe52a29e2b7f25e18f32e310f4,57d5b9bd9e09c92ff51e3cc69497a0f57402babe52a29e2b7f25e18f32e310f4,34030c6bae656b705becfe2220f054a6e9ce2514c430edd0648b59f7de71f24e,1402,1227
242,preserve,preserve-and-continue,correction-candidate,54fe44c11e9d1346bc03eb5777c9bef0902f0c0bc3bb66d5f66df86cab741ca3,54fe44c11e9d1346bc03eb5777c9bef0902f0c0bc3bb66d5f66df86cab741ca3,f56e4911257f9d3ba2812e4180e20a6745eceaae5572326e147ab4b92e91daf4,1377,1215
243,preserve,preserve-and-continue,correction-candidate,8de3ebd1e7458c5b61e1b7637114e92d6bbe83a25b28a19f86e33b4f40147cb2,8de3ebd1e7458c5b61e1b7637114e92d6bbe83a25b28a19f86e33b4f40147cb2,de0835c18ad8f4861da9e2b0ad03598e085cb23c5ce5698a8d23341df2f84741,1381,1216
244,preserve,preserve-and-continue,correction-candidate,64cc27f768f5f68589c6709c51439d357e13ae6d9f5bf0c8dff0e3fdaf4836e9,64cc27f768f5f68589c6709c51439d357e13ae6d9f5bf0c8dff0e3fdaf4836e9,7d7921aac8118a797a766ea0538db57f65ab08945ee4815eac564bc45733283b,1385,1222
245,preserve,preserve-and-continue,correction-candidate,158b49c6bcf49b0c9f2cbf10b3626a1f2b00637babbdf9e3943dba2babaeba3c,158b49c6bcf49b0c9f2cbf10b3626a1f2b00637babbdf9e3943dba2babaeba3c,fbb79b960dac28a12fd64096d8dabe3b42890f109ec8b1ca9d4e9f4f73c761eb,1382,1228
246,preserve,preserve-and-continue,correction-candidate,73426387e716f65cb885797c4f2152050c7e1b786f5a3083e55ab7dda1a13edd,73426387e716f65cb885797c4f2152050c7e1b786f5a3083e55ab7dda1a13edd,9af08dfef504c43fa8a7673a9331d6df60d6b74757fbc0adac5d574d7b5c1300,1381,1219
247,preserve,preserve-and-continue,correction-candidate,6d788f96314dbfb0e7aae71b29fe4dc65400b5aa50dd949bd53521f7b0c65ca2,6d788f96314dbfb0e7aae71b29fe4dc65400b5aa50dd949bd53521f7b0c65ca2,28b5991c5fe1bc06b173420149ef17daf47f5d8b0327cf3dbe7e2af9b478563c,1370,1205
248,preserve,preserve-and-continue,correction-candidate,e787d37250755437bc00c35f83250c5a66ad433d2c1d40cfd2cb46cf406d9c86,e787d37250755437bc00c35f83250c5a66ad433d2c1d40cfd2cb46cf406d9c86,a7dddfe5d60f465ab4927a32fe6976b2dd4b4399fb1ca9b615525e69425622b9,1378,1216
249,preserve,preserve-and-continue,correction-candidate,fd14d796d23ee45eb2b4c0de7e4e306b60b9772367dc6f0259223660a0e14c1b,fd14d796d23ee45eb2b4c0de7e4e306b60b9772367dc6f0259223660a0e14c1b,9a990491658721bddd9df3cf9a172e5ace3845354310941df7d91703026476db,1377,1218
250,preserve,preserve-and-continue,correction-candidate,f73b66a130f0bce20ba03e0089f88912f1efb7a7f7c8f99fb09b98e4ce1aa9f8,f73b66a130f0bce20ba03e0089f88912f1efb7a7f7c8f99fb09b98e4ce1aa9f8,377ed78e4f5ea4c5b68f2d0d29152aff12d8bbfeccd217db059358d6ab388b6f,1385,1219
251,preserve,preserve-and-continue,correction-candidate,1eb89d2ca4933867392a33cbcf80d756b13bdf11b27cad2deee499a09122d692,1eb89d2ca4933867392a33cbcf80d756b13bdf11b27cad2deee499a09122d692,4257f49bebedd73d77b85ebad86bcc5e08152321bedbee4b0a048f8a9a38ab5e,1390,1223
252,preserve,preserve-and-continue,correction-candidate,29d8445987337936c0fa4b3e468dee5d69c18a03d1ce616501905a578eb766ae,29d8445987337936c0fa4b3e468dee5d69c18a03d1ce616501905a578eb766ae,8100cf79c83f09ede8f5a9eb7c6653320f19cd75e41b9d8ff1fcfda6c0c20982,1399,1224
253,preserve,preserve-and-continue,correction-candidate,3af074da12414c33975b1447e82334955e383e0e302d8837374fddc9cb64a88f,3af074da12414c33975b1447e82334955e383e0e302d8837374fddc9cb64a88f,ce53d8e68462940228382c5de089d1a611c0c2dbc11d0eb2048775154afe536f,1390,1218
254,preserve,preserve-and-continue,correction-candidate,3fca39cc367e09869b1b5d6bf40aab0c21fcce265dd9e2ea190aeef7d4000a63,3fca39cc367e09869b1b5d6bf40aab0c21fcce265dd9e2ea190aeef7d4000a63,298f5e0e810454d0ff1550d90dbc8c1d9ed8c2310c16611fb8d9e1142e358197,1403,1230
255,preserve,preserve-and-continue,correction-candidate,4bd73e135695d7d0683f8d0040859508aa420f488a6f81255b899e6a36d2890b,4bd73e135695d7d0683f8d0040859508aa420f488a6f81255b899e6a36d2890b,60f2cf5deb5e0956bcf1247d7a79beb39aa2335f5dbfa3184bfd83486626779a,1397,1218
256,preserve,preserve-and-continue,correction-candidate,deb2b1649b161089cb9bd0c7ef2b4de1852f2b175c926367254e5740c61ca10a,deb2b1649b161089cb9bd0c7ef2b4de1852f2b175c926367254e5740c61ca10a,d0d72e4a479d379312c8247c9d146108dc9128420b19d0df1d61cb499e2cfce6,1405,1228
257,preserve,preserve-and-continue,correction-candidate,25749dc76e05b3fe8f9492dddda43afb26f5882e105c28c9f5464a33859b7400,25749dc76e05b3fe8f9492dddda43afb26f5882e105c28c9f5464a33859b7400,7cd996b32a21171501181c69c0325a07a8fd749cab61ac5e4c1ec7bed03d8234,1398,1225
258,preserve,preserve-and-continue,correction-candidate,349fb10af64fd29e6ddb7d4d99008d7a24d2a3397f5559057c597b7572bd6578,349fb10af64fd29e6ddb7d4d99008d7a24d2a3397f5559057c597b7572bd6578,f85b9edff7bcb7b7280f971342be484dbad45fc8f5318e03138b6d92938f5731,1396,1226
259,preserve,preserve-and-continue,correction-candidate,15a52a3378b2025eb61069d84268a6891cb754bf3df270f00b8b7fa5798c607a,15a52a3378b2025eb61069d84268a6891cb754bf3df270f00b8b7fa5798c607a,04cb8de4e4464aa042c920f1f53bdc504043a0bfd1cf888975888098d14f2fcc,1388,1222
260,preserve,preserve-and-continue,correction-candidate,8988e722193e1985c983c68e34fd901f876aa2e25d5a3b43c605122fd888e086,8988e722193e1985c983c68e34fd901f876aa2e25d5a3b43c605122fd888e086,6e5e6cad1429d808f566d8500fb295286e29f03e9c8ea1ab1df9e846b714c6ad,1382,1211
261,preserve,preserve-and-continue,correction-candidate,673090f8c6c356862439ce20bd9190bf06d53eb3af308a4fe5422d08e2e7f824,673090f8c6c356862439ce20bd9190bf06d53eb3af308a4fe5422d08e2e7f824,ed05baffe187bc759c60a5ea6e03c381a155348ac9bae9a5a99228606c1e1ec8,1378,1203
262,preserve,preserve-and-continue,correction-candidate,2770346aedf6ab76740bd4cb1f516d2dd9a1a0cb1a1c0475d85888cf41e99265,2770346aedf6ab76740bd4cb1f516d2dd9a1a0cb1a1c0475d85888cf41e99265,c0610727a786947a614d073dbf9e63db6f979d4c21d8f676bba38fb3d1fe0f5d,1369,1204
263,preserve,preserve-and-continue,correction-candidate,4434d2e683858770c4ae9abc98d18419f8724ca70af6e87f76b8bd66be78776c,4434d2e683858770c4ae9abc98d18419f8724ca70af6e87f76b8bd66be78776c,55642d301542190946f5d19a979d4f5b9d3d640feb6390e8112546991f3c8db2,1380,1210
264,preserve,preserve-and-continue,correction-candidate,f6e0ab270c3422dbebb5a15421c356edbf5c6f7f5c880016213431905895bf85,f6e0ab270c3422dbebb5a15421c356edbf5c6f7f5c880016213431905895bf85,994ebb51700758d5d56a6079d72c2a1d022fdf7820ae89cac3cb8b72dc5de313,1386,1219
265,preserve,preserve-and-continue,correction-candidate,e431c90c4c71132f79ac3193de182973a89309f85cad0c1eca4ba9db43071e0b,e431c90c4c71132f79ac3193de182973a89309f85cad0c1eca4ba9db43071e0b,7dbc077a75d23948a49e5475db9f8d496ae8a7472bd7f8aee7aae01546a47928,1386,1211
266,preserve,preserve-and-continue,correction-candidate,1d543be63e5c939016a784d99cb51629b93782436bd704cf41f64532df53483e,1d543be63e5c939016a784d99cb51629b93782436bd704cf41f64532df53483e,e4aca4dae195d7670bbf93283e73bb2e81107f97ca9eec09f1c851cb3a837ff6,1393,1225
267,preserve,preserve-and-continue,correction-candidate,6563056d0c46768484f3d50b832ef1d9ccf3224f6be8ca84576cbb353993175e,6563056d0c46768484f3d50b832ef1d9ccf3224f6be8ca84576cbb353993175e,914c49f007afc073c7e5fd871ca966fcab30aa5edf3b1ac0e9ff0f4404ee2dee,1398,1225
268,preserve,preserve-and-continue,correction-candidate,d6fd18204ff9ea5b29e52b44a334a623074a37063b131ece4c8df319b4561a1c,d6fd18204ff9ea5b29e52b44a334a623074a37063b131ece4c8df319b4561a1c,83a48133f0a64847579b3affc5e5bc5d3308737f652abc53e9e976e2de9f8315,1389,1229
269,preserve,preserve-and-continue,correction-candidate,70b57745e01633377b9d278293569ff3d1b756150c024c2ca1cba8ffc8bf2224,70b57745e01633377b9d278293569ff3d1b756150c024c2ca1cba8ffc8bf2224,4b38449a3d18d7d8fbbe45125b5d3451e0e9ea8008b0069177f32bd22c3f9376,1387,1229
270,preserve,preserve-and-continue,correction-candidate,ae81507cb1e35180b1188da41cb9020027ef2a5f5e6d5c595bbe0d5da20195fc,ae81507cb1e35180b1188da41cb9020027ef2a5f5e6d5c595bbe0d5da20195fc,326a497244949383285309c1eb4e651875d798c9cef6a35600044451c2cac5ee,1381,1221
271,preserve,preserve-and-continue,correction-candidate,5f2cdff71ff1e91a4e8f62371c7b5535ae23b15a984fd9bff959935bcfae0454,5f2cdff71ff1e91a4e8f62371c7b5535ae23b15a984fd9bff959935bcfae0454,9ea1447444fffea89321216e12c2c7a6e169b4484c3ca4a4203ada12669d9682,1383,1228
272,preserve,preserve-and-continue,correction-candidate,1576db9042434ebec7f4bcba89996dead9cd79a6d883fb705c6a50111782c0f2,1576db9042434ebec7f4bcba89996dead9cd79a6d883fb705c6a50111782c0f2,505fb329e7e2461d31466b698ea4fb4f9a77ff75fbb649e060dceb7264022c9b,1381,1227
273,preserve,preserve-and-continue,correction-candidate,965f01cd024cf393fc5baf25d68ee0f36d3ef0c89e87cbbc2eb8ced4f716f7df,965f01cd024cf393fc5baf25d68ee0f36d3ef0c89e87cbbc2eb8ced4f716f7df,9a7f45bfdad0f8e5a3da97f5db7f261e9ed2a23305e62c147c40f3a9917a23b0,1386,1233
274,preserve,preserve-and-continue,correction-candidate,f35d40ae2faff3a37621f5b4605ea79427ef8c2148b55e3f1df7584e4e58d3dc,f35d40ae2faff3a37621f5b4605ea79427ef8c2148b55e3f1df7584e4e58d3dc,1898c58057dcfdad10ac08c917be781b19ff3d8fd6548124d4cbeaa5d937a841,1370,1215
275,preserve,preserve-and-continue,correction-candidate,57211b1c5f2414eb1a429b7843a5086b8ca3f83e98ad41bd60abf0efe16bbe41,57211b1c5f2414eb1a429b7843a5086b8ca3f83e98ad41bd60abf0efe16bbe41,813f7a53065d6330af7985d3fe53df2e10921acaa719cbbda9097b93ce599f03,1366,1220
276,preserve,preserve-and-continue,correction-candidate,6071f60f3553ed273b827451a0234c227c9d79935eed1a67f3567bb15b123266,6071f60f3553ed273b827451a0234c227c9d79935eed1a67f3567bb15b123266,51fb775508f8049a5f63b3635e8337cfd4b0926822750d0ac7bf08593b9b105f,1372,1217
277,preserve,preserve-and-continue,correction-candidate,396e88830b1c58e59c419f49cf16417019fc59c24eb02c18a15bed0a1e965ea4,396e88830b1c58e59c419f49cf16417019fc59c24eb02c18a15bed0a1e965ea4,f1200ec0395aca733caf990e4f7aa3d904d90367e5fe66e5148c74946b0448a9,1357,1188
278,preserve,preserve-and-continue,correction-candidate,57e6e9d3f58b8cea8d19a82e81abc9cf415d70f23b83909d446d4722a2338ec4,57e6e9d3f58b8cea8d19a82e81abc9cf415d70f23b83909d446d4722a2338ec4,d310aad1c2334cc3e9c7bf7d1f6ddd561f383ac26bbbec537230444ca82e29d8,1382,1203
279,preserve,preserve-and-continue,correction-candidate,417a6735abe66d4a7d8c25f3bda643e117250fbdd437d552e57689159e8bfd9f,417a6735abe66d4a7d8c25f3bda643e117250fbdd437d552e57689159e8bfd9f,e50c7d6086db4364681315bc0b284f439b644d4fdf2df45e5a092cb9a25b45c7,1396,1214
280,preserve,preserve-and-continue,correction-candidate,fb3fc969074b7986a318d163317256e21adc12255fc553345311d7ceb17bf0ee,fb3fc969074b7986a318d163317256e21adc12255fc553345311d7ceb17bf0ee,084dd1037f2a6f2d0aea029a9e542e76a3ea203ee6a1076978ab05f522400080,1390,1209
281,preserve,preserve-and-continue,correction-candidate,d21c4c7d05ccf82ccdf45d66e1b5ee13b6d8bc77c965c62d903fd71c400b12dd,d21c4c7d05ccf82ccdf45d66e1b5ee13b6d8bc77c965c62d903fd71c400b12dd,2c485ea7ee88f753f3d6020486f3974a1181747a2d674afc37540ebf35a4ec63,1392,1215
282,preserve,preserve-and-continue,correction-candidate,3e06344706a32e37799c44aba7b8c0c95e42095048661906d1eb18b0702453c5,3e06344706a32e37799c44aba7b8c0c95e42095048661906d1eb18b0702453c5,4c6e96d69b80685fadbb6f924a77e05ee6debe89e23b68dec724a69317d75809,1398,1224
283,preserve,preserve-and-continue,correction-candidate,3854fe9670ba92c0ff198387745fadff0110e9111baa7bf7078a8c41d970c707,3854fe9670ba92c0ff198387745fadff0110e9111baa7bf7078a8c41d970c707,029f0404384ebbdcc2c8cb16f040cc797fea94d89a1585f8d2fa4046b7566749,1392,1224
284,preserve,preserve-and-continue,correction-candidate,3e95024addd3e15c024389ca8eaaafaecec5245fa053560e952fe3b816139d1a,3e95024addd3e15c024389ca8eaaafaecec5245fa053560e952fe3b816139d1a,b5c4557a29c153dbb39e6b27fa225949061790b8e3b4e9e3696ed9753472990f,1394,1223
285,preserve,preserve-and-continue,correction-candidate,f0decbf5d851cbb74e3e6160762694ed962e83191dec3a08dae2fefeb8b5c099,f0decbf5d851cbb74e3e6160762694ed962e83191dec3a08dae2fefeb8b5c099,d4b0500a1fa3dd17f59d7a6ad4f05c486a6817fb2fa8fb8aae9de6974d6fd28a,1405,1234
286,preserve,preserve-and-continue,correction-candidate,5db4335ccf4d49892f526c645892b3bba8051df24f1cf66d5ef7956e6bce7223,5db4335ccf4d49892f526c645892b3bba8051df24f1cf66d5ef7956e6bce7223,5304a4405a5cce98e7e4b8cd6d48b1ea7efa2780796d753229fc11190bffb23b,1395,1225
287,preserve,preserve-and-continue,correction-candidate,7fc64f25d20ea64612a11161f8b0645c0e88bb913fa8d226a8e96c169b3424f2,7fc64f25d20ea64612a11161f8b0645c0e88bb913fa8d226a8e96c169b3424f2,be49647726df2d08c56ccc06bfca378acc720de1d3c343c06e7374b5982e3af2,1405,1232
288,preserve,preserve-and-continue,correction-candidate,df7e4b1bc1f484ebae91358ae6d8ce6040c471917b1dcd0e70647f7cce132bb0,df7e4b1bc1f484ebae91358ae6d8ce6040c471917b1dcd0e70647f7cce132bb0,37f21656f77478bf8b86fdc4612fe948faf850f0b98a8f8bd72d7652e3b948cf,1394,1221
289,preserve,preserve-and-continue,correction-candidate,d7ae410c2c0c007b10e157abc5a0822016746bef0c533c108a0e1a09d26264e3,d7ae410c2c0c007b10e157abc5a0822016746bef0c533c108a0e1a09d26264e3,708490d172b30617bb9a04f73f49a8554e57e89e035cd1f794dbb5bf680c323f,1394,1217
290,preserve,preserve-and-continue,correction-candidate,e32e71ef326a6b3780408c4f986cf61db2a1029be027d3dbbe7128b621d4fd01,e32e71ef326a6b3780408c4f986cf61db2a1029be027d3dbbe7128b621d4fd01,08b997ee2e47ff04fe65745ba2e82760581695217e05348423c7afda2673e383,1393,1220
291,preserve,preserve-and-continue,correction-candidate,c18a207b40c13f78e83352f2bdd3e983affa936f6c6623610a5286ee4d990070,c18a207b40c13f78e83352f2bdd3e983affa936f6c6623610a5286ee4d990070,bf50184ea3777e5a716a848169a0023ff8338977ec0a5f557d877aec5d6c1f80,1403,1222
292,preserve,preserve-and-continue,correction-candidate,73c81ba3698b9def68e681c3ed9a0d4e68ca234f8a43ca80510c744032b131af,73c81ba3698b9def68e681c3ed9a0d4e68ca234f8a43ca80510c744032b131af,9a722e28171f8c4601d41864ab415b6d36ce09b9dd45b24c19bf479e5a01bd16,1404,1226
293,preserve,preserve-and-continue,correction-candidate,2ce4d8d55a41cbbd7d0c8510d4aa1c43f62e4c3ade138faec61522029785b276,2ce4d8d55a41cbbd7d0c8510d4aa1c43f62e4c3ade138faec61522029785b276,7f3633279106a5b82556792293a7f8d7b1b3bd7b3b839b660f2dc1d0017d7228,1407,1236
294,preserve,preserve-and-continue,correction-candidate,263fc397098ed4afbe762dffc6994773648935d7af61f9251914b721c426f08e,263fc397098ed4afbe762dffc6994773648935d7af61f9251914b721c426f08e,29760b6bc8024da1f6192ea625b241e833990d152f00949e1b98399a694a759f,1402,1242
295,preserve,preserve-and-continue,correction-candidate,e0a6431b823a977faeec3e55322f7ddaf8dd0c9da34315d4834981fc63f70b51,e0a6431b823a977faeec3e55322f7ddaf8dd0c9da34315d4834981fc63f70b51,76905ad9b2e76c296c7f719df1357ea3a4cb70331e54008bfee1f0e4b0ae5d52,1404,1237
296,preserve,preserve-and-continue,correction-candidate,1203d0db2c2e6c8861e6be97feb9643fbbeadaf1201907c02b00417395009263,1203d0db2c2e6c8861e6be97feb9643fbbeadaf1201907c02b00417395009263,81b42c6764f91cd0ff119d3b2f33bd0f60404c9def61be37dc7a89dfecd236ce,1391,1225
297,preserve,preserve-and-continue,correction-candidate,5842ada14d5cd662d0c10ccfd0175eb6d41056d65fcfe8e528cdc943acd2a7bf,5842ada14d5cd662d0c10ccfd0175eb6d41056d65fcfe8e528cdc943acd2a7bf,5baf85dd836d42f15750493389cae245f541446692c01894e54ecb1c6ebc7279,1388,1223
298,preserve,preserve-and-continue,correction-candidate,a01db4f2ca15c43e2d154adab6d1f7d7cec255545f70dfdc4c1b01a86f0a5f24,a01db4f2ca15c43e2d154adab6d1f7d7cec255545f70dfdc4c1b01a86f0a5f24,fb401488da60ab6ad0011dc97edcefeb24b625b230b9670922a4de38bb274904,1392,1230
299,preserve,preserve-and-continue,correction-candidate,959a7d99aa1294525cb1044f1a6740baae696bfc8666814f1b1f8aef202c3267,959a7d99aa1294525cb1044f1a6740baae696bfc8666814f1b1f8aef202c3267,c81da5dfbdcb7be240ff0b290d6071567d057907d4baea7f53f447757a0979a4,1384,1220
300,preserve,preserve-and-continue,correction-candidate,4bf189e16dc70574166cab8092a2345d9e217f99dfe1c4264a6d6ab09b338c8e,4bf189e16dc70574166cab8092a2345d9e217f99dfe1c4264a6d6ab09b338c8e,4cc8880af3fb5f23844a9cf64427e2f27f17bc96ad49c063f83461730c8d7b2b,1407,1240
301,preserve,preserve-and-continue,correction-candidate,2b683b2bb4ffc6d9ac45eb6f44c53d298211e7f4403309ba2ef7d7206b2f63e0,2b683b2bb4ffc6d9ac45eb6f44c53d298211e7f4403309ba2ef7d7206b2f63e0,043f2e1aaf738ec7ce06cd1291fa43cec9d223a70a291b2894a026271d165e41,1423,1251
302,preserve,preserve-and-continue,correction-candidate,3ca064d2106cbdf1154fe0615162c47273869a5425147e1891dbaff4b9dbab81,3ca064d2106cbdf1154fe0615162c47273869a5425147e1891dbaff4b9dbab81,3db88d9e0c3827a434afe238dc6a3e52345024f69277476d6c4431f0008590fc,1413,1249
303,preserve,preserve-and-continue,correction-candidate,2e47d938ade6e5211ae625ce3d51766f633910e03cb8d38edf3dd1e3600a960f,2e47d938ade6e5211ae625ce3d51766f633910e03cb8d38edf3dd1e3600a960f,ccfacd46d15e8754df6cc48e3de00addac54d7f2060e36867d3637548aabac3c,1402,1244
304,preserve,preserve-and-continue,correction-candidate,856e7c08afb869bfff9df3d40faed3ec777c25b22e326da66ad029015235a26b,856e7c08afb869bfff9df3d40faed3ec777c25b22e326da66ad029015235a26b,ab591149f3f79b92a60aeca469aaf571f819e2a3fbc4832a8b6a0f608fd627a5,1397,1246
305,preserve,preserve-and-continue,correction-candidate,fc4436328b4f135dcde4653101742f62f66eb0a7e233781b573d925299059bfc,fc4436328b4f135dcde4653101742f62f66eb0a7e233781b573d925299059bfc,c54f9043391b7463df6048f2a78c960f0fb881c3d59684ebf32895105fa58022,1395,1241
306,preserve,preserve-and-continue,correction-candidate,dbd6b92e7c875a285ca73cb0e6e3c58d6bf71c5fa6d93035171bc6b3b1da2c71,dbd6b92e7c875a285ca73cb0e6e3c58d6bf71c5fa6d93035171bc6b3b1da2c71,fe132f89d095a82f517343407fca4920c88c4d67402456f2781afda7bee17a0c,1403,1245
307,preserve,preserve-and-continue,correction-candidate,b59384156400887d0ab7e6353ed849da89a7abe57890971791f9c5511f00c334,b59384156400887d0ab7e6353ed849da89a7abe57890971791f9c5511f00c334,3551b9900501e06f9d04dc16fd4a1178a2231a4606da8ee621383af3ac444ea6,1402,1245
308,preserve,preserve-and-continue,correction-candidate,28b87d720e6063dfd089a721da5d501d86536e5ba506ca11463af5cba63d68b0,28b87d720e6063dfd089a721da5d501d86536e5ba506ca11463af5cba63d68b0,0e8c29b3480dd9318f8c964fae341193c0274a07e028691ae33b7548165a0d3d,1384,1234
309,preserve,preserve-and-continue,correction-candidate,3c602d059df8dc0202c604a83f62c9098ca0894754c7d370080c09f348c4d736,3c602d059df8dc0202c604a83f62c9098ca0894754c7d370080c09f348c4d736,e041803567db331a264bb5c50fd3f3fc8489ff4798c39152b5b861616faba4f3,1405,1262
310,preserve,preserve-and-continue,correction-candidate,7a49027b22e3bc399181995bc6791648a141106777d88246faab87b6e52837ea,7a49027b22e3bc399181995bc6791648a141106777d88246faab87b6e52837ea,58da082a63d4831288bfabafdc75b68ef07e84562ef999701b6b315c8c05c12b,1413,1265
311,preserve,preserve-and-continue,correction-candidate,734cf095d734344d420bd061e6e48793eb1c9916563dc0c46cfcaaba8309676e,734cf095d734344d420bd061e6e48793eb1c9916563dc0c46cfcaaba8309676e,0ef624e4eb6043367c41afc969fa3d39d1d4852569728ee37e579c27289135b7,1408,1256
312,preserve,preserve-and-continue,correction-candidate,a2e8163758ebdaa69b4add231f4d368bf492094af0809ce8884f93b0e9829657,a2e8163758ebdaa69b4add231f4d368bf492094af0809ce8884f93b0e9829657,3af76f028e1b9fab7e5055fc2cb4e519142713dce9a08e4992d3bade2c03c454,1409,1257
313,preserve,preserve-and-continue,correction-candidate,2895148f8940884d0fe9b2344603d2c8b8a376789b30921525166f499231cd85,2895148f8940884d0fe9b2344603d2c8b8a376789b30921525166f499231cd85,d24841f189571dc97b6bf08e707efe3218d43d307ba93ed493a74bf8ad4de99f,1402,1249
314,preserve,preserve-and-continue,correction-candidate,dff031cf34264545f0c77489104967f5398f9a9ea4f7973fb19687ba8fd921f9,dff031cf34264545f0c77489104967f5398f9a9ea4f7973fb19687ba8fd921f9,42ccd3239e7f284586c6e645352c8f2087c645e1a33f28bbeab071be874d5a17,1415,1257
315,preserve,preserve-and-continue,correction-candidate,1da24b87d19f91fecc481a61bcf1bf788b07bcb2cdfab48e471bced8fbf44e2b,1da24b87d19f91fecc481a61bcf1bf788b07bcb2cdfab48e471bced8fbf44e2b,9151878043480ff7a071454797798da65d606868144c146e526582c482d1d41b,1405,1244
316,preserve,preserve-and-continue,correction-candidate,c34d3388f01f11dd833985bf8c5c4f16907e512a41c816855cbdc379935a881f,c34d3388f01f11dd833985bf8c5c4f16907e512a41c816855cbdc379935a881f,49919ad4c616c140f5ed1266a91ace2403766af54d8cce5f6eb36806c5461225,1390,1225
317,preserve,preserve-and-continue,correction-candidate,9cf6a2c292bf5e22dcdb3277c3d5be7fc67a8035f825dbc65f8165b6b104b068,9cf6a2c292bf5e22dcdb3277c3d5be7fc67a8035f825dbc65f8165b6b104b068,ac0033a021e2d7bb3c246bd453cfeb6d9696705a10468e98c2da5142fc9c8f5b,1382,1227
318,preserve,preserve-and-continue,correction-candidate,ad8f37a4242fbd504e95b55ba9ac7802f9af6ce146f2e4d4b22b1d693fb57a7c,ad8f37a4242fbd504e95b55ba9ac7802f9af6ce146f2e4d4b22b1d693fb57a7c,bebaf304bfd8ad93739cb3e25bded60d7c738da5c15e1b6e47718301f93dd812,1402,1243
319,preserve,preserve-and-continue,correction-candidate,b7830ee835868805db4b2344818ac30927dd61bd6d6c107dea9c88cde246485a,b7830ee835868805db4b2344818ac30927dd61bd6d6c107dea9c88cde246485a,b7d1ff7e7c3f4e8709448f9606d4a460dcc1a8a43a1c48a958736644654934a1,1402,1250
320,preserve,preserve-and-continue,correction-candidate,e8aeb49cc37cc7eba73df568ffd219bfb3eddd3c5c51dfed25d09579462dff34,e8aeb49cc37cc7eba73df568ffd219bfb3eddd3c5c51dfed25d09579462dff34,126a5306ea3bb9d06e93fe48be18cf6f9bae029adebe40211244c8f70997ba22,1395,1249
321,preserve,preserve-and-continue,correction-candidate,ae22af24095c79e12a1b26f2fadf02919651d414b488188404afcad5b519f523,ae22af24095c79e12a1b26f2fadf02919651d414b488188404afcad5b519f523,7f6e96dd8a9dac380b1677384d2b38a3a34dbde47b6d8d31ab618a5a64134471,1401,1245
322,preserve,preserve-and-continue,correction-candidate,5264cced6ddca305b98995904e59c58f61c77e94aac6255d29e4ee9ecbd856a9,5264cced6ddca305b98995904e59c58f61c77e94aac6255d29e4ee9ecbd856a9,c34ee6dc2377137dd6c9739d5227f415e76d92f1989e7622e16be40819ec0927,1397,1247
323,preserve,preserve-and-continue,correction-candidate,28a7a1916e3a53c8b76ede3614acaaa6e916f8fe8db2c5284670808591a30906,28a7a1916e3a53c8b76ede3614acaaa6e916f8fe8db2c5284670808591a30906,be8e6125971afacbd2c1126f7cc2f98f2a9a30be420094560a65131091932c85,1389,1242
324,preserve,preserve-and-continue,correction-candidate,ad1bd9ae8b60e6ffbb06ea69a704cf9430d037f4af73b8318c2e0f1451194298,ad1bd9ae8b60e6ffbb06ea69a704cf9430d037f4af73b8318c2e0f1451194298,eae8bf0609dfd4521fd7c6323cd1cdd1c2bdae8233981985542b736157291aec,1396,1243
325,preserve,preserve-and-continue,correction-candidate,5afe902d40892561bb1fcbbd5611df1dd18652b6619677b6b6a4b6a19707f711,5afe902d40892561bb1fcbbd5611df1dd18652b6619677b6b6a4b6a19707f711,1de7c93fd76cf0c48242b745c144bf9e923488b6b7f21a7cf9d29ff51bda847e,1401,1240
326,preserve,preserve-and-continue,correction-candidate,41f5c3546df2309215f0460bd82461a8cb7e04674c9a95ce2521f0034c076802,41f5c3546df2309215f0460bd82461a8cb7e04674c9a95ce2521f0034c076802,f6ce3e70b3385453ed0bfbc4c6c4bd169e2a5a4f34d7e7732c899897f5a3e18b,1413,1238
327,preserve,preserve-and-continue,correction-candidate,a000a821439398000a0f4ef2c84693006d48b554e01f7d69669767005d70457b,a000a821439398000a0f4ef2c84693006d48b554e01f7d69669767005d70457b,1edf9724abcfb33e5ec7f51a2fa20bee8285d4c1bc01bfb288e46632ef396b77,1400,1228
328,preserve,preserve-and-continue,correction-candidate,779b369d589659a230eaf579a53d2e317f1c6655916465f2968b3505f72e32b9,779b369d589659a230eaf579a53d2e317f1c6655916465f2968b3505f72e32b9,eb82a25f6efd30dbaa557c04f368490997ce456b82b762519570966648c55d80,1385,1224
329,preserve,preserve-and-continue,correction-candidate,77b935ed156e740629a31426fe65f412b9f9f10c7f35c13da98d8f051a0209d8,77b935ed156e740629a31426fe65f412b9f9f10c7f35c13da98d8f051a0209d8,a49d0a87c17bb7e8738254a549f505766d704f17019c12a9bf20309f0c32309b,1398,1231
330,preserve,preserve-and-continue,correction-candidate,76715a1a983c570800a6eea7b94440d4fb584ea7a59179ba42671b841115a9b3,76715a1a983c570800a6eea7b94440d4fb584ea7a59179ba42671b841115a9b3,0419337868fe8f59ee4fe4632c26b9e136e70397ddf9bc8c72ca49a11935f7ce,1406,1245
331,preserve,preserve-and-continue,correction-candidate,06d72e590bc9e80393a7f0b204b5f0086a216e64dd4ff44d446bbbbc71044cff,06d72e590bc9e80393a7f0b204b5f0086a216e64dd4ff44d446bbbbc71044cff,ee6e7147f9769c8b66915345b5ce7a5b2850f5a4bbd1f8f8b4324d56d9eb3383,1405,1245
332,preserve,preserve-and-continue,correction-candidate,deacab07f445c4837385a1abeaf96a2b3e6fb5a2ea08c5ae698866362695c5a1,deacab07f445c4837385a1abeaf96a2b3e6fb5a2ea08c5ae698866362695c5a1,0dabbd49198b596fcd4473aa9f85e1df15ef5db658c92d2842420682d3cfc3fa,1398,1245
333,preserve,preserve-and-continue,correction-candidate,8c2cec930f4654a951a3d98f77427386709d649a617797cd89c207283f410e05,8c2cec930f4654a951a3d98f77427386709d649a617797cd89c207283f410e05,da80d8da249537d361990651b2c8726cffe552a5ff9b57971199d5f123a138fd,1398,1244
334,preserve,preserve-and-continue,correction-candidate,2808bfcd91bbc5c33be4063b92de1811142196f6fe1cf4af60197c2e6a945436,2808bfcd91bbc5c33be4063b92de1811142196f6fe1cf4af60197c2e6a945436,30f810581074f8fe5faae1e11d757edd9aa6dbbdf2beaed4d9a444f50dfb4e37,1430,1275
335,preserve,preserve-and-continue,correction-candidate,0312ceb432495855a83373c3459d2f62c5cd3b995c299961c263ab2d467e7660,0312ceb432495855a83373c3459d2f62c5cd3b995c299961c263ab2d467e7660,97e3777bcd8deaf491809ce5ca50de5645c5bff9ee4e7fd3a11549a24d74a17d,1442,1285
336,preserve,preserve-and-continue,correction-candidate,a9e4ca636e8ddfb6346b0770a22f8ac5020c31af5744f1a637c97990af487965,a9e4ca636e8ddfb6346b0770a22f8ac5020c31af5744f1a637c97990af487965,e2a5efe80508e52bce2ca0f2955f8619b18c2845d448fd3dd25b2041bffb2b01,1438,1278
337,preserve,preserve-and-continue,correction-candidate,5be0ab3c4a0e27ed796d18a5ee376eb51b0fb3593ab228e13fd248e21e26b320,5be0ab3c4a0e27ed796d18a5ee376eb51b0fb3593ab228e13fd248e21e26b320,12ddbc8c6c3eb4864f0a5463904b1d76105e30b7bccbe64d8324105614e9a281,1418,1252
338,preserve,preserve-and-continue,correction-candidate,384179676eb3617bc7a4b758f5845d6446bc3a900685b95570a6429757fa9e14,384179676eb3617bc7a4b758f5845d6446bc3a900685b95570a6429757fa9e14,26ba0a17caeefab83dc844db3a269067e1fff0fd6b6c2e34e91aa96750faf292,1464,1294
339,preserve,preserve-and-continue,correction-candidate,4f646e781bf5140d0e0d4bc782d036bf211e32a346992ae6fed400d5c4bc2acc,4f646e781bf5140d0e0d4bc782d036bf211e32a346992ae6fed400d5c4bc2acc,c64587e4bbe47e352c77e3d5166fef953b2e14d943b53619f054a4a1bd02b1d3,1436,1270
340,preserve,preserve-and-continue,correction-candidate,586171734662972ae490a8f85dc50006237ef7571724f2222dbebb7976afcd5b,586171734662972ae490a8f85dc50006237ef7571724f2222dbebb7976afcd5b,d8744db9a9fe08ed0ad5a5672053fc8c9ee1bd0d3aa4abda2d4ccb894a4e5962,1399,1245
341,preserve,preserve-and-continue,correction-candidate,9aa622b22d81e659322bbcc3b35e96cfaf1991d3a3539a82d32c852528536e6f,9aa622b22d81e659322bbcc3b35e96cfaf1991d3a3539a82d32c852528536e6f,72e19262c9ae35a13157165e761324c7366a0d2b36ac8afe21e6b65e2efc26e4,1414,1253
342,preserve,preserve-and-continue,correction-candidate,f606bc202cb85b183e710e9dddab08405a4a91fcda3ef58d4e891d2fdef6ac1b,f606bc202cb85b183e710e9dddab08405a4a91fcda3ef58d4e891d2fdef6ac1b,e27519fb7843fd421663a80005e7eee78ad3b42985f0c1aceb494a0b1cd7d3ca,1334,1183
343,preserve,preserve-and-continue,correction-candidate,5f4b7759af980b724f933571a819b5c944c5ba26572546d8d605ac977cebb6bc,5f4b7759af980b724f933571a819b5c944c5ba26572546d8d605ac977cebb6bc,22b600538bb10f283816f9df242dd52e7a0a7ec6f998cbe60203ed528e3d2c97,1336,1192
344,preserve,preserve-and-continue,correction-candidate,5444d989a581127ab506d702c4c4930855e42b09569a3673411e2e3b3c08acfe,5444d989a581127ab506d702c4c4930855e42b09569a3673411e2e3b3c08acfe,05b9790cff4a6957c332f7799239272b9dbd8564455b28ca568c6cdaf035068c,1368,1212
345,preserve,preserve-and-continue,correction-candidate,064caf039fea99ee31db605b51d4cb2059e3152542b07e9b82d94dcdd5967ac7,064caf039fea99ee31db605b51d4cb2059e3152542b07e9b82d94dcdd5967ac7,14eae1bb69e0209bdf3289cdc004488e9ddff2dd74515a3d59293a79d1d31dcd,1345,1198
346,preserve,preserve-and-continue,correction-candidate,5ba75c53beff59585a7dcb466babba0f7285a13d8873d7770b9261be4e73d143,5ba75c53beff59585a7dcb466babba0f7285a13d8873d7770b9261be4e73d143,5f36416ab527222cfc604f5db58f16b5f4b0ddc9387328476d30b18ba11cb6b1,1358,1222
347,preserve,preserve-and-continue,correction-candidate,e7ab0327850aab845099679c2c623d0663d74813252b97450d5b0b4b25147f89,e7ab0327850aab845099679c2c623d0663d74813252b97450d5b0b4b25147f89,74170d18e1868326e2e785ddc41eef404a4848537ec69d943dbefaaa9d4893eb,1375,1231
348,preserve,preserve-and-continue,correction-candidate,82d5dc5cc9fecd7f7154bb7c28d0df28d42111e1ebc03784d05303322a7beff0,82d5dc5cc9fecd7f7154bb7c28d0df28d42111e1ebc03784d05303322a7beff0,31e636d499dc57eb5a4f3b8ec7dd160d3ced89745e6ff77001021004eff19f6d,1376,1220
349,preserve,preserve-and-continue,correction-candidate,64cbdf723e013dab548e7cc3a2b9d6aad506e7778d93edeeeb01fe67954757c6,64cbdf723e013dab548e7cc3a2b9d6aad506e7778d93edeeeb01fe67954757c6,e2286384834b1b547a4c1b173e8efe4d5246df6eebdb6fbdde19ea12843003c0,1365,1218
350,preserve,preserve-and-continue,correction-candidate,0a62669b78f2332e2c4671e76f6e7343050b70c45f99c74470554133c53baed8,0a62669b78f2332e2c4671e76f6e7343050b70c45f99c74470554133c53baed8,c508b4b6e25ae9eb1bc73e7859f6686f9a1a4e073435ff11037dea27132127f4,1337,1184
351,preserve,preserve-and-continue,correction-candidate,7a5b6c9f7d3dcd7e57b922337eaafb0bcc10568c886d106655fb36b8bebee9b0,7a5b6c9f7d3dcd7e57b922337eaafb0bcc10568c886d106655fb36b8bebee9b0,78236793f1d400d5faf531e0f7e7d1d7d7d56f071593cc7a06cfeff20bc64612,1338,1185
352,preserve,preserve-and-continue,correction-candidate,dbf364bf3e1928cb7ee0f1b31abe888c61b2976620c017a0d18ee4e0ff7839fd,dbf364bf3e1928cb7ee0f1b31abe888c61b2976620c017a0d18ee4e0ff7839fd,d3cae52347273788d81b4643335b48633d03a762a1bd35c4d0b0dcfa8bc596a0,1373,1214
353,preserve,preserve-and-continue,correction-candidate,01cd2f52377855c04bca3a5cc465da49e1d5ab0e692b773a0ec773dce65d31de,01cd2f52377855c04bca3a5cc465da49e1d5ab0e692b773a0ec773dce65d31de,38ec87b6c160b7eb139c67a17b54f96e0f52f4765e28036399662ee7a8d36a57,1372,1215
354,preserve,preserve-and-continue,correction-candidate,95a66dfeb9be33dac693f5ef3d6e35dc543034bf004f8daf0c366fa9f7d76f34,95a66dfeb9be33dac693f5ef3d6e35dc543034bf004f8daf0c366fa9f7d76f34,22c1875898606b722ee37febf218f23e1745cdc1e7cf140265118fac43ee8585,1446,1290
355,preserve,preserve-and-continue,correction-candidate,21dec750f5c17092c7c9eb2ebe331ba9b1da31766e0e4c935d70c28d3e27a926,21dec750f5c17092c7c9eb2ebe331ba9b1da31766e0e4c935d70c28d3e27a926,4ec53023988845caccf95fdf70f9110be7664073a3d333a528c7bcb9e86339e8,1409,1251
356,preserve,preserve-and-continue,correction-candidate,f1e1413b793e8176c6290d5eabbce1a41086d73b91e2e97c36cdef478ad3f5b4,f1e1413b793e8176c6290d5eabbce1a41086d73b91e2e97c36cdef478ad3f5b4,29a5efe3c1ae19b98a8b9e264df88210cfe6cbe7d1a8ff2a04bf926309167e29,1418,1256
357,preserve,preserve-and-continue,correction-candidate,bf51efb8fb5b5898174869586ff055fd66d1f807a73422d79fee99ae59997258,bf51efb8fb5b5898174869586ff055fd66d1f807a73422d79fee99ae59997258,03d0f7a3be3bfa7541a08cb11d53959ad85a34116c2d83a4a4fdc29e187cc1c3,1404,1246
358,preserve,preserve-and-continue,correction-candidate,783d4f5f829015d5c7ec505b6d159477344a2ba1eb111a7ee22a5ef9533438bb,783d4f5f829015d5c7ec505b6d159477344a2ba1eb111a7ee22a5ef9533438bb,67abc84ab46895dc5e4ad15280cb14547e8b8927aa7bad14e7c6d0145f9c04a1,1400,1244
359,preserve,preserve-and-continue,correction-candidate,5166925494cfcdc73d4206ef5c0312c00057b74d90da02dc6d9cef2605ff1de9,5166925494cfcdc73d4206ef5c0312c00057b74d90da02dc6d9cef2605ff1de9,b1394f6107965c7152deb646878b4bea91ca05d50e7fcc0915e2482b25e99291,1357,1210
360,preserve,preserve-and-continue,correction-candidate,d46d9bdca07a518e4f9e209402a9183e637e724cf7640d017a19d4c1501f9d12,d46d9bdca07a518e4f9e209402a9183e637e724cf7640d017a19d4c1501f9d12,78bb684d0ac597bf55b8c657398155c915d6874b663cbc87ed64cbf913221e98,1365,1215
361,preserve,preserve-and-continue,correction-candidate,e2bfd39de033b53db9bb4775e2e28c005fac380b65afd50f646f44f8bae40d59,e2bfd39de033b53db9bb4775e2e28c005fac380b65afd50f646f44f8bae40d59,e52dcc4c2c60a57ab8c4fa4a625bbe1e4a750dd50c51422cb76e5cff5cc3ee0b,1365,1208
362,preserve,preserve-and-continue,correction-candidate,bf417e7185b945e3dd00b16cffad11daf95d33bc75c7395131fca695c39d8353,bf417e7185b945e3dd00b16cffad11daf95d33bc75c7395131fca695c39d8353,862c017aa27fbb0dc84bce163f8df88859d703dc146e3b8282f2c12da7d8a834,1377,1218
363,preserve,preserve-and-continue,correction-candidate,28fa800cb489e29bf867946c605f1f551661bbbd1cfeda6187ffc713c10029af,28fa800cb489e29bf867946c605f1f551661bbbd1cfeda6187ffc713c10029af,c1bb4d330a3c7482d2d0a2099a882f92b0a5da3a3d8c957e3e5e9bb5f7acac86,1381,1218
364,preserve,preserve-and-continue,correction-candidate,ebca808ae534b7e35e7454bfabf36f284ba78ed809dd77eed65034377bc78f89,ebca808ae534b7e35e7454bfabf36f284ba78ed809dd77eed65034377bc78f89,6c2a84fd99e060c596b71248d4d473274dc37b269d19a8a56551ec028cc6b832,1374,1220
365,preserve,preserve-and-continue,correction-candidate,884a1a89dd1f60454c40c907a72beef20fcc30690190c2cb0eec480763c6398b,884a1a89dd1f60454c40c907a72beef20fcc30690190c2cb0eec480763c6398b,d1a57a6566a4746b237e7598b560bfdb6baa1ab287b42ab1486b442b7a46e5a3,1387,1236
366,preserve,preserve-and-continue,correction-candidate,cd4d4a8ba237d80cf8febc62ffca031ab0dc9149fa62fc5b93758b4778d4d77a,cd4d4a8ba237d80cf8febc62ffca031ab0dc9149fa62fc5b93758b4778d4d77a,8f823c6a4a123e489f26f762f73f0da39ded4a7ea7c88022b50b529fe0192520,1392,1237
367,preserve,preserve-and-continue,correction-candidate,17a39074016fce5af4d42e59c2a9e19e28c669c34d300e9b1d10eae9428d7217,17a39074016fce5af4d42e59c2a9e19e28c669c34d300e9b1d10eae9428d7217,f843da7bc773fb49a9efef5ebbc9f78153320f1d1276ce795736576ccd6ca8c4,1394,1244
368,preserve,preserve-and-continue,correction-candidate,b05effb1a39de425ab06f3cabd530d85cae0c67f0471cab847b6e0c4032b47f6,b05effb1a39de425ab06f3cabd530d85cae0c67f0471cab847b6e0c4032b47f6,05486a55f54c4c672edda5d01e57fa1284e5df38485f792fbc76fc011b50b0f3,1391,1242
369,preserve,preserve-and-continue,correction-candidate,9a9291715dde719aa9eaec411b089ba04657d57e425d509bc7cd0194235e6c34,9a9291715dde719aa9eaec411b089ba04657d57e425d509bc7cd0194235e6c34,6493f5df33d0e4c9e9ad23eab0294b61ada01b580b08e4702222f3b2352cc604,1441,1280
370,preserve,preserve-and-continue,correction-candidate,07a79274415ba9dea2548ac9327b0361c3a4f9e0ae40b27db87f4db1449d699e,07a79274415ba9dea2548ac9327b0361c3a4f9e0ae40b27db87f4db1449d699e,b2b995a5e0ab8408f4b038ded6269a8133f73a2d6e45539a69849689d8dcc342,1407,1255
371,preserve,preserve-and-continue,correction-candidate,856311bc3538b167e5c352d0c67c17ea0ad5d1bbc67674bf87dd92b8af3805c7,856311bc3538b167e5c352d0c67c17ea0ad5d1bbc67674bf87dd92b8af3805c7,cdc98797fe91728cf575928e5214d64fb3df607281bc924cf38c789be07c9d5c,1470,1307
372,preserve,preserve-and-continue,correction-candidate,4a5225e3ad109050e2b302affd3eed3f14f6c73cebdda638d83f05fbcd1e598d,4a5225e3ad109050e2b302affd3eed3f14f6c73cebdda638d83f05fbcd1e598d,6d520d38e2291400ba96b7d995bef76891cce8690d13554c916334905ffd60b5,1382,1222
373,preserve,preserve-and-continue,correction-candidate,3e7a45d5535602ad4b0f219d427c4b6dc0480b134e9b9ca8a7b9959fc2ae6fc7,3e7a45d5535602ad4b0f219d427c4b6dc0480b134e9b9ca8a7b9959fc2ae6fc7,f72fe6e3274d48008a0df589ba90b7f99f780da1b86cda77934e967a72af3d9f,1375,1231
374,preserve,preserve-and-continue,correction-candidate,8cdfb435a6bc2b3207b4a4b52162d8804201a444a0d126c64b0ca0fc2cf989e1,8cdfb435a6bc2b3207b4a4b52162d8804201a444a0d126c64b0ca0fc2cf989e1,0184338209d4918253107003344b9226f9e231d632b53c25c1a8e3860c912276,1379,1225
375,preserve,preserve-and-continue,correction-candidate,75615d0152f76bc1e7888a38ebf0f5212a7d8ae27574236c12d21f129f9f8a77,75615d0152f76bc1e7888a38ebf0f5212a7d8ae27574236c12d21f129f9f8a77,ed7f529af64eec7eb8bd37baf334a4ca69b54e3c80ce31a0b60dad0bcb8f0da1,1379,1224
376,preserve,preserve-and-continue,correction-candidate,a98f9aa9f997691583c44214658e2b8214c57443832ba756c9fb1f6fb2561a85,a98f9aa9f997691583c44214658e2b8214c57443832ba756c9fb1f6fb2561a85,d9a303f5b71e25f7ade27ce439494492ad81889dd4c5252366c6f9e26aecf2ab,1388,1227
377,preserve,preserve-and-continue,correction-candidate,f5e8a0e0e5559504b63c99fa0379fa367f786906dfa7feecf836b1c8ae036afc,f5e8a0e0e5559504b63c99fa0379fa367f786906dfa7feecf836b1c8ae036afc,30770a939b2367a4787ba9d0e8016447882f59ddab04cce7423c1c200fee0534,1376,1224
378,preserve,preserve-and-continue,correction-candidate,af41c3ca12b95d8298b3e0281a994d852f1f230d3885d8ad844fcc08b0e1d7b8,af41c3ca12b95d8298b3e0281a994d852f1f230d3885d8ad844fcc08b0e1d7b8,138eb348c55a9b07c25d23903e2fc7b007606e952bbf1012fb0b99ab66178cbe,1359,1206
379,preserve,preserve-and-continue,correction-candidate,f3fc6ecbc6085069e3b620f7334ceb56d1dd7d3ab607da830a9fdcd236418778,f3fc6ecbc6085069e3b620f7334ceb56d1dd7d3ab607da830a9fdcd236418778,dac2ee218bbb85ce8be4380a592809d6fdb005c2075242da6e97cbd803355f4f,1387,1228
380,preserve,preserve-and-continue,correction-candidate,be519622ab3407f637dcef4e697bbcce33993aeb8f3779c14aa1dea8fe5ade38,be519622ab3407f637dcef4e697bbcce33993aeb8f3779c14aa1dea8fe5ade38,f25e7a9befc7bddd989657583f5b452ac9db514b30cfd117610f68f0420a3d47,1385,1239
381,preserve,preserve-and-continue,preserve,861943a0d6a30d414040b2439432d4106d974c1744952d6cb3536ef51bc44d37,861943a0d6a30d414040b2439432d4106d974c1744952d6cb3536ef51bc44d37,9ffe2cbadf553d0bc4033cb41711f4d7ba6f66550a0008cb537315e351ff0989,1373,1252
382,preserve,preserve-and-continue,correction-candidate,20b24184ceea89906df40fbb0b27f8f6b84694542029acfcc3670f21ff0686b1,20b24184ceea89906df40fbb0b27f8f6b84694542029acfcc3670f21ff0686b1,d32395316f3ff68f1f64bdaa89fe1a62b4656cd0bf83abd7e8593d27b10a1d89,1041,1331
383,preserve,preserve-and-continue,correction-candidate,b5b0370968ec0893d17ad527f23bf52102e84f6596cd6511811f396db718ec4e,b5b0370968ec0893d17ad527f23bf52102e84f6596cd6511811f396db718ec4e,1825e6023567781bef25bfdd6584d3308e91ef799482eedcb1b7ceaffd035ea3,1134,1331
384,preserve,preserve-and-continue,correction-candidate,8c52fa3861dee130c7a840cf373f541aaf5ff9bdb70deaca1e35c1baa2afde2d,8c52fa3861dee130c7a840cf373f541aaf5ff9bdb70deaca1e35c1baa2afde2d,d6b7b3285615a1e3fda2b8b6ed88eb9e248adbde4e5555994053427a55abca6b,1519,1217
385,preserve,preserve-and-continue,correction-candidate,94d0d514a190967854c791660f1cc3c3b0f9455af7ac6743444463aae15bdc88,94d0d514a190967854c791660f1cc3c3b0f9455af7ac6743444463aae15bdc88,45bc9b5d6566b8662725b53e10ce1c5153ae06be6a150c531d269ad7f7512486,1433,1198
386,preserve,preserve-and-continue,correction-candidate,be810374d5ea6d5fb6f77defa00ecd0d0f213bdd651a2a337ba1a74fb8aec2b0,be810374d5ea6d5fb6f77defa00ecd0d0f213bdd651a2a337ba1a74fb8aec2b0,bfb769f467a6e83de2e998479cfbe9123b5409fdde222022cdc6b559e0dd7e81,1498,1230
387,preserve,preserve-and-continue,correction-candidate,9e89b973b6c9a8af4f13e3ffd5e3016cd81538b1e4df85adf99808ae58e7ba3f,9e89b973b6c9a8af4f13e3ffd5e3016cd81538b1e4df85adf99808ae58e7ba3f,6454ea9b783d5170bd63c0d0ff88b47e9477b7caaf0357eca42d0a4617d130f5,1507,1216
388,preserve,preserve-and-continue,correction-candidate,6403c36529add867f485a8dce1e0e54f596055d6830e6b615e62ca331cb21eb3,6403c36529add867f485a8dce1e0e54f596055d6830e6b615e62ca331cb21eb3,acfaf147bc8118684642c561eb2544d0208548879c1119791d3ee625b2a8fcd8,1507,1222
389,preserve,preserve-and-continue,correction-candidate,f5bbab42f75d6dad4bf625a6c0dfcfa2cb38ec92994e64e3e04cf76d84259d4c,f5bbab42f75d6dad4bf625a6c0dfcfa2cb38ec92994e64e3e04cf76d84259d4c,3f16e21d804094214b7a5a0d06ca61ba64bc7ee864d0c87474f9d78505e2f4f7,1499,1214
390,preserve,preserve-and-continue,correction-candidate,9b079c8f6ee0e58bf926a60b354dfde944af99cea274f21a747d75b828754dd5,9b079c8f6ee0e58bf926a60b354dfde944af99cea274f21a747d75b828754dd5,b39a5c2853a61627b7f0161480d119d0a1d80e2f61679fc3395eb6f62d85a42c,1494,1211
391,preserve,preserve-and-continue,correction-candidate,2777ff2246e479b15bb746776ae876ede93f2619d2e9fbff396b9864757035b0,2777ff2246e479b15bb746776ae876ede93f2619d2e9fbff396b9864757035b0,6d180df429f452f87336ce1ee69402871e92355182f583e5e9699651b7b0c01b,1495,1220
392,preserve,preserve-and-continue,correction-candidate,b3cdc2e7808ad4eb6061cd13b5030d1a1d56b3c751492e69d15957496ec776fb,b3cdc2e7808ad4eb6061cd13b5030d1a1d56b3c751492e69d15957496ec776fb,e4d62c5753e6c0e024002cd89a51112110c924cffd53530e2d52cd8777b437e1,1509,1214
393,preserve,preserve-and-continue,correction-candidate,b902e051dd44c3e1fa3e5903a87da2d6c313e160b380fe9c16c1e6a62db32c05,b902e051dd44c3e1fa3e5903a87da2d6c313e160b380fe9c16c1e6a62db32c05,c44c0d65e29f56f232674e010a8daaa0b6d2f0481f3a47f5a8489a693178b719,1518,1219
394,preserve,preserve-and-continue,correction-candidate,294958ff1afe599e590a4adbe47eb6bd8908b3cc15a90b29a030669ac59c997b,294958ff1afe599e590a4adbe47eb6bd8908b3cc15a90b29a030669ac59c997b,7474ab52b626668f89262dd327a1abaa17294cc56bb3f557d74b4fde0b966288,1511,1216
395,preserve,preserve-and-continue,correction-candidate,2ea380a6d8cd9410b7bab3029245b721a3ef2b0612d51934f12f86a8dfcef289,2ea380a6d8cd9410b7bab3029245b721a3ef2b0612d51934f12f86a8dfcef289,20ea5b518bceeba3d24248274f2495bec292b701150930ae90682b801a062e63,1500,1210
396,preserve,preserve-and-continue,correction-candidate,e2ea228f79994c6862b5d6be9037a2bd22dcf4ca1d8e37939a37b682d7e713be,e2ea228f79994c6862b5d6be9037a2bd22dcf4ca1d8e37939a37b682d7e713be,72d1f6eb28501178323d0aac7368464d413fe4892db968eaa16ba08fc0a4e182,1505,1226
397,preserve,preserve-and-continue,correction-candidate,ca36e517d290b7bb5bf0c1faded83c89f62c3fb2e3c60b752baca4d36405f6ef,ca36e517d290b7bb5bf0c1faded83c89f62c3fb2e3c60b752baca4d36405f6ef,1e4cf289e5d9be110c0e7f525c255cf3f92685750d8f65e02d736ccbedab011e,1503,1218
398,preserve,preserve-and-continue,correction-candidate,966aa12b4b5ac258c16aa85d3ddcac48fc8851e4947bb85a4e03a1af29d36c79,966aa12b4b5ac258c16aa85d3ddcac48fc8851e4947bb85a4e03a1af29d36c79,ec0fc8c15149e838604c0a67d3bc3e529ea7ab78c8abd0f155a765d2b6885419,1499,1220
399,preserve,preserve-and-continue,correction-candidate,a92dbf07e609c2c212506d4b937a159c75ecf7ab88a0969f609f91b78fbdd0bd,a92dbf07e609c2c212506d4b937a159c75ecf7ab88a0969f609f91b78fbdd0bd,59c0bec713c75b37284e55d4c360db1cbeae131fdf5306f4e9f268ae187f5041,1497,1216
400,preserve,preserve-and-continue,correction-candidate,f9dd246dfbd371d26fd7c73db2de10c09c1f201db996b36cf5b50ba22efffc19,f9dd246dfbd371d26fd7c73db2de10c09c1f201db996b36cf5b50ba22efffc19,c466e678e2e1b8282e3b166862e1ca9e66a466ff39493fa615959b3a424c9701,1517,1233
401,preserve,preserve-and-continue,correction-candidate,e0e519c0771d728946eb41a068e864f69ad876d89d8b847913febc7110e4ef0e,e0e519c0771d728946eb41a068e864f69ad876d89d8b847913febc7110e4ef0e,c27853edb12b3626617f824ce0d1dc2b59a99f697454d7eaf226dc173836e43b,1518,1233
402,preserve,preserve-and-continue,correction-candidate,46c9261ba917700c57e53b825699b44bdbc642808cb87c20c17b6455419fed00,46c9261ba917700c57e53b825699b44bdbc642808cb87c20c17b6455419fed00,94668a310f9353df09688f3a8c5e8eafdfaf0a8295a5290813e19bc551a24d78,1522,1242
403,preserve,preserve-and-continue,correction-candidate,1c0b8e59c766837051aeae92488c35fa34048b8a5a31a1a024efc83a905660b1,1c0b8e59c766837051aeae92488c35fa34048b8a5a31a1a024efc83a905660b1,998ab4cee3185287350053caf6e13bb38b562afa7ebc9c3171f7786189065ce8,1518,1236
404,preserve,preserve-and-continue,correction-candidate,cc42974f785c39cdea572d38cac881db6e41893e90a32a7763132bd6c1f4414c,cc42974f785c39cdea572d38cac881db6e41893e90a32a7763132bd6c1f4414c,edd16a87397d0ca3207b8e5379555dbe6b74b07087b61eae8427d6b9b09119c2,1493,1225
405,preserve,preserve-and-continue,correction-candidate,2a8e566fb9a01cd1b71d30556605fcf329ee343a21e9362d86a2cccd8866137f,2a8e566fb9a01cd1b71d30556605fcf329ee343a21e9362d86a2cccd8866137f,4c365f34fd3b6c0c5b565569dac6d5ec8170aa9dea0c07bc560696f6ef49f034,1484,1223
406,preserve,preserve-and-continue,correction-candidate,92b298d2d0d4c4d15e3b854f4b1f2652a481c92ab3fa9d3f2eb5df351a471084,92b298d2d0d4c4d15e3b854f4b1f2652a481c92ab3fa9d3f2eb5df351a471084,63b48c0ed2ebdca1200cc13c022619cce40e645a34184566776d0468ce950972,1477,1215
407,preserve,preserve-and-continue,correction-candidate,cf3b40cc1e4e01c17a809818bd854c61e7ac5ea4b6960e90807f7c4b01cf47e7,cf3b40cc1e4e01c17a809818bd854c61e7ac5ea4b6960e90807f7c4b01cf47e7,a7df1e56d257d790353b7fae8458e13ef5e0a689e7e0e96e28a02aa34dae3ba2,1497,1218
408,preserve,preserve-and-continue,correction-candidate,a20f9f0c30d89483fc70f8462b26c5d86aa1cbaf7405fb1c291be482cb5bde59,a20f9f0c30d89483fc70f8462b26c5d86aa1cbaf7405fb1c291be482cb5bde59,18217f01c23de648239c49a508d6f5d734e2b98d58fa873d000fba02ee94e402,1469,1219
409,preserve,preserve-and-continue,correction-candidate,235a9466b834bfe69805489c3721dbf39c29c07b76cc4482f850c7406d4942b4,235a9466b834bfe69805489c3721dbf39c29c07b76cc4482f850c7406d4942b4,3058ccd69734b6b7b07ed2520c046aa6477181657d37e1ad8683193f0a738b8a,1487,1217
410,preserve,preserve-and-continue,correction-candidate,49481113119d0fbf66a00e75f1e3bfc541f69ca8775032fbe116941bc8174062,49481113119d0fbf66a00e75f1e3bfc541f69ca8775032fbe116941bc8174062,a8b900a4d4eb84f5255b7c88f1499464a39989b76ca21d472a8b64b602c60861,1501,1224
411,preserve,preserve-and-continue,correction-candidate,5eebbc08caa78b138f9085738df4311c09c0d8106e84a48fd7c61e77737627d1,5eebbc08caa78b138f9085738df4311c09c0d8106e84a48fd7c61e77737627d1,712114773daf2b0df3d556fe9f23ad2e8acf4ef6fca2c22b4d06d28b49c98562,1514,1238
412,preserve,preserve-and-continue,correction-candidate,09d8f6f4c1adf3871e6438d9417bc7f2e6220878bc247be78ea20e1977fa7c0f,09d8f6f4c1adf3871e6438d9417bc7f2e6220878bc247be78ea20e1977fa7c0f,c87f12a44cd9f091d7d998b5b53cc8ebef9370da0e6e8991eb2728fc32965b90,1521,1236
413,preserve,preserve-and-continue,correction-candidate,4e675138ee421f079bca06eb411d74b743827536309388368707b3dc413dae35,4e675138ee421f079bca06eb411d74b743827536309388368707b3dc413dae35,e325c54f039ee1e2e82cab0b2448cb7cb262897ef9e8efae9af8cc0c7d63affc,1507,1237
414,preserve,preserve-and-continue,correction-candidate,f6683649284c075115bb7869534d3d88f5e7a34ff5c457d181460bc3fc96b49b,f6683649284c075115bb7869534d3d88f5e7a34ff5c457d181460bc3fc96b49b,58e2cb118fa259490981285236228680e3bbc6394f686cb302a939f283aceb34,1547,1260
415,preserve,preserve-and-continue,correction-candidate,039bf02b67ba43a29c4c4d50616c2d57fad85f8c588337923bff7d540be8e208,039bf02b67ba43a29c4c4d50616c2d57fad85f8c588337923bff7d540be8e208,7c8531c6c638798d5423648fef581071cc9f60cb63672674a0bd5a0ef454a215,1531,1246
416,preserve,preserve-and-continue,correction-candidate,2ec381f26184c925321c79642fd944b3b3c92e4c5ddd320b3fe7f6f3aed28b18,2ec381f26184c925321c79642fd944b3b3c92e4c5ddd320b3fe7f6f3aed28b18,f26ff65940b96af0c302624353b228d1f34a4a6e076193c76dc3998f905ef0d4,1511,1227
417,preserve,preserve-and-continue,correction-candidate,c7d952481ae4a1d4edcbebf204fb4fdd1b6a020587ebe71fa3fa7ec0287002c7,c7d952481ae4a1d4edcbebf204fb4fdd1b6a020587ebe71fa3fa7ec0287002c7,0b9abaeca366ab5764c7bdd90ea778cb92f4c300390c70afaaedb9a93a6be2c8,1517,1234
418,preserve,preserve-and-continue,correction-candidate,9ce9aa9450ad042fbbaedb60e4817f96c4cfd8e26806e504b61488c4bffd3ac7,9ce9aa9450ad042fbbaedb60e4817f96c4cfd8e26806e504b61488c4bffd3ac7,df3858de55b428fe7ab30b72aef2aecfba7560f4e160b155540cf4fce1fa8ffb,1508,1227
419,preserve,preserve-and-continue,correction-candidate,8fb864bc778364a6cbe27f31770c5ba61581f6bbc4d0aed2b973219f68d3cb53,8fb864bc778364a6cbe27f31770c5ba61581f6bbc4d0aed2b973219f68d3cb53,2989145384e85a3851244383b0e02ea0f1b1a1972be5b2664e85ffe193fc46e0,1530,1246
420,preserve,preserve-and-continue,correction-candidate,5fe2c558b211f09fd3ed9a98e36cb9e4f2c7fc4bf0cdc00bc8bd0af11a2316df,5fe2c558b211f09fd3ed9a98e36cb9e4f2c7fc4bf0cdc00bc8bd0af11a2316df,07736549bad26457020933e2ff7a835560151fcd497535406bf330e8a984d608,1532,1238
421,preserve,preserve-and-continue,correction-candidate,510c58cf4fe82c834d86c8db6f0941ebeb8c9b31f0505eb1e22492a2ce5c8618,510c58cf4fe82c834d86c8db6f0941ebeb8c9b31f0505eb1e22492a2ce5c8618,5216cc2572595b211cf41ee2e44bb4cc3c71a03158350dd6e10d4859412f09a0,1523,1240
422,preserve,preserve-and-continue,correction-candidate,ae0a9c78ed7ba5be5e877ddbadc5a8acdcbd4ccdbecda1d03d7e946448a29b4f,ae0a9c78ed7ba5be5e877ddbadc5a8acdcbd4ccdbecda1d03d7e946448a29b4f,85d4429a97784af5a3e1e0e8cfb331b565309b2d0035908183b583bad59d1f7d,1502,1236
423,preserve,preserve-and-continue,correction-candidate,432c01fb47272f19f6604ee869dc1edba20382494397af8fae8cace30c513167,432c01fb47272f19f6604ee869dc1edba20382494397af8fae8cace30c513167,6a943bbaefa15aa60232e3e760bc52d8b784174cf3d5a97329cd955ac6b0f856,1547,1254
424,preserve,preserve-and-continue,correction-candidate,b7f50cb801763db8bd0977f8e984a6c95210316d80a4fff601e07a0c7100f2d8,b7f50cb801763db8bd0977f8e984a6c95210316d80a4fff601e07a0c7100f2d8,d015ee464990543e9f885d33278ac3be258b8ffb2b3c4869173c4b36a5fa7122,1532,1248
425,preserve,preserve-and-continue,correction-candidate,04dad7634958fd633dc0f47fa4836ad308428c0d30826d5366043a1c24b4410e,04dad7634958fd633dc0f47fa4836ad308428c0d30826d5366043a1c24b4410e,8a9181dab52fd5fd6a99d6c9a1f11db381edafd9d2466224dad80333478a08d8,1506,1238
426,preserve,preserve-and-continue,correction-candidate,51798c11ba4cb64920e1251b478e19ddb8a16f501c1b5dbf8ea29d5239b3c792,51798c11ba4cb64920e1251b478e19ddb8a16f501c1b5dbf8ea29d5239b3c792,4455c25c9541e87d3e11f75fa8e542cf44079f69a3e5e2f8180ccbac6d44333b,1491,1216
427,preserve,preserve-and-continue,correction-candidate,8cf77e8fe2543f94e2d56f72b0a38500b733daa323c0d391d0c078949ac0432e,8cf77e8fe2543f94e2d56f72b0a38500b733daa323c0d391d0c078949ac0432e,8b84602c217f5b69c94feced3969a18100ab4fc110be4ae5ad0b19116c94b8b7,1501,1231
428,preserve,preserve-and-continue,correction-candidate,23e759e6a2df0c7133477b1133974f219f5d14169036ed34e8c36fe6f2462afa,23e759e6a2df0c7133477b1133974f219f5d14169036ed34e8c36fe6f2462afa,569829b5edb5c4ae26d2672aba99291b8f47091e1a285736e91ce1f73fcff6ef,1526,1250
429,preserve,preserve-and-continue,correction-candidate,f4e093900776e2978f8492d1f30a932ee50ed0b7826995b7ea9fa0e9a6ce6c2d,f4e093900776e2978f8492d1f30a932ee50ed0b7826995b7ea9fa0e9a6ce6c2d,4f69e788d7b476eebada8e2c6b0d1526e4b293425de7b7b632fd697c0485b3e0,1498,1233
430,preserve,preserve-and-continue,correction-candidate,baac6e21d92b95f6a7399b702e1a7c706fd28fcc074d53c48adf560fd6cdc79f,baac6e21d92b95f6a7399b702e1a7c706fd28fcc074d53c48adf560fd6cdc79f,60b9a33c56a388634219f5a52f82849b1de5d22203ff1a847d14465c551e2a73,1489,1219
431,preserve,preserve-and-continue,correction-candidate,ca9d49cb170698fe73fac5a432ca50ad6bd1c48c7acaf7bc1aeb68ca6b744d2a,ca9d49cb170698fe73fac5a432ca50ad6bd1c48c7acaf7bc1aeb68ca6b744d2a,08c4cc85541611e80bc2d1ecc666ac5163347b10b6096bb3c59880db31942abb,1495,1214
432,preserve,preserve-and-continue,correction-candidate,a452d10427e794cec81bed50202bcc003891626b49abfa292cf7bb6429b51f21,a452d10427e794cec81bed50202bcc003891626b49abfa292cf7bb6429b51f21,dab12b807309b4892482206d778169a24d8d114669a0afd76e93351b580254f9,1485,1208
433,preserve,preserve-and-continue,correction-candidate,82140769d8c783877ae751c2842623ee034ade4e1aa270ae2d00c193f6592d96,82140769d8c783877ae751c2842623ee034ade4e1aa270ae2d00c193f6592d96,6b613e6e12ff16c42cd1cd8095b8c08b000ff778dbcfbf2dddff47a781bf189f,1482,1212
434,preserve,preserve-and-continue,correction-candidate,2502fdefa0b758a3705f9666b7e8b718b089a9876923591f67cdaca514a0ef4d,2502fdefa0b758a3705f9666b7e8b718b089a9876923591f67cdaca514a0ef4d,4d25a0dd1af3587ddc337f5dbf63828c7db9e74d5dc02d56a1816bc1ef185d3b,1506,1216
435,preserve,preserve-and-continue,correction-candidate,9ae9bf7ce5a83740872213e597d7eee27234399c8cd5c15c9ce36fc0a1c9b5f8,9ae9bf7ce5a83740872213e597d7eee27234399c8cd5c15c9ce36fc0a1c9b5f8,9c8f3491a8cdc77da99f3bd2bee7e590b480670ef2b8223eac56a378ed2d56df,1505,1214
436,preserve,preserve-and-continue,correction-candidate,ba64355cb7da8eca98fc068a62b8a747f66fd51af51b39f9295ddf2bfe61e972,ba64355cb7da8eca98fc068a62b8a747f66fd51af51b39f9295ddf2bfe61e972,802ba7f75a5b6b325072033d9de90ddad43aa7ac5a2bb6b5853d703434e9ceaa,1491,1222
437,preserve,preserve-and-continue,correction-candidate,784cdb4695a1d100d59790a54fd54882529130390a72e78eeec6a6e3cf638dc6,784cdb4695a1d100d59790a54fd54882529130390a72e78eeec6a6e3cf638dc6,d41185789384cf29459b9eacf5363550c89f5cfacecc29e6fd273208b8395f5d,1493,1212
438,preserve,preserve-and-continue,correction-candidate,8e07a8119886356b29084ed5ecf8be19c45e11f5279936f914372cc0b5117107,8e07a8119886356b29084ed5ecf8be19c45e11f5279936f914372cc0b5117107,b2fd2f4008f37a8df483db0e9f7b7f2970d9a4e42af9ffa8767a03bd9902b4e5,1508,1214
439,preserve,preserve-and-continue,correction-candidate,80dd3309e80c074b6f399526e031f1c453ded1a48649ca667706116d086da1b3,80dd3309e80c074b6f399526e031f1c453ded1a48649ca667706116d086da1b3,f323c95fd25268db05b24cf6d9de3e5fc7074c0161e9944dec3a71b3d5919c1b,1500,1213
440,preserve,preserve-and-continue,correction-candidate,0e6a6bb52fb713a09ea33c0bb0cfe1b03a572aa632daf7ecd5575500568556ff,0e6a6bb52fb713a09ea33c0bb0cfe1b03a572aa632daf7ecd5575500568556ff,471bee94a14b59285f6ea52604bba724f6caa2c7cb205459a0d6f3c6d876b56c,1504,1218
441,preserve,preserve-and-continue,correction-candidate,351df2e5c0501d8be9195cad124154427bea0fa165304f8edfd62f8548ae6b95,351df2e5c0501d8be9195cad124154427bea0fa165304f8edfd62f8548ae6b95,755630097f93b43882653e933e194663a776273dd84d188715e740a5d83b0d11,1508,1216
442,preserve,preserve-and-continue,correction-candidate,2f56fa5f5bd5de455151bf9ec910fe5a11b77f32a8dd314b8229add7d28e8ed1,2f56fa5f5bd5de455151bf9ec910fe5a11b77f32a8dd314b8229add7d28e8ed1,5a9542cb7e450e7348af06c910422032c3a2a8a8b0a21b446cdb2b00c001bd45,1499,1216
443,preserve,preserve-and-continue,correction-candidate,ab3b4a16549378d2a453e1b93244889fcdb65936ee8c3888f2c094cd94b43898,ab3b4a16549378d2a453e1b93244889fcdb65936ee8c3888f2c094cd94b43898,483506f4b6705c01b7b685c94efbbfab68b858bc9fde0be9b25378118b13e338,1497,1214
444,preserve,preserve-and-continue,correction-candidate,826a955374326f2895c27b2597bfac1b4ba68088f687f91736b88990b0443efb,826a955374326f2895c27b2597bfac1b4ba68088f687f91736b88990b0443efb,7b9d1f9c9cb8c67fb077b26b900263680548f9ae1bf23a90c29210c40201f9a6,1532,1212
445,preserve,preserve-and-continue,correction-candidate,5ddd63936f8f09dfcf63abcb740f4783b551ad0499529b394c39de3a9360db7a,5ddd63936f8f09dfcf63abcb740f4783b551ad0499529b394c39de3a9360db7a,d05d70014fc14de0bdf14d0b4f3cf438c01f73d3fd61323c63d445adceefe8e8,1536,1211
446,preserve,preserve-and-continue,correction-candidate,280b71fec93597d0c94c33c4ef521efecde6ff7776e34622a9e41c1e94586c22,280b71fec93597d0c94c33c4ef521efecde6ff7776e34622a9e41c1e94586c22,83dd5866b39b8c98d88b0719d522c335dcb53e609f1a39690705e1267dd81c67,1500,1212
447,preserve,preserve-and-continue,correction-candidate,c1fd25470245519132a1aa01c67a09149f500a90f8ff60853d2f101b11f05d86,c1fd25470245519132a1aa01c67a09149f500a90f8ff60853d2f101b11f05d86,7a15a71299525133739898d27698d9919195321a509bbaad23a1cc52cbc11477,1536,1210
448,preserve,preserve-and-continue,correction-candidate,21d0266df1ccab846643d4c7f37d15f07c758a7d316d8161a7031b0ac8b8ac3a,21d0266df1ccab846643d4c7f37d15f07c758a7d316d8161a7031b0ac8b8ac3a,2f6bc8ed5436fd7aded341436e93d5eafb9c5750d7078448c6096dcbe2263096,1489,1210
449,preserve,preserve-and-continue,correction-candidate,8c666e27f870e64541a82a53ce3d107b496fa1c01ca42fbdaebccfb5bdcff077,8c666e27f870e64541a82a53ce3d107b496fa1c01ca42fbdaebccfb5bdcff077,497df1cd3d884060b41a46947d35afc37e5604c027ca805bc8afd4217aab5fc6,1496,1200
450,preserve,preserve-and-continue,correction-candidate,6ab5b454fcadc9cf8f1a960400f12d9ee64b97a582f7b8ff0d8bc545d3415c4a,6ab5b454fcadc9cf8f1a960400f12d9ee64b97a582f7b8ff0d8bc545d3415c4a,1974721c37365486a7d77882b7f5555e2c20e3d517e8c9ceb4fcfa6926a7c17a,1494,1203
451,preserve,preserve-and-continue,correction-candidate,2ba421ee554f667a34739a4309826b9eb2c4fa29295861d40fb6b4ad399b7c9a,2ba421ee554f667a34739a4309826b9eb2c4fa29295861d40fb6b4ad399b7c9a,4ecb69806e069829cef150745035d363797468dd76f42fdabef530beda3bfe03,1499,1214
452,preserve,preserve-and-continue,correction-candidate,ef8463ad6be6705acfcbd50a016ab3b5a18103c8e08d6246eee9b4ea914d02fe,ef8463ad6be6705acfcbd50a016ab3b5a18103c8e08d6246eee9b4ea914d02fe,18bbae977bdd33b20e15498575a91a5a23e5f33136ccc3c19158f3f85f130caa,1498,1212
453,preserve,preserve-and-continue,correction-candidate,dfd8199b51d581c3e759dfbf6740de2cf361cc7ad6b76b95c03eeaaf5d31e965,dfd8199b51d581c3e759dfbf6740de2cf361cc7ad6b76b95c03eeaaf5d31e965,17695ceaf829b89345585aee6d012f104c34b9ce7e3083e547c56b16a95b5fbb,1493,1208
454,preserve,preserve-and-continue,correction-candidate,ee1225d17be14fab2b1bc4e88805ff53b290d48531337e013723c31e09ada263,ee1225d17be14fab2b1bc4e88805ff53b290d48531337e013723c31e09ada263,9dd00e8851118e35aaafa6a5bc9da5c3c13834fde048fc5e4cdbec9eaf368cb4,1485,1208
455,preserve,preserve-and-continue,correction-candidate,040cd379ac0a4f2c88c14f4fccbd8361a9db31d37db4716586297c73a58380bb,040cd379ac0a4f2c88c14f4fccbd8361a9db31d37db4716586297c73a58380bb,fd12f4d6567e93d6f986e87a182d08e07e507119517d4cc4131306d3c25435de,1463,1201
456,preserve,preserve-and-continue,correction-candidate,498c2dd7a125f600d4eb1645c86225277cf1fea55ca1e03b6e380ba5cf4eaeab,498c2dd7a125f600d4eb1645c86225277cf1fea55ca1e03b6e380ba5cf4eaeab,1acc1ed5f2d8121b3b7916fdf7bebbd16f92f7d291f19eb14243983ee95d0d90,1512,1212
457,preserve,preserve-and-continue,correction-candidate,76789e7eda8fa8599f31c098c9433b1bde176e976fb0bdede086258fc0aa192c,76789e7eda8fa8599f31c098c9433b1bde176e976fb0bdede086258fc0aa192c,351d8b98f98908f20c04b52e7cf9e1351a4d7cb115a495d5d2aa4af0a8e58b1e,1451,1193
458,preserve,preserve-and-continue,correction-candidate,b039299163b4ddd744feed45c3580d2a0abdd24fb9eb0b774271150c1c60f418,b039299163b4ddd744feed45c3580d2a0abdd24fb9eb0b774271150c1c60f418,fe318f0cc9001b91d33cafb385ff2cfd9722a3447255da38f86222d792ce3f23,1458,1197
459,preserve,preserve-and-continue,correction-candidate,82fd73589b25620b109dc9c1e4486e540dd965649e3a8f818336aa98ef62df29,82fd73589b25620b109dc9c1e4486e540dd965649e3a8f818336aa98ef62df29,35f808de1bdd58d528df03a50203e952eadcd49003cda8895df401438c0a79f4,1482,1206
460,preserve,preserve-and-continue,correction-candidate,f6b388d716828df5a1cfad61c90e207e746ae7d7e455af45f3b4ecec3ae94f4f,f6b388d716828df5a1cfad61c90e207e746ae7d7e455af45f3b4ecec3ae94f4f,15c40e697b9d43e4fbb7f2184c60d93dac2d5d29246d2a00cb20495e04054f94,1498,1214
461,preserve,preserve-and-continue,correction-candidate,a96d68cc4486d53b5664b76d44d5f45168a6ffc91a4295f95c4792a8f3b14402,a96d68cc4486d53b5664b76d44d5f45168a6ffc91a4295f95c4792a8f3b14402,1d8567b757da08e61e487ffd6998aa3ae4ab9c2ed2722c01b80efbef9e60e339,1484,1212
462,preserve,preserve-and-continue,correction-candidate,4d72efece4ba2a2c69c65c21906ec0a66f0423e0d01a10276f4e16a74cd072f5,4d72efece4ba2a2c69c65c21906ec0a66f0423e0d01a10276f4e16a74cd072f5,d63b7568c695a798abb3327b298c4de1827d312724eee0fb7047e039ca93496e,1507,1224
463,preserve,preserve-and-continue,correction-candidate,eaf0cb5552ef0757977cb33d93fca39b36c9bfcdd7c50227aa5edb8f92e24ba5,eaf0cb5552ef0757977cb33d93fca39b36c9bfcdd7c50227aa5edb8f92e24ba5,c3f2dc970763b6d1f62cd6d26e12a91dc5153de8e56afa23f7bfa2fc5a673258,1518,1228
464,preserve,preserve-and-continue,correction-candidate,f68d95bc3e10a8938104072ce8601d0cb7b42ff5bfb3857820023ce467c09366,f68d95bc3e10a8938104072ce8601d0cb7b42ff5bfb3857820023ce467c09366,3cc248dd20e5fd74cd35a1a356c04966d2fc5b2eb6783d3a20bb24b5e9f9bac1,1486,1220
465,preserve,preserve-and-continue,correction-candidate,b5f0e88795ba4aecd1e9aaadfc6850c1ab6a83be65179570d62efb1e656af237,b5f0e88795ba4aecd1e9aaadfc6850c1ab6a83be65179570d62efb1e656af237,ba9854ae2598b7a8272cab5d07727110f7890c43bfc74fc5572195bebf2378ff,1491,1219
466,preserve,preserve-and-continue,correction-candidate,673f4db3a3d7036738ce077a83f282181677ab14dc8d76dade6aeefe85f4b7a3,673f4db3a3d7036738ce077a83f282181677ab14dc8d76dade6aeefe85f4b7a3,7faabe0f44d06ba160937d9bd25ca2197752966a11064052b5592bb35eb76676,1461,1208
467,preserve,preserve-and-continue,correction-candidate,469c2f02a228e60bcbde777ede28ad6c53b38e1453de415527d99c2cf74a7a61,469c2f02a228e60bcbde777ede28ad6c53b38e1453de415527d99c2cf74a7a61,b566812b43967ce7358860d75fdf74be3d461c0c80113c60d77b55242dc91f25,1464,1215
468,preserve,preserve-and-continue,correction-candidate,2704f554cca3f42f74d18f7592d15f60391a59f8724565613305a175627a99a6,2704f554cca3f42f74d18f7592d15f60391a59f8724565613305a175627a99a6,7c0bb5b0b9effb216e9cea06a6c2a15e3d148e034bff9e20c6f1ab34a2747f46,1457,1191
469,preserve,preserve-and-continue,correction-candidate,3e0a960fa2bad2d52c516cd203e9ebcef51c6bbc33fd199d98228a4036094a38,3e0a960fa2bad2d52c516cd203e9ebcef51c6bbc33fd199d98228a4036094a38,a29c245eb560ff42373e541749af815cb1aa642bb1d8c18c0329db14fd3b7646,1469,1205
470,preserve,preserve-and-continue,correction-candidate,82591fe253071ce6dd54b5a116052a5c56739e167b740538b067f1bfc328f08b,82591fe253071ce6dd54b5a116052a5c56739e167b740538b067f1bfc328f08b,7b4a734ac84acd4a3900a1f361e3754e29cf8b392ae266bc5f67f74ed4671f65,1495,1226
471,preserve,preserve-and-continue,correction-candidate,022993257bc52190f1cfa725633e6033ac691c3e31dca8c332219e71fafb457d,022993257bc52190f1cfa725633e6033ac691c3e31dca8c332219e71fafb457d,e872e756cc9653bfbf816a3bd0d9c19bedf2bfe7c2a315357cb75d874c8dc4d5,1505,1237
472,preserve,preserve-and-continue,correction-candidate,219708e8f0389b0e84ce5fb95d345f8bb45fe90ff517dff6f3bee99c37359496,219708e8f0389b0e84ce5fb95d345f8bb45fe90ff517dff6f3bee99c37359496,2e9027e19929b4ce3fd558945d69cd37515adf643ba5fd686b1bc81a01f230d0,1502,1223
473,preserve,preserve-and-continue,correction-candidate,9ff948babc4bacf3685c86aa7d235a65b154bb56a34f8eb46cc184dc42dda59b,9ff948babc4bacf3685c86aa7d235a65b154bb56a34f8eb46cc184dc42dda59b,d5b7a4ebabe5bc1cdfb22acc96dc971a4ea94d97da6c8f8e4ddcb263d53377c5,1499,1214
474,preserve,preserve-and-continue,correction-candidate,fb268b26d74d2e9514fe2d813a776c45bfd48610aef5fa09ca17bc87fa933d1e,fb268b26d74d2e9514fe2d813a776c45bfd48610aef5fa09ca17bc87fa933d1e,4322ce1962179f1c4fd05f06c95db8adbda8204675a3e22c369a6c612ccbc277,1498,1219
475,preserve,preserve-and-continue,correction-candidate,67c5d0aa497688d3f9a64434581e99976414045e6085ca4e5b72c17a730e0fd6,67c5d0aa497688d3f9a64434581e99976414045e6085ca4e5b72c17a730e0fd6,10577795b54a2806ce8da5b3b781f4f4b3c95e08012093aa3cc42360b33f4ff1,1488,1228
476,preserve,preserve-and-continue,correction-candidate,e04b1a65aea133c74f5c897a0e9f49fbcfe9d14400cd6c4074d6e30c3f79d1c0,e04b1a65aea133c74f5c897a0e9f49fbcfe9d14400cd6c4074d6e30c3f79d1c0,2998be20ced3fe9ecf0dffc9e71f318f63ad7ae5b96082e1a3245d474499817f,1514,1240
477,preserve,preserve-and-continue,correction-candidate,e9e627bea3f1d304e40d2ab8889fb034fbc3af47d87baf5931df1a40a3e0019a,e9e627bea3f1d304e40d2ab8889fb034fbc3af47d87baf5931df1a40a3e0019a,dc4bac7fff76fefb4aa5b1859f7afa3bc6044bed154f37e249b3323a26bce974,1521,1208
478,preserve,preserve-and-continue,correction-candidate,b80354d0ccc91d282b86ce0c67d0e37699e712dd81ab1793fb3df68429de5881,b80354d0ccc91d282b86ce0c67d0e37699e712dd81ab1793fb3df68429de5881,b69bba13c8f8a4cb31b75c324fbbc959ccf85a2b514851acba72d504559052d1,1503,1232
479,preserve,preserve-and-continue,correction-candidate,2ad6602d42ff970202d70e17accb64e260be123a7cfcc7bfec50239f61daccfc,2ad6602d42ff970202d70e17accb64e260be123a7cfcc7bfec50239f61daccfc,9887a264a7319ebdc1aefd2bf53284bcecf66edad11ea0bef575861edddbad18,1512,1214
480,preserve,preserve-and-continue,correction-candidate,892bece17a785ea9cdd685735b3d1a2480ce925ef4330117733610aaa021c1dd,892bece17a785ea9cdd685735b3d1a2480ce925ef4330117733610aaa021c1dd,4cf9182b357e917acff2eed96bd6e723d43f33db83521e3b1fc1778022ff89b4,1477,1205
481,preserve,preserve-and-continue,correction-candidate,f94eb8c2cd1c8e973c3c30f533246749f6f3bba68188f39aa0dec42b22411dc7,f94eb8c2cd1c8e973c3c30f533246749f6f3bba68188f39aa0dec42b22411dc7,333e2f830a11dbafd4cb998d357b984712346643b9540412197a032a7ca5cff9,1529,1251
482,preserve,preserve-and-continue,correction-candidate,ff5290efc1c0179288511af152bbbd4b4e5719f799ee966b5b6e9b87a81af03d,ff5290efc1c0179288511af152bbbd4b4e5719f799ee966b5b6e9b87a81af03d,ef807708e9089db15478f1a2699a6625a3781c44344d5e2bd3f34ad4c3d4a322,1485,1200
483,preserve,preserve-and-continue,correction-candidate,1c4657f9f08a1042b6fec292dbd2e530f5075615a845b88db0ca8fbd2f7bf408,1c4657f9f08a1042b6fec292dbd2e530f5075615a845b88db0ca8fbd2f7bf408,54bf558eeddb1eaab325afe07fc53124fd576bd89bd49dab5d9c40d457f984ab,1506,1219
484,preserve,preserve-and-continue,correction-candidate,1a9f22be96422a90cc5c4263362d85795005e3147495494a4806f97c4729e5ff,1a9f22be96422a90cc5c4263362d85795005e3147495494a4806f97c4729e5ff,61d4fdbf966437c33561f6f827f38e868c3c8b6bfd996184d525516dec02ddfe,1502,1214
485,preserve,preserve-and-continue,correction-candidate,e0d552029314113a1df99ec6caa80f48e52e7d07c9b0d0ae23c8730dd88662a3,e0d552029314113a1df99ec6caa80f48e52e7d07c9b0d0ae23c8730dd88662a3,c762d383fe017685c1620144622eba1560c454ad57b7a5e45f2827684d474309,1586,1304
486,preserve,preserve-and-continue,correction-candidate,741d6d22bd52762b5e44faeb9e2d3fd7433eef5c70036b98c3f0869121582c9d,741d6d22bd52762b5e44faeb9e2d3fd7433eef5c70036b98c3f0869121582c9d,b0887ad1ab8edc14b303ded6ad74b8893d1f9affaba2cbddde01ad188360914f,1497,1214
487,preserve,preserve-and-continue,correction-candidate,a83f1b0b5cd3a7e07721268728b2a23bb949f150f821e70d2ad0c38a6eda4fd7,a83f1b0b5cd3a7e07721268728b2a23bb949f150f821e70d2ad0c38a6eda4fd7,eeb920315bbf6b233ef82ab028cb1f5d0f698c52e436ac56b7055e75b120683a,1492,1210
488,preserve,preserve-and-continue,correction-candidate,81446b4da2a974a265ed57e3f6d004b3eaeb5f802a0e57e868e0b82c33fce79c,81446b4da2a974a265ed57e3f6d004b3eaeb5f802a0e57e868e0b82c33fce79c,12912a0e2d5e0ea64fb5c526c90b7137473cad3dffb237364fb990e8199d445b,1493,1214
489,preserve,preserve-and-continue,correction-candidate,55ffc15e7afa604d876c4fe772b5fa693e8a520a1fde218a94c5f589ae942e32,55ffc15e7afa604d876c4fe772b5fa693e8a520a1fde218a94c5f589ae942e32,a1abfa8605c236747a4f4f3da3c80436a63ec9383446b48780750df9b8126ab7,1485,1210
490,preserve,preserve-and-continue,correction-candidate,3991212459b47004d08390453e46867060745436dbbb7ee77dcfdc252c2b1416,3991212459b47004d08390453e46867060745436dbbb7ee77dcfdc252c2b1416,1422b0c7273bcdb3040a6bc9bb2e2695c31061cd9499cf22ebdb14cfe37f6ba2,1497,1212
491,preserve,preserve-and-continue,correction-candidate,417183deba88d6bfc47233bbc89a977337a5ee08bff436672f4a51a7ea93f944,417183deba88d6bfc47233bbc89a977337a5ee08bff436672f4a51a7ea93f944,37f7032013630ddaff881feb78a1b31adf5c80c43f867b1180703f734b8f0948,1503,1206
492,preserve,preserve-and-continue,correction-candidate,51ee2ffd4d993c2f2a517d01e5c5445497bade0dcf35d63c0c3b4ab224f7f726,51ee2ffd4d993c2f2a517d01e5c5445497bade0dcf35d63c0c3b4ab224f7f726,e1ea8815e20b486ac41d88377bc52529391e39ca5884750d59e53e27d72730db,1493,1216
493,preserve,preserve-and-continue,correction-candidate,3f687523aa8755434477211bcb494d656e26357538cfedbc70419a435b68d1ba,3f687523aa8755434477211bcb494d656e26357538cfedbc70419a435b68d1ba,1ee8562a4e5585cf228660cd3b85525a5b24c5bd6466883f4f1cc4140dc3c5b2,1485,1214
494,preserve,preserve-and-continue,correction-candidate,3a6ff963dd812b0ebf1ae779579714dc7b5ec3f58fc07b594c3156ceff49a91d,3a6ff963dd812b0ebf1ae779579714dc7b5ec3f58fc07b594c3156ceff49a91d,f0eb474860d3ba65f6ef95c09bbb5c4daed0e3d1666b6572b2c38d0a0d5ba257,1480,1214
495,preserve,preserve-and-continue,correction-candidate,27d419b7a3a30501b42cb69a28312cdbbadb44677195953e1cf3852df74868f9,27d419b7a3a30501b42cb69a28312cdbbadb44677195953e1cf3852df74868f9,5b15e245379587d0680126f949ef445089f8c79b7a6ba52095a67987d04d6ef7,1493,1208
496,preserve,preserve-and-continue,correction-candidate,bf291d9627ab5e705a877700e068ee80c6647eebe1b9d37a789047543a967cde,bf291d9627ab5e705a877700e068ee80c6647eebe1b9d37a789047543a967cde,873fa56d565452a8cea595d4ef55a93456f64615ca8affb03ea272399a8e73db,1475,1208
497,preserve,preserve-and-continue,correction-candidate,b30f681507eb41e846cef971b0ae59498a587013738124322b69d67c67358e93,b30f681507eb41e846cef971b0ae59498a587013738124322b69d67c67358e93,db504701718ea1f5df66c2d856338eb383d90df3941af880327db3b2b7c36547,1469,1201
498,preserve,preserve-and-continue,correction-candidate,a1d94150ec25f5062dd3fa0cf8209c371ebe3ff0be822552dff3b2d3cefe2fcd,a1d94150ec25f5062dd3fa0cf8209c371ebe3ff0be822552dff3b2d3cefe2fcd,8215759cb3669e191f1350cad8e42a02b80e99342b56aeab1afc2a132a1ed956,1457,1195
499,preserve,preserve-and-continue,correction-candidate,064b0770a1c4637a919ed12d942a0bc4407a1f1c6566e964cbe32e0b7c8fd8df,064b0770a1c4637a919ed12d942a0bc4407a1f1c6566e964cbe32e0b7c8fd8df,52e22d8a956eb073ffc4d60bcebbf79c850043f1b2c2fa0ef44fa89d29f974c1,1455,1200
500,preserve,preserve-and-continue,correction-candidate,9068b3cbaa1bf011f9f0786928af206217f51edea68838d51b1b234a3e3a335b,9068b3cbaa1bf011f9f0786928af206217f51edea68838d51b1b234a3e3a335b,d261b9c3eff660af7976123d2bf0a5d63144aa3d5a1f5dcb0f9b4bac5851a271,1479,1207
501,preserve,preserve-and-continue,correction-candidate,919cc027f8e2d8122d3e717baa21016888558b02f960c214cab824991f8bee07,919cc027f8e2d8122d3e717baa21016888558b02f960c214cab824991f8bee07,ae3be518e7a4f3fd7171fa9d1e4e8a4ee123a75ee45b50077cc5dc2a94c9f179,1472,1197
502,preserve,preserve-and-continue,correction-candidate,71f1dc3c4731f092334882e3951b041f5497e2df5bcc3f0f60a5020a12cbfe2a,71f1dc3c4731f092334882e3951b041f5497e2df5bcc3f0f60a5020a12cbfe2a,51bb256dc0c8c305784d3ad7670cefd877cdec57105563d82bad8f5f20524189,1488,1214
503,preserve,preserve-and-continue,correction-candidate,1f3a1dfd5faccdf50920e4c3222ba514b96da76906a9c04bdc53210237efe255,1f3a1dfd5faccdf50920e4c3222ba514b96da76906a9c04bdc53210237efe255,cbf654fe06678f6678d3af19a4529b19ceee18ccd7d3b98aa06c46e05df6c817,1474,1212
504,preserve,preserve-and-continue,correction-candidate,fd74ea1e6dcb5e4b27f5243af65bc759e8e2cbf89730747c2da11a0e94d84fd2,fd74ea1e6dcb5e4b27f5243af65bc759e8e2cbf89730747c2da11a0e94d84fd2,c6dc641f41a0f24e8e62f8bd39c15c5b5029a8ff9895ba9883142ae27331f672,1453,1208
505,preserve,preserve-and-continue,correction-candidate,809170a537aba7d0a7960555f971869990e44580bd611fd6938051520193773d,809170a537aba7d0a7960555f971869990e44580bd611fd6938051520193773d,bc4b55a9adbf56324d19231001c977cad9760f50ad57c7aab104640684e1ecb0,1478,1212
506,preserve,preserve-and-continue,correction-candidate,6bc25d3018fb1105caceed56708a993be73d05dccb1d4951c4118218f775af39,6bc25d3018fb1105caceed56708a993be73d05dccb1d4951c4118218f775af39,80905d0468c94db8f4447f7ce12b40f2a06036259174423607adafcc49fdf4a9,1477,1204
507,preserve,preserve-and-continue,correction-candidate,8ff112cd2fd2e5c4dfd1103b73d27ee9f6dfdd7c003adcd9a08f7f1c3c0cfc92,8ff112cd2fd2e5c4dfd1103b73d27ee9f6dfdd7c003adcd9a08f7f1c3c0cfc92,19e9a490a25a06ae248b1b8f0b93b1dab21ac63934aeae41f2741b2fbdfac738,1446,1202
508,preserve,preserve-and-continue,correction-candidate,bcd9a530480bbd9af1a5194ca641aee39b9860c406de3b320009787bea31d4b8,bcd9a530480bbd9af1a5194ca641aee39b9860c406de3b320009787bea31d4b8,ad9e2a627996b958bbf89ccc86e53ee729c16d85412e4b729e381ad8080a1e7f,1481,1210
509,preserve,preserve-and-continue,correction-candidate,071fe1f60e6c332451b0c351aabf6690f9e9f9ce53914795cc9d14a16805b9e1,071fe1f60e6c332451b0c351aabf6690f9e9f9ce53914795cc9d14a16805b9e1,f0a989aef12f49c2ab0018a3e06d901095bb540ba3a9af99fa91eb18c949db0e,1572,1294
510,preserve,preserve-and-continue,correction-candidate,da9938706005d3adbd334fae51126e9c82ca45cf873259212c29e4940d8c9bd7,da9938706005d3adbd334fae51126e9c82ca45cf873259212c29e4940d8c9bd7,35d4a9df2d5a46ca6f8d2c699f84a599364754cefd198e4cea087b923aa560f9,1468,1213
511,preserve,preserve-and-continue,correction-candidate,f91f02f5ec002345919fb5ebffe3ef4b426aa2ee08b9dfeae020aac58ba70860,f91f02f5ec002345919fb5ebffe3ef4b426aa2ee08b9dfeae020aac58ba70860,0794b7bb950a9ffb8b1a5146f2d7b6cce9be0ea983c529a54df321ae8781f903,1455,1210
512,preserve,preserve-and-continue,correction-candidate,a3a6f77769f735af02280ede7047ffaa2faa39cd4380a4fb3ed6e9f6cbf82f75,a3a6f77769f735af02280ede7047ffaa2faa39cd4380a4fb3ed6e9f6cbf82f75,adb2d23b81e518ef4a962cd17c327dfac47d8cca330c86d4b037d098e112370a,1478,1210
513,preserve,preserve-and-continue,correction-candidate,64dadc4621dacf21e7dbf45ac13957622a05d7ee40a31937972451f5971e73db,64dadc4621dacf21e7dbf45ac13957622a05d7ee40a31937972451f5971e73db,83d645fac1dfc05d887b3c7989ee6fba0016eb12535c94953a0e9a0fac4e5141,1486,1210
514,preserve,preserve-and-continue,correction-candidate,c348f50cd128f51fb7ee23673802be4b0bd0e4a0207f78e15d7b10de008d572e,c348f50cd128f51fb7ee23673802be4b0bd0e4a0207f78e15d7b10de008d572e,d1fc253a3bee2830daf3fcc3e42936524a62f4c71eb15fbd6e6c4fa19896b3a7,1485,1214
515,preserve,preserve-and-continue,correction-candidate,dd3420fee35cf5e408f4396b4158c3261a111c2322391bcf74e3bed77288bc19,dd3420fee35cf5e408f4396b4158c3261a111c2322391bcf74e3bed77288bc19,e50401f28353a8ac5482ef6026d0f8d12f1ae294ad61c61cb31e3ff8699033d0,1495,1210
516,preserve,preserve-and-continue,correction-candidate,d0926416f02ede88ec1d341e7673c955145677219b562fc028a2c2eb0a35179c,d0926416f02ede88ec1d341e7673c955145677219b562fc028a2c2eb0a35179c,f635a0711f114cee0c2ce6c975ed4fb97026ac2b6878f2bc117050e553d731a7,1483,1208
517,preserve,preserve-and-continue,correction-candidate,044364caa7d8e88f61c3bc88ba1ae589d91128306354f32377fd2f0eeff17a51,044364caa7d8e88f61c3bc88ba1ae589d91128306354f32377fd2f0eeff17a51,51f2b78bf0db67422f3a686e399ebd135ba2039b969805c237e9278348cedf9b,1478,1212
518,preserve,preserve-and-continue,correction-candidate,dd420665cd874df83a6e4c95dc4c9353eb66eca6639f29fd2ed5fb8610c75c24,dd420665cd874df83a6e4c95dc4c9353eb66eca6639f29fd2ed5fb8610c75c24,bd67f118eb68ef7bd07ed69bd2fd2c325864d3eb9ee336f825be7f3cc96b7bfd,1475,1201
519,preserve,preserve-and-continue,correction-candidate,08e501f3625a45da4cfde58f873e69ac41cf0b6ded7969712101dcedb7d8c3ce,08e501f3625a45da4cfde58f873e69ac41cf0b6ded7969712101dcedb7d8c3ce,0d13eac265c59ad737b5973df866fff07d2e40d828e5d789ac4968c355eead69,1510,1229
520,preserve,preserve-and-continue,correction-candidate,81a2c5c69d54042481ad14162a97e507d9891ff554374fe6496d94947d8f1d2a,81a2c5c69d54042481ad14162a97e507d9891ff554374fe6496d94947d8f1d2a,53a16cf0f5a2255c196ca8ee95ee5b99d1a23a8256b23cf399c7355bbb7aca27,1512,1231
521,preserve,preserve-and-continue,correction-candidate,8e8463c4b237d9ae4bf4019e5657344e58e11d825a066c4e96d9febf7d086dc4,8e8463c4b237d9ae4bf4019e5657344e58e11d825a066c4e96d9febf7d086dc4,9c816925babdda2ba4328690de9db92940aa83abfe094474f19596678acc1261,1555,1234
522,preserve,preserve-and-continue,correction-candidate,9290011fab744a0e57b42a86dd0be0cf410b508692c2b18a80e2a52168426c9c,9290011fab744a0e57b42a86dd0be0cf410b508692c2b18a80e2a52168426c9c,9b69746dbe7e96a61383931e02b3254fff066cf8399bb7bf6d00a4cfead9ebd5,1514,1229
523,preserve,preserve-and-continue,correction-candidate,a6ab8874851241454f83d566a4dcfd46cfb846fce01d1f5f0aceff4f105ce631,a6ab8874851241454f83d566a4dcfd46cfb846fce01d1f5f0aceff4f105ce631,4e373e17382de570ae9d432148a68a29ec50296f336b7a663250d3fbe7b1a873,1523,1229
524,preserve,preserve-and-continue,correction-candidate,ebdfa12fd0cdd5b70ac6d171adfec9e2850d693c415069c5c1b53edd49509dff,ebdfa12fd0cdd5b70ac6d171adfec9e2850d693c415069c5c1b53edd49509dff,d4ec8ef21537a7a94bdf3226820d63964e7afd8972b786eec7505f06c8ec21c8,1519,1237
525,preserve,preserve-and-continue,correction-candidate,f3af837edaf5f44b9c53af1211fcc34b132de7c7794d57a79ff584d65d8781e1,f3af837edaf5f44b9c53af1211fcc34b132de7c7794d57a79ff584d65d8781e1,788b6a8c47569462204acdd179a6f5e846700690c0e2105e4b48405b6a3e1614,1549,1229
526,preserve,preserve-and-continue,correction-candidate,ef9c32bcfae7909a7ff81ab3b6232cc6c71a3acd52ee0c70cec43f4c591ef2fc,ef9c32bcfae7909a7ff81ab3b6232cc6c71a3acd52ee0c70cec43f4c591ef2fc,d421f5a33e3cd6ca2a39e238f2a339b5fba06e6a2eea7446acc154db6ab20563,1526,1225
527,preserve,preserve-and-continue,correction-candidate,6f6add43a00635c3fd9ede0f5b3dae0d257d3458a970d220edb6f8b697b7ba11,6f6add43a00635c3fd9ede0f5b3dae0d257d3458a970d220edb6f8b697b7ba11,18c8e7eb658a0cd3c9105378db71053945c5f007e4bea15863011b711cec24e1,1523,1223
528,preserve,preserve-and-continue,correction-candidate,d7c26558a4bba5ff2d84ae0e68823f2ea2b89c8d6338fe041b0f376c22f0b529,d7c26558a4bba5ff2d84ae0e68823f2ea2b89c8d6338fe041b0f376c22f0b529,8fe139ad0df115732f95c3e1fd2f58507a9d53431bdc43a0fc30f031b3107a44,1516,1233
529,preserve,preserve-and-continue,correction-candidate,cb0177e26df05eb90658ca7ba86fd4831ce5b03730cb914b34423ed886bdf5f0,cb0177e26df05eb90658ca7ba86fd4831ce5b03730cb914b34423ed886bdf5f0,9cce7250017e47909dc5b2e51117c320223fb83f51f282684e71197bfb294373,1514,1229
530,preserve,preserve-and-continue,correction-candidate,f2c897c953c79dd2bcb6ca48b44ce121ec916b14e3e854f1a608df7e6824012f,f2c897c953c79dd2bcb6ca48b44ce121ec916b14e3e854f1a608df7e6824012f,d7e9e481eb9b084011a5d6a52115a4b57e88112a7cfe12d7fb91dbbe13a7280f,1506,1234
531,preserve,preserve-and-continue,correction-candidate,553d54e613e53c7ab24e8090452e1aee9e7412fa62859a49880fd017d7dfb016,553d54e613e53c7ab24e8090452e1aee9e7412fa62859a49880fd017d7dfb016,19d3cd93693fa9f8effd94efde8188a4661a77d0773c09b7d88a03f234c92d3f,1507,1235
532,preserve,preserve-and-continue,correction-candidate,fdd43e247dd190a4c3d8dfc782ccf5c2ce2f141b225c9296eea2e436635e4a97,fdd43e247dd190a4c3d8dfc782ccf5c2ce2f141b225c9296eea2e436635e4a97,2d747352b3944524828c4bd950af46b2d65f11ddddfcb212481db5cc5fe9a4df,1507,1242
533,preserve,preserve-and-continue,correction-candidate,87ff68aa792742e6581016d8f05927a3a80254f714fe6dde3dfc2488078e0b02,87ff68aa792742e6581016d8f05927a3a80254f714fe6dde3dfc2488078e0b02,01831b3362fb827ef15795f25bee0111ceb06d179d269e8b160c19111bfda8f6,1488,1213
534,preserve,preserve-and-continue,correction-candidate,42039b9d8879a624d7efaed2ac9b8981b5cc575412a51109fa4a56b5f95d208a,42039b9d8879a624d7efaed2ac9b8981b5cc575412a51109fa4a56b5f95d208a,6ad2340b48c8bcf4895f24747b15d5d5a96f979ec2b41a553bbbd8f368a93d04,1510,1229
535,preserve,preserve-and-continue,correction-candidate,4dddef608b079ae2c6238a498409cfaf4bf54908ae3cfb5584a028be68fe8173,4dddef608b079ae2c6238a498409cfaf4bf54908ae3cfb5584a028be68fe8173,33f25213581879c4a594c0bf0064c788031115c7a9b2ff04de7456a77321ae1f,1487,1216
536,preserve,preserve-and-continue,correction-candidate,760c1e0b1bc6b2a63341174d407c5a1864608dc2482b52ceeb4b0c61ad5fbb4e,760c1e0b1bc6b2a63341174d407c5a1864608dc2482b52ceeb4b0c61ad5fbb4e,115b668817320b0eab092d1bf5850827427cc19ad9bd7d3b81761750b97a987b,1495,1225
537,preserve,preserve-and-continue,correction-candidate,0322f87298d466beed7aad8b0fb35c65ee1f6ae01826244c7236566829709a36,0322f87298d466beed7aad8b0fb35c65ee1f6ae01826244c7236566829709a36,d7c84773a035e8469c61fc85cdd8487936db08c50e70b97fcbdf273e5d5648bd,1488,1210
538,preserve,preserve-and-continue,correction-candidate,1f1977887524c2874fbf43834f8db84cbe40e256548b895f67036ac68163c6c2,1f1977887524c2874fbf43834f8db84cbe40e256548b895f67036ac68163c6c2,ebc59dfe233d75300c8051f06839bf92ebb9e6d82e90c5e684aeb144c0547df3,1471,1207
539,preserve,preserve-and-continue,correction-candidate,6d10f9fce1194cce20825793dd3115d7885fbf85286407296d3544badd5a74f0,6d10f9fce1194cce20825793dd3115d7885fbf85286407296d3544badd5a74f0,0c48b99663a3004197cbcd34729bbdd00e5672f60d4070c5b9512037cab4267a,1487,1216
540,preserve,preserve-and-continue,correction-candidate,a6bcf825be1dab671bec71d8393efffa78c0786036c1a1d2c311715f1a7a0ae7,a6bcf825be1dab671bec71d8393efffa78c0786036c1a1d2c311715f1a7a0ae7,d7aaca409f955d82b5d65155fb86070a708da3a48107a8ebaa7ab165cd9bf66c,1490,1227
541,preserve,preserve-and-continue,correction-candidate,9323068aacc783668c1d5eea995cc6010d32c8811a1aea2975e2980c73d1e485,9323068aacc783668c1d5eea995cc6010d32c8811a1aea2975e2980c73d1e485,02dfe5cebd2db7bfe3a3f80bc571dc8ac3262f651dee9094d42d105b5ee8786c,1488,1237
542,preserve,preserve-and-continue,correction-candidate,046818225fef546fed1baecaa83c65b4b9836b0d8e73746a8c593448f863a4fa,046818225fef546fed1baecaa83c65b4b9836b0d8e73746a8c593448f863a4fa,a54dc41a6e9a39f65e225a67e2ba512b6bcb691c0125447243b8f21f55823d24,1482,1236
543,preserve,preserve-and-continue,correction-candidate,fe9cd234d68de1fca671204c3cf5471d86a44a4f99342063c7ef2e426b9bac1e,fe9cd234d68de1fca671204c3cf5471d86a44a4f99342063c7ef2e426b9bac1e,ff4712bc3f868f3296bed6a1107e56f5a47e2097d1ede19c96c8ed145b9d0ec8,1480,1208
544,preserve,preserve-and-continue,correction-candidate,8d412f990a31681a28fd4f70b60725a737d969fac3892d41ac0527487a3f9950,8d412f990a31681a28fd4f70b60725a737d969fac3892d41ac0527487a3f9950,af24bd75ed9d65900ea854b40b941f5ad7562d1fedbca5d6e288a90561e034b2,1495,1210
545,preserve,preserve-and-continue,correction-candidate,9c47e8ecbc7871655a86760dc220b0725068efab0813cd8c2368213d783d77fb,9c47e8ecbc7871655a86760dc220b0725068efab0813cd8c2368213d783d77fb,857411f0cac9fd502c794fd3e75f5def832ecd75c0e1825263315e690cc858b6,1490,1215
546,preserve,preserve-and-continue,correction-candidate,b8721140a8614981e9adf3be43bd644e3b9d4be62109baec769d00adad10174b,b8721140a8614981e9adf3be43bd644e3b9d4be62109baec769d00adad10174b,56e819177f963cff0bf0fd18e38f0843e18d997ec881ba0f5d2b6f8627df1b4e,1478,1210
547,preserve,preserve-and-continue,correction-candidate,982918e026604ffb435378f99eebd43008aa1acf756734f123f0391048e9c275,982918e026604ffb435378f99eebd43008aa1acf756734f123f0391048e9c275,23be3dd6d551d1d587cc56a5a5b508babed008da8bb2cb6dc315464ed6e24a7b,1486,1200
548,preserve,preserve-and-continue,correction-candidate,ab6aa1fd3b3db30b211e92082c471ab0d378fca1ef70424a6526d8e93db1f3d7,ab6aa1fd3b3db30b211e92082c471ab0d378fca1ef70424a6526d8e93db1f3d7,513eb210b3066ff1d18f8bf63f0b3c5a88be07e80f3a307003f8228ad83f23b1,1471,1210
549,preserve,preserve-and-continue,correction-candidate,e8e1e355c4c67f3f273d1add7fa8c50428932fb403275a2d3542f723f25417cd,e8e1e355c4c67f3f273d1add7fa8c50428932fb403275a2d3542f723f25417cd,dd2593ba848d56417cfef627cacb2bffb40918f5abca87d9f9b2d491629423eb,1499,1229
550,preserve,preserve-and-continue,correction-candidate,0384ec34ad457e05cb56dce71598b64397b68e6795f8efde5333a41fb270a4f1,0384ec34ad457e05cb56dce71598b64397b68e6795f8efde5333a41fb270a4f1,44aa127920495f7f075a06052ff3cb82a330fc0acfab91437edad10c67841a7c,1508,1225
551,preserve,preserve-and-continue,correction-candidate,159c6b8193e0ca308efbf2082c127aff4b8f315ca82a811b7853dfbdbf5be409,159c6b8193e0ca308efbf2082c127aff4b8f315ca82a811b7853dfbdbf5be409,c2834170403aae698e7adecbb87429e295c5ef1c9b4b2b0be6b06b9ca3adb259,1524,1241
552,preserve,preserve-and-continue,correction-candidate,e1f4a7ee53eb0fe6f4ace5683365262e13bfbabb45acf00e8eaed295dc6be500,e1f4a7ee53eb0fe6f4ace5683365262e13bfbabb45acf00e8eaed295dc6be500,aa8498ca6b357e8a6e344ab3259aca0f413999f79a9dddc9f5271ab55e2f2cbe,1500,1223
553,preserve,preserve-and-continue,correction-candidate,f4a5d54a51531697be70525a1e3d8f3df7681b0587ee280d963ff5a9caa0adf5,f4a5d54a51531697be70525a1e3d8f3df7681b0587ee280d963ff5a9caa0adf5,e825d29963ffd7cf09e001db894a474e1b91e3eafcb59f141ff960c7532244db,1483,1234
554,preserve,preserve-and-continue,correction-candidate,cf412f5ea7446580a237f55982bf2d317984d834076ff3867bd551dc0ee7a254,cf412f5ea7446580a237f55982bf2d317984d834076ff3867bd551dc0ee7a254,7052c3e2e1b44be2e3045ea734c90d4e5a95ace1526c40bc810b3fe77daafbeb,1463,1200
555,preserve,preserve-and-continue,correction-candidate,a06627889544311f5e6c3dbfa198f709989a0d352e596964e7d76c10740be8af,a06627889544311f5e6c3dbfa198f709989a0d352e596964e7d76c10740be8af,a48227a13acec7ff4fc2fa5ba3f0056aea5028cd0de979e5adadb4c3683b7b86,1464,1208
556,preserve,preserve-and-continue,correction-candidate,3364b59d85bdd0f33889a5f197f024e47cd2141f36e22eb258ec6172943bee67,3364b59d85bdd0f33889a5f197f024e47cd2141f36e22eb258ec6172943bee67,d981dfc2298afb67a0e83d482d1322f38e5a39778af812850410548653331896,1470,1200
557,preserve,preserve-and-continue,correction-candidate,470e0c7e7f28f30f4e55751f04ef964bbff02ef12cdf8b8e52ddb8c97bd39dd0,470e0c7e7f28f30f4e55751f04ef964bbff02ef12cdf8b8e52ddb8c97bd39dd0,94218841be2c01ab53de63c31c0f6bfee59a67b4de59f4c84b836d8327bb90f9,1446,1184
558,preserve,preserve-and-continue,correction-candidate,d4355ca798173e133df7dc26b37e299490a49ffc44e1e827708becb6ad8da33b,d4355ca798173e133df7dc26b37e299490a49ffc44e1e827708becb6ad8da33b,a75a845921237a2c9308dcaa9bc1f82730d58ae511dc9ddf86e22bf701a857f9,1463,1199
559,preserve,preserve-and-continue,correction-candidate,3bf60618370017b952b0405fc8d97cd1b5a77a7ead8d276cac1fd9fc000c88c1,3bf60618370017b952b0405fc8d97cd1b5a77a7ead8d276cac1fd9fc000c88c1,abed15d4f1f8e038cbc97cf733cfa6a55f32cf974361817778722b6a9c36cdb9,1474,1200
560,preserve,preserve-and-continue,correction-candidate,c310ab83934e091269562910babee8cced821d07494b9f45dfeeed8cd590380a,c310ab83934e091269562910babee8cced821d07494b9f45dfeeed8cd590380a,b4aeb25f24ac25345b0b60592cdb1ba6dd140b011aa47231741f16f40f2f6c05,1458,1197
561,preserve,preserve-and-continue,correction-candidate,3b97b93cea2e83123f243dad98a67a2806a0da37e8e2e54914cf81d81e6c3265,3b97b93cea2e83123f243dad98a67a2806a0da37e8e2e54914cf81d81e6c3265,811b20129b7cb99f22685a8eb35abd19ab0caf92a173aa22860815b621bba8bf,1465,1196
562,preserve,preserve-and-continue,correction-candidate,97d55f4a3283acee78b55d37257e7f47e1b35c51edee33c36cad6af6f21050b0,97d55f4a3283acee78b55d37257e7f47e1b35c51edee33c36cad6af6f21050b0,3140ec1444a38fb93603390e925efaf1344bb2f04746cbe8d1233be07118ddbc,1479,1204
563,preserve,preserve-and-continue,correction-candidate,991f5976e12c8386dfb533a9b342c1b41cf382c3420932c6574c47e18d5fa1e7,991f5976e12c8386dfb533a9b342c1b41cf382c3420932c6574c47e18d5fa1e7,e75ae79a269374c84f323f5fcaecff1022858a05ea6b2e2e8d004a7290c283ff,1458,1190
564,preserve,preserve-and-continue,correction-candidate,b321de95019a3b0df494a434e947a88d6c2073af8fdfebcabdb4b50c2af49ff8,b321de95019a3b0df494a434e947a88d6c2073af8fdfebcabdb4b50c2af49ff8,543942cdd5f8313524c3db6b7aa5b0bb2f0f1c2fc0761b064875e79d85880695,1475,1188
565,preserve,preserve-and-continue,correction-candidate,69e7a7f05401591f00425e6a30e7c21f688198f5c3d53880c89af261e4ed63c0,69e7a7f05401591f00425e6a30e7c21f688198f5c3d53880c89af261e4ed63c0,9daf0ae83525a0870c1f62593c671a98fb231b15baa5d810d8f8312c25310bdd,1473,1177
566,preserve,preserve-and-continue,correction-candidate,277c49d02bade6043db30288d3f526bf7a8d30d93d8a62d78e34baea1170fc0c,277c49d02bade6043db30288d3f526bf7a8d30d93d8a62d78e34baea1170fc0c,5f8560a7e5f5e4161efb00a6378a12955748957d37aed67b5018207e6cd24ff5,1468,1185
567,preserve,preserve-and-continue,correction-candidate,477c7225fd278d1dba8454b477d854b76a04748d0f83c3b7bbe4ef56e67dcb5e,477c7225fd278d1dba8454b477d854b76a04748d0f83c3b7bbe4ef56e67dcb5e,140fff37246cd45dc0030c4aada1a9ab7e7e2a3a934e9c7d8f501f6e85a18885,1431,1182
568,preserve,preserve-and-continue,correction-candidate,18e2d7da47df9170d4179842732a15cb310ce0202be0117ac93dc51e8fd7ed5f,18e2d7da47df9170d4179842732a15cb310ce0202be0117ac93dc51e8fd7ed5f,4373b23c447a4217d18fbad07a996724c432d433ac2ed24ed274c60cc39b6537,1471,1174
569,preserve,preserve-and-continue,correction-candidate,7e9785ebb3ee7793cca7ce1502932e6e7cc326036cadf34037f678ed7a12e2f1,7e9785ebb3ee7793cca7ce1502932e6e7cc326036cadf34037f678ed7a12e2f1,cd7d1fd0d91b21acedebd7f7c88676ec129370ce5541eb743b6b95211fbb1df8,1469,1214
570,preserve,preserve-and-continue,correction-candidate,e2c2181bf94df5c476978d13c77a8e5385051ccb20e21ca79dbc44688426e3c7,e2c2181bf94df5c476978d13c77a8e5385051ccb20e21ca79dbc44688426e3c7,876ec28212a0b15e8dd55bca1c1a340fb8fff49bc19e18d65eccfb1ec9c3fef5,1456,1209
571,preserve,preserve-and-continue,correction-candidate,e433d64e34bf86001de4fc99053aed175eb2ba5590bd4affe433da6b0ed0a6f7,e433d64e34bf86001de4fc99053aed175eb2ba5590bd4affe433da6b0ed0a6f7,bcd5805c7341e794ee2ecfd6cd8a8083edf512097b8302d114897569e93292b5,1465,1214
572,preserve,preserve-and-continue,correction-candidate,586896d20a9293985230117c74dd59f32043acf1e33d23a6a98f721a46b0758a,586896d20a9293985230117c74dd59f32043acf1e33d23a6a98f721a46b0758a,af4bf81f1f4fc99fa3f45254f54cfd4faec556ba46d0f25978e013f23fa6111a,1471,1215
573,preserve,preserve-and-continue,correction-candidate,d7ccb242c62176e821f9fe58a34b1113a8a1a15318f8de72f89f5daf662a8498,d7ccb242c62176e821f9fe58a34b1113a8a1a15318f8de72f89f5daf662a8498,ecc2e9c9104d4570424c5b78efbe86d34edec659a5d6293a6514c68be15bdf90,1469,1216
574,preserve,preserve-and-continue,correction-candidate,26848ea05039bcc4d0b5c5aa2c2ed34f29d0d3753e58fb0101daf3e1d3ef05b3,26848ea05039bcc4d0b5c5aa2c2ed34f29d0d3753e58fb0101daf3e1d3ef05b3,4dac3a71baccef8fa0df6e6f8102a0bf2f72b3d2849af20ad2765f87300c46db,1489,1231
575,preserve,preserve-and-continue,correction-candidate,b7e3f3d5eea4360148c364fd82bcf545e49fad205d01c9ae110c0f3267a1de4e,b7e3f3d5eea4360148c364fd82bcf545e49fad205d01c9ae110c0f3267a1de4e,1f644baf3b20bb5b7d68083e5a02359672eb8d4bae51cd360454c1adc66c2f42,1431,1183
576,preserve,preserve-and-continue,correction-candidate,ce73acc1df876e1e88c6f819d6f6a817c7704c7f8ba2110f5a5721d03fa2eaf5,ce73acc1df876e1e88c6f819d6f6a817c7704c7f8ba2110f5a5721d03fa2eaf5,261142f8ae7304a2c020c32ea13b76e1ade8428f91970575cbbebb7175ef2bfc,1419,1190
577,preserve,preserve-and-continue,correction-candidate,9792babb99fef89307e2806e9c66a6464c8fda1348372b043c57cc331eb5f74c,9792babb99fef89307e2806e9c66a6464c8fda1348372b043c57cc331eb5f74c,e5471f6d6a92a609a97e696af9afbd7c2925e96e33181cd0d70d49cadd3e9a05,1424,1185
578,preserve,preserve-and-continue,correction-candidate,12c5662577919a137cb0b0afd143528d8d2e9ae0bb9044a54f672d3e840bdad8,12c5662577919a137cb0b0afd143528d8d2e9ae0bb9044a54f672d3e840bdad8,125eb9e423a26516003398f94d3b0618c18c578473a7fd2f9c33e902de55bc2e,1427,1193
579,preserve,preserve-and-continue,correction-candidate,f299312283c8e0be47fd69dc39bfb57539f36c988c4d2de7a42b86a397a21fc7,f299312283c8e0be47fd69dc39bfb57539f36c988c4d2de7a42b86a397a21fc7,2498d2d55d6285ce99cec2a75ff71d76d0e085b3584a0fcefae17534c3bb7a14,1413,1177
580,preserve,preserve-and-continue,correction-candidate,93cdf9b3da2c2704b8026a6048d3a92475bc09b3bd0f53d806b5aff1ab9b7c23,93cdf9b3da2c2704b8026a6048d3a92475bc09b3bd0f53d806b5aff1ab9b7c23,7cf7167cfbfc360074fc8419754c2464ea3b3e3257b1c11b6cdd0e41d267b149,1436,1186
581,preserve,preserve-and-continue,correction-candidate,c516e7eda20a97c4b809e592cc93030dd260ecc66d304c59bc8f8f827e5c1e49,c516e7eda20a97c4b809e592cc93030dd260ecc66d304c59bc8f8f827e5c1e49,148b5728b3b0f9fe7e554c1c0ad6c15ae3cb311d11ffe8419ec23576d96274e7,1435,1181
582,preserve,preserve-and-continue,correction-candidate,7028b2318fa0eafbb3cdc842bac35d676175472577850ce910c82ba783770769,7028b2318fa0eafbb3cdc842bac35d676175472577850ce910c82ba783770769,452af8f6d197f976c5db7f7584909a2d2e5ecc26d80122612bfe6dbe76d7228b,1439,1188
583,preserve,preserve-and-continue,correction-candidate,f08839f47ffd0244219561f776c90a679dbfb692969df76a5c65d156f486ff20,f08839f47ffd0244219561f776c90a679dbfb692969df76a5c65d156f486ff20,1d5ffb34e50772da1b345590ad45df5fb62a6bcc5661bae3abf1e2e467e64af0,1412,1167
584,preserve,preserve-and-continue,correction-candidate,e07bbdec8fe8bc3e6441c9457605f0c376131dd369a80e85e0c9086d4881cf23,e07bbdec8fe8bc3e6441c9457605f0c376131dd369a80e85e0c9086d4881cf23,799f96e0ebbde8ce3d6e5c44a8e5ce10fe34dfb9e24dfcaefd17725edcf21645,1453,1192
585,preserve,preserve-and-continue,correction-candidate,3555038af47097f91e7c340f67c8bc880fc487a8c318d339500989cf3440a47b,3555038af47097f91e7c340f67c8bc880fc487a8c318d339500989cf3440a47b,e8984005a4cdbd6f9a66bf345e6bd04b5f7d9503c5fcf935ea370ec80c2ed64c,1421,1184
586,preserve,preserve-and-continue,correction-candidate,9e4a53b03f6d9c6265bfec61a6634f9a947850a6386597851fd05b5add1a0e2a,9e4a53b03f6d9c6265bfec61a6634f9a947850a6386597851fd05b5add1a0e2a,2eefa9f9084d5aa59a16015bbc42b52d31f9404b3019b3e20d4a74a5981951af,1452,1187
587,preserve,preserve-and-continue,correction-candidate,df5066c51c22f8a700ce840428f493ebadf3c9c8de96cd0d1e10d37ecd76a48d,df5066c51c22f8a700ce840428f493ebadf3c9c8de96cd0d1e10d37ecd76a48d,35e267d90d14814033dfe4c46ed72072fd8e7b75bccb9df9696006adfe39aa94,1449,1187
588,preserve,preserve-and-continue,correction-candidate,03ad615309604153bb49ae827f1d30b2c1e5ee5f9f732d8962ed73c231559b32,03ad615309604153bb49ae827f1d30b2c1e5ee5f9f732d8962ed73c231559b32,abd2d9abd342ebcc4d9868b69228221446ba78fb98234881e9d9b25b5d022940,1445,1187
589,preserve,preserve-and-continue,correction-candidate,40849143898201004cc7cbe6b56c9d4eb3ae1b718ad8f7fea32323d3b38f5473,40849143898201004cc7cbe6b56c9d4eb3ae1b718ad8f7fea32323d3b38f5473,03a616a5324acb8a3a7da9833786f20d337359f3cb8311e86db1a4a920161acf,1566,1289
590,preserve,preserve-and-continue,correction-candidate,5263d280ba769baab05c3cfb68e675f2d0ae063eb996f8ae06450300b257f4fe,5263d280ba769baab05c3cfb68e675f2d0ae063eb996f8ae06450300b257f4fe,0f0347967d46dc4e073622afe41549b15e50f7bca04517fe64b9ebd2601ae6e4,1461,1196
591,preserve,preserve-and-continue,correction-candidate,68a4f87541fcf95716349a68307b37fbe1478b8389e613e8ca591e76f0c35c9f,68a4f87541fcf95716349a68307b37fbe1478b8389e613e8ca591e76f0c35c9f,75a423fff0971230be823ee8fe829b976c5397863c8d20a5d6a9195355d15670,1428,1184
592,preserve,preserve-and-continue,correction-candidate,6be3f0cdea68c3cba5cc57b545fec84d437d5a4db8e7e4e135ff6a14d6615ddc,6be3f0cdea68c3cba5cc57b545fec84d437d5a4db8e7e4e135ff6a14d6615ddc,8e323d10c61f60e8a542e984076914162f9b19c3872fc815ae9d24e65103660c,1440,1188
593,preserve,preserve-and-continue,correction-candidate,0d3bc3bce669259e9e290bac858da266fe6cd47a5712c113d5d054d6e9916bd0,0d3bc3bce669259e9e290bac858da266fe6cd47a5712c113d5d054d6e9916bd0,4e0c9f77a45f8cf8ff1c50985d097450a97d4be25140ea36f9be58935551327f,1442,1186
594,preserve,preserve-and-continue,correction-candidate,02b68044020f8ba1d8f99e146c78202057c3a9543aaa0314bff082cb8ab963b2,02b68044020f8ba1d8f99e146c78202057c3a9543aaa0314bff082cb8ab963b2,b343223f781534661d5375b970fc1e6d31a03176a152e16239bb06747cc54f22,1446,1184
595,preserve,preserve-and-continue,correction-candidate,747c94ed7d7c5c15efc72a8d0d1288eac53b7aec61cef888ae82fe1fbb2bbd65,747c94ed7d7c5c15efc72a8d0d1288eac53b7aec61cef888ae82fe1fbb2bbd65,0cc5079eef09cda5412a77459109533d1c9d7427b8947eaf6f4498ec2003bd29,1428,1178
596,preserve,preserve-and-continue,correction-candidate,13455beb76f5ad14863a76b4726fea121d6e5e53068d6ac1602815fb15ef1de7,13455beb76f5ad14863a76b4726fea121d6e5e53068d6ac1602815fb15ef1de7,12230335bef3a12ce40e8be73b03e3c2f7778d120b8ecded3827821f94327200,1422,1182
597,preserve,preserve-and-continue,correction-candidate,eee425e31bc7cdf98168fe67b765ba2af2ffa4beda99dcc3c39f1a17504240ab,eee425e31bc7cdf98168fe67b765ba2af2ffa4beda99dcc3c39f1a17504240ab,4626ce80d5adacc7382c9cb7eb3d56094872ded37d3f76f4640989ecbeefb851,1527,1251
598,preserve,preserve-and-continue,correction-candidate,f16b6b61b885ed34d1761afe3d596871940e0a803e27d66c6f0d939d531c1105,f16b6b61b885ed34d1761afe3d596871940e0a803e27d66c6f0d939d531c1105,dd94650401dea0f4035da446f9345167e4f5fdbb3c88cd5a6a48a43fe0d648ba,1516,1250
599,preserve,preserve-and-continue,correction-candidate,2c0b8da0bf441505c8b300b18063096eceb5cc335bf8823043a80943364b2ce6,2c0b8da0bf441505c8b300b18063096eceb5cc335bf8823043a80943364b2ce6,3874e9c270b040f82924c4509dbf5d84af9c1f1cf8cb5fb8e43f96d8fdaa3b10,1504,1237
600,preserve,preserve-and-continue,correction-candidate,6bef7e1fa988fc11d6d5ba4bf3d14bb21cfd298aee6c4b600d42a50e4dd76617,6bef7e1fa988fc11d6d5ba4bf3d14bb21cfd298aee6c4b600d42a50e4dd76617,88e94598f6b8917502db37dd3c5b0d058accafa03b00652a5e7a0e731beff3ba,1585,1307
601,preserve,preserve-and-continue,correction-candidate,e3f96cc1f44f38f6831b1f2e22652230383bd9f89cf766501f839ae005076b41,e3f96cc1f44f38f6831b1f2e22652230383bd9f89cf766501f839ae005076b41,6b0704427ce43b920f0adb63df6153c5f7a88b86be345e8fb9b8e76f7d631ce3,1470,1210
602,preserve,preserve-and-continue,correction-candidate,f6e130ead43c7a1c43571ad8ed5eb99f1e1dd6afc0f17d9f9cef624942136680,f6e130ead43c7a1c43571ad8ed5eb99f1e1dd6afc0f17d9f9cef624942136680,1fe976b1fb7eb248e9b3471fe682ee4e363478871a29e6e30437d8854b640854,1433,1183
603,preserve,preserve-and-continue,correction-candidate,f8a47064908dd53266269f6bbb97a4e98ceeac2e9047786060d84aaedbac54b2,f8a47064908dd53266269f6bbb97a4e98ceeac2e9047786060d84aaedbac54b2,8f04aebd6de493454e3559d1e45f8abb7c0334c9b04296d36ddd18f1de532713,1512,1232
604,preserve,preserve-and-continue,correction-candidate,7c73ad0399f13d8337272d14ab6e8c6d50fe43d923b6991a2a38badd21b058f3,7c73ad0399f13d8337272d14ab6e8c6d50fe43d923b6991a2a38badd21b058f3,3edd559114036e287d95e2748048d7c7862e90fe8184d40481eb30dc2489e320,1589,1299
605,preserve,preserve-and-continue,correction-candidate,a187aa53e2436c7bb357a79a9100bedc1cb92a126139411a2d378a23e0527517,a187aa53e2436c7bb357a79a9100bedc1cb92a126139411a2d378a23e0527517,57e0914478402ab1db0a02d120b1cecf660bf1f5e6303ea9e6fd639f02fe87b0,1522,1246
606,preserve,preserve-and-continue,correction-candidate,386c6e0c672fbc042da8a41c41071e448c0a9f450cc48ad4901b648e8479ecbc,386c6e0c672fbc042da8a41c41071e448c0a9f450cc48ad4901b648e8479ecbc,de28480002a1f539a8e2bd4c1f05437ee5f32a2a56c7f56f0a3a4f85be928f03,1459,1198
607,preserve,preserve-and-continue,correction-candidate,48e46c98961bcb985ebfcf2b486454f468618b8d03cbb5e128a20bb5ce1f1721,48e46c98961bcb985ebfcf2b486454f468618b8d03cbb5e128a20bb5ce1f1721,4fa74a4d9ea809aca9a26d1fde01220ef1eb9f576e930fbfcdd0a260cc367165,1535,1260
608,preserve,preserve-and-continue,correction-candidate,6914864733fbd9833082d1dc71b07f855c6a599797bede7d28a476349a098356,6914864733fbd9833082d1dc71b07f855c6a599797bede7d28a476349a098356,862a9e9ad4d0adeaed52f24f5fca6e2cd16415b8d2a52f0c21f2143a656f3438,1583,1298
609,preserve,preserve-and-continue,correction-candidate,3215e5741f395788fa64523c237007de4cf56323c8c029e90365fa6758a0baf8,3215e5741f395788fa64523c237007de4cf56323c8c029e90365fa6758a0baf8,28a62d9cc7f7c43f26e775ec7c56432f6f7983b4bff6eb3ae34d0dbaf947df26,1440,1188
610,preserve,preserve-and-continue,correction-candidate,235579d5dc925d6fcf49a0e7a1b6163241f1d6589a5306c0a54ed5de80a00bef,235579d5dc925d6fcf49a0e7a1b6163241f1d6589a5306c0a54ed5de80a00bef,5525765186aaa66d09cc61f22412ffeb8f9d35d71c71134465c92ca76c54df70,1439,1205
611,preserve,preserve-and-continue,correction-candidate,9fac9e9b21a231e7bcc7f2bbb1af9fabf50f87e6fee9460636a60dc9b91037df,9fac9e9b21a231e7bcc7f2bbb1af9fabf50f87e6fee9460636a60dc9b91037df,bf1de834d87993bd83fb27b353cde4cfb0ea5a5b5caec9d82be9060d81e53df5,1482,1222
612,preserve,preserve-and-continue,correction-candidate,d9a328627b213a63780681ab82bc28274412f104129c8a6626b57815916e56c1,d9a328627b213a63780681ab82bc28274412f104129c8a6626b57815916e56c1,97208e1ca77b942e72e46b65f30d695a3aa04c7b9e91e5aa56378d67deda2e01,1593,1305
613,preserve,preserve-and-continue,correction-candidate,f4de55e25c99f1d18370d740c0d15bf0c98bbd67ad531b06bbe5ce177b514826,f4de55e25c99f1d18370d740c0d15bf0c98bbd67ad531b06bbe5ce177b514826,02c2a47ebbb47b74d0ed5f396be8a4a1438f9ab573afb6e02854151a15f66c07,1498,1237
614,preserve,preserve-and-continue,correction-candidate,1e6ff583085e48d0d25d9822456633a2dc4ef56a26b314340ecd540f74da9c3a,1e6ff583085e48d0d25d9822456633a2dc4ef56a26b314340ecd540f74da9c3a,267e8d80ad7be75423934a9196c7f68d711bc7e50e4eace4568f62eae12ce48a,1475,1221
615,preserve,preserve-and-continue,correction-candidate,82a6ddf0a741c2125d55de9711cf9ced13c69fe0250cebe7d543e5d8fd08ed20,82a6ddf0a741c2125d55de9711cf9ced13c69fe0250cebe7d543e5d8fd08ed20,cdb47e2c01b818a15a6c812935243e035468be3ce53878a1e0dfd37b52704ce9,1466,1209
616,preserve,preserve-and-continue,correction-candidate,3a3b83ebc469135a26f886985ffa9a62ed14048a4cd277ac3752506645065430,3a3b83ebc469135a26f886985ffa9a62ed14048a4cd277ac3752506645065430,f9b3242aa257e80fe2414b16fc08401fec6837961836b111948089ef284b33fe,1448,1196
617,preserve,preserve-and-continue,correction-candidate,91124f8d9eb228dabf42585b494461cdd22d371847aaf0e2d97e05c2f20937f1,91124f8d9eb228dabf42585b494461cdd22d371847aaf0e2d97e05c2f20937f1,71a9009491483a97bf4d34f53bc2a488954a55e43a0885464fbf7439939c4a9d,1450,1198
618,preserve,preserve-and-continue,correction-candidate,9576c226aa860de7db340831c7f98080666981b137c475b5ca7742f7543e1cc6,9576c226aa860de7db340831c7f98080666981b137c475b5ca7742f7543e1cc6,a16fe3a7656afe30b6f59e19c44b0c26aba30179398de6ae003a403e61f69a09,1449,1194
619,preserve,preserve-and-continue,correction-candidate,f4345949bb6f1fcd474531b7e9a6357c7568cbdf076ccb6892716ecf1c2437b6,f4345949bb6f1fcd474531b7e9a6357c7568cbdf076ccb6892716ecf1c2437b6,d11c40dd2bced61d9855e0e3bf823b1c9cba1ce5cc05458cfe7f1edb3bb968f2,1438,1197
620,preserve,preserve-and-continue,correction-candidate,180381686f40e1517b9ebae9715d05d8b07ddae27552286ea344eddd6c035b7e,180381686f40e1517b9ebae9715d05d8b07ddae27552286ea344eddd6c035b7e,944b908f9fdb1d0658fc5a4f62f13e07b708883d17dcd8112c0366b5e0caa2c2,1435,1190
621,preserve,preserve-and-continue,correction-candidate,a1baf2c7811be8593ab8c1eb515a22c32b1a90949f4b82a4f51fec8b9fd70439,a1baf2c7811be8593ab8c1eb515a22c32b1a90949f4b82a4f51fec8b9fd70439,22b0cc20f8c287c87d259492990a31e77a32b147c3bc450b027c373834588469,1451,1197
622,preserve,preserve-and-continue,correction-candidate,641295192be1de00c6d13e187ec68ea01389155ae40326865138db6b8d11f534,641295192be1de00c6d13e187ec68ea01389155ae40326865138db6b8d11f534,d9e7c034ab1c03d6aac499b8d72b743acffc44445102680104e5f9e5defce88b,1442,1189
623,preserve,preserve-and-continue,correction-candidate,cbcb7830bfb733bb8149aab5dd5871e264396688d689abbd59f0e56745102c75,cbcb7830bfb733bb8149aab5dd5871e264396688d689abbd59f0e56745102c75,3766fa3b12035d02c1fa4bf664075972a03eb87952f0441ef90d8568e0ccf819,1444,1192
624,preserve,preserve-and-continue,correction-candidate,e8d53bbadf6c7f3ea167574d39ed7c3c4cfb8d5886af242ee962061ae34c0548,e8d53bbadf6c7f3ea167574d39ed7c3c4cfb8d5886af242ee962061ae34c0548,008b436feec4a9d87468166192d3243008004a5f50c6e372a21ca2e552c3fa13,1451,1197
625,preserve,preserve-and-continue,correction-candidate,9017712ecd5f1c43e5ef03462aa4f6e02d74984753582426c9413e805649eead,9017712ecd5f1c43e5ef03462aa4f6e02d74984753582426c9413e805649eead,82f7de674707f3cb7c74ca86a13210c72c9a86d1211b3f9a5a20e705c3fcf571,1456,1200
626,preserve,preserve-and-continue,correction-candidate,d01e942ba008ee7813c4ada614f9a2c07d1399c37134b612b262ad2617e1a3bd,d01e942ba008ee7813c4ada614f9a2c07d1399c37134b612b262ad2617e1a3bd,890ae739614b75a7731069f45b5e60d4ac9a3371b73ea0877684f50078d69b38,1442,1196
627,preserve,preserve-and-continue,correction-candidate,19ded1c1a09e06f6a0303662b3ddf2be78c22ef20a4af362eb156a4215a8f4e7,19ded1c1a09e06f6a0303662b3ddf2be78c22ef20a4af362eb156a4215a8f4e7,770cab456d5e783d2c025d76b38ee65e3fc79a6b4c0ba0aa6f12654e10de2bdf,1446,1193
628,preserve,preserve-and-continue,correction-candidate,660f17cea62e17c49a5a2c23362ce5b0197fd0e6560837156704cc1d149d9653,660f17cea62e17c49a5a2c23362ce5b0197fd0e6560837156704cc1d149d9653,e0c03ec1e48d36bd217efeac9aaacc398f89ba9cc13ec6cbdeac462e05cdc792,1446,1199
629,preserve,preserve-and-continue,correction-candidate,47edf9a07fc19cb674ae2c391eee3d8055095fc7d3f2db7a3850c0c864717380,47edf9a07fc19cb674ae2c391eee3d8055095fc7d3f2db7a3850c0c864717380,5ec027e006dcbca3fb3faf811062b9088c66e0b785eb2b02ef6219ad2ac8835b,1448,1190
630,preserve,preserve-and-continue,correction-candidate,ded9079fb85c0c3bc9685e861556edff07134cae1cc4a4e00812ef7d7cac0a1f,ded9079fb85c0c3bc9685e861556edff07134cae1cc4a4e00812ef7d7cac0a1f,8d382d2a4b2bb985fdabc0d56b455a01a932238ba2ea2b535bec757535bba07e,1546,1276
631,preserve,preserve-and-continue,correction-candidate,7a0889ae1876cd2d56845690585b5b7043f715867440d6cf6ae3c80c1666c031,7a0889ae1876cd2d56845690585b5b7043f715867440d6cf6ae3c80c1666c031,1b998016822dfdde15b5a1d7f69086f6b7aaad58301f3a86dc8899f419062abc,1448,1192
632,preserve,preserve-and-continue,correction-candidate,6d033acd55f9df26263429fa51620b11eb0250e7a217edc003a23aa72e444a13,6d033acd55f9df26263429fa51620b11eb0250e7a217edc003a23aa72e444a13,8c75e5a8605b38f7948d490d4223746d40b7e93e13db85a8d78ec9ac7e7129ab,1457,1195
633,preserve,preserve-and-continue,correction-candidate,e0be0294c49288df92f413c761ef3d8a14b97e0cc927e58c2858e376d725d5be,e0be0294c49288df92f413c761ef3d8a14b97e0cc927e58c2858e376d725d5be,185fa5461ff0b09928e54b56381a93eda4189066730d1477c582f24ec14f8d8a,1453,1198
634,preserve,preserve-and-continue,correction-candidate,b07f3921acf0dd84019c6d1c4dbcf6040ca12186a513ef260c448414f365b6ff,b07f3921acf0dd84019c6d1c4dbcf6040ca12186a513ef260c448414f365b6ff,e7983488127371b48f11078b724b40fb6735fb7b5295438a1bfacd6d1cc2c65e,1446,1196
635,preserve,preserve-and-continue,correction-candidate,57fc1f655582d0ee076144e9315bebbf7bd3291c73207409e1bab2bea8515554,57fc1f655582d0ee076144e9315bebbf7bd3291c73207409e1bab2bea8515554,9ddbcf0a0b0a860ab193ef879b5f7148b33acd4816c534e0d544555a601aa418,1437,1188
636,preserve,preserve-and-continue,correction-candidate,a4bf8b914fadabb4c4da02e100a02fa0ea54a221cbdd19be31e0e892de881e4a,a4bf8b914fadabb4c4da02e100a02fa0ea54a221cbdd19be31e0e892de881e4a,bc6281a52e6a29be44de6bd0f4818ec414f572e2cdeb19dead8860018db722df,1463,1203
637,preserve,preserve-and-continue,correction-candidate,109e54bc8ba2a2e96729f394e5d043e5113b6c39e720bac725c55bd4989f4664,109e54bc8ba2a2e96729f394e5d043e5113b6c39e720bac725c55bd4989f4664,b25f01c72ac11657e71e8460d0a915156a207ebb7a370c803c95c271f16609f8,1448,1192
638,preserve,preserve-and-continue,correction-candidate,3a5473c63d2faa0fd751f3068ea99b8cc478c38678b71126dc41d40395ec7830,3a5473c63d2faa0fd751f3068ea99b8cc478c38678b71126dc41d40395ec7830,1408959e3aa3712c508a9fa55353d4dd9c51a763befcd8de86df2ad307f2731c,1458,1201
639,preserve,preserve-and-continue,correction-candidate,a2e9e3661282a59ddd6e7b00972c23f922e936fe5c8c48430c3e8ad6ce8d4805,a2e9e3661282a59ddd6e7b00972c23f922e936fe5c8c48430c3e8ad6ce8d4805,76d853cd0410f3a6bd53ac6d5b92824a69d137406ef7a8f76bf6ff80c9a9aef9,1543,1267
640,preserve,preserve-and-continue,correction-candidate,d34cd5a2c6e27d2f8417b30f7e159ed702c8e0738c9d12055f4622ada00a332f,d34cd5a2c6e27d2f8417b30f7e159ed702c8e0738c9d12055f4622ada00a332f,df48efa8653e4ca2eff71d395248a8cc5b83f4789a4bf259706ed1281ee0b4cb,1444,1189
641,preserve,preserve-and-continue,correction-candidate,57ee94bcdced5c17768b15d7052ebf3c90029becfdcd14a6dc06beb4b0164961,57ee94bcdced5c17768b15d7052ebf3c90029becfdcd14a6dc06beb4b0164961,8497b891e9e402705106a1a19722c37d159c58b3d9678bd74054dba09d458e36,1450,1188
642,preserve,preserve-and-continue,correction-candidate,418d23b316efe82c588c3ed0ea0b77e2d03a74460a70c08a7fdd7dc3e71b3191,418d23b316efe82c588c3ed0ea0b77e2d03a74460a70c08a7fdd7dc3e71b3191,8069af92d3a0764224dd36e4b7d6829d1b5d1a6835e25fcbe949e02a9ed9edef,1450,1195
643,preserve,preserve-and-continue,correction-candidate,275954b695dc7cb570d914fc715b81230dd9f0787c7b1ee2ecd6edba196e3816,275954b695dc7cb570d914fc715b81230dd9f0787c7b1ee2ecd6edba196e3816,8b9d6b9631abc59a2592ac5661f9788fe8676f28127b93d453439c8edc0a633a,1441,1182
644,preserve,preserve-and-continue,correction-candidate,f0b81686c88b0cd652e806ac904bf4b57763d186d4506d453fc17382b0c661df,f0b81686c88b0cd652e806ac904bf4b57763d186d4506d453fc17382b0c661df,3887f55410c325211139d58a8547d56ef38a118d8ef33ffafbee63dbbc5190c6,1518,1262
645,preserve,preserve-and-continue,correction-candidate,e2418755c1e6b2a688538b7d4d8391f844da3974d9ae821ba6128afe439a2924,e2418755c1e6b2a688538b7d4d8391f844da3974d9ae821ba6128afe439a2924,3589a5bb3b3b711d929d42fd25e9f429f18161ec54c75b601a4cd418b141bd5e,1577,1289
646,preserve,preserve-and-continue,correction-candidate,a540a9e3b557848c7ba19d321597d5ae01b1289785833feb087197f7600d76a4,a540a9e3b557848c7ba19d321597d5ae01b1289785833feb087197f7600d76a4,fd538753f58e4c00e36ee52fb51a2c60fadf075615e0d56b7073df370d5b8a43,1432,1179
647,preserve,preserve-and-continue,correction-candidate,92b72c1d21a21da6f998219d8c8492e5724c963f110fc7d9abae2627f665b6bf,92b72c1d21a21da6f998219d8c8492e5724c963f110fc7d9abae2627f665b6bf,a32301ebcb1eb3575f122355f5a3baa7bb10d7a15d2d7c39a632593a1b439f3f,1450,1175
648,preserve,preserve-and-continue,correction-candidate,bb2451df3fc8c34e2c76bc2087ab48d37c9fd818a8396b07090080913ab97ebd,bb2451df3fc8c34e2c76bc2087ab48d37c9fd818a8396b07090080913ab97ebd,1f5a1a76e2059f5dbe6a347e18eec09d5ae05fea53c77e6f4b3f91726ec7f6cc,1579,1308
649,preserve,preserve-and-continue,correction-candidate,8a7ea9315518b87e5f756b740608135fba69ce8bb576a9d68285367c70be7da5,8a7ea9315518b87e5f756b740608135fba69ce8bb576a9d68285367c70be7da5,191cee6e587b94874ea4053d3fd7a5492063e718dd1f0146451936d227ffd941,1423,1163
650,preserve,preserve-and-continue,correction-candidate,e8cafc3f2260bec45901014efd928b3773274bf2d3c74bb0a13d5d028dd36088,e8cafc3f2260bec45901014efd928b3773274bf2d3c74bb0a13d5d028dd36088,dd9c9e46f8c33eec1cea4cfc4d9f33d20f9c76b828b094bcf56f3105e3944e67,1427,1171
651,preserve,preserve-and-continue,correction-candidate,c7f0e42953dd6057e753d16c0d81a041691bee2401acfb78e5b7660b486c4a47,c7f0e42953dd6057e753d16c0d81a041691bee2401acfb78e5b7660b486c4a47,e1f52ff661d6a0676517f16684e3a83eb331179d6defdd4fb5b92cecac90b2ef,1431,1170
652,preserve,preserve-and-continue,correction-candidate,0b89de8f006a113edcffef07aa83fbd95647d893ab833964d8ca5e5a748a75d3,0b89de8f006a113edcffef07aa83fbd95647d893ab833964d8ca5e5a748a75d3,c887f6929b33d487437feaefbea905ff6a0dd5d329a20fe12d09e1a753b59380,1434,1181
653,preserve,preserve-and-continue,correction-candidate,8a3e9e5984915214732b8ece5f0b0c4d2465010710c590be269cf9110773a9b6,8a3e9e5984915214732b8ece5f0b0c4d2465010710c590be269cf9110773a9b6,92132a5292cf15ecad7ff0723d0de65490a0871b61a6ee8f01647343b38eef45,1474,1203
654,preserve,preserve-and-continue,correction-candidate,7a612ae8e703bda1fb960e7b89aa4dd801b6b7409c9f4d114be0c048b7e87470,7a612ae8e703bda1fb960e7b89aa4dd801b6b7409c9f4d114be0c048b7e87470,50f3aae10fe80cfc6249f1657aca78bd2c9c668dc54a88ccea76be38762b46cd,1452,1183
655,preserve,preserve-and-continue,correction-candidate,f779818e9bf980dbe02a2d266177ca12a9a8616db7c5e5f4759ff813e6a99513,f779818e9bf980dbe02a2d266177ca12a9a8616db7c5e5f4759ff813e6a99513,2f45c297fb80b39a7439212c10dca9ef26a9c500d3164a352d9f328b9b1b5284,1570,1287
656,preserve,preserve-and-continue,correction-candidate,3731c999ac767fabd7aaf251d61f3abd9ddcece8e9099bff6f5f89210009a6ca,3731c999ac767fabd7aaf251d61f3abd9ddcece8e9099bff6f5f89210009a6ca,b8a532ac8e22a8a625cb8232242001ba4ef8d9b991f05f44b4518d8e50f412ba,1444,1182
657,preserve,preserve-and-continue,correction-candidate,5706846d0ec391287e0990b6a35c827546cfb7a75276a0997a0a629b7643b800,5706846d0ec391287e0990b6a35c827546cfb7a75276a0997a0a629b7643b800,b24240dfd35b71cf0babe6856226a1d820bd51f6117513cbf3970eeab8d507b0,1447,1191
658,preserve,preserve-and-continue,correction-candidate,15f5e5e54c0cc206875b5af18bdec2756de653ccedfe898246f16b3efea360ec,15f5e5e54c0cc206875b5af18bdec2756de653ccedfe898246f16b3efea360ec,f5d01d4e0e33dc5b7c8167c39c877bc3d8b428736e7e91f5fba33e75e02e1b77,1444,1188
659,preserve,preserve-and-continue,correction-candidate,5a21e149931f945b38d131850e23fda5b99a9aa593612dab58cf47449859bfdf,5a21e149931f945b38d131850e23fda5b99a9aa593612dab58cf47449859bfdf,7aefc2e85e14a7e2650eda46c8cc94625f6e52bd5a17cbd5a800fe18cbab2465,1453,1193
660,preserve,preserve-and-continue,correction-candidate,440b550efd5d3fcde70acb27a610bda8e2d6fb93fc996274f33a36652edc9ad9,440b550efd5d3fcde70acb27a610bda8e2d6fb93fc996274f33a36652edc9ad9,4ba5670f0ada68a29652246d905aeb33e068ffa58d2ce76a314a7e4ae1899041,1494,1225
661,preserve,preserve-and-continue,correction-candidate,66d54da197f823b2ae77b8dda0542164e685e64347b84c3f3d68e3bc11b2ae3a,66d54da197f823b2ae77b8dda0542164e685e64347b84c3f3d68e3bc11b2ae3a,c2bb85e444e1e6b7b230cd38f40fc708e5d92df81cf93cda11c2b531a4bbe04f,1452,1193
662,preserve,preserve-and-continue,correction-candidate,fe9013b7fb38fddaa382451f5118dbb505f7620dbd29c9503dd70da09b0eea8a,fe9013b7fb38fddaa382451f5118dbb505f7620dbd29c9503dd70da09b0eea8a,02d44f68b7e714385f17400ee49086e7db2ae271ac91a6dd9f5c0dcf0830033f,1436,1195
663,preserve,preserve-and-continue,correction-candidate,23d1b55ba39de88bb7b5a9e1d6b1da102ca2088fe8a7eefb28e4380a7e3a660e,23d1b55ba39de88bb7b5a9e1d6b1da102ca2088fe8a7eefb28e4380a7e3a660e,6861fd6ce2b2c368faa24dc49822fcb83c4d675a997f614313d5d2b73d8829b5,1453,1191
664,preserve,preserve-and-continue,correction-candidate,31bdf8ddb85490818ddd1d0eb0f6178d419fdcc8140d4bd4c2d16d49e5ef9d14,31bdf8ddb85490818ddd1d0eb0f6178d419fdcc8140d4bd4c2d16d49e5ef9d14,72966923eb553e862bc65fd6e3bb5af6855e1e4100432022ad75e1d2eba75c88,1449,1193
665,preserve,preserve-and-continue,correction-candidate,d77dffbbd715e2f54d9a5ddd841b32e356547308e1a8e72f111e307dcde2fd85,d77dffbbd715e2f54d9a5ddd841b32e356547308e1a8e72f111e307dcde2fd85,6448832161690072dafb2ed2a48c87fc5f18113af6079ee2893ee87d2639ac76,1450,1190
666,preserve,preserve-and-continue,correction-candidate,2f12a984d77b9b84ffc19c434b75f1787b846fd14e8fb8d163ef1077d4e20a22,2f12a984d77b9b84ffc19c434b75f1787b846fd14e8fb8d163ef1077d4e20a22,741a0c2f1f97c577a3c012d87a36e2b7d5447b639d3645c7fda599321c72076c,1444,1187
667,preserve,preserve-and-continue,correction-candidate,94d9ef20a1e96534438dda381e84f94d4a23772f3ec3a137e73e78567b2b0aa8,94d9ef20a1e96534438dda381e84f94d4a23772f3ec3a137e73e78567b2b0aa8,d80ec775ce6386a7d7c239d9ebe54c712a36d4b10d69ccd61634ca21f1fe760d,1436,1197
668,preserve,preserve-and-continue,correction-candidate,205969561be9a4c5f09f0e261731decaf5e9cb97816cf02699497282b31385f2,205969561be9a4c5f09f0e261731decaf5e9cb97816cf02699497282b31385f2,a8aa5b20572d3b372711c502ed42158d055e108be865ef4f46b70f4d07b5ce0a,1458,1208
669,preserve,preserve-and-continue,correction-candidate,fb47ddc83c2a0f6a070d31e6230615fd87f2ef240d1114b6671156e2f610728c,fb47ddc83c2a0f6a070d31e6230615fd87f2ef240d1114b6671156e2f610728c,25bbf9fe653be69c6f227a716203ee9b870223160a1b53ee42d898456951c963,1428,1185
670,preserve,preserve-and-continue,correction-candidate,433efcd0d46b3c1645f9b017cfce60333e8b74ef17618f5cfceceadd18c91862,433efcd0d46b3c1645f9b017cfce60333e8b74ef17618f5cfceceadd18c91862,4107ddd9b43bc1bf672d51227368d9155552ce336f5fae8bb27e2fba29273555,1438,1193
671,preserve,preserve-and-continue,correction-candidate,4874f4bde4344211c6cc430b03d493b72b9d5a7e6596dc1904e294f534e08e53,4874f4bde4344211c6cc430b03d493b72b9d5a7e6596dc1904e294f534e08e53,427e9c44129cb148a6e2abebb4c12644a5060a805180bdb91779a48ac3a29b73,1446,1177
672,preserve,preserve-and-continue,correction-candidate,ff618e9c508ec722ffcc4f7e3469cfe23f5f1c12d1215b98a8ea29d42764bc5e,ff618e9c508ec722ffcc4f7e3469cfe23f5f1c12d1215b98a8ea29d42764bc5e,22d1bf705044be0f8f5f29b4cb8af0c40dc5400c7c79630ec09a2432c3c2e213,1441,1188
673,preserve,preserve-and-continue,correction-candidate,d22d86cae65cd3799d2faf9356e12e92284d40945970fad8dab129412443a195,d22d86cae65cd3799d2faf9356e12e92284d40945970fad8dab129412443a195,6c5537b8be77ecc29252e8de48a84762a57d63f5cf8cfc614b16fe9673512277,1436,1182
674,preserve,preserve-and-continue,correction-candidate,1c3031bbff4aa3e38e54ad2038e8e6debb8f7046c90f131d494df181c757471c,1c3031bbff4aa3e38e54ad2038e8e6debb8f7046c90f131d494df181c757471c,2de9c82a56ddee5ebeeac2aa3df50acd66577a1ca9c2baf812a4c57c794f70e2,1451,1192
675,preserve,preserve-and-continue,correction-candidate,27ed53950c213f9531b3b6f9b33e496ff7ffad129f3c9852475f5a933f4b6db1,27ed53950c213f9531b3b6f9b33e496ff7ffad129f3c9852475f5a933f4b6db1,4ce5a6b794cd1a68a6976483102d456067be875965880aa67a2b6fd71f52e423,1375,1147
676,preserve,preserve-and-continue,correction-candidate,96651bc2da7ed06ee9d61ce1c973f1db97a3781dfa3bb421878b8cf804ad1d1d,96651bc2da7ed06ee9d61ce1c973f1db97a3781dfa3bb421878b8cf804ad1d1d,10b5155e3af98dadfa43c2e730f655d6ac52b8c70e3fd067ebdcbe826455564a,1140,1352
677,preserve,preserve-and-continue,correction-candidate,f1c2be2a67403b1874d6005151707d84389e6d2f27837a627fe7099b31173552,f1c2be2a67403b1874d6005151707d84389e6d2f27837a627fe7099b31173552,90a47461edda4d547918a8624f9892da3da3691d72983a3bc675da8e321ea611,982,1308
678,preserve,preserve-and-continue,correction-candidate,42c1513e7d71b45052b556b33a95aeb0bdda5d9e15f4f5dc3d3840f0599771a7,42c1513e7d71b45052b556b33a95aeb0bdda5d9e15f4f5dc3d3840f0599771a7,b86059c115260eba08f202a5aa3ce848dfc4ee499f0ea9a4946bc2448cc3d52d,1432,1289
679,preserve,preserve-and-continue,correction-candidate,7ce9b319f54f31a04f82907039aebbaf1c520f7e34d86124fc4f0a16080e97a9,7ce9b319f54f31a04f82907039aebbaf1c520f7e34d86124fc4f0a16080e97a9,1fc80288c68cac0ca1776c842574b00a620cd7dbc92f10fe8f12174eb081b769,1455,1276
680,preserve,preserve-and-continue,correction-candidate,248d6199feabb09524b29e1b0139d3ccf993b4eca374dd09b527739c2c61e7d5,248d6199feabb09524b29e1b0139d3ccf993b4eca374dd09b527739c2c61e7d5,1617e3dfd5399226fe63bff5bfdd5e5f3dc9cd172006a3c3dc41beca08b56f42,1449,1294
681,preserve,preserve-and-continue,correction-candidate,02852b22a6b33c16484f3e8f2a37f00a24023c8feffebd54abb40b0c5f46f533,02852b22a6b33c16484f3e8f2a37f00a24023c8feffebd54abb40b0c5f46f533,8b2b83be605bf4f4f2dbfdba33cbb3cf6cd563afa3a0ce87537ba356c9078e0b,1392,1227
682,preserve,preserve-and-continue,correction-candidate,24db26eda1dad01d5547d7447bcf524d6a8f9a4bbc603510a1272cd7810bf3b3,24db26eda1dad01d5547d7447bcf524d6a8f9a4bbc603510a1272cd7810bf3b3,63e2818c653e50ec9565fdd9f24f2c18c64b9607318ce6c43b4ecdab141627fb,1365,1214
683,preserve,preserve-and-continue,correction-candidate,918764658b1bc4a7737633b76974c6180eb0a5ecc822be12bee67fbaae0a6cbd,918764658b1bc4a7737633b76974c6180eb0a5ecc822be12bee67fbaae0a6cbd,752e7641924186ce77422fe7f746135a0e0a718cc1cbddecba04e188d5527c60,1438,1286
684,preserve,preserve-and-continue,correction-candidate,f550ccfe386a6744dd56392bd98ec55dfce66fc76c803c29c9bf14a078a9e04c,f550ccfe386a6744dd56392bd98ec55dfce66fc76c803c29c9bf14a078a9e04c,c077b4a24503ff79b576bf102708ed8bc29d26623482acfe582d6ca37719556c,1357,1223
685,preserve,preserve-and-continue,correction-candidate,256d0b52c0e41c4180171b6784e4608e7d840f78df6801b58c5731f731be9416,256d0b52c0e41c4180171b6784e4608e7d840f78df6801b58c5731f731be9416,dcccf867e828ff190c72d68a285ccf5dad01cc140a4f6fff6623f3ac1bd9dc57,1354,1219
686,preserve,preserve-and-continue,correction-candidate,ba11c6f3165142dc61f6ce4696c2046d1d9dcbe2a800496fb7fe1b48fe3d38de,ba11c6f3165142dc61f6ce4696c2046d1d9dcbe2a800496fb7fe1b48fe3d38de,13279e38d52d45694b7e64cfe17e826ad4fd87eff314ba64faa0c51b797dbdcb,1453,1301
687,preserve,preserve-and-continue,correction-candidate,a524cf62cda4afa6d2fd277b8865f28f3e2bef65330e7945a5f56221d894176b,a524cf62cda4afa6d2fd277b8865f28f3e2bef65330e7945a5f56221d894176b,123ad619cfd0f66b17abbe0c414cfe6617939ca7f499be43e50ffec47f9b28cd,1443,1296
688,preserve,preserve-and-continue,correction-candidate,712cc1d69c2f2969c20ff4068228d0c5399ff51bd46b5b6b3d5e8e8e7659a034,712cc1d69c2f2969c20ff4068228d0c5399ff51bd46b5b6b3d5e8e8e7659a034,476d6c6aeb65bf148a45bcb29b8652846501ea3547c3bfe3a9674d0cc2f987e0,1429,1275
689,preserve,preserve-and-continue,correction-candidate,f633555b9d47004011cfa722f1fc7d3c1431fe9e970909a385a00d468d8daa6e,f633555b9d47004011cfa722f1fc7d3c1431fe9e970909a385a00d468d8daa6e,da9700216bc01e23c8b8455f0f2464091f8dfbbca308f386ee9d9e3f6b1a4546,1457,1299
690,preserve,preserve-and-continue,correction-candidate,a8faa578cb6eee560870161000cc86707a14c261da2aecc84a03e405c2d5ff7a,a8faa578cb6eee560870161000cc86707a14c261da2aecc84a03e405c2d5ff7a,fa6f4d8dc2296ca2f88760af0fae419bec430f7eab47025bf48035d77893570a,1450,1307
691,preserve,preserve-and-continue,correction-candidate,ba87e26041512673d05ad862eba6c2277f660ba7738757ae978166e48280ef3c,ba87e26041512673d05ad862eba6c2277f660ba7738757ae978166e48280ef3c,5a2cc7c43e88bc0cc187c760e81d66973b9b2e90b100d4042ae314fafdce45d9,1374,1224
692,preserve,preserve-and-continue,correction-candidate,7f5cb6e0351fd3de607d0fe75fddd7c713cc87164ad7c28d0c83698f92d786c9,7f5cb6e0351fd3de607d0fe75fddd7c713cc87164ad7c28d0c83698f92d786c9,5ff80b7540f67d14b65bbb3ef2c84ca426cc6e3556c29132e5a8a42f06c74edd,1376,1228
693,preserve,preserve-and-continue,correction-candidate,59ac5183ef282b3fcb179193643fe0f75226c48d37e012074aa9c4bf4b780baf,59ac5183ef282b3fcb179193643fe0f75226c48d37e012074aa9c4bf4b780baf,70d7cc0b1df4684071238e629e0cfbb63a8aa1c69b780c823eebc340d768f261,1448,1305
694,preserve,preserve-and-continue,correction-candidate,e930d8b3ae8529e7236b4f998affba1298a6826c837fb544ce80ea07d6e891ba,e930d8b3ae8529e7236b4f998affba1298a6826c837fb544ce80ea07d6e891ba,8eab60d3834f79bf77c993e243ec0d782c2ca3c8835007eeb5c72a1e1d7eb9e4,1355,1225
695,preserve,preserve-and-continue,correction-candidate,0f7f43cb177dd95f7a43ffa69eb4fc223d30a8676f2b8c1de1f8865f36cd101c,0f7f43cb177dd95f7a43ffa69eb4fc223d30a8676f2b8c1de1f8865f36cd101c,edf6e86906cabc5ef28ab330daf0b9e2b3fc1a968a5299501e3eba2f4a036779,1448,1299
696,preserve,preserve-and-continue,correction-candidate,a11ddfe65caf0b603dd37cd83d85c7d77974b7701379e7fd983f3444cbb75f13,a11ddfe65caf0b603dd37cd83d85c7d77974b7701379e7fd983f3444cbb75f13,f05844093d2b074edaccee162486ad2b7c01901f47f2471b1312435d5e426804,1375,1232
697,preserve,preserve-and-continue,correction-candidate,b60ab96832104619f5de36898f364671c9bab40072f5c211364ebd75478262e4,b60ab96832104619f5de36898f364671c9bab40072f5c211364ebd75478262e4,d5323fc289429f3deaca60621cc0116ecd8e9b88bc8dd76cdcb34e3b081bd7a6,1355,1222
698,preserve,preserve-and-continue,correction-candidate,2b3d50e672adfcc368429b2096cca1cb9d5b22d01023a00616bdda48c25fa553,2b3d50e672adfcc368429b2096cca1cb9d5b22d01023a00616bdda48c25fa553,63802d1f474741e279a512dd844a5f8d56e4416803f6660a98f6a9e1e3a4fbe1,1358,1224
699,preserve,preserve-and-continue,correction-candidate,257c6b511a0ec004326bf3a68372f5cf12b922ba9debdf40974c869d884bcd80,257c6b511a0ec004326bf3a68372f5cf12b922ba9debdf40974c869d884bcd80,cd7f3bf8422d48ce3d9b236f048727d5b5a32487cda9138d6b13733b636fb5fb,1438,1291
700,preserve,preserve-and-continue,correction-candidate,ddff7a3201a25e0e8563d091b889518f0fe29051ae722811b2e1d95a30bb0134,ddff7a3201a25e0e8563d091b889518f0fe29051ae722811b2e1d95a30bb0134,256b406d3a14f3707fedeb687c44e40b912141b24268a5fbf550a1f9e96e6796,1432,1302
701,preserve,preserve-and-continue,correction-candidate,54d348d3049449e1911a70fe87da92d354c2f5410292b06b7cce0a492e0fa417,54d348d3049449e1911a70fe87da92d354c2f5410292b06b7cce0a492e0fa417,5ed27e1dbcdb8332a906271f1472bf0a303e71330f0681d959d74a28747f8ec1,1441,1304
702,preserve,preserve-and-continue,correction-candidate,6b4f6e96279cd6c2e22e00344a70d2df0312f183798d555343032031567feedd,6b4f6e96279cd6c2e22e00344a70d2df0312f183798d555343032031567feedd,1e9cd6bb710ff659053942ea4f7d9c9392fe7411403f6f510423126d69536a4d,1438,1300
703,preserve,preserve-and-continue,correction-candidate,fa3e63f082f77dae0f3dfbf29318d703c3b224fb0003e4ad1916f94b7f7a03fa,fa3e63f082f77dae0f3dfbf29318d703c3b224fb0003e4ad1916f94b7f7a03fa,bf0709a348f202903bb302918b3a47adbd5b9d1e4d457063d96f0a2a79e58387,1434,1304
704,preserve,preserve-and-continue,correction-candidate,317db84dccbacdfb40b47a762b0b04fabe271256a46d8a1442173b12040ce662,317db84dccbacdfb40b47a762b0b04fabe271256a46d8a1442173b12040ce662,dc8d78516b086213b3203ec05c7a5c385c0d6614863162781f596c418d98fc00,1360,1229
705,preserve,preserve-and-continue,correction-candidate,b702a2633a069c8701d367161ec77bbb237911f01adbfbaccad18203a58836de,b702a2633a069c8701d367161ec77bbb237911f01adbfbaccad18203a58836de,bb96210f77b95c3b732f9da7b5cb5584932b72b657dc822fa905deaddf3658a4,1439,1300
706,preserve,preserve-and-continue,correction-candidate,f46baba5b9d6e3d4655f1106ad367178898cb096f9aa4c34e449f42bada04c6f,f46baba5b9d6e3d4655f1106ad367178898cb096f9aa4c34e449f42bada04c6f,2011a6ebcea3926959d0981e6a135961f69c19f8c0370465dc612ea70203cf7d,1334,1205
707,preserve,preserve-and-continue,correction-candidate,e74bbb59091706010671322c3a99c37075e17bf6de130969876965d0123de1aa,e74bbb59091706010671322c3a99c37075e17bf6de130969876965d0123de1aa,785b4548ffd5100527c3732416309929ff79dcc6d3c80e3bc70bbf17f576977b,1409,1274
708,preserve,preserve-and-continue,correction-candidate,e706f78cf9f336e7de97b96fde7773dfce36deacafd0478e4658624c1916a1ae,e706f78cf9f336e7de97b96fde7773dfce36deacafd0478e4658624c1916a1ae,371176ece5249f904f2c753f34ee9a65048bed57800ff77e6f9853b7dbac0a70,1351,1220
709,preserve,preserve-and-continue,correction-candidate,acef4c381d048527d1b96061e2e2562fd7a526ebeded6ef9f1aedd8ef8b22e5e,acef4c381d048527d1b96061e2e2562fd7a526ebeded6ef9f1aedd8ef8b22e5e,26dc518676dcd8cde42355014a0b14fe9f75bf50f18ebcd219d21ae1561ed245,1356,1221
710,preserve,preserve-and-continue,correction-candidate,f55718f10bc2b2271d9e3f265c6826fb75e813ec512cf69572c2cdb1ee6e05a5,f55718f10bc2b2271d9e3f265c6826fb75e813ec512cf69572c2cdb1ee6e05a5,2201fc3d5c2e2de390a7234bcbc96717ef998c27ba93520a725b51106013a63e,1442,1299
711,preserve,preserve-and-continue,correction-candidate,9906818b45787290464758a59221485148a590300de5cbbc185ffbfb0eb4fd13,9906818b45787290464758a59221485148a590300de5cbbc185ffbfb0eb4fd13,d5ff6f4a61087a6a2b9c68357b88800e82987c9f33f7dfe19c3de569d150e763,1341,1225
712,preserve,preserve-and-continue,correction-candidate,c775c66903ffa6343edea482d9974e7dccf8acbaa7d58a61d568d6bb2ba8d6b0,c775c66903ffa6343edea482d9974e7dccf8acbaa7d58a61d568d6bb2ba8d6b0,c912f35a0b8a9974eca988a3917352bf4a4074d2afd4cbf7934cbb1c026546c2,1331,1221
713,preserve,preserve-and-continue,correction-candidate,85735e1c296edaedf679681a0f93362d051c358cdca917a2883a725428317108,85735e1c296edaedf679681a0f93362d051c358cdca917a2883a725428317108,27589bd31e40d4eaa0034f44568d9a2e1ed4e2f279c1fb6bf81cf7adcb81422f,1338,1222
714,preserve,preserve-and-continue,correction-candidate,67d63f12a85b5b5af3e4be1191acddd1fb4a258bb78c7a7ae4d24b2f379fcfd7,67d63f12a85b5b5af3e4be1191acddd1fb4a258bb78c7a7ae4d24b2f379fcfd7,e598217a99cb95876eadd84f8e42c38af37cea120bb366d8845c53005a105937,1424,1302
715,preserve,preserve-and-continue,correction-candidate,ca0b6661efc9c8262bf67ecfc56b780f4ede061d94a4e839dd245594037a1902,ca0b6661efc9c8262bf67ecfc56b780f4ede061d94a4e839dd245594037a1902,62839b235e5486e3585373d71d48859677f7ffcba09bed81f82ae6a3dac75f45,1336,1225
716,preserve,preserve-and-continue,correction-candidate,d3a3d64768050cfc5ab566e065a1cd69a55913857c27c26988676ac4e0017e94,d3a3d64768050cfc5ab566e065a1cd69a55913857c27c26988676ac4e0017e94,9bcd8a72b749ec5b80ef8595fef68c0d97986e7c8f896dfd3669b95917184034,1424,1302
717,preserve,preserve-and-continue,correction-candidate,9e8906e0c10ac19b77e5b1cc8617ad691f6913acc20caac3a96a9602e7d379a8,9e8906e0c10ac19b77e5b1cc8617ad691f6913acc20caac3a96a9602e7d379a8,c1295033d92b8bbf6e029efc7689635341b6d0ba188821e757cbd723e041b753,1327,1213
718,preserve,preserve-and-continue,correction-candidate,73a412d544dc026f3cc8e2c744495db696d3cbf0dd4ca2575a140773ceca1ee4,73a412d544dc026f3cc8e2c744495db696d3cbf0dd4ca2575a140773ceca1ee4,5696f4495db6c2eb76ecd2996177d56e5f366c9032818511867e8f9d758a3ee6,1426,1301
719,preserve,preserve-and-continue,correction-candidate,bedf33946dc71d5c14cc6ab04ae8ebbbbd8fe65b1a7bd510d90bf436ffaec773,bedf33946dc71d5c14cc6ab04ae8ebbbbd8fe65b1a7bd510d90bf436ffaec773,15f2b4f972568b7e6d6d8448ec5ca455f6ef217d4a7fd4440c387db305bb5a3d,1331,1220
720,preserve,preserve-and-continue,correction-candidate,ac89cc27bfecbe64c381cf0374793f48989fd244957d32d5d454e785aba63754,ac89cc27bfecbe64c381cf0374793f48989fd244957d32d5d454e785aba63754,444842a7027a28af92b913825f868d05592c2b21da813f0c81c5339555cc6d69,1337,1225
721,preserve,preserve-and-continue,correction-candidate,13a202989148f19041a4f88c4ca1412e41bf2ec322969c70cfcb012ac91b769c,13a202989148f19041a4f88c4ca1412e41bf2ec322969c70cfcb012ac91b769c,816f47990c8871cb27679c1ef6056e1c1b1d8ee8a6117eb2a8d7380931add0c0,1339,1225
722,preserve,preserve-and-continue,correction-candidate,f6d668d06175aa4d52de6f2e87401efce93869e4ec0537623ce2edc5f1b00f80,f6d668d06175aa4d52de6f2e87401efce93869e4ec0537623ce2edc5f1b00f80,d70cce067820e1dbd4381fef3beff59591be833bbb91a4ed24ee6571034e8b9c,1340,1223
723,preserve,preserve-and-continue,correction-candidate,d15857c5c6f7ec97d0c9633f2e7818de1d06d18e4ed3efdb4fca902d8f3a80e5,d15857c5c6f7ec97d0c9633f2e7818de1d06d18e4ed3efdb4fca902d8f3a80e5,2808fd6cfefd9cfb653f274bc68377699694730a41232b3ea3263c532cf9b9e1,1318,1210
724,preserve,preserve-and-continue,correction-candidate,d2615621f873a82de28e5b1854aba463cc9153ecb5918fc769677fa71241b816,d2615621f873a82de28e5b1854aba463cc9153ecb5918fc769677fa71241b816,f9391eb5edd55e12b22da992fac7aecb7f5f0eb703f97fa9bc5fef868fd72669,1310,1204
725,preserve,preserve-and-continue,correction-candidate,db2c0727a11717be44cad2a437532faa95e1d34ff06710f60803bc618d2d5f89,db2c0727a11717be44cad2a437532faa95e1d34ff06710f60803bc618d2d5f89,65604c457a8be37184015912aeaaaf5c9eecc7c75fe04f9ae7b0417e5da03c54,1328,1225
726,preserve,preserve-and-continue,correction-candidate,968138f21a1c1b58bcf0624f787ea7ec95bf82b67ce5f0a14a5484764403ad6f,968138f21a1c1b58bcf0624f787ea7ec95bf82b67ce5f0a14a5484764403ad6f,2336009587abb046f289fe346937aa94ccd6535767588818671289292518db27,1336,1228
727,preserve,preserve-and-continue,correction-candidate,cdd51a6a8ad9abd25b2f1cda09177c6bccbbd40534344a61d5a52031d2bd567a,cdd51a6a8ad9abd25b2f1cda09177c6bccbbd40534344a61d5a52031d2bd567a,c653d26d770b001978386f85eb0bc523e5d6bf49514fe7a42a6938d36bbe2b75,1325,1216
728,preserve,preserve-and-continue,correction-candidate,9a32f8450f01c64f14e4a6b1c1e5f77f63798c08e360330394b843ee8f6f1b09,9a32f8450f01c64f14e4a6b1c1e5f77f63798c08e360330394b843ee8f6f1b09,a2d0877aa56dec80de946c0416cf2a710a210440a68a412155d27f515212e75d,1329,1220
729,preserve,preserve-and-continue,correction-candidate,0f29e378f5cd1b266c9bf0232526ebbee226c045f26626e0903a16129d264dc0,0f29e378f5cd1b266c9bf0232526ebbee226c045f26626e0903a16129d264dc0,384e1f49f2026aee85926bf110fb6092703111143060ed7d8ae12d46bfb489b9,1327,1213
730,preserve,preserve-and-continue,correction-candidate,5925e8ee776431687259478466c72301cdcbd70a1a2f254c156a441b36f1c4cb,5925e8ee776431687259478466c72301cdcbd70a1a2f254c156a441b36f1c4cb,30f9d86ffbf25dadfa8b563c3777de8435d5b00c9eec74f4595eb01e70569ca5,1422,1300
731,preserve,preserve-and-continue,correction-candidate,3739fb8e128078ed14b542a6e1d357109e1d831328b4ae35f54aff87d042bbe1,3739fb8e128078ed14b542a6e1d357109e1d831328b4ae35f54aff87d042bbe1,50936562dd9d43e56b410a0a82842ccecf1876e5b50fcea508bf8df588113dc3,1333,1212
732,preserve,preserve-and-continue,correction-candidate,ed5cc01f84ec8213b9c677ada4a3e06c9116bf9b5b2cc2117d32c096ba029d35,ed5cc01f84ec8213b9c677ada4a3e06c9116bf9b5b2cc2117d32c096ba029d35,e7eb65c4e6d17336ae35a063686c9e69c9a18bac38a902f5a290a5c8ea7c554b,1330,1205
733,preserve,preserve-and-continue,correction-candidate,ea4574ef0cf06c51ff29198450d39fba275dc8bba918a533bf79a4d94945443c,ea4574ef0cf06c51ff29198450d39fba275dc8bba918a533bf79a4d94945443c,3afae9c38c6b82b4d5447cb578f419ee9ecc00491bec67183eb85cd598e0c4e5,1366,1246
734,preserve,preserve-and-continue,correction-candidate,3bb332a4ff1fc03897f1cab3f637192dc154233d59c53bed5d832ca3a8568b77,3bb332a4ff1fc03897f1cab3f637192dc154233d59c53bed5d832ca3a8568b77,40bc4bf16dbcfd6054a203f794a23009a4708768538c3d9760cb78dd9a78fb63,1335,1218
735,preserve,preserve-and-continue,correction-candidate,cc5e5cca7df7b741f6ee343d5e233bb30644b243cf647b2862ff75bcba60993a,cc5e5cca7df7b741f6ee343d5e233bb30644b243cf647b2862ff75bcba60993a,f678768ef600f4f2c453d26ac540c92549795ebf1f9629eacf3291e5cc36a5d8,1339,1217
736,preserve,preserve-and-continue,correction-candidate,02f5871095dc21ebb382ba215e4ef5488ccd68b565e1cf7bd5d61200392813a7,02f5871095dc21ebb382ba215e4ef5488ccd68b565e1cf7bd5d61200392813a7,259d50b95c0c0c5b50c3e47e8e998a91db3ec70874b78da077fede3aba1dd0e0,1331,1220
737,preserve,preserve-and-continue,correction-candidate,876ca4a576bd5e5878ca9641defa8bab8fc51ddd1a473a8f8ff5eebc8e963c4a,876ca4a576bd5e5878ca9641defa8bab8fc51ddd1a473a8f8ff5eebc8e963c4a,8d903603958bc220c9603c2580c09b57d758f90c03b00624ed2d598b171ab6af,1430,1304
738,preserve,preserve-and-continue,correction-candidate,862005ac9b02c42659c1d8611c14f9acae0b82901a7a29f84c1dc5c4776b9201,862005ac9b02c42659c1d8611c14f9acae0b82901a7a29f84c1dc5c4776b9201,699f49ef9ed7205c69e033e9f9421ab9ce11aafa76f24bae5874589041f49172,1342,1221
739,preserve,preserve-and-continue,correction-candidate,f4712a3bbec084cb1ec6f4b7ff87947145c64920e161e85be5337806e2633d55,f4712a3bbec084cb1ec6f4b7ff87947145c64920e161e85be5337806e2633d55,0ad032a1ccf39d6c4b5a9e305f044f9f4454e1520c03edf43983db605f54c670,1328,1214
740,preserve,preserve-and-continue,correction-candidate,40d24650feb72c3788fb1ddcb8fe45ffdac7b6ac6ffddac13497f72e5512849e,40d24650feb72c3788fb1ddcb8fe45ffdac7b6ac6ffddac13497f72e5512849e,5fcb83988285d749713d77d2f32828e2c76fbd92bc06fe2374a4a654a24103ea,1335,1215
741,preserve,preserve-and-continue,correction-candidate,877dc74127dae56e5f153eb460cd2f0436987b8352d6d15812ae85fab7b22c4a,877dc74127dae56e5f153eb460cd2f0436987b8352d6d15812ae85fab7b22c4a,b258d395c71ec78332a775767963286fb95e539f8eb1975603a1d869728ec7a8,1336,1215
742,preserve,preserve-and-continue,correction-candidate,1ed51d48335a3c500ae3f967a1d4fdc3fa4d4be2e75678cd73a301060bc410d4,1ed51d48335a3c500ae3f967a1d4fdc3fa4d4be2e75678cd73a301060bc410d4,29a86a9a148e8b6d8be24ad544a0551f8b08ce5e8498fc7552b0c29650fe2ae1,1334,1209
743,preserve,preserve-and-continue,correction-candidate,66f0d163162e6a782a90b7e72b0c41845e0f36a2dc02fcc5f2d399c811495ff3,66f0d163162e6a782a90b7e72b0c41845e0f36a2dc02fcc5f2d399c811495ff3,b017116df2361225e5bb9d0374eaa2229bccc2b9455cf91865e5aec917c78c65,1396,1260
744,preserve,preserve-and-continue,correction-candidate,0c82069b96cf8b103751563ae0e4add9b0f72e4baef4d9bb26c46488d7dba84f,0c82069b96cf8b103751563ae0e4add9b0f72e4baef4d9bb26c46488d7dba84f,ea216f7d01e2f095efa776aabe71b96bb39c896a394a8e97f25672e66c19537c,1343,1221
745,preserve,preserve-and-continue,correction-candidate,e3eacb12d09cf0a530f6411bd8806c1418dc9800216ffa9570989d9732edea2a,e3eacb12d09cf0a530f6411bd8806c1418dc9800216ffa9570989d9732edea2a,2263382b66516eebd955cf006c6ae78d16ba0060628af926039f2154e72ab785,1340,1218
746,preserve,preserve-and-continue,correction-candidate,290abbad54b46bdd23f3ce8938ef863029bd3fd1f644941b5b676e203c769165,290abbad54b46bdd23f3ce8938ef863029bd3fd1f644941b5b676e203c769165,bcf96557f60a3cf31db323fa7dced6df04eefbd90f4c5179caaed1e43fde4edf,1344,1228
747,preserve,preserve-and-continue,correction-candidate,b8672a26a6d565abf283333fa1e9c2459d9caf3f79b5bbf31a6e79a6b1fe250e,b8672a26a6d565abf283333fa1e9c2459d9caf3f79b5bbf31a6e79a6b1fe250e,2257587550ebdc00604ffd88e2cb196c0668924c8879f99b2c59060404bbe89f,1338,1220
748,preserve,preserve-and-continue,correction-candidate,9532d08045dd53040f4d3f35084cddd1f91664880b352c9ac8dff260e8505be5,9532d08045dd53040f4d3f35084cddd1f91664880b352c9ac8dff260e8505be5,67ece2e0eeb4b140b100b0650fbaa60dacac1a55cf1cff8e1838a138e940b615,1340,1220
749,preserve,preserve-and-continue,correction-candidate,9e2381986e260be6d5b65037c8e11563b0bd8101191c1ce31f9ab40270bc6fcd,9e2381986e260be6d5b65037c8e11563b0bd8101191c1ce31f9ab40270bc6fcd,3332955af43d4c5a8ed3255a6213b8d1cf4b9e01231004f655542a65f3646440,1346,1219
750,preserve,preserve-and-continue,correction-candidate,1817519641daf0dc4aed06dc1f4436bf014ce5a393a457755b79b6e3a6d3379e,1817519641daf0dc4aed06dc1f4436bf014ce5a393a457755b79b6e3a6d3379e,899c084a6fc4bb9c56427588d97091c83a5bc9d3617e878d31b31a2cdbd616c8,1450,1306
751,preserve,preserve-and-continue,correction-candidate,d6ebfe941f573d61df954f34fcc50dd791e58b353fff89fcdc8bc4ea8a11ee5a,d6ebfe941f573d61df954f34fcc50dd791e58b353fff89fcdc8bc4ea8a11ee5a,a782bee623419f9a4d17b5b921aa5aa72d538e5c40b6ca8e0f4ad528530ba8b3,1342,1221
752,preserve,preserve-and-continue,correction-candidate,bfc445a207add1506268a70236cca44f02edaa3330d0834c6ac2bebe84a79ed9,bfc445a207add1506268a70236cca44f02edaa3330d0834c6ac2bebe84a79ed9,b1b4e7d41dd6a5c9a23811897ba462f77b6564bcf7576b4a5a732a4f7222a069,1339,1215
753,preserve,preserve-and-continue,correction-candidate,7947e8a137721bb198ccdf9cc69258df5c04ccd74233e0ae0ce44db95f79e5c0,7947e8a137721bb198ccdf9cc69258df5c04ccd74233e0ae0ce44db95f79e5c0,9c2202c920f38852360d5d638b82d3ce1c9ffa363f079744755a83bd35cc3b5d,1353,1221
754,preserve,preserve-and-continue,correction-candidate,0514783130c7e16dbc043acd45968730c47d8452f5d90b828983b6b6e0e8ac95,0514783130c7e16dbc043acd45968730c47d8452f5d90b828983b6b6e0e8ac95,60b57fa1161c521e757e8ea6e08b6a194bb638470d626c8fbe7cd553aafc86d9,1345,1223
755,preserve,preserve-and-continue,correction-candidate,6844ccd8fa85d1dbd102066291a125d3b64f29ab5b2be01f051f69caa6279580,6844ccd8fa85d1dbd102066291a125d3b64f29ab5b2be01f051f69caa6279580,846a3107ad1cb3b56f367cd2ae2bebe369a6a4613792ba39790ce5e3246bb811,1432,1304
756,preserve,preserve-and-continue,correction-candidate,b2747817b3c3eb2befdd53262e64750c148ac2379636ecf08cd69c7bd93ae852,b2747817b3c3eb2befdd53262e64750c148ac2379636ecf08cd69c7bd93ae852,b879fbe72ad0e2058e378807284beaab4344a001752797982cb607d41c959bfe,1441,1306
757,preserve,preserve-and-continue,correction-candidate,63c2d71eaf90f13bb623318d81f9d1c14d69de16b1952927c08e7843a2836213,63c2d71eaf90f13bb623318d81f9d1c14d69de16b1952927c08e7843a2836213,d952f604d514b3796cc03ab14d1257dff9e860178cf6a6e3ea92e04c224dc07b,1340,1209
758,preserve,preserve-and-continue,correction-candidate,24c5d26e26b0562711fa230f04ff461a6ba18a7765cd16d22e825bc8da182ff2,24c5d26e26b0562711fa230f04ff461a6ba18a7765cd16d22e825bc8da182ff2,7e1a1809dd2a37f059481d05c212580ea78e2da21d2a7436657df940290c4a3a,1346,1221
759,preserve,preserve-and-continue,correction-candidate,d1a38e37f857c14a335000c0f0e11a0843782524102c7c2ea42e4d256adb13e8,d1a38e37f857c14a335000c0f0e11a0843782524102c7c2ea42e4d256adb13e8,5e6aa61df180f6cf28f9a852448f02d1c971f3fae83c34a41e37c664b299f8c5,1381,1253
760,preserve,preserve-and-continue,correction-candidate,27b39a7f6a85924ed376225c3f4fd9b9b59e6a8403383a127eea2c3efe97982a,27b39a7f6a85924ed376225c3f4fd9b9b59e6a8403383a127eea2c3efe97982a,14578ce6509e1c1eff5b4afb0e867c9883a78752fef7685939144452969eeb57,1351,1227
761,preserve,preserve-and-continue,correction-candidate,4b5622cec309b32d0032a384c4c711e576a2b4591564bf1d2134137346a30e83,4b5622cec309b32d0032a384c4c711e576a2b4591564bf1d2134137346a30e83,2702fe5ee61fb8e6bb5088b39cd55698a769c1cb2f168f83862924168fe7c0b0,1341,1211
762,preserve,preserve-and-continue,correction-candidate,55bdaf24f57173fd4f3615a5353228b4eae3c0c5af55c20d6383a00af7b9c63d,55bdaf24f57173fd4f3615a5353228b4eae3c0c5af55c20d6383a00af7b9c63d,80c4c1794047f488c9325271d4a9fec726099c09d2197b0038577fe4073a366e,1344,1218
763,preserve,preserve-and-continue,correction-candidate,054980fc676a6dc0b4f0c1f07a5ba7f5267681b2020eec198d125db8f735cd68,054980fc676a6dc0b4f0c1f07a5ba7f5267681b2020eec198d125db8f735cd68,28bcbaa127b659097aa788b1e857ecfb4e715eb91d5882ba6608bc1d41e33ee1,1338,1215
764,preserve,preserve-and-continue,correction-candidate,e0fdb43bebfed45f433adb1c26b466cab7ebbd50e13954566b1ce681d6e8baa4,e0fdb43bebfed45f433adb1c26b466cab7ebbd50e13954566b1ce681d6e8baa4,fa61c18c63fe13b56262b9d3f9d7348ac3d31265d6d069f445e3ff00ec0a51e9,1415,1277
765,preserve,preserve-and-continue,correction-candidate,7a8dcaf837167ff2b70dbd8601d8f51c17d82b0848c07dc1c646b943de1140ce,7a8dcaf837167ff2b70dbd8601d8f51c17d82b0848c07dc1c646b943de1140ce,940c4dc070c03a24e0eba0442fe61b517d3e5076f03328bacc5819476f1578b8,1356,1224
766,preserve,preserve-and-continue,correction-candidate,c382548d71d5f15ef6fa8f58f4e090572b562df4eda361c235988358c849ef39,c382548d71d5f15ef6fa8f58f4e090572b562df4eda361c235988358c849ef39,09f9061751f524974b172c3c0ea9d2bbf01cd389acdcb994c9e344bbcaaf8146,1350,1219
767,preserve,preserve-and-continue,correction-candidate,4dd3580d10ad3320a3510bfa2f7cfd07b72e091770f81c68ec9b357032445e55,4dd3580d10ad3320a3510bfa2f7cfd07b72e091770f81c68ec9b357032445e55,4b76a80de2e742d83d5ec5e5ef99e9b929c1bbe87df7f91f75e418fe14fb44a0,1346,1220
768,preserve,preserve-and-continue,correction-candidate,7238fbb08cfe637e4a805ef91d06611457ba1130d277b7989929724a3b56e183,7238fbb08cfe637e4a805ef91d06611457ba1130d277b7989929724a3b56e183,209e1b337e612dd8583d3a6349e4a8b958210a47c7e053659912165eed9f8131,1350,1221
769,preserve,preserve-and-continue,correction-candidate,aa51354f1377e5ac89ec436c7c2d5cc1e0d46ec321f25211e590d10b84719a0d,aa51354f1377e5ac89ec436c7c2d5cc1e0d46ec321f25211e590d10b84719a0d,6261c6a776cd22eb9210ca65d1e1ca2ee2ff4050ed74e091a2022703a9b545fc,1340,1215
770,preserve,preserve-and-continue,correction-candidate,72d9a9f57e96f92a61d3a4e666ec1513d644c9af7c3d75ff425254ae86efdc72,72d9a9f57e96f92a61d3a4e666ec1513d644c9af7c3d75ff425254ae86efdc72,d7b2b82b0bbb16fc8f4f5fc252f24fbe0ea4b7efc72be285cc8e50c1062d15d4,1354,1219
771,preserve,preserve-and-continue,correction-candidate,96ea74a52ecef9de22a1c31e9c334f392fbf609cbe64378a0609482870809253,96ea74a52ecef9de22a1c31e9c334f392fbf609cbe64378a0609482870809253,5c94297a616e70d92725fca813a7f88472a6df0ad5306bf7bbf5e913f5c60f15,1347,1221
772,preserve,preserve-and-continue,correction-candidate,24238102366d881e86ee68da896bbce01e5dbab6249d595115f431bf32f29776,24238102366d881e86ee68da896bbce01e5dbab6249d595115f431bf32f29776,138451f6e4f475d69ffaabd3325ad33494801def26f594fecf844ce2d26d0c47,1423,1293
773,preserve,preserve-and-continue,correction-candidate,e888fe7f606caca4e70aa697492ca9e96fdfaf2954fbed457e51e333e8ef3484,e888fe7f606caca4e70aa697492ca9e96fdfaf2954fbed457e51e333e8ef3484,b68b8687537e84dd62d5242ddadf236d9332cd3a04cac655a6bcf7eae5d4a8f7,1368,1262
774,preserve,preserve-and-continue,correction-candidate,e4deb82fdf334502dd23d938e34ab4d635fb1c23814d155a9a8282f96aae2fec,e4deb82fdf334502dd23d938e34ab4d635fb1c23814d155a9a8282f96aae2fec,579c68ee14626ba93dbeabf6ce8b7ac445c6009d3b95386d6781dfd8116329e6,1337,1222
775,preserve,preserve-and-continue,correction-candidate,fdb736be284b9a486fe67fed8f6e017f87bad8cfcd6af905a8959153a3276394,fdb736be284b9a486fe67fed8f6e017f87bad8cfcd6af905a8959153a3276394,269a4ea78310a55799206ceb709d74a2ca9b78c60c08cc880dcc04e14901dded,1324,1208
776,preserve,preserve-and-continue,correction-candidate,94a4d8dc01e54a5605d1c1bff50a260d677f1cdc612e4a229fb9a36a0a3c5c7e,94a4d8dc01e54a5605d1c1bff50a260d677f1cdc612e4a229fb9a36a0a3c5c7e,155f9f8ff5f89d7a0ee70c582cede578ed3052ce42ceda3efa8908552e984f41,1341,1228
777,preserve,preserve-and-continue,correction-candidate,50dfde302083d4b562f61998f73af3c874a95da1b9002d5cca31797276f2cfaa,50dfde302083d4b562f61998f73af3c874a95da1b9002d5cca31797276f2cfaa,d98fd49592c5974ba720b4f856a46b82a526d3f171268827562c023d144a675a,1352,1233
778,preserve,preserve-and-continue,correction-candidate,01393dd17c8abcb67fa1fed09e1e11ada122ee348b0f7a19c014cd643f70f0c3,01393dd17c8abcb67fa1fed09e1e11ada122ee348b0f7a19c014cd643f70f0c3,d03609114b8701c112235e4b3299017598536b70cec36ae40c70926870891e70,1353,1224
779,preserve,preserve-and-continue,correction-candidate,5abe8eb3648d9d3d343c56b6c31787be499e679c8a1fcd09134b6973f8c8d0fe,5abe8eb3648d9d3d343c56b6c31787be499e679c8a1fcd09134b6973f8c8d0fe,9df58298fbec875f6546a4619ff74bb60f624fcf91f38feadc2e138d27f14084,1345,1217
780,preserve,preserve-and-continue,correction-candidate,23be19f94545b096dab38b47f7f0d2eea14d64d72ea59170358dc152b30076d4,23be19f94545b096dab38b47f7f0d2eea14d64d72ea59170358dc152b30076d4,479ae347ead982261976c525a3816578fa4bdfc27cacea59966a7466b6e17c85,1342,1219
781,preserve,preserve-and-continue,correction-candidate,88ad746a2652ccafb74e32a3528720ef4e3c20b4ab7a9b154ca6e4c94da0fdf0,88ad746a2652ccafb74e32a3528720ef4e3c20b4ab7a9b154ca6e4c94da0fdf0,8d71fbdf1a0a9284755555bc5dabf61c313c865834ca8601b73d63278a8f8a48,1347,1220
782,preserve,preserve-and-continue,correction-candidate,30947fc6a2c9b58beb909cf0b51658552c6fae31ba9886422ec4ae8d6575ea33,30947fc6a2c9b58beb909cf0b51658552c6fae31ba9886422ec4ae8d6575ea33,2db3c4b3aefec77f148b51509562b06140a808dc04aeba23d0026b0e3d7deea6,1351,1229
783,preserve,preserve-and-continue,correction-candidate,5d3baa025a6dd3179872b1c4520f032885f8aee00a12b5bb8ab059070e6cb5e3,5d3baa025a6dd3179872b1c4520f032885f8aee00a12b5bb8ab059070e6cb5e3,924fbe0698f4b32689187476f6656636ab02e9beca1cba7cfb6438132c8a781c,1346,1224
784,preserve,preserve-and-continue,correction-candidate,46ed7f8e08e8e0ed7bf734fa69baceecb5fd6a30b19557b0264bba49bfd63ba1,46ed7f8e08e8e0ed7bf734fa69baceecb5fd6a30b19557b0264bba49bfd63ba1,35b6508453a426cfe157acefa7d79ffdcbd7659e7cfaa4f5ed3bea98a56a1799,1330,1221
785,preserve,preserve-and-continue,correction-candidate,e2d14b625b2324c1b6e950330085dc0e201bd9306514494c57016649e9b160a7,e2d14b625b2324c1b6e950330085dc0e201bd9306514494c57016649e9b160a7,917527d262c495d302934692060a228bc2e58712a28b3fce68e424ea416e48a6,1311,1207
786,preserve,preserve-and-continue,correction-candidate,004a0d5f84281490f0e9b467e1b68460c25d47a2b50b419880d3b803eb44721f,004a0d5f84281490f0e9b467e1b68460c25d47a2b50b419880d3b803eb44721f,3e789dce7e7ac20b7d0e476e93ccc913016929b2c5f16a8741e75d86eca44250,1312,1204
787,preserve,preserve-and-continue,correction-candidate,7a52e63ebeb578b5fcae9c845006fb612b0ce8358b4b94a97031efa713668325,7a52e63ebeb578b5fcae9c845006fb612b0ce8358b4b94a97031efa713668325,25f9b276f6cba28cfd2e79a2094eadadf1ec42aa461a094edfc703f2b703d7e8,1340,1219
788,preserve,preserve-and-continue,correction-candidate,a49e0c6d53da779236e1404f62f24f0cd205a9d5f86bc99701332aa303602875,a49e0c6d53da779236e1404f62f24f0cd205a9d5f86bc99701332aa303602875,14d36ffa4c1d422bedeb901c2f8bb2c743ed448dd97ff5e93c58c27fcf7abb65,1337,1224
789,preserve,preserve-and-continue,correction-candidate,dac7cb56efa164cddcd467faba98b9786512d310fc7ccc44d934a4ece5e8e042,dac7cb56efa164cddcd467faba98b9786512d310fc7ccc44d934a4ece5e8e042,92b61c6fc7a80496e8af37ce0d199da02c39969e4224ed9b1174ad175b6eccf9,1346,1223
790,preserve,preserve-and-continue,correction-candidate,ddcbfafafc10a886d83f507a3e606d71db70aac817156e454dae6a1be7783427,ddcbfafafc10a886d83f507a3e606d71db70aac817156e454dae6a1be7783427,aff8b96b446553015d3038a6f3503c1e9a866ba8d09e6c41996e56e92fd5f6da,1342,1230
791,preserve,preserve-and-continue,correction-candidate,54c8e6da9411c2a5cbca4d3924611ec4556da99fa363ddf716a6f5fbb169ef64,54c8e6da9411c2a5cbca4d3924611ec4556da99fa363ddf716a6f5fbb169ef64,d7c0cba33df6b010087efeecddeeb10bd34926e50dbfaaa95bda1b072ed959f0,1356,1228
792,preserve,preserve-and-continue,correction-candidate,817bdea588edcfb55dbf51c5561892d41d2b54cbc0335353b145e3cc0ccc31c0,817bdea588edcfb55dbf51c5561892d41d2b54cbc0335353b145e3cc0ccc31c0,3fef5d928d7ca479ad474cb201c05ffa423b0ddd743eec36b228c347de578a5d,1339,1218
793,preserve,preserve-and-continue,correction-candidate,fc7cc4008c41de029da5028f08bbe5d3c88a350b81c28df38600189323768a03,fc7cc4008c41de029da5028f08bbe5d3c88a350b81c28df38600189323768a03,9e6a9f3d8be7a155ad0fc3137db995f8bd678817e6e42a68155ec86f86c917a7,1345,1229
794,preserve,preserve-and-continue,correction-candidate,5f84b059954619d6b70fbdee23b441d364502f94321a67c64e0ac861cfba41e5,5f84b059954619d6b70fbdee23b441d364502f94321a67c64e0ac861cfba41e5,948bcb18813138f02cbf5eddee6d1a8d3ddb53ff992cf0c67401700c5ef68b9a,1341,1218
795,preserve,preserve-and-continue,correction-candidate,9f05df3045732f59c656463106e1b28cc7d2a463cf4a9184905bee4b10b69ec7,9f05df3045732f59c656463106e1b28cc7d2a463cf4a9184905bee4b10b69ec7,3ec40bb7c7d971113080b10711d536d731abe52a7c437d81649fd2285e8c370d,1349,1228
796,preserve,preserve-and-continue,correction-candidate,0db20e44b9d38eb9954d6d4c8b1e6f340d905df3a4b8c8f9aeb6bc80412ebe78,0db20e44b9d38eb9954d6d4c8b1e6f340d905df3a4b8c8f9aeb6bc80412ebe78,3dd39afdc10f4d0c61bfdbdeacb23e3efadcf6997ff22a88c26ac10f901b65d8,1347,1230
797,preserve,preserve-and-continue,correction-candidate,aa8dcffc2da96c649412f2128994234a8c2e20940449fe994250756770dfb339,aa8dcffc2da96c649412f2128994234a8c2e20940449fe994250756770dfb339,582f74e925812b95c7494eda3d6ddec5a55de56c719ef5524df8adbb2ec2a122,1333,1242
798,preserve,preserve-and-continue,correction-candidate,ce1fc3226ab197e34a547edb609eb286f79ff967f0d050401376cce7712391c0,ce1fc3226ab197e34a547edb609eb286f79ff967f0d050401376cce7712391c0,de63b04535d551ffcdbaa239f0e7a20a09525eb765772a64b63d5ba2488cf0f8,1347,1232
799,preserve,preserve-and-continue,correction-candidate,79f2aed6be347a67f1031af26ff8b8c079903bfc3d1fddf5b029f370d45a6515,79f2aed6be347a67f1031af26ff8b8c079903bfc3d1fddf5b029f370d45a6515,a782eb1c0d2d486ee33af482aebbd700b27919ee301c5726283b22d36e253ca4,1330,1220
800,preserve,preserve-and-continue,correction-candidate,0969d5421f6f1c27d2b85f7a4fc6a2f2c9996b6a88fbc01b681e2887e6141614,0969d5421f6f1c27d2b85f7a4fc6a2f2c9996b6a88fbc01b681e2887e6141614,0579142f7c5852eccda495ae6861618bd3585f4d8440411c08d9f8aa95ef3d27,1330,1209
801,preserve,preserve-and-continue,correction-candidate,e50513e03f331de84a1bf676fb81bed3f70dbea1bad893342c9118fa15bccb23,e50513e03f331de84a1bf676fb81bed3f70dbea1bad893342c9118fa15bccb23,a7c971b03c5d337bffba3f1c65dad5f668b9d80c3aa24f79bbb9af9c70d6441b,1337,1218
802,preserve,preserve-and-continue,correction-candidate,87062c21cced8ae470b3da2f5fed8608bff318bd7280e943d112311425011881,87062c21cced8ae470b3da2f5fed8608bff318bd7280e943d112311425011881,a1f2771bd2dd05261250d03b4bb110281fbb54d1c3a6060ecc5d9381bac4557e,1316,1201
803,preserve,preserve-and-continue,correction-candidate,54bf9623e3720dff492397eae5b224dc8e6327645184af79da0a839e89b0949d,54bf9623e3720dff492397eae5b224dc8e6327645184af79da0a839e89b0949d,8c3024c4a9df85827e23722c798ee0a72100488b0dd8eb91212ca9adefee255a,1346,1223
804,preserve,preserve-and-continue,correction-candidate,e57e5d0b078a6349371fbb4a1507c826961881c7ba2d13629bfce0cb5f3f4910,e57e5d0b078a6349371fbb4a1507c826961881c7ba2d13629bfce0cb5f3f4910,d83809ab547f199554ec62afa0a834c64fed18e64d87e88104cac740aeddc026,1321,1199
805,preserve,preserve-and-continue,correction-candidate,e84f7165f58be82efd7aea92919e971c172e7b7a20594e6e08964b38746c29d0,e84f7165f58be82efd7aea92919e971c172e7b7a20594e6e08964b38746c29d0,407c0e178e20126be657d046098fa2d9fe88cbe6fca57802da5933a16c3df13d,1332,1210
806,preserve,preserve-and-continue,correction-candidate,55693513daff4dbc47027fec409da75cb2aeb16df22d39943635a12f2633785c,55693513daff4dbc47027fec409da75cb2aeb16df22d39943635a12f2633785c,5f55c9d2664e78624ed85f7efdad6dec878c56664af6db1dd7c99e58d6100527,1317,1208
807,preserve,preserve-and-continue,correction-candidate,d832beec9fdb7cdf73d656f32f9204b39162ec99523e03236bf5c6e3b2844709,d832beec9fdb7cdf73d656f32f9204b39162ec99523e03236bf5c6e3b2844709,03e8513d5289b26caa4dda0ecd362e59b32011961366e489aaca5fc58e42ad8f,1330,1216
808,preserve,preserve-and-continue,correction-candidate,be11b596c3417f993a20e86f0b8318e8ddad47a74486cee9298353f1542072a5,be11b596c3417f993a20e86f0b8318e8ddad47a74486cee9298353f1542072a5,ef76d67cf89f9d45140adb56e209b3f24e89a97894df1b9fc229f3b7eab0e4d1,1323,1208
809,preserve,preserve-and-continue,correction-candidate,6c679a594e1922cc26065afd3bdf3d8347462b34db25bdacdc6c685b7bb39fbf,6c679a594e1922cc26065afd3bdf3d8347462b34db25bdacdc6c685b7bb39fbf,a294f8649facd91355527e40509232983c6ed1c4d443e1fa670a82399e9166fa,1325,1214
810,preserve,preserve-and-continue,correction-candidate,079f0ee1d25763f9030a9a1adfd38f68a00a9b0aa41c58d228732989c03d8c97,079f0ee1d25763f9030a9a1adfd38f68a00a9b0aa41c58d228732989c03d8c97,4f1d8e7d1698a0aa974e4e445cc7a466f69df2de986494ebda70eb7c291205a8,1325,1212
811,preserve,preserve-and-continue,correction-candidate,53260a4462bb5b21a429a7b1ad6d4efbb4d3112bc7b3ee5822fefaaee5ea1b0e,53260a4462bb5b21a429a7b1ad6d4efbb4d3112bc7b3ee5822fefaaee5ea1b0e,6d5c2426beda1be42e7d61208e2aa61b7f1143d2c58671f1e37a2e7ce319942f,1319,1207
812,preserve,preserve-and-continue,correction-candidate,d053e0ae25d6acdb83db030bc00fd7b100f2bc70d2a42e827d285994a2424b0c,d053e0ae25d6acdb83db030bc00fd7b100f2bc70d2a42e827d285994a2424b0c,8942c10cff9fd2d370b8c248c439330b785a28ad9f107adc5960e60c21349681,1319,1210
813,preserve,preserve-and-continue,correction-candidate,7d1b01ec47b40c5f5217333888f407a517045b61582aa9739908480d84ec5f4f,7d1b01ec47b40c5f5217333888f407a517045b61582aa9739908480d84ec5f4f,bae4cd75d8c1beeed02841967d8462bfc6d989b678bec77ec7cc2b369adf03bc,1328,1213
814,preserve,preserve-and-continue,correction-candidate,e74e4c23c143a9c491e279ede3e17acab251fb21934950e30a570d2346b19296,e74e4c23c143a9c491e279ede3e17acab251fb21934950e30a570d2346b19296,3c862eb908f58c2f155568e4add945bed462e982b29a0c007b85048eb171236c,1338,1220
815,preserve,preserve-and-continue,correction-candidate,a5dc23052f93354e71c1a917cafa9aa61e72af74ec362d5a9f081b9915826685,a5dc23052f93354e71c1a917cafa9aa61e72af74ec362d5a9f081b9915826685,0d326a81f8103f75e32911a000f9a163b9173f2eed98df6568a2034635c2892e,1337,1223
816,preserve,preserve-and-continue,correction-candidate,a35b9b182129dacc083262c68f53844422f0b5cb7cfbbb6483f193da447c3e1f,a35b9b182129dacc083262c68f53844422f0b5cb7cfbbb6483f193da447c3e1f,9b853a9402cb8ea4578bc78f820e99b61d4f187cb05f3946b2a6ace5d82c3999,1339,1221
817,preserve,preserve-and-continue,correction-candidate,96c375b8ff1a635fe72defa2a0b66236b9c76cf77b6a990bc88c56ef4b4ce29a,96c375b8ff1a635fe72defa2a0b66236b9c76cf77b6a990bc88c56ef4b4ce29a,851c74e92ae4f51d934db678163860b7c489c6e628b6216f674cd89efc131578,1353,1225
818,preserve,preserve-and-continue,correction-candidate,aa165913993927651ede0e53adeccabc8b9d92879ea686f7de9e67ccd22c98d1,aa165913993927651ede0e53adeccabc8b9d92879ea686f7de9e67ccd22c98d1,3919c628b262c3552cdb0d719784fe09a64d338cde18006048cf846fb7171787,1337,1217
819,preserve,preserve-and-continue,correction-candidate,0539e364be70f569ff7f3faf362d472365653eea1adf8ae5399145f0f5ee79dc,0539e364be70f569ff7f3faf362d472365653eea1adf8ae5399145f0f5ee79dc,07ca0833ed618995eb773b1d02b27f38334de16a7a89d9881897289c9989ae5f,1327,1218
820,preserve,preserve-and-continue,correction-candidate,14bb2d61f3fb30172b51e3a441997530d75fe4bf03c09174ef2ec4c4c9abd026,14bb2d61f3fb30172b51e3a441997530d75fe4bf03c09174ef2ec4c4c9abd026,8a21f210140f34265f8c21cf49916d603ebe24935fe9055d6582e35b3e585cb7,1311,1197
821,preserve,preserve-and-continue,correction-candidate,2492feb6e2f420d370acef722a1961e8528afa074a39923bb3c7909437634f71,2492feb6e2f420d370acef722a1961e8528afa074a39923bb3c7909437634f71,caad128db79bbffb95eaf99a9aead04ff47f7f2c772b0a3f282c3d41263861f5,1326,1208
822,preserve,preserve-and-continue,correction-candidate,07508f7fedf9674563f35228e2d504ee4be9337253bfcc8d5f46aac525fb14eb,07508f7fedf9674563f35228e2d504ee4be9337253bfcc8d5f46aac525fb14eb,45eec6e59bfe00885b362e256df2e75ceb3e0a8b84bf44ca824413e44104fe92,1338,1229
823,preserve,preserve-and-continue,correction-candidate,59c062686f2018e578eb5d163283a842b9ae2c1e819f4982819664ff1a0cd416,59c062686f2018e578eb5d163283a842b9ae2c1e819f4982819664ff1a0cd416,d23481fda41d50e59f978fd3448570215ba03e26c4d89e49f5f4b946a60a1f6d,1324,1213
824,preserve,preserve-and-continue,correction-candidate,9b46be0e6596860375c87816539ad337a53fbb0ad8a569437539752539827b7e,9b46be0e6596860375c87816539ad337a53fbb0ad8a569437539752539827b7e,4f8faa1f86433844e3b27a2de15156e1d58f5efdb972612738b638ebc1977bee,1305,1198
825,preserve,preserve-and-continue,correction-candidate,7edd7016df6e8ceaf48196aa7df4acd18ede208857869340b93bc6c243f8f2fa,7edd7016df6e8ceaf48196aa7df4acd18ede208857869340b93bc6c243f8f2fa,c14c4e3bda68a38c9665bc168561687ce6ce25fff8f7c25be85e060645a4fd6d,1309,1197
826,preserve,preserve-and-continue,correction-candidate,0f7339b4546a785c4b746357fdaaba74402b78c8cde899ab46b150cbfe03c98d,0f7339b4546a785c4b746357fdaaba74402b78c8cde899ab46b150cbfe03c98d,ab4204f0b8c325b0c20b9066d972c2b123b0f04facc897f91c7a47081dee104d,1307,1192
827,preserve,preserve-and-continue,correction-candidate,81786666a3a62ea21d3865e03d6bcecabe5f263536de70fec4b166107ee60620,81786666a3a62ea21d3865e03d6bcecabe5f263536de70fec4b166107ee60620,ee27c4a9e9dc504a296c477f6972bcc0eb2796f8cc01c0b0cb3955d6ba918f29,1322,1202
828,preserve,preserve-and-continue,correction-candidate,e3e0f71f098ada9627a14c77584367b64c001ad412ff3acd4db9e44941c7a9fc,e3e0f71f098ada9627a14c77584367b64c001ad412ff3acd4db9e44941c7a9fc,148a6e81f5334b3663d8013759f351bb754b8e37db908b2ef5c35f7f7adbd21d,1312,1199
829,preserve,preserve-and-continue,correction-candidate,9033853618391b7180c0e1ee2a3fa161fdf12593a1de21e01279ed9b0b0e6669,9033853618391b7180c0e1ee2a3fa161fdf12593a1de21e01279ed9b0b0e6669,773eaf89c80389444bbb6d4a3d53f50b50a8d2c2492074f62880fe52ea647345,1316,1200
830,preserve,preserve-and-continue,correction-candidate,e020e47f89c583af293e85638179ab3ae86842e0c045d4ef90a922863afb063e,e020e47f89c583af293e85638179ab3ae86842e0c045d4ef90a922863afb063e,9b2701269f2b1e4112daf40c3edc60ec2b2bb8409fb22e9c7c3d9e8d7ff2fa8d,1348,1221
831,preserve,preserve-and-continue,correction-candidate,7621735e06ef467353aec154aec0196c2369c6974e6b841395472555896a7ff6,7621735e06ef467353aec154aec0196c2369c6974e6b841395472555896a7ff6,87d4747432da200273b87852c5616f2d0d31924de9e95d5d25198273d99de0d0,1317,1192
832,preserve,preserve-and-continue,correction-candidate,e6ea960d1c7190a04db26fbd95af173cc6c4b04a0ba05578407a036a747596c2,e6ea960d1c7190a04db26fbd95af173cc6c4b04a0ba05578407a036a747596c2,27551531f3280a23fd927301b670fb2fd69f8deaac1624976e65e69d81d2d0ec,1335,1207
833,preserve,preserve-and-continue,correction-candidate,51d2190a89c31f152e6520e0548a66879c7750c17c0d9af962494a37a641c861,51d2190a89c31f152e6520e0548a66879c7750c17c0d9af962494a37a641c861,dbef9461c58e06eed16828eb9af25f00bf9e343084ca32d3af95df9d9e2e8b7a,1353,1231
834,preserve,preserve-and-continue,correction-candidate,0548bc3f5158d8677e5ce4309f6a6226cff303d63dd344b46ff1f3d10219cb0c,0548bc3f5158d8677e5ce4309f6a6226cff303d63dd344b46ff1f3d10219cb0c,55fa91f133c0378a52a53e1c81973f802520a2c4b914b6e714c687a3de2abd31,1347,1222
835,preserve,preserve-and-continue,correction-candidate,7a0bfbdd6e805fbb09e776af02b74afb3922a4bfa13df512faaae08b53172e2f,7a0bfbdd6e805fbb09e776af02b74afb3922a4bfa13df512faaae08b53172e2f,35ba46a236ee6760568a7a2a92d59fd38e4b449074eeeec385a8ebc150c1845f,1354,1232
836,preserve,preserve-and-continue,correction-candidate,bdf5eb9efb37b414ebf50f426cfa2bbd142e0fd2193a449c49fcd71b03aba07c,bdf5eb9efb37b414ebf50f426cfa2bbd142e0fd2193a449c49fcd71b03aba07c,802006c6f076b44a9f7164e20c4331b5240eb61d59916f5974cc062bfd2f262a,1350,1230
837,preserve,preserve-and-continue,correction-candidate,4493e57922e0b276daa979071125618b01bb2282f59f78cbc74496090ff5fdb0,4493e57922e0b276daa979071125618b01bb2282f59f78cbc74496090ff5fdb0,9e9bb2bffa0849e77c11aa86646c5f124617dbeb2622e0e6f3991ecbe774274b,1314,1196
838,preserve,preserve-and-continue,correction-candidate,d83175a3befd353d6b5a5a66d998347612f683824dfb0bc29ee4da9424139030,d83175a3befd353d6b5a5a66d998347612f683824dfb0bc29ee4da9424139030,7fcf20c1357fbcc55fd4084d9fc935406cec03c97ee9082180c71396fb4c78f9,1349,1220
839,preserve,preserve-and-continue,correction-candidate,ba1029f767b1a4a6cd1cdc949be5549b615556740451636ddbd8c266eef745ee,ba1029f767b1a4a6cd1cdc949be5549b615556740451636ddbd8c266eef745ee,d914d2ccdcaf15c20231a9602d7c7f9dcf29eda016e326d4d67e89ad1b468910,1456,1314
840,preserve,preserve-and-continue,correction-candidate,47bcf05c1e0506c144ff85a79067b70351db1bc65702912eee5d4ba0c5582430,47bcf05c1e0506c144ff85a79067b70351db1bc65702912eee5d4ba0c5582430,44fd2e9c918fc310732ea3fc62eac0c07da2ef2f3afe0dbd96db38fed4904901,1358,1226
841,preserve,preserve-and-continue,correction-candidate,94e2644497f31c25f836c9889b041a560afe4ad6e8aaea8f9bca1f73f083afb1,94e2644497f31c25f836c9889b041a560afe4ad6e8aaea8f9bca1f73f083afb1,d1b4d6ffb28cbe78cb84ea287e798cc3a1798ce14d1c9648710fcbb9f5956db6,1357,1236
842,preserve,preserve-and-continue,correction-candidate,b9f7a5bfd053e15ecd84dcfcfb0f5afc659b8d01b87412cb4e17facb16587216,b9f7a5bfd053e15ecd84dcfcfb0f5afc659b8d01b87412cb4e17facb16587216,80307ee75fea7d4a5eed539702d5f6db3359f7402f12cb5473a054ff95a2393e,1368,1236
843,preserve,preserve-and-continue,correction-candidate,526c41673f73b3667ac6d89db2c3199238fa1df53361da397a9d6f4a3c31d6b5,526c41673f73b3667ac6d89db2c3199238fa1df53361da397a9d6f4a3c31d6b5,e0f0b9f8171572fd165b557d75065418379e379f6e172d694998a4733a233d50,1357,1235
844,preserve,preserve-and-continue,correction-candidate,5ddef565c226ac48ab5200a29880e20ed55f508beb646360ecbdaf4348a5f082,5ddef565c226ac48ab5200a29880e20ed55f508beb646360ecbdaf4348a5f082,ace270c12b6a4223f9c52fb823a887767c446ffc395034975bde180b69d66eb6,1354,1216
845,preserve,preserve-and-continue,correction-candidate,c079113e2bcf849009d104deae06829d3a487dab9823ca4626dcaaf82be55814,c079113e2bcf849009d104deae06829d3a487dab9823ca4626dcaaf82be55814,bdfecc0c9712fcd0c5f74fdd75e743e711e59080a140adcd93571277846088b0,1349,1230
846,preserve,preserve-and-continue,correction-candidate,8e222424425e809c79f4b41c0acd5440fe32467052e660b3a6155f19faf1cc77,8e222424425e809c79f4b41c0acd5440fe32467052e660b3a6155f19faf1cc77,0bdbfb392e1d736c5ad7f5a21ad44e6f0edd89f72839b95cd3afa3761fd7256d,1348,1222
847,preserve,preserve-and-continue,correction-candidate,da00fce6e6a4fee663e6afa907addb9a58c995ba56b9246fa7a9a0fd49deaeaa,da00fce6e6a4fee663e6afa907addb9a58c995ba56b9246fa7a9a0fd49deaeaa,59d4e68a5659fa7cbbd89ff86470816fe283119a5703c0d9cac0571bcfdb6afa,1392,1271
848,preserve,preserve-and-continue,correction-candidate,b34966208100e684c1553682f1f31226cd96929dd97b13ef84936f17bb973707,b34966208100e684c1553682f1f31226cd96929dd97b13ef84936f17bb973707,f7acf5d568e575519f29f1f44b000a8606738ea2cfbaf2a1906815df4b66acdb,1364,1244
849,preserve,preserve-and-continue,correction-candidate,e8fd9f82b4b8282aca35bb86fe1600a1415939b7cd34fdc43feaed037f254773,e8fd9f82b4b8282aca35bb86fe1600a1415939b7cd34fdc43feaed037f254773,e560eb73220054768b7ac7e93f869b55a9dbbdbe6883976f2ca1aca200fca69d,1342,1221
850,preserve,preserve-and-continue,correction-candidate,838b8ea730641eb405c3448d4d8a504e0a62661af6ae82823c2fb607fc5501fc,838b8ea730641eb405c3448d4d8a504e0a62661af6ae82823c2fb607fc5501fc,31c83d3b6394f0f0dbe888cdee42e7236a5b7406332969b65cfe994791f7e755,1349,1222
851,preserve,preserve-and-continue,correction-candidate,8573fb9a05b455f4750d2af04abce25389ff98bdf84e6540ce3e760293c3935e,8573fb9a05b455f4750d2af04abce25389ff98bdf84e6540ce3e760293c3935e,41b278b955ebde187f6a8b42f8aa850bc78df289e987963b99951c15b56153ad,1351,1227
852,preserve,preserve-and-continue,correction-candidate,d0a8768c441ad3748369d65dbe500ebd8021d81e903563531b63d82029a4f4eb,d0a8768c441ad3748369d65dbe500ebd8021d81e903563531b63d82029a4f4eb,28226dba0183fe926cc7108d876cd2be1ca214a98c869a6892c4f55efae1e8b6,1347,1215
853,preserve,preserve-and-continue,correction-candidate,88ddf8e507d7a9afe5c78b5f8de04b3c4a961c6880885aa1314f5d6f8fbf91b0,88ddf8e507d7a9afe5c78b5f8de04b3c4a961c6880885aa1314f5d6f8fbf91b0,e89c5e13fd0497c4018d482d42c5fd972677eb8e406c873b3771c510a2bb8933,1359,1227
854,preserve,preserve-and-continue,correction-candidate,1b8ff9fa42c19d2e40f465a6f9b4c65d22ca90af0301dc8bde57bb11826fb95f,1b8ff9fa42c19d2e40f465a6f9b4c65d22ca90af0301dc8bde57bb11826fb95f,60bd24faf94188fdcc96e8d4729ff6f0766acd27af43bf60992f5892f05a3905,1354,1224
855,preserve,preserve-and-continue,correction-candidate,34cbb206d5ac48f0a5bcac55d89e3556a7bb3f99828c1e9c981a0fb37c654ce1,34cbb206d5ac48f0a5bcac55d89e3556a7bb3f99828c1e9c981a0fb37c654ce1,f31d4599cdc503dbb06517d64eec0cfc11ef5dbbb9d86e773460daada320b176,1361,1235
856,preserve,preserve-and-continue,correction-candidate,0e025cca7364deb80e0a5026b7c127e0e31d46fe3ffe2f72206d6bf7a2c7ba51,0e025cca7364deb80e0a5026b7c127e0e31d46fe3ffe2f72206d6bf7a2c7ba51,7552def778d8fc9459813298aca4c787fc2c9aeb144bce11d418ea9be810068e,1362,1225
857,preserve,preserve-and-continue,correction-candidate,652af58b5add16751f2de330edcb57657155a7d25bff74b66410ee1ebe9a2f29,652af58b5add16751f2de330edcb57657155a7d25bff74b66410ee1ebe9a2f29,a93f9ee0e87dc7ecddef29fdad1c5f2fe3fba255dbcfb633f001abcb53f63725,1334,1221
858,preserve,preserve-and-continue,correction-candidate,67f178056c5f7755304731745abb6bdf1ccf8a2584e4ba903bd798425d75508f,67f178056c5f7755304731745abb6bdf1ccf8a2584e4ba903bd798425d75508f,2c36d2d938ea9e19959e02cea8dfa40dfdfc141cf51a1facd4d37d5863307bdc,1327,1222
859,preserve,preserve-and-continue,correction-candidate,bf8eb8d63643714f24432a54f5eb5a2b850309efd7544f5306b32c1e0baba238,bf8eb8d63643714f24432a54f5eb5a2b850309efd7544f5306b32c1e0baba238,9d61c86ca128e3a3896bbb1bedceeca3b97fd54c74da55e4853d4d9cbfe1e319,1341,1231
860,preserve,preserve-and-continue,correction-candidate,bf913c4e5a0ab037cb55adc842d5754d74d2c5a2d3a9bcd5884cc9c8de828217,bf913c4e5a0ab037cb55adc842d5754d74d2c5a2d3a9bcd5884cc9c8de828217,b34db222ad174cf65f86126ce33ffd5bb10ca3adea3e37da55712abffa09506b,1342,1227
861,preserve,preserve-and-continue,correction-candidate,0ce63d1a8475a4daf973fec9c6905e49e5513a1743cc48ace47c5b1906c26ab9,0ce63d1a8475a4daf973fec9c6905e49e5513a1743cc48ace47c5b1906c26ab9,af5dc4b71b79db635b6b5710ca1e671b41778292a5b42761d3039c419c4d8a6d,1342,1217
862,preserve,preserve-and-continue,correction-candidate,02ef5ba491f3bf8b7fbf69d8e95724d687374705c08fcde55c93cbda98518509,02ef5ba491f3bf8b7fbf69d8e95724d687374705c08fcde55c93cbda98518509,19320bd684d5eb19f1ae95a9376046cdfa0dc5fc93065446f3421aa0956c2a08,1344,1228
863,preserve,preserve-and-continue,correction-candidate,2ad86bbbc2a56a8f69ba5a7c9b6b15d57fc995f516aa1fe8e4ed2e1bac8ed299,2ad86bbbc2a56a8f69ba5a7c9b6b15d57fc995f516aa1fe8e4ed2e1bac8ed299,a481091ab59c6f465bfd5226e199e1c8b2283a43470c3b5f74165366219ce709,1346,1222
864,preserve,preserve-and-continue,correction-candidate,77999eeb222f5270f2eb688d1bc0f90dd4673ddeb9ed103037fc36e71b7d7366,77999eeb222f5270f2eb688d1bc0f90dd4673ddeb9ed103037fc36e71b7d7366,1c9e30b7e39008765783bd77439d3994ad3b4465640290194a442aff5ae50b66,1348,1222
865,preserve,preserve-and-continue,correction-candidate,7b2496b49cdabf46a8f7836aaca99286a6f9d9f8c6518d90978e9dcab50f2b3f,7b2496b49cdabf46a8f7836aaca99286a6f9d9f8c6518d90978e9dcab50f2b3f,ffdcd6148f42bccc4a5b5165e951897f2f8889d5101020124c525776cbdea9b5,1369,1234
866,preserve,preserve-and-continue,correction-candidate,8b01a0552654c33498b849cee97713d857ed554a9c420ae5669514f169273c8b,8b01a0552654c33498b849cee97713d857ed554a9c420ae5669514f169273c8b,034e0f5409d1c3195f21cac3e9d240ce6fd34abd9849a4f0f06a4c2385ad4430,1349,1224
867,preserve,preserve-and-continue,correction-candidate,4a375137b35b5c4c88e37c5dfa8ff3d50d9fd5a2717f1df81971928649062d39,4a375137b35b5c4c88e37c5dfa8ff3d50d9fd5a2717f1df81971928649062d39,86163ba553ae8318ab281f4e44238cf6de3412061a080888dd2ba9a0110d8f3e,1363,1247
868,preserve,preserve-and-continue,correction-candidate,ede7b2d8c7d15074597fe3146b4389607201361d840e8bba9ca57b67a0fa4625,ede7b2d8c7d15074597fe3146b4389607201361d840e8bba9ca57b67a0fa4625,c6b0c100c1205be6e6ccb5f2c2eca11317105f3f5eab3b83f706ceaec76c54b4,1434,1308
869,preserve,preserve-and-continue,correction-candidate,c203ad6319bc13c2e4b61af75bf98bc95cac91fd4ee2a13b99040812b550829f,c203ad6319bc13c2e4b61af75bf98bc95cac91fd4ee2a13b99040812b550829f,be16dbfb8b7e2ca09df2f882e4fa4be4de2f48f300c2365be098aa610757664b,1342,1219
870,preserve,preserve-and-continue,correction-candidate,095cad2f334f9bc3ad0ebb822c92e0545fd342afd72401a4a3b5ac76176e7ddb,095cad2f334f9bc3ad0ebb822c92e0545fd342afd72401a4a3b5ac76176e7ddb,a5b4780445f92498d1d914450f5590f67b1a5e1fbfb52930c726ff17659d3699,1343,1226
871,preserve,preserve-and-continue,correction-candidate,5cb3880cc24b4a4ee3fce0bfea58113f1a14e573a626e4efaceb70a75dbe729d,5cb3880cc24b4a4ee3fce0bfea58113f1a14e573a626e4efaceb70a75dbe729d,1c9b28815ae2947a0eee60d966acd00cabab065c2176c3a933e3c881ad95f6d0,1330,1215
872,preserve,preserve-and-continue,correction-candidate,d3b0035fd70e1e63c672b5fbf2976baa3c2b3bbc484637e7589a4044f926b021,d3b0035fd70e1e63c672b5fbf2976baa3c2b3bbc484637e7589a4044f926b021,86ec2f2091ad139baa86eb9ccf34d4adbf80cced6d940c47fe2df37bfd8816e6,1346,1231
873,preserve,preserve-and-continue,correction-candidate,969c558dd51e13d855c2b788b286b0b12dc6e586de67ed948fbbae4142803731,969c558dd51e13d855c2b788b286b0b12dc6e586de67ed948fbbae4142803731,2ca974c6aba830e55e13d39a16a2a5be02db1e7de877f164ce0a1e2cfc508ab0,1346,1231
874,preserve,preserve-and-continue,correction-candidate,3cb378da368efa697325edb02608a9a43127b4b3ab569ff3f1269138f7c40bb2,3cb378da368efa697325edb02608a9a43127b4b3ab569ff3f1269138f7c40bb2,a6eeb1c95bc55235aa695956b35a119d67cce7b261e7cac361f9fc03e2494143,1357,1229
875,preserve,preserve-and-continue,correction-candidate,97f8ce0139e2cc89b8981bb3c271d66c2c206424cd49d932bad6fdb2e549ff68,97f8ce0139e2cc89b8981bb3c271d66c2c206424cd49d932bad6fdb2e549ff68,868ecd26bb8ef52978c0808b375af3e7e8fcd21097a69cb2fae2290cdba604ae,1435,1307
876,preserve,preserve-and-continue,correction-candidate,60d2cc4e06208bf26ff4300487db0ee00033ad11cd02ff7f1f4c52ff3693d4a6,60d2cc4e06208bf26ff4300487db0ee00033ad11cd02ff7f1f4c52ff3693d4a6,6f9209aa7869808ac01b549ee493ad9f5f7c40e6c75a0d033bcb169dec2844bb,1346,1225
877,preserve,preserve-and-continue,correction-candidate,f679a22659f9ecdfc80417d9f3e87fcf4b971b6664c10bba21c52ff7dddc3267,f679a22659f9ecdfc80417d9f3e87fcf4b971b6664c10bba21c52ff7dddc3267,6e58f924bbd647c9f1b31e0c88370a8a3277c3cce16f057138d95f4ffa021b35,1351,1228
878,preserve,preserve-and-continue,correction-candidate,7a0f2944d88425c4ffc011dd34677eb9add233d5fb85b0bdcdf446bd54fbea63,7a0f2944d88425c4ffc011dd34677eb9add233d5fb85b0bdcdf446bd54fbea63,c44e465e89feb0fd4c26678d11181a5137bcc6425c3821a773510708a7db7d50,1400,1276
879,preserve,preserve-and-continue,correction-candidate,aca9051d16ae5d1fe6d563e5f554d159036b351121b02a5f067ffd90eeb0e9f9,aca9051d16ae5d1fe6d563e5f554d159036b351121b02a5f067ffd90eeb0e9f9,665ac97f9b6d620134210198d8f5c8d48c765c057a45a6c6d4333e2573162baa,1343,1238
880,preserve,preserve-and-continue,correction-candidate,eae035e772c24bc7856e72d163f1734946d6a9d130be579018db4427adcd1ec7,eae035e772c24bc7856e72d163f1734946d6a9d130be579018db4427adcd1ec7,2b11f689e4da169f2ba170008b680f5ccd3187cf57e735e3f681eee828a05cd0,1360,1236
881,preserve,preserve-and-continue,correction-candidate,13cdecff19936e228d2974f6b6977ec15724a104d19d7b5fa2a6dcaa5453d89a,13cdecff19936e228d2974f6b6977ec15724a104d19d7b5fa2a6dcaa5453d89a,8d903941ff6f621f6c03ae2c2df84c7093141b19b78076f576456a8ebf9270a7,1350,1235
882,preserve,preserve-and-continue,correction-candidate,55a3b5a8389e2bde483769cdfe9f77f13549b681577b0ff6b7aac0478a63e06f,55a3b5a8389e2bde483769cdfe9f77f13549b681577b0ff6b7aac0478a63e06f,9cde5e06a9034c8fad79bc230cc46dbd7673af591653ba71285896959229cde2,1345,1222
883,preserve,preserve-and-continue,correction-candidate,668dd273bea175d0cb3811080d947afacd004ad8e8d60ef332243ca2eb38ce93,668dd273bea175d0cb3811080d947afacd004ad8e8d60ef332243ca2eb38ce93,f57857669df78998da033c2a109d81bb1c2cbfaeae016e1795e9d2dd818a9d8c,1356,1239
884,preserve,preserve-and-continue,correction-candidate,71d608c4d9221bb28455a114e7fa837bb30bfb92b73c23d6f8ffe491e6e29388,71d608c4d9221bb28455a114e7fa837bb30bfb92b73c23d6f8ffe491e6e29388,29384257a8a337f170e5289915a2626ee8e35527f06b3b905ce2b405418a02f9,1336,1225
885,preserve,preserve-and-continue,correction-candidate,fd734b6c43e1a93a696ebcbcf698d88d36ffb44ba6865db453ef5dd41d05737f,fd734b6c43e1a93a696ebcbcf698d88d36ffb44ba6865db453ef5dd41d05737f,b87e4c5271b87f65b4b83d570355bed77fb3eac0e15b493404d8043b8be7e7e3,1346,1228
886,preserve,preserve-and-continue,correction-candidate,52944bbe1f1201346fbd39f7c84818c577794a1ecd709660502da1b81f926126,52944bbe1f1201346fbd39f7c84818c577794a1ecd709660502da1b81f926126,901843ba2e6d882d8d5b35406f3ce112aaaa21ecdde45c399291b43005d97ccf,1350,1224
887,preserve,preserve-and-continue,correction-candidate,1e3b6ec830316eab410a8d97d3be1002cb29c769da19be450e852ec898807995,1e3b6ec830316eab410a8d97d3be1002cb29c769da19be450e852ec898807995,256e97cd9fe9fe78cc7240f671616dd3ae5742b27cc0484dd3045bc7a36f99a5,1334,1219
888,preserve,preserve-and-continue,correction-candidate,c9e7986f270b58c5d3e013cbca26e58b2dca9a964ef7fbbd7adce564b9da7891,c9e7986f270b58c5d3e013cbca26e58b2dca9a964ef7fbbd7adce564b9da7891,a94b9e810688cf6357d4e0c7f6f20e001abfbac6696d3d8c52d9bf5b32a38da9,1349,1225
889,preserve,preserve-and-continue,correction-candidate,d345a1cc79b0f15e838ffa5d00b78d2c888fde7c2663cce2c67d158acbcf19aa,d345a1cc79b0f15e838ffa5d00b78d2c888fde7c2663cce2c67d158acbcf19aa,338c8d70bc36bdd5b446cfff99ee9256a0a608a690d2a1280bf8958041b206a8,1346,1223
890,preserve,preserve-and-continue,correction-candidate,ba04c2b498b038647f787ab804f366942231966e84392f9b906bacec72f4f6c8,ba04c2b498b038647f787ab804f366942231966e84392f9b906bacec72f4f6c8,3729cb0bd6b3dcff45dee2bccbdaa27e9bbfda1db27f22821462547b80af40ce,1351,1229
891,preserve,preserve-and-continue,correction-candidate,dfa360eb1cd9c119ad6c69da164ab527e75a88e07bdae874674edb9e5ee136b9,dfa360eb1cd9c119ad6c69da164ab527e75a88e07bdae874674edb9e5ee136b9,469bd38d1e66f58a434446603c4f9c49ed03b1949070e8261b484444fa4e6784,1351,1226
892,preserve,preserve-and-continue,correction-candidate,513f0b5a3f65222ea4cf29ce21320244fce0a2cce9d22ba8c535fe4b92fce37a,513f0b5a3f65222ea4cf29ce21320244fce0a2cce9d22ba8c535fe4b92fce37a,77253f782728477a79850b87504489ee32f23ece0e23902ad5fe5ace237fc07a,1417,1295
893,preserve,preserve-and-continue,correction-candidate,57f8b007ddb435cb36a8513ffd1b03beab068a35a46dbec3036d6e3c48ee5db3,57f8b007ddb435cb36a8513ffd1b03beab068a35a46dbec3036d6e3c48ee5db3,1ab905e8aa19500089caa558c115ad11c44d89171ad6e97f4668ec032a1d1815,1363,1245
894,preserve,preserve-and-continue,correction-candidate,16f71d149d923389d52754feb7b0ed06bf6090717b4ceaf055d80e7cc821a295,16f71d149d923389d52754feb7b0ed06bf6090717b4ceaf055d80e7cc821a295,eea567d769a91bf3a0374569ccdb10eb6ab69e7ca67cf81b05fd62e148f80084,1336,1224
895,preserve,preserve-and-continue,correction-candidate,314c6ffc5b89c0325c0bdf95fa2b356140714b4f4696cec116e683232a63dd24,314c6ffc5b89c0325c0bdf95fa2b356140714b4f4696cec116e683232a63dd24,6446d4592f822d0ca9f5143b74e28136072cb421bd501ff3ce98a32e3f526dc9,1349,1236
896,preserve,preserve-and-continue,correction-candidate,484b1c1fe80726909a838c7007f2cbc11f1b400cd4eea1b88fb610ef3762ef13,484b1c1fe80726909a838c7007f2cbc11f1b400cd4eea1b88fb610ef3762ef13,31ddc9dd8ee5e1db0b1da4e9c4318b2dd8cbda5ed6eed12e27b0214767f11eed,1420,1300
897,preserve,preserve-and-continue,correction-candidate,a84de18e0b90d8364709bcbfccb6a0f2c5dadeb556e13cfe69bb030b136399a1,a84de18e0b90d8364709bcbfccb6a0f2c5dadeb556e13cfe69bb030b136399a1,4368c0d7c45295945c323f005431d2de2855db773450dfb0669caca9b38616f4,1378,1267
898,preserve,preserve-and-continue,correction-candidate,4d5a33b18f1fb8f50def3e1d480935abcfe3990bac684f62e425659bef2c0fa8,4d5a33b18f1fb8f50def3e1d480935abcfe3990bac684f62e425659bef2c0fa8,be5acbac4ab012d2e83a68dc302d0708e43a350324541ad5b664b9939591c3b9,1350,1233
899,preserve,preserve-and-continue,correction-candidate,af6b71d289d7046632914d817d6520a82390f726f043431c5dba43d26bf9c149,af6b71d289d7046632914d817d6520a82390f726f043431c5dba43d26bf9c149,98c88caa82917ef785094d376eb05e3571bcb7405e712a98396fb879555d6c67,1388,1264
900,preserve,preserve-and-continue,correction-candidate,e22e45cc4303c05aedb20b94db9c886f6cf64db5ce9b33d0527aa49fb08e6c17,e22e45cc4303c05aedb20b94db9c886f6cf64db5ce9b33d0527aa49fb08e6c17,b3c3f7e431af4bc5302031e867adaac0b2f9b1f9ffa2291bac73a8db7a10bf19,1396,1265
901,preserve,preserve-and-continue,correction-candidate,b5eb63dbca83b4cbd6e0d64ab2f89cffef57001710a66399f7284ae996db9be2,b5eb63dbca83b4cbd6e0d64ab2f89cffef57001710a66399f7284ae996db9be2,69291ede4893da3a24a0f520c80810a1db28a1b35a7e0deaf4fee67e35dbd7e8,1370,1250
902,preserve,preserve-and-continue,correction-candidate,91d3570218ce36d9119b550241c961e57288fdf7eea74d9fc54c45c2f0f174b4,91d3570218ce36d9119b550241c961e57288fdf7eea74d9fc54c45c2f0f174b4,ba13ac7281a88b8ed521e375abbb5b926f7bf9c263e5e8cd40fc9c7e1585108a,1380,1258
903,preserve,preserve-and-continue,correction-candidate,526b359ad81d3e5d5f88193121fe999b8db725d4e4e1ebc40a58599d694ba486,526b359ad81d3e5d5f88193121fe999b8db725d4e4e1ebc40a58599d694ba486,c92cf53d78fed4a360cafe55ab579bcd56af7cdb978a876a02ec9503df17e088,1368,1245
904,preserve,preserve-and-continue,correction-candidate,3c5227cb9105e39820360fa61715120990ef9d2861d9c5e9f53d38e262ffe38b,3c5227cb9105e39820360fa61715120990ef9d2861d9c5e9f53d38e262ffe38b,1f372ad2293fe61b360357e4110fb91554911b103d1af809b1bec0fa6c635cbb,1375,1244
905,preserve,preserve-and-continue,correction-candidate,f6b238b0d487ab461c42d1721dc7144d60a6ea267e8a7db0b7ab539d9f2159b5,f6b238b0d487ab461c42d1721dc7144d60a6ea267e8a7db0b7ab539d9f2159b5,6d1960c794402bfc1feb5ec6dd3edc8c34712ffbe5cc470079253ecb8f281f60,1370,1243
906,preserve,preserve-and-continue,correction-candidate,0894e1bbf337fd5fc80cc7715c82758d1cf65ae3100679a3632af79e71381c35,0894e1bbf337fd5fc80cc7715c82758d1cf65ae3100679a3632af79e71381c35,c7230a7fa8b136d3f242d3babdb0b0dda0af46b27123ff291e29104ee060596b,1367,1246
907,preserve,preserve-and-continue,correction-candidate,1bdee3e754d7f4233d073df5a8aaf10a9580dc9f22b5c7d7db2681c410061bcd,1bdee3e754d7f4233d073df5a8aaf10a9580dc9f22b5c7d7db2681c410061bcd,ac74a1e085ee2c2ad77bd547aefbf4d472a8fed8e6eddc4d044cfd33e30e142b,1377,1248
908,preserve,preserve-and-continue,correction-candidate,1752a851b6a1674c391860ae75256ecce53897eae06e96bca6c2a435dcdd8c2b,1752a851b6a1674c391860ae75256ecce53897eae06e96bca6c2a435dcdd8c2b,268984675e8b87742df1f496ffa3075c511cf562ecca4efdd756ef5a898ba0b0,1383,1252
909,preserve,preserve-and-continue,correction-candidate,817a7e4a101eb55e95494ebb324b06fa132c07f308a65c7d6af9fce562990464,817a7e4a101eb55e95494ebb324b06fa132c07f308a65c7d6af9fce562990464,0fea821f4a59eb97d13241b2099867d973c4479a273af931a37a104efacc226b,1373,1249
910,preserve,preserve-and-continue,correction-candidate,cfb6a366bc0f6a4299b886dd8467570b8608ad8de3793dcc13d6f5610346c25b,cfb6a366bc0f6a4299b886dd8467570b8608ad8de3793dcc13d6f5610346c25b,4801ed48fb45ada419a96381afa49b9d50ce30b357fdcfc6c1fba1ec7ea4ad64,1376,1250
911,preserve,preserve-and-continue,correction-candidate,b5c49f2e47ef5c9cf1c6175fb6fb51bc1f42c6ac0781c2e560fa4cdb4935f0db,b5c49f2e47ef5c9cf1c6175fb6fb51bc1f42c6ac0781c2e560fa4cdb4935f0db,d2af337aac9a783f36777605b6528bd6166361dd25242d6ef3f4dcefffaaf929,1387,1260
912,preserve,preserve-and-continue,correction-candidate,20bbd76cf34af5f75dc9c7ef103c47241f8c7f7e08f49f593e56dcc3768286bf,20bbd76cf34af5f75dc9c7ef103c47241f8c7f7e08f49f593e56dcc3768286bf,67b1516089be809612ea332a29afc9486301f18068117c21b7143f9a999c1c6b,1397,1261
913,preserve,preserve-and-continue,correction-candidate,3dbaf835ba0cdeb02ac87d6a42457a1118f858945523f423c693d1b135ee2f75,3dbaf835ba0cdeb02ac87d6a42457a1118f858945523f423c693d1b135ee2f75,a424f62c1bef03b9f2920548707a8be2334425ef4aeb7bf81f6a5eff50a9632f,1386,1249
914,preserve,preserve-and-continue,correction-candidate,195fa6e9f03d5d3dbf787bd56bd5ca56e51a88f8fc5ad85826f78f3b15ea9e67,195fa6e9f03d5d3dbf787bd56bd5ca56e51a88f8fc5ad85826f78f3b15ea9e67,90c37790d4f5b3f4e54655fa4014d45e64393ae8b1711361b95d8a0db76cf9ac,1345,1220
915,preserve,preserve-and-continue,correction-candidate,ff76d60256b638fc4d6278075b65ff07c8f4a4b996a3b3044dce511dcd7c122c,ff76d60256b638fc4d6278075b65ff07c8f4a4b996a3b3044dce511dcd7c122c,998b243f5b1112ad75e6ca9e06291f1e3b09d63332edcabd17fb204d4598b693,1361,1223
916,preserve,preserve-and-continue,correction-candidate,8100329e83c78bc8e7c835d96214e9b427aa0e0f7fdc8d64586813c0ccc70a27,8100329e83c78bc8e7c835d96214e9b427aa0e0f7fdc8d64586813c0ccc70a27,2eea77382f3fb1ac5904f60a768ed4e917c59e94c5aad211c727fb86f6ae588e,1384,1264
917,preserve,preserve-and-continue,correction-candidate,29e579896be1dc98d5e086af495a9b92c8104f3b78148ef86c9d3212a4c04212,29e579896be1dc98d5e086af495a9b92c8104f3b78148ef86c9d3212a4c04212,b2073d76beac4f4d6b02d788273433b1f4709ffccb87de79bcfaed38b8851374,1319,1193
918,preserve,preserve-and-continue,correction-candidate,61301a35359a0d6c3b1e7619e671410e6a4cd80a5fb63dbd6305f2b576c16b85,61301a35359a0d6c3b1e7619e671410e6a4cd80a5fb63dbd6305f2b576c16b85,44a4e5253b53f734eb9a2dcba1b74e80afac9a1798b8c0920e97af21052b9ba8,1337,1200
919,preserve,preserve-and-continue,correction-candidate,ae5085c640421ab9ea3ff3d4790e6c183c1cd461354b91654b59f7f5754d32b3,ae5085c640421ab9ea3ff3d4790e6c183c1cd461354b91654b59f7f5754d32b3,94efc25860397823daa7e592598b7c55ccf3b2f427b50fceac2d3a3058096879,1354,1220
920,preserve,preserve-and-continue,correction-candidate,0242d3af6b1c0dece6a11d23eca4e3026a112bed6077fbfd04cf6c282515aaa4,0242d3af6b1c0dece6a11d23eca4e3026a112bed6077fbfd04cf6c282515aaa4,fd368e4c41f44847176d63d9361a3665b28ec19e3a712c9c55c74a6208bad028,1325,1203
921,preserve,preserve-and-continue,correction-candidate,eab9a5d95c839d2223d0d13d26d024ffce8e47e937755c2114dec404174ea620,eab9a5d95c839d2223d0d13d26d024ffce8e47e937755c2114dec404174ea620,f358b6f2b0ad6da007c8a2422564b578bf94eff6efc36b84e023c580e04f1eb4,1355,1216
922,preserve,preserve-and-continue,correction-candidate,01135c14186ca358ed816b3ffd8486cf885cf119c94deae82b10b4c24d9c36de,01135c14186ca358ed816b3ffd8486cf885cf119c94deae82b10b4c24d9c36de,81c291ad2f022a4412041da055e51c834aaaeabeefd91764f4b54e9b047b57cc,1330,1191
923,preserve,preserve-and-continue,correction-candidate,09809dfe128bd16667cdd695a3b8dbc4b5248d958951ec133437740c03d58502,09809dfe128bd16667cdd695a3b8dbc4b5248d958951ec133437740c03d58502,2e9908a93116f89d6b0da9cd126875cc0ba19f07750a232ad78a589ec1686a4a,1342,1207
924,preserve,preserve-and-continue,correction-candidate,b472ca4476ca4e0fead77a6c4bade72e313203e9b390a7b733c89a0ee9212070,b472ca4476ca4e0fead77a6c4bade72e313203e9b390a7b733c89a0ee9212070,cf8abc34d7d301d0c1b20e7be06ab4977cf4443d6fa646a02d6cf201460e9b35,1334,1196
925,preserve,preserve-and-continue,correction-candidate,1d8c6592ff53d7d4ed6c0f63382ef4cd594ece43250cbb4fe29a21ac5289780c,1d8c6592ff53d7d4ed6c0f63382ef4cd594ece43250cbb4fe29a21ac5289780c,5589a8af7e0b37c630268d0c4820e84fcba7e2aa0c84ce1c5e1121b3185b58a8,1337,1199
926,preserve,preserve-and-continue,correction-candidate,f6b04aba9f31a4727f37b326f8ee29d48130567060d2d910fe433aa6bdd9a6d2,f6b04aba9f31a4727f37b326f8ee29d48130567060d2d910fe433aa6bdd9a6d2,2f22fd051e926f854546de666a87fe39378243956428f18a355ae8444f259e7e,1349,1204
927,preserve,preserve-and-continue,correction-candidate,54c5ec1e9b3fd2571163dd5b12ef78c076af7d6fe2bd72c4bd04be3a33b07d08,54c5ec1e9b3fd2571163dd5b12ef78c076af7d6fe2bd72c4bd04be3a33b07d08,07d38ccda2570e8e0f86b608edf9d4c7846a888c5158aeab0b85961185f8aa54,1453,1290
928,preserve,preserve-and-continue,correction-candidate,09f6cd196cd4dd325dde89ce7562475e5aeb34a07655b9f2b2b78c3218b52d7c,09f6cd196cd4dd325dde89ce7562475e5aeb34a07655b9f2b2b78c3218b52d7c,30dedf3356384f965f82677f9c66e8f2cb86d869db885654e88f1deb99c7fcd7,895,1299
929,preserve,preserve-and-continue,preserve,6c09261a9f9c09d412eddbde45adc8ae32f355097516cf5805df49a83ae10d73,6c09261a9f9c09d412eddbde45adc8ae32f355097516cf5805df49a83ae10d73,03859f9f841133938fe56821aff569d2d27d5f7fb723b064f8740308d78d5b19,2334,647
