run_id,parameter_set_equivalence_family_id,parameter_set_equivalence_family_sha256,parameter_set_equivalence_family_size,parameter_set_id,parameter_identity_sha256,parameter_schema_version,parameter_grid_sha256,parameter_grid_ordinal,profile,rank,search_rank,requested_search_member,search_space_member,reference_roles_json,historic_reference_json,completion_index,completion_elapsed_seconds,search_fraction,global_ordinal,label,layout_type,status,iou,left_error_px,top_error_px,right_error_px,bottom_error_px,edge_error_mean_px,edge_error_maximum_px,elapsed_ms,approved_bbox_json,predicted_bbox_json,parameters_json,error_type,error_message,result_json,page_json
run-20260902-195700,8ddbe5f468cd,8ddbe5f468cd9bc5dffdca20d98ce9e45a63e7de7197291d09cf1bef9008cb2d,1,8ddbe5f468cd,d271e15cc6fd4189c8c6d350b04e323d38177022c6d43b7d05f73fcd3a4e1a52,1,,,,1,,0,0,"[""historic_best""]","{""detector"": ""signed_polar_boundary_vote"", ""golden_set_sha256"": ""135c0ff576876ef8911296e2502193ed20d159799079a4f8a58994854fcbba8e"", ""historic_build_number"": ""374"", ""historic_build_url"": ""https://github.com/dlstupka/hth/actions/runs/31748657986"", ""historic_calibration_id"": ""run-20260814-021729"", ""historic_created_at_utc"": ""2026-08-13T22:14:57.795133+00:00"", ""model_variant"": null, ""parameter_identity_sha256"": ""d271e15cc6fd4189c8c6d350b04e323d38177022c6d43b7d05f73fcd3a4e1a52"", ""parameter_set_id"": ""8ddbe5f468cd"", ""parameters"": {""bbox_padding_fraction"": 0.0, ""gradient_percentile"": 95.0, ""inner_radius_fraction"": 0.2, ""minimum_support_fraction"": 0.35, ""outer_radius_fraction"": 0.6, ""polarity"": ""absolute"", ""ray_count"": 72}, ""provenance_source"": ""legacy-parameters""}",2,0.42266302200005157,0.2,1,ordinary_two_page_spread,two_page_spread,ok,0.96843309,26,4,4,2,9.0,26,23.104,"[125, 56, 1289, 967]","[99, 52, 1285, 969]","{""bbox_padding_fraction"":0.0,""gradient_percentile"":95.0,""inner_radius_fraction"":0.2,""minimum_support_fraction"":0.35,""outer_radius_fraction"":0.6,""polarity"":""absolute"",""ray_count"":72}",,,"{""historic_reference"":{""detector"":""signed_polar_boundary_vote"",""golden_set_sha256"":""135c0ff576876ef8911296e2502193ed20d159799079a4f8a58994854fcbba8e"",""historic_build_number"":""374"",""historic_build_url"":""https://github.com/dlstupka/hth/actions/runs/31748657986"",""historic_calibration_id"":""run-20260814-021729"",""historic_created_at_utc"":""2026-08-13T22:14:57.795133+00:00"",""model_variant"":null,""parameter_identity_sha256"":""d271e15cc6fd4189c8c6d350b04e323d38177022c6d43b7d05f73fcd3a4e1a52"",""parameter_set_id"":""8ddbe5f468cd"",""parameters"":{""bbox_padding_fraction"":0.0,""gradient_percentile"":95.0,""inner_radius_fraction"":0.2,""minimum_support_fraction"":0.35,""outer_radius_fraction"":0.6,""polarity"":""absolute"",""ray_count"":72},""provenance_source"":""legacy-parameters""},""legacy_parameter_set_id"":""8ddbe5f468cd"",""parameter_grid_ordinal"":null,""parameter_grid_sha256"":null,""parameter_identity_schema_version"":""1"",""parameter_identity_sha256"":""d271e15cc6fd4189c8c6d350b04e323d38177022c6d43b7d05f73fcd3a4e1a52"",""parameter_schema_version"":""1"",""parameter_set_equivalence_family_id"":""8ddbe5f468cd"",""parameter_set_equivalence_family_sha256"":""8ddbe5f468cd9bc5dffdca20d98ce9e45a63e7de7197291d09cf1bef9008cb2d"",""parameter_set_equivalence_family_size"":1,""parameter_set_id"":""8ddbe5f468cd"",""parameters"":{""bbox_padding_fraction"":0.0,""gradient_percentile"":95.0,""inner_radius_fraction"":0.2,""minimum_support_fraction"":0.35,""outer_radius_fraction"":0.6,""polarity"":""absolute"",""ray_count"":72},""profile"":null,""rank"":1,""reference_roles"":[""historic_best""],""requested_search_member"":false,""run_id"":""run-20260902-195700"",""search_observation"":{""completion_index"":2,""elapsed_seconds"":0.42266302200005157,""parameter_set_number"":2,""search_fraction"":0.2},""search_space_member"":false,""summary"":{""elapsed_ms_total"":115.704,""failure_count"":0,""mean_edge_error_px"":7.65,""mean_iou"":0.97174398,""mean_iou_success"":0.97174398,""minimum_iou"":0.95060001,""page_count"":5,""stddev_iou"":0.01931332,""success_count"":5,""wall_ms"":116.303}}","{""approved_bbox"":[125,56,1289,967],""candidate"":{""authors"":null,""bbox"":[99,52,1285,969],""confidence"":1.0,""corners"":[[103.41375732421875,968.9906616210938],[99.62615966796875,56.90897750854492],[1280.7685546875,52.00410842895508],[1284.55615234375,964.0857543945312]],""detector_name"":"""",""diagnostics"":{""evidence"":""signed_polar_gradient_boundary_votes"",""parameters"":{""bbox_padding_fraction"":0.0,""gradient_percentile"":95.0,""inner_radius_fraction"":0.2,""minimum_support_fraction"":0.35,""outer_radius_fraction"":0.6,""polarity"":""absolute"",""ray_count"":72},""ray_support_fraction"":1.0,""supported_rays"":72},""foundation"":null,""method"":""signed_polar_boundary_vote"",""origin"":"""",""repository"":"""",""score"":1.0,""status"":""ok"",""version"":""""},""edge_error_maximum_px"":26,""edge_error_mean_px"":9.0,""edge_errors"":{""bottom"":2,""left"":26,""maximum"":26,""mean"":9.0,""right"":4,""top"":4},""elapsed_ms"":23.104,""global_ordinal"":1,""iou"":0.96843309,""label"":""ordinary_two_page_spread"",""layout_type"":""two_page_spread"",""predicted_bbox"":[99,52,1285,969],""status"":""ok""}"
run-20260902-195700,8ddbe5f468cd,8ddbe5f468cd9bc5dffdca20d98ce9e45a63e7de7197291d09cf1bef9008cb2d,1,8ddbe5f468cd,d271e15cc6fd4189c8c6d350b04e323d38177022c6d43b7d05f73fcd3a4e1a52,1,,,,1,,0,0,"[""historic_best""]","{""detector"": ""signed_polar_boundary_vote"", ""golden_set_sha256"": ""135c0ff576876ef8911296e2502193ed20d159799079a4f8a58994854fcbba8e"", ""historic_build_number"": ""374"", ""historic_build_url"": ""https://github.com/dlstupka/hth/actions/runs/31748657986"", ""historic_calibration_id"": ""run-20260814-021729"", ""historic_created_at_utc"": ""2026-08-13T22:14:57.795133+00:00"", ""model_variant"": null, ""parameter_identity_sha256"": ""d271e15cc6fd4189c8c6d350b04e323d38177022c6d43b7d05f73fcd3a4e1a52"", ""parameter_set_id"": ""8ddbe5f468cd"", ""parameters"": {""bbox_padding_fraction"": 0.0, ""gradient_percentile"": 95.0, ""inner_radius_fraction"": 0.2, ""minimum_support_fraction"": 0.35, ""outer_radius_fraction"": 0.6, ""polarity"": ""absolute"", ""ray_count"": 72}, ""provenance_source"": ""legacy-parameters""}",2,0.42266302200005157,0.2,5,damaged_partial_register_spread,two_page_spread,ok,0.99295573,0,5,1,1,1.75,5,22.372,"[67, 8, 1233, 977]","[67, 13, 1232, 976]","{""bbox_padding_fraction"":0.0,""gradient_percentile"":95.0,""inner_radius_fraction"":0.2,""minimum_support_fraction"":0.35,""outer_radius_fraction"":0.6,""polarity"":""absolute"",""ray_count"":72}",,,"{""historic_reference"":{""detector"":""signed_polar_boundary_vote"",""golden_set_sha256"":""135c0ff576876ef8911296e2502193ed20d159799079a4f8a58994854fcbba8e"",""historic_build_number"":""374"",""historic_build_url"":""https://github.com/dlstupka/hth/actions/runs/31748657986"",""historic_calibration_id"":""run-20260814-021729"",""historic_created_at_utc"":""2026-08-13T22:14:57.795133+00:00"",""model_variant"":null,""parameter_identity_sha256"":""d271e15cc6fd4189c8c6d350b04e323d38177022c6d43b7d05f73fcd3a4e1a52"",""parameter_set_id"":""8ddbe5f468cd"",""parameters"":{""bbox_padding_fraction"":0.0,""gradient_percentile"":95.0,""inner_radius_fraction"":0.2,""minimum_support_fraction"":0.35,""outer_radius_fraction"":0.6,""polarity"":""absolute"",""ray_count"":72},""provenance_source"":""legacy-parameters""},""legacy_parameter_set_id"":""8ddbe5f468cd"",""parameter_grid_ordinal"":null,""parameter_grid_sha256"":null,""parameter_identity_schema_version"":""1"",""parameter_identity_sha256"":""d271e15cc6fd4189c8c6d350b04e323d38177022c6d43b7d05f73fcd3a4e1a52"",""parameter_schema_version"":""1"",""parameter_set_equivalence_family_id"":""8ddbe5f468cd"",""parameter_set_equivalence_family_sha256"":""8ddbe5f468cd9bc5dffdca20d98ce9e45a63e7de7197291d09cf1bef9008cb2d"",""parameter_set_equivalence_family_size"":1,""parameter_set_id"":""8ddbe5f468cd"",""parameters"":{""bbox_padding_fraction"":0.0,""gradient_percentile"":95.0,""inner_radius_fraction"":0.2,""minimum_support_fraction"":0.35,""outer_radius_fraction"":0.6,""polarity"":""absolute"",""ray_count"":72},""profile"":null,""rank"":1,""reference_roles"":[""historic_best""],""requested_search_member"":false,""run_id"":""run-20260902-195700"",""search_observation"":{""completion_index"":2,""elapsed_seconds"":0.42266302200005157,""parameter_set_number"":2,""search_fraction"":0.2},""search_space_member"":false,""summary"":{""elapsed_ms_total"":115.704,""failure_count"":0,""mean_edge_error_px"":7.65,""mean_iou"":0.97174398,""mean_iou_success"":0.97174398,""minimum_iou"":0.95060001,""page_count"":5,""stddev_iou"":0.01931332,""success_count"":5,""wall_ms"":116.303}}","{""approved_bbox"":[67,8,1233,977],""candidate"":{""authors"":null,""bbox"":[67,13,1232,976],""confidence"":1.0,""corners"":[[70.1607666015625,975.69287109375],[67.480712890625,16.404390335083008],[1229.107421875,13.159086227416992],[1231.7874755859375,972.447509765625]],""detector_name"":"""",""diagnostics"":{""evidence"":""signed_polar_gradient_boundary_votes"",""parameters"":{""bbox_padding_fraction"":0.0,""gradient_percentile"":95.0,""inner_radius_fraction"":0.2,""minimum_support_fraction"":0.35,""outer_radius_fraction"":0.6,""polarity"":""absolute"",""ray_count"":72},""ray_support_fraction"":1.0,""supported_rays"":72},""foundation"":null,""method"":""signed_polar_boundary_vote"",""origin"":"""",""repository"":"""",""score"":1.0,""status"":""ok"",""version"":""""},""edge_error_maximum_px"":5,""edge_error_mean_px"":1.75,""edge_errors"":{""bottom"":1,""left"":0,""maximum"":5,""mean"":1.75,""right"":1,""top"":5},""elapsed_ms"":22.372,""global_ordinal"":5,""iou"":0.99295573,""label"":""damaged_partial_register_spread"",""layout_type"":""two_page_spread"",""predicted_bbox"":[67,13,1232,976],""status"":""ok""}"
run-20260902-195700,8ddbe5f468cd,8ddbe5f468cd9bc5dffdca20d98ce9e45a63e7de7197291d09cf1bef9008cb2d,1,8ddbe5f468cd,d271e15cc6fd4189c8c6d350b04e323d38177022c6d43b7d05f73fcd3a4e1a52,1,,,,1,,0,0,"[""historic_best""]","{""detector"": ""signed_polar_boundary_vote"", ""golden_set_sha256"": ""135c0ff576876ef8911296e2502193ed20d159799079a4f8a58994854fcbba8e"", ""historic_build_number"": ""374"", ""historic_build_url"": ""https://github.com/dlstupka/hth/actions/runs/31748657986"", ""historic_calibration_id"": ""run-20260814-021729"", ""historic_created_at_utc"": ""2026-08-13T22:14:57.795133+00:00"", ""model_variant"": null, ""parameter_identity_sha256"": ""d271e15cc6fd4189c8c6d350b04e323d38177022c6d43b7d05f73fcd3a4e1a52"", ""parameter_set_id"": ""8ddbe5f468cd"", ""parameters"": {""bbox_padding_fraction"": 0.0, ""gradient_percentile"": 95.0, ""inner_radius_fraction"": 0.2, ""minimum_support_fraction"": 0.35, ""outer_radius_fraction"": 0.6, ""polarity"": ""absolute"", ""ray_count"": 72}, ""provenance_source"": ""legacy-parameters""}",2,0.42266302200005157,0.2,6,title_or_index_sheet,single_page,ok,0.99518061,2,1,2,0,1.25,2,20.973,"[15, 28, 1074, 970]","[13, 27, 1076, 970]","{""bbox_padding_fraction"":0.0,""gradient_percentile"":95.0,""inner_radius_fraction"":0.2,""minimum_support_fraction"":0.35,""outer_radius_fraction"":0.6,""polarity"":""absolute"",""ray_count"":72}",,,"{""historic_reference"":{""detector"":""signed_polar_boundary_vote"",""golden_set_sha256"":""135c0ff576876ef8911296e2502193ed20d159799079a4f8a58994854fcbba8e"",""historic_build_number"":""374"",""historic_build_url"":""https://github.com/dlstupka/hth/actions/runs/31748657986"",""historic_calibration_id"":""run-20260814-021729"",""historic_created_at_utc"":""2026-08-13T22:14:57.795133+00:00"",""model_variant"":null,""parameter_identity_sha256"":""d271e15cc6fd4189c8c6d350b04e323d38177022c6d43b7d05f73fcd3a4e1a52"",""parameter_set_id"":""8ddbe5f468cd"",""parameters"":{""bbox_padding_fraction"":0.0,""gradient_percentile"":95.0,""inner_radius_fraction"":0.2,""minimum_support_fraction"":0.35,""outer_radius_fraction"":0.6,""polarity"":""absolute"",""ray_count"":72},""provenance_source"":""legacy-parameters""},""legacy_parameter_set_id"":""8ddbe5f468cd"",""parameter_grid_ordinal"":null,""parameter_grid_sha256"":null,""parameter_identity_schema_version"":""1"",""parameter_identity_sha256"":""d271e15cc6fd4189c8c6d350b04e323d38177022c6d43b7d05f73fcd3a4e1a52"",""parameter_schema_version"":""1"",""parameter_set_equivalence_family_id"":""8ddbe5f468cd"",""parameter_set_equivalence_family_sha256"":""8ddbe5f468cd9bc5dffdca20d98ce9e45a63e7de7197291d09cf1bef9008cb2d"",""parameter_set_equivalence_family_size"":1,""parameter_set_id"":""8ddbe5f468cd"",""parameters"":{""bbox_padding_fraction"":0.0,""gradient_percentile"":95.0,""inner_radius_fraction"":0.2,""minimum_support_fraction"":0.35,""outer_radius_fraction"":0.6,""polarity"":""absolute"",""ray_count"":72},""profile"":null,""rank"":1,""reference_roles"":[""historic_best""],""requested_search_member"":false,""run_id"":""run-20260902-195700"",""search_observation"":{""completion_index"":2,""elapsed_seconds"":0.42266302200005157,""parameter_set_number"":2,""search_fraction"":0.2},""search_space_member"":false,""summary"":{""elapsed_ms_total"":115.704,""failure_count"":0,""mean_edge_error_px"":7.65,""mean_iou"":0.97174398,""mean_iou_success"":0.97174398,""minimum_iou"":0.95060001,""page_count"":5,""stddev_iou"":0.01931332,""success_count"":5,""wall_ms"":116.303}}","{""approved_bbox"":[15,28,1074,970],""candidate"":{""authors"":null,""bbox"":[13,27,1076,970],""confidence"":1.0,""corners"":[[14.756591796875,969.6598510742188],[13.64111328125,29.150272369384766],[1074.7874755859375,27.891658782958984],[1075.9029541015625,968.4011840820312]],""detector_name"":"""",""diagnostics"":{""evidence"":""signed_polar_gradient_boundary_votes"",""parameters"":{""bbox_padding_fraction"":0.0,""gradient_percentile"":95.0,""inner_radius_fraction"":0.2,""minimum_support_fraction"":0.35,""outer_radius_fraction"":0.6,""polarity"":""absolute"",""ray_count"":72},""ray_support_fraction"":1.0,""supported_rays"":72},""foundation"":null,""method"":""signed_polar_boundary_vote"",""origin"":"""",""repository"":"""",""score"":1.0,""status"":""ok"",""version"":""""},""edge_error_maximum_px"":2,""edge_error_mean_px"":1.25,""edge_errors"":{""bottom"":0,""left"":2,""maximum"":2,""mean"":1.25,""right"":2,""top"":1},""elapsed_ms"":20.973,""global_ordinal"":6,""iou"":0.99518061,""label"":""title_or_index_sheet"",""layout_type"":""single_page"",""predicted_bbox"":[13,27,1076,970],""status"":""ok""}"
run-20260902-195700,8ddbe5f468cd,8ddbe5f468cd9bc5dffdca20d98ce9e45a63e7de7197291d09cf1bef9008cb2d,1,8ddbe5f468cd,d271e15cc6fd4189c8c6d350b04e323d38177022c6d43b7d05f73fcd3a4e1a52,1,,,,1,,0,0,"[""historic_best""]","{""detector"": ""signed_polar_boundary_vote"", ""golden_set_sha256"": ""135c0ff576876ef8911296e2502193ed20d159799079a4f8a58994854fcbba8e"", ""historic_build_number"": ""374"", ""historic_build_url"": ""https://github.com/dlstupka/hth/actions/runs/31748657986"", ""historic_calibration_id"": ""run-20260814-021729"", ""historic_created_at_utc"": ""2026-08-13T22:14:57.795133+00:00"", ""model_variant"": null, ""parameter_identity_sha256"": ""d271e15cc6fd4189c8c6d350b04e323d38177022c6d43b7d05f73fcd3a4e1a52"", ""parameter_set_id"": ""8ddbe5f468cd"", ""parameters"": {""bbox_padding_fraction"": 0.0, ""gradient_percentile"": 95.0, ""inner_radius_fraction"": 0.2, ""minimum_support_fraction"": 0.35, ""outer_radius_fraction"": 0.6, ""polarity"": ""absolute"", ""ray_count"": 72}, ""provenance_source"": ""legacy-parameters""}",2,0.42266302200005157,0.2,9,clean_two_page_spread,two_page_spread,ok,0.95155044,12,4,35,0,12.75,35,27.163,"[84, 51, 1101, 941]","[72, 47, 1136, 941]","{""bbox_padding_fraction"":0.0,""gradient_percentile"":95.0,""inner_radius_fraction"":0.2,""minimum_support_fraction"":0.35,""outer_radius_fraction"":0.6,""polarity"":""absolute"",""ray_count"":72}",,,"{""historic_reference"":{""detector"":""signed_polar_boundary_vote"",""golden_set_sha256"":""135c0ff576876ef8911296e2502193ed20d159799079a4f8a58994854fcbba8e"",""historic_build_number"":""374"",""historic_build_url"":""https://github.com/dlstupka/hth/actions/runs/31748657986"",""historic_calibration_id"":""run-20260814-021729"",""historic_created_at_utc"":""2026-08-13T22:14:57.795133+00:00"",""model_variant"":null,""parameter_identity_sha256"":""d271e15cc6fd4189c8c6d350b04e323d38177022c6d43b7d05f73fcd3a4e1a52"",""parameter_set_id"":""8ddbe5f468cd"",""parameters"":{""bbox_padding_fraction"":0.0,""gradient_percentile"":95.0,""inner_radius_fraction"":0.2,""minimum_support_fraction"":0.35,""outer_radius_fraction"":0.6,""polarity"":""absolute"",""ray_count"":72},""provenance_source"":""legacy-parameters""},""legacy_parameter_set_id"":""8ddbe5f468cd"",""parameter_grid_ordinal"":null,""parameter_grid_sha256"":null,""parameter_identity_schema_version"":""1"",""parameter_identity_sha256"":""d271e15cc6fd4189c8c6d350b04e323d38177022c6d43b7d05f73fcd3a4e1a52"",""parameter_schema_version"":""1"",""parameter_set_equivalence_family_id"":""8ddbe5f468cd"",""parameter_set_equivalence_family_sha256"":""8ddbe5f468cd9bc5dffdca20d98ce9e45a63e7de7197291d09cf1bef9008cb2d"",""parameter_set_equivalence_family_size"":1,""parameter_set_id"":""8ddbe5f468cd"",""parameters"":{""bbox_padding_fraction"":0.0,""gradient_percentile"":95.0,""inner_radius_fraction"":0.2,""minimum_support_fraction"":0.35,""outer_radius_fraction"":0.6,""polarity"":""absolute"",""ray_count"":72},""profile"":null,""rank"":1,""reference_roles"":[""historic_best""],""requested_search_member"":false,""run_id"":""run-20260902-195700"",""search_observation"":{""completion_index"":2,""elapsed_seconds"":0.42266302200005157,""parameter_set_number"":2,""search_fraction"":0.2},""search_space_member"":false,""summary"":{""elapsed_ms_total"":115.704,""failure_count"":0,""mean_edge_error_px"":7.65,""mean_iou"":0.97174398,""mean_iou_success"":0.97174398,""minimum_iou"":0.95060001,""page_count"":5,""stddev_iou"":0.01931332,""success_count"":5,""wall_ms"":116.303}}","{""approved_bbox"":[84,51,1101,941],""candidate"":{""authors"":null,""bbox"":[72,47,1136,941],""confidence"":1.0,""corners"":[[1134.1619873046875,940.8280639648438],[72.78019714355469,939.636474609375],[73.78132629394531,47.8809814453125],[1135.1632080078125,49.07257080078125]],""detector_name"":"""",""diagnostics"":{""evidence"":""signed_polar_gradient_boundary_votes"",""parameters"":{""bbox_padding_fraction"":0.0,""gradient_percentile"":95.0,""inner_radius_fraction"":0.2,""minimum_support_fraction"":0.35,""outer_radius_fraction"":0.6,""polarity"":""absolute"",""ray_count"":72},""ray_support_fraction"":1.0,""supported_rays"":72},""foundation"":null,""method"":""signed_polar_boundary_vote"",""origin"":"""",""repository"":"""",""score"":1.0,""status"":""ok"",""version"":""""},""edge_error_maximum_px"":35,""edge_error_mean_px"":12.75,""edge_errors"":{""bottom"":0,""left"":12,""maximum"":35,""mean"":12.75,""right"":35,""top"":4},""elapsed_ms"":27.163,""global_ordinal"":9,""iou"":0.95155044,""label"":""clean_two_page_spread"",""layout_type"":""two_page_spread"",""predicted_bbox"":[72,47,1136,941],""status"":""ok""}"
run-20260902-195700,8ddbe5f468cd,8ddbe5f468cd9bc5dffdca20d98ce9e45a63e7de7197291d09cf1bef9008cb2d,1,8ddbe5f468cd,d271e15cc6fd4189c8c6d350b04e323d38177022c6d43b7d05f73fcd3a4e1a52,1,,,,1,,0,0,"[""historic_best""]","{""detector"": ""signed_polar_boundary_vote"", ""golden_set_sha256"": ""135c0ff576876ef8911296e2502193ed20d159799079a4f8a58994854fcbba8e"", ""historic_build_number"": ""374"", ""historic_build_url"": ""https://github.com/dlstupka/hth/actions/runs/31748657986"", ""historic_calibration_id"": ""run-20260814-021729"", ""historic_created_at_utc"": ""2026-08-13T22:14:57.795133+00:00"", ""model_variant"": null, ""parameter_identity_sha256"": ""d271e15cc6fd4189c8c6d350b04e323d38177022c6d43b7d05f73fcd3a4e1a52"", ""parameter_set_id"": ""8ddbe5f468cd"", ""parameters"": {""bbox_padding_fraction"": 0.0, ""gradient_percentile"": 95.0, ""inner_radius_fraction"": 0.2, ""minimum_support_fraction"": 0.35, ""outer_radius_fraction"": 0.6, ""polarity"": ""absolute"", ""ray_count"": 72}, ""provenance_source"": ""legacy-parameters""}",2,0.42266302200005157,0.2,10,clean_two_page_spread_2,two_page_spread,ok,0.95060001,14,5,32,3,13.5,32,22.092,"[88, 33, 1154, 968]","[74, 28, 1186, 965]","{""bbox_padding_fraction"":0.0,""gradient_percentile"":95.0,""inner_radius_fraction"":0.2,""minimum_support_fraction"":0.35,""outer_radius_fraction"":0.6,""polarity"":""absolute"",""ray_count"":72}",,,"{""historic_reference"":{""detector"":""signed_polar_boundary_vote"",""golden_set_sha256"":""135c0ff576876ef8911296e2502193ed20d159799079a4f8a58994854fcbba8e"",""historic_build_number"":""374"",""historic_build_url"":""https://github.com/dlstupka/hth/actions/runs/31748657986"",""historic_calibration_id"":""run-20260814-021729"",""historic_created_at_utc"":""2026-08-13T22:14:57.795133+00:00"",""model_variant"":null,""parameter_identity_sha256"":""d271e15cc6fd4189c8c6d350b04e323d38177022c6d43b7d05f73fcd3a4e1a52"",""parameter_set_id"":""8ddbe5f468cd"",""parameters"":{""bbox_padding_fraction"":0.0,""gradient_percentile"":95.0,""inner_radius_fraction"":0.2,""minimum_support_fraction"":0.35,""outer_radius_fraction"":0.6,""polarity"":""absolute"",""ray_count"":72},""provenance_source"":""legacy-parameters""},""legacy_parameter_set_id"":""8ddbe5f468cd"",""parameter_grid_ordinal"":null,""parameter_grid_sha256"":null,""parameter_identity_schema_version"":""1"",""parameter_identity_sha256"":""d271e15cc6fd4189c8c6d350b04e323d38177022c6d43b7d05f73fcd3a4e1a52"",""parameter_schema_version"":""1"",""parameter_set_equivalence_family_id"":""8ddbe5f468cd"",""parameter_set_equivalence_family_sha256"":""8ddbe5f468cd9bc5dffdca20d98ce9e45a63e7de7197291d09cf1bef9008cb2d"",""parameter_set_equivalence_family_size"":1,""parameter_set_id"":""8ddbe5f468cd"",""parameters"":{""bbox_padding_fraction"":0.0,""gradient_percentile"":95.0,""inner_radius_fraction"":0.2,""minimum_support_fraction"":0.35,""outer_radius_fraction"":0.6,""polarity"":""absolute"",""ray_count"":72},""profile"":null,""rank"":1,""reference_roles"":[""historic_best""],""requested_search_member"":false,""run_id"":""run-20260902-195700"",""search_observation"":{""completion_index"":2,""elapsed_seconds"":0.42266302200005157,""parameter_set_number"":2,""search_fraction"":0.2},""search_space_member"":false,""summary"":{""elapsed_ms_total"":115.704,""failure_count"":0,""mean_edge_error_px"":7.65,""mean_iou"":0.97174398,""mean_iou_success"":0.97174398,""minimum_iou"":0.95060001,""page_count"":5,""stddev_iou"":0.01931332,""success_count"":5,""wall_ms"":116.303}}","{""approved_bbox"":[88,33,1154,968],""candidate"":{""authors"":null,""bbox"":[74,28,1186,965],""confidence"":1.0,""corners"":[[1185.19091796875,964.8450927734375],[74.97225189208984,964.1959228515625],[75.51956939697266,28.125640869140625],[1185.73828125,28.774810791015625]],""detector_name"":"""",""diagnostics"":{""evidence"":""signed_polar_gradient_boundary_votes"",""parameters"":{""bbox_padding_fraction"":0.0,""gradient_percentile"":95.0,""inner_radius_fraction"":0.2,""minimum_support_fraction"":0.35,""outer_radius_fraction"":0.6,""polarity"":""absolute"",""ray_count"":72},""ray_support_fraction"":1.0,""supported_rays"":72},""foundation"":null,""method"":""signed_polar_boundary_vote"",""origin"":"""",""repository"":"""",""score"":1.0,""status"":""ok"",""version"":""""},""edge_error_maximum_px"":32,""edge_error_mean_px"":13.5,""edge_errors"":{""bottom"":3,""left"":14,""maximum"":32,""mean"":13.5,""right"":32,""top"":5},""elapsed_ms"":22.092,""global_ordinal"":10,""iou"":0.95060001,""label"":""clean_two_page_spread_2"",""layout_type"":""two_page_spread"",""predicted_bbox"":[74,28,1186,965],""status"":""ok""}"
run-20260902-195700,45844b256edd,45844b256edddbf0659309758f765fd3a4238e60d8c55ad11a8b676e88f1ead2,1,45844b256edd,b1eb0a2fc8b35ac27ded43e58383b68e3bc701a5d297240959036f4ed4f4c46e,1,6b04d9ffc091acf6158ddd3bf75f6d02848306eebee99bbd3e01af2a2bebceb2,2,,2,1,1,1,[],{},5,0.8623653509998803,0.5,1,ordinary_two_page_spread,two_page_spread,ok,0.90057126,15,56,16,19,26.5,56,47.761,"[125, 56, 1289, 967]","[110, 0, 1273, 986]","{""bbox_padding_fraction"":0.0,""gradient_percentile"":82.0,""inner_radius_fraction"":0.1,""minimum_support_fraction"":0.2,""outer_radius_fraction"":0.45,""polarity"":""absolute"",""ray_count"":72}",,,"{""legacy_parameter_set_id"":""45844b256edd"",""parameter_grid_ordinal"":2,""parameter_grid_sha256"":""6b04d9ffc091acf6158ddd3bf75f6d02848306eebee99bbd3e01af2a2bebceb2"",""parameter_identity_schema_version"":""1"",""parameter_identity_sha256"":""b1eb0a2fc8b35ac27ded43e58383b68e3bc701a5d297240959036f4ed4f4c46e"",""parameter_schema_version"":""1"",""parameter_set_equivalence_family_id"":""45844b256edd"",""parameter_set_equivalence_family_sha256"":""45844b256edddbf0659309758f765fd3a4238e60d8c55ad11a8b676e88f1ead2"",""parameter_set_equivalence_family_size"":1,""parameter_set_id"":""45844b256edd"",""parameters"":{""bbox_padding_fraction"":0.0,""gradient_percentile"":82.0,""inner_radius_fraction"":0.1,""minimum_support_fraction"":0.2,""outer_radius_fraction"":0.45,""polarity"":""absolute"",""ray_count"":72},""profile"":null,""rank"":2,""reference_roles"":[],""requested_search_member"":true,""run_id"":""run-20260902-195700"",""search_observation"":{""completion_index"":5,""elapsed_seconds"":0.8623653509998803,""parameter_set_number"":5,""search_fraction"":0.5},""search_rank"":1,""search_space_member"":true,""summary"":{""elapsed_ms_total"":210.916,""failure_count"":0,""mean_edge_error_px"":37.0,""mean_iou"":0.86676499,""mean_iou_success"":0.86676499,""minimum_iou"":0.74019121,""page_count"":5,""stddev_iou"":0.07591632,""success_count"":5,""wall_ms"":211.5}}","{""approved_bbox"":[125,56,1289,967],""candidate"":{""authors"":null,""bbox"":[110,0,1273,986],""confidence"":1.0,""corners"":[[481.1932678222656,1076.3349609375],[110.56887817382812,281.5284423828125],[901.4971923828125,-87.28752136230469],[1272.12158203125,707.51904296875]],""detector_name"":"""",""diagnostics"":{""evidence"":""signed_polar_gradient_boundary_votes"",""parameters"":{""bbox_padding_fraction"":0.0,""gradient_percentile"":82.0,""inner_radius_fraction"":0.1,""minimum_support_fraction"":0.2,""outer_radius_fraction"":0.45,""polarity"":""absolute"",""ray_count"":72},""ray_support_fraction"":1.0,""supported_rays"":72},""foundation"":null,""method"":""signed_polar_boundary_vote"",""origin"":"""",""repository"":"""",""score"":1.0,""status"":""ok"",""version"":""""},""edge_error_maximum_px"":56,""edge_error_mean_px"":26.5,""edge_errors"":{""bottom"":19,""left"":15,""maximum"":56,""mean"":26.5,""right"":16,""top"":56},""elapsed_ms"":47.761,""global_ordinal"":1,""iou"":0.90057126,""label"":""ordinary_two_page_spread"",""layout_type"":""two_page_spread"",""predicted_bbox"":[110,0,1273,986],""status"":""ok""}"
run-20260902-195700,45844b256edd,45844b256edddbf0659309758f765fd3a4238e60d8c55ad11a8b676e88f1ead2,1,45844b256edd,b1eb0a2fc8b35ac27ded43e58383b68e3bc701a5d297240959036f4ed4f4c46e,1,6b04d9ffc091acf6158ddd3bf75f6d02848306eebee99bbd3e01af2a2bebceb2,2,,2,1,1,1,[],{},5,0.8623653509998803,0.5,5,damaged_partial_register_spread,two_page_spread,ok,0.74019121,129,23,124,30,76.5,129,36.332,"[67, 8, 1233, 977]","[196, 31, 1109, 947]","{""bbox_padding_fraction"":0.0,""gradient_percentile"":82.0,""inner_radius_fraction"":0.1,""minimum_support_fraction"":0.2,""outer_radius_fraction"":0.45,""polarity"":""absolute"",""ray_count"":72}",,,"{""legacy_parameter_set_id"":""45844b256edd"",""parameter_grid_ordinal"":2,""parameter_grid_sha256"":""6b04d9ffc091acf6158ddd3bf75f6d02848306eebee99bbd3e01af2a2bebceb2"",""parameter_identity_schema_version"":""1"",""parameter_identity_sha256"":""b1eb0a2fc8b35ac27ded43e58383b68e3bc701a5d297240959036f4ed4f4c46e"",""parameter_schema_version"":""1"",""parameter_set_equivalence_family_id"":""45844b256edd"",""parameter_set_equivalence_family_sha256"":""45844b256edddbf0659309758f765fd3a4238e60d8c55ad11a8b676e88f1ead2"",""parameter_set_equivalence_family_size"":1,""parameter_set_id"":""45844b256edd"",""parameters"":{""bbox_padding_fraction"":0.0,""gradient_percentile"":82.0,""inner_radius_fraction"":0.1,""minimum_support_fraction"":0.2,""outer_radius_fraction"":0.45,""polarity"":""absolute"",""ray_count"":72},""profile"":null,""rank"":2,""reference_roles"":[],""requested_search_member"":true,""run_id"":""run-20260902-195700"",""search_observation"":{""completion_index"":5,""elapsed_seconds"":0.8623653509998803,""parameter_set_number"":5,""search_fraction"":0.5},""search_rank"":1,""search_space_member"":true,""summary"":{""elapsed_ms_total"":210.916,""failure_count"":0,""mean_edge_error_px"":37.0,""mean_iou"":0.86676499,""mean_iou_success"":0.86676499,""minimum_iou"":0.74019121,""page_count"":5,""stddev_iou"":0.07591632,""success_count"":5,""wall_ms"":211.5}}","{""approved_bbox"":[67,8,1233,977],""candidate"":{""authors"":null,""bbox"":[196,31,1109,947],""confidence"":1.0,""corners"":[[234.61468505859375,946.0932006835938],[196.34222412109375,69.50630187988281],[1069.922119140625,31.365161895751953],[1108.194580078125,907.9520874023438]],""detector_name"":"""",""diagnostics"":{""evidence"":""signed_polar_gradient_boundary_votes"",""parameters"":{""bbox_padding_fraction"":0.0,""gradient_percentile"":82.0,""inner_radius_fraction"":0.1,""minimum_support_fraction"":0.2,""outer_radius_fraction"":0.45,""polarity"":""absolute"",""ray_count"":72},""ray_support_fraction"":1.0,""supported_rays"":72},""foundation"":null,""method"":""signed_polar_boundary_vote"",""origin"":"""",""repository"":"""",""score"":1.0,""status"":""ok"",""version"":""""},""edge_error_maximum_px"":129,""edge_error_mean_px"":76.5,""edge_errors"":{""bottom"":30,""left"":129,""maximum"":129,""mean"":76.5,""right"":124,""top"":23},""elapsed_ms"":36.332,""global_ordinal"":5,""iou"":0.74019121,""label"":""damaged_partial_register_spread"",""layout_type"":""two_page_spread"",""predicted_bbox"":[196,31,1109,947],""status"":""ok""}"
run-20260902-195700,45844b256edd,45844b256edddbf0659309758f765fd3a4238e60d8c55ad11a8b676e88f1ead2,1,45844b256edd,b1eb0a2fc8b35ac27ded43e58383b68e3bc701a5d297240959036f4ed4f4c46e,1,6b04d9ffc091acf6158ddd3bf75f6d02848306eebee99bbd3e01af2a2bebceb2,2,,2,1,1,1,[],{},5,0.8623653509998803,0.5,6,title_or_index_sheet,single_page,ok,0.94490699,5,28,10,13,14.0,28,43.972,"[15, 28, 1074, 970]","[10, 0, 1084, 983]","{""bbox_padding_fraction"":0.0,""gradient_percentile"":82.0,""inner_radius_fraction"":0.1,""minimum_support_fraction"":0.2,""outer_radius_fraction"":0.45,""polarity"":""absolute"",""ray_count"":72}",,,"{""legacy_parameter_set_id"":""45844b256edd"",""parameter_grid_ordinal"":2,""parameter_grid_sha256"":""6b04d9ffc091acf6158ddd3bf75f6d02848306eebee99bbd3e01af2a2bebceb2"",""parameter_identity_schema_version"":""1"",""parameter_identity_sha256"":""b1eb0a2fc8b35ac27ded43e58383b68e3bc701a5d297240959036f4ed4f4c46e"",""parameter_schema_version"":""1"",""parameter_set_equivalence_family_id"":""45844b256edd"",""parameter_set_equivalence_family_sha256"":""45844b256edddbf0659309758f765fd3a4238e60d8c55ad11a8b676e88f1ead2"",""parameter_set_equivalence_family_size"":1,""parameter_set_id"":""45844b256edd"",""parameters"":{""bbox_padding_fraction"":0.0,""gradient_percentile"":82.0,""inner_radius_fraction"":0.1,""minimum_support_fraction"":0.2,""outer_radius_fraction"":0.45,""polarity"":""absolute"",""ray_count"":72},""profile"":null,""rank"":2,""reference_roles"":[],""requested_search_member"":true,""run_id"":""run-20260902-195700"",""search_observation"":{""completion_index"":5,""elapsed_seconds"":0.8623653509998803,""parameter_set_number"":5,""search_fraction"":0.5},""search_rank"":1,""search_space_member"":true,""summary"":{""elapsed_ms_total"":210.916,""failure_count"":0,""mean_edge_error_px"":37.0,""mean_iou"":0.86676499,""mean_iou_success"":0.86676499,""minimum_iou"":0.74019121,""page_count"":5,""stddev_iou"":0.07591632,""success_count"":5,""wall_ms"":211.5}}","{""approved_bbox"":[15,28,1074,970],""candidate"":{""authors"":null,""bbox"":[10,0,1084,983],""confidence"":1.0,""corners"":[[271.5690002441406,983.3054809570312],[10.476806640625,214.01560974121094],[822.4301147460938,-61.55632019042969],[1083.5223388671875,707.7335815429688]],""detector_name"":"""",""diagnostics"":{""evidence"":""signed_polar_gradient_boundary_votes"",""parameters"":{""bbox_padding_fraction"":0.0,""gradient_percentile"":82.0,""inner_radius_fraction"":0.1,""minimum_support_fraction"":0.2,""outer_radius_fraction"":0.45,""polarity"":""absolute"",""ray_count"":72},""ray_support_fraction"":1.0,""supported_rays"":72},""foundation"":null,""method"":""signed_polar_boundary_vote"",""origin"":"""",""repository"":"""",""score"":1.0,""status"":""ok"",""version"":""""},""edge_error_maximum_px"":28,""edge_error_mean_px"":14.0,""edge_errors"":{""bottom"":13,""left"":5,""maximum"":28,""mean"":14.0,""right"":10,""top"":28},""elapsed_ms"":43.972,""global_ordinal"":6,""iou"":0.94490699,""label"":""title_or_index_sheet"",""layout_type"":""single_page"",""predicted_bbox"":[10,0,1084,983],""status"":""ok""}"
run-20260902-195700,45844b256edd,45844b256edddbf0659309758f765fd3a4238e60d8c55ad11a8b676e88f1ead2,1,45844b256edd,b1eb0a2fc8b35ac27ded43e58383b68e3bc701a5d297240959036f4ed4f4c46e,1,6b04d9ffc091acf6158ddd3bf75f6d02848306eebee99bbd3e01af2a2bebceb2,2,,2,1,1,1,[],{},5,0.8623653509998803,0.5,9,clean_two_page_spread,two_page_spread,ok,0.82192639,3,51,98,44,49.0,98,43.004,"[84, 51, 1101, 941]","[81, 0, 1199, 985]","{""bbox_padding_fraction"":0.0,""gradient_percentile"":82.0,""inner_radius_fraction"":0.1,""minimum_support_fraction"":0.2,""outer_radius_fraction"":0.45,""polarity"":""absolute"",""ray_count"":72}",,,"{""legacy_parameter_set_id"":""45844b256edd"",""parameter_grid_ordinal"":2,""parameter_grid_sha256"":""6b04d9ffc091acf6158ddd3bf75f6d02848306eebee99bbd3e01af2a2bebceb2"",""parameter_identity_schema_version"":""1"",""parameter_identity_sha256"":""b1eb0a2fc8b35ac27ded43e58383b68e3bc701a5d297240959036f4ed4f4c46e"",""parameter_schema_version"":""1"",""parameter_set_equivalence_family_id"":""45844b256edd"",""parameter_set_equivalence_family_sha256"":""45844b256edddbf0659309758f765fd3a4238e60d8c55ad11a8b676e88f1ead2"",""parameter_set_equivalence_family_size"":1,""parameter_set_id"":""45844b256edd"",""parameters"":{""bbox_padding_fraction"":0.0,""gradient_percentile"":82.0,""inner_radius_fraction"":0.1,""minimum_support_fraction"":0.2,""outer_radius_fraction"":0.45,""polarity"":""absolute"",""ray_count"":72},""profile"":null,""rank"":2,""reference_roles"":[],""requested_search_member"":true,""run_id"":""run-20260902-195700"",""search_observation"":{""completion_index"":5,""elapsed_seconds"":0.8623653509998803,""parameter_set_number"":5,""search_fraction"":0.5},""search_rank"":1,""search_space_member"":true,""summary"":{""elapsed_ms_total"":210.916,""failure_count"":0,""mean_edge_error_px"":37.0,""mean_iou"":0.86676499,""mean_iou_success"":0.86676499,""minimum_iou"":0.74019121,""page_count"":5,""stddev_iou"":0.07591632,""success_count"":5,""wall_ms"":211.5}}","{""approved_bbox"":[84,51,1101,941],""candidate"":{""authors"":null,""bbox"":[81,0,1199,985],""confidence"":1.0,""corners"":[[375.5391540527344,1053.489990234375],[81.54476928710938,229.12294006347656],[904.1533203125,-64.24433898925781],[1198.147705078125,760.1227416992188]],""detector_name"":"""",""diagnostics"":{""evidence"":""signed_polar_gradient_boundary_votes"",""parameters"":{""bbox_padding_fraction"":0.0,""gradient_percentile"":82.0,""inner_radius_fraction"":0.1,""minimum_support_fraction"":0.2,""outer_radius_fraction"":0.45,""polarity"":""absolute"",""ray_count"":72},""ray_support_fraction"":1.0,""supported_rays"":72},""foundation"":null,""method"":""signed_polar_boundary_vote"",""origin"":"""",""repository"":"""",""score"":1.0,""status"":""ok"",""version"":""""},""edge_error_maximum_px"":98,""edge_error_mean_px"":49.0,""edge_errors"":{""bottom"":44,""left"":3,""maximum"":98,""mean"":49.0,""right"":98,""top"":51},""elapsed_ms"":43.004,""global_ordinal"":9,""iou"":0.82192639,""label"":""clean_two_page_spread"",""layout_type"":""two_page_spread"",""predicted_bbox"":[81,0,1199,985],""status"":""ok""}"
run-20260902-195700,45844b256edd,45844b256edddbf0659309758f765fd3a4238e60d8c55ad11a8b676e88f1ead2,1,45844b256edd,b1eb0a2fc8b35ac27ded43e58383b68e3bc701a5d297240959036f4ed4f4c46e,1,6b04d9ffc091acf6158ddd3bf75f6d02848306eebee99bbd3e01af2a2bebceb2,2,,2,1,1,1,[],{},5,0.8623653509998803,0.5,10,clean_two_page_spread_2,two_page_spread,ok,0.92622909,1,33,20,22,19.0,33,39.847,"[88, 33, 1154, 968]","[89, 0, 1174, 990]","{""bbox_padding_fraction"":0.0,""gradient_percentile"":82.0,""inner_radius_fraction"":0.1,""minimum_support_fraction"":0.2,""outer_radius_fraction"":0.45,""polarity"":""absolute"",""ray_count"":72}",,,"{""legacy_parameter_set_id"":""45844b256edd"",""parameter_grid_ordinal"":2,""parameter_grid_sha256"":""6b04d9ffc091acf6158ddd3bf75f6d02848306eebee99bbd3e01af2a2bebceb2"",""parameter_identity_schema_version"":""1"",""parameter_identity_sha256"":""b1eb0a2fc8b35ac27ded43e58383b68e3bc701a5d297240959036f4ed4f4c46e"",""parameter_schema_version"":""1"",""parameter_set_equivalence_family_id"":""45844b256edd"",""parameter_set_equivalence_family_sha256"":""45844b256edddbf0659309758f765fd3a4238e60d8c55ad11a8b676e88f1ead2"",""parameter_set_equivalence_family_size"":1,""parameter_set_id"":""45844b256edd"",""parameters"":{""bbox_padding_fraction"":0.0,""gradient_percentile"":82.0,""inner_radius_fraction"":0.1,""minimum_support_fraction"":0.2,""outer_radius_fraction"":0.45,""polarity"":""absolute"",""ray_count"":72},""profile"":null,""rank"":2,""reference_roles"":[],""requested_search_member"":true,""run_id"":""run-20260902-195700"",""search_observation"":{""completion_index"":5,""elapsed_seconds"":0.8623653509998803,""parameter_set_number"":5,""search_fraction"":0.5},""search_rank"":1,""search_space_member"":true,""summary"":{""elapsed_ms_total"":210.916,""failure_count"":0,""mean_edge_error_px"":37.0,""mean_iou"":0.86676499,""mean_iou_success"":0.86676499,""minimum_iou"":0.74019121,""page_count"":5,""stddev_iou"":0.07591632,""success_count"":5,""wall_ms"":211.5}}","{""approved_bbox"":[88,33,1154,968],""candidate"":{""authors"":null,""bbox"":[89,0,1174,990],""confidence"":1.0,""corners"":[[322.2860107421875,1038.0655517578125],[89.533447265625,191.18759155273438],[940.99462890625,-42.824615478515625],[1173.7471923828125,804.0533447265625]],""detector_name"":"""",""diagnostics"":{""evidence"":""signed_polar_gradient_boundary_votes"",""parameters"":{""bbox_padding_fraction"":0.0,""gradient_percentile"":82.0,""inner_radius_fraction"":0.1,""minimum_support_fraction"":0.2,""outer_radius_fraction"":0.45,""polarity"":""absolute"",""ray_count"":72},""ray_support_fraction"":1.0,""supported_rays"":72},""foundation"":null,""method"":""signed_polar_boundary_vote"",""origin"":"""",""repository"":"""",""score"":1.0,""status"":""ok"",""version"":""""},""edge_error_maximum_px"":33,""edge_error_mean_px"":19.0,""edge_errors"":{""bottom"":22,""left"":1,""maximum"":33,""mean"":19.0,""right"":20,""top"":33},""elapsed_ms"":39.847,""global_ordinal"":10,""iou"":0.92622909,""label"":""clean_two_page_spread_2"",""layout_type"":""two_page_spread"",""predicted_bbox"":[89,0,1174,990],""status"":""ok""}"
run-20260902-195700,78e0a52a25f0,78e0a52a25f08be02fce3a55b57f67965458c8eb70f3cff0f48ab3a8b052988b,1,78e0a52a25f0,619b5025b3911729756705705dd00a3cd8a0e12e4c95e1026eab441c5199a4e8,1,6b04d9ffc091acf6158ddd3bf75f6d02848306eebee99bbd3e01af2a2bebceb2,5,,3,2,1,1,[],{},8,1.1403566209996825,0.8,1,ordinary_two_page_spread,two_page_spread,ok,0.90049475,17,56,14,19,26.5,56,47.92,"[125, 56, 1289, 967]","[108, 0, 1275, 986]","{""bbox_padding_fraction"":0.002,""gradient_percentile"":82.0,""inner_radius_fraction"":0.1,""minimum_support_fraction"":0.2,""outer_radius_fraction"":0.45,""polarity"":""absolute"",""ray_count"":72}",,,"{""legacy_parameter_set_id"":""78e0a52a25f0"",""parameter_grid_ordinal"":5,""parameter_grid_sha256"":""6b04d9ffc091acf6158ddd3bf75f6d02848306eebee99bbd3e01af2a2bebceb2"",""parameter_identity_schema_version"":""1"",""parameter_identity_sha256"":""619b5025b3911729756705705dd00a3cd8a0e12e4c95e1026eab441c5199a4e8"",""parameter_schema_version"":""1"",""parameter_set_equivalence_family_id"":""78e0a52a25f0"",""parameter_set_equivalence_family_sha256"":""78e0a52a25f08be02fce3a55b57f67965458c8eb70f3cff0f48ab3a8b052988b"",""parameter_set_equivalence_family_size"":1,""parameter_set_id"":""78e0a52a25f0"",""parameters"":{""bbox_padding_fraction"":0.002,""gradient_percentile"":82.0,""inner_radius_fraction"":0.1,""minimum_support_fraction"":0.2,""outer_radius_fraction"":0.45,""polarity"":""absolute"",""ray_count"":72},""profile"":null,""rank"":3,""reference_roles"":[],""requested_search_member"":true,""run_id"":""run-20260902-195700"",""search_observation"":{""completion_index"":8,""elapsed_seconds"":1.1403566209996825,""parameter_set_number"":8,""search_fraction"":0.8},""search_rank"":2,""search_space_member"":true,""summary"":{""elapsed_ms_total"":237.075,""failure_count"":0,""mean_edge_error_px"":37.1,""mean_iou"":0.86641396,""mean_iou_success"":0.86641396,""minimum_iou"":0.74668054,""page_count"":5,""stddev_iou"":0.07313381,""success_count"":5,""wall_ms"":237.671}}","{""approved_bbox"":[125,56,1289,967],""candidate"":{""authors"":null,""bbox"":[108,0,1275,986],""confidence"":1.0,""corners"":[[481.1932678222656,1076.3349609375],[110.56887817382812,281.5284423828125],[901.4971923828125,-87.28752136230469],[1272.12158203125,707.51904296875]],""detector_name"":"""",""diagnostics"":{""evidence"":""signed_polar_gradient_boundary_votes"",""parameters"":{""bbox_padding_fraction"":0.002,""gradient_percentile"":82.0,""inner_radius_fraction"":0.1,""minimum_support_fraction"":0.2,""outer_radius_fraction"":0.45,""polarity"":""absolute"",""ray_count"":72},""ray_support_fraction"":1.0,""supported_rays"":72},""foundation"":null,""method"":""signed_polar_boundary_vote"",""origin"":"""",""repository"":"""",""score"":1.0,""status"":""ok"",""version"":""""},""edge_error_maximum_px"":56,""edge_error_mean_px"":26.5,""edge_errors"":{""bottom"":19,""left"":17,""maximum"":56,""mean"":26.5,""right"":14,""top"":56},""elapsed_ms"":47.92,""global_ordinal"":1,""iou"":0.90049475,""label"":""ordinary_two_page_spread"",""layout_type"":""two_page_spread"",""predicted_bbox"":[108,0,1275,986],""status"":""ok""}"
run-20260902-195700,78e0a52a25f0,78e0a52a25f08be02fce3a55b57f67965458c8eb70f3cff0f48ab3a8b052988b,1,78e0a52a25f0,619b5025b3911729756705705dd00a3cd8a0e12e4c95e1026eab441c5199a4e8,1,6b04d9ffc091acf6158ddd3bf75f6d02848306eebee99bbd3e01af2a2bebceb2,5,,3,2,1,1,[],{},8,1.1403566209996825,0.8,5,damaged_partial_register_spread,two_page_spread,ok,0.74668054,127,21,122,28,74.5,127,42.101,"[67, 8, 1233, 977]","[194, 29, 1111, 949]","{""bbox_padding_fraction"":0.002,""gradient_percentile"":82.0,""inner_radius_fraction"":0.1,""minimum_support_fraction"":0.2,""outer_radius_fraction"":0.45,""polarity"":""absolute"",""ray_count"":72}",,,"{""legacy_parameter_set_id"":""78e0a52a25f0"",""parameter_grid_ordinal"":5,""parameter_grid_sha256"":""6b04d9ffc091acf6158ddd3bf75f6d02848306eebee99bbd3e01af2a2bebceb2"",""parameter_identity_schema_version"":""1"",""parameter_identity_sha256"":""619b5025b3911729756705705dd00a3cd8a0e12e4c95e1026eab441c5199a4e8"",""parameter_schema_version"":""1"",""parameter_set_equivalence_family_id"":""78e0a52a25f0"",""parameter_set_equivalence_family_sha256"":""78e0a52a25f08be02fce3a55b57f67965458c8eb70f3cff0f48ab3a8b052988b"",""parameter_set_equivalence_family_size"":1,""parameter_set_id"":""78e0a52a25f0"",""parameters"":{""bbox_padding_fraction"":0.002,""gradient_percentile"":82.0,""inner_radius_fraction"":0.1,""minimum_support_fraction"":0.2,""outer_radius_fraction"":0.45,""polarity"":""absolute"",""ray_count"":72},""profile"":null,""rank"":3,""reference_roles"":[],""requested_search_member"":true,""run_id"":""run-20260902-195700"",""search_observation"":{""completion_index"":8,""elapsed_seconds"":1.1403566209996825,""parameter_set_number"":8,""search_fraction"":0.8},""search_rank"":2,""search_space_member"":true,""summary"":{""elapsed_ms_total"":237.075,""failure_count"":0,""mean_edge_error_px"":37.1,""mean_iou"":0.86641396,""mean_iou_success"":0.86641396,""minimum_iou"":0.74668054,""page_count"":5,""stddev_iou"":0.07313381,""success_count"":5,""wall_ms"":237.671}}","{""approved_bbox"":[67,8,1233,977],""candidate"":{""authors"":null,""bbox"":[194,29,1111,949],""confidence"":1.0,""corners"":[[234.61468505859375,946.0932006835938],[196.34222412109375,69.50630187988281],[1069.922119140625,31.365161895751953],[1108.194580078125,907.9520874023438]],""detector_name"":"""",""diagnostics"":{""evidence"":""signed_polar_gradient_boundary_votes"",""parameters"":{""bbox_padding_fraction"":0.002,""gradient_percentile"":82.0,""inner_radius_fraction"":0.1,""minimum_support_fraction"":0.2,""outer_radius_fraction"":0.45,""polarity"":""absolute"",""ray_count"":72},""ray_support_fraction"":1.0,""supported_rays"":72},""foundation"":null,""method"":""signed_polar_boundary_vote"",""origin"":"""",""repository"":"""",""score"":1.0,""status"":""ok"",""version"":""""},""edge_error_maximum_px"":127,""edge_error_mean_px"":74.5,""edge_errors"":{""bottom"":28,""left"":127,""maximum"":127,""mean"":74.5,""right"":122,""top"":21},""elapsed_ms"":42.101,""global_ordinal"":5,""iou"":0.74668054,""label"":""damaged_partial_register_spread"",""layout_type"":""two_page_spread"",""predicted_bbox"":[194,29,1111,949],""status"":""ok""}"
run-20260902-195700,78e0a52a25f0,78e0a52a25f08be02fce3a55b57f67965458c8eb70f3cff0f48ab3a8b052988b,1,78e0a52a25f0,619b5025b3911729756705705dd00a3cd8a0e12e4c95e1026eab441c5199a4e8,1,6b04d9ffc091acf6158ddd3bf75f6d02848306eebee99bbd3e01af2a2bebceb2,5,,3,2,1,1,[],{},8,1.1403566209996825,0.8,6,title_or_index_sheet,single_page,ok,0.94140085,7,28,12,13,15.0,28,59.591,"[15, 28, 1074, 970]","[8, 0, 1086, 983]","{""bbox_padding_fraction"":0.002,""gradient_percentile"":82.0,""inner_radius_fraction"":0.1,""minimum_support_fraction"":0.2,""outer_radius_fraction"":0.45,""polarity"":""absolute"",""ray_count"":72}",,,"{""legacy_parameter_set_id"":""78e0a52a25f0"",""parameter_grid_ordinal"":5,""parameter_grid_sha256"":""6b04d9ffc091acf6158ddd3bf75f6d02848306eebee99bbd3e01af2a2bebceb2"",""parameter_identity_schema_version"":""1"",""parameter_identity_sha256"":""619b5025b3911729756705705dd00a3cd8a0e12e4c95e1026eab441c5199a4e8"",""parameter_schema_version"":""1"",""parameter_set_equivalence_family_id"":""78e0a52a25f0"",""parameter_set_equivalence_family_sha256"":""78e0a52a25f08be02fce3a55b57f67965458c8eb70f3cff0f48ab3a8b052988b"",""parameter_set_equivalence_family_size"":1,""parameter_set_id"":""78e0a52a25f0"",""parameters"":{""bbox_padding_fraction"":0.002,""gradient_percentile"":82.0,""inner_radius_fraction"":0.1,""minimum_support_fraction"":0.2,""outer_radius_fraction"":0.45,""polarity"":""absolute"",""ray_count"":72},""profile"":null,""rank"":3,""reference_roles"":[],""requested_search_member"":true,""run_id"":""run-20260902-195700"",""search_observation"":{""completion_index"":8,""elapsed_seconds"":1.1403566209996825,""parameter_set_number"":8,""search_fraction"":0.8},""search_rank"":2,""search_space_member"":true,""summary"":{""elapsed_ms_total"":237.075,""failure_count"":0,""mean_edge_error_px"":37.1,""mean_iou"":0.86641396,""mean_iou_success"":0.86641396,""minimum_iou"":0.74668054,""page_count"":5,""stddev_iou"":0.07313381,""success_count"":5,""wall_ms"":237.671}}","{""approved_bbox"":[15,28,1074,970],""candidate"":{""authors"":null,""bbox"":[8,0,1086,983],""confidence"":1.0,""corners"":[[271.5690002441406,983.3054809570312],[10.476806640625,214.01560974121094],[822.4301147460938,-61.55632019042969],[1083.5223388671875,707.7335815429688]],""detector_name"":"""",""diagnostics"":{""evidence"":""signed_polar_gradient_boundary_votes"",""parameters"":{""bbox_padding_fraction"":0.002,""gradient_percentile"":82.0,""inner_radius_fraction"":0.1,""minimum_support_fraction"":0.2,""outer_radius_fraction"":0.45,""polarity"":""absolute"",""ray_count"":72},""ray_support_fraction"":1.0,""supported_rays"":72},""foundation"":null,""method"":""signed_polar_boundary_vote"",""origin"":"""",""repository"":"""",""score"":1.0,""status"":""ok"",""version"":""""},""edge_error_maximum_px"":28,""edge_error_mean_px"":15.0,""edge_errors"":{""bottom"":13,""left"":7,""maximum"":28,""mean"":15.0,""right"":12,""top"":28},""elapsed_ms"":59.591,""global_ordinal"":6,""iou"":0.94140085,""label"":""title_or_index_sheet"",""layout_type"":""single_page"",""predicted_bbox"":[8,0,1086,983],""status"":""ok""}"
run-20260902-195700,78e0a52a25f0,78e0a52a25f08be02fce3a55b57f67965458c8eb70f3cff0f48ab3a8b052988b,1,78e0a52a25f0,619b5025b3911729756705705dd00a3cd8a0e12e4c95e1026eab441c5199a4e8,1,6b04d9ffc091acf6158ddd3bf75f6d02848306eebee99bbd3e01af2a2bebceb2,5,,3,2,1,1,[],{},8,1.1403566209996825,0.8,9,clean_two_page_spread,two_page_spread,ok,0.81899617,5,51,100,44,50.0,100,44.601,"[84, 51, 1101, 941]","[79, 0, 1201, 985]","{""bbox_padding_fraction"":0.002,""gradient_percentile"":82.0,""inner_radius_fraction"":0.1,""minimum_support_fraction"":0.2,""outer_radius_fraction"":0.45,""polarity"":""absolute"",""ray_count"":72}",,,"{""legacy_parameter_set_id"":""78e0a52a25f0"",""parameter_grid_ordinal"":5,""parameter_grid_sha256"":""6b04d9ffc091acf6158ddd3bf75f6d02848306eebee99bbd3e01af2a2bebceb2"",""parameter_identity_schema_version"":""1"",""parameter_identity_sha256"":""619b5025b3911729756705705dd00a3cd8a0e12e4c95e1026eab441c5199a4e8"",""parameter_schema_version"":""1"",""parameter_set_equivalence_family_id"":""78e0a52a25f0"",""parameter_set_equivalence_family_sha256"":""78e0a52a25f08be02fce3a55b57f67965458c8eb70f3cff0f48ab3a8b052988b"",""parameter_set_equivalence_family_size"":1,""parameter_set_id"":""78e0a52a25f0"",""parameters"":{""bbox_padding_fraction"":0.002,""gradient_percentile"":82.0,""inner_radius_fraction"":0.1,""minimum_support_fraction"":0.2,""outer_radius_fraction"":0.45,""polarity"":""absolute"",""ray_count"":72},""profile"":null,""rank"":3,""reference_roles"":[],""requested_search_member"":true,""run_id"":""run-20260902-195700"",""search_observation"":{""completion_index"":8,""elapsed_seconds"":1.1403566209996825,""parameter_set_number"":8,""search_fraction"":0.8},""search_rank"":2,""search_space_member"":true,""summary"":{""elapsed_ms_total"":237.075,""failure_count"":0,""mean_edge_error_px"":37.1,""mean_iou"":0.86641396,""mean_iou_success"":0.86641396,""minimum_iou"":0.74668054,""page_count"":5,""stddev_iou"":0.07313381,""success_count"":5,""wall_ms"":237.671}}","{""approved_bbox"":[84,51,1101,941],""candidate"":{""authors"":null,""bbox"":[79,0,1201,985],""confidence"":1.0,""corners"":[[375.5391540527344,1053.489990234375],[81.54476928710938,229.12294006347656],[904.1533203125,-64.24433898925781],[1198.147705078125,760.1227416992188]],""detector_name"":"""",""diagnostics"":{""evidence"":""signed_polar_gradient_boundary_votes"",""parameters"":{""bbox_padding_fraction"":0.002,""gradient_percentile"":82.0,""inner_radius_fraction"":0.1,""minimum_support_fraction"":0.2,""outer_radius_fraction"":0.45,""polarity"":""absolute"",""ray_count"":72},""ray_support_fraction"":1.0,""supported_rays"":72},""foundation"":null,""method"":""signed_polar_boundary_vote"",""origin"":"""",""repository"":"""",""score"":1.0,""status"":""ok"",""version"":""""},""edge_error_maximum_px"":100,""edge_error_mean_px"":50.0,""edge_errors"":{""bottom"":44,""left"":5,""maximum"":100,""mean"":50.0,""right"":100,""top"":51},""elapsed_ms"":44.601,""global_ordinal"":9,""iou"":0.81899617,""label"":""clean_two_page_spread"",""layout_type"":""two_page_spread"",""predicted_bbox"":[79,0,1201,985],""status"":""ok""}"
run-20260902-195700,78e0a52a25f0,78e0a52a25f08be02fce3a55b57f67965458c8eb70f3cff0f48ab3a8b052988b,1,78e0a52a25f0,619b5025b3911729756705705dd00a3cd8a0e12e4c95e1026eab441c5199a4e8,1,6b04d9ffc091acf6158ddd3bf75f6d02848306eebee99bbd3e01af2a2bebceb2,5,,3,2,1,1,[],{},8,1.1403566209996825,0.8,10,clean_two_page_spread_2,two_page_spread,ok,0.9244975,1,33,22,22,19.5,33,42.862,"[88, 33, 1154, 968]","[87, 0, 1176, 990]","{""bbox_padding_fraction"":0.002,""gradient_percentile"":82.0,""inner_radius_fraction"":0.1,""minimum_support_fraction"":0.2,""outer_radius_fraction"":0.45,""polarity"":""absolute"",""ray_count"":72}",,,"{""legacy_parameter_set_id"":""78e0a52a25f0"",""parameter_grid_ordinal"":5,""parameter_grid_sha256"":""6b04d9ffc091acf6158ddd3bf75f6d02848306eebee99bbd3e01af2a2bebceb2"",""parameter_identity_schema_version"":""1"",""parameter_identity_sha256"":""619b5025b3911729756705705dd00a3cd8a0e12e4c95e1026eab441c5199a4e8"",""parameter_schema_version"":""1"",""parameter_set_equivalence_family_id"":""78e0a52a25f0"",""parameter_set_equivalence_family_sha256"":""78e0a52a25f08be02fce3a55b57f67965458c8eb70f3cff0f48ab3a8b052988b"",""parameter_set_equivalence_family_size"":1,""parameter_set_id"":""78e0a52a25f0"",""parameters"":{""bbox_padding_fraction"":0.002,""gradient_percentile"":82.0,""inner_radius_fraction"":0.1,""minimum_support_fraction"":0.2,""outer_radius_fraction"":0.45,""polarity"":""absolute"",""ray_count"":72},""profile"":null,""rank"":3,""reference_roles"":[],""requested_search_member"":true,""run_id"":""run-20260902-195700"",""search_observation"":{""completion_index"":8,""elapsed_seconds"":1.1403566209996825,""parameter_set_number"":8,""search_fraction"":0.8},""search_rank"":2,""search_space_member"":true,""summary"":{""elapsed_ms_total"":237.075,""failure_count"":0,""mean_edge_error_px"":37.1,""mean_iou"":0.86641396,""mean_iou_success"":0.86641396,""minimum_iou"":0.74668054,""page_count"":5,""stddev_iou"":0.07313381,""success_count"":5,""wall_ms"":237.671}}","{""approved_bbox"":[88,33,1154,968],""candidate"":{""authors"":null,""bbox"":[87,0,1176,990],""confidence"":1.0,""corners"":[[322.2860107421875,1038.0655517578125],[89.533447265625,191.18759155273438],[940.99462890625,-42.824615478515625],[1173.7471923828125,804.0533447265625]],""detector_name"":"""",""diagnostics"":{""evidence"":""signed_polar_gradient_boundary_votes"",""parameters"":{""bbox_padding_fraction"":0.002,""gradient_percentile"":82.0,""inner_radius_fraction"":0.1,""minimum_support_fraction"":0.2,""outer_radius_fraction"":0.45,""polarity"":""absolute"",""ray_count"":72},""ray_support_fraction"":1.0,""supported_rays"":72},""foundation"":null,""method"":""signed_polar_boundary_vote"",""origin"":"""",""repository"":"""",""score"":1.0,""status"":""ok"",""version"":""""},""edge_error_maximum_px"":33,""edge_error_mean_px"":19.5,""edge_errors"":{""bottom"":22,""left"":1,""maximum"":33,""mean"":19.5,""right"":22,""top"":33},""elapsed_ms"":42.862,""global_ordinal"":10,""iou"":0.9244975,""label"":""clean_two_page_spread_2"",""layout_type"":""two_page_spread"",""predicted_bbox"":[87,0,1176,990],""status"":""ok""}"
run-20260902-195700,839015ab653d,839015ab653da1dd3643953c36423a33f6c0e1e4d3cc4a656652b18a2a72a6b6,1,839015ab653d,a333f08e4d8ba38f071696a8ab3728899a54a1184c823ea02d5204a4ee1e3034,1,6b04d9ffc091acf6158ddd3bf75f6d02848306eebee99bbd3e01af2a2bebceb2,21780,baseline,4,,0,1,"[""baseline""]",{},,,,1,ordinary_two_page_spread,two_page_spread,ok,0.79572394,116,53,84,13,66.5,116,78.948,"[125, 56, 1289, 967]","[9, 3, 1373, 980]","{""bbox_padding_fraction"":0.0,""gradient_percentile"":82.0,""inner_radius_fraction"":0.12,""minimum_support_fraction"":0.35,""outer_radius_fraction"":0.7,""polarity"":""bright_inside"",""ray_count"":180}",,,"{""legacy_parameter_set_id"":""839015ab653d"",""parameter_grid_ordinal"":21780,""parameter_grid_sha256"":""6b04d9ffc091acf6158ddd3bf75f6d02848306eebee99bbd3e01af2a2bebceb2"",""parameter_identity_schema_version"":""1"",""parameter_identity_sha256"":""a333f08e4d8ba38f071696a8ab3728899a54a1184c823ea02d5204a4ee1e3034"",""parameter_schema_version"":""1"",""parameter_set_equivalence_family_id"":""839015ab653d"",""parameter_set_equivalence_family_sha256"":""839015ab653da1dd3643953c36423a33f6c0e1e4d3cc4a656652b18a2a72a6b6"",""parameter_set_equivalence_family_size"":1,""parameter_set_id"":""839015ab653d"",""parameters"":{""bbox_padding_fraction"":0.0,""gradient_percentile"":82.0,""inner_radius_fraction"":0.12,""minimum_support_fraction"":0.35,""outer_radius_fraction"":0.7,""polarity"":""bright_inside"",""ray_count"":180},""profile"":""baseline"",""rank"":4,""reference_roles"":[""baseline""],""requested_search_member"":false,""run_id"":""run-20260902-195700"",""search_space_member"":true,""summary"":{""elapsed_ms_total"":303.763,""failure_count"":0,""mean_edge_error_px"":47.45,""mean_iou"":0.84829026,""mean_iou_success"":0.84829026,""minimum_iou"":0.74732981,""page_count"":5,""stddev_iou"":0.07459634,""success_count"":5,""wall_ms"":304.484}}","{""approved_bbox"":[125,56,1289,967],""candidate"":{""authors"":null,""bbox"":[9,3,1373,980],""confidence"":1.0,""corners"":[[23.9593505859375,979.9026489257812],[9.5345458984375,23.431730270385742],[1357.7147216796875,3.099397659301758],[1372.1395263671875,959.5703735351562]],""detector_name"":"""",""diagnostics"":{""evidence"":""signed_polar_gradient_boundary_votes"",""parameters"":{""bbox_padding_fraction"":0.0,""gradient_percentile"":82.0,""inner_radius_fraction"":0.12,""minimum_support_fraction"":0.35,""outer_radius_fraction"":0.7,""polarity"":""bright_inside"",""ray_count"":180},""ray_support_fraction"":1.0,""supported_rays"":180},""foundation"":null,""method"":""signed_polar_boundary_vote"",""origin"":"""",""repository"":"""",""score"":1.0,""status"":""ok"",""version"":""""},""edge_error_maximum_px"":116,""edge_error_mean_px"":66.5,""edge_errors"":{""bottom"":13,""left"":116,""maximum"":116,""mean"":66.5,""right"":84,""top"":53},""elapsed_ms"":78.948,""global_ordinal"":1,""iou"":0.79572394,""label"":""ordinary_two_page_spread"",""layout_type"":""two_page_spread"",""predicted_bbox"":[9,3,1373,980],""status"":""ok""}"
run-20260902-195700,839015ab653d,839015ab653da1dd3643953c36423a33f6c0e1e4d3cc4a656652b18a2a72a6b6,1,839015ab653d,a333f08e4d8ba38f071696a8ab3728899a54a1184c823ea02d5204a4ee1e3034,1,6b04d9ffc091acf6158ddd3bf75f6d02848306eebee99bbd3e01af2a2bebceb2,21780,baseline,4,,0,1,"[""baseline""]",{},,,,5,damaged_partial_register_spread,two_page_spread,ok,0.89507282,62,2,68,3,33.75,68,60.66,"[67, 8, 1233, 977]","[5, 6, 1301, 980]","{""bbox_padding_fraction"":0.0,""gradient_percentile"":82.0,""inner_radius_fraction"":0.12,""minimum_support_fraction"":0.35,""outer_radius_fraction"":0.7,""polarity"":""bright_inside"",""ray_count"":180}",,,"{""legacy_parameter_set_id"":""839015ab653d"",""parameter_grid_ordinal"":21780,""parameter_grid_sha256"":""6b04d9ffc091acf6158ddd3bf75f6d02848306eebee99bbd3e01af2a2bebceb2"",""parameter_identity_schema_version"":""1"",""parameter_identity_sha256"":""a333f08e4d8ba38f071696a8ab3728899a54a1184c823ea02d5204a4ee1e3034"",""parameter_schema_version"":""1"",""parameter_set_equivalence_family_id"":""839015ab653d"",""parameter_set_equivalence_family_sha256"":""839015ab653da1dd3643953c36423a33f6c0e1e4d3cc4a656652b18a2a72a6b6"",""parameter_set_equivalence_family_size"":1,""parameter_set_id"":""839015ab653d"",""parameters"":{""bbox_padding_fraction"":0.0,""gradient_percentile"":82.0,""inner_radius_fraction"":0.12,""minimum_support_fraction"":0.35,""outer_radius_fraction"":0.7,""polarity"":""bright_inside"",""ray_count"":180},""profile"":""baseline"",""rank"":4,""reference_roles"":[""baseline""],""requested_search_member"":false,""run_id"":""run-20260902-195700"",""search_space_member"":true,""summary"":{""elapsed_ms_total"":303.763,""failure_count"":0,""mean_edge_error_px"":47.45,""mean_iou"":0.84829026,""mean_iou_success"":0.84829026,""minimum_iou"":0.74732981,""page_count"":5,""stddev_iou"":0.07459634,""success_count"":5,""wall_ms"":304.484}}","{""approved_bbox"":[67,8,1233,977],""candidate"":{""authors"":null,""bbox"":[5,6,1301,980],""confidence"":1.0,""corners"":[[9.9385986328125,979.14404296875],[5.39501953125,12.533260345458984],[1296.09033203125,6.466311931610107],[1300.6339111328125,973.0771484375]],""detector_name"":"""",""diagnostics"":{""evidence"":""signed_polar_gradient_boundary_votes"",""parameters"":{""bbox_padding_fraction"":0.0,""gradient_percentile"":82.0,""inner_radius_fraction"":0.12,""minimum_support_fraction"":0.35,""outer_radius_fraction"":0.7,""polarity"":""bright_inside"",""ray_count"":180},""ray_support_fraction"":1.0,""supported_rays"":180},""foundation"":null,""method"":""signed_polar_boundary_vote"",""origin"":"""",""repository"":"""",""score"":1.0,""status"":""ok"",""version"":""""},""edge_error_maximum_px"":68,""edge_error_mean_px"":33.75,""edge_errors"":{""bottom"":3,""left"":62,""maximum"":68,""mean"":33.75,""right"":68,""top"":2},""elapsed_ms"":60.66,""global_ordinal"":5,""iou"":0.89507282,""label"":""damaged_partial_register_spread"",""layout_type"":""two_page_spread"",""predicted_bbox"":[5,6,1301,980],""status"":""ok""}"
run-20260902-195700,839015ab653d,839015ab653da1dd3643953c36423a33f6c0e1e4d3cc4a656652b18a2a72a6b6,1,839015ab653d,a333f08e4d8ba38f071696a8ab3728899a54a1184c823ea02d5204a4ee1e3034,1,6b04d9ffc091acf6158ddd3bf75f6d02848306eebee99bbd3e01af2a2bebceb2,21780,baseline,4,,0,1,"[""baseline""]",{},,,,6,title_or_index_sheet,single_page,ok,0.96074311,5,20,12,3,10.0,20,51.95,"[15, 28, 1074, 970]","[10, 8, 1086, 973]","{""bbox_padding_fraction"":0.0,""gradient_percentile"":82.0,""inner_radius_fraction"":0.12,""minimum_support_fraction"":0.35,""outer_radius_fraction"":0.7,""polarity"":""bright_inside"",""ray_count"":180}",,,"{""legacy_parameter_set_id"":""839015ab653d"",""parameter_grid_ordinal"":21780,""parameter_grid_sha256"":""6b04d9ffc091acf6158ddd3bf75f6d02848306eebee99bbd3e01af2a2bebceb2"",""parameter_identity_schema_version"":""1"",""parameter_identity_sha256"":""a333f08e4d8ba38f071696a8ab3728899a54a1184c823ea02d5204a4ee1e3034"",""parameter_schema_version"":""1"",""parameter_set_equivalence_family_id"":""839015ab653d"",""parameter_set_equivalence_family_sha256"":""839015ab653da1dd3643953c36423a33f6c0e1e4d3cc4a656652b18a2a72a6b6"",""parameter_set_equivalence_family_size"":1,""parameter_set_id"":""839015ab653d"",""parameters"":{""bbox_padding_fraction"":0.0,""gradient_percentile"":82.0,""inner_radius_fraction"":0.12,""minimum_support_fraction"":0.35,""outer_radius_fraction"":0.7,""polarity"":""bright_inside"",""ray_count"":180},""profile"":""baseline"",""rank"":4,""reference_roles"":[""baseline""],""requested_search_member"":false,""run_id"":""run-20260902-195700"",""search_space_member"":true,""summary"":{""elapsed_ms_total"":303.763,""failure_count"":0,""mean_edge_error_px"":47.45,""mean_iou"":0.84829026,""mean_iou_success"":0.84829026,""minimum_iou"":0.74732981,""page_count"":5,""stddev_iou"":0.07459634,""success_count"":5,""wall_ms"":304.484}}","{""approved_bbox"":[15,28,1074,970],""candidate"":{""authors"":null,""bbox"":[10,8,1086,973],""confidence"":1.0,""corners"":[[1082.913818359375,972.9557495117188],[10.150373458862305,970.4546508789062],[12.392473220825195,8.785888671875],[1085.156005859375,11.2869873046875]],""detector_name"":"""",""diagnostics"":{""evidence"":""signed_polar_gradient_boundary_votes"",""parameters"":{""bbox_padding_fraction"":0.0,""gradient_percentile"":82.0,""inner_radius_fraction"":0.12,""minimum_support_fraction"":0.35,""outer_radius_fraction"":0.7,""polarity"":""bright_inside"",""ray_count"":180},""ray_support_fraction"":1.0,""supported_rays"":180},""foundation"":null,""method"":""signed_polar_boundary_vote"",""origin"":"""",""repository"":"""",""score"":1.0,""status"":""ok"",""version"":""""},""edge_error_maximum_px"":20,""edge_error_mean_px"":10.0,""edge_errors"":{""bottom"":3,""left"":5,""maximum"":20,""mean"":10.0,""right"":12,""top"":20},""elapsed_ms"":51.95,""global_ordinal"":6,""iou"":0.96074311,""label"":""title_or_index_sheet"",""layout_type"":""single_page"",""predicted_bbox"":[10,8,1086,973],""status"":""ok""}"
run-20260902-195700,839015ab653d,839015ab653da1dd3643953c36423a33f6c0e1e4d3cc4a656652b18a2a72a6b6,1,839015ab653d,a333f08e4d8ba38f071696a8ab3728899a54a1184c823ea02d5204a4ee1e3034,1,6b04d9ffc091acf6158ddd3bf75f6d02848306eebee99bbd3e01af2a2bebceb2,21780,baseline,4,,0,1,"[""baseline""]",{},,,,9,clean_two_page_spread,two_page_spread,ok,0.74732981,79,31,187,23,80.0,187,57.117,"[84, 51, 1101, 941]","[5, 20, 1288, 964]","{""bbox_padding_fraction"":0.0,""gradient_percentile"":82.0,""inner_radius_fraction"":0.12,""minimum_support_fraction"":0.35,""outer_radius_fraction"":0.7,""polarity"":""bright_inside"",""ray_count"":180}",,,"{""legacy_parameter_set_id"":""839015ab653d"",""parameter_grid_ordinal"":21780,""parameter_grid_sha256"":""6b04d9ffc091acf6158ddd3bf75f6d02848306eebee99bbd3e01af2a2bebceb2"",""parameter_identity_schema_version"":""1"",""parameter_identity_sha256"":""a333f08e4d8ba38f071696a8ab3728899a54a1184c823ea02d5204a4ee1e3034"",""parameter_schema_version"":""1"",""parameter_set_equivalence_family_id"":""839015ab653d"",""parameter_set_equivalence_family_sha256"":""839015ab653da1dd3643953c36423a33f6c0e1e4d3cc4a656652b18a2a72a6b6"",""parameter_set_equivalence_family_size"":1,""parameter_set_id"":""839015ab653d"",""parameters"":{""bbox_padding_fraction"":0.0,""gradient_percentile"":82.0,""inner_radius_fraction"":0.12,""minimum_support_fraction"":0.35,""outer_radius_fraction"":0.7,""polarity"":""bright_inside"",""ray_count"":180},""profile"":""baseline"",""rank"":4,""reference_roles"":[""baseline""],""requested_search_member"":false,""run_id"":""run-20260902-195700"",""search_space_member"":true,""summary"":{""elapsed_ms_total"":303.763,""failure_count"":0,""mean_edge_error_px"":47.45,""mean_iou"":0.84829026,""mean_iou_success"":0.84829026,""minimum_iou"":0.74732981,""page_count"":5,""stddev_iou"":0.07459634,""success_count"":5,""wall_ms"":304.484}}","{""approved_bbox"":[84,51,1101,941],""candidate"":{""authors"":null,""bbox"":[5,20,1288,964],""confidence"":1.0,""corners"":[[21.789794921875,963.259765625],[5.1944580078125,42.89683151245117],[1274.1134033203125,20.016620635986328],[1290.708740234375,940.3795166015625]],""detector_name"":"""",""diagnostics"":{""evidence"":""signed_polar_gradient_boundary_votes"",""parameters"":{""bbox_padding_fraction"":0.0,""gradient_percentile"":82.0,""inner_radius_fraction"":0.12,""minimum_support_fraction"":0.35,""outer_radius_fraction"":0.7,""polarity"":""bright_inside"",""ray_count"":180},""ray_support_fraction"":1.0,""supported_rays"":180},""foundation"":null,""method"":""signed_polar_boundary_vote"",""origin"":"""",""repository"":"""",""score"":1.0,""status"":""ok"",""version"":""""},""edge_error_maximum_px"":187,""edge_error_mean_px"":80.0,""edge_errors"":{""bottom"":23,""left"":79,""maximum"":187,""mean"":80.0,""right"":187,""top"":31},""elapsed_ms"":57.117,""global_ordinal"":9,""iou"":0.74732981,""label"":""clean_two_page_spread"",""layout_type"":""two_page_spread"",""predicted_bbox"":[5,20,1288,964],""status"":""ok""}"
run-20260902-195700,839015ab653d,839015ab653da1dd3643953c36423a33f6c0e1e4d3cc4a656652b18a2a72a6b6,1,839015ab653d,a333f08e4d8ba38f071696a8ab3728899a54a1184c823ea02d5204a4ee1e3034,1,6b04d9ffc091acf6158ddd3bf75f6d02848306eebee99bbd3e01af2a2bebceb2,21780,baseline,4,,0,1,"[""baseline""]",{},,,,10,clean_two_page_spread_2,two_page_spread,ok,0.8425816,80,24,71,13,47.0,80,55.088,"[88, 33, 1154, 968]","[8, 9, 1225, 981]","{""bbox_padding_fraction"":0.0,""gradient_percentile"":82.0,""inner_radius_fraction"":0.12,""minimum_support_fraction"":0.35,""outer_radius_fraction"":0.7,""polarity"":""bright_inside"",""ray_count"":180}",,,"{""legacy_parameter_set_id"":""839015ab653d"",""parameter_grid_ordinal"":21780,""parameter_grid_sha256"":""6b04d9ffc091acf6158ddd3bf75f6d02848306eebee99bbd3e01af2a2bebceb2"",""parameter_identity_schema_version"":""1"",""parameter_identity_sha256"":""a333f08e4d8ba38f071696a8ab3728899a54a1184c823ea02d5204a4ee1e3034"",""parameter_schema_version"":""1"",""parameter_set_equivalence_family_id"":""839015ab653d"",""parameter_set_equivalence_family_sha256"":""839015ab653da1dd3643953c36423a33f6c0e1e4d3cc4a656652b18a2a72a6b6"",""parameter_set_equivalence_family_size"":1,""parameter_set_id"":""839015ab653d"",""parameters"":{""bbox_padding_fraction"":0.0,""gradient_percentile"":82.0,""inner_radius_fraction"":0.12,""minimum_support_fraction"":0.35,""outer_radius_fraction"":0.7,""polarity"":""bright_inside"",""ray_count"":180},""profile"":""baseline"",""rank"":4,""reference_roles"":[""baseline""],""requested_search_member"":false,""run_id"":""run-20260902-195700"",""search_space_member"":true,""summary"":{""elapsed_ms_total"":303.763,""failure_count"":0,""mean_edge_error_px"":47.45,""mean_iou"":0.84829026,""mean_iou_success"":0.84829026,""minimum_iou"":0.74732981,""page_count"":5,""stddev_iou"":0.07459634,""success_count"":5,""wall_ms"":304.484}}","{""approved_bbox"":[88,33,1154,968],""candidate"":{""authors"":null,""bbox"":[8,9,1225,981],""confidence"":1.0,""corners"":[[14.162109375,980.1309204101562],[8.7763671875,15.982748985290527],[1219.4473876953125,9.219948768615723],[1224.8331298828125,973.3681030273438]],""detector_name"":"""",""diagnostics"":{""evidence"":""signed_polar_gradient_boundary_votes"",""parameters"":{""bbox_padding_fraction"":0.0,""gradient_percentile"":82.0,""inner_radius_fraction"":0.12,""minimum_support_fraction"":0.35,""outer_radius_fraction"":0.7,""polarity"":""bright_inside"",""ray_count"":180},""ray_support_fraction"":1.0,""supported_rays"":180},""foundation"":null,""method"":""signed_polar_boundary_vote"",""origin"":"""",""repository"":"""",""score"":1.0,""status"":""ok"",""version"":""""},""edge_error_maximum_px"":80,""edge_error_mean_px"":47.0,""edge_errors"":{""bottom"":13,""left"":80,""maximum"":80,""mean"":47.0,""right"":71,""top"":24},""elapsed_ms"":55.088,""global_ordinal"":10,""iou"":0.8425816,""label"":""clean_two_page_spread_2"",""layout_type"":""two_page_spread"",""predicted_bbox"":[8,9,1225,981],""status"":""ok""}"
run-20260902-195700,78cd644f1e0b,78cd644f1e0b1c79921288f115a071ca6fdaef6a48716f05f42e0e2dc578e26b,1,78cd644f1e0b,719ff5ced650fd7b809eddf614cae7f315b2b579b8a5215bfbd57e25ea4050fe,1,6b04d9ffc091acf6158ddd3bf75f6d02848306eebee99bbd3e01af2a2bebceb2,7,,5,3,1,1,[],{},10,1.3033244429998376,1.0,1,ordinary_two_page_spread,two_page_spread,ok,0.84862822,41,56,61,19,44.25,61,35.913,"[125, 56, 1289, 967]","[166, 0, 1228, 986]","{""bbox_padding_fraction"":0.004,""gradient_percentile"":82.0,""inner_radius_fraction"":0.1,""minimum_support_fraction"":0.2,""outer_radius_fraction"":0.45,""polarity"":""dark_inside"",""ray_count"":72}",,,"{""legacy_parameter_set_id"":""78cd644f1e0b"",""parameter_grid_ordinal"":7,""parameter_grid_sha256"":""6b04d9ffc091acf6158ddd3bf75f6d02848306eebee99bbd3e01af2a2bebceb2"",""parameter_identity_schema_version"":""1"",""parameter_identity_sha256"":""719ff5ced650fd7b809eddf614cae7f315b2b579b8a5215bfbd57e25ea4050fe"",""parameter_schema_version"":""1"",""parameter_set_equivalence_family_id"":""78cd644f1e0b"",""parameter_set_equivalence_family_sha256"":""78cd644f1e0b1c79921288f115a071ca6fdaef6a48716f05f42e0e2dc578e26b"",""parameter_set_equivalence_family_size"":1,""parameter_set_id"":""78cd644f1e0b"",""parameters"":{""bbox_padding_fraction"":0.004,""gradient_percentile"":82.0,""inner_radius_fraction"":0.1,""minimum_support_fraction"":0.2,""outer_radius_fraction"":0.45,""polarity"":""dark_inside"",""ray_count"":72},""profile"":null,""rank"":5,""reference_roles"":[],""requested_search_member"":true,""run_id"":""run-20260902-195700"",""search_observation"":{""completion_index"":10,""elapsed_seconds"":1.3033244429998376,""parameter_set_number"":10,""search_fraction"":1.0},""search_rank"":3,""search_space_member"":true,""summary"":{""elapsed_ms_total"":163.785,""failure_count"":0,""mean_edge_error_px"":44.85,""mean_iou"":0.84381788,""mean_iou_success"":0.84381788,""minimum_iou"":0.75319997,""page_count"":5,""stddev_iou"":0.0580935,""success_count"":5,""wall_ms"":164.335}}","{""approved_bbox"":[125,56,1289,967],""candidate"":{""authors"":null,""bbox"":[166,0,1228,986],""confidence"":1.0,""corners"":[[370.322265625,1020.2449340820312],[170.830322265625,188.99078369140625],[1024.0120849609375,-15.763496398925781],[1223.5040283203125,815.4906616210938]],""detector_name"":"""",""diagnostics"":{""evidence"":""signed_polar_gradient_boundary_votes"",""parameters"":{""bbox_padding_fraction"":0.004,""gradient_percentile"":82.0,""inner_radius_fraction"":0.1,""minimum_support_fraction"":0.2,""outer_radius_fraction"":0.45,""polarity"":""dark_inside"",""ray_count"":72},""ray_support_fraction"":1.0,""supported_rays"":72},""foundation"":null,""method"":""signed_polar_boundary_vote"",""origin"":"""",""repository"":"""",""score"":1.0,""status"":""ok"",""version"":""""},""edge_error_maximum_px"":61,""edge_error_mean_px"":44.25,""edge_errors"":{""bottom"":19,""left"":41,""maximum"":61,""mean"":44.25,""right"":61,""top"":56},""elapsed_ms"":35.913,""global_ordinal"":1,""iou"":0.84862822,""label"":""ordinary_two_page_spread"",""layout_type"":""two_page_spread"",""predicted_bbox"":[166,0,1228,986],""status"":""ok""}"
run-20260902-195700,78cd644f1e0b,78cd644f1e0b1c79921288f115a071ca6fdaef6a48716f05f42e0e2dc578e26b,1,78cd644f1e0b,719ff5ced650fd7b809eddf614cae7f315b2b579b8a5215bfbd57e25ea4050fe,1,6b04d9ffc091acf6158ddd3bf75f6d02848306eebee99bbd3e01af2a2bebceb2,7,,5,3,1,1,[],{},10,1.3033244429998376,1.0,5,damaged_partial_register_spread,two_page_spread,ok,0.75319997,124,20,120,26,72.5,124,38.942,"[67, 8, 1233, 977]","[191, 28, 1113, 951]","{""bbox_padding_fraction"":0.004,""gradient_percentile"":82.0,""inner_radius_fraction"":0.1,""minimum_support_fraction"":0.2,""outer_radius_fraction"":0.45,""polarity"":""dark_inside"",""ray_count"":72}",,,"{""legacy_parameter_set_id"":""78cd644f1e0b"",""parameter_grid_ordinal"":7,""parameter_grid_sha256"":""6b04d9ffc091acf6158ddd3bf75f6d02848306eebee99bbd3e01af2a2bebceb2"",""parameter_identity_schema_version"":""1"",""parameter_identity_sha256"":""719ff5ced650fd7b809eddf614cae7f315b2b579b8a5215bfbd57e25ea4050fe"",""parameter_schema_version"":""1"",""parameter_set_equivalence_family_id"":""78cd644f1e0b"",""parameter_set_equivalence_family_sha256"":""78cd644f1e0b1c79921288f115a071ca6fdaef6a48716f05f42e0e2dc578e26b"",""parameter_set_equivalence_family_size"":1,""parameter_set_id"":""78cd644f1e0b"",""parameters"":{""bbox_padding_fraction"":0.004,""gradient_percentile"":82.0,""inner_radius_fraction"":0.1,""minimum_support_fraction"":0.2,""outer_radius_fraction"":0.45,""polarity"":""dark_inside"",""ray_count"":72},""profile"":null,""rank"":5,""reference_roles"":[],""requested_search_member"":true,""run_id"":""run-20260902-195700"",""search_observation"":{""completion_index"":10,""elapsed_seconds"":1.3033244429998376,""parameter_set_number"":10,""search_fraction"":1.0},""search_rank"":3,""search_space_member"":true,""summary"":{""elapsed_ms_total"":163.785,""failure_count"":0,""mean_edge_error_px"":44.85,""mean_iou"":0.84381788,""mean_iou_success"":0.84381788,""minimum_iou"":0.75319997,""page_count"":5,""stddev_iou"":0.0580935,""success_count"":5,""wall_ms"":164.335}}","{""approved_bbox"":[67,8,1233,977],""candidate"":{""authors"":null,""bbox"":[191,28,1113,951],""confidence"":1.0,""corners"":[[233.51028442382812,946.04052734375],[195.48904418945312,70.4471664428711],[1070.0711669921875,32.469886779785156],[1108.0924072265625,908.063232421875]],""detector_name"":"""",""diagnostics"":{""evidence"":""signed_polar_gradient_boundary_votes"",""parameters"":{""bbox_padding_fraction"":0.004,""gradient_percentile"":82.0,""inner_radius_fraction"":0.1,""minimum_support_fraction"":0.2,""outer_radius_fraction"":0.45,""polarity"":""dark_inside"",""ray_count"":72},""ray_support_fraction"":1.0,""supported_rays"":72},""foundation"":null,""method"":""signed_polar_boundary_vote"",""origin"":"""",""repository"":"""",""score"":1.0,""status"":""ok"",""version"":""""},""edge_error_maximum_px"":124,""edge_error_mean_px"":72.5,""edge_errors"":{""bottom"":26,""left"":124,""maximum"":124,""mean"":72.5,""right"":120,""top"":20},""elapsed_ms"":38.942,""global_ordinal"":5,""iou"":0.75319997,""label"":""damaged_partial_register_spread"",""layout_type"":""two_page_spread"",""predicted_bbox"":[191,28,1113,951],""status"":""ok""}"
run-20260902-195700,78cd644f1e0b,78cd644f1e0b1c79921288f115a071ca6fdaef6a48716f05f42e0e2dc578e26b,1,78cd644f1e0b,719ff5ced650fd7b809eddf614cae7f315b2b579b8a5215bfbd57e25ea4050fe,1,6b04d9ffc091acf6158ddd3bf75f6d02848306eebee99bbd3e01af2a2bebceb2,7,,5,3,1,1,[],{},10,1.3033244429998376,1.0,6,title_or_index_sheet,single_page,ok,0.93274826,15,28,14,13,17.5,28,44.556,"[15, 28, 1074, 970]","[0, 0, 1088, 983]","{""bbox_padding_fraction"":0.004,""gradient_percentile"":82.0,""inner_radius_fraction"":0.1,""minimum_support_fraction"":0.2,""outer_radius_fraction"":0.45,""polarity"":""dark_inside"",""ray_count"":72}",,,"{""legacy_parameter_set_id"":""78cd644f1e0b"",""parameter_grid_ordinal"":7,""parameter_grid_sha256"":""6b04d9ffc091acf6158ddd3bf75f6d02848306eebee99bbd3e01af2a2bebceb2"",""parameter_identity_schema_version"":""1"",""parameter_identity_sha256"":""719ff5ced650fd7b809eddf614cae7f315b2b579b8a5215bfbd57e25ea4050fe"",""parameter_schema_version"":""1"",""parameter_set_equivalence_family_id"":""78cd644f1e0b"",""parameter_set_equivalence_family_sha256"":""78cd644f1e0b1c79921288f115a071ca6fdaef6a48716f05f42e0e2dc578e26b"",""parameter_set_equivalence_family_size"":1,""parameter_set_id"":""78cd644f1e0b"",""parameters"":{""bbox_padding_fraction"":0.004,""gradient_percentile"":82.0,""inner_radius_fraction"":0.1,""minimum_support_fraction"":0.2,""outer_radius_fraction"":0.45,""polarity"":""dark_inside"",""ray_count"":72},""profile"":null,""rank"":5,""reference_roles"":[],""requested_search_member"":true,""run_id"":""run-20260902-195700"",""search_observation"":{""completion_index"":10,""elapsed_seconds"":1.3033244429998376,""parameter_set_number"":10,""search_fraction"":1.0},""search_rank"":3,""search_space_member"":true,""summary"":{""elapsed_ms_total"":163.785,""failure_count"":0,""mean_edge_error_px"":44.85,""mean_iou"":0.84381788,""mean_iou_success"":0.84381788,""minimum_iou"":0.75319997,""page_count"":5,""stddev_iou"":0.0580935,""success_count"":5,""wall_ms"":164.335}}","{""approved_bbox"":[15,28,1074,970],""candidate"":{""authors"":null,""bbox"":[0,0,1088,983],""confidence"":1.0,""corners"":[[410.626953125,1081.7821044921875],[-48.83740234375,343.04217529296875],[669.055908203125,-103.45648193359375],[1128.520263671875,635.283447265625]],""detector_name"":"""",""diagnostics"":{""evidence"":""signed_polar_gradient_boundary_votes"",""parameters"":{""bbox_padding_fraction"":0.004,""gradient_percentile"":82.0,""inner_radius_fraction"":0.1,""minimum_support_fraction"":0.2,""outer_radius_fraction"":0.45,""polarity"":""dark_inside"",""ray_count"":72},""ray_support_fraction"":1.0,""supported_rays"":72},""foundation"":null,""method"":""signed_polar_boundary_vote"",""origin"":"""",""repository"":"""",""score"":1.0,""status"":""ok"",""version"":""""},""edge_error_maximum_px"":28,""edge_error_mean_px"":17.5,""edge_errors"":{""bottom"":13,""left"":15,""maximum"":28,""mean"":17.5,""right"":14,""top"":28},""elapsed_ms"":44.556,""global_ordinal"":6,""iou"":0.93274826,""label"":""title_or_index_sheet"",""layout_type"":""single_page"",""predicted_bbox"":[0,0,1088,983],""status"":""ok""}"
run-20260902-195700,78cd644f1e0b,78cd644f1e0b1c79921288f115a071ca6fdaef6a48716f05f42e0e2dc578e26b,1,78cd644f1e0b,719ff5ced650fd7b809eddf614cae7f315b2b579b8a5215bfbd57e25ea4050fe,1,6b04d9ffc091acf6158ddd3bf75f6d02848306eebee99bbd3e01af2a2bebceb2,7,,5,3,1,1,[],{},10,1.3033244429998376,1.0,9,clean_two_page_spread,two_page_spread,ok,0.86130954,63,23,34,28,37.0,63,24.671,"[84, 51, 1101, 941]","[147, 28, 1135, 969]","{""bbox_padding_fraction"":0.004,""gradient_percentile"":82.0,""inner_radius_fraction"":0.1,""minimum_support_fraction"":0.2,""outer_radius_fraction"":0.45,""polarity"":""dark_inside"",""ray_count"":72}",,,"{""legacy_parameter_set_id"":""78cd644f1e0b"",""parameter_grid_ordinal"":7,""parameter_grid_sha256"":""6b04d9ffc091acf6158ddd3bf75f6d02848306eebee99bbd3e01af2a2bebceb2"",""parameter_identity_schema_version"":""1"",""parameter_identity_sha256"":""719ff5ced650fd7b809eddf614cae7f315b2b579b8a5215bfbd57e25ea4050fe"",""parameter_schema_version"":""1"",""parameter_set_equivalence_family_id"":""78cd644f1e0b"",""parameter_set_equivalence_family_sha256"":""78cd644f1e0b1c79921288f115a071ca6fdaef6a48716f05f42e0e2dc578e26b"",""parameter_set_equivalence_family_size"":1,""parameter_set_id"":""78cd644f1e0b"",""parameters"":{""bbox_padding_fraction"":0.004,""gradient_percentile"":82.0,""inner_radius_fraction"":0.1,""minimum_support_fraction"":0.2,""outer_radius_fraction"":0.45,""polarity"":""dark_inside"",""ray_count"":72},""profile"":null,""rank"":5,""reference_roles"":[],""requested_search_member"":true,""run_id"":""run-20260902-195700"",""search_observation"":{""completion_index"":10,""elapsed_seconds"":1.3033244429998376,""parameter_set_number"":10,""search_fraction"":1.0},""search_rank"":3,""search_space_member"":true,""summary"":{""elapsed_ms_total"":163.785,""failure_count"":0,""mean_edge_error_px"":44.85,""mean_iou"":0.84381788,""mean_iou_success"":0.84381788,""minimum_iou"":0.75319997,""page_count"":5,""stddev_iou"":0.0580935,""success_count"":5,""wall_ms"":164.335}}","{""approved_bbox"":[84,51,1101,941],""candidate"":{""authors"":null,""bbox"":[147,28,1135,969],""confidence"":1.0,""corners"":[[1025.920166015625,964.460693359375],[151.5559539794922,852.567626953125],[256.47637939453125,32.689605712890625],[1130.840576171875,144.58267211914062]],""detector_name"":"""",""diagnostics"":{""evidence"":""signed_polar_gradient_boundary_votes"",""parameters"":{""bbox_padding_fraction"":0.004,""gradient_percentile"":82.0,""inner_radius_fraction"":0.1,""minimum_support_fraction"":0.2,""outer_radius_fraction"":0.45,""polarity"":""dark_inside"",""ray_count"":72},""ray_support_fraction"":1.0,""supported_rays"":72},""foundation"":null,""method"":""signed_polar_boundary_vote"",""origin"":"""",""repository"":"""",""score"":1.0,""status"":""ok"",""version"":""""},""edge_error_maximum_px"":63,""edge_error_mean_px"":37.0,""edge_errors"":{""bottom"":28,""left"":63,""maximum"":63,""mean"":37.0,""right"":34,""top"":23},""elapsed_ms"":24.671,""global_ordinal"":9,""iou"":0.86130954,""label"":""clean_two_page_spread"",""layout_type"":""two_page_spread"",""predicted_bbox"":[147,28,1135,969],""status"":""ok""}"
run-20260902-195700,78cd644f1e0b,78cd644f1e0b1c79921288f115a071ca6fdaef6a48716f05f42e0e2dc578e26b,1,78cd644f1e0b,719ff5ced650fd7b809eddf614cae7f315b2b579b8a5215bfbd57e25ea4050fe,1,6b04d9ffc091acf6158ddd3bf75f6d02848306eebee99bbd3e01af2a2bebceb2,7,,5,3,1,1,[],{},10,1.3033244429998376,1.0,10,clean_two_page_spread_2,two_page_spread,ok,0.82320342,69,33,88,22,53.0,88,19.703,"[88, 33, 1154, 968]","[19, 0, 1242, 990]","{""bbox_padding_fraction"":0.004,""gradient_percentile"":82.0,""inner_radius_fraction"":0.1,""minimum_support_fraction"":0.2,""outer_radius_fraction"":0.45,""polarity"":""dark_inside"",""ray_count"":72}",,,"{""legacy_parameter_set_id"":""78cd644f1e0b"",""parameter_grid_ordinal"":7,""parameter_grid_sha256"":""6b04d9ffc091acf6158ddd3bf75f6d02848306eebee99bbd3e01af2a2bebceb2"",""parameter_identity_schema_version"":""1"",""parameter_identity_sha256"":""719ff5ced650fd7b809eddf614cae7f315b2b579b8a5215bfbd57e25ea4050fe"",""parameter_schema_version"":""1"",""parameter_set_equivalence_family_id"":""78cd644f1e0b"",""parameter_set_equivalence_family_sha256"":""78cd644f1e0b1c79921288f115a071ca6fdaef6a48716f05f42e0e2dc578e26b"",""parameter_set_equivalence_family_size"":1,""parameter_set_id"":""78cd644f1e0b"",""parameters"":{""bbox_padding_fraction"":0.004,""gradient_percentile"":82.0,""inner_radius_fraction"":0.1,""minimum_support_fraction"":0.2,""outer_radius_fraction"":0.45,""polarity"":""dark_inside"",""ray_count"":72},""profile"":null,""rank"":5,""reference_roles"":[],""requested_search_member"":true,""run_id"":""run-20260902-195700"",""search_observation"":{""completion_index"":10,""elapsed_seconds"":1.3033244429998376,""parameter_set_number"":10,""search_fraction"":1.0},""search_rank"":3,""search_space_member"":true,""summary"":{""elapsed_ms_total"":163.785,""failure_count"":0,""mean_edge_error_px"":44.85,""mean_iou"":0.84381788,""mean_iou_success"":0.84381788,""minimum_iou"":0.75319997,""page_count"":5,""stddev_iou"":0.0580935,""success_count"":5,""wall_ms"":164.335}}","{""approved_bbox"":[88,33,1154,968],""candidate"":{""authors"":null,""bbox"":[19,0,1242,990],""confidence"":1.0,""corners"":[[485.80780029296875,1098.5181884765625],[23.63946533203125,356.47760009765625],[775.7957153320312,-111.99110412597656],[1237.964111328125,630.0494384765625]],""detector_name"":"""",""diagnostics"":{""evidence"":""signed_polar_gradient_boundary_votes"",""parameters"":{""bbox_padding_fraction"":0.004,""gradient_percentile"":82.0,""inner_radius_fraction"":0.1,""minimum_support_fraction"":0.2,""outer_radius_fraction"":0.45,""polarity"":""dark_inside"",""ray_count"":72},""ray_support_fraction"":1.0,""supported_rays"":72},""foundation"":null,""method"":""signed_polar_boundary_vote"",""origin"":"""",""repository"":"""",""score"":1.0,""status"":""ok"",""version"":""""},""edge_error_maximum_px"":88,""edge_error_mean_px"":53.0,""edge_errors"":{""bottom"":22,""left"":69,""maximum"":88,""mean"":53.0,""right"":88,""top"":33},""elapsed_ms"":19.703,""global_ordinal"":10,""iou"":0.82320342,""label"":""clean_two_page_spread_2"",""layout_type"":""two_page_spread"",""predicted_bbox"":[19,0,1242,990],""status"":""ok""}"
run-20260902-195700,b6bfa241e517,b6bfa241e517eeb1edc15ba1de9ff6f0682bd0e01385a1655b01a2d300d57e7e,1,b6bfa241e517,158ad50b8c9e7ba7d60690c8ccfcc8efa38a80242db09387b1b60a0d4605a4ef,1,6b04d9ffc091acf6158ddd3bf75f6d02848306eebee99bbd3e01af2a2bebceb2,4,,6,4,1,1,[],{},7,1.0503777629996875,0.7,1,ordinary_two_page_spread,two_page_spread,ok,0.84565441,43,56,63,19,45.25,63,37.578,"[125, 56, 1289, 967]","[168, 0, 1226, 986]","{""bbox_padding_fraction"":0.002,""gradient_percentile"":82.0,""inner_radius_fraction"":0.1,""minimum_support_fraction"":0.2,""outer_radius_fraction"":0.45,""polarity"":""dark_inside"",""ray_count"":72}",,,"{""legacy_parameter_set_id"":""b6bfa241e517"",""parameter_grid_ordinal"":4,""parameter_grid_sha256"":""6b04d9ffc091acf6158ddd3bf75f6d02848306eebee99bbd3e01af2a2bebceb2"",""parameter_identity_schema_version"":""1"",""parameter_identity_sha256"":""158ad50b8c9e7ba7d60690c8ccfcc8efa38a80242db09387b1b60a0d4605a4ef"",""parameter_schema_version"":""1"",""parameter_set_equivalence_family_id"":""b6bfa241e517"",""parameter_set_equivalence_family_sha256"":""b6bfa241e517eeb1edc15ba1de9ff6f0682bd0e01385a1655b01a2d300d57e7e"",""parameter_set_equivalence_family_size"":1,""parameter_set_id"":""b6bfa241e517"",""parameters"":{""bbox_padding_fraction"":0.002,""gradient_percentile"":82.0,""inner_radius_fraction"":0.1,""minimum_support_fraction"":0.2,""outer_radius_fraction"":0.45,""polarity"":""dark_inside"",""ray_count"":72},""profile"":null,""rank"":6,""reference_roles"":[],""requested_search_member"":true,""run_id"":""run-20260902-195700"",""search_observation"":{""completion_index"":7,""elapsed_seconds"":1.0503777629996875,""parameter_set_number"":7,""search_fraction"":0.7},""search_rank"":4,""search_space_member"":true,""summary"":{""elapsed_ms_total"":187.308,""failure_count"":0,""mean_edge_error_px"":45.05,""mean_iou"":0.84313727,""mean_iou_success"":0.84313727,""minimum_iou"":0.74668231,""page_count"":5,""stddev_iou"":0.06016942,""success_count"":5,""wall_ms"":187.925}}","{""approved_bbox"":[125,56,1289,967],""candidate"":{""authors"":null,""bbox"":[168,0,1226,986],""confidence"":1.0,""corners"":[[370.322265625,1020.2449340820312],[170.830322265625,188.99078369140625],[1024.0120849609375,-15.763496398925781],[1223.5040283203125,815.4906616210938]],""detector_name"":"""",""diagnostics"":{""evidence"":""signed_polar_gradient_boundary_votes"",""parameters"":{""bbox_padding_fraction"":0.002,""gradient_percentile"":82.0,""inner_radius_fraction"":0.1,""minimum_support_fraction"":0.2,""outer_radius_fraction"":0.45,""polarity"":""dark_inside"",""ray_count"":72},""ray_support_fraction"":1.0,""supported_rays"":72},""foundation"":null,""method"":""signed_polar_boundary_vote"",""origin"":"""",""repository"":"""",""score"":1.0,""status"":""ok"",""version"":""""},""edge_error_maximum_px"":63,""edge_error_mean_px"":45.25,""edge_errors"":{""bottom"":19,""left"":43,""maximum"":63,""mean"":45.25,""right"":63,""top"":56},""elapsed_ms"":37.578,""global_ordinal"":1,""iou"":0.84565441,""label"":""ordinary_two_page_spread"",""layout_type"":""two_page_spread"",""predicted_bbox"":[168,0,1226,986],""status"":""ok""}"
run-20260902-195700,b6bfa241e517,b6bfa241e517eeb1edc15ba1de9ff6f0682bd0e01385a1655b01a2d300d57e7e,1,b6bfa241e517,158ad50b8c9e7ba7d60690c8ccfcc8efa38a80242db09387b1b60a0d4605a4ef,1,6b04d9ffc091acf6158ddd3bf75f6d02848306eebee99bbd3e01af2a2bebceb2,4,,6,4,1,1,[],{},7,1.0503777629996875,0.7,5,damaged_partial_register_spread,two_page_spread,ok,0.74668231,126,22,122,28,74.5,126,42.282,"[67, 8, 1233, 977]","[193, 30, 1111, 949]","{""bbox_padding_fraction"":0.002,""gradient_percentile"":82.0,""inner_radius_fraction"":0.1,""minimum_support_fraction"":0.2,""outer_radius_fraction"":0.45,""polarity"":""dark_inside"",""ray_count"":72}",,,"{""legacy_parameter_set_id"":""b6bfa241e517"",""parameter_grid_ordinal"":4,""parameter_grid_sha256"":""6b04d9ffc091acf6158ddd3bf75f6d02848306eebee99bbd3e01af2a2bebceb2"",""parameter_identity_schema_version"":""1"",""parameter_identity_sha256"":""158ad50b8c9e7ba7d60690c8ccfcc8efa38a80242db09387b1b60a0d4605a4ef"",""parameter_schema_version"":""1"",""parameter_set_equivalence_family_id"":""b6bfa241e517"",""parameter_set_equivalence_family_sha256"":""b6bfa241e517eeb1edc15ba1de9ff6f0682bd0e01385a1655b01a2d300d57e7e"",""parameter_set_equivalence_family_size"":1,""parameter_set_id"":""b6bfa241e517"",""parameters"":{""bbox_padding_fraction"":0.002,""gradient_percentile"":82.0,""inner_radius_fraction"":0.1,""minimum_support_fraction"":0.2,""outer_radius_fraction"":0.45,""polarity"":""dark_inside"",""ray_count"":72},""profile"":null,""rank"":6,""reference_roles"":[],""requested_search_member"":true,""run_id"":""run-20260902-195700"",""search_observation"":{""completion_index"":7,""elapsed_seconds"":1.0503777629996875,""parameter_set_number"":7,""search_fraction"":0.7},""search_rank"":4,""search_space_member"":true,""summary"":{""elapsed_ms_total"":187.308,""failure_count"":0,""mean_edge_error_px"":45.05,""mean_iou"":0.84313727,""mean_iou_success"":0.84313727,""minimum_iou"":0.74668231,""page_count"":5,""stddev_iou"":0.06016942,""success_count"":5,""wall_ms"":187.925}}","{""approved_bbox"":[67,8,1233,977],""candidate"":{""authors"":null,""bbox"":[193,30,1111,949],""confidence"":1.0,""corners"":[[233.51028442382812,946.04052734375],[195.48904418945312,70.4471664428711],[1070.0711669921875,32.469886779785156],[1108.0924072265625,908.063232421875]],""detector_name"":"""",""diagnostics"":{""evidence"":""signed_polar_gradient_boundary_votes"",""parameters"":{""bbox_padding_fraction"":0.002,""gradient_percentile"":82.0,""inner_radius_fraction"":0.1,""minimum_support_fraction"":0.2,""outer_radius_fraction"":0.45,""polarity"":""dark_inside"",""ray_count"":72},""ray_support_fraction"":1.0,""supported_rays"":72},""foundation"":null,""method"":""signed_polar_boundary_vote"",""origin"":"""",""repository"":"""",""score"":1.0,""status"":""ok"",""version"":""""},""edge_error_maximum_px"":126,""edge_error_mean_px"":74.5,""edge_errors"":{""bottom"":28,""left"":126,""maximum"":126,""mean"":74.5,""right"":122,""top"":22},""elapsed_ms"":42.282,""global_ordinal"":5,""iou"":0.74668231,""label"":""damaged_partial_register_spread"",""layout_type"":""two_page_spread"",""predicted_bbox"":[193,30,1111,949],""status"":""ok""}"
run-20260902-195700,b6bfa241e517,b6bfa241e517eeb1edc15ba1de9ff6f0682bd0e01385a1655b01a2d300d57e7e,1,b6bfa241e517,158ad50b8c9e7ba7d60690c8ccfcc8efa38a80242db09387b1b60a0d4605a4ef,1,6b04d9ffc091acf6158ddd3bf75f6d02848306eebee99bbd3e01af2a2bebceb2,4,,6,4,1,1,[],{},7,1.0503777629996875,0.7,6,title_or_index_sheet,single_page,ok,0.93274826,15,28,14,13,17.5,28,38.276,"[15, 28, 1074, 970]","[0, 0, 1088, 983]","{""bbox_padding_fraction"":0.002,""gradient_percentile"":82.0,""inner_radius_fraction"":0.1,""minimum_support_fraction"":0.2,""outer_radius_fraction"":0.45,""polarity"":""dark_inside"",""ray_count"":72}",,,"{""legacy_parameter_set_id"":""b6bfa241e517"",""parameter_grid_ordinal"":4,""parameter_grid_sha256"":""6b04d9ffc091acf6158ddd3bf75f6d02848306eebee99bbd3e01af2a2bebceb2"",""parameter_identity_schema_version"":""1"",""parameter_identity_sha256"":""158ad50b8c9e7ba7d60690c8ccfcc8efa38a80242db09387b1b60a0d4605a4ef"",""parameter_schema_version"":""1"",""parameter_set_equivalence_family_id"":""b6bfa241e517"",""parameter_set_equivalence_family_sha256"":""b6bfa241e517eeb1edc15ba1de9ff6f0682bd0e01385a1655b01a2d300d57e7e"",""parameter_set_equivalence_family_size"":1,""parameter_set_id"":""b6bfa241e517"",""parameters"":{""bbox_padding_fraction"":0.002,""gradient_percentile"":82.0,""inner_radius_fraction"":0.1,""minimum_support_fraction"":0.2,""outer_radius_fraction"":0.45,""polarity"":""dark_inside"",""ray_count"":72},""profile"":null,""rank"":6,""reference_roles"":[],""requested_search_member"":true,""run_id"":""run-20260902-195700"",""search_observation"":{""completion_index"":7,""elapsed_seconds"":1.0503777629996875,""parameter_set_number"":7,""search_fraction"":0.7},""search_rank"":4,""search_space_member"":true,""summary"":{""elapsed_ms_total"":187.308,""failure_count"":0,""mean_edge_error_px"":45.05,""mean_iou"":0.84313727,""mean_iou_success"":0.84313727,""minimum_iou"":0.74668231,""page_count"":5,""stddev_iou"":0.06016942,""success_count"":5,""wall_ms"":187.925}}","{""approved_bbox"":[15,28,1074,970],""candidate"":{""authors"":null,""bbox"":[0,0,1088,983],""confidence"":1.0,""corners"":[[410.626953125,1081.7821044921875],[-48.83740234375,343.04217529296875],[669.055908203125,-103.45648193359375],[1128.520263671875,635.283447265625]],""detector_name"":"""",""diagnostics"":{""evidence"":""signed_polar_gradient_boundary_votes"",""parameters"":{""bbox_padding_fraction"":0.002,""gradient_percentile"":82.0,""inner_radius_fraction"":0.1,""minimum_support_fraction"":0.2,""outer_radius_fraction"":0.45,""polarity"":""dark_inside"",""ray_count"":72},""ray_support_fraction"":1.0,""supported_rays"":72},""foundation"":null,""method"":""signed_polar_boundary_vote"",""origin"":"""",""repository"":"""",""score"":1.0,""status"":""ok"",""version"":""""},""edge_error_maximum_px"":28,""edge_error_mean_px"":17.5,""edge_errors"":{""bottom"":13,""left"":15,""maximum"":28,""mean"":17.5,""right"":14,""top"":28},""elapsed_ms"":38.276,""global_ordinal"":6,""iou"":0.93274826,""label"":""title_or_index_sheet"",""layout_type"":""single_page"",""predicted_bbox"":[0,0,1088,983],""status"":""ok""}"
run-20260902-195700,b6bfa241e517,b6bfa241e517eeb1edc15ba1de9ff6f0682bd0e01385a1655b01a2d300d57e7e,1,b6bfa241e517,158ad50b8c9e7ba7d60690c8ccfcc8efa38a80242db09387b1b60a0d4605a4ef,1,6b04d9ffc091acf6158ddd3bf75f6d02848306eebee99bbd3e01af2a2bebceb2,4,,6,4,1,1,[],{},7,1.0503777629996875,0.7,9,clean_two_page_spread,two_page_spread,ok,0.86469672,65,21,32,26,36.0,65,36.417,"[84, 51, 1101, 941]","[149, 30, 1133, 967]","{""bbox_padding_fraction"":0.002,""gradient_percentile"":82.0,""inner_radius_fraction"":0.1,""minimum_support_fraction"":0.2,""outer_radius_fraction"":0.45,""polarity"":""dark_inside"",""ray_count"":72}",,,"{""legacy_parameter_set_id"":""b6bfa241e517"",""parameter_grid_ordinal"":4,""parameter_grid_sha256"":""6b04d9ffc091acf6158ddd3bf75f6d02848306eebee99bbd3e01af2a2bebceb2"",""parameter_identity_schema_version"":""1"",""parameter_identity_sha256"":""158ad50b8c9e7ba7d60690c8ccfcc8efa38a80242db09387b1b60a0d4605a4ef"",""parameter_schema_version"":""1"",""parameter_set_equivalence_family_id"":""b6bfa241e517"",""parameter_set_equivalence_family_sha256"":""b6bfa241e517eeb1edc15ba1de9ff6f0682bd0e01385a1655b01a2d300d57e7e"",""parameter_set_equivalence_family_size"":1,""parameter_set_id"":""b6bfa241e517"",""parameters"":{""bbox_padding_fraction"":0.002,""gradient_percentile"":82.0,""inner_radius_fraction"":0.1,""minimum_support_fraction"":0.2,""outer_radius_fraction"":0.45,""polarity"":""dark_inside"",""ray_count"":72},""profile"":null,""rank"":6,""reference_roles"":[],""requested_search_member"":true,""run_id"":""run-20260902-195700"",""search_observation"":{""completion_index"":7,""elapsed_seconds"":1.0503777629996875,""parameter_set_number"":7,""search_fraction"":0.7},""search_rank"":4,""search_space_member"":true,""summary"":{""elapsed_ms_total"":187.308,""failure_count"":0,""mean_edge_error_px"":45.05,""mean_iou"":0.84313727,""mean_iou_success"":0.84313727,""minimum_iou"":0.74668231,""page_count"":5,""stddev_iou"":0.06016942,""success_count"":5,""wall_ms"":187.925}}","{""approved_bbox"":[84,51,1101,941],""candidate"":{""authors"":null,""bbox"":[149,30,1133,967],""confidence"":1.0,""corners"":[[1025.920166015625,964.460693359375],[151.5559539794922,852.567626953125],[256.47637939453125,32.689605712890625],[1130.840576171875,144.58267211914062]],""detector_name"":"""",""diagnostics"":{""evidence"":""signed_polar_gradient_boundary_votes"",""parameters"":{""bbox_padding_fraction"":0.002,""gradient_percentile"":82.0,""inner_radius_fraction"":0.1,""minimum_support_fraction"":0.2,""outer_radius_fraction"":0.45,""polarity"":""dark_inside"",""ray_count"":72},""ray_support_fraction"":1.0,""supported_rays"":72},""foundation"":null,""method"":""signed_polar_boundary_vote"",""origin"":"""",""repository"":"""",""score"":1.0,""status"":""ok"",""version"":""""},""edge_error_maximum_px"":65,""edge_error_mean_px"":36.0,""edge_errors"":{""bottom"":26,""left"":65,""maximum"":65,""mean"":36.0,""right"":32,""top"":21},""elapsed_ms"":36.417,""global_ordinal"":9,""iou"":0.86469672,""label"":""clean_two_page_spread"",""layout_type"":""two_page_spread"",""predicted_bbox"":[149,30,1133,967],""status"":""ok""}"
run-20260902-195700,b6bfa241e517,b6bfa241e517eeb1edc15ba1de9ff6f0682bd0e01385a1655b01a2d300d57e7e,1,b6bfa241e517,158ad50b8c9e7ba7d60690c8ccfcc8efa38a80242db09387b1b60a0d4605a4ef,1,6b04d9ffc091acf6158ddd3bf75f6d02848306eebee99bbd3e01af2a2bebceb2,4,,6,4,1,1,[],{},7,1.0503777629996875,0.7,10,clean_two_page_spread_2,two_page_spread,ok,0.82590466,67,33,86,22,52.0,86,32.755,"[88, 33, 1154, 968]","[21, 0, 1240, 990]","{""bbox_padding_fraction"":0.002,""gradient_percentile"":82.0,""inner_radius_fraction"":0.1,""minimum_support_fraction"":0.2,""outer_radius_fraction"":0.45,""polarity"":""dark_inside"",""ray_count"":72}",,,"{""legacy_parameter_set_id"":""b6bfa241e517"",""parameter_grid_ordinal"":4,""parameter_grid_sha256"":""6b04d9ffc091acf6158ddd3bf75f6d02848306eebee99bbd3e01af2a2bebceb2"",""parameter_identity_schema_version"":""1"",""parameter_identity_sha256"":""158ad50b8c9e7ba7d60690c8ccfcc8efa38a80242db09387b1b60a0d4605a4ef"",""parameter_schema_version"":""1"",""parameter_set_equivalence_family_id"":""b6bfa241e517"",""parameter_set_equivalence_family_sha256"":""b6bfa241e517eeb1edc15ba1de9ff6f0682bd0e01385a1655b01a2d300d57e7e"",""parameter_set_equivalence_family_size"":1,""parameter_set_id"":""b6bfa241e517"",""parameters"":{""bbox_padding_fraction"":0.002,""gradient_percentile"":82.0,""inner_radius_fraction"":0.1,""minimum_support_fraction"":0.2,""outer_radius_fraction"":0.45,""polarity"":""dark_inside"",""ray_count"":72},""profile"":null,""rank"":6,""reference_roles"":[],""requested_search_member"":true,""run_id"":""run-20260902-195700"",""search_observation"":{""completion_index"":7,""elapsed_seconds"":1.0503777629996875,""parameter_set_number"":7,""search_fraction"":0.7},""search_rank"":4,""search_space_member"":true,""summary"":{""elapsed_ms_total"":187.308,""failure_count"":0,""mean_edge_error_px"":45.05,""mean_iou"":0.84313727,""mean_iou_success"":0.84313727,""minimum_iou"":0.74668231,""page_count"":5,""stddev_iou"":0.06016942,""success_count"":5,""wall_ms"":187.925}}","{""approved_bbox"":[88,33,1154,968],""candidate"":{""authors"":null,""bbox"":[21,0,1240,990],""confidence"":1.0,""corners"":[[485.80780029296875,1098.5181884765625],[23.63946533203125,356.47760009765625],[775.7957153320312,-111.99110412597656],[1237.964111328125,630.0494384765625]],""detector_name"":"""",""diagnostics"":{""evidence"":""signed_polar_gradient_boundary_votes"",""parameters"":{""bbox_padding_fraction"":0.002,""gradient_percentile"":82.0,""inner_radius_fraction"":0.1,""minimum_support_fraction"":0.2,""outer_radius_fraction"":0.45,""polarity"":""dark_inside"",""ray_count"":72},""ray_support_fraction"":1.0,""supported_rays"":72},""foundation"":null,""method"":""signed_polar_boundary_vote"",""origin"":"""",""repository"":"""",""score"":1.0,""status"":""ok"",""version"":""""},""edge_error_maximum_px"":86,""edge_error_mean_px"":52.0,""edge_errors"":{""bottom"":22,""left"":67,""maximum"":86,""mean"":52.0,""right"":86,""top"":33},""elapsed_ms"":32.755,""global_ordinal"":10,""iou"":0.82590466,""label"":""clean_two_page_spread_2"",""layout_type"":""two_page_spread"",""predicted_bbox"":[21,0,1240,990],""status"":""ok""}"
run-20260902-195700,1260624a8e06,1260624a8e06c643a7a22ba3cb9709e6c582a2054154aa4b1bd9afd3b9dfa9c7,1,1260624a8e06,ce1690c7c7b1568653cee710016c5be16a1907d00fb0182c67dc304851b9f359,1,6b04d9ffc091acf6158ddd3bf75f6d02848306eebee99bbd3e01af2a2bebceb2,1,,7,5,1,1,[],{},4,0.6681093119996149,0.4,1,ordinary_two_page_spread,two_page_spread,ok,0.84267904,45,56,65,19,46.25,65,61.125,"[125, 56, 1289, 967]","[170, 0, 1224, 986]","{""bbox_padding_fraction"":0.0,""gradient_percentile"":82.0,""inner_radius_fraction"":0.1,""minimum_support_fraction"":0.2,""outer_radius_fraction"":0.45,""polarity"":""dark_inside"",""ray_count"":72}",,,"{""legacy_parameter_set_id"":""1260624a8e06"",""parameter_grid_ordinal"":1,""parameter_grid_sha256"":""6b04d9ffc091acf6158ddd3bf75f6d02848306eebee99bbd3e01af2a2bebceb2"",""parameter_identity_schema_version"":""1"",""parameter_identity_sha256"":""ce1690c7c7b1568653cee710016c5be16a1907d00fb0182c67dc304851b9f359"",""parameter_schema_version"":""1"",""parameter_set_equivalence_family_id"":""1260624a8e06"",""parameter_set_equivalence_family_sha256"":""1260624a8e06c643a7a22ba3cb9709e6c582a2054154aa4b1bd9afd3b9dfa9c7"",""parameter_set_equivalence_family_size"":1,""parameter_set_id"":""1260624a8e06"",""parameters"":{""bbox_padding_fraction"":0.0,""gradient_percentile"":82.0,""inner_radius_fraction"":0.1,""minimum_support_fraction"":0.2,""outer_radius_fraction"":0.45,""polarity"":""dark_inside"",""ray_count"":72},""profile"":null,""rank"":7,""reference_roles"":[],""requested_search_member"":true,""run_id"":""run-20260902-195700"",""search_observation"":{""completion_index"":4,""elapsed_seconds"":0.6681093119996149,""parameter_set_number"":4,""search_fraction"":0.4},""search_rank"":5,""search_space_member"":true,""summary"":{""elapsed_ms_total"":242.258,""failure_count"":0,""mean_edge_error_px"":45.25,""mean_iou"":0.8424681,""mean_iou_success"":0.8424681,""minimum_iou"":0.74019298,""page_count"":5,""stddev_iou"":0.06238467,""success_count"":5,""wall_ms"":242.802}}","{""approved_bbox"":[125,56,1289,967],""candidate"":{""authors"":null,""bbox"":[170,0,1224,986],""confidence"":1.0,""corners"":[[370.322265625,1020.2449340820312],[170.830322265625,188.99078369140625],[1024.0120849609375,-15.763496398925781],[1223.5040283203125,815.4906616210938]],""detector_name"":"""",""diagnostics"":{""evidence"":""signed_polar_gradient_boundary_votes"",""parameters"":{""bbox_padding_fraction"":0.0,""gradient_percentile"":82.0,""inner_radius_fraction"":0.1,""minimum_support_fraction"":0.2,""outer_radius_fraction"":0.45,""polarity"":""dark_inside"",""ray_count"":72},""ray_support_fraction"":1.0,""supported_rays"":72},""foundation"":null,""method"":""signed_polar_boundary_vote"",""origin"":"""",""repository"":"""",""score"":1.0,""status"":""ok"",""version"":""""},""edge_error_maximum_px"":65,""edge_error_mean_px"":46.25,""edge_errors"":{""bottom"":19,""left"":45,""maximum"":65,""mean"":46.25,""right"":65,""top"":56},""elapsed_ms"":61.125,""global_ordinal"":1,""iou"":0.84267904,""label"":""ordinary_two_page_spread"",""layout_type"":""two_page_spread"",""predicted_bbox"":[170,0,1224,986],""status"":""ok""}"
run-20260902-195700,1260624a8e06,1260624a8e06c643a7a22ba3cb9709e6c582a2054154aa4b1bd9afd3b9dfa9c7,1,1260624a8e06,ce1690c7c7b1568653cee710016c5be16a1907d00fb0182c67dc304851b9f359,1,6b04d9ffc091acf6158ddd3bf75f6d02848306eebee99bbd3e01af2a2bebceb2,1,,7,5,1,1,[],{},4,0.6681093119996149,0.4,5,damaged_partial_register_spread,two_page_spread,ok,0.74019298,128,24,124,30,76.5,128,48.095,"[67, 8, 1233, 977]","[195, 32, 1109, 947]","{""bbox_padding_fraction"":0.0,""gradient_percentile"":82.0,""inner_radius_fraction"":0.1,""minimum_support_fraction"":0.2,""outer_radius_fraction"":0.45,""polarity"":""dark_inside"",""ray_count"":72}",,,"{""legacy_parameter_set_id"":""1260624a8e06"",""parameter_grid_ordinal"":1,""parameter_grid_sha256"":""6b04d9ffc091acf6158ddd3bf75f6d02848306eebee99bbd3e01af2a2bebceb2"",""parameter_identity_schema_version"":""1"",""parameter_identity_sha256"":""ce1690c7c7b1568653cee710016c5be16a1907d00fb0182c67dc304851b9f359"",""parameter_schema_version"":""1"",""parameter_set_equivalence_family_id"":""1260624a8e06"",""parameter_set_equivalence_family_sha256"":""1260624a8e06c643a7a22ba3cb9709e6c582a2054154aa4b1bd9afd3b9dfa9c7"",""parameter_set_equivalence_family_size"":1,""parameter_set_id"":""1260624a8e06"",""parameters"":{""bbox_padding_fraction"":0.0,""gradient_percentile"":82.0,""inner_radius_fraction"":0.1,""minimum_support_fraction"":0.2,""outer_radius_fraction"":0.45,""polarity"":""dark_inside"",""ray_count"":72},""profile"":null,""rank"":7,""reference_roles"":[],""requested_search_member"":true,""run_id"":""run-20260902-195700"",""search_observation"":{""completion_index"":4,""elapsed_seconds"":0.6681093119996149,""parameter_set_number"":4,""search_fraction"":0.4},""search_rank"":5,""search_space_member"":true,""summary"":{""elapsed_ms_total"":242.258,""failure_count"":0,""mean_edge_error_px"":45.25,""mean_iou"":0.8424681,""mean_iou_success"":0.8424681,""minimum_iou"":0.74019298,""page_count"":5,""stddev_iou"":0.06238467,""success_count"":5,""wall_ms"":242.802}}","{""approved_bbox"":[67,8,1233,977],""candidate"":{""authors"":null,""bbox"":[195,32,1109,947],""confidence"":1.0,""corners"":[[233.51028442382812,946.04052734375],[195.48904418945312,70.4471664428711],[1070.0711669921875,32.469886779785156],[1108.0924072265625,908.063232421875]],""detector_name"":"""",""diagnostics"":{""evidence"":""signed_polar_gradient_boundary_votes"",""parameters"":{""bbox_padding_fraction"":0.0,""gradient_percentile"":82.0,""inner_radius_fraction"":0.1,""minimum_support_fraction"":0.2,""outer_radius_fraction"":0.45,""polarity"":""dark_inside"",""ray_count"":72},""ray_support_fraction"":1.0,""supported_rays"":72},""foundation"":null,""method"":""signed_polar_boundary_vote"",""origin"":"""",""repository"":"""",""score"":1.0,""status"":""ok"",""version"":""""},""edge_error_maximum_px"":128,""edge_error_mean_px"":76.5,""edge_errors"":{""bottom"":30,""left"":128,""maximum"":128,""mean"":76.5,""right"":124,""top"":24},""elapsed_ms"":48.095,""global_ordinal"":5,""iou"":0.74019298,""label"":""damaged_partial_register_spread"",""layout_type"":""two_page_spread"",""predicted_bbox"":[195,32,1109,947],""status"":""ok""}"
run-20260902-195700,1260624a8e06,1260624a8e06c643a7a22ba3cb9709e6c582a2054154aa4b1bd9afd3b9dfa9c7,1,1260624a8e06,ce1690c7c7b1568653cee710016c5be16a1907d00fb0182c67dc304851b9f359,1,6b04d9ffc091acf6158ddd3bf75f6d02848306eebee99bbd3e01af2a2bebceb2,1,,7,5,1,1,[],{},4,0.6681093119996149,0.4,6,title_or_index_sheet,single_page,ok,0.93274826,15,28,14,13,17.5,28,44.151,"[15, 28, 1074, 970]","[0, 0, 1088, 983]","{""bbox_padding_fraction"":0.0,""gradient_percentile"":82.0,""inner_radius_fraction"":0.1,""minimum_support_fraction"":0.2,""outer_radius_fraction"":0.45,""polarity"":""dark_inside"",""ray_count"":72}",,,"{""legacy_parameter_set_id"":""1260624a8e06"",""parameter_grid_ordinal"":1,""parameter_grid_sha256"":""6b04d9ffc091acf6158ddd3bf75f6d02848306eebee99bbd3e01af2a2bebceb2"",""parameter_identity_schema_version"":""1"",""parameter_identity_sha256"":""ce1690c7c7b1568653cee710016c5be16a1907d00fb0182c67dc304851b9f359"",""parameter_schema_version"":""1"",""parameter_set_equivalence_family_id"":""1260624a8e06"",""parameter_set_equivalence_family_sha256"":""1260624a8e06c643a7a22ba3cb9709e6c582a2054154aa4b1bd9afd3b9dfa9c7"",""parameter_set_equivalence_family_size"":1,""parameter_set_id"":""1260624a8e06"",""parameters"":{""bbox_padding_fraction"":0.0,""gradient_percentile"":82.0,""inner_radius_fraction"":0.1,""minimum_support_fraction"":0.2,""outer_radius_fraction"":0.45,""polarity"":""dark_inside"",""ray_count"":72},""profile"":null,""rank"":7,""reference_roles"":[],""requested_search_member"":true,""run_id"":""run-20260902-195700"",""search_observation"":{""completion_index"":4,""elapsed_seconds"":0.6681093119996149,""parameter_set_number"":4,""search_fraction"":0.4},""search_rank"":5,""search_space_member"":true,""summary"":{""elapsed_ms_total"":242.258,""failure_count"":0,""mean_edge_error_px"":45.25,""mean_iou"":0.8424681,""mean_iou_success"":0.8424681,""minimum_iou"":0.74019298,""page_count"":5,""stddev_iou"":0.06238467,""success_count"":5,""wall_ms"":242.802}}","{""approved_bbox"":[15,28,1074,970],""candidate"":{""authors"":null,""bbox"":[0,0,1088,983],""confidence"":1.0,""corners"":[[410.626953125,1081.7821044921875],[-48.83740234375,343.04217529296875],[669.055908203125,-103.45648193359375],[1128.520263671875,635.283447265625]],""detector_name"":"""",""diagnostics"":{""evidence"":""signed_polar_gradient_boundary_votes"",""parameters"":{""bbox_padding_fraction"":0.0,""gradient_percentile"":82.0,""inner_radius_fraction"":0.1,""minimum_support_fraction"":0.2,""outer_radius_fraction"":0.45,""polarity"":""dark_inside"",""ray_count"":72},""ray_support_fraction"":1.0,""supported_rays"":72},""foundation"":null,""method"":""signed_polar_boundary_vote"",""origin"":"""",""repository"":"""",""score"":1.0,""status"":""ok"",""version"":""""},""edge_error_maximum_px"":28,""edge_error_mean_px"":17.5,""edge_errors"":{""bottom"":13,""left"":15,""maximum"":28,""mean"":17.5,""right"":14,""top"":28},""elapsed_ms"":44.151,""global_ordinal"":6,""iou"":0.93274826,""label"":""title_or_index_sheet"",""layout_type"":""single_page"",""predicted_bbox"":[0,0,1088,983],""status"":""ok""}"
run-20260902-195700,1260624a8e06,1260624a8e06c643a7a22ba3cb9709e6c582a2054154aa4b1bd9afd3b9dfa9c7,1,1260624a8e06,ce1690c7c7b1568653cee710016c5be16a1907d00fb0182c67dc304851b9f359,1,6b04d9ffc091acf6158ddd3bf75f6d02848306eebee99bbd3e01af2a2bebceb2,1,,7,5,1,1,[],{},4,0.6681093119996149,0.4,9,clean_two_page_spread,two_page_spread,ok,0.86809655,67,19,30,24,35.0,67,38.858,"[84, 51, 1101, 941]","[151, 32, 1131, 965]","{""bbox_padding_fraction"":0.0,""gradient_percentile"":82.0,""inner_radius_fraction"":0.1,""minimum_support_fraction"":0.2,""outer_radius_fraction"":0.45,""polarity"":""dark_inside"",""ray_count"":72}",,,"{""legacy_parameter_set_id"":""1260624a8e06"",""parameter_grid_ordinal"":1,""parameter_grid_sha256"":""6b04d9ffc091acf6158ddd3bf75f6d02848306eebee99bbd3e01af2a2bebceb2"",""parameter_identity_schema_version"":""1"",""parameter_identity_sha256"":""ce1690c7c7b1568653cee710016c5be16a1907d00fb0182c67dc304851b9f359"",""parameter_schema_version"":""1"",""parameter_set_equivalence_family_id"":""1260624a8e06"",""parameter_set_equivalence_family_sha256"":""1260624a8e06c643a7a22ba3cb9709e6c582a2054154aa4b1bd9afd3b9dfa9c7"",""parameter_set_equivalence_family_size"":1,""parameter_set_id"":""1260624a8e06"",""parameters"":{""bbox_padding_fraction"":0.0,""gradient_percentile"":82.0,""inner_radius_fraction"":0.1,""minimum_support_fraction"":0.2,""outer_radius_fraction"":0.45,""polarity"":""dark_inside"",""ray_count"":72},""profile"":null,""rank"":7,""reference_roles"":[],""requested_search_member"":true,""run_id"":""run-20260902-195700"",""search_observation"":{""completion_index"":4,""elapsed_seconds"":0.6681093119996149,""parameter_set_number"":4,""search_fraction"":0.4},""search_rank"":5,""search_space_member"":true,""summary"":{""elapsed_ms_total"":242.258,""failure_count"":0,""mean_edge_error_px"":45.25,""mean_iou"":0.8424681,""mean_iou_success"":0.8424681,""minimum_iou"":0.74019298,""page_count"":5,""stddev_iou"":0.06238467,""success_count"":5,""wall_ms"":242.802}}","{""approved_bbox"":[84,51,1101,941],""candidate"":{""authors"":null,""bbox"":[151,32,1131,965],""confidence"":1.0,""corners"":[[1025.920166015625,964.460693359375],[151.5559539794922,852.567626953125],[256.47637939453125,32.689605712890625],[1130.840576171875,144.58267211914062]],""detector_name"":"""",""diagnostics"":{""evidence"":""signed_polar_gradient_boundary_votes"",""parameters"":{""bbox_padding_fraction"":0.0,""gradient_percentile"":82.0,""inner_radius_fraction"":0.1,""minimum_support_fraction"":0.2,""outer_radius_fraction"":0.45,""polarity"":""dark_inside"",""ray_count"":72},""ray_support_fraction"":1.0,""supported_rays"":72},""foundation"":null,""method"":""signed_polar_boundary_vote"",""origin"":"""",""repository"":"""",""score"":1.0,""status"":""ok"",""version"":""""},""edge_error_maximum_px"":67,""edge_error_mean_px"":35.0,""edge_errors"":{""bottom"":24,""left"":67,""maximum"":67,""mean"":35.0,""right"":30,""top"":19},""elapsed_ms"":38.858,""global_ordinal"":9,""iou"":0.86809655,""label"":""clean_two_page_spread"",""layout_type"":""two_page_spread"",""predicted_bbox"":[151,32,1131,965],""status"":""ok""}"
run-20260902-195700,1260624a8e06,1260624a8e06c643a7a22ba3cb9709e6c582a2054154aa4b1bd9afd3b9dfa9c7,1,1260624a8e06,ce1690c7c7b1568653cee710016c5be16a1907d00fb0182c67dc304851b9f359,1,6b04d9ffc091acf6158ddd3bf75f6d02848306eebee99bbd3e01af2a2bebceb2,1,,7,5,1,1,[],{},4,0.6681093119996149,0.4,10,clean_two_page_spread_2,two_page_spread,ok,0.82862369,65,33,84,22,51.0,84,50.029,"[88, 33, 1154, 968]","[23, 0, 1238, 990]","{""bbox_padding_fraction"":0.0,""gradient_percentile"":82.0,""inner_radius_fraction"":0.1,""minimum_support_fraction"":0.2,""outer_radius_fraction"":0.45,""polarity"":""dark_inside"",""ray_count"":72}",,,"{""legacy_parameter_set_id"":""1260624a8e06"",""parameter_grid_ordinal"":1,""parameter_grid_sha256"":""6b04d9ffc091acf6158ddd3bf75f6d02848306eebee99bbd3e01af2a2bebceb2"",""parameter_identity_schema_version"":""1"",""parameter_identity_sha256"":""ce1690c7c7b1568653cee710016c5be16a1907d00fb0182c67dc304851b9f359"",""parameter_schema_version"":""1"",""parameter_set_equivalence_family_id"":""1260624a8e06"",""parameter_set_equivalence_family_sha256"":""1260624a8e06c643a7a22ba3cb9709e6c582a2054154aa4b1bd9afd3b9dfa9c7"",""parameter_set_equivalence_family_size"":1,""parameter_set_id"":""1260624a8e06"",""parameters"":{""bbox_padding_fraction"":0.0,""gradient_percentile"":82.0,""inner_radius_fraction"":0.1,""minimum_support_fraction"":0.2,""outer_radius_fraction"":0.45,""polarity"":""dark_inside"",""ray_count"":72},""profile"":null,""rank"":7,""reference_roles"":[],""requested_search_member"":true,""run_id"":""run-20260902-195700"",""search_observation"":{""completion_index"":4,""elapsed_seconds"":0.6681093119996149,""parameter_set_number"":4,""search_fraction"":0.4},""search_rank"":5,""search_space_member"":true,""summary"":{""elapsed_ms_total"":242.258,""failure_count"":0,""mean_edge_error_px"":45.25,""mean_iou"":0.8424681,""mean_iou_success"":0.8424681,""minimum_iou"":0.74019298,""page_count"":5,""stddev_iou"":0.06238467,""success_count"":5,""wall_ms"":242.802}}","{""approved_bbox"":[88,33,1154,968],""candidate"":{""authors"":null,""bbox"":[23,0,1238,990],""confidence"":1.0,""corners"":[[485.80780029296875,1098.5181884765625],[23.63946533203125,356.47760009765625],[775.7957153320312,-111.99110412597656],[1237.964111328125,630.0494384765625]],""detector_name"":"""",""diagnostics"":{""evidence"":""signed_polar_gradient_boundary_votes"",""parameters"":{""bbox_padding_fraction"":0.0,""gradient_percentile"":82.0,""inner_radius_fraction"":0.1,""minimum_support_fraction"":0.2,""outer_radius_fraction"":0.45,""polarity"":""dark_inside"",""ray_count"":72},""ray_support_fraction"":1.0,""supported_rays"":72},""foundation"":null,""method"":""signed_polar_boundary_vote"",""origin"":"""",""repository"":"""",""score"":1.0,""status"":""ok"",""version"":""""},""edge_error_maximum_px"":84,""edge_error_mean_px"":51.0,""edge_errors"":{""bottom"":22,""left"":65,""maximum"":84,""mean"":51.0,""right"":84,""top"":33},""elapsed_ms"":50.029,""global_ordinal"":10,""iou"":0.82862369,""label"":""clean_two_page_spread_2"",""layout_type"":""two_page_spread"",""predicted_bbox"":[23,0,1238,990],""status"":""ok""}"
run-20260902-195700,b60273c4940d,b60273c4940d81728ed8d8d9f8c46d64445f0f410a6a72a62d5bad861851542e,1,b60273c4940d,2ba53e71b4558117b2bb4c3f2741159cf8810b13a40a602292dda59e021df57d,1,6b04d9ffc091acf6158ddd3bf75f6d02848306eebee99bbd3e01af2a2bebceb2,6,,8,6,1,1,[],{},9,1.271119078999618,0.9,1,ordinary_two_page_spread,two_page_spread,ok,0.8337435,41,56,81,19,49.25,81,42.704,"[125, 56, 1289, 967]","[166, 0, 1208, 986]","{""bbox_padding_fraction"":0.004,""gradient_percentile"":82.0,""inner_radius_fraction"":0.1,""minimum_support_fraction"":0.2,""outer_radius_fraction"":0.45,""polarity"":""bright_inside"",""ray_count"":72}",,,"{""legacy_parameter_set_id"":""b60273c4940d"",""parameter_grid_ordinal"":6,""parameter_grid_sha256"":""6b04d9ffc091acf6158ddd3bf75f6d02848306eebee99bbd3e01af2a2bebceb2"",""parameter_identity_schema_version"":""1"",""parameter_identity_sha256"":""2ba53e71b4558117b2bb4c3f2741159cf8810b13a40a602292dda59e021df57d"",""parameter_schema_version"":""1"",""parameter_set_equivalence_family_id"":""b60273c4940d"",""parameter_set_equivalence_family_sha256"":""b60273c4940d81728ed8d8d9f8c46d64445f0f410a6a72a62d5bad861851542e"",""parameter_set_equivalence_family_size"":1,""parameter_set_id"":""b60273c4940d"",""parameters"":{""bbox_padding_fraction"":0.004,""gradient_percentile"":82.0,""inner_radius_fraction"":0.1,""minimum_support_fraction"":0.2,""outer_radius_fraction"":0.45,""polarity"":""bright_inside"",""ray_count"":72},""profile"":null,""rank"":8,""reference_roles"":[],""requested_search_member"":true,""run_id"":""run-20260902-195700"",""search_observation"":{""completion_index"":9,""elapsed_seconds"":1.271119078999618,""parameter_set_number"":9,""search_fraction"":0.9},""search_rank"":6,""search_space_member"":true,""summary"":{""elapsed_ms_total"":221.805,""failure_count"":0,""mean_edge_error_px"":51.3,""mean_iou"":0.82452828,""mean_iou_success"":0.82452828,""minimum_iou"":0.74423775,""page_count"":5,""stddev_iou"":0.06820809,""success_count"":5,""wall_ms"":222.442}}","{""approved_bbox"":[125,56,1289,967],""candidate"":{""authors"":null,""bbox"":[166,0,1208,986],""confidence"":1.0,""corners"":[[354.1807556152344,1012.4225463867188],[170.97799682617188,150.15829467773438],[1020.49853515625,-30.336875915527344],[1203.7012939453125,831.9274291992188]],""detector_name"":"""",""diagnostics"":{""evidence"":""signed_polar_gradient_boundary_votes"",""parameters"":{""bbox_padding_fraction"":0.004,""gradient_percentile"":82.0,""inner_radius_fraction"":0.1,""minimum_support_fraction"":0.2,""outer_radius_fraction"":0.45,""polarity"":""bright_inside"",""ray_count"":72},""ray_support_fraction"":1.0,""supported_rays"":72},""foundation"":null,""method"":""signed_polar_boundary_vote"",""origin"":"""",""repository"":"""",""score"":1.0,""status"":""ok"",""version"":""""},""edge_error_maximum_px"":81,""edge_error_mean_px"":49.25,""edge_errors"":{""bottom"":19,""left"":41,""maximum"":81,""mean"":49.25,""right"":81,""top"":56},""elapsed_ms"":42.704,""global_ordinal"":1,""iou"":0.8337435,""label"":""ordinary_two_page_spread"",""layout_type"":""two_page_spread"",""predicted_bbox"":[166,0,1208,986],""status"":""ok""}"
run-20260902-195700,b60273c4940d,b60273c4940d81728ed8d8d9f8c46d64445f0f410a6a72a62d5bad861851542e,1,b60273c4940d,2ba53e71b4558117b2bb4c3f2741159cf8810b13a40a602292dda59e021df57d,1,6b04d9ffc091acf6158ddd3bf75f6d02848306eebee99bbd3e01af2a2bebceb2,6,,8,6,1,1,[],{},9,1.271119078999618,0.9,5,damaged_partial_register_spread,two_page_spread,ok,0.74423775,131,23,115,32,75.25,131,40.006,"[67, 8, 1233, 977]","[198, 31, 1118, 945]","{""bbox_padding_fraction"":0.004,""gradient_percentile"":82.0,""inner_radius_fraction"":0.1,""minimum_support_fraction"":0.2,""outer_radius_fraction"":0.45,""polarity"":""bright_inside"",""ray_count"":72}",,,"{""legacy_parameter_set_id"":""b60273c4940d"",""parameter_grid_ordinal"":6,""parameter_grid_sha256"":""6b04d9ffc091acf6158ddd3bf75f6d02848306eebee99bbd3e01af2a2bebceb2"",""parameter_identity_schema_version"":""1"",""parameter_identity_sha256"":""2ba53e71b4558117b2bb4c3f2741159cf8810b13a40a602292dda59e021df57d"",""parameter_schema_version"":""1"",""parameter_set_equivalence_family_id"":""b60273c4940d"",""parameter_set_equivalence_family_sha256"":""b60273c4940d81728ed8d8d9f8c46d64445f0f410a6a72a62d5bad861851542e"",""parameter_set_equivalence_family_size"":1,""parameter_set_id"":""b60273c4940d"",""parameters"":{""bbox_padding_fraction"":0.004,""gradient_percentile"":82.0,""inner_radius_fraction"":0.1,""minimum_support_fraction"":0.2,""outer_radius_fraction"":0.45,""polarity"":""bright_inside"",""ray_count"":72},""profile"":null,""rank"":8,""reference_roles"":[],""requested_search_member"":true,""run_id"":""run-20260902-195700"",""search_observation"":{""completion_index"":9,""elapsed_seconds"":1.271119078999618,""parameter_set_number"":9,""search_fraction"":0.9},""search_rank"":6,""search_space_member"":true,""summary"":{""elapsed_ms_total"":221.805,""failure_count"":0,""mean_edge_error_px"":51.3,""mean_iou"":0.82452828,""mean_iou_success"":0.82452828,""minimum_iou"":0.74423775,""page_count"":5,""stddev_iou"":0.06820809,""success_count"":5,""wall_ms"":222.442}}","{""approved_bbox"":[67,8,1233,977],""candidate"":{""authors"":null,""bbox"":[198,31,1118,945],""confidence"":1.0,""corners"":[[1083.800048828125,940.5903930664062],[202.90304565429688,911.1470336914062],[232.18374633789062,35.11737060546875],[1113.080810546875,64.56072998046875]],""detector_name"":"""",""diagnostics"":{""evidence"":""signed_polar_gradient_boundary_votes"",""parameters"":{""bbox_padding_fraction"":0.004,""gradient_percentile"":82.0,""inner_radius_fraction"":0.1,""minimum_support_fraction"":0.2,""outer_radius_fraction"":0.45,""polarity"":""bright_inside"",""ray_count"":72},""ray_support_fraction"":1.0,""supported_rays"":72},""foundation"":null,""method"":""signed_polar_boundary_vote"",""origin"":"""",""repository"":"""",""score"":1.0,""status"":""ok"",""version"":""""},""edge_error_maximum_px"":131,""edge_error_mean_px"":75.25,""edge_errors"":{""bottom"":32,""left"":131,""maximum"":131,""mean"":75.25,""right"":115,""top"":23},""elapsed_ms"":40.006,""global_ordinal"":5,""iou"":0.74423775,""label"":""damaged_partial_register_spread"",""layout_type"":""two_page_spread"",""predicted_bbox"":[198,31,1118,945],""status"":""ok""}"
run-20260902-195700,b60273c4940d,b60273c4940d81728ed8d8d9f8c46d64445f0f410a6a72a62d5bad861851542e,1,b60273c4940d,2ba53e71b4558117b2bb4c3f2741159cf8810b13a40a602292dda59e021df57d,1,6b04d9ffc091acf6158ddd3bf75f6d02848306eebee99bbd3e01af2a2bebceb2,6,,8,6,1,1,[],{},9,1.271119078999618,0.9,6,title_or_index_sheet,single_page,ok,0.93274826,15,28,14,13,17.5,28,48.129,"[15, 28, 1074, 970]","[0, 0, 1088, 983]","{""bbox_padding_fraction"":0.004,""gradient_percentile"":82.0,""inner_radius_fraction"":0.1,""minimum_support_fraction"":0.2,""outer_radius_fraction"":0.45,""polarity"":""bright_inside"",""ray_count"":72}",,,"{""legacy_parameter_set_id"":""b60273c4940d"",""parameter_grid_ordinal"":6,""parameter_grid_sha256"":""6b04d9ffc091acf6158ddd3bf75f6d02848306eebee99bbd3e01af2a2bebceb2"",""parameter_identity_schema_version"":""1"",""parameter_identity_sha256"":""2ba53e71b4558117b2bb4c3f2741159cf8810b13a40a602292dda59e021df57d"",""parameter_schema_version"":""1"",""parameter_set_equivalence_family_id"":""b60273c4940d"",""parameter_set_equivalence_family_sha256"":""b60273c4940d81728ed8d8d9f8c46d64445f0f410a6a72a62d5bad861851542e"",""parameter_set_equivalence_family_size"":1,""parameter_set_id"":""b60273c4940d"",""parameters"":{""bbox_padding_fraction"":0.004,""gradient_percentile"":82.0,""inner_radius_fraction"":0.1,""minimum_support_fraction"":0.2,""outer_radius_fraction"":0.45,""polarity"":""bright_inside"",""ray_count"":72},""profile"":null,""rank"":8,""reference_roles"":[],""requested_search_member"":true,""run_id"":""run-20260902-195700"",""search_observation"":{""completion_index"":9,""elapsed_seconds"":1.271119078999618,""parameter_set_number"":9,""search_fraction"":0.9},""search_rank"":6,""search_space_member"":true,""summary"":{""elapsed_ms_total"":221.805,""failure_count"":0,""mean_edge_error_px"":51.3,""mean_iou"":0.82452828,""mean_iou_success"":0.82452828,""minimum_iou"":0.74423775,""page_count"":5,""stddev_iou"":0.06820809,""success_count"":5,""wall_ms"":222.442}}","{""approved_bbox"":[15,28,1074,970],""candidate"":{""authors"":null,""bbox"":[0,0,1088,983],""confidence"":1.0,""corners"":[[359.0042724609375,1056.8204345703125],[-46.721832275390625,308.876220703125],[713.0289306640625,-103.25440979003906],[1118.7550048828125,644.6897583007812]],""detector_name"":"""",""diagnostics"":{""evidence"":""signed_polar_gradient_boundary_votes"",""parameters"":{""bbox_padding_fraction"":0.004,""gradient_percentile"":82.0,""inner_radius_fraction"":0.1,""minimum_support_fraction"":0.2,""outer_radius_fraction"":0.45,""polarity"":""bright_inside"",""ray_count"":72},""ray_support_fraction"":1.0,""supported_rays"":72},""foundation"":null,""method"":""signed_polar_boundary_vote"",""origin"":"""",""repository"":"""",""score"":1.0,""status"":""ok"",""version"":""""},""edge_error_maximum_px"":28,""edge_error_mean_px"":17.5,""edge_errors"":{""bottom"":13,""left"":15,""maximum"":28,""mean"":17.5,""right"":14,""top"":28},""elapsed_ms"":48.129,""global_ordinal"":6,""iou"":0.93274826,""label"":""title_or_index_sheet"",""layout_type"":""single_page"",""predicted_bbox"":[0,0,1088,983],""status"":""ok""}"
run-20260902-195700,b60273c4940d,b60273c4940d81728ed8d8d9f8c46d64445f0f410a6a72a62d5bad861851542e,1,b60273c4940d,2ba53e71b4558117b2bb4c3f2741159cf8810b13a40a602292dda59e021df57d,1,6b04d9ffc091acf6158ddd3bf75f6d02848306eebee99bbd3e01af2a2bebceb2,6,,8,6,1,1,[],{},9,1.271119078999618,0.9,9,clean_two_page_spread,two_page_spread,ok,0.75943281,50,51,143,44,72.0,143,48.738,"[84, 51, 1101, 941]","[34, 0, 1244, 985]","{""bbox_padding_fraction"":0.004,""gradient_percentile"":82.0,""inner_radius_fraction"":0.1,""minimum_support_fraction"":0.2,""outer_radius_fraction"":0.45,""polarity"":""bright_inside"",""ray_count"":72}",,,"{""legacy_parameter_set_id"":""b60273c4940d"",""parameter_grid_ordinal"":6,""parameter_grid_sha256"":""6b04d9ffc091acf6158ddd3bf75f6d02848306eebee99bbd3e01af2a2bebceb2"",""parameter_identity_schema_version"":""1"",""parameter_identity_sha256"":""2ba53e71b4558117b2bb4c3f2741159cf8810b13a40a602292dda59e021df57d"",""parameter_schema_version"":""1"",""parameter_set_equivalence_family_id"":""b60273c4940d"",""parameter_set_equivalence_family_sha256"":""b60273c4940d81728ed8d8d9f8c46d64445f0f410a6a72a62d5bad861851542e"",""parameter_set_equivalence_family_size"":1,""parameter_set_id"":""b60273c4940d"",""parameters"":{""bbox_padding_fraction"":0.004,""gradient_percentile"":82.0,""inner_radius_fraction"":0.1,""minimum_support_fraction"":0.2,""outer_radius_fraction"":0.45,""polarity"":""bright_inside"",""ray_count"":72},""profile"":null,""rank"":8,""reference_roles"":[],""requested_search_member"":true,""run_id"":""run-20260902-195700"",""search_observation"":{""completion_index"":9,""elapsed_seconds"":1.271119078999618,""parameter_set_number"":9,""search_fraction"":0.9},""search_rank"":6,""search_space_member"":true,""summary"":{""elapsed_ms_total"":221.805,""failure_count"":0,""mean_edge_error_px"":51.3,""mean_iou"":0.82452828,""mean_iou_success"":0.82452828,""minimum_iou"":0.74423775,""page_count"":5,""stddev_iou"":0.06820809,""success_count"":5,""wall_ms"":222.442}}","{""approved_bbox"":[84,51,1101,941],""candidate"":{""authors"":null,""bbox"":[34,0,1244,985],""confidence"":1.0,""corners"":[[511.0802917480469,1090.80419921875],[38.17742919921875,367.76824951171875],[766.48876953125,-108.58500671386719],[1239.3916015625,614.450927734375]],""detector_name"":"""",""diagnostics"":{""evidence"":""signed_polar_gradient_boundary_votes"",""parameters"":{""bbox_padding_fraction"":0.004,""gradient_percentile"":82.0,""inner_radius_fraction"":0.1,""minimum_support_fraction"":0.2,""outer_radius_fraction"":0.45,""polarity"":""bright_inside"",""ray_count"":72},""ray_support_fraction"":1.0,""supported_rays"":72},""foundation"":null,""method"":""signed_polar_boundary_vote"",""origin"":"""",""repository"":"""",""score"":1.0,""status"":""ok"",""version"":""""},""edge_error_maximum_px"":143,""edge_error_mean_px"":72.0,""edge_errors"":{""bottom"":44,""left"":50,""maximum"":143,""mean"":72.0,""right"":143,""top"":51},""elapsed_ms"":48.738,""global_ordinal"":9,""iou"":0.75943281,""label"":""clean_two_page_spread"",""layout_type"":""two_page_spread"",""predicted_bbox"":[34,0,1244,985],""status"":""ok""}"
run-20260902-195700,b60273c4940d,b60273c4940d81728ed8d8d9f8c46d64445f0f410a6a72a62d5bad861851542e,1,b60273c4940d,2ba53e71b4558117b2bb4c3f2741159cf8810b13a40a602292dda59e021df57d,1,6b04d9ffc091acf6158ddd3bf75f6d02848306eebee99bbd3e01af2a2bebceb2,6,,8,6,1,1,[],{},9,1.271119078999618,0.9,10,clean_two_page_spread_2,two_page_spread,ok,0.85247907,44,33,71,22,42.5,71,42.228,"[88, 33, 1154, 968]","[44, 0, 1225, 990]","{""bbox_padding_fraction"":0.004,""gradient_percentile"":82.0,""inner_radius_fraction"":0.1,""minimum_support_fraction"":0.2,""outer_radius_fraction"":0.45,""polarity"":""bright_inside"",""ray_count"":72}",,,"{""legacy_parameter_set_id"":""b60273c4940d"",""parameter_grid_ordinal"":6,""parameter_grid_sha256"":""6b04d9ffc091acf6158ddd3bf75f6d02848306eebee99bbd3e01af2a2bebceb2"",""parameter_identity_schema_version"":""1"",""parameter_identity_sha256"":""2ba53e71b4558117b2bb4c3f2741159cf8810b13a40a602292dda59e021df57d"",""parameter_schema_version"":""1"",""parameter_set_equivalence_family_id"":""b60273c4940d"",""parameter_set_equivalence_family_sha256"":""b60273c4940d81728ed8d8d9f8c46d64445f0f410a6a72a62d5bad861851542e"",""parameter_set_equivalence_family_size"":1,""parameter_set_id"":""b60273c4940d"",""parameters"":{""bbox_padding_fraction"":0.004,""gradient_percentile"":82.0,""inner_radius_fraction"":0.1,""minimum_support_fraction"":0.2,""outer_radius_fraction"":0.45,""polarity"":""bright_inside"",""ray_count"":72},""profile"":null,""rank"":8,""reference_roles"":[],""requested_search_member"":true,""run_id"":""run-20260902-195700"",""search_observation"":{""completion_index"":9,""elapsed_seconds"":1.271119078999618,""parameter_set_number"":9,""search_fraction"":0.9},""search_rank"":6,""search_space_member"":true,""summary"":{""elapsed_ms_total"":221.805,""failure_count"":0,""mean_edge_error_px"":51.3,""mean_iou"":0.82452828,""mean_iou_success"":0.82452828,""minimum_iou"":0.74423775,""page_count"":5,""stddev_iou"":0.06820809,""success_count"":5,""wall_ms"":222.442}}","{""approved_bbox"":[88,33,1154,968],""candidate"":{""authors"":null,""bbox"":[44,0,1225,990],""confidence"":1.0,""corners"":[[433.7657165527344,1079.9169921875],[48.101776123046875,292.76287841796875],[835.255859375,-92.90110778808594],[1220.9197998046875,694.2529907226562]],""detector_name"":"""",""diagnostics"":{""evidence"":""signed_polar_gradient_boundary_votes"",""parameters"":{""bbox_padding_fraction"":0.004,""gradient_percentile"":82.0,""inner_radius_fraction"":0.1,""minimum_support_fraction"":0.2,""outer_radius_fraction"":0.45,""polarity"":""bright_inside"",""ray_count"":72},""ray_support_fraction"":1.0,""supported_rays"":72},""foundation"":null,""method"":""signed_polar_boundary_vote"",""origin"":"""",""repository"":"""",""score"":1.0,""status"":""ok"",""version"":""""},""edge_error_maximum_px"":71,""edge_error_mean_px"":42.5,""edge_errors"":{""bottom"":22,""left"":44,""maximum"":71,""mean"":42.5,""right"":71,""top"":33},""elapsed_ms"":42.228,""global_ordinal"":10,""iou"":0.85247907,""label"":""clean_two_page_spread_2"",""layout_type"":""two_page_spread"",""predicted_bbox"":[44,0,1225,990],""status"":""ok""}"
run-20260902-195700,58e998ea54d8,58e998ea54d8a5681e2cd21f9e684fda8f9f751ebe551acea7c4610152beb32d,1,58e998ea54d8,39dbeb266ad322f2197e986e1aa7b3ddd6fec79b8815f4f0b9a5be07c7369de9,1,6b04d9ffc091acf6158ddd3bf75f6d02848306eebee99bbd3e01af2a2bebceb2,3,,9,7,1,1,[],{},6,0.9007275209996806,0.6,1,ordinary_two_page_spread,two_page_spread,ok,0.83076185,43,56,83,19,50.25,83,47.748,"[125, 56, 1289, 967]","[168, 0, 1206, 986]","{""bbox_padding_fraction"":0.002,""gradient_percentile"":82.0,""inner_radius_fraction"":0.1,""minimum_support_fraction"":0.2,""outer_radius_fraction"":0.45,""polarity"":""bright_inside"",""ray_count"":72}",,,"{""legacy_parameter_set_id"":""58e998ea54d8"",""parameter_grid_ordinal"":3,""parameter_grid_sha256"":""6b04d9ffc091acf6158ddd3bf75f6d02848306eebee99bbd3e01af2a2bebceb2"",""parameter_identity_schema_version"":""1"",""parameter_identity_sha256"":""39dbeb266ad322f2197e986e1aa7b3ddd6fec79b8815f4f0b9a5be07c7369de9"",""parameter_schema_version"":""1"",""parameter_set_equivalence_family_id"":""58e998ea54d8"",""parameter_set_equivalence_family_sha256"":""58e998ea54d8a5681e2cd21f9e684fda8f9f751ebe551acea7c4610152beb32d"",""parameter_set_equivalence_family_size"":1,""parameter_set_id"":""58e998ea54d8"",""parameters"":{""bbox_padding_fraction"":0.002,""gradient_percentile"":82.0,""inner_radius_fraction"":0.1,""minimum_support_fraction"":0.2,""outer_radius_fraction"":0.45,""polarity"":""bright_inside"",""ray_count"":72},""profile"":null,""rank"":9,""reference_roles"":[],""requested_search_member"":true,""run_id"":""run-20260902-195700"",""search_observation"":{""completion_index"":6,""elapsed_seconds"":0.9007275209996806,""parameter_set_number"":6,""search_fraction"":0.6},""search_rank"":7,""search_space_member"":true,""summary"":{""elapsed_ms_total"":231.88,""failure_count"":0,""mean_edge_error_px"":51.5,""mean_iou"":0.8237194,""mean_iou_success"":0.8237194,""minimum_iou"":0.73775904,""page_count"":5,""stddev_iou"":0.06948882,""success_count"":5,""wall_ms"":232.462}}","{""approved_bbox"":[125,56,1289,967],""candidate"":{""authors"":null,""bbox"":[168,0,1206,986],""confidence"":1.0,""corners"":[[354.1807556152344,1012.4225463867188],[170.97799682617188,150.15829467773438],[1020.49853515625,-30.336875915527344],[1203.7012939453125,831.9274291992188]],""detector_name"":"""",""diagnostics"":{""evidence"":""signed_polar_gradient_boundary_votes"",""parameters"":{""bbox_padding_fraction"":0.002,""gradient_percentile"":82.0,""inner_radius_fraction"":0.1,""minimum_support_fraction"":0.2,""outer_radius_fraction"":0.45,""polarity"":""bright_inside"",""ray_count"":72},""ray_support_fraction"":1.0,""supported_rays"":72},""foundation"":null,""method"":""signed_polar_boundary_vote"",""origin"":"""",""repository"":"""",""score"":1.0,""status"":""ok"",""version"":""""},""edge_error_maximum_px"":83,""edge_error_mean_px"":50.25,""edge_errors"":{""bottom"":19,""left"":43,""maximum"":83,""mean"":50.25,""right"":83,""top"":56},""elapsed_ms"":47.748,""global_ordinal"":1,""iou"":0.83076185,""label"":""ordinary_two_page_spread"",""layout_type"":""two_page_spread"",""predicted_bbox"":[168,0,1206,986],""status"":""ok""}"
run-20260902-195700,58e998ea54d8,58e998ea54d8a5681e2cd21f9e684fda8f9f751ebe551acea7c4610152beb32d,1,58e998ea54d8,39dbeb266ad322f2197e986e1aa7b3ddd6fec79b8815f4f0b9a5be07c7369de9,1,6b04d9ffc091acf6158ddd3bf75f6d02848306eebee99bbd3e01af2a2bebceb2,3,,9,7,1,1,[],{},6,0.9007275209996806,0.6,5,damaged_partial_register_spread,two_page_spread,ok,0.73775904,133,25,117,34,77.25,133,43.845,"[67, 8, 1233, 977]","[200, 33, 1116, 943]","{""bbox_padding_fraction"":0.002,""gradient_percentile"":82.0,""inner_radius_fraction"":0.1,""minimum_support_fraction"":0.2,""outer_radius_fraction"":0.45,""polarity"":""bright_inside"",""ray_count"":72}",,,"{""legacy_parameter_set_id"":""58e998ea54d8"",""parameter_grid_ordinal"":3,""parameter_grid_sha256"":""6b04d9ffc091acf6158ddd3bf75f6d02848306eebee99bbd3e01af2a2bebceb2"",""parameter_identity_schema_version"":""1"",""parameter_identity_sha256"":""39dbeb266ad322f2197e986e1aa7b3ddd6fec79b8815f4f0b9a5be07c7369de9"",""parameter_schema_version"":""1"",""parameter_set_equivalence_family_id"":""58e998ea54d8"",""parameter_set_equivalence_family_sha256"":""58e998ea54d8a5681e2cd21f9e684fda8f9f751ebe551acea7c4610152beb32d"",""parameter_set_equivalence_family_size"":1,""parameter_set_id"":""58e998ea54d8"",""parameters"":{""bbox_padding_fraction"":0.002,""gradient_percentile"":82.0,""inner_radius_fraction"":0.1,""minimum_support_fraction"":0.2,""outer_radius_fraction"":0.45,""polarity"":""bright_inside"",""ray_count"":72},""profile"":null,""rank"":9,""reference_roles"":[],""requested_search_member"":true,""run_id"":""run-20260902-195700"",""search_observation"":{""completion_index"":6,""elapsed_seconds"":0.9007275209996806,""parameter_set_number"":6,""search_fraction"":0.6},""search_rank"":7,""search_space_member"":true,""summary"":{""elapsed_ms_total"":231.88,""failure_count"":0,""mean_edge_error_px"":51.5,""mean_iou"":0.8237194,""mean_iou_success"":0.8237194,""minimum_iou"":0.73775904,""page_count"":5,""stddev_iou"":0.06948882,""success_count"":5,""wall_ms"":232.462}}","{""approved_bbox"":[67,8,1233,977],""candidate"":{""authors"":null,""bbox"":[200,33,1116,943],""confidence"":1.0,""corners"":[[1083.800048828125,940.5903930664062],[202.90304565429688,911.1470336914062],[232.18374633789062,35.11737060546875],[1113.080810546875,64.56072998046875]],""detector_name"":"""",""diagnostics"":{""evidence"":""signed_polar_gradient_boundary_votes"",""parameters"":{""bbox_padding_fraction"":0.002,""gradient_percentile"":82.0,""inner_radius_fraction"":0.1,""minimum_support_fraction"":0.2,""outer_radius_fraction"":0.45,""polarity"":""bright_inside"",""ray_count"":72},""ray_support_fraction"":1.0,""supported_rays"":72},""foundation"":null,""method"":""signed_polar_boundary_vote"",""origin"":"""",""repository"":"""",""score"":1.0,""status"":""ok"",""version"":""""},""edge_error_maximum_px"":133,""edge_error_mean_px"":77.25,""edge_errors"":{""bottom"":34,""left"":133,""maximum"":133,""mean"":77.25,""right"":117,""top"":25},""elapsed_ms"":43.845,""global_ordinal"":5,""iou"":0.73775904,""label"":""damaged_partial_register_spread"",""layout_type"":""two_page_spread"",""predicted_bbox"":[200,33,1116,943],""status"":""ok""}"
run-20260902-195700,58e998ea54d8,58e998ea54d8a5681e2cd21f9e684fda8f9f751ebe551acea7c4610152beb32d,1,58e998ea54d8,39dbeb266ad322f2197e986e1aa7b3ddd6fec79b8815f4f0b9a5be07c7369de9,1,6b04d9ffc091acf6158ddd3bf75f6d02848306eebee99bbd3e01af2a2bebceb2,3,,9,7,1,1,[],{},6,0.9007275209996806,0.6,6,title_or_index_sheet,single_page,ok,0.93274826,15,28,14,13,17.5,28,39.905,"[15, 28, 1074, 970]","[0, 0, 1088, 983]","{""bbox_padding_fraction"":0.002,""gradient_percentile"":82.0,""inner_radius_fraction"":0.1,""minimum_support_fraction"":0.2,""outer_radius_fraction"":0.45,""polarity"":""bright_inside"",""ray_count"":72}",,,"{""legacy_parameter_set_id"":""58e998ea54d8"",""parameter_grid_ordinal"":3,""parameter_grid_sha256"":""6b04d9ffc091acf6158ddd3bf75f6d02848306eebee99bbd3e01af2a2bebceb2"",""parameter_identity_schema_version"":""1"",""parameter_identity_sha256"":""39dbeb266ad322f2197e986e1aa7b3ddd6fec79b8815f4f0b9a5be07c7369de9"",""parameter_schema_version"":""1"",""parameter_set_equivalence_family_id"":""58e998ea54d8"",""parameter_set_equivalence_family_sha256"":""58e998ea54d8a5681e2cd21f9e684fda8f9f751ebe551acea7c4610152beb32d"",""parameter_set_equivalence_family_size"":1,""parameter_set_id"":""58e998ea54d8"",""parameters"":{""bbox_padding_fraction"":0.002,""gradient_percentile"":82.0,""inner_radius_fraction"":0.1,""minimum_support_fraction"":0.2,""outer_radius_fraction"":0.45,""polarity"":""bright_inside"",""ray_count"":72},""profile"":null,""rank"":9,""reference_roles"":[],""requested_search_member"":true,""run_id"":""run-20260902-195700"",""search_observation"":{""completion_index"":6,""elapsed_seconds"":0.9007275209996806,""parameter_set_number"":6,""search_fraction"":0.6},""search_rank"":7,""search_space_member"":true,""summary"":{""elapsed_ms_total"":231.88,""failure_count"":0,""mean_edge_error_px"":51.5,""mean_iou"":0.8237194,""mean_iou_success"":0.8237194,""minimum_iou"":0.73775904,""page_count"":5,""stddev_iou"":0.06948882,""success_count"":5,""wall_ms"":232.462}}","{""approved_bbox"":[15,28,1074,970],""candidate"":{""authors"":null,""bbox"":[0,0,1088,983],""confidence"":1.0,""corners"":[[359.0042724609375,1056.8204345703125],[-46.721832275390625,308.876220703125],[713.0289306640625,-103.25440979003906],[1118.7550048828125,644.6897583007812]],""detector_name"":"""",""diagnostics"":{""evidence"":""signed_polar_gradient_boundary_votes"",""parameters"":{""bbox_padding_fraction"":0.002,""gradient_percentile"":82.0,""inner_radius_fraction"":0.1,""minimum_support_fraction"":0.2,""outer_radius_fraction"":0.45,""polarity"":""bright_inside"",""ray_count"":72},""ray_support_fraction"":1.0,""supported_rays"":72},""foundation"":null,""method"":""signed_polar_boundary_vote"",""origin"":"""",""repository"":"""",""score"":1.0,""status"":""ok"",""version"":""""},""edge_error_maximum_px"":28,""edge_error_mean_px"":17.5,""edge_errors"":{""bottom"":13,""left"":15,""maximum"":28,""mean"":17.5,""right"":14,""top"":28},""elapsed_ms"":39.905,""global_ordinal"":6,""iou"":0.93274826,""label"":""title_or_index_sheet"",""layout_type"":""single_page"",""predicted_bbox"":[0,0,1088,983],""status"":""ok""}"
run-20260902-195700,58e998ea54d8,58e998ea54d8a5681e2cd21f9e684fda8f9f751ebe551acea7c4610152beb32d,1,58e998ea54d8,39dbeb266ad322f2197e986e1aa7b3ddd6fec79b8815f4f0b9a5be07c7369de9,1,6b04d9ffc091acf6158ddd3bf75f6d02848306eebee99bbd3e01af2a2bebceb2,3,,9,7,1,1,[],{},6,0.9007275209996806,0.6,9,clean_two_page_spread,two_page_spread,ok,0.76195166,48,51,141,44,71.0,141,50.817,"[84, 51, 1101, 941]","[36, 0, 1242, 985]","{""bbox_padding_fraction"":0.002,""gradient_percentile"":82.0,""inner_radius_fraction"":0.1,""minimum_support_fraction"":0.2,""outer_radius_fraction"":0.45,""polarity"":""bright_inside"",""ray_count"":72}",,,"{""legacy_parameter_set_id"":""58e998ea54d8"",""parameter_grid_ordinal"":3,""parameter_grid_sha256"":""6b04d9ffc091acf6158ddd3bf75f6d02848306eebee99bbd3e01af2a2bebceb2"",""parameter_identity_schema_version"":""1"",""parameter_identity_sha256"":""39dbeb266ad322f2197e986e1aa7b3ddd6fec79b8815f4f0b9a5be07c7369de9"",""parameter_schema_version"":""1"",""parameter_set_equivalence_family_id"":""58e998ea54d8"",""parameter_set_equivalence_family_sha256"":""58e998ea54d8a5681e2cd21f9e684fda8f9f751ebe551acea7c4610152beb32d"",""parameter_set_equivalence_family_size"":1,""parameter_set_id"":""58e998ea54d8"",""parameters"":{""bbox_padding_fraction"":0.002,""gradient_percentile"":82.0,""inner_radius_fraction"":0.1,""minimum_support_fraction"":0.2,""outer_radius_fraction"":0.45,""polarity"":""bright_inside"",""ray_count"":72},""profile"":null,""rank"":9,""reference_roles"":[],""requested_search_member"":true,""run_id"":""run-20260902-195700"",""search_observation"":{""completion_index"":6,""elapsed_seconds"":0.9007275209996806,""parameter_set_number"":6,""search_fraction"":0.6},""search_rank"":7,""search_space_member"":true,""summary"":{""elapsed_ms_total"":231.88,""failure_count"":0,""mean_edge_error_px"":51.5,""mean_iou"":0.8237194,""mean_iou_success"":0.8237194,""minimum_iou"":0.73775904,""page_count"":5,""stddev_iou"":0.06948882,""success_count"":5,""wall_ms"":232.462}}","{""approved_bbox"":[84,51,1101,941],""candidate"":{""authors"":null,""bbox"":[36,0,1242,985],""confidence"":1.0,""corners"":[[511.0802917480469,1090.80419921875],[38.17742919921875,367.76824951171875],[766.48876953125,-108.58500671386719],[1239.3916015625,614.450927734375]],""detector_name"":"""",""diagnostics"":{""evidence"":""signed_polar_gradient_boundary_votes"",""parameters"":{""bbox_padding_fraction"":0.002,""gradient_percentile"":82.0,""inner_radius_fraction"":0.1,""minimum_support_fraction"":0.2,""outer_radius_fraction"":0.45,""polarity"":""bright_inside"",""ray_count"":72},""ray_support_fraction"":1.0,""supported_rays"":72},""foundation"":null,""method"":""signed_polar_boundary_vote"",""origin"":"""",""repository"":"""",""score"":1.0,""status"":""ok"",""version"":""""},""edge_error_maximum_px"":141,""edge_error_mean_px"":71.0,""edge_errors"":{""bottom"":44,""left"":48,""maximum"":141,""mean"":71.0,""right"":141,""top"":51},""elapsed_ms"":50.817,""global_ordinal"":9,""iou"":0.76195166,""label"":""clean_two_page_spread"",""layout_type"":""two_page_spread"",""predicted_bbox"":[36,0,1242,985],""status"":""ok""}"
run-20260902-195700,58e998ea54d8,58e998ea54d8a5681e2cd21f9e684fda8f9f751ebe551acea7c4610152beb32d,1,58e998ea54d8,39dbeb266ad322f2197e986e1aa7b3ddd6fec79b8815f4f0b9a5be07c7369de9,1,6b04d9ffc091acf6158ddd3bf75f6d02848306eebee99bbd3e01af2a2bebceb2,3,,9,7,1,1,[],{},6,0.9007275209996806,0.6,10,clean_two_page_spread_2,two_page_spread,ok,0.85537619,42,33,69,22,41.5,69,49.565,"[88, 33, 1154, 968]","[46, 0, 1223, 990]","{""bbox_padding_fraction"":0.002,""gradient_percentile"":82.0,""inner_radius_fraction"":0.1,""minimum_support_fraction"":0.2,""outer_radius_fraction"":0.45,""polarity"":""bright_inside"",""ray_count"":72}",,,"{""legacy_parameter_set_id"":""58e998ea54d8"",""parameter_grid_ordinal"":3,""parameter_grid_sha256"":""6b04d9ffc091acf6158ddd3bf75f6d02848306eebee99bbd3e01af2a2bebceb2"",""parameter_identity_schema_version"":""1"",""parameter_identity_sha256"":""39dbeb266ad322f2197e986e1aa7b3ddd6fec79b8815f4f0b9a5be07c7369de9"",""parameter_schema_version"":""1"",""parameter_set_equivalence_family_id"":""58e998ea54d8"",""parameter_set_equivalence_family_sha256"":""58e998ea54d8a5681e2cd21f9e684fda8f9f751ebe551acea7c4610152beb32d"",""parameter_set_equivalence_family_size"":1,""parameter_set_id"":""58e998ea54d8"",""parameters"":{""bbox_padding_fraction"":0.002,""gradient_percentile"":82.0,""inner_radius_fraction"":0.1,""minimum_support_fraction"":0.2,""outer_radius_fraction"":0.45,""polarity"":""bright_inside"",""ray_count"":72},""profile"":null,""rank"":9,""reference_roles"":[],""requested_search_member"":true,""run_id"":""run-20260902-195700"",""search_observation"":{""completion_index"":6,""elapsed_seconds"":0.9007275209996806,""parameter_set_number"":6,""search_fraction"":0.6},""search_rank"":7,""search_space_member"":true,""summary"":{""elapsed_ms_total"":231.88,""failure_count"":0,""mean_edge_error_px"":51.5,""mean_iou"":0.8237194,""mean_iou_success"":0.8237194,""minimum_iou"":0.73775904,""page_count"":5,""stddev_iou"":0.06948882,""success_count"":5,""wall_ms"":232.462}}","{""approved_bbox"":[88,33,1154,968],""candidate"":{""authors"":null,""bbox"":[46,0,1223,990],""confidence"":1.0,""corners"":[[433.7657165527344,1079.9169921875],[48.101776123046875,292.76287841796875],[835.255859375,-92.90110778808594],[1220.9197998046875,694.2529907226562]],""detector_name"":"""",""diagnostics"":{""evidence"":""signed_polar_gradient_boundary_votes"",""parameters"":{""bbox_padding_fraction"":0.002,""gradient_percentile"":82.0,""inner_radius_fraction"":0.1,""minimum_support_fraction"":0.2,""outer_radius_fraction"":0.45,""polarity"":""bright_inside"",""ray_count"":72},""ray_support_fraction"":1.0,""supported_rays"":72},""foundation"":null,""method"":""signed_polar_boundary_vote"",""origin"":"""",""repository"":"""",""score"":1.0,""status"":""ok"",""version"":""""},""edge_error_maximum_px"":69,""edge_error_mean_px"":41.5,""edge_errors"":{""bottom"":22,""left"":42,""maximum"":69,""mean"":41.5,""right"":69,""top"":33},""elapsed_ms"":49.565,""global_ordinal"":10,""iou"":0.85537619,""label"":""clean_two_page_spread_2"",""layout_type"":""two_page_spread"",""predicted_bbox"":[46,0,1223,990],""status"":""ok""}"
run-20260902-195700,2ffdc31cf37a,2ffdc31cf37a41e9d2a87ea867c0e24a4f880651eec0276a9c565a3e2b448970,1,2ffdc31cf37a,2b37abc947a17c9afb231e8eab95c9cc32079f005dc55f7e5c7a26f70f7299e3,1,6b04d9ffc091acf6158ddd3bf75f6d02848306eebee99bbd3e01af2a2bebceb2,0,,10,8,1,1,[],{},3,0.6508113189997857,0.3,1,ordinary_two_page_spread,two_page_spread,ok,0.82777863,45,56,85,19,51.25,85,54.32,"[125, 56, 1289, 967]","[170, 0, 1204, 986]","{""bbox_padding_fraction"":0.0,""gradient_percentile"":82.0,""inner_radius_fraction"":0.1,""minimum_support_fraction"":0.2,""outer_radius_fraction"":0.45,""polarity"":""bright_inside"",""ray_count"":72}",,,"{""legacy_parameter_set_id"":""2ffdc31cf37a"",""parameter_grid_ordinal"":0,""parameter_grid_sha256"":""6b04d9ffc091acf6158ddd3bf75f6d02848306eebee99bbd3e01af2a2bebceb2"",""parameter_identity_schema_version"":""1"",""parameter_identity_sha256"":""2b37abc947a17c9afb231e8eab95c9cc32079f005dc55f7e5c7a26f70f7299e3"",""parameter_schema_version"":""1"",""parameter_set_equivalence_family_id"":""2ffdc31cf37a"",""parameter_set_equivalence_family_sha256"":""2ffdc31cf37a41e9d2a87ea867c0e24a4f880651eec0276a9c565a3e2b448970"",""parameter_set_equivalence_family_size"":1,""parameter_set_id"":""2ffdc31cf37a"",""parameters"":{""bbox_padding_fraction"":0.0,""gradient_percentile"":82.0,""inner_radius_fraction"":0.1,""minimum_support_fraction"":0.2,""outer_radius_fraction"":0.45,""polarity"":""bright_inside"",""ray_count"":72},""profile"":null,""rank"":10,""reference_roles"":[],""requested_search_member"":true,""run_id"":""run-20260902-195700"",""search_observation"":{""completion_index"":3,""elapsed_seconds"":0.6508113189997857,""parameter_set_number"":3,""search_fraction"":0.3},""search_rank"":8,""search_space_member"":true,""summary"":{""elapsed_ms_total"":224.812,""failure_count"":0,""mean_edge_error_px"":51.7,""mean_iou"":0.82292318,""mean_iou_success"":0.82292318,""minimum_iou"":0.73130865,""page_count"":5,""stddev_iou"":0.07091422,""success_count"":5,""wall_ms"":225.391}}","{""approved_bbox"":[125,56,1289,967],""candidate"":{""authors"":null,""bbox"":[170,0,1204,986],""confidence"":1.0,""corners"":[[354.1807556152344,1012.4225463867188],[170.97799682617188,150.15829467773438],[1020.49853515625,-30.336875915527344],[1203.7012939453125,831.9274291992188]],""detector_name"":"""",""diagnostics"":{""evidence"":""signed_polar_gradient_boundary_votes"",""parameters"":{""bbox_padding_fraction"":0.0,""gradient_percentile"":82.0,""inner_radius_fraction"":0.1,""minimum_support_fraction"":0.2,""outer_radius_fraction"":0.45,""polarity"":""bright_inside"",""ray_count"":72},""ray_support_fraction"":1.0,""supported_rays"":72},""foundation"":null,""method"":""signed_polar_boundary_vote"",""origin"":"""",""repository"":"""",""score"":1.0,""status"":""ok"",""version"":""""},""edge_error_maximum_px"":85,""edge_error_mean_px"":51.25,""edge_errors"":{""bottom"":19,""left"":45,""maximum"":85,""mean"":51.25,""right"":85,""top"":56},""elapsed_ms"":54.32,""global_ordinal"":1,""iou"":0.82777863,""label"":""ordinary_two_page_spread"",""layout_type"":""two_page_spread"",""predicted_bbox"":[170,0,1204,986],""status"":""ok""}"
run-20260902-195700,2ffdc31cf37a,2ffdc31cf37a41e9d2a87ea867c0e24a4f880651eec0276a9c565a3e2b448970,1,2ffdc31cf37a,2b37abc947a17c9afb231e8eab95c9cc32079f005dc55f7e5c7a26f70f7299e3,1,6b04d9ffc091acf6158ddd3bf75f6d02848306eebee99bbd3e01af2a2bebceb2,0,,10,8,1,1,[],{},3,0.6508113189997857,0.3,5,damaged_partial_register_spread,two_page_spread,ok,0.73130865,135,27,119,36,79.25,135,46.739,"[67, 8, 1233, 977]","[202, 35, 1114, 941]","{""bbox_padding_fraction"":0.0,""gradient_percentile"":82.0,""inner_radius_fraction"":0.1,""minimum_support_fraction"":0.2,""outer_radius_fraction"":0.45,""polarity"":""bright_inside"",""ray_count"":72}",,,"{""legacy_parameter_set_id"":""2ffdc31cf37a"",""parameter_grid_ordinal"":0,""parameter_grid_sha256"":""6b04d9ffc091acf6158ddd3bf75f6d02848306eebee99bbd3e01af2a2bebceb2"",""parameter_identity_schema_version"":""1"",""parameter_identity_sha256"":""2b37abc947a17c9afb231e8eab95c9cc32079f005dc55f7e5c7a26f70f7299e3"",""parameter_schema_version"":""1"",""parameter_set_equivalence_family_id"":""2ffdc31cf37a"",""parameter_set_equivalence_family_sha256"":""2ffdc31cf37a41e9d2a87ea867c0e24a4f880651eec0276a9c565a3e2b448970"",""parameter_set_equivalence_family_size"":1,""parameter_set_id"":""2ffdc31cf37a"",""parameters"":{""bbox_padding_fraction"":0.0,""gradient_percentile"":82.0,""inner_radius_fraction"":0.1,""minimum_support_fraction"":0.2,""outer_radius_fraction"":0.45,""polarity"":""bright_inside"",""ray_count"":72},""profile"":null,""rank"":10,""reference_roles"":[],""requested_search_member"":true,""run_id"":""run-20260902-195700"",""search_observation"":{""completion_index"":3,""elapsed_seconds"":0.6508113189997857,""parameter_set_number"":3,""search_fraction"":0.3},""search_rank"":8,""search_space_member"":true,""summary"":{""elapsed_ms_total"":224.812,""failure_count"":0,""mean_edge_error_px"":51.7,""mean_iou"":0.82292318,""mean_iou_success"":0.82292318,""minimum_iou"":0.73130865,""page_count"":5,""stddev_iou"":0.07091422,""success_count"":5,""wall_ms"":225.391}}","{""approved_bbox"":[67,8,1233,977],""candidate"":{""authors"":null,""bbox"":[202,35,1114,941],""confidence"":1.0,""corners"":[[1083.800048828125,940.5903930664062],[202.90304565429688,911.1470336914062],[232.18374633789062,35.11737060546875],[1113.080810546875,64.56072998046875]],""detector_name"":"""",""diagnostics"":{""evidence"":""signed_polar_gradient_boundary_votes"",""parameters"":{""bbox_padding_fraction"":0.0,""gradient_percentile"":82.0,""inner_radius_fraction"":0.1,""minimum_support_fraction"":0.2,""outer_radius_fraction"":0.45,""polarity"":""bright_inside"",""ray_count"":72},""ray_support_fraction"":1.0,""supported_rays"":72},""foundation"":null,""method"":""signed_polar_boundary_vote"",""origin"":"""",""repository"":"""",""score"":1.0,""status"":""ok"",""version"":""""},""edge_error_maximum_px"":135,""edge_error_mean_px"":79.25,""edge_errors"":{""bottom"":36,""left"":135,""maximum"":135,""mean"":79.25,""right"":119,""top"":27},""elapsed_ms"":46.739,""global_ordinal"":5,""iou"":0.73130865,""label"":""damaged_partial_register_spread"",""layout_type"":""two_page_spread"",""predicted_bbox"":[202,35,1114,941],""status"":""ok""}"
run-20260902-195700,2ffdc31cf37a,2ffdc31cf37a41e9d2a87ea867c0e24a4f880651eec0276a9c565a3e2b448970,1,2ffdc31cf37a,2b37abc947a17c9afb231e8eab95c9cc32079f005dc55f7e5c7a26f70f7299e3,1,6b04d9ffc091acf6158ddd3bf75f6d02848306eebee99bbd3e01af2a2bebceb2,0,,10,8,1,1,[],{},3,0.6508113189997857,0.3,6,title_or_index_sheet,single_page,ok,0.93274826,15,28,14,13,17.5,28,45.124,"[15, 28, 1074, 970]","[0, 0, 1088, 983]","{""bbox_padding_fraction"":0.0,""gradient_percentile"":82.0,""inner_radius_fraction"":0.1,""minimum_support_fraction"":0.2,""outer_radius_fraction"":0.45,""polarity"":""bright_inside"",""ray_count"":72}",,,"{""legacy_parameter_set_id"":""2ffdc31cf37a"",""parameter_grid_ordinal"":0,""parameter_grid_sha256"":""6b04d9ffc091acf6158ddd3bf75f6d02848306eebee99bbd3e01af2a2bebceb2"",""parameter_identity_schema_version"":""1"",""parameter_identity_sha256"":""2b37abc947a17c9afb231e8eab95c9cc32079f005dc55f7e5c7a26f70f7299e3"",""parameter_schema_version"":""1"",""parameter_set_equivalence_family_id"":""2ffdc31cf37a"",""parameter_set_equivalence_family_sha256"":""2ffdc31cf37a41e9d2a87ea867c0e24a4f880651eec0276a9c565a3e2b448970"",""parameter_set_equivalence_family_size"":1,""parameter_set_id"":""2ffdc31cf37a"",""parameters"":{""bbox_padding_fraction"":0.0,""gradient_percentile"":82.0,""inner_radius_fraction"":0.1,""minimum_support_fraction"":0.2,""outer_radius_fraction"":0.45,""polarity"":""bright_inside"",""ray_count"":72},""profile"":null,""rank"":10,""reference_roles"":[],""requested_search_member"":true,""run_id"":""run-20260902-195700"",""search_observation"":{""completion_index"":3,""elapsed_seconds"":0.6508113189997857,""parameter_set_number"":3,""search_fraction"":0.3},""search_rank"":8,""search_space_member"":true,""summary"":{""elapsed_ms_total"":224.812,""failure_count"":0,""mean_edge_error_px"":51.7,""mean_iou"":0.82292318,""mean_iou_success"":0.82292318,""minimum_iou"":0.73130865,""page_count"":5,""stddev_iou"":0.07091422,""success_count"":5,""wall_ms"":225.391}}","{""approved_bbox"":[15,28,1074,970],""candidate"":{""authors"":null,""bbox"":[0,0,1088,983],""confidence"":1.0,""corners"":[[359.0042724609375,1056.8204345703125],[-46.721832275390625,308.876220703125],[713.0289306640625,-103.25440979003906],[1118.7550048828125,644.6897583007812]],""detector_name"":"""",""diagnostics"":{""evidence"":""signed_polar_gradient_boundary_votes"",""parameters"":{""bbox_padding_fraction"":0.0,""gradient_percentile"":82.0,""inner_radius_fraction"":0.1,""minimum_support_fraction"":0.2,""outer_radius_fraction"":0.45,""polarity"":""bright_inside"",""ray_count"":72},""ray_support_fraction"":1.0,""supported_rays"":72},""foundation"":null,""method"":""signed_polar_boundary_vote"",""origin"":"""",""repository"":"""",""score"":1.0,""status"":""ok"",""version"":""""},""edge_error_maximum_px"":28,""edge_error_mean_px"":17.5,""edge_errors"":{""bottom"":13,""left"":15,""maximum"":28,""mean"":17.5,""right"":14,""top"":28},""elapsed_ms"":45.124,""global_ordinal"":6,""iou"":0.93274826,""label"":""title_or_index_sheet"",""layout_type"":""single_page"",""predicted_bbox"":[0,0,1088,983],""status"":""ok""}"
run-20260902-195700,2ffdc31cf37a,2ffdc31cf37a41e9d2a87ea867c0e24a4f880651eec0276a9c565a3e2b448970,1,2ffdc31cf37a,2b37abc947a17c9afb231e8eab95c9cc32079f005dc55f7e5c7a26f70f7299e3,1,6b04d9ffc091acf6158ddd3bf75f6d02848306eebee99bbd3e01af2a2bebceb2,0,,10,8,1,1,[],{},3,0.6508113189997857,0.3,9,clean_two_page_spread,two_page_spread,ok,0.76448728,46,51,139,44,70.0,139,37.731,"[84, 51, 1101, 941]","[38, 0, 1240, 985]","{""bbox_padding_fraction"":0.0,""gradient_percentile"":82.0,""inner_radius_fraction"":0.1,""minimum_support_fraction"":0.2,""outer_radius_fraction"":0.45,""polarity"":""bright_inside"",""ray_count"":72}",,,"{""legacy_parameter_set_id"":""2ffdc31cf37a"",""parameter_grid_ordinal"":0,""parameter_grid_sha256"":""6b04d9ffc091acf6158ddd3bf75f6d02848306eebee99bbd3e01af2a2bebceb2"",""parameter_identity_schema_version"":""1"",""parameter_identity_sha256"":""2b37abc947a17c9afb231e8eab95c9cc32079f005dc55f7e5c7a26f70f7299e3"",""parameter_schema_version"":""1"",""parameter_set_equivalence_family_id"":""2ffdc31cf37a"",""parameter_set_equivalence_family_sha256"":""2ffdc31cf37a41e9d2a87ea867c0e24a4f880651eec0276a9c565a3e2b448970"",""parameter_set_equivalence_family_size"":1,""parameter_set_id"":""2ffdc31cf37a"",""parameters"":{""bbox_padding_fraction"":0.0,""gradient_percentile"":82.0,""inner_radius_fraction"":0.1,""minimum_support_fraction"":0.2,""outer_radius_fraction"":0.45,""polarity"":""bright_inside"",""ray_count"":72},""profile"":null,""rank"":10,""reference_roles"":[],""requested_search_member"":true,""run_id"":""run-20260902-195700"",""search_observation"":{""completion_index"":3,""elapsed_seconds"":0.6508113189997857,""parameter_set_number"":3,""search_fraction"":0.3},""search_rank"":8,""search_space_member"":true,""summary"":{""elapsed_ms_total"":224.812,""failure_count"":0,""mean_edge_error_px"":51.7,""mean_iou"":0.82292318,""mean_iou_success"":0.82292318,""minimum_iou"":0.73130865,""page_count"":5,""stddev_iou"":0.07091422,""success_count"":5,""wall_ms"":225.391}}","{""approved_bbox"":[84,51,1101,941],""candidate"":{""authors"":null,""bbox"":[38,0,1240,985],""confidence"":1.0,""corners"":[[511.0802917480469,1090.80419921875],[38.17742919921875,367.76824951171875],[766.48876953125,-108.58500671386719],[1239.3916015625,614.450927734375]],""detector_name"":"""",""diagnostics"":{""evidence"":""signed_polar_gradient_boundary_votes"",""parameters"":{""bbox_padding_fraction"":0.0,""gradient_percentile"":82.0,""inner_radius_fraction"":0.1,""minimum_support_fraction"":0.2,""outer_radius_fraction"":0.45,""polarity"":""bright_inside"",""ray_count"":72},""ray_support_fraction"":1.0,""supported_rays"":72},""foundation"":null,""method"":""signed_polar_boundary_vote"",""origin"":"""",""repository"":"""",""score"":1.0,""status"":""ok"",""version"":""""},""edge_error_maximum_px"":139,""edge_error_mean_px"":70.0,""edge_errors"":{""bottom"":44,""left"":46,""maximum"":139,""mean"":70.0,""right"":139,""top"":51},""elapsed_ms"":37.731,""global_ordinal"":9,""iou"":0.76448728,""label"":""clean_two_page_spread"",""layout_type"":""two_page_spread"",""predicted_bbox"":[38,0,1240,985],""status"":""ok""}"
run-20260902-195700,2ffdc31cf37a,2ffdc31cf37a41e9d2a87ea867c0e24a4f880651eec0276a9c565a3e2b448970,1,2ffdc31cf37a,2b37abc947a17c9afb231e8eab95c9cc32079f005dc55f7e5c7a26f70f7299e3,1,6b04d9ffc091acf6158ddd3bf75f6d02848306eebee99bbd3e01af2a2bebceb2,0,,10,8,1,1,[],{},3,0.6508113189997857,0.3,10,clean_two_page_spread_2,two_page_spread,ok,0.85829308,40,33,67,22,40.5,67,40.898,"[88, 33, 1154, 968]","[48, 0, 1221, 990]","{""bbox_padding_fraction"":0.0,""gradient_percentile"":82.0,""inner_radius_fraction"":0.1,""minimum_support_fraction"":0.2,""outer_radius_fraction"":0.45,""polarity"":""bright_inside"",""ray_count"":72}",,,"{""legacy_parameter_set_id"":""2ffdc31cf37a"",""parameter_grid_ordinal"":0,""parameter_grid_sha256"":""6b04d9ffc091acf6158ddd3bf75f6d02848306eebee99bbd3e01af2a2bebceb2"",""parameter_identity_schema_version"":""1"",""parameter_identity_sha256"":""2b37abc947a17c9afb231e8eab95c9cc32079f005dc55f7e5c7a26f70f7299e3"",""parameter_schema_version"":""1"",""parameter_set_equivalence_family_id"":""2ffdc31cf37a"",""parameter_set_equivalence_family_sha256"":""2ffdc31cf37a41e9d2a87ea867c0e24a4f880651eec0276a9c565a3e2b448970"",""parameter_set_equivalence_family_size"":1,""parameter_set_id"":""2ffdc31cf37a"",""parameters"":{""bbox_padding_fraction"":0.0,""gradient_percentile"":82.0,""inner_radius_fraction"":0.1,""minimum_support_fraction"":0.2,""outer_radius_fraction"":0.45,""polarity"":""bright_inside"",""ray_count"":72},""profile"":null,""rank"":10,""reference_roles"":[],""requested_search_member"":true,""run_id"":""run-20260902-195700"",""search_observation"":{""completion_index"":3,""elapsed_seconds"":0.6508113189997857,""parameter_set_number"":3,""search_fraction"":0.3},""search_rank"":8,""search_space_member"":true,""summary"":{""elapsed_ms_total"":224.812,""failure_count"":0,""mean_edge_error_px"":51.7,""mean_iou"":0.82292318,""mean_iou_success"":0.82292318,""minimum_iou"":0.73130865,""page_count"":5,""stddev_iou"":0.07091422,""success_count"":5,""wall_ms"":225.391}}","{""approved_bbox"":[88,33,1154,968],""candidate"":{""authors"":null,""bbox"":[48,0,1221,990],""confidence"":1.0,""corners"":[[433.7657165527344,1079.9169921875],[48.101776123046875,292.76287841796875],[835.255859375,-92.90110778808594],[1220.9197998046875,694.2529907226562]],""detector_name"":"""",""diagnostics"":{""evidence"":""signed_polar_gradient_boundary_votes"",""parameters"":{""bbox_padding_fraction"":0.0,""gradient_percentile"":82.0,""inner_radius_fraction"":0.1,""minimum_support_fraction"":0.2,""outer_radius_fraction"":0.45,""polarity"":""bright_inside"",""ray_count"":72},""ray_support_fraction"":1.0,""supported_rays"":72},""foundation"":null,""method"":""signed_polar_boundary_vote"",""origin"":"""",""repository"":"""",""score"":1.0,""status"":""ok"",""version"":""""},""edge_error_maximum_px"":67,""edge_error_mean_px"":40.5,""edge_errors"":{""bottom"":22,""left"":40,""maximum"":67,""mean"":40.5,""right"":67,""top"":33},""elapsed_ms"":40.898,""global_ordinal"":10,""iou"":0.85829308,""label"":""clean_two_page_spread_2"",""layout_type"":""two_page_spread"",""predicted_bbox"":[48,0,1221,990],""status"":""ok""}"
