run_id,parameter_set_equivalence_family_id,parameter_set_equivalence_family_sha256,parameter_set_equivalence_family_size,parameter_set_id,parameter_identity_sha256,parameter_schema_version,parameter_grid_sha256,parameter_grid_ordinal,profile,rank,search_rank,requested_search_member,search_space_member,reference_roles_json,historic_reference_json,completion_index,completion_elapsed_seconds,search_fraction,global_ordinal,label,layout_type,status,iou,left_error_px,top_error_px,right_error_px,bottom_error_px,edge_error_mean_px,edge_error_maximum_px,elapsed_ms,approved_bbox_json,predicted_bbox_json,parameters_json,error_type,error_message,result_json,page_json
run-20260902-204908,a2bbfc162f9e,a2bbfc162f9ecf7d9cd1410d4e0b1c21f5b99dcdce6589635a6da74026ff8bb3,1,a2bbfc162f9e,51558eee645b61618f44e6a1c7b123c2ec7ea681f038f62fb3be19a67e60d957,1,4ba1a84530cf9ff3ddd49fe60cdbcd5175403dce200ecd14c52805d4f0fcdf1a,29,,1,,1,1,"[""historic_best""]","{""detector"": ""text_flow"", ""golden_set_sha256"": ""135c0ff576876ef8911296e2502193ed20d159799079a4f8a58994854fcbba8e"", ""historic_build_number"": ""335"", ""historic_build_url"": ""https://github.com/dlstupka/hth/actions/runs/31635508472"", ""historic_calibration_id"": ""run-20260812-200122"", ""historic_created_at_utc"": ""2026-08-12T20:01:22.669973+00:00"", ""model_variant"": null, ""parameter_identity_sha256"": ""51558eee645b61618f44e6a1c7b123c2ec7ea681f038f62fb3be19a67e60d957"", ""parameter_set_id"": ""a2bbfc162f9e"", ""parameters"": {""bbox_padding_fraction"": 0.04, ""line_join_fraction"": 0.03, ""maximum_component_area_fraction"": 0.005, ""minimum_component_area_fraction"": 1e-05, ""minimum_line_count"": 2, ""minimum_text_coverage_fraction"": 0.04}, ""provenance_source"": ""legacy-parameters""}",2,0.09570800606161356,0.2,1,ordinary_two_page_spread,two_page_spread,no_candidate,0.0,,,,,,,9.922,null,null,"{""bbox_padding_fraction"":0.04,""line_join_fraction"":0.03,""maximum_component_area_fraction"":0.005,""minimum_component_area_fraction"":1e-05,""minimum_line_count"":2,""minimum_text_coverage_fraction"":0.04}",,,"{""historic_reference"":{""detector"":""text_flow"",""golden_set_sha256"":""135c0ff576876ef8911296e2502193ed20d159799079a4f8a58994854fcbba8e"",""historic_build_number"":""335"",""historic_build_url"":""https://github.com/dlstupka/hth/actions/runs/31635508472"",""historic_calibration_id"":""run-20260812-200122"",""historic_created_at_utc"":""2026-08-12T20:01:22.669973+00:00"",""model_variant"":null,""parameter_identity_sha256"":""51558eee645b61618f44e6a1c7b123c2ec7ea681f038f62fb3be19a67e60d957"",""parameter_set_id"":""a2bbfc162f9e"",""parameters"":{""bbox_padding_fraction"":0.04,""line_join_fraction"":0.03,""maximum_component_area_fraction"":0.005,""minimum_component_area_fraction"":1e-05,""minimum_line_count"":2,""minimum_text_coverage_fraction"":0.04},""provenance_source"":""legacy-parameters""},""legacy_parameter_set_id"":""a2bbfc162f9e"",""parameter_grid_ordinal"":29,""parameter_grid_sha256"":""4ba1a84530cf9ff3ddd49fe60cdbcd5175403dce200ecd14c52805d4f0fcdf1a"",""parameter_identity_schema_version"":""1"",""parameter_identity_sha256"":""51558eee645b61618f44e6a1c7b123c2ec7ea681f038f62fb3be19a67e60d957"",""parameter_schema_version"":""1"",""parameter_set_equivalence_family_id"":""a2bbfc162f9e"",""parameter_set_equivalence_family_sha256"":""a2bbfc162f9ecf7d9cd1410d4e0b1c21f5b99dcdce6589635a6da74026ff8bb3"",""parameter_set_equivalence_family_size"":1,""parameter_set_id"":""a2bbfc162f9e"",""parameters"":{""bbox_padding_fraction"":0.04,""line_join_fraction"":0.03,""maximum_component_area_fraction"":0.005,""minimum_component_area_fraction"":1e-05,""minimum_line_count"":2,""minimum_text_coverage_fraction"":0.04},""profile"":null,""rank"":1,""reference_roles"":[""historic_best""],""requested_search_member"":true,""run_id"":""run-20260902-204908"",""search_observation"":{""completion_index"":2,""elapsed_seconds"":0.09570800606161356,""parameter_set_number"":2,""search_fraction"":0.2},""search_space_member"":true,""summary"":{""elapsed_ms_total"":51.14,""failure_count"":4,""mean_edge_error_px"":50.25,""mean_iou"":0.16340617,""mean_iou_success"":0.81703084,""minimum_iou"":0.0,""page_count"":5,""stddev_iou"":0.32681234,""success_count"":1,""wall_ms"":51.42}}","{""candidate"":{""authors"":null,""bbox"":null,""confidence"":0,""corners"":null,""detector_name"":"""",""diagnostics"":{""line_count"":0,""parameters"":{""bbox_padding_fraction"":0.04,""line_join_fraction"":0.03,""maximum_component_area_fraction"":0.005,""minimum_component_area_fraction"":1e-05,""minimum_line_count"":2,""minimum_text_coverage_fraction"":0.04},""reason"":""insufficient_text_lines""},""foundation"":null,""method"":""text_flow"",""origin"":"""",""repository"":"""",""score"":0,""status"":""no_candidate"",""version"":""""},""edge_error_maximum_px"":null,""edge_error_mean_px"":null,""elapsed_ms"":9.922,""global_ordinal"":1,""iou"":0.0,""label"":""ordinary_two_page_spread"",""layout_type"":""two_page_spread"",""status"":""no_candidate""}"
run-20260902-204908,a2bbfc162f9e,a2bbfc162f9ecf7d9cd1410d4e0b1c21f5b99dcdce6589635a6da74026ff8bb3,1,a2bbfc162f9e,51558eee645b61618f44e6a1c7b123c2ec7ea681f038f62fb3be19a67e60d957,1,4ba1a84530cf9ff3ddd49fe60cdbcd5175403dce200ecd14c52805d4f0fcdf1a,29,,1,,1,1,"[""historic_best""]","{""detector"": ""text_flow"", ""golden_set_sha256"": ""135c0ff576876ef8911296e2502193ed20d159799079a4f8a58994854fcbba8e"", ""historic_build_number"": ""335"", ""historic_build_url"": ""https://github.com/dlstupka/hth/actions/runs/31635508472"", ""historic_calibration_id"": ""run-20260812-200122"", ""historic_created_at_utc"": ""2026-08-12T20:01:22.669973+00:00"", ""model_variant"": null, ""parameter_identity_sha256"": ""51558eee645b61618f44e6a1c7b123c2ec7ea681f038f62fb3be19a67e60d957"", ""parameter_set_id"": ""a2bbfc162f9e"", ""parameters"": {""bbox_padding_fraction"": 0.04, ""line_join_fraction"": 0.03, ""maximum_component_area_fraction"": 0.005, ""minimum_component_area_fraction"": 1e-05, ""minimum_line_count"": 2, ""minimum_text_coverage_fraction"": 0.04}, ""provenance_source"": ""legacy-parameters""}",2,0.09570800606161356,0.2,5,damaged_partial_register_spread,two_page_spread,no_candidate,0.0,,,,,,,7.962,null,null,"{""bbox_padding_fraction"":0.04,""line_join_fraction"":0.03,""maximum_component_area_fraction"":0.005,""minimum_component_area_fraction"":1e-05,""minimum_line_count"":2,""minimum_text_coverage_fraction"":0.04}",,,"{""historic_reference"":{""detector"":""text_flow"",""golden_set_sha256"":""135c0ff576876ef8911296e2502193ed20d159799079a4f8a58994854fcbba8e"",""historic_build_number"":""335"",""historic_build_url"":""https://github.com/dlstupka/hth/actions/runs/31635508472"",""historic_calibration_id"":""run-20260812-200122"",""historic_created_at_utc"":""2026-08-12T20:01:22.669973+00:00"",""model_variant"":null,""parameter_identity_sha256"":""51558eee645b61618f44e6a1c7b123c2ec7ea681f038f62fb3be19a67e60d957"",""parameter_set_id"":""a2bbfc162f9e"",""parameters"":{""bbox_padding_fraction"":0.04,""line_join_fraction"":0.03,""maximum_component_area_fraction"":0.005,""minimum_component_area_fraction"":1e-05,""minimum_line_count"":2,""minimum_text_coverage_fraction"":0.04},""provenance_source"":""legacy-parameters""},""legacy_parameter_set_id"":""a2bbfc162f9e"",""parameter_grid_ordinal"":29,""parameter_grid_sha256"":""4ba1a84530cf9ff3ddd49fe60cdbcd5175403dce200ecd14c52805d4f0fcdf1a"",""parameter_identity_schema_version"":""1"",""parameter_identity_sha256"":""51558eee645b61618f44e6a1c7b123c2ec7ea681f038f62fb3be19a67e60d957"",""parameter_schema_version"":""1"",""parameter_set_equivalence_family_id"":""a2bbfc162f9e"",""parameter_set_equivalence_family_sha256"":""a2bbfc162f9ecf7d9cd1410d4e0b1c21f5b99dcdce6589635a6da74026ff8bb3"",""parameter_set_equivalence_family_size"":1,""parameter_set_id"":""a2bbfc162f9e"",""parameters"":{""bbox_padding_fraction"":0.04,""line_join_fraction"":0.03,""maximum_component_area_fraction"":0.005,""minimum_component_area_fraction"":1e-05,""minimum_line_count"":2,""minimum_text_coverage_fraction"":0.04},""profile"":null,""rank"":1,""reference_roles"":[""historic_best""],""requested_search_member"":true,""run_id"":""run-20260902-204908"",""search_observation"":{""completion_index"":2,""elapsed_seconds"":0.09570800606161356,""parameter_set_number"":2,""search_fraction"":0.2},""search_space_member"":true,""summary"":{""elapsed_ms_total"":51.14,""failure_count"":4,""mean_edge_error_px"":50.25,""mean_iou"":0.16340617,""mean_iou_success"":0.81703084,""minimum_iou"":0.0,""page_count"":5,""stddev_iou"":0.32681234,""success_count"":1,""wall_ms"":51.42}}","{""candidate"":{""authors"":null,""bbox"":null,""confidence"":0,""corners"":null,""detector_name"":"""",""diagnostics"":{""line_count"":0,""parameters"":{""bbox_padding_fraction"":0.04,""line_join_fraction"":0.03,""maximum_component_area_fraction"":0.005,""minimum_component_area_fraction"":1e-05,""minimum_line_count"":2,""minimum_text_coverage_fraction"":0.04},""reason"":""insufficient_text_lines""},""foundation"":null,""method"":""text_flow"",""origin"":"""",""repository"":"""",""score"":0,""status"":""no_candidate"",""version"":""""},""edge_error_maximum_px"":null,""edge_error_mean_px"":null,""elapsed_ms"":7.962,""global_ordinal"":5,""iou"":0.0,""label"":""damaged_partial_register_spread"",""layout_type"":""two_page_spread"",""status"":""no_candidate""}"
run-20260902-204908,a2bbfc162f9e,a2bbfc162f9ecf7d9cd1410d4e0b1c21f5b99dcdce6589635a6da74026ff8bb3,1,a2bbfc162f9e,51558eee645b61618f44e6a1c7b123c2ec7ea681f038f62fb3be19a67e60d957,1,4ba1a84530cf9ff3ddd49fe60cdbcd5175403dce200ecd14c52805d4f0fcdf1a,29,,1,,1,1,"[""historic_best""]","{""detector"": ""text_flow"", ""golden_set_sha256"": ""135c0ff576876ef8911296e2502193ed20d159799079a4f8a58994854fcbba8e"", ""historic_build_number"": ""335"", ""historic_build_url"": ""https://github.com/dlstupka/hth/actions/runs/31635508472"", ""historic_calibration_id"": ""run-20260812-200122"", ""historic_created_at_utc"": ""2026-08-12T20:01:22.669973+00:00"", ""model_variant"": null, ""parameter_identity_sha256"": ""51558eee645b61618f44e6a1c7b123c2ec7ea681f038f62fb3be19a67e60d957"", ""parameter_set_id"": ""a2bbfc162f9e"", ""parameters"": {""bbox_padding_fraction"": 0.04, ""line_join_fraction"": 0.03, ""maximum_component_area_fraction"": 0.005, ""minimum_component_area_fraction"": 1e-05, ""minimum_line_count"": 2, ""minimum_text_coverage_fraction"": 0.04}, ""provenance_source"": ""legacy-parameters""}",2,0.09570800606161356,0.2,6,title_or_index_sheet,single_page,ok,0.81703084,165,9,14,13,50.25,165,9.214,"[15, 28, 1074, 970]","[180, 19, 1088, 983]","{""bbox_padding_fraction"":0.04,""line_join_fraction"":0.03,""maximum_component_area_fraction"":0.005,""minimum_component_area_fraction"":1e-05,""minimum_line_count"":2,""minimum_text_coverage_fraction"":0.04}",,,"{""historic_reference"":{""detector"":""text_flow"",""golden_set_sha256"":""135c0ff576876ef8911296e2502193ed20d159799079a4f8a58994854fcbba8e"",""historic_build_number"":""335"",""historic_build_url"":""https://github.com/dlstupka/hth/actions/runs/31635508472"",""historic_calibration_id"":""run-20260812-200122"",""historic_created_at_utc"":""2026-08-12T20:01:22.669973+00:00"",""model_variant"":null,""parameter_identity_sha256"":""51558eee645b61618f44e6a1c7b123c2ec7ea681f038f62fb3be19a67e60d957"",""parameter_set_id"":""a2bbfc162f9e"",""parameters"":{""bbox_padding_fraction"":0.04,""line_join_fraction"":0.03,""maximum_component_area_fraction"":0.005,""minimum_component_area_fraction"":1e-05,""minimum_line_count"":2,""minimum_text_coverage_fraction"":0.04},""provenance_source"":""legacy-parameters""},""legacy_parameter_set_id"":""a2bbfc162f9e"",""parameter_grid_ordinal"":29,""parameter_grid_sha256"":""4ba1a84530cf9ff3ddd49fe60cdbcd5175403dce200ecd14c52805d4f0fcdf1a"",""parameter_identity_schema_version"":""1"",""parameter_identity_sha256"":""51558eee645b61618f44e6a1c7b123c2ec7ea681f038f62fb3be19a67e60d957"",""parameter_schema_version"":""1"",""parameter_set_equivalence_family_id"":""a2bbfc162f9e"",""parameter_set_equivalence_family_sha256"":""a2bbfc162f9ecf7d9cd1410d4e0b1c21f5b99dcdce6589635a6da74026ff8bb3"",""parameter_set_equivalence_family_size"":1,""parameter_set_id"":""a2bbfc162f9e"",""parameters"":{""bbox_padding_fraction"":0.04,""line_join_fraction"":0.03,""maximum_component_area_fraction"":0.005,""minimum_component_area_fraction"":1e-05,""minimum_line_count"":2,""minimum_text_coverage_fraction"":0.04},""profile"":null,""rank"":1,""reference_roles"":[""historic_best""],""requested_search_member"":true,""run_id"":""run-20260902-204908"",""search_observation"":{""completion_index"":2,""elapsed_seconds"":0.09570800606161356,""parameter_set_number"":2,""search_fraction"":0.2},""search_space_member"":true,""summary"":{""elapsed_ms_total"":51.14,""failure_count"":4,""mean_edge_error_px"":50.25,""mean_iou"":0.16340617,""mean_iou_success"":0.81703084,""minimum_iou"":0.0,""page_count"":5,""stddev_iou"":0.32681234,""success_count"":1,""wall_ms"":51.42}}","{""approved_bbox"":[15,28,1074,970],""candidate"":{""authors"":null,""bbox"":[180,19,1088,983],""confidence"":0.6,""corners"":[[558.425537109375,964.1041259765625],[219.32101440429688,672.2066650390625],[747.4168701171875,58.7044677734375],[1086.5213623046875,350.6019287109375]],""detector_name"":"""",""diagnostics"":{""component_count"":134,""evidence"":""text_line_envelope"",""line_count"":4,""parameters"":{""bbox_padding_fraction"":0.04,""line_join_fraction"":0.03,""maximum_component_area_fraction"":0.005,""minimum_component_area_fraction"":1e-05,""minimum_line_count"":2,""minimum_text_coverage_fraction"":0.04},""text_coverage"":0.10358883034666369},""foundation"":null,""method"":""text_flow"",""origin"":"""",""repository"":"""",""score"":0.6,""status"":""ok"",""version"":""""},""edge_error_maximum_px"":165,""edge_error_mean_px"":50.25,""edge_errors"":{""bottom"":13,""left"":165,""maximum"":165,""mean"":50.25,""right"":14,""top"":9},""elapsed_ms"":9.214,""global_ordinal"":6,""iou"":0.81703084,""label"":""title_or_index_sheet"",""layout_type"":""single_page"",""predicted_bbox"":[180,19,1088,983],""status"":""ok""}"
run-20260902-204908,a2bbfc162f9e,a2bbfc162f9ecf7d9cd1410d4e0b1c21f5b99dcdce6589635a6da74026ff8bb3,1,a2bbfc162f9e,51558eee645b61618f44e6a1c7b123c2ec7ea681f038f62fb3be19a67e60d957,1,4ba1a84530cf9ff3ddd49fe60cdbcd5175403dce200ecd14c52805d4f0fcdf1a,29,,1,,1,1,"[""historic_best""]","{""detector"": ""text_flow"", ""golden_set_sha256"": ""135c0ff576876ef8911296e2502193ed20d159799079a4f8a58994854fcbba8e"", ""historic_build_number"": ""335"", ""historic_build_url"": ""https://github.com/dlstupka/hth/actions/runs/31635508472"", ""historic_calibration_id"": ""run-20260812-200122"", ""historic_created_at_utc"": ""2026-08-12T20:01:22.669973+00:00"", ""model_variant"": null, ""parameter_identity_sha256"": ""51558eee645b61618f44e6a1c7b123c2ec7ea681f038f62fb3be19a67e60d957"", ""parameter_set_id"": ""a2bbfc162f9e"", ""parameters"": {""bbox_padding_fraction"": 0.04, ""line_join_fraction"": 0.03, ""maximum_component_area_fraction"": 0.005, ""minimum_component_area_fraction"": 1e-05, ""minimum_line_count"": 2, ""minimum_text_coverage_fraction"": 0.04}, ""provenance_source"": ""legacy-parameters""}",2,0.09570800606161356,0.2,9,clean_two_page_spread,two_page_spread,no_candidate,0.0,,,,,,,12.469,null,null,"{""bbox_padding_fraction"":0.04,""line_join_fraction"":0.03,""maximum_component_area_fraction"":0.005,""minimum_component_area_fraction"":1e-05,""minimum_line_count"":2,""minimum_text_coverage_fraction"":0.04}",,,"{""historic_reference"":{""detector"":""text_flow"",""golden_set_sha256"":""135c0ff576876ef8911296e2502193ed20d159799079a4f8a58994854fcbba8e"",""historic_build_number"":""335"",""historic_build_url"":""https://github.com/dlstupka/hth/actions/runs/31635508472"",""historic_calibration_id"":""run-20260812-200122"",""historic_created_at_utc"":""2026-08-12T20:01:22.669973+00:00"",""model_variant"":null,""parameter_identity_sha256"":""51558eee645b61618f44e6a1c7b123c2ec7ea681f038f62fb3be19a67e60d957"",""parameter_set_id"":""a2bbfc162f9e"",""parameters"":{""bbox_padding_fraction"":0.04,""line_join_fraction"":0.03,""maximum_component_area_fraction"":0.005,""minimum_component_area_fraction"":1e-05,""minimum_line_count"":2,""minimum_text_coverage_fraction"":0.04},""provenance_source"":""legacy-parameters""},""legacy_parameter_set_id"":""a2bbfc162f9e"",""parameter_grid_ordinal"":29,""parameter_grid_sha256"":""4ba1a84530cf9ff3ddd49fe60cdbcd5175403dce200ecd14c52805d4f0fcdf1a"",""parameter_identity_schema_version"":""1"",""parameter_identity_sha256"":""51558eee645b61618f44e6a1c7b123c2ec7ea681f038f62fb3be19a67e60d957"",""parameter_schema_version"":""1"",""parameter_set_equivalence_family_id"":""a2bbfc162f9e"",""parameter_set_equivalence_family_sha256"":""a2bbfc162f9ecf7d9cd1410d4e0b1c21f5b99dcdce6589635a6da74026ff8bb3"",""parameter_set_equivalence_family_size"":1,""parameter_set_id"":""a2bbfc162f9e"",""parameters"":{""bbox_padding_fraction"":0.04,""line_join_fraction"":0.03,""maximum_component_area_fraction"":0.005,""minimum_component_area_fraction"":1e-05,""minimum_line_count"":2,""minimum_text_coverage_fraction"":0.04},""profile"":null,""rank"":1,""reference_roles"":[""historic_best""],""requested_search_member"":true,""run_id"":""run-20260902-204908"",""search_observation"":{""completion_index"":2,""elapsed_seconds"":0.09570800606161356,""parameter_set_number"":2,""search_fraction"":0.2},""search_space_member"":true,""summary"":{""elapsed_ms_total"":51.14,""failure_count"":4,""mean_edge_error_px"":50.25,""mean_iou"":0.16340617,""mean_iou_success"":0.81703084,""minimum_iou"":0.0,""page_count"":5,""stddev_iou"":0.32681234,""success_count"":1,""wall_ms"":51.42}}","{""candidate"":{""authors"":null,""bbox"":null,""confidence"":0,""corners"":null,""detector_name"":"""",""diagnostics"":{""line_count"":0,""parameters"":{""bbox_padding_fraction"":0.04,""line_join_fraction"":0.03,""maximum_component_area_fraction"":0.005,""minimum_component_area_fraction"":1e-05,""minimum_line_count"":2,""minimum_text_coverage_fraction"":0.04},""reason"":""insufficient_text_lines""},""foundation"":null,""method"":""text_flow"",""origin"":"""",""repository"":"""",""score"":0,""status"":""no_candidate"",""version"":""""},""edge_error_maximum_px"":null,""edge_error_mean_px"":null,""elapsed_ms"":12.469,""global_ordinal"":9,""iou"":0.0,""label"":""clean_two_page_spread"",""layout_type"":""two_page_spread"",""status"":""no_candidate""}"
run-20260902-204908,a2bbfc162f9e,a2bbfc162f9ecf7d9cd1410d4e0b1c21f5b99dcdce6589635a6da74026ff8bb3,1,a2bbfc162f9e,51558eee645b61618f44e6a1c7b123c2ec7ea681f038f62fb3be19a67e60d957,1,4ba1a84530cf9ff3ddd49fe60cdbcd5175403dce200ecd14c52805d4f0fcdf1a,29,,1,,1,1,"[""historic_best""]","{""detector"": ""text_flow"", ""golden_set_sha256"": ""135c0ff576876ef8911296e2502193ed20d159799079a4f8a58994854fcbba8e"", ""historic_build_number"": ""335"", ""historic_build_url"": ""https://github.com/dlstupka/hth/actions/runs/31635508472"", ""historic_calibration_id"": ""run-20260812-200122"", ""historic_created_at_utc"": ""2026-08-12T20:01:22.669973+00:00"", ""model_variant"": null, ""parameter_identity_sha256"": ""51558eee645b61618f44e6a1c7b123c2ec7ea681f038f62fb3be19a67e60d957"", ""parameter_set_id"": ""a2bbfc162f9e"", ""parameters"": {""bbox_padding_fraction"": 0.04, ""line_join_fraction"": 0.03, ""maximum_component_area_fraction"": 0.005, ""minimum_component_area_fraction"": 1e-05, ""minimum_line_count"": 2, ""minimum_text_coverage_fraction"": 0.04}, ""provenance_source"": ""legacy-parameters""}",2,0.09570800606161356,0.2,10,clean_two_page_spread_2,two_page_spread,no_candidate,0.0,,,,,,,11.573,null,null,"{""bbox_padding_fraction"":0.04,""line_join_fraction"":0.03,""maximum_component_area_fraction"":0.005,""minimum_component_area_fraction"":1e-05,""minimum_line_count"":2,""minimum_text_coverage_fraction"":0.04}",,,"{""historic_reference"":{""detector"":""text_flow"",""golden_set_sha256"":""135c0ff576876ef8911296e2502193ed20d159799079a4f8a58994854fcbba8e"",""historic_build_number"":""335"",""historic_build_url"":""https://github.com/dlstupka/hth/actions/runs/31635508472"",""historic_calibration_id"":""run-20260812-200122"",""historic_created_at_utc"":""2026-08-12T20:01:22.669973+00:00"",""model_variant"":null,""parameter_identity_sha256"":""51558eee645b61618f44e6a1c7b123c2ec7ea681f038f62fb3be19a67e60d957"",""parameter_set_id"":""a2bbfc162f9e"",""parameters"":{""bbox_padding_fraction"":0.04,""line_join_fraction"":0.03,""maximum_component_area_fraction"":0.005,""minimum_component_area_fraction"":1e-05,""minimum_line_count"":2,""minimum_text_coverage_fraction"":0.04},""provenance_source"":""legacy-parameters""},""legacy_parameter_set_id"":""a2bbfc162f9e"",""parameter_grid_ordinal"":29,""parameter_grid_sha256"":""4ba1a84530cf9ff3ddd49fe60cdbcd5175403dce200ecd14c52805d4f0fcdf1a"",""parameter_identity_schema_version"":""1"",""parameter_identity_sha256"":""51558eee645b61618f44e6a1c7b123c2ec7ea681f038f62fb3be19a67e60d957"",""parameter_schema_version"":""1"",""parameter_set_equivalence_family_id"":""a2bbfc162f9e"",""parameter_set_equivalence_family_sha256"":""a2bbfc162f9ecf7d9cd1410d4e0b1c21f5b99dcdce6589635a6da74026ff8bb3"",""parameter_set_equivalence_family_size"":1,""parameter_set_id"":""a2bbfc162f9e"",""parameters"":{""bbox_padding_fraction"":0.04,""line_join_fraction"":0.03,""maximum_component_area_fraction"":0.005,""minimum_component_area_fraction"":1e-05,""minimum_line_count"":2,""minimum_text_coverage_fraction"":0.04},""profile"":null,""rank"":1,""reference_roles"":[""historic_best""],""requested_search_member"":true,""run_id"":""run-20260902-204908"",""search_observation"":{""completion_index"":2,""elapsed_seconds"":0.09570800606161356,""parameter_set_number"":2,""search_fraction"":0.2},""search_space_member"":true,""summary"":{""elapsed_ms_total"":51.14,""failure_count"":4,""mean_edge_error_px"":50.25,""mean_iou"":0.16340617,""mean_iou_success"":0.81703084,""minimum_iou"":0.0,""page_count"":5,""stddev_iou"":0.32681234,""success_count"":1,""wall_ms"":51.42}}","{""candidate"":{""authors"":null,""bbox"":null,""confidence"":0,""corners"":null,""detector_name"":"""",""diagnostics"":{""line_count"":0,""parameters"":{""bbox_padding_fraction"":0.04,""line_join_fraction"":0.03,""maximum_component_area_fraction"":0.005,""minimum_component_area_fraction"":1e-05,""minimum_line_count"":2,""minimum_text_coverage_fraction"":0.04},""reason"":""insufficient_text_lines""},""foundation"":null,""method"":""text_flow"",""origin"":"""",""repository"":"""",""score"":0,""status"":""no_candidate"",""version"":""""},""edge_error_maximum_px"":null,""edge_error_mean_px"":null,""elapsed_ms"":11.573,""global_ordinal"":10,""iou"":0.0,""label"":""clean_two_page_spread_2"",""layout_type"":""two_page_spread"",""status"":""no_candidate""}"
run-20260902-204908,cd4fbe8ec7d8,cd4fbe8ec7d8d15b753aef2087ca6f8f2b803da5a3a536c73d5bf60d9af4ff4f,1,cd4fbe8ec7d8,7ff34114bce94aa0aa6894036425cae042d7bf377055553b9f7e76d9f0f7bfda,1,4ba1a84530cf9ff3ddd49fe60cdbcd5175403dce200ecd14c52805d4f0fcdf1a,364,baseline,2,,0,1,"[""baseline""]",{},,,,1,ordinary_two_page_spread,two_page_spread,no_candidate,0.0,,,,,,,10.924,null,null,"{""bbox_padding_fraction"":0.02,""line_join_fraction"":0.03,""maximum_component_area_fraction"":0.01,""minimum_component_area_fraction"":2e-05,""minimum_line_count"":3,""minimum_text_coverage_fraction"":0.08}",,,"{""legacy_parameter_set_id"":""cd4fbe8ec7d8"",""parameter_grid_ordinal"":364,""parameter_grid_sha256"":""4ba1a84530cf9ff3ddd49fe60cdbcd5175403dce200ecd14c52805d4f0fcdf1a"",""parameter_identity_schema_version"":""1"",""parameter_identity_sha256"":""7ff34114bce94aa0aa6894036425cae042d7bf377055553b9f7e76d9f0f7bfda"",""parameter_schema_version"":""1"",""parameter_set_equivalence_family_id"":""cd4fbe8ec7d8"",""parameter_set_equivalence_family_sha256"":""cd4fbe8ec7d8d15b753aef2087ca6f8f2b803da5a3a536c73d5bf60d9af4ff4f"",""parameter_set_equivalence_family_size"":1,""parameter_set_id"":""cd4fbe8ec7d8"",""parameters"":{""bbox_padding_fraction"":0.02,""line_join_fraction"":0.03,""maximum_component_area_fraction"":0.01,""minimum_component_area_fraction"":2e-05,""minimum_line_count"":3,""minimum_text_coverage_fraction"":0.08},""profile"":""baseline"",""rank"":2,""reference_roles"":[""baseline""],""requested_search_member"":false,""run_id"":""run-20260902-204908"",""search_space_member"":true,""summary"":{""elapsed_ms_total"":42.687,""failure_count"":4,""mean_edge_error_px"":55.25,""mean_iou"":0.15956047,""mean_iou_success"":0.79780235,""minimum_iou"":0.0,""page_count"":5,""stddev_iou"":0.31912094,""success_count"":1,""wall_ms"":43.107}}","{""candidate"":{""authors"":null,""bbox"":null,""confidence"":0,""corners"":null,""detector_name"":"""",""diagnostics"":{""line_count"":0,""parameters"":{""bbox_padding_fraction"":0.02,""line_join_fraction"":0.03,""maximum_component_area_fraction"":0.01,""minimum_component_area_fraction"":2e-05,""minimum_line_count"":3,""minimum_text_coverage_fraction"":0.08},""reason"":""insufficient_text_lines""},""foundation"":null,""method"":""text_flow"",""origin"":"""",""repository"":"""",""score"":0,""status"":""no_candidate"",""version"":""""},""edge_error_maximum_px"":null,""edge_error_mean_px"":null,""elapsed_ms"":10.924,""global_ordinal"":1,""iou"":0.0,""label"":""ordinary_two_page_spread"",""layout_type"":""two_page_spread"",""status"":""no_candidate""}"
run-20260902-204908,cd4fbe8ec7d8,cd4fbe8ec7d8d15b753aef2087ca6f8f2b803da5a3a536c73d5bf60d9af4ff4f,1,cd4fbe8ec7d8,7ff34114bce94aa0aa6894036425cae042d7bf377055553b9f7e76d9f0f7bfda,1,4ba1a84530cf9ff3ddd49fe60cdbcd5175403dce200ecd14c52805d4f0fcdf1a,364,baseline,2,,0,1,"[""baseline""]",{},,,,5,damaged_partial_register_spread,two_page_spread,no_candidate,0.0,,,,,,,7.154,null,null,"{""bbox_padding_fraction"":0.02,""line_join_fraction"":0.03,""maximum_component_area_fraction"":0.01,""minimum_component_area_fraction"":2e-05,""minimum_line_count"":3,""minimum_text_coverage_fraction"":0.08}",,,"{""legacy_parameter_set_id"":""cd4fbe8ec7d8"",""parameter_grid_ordinal"":364,""parameter_grid_sha256"":""4ba1a84530cf9ff3ddd49fe60cdbcd5175403dce200ecd14c52805d4f0fcdf1a"",""parameter_identity_schema_version"":""1"",""parameter_identity_sha256"":""7ff34114bce94aa0aa6894036425cae042d7bf377055553b9f7e76d9f0f7bfda"",""parameter_schema_version"":""1"",""parameter_set_equivalence_family_id"":""cd4fbe8ec7d8"",""parameter_set_equivalence_family_sha256"":""cd4fbe8ec7d8d15b753aef2087ca6f8f2b803da5a3a536c73d5bf60d9af4ff4f"",""parameter_set_equivalence_family_size"":1,""parameter_set_id"":""cd4fbe8ec7d8"",""parameters"":{""bbox_padding_fraction"":0.02,""line_join_fraction"":0.03,""maximum_component_area_fraction"":0.01,""minimum_component_area_fraction"":2e-05,""minimum_line_count"":3,""minimum_text_coverage_fraction"":0.08},""profile"":""baseline"",""rank"":2,""reference_roles"":[""baseline""],""requested_search_member"":false,""run_id"":""run-20260902-204908"",""search_space_member"":true,""summary"":{""elapsed_ms_total"":42.687,""failure_count"":4,""mean_edge_error_px"":55.25,""mean_iou"":0.15956047,""mean_iou_success"":0.79780235,""minimum_iou"":0.0,""page_count"":5,""stddev_iou"":0.31912094,""success_count"":1,""wall_ms"":43.107}}","{""candidate"":{""authors"":null,""bbox"":null,""confidence"":0,""corners"":null,""detector_name"":"""",""diagnostics"":{""line_count"":0,""parameters"":{""bbox_padding_fraction"":0.02,""line_join_fraction"":0.03,""maximum_component_area_fraction"":0.01,""minimum_component_area_fraction"":2e-05,""minimum_line_count"":3,""minimum_text_coverage_fraction"":0.08},""reason"":""insufficient_text_lines""},""foundation"":null,""method"":""text_flow"",""origin"":"""",""repository"":"""",""score"":0,""status"":""no_candidate"",""version"":""""},""edge_error_maximum_px"":null,""edge_error_mean_px"":null,""elapsed_ms"":7.154,""global_ordinal"":5,""iou"":0.0,""label"":""damaged_partial_register_spread"",""layout_type"":""two_page_spread"",""status"":""no_candidate""}"
run-20260902-204908,cd4fbe8ec7d8,cd4fbe8ec7d8d15b753aef2087ca6f8f2b803da5a3a536c73d5bf60d9af4ff4f,1,cd4fbe8ec7d8,7ff34114bce94aa0aa6894036425cae042d7bf377055553b9f7e76d9f0f7bfda,1,4ba1a84530cf9ff3ddd49fe60cdbcd5175403dce200ecd14c52805d4f0fcdf1a,364,baseline,2,,0,1,"[""baseline""]",{},,,,6,title_or_index_sheet,single_page,ok,0.79780235,184,10,14,13,55.25,184,10.012,"[15, 28, 1074, 970]","[199, 38, 1088, 983]","{""bbox_padding_fraction"":0.02,""line_join_fraction"":0.03,""maximum_component_area_fraction"":0.01,""minimum_component_area_fraction"":2e-05,""minimum_line_count"":3,""minimum_text_coverage_fraction"":0.08}",,,"{""legacy_parameter_set_id"":""cd4fbe8ec7d8"",""parameter_grid_ordinal"":364,""parameter_grid_sha256"":""4ba1a84530cf9ff3ddd49fe60cdbcd5175403dce200ecd14c52805d4f0fcdf1a"",""parameter_identity_schema_version"":""1"",""parameter_identity_sha256"":""7ff34114bce94aa0aa6894036425cae042d7bf377055553b9f7e76d9f0f7bfda"",""parameter_schema_version"":""1"",""parameter_set_equivalence_family_id"":""cd4fbe8ec7d8"",""parameter_set_equivalence_family_sha256"":""cd4fbe8ec7d8d15b753aef2087ca6f8f2b803da5a3a536c73d5bf60d9af4ff4f"",""parameter_set_equivalence_family_size"":1,""parameter_set_id"":""cd4fbe8ec7d8"",""parameters"":{""bbox_padding_fraction"":0.02,""line_join_fraction"":0.03,""maximum_component_area_fraction"":0.01,""minimum_component_area_fraction"":2e-05,""minimum_line_count"":3,""minimum_text_coverage_fraction"":0.08},""profile"":""baseline"",""rank"":2,""reference_roles"":[""baseline""],""requested_search_member"":false,""run_id"":""run-20260902-204908"",""search_space_member"":true,""summary"":{""elapsed_ms_total"":42.687,""failure_count"":4,""mean_edge_error_px"":55.25,""mean_iou"":0.15956047,""mean_iou_success"":0.79780235,""minimum_iou"":0.0,""page_count"":5,""stddev_iou"":0.31912094,""success_count"":1,""wall_ms"":43.107}}","{""approved_bbox"":[15,28,1074,970],""candidate"":{""authors"":null,""bbox"":[199,38,1088,983],""confidence"":0.6,""corners"":[[558.425537109375,964.1041259765625],[219.32101440429688,672.2066650390625],[747.4168701171875,58.7044677734375],[1086.5213623046875,350.6019287109375]],""detector_name"":"""",""diagnostics"":{""component_count"":134,""evidence"":""text_line_envelope"",""line_count"":4,""parameters"":{""bbox_padding_fraction"":0.02,""line_join_fraction"":0.03,""maximum_component_area_fraction"":0.01,""minimum_component_area_fraction"":2e-05,""minimum_line_count"":3,""minimum_text_coverage_fraction"":0.08},""text_coverage"":0.10358883034666369},""foundation"":null,""method"":""text_flow"",""origin"":"""",""repository"":"""",""score"":0.6,""status"":""ok"",""version"":""""},""edge_error_maximum_px"":184,""edge_error_mean_px"":55.25,""edge_errors"":{""bottom"":13,""left"":184,""maximum"":184,""mean"":55.25,""right"":14,""top"":10},""elapsed_ms"":10.012,""global_ordinal"":6,""iou"":0.79780235,""label"":""title_or_index_sheet"",""layout_type"":""single_page"",""predicted_bbox"":[199,38,1088,983],""status"":""ok""}"
run-20260902-204908,cd4fbe8ec7d8,cd4fbe8ec7d8d15b753aef2087ca6f8f2b803da5a3a536c73d5bf60d9af4ff4f,1,cd4fbe8ec7d8,7ff34114bce94aa0aa6894036425cae042d7bf377055553b9f7e76d9f0f7bfda,1,4ba1a84530cf9ff3ddd49fe60cdbcd5175403dce200ecd14c52805d4f0fcdf1a,364,baseline,2,,0,1,"[""baseline""]",{},,,,9,clean_two_page_spread,two_page_spread,no_candidate,0.0,,,,,,,8.939,null,null,"{""bbox_padding_fraction"":0.02,""line_join_fraction"":0.03,""maximum_component_area_fraction"":0.01,""minimum_component_area_fraction"":2e-05,""minimum_line_count"":3,""minimum_text_coverage_fraction"":0.08}",,,"{""legacy_parameter_set_id"":""cd4fbe8ec7d8"",""parameter_grid_ordinal"":364,""parameter_grid_sha256"":""4ba1a84530cf9ff3ddd49fe60cdbcd5175403dce200ecd14c52805d4f0fcdf1a"",""parameter_identity_schema_version"":""1"",""parameter_identity_sha256"":""7ff34114bce94aa0aa6894036425cae042d7bf377055553b9f7e76d9f0f7bfda"",""parameter_schema_version"":""1"",""parameter_set_equivalence_family_id"":""cd4fbe8ec7d8"",""parameter_set_equivalence_family_sha256"":""cd4fbe8ec7d8d15b753aef2087ca6f8f2b803da5a3a536c73d5bf60d9af4ff4f"",""parameter_set_equivalence_family_size"":1,""parameter_set_id"":""cd4fbe8ec7d8"",""parameters"":{""bbox_padding_fraction"":0.02,""line_join_fraction"":0.03,""maximum_component_area_fraction"":0.01,""minimum_component_area_fraction"":2e-05,""minimum_line_count"":3,""minimum_text_coverage_fraction"":0.08},""profile"":""baseline"",""rank"":2,""reference_roles"":[""baseline""],""requested_search_member"":false,""run_id"":""run-20260902-204908"",""search_space_member"":true,""summary"":{""elapsed_ms_total"":42.687,""failure_count"":4,""mean_edge_error_px"":55.25,""mean_iou"":0.15956047,""mean_iou_success"":0.79780235,""minimum_iou"":0.0,""page_count"":5,""stddev_iou"":0.31912094,""success_count"":1,""wall_ms"":43.107}}","{""candidate"":{""authors"":null,""bbox"":null,""confidence"":0,""corners"":null,""detector_name"":"""",""diagnostics"":{""line_count"":0,""parameters"":{""bbox_padding_fraction"":0.02,""line_join_fraction"":0.03,""maximum_component_area_fraction"":0.01,""minimum_component_area_fraction"":2e-05,""minimum_line_count"":3,""minimum_text_coverage_fraction"":0.08},""reason"":""insufficient_text_lines""},""foundation"":null,""method"":""text_flow"",""origin"":"""",""repository"":"""",""score"":0,""status"":""no_candidate"",""version"":""""},""edge_error_maximum_px"":null,""edge_error_mean_px"":null,""elapsed_ms"":8.939,""global_ordinal"":9,""iou"":0.0,""label"":""clean_two_page_spread"",""layout_type"":""two_page_spread"",""status"":""no_candidate""}"
run-20260902-204908,cd4fbe8ec7d8,cd4fbe8ec7d8d15b753aef2087ca6f8f2b803da5a3a536c73d5bf60d9af4ff4f,1,cd4fbe8ec7d8,7ff34114bce94aa0aa6894036425cae042d7bf377055553b9f7e76d9f0f7bfda,1,4ba1a84530cf9ff3ddd49fe60cdbcd5175403dce200ecd14c52805d4f0fcdf1a,364,baseline,2,,0,1,"[""baseline""]",{},,,,10,clean_two_page_spread_2,two_page_spread,no_candidate,0.0,,,,,,,5.658,null,null,"{""bbox_padding_fraction"":0.02,""line_join_fraction"":0.03,""maximum_component_area_fraction"":0.01,""minimum_component_area_fraction"":2e-05,""minimum_line_count"":3,""minimum_text_coverage_fraction"":0.08}",,,"{""legacy_parameter_set_id"":""cd4fbe8ec7d8"",""parameter_grid_ordinal"":364,""parameter_grid_sha256"":""4ba1a84530cf9ff3ddd49fe60cdbcd5175403dce200ecd14c52805d4f0fcdf1a"",""parameter_identity_schema_version"":""1"",""parameter_identity_sha256"":""7ff34114bce94aa0aa6894036425cae042d7bf377055553b9f7e76d9f0f7bfda"",""parameter_schema_version"":""1"",""parameter_set_equivalence_family_id"":""cd4fbe8ec7d8"",""parameter_set_equivalence_family_sha256"":""cd4fbe8ec7d8d15b753aef2087ca6f8f2b803da5a3a536c73d5bf60d9af4ff4f"",""parameter_set_equivalence_family_size"":1,""parameter_set_id"":""cd4fbe8ec7d8"",""parameters"":{""bbox_padding_fraction"":0.02,""line_join_fraction"":0.03,""maximum_component_area_fraction"":0.01,""minimum_component_area_fraction"":2e-05,""minimum_line_count"":3,""minimum_text_coverage_fraction"":0.08},""profile"":""baseline"",""rank"":2,""reference_roles"":[""baseline""],""requested_search_member"":false,""run_id"":""run-20260902-204908"",""search_space_member"":true,""summary"":{""elapsed_ms_total"":42.687,""failure_count"":4,""mean_edge_error_px"":55.25,""mean_iou"":0.15956047,""mean_iou_success"":0.79780235,""minimum_iou"":0.0,""page_count"":5,""stddev_iou"":0.31912094,""success_count"":1,""wall_ms"":43.107}}","{""candidate"":{""authors"":null,""bbox"":null,""confidence"":0,""corners"":null,""detector_name"":"""",""diagnostics"":{""line_count"":0,""parameters"":{""bbox_padding_fraction"":0.02,""line_join_fraction"":0.03,""maximum_component_area_fraction"":0.01,""minimum_component_area_fraction"":2e-05,""minimum_line_count"":3,""minimum_text_coverage_fraction"":0.08},""reason"":""insufficient_text_lines""},""foundation"":null,""method"":""text_flow"",""origin"":"""",""repository"":"""",""score"":0,""status"":""no_candidate"",""version"":""""},""edge_error_maximum_px"":null,""edge_error_mean_px"":null,""elapsed_ms"":5.658,""global_ordinal"":10,""iou"":0.0,""label"":""clean_two_page_spread_2"",""layout_type"":""two_page_spread"",""status"":""no_candidate""}"
run-20260902-204908,00521cb468c7,00521cb468c7d24fceeff56db54487e963b50c400f08fd80f5c8e7ad87f346a4,1,00521cb468c7,efefe930f5829255b393ed71f0fc8698523f902f3a1d9508febec20dc356e99d,1,4ba1a84530cf9ff3ddd49fe60cdbcd5175403dce200ecd14c52805d4f0fcdf1a,2,,3,1,1,1,[],{},4,0.17309259995818138,0.4,1,ordinary_two_page_spread,two_page_spread,no_candidate,0.0,,,,,,,26.316,null,null,"{""bbox_padding_fraction"":0.04,""line_join_fraction"":0.018,""maximum_component_area_fraction"":0.005,""minimum_component_area_fraction"":1e-05,""minimum_line_count"":2,""minimum_text_coverage_fraction"":0.04}",,,"{""legacy_parameter_set_id"":""00521cb468c7"",""parameter_grid_ordinal"":2,""parameter_grid_sha256"":""4ba1a84530cf9ff3ddd49fe60cdbcd5175403dce200ecd14c52805d4f0fcdf1a"",""parameter_identity_schema_version"":""1"",""parameter_identity_sha256"":""efefe930f5829255b393ed71f0fc8698523f902f3a1d9508febec20dc356e99d"",""parameter_schema_version"":""1"",""parameter_set_equivalence_family_id"":""00521cb468c7"",""parameter_set_equivalence_family_sha256"":""00521cb468c7d24fceeff56db54487e963b50c400f08fd80f5c8e7ad87f346a4"",""parameter_set_equivalence_family_size"":1,""parameter_set_id"":""00521cb468c7"",""parameters"":{""bbox_padding_fraction"":0.04,""line_join_fraction"":0.018,""maximum_component_area_fraction"":0.005,""minimum_component_area_fraction"":1e-05,""minimum_line_count"":2,""minimum_text_coverage_fraction"":0.04},""profile"":null,""rank"":3,""reference_roles"":[],""requested_search_member"":true,""run_id"":""run-20260902-204908"",""search_observation"":{""completion_index"":4,""elapsed_seconds"":0.17309259995818138,""parameter_set_number"":4,""search_fraction"":0.4},""search_rank"":1,""search_space_member"":true,""summary"":{""elapsed_ms_total"":74.745,""failure_count"":4,""mean_edge_error_px"":123.0,""mean_iou"":0.11582199,""mean_iou_success"":0.57910994,""minimum_iou"":0.0,""page_count"":5,""stddev_iou"":0.23164398,""success_count"":1,""wall_ms"":74.974}}","{""candidate"":{""authors"":null,""bbox"":null,""confidence"":0,""corners"":null,""detector_name"":"""",""diagnostics"":{""line_count"":0,""parameters"":{""bbox_padding_fraction"":0.04,""line_join_fraction"":0.018,""maximum_component_area_fraction"":0.005,""minimum_component_area_fraction"":1e-05,""minimum_line_count"":2,""minimum_text_coverage_fraction"":0.04},""reason"":""insufficient_text_lines""},""foundation"":null,""method"":""text_flow"",""origin"":"""",""repository"":"""",""score"":0,""status"":""no_candidate"",""version"":""""},""edge_error_maximum_px"":null,""edge_error_mean_px"":null,""elapsed_ms"":26.316,""global_ordinal"":1,""iou"":0.0,""label"":""ordinary_two_page_spread"",""layout_type"":""two_page_spread"",""status"":""no_candidate""}"
run-20260902-204908,00521cb468c7,00521cb468c7d24fceeff56db54487e963b50c400f08fd80f5c8e7ad87f346a4,1,00521cb468c7,efefe930f5829255b393ed71f0fc8698523f902f3a1d9508febec20dc356e99d,1,4ba1a84530cf9ff3ddd49fe60cdbcd5175403dce200ecd14c52805d4f0fcdf1a,2,,3,1,1,1,[],{},4,0.17309259995818138,0.4,5,damaged_partial_register_spread,two_page_spread,no_candidate,0.0,,,,,,,9.78,null,null,"{""bbox_padding_fraction"":0.04,""line_join_fraction"":0.018,""maximum_component_area_fraction"":0.005,""minimum_component_area_fraction"":1e-05,""minimum_line_count"":2,""minimum_text_coverage_fraction"":0.04}",,,"{""legacy_parameter_set_id"":""00521cb468c7"",""parameter_grid_ordinal"":2,""parameter_grid_sha256"":""4ba1a84530cf9ff3ddd49fe60cdbcd5175403dce200ecd14c52805d4f0fcdf1a"",""parameter_identity_schema_version"":""1"",""parameter_identity_sha256"":""efefe930f5829255b393ed71f0fc8698523f902f3a1d9508febec20dc356e99d"",""parameter_schema_version"":""1"",""parameter_set_equivalence_family_id"":""00521cb468c7"",""parameter_set_equivalence_family_sha256"":""00521cb468c7d24fceeff56db54487e963b50c400f08fd80f5c8e7ad87f346a4"",""parameter_set_equivalence_family_size"":1,""parameter_set_id"":""00521cb468c7"",""parameters"":{""bbox_padding_fraction"":0.04,""line_join_fraction"":0.018,""maximum_component_area_fraction"":0.005,""minimum_component_area_fraction"":1e-05,""minimum_line_count"":2,""minimum_text_coverage_fraction"":0.04},""profile"":null,""rank"":3,""reference_roles"":[],""requested_search_member"":true,""run_id"":""run-20260902-204908"",""search_observation"":{""completion_index"":4,""elapsed_seconds"":0.17309259995818138,""parameter_set_number"":4,""search_fraction"":0.4},""search_rank"":1,""search_space_member"":true,""summary"":{""elapsed_ms_total"":74.745,""failure_count"":4,""mean_edge_error_px"":123.0,""mean_iou"":0.11582199,""mean_iou_success"":0.57910994,""minimum_iou"":0.0,""page_count"":5,""stddev_iou"":0.23164398,""success_count"":1,""wall_ms"":74.974}}","{""candidate"":{""authors"":null,""bbox"":null,""confidence"":0,""corners"":null,""detector_name"":"""",""diagnostics"":{""line_count"":0,""parameters"":{""bbox_padding_fraction"":0.04,""line_join_fraction"":0.018,""maximum_component_area_fraction"":0.005,""minimum_component_area_fraction"":1e-05,""minimum_line_count"":2,""minimum_text_coverage_fraction"":0.04},""reason"":""insufficient_text_lines""},""foundation"":null,""method"":""text_flow"",""origin"":"""",""repository"":"""",""score"":0,""status"":""no_candidate"",""version"":""""},""edge_error_maximum_px"":null,""edge_error_mean_px"":null,""elapsed_ms"":9.78,""global_ordinal"":5,""iou"":0.0,""label"":""damaged_partial_register_spread"",""layout_type"":""two_page_spread"",""status"":""no_candidate""}"
run-20260902-204908,00521cb468c7,00521cb468c7d24fceeff56db54487e963b50c400f08fd80f5c8e7ad87f346a4,1,00521cb468c7,efefe930f5829255b393ed71f0fc8698523f902f3a1d9508febec20dc356e99d,1,4ba1a84530cf9ff3ddd49fe60cdbcd5175403dce200ecd14c52805d4f0fcdf1a,2,,3,1,1,1,[],{},4,0.17309259995818138,0.4,6,title_or_index_sheet,single_page,ok,0.57910994,289,176,14,13,123.0,289,11.135,"[15, 28, 1074, 970]","[304, 204, 1088, 983]","{""bbox_padding_fraction"":0.04,""line_join_fraction"":0.018,""maximum_component_area_fraction"":0.005,""minimum_component_area_fraction"":1e-05,""minimum_line_count"":2,""minimum_text_coverage_fraction"":0.04}",,,"{""legacy_parameter_set_id"":""00521cb468c7"",""parameter_grid_ordinal"":2,""parameter_grid_sha256"":""4ba1a84530cf9ff3ddd49fe60cdbcd5175403dce200ecd14c52805d4f0fcdf1a"",""parameter_identity_schema_version"":""1"",""parameter_identity_sha256"":""efefe930f5829255b393ed71f0fc8698523f902f3a1d9508febec20dc356e99d"",""parameter_schema_version"":""1"",""parameter_set_equivalence_family_id"":""00521cb468c7"",""parameter_set_equivalence_family_sha256"":""00521cb468c7d24fceeff56db54487e963b50c400f08fd80f5c8e7ad87f346a4"",""parameter_set_equivalence_family_size"":1,""parameter_set_id"":""00521cb468c7"",""parameters"":{""bbox_padding_fraction"":0.04,""line_join_fraction"":0.018,""maximum_component_area_fraction"":0.005,""minimum_component_area_fraction"":1e-05,""minimum_line_count"":2,""minimum_text_coverage_fraction"":0.04},""profile"":null,""rank"":3,""reference_roles"":[],""requested_search_member"":true,""run_id"":""run-20260902-204908"",""search_observation"":{""completion_index"":4,""elapsed_seconds"":0.17309259995818138,""parameter_set_number"":4,""search_fraction"":0.4},""search_rank"":1,""search_space_member"":true,""summary"":{""elapsed_ms_total"":74.745,""failure_count"":4,""mean_edge_error_px"":123.0,""mean_iou"":0.11582199,""mean_iou_success"":0.57910994,""minimum_iou"":0.0,""page_count"":5,""stddev_iou"":0.23164398,""success_count"":1,""wall_ms"":74.974}}","{""approved_bbox"":[15,28,1074,970],""candidate"":{""authors"":null,""bbox"":[304,204,1088,983],""confidence"":0.55,""corners"":[[504.8209228515625,948.8157958984375],[343.4488525390625,736.6085205078125],[991.5743408203125,243.74427795410156],[1152.9464111328125,455.9515380859375]],""detector_name"":"""",""diagnostics"":{""component_count"":134,""evidence"":""text_line_envelope"",""line_count"":3,""parameters"":{""bbox_padding_fraction"":0.04,""line_join_fraction"":0.018,""maximum_component_area_fraction"":0.005,""minimum_component_area_fraction"":1e-05,""minimum_line_count"":2,""minimum_text_coverage_fraction"":0.04},""text_coverage"":0.13265134823208477},""foundation"":null,""method"":""text_flow"",""origin"":"""",""repository"":"""",""score"":0.55,""status"":""ok"",""version"":""""},""edge_error_maximum_px"":289,""edge_error_mean_px"":123.0,""edge_errors"":{""bottom"":13,""left"":289,""maximum"":289,""mean"":123.0,""right"":14,""top"":176},""elapsed_ms"":11.135,""global_ordinal"":6,""iou"":0.57910994,""label"":""title_or_index_sheet"",""layout_type"":""single_page"",""predicted_bbox"":[304,204,1088,983],""status"":""ok""}"
run-20260902-204908,00521cb468c7,00521cb468c7d24fceeff56db54487e963b50c400f08fd80f5c8e7ad87f346a4,1,00521cb468c7,efefe930f5829255b393ed71f0fc8698523f902f3a1d9508febec20dc356e99d,1,4ba1a84530cf9ff3ddd49fe60cdbcd5175403dce200ecd14c52805d4f0fcdf1a,2,,3,1,1,1,[],{},4,0.17309259995818138,0.4,9,clean_two_page_spread,two_page_spread,no_candidate,0.0,,,,,,,15.896,null,null,"{""bbox_padding_fraction"":0.04,""line_join_fraction"":0.018,""maximum_component_area_fraction"":0.005,""minimum_component_area_fraction"":1e-05,""minimum_line_count"":2,""minimum_text_coverage_fraction"":0.04}",,,"{""legacy_parameter_set_id"":""00521cb468c7"",""parameter_grid_ordinal"":2,""parameter_grid_sha256"":""4ba1a84530cf9ff3ddd49fe60cdbcd5175403dce200ecd14c52805d4f0fcdf1a"",""parameter_identity_schema_version"":""1"",""parameter_identity_sha256"":""efefe930f5829255b393ed71f0fc8698523f902f3a1d9508febec20dc356e99d"",""parameter_schema_version"":""1"",""parameter_set_equivalence_family_id"":""00521cb468c7"",""parameter_set_equivalence_family_sha256"":""00521cb468c7d24fceeff56db54487e963b50c400f08fd80f5c8e7ad87f346a4"",""parameter_set_equivalence_family_size"":1,""parameter_set_id"":""00521cb468c7"",""parameters"":{""bbox_padding_fraction"":0.04,""line_join_fraction"":0.018,""maximum_component_area_fraction"":0.005,""minimum_component_area_fraction"":1e-05,""minimum_line_count"":2,""minimum_text_coverage_fraction"":0.04},""profile"":null,""rank"":3,""reference_roles"":[],""requested_search_member"":true,""run_id"":""run-20260902-204908"",""search_observation"":{""completion_index"":4,""elapsed_seconds"":0.17309259995818138,""parameter_set_number"":4,""search_fraction"":0.4},""search_rank"":1,""search_space_member"":true,""summary"":{""elapsed_ms_total"":74.745,""failure_count"":4,""mean_edge_error_px"":123.0,""mean_iou"":0.11582199,""mean_iou_success"":0.57910994,""minimum_iou"":0.0,""page_count"":5,""stddev_iou"":0.23164398,""success_count"":1,""wall_ms"":74.974}}","{""candidate"":{""authors"":null,""bbox"":null,""confidence"":0,""corners"":null,""detector_name"":"""",""diagnostics"":{""line_count"":0,""parameters"":{""bbox_padding_fraction"":0.04,""line_join_fraction"":0.018,""maximum_component_area_fraction"":0.005,""minimum_component_area_fraction"":1e-05,""minimum_line_count"":2,""minimum_text_coverage_fraction"":0.04},""reason"":""insufficient_text_lines""},""foundation"":null,""method"":""text_flow"",""origin"":"""",""repository"":"""",""score"":0,""status"":""no_candidate"",""version"":""""},""edge_error_maximum_px"":null,""edge_error_mean_px"":null,""elapsed_ms"":15.896,""global_ordinal"":9,""iou"":0.0,""label"":""clean_two_page_spread"",""layout_type"":""two_page_spread"",""status"":""no_candidate""}"
run-20260902-204908,00521cb468c7,00521cb468c7d24fceeff56db54487e963b50c400f08fd80f5c8e7ad87f346a4,1,00521cb468c7,efefe930f5829255b393ed71f0fc8698523f902f3a1d9508febec20dc356e99d,1,4ba1a84530cf9ff3ddd49fe60cdbcd5175403dce200ecd14c52805d4f0fcdf1a,2,,3,1,1,1,[],{},4,0.17309259995818138,0.4,10,clean_two_page_spread_2,two_page_spread,no_candidate,0.0,,,,,,,11.618,null,null,"{""bbox_padding_fraction"":0.04,""line_join_fraction"":0.018,""maximum_component_area_fraction"":0.005,""minimum_component_area_fraction"":1e-05,""minimum_line_count"":2,""minimum_text_coverage_fraction"":0.04}",,,"{""legacy_parameter_set_id"":""00521cb468c7"",""parameter_grid_ordinal"":2,""parameter_grid_sha256"":""4ba1a84530cf9ff3ddd49fe60cdbcd5175403dce200ecd14c52805d4f0fcdf1a"",""parameter_identity_schema_version"":""1"",""parameter_identity_sha256"":""efefe930f5829255b393ed71f0fc8698523f902f3a1d9508febec20dc356e99d"",""parameter_schema_version"":""1"",""parameter_set_equivalence_family_id"":""00521cb468c7"",""parameter_set_equivalence_family_sha256"":""00521cb468c7d24fceeff56db54487e963b50c400f08fd80f5c8e7ad87f346a4"",""parameter_set_equivalence_family_size"":1,""parameter_set_id"":""00521cb468c7"",""parameters"":{""bbox_padding_fraction"":0.04,""line_join_fraction"":0.018,""maximum_component_area_fraction"":0.005,""minimum_component_area_fraction"":1e-05,""minimum_line_count"":2,""minimum_text_coverage_fraction"":0.04},""profile"":null,""rank"":3,""reference_roles"":[],""requested_search_member"":true,""run_id"":""run-20260902-204908"",""search_observation"":{""completion_index"":4,""elapsed_seconds"":0.17309259995818138,""parameter_set_number"":4,""search_fraction"":0.4},""search_rank"":1,""search_space_member"":true,""summary"":{""elapsed_ms_total"":74.745,""failure_count"":4,""mean_edge_error_px"":123.0,""mean_iou"":0.11582199,""mean_iou_success"":0.57910994,""minimum_iou"":0.0,""page_count"":5,""stddev_iou"":0.23164398,""success_count"":1,""wall_ms"":74.974}}","{""candidate"":{""authors"":null,""bbox"":null,""confidence"":0,""corners"":null,""detector_name"":"""",""diagnostics"":{""line_count"":0,""parameters"":{""bbox_padding_fraction"":0.04,""line_join_fraction"":0.018,""maximum_component_area_fraction"":0.005,""minimum_component_area_fraction"":1e-05,""minimum_line_count"":2,""minimum_text_coverage_fraction"":0.04},""reason"":""insufficient_text_lines""},""foundation"":null,""method"":""text_flow"",""origin"":"""",""repository"":"""",""score"":0,""status"":""no_candidate"",""version"":""""},""edge_error_maximum_px"":null,""edge_error_mean_px"":null,""elapsed_ms"":11.618,""global_ordinal"":10,""iou"":0.0,""label"":""clean_two_page_spread_2"",""layout_type"":""two_page_spread"",""status"":""no_candidate""}"
run-20260902-204908,1c0b5b0e68d2,1c0b5b0e68d2ea1d33ef88d0e70218b5c5c372ca37160f4cf5d566b002bf181c,1,1c0b5b0e68d2,68f91d7c4fd6dc463749c96318e338657c71a7d885348e706dc002022b791eea,1,4ba1a84530cf9ff3ddd49fe60cdbcd5175403dce200ecd14c52805d4f0fcdf1a,5,,4,2,1,1,[],{},8,0.18437294196337461,0.8,1,ordinary_two_page_spread,two_page_spread,no_candidate,0.0,,,,,,,26.23,null,null,"{""bbox_padding_fraction"":0.04,""line_join_fraction"":0.018,""maximum_component_area_fraction"":0.005,""minimum_component_area_fraction"":1e-05,""minimum_line_count"":2,""minimum_text_coverage_fraction"":0.08}",,,"{""legacy_parameter_set_id"":""1c0b5b0e68d2"",""parameter_grid_ordinal"":5,""parameter_grid_sha256"":""4ba1a84530cf9ff3ddd49fe60cdbcd5175403dce200ecd14c52805d4f0fcdf1a"",""parameter_identity_schema_version"":""1"",""parameter_identity_sha256"":""68f91d7c4fd6dc463749c96318e338657c71a7d885348e706dc002022b791eea"",""parameter_schema_version"":""1"",""parameter_set_equivalence_family_id"":""1c0b5b0e68d2"",""parameter_set_equivalence_family_sha256"":""1c0b5b0e68d2ea1d33ef88d0e70218b5c5c372ca37160f4cf5d566b002bf181c"",""parameter_set_equivalence_family_size"":1,""parameter_set_id"":""1c0b5b0e68d2"",""parameters"":{""bbox_padding_fraction"":0.04,""line_join_fraction"":0.018,""maximum_component_area_fraction"":0.005,""minimum_component_area_fraction"":1e-05,""minimum_line_count"":2,""minimum_text_coverage_fraction"":0.08},""profile"":null,""rank"":4,""reference_roles"":[],""requested_search_member"":true,""run_id"":""run-20260902-204908"",""search_observation"":{""completion_index"":8,""elapsed_seconds"":0.18437294196337461,""parameter_set_number"":8,""search_fraction"":0.8},""search_rank"":2,""search_space_member"":true,""summary"":{""elapsed_ms_total"":65.619,""failure_count"":4,""mean_edge_error_px"":123.0,""mean_iou"":0.11582199,""mean_iou_success"":0.57910994,""minimum_iou"":0.0,""page_count"":5,""stddev_iou"":0.23164398,""success_count"":1,""wall_ms"":65.931}}","{""candidate"":{""authors"":null,""bbox"":null,""confidence"":0,""corners"":null,""detector_name"":"""",""diagnostics"":{""line_count"":0,""parameters"":{""bbox_padding_fraction"":0.04,""line_join_fraction"":0.018,""maximum_component_area_fraction"":0.005,""minimum_component_area_fraction"":1e-05,""minimum_line_count"":2,""minimum_text_coverage_fraction"":0.08},""reason"":""insufficient_text_lines""},""foundation"":null,""method"":""text_flow"",""origin"":"""",""repository"":"""",""score"":0,""status"":""no_candidate"",""version"":""""},""edge_error_maximum_px"":null,""edge_error_mean_px"":null,""elapsed_ms"":26.23,""global_ordinal"":1,""iou"":0.0,""label"":""ordinary_two_page_spread"",""layout_type"":""two_page_spread"",""status"":""no_candidate""}"
run-20260902-204908,1c0b5b0e68d2,1c0b5b0e68d2ea1d33ef88d0e70218b5c5c372ca37160f4cf5d566b002bf181c,1,1c0b5b0e68d2,68f91d7c4fd6dc463749c96318e338657c71a7d885348e706dc002022b791eea,1,4ba1a84530cf9ff3ddd49fe60cdbcd5175403dce200ecd14c52805d4f0fcdf1a,5,,4,2,1,1,[],{},8,0.18437294196337461,0.8,5,damaged_partial_register_spread,two_page_spread,no_candidate,0.0,,,,,,,19.408,null,null,"{""bbox_padding_fraction"":0.04,""line_join_fraction"":0.018,""maximum_component_area_fraction"":0.005,""minimum_component_area_fraction"":1e-05,""minimum_line_count"":2,""minimum_text_coverage_fraction"":0.08}",,,"{""legacy_parameter_set_id"":""1c0b5b0e68d2"",""parameter_grid_ordinal"":5,""parameter_grid_sha256"":""4ba1a84530cf9ff3ddd49fe60cdbcd5175403dce200ecd14c52805d4f0fcdf1a"",""parameter_identity_schema_version"":""1"",""parameter_identity_sha256"":""68f91d7c4fd6dc463749c96318e338657c71a7d885348e706dc002022b791eea"",""parameter_schema_version"":""1"",""parameter_set_equivalence_family_id"":""1c0b5b0e68d2"",""parameter_set_equivalence_family_sha256"":""1c0b5b0e68d2ea1d33ef88d0e70218b5c5c372ca37160f4cf5d566b002bf181c"",""parameter_set_equivalence_family_size"":1,""parameter_set_id"":""1c0b5b0e68d2"",""parameters"":{""bbox_padding_fraction"":0.04,""line_join_fraction"":0.018,""maximum_component_area_fraction"":0.005,""minimum_component_area_fraction"":1e-05,""minimum_line_count"":2,""minimum_text_coverage_fraction"":0.08},""profile"":null,""rank"":4,""reference_roles"":[],""requested_search_member"":true,""run_id"":""run-20260902-204908"",""search_observation"":{""completion_index"":8,""elapsed_seconds"":0.18437294196337461,""parameter_set_number"":8,""search_fraction"":0.8},""search_rank"":2,""search_space_member"":true,""summary"":{""elapsed_ms_total"":65.619,""failure_count"":4,""mean_edge_error_px"":123.0,""mean_iou"":0.11582199,""mean_iou_success"":0.57910994,""minimum_iou"":0.0,""page_count"":5,""stddev_iou"":0.23164398,""success_count"":1,""wall_ms"":65.931}}","{""candidate"":{""authors"":null,""bbox"":null,""confidence"":0,""corners"":null,""detector_name"":"""",""diagnostics"":{""line_count"":0,""parameters"":{""bbox_padding_fraction"":0.04,""line_join_fraction"":0.018,""maximum_component_area_fraction"":0.005,""minimum_component_area_fraction"":1e-05,""minimum_line_count"":2,""minimum_text_coverage_fraction"":0.08},""reason"":""insufficient_text_lines""},""foundation"":null,""method"":""text_flow"",""origin"":"""",""repository"":"""",""score"":0,""status"":""no_candidate"",""version"":""""},""edge_error_maximum_px"":null,""edge_error_mean_px"":null,""elapsed_ms"":19.408,""global_ordinal"":5,""iou"":0.0,""label"":""damaged_partial_register_spread"",""layout_type"":""two_page_spread"",""status"":""no_candidate""}"
run-20260902-204908,1c0b5b0e68d2,1c0b5b0e68d2ea1d33ef88d0e70218b5c5c372ca37160f4cf5d566b002bf181c,1,1c0b5b0e68d2,68f91d7c4fd6dc463749c96318e338657c71a7d885348e706dc002022b791eea,1,4ba1a84530cf9ff3ddd49fe60cdbcd5175403dce200ecd14c52805d4f0fcdf1a,5,,4,2,1,1,[],{},8,0.18437294196337461,0.8,6,title_or_index_sheet,single_page,ok,0.57910994,289,176,14,13,123.0,289,3.124,"[15, 28, 1074, 970]","[304, 204, 1088, 983]","{""bbox_padding_fraction"":0.04,""line_join_fraction"":0.018,""maximum_component_area_fraction"":0.005,""minimum_component_area_fraction"":1e-05,""minimum_line_count"":2,""minimum_text_coverage_fraction"":0.08}",,,"{""legacy_parameter_set_id"":""1c0b5b0e68d2"",""parameter_grid_ordinal"":5,""parameter_grid_sha256"":""4ba1a84530cf9ff3ddd49fe60cdbcd5175403dce200ecd14c52805d4f0fcdf1a"",""parameter_identity_schema_version"":""1"",""parameter_identity_sha256"":""68f91d7c4fd6dc463749c96318e338657c71a7d885348e706dc002022b791eea"",""parameter_schema_version"":""1"",""parameter_set_equivalence_family_id"":""1c0b5b0e68d2"",""parameter_set_equivalence_family_sha256"":""1c0b5b0e68d2ea1d33ef88d0e70218b5c5c372ca37160f4cf5d566b002bf181c"",""parameter_set_equivalence_family_size"":1,""parameter_set_id"":""1c0b5b0e68d2"",""parameters"":{""bbox_padding_fraction"":0.04,""line_join_fraction"":0.018,""maximum_component_area_fraction"":0.005,""minimum_component_area_fraction"":1e-05,""minimum_line_count"":2,""minimum_text_coverage_fraction"":0.08},""profile"":null,""rank"":4,""reference_roles"":[],""requested_search_member"":true,""run_id"":""run-20260902-204908"",""search_observation"":{""completion_index"":8,""elapsed_seconds"":0.18437294196337461,""parameter_set_number"":8,""search_fraction"":0.8},""search_rank"":2,""search_space_member"":true,""summary"":{""elapsed_ms_total"":65.619,""failure_count"":4,""mean_edge_error_px"":123.0,""mean_iou"":0.11582199,""mean_iou_success"":0.57910994,""minimum_iou"":0.0,""page_count"":5,""stddev_iou"":0.23164398,""success_count"":1,""wall_ms"":65.931}}","{""approved_bbox"":[15,28,1074,970],""candidate"":{""authors"":null,""bbox"":[304,204,1088,983],""confidence"":0.55,""corners"":[[504.8209228515625,948.8157958984375],[343.4488525390625,736.6085205078125],[991.5743408203125,243.74427795410156],[1152.9464111328125,455.9515380859375]],""detector_name"":"""",""diagnostics"":{""component_count"":134,""evidence"":""text_line_envelope"",""line_count"":3,""parameters"":{""bbox_padding_fraction"":0.04,""line_join_fraction"":0.018,""maximum_component_area_fraction"":0.005,""minimum_component_area_fraction"":1e-05,""minimum_line_count"":2,""minimum_text_coverage_fraction"":0.08},""text_coverage"":0.13265134823208477},""foundation"":null,""method"":""text_flow"",""origin"":"""",""repository"":"""",""score"":0.55,""status"":""ok"",""version"":""""},""edge_error_maximum_px"":289,""edge_error_mean_px"":123.0,""edge_errors"":{""bottom"":13,""left"":289,""maximum"":289,""mean"":123.0,""right"":14,""top"":176},""elapsed_ms"":3.124,""global_ordinal"":6,""iou"":0.57910994,""label"":""title_or_index_sheet"",""layout_type"":""single_page"",""predicted_bbox"":[304,204,1088,983],""status"":""ok""}"
run-20260902-204908,1c0b5b0e68d2,1c0b5b0e68d2ea1d33ef88d0e70218b5c5c372ca37160f4cf5d566b002bf181c,1,1c0b5b0e68d2,68f91d7c4fd6dc463749c96318e338657c71a7d885348e706dc002022b791eea,1,4ba1a84530cf9ff3ddd49fe60cdbcd5175403dce200ecd14c52805d4f0fcdf1a,5,,4,2,1,1,[],{},8,0.18437294196337461,0.8,9,clean_two_page_spread,two_page_spread,no_candidate,0.0,,,,,,,8.804,null,null,"{""bbox_padding_fraction"":0.04,""line_join_fraction"":0.018,""maximum_component_area_fraction"":0.005,""minimum_component_area_fraction"":1e-05,""minimum_line_count"":2,""minimum_text_coverage_fraction"":0.08}",,,"{""legacy_parameter_set_id"":""1c0b5b0e68d2"",""parameter_grid_ordinal"":5,""parameter_grid_sha256"":""4ba1a84530cf9ff3ddd49fe60cdbcd5175403dce200ecd14c52805d4f0fcdf1a"",""parameter_identity_schema_version"":""1"",""parameter_identity_sha256"":""68f91d7c4fd6dc463749c96318e338657c71a7d885348e706dc002022b791eea"",""parameter_schema_version"":""1"",""parameter_set_equivalence_family_id"":""1c0b5b0e68d2"",""parameter_set_equivalence_family_sha256"":""1c0b5b0e68d2ea1d33ef88d0e70218b5c5c372ca37160f4cf5d566b002bf181c"",""parameter_set_equivalence_family_size"":1,""parameter_set_id"":""1c0b5b0e68d2"",""parameters"":{""bbox_padding_fraction"":0.04,""line_join_fraction"":0.018,""maximum_component_area_fraction"":0.005,""minimum_component_area_fraction"":1e-05,""minimum_line_count"":2,""minimum_text_coverage_fraction"":0.08},""profile"":null,""rank"":4,""reference_roles"":[],""requested_search_member"":true,""run_id"":""run-20260902-204908"",""search_observation"":{""completion_index"":8,""elapsed_seconds"":0.18437294196337461,""parameter_set_number"":8,""search_fraction"":0.8},""search_rank"":2,""search_space_member"":true,""summary"":{""elapsed_ms_total"":65.619,""failure_count"":4,""mean_edge_error_px"":123.0,""mean_iou"":0.11582199,""mean_iou_success"":0.57910994,""minimum_iou"":0.0,""page_count"":5,""stddev_iou"":0.23164398,""success_count"":1,""wall_ms"":65.931}}","{""candidate"":{""authors"":null,""bbox"":null,""confidence"":0,""corners"":null,""detector_name"":"""",""diagnostics"":{""line_count"":0,""parameters"":{""bbox_padding_fraction"":0.04,""line_join_fraction"":0.018,""maximum_component_area_fraction"":0.005,""minimum_component_area_fraction"":1e-05,""minimum_line_count"":2,""minimum_text_coverage_fraction"":0.08},""reason"":""insufficient_text_lines""},""foundation"":null,""method"":""text_flow"",""origin"":"""",""repository"":"""",""score"":0,""status"":""no_candidate"",""version"":""""},""edge_error_maximum_px"":null,""edge_error_mean_px"":null,""elapsed_ms"":8.804,""global_ordinal"":9,""iou"":0.0,""label"":""clean_two_page_spread"",""layout_type"":""two_page_spread"",""status"":""no_candidate""}"
run-20260902-204908,1c0b5b0e68d2,1c0b5b0e68d2ea1d33ef88d0e70218b5c5c372ca37160f4cf5d566b002bf181c,1,1c0b5b0e68d2,68f91d7c4fd6dc463749c96318e338657c71a7d885348e706dc002022b791eea,1,4ba1a84530cf9ff3ddd49fe60cdbcd5175403dce200ecd14c52805d4f0fcdf1a,5,,4,2,1,1,[],{},8,0.18437294196337461,0.8,10,clean_two_page_spread_2,two_page_spread,no_candidate,0.0,,,,,,,8.053,null,null,"{""bbox_padding_fraction"":0.04,""line_join_fraction"":0.018,""maximum_component_area_fraction"":0.005,""minimum_component_area_fraction"":1e-05,""minimum_line_count"":2,""minimum_text_coverage_fraction"":0.08}",,,"{""legacy_parameter_set_id"":""1c0b5b0e68d2"",""parameter_grid_ordinal"":5,""parameter_grid_sha256"":""4ba1a84530cf9ff3ddd49fe60cdbcd5175403dce200ecd14c52805d4f0fcdf1a"",""parameter_identity_schema_version"":""1"",""parameter_identity_sha256"":""68f91d7c4fd6dc463749c96318e338657c71a7d885348e706dc002022b791eea"",""parameter_schema_version"":""1"",""parameter_set_equivalence_family_id"":""1c0b5b0e68d2"",""parameter_set_equivalence_family_sha256"":""1c0b5b0e68d2ea1d33ef88d0e70218b5c5c372ca37160f4cf5d566b002bf181c"",""parameter_set_equivalence_family_size"":1,""parameter_set_id"":""1c0b5b0e68d2"",""parameters"":{""bbox_padding_fraction"":0.04,""line_join_fraction"":0.018,""maximum_component_area_fraction"":0.005,""minimum_component_area_fraction"":1e-05,""minimum_line_count"":2,""minimum_text_coverage_fraction"":0.08},""profile"":null,""rank"":4,""reference_roles"":[],""requested_search_member"":true,""run_id"":""run-20260902-204908"",""search_observation"":{""completion_index"":8,""elapsed_seconds"":0.18437294196337461,""parameter_set_number"":8,""search_fraction"":0.8},""search_rank"":2,""search_space_member"":true,""summary"":{""elapsed_ms_total"":65.619,""failure_count"":4,""mean_edge_error_px"":123.0,""mean_iou"":0.11582199,""mean_iou_success"":0.57910994,""minimum_iou"":0.0,""page_count"":5,""stddev_iou"":0.23164398,""success_count"":1,""wall_ms"":65.931}}","{""candidate"":{""authors"":null,""bbox"":null,""confidence"":0,""corners"":null,""detector_name"":"""",""diagnostics"":{""line_count"":0,""parameters"":{""bbox_padding_fraction"":0.04,""line_join_fraction"":0.018,""maximum_component_area_fraction"":0.005,""minimum_component_area_fraction"":1e-05,""minimum_line_count"":2,""minimum_text_coverage_fraction"":0.08},""reason"":""insufficient_text_lines""},""foundation"":null,""method"":""text_flow"",""origin"":"""",""repository"":"""",""score"":0,""status"":""no_candidate"",""version"":""""},""edge_error_maximum_px"":null,""edge_error_mean_px"":null,""elapsed_ms"":8.053,""global_ordinal"":10,""iou"":0.0,""label"":""clean_two_page_spread_2"",""layout_type"":""two_page_spread"",""status"":""no_candidate""}"
run-20260902-204908,755592f2b19d,755592f2b19de4507651fd7944dad86bb681d3eeea5da302a87e79cd281c5adc,1,755592f2b19d,d24e2907ac92d21ffd5352a28abd1f07a55e499612da4c58b71a200c3253d1a0,1,4ba1a84530cf9ff3ddd49fe60cdbcd5175403dce200ecd14c52805d4f0fcdf1a,1,,5,3,1,1,[],{},3,0.17216261196881533,0.3,1,ordinary_two_page_spread,two_page_spread,no_candidate,0.0,,,,,,,15.514,null,null,"{""bbox_padding_fraction"":0.02,""line_join_fraction"":0.018,""maximum_component_area_fraction"":0.005,""minimum_component_area_fraction"":1e-05,""minimum_line_count"":2,""minimum_text_coverage_fraction"":0.04}",,,"{""legacy_parameter_set_id"":""755592f2b19d"",""parameter_grid_ordinal"":1,""parameter_grid_sha256"":""4ba1a84530cf9ff3ddd49fe60cdbcd5175403dce200ecd14c52805d4f0fcdf1a"",""parameter_identity_schema_version"":""1"",""parameter_identity_sha256"":""d24e2907ac92d21ffd5352a28abd1f07a55e499612da4c58b71a200c3253d1a0"",""parameter_schema_version"":""1"",""parameter_set_equivalence_family_id"":""755592f2b19d"",""parameter_set_equivalence_family_sha256"":""755592f2b19de4507651fd7944dad86bb681d3eeea5da302a87e79cd281c5adc"",""parameter_set_equivalence_family_size"":1,""parameter_set_id"":""755592f2b19d"",""parameters"":{""bbox_padding_fraction"":0.02,""line_join_fraction"":0.018,""maximum_component_area_fraction"":0.005,""minimum_component_area_fraction"":1e-05,""minimum_line_count"":2,""minimum_text_coverage_fraction"":0.04},""profile"":null,""rank"":5,""reference_roles"":[],""requested_search_member"":true,""run_id"":""run-20260902-204908"",""search_observation"":{""completion_index"":3,""elapsed_seconds"":0.17216261196881533,""parameter_set_number"":3,""search_fraction"":0.3},""search_rank"":3,""search_space_member"":true,""summary"":{""elapsed_ms_total"":74.901,""failure_count"":4,""mean_edge_error_px"":129.5,""mean_iou"":0.11115749,""mean_iou_success"":0.55578747,""minimum_iou"":0.0,""page_count"":5,""stddev_iou"":0.22231499,""success_count"":1,""wall_ms"":75.149}}","{""candidate"":{""authors"":null,""bbox"":null,""confidence"":0,""corners"":null,""detector_name"":"""",""diagnostics"":{""line_count"":0,""parameters"":{""bbox_padding_fraction"":0.02,""line_join_fraction"":0.018,""maximum_component_area_fraction"":0.005,""minimum_component_area_fraction"":1e-05,""minimum_line_count"":2,""minimum_text_coverage_fraction"":0.04},""reason"":""insufficient_text_lines""},""foundation"":null,""method"":""text_flow"",""origin"":"""",""repository"":"""",""score"":0,""status"":""no_candidate"",""version"":""""},""edge_error_maximum_px"":null,""edge_error_mean_px"":null,""elapsed_ms"":15.514,""global_ordinal"":1,""iou"":0.0,""label"":""ordinary_two_page_spread"",""layout_type"":""two_page_spread"",""status"":""no_candidate""}"
run-20260902-204908,755592f2b19d,755592f2b19de4507651fd7944dad86bb681d3eeea5da302a87e79cd281c5adc,1,755592f2b19d,d24e2907ac92d21ffd5352a28abd1f07a55e499612da4c58b71a200c3253d1a0,1,4ba1a84530cf9ff3ddd49fe60cdbcd5175403dce200ecd14c52805d4f0fcdf1a,1,,5,3,1,1,[],{},3,0.17216261196881533,0.3,5,damaged_partial_register_spread,two_page_spread,no_candidate,0.0,,,,,,,9.59,null,null,"{""bbox_padding_fraction"":0.02,""line_join_fraction"":0.018,""maximum_component_area_fraction"":0.005,""minimum_component_area_fraction"":1e-05,""minimum_line_count"":2,""minimum_text_coverage_fraction"":0.04}",,,"{""legacy_parameter_set_id"":""755592f2b19d"",""parameter_grid_ordinal"":1,""parameter_grid_sha256"":""4ba1a84530cf9ff3ddd49fe60cdbcd5175403dce200ecd14c52805d4f0fcdf1a"",""parameter_identity_schema_version"":""1"",""parameter_identity_sha256"":""d24e2907ac92d21ffd5352a28abd1f07a55e499612da4c58b71a200c3253d1a0"",""parameter_schema_version"":""1"",""parameter_set_equivalence_family_id"":""755592f2b19d"",""parameter_set_equivalence_family_sha256"":""755592f2b19de4507651fd7944dad86bb681d3eeea5da302a87e79cd281c5adc"",""parameter_set_equivalence_family_size"":1,""parameter_set_id"":""755592f2b19d"",""parameters"":{""bbox_padding_fraction"":0.02,""line_join_fraction"":0.018,""maximum_component_area_fraction"":0.005,""minimum_component_area_fraction"":1e-05,""minimum_line_count"":2,""minimum_text_coverage_fraction"":0.04},""profile"":null,""rank"":5,""reference_roles"":[],""requested_search_member"":true,""run_id"":""run-20260902-204908"",""search_observation"":{""completion_index"":3,""elapsed_seconds"":0.17216261196881533,""parameter_set_number"":3,""search_fraction"":0.3},""search_rank"":3,""search_space_member"":true,""summary"":{""elapsed_ms_total"":74.901,""failure_count"":4,""mean_edge_error_px"":129.5,""mean_iou"":0.11115749,""mean_iou_success"":0.55578747,""minimum_iou"":0.0,""page_count"":5,""stddev_iou"":0.22231499,""success_count"":1,""wall_ms"":75.149}}","{""candidate"":{""authors"":null,""bbox"":null,""confidence"":0,""corners"":null,""detector_name"":"""",""diagnostics"":{""line_count"":0,""parameters"":{""bbox_padding_fraction"":0.02,""line_join_fraction"":0.018,""maximum_component_area_fraction"":0.005,""minimum_component_area_fraction"":1e-05,""minimum_line_count"":2,""minimum_text_coverage_fraction"":0.04},""reason"":""insufficient_text_lines""},""foundation"":null,""method"":""text_flow"",""origin"":"""",""repository"":"""",""score"":0,""status"":""no_candidate"",""version"":""""},""edge_error_maximum_px"":null,""edge_error_mean_px"":null,""elapsed_ms"":9.59,""global_ordinal"":5,""iou"":0.0,""label"":""damaged_partial_register_spread"",""layout_type"":""two_page_spread"",""status"":""no_candidate""}"
run-20260902-204908,755592f2b19d,755592f2b19de4507651fd7944dad86bb681d3eeea5da302a87e79cd281c5adc,1,755592f2b19d,d24e2907ac92d21ffd5352a28abd1f07a55e499612da4c58b71a200c3253d1a0,1,4ba1a84530cf9ff3ddd49fe60cdbcd5175403dce200ecd14c52805d4f0fcdf1a,1,,5,3,1,1,[],{},3,0.17216261196881533,0.3,6,title_or_index_sheet,single_page,ok,0.55578747,308,195,14,1,129.5,308,15.409,"[15, 28, 1074, 970]","[323, 223, 1088, 969]","{""bbox_padding_fraction"":0.02,""line_join_fraction"":0.018,""maximum_component_area_fraction"":0.005,""minimum_component_area_fraction"":1e-05,""minimum_line_count"":2,""minimum_text_coverage_fraction"":0.04}",,,"{""legacy_parameter_set_id"":""755592f2b19d"",""parameter_grid_ordinal"":1,""parameter_grid_sha256"":""4ba1a84530cf9ff3ddd49fe60cdbcd5175403dce200ecd14c52805d4f0fcdf1a"",""parameter_identity_schema_version"":""1"",""parameter_identity_sha256"":""d24e2907ac92d21ffd5352a28abd1f07a55e499612da4c58b71a200c3253d1a0"",""parameter_schema_version"":""1"",""parameter_set_equivalence_family_id"":""755592f2b19d"",""parameter_set_equivalence_family_sha256"":""755592f2b19de4507651fd7944dad86bb681d3eeea5da302a87e79cd281c5adc"",""parameter_set_equivalence_family_size"":1,""parameter_set_id"":""755592f2b19d"",""parameters"":{""bbox_padding_fraction"":0.02,""line_join_fraction"":0.018,""maximum_component_area_fraction"":0.005,""minimum_component_area_fraction"":1e-05,""minimum_line_count"":2,""minimum_text_coverage_fraction"":0.04},""profile"":null,""rank"":5,""reference_roles"":[],""requested_search_member"":true,""run_id"":""run-20260902-204908"",""search_observation"":{""completion_index"":3,""elapsed_seconds"":0.17216261196881533,""parameter_set_number"":3,""search_fraction"":0.3},""search_rank"":3,""search_space_member"":true,""summary"":{""elapsed_ms_total"":74.901,""failure_count"":4,""mean_edge_error_px"":129.5,""mean_iou"":0.11115749,""mean_iou_success"":0.55578747,""minimum_iou"":0.0,""page_count"":5,""stddev_iou"":0.22231499,""success_count"":1,""wall_ms"":75.149}}","{""approved_bbox"":[15,28,1074,970],""candidate"":{""authors"":null,""bbox"":[323,223,1088,969],""confidence"":0.55,""corners"":[[504.8209228515625,948.8157958984375],[343.4488525390625,736.6085205078125],[991.5743408203125,243.74427795410156],[1152.9464111328125,455.9515380859375]],""detector_name"":"""",""diagnostics"":{""component_count"":134,""evidence"":""text_line_envelope"",""line_count"":3,""parameters"":{""bbox_padding_fraction"":0.02,""line_join_fraction"":0.018,""maximum_component_area_fraction"":0.005,""minimum_component_area_fraction"":1e-05,""minimum_line_count"":2,""minimum_text_coverage_fraction"":0.04},""text_coverage"":0.13265134823208477},""foundation"":null,""method"":""text_flow"",""origin"":"""",""repository"":"""",""score"":0.55,""status"":""ok"",""version"":""""},""edge_error_maximum_px"":308,""edge_error_mean_px"":129.5,""edge_errors"":{""bottom"":1,""left"":308,""maximum"":308,""mean"":129.5,""right"":14,""top"":195},""elapsed_ms"":15.409,""global_ordinal"":6,""iou"":0.55578747,""label"":""title_or_index_sheet"",""layout_type"":""single_page"",""predicted_bbox"":[323,223,1088,969],""status"":""ok""}"
run-20260902-204908,755592f2b19d,755592f2b19de4507651fd7944dad86bb681d3eeea5da302a87e79cd281c5adc,1,755592f2b19d,d24e2907ac92d21ffd5352a28abd1f07a55e499612da4c58b71a200c3253d1a0,1,4ba1a84530cf9ff3ddd49fe60cdbcd5175403dce200ecd14c52805d4f0fcdf1a,1,,5,3,1,1,[],{},3,0.17216261196881533,0.3,9,clean_two_page_spread,two_page_spread,no_candidate,0.0,,,,,,,23.715,null,null,"{""bbox_padding_fraction"":0.02,""line_join_fraction"":0.018,""maximum_component_area_fraction"":0.005,""minimum_component_area_fraction"":1e-05,""minimum_line_count"":2,""minimum_text_coverage_fraction"":0.04}",,,"{""legacy_parameter_set_id"":""755592f2b19d"",""parameter_grid_ordinal"":1,""parameter_grid_sha256"":""4ba1a84530cf9ff3ddd49fe60cdbcd5175403dce200ecd14c52805d4f0fcdf1a"",""parameter_identity_schema_version"":""1"",""parameter_identity_sha256"":""d24e2907ac92d21ffd5352a28abd1f07a55e499612da4c58b71a200c3253d1a0"",""parameter_schema_version"":""1"",""parameter_set_equivalence_family_id"":""755592f2b19d"",""parameter_set_equivalence_family_sha256"":""755592f2b19de4507651fd7944dad86bb681d3eeea5da302a87e79cd281c5adc"",""parameter_set_equivalence_family_size"":1,""parameter_set_id"":""755592f2b19d"",""parameters"":{""bbox_padding_fraction"":0.02,""line_join_fraction"":0.018,""maximum_component_area_fraction"":0.005,""minimum_component_area_fraction"":1e-05,""minimum_line_count"":2,""minimum_text_coverage_fraction"":0.04},""profile"":null,""rank"":5,""reference_roles"":[],""requested_search_member"":true,""run_id"":""run-20260902-204908"",""search_observation"":{""completion_index"":3,""elapsed_seconds"":0.17216261196881533,""parameter_set_number"":3,""search_fraction"":0.3},""search_rank"":3,""search_space_member"":true,""summary"":{""elapsed_ms_total"":74.901,""failure_count"":4,""mean_edge_error_px"":129.5,""mean_iou"":0.11115749,""mean_iou_success"":0.55578747,""minimum_iou"":0.0,""page_count"":5,""stddev_iou"":0.22231499,""success_count"":1,""wall_ms"":75.149}}","{""candidate"":{""authors"":null,""bbox"":null,""confidence"":0,""corners"":null,""detector_name"":"""",""diagnostics"":{""line_count"":0,""parameters"":{""bbox_padding_fraction"":0.02,""line_join_fraction"":0.018,""maximum_component_area_fraction"":0.005,""minimum_component_area_fraction"":1e-05,""minimum_line_count"":2,""minimum_text_coverage_fraction"":0.04},""reason"":""insufficient_text_lines""},""foundation"":null,""method"":""text_flow"",""origin"":"""",""repository"":"""",""score"":0,""status"":""no_candidate"",""version"":""""},""edge_error_maximum_px"":null,""edge_error_mean_px"":null,""elapsed_ms"":23.715,""global_ordinal"":9,""iou"":0.0,""label"":""clean_two_page_spread"",""layout_type"":""two_page_spread"",""status"":""no_candidate""}"
run-20260902-204908,755592f2b19d,755592f2b19de4507651fd7944dad86bb681d3eeea5da302a87e79cd281c5adc,1,755592f2b19d,d24e2907ac92d21ffd5352a28abd1f07a55e499612da4c58b71a200c3253d1a0,1,4ba1a84530cf9ff3ddd49fe60cdbcd5175403dce200ecd14c52805d4f0fcdf1a,1,,5,3,1,1,[],{},3,0.17216261196881533,0.3,10,clean_two_page_spread_2,two_page_spread,no_candidate,0.0,,,,,,,10.673,null,null,"{""bbox_padding_fraction"":0.02,""line_join_fraction"":0.018,""maximum_component_area_fraction"":0.005,""minimum_component_area_fraction"":1e-05,""minimum_line_count"":2,""minimum_text_coverage_fraction"":0.04}",,,"{""legacy_parameter_set_id"":""755592f2b19d"",""parameter_grid_ordinal"":1,""parameter_grid_sha256"":""4ba1a84530cf9ff3ddd49fe60cdbcd5175403dce200ecd14c52805d4f0fcdf1a"",""parameter_identity_schema_version"":""1"",""parameter_identity_sha256"":""d24e2907ac92d21ffd5352a28abd1f07a55e499612da4c58b71a200c3253d1a0"",""parameter_schema_version"":""1"",""parameter_set_equivalence_family_id"":""755592f2b19d"",""parameter_set_equivalence_family_sha256"":""755592f2b19de4507651fd7944dad86bb681d3eeea5da302a87e79cd281c5adc"",""parameter_set_equivalence_family_size"":1,""parameter_set_id"":""755592f2b19d"",""parameters"":{""bbox_padding_fraction"":0.02,""line_join_fraction"":0.018,""maximum_component_area_fraction"":0.005,""minimum_component_area_fraction"":1e-05,""minimum_line_count"":2,""minimum_text_coverage_fraction"":0.04},""profile"":null,""rank"":5,""reference_roles"":[],""requested_search_member"":true,""run_id"":""run-20260902-204908"",""search_observation"":{""completion_index"":3,""elapsed_seconds"":0.17216261196881533,""parameter_set_number"":3,""search_fraction"":0.3},""search_rank"":3,""search_space_member"":true,""summary"":{""elapsed_ms_total"":74.901,""failure_count"":4,""mean_edge_error_px"":129.5,""mean_iou"":0.11115749,""mean_iou_success"":0.55578747,""minimum_iou"":0.0,""page_count"":5,""stddev_iou"":0.22231499,""success_count"":1,""wall_ms"":75.149}}","{""candidate"":{""authors"":null,""bbox"":null,""confidence"":0,""corners"":null,""detector_name"":"""",""diagnostics"":{""line_count"":0,""parameters"":{""bbox_padding_fraction"":0.02,""line_join_fraction"":0.018,""maximum_component_area_fraction"":0.005,""minimum_component_area_fraction"":1e-05,""minimum_line_count"":2,""minimum_text_coverage_fraction"":0.04},""reason"":""insufficient_text_lines""},""foundation"":null,""method"":""text_flow"",""origin"":"""",""repository"":"""",""score"":0,""status"":""no_candidate"",""version"":""""},""edge_error_maximum_px"":null,""edge_error_mean_px"":null,""elapsed_ms"":10.673,""global_ordinal"":10,""iou"":0.0,""label"":""clean_two_page_spread_2"",""layout_type"":""two_page_spread"",""status"":""no_candidate""}"
run-20260902-204908,aed529db32b1,aed529db32b1097ecca481ba35ce71ec4fe1ebfc787d8be3ec51565886b58325,1,aed529db32b1,aeb73d85ced97e6dc695067df5f7cba133930828537bc603e6f4c417aeac5f3b,1,4ba1a84530cf9ff3ddd49fe60cdbcd5175403dce200ecd14c52805d4f0fcdf1a,4,,6,4,1,1,[],{},5,0.17952271876856685,0.5,1,ordinary_two_page_spread,two_page_spread,no_candidate,0.0,,,,,,,18.628,null,null,"{""bbox_padding_fraction"":0.02,""line_join_fraction"":0.018,""maximum_component_area_fraction"":0.005,""minimum_component_area_fraction"":1e-05,""minimum_line_count"":2,""minimum_text_coverage_fraction"":0.08}",,,"{""legacy_parameter_set_id"":""aed529db32b1"",""parameter_grid_ordinal"":4,""parameter_grid_sha256"":""4ba1a84530cf9ff3ddd49fe60cdbcd5175403dce200ecd14c52805d4f0fcdf1a"",""parameter_identity_schema_version"":""1"",""parameter_identity_sha256"":""aeb73d85ced97e6dc695067df5f7cba133930828537bc603e6f4c417aeac5f3b"",""parameter_schema_version"":""1"",""parameter_set_equivalence_family_id"":""aed529db32b1"",""parameter_set_equivalence_family_sha256"":""aed529db32b1097ecca481ba35ce71ec4fe1ebfc787d8be3ec51565886b58325"",""parameter_set_equivalence_family_size"":1,""parameter_set_id"":""aed529db32b1"",""parameters"":{""bbox_padding_fraction"":0.02,""line_join_fraction"":0.018,""maximum_component_area_fraction"":0.005,""minimum_component_area_fraction"":1e-05,""minimum_line_count"":2,""minimum_text_coverage_fraction"":0.08},""profile"":null,""rank"":6,""reference_roles"":[],""requested_search_member"":true,""run_id"":""run-20260902-204908"",""search_observation"":{""completion_index"":5,""elapsed_seconds"":0.17952271876856685,""parameter_set_number"":5,""search_fraction"":0.5},""search_rank"":4,""search_space_member"":true,""summary"":{""elapsed_ms_total"":61.198,""failure_count"":4,""mean_edge_error_px"":129.5,""mean_iou"":0.11115749,""mean_iou_success"":0.55578747,""minimum_iou"":0.0,""page_count"":5,""stddev_iou"":0.22231499,""success_count"":1,""wall_ms"":61.534}}","{""candidate"":{""authors"":null,""bbox"":null,""confidence"":0,""corners"":null,""detector_name"":"""",""diagnostics"":{""line_count"":0,""parameters"":{""bbox_padding_fraction"":0.02,""line_join_fraction"":0.018,""maximum_component_area_fraction"":0.005,""minimum_component_area_fraction"":1e-05,""minimum_line_count"":2,""minimum_text_coverage_fraction"":0.08},""reason"":""insufficient_text_lines""},""foundation"":null,""method"":""text_flow"",""origin"":"""",""repository"":"""",""score"":0,""status"":""no_candidate"",""version"":""""},""edge_error_maximum_px"":null,""edge_error_mean_px"":null,""elapsed_ms"":18.628,""global_ordinal"":1,""iou"":0.0,""label"":""ordinary_two_page_spread"",""layout_type"":""two_page_spread"",""status"":""no_candidate""}"
run-20260902-204908,aed529db32b1,aed529db32b1097ecca481ba35ce71ec4fe1ebfc787d8be3ec51565886b58325,1,aed529db32b1,aeb73d85ced97e6dc695067df5f7cba133930828537bc603e6f4c417aeac5f3b,1,4ba1a84530cf9ff3ddd49fe60cdbcd5175403dce200ecd14c52805d4f0fcdf1a,4,,6,4,1,1,[],{},5,0.17952271876856685,0.5,5,damaged_partial_register_spread,two_page_spread,no_candidate,0.0,,,,,,,8.248,null,null,"{""bbox_padding_fraction"":0.02,""line_join_fraction"":0.018,""maximum_component_area_fraction"":0.005,""minimum_component_area_fraction"":1e-05,""minimum_line_count"":2,""minimum_text_coverage_fraction"":0.08}",,,"{""legacy_parameter_set_id"":""aed529db32b1"",""parameter_grid_ordinal"":4,""parameter_grid_sha256"":""4ba1a84530cf9ff3ddd49fe60cdbcd5175403dce200ecd14c52805d4f0fcdf1a"",""parameter_identity_schema_version"":""1"",""parameter_identity_sha256"":""aeb73d85ced97e6dc695067df5f7cba133930828537bc603e6f4c417aeac5f3b"",""parameter_schema_version"":""1"",""parameter_set_equivalence_family_id"":""aed529db32b1"",""parameter_set_equivalence_family_sha256"":""aed529db32b1097ecca481ba35ce71ec4fe1ebfc787d8be3ec51565886b58325"",""parameter_set_equivalence_family_size"":1,""parameter_set_id"":""aed529db32b1"",""parameters"":{""bbox_padding_fraction"":0.02,""line_join_fraction"":0.018,""maximum_component_area_fraction"":0.005,""minimum_component_area_fraction"":1e-05,""minimum_line_count"":2,""minimum_text_coverage_fraction"":0.08},""profile"":null,""rank"":6,""reference_roles"":[],""requested_search_member"":true,""run_id"":""run-20260902-204908"",""search_observation"":{""completion_index"":5,""elapsed_seconds"":0.17952271876856685,""parameter_set_number"":5,""search_fraction"":0.5},""search_rank"":4,""search_space_member"":true,""summary"":{""elapsed_ms_total"":61.198,""failure_count"":4,""mean_edge_error_px"":129.5,""mean_iou"":0.11115749,""mean_iou_success"":0.55578747,""minimum_iou"":0.0,""page_count"":5,""stddev_iou"":0.22231499,""success_count"":1,""wall_ms"":61.534}}","{""candidate"":{""authors"":null,""bbox"":null,""confidence"":0,""corners"":null,""detector_name"":"""",""diagnostics"":{""line_count"":0,""parameters"":{""bbox_padding_fraction"":0.02,""line_join_fraction"":0.018,""maximum_component_area_fraction"":0.005,""minimum_component_area_fraction"":1e-05,""minimum_line_count"":2,""minimum_text_coverage_fraction"":0.08},""reason"":""insufficient_text_lines""},""foundation"":null,""method"":""text_flow"",""origin"":"""",""repository"":"""",""score"":0,""status"":""no_candidate"",""version"":""""},""edge_error_maximum_px"":null,""edge_error_mean_px"":null,""elapsed_ms"":8.248,""global_ordinal"":5,""iou"":0.0,""label"":""damaged_partial_register_spread"",""layout_type"":""two_page_spread"",""status"":""no_candidate""}"
run-20260902-204908,aed529db32b1,aed529db32b1097ecca481ba35ce71ec4fe1ebfc787d8be3ec51565886b58325,1,aed529db32b1,aeb73d85ced97e6dc695067df5f7cba133930828537bc603e6f4c417aeac5f3b,1,4ba1a84530cf9ff3ddd49fe60cdbcd5175403dce200ecd14c52805d4f0fcdf1a,4,,6,4,1,1,[],{},5,0.17952271876856685,0.5,6,title_or_index_sheet,single_page,ok,0.55578747,308,195,14,1,129.5,308,8.664,"[15, 28, 1074, 970]","[323, 223, 1088, 969]","{""bbox_padding_fraction"":0.02,""line_join_fraction"":0.018,""maximum_component_area_fraction"":0.005,""minimum_component_area_fraction"":1e-05,""minimum_line_count"":2,""minimum_text_coverage_fraction"":0.08}",,,"{""legacy_parameter_set_id"":""aed529db32b1"",""parameter_grid_ordinal"":4,""parameter_grid_sha256"":""4ba1a84530cf9ff3ddd49fe60cdbcd5175403dce200ecd14c52805d4f0fcdf1a"",""parameter_identity_schema_version"":""1"",""parameter_identity_sha256"":""aeb73d85ced97e6dc695067df5f7cba133930828537bc603e6f4c417aeac5f3b"",""parameter_schema_version"":""1"",""parameter_set_equivalence_family_id"":""aed529db32b1"",""parameter_set_equivalence_family_sha256"":""aed529db32b1097ecca481ba35ce71ec4fe1ebfc787d8be3ec51565886b58325"",""parameter_set_equivalence_family_size"":1,""parameter_set_id"":""aed529db32b1"",""parameters"":{""bbox_padding_fraction"":0.02,""line_join_fraction"":0.018,""maximum_component_area_fraction"":0.005,""minimum_component_area_fraction"":1e-05,""minimum_line_count"":2,""minimum_text_coverage_fraction"":0.08},""profile"":null,""rank"":6,""reference_roles"":[],""requested_search_member"":true,""run_id"":""run-20260902-204908"",""search_observation"":{""completion_index"":5,""elapsed_seconds"":0.17952271876856685,""parameter_set_number"":5,""search_fraction"":0.5},""search_rank"":4,""search_space_member"":true,""summary"":{""elapsed_ms_total"":61.198,""failure_count"":4,""mean_edge_error_px"":129.5,""mean_iou"":0.11115749,""mean_iou_success"":0.55578747,""minimum_iou"":0.0,""page_count"":5,""stddev_iou"":0.22231499,""success_count"":1,""wall_ms"":61.534}}","{""approved_bbox"":[15,28,1074,970],""candidate"":{""authors"":null,""bbox"":[323,223,1088,969],""confidence"":0.55,""corners"":[[504.8209228515625,948.8157958984375],[343.4488525390625,736.6085205078125],[991.5743408203125,243.74427795410156],[1152.9464111328125,455.9515380859375]],""detector_name"":"""",""diagnostics"":{""component_count"":134,""evidence"":""text_line_envelope"",""line_count"":3,""parameters"":{""bbox_padding_fraction"":0.02,""line_join_fraction"":0.018,""maximum_component_area_fraction"":0.005,""minimum_component_area_fraction"":1e-05,""minimum_line_count"":2,""minimum_text_coverage_fraction"":0.08},""text_coverage"":0.13265134823208477},""foundation"":null,""method"":""text_flow"",""origin"":"""",""repository"":"""",""score"":0.55,""status"":""ok"",""version"":""""},""edge_error_maximum_px"":308,""edge_error_mean_px"":129.5,""edge_errors"":{""bottom"":1,""left"":308,""maximum"":308,""mean"":129.5,""right"":14,""top"":195},""elapsed_ms"":8.664,""global_ordinal"":6,""iou"":0.55578747,""label"":""title_or_index_sheet"",""layout_type"":""single_page"",""predicted_bbox"":[323,223,1088,969],""status"":""ok""}"
run-20260902-204908,aed529db32b1,aed529db32b1097ecca481ba35ce71ec4fe1ebfc787d8be3ec51565886b58325,1,aed529db32b1,aeb73d85ced97e6dc695067df5f7cba133930828537bc603e6f4c417aeac5f3b,1,4ba1a84530cf9ff3ddd49fe60cdbcd5175403dce200ecd14c52805d4f0fcdf1a,4,,6,4,1,1,[],{},5,0.17952271876856685,0.5,9,clean_two_page_spread,two_page_spread,no_candidate,0.0,,,,,,,17.386,null,null,"{""bbox_padding_fraction"":0.02,""line_join_fraction"":0.018,""maximum_component_area_fraction"":0.005,""minimum_component_area_fraction"":1e-05,""minimum_line_count"":2,""minimum_text_coverage_fraction"":0.08}",,,"{""legacy_parameter_set_id"":""aed529db32b1"",""parameter_grid_ordinal"":4,""parameter_grid_sha256"":""4ba1a84530cf9ff3ddd49fe60cdbcd5175403dce200ecd14c52805d4f0fcdf1a"",""parameter_identity_schema_version"":""1"",""parameter_identity_sha256"":""aeb73d85ced97e6dc695067df5f7cba133930828537bc603e6f4c417aeac5f3b"",""parameter_schema_version"":""1"",""parameter_set_equivalence_family_id"":""aed529db32b1"",""parameter_set_equivalence_family_sha256"":""aed529db32b1097ecca481ba35ce71ec4fe1ebfc787d8be3ec51565886b58325"",""parameter_set_equivalence_family_size"":1,""parameter_set_id"":""aed529db32b1"",""parameters"":{""bbox_padding_fraction"":0.02,""line_join_fraction"":0.018,""maximum_component_area_fraction"":0.005,""minimum_component_area_fraction"":1e-05,""minimum_line_count"":2,""minimum_text_coverage_fraction"":0.08},""profile"":null,""rank"":6,""reference_roles"":[],""requested_search_member"":true,""run_id"":""run-20260902-204908"",""search_observation"":{""completion_index"":5,""elapsed_seconds"":0.17952271876856685,""parameter_set_number"":5,""search_fraction"":0.5},""search_rank"":4,""search_space_member"":true,""summary"":{""elapsed_ms_total"":61.198,""failure_count"":4,""mean_edge_error_px"":129.5,""mean_iou"":0.11115749,""mean_iou_success"":0.55578747,""minimum_iou"":0.0,""page_count"":5,""stddev_iou"":0.22231499,""success_count"":1,""wall_ms"":61.534}}","{""candidate"":{""authors"":null,""bbox"":null,""confidence"":0,""corners"":null,""detector_name"":"""",""diagnostics"":{""line_count"":0,""parameters"":{""bbox_padding_fraction"":0.02,""line_join_fraction"":0.018,""maximum_component_area_fraction"":0.005,""minimum_component_area_fraction"":1e-05,""minimum_line_count"":2,""minimum_text_coverage_fraction"":0.08},""reason"":""insufficient_text_lines""},""foundation"":null,""method"":""text_flow"",""origin"":"""",""repository"":"""",""score"":0,""status"":""no_candidate"",""version"":""""},""edge_error_maximum_px"":null,""edge_error_mean_px"":null,""elapsed_ms"":17.386,""global_ordinal"":9,""iou"":0.0,""label"":""clean_two_page_spread"",""layout_type"":""two_page_spread"",""status"":""no_candidate""}"
run-20260902-204908,aed529db32b1,aed529db32b1097ecca481ba35ce71ec4fe1ebfc787d8be3ec51565886b58325,1,aed529db32b1,aeb73d85ced97e6dc695067df5f7cba133930828537bc603e6f4c417aeac5f3b,1,4ba1a84530cf9ff3ddd49fe60cdbcd5175403dce200ecd14c52805d4f0fcdf1a,4,,6,4,1,1,[],{},5,0.17952271876856685,0.5,10,clean_two_page_spread_2,two_page_spread,no_candidate,0.0,,,,,,,8.272,null,null,"{""bbox_padding_fraction"":0.02,""line_join_fraction"":0.018,""maximum_component_area_fraction"":0.005,""minimum_component_area_fraction"":1e-05,""minimum_line_count"":2,""minimum_text_coverage_fraction"":0.08}",,,"{""legacy_parameter_set_id"":""aed529db32b1"",""parameter_grid_ordinal"":4,""parameter_grid_sha256"":""4ba1a84530cf9ff3ddd49fe60cdbcd5175403dce200ecd14c52805d4f0fcdf1a"",""parameter_identity_schema_version"":""1"",""parameter_identity_sha256"":""aeb73d85ced97e6dc695067df5f7cba133930828537bc603e6f4c417aeac5f3b"",""parameter_schema_version"":""1"",""parameter_set_equivalence_family_id"":""aed529db32b1"",""parameter_set_equivalence_family_sha256"":""aed529db32b1097ecca481ba35ce71ec4fe1ebfc787d8be3ec51565886b58325"",""parameter_set_equivalence_family_size"":1,""parameter_set_id"":""aed529db32b1"",""parameters"":{""bbox_padding_fraction"":0.02,""line_join_fraction"":0.018,""maximum_component_area_fraction"":0.005,""minimum_component_area_fraction"":1e-05,""minimum_line_count"":2,""minimum_text_coverage_fraction"":0.08},""profile"":null,""rank"":6,""reference_roles"":[],""requested_search_member"":true,""run_id"":""run-20260902-204908"",""search_observation"":{""completion_index"":5,""elapsed_seconds"":0.17952271876856685,""parameter_set_number"":5,""search_fraction"":0.5},""search_rank"":4,""search_space_member"":true,""summary"":{""elapsed_ms_total"":61.198,""failure_count"":4,""mean_edge_error_px"":129.5,""mean_iou"":0.11115749,""mean_iou_success"":0.55578747,""minimum_iou"":0.0,""page_count"":5,""stddev_iou"":0.22231499,""success_count"":1,""wall_ms"":61.534}}","{""candidate"":{""authors"":null,""bbox"":null,""confidence"":0,""corners"":null,""detector_name"":"""",""diagnostics"":{""line_count"":0,""parameters"":{""bbox_padding_fraction"":0.02,""line_join_fraction"":0.018,""maximum_component_area_fraction"":0.005,""minimum_component_area_fraction"":1e-05,""minimum_line_count"":2,""minimum_text_coverage_fraction"":0.08},""reason"":""insufficient_text_lines""},""foundation"":null,""method"":""text_flow"",""origin"":"""",""repository"":"""",""score"":0,""status"":""no_candidate"",""version"":""""},""edge_error_maximum_px"":null,""edge_error_mean_px"":null,""elapsed_ms"":8.272,""global_ordinal"":10,""iou"":0.0,""label"":""clean_two_page_spread_2"",""layout_type"":""two_page_spread"",""status"":""no_candidate""}"
run-20260902-204908,8cecb4ddab71,8cecb4ddab71f907db0d3aa98cfc2eba8c2fbbf2f306c13bcb0d098db79008ae,1,8cecb4ddab71,f5134d0e488e708350646ff26105f39dc0f9d9f61fddaaed81b174df84bf3906,1,4ba1a84530cf9ff3ddd49fe60cdbcd5175403dce200ecd14c52805d4f0fcdf1a,0,,7,5,1,1,[],{},10,0.1902059237472713,1.0,1,ordinary_two_page_spread,two_page_spread,no_candidate,0.0,,,,,,,36.823,null,null,"{""bbox_padding_fraction"":0.01,""line_join_fraction"":0.018,""maximum_component_area_fraction"":0.005,""minimum_component_area_fraction"":1e-05,""minimum_line_count"":2,""minimum_text_coverage_fraction"":0.04}",,,"{""legacy_parameter_set_id"":""8cecb4ddab71"",""parameter_grid_ordinal"":0,""parameter_grid_sha256"":""4ba1a84530cf9ff3ddd49fe60cdbcd5175403dce200ecd14c52805d4f0fcdf1a"",""parameter_identity_schema_version"":""1"",""parameter_identity_sha256"":""f5134d0e488e708350646ff26105f39dc0f9d9f61fddaaed81b174df84bf3906"",""parameter_schema_version"":""1"",""parameter_set_equivalence_family_id"":""8cecb4ddab71"",""parameter_set_equivalence_family_sha256"":""8cecb4ddab71f907db0d3aa98cfc2eba8c2fbbf2f306c13bcb0d098db79008ae"",""parameter_set_equivalence_family_size"":1,""parameter_set_id"":""8cecb4ddab71"",""parameters"":{""bbox_padding_fraction"":0.01,""line_join_fraction"":0.018,""maximum_component_area_fraction"":0.005,""minimum_component_area_fraction"":1e-05,""minimum_line_count"":2,""minimum_text_coverage_fraction"":0.04},""profile"":null,""rank"":7,""reference_roles"":[],""requested_search_member"":true,""run_id"":""run-20260902-204908"",""search_observation"":{""completion_index"":10,""elapsed_seconds"":0.1902059237472713,""parameter_set_number"":10,""search_fraction"":1.0},""search_rank"":5,""search_space_member"":true,""summary"":{""elapsed_ms_total"":93.237,""failure_count"":4,""mean_edge_error_px"":137.0,""mean_iou"":0.10676661,""mean_iou_success"":0.53383306,""minimum_iou"":0.0,""page_count"":5,""stddev_iou"":0.21353322,""success_count"":1,""wall_ms"":93.506}}","{""candidate"":{""authors"":null,""bbox"":null,""confidence"":0,""corners"":null,""detector_name"":"""",""diagnostics"":{""line_count"":0,""parameters"":{""bbox_padding_fraction"":0.01,""line_join_fraction"":0.018,""maximum_component_area_fraction"":0.005,""minimum_component_area_fraction"":1e-05,""minimum_line_count"":2,""minimum_text_coverage_fraction"":0.04},""reason"":""insufficient_text_lines""},""foundation"":null,""method"":""text_flow"",""origin"":"""",""repository"":"""",""score"":0,""status"":""no_candidate"",""version"":""""},""edge_error_maximum_px"":null,""edge_error_mean_px"":null,""elapsed_ms"":36.823,""global_ordinal"":1,""iou"":0.0,""label"":""ordinary_two_page_spread"",""layout_type"":""two_page_spread"",""status"":""no_candidate""}"
run-20260902-204908,8cecb4ddab71,8cecb4ddab71f907db0d3aa98cfc2eba8c2fbbf2f306c13bcb0d098db79008ae,1,8cecb4ddab71,f5134d0e488e708350646ff26105f39dc0f9d9f61fddaaed81b174df84bf3906,1,4ba1a84530cf9ff3ddd49fe60cdbcd5175403dce200ecd14c52805d4f0fcdf1a,0,,7,5,1,1,[],{},10,0.1902059237472713,1.0,5,damaged_partial_register_spread,two_page_spread,no_candidate,0.0,,,,,,,34.03,null,null,"{""bbox_padding_fraction"":0.01,""line_join_fraction"":0.018,""maximum_component_area_fraction"":0.005,""minimum_component_area_fraction"":1e-05,""minimum_line_count"":2,""minimum_text_coverage_fraction"":0.04}",,,"{""legacy_parameter_set_id"":""8cecb4ddab71"",""parameter_grid_ordinal"":0,""parameter_grid_sha256"":""4ba1a84530cf9ff3ddd49fe60cdbcd5175403dce200ecd14c52805d4f0fcdf1a"",""parameter_identity_schema_version"":""1"",""parameter_identity_sha256"":""f5134d0e488e708350646ff26105f39dc0f9d9f61fddaaed81b174df84bf3906"",""parameter_schema_version"":""1"",""parameter_set_equivalence_family_id"":""8cecb4ddab71"",""parameter_set_equivalence_family_sha256"":""8cecb4ddab71f907db0d3aa98cfc2eba8c2fbbf2f306c13bcb0d098db79008ae"",""parameter_set_equivalence_family_size"":1,""parameter_set_id"":""8cecb4ddab71"",""parameters"":{""bbox_padding_fraction"":0.01,""line_join_fraction"":0.018,""maximum_component_area_fraction"":0.005,""minimum_component_area_fraction"":1e-05,""minimum_line_count"":2,""minimum_text_coverage_fraction"":0.04},""profile"":null,""rank"":7,""reference_roles"":[],""requested_search_member"":true,""run_id"":""run-20260902-204908"",""search_observation"":{""completion_index"":10,""elapsed_seconds"":0.1902059237472713,""parameter_set_number"":10,""search_fraction"":1.0},""search_rank"":5,""search_space_member"":true,""summary"":{""elapsed_ms_total"":93.237,""failure_count"":4,""mean_edge_error_px"":137.0,""mean_iou"":0.10676661,""mean_iou_success"":0.53383306,""minimum_iou"":0.0,""page_count"":5,""stddev_iou"":0.21353322,""success_count"":1,""wall_ms"":93.506}}","{""candidate"":{""authors"":null,""bbox"":null,""confidence"":0,""corners"":null,""detector_name"":"""",""diagnostics"":{""line_count"":0,""parameters"":{""bbox_padding_fraction"":0.01,""line_join_fraction"":0.018,""maximum_component_area_fraction"":0.005,""minimum_component_area_fraction"":1e-05,""minimum_line_count"":2,""minimum_text_coverage_fraction"":0.04},""reason"":""insufficient_text_lines""},""foundation"":null,""method"":""text_flow"",""origin"":"""",""repository"":"""",""score"":0,""status"":""no_candidate"",""version"":""""},""edge_error_maximum_px"":null,""edge_error_mean_px"":null,""elapsed_ms"":34.03,""global_ordinal"":5,""iou"":0.0,""label"":""damaged_partial_register_spread"",""layout_type"":""two_page_spread"",""status"":""no_candidate""}"
run-20260902-204908,8cecb4ddab71,8cecb4ddab71f907db0d3aa98cfc2eba8c2fbbf2f306c13bcb0d098db79008ae,1,8cecb4ddab71,f5134d0e488e708350646ff26105f39dc0f9d9f61fddaaed81b174df84bf3906,1,4ba1a84530cf9ff3ddd49fe60cdbcd5175403dce200ecd14c52805d4f0fcdf1a,0,,7,5,1,1,[],{},10,0.1902059237472713,1.0,6,title_or_index_sheet,single_page,ok,0.53383306,318,205,14,11,137.0,318,11.873,"[15, 28, 1074, 970]","[333, 233, 1088, 959]","{""bbox_padding_fraction"":0.01,""line_join_fraction"":0.018,""maximum_component_area_fraction"":0.005,""minimum_component_area_fraction"":1e-05,""minimum_line_count"":2,""minimum_text_coverage_fraction"":0.04}",,,"{""legacy_parameter_set_id"":""8cecb4ddab71"",""parameter_grid_ordinal"":0,""parameter_grid_sha256"":""4ba1a84530cf9ff3ddd49fe60cdbcd5175403dce200ecd14c52805d4f0fcdf1a"",""parameter_identity_schema_version"":""1"",""parameter_identity_sha256"":""f5134d0e488e708350646ff26105f39dc0f9d9f61fddaaed81b174df84bf3906"",""parameter_schema_version"":""1"",""parameter_set_equivalence_family_id"":""8cecb4ddab71"",""parameter_set_equivalence_family_sha256"":""8cecb4ddab71f907db0d3aa98cfc2eba8c2fbbf2f306c13bcb0d098db79008ae"",""parameter_set_equivalence_family_size"":1,""parameter_set_id"":""8cecb4ddab71"",""parameters"":{""bbox_padding_fraction"":0.01,""line_join_fraction"":0.018,""maximum_component_area_fraction"":0.005,""minimum_component_area_fraction"":1e-05,""minimum_line_count"":2,""minimum_text_coverage_fraction"":0.04},""profile"":null,""rank"":7,""reference_roles"":[],""requested_search_member"":true,""run_id"":""run-20260902-204908"",""search_observation"":{""completion_index"":10,""elapsed_seconds"":0.1902059237472713,""parameter_set_number"":10,""search_fraction"":1.0},""search_rank"":5,""search_space_member"":true,""summary"":{""elapsed_ms_total"":93.237,""failure_count"":4,""mean_edge_error_px"":137.0,""mean_iou"":0.10676661,""mean_iou_success"":0.53383306,""minimum_iou"":0.0,""page_count"":5,""stddev_iou"":0.21353322,""success_count"":1,""wall_ms"":93.506}}","{""approved_bbox"":[15,28,1074,970],""candidate"":{""authors"":null,""bbox"":[333,233,1088,959],""confidence"":0.55,""corners"":[[504.8209228515625,948.8157958984375],[343.4488525390625,736.6085205078125],[991.5743408203125,243.74427795410156],[1152.9464111328125,455.9515380859375]],""detector_name"":"""",""diagnostics"":{""component_count"":134,""evidence"":""text_line_envelope"",""line_count"":3,""parameters"":{""bbox_padding_fraction"":0.01,""line_join_fraction"":0.018,""maximum_component_area_fraction"":0.005,""minimum_component_area_fraction"":1e-05,""minimum_line_count"":2,""minimum_text_coverage_fraction"":0.04},""text_coverage"":0.13265134823208477},""foundation"":null,""method"":""text_flow"",""origin"":"""",""repository"":"""",""score"":0.55,""status"":""ok"",""version"":""""},""edge_error_maximum_px"":318,""edge_error_mean_px"":137.0,""edge_errors"":{""bottom"":11,""left"":318,""maximum"":318,""mean"":137.0,""right"":14,""top"":205},""elapsed_ms"":11.873,""global_ordinal"":6,""iou"":0.53383306,""label"":""title_or_index_sheet"",""layout_type"":""single_page"",""predicted_bbox"":[333,233,1088,959],""status"":""ok""}"
run-20260902-204908,8cecb4ddab71,8cecb4ddab71f907db0d3aa98cfc2eba8c2fbbf2f306c13bcb0d098db79008ae,1,8cecb4ddab71,f5134d0e488e708350646ff26105f39dc0f9d9f61fddaaed81b174df84bf3906,1,4ba1a84530cf9ff3ddd49fe60cdbcd5175403dce200ecd14c52805d4f0fcdf1a,0,,7,5,1,1,[],{},10,0.1902059237472713,1.0,9,clean_two_page_spread,two_page_spread,no_candidate,0.0,,,,,,,5.965,null,null,"{""bbox_padding_fraction"":0.01,""line_join_fraction"":0.018,""maximum_component_area_fraction"":0.005,""minimum_component_area_fraction"":1e-05,""minimum_line_count"":2,""minimum_text_coverage_fraction"":0.04}",,,"{""legacy_parameter_set_id"":""8cecb4ddab71"",""parameter_grid_ordinal"":0,""parameter_grid_sha256"":""4ba1a84530cf9ff3ddd49fe60cdbcd5175403dce200ecd14c52805d4f0fcdf1a"",""parameter_identity_schema_version"":""1"",""parameter_identity_sha256"":""f5134d0e488e708350646ff26105f39dc0f9d9f61fddaaed81b174df84bf3906"",""parameter_schema_version"":""1"",""parameter_set_equivalence_family_id"":""8cecb4ddab71"",""parameter_set_equivalence_family_sha256"":""8cecb4ddab71f907db0d3aa98cfc2eba8c2fbbf2f306c13bcb0d098db79008ae"",""parameter_set_equivalence_family_size"":1,""parameter_set_id"":""8cecb4ddab71"",""parameters"":{""bbox_padding_fraction"":0.01,""line_join_fraction"":0.018,""maximum_component_area_fraction"":0.005,""minimum_component_area_fraction"":1e-05,""minimum_line_count"":2,""minimum_text_coverage_fraction"":0.04},""profile"":null,""rank"":7,""reference_roles"":[],""requested_search_member"":true,""run_id"":""run-20260902-204908"",""search_observation"":{""completion_index"":10,""elapsed_seconds"":0.1902059237472713,""parameter_set_number"":10,""search_fraction"":1.0},""search_rank"":5,""search_space_member"":true,""summary"":{""elapsed_ms_total"":93.237,""failure_count"":4,""mean_edge_error_px"":137.0,""mean_iou"":0.10676661,""mean_iou_success"":0.53383306,""minimum_iou"":0.0,""page_count"":5,""stddev_iou"":0.21353322,""success_count"":1,""wall_ms"":93.506}}","{""candidate"":{""authors"":null,""bbox"":null,""confidence"":0,""corners"":null,""detector_name"":"""",""diagnostics"":{""line_count"":0,""parameters"":{""bbox_padding_fraction"":0.01,""line_join_fraction"":0.018,""maximum_component_area_fraction"":0.005,""minimum_component_area_fraction"":1e-05,""minimum_line_count"":2,""minimum_text_coverage_fraction"":0.04},""reason"":""insufficient_text_lines""},""foundation"":null,""method"":""text_flow"",""origin"":"""",""repository"":"""",""score"":0,""status"":""no_candidate"",""version"":""""},""edge_error_maximum_px"":null,""edge_error_mean_px"":null,""elapsed_ms"":5.965,""global_ordinal"":9,""iou"":0.0,""label"":""clean_two_page_spread"",""layout_type"":""two_page_spread"",""status"":""no_candidate""}"
run-20260902-204908,8cecb4ddab71,8cecb4ddab71f907db0d3aa98cfc2eba8c2fbbf2f306c13bcb0d098db79008ae,1,8cecb4ddab71,f5134d0e488e708350646ff26105f39dc0f9d9f61fddaaed81b174df84bf3906,1,4ba1a84530cf9ff3ddd49fe60cdbcd5175403dce200ecd14c52805d4f0fcdf1a,0,,7,5,1,1,[],{},10,0.1902059237472713,1.0,10,clean_two_page_spread_2,two_page_spread,no_candidate,0.0,,,,,,,4.546,null,null,"{""bbox_padding_fraction"":0.01,""line_join_fraction"":0.018,""maximum_component_area_fraction"":0.005,""minimum_component_area_fraction"":1e-05,""minimum_line_count"":2,""minimum_text_coverage_fraction"":0.04}",,,"{""legacy_parameter_set_id"":""8cecb4ddab71"",""parameter_grid_ordinal"":0,""parameter_grid_sha256"":""4ba1a84530cf9ff3ddd49fe60cdbcd5175403dce200ecd14c52805d4f0fcdf1a"",""parameter_identity_schema_version"":""1"",""parameter_identity_sha256"":""f5134d0e488e708350646ff26105f39dc0f9d9f61fddaaed81b174df84bf3906"",""parameter_schema_version"":""1"",""parameter_set_equivalence_family_id"":""8cecb4ddab71"",""parameter_set_equivalence_family_sha256"":""8cecb4ddab71f907db0d3aa98cfc2eba8c2fbbf2f306c13bcb0d098db79008ae"",""parameter_set_equivalence_family_size"":1,""parameter_set_id"":""8cecb4ddab71"",""parameters"":{""bbox_padding_fraction"":0.01,""line_join_fraction"":0.018,""maximum_component_area_fraction"":0.005,""minimum_component_area_fraction"":1e-05,""minimum_line_count"":2,""minimum_text_coverage_fraction"":0.04},""profile"":null,""rank"":7,""reference_roles"":[],""requested_search_member"":true,""run_id"":""run-20260902-204908"",""search_observation"":{""completion_index"":10,""elapsed_seconds"":0.1902059237472713,""parameter_set_number"":10,""search_fraction"":1.0},""search_rank"":5,""search_space_member"":true,""summary"":{""elapsed_ms_total"":93.237,""failure_count"":4,""mean_edge_error_px"":137.0,""mean_iou"":0.10676661,""mean_iou_success"":0.53383306,""minimum_iou"":0.0,""page_count"":5,""stddev_iou"":0.21353322,""success_count"":1,""wall_ms"":93.506}}","{""candidate"":{""authors"":null,""bbox"":null,""confidence"":0,""corners"":null,""detector_name"":"""",""diagnostics"":{""line_count"":0,""parameters"":{""bbox_padding_fraction"":0.01,""line_join_fraction"":0.018,""maximum_component_area_fraction"":0.005,""minimum_component_area_fraction"":1e-05,""minimum_line_count"":2,""minimum_text_coverage_fraction"":0.04},""reason"":""insufficient_text_lines""},""foundation"":null,""method"":""text_flow"",""origin"":"""",""repository"":"""",""score"":0,""status"":""no_candidate"",""version"":""""},""edge_error_maximum_px"":null,""edge_error_mean_px"":null,""elapsed_ms"":4.546,""global_ordinal"":10,""iou"":0.0,""label"":""clean_two_page_spread_2"",""layout_type"":""two_page_spread"",""status"":""no_candidate""}"
run-20260902-204908,0531b2a6c98e,0531b2a6c98e80800be622b19079d3caaa764d25413e1657d21fddc408287aea,1,0531b2a6c98e,a8c1cabae0837f35cc3cb444f27caba01840438da0ea7d4f2b24785a9598201f,1,4ba1a84530cf9ff3ddd49fe60cdbcd5175403dce200ecd14c52805d4f0fcdf1a,3,,8,6,1,1,[],{},6,0.18029685271903872,0.6,1,ordinary_two_page_spread,two_page_spread,no_candidate,0.0,,,,,,,9.69,null,null,"{""bbox_padding_fraction"":0.01,""line_join_fraction"":0.018,""maximum_component_area_fraction"":0.005,""minimum_component_area_fraction"":1e-05,""minimum_line_count"":2,""minimum_text_coverage_fraction"":0.08}",,,"{""legacy_parameter_set_id"":""0531b2a6c98e"",""parameter_grid_ordinal"":3,""parameter_grid_sha256"":""4ba1a84530cf9ff3ddd49fe60cdbcd5175403dce200ecd14c52805d4f0fcdf1a"",""parameter_identity_schema_version"":""1"",""parameter_identity_sha256"":""a8c1cabae0837f35cc3cb444f27caba01840438da0ea7d4f2b24785a9598201f"",""parameter_schema_version"":""1"",""parameter_set_equivalence_family_id"":""0531b2a6c98e"",""parameter_set_equivalence_family_sha256"":""0531b2a6c98e80800be622b19079d3caaa764d25413e1657d21fddc408287aea"",""parameter_set_equivalence_family_size"":1,""parameter_set_id"":""0531b2a6c98e"",""parameters"":{""bbox_padding_fraction"":0.01,""line_join_fraction"":0.018,""maximum_component_area_fraction"":0.005,""minimum_component_area_fraction"":1e-05,""minimum_line_count"":2,""minimum_text_coverage_fraction"":0.08},""profile"":null,""rank"":8,""reference_roles"":[],""requested_search_member"":true,""run_id"":""run-20260902-204908"",""search_observation"":{""completion_index"":6,""elapsed_seconds"":0.18029685271903872,""parameter_set_number"":6,""search_fraction"":0.6},""search_rank"":6,""search_space_member"":true,""summary"":{""elapsed_ms_total"":80.127,""failure_count"":4,""mean_edge_error_px"":137.0,""mean_iou"":0.10676661,""mean_iou_success"":0.53383306,""minimum_iou"":0.0,""page_count"":5,""stddev_iou"":0.21353322,""success_count"":1,""wall_ms"":80.428}}","{""candidate"":{""authors"":null,""bbox"":null,""confidence"":0,""corners"":null,""detector_name"":"""",""diagnostics"":{""line_count"":0,""parameters"":{""bbox_padding_fraction"":0.01,""line_join_fraction"":0.018,""maximum_component_area_fraction"":0.005,""minimum_component_area_fraction"":1e-05,""minimum_line_count"":2,""minimum_text_coverage_fraction"":0.08},""reason"":""insufficient_text_lines""},""foundation"":null,""method"":""text_flow"",""origin"":"""",""repository"":"""",""score"":0,""status"":""no_candidate"",""version"":""""},""edge_error_maximum_px"":null,""edge_error_mean_px"":null,""elapsed_ms"":9.69,""global_ordinal"":1,""iou"":0.0,""label"":""ordinary_two_page_spread"",""layout_type"":""two_page_spread"",""status"":""no_candidate""}"
run-20260902-204908,0531b2a6c98e,0531b2a6c98e80800be622b19079d3caaa764d25413e1657d21fddc408287aea,1,0531b2a6c98e,a8c1cabae0837f35cc3cb444f27caba01840438da0ea7d4f2b24785a9598201f,1,4ba1a84530cf9ff3ddd49fe60cdbcd5175403dce200ecd14c52805d4f0fcdf1a,3,,8,6,1,1,[],{},6,0.18029685271903872,0.6,5,damaged_partial_register_spread,two_page_spread,no_candidate,0.0,,,,,,,24.706,null,null,"{""bbox_padding_fraction"":0.01,""line_join_fraction"":0.018,""maximum_component_area_fraction"":0.005,""minimum_component_area_fraction"":1e-05,""minimum_line_count"":2,""minimum_text_coverage_fraction"":0.08}",,,"{""legacy_parameter_set_id"":""0531b2a6c98e"",""parameter_grid_ordinal"":3,""parameter_grid_sha256"":""4ba1a84530cf9ff3ddd49fe60cdbcd5175403dce200ecd14c52805d4f0fcdf1a"",""parameter_identity_schema_version"":""1"",""parameter_identity_sha256"":""a8c1cabae0837f35cc3cb444f27caba01840438da0ea7d4f2b24785a9598201f"",""parameter_schema_version"":""1"",""parameter_set_equivalence_family_id"":""0531b2a6c98e"",""parameter_set_equivalence_family_sha256"":""0531b2a6c98e80800be622b19079d3caaa764d25413e1657d21fddc408287aea"",""parameter_set_equivalence_family_size"":1,""parameter_set_id"":""0531b2a6c98e"",""parameters"":{""bbox_padding_fraction"":0.01,""line_join_fraction"":0.018,""maximum_component_area_fraction"":0.005,""minimum_component_area_fraction"":1e-05,""minimum_line_count"":2,""minimum_text_coverage_fraction"":0.08},""profile"":null,""rank"":8,""reference_roles"":[],""requested_search_member"":true,""run_id"":""run-20260902-204908"",""search_observation"":{""completion_index"":6,""elapsed_seconds"":0.18029685271903872,""parameter_set_number"":6,""search_fraction"":0.6},""search_rank"":6,""search_space_member"":true,""summary"":{""elapsed_ms_total"":80.127,""failure_count"":4,""mean_edge_error_px"":137.0,""mean_iou"":0.10676661,""mean_iou_success"":0.53383306,""minimum_iou"":0.0,""page_count"":5,""stddev_iou"":0.21353322,""success_count"":1,""wall_ms"":80.428}}","{""candidate"":{""authors"":null,""bbox"":null,""confidence"":0,""corners"":null,""detector_name"":"""",""diagnostics"":{""line_count"":0,""parameters"":{""bbox_padding_fraction"":0.01,""line_join_fraction"":0.018,""maximum_component_area_fraction"":0.005,""minimum_component_area_fraction"":1e-05,""minimum_line_count"":2,""minimum_text_coverage_fraction"":0.08},""reason"":""insufficient_text_lines""},""foundation"":null,""method"":""text_flow"",""origin"":"""",""repository"":"""",""score"":0,""status"":""no_candidate"",""version"":""""},""edge_error_maximum_px"":null,""edge_error_mean_px"":null,""elapsed_ms"":24.706,""global_ordinal"":5,""iou"":0.0,""label"":""damaged_partial_register_spread"",""layout_type"":""two_page_spread"",""status"":""no_candidate""}"
run-20260902-204908,0531b2a6c98e,0531b2a6c98e80800be622b19079d3caaa764d25413e1657d21fddc408287aea,1,0531b2a6c98e,a8c1cabae0837f35cc3cb444f27caba01840438da0ea7d4f2b24785a9598201f,1,4ba1a84530cf9ff3ddd49fe60cdbcd5175403dce200ecd14c52805d4f0fcdf1a,3,,8,6,1,1,[],{},6,0.18029685271903872,0.6,6,title_or_index_sheet,single_page,ok,0.53383306,318,205,14,11,137.0,318,21.506,"[15, 28, 1074, 970]","[333, 233, 1088, 959]","{""bbox_padding_fraction"":0.01,""line_join_fraction"":0.018,""maximum_component_area_fraction"":0.005,""minimum_component_area_fraction"":1e-05,""minimum_line_count"":2,""minimum_text_coverage_fraction"":0.08}",,,"{""legacy_parameter_set_id"":""0531b2a6c98e"",""parameter_grid_ordinal"":3,""parameter_grid_sha256"":""4ba1a84530cf9ff3ddd49fe60cdbcd5175403dce200ecd14c52805d4f0fcdf1a"",""parameter_identity_schema_version"":""1"",""parameter_identity_sha256"":""a8c1cabae0837f35cc3cb444f27caba01840438da0ea7d4f2b24785a9598201f"",""parameter_schema_version"":""1"",""parameter_set_equivalence_family_id"":""0531b2a6c98e"",""parameter_set_equivalence_family_sha256"":""0531b2a6c98e80800be622b19079d3caaa764d25413e1657d21fddc408287aea"",""parameter_set_equivalence_family_size"":1,""parameter_set_id"":""0531b2a6c98e"",""parameters"":{""bbox_padding_fraction"":0.01,""line_join_fraction"":0.018,""maximum_component_area_fraction"":0.005,""minimum_component_area_fraction"":1e-05,""minimum_line_count"":2,""minimum_text_coverage_fraction"":0.08},""profile"":null,""rank"":8,""reference_roles"":[],""requested_search_member"":true,""run_id"":""run-20260902-204908"",""search_observation"":{""completion_index"":6,""elapsed_seconds"":0.18029685271903872,""parameter_set_number"":6,""search_fraction"":0.6},""search_rank"":6,""search_space_member"":true,""summary"":{""elapsed_ms_total"":80.127,""failure_count"":4,""mean_edge_error_px"":137.0,""mean_iou"":0.10676661,""mean_iou_success"":0.53383306,""minimum_iou"":0.0,""page_count"":5,""stddev_iou"":0.21353322,""success_count"":1,""wall_ms"":80.428}}","{""approved_bbox"":[15,28,1074,970],""candidate"":{""authors"":null,""bbox"":[333,233,1088,959],""confidence"":0.55,""corners"":[[504.8209228515625,948.8157958984375],[343.4488525390625,736.6085205078125],[991.5743408203125,243.74427795410156],[1152.9464111328125,455.9515380859375]],""detector_name"":"""",""diagnostics"":{""component_count"":134,""evidence"":""text_line_envelope"",""line_count"":3,""parameters"":{""bbox_padding_fraction"":0.01,""line_join_fraction"":0.018,""maximum_component_area_fraction"":0.005,""minimum_component_area_fraction"":1e-05,""minimum_line_count"":2,""minimum_text_coverage_fraction"":0.08},""text_coverage"":0.13265134823208477},""foundation"":null,""method"":""text_flow"",""origin"":"""",""repository"":"""",""score"":0.55,""status"":""ok"",""version"":""""},""edge_error_maximum_px"":318,""edge_error_mean_px"":137.0,""edge_errors"":{""bottom"":11,""left"":318,""maximum"":318,""mean"":137.0,""right"":14,""top"":205},""elapsed_ms"":21.506,""global_ordinal"":6,""iou"":0.53383306,""label"":""title_or_index_sheet"",""layout_type"":""single_page"",""predicted_bbox"":[333,233,1088,959],""status"":""ok""}"
run-20260902-204908,0531b2a6c98e,0531b2a6c98e80800be622b19079d3caaa764d25413e1657d21fddc408287aea,1,0531b2a6c98e,a8c1cabae0837f35cc3cb444f27caba01840438da0ea7d4f2b24785a9598201f,1,4ba1a84530cf9ff3ddd49fe60cdbcd5175403dce200ecd14c52805d4f0fcdf1a,3,,8,6,1,1,[],{},6,0.18029685271903872,0.6,9,clean_two_page_spread,two_page_spread,no_candidate,0.0,,,,,,,18.795,null,null,"{""bbox_padding_fraction"":0.01,""line_join_fraction"":0.018,""maximum_component_area_fraction"":0.005,""minimum_component_area_fraction"":1e-05,""minimum_line_count"":2,""minimum_text_coverage_fraction"":0.08}",,,"{""legacy_parameter_set_id"":""0531b2a6c98e"",""parameter_grid_ordinal"":3,""parameter_grid_sha256"":""4ba1a84530cf9ff3ddd49fe60cdbcd5175403dce200ecd14c52805d4f0fcdf1a"",""parameter_identity_schema_version"":""1"",""parameter_identity_sha256"":""a8c1cabae0837f35cc3cb444f27caba01840438da0ea7d4f2b24785a9598201f"",""parameter_schema_version"":""1"",""parameter_set_equivalence_family_id"":""0531b2a6c98e"",""parameter_set_equivalence_family_sha256"":""0531b2a6c98e80800be622b19079d3caaa764d25413e1657d21fddc408287aea"",""parameter_set_equivalence_family_size"":1,""parameter_set_id"":""0531b2a6c98e"",""parameters"":{""bbox_padding_fraction"":0.01,""line_join_fraction"":0.018,""maximum_component_area_fraction"":0.005,""minimum_component_area_fraction"":1e-05,""minimum_line_count"":2,""minimum_text_coverage_fraction"":0.08},""profile"":null,""rank"":8,""reference_roles"":[],""requested_search_member"":true,""run_id"":""run-20260902-204908"",""search_observation"":{""completion_index"":6,""elapsed_seconds"":0.18029685271903872,""parameter_set_number"":6,""search_fraction"":0.6},""search_rank"":6,""search_space_member"":true,""summary"":{""elapsed_ms_total"":80.127,""failure_count"":4,""mean_edge_error_px"":137.0,""mean_iou"":0.10676661,""mean_iou_success"":0.53383306,""minimum_iou"":0.0,""page_count"":5,""stddev_iou"":0.21353322,""success_count"":1,""wall_ms"":80.428}}","{""candidate"":{""authors"":null,""bbox"":null,""confidence"":0,""corners"":null,""detector_name"":"""",""diagnostics"":{""line_count"":0,""parameters"":{""bbox_padding_fraction"":0.01,""line_join_fraction"":0.018,""maximum_component_area_fraction"":0.005,""minimum_component_area_fraction"":1e-05,""minimum_line_count"":2,""minimum_text_coverage_fraction"":0.08},""reason"":""insufficient_text_lines""},""foundation"":null,""method"":""text_flow"",""origin"":"""",""repository"":"""",""score"":0,""status"":""no_candidate"",""version"":""""},""edge_error_maximum_px"":null,""edge_error_mean_px"":null,""elapsed_ms"":18.795,""global_ordinal"":9,""iou"":0.0,""label"":""clean_two_page_spread"",""layout_type"":""two_page_spread"",""status"":""no_candidate""}"
run-20260902-204908,0531b2a6c98e,0531b2a6c98e80800be622b19079d3caaa764d25413e1657d21fddc408287aea,1,0531b2a6c98e,a8c1cabae0837f35cc3cb444f27caba01840438da0ea7d4f2b24785a9598201f,1,4ba1a84530cf9ff3ddd49fe60cdbcd5175403dce200ecd14c52805d4f0fcdf1a,3,,8,6,1,1,[],{},6,0.18029685271903872,0.6,10,clean_two_page_spread_2,two_page_spread,no_candidate,0.0,,,,,,,5.43,null,null,"{""bbox_padding_fraction"":0.01,""line_join_fraction"":0.018,""maximum_component_area_fraction"":0.005,""minimum_component_area_fraction"":1e-05,""minimum_line_count"":2,""minimum_text_coverage_fraction"":0.08}",,,"{""legacy_parameter_set_id"":""0531b2a6c98e"",""parameter_grid_ordinal"":3,""parameter_grid_sha256"":""4ba1a84530cf9ff3ddd49fe60cdbcd5175403dce200ecd14c52805d4f0fcdf1a"",""parameter_identity_schema_version"":""1"",""parameter_identity_sha256"":""a8c1cabae0837f35cc3cb444f27caba01840438da0ea7d4f2b24785a9598201f"",""parameter_schema_version"":""1"",""parameter_set_equivalence_family_id"":""0531b2a6c98e"",""parameter_set_equivalence_family_sha256"":""0531b2a6c98e80800be622b19079d3caaa764d25413e1657d21fddc408287aea"",""parameter_set_equivalence_family_size"":1,""parameter_set_id"":""0531b2a6c98e"",""parameters"":{""bbox_padding_fraction"":0.01,""line_join_fraction"":0.018,""maximum_component_area_fraction"":0.005,""minimum_component_area_fraction"":1e-05,""minimum_line_count"":2,""minimum_text_coverage_fraction"":0.08},""profile"":null,""rank"":8,""reference_roles"":[],""requested_search_member"":true,""run_id"":""run-20260902-204908"",""search_observation"":{""completion_index"":6,""elapsed_seconds"":0.18029685271903872,""parameter_set_number"":6,""search_fraction"":0.6},""search_rank"":6,""search_space_member"":true,""summary"":{""elapsed_ms_total"":80.127,""failure_count"":4,""mean_edge_error_px"":137.0,""mean_iou"":0.10676661,""mean_iou_success"":0.53383306,""minimum_iou"":0.0,""page_count"":5,""stddev_iou"":0.21353322,""success_count"":1,""wall_ms"":80.428}}","{""candidate"":{""authors"":null,""bbox"":null,""confidence"":0,""corners"":null,""detector_name"":"""",""diagnostics"":{""line_count"":0,""parameters"":{""bbox_padding_fraction"":0.01,""line_join_fraction"":0.018,""maximum_component_area_fraction"":0.005,""minimum_component_area_fraction"":1e-05,""minimum_line_count"":2,""minimum_text_coverage_fraction"":0.08},""reason"":""insufficient_text_lines""},""foundation"":null,""method"":""text_flow"",""origin"":"""",""repository"":"""",""score"":0,""status"":""no_candidate"",""version"":""""},""edge_error_maximum_px"":null,""edge_error_mean_px"":null,""elapsed_ms"":5.43,""global_ordinal"":10,""iou"":0.0,""label"":""clean_two_page_spread_2"",""layout_type"":""two_page_spread"",""status"":""no_candidate""}"
run-20260902-204908,eda3e0d2d897,eda3e0d2d8975d21ffbe682b2345f4fc1e02a1c867708db9ab1ff9771363e140,1,eda3e0d2d897,9a3255de02db2c9b6e29066ccd2bc2880fa5d4ea778b2f95706a509eae4a428e,1,4ba1a84530cf9ff3ddd49fe60cdbcd5175403dce200ecd14c52805d4f0fcdf1a,6,,,,1,1,[],{},7,0.18093997985124588,0.7,1,ordinary_two_page_spread,two_page_spread,no_candidate,0.0,,,,,,,11.558,null,null,"{""bbox_padding_fraction"":0.01,""line_join_fraction"":0.018,""maximum_component_area_fraction"":0.005,""minimum_component_area_fraction"":1e-05,""minimum_line_count"":2,""minimum_text_coverage_fraction"":0.14}",,,"{""legacy_parameter_set_id"":""eda3e0d2d897"",""parameter_grid_ordinal"":6,""parameter_grid_sha256"":""4ba1a84530cf9ff3ddd49fe60cdbcd5175403dce200ecd14c52805d4f0fcdf1a"",""parameter_identity_schema_version"":""1"",""parameter_identity_sha256"":""9a3255de02db2c9b6e29066ccd2bc2880fa5d4ea778b2f95706a509eae4a428e"",""parameter_schema_version"":""1"",""parameter_set_equivalence_family_id"":""eda3e0d2d897"",""parameter_set_equivalence_family_sha256"":""eda3e0d2d8975d21ffbe682b2345f4fc1e02a1c867708db9ab1ff9771363e140"",""parameter_set_equivalence_family_size"":1,""parameter_set_id"":""eda3e0d2d897"",""parameters"":{""bbox_padding_fraction"":0.01,""line_join_fraction"":0.018,""maximum_component_area_fraction"":0.005,""minimum_component_area_fraction"":1e-05,""minimum_line_count"":2,""minimum_text_coverage_fraction"":0.14},""profile"":null,""rank"":null,""reference_roles"":[],""requested_search_member"":true,""run_id"":""run-20260902-204908"",""search_observation"":{""completion_index"":7,""elapsed_seconds"":0.18093997985124588,""parameter_set_number"":7,""search_fraction"":0.7},""search_space_member"":true,""summary"":{""elapsed_ms_total"":59.157,""failure_count"":5,""mean_edge_error_px"":null,""mean_iou"":0.0,""mean_iou_success"":0.0,""minimum_iou"":0.0,""page_count"":5,""stddev_iou"":0.0,""success_count"":0,""wall_ms"":59.353}}","{""candidate"":{""authors"":null,""bbox"":null,""confidence"":0,""corners"":null,""detector_name"":"""",""diagnostics"":{""line_count"":0,""parameters"":{""bbox_padding_fraction"":0.01,""line_join_fraction"":0.018,""maximum_component_area_fraction"":0.005,""minimum_component_area_fraction"":1e-05,""minimum_line_count"":2,""minimum_text_coverage_fraction"":0.14},""reason"":""insufficient_text_lines""},""foundation"":null,""method"":""text_flow"",""origin"":"""",""repository"":"""",""score"":0,""status"":""no_candidate"",""version"":""""},""edge_error_maximum_px"":null,""edge_error_mean_px"":null,""elapsed_ms"":11.558,""global_ordinal"":1,""iou"":0.0,""label"":""ordinary_two_page_spread"",""layout_type"":""two_page_spread"",""status"":""no_candidate""}"
run-20260902-204908,eda3e0d2d897,eda3e0d2d8975d21ffbe682b2345f4fc1e02a1c867708db9ab1ff9771363e140,1,eda3e0d2d897,9a3255de02db2c9b6e29066ccd2bc2880fa5d4ea778b2f95706a509eae4a428e,1,4ba1a84530cf9ff3ddd49fe60cdbcd5175403dce200ecd14c52805d4f0fcdf1a,6,,,,1,1,[],{},7,0.18093997985124588,0.7,5,damaged_partial_register_spread,two_page_spread,no_candidate,0.0,,,,,,,10.387,null,null,"{""bbox_padding_fraction"":0.01,""line_join_fraction"":0.018,""maximum_component_area_fraction"":0.005,""minimum_component_area_fraction"":1e-05,""minimum_line_count"":2,""minimum_text_coverage_fraction"":0.14}",,,"{""legacy_parameter_set_id"":""eda3e0d2d897"",""parameter_grid_ordinal"":6,""parameter_grid_sha256"":""4ba1a84530cf9ff3ddd49fe60cdbcd5175403dce200ecd14c52805d4f0fcdf1a"",""parameter_identity_schema_version"":""1"",""parameter_identity_sha256"":""9a3255de02db2c9b6e29066ccd2bc2880fa5d4ea778b2f95706a509eae4a428e"",""parameter_schema_version"":""1"",""parameter_set_equivalence_family_id"":""eda3e0d2d897"",""parameter_set_equivalence_family_sha256"":""eda3e0d2d8975d21ffbe682b2345f4fc1e02a1c867708db9ab1ff9771363e140"",""parameter_set_equivalence_family_size"":1,""parameter_set_id"":""eda3e0d2d897"",""parameters"":{""bbox_padding_fraction"":0.01,""line_join_fraction"":0.018,""maximum_component_area_fraction"":0.005,""minimum_component_area_fraction"":1e-05,""minimum_line_count"":2,""minimum_text_coverage_fraction"":0.14},""profile"":null,""rank"":null,""reference_roles"":[],""requested_search_member"":true,""run_id"":""run-20260902-204908"",""search_observation"":{""completion_index"":7,""elapsed_seconds"":0.18093997985124588,""parameter_set_number"":7,""search_fraction"":0.7},""search_space_member"":true,""summary"":{""elapsed_ms_total"":59.157,""failure_count"":5,""mean_edge_error_px"":null,""mean_iou"":0.0,""mean_iou_success"":0.0,""minimum_iou"":0.0,""page_count"":5,""stddev_iou"":0.0,""success_count"":0,""wall_ms"":59.353}}","{""candidate"":{""authors"":null,""bbox"":null,""confidence"":0,""corners"":null,""detector_name"":"""",""diagnostics"":{""line_count"":0,""parameters"":{""bbox_padding_fraction"":0.01,""line_join_fraction"":0.018,""maximum_component_area_fraction"":0.005,""minimum_component_area_fraction"":1e-05,""minimum_line_count"":2,""minimum_text_coverage_fraction"":0.14},""reason"":""insufficient_text_lines""},""foundation"":null,""method"":""text_flow"",""origin"":"""",""repository"":"""",""score"":0,""status"":""no_candidate"",""version"":""""},""edge_error_maximum_px"":null,""edge_error_mean_px"":null,""elapsed_ms"":10.387,""global_ordinal"":5,""iou"":0.0,""label"":""damaged_partial_register_spread"",""layout_type"":""two_page_spread"",""status"":""no_candidate""}"
run-20260902-204908,eda3e0d2d897,eda3e0d2d8975d21ffbe682b2345f4fc1e02a1c867708db9ab1ff9771363e140,1,eda3e0d2d897,9a3255de02db2c9b6e29066ccd2bc2880fa5d4ea778b2f95706a509eae4a428e,1,4ba1a84530cf9ff3ddd49fe60cdbcd5175403dce200ecd14c52805d4f0fcdf1a,6,,,,1,1,[],{},7,0.18093997985124588,0.7,6,title_or_index_sheet,single_page,no_candidate,0.0,,,,,,,18.654,null,null,"{""bbox_padding_fraction"":0.01,""line_join_fraction"":0.018,""maximum_component_area_fraction"":0.005,""minimum_component_area_fraction"":1e-05,""minimum_line_count"":2,""minimum_text_coverage_fraction"":0.14}",,,"{""legacy_parameter_set_id"":""eda3e0d2d897"",""parameter_grid_ordinal"":6,""parameter_grid_sha256"":""4ba1a84530cf9ff3ddd49fe60cdbcd5175403dce200ecd14c52805d4f0fcdf1a"",""parameter_identity_schema_version"":""1"",""parameter_identity_sha256"":""9a3255de02db2c9b6e29066ccd2bc2880fa5d4ea778b2f95706a509eae4a428e"",""parameter_schema_version"":""1"",""parameter_set_equivalence_family_id"":""eda3e0d2d897"",""parameter_set_equivalence_family_sha256"":""eda3e0d2d8975d21ffbe682b2345f4fc1e02a1c867708db9ab1ff9771363e140"",""parameter_set_equivalence_family_size"":1,""parameter_set_id"":""eda3e0d2d897"",""parameters"":{""bbox_padding_fraction"":0.01,""line_join_fraction"":0.018,""maximum_component_area_fraction"":0.005,""minimum_component_area_fraction"":1e-05,""minimum_line_count"":2,""minimum_text_coverage_fraction"":0.14},""profile"":null,""rank"":null,""reference_roles"":[],""requested_search_member"":true,""run_id"":""run-20260902-204908"",""search_observation"":{""completion_index"":7,""elapsed_seconds"":0.18093997985124588,""parameter_set_number"":7,""search_fraction"":0.7},""search_space_member"":true,""summary"":{""elapsed_ms_total"":59.157,""failure_count"":5,""mean_edge_error_px"":null,""mean_iou"":0.0,""mean_iou_success"":0.0,""minimum_iou"":0.0,""page_count"":5,""stddev_iou"":0.0,""success_count"":0,""wall_ms"":59.353}}","{""candidate"":{""authors"":null,""bbox"":null,""confidence"":0,""corners"":null,""detector_name"":"""",""diagnostics"":{""line_count"":3,""parameters"":{""bbox_padding_fraction"":0.01,""line_join_fraction"":0.018,""maximum_component_area_fraction"":0.005,""minimum_component_area_fraction"":1e-05,""minimum_line_count"":2,""minimum_text_coverage_fraction"":0.14},""reason"":""insufficient_text_coverage"",""text_coverage"":0.13265134823208477},""foundation"":null,""method"":""text_flow"",""origin"":"""",""repository"":"""",""score"":0,""status"":""no_candidate"",""version"":""""},""edge_error_maximum_px"":null,""edge_error_mean_px"":null,""elapsed_ms"":18.654,""global_ordinal"":6,""iou"":0.0,""label"":""title_or_index_sheet"",""layout_type"":""single_page"",""status"":""no_candidate""}"
run-20260902-204908,eda3e0d2d897,eda3e0d2d8975d21ffbe682b2345f4fc1e02a1c867708db9ab1ff9771363e140,1,eda3e0d2d897,9a3255de02db2c9b6e29066ccd2bc2880fa5d4ea778b2f95706a509eae4a428e,1,4ba1a84530cf9ff3ddd49fe60cdbcd5175403dce200ecd14c52805d4f0fcdf1a,6,,,,1,1,[],{},7,0.18093997985124588,0.7,9,clean_two_page_spread,two_page_spread,no_candidate,0.0,,,,,,,9.059,null,null,"{""bbox_padding_fraction"":0.01,""line_join_fraction"":0.018,""maximum_component_area_fraction"":0.005,""minimum_component_area_fraction"":1e-05,""minimum_line_count"":2,""minimum_text_coverage_fraction"":0.14}",,,"{""legacy_parameter_set_id"":""eda3e0d2d897"",""parameter_grid_ordinal"":6,""parameter_grid_sha256"":""4ba1a84530cf9ff3ddd49fe60cdbcd5175403dce200ecd14c52805d4f0fcdf1a"",""parameter_identity_schema_version"":""1"",""parameter_identity_sha256"":""9a3255de02db2c9b6e29066ccd2bc2880fa5d4ea778b2f95706a509eae4a428e"",""parameter_schema_version"":""1"",""parameter_set_equivalence_family_id"":""eda3e0d2d897"",""parameter_set_equivalence_family_sha256"":""eda3e0d2d8975d21ffbe682b2345f4fc1e02a1c867708db9ab1ff9771363e140"",""parameter_set_equivalence_family_size"":1,""parameter_set_id"":""eda3e0d2d897"",""parameters"":{""bbox_padding_fraction"":0.01,""line_join_fraction"":0.018,""maximum_component_area_fraction"":0.005,""minimum_component_area_fraction"":1e-05,""minimum_line_count"":2,""minimum_text_coverage_fraction"":0.14},""profile"":null,""rank"":null,""reference_roles"":[],""requested_search_member"":true,""run_id"":""run-20260902-204908"",""search_observation"":{""completion_index"":7,""elapsed_seconds"":0.18093997985124588,""parameter_set_number"":7,""search_fraction"":0.7},""search_space_member"":true,""summary"":{""elapsed_ms_total"":59.157,""failure_count"":5,""mean_edge_error_px"":null,""mean_iou"":0.0,""mean_iou_success"":0.0,""minimum_iou"":0.0,""page_count"":5,""stddev_iou"":0.0,""success_count"":0,""wall_ms"":59.353}}","{""candidate"":{""authors"":null,""bbox"":null,""confidence"":0,""corners"":null,""detector_name"":"""",""diagnostics"":{""line_count"":0,""parameters"":{""bbox_padding_fraction"":0.01,""line_join_fraction"":0.018,""maximum_component_area_fraction"":0.005,""minimum_component_area_fraction"":1e-05,""minimum_line_count"":2,""minimum_text_coverage_fraction"":0.14},""reason"":""insufficient_text_lines""},""foundation"":null,""method"":""text_flow"",""origin"":"""",""repository"":"""",""score"":0,""status"":""no_candidate"",""version"":""""},""edge_error_maximum_px"":null,""edge_error_mean_px"":null,""elapsed_ms"":9.059,""global_ordinal"":9,""iou"":0.0,""label"":""clean_two_page_spread"",""layout_type"":""two_page_spread"",""status"":""no_candidate""}"
run-20260902-204908,eda3e0d2d897,eda3e0d2d8975d21ffbe682b2345f4fc1e02a1c867708db9ab1ff9771363e140,1,eda3e0d2d897,9a3255de02db2c9b6e29066ccd2bc2880fa5d4ea778b2f95706a509eae4a428e,1,4ba1a84530cf9ff3ddd49fe60cdbcd5175403dce200ecd14c52805d4f0fcdf1a,6,,,,1,1,[],{},7,0.18093997985124588,0.7,10,clean_two_page_spread_2,two_page_spread,no_candidate,0.0,,,,,,,9.499,null,null,"{""bbox_padding_fraction"":0.01,""line_join_fraction"":0.018,""maximum_component_area_fraction"":0.005,""minimum_component_area_fraction"":1e-05,""minimum_line_count"":2,""minimum_text_coverage_fraction"":0.14}",,,"{""legacy_parameter_set_id"":""eda3e0d2d897"",""parameter_grid_ordinal"":6,""parameter_grid_sha256"":""4ba1a84530cf9ff3ddd49fe60cdbcd5175403dce200ecd14c52805d4f0fcdf1a"",""parameter_identity_schema_version"":""1"",""parameter_identity_sha256"":""9a3255de02db2c9b6e29066ccd2bc2880fa5d4ea778b2f95706a509eae4a428e"",""parameter_schema_version"":""1"",""parameter_set_equivalence_family_id"":""eda3e0d2d897"",""parameter_set_equivalence_family_sha256"":""eda3e0d2d8975d21ffbe682b2345f4fc1e02a1c867708db9ab1ff9771363e140"",""parameter_set_equivalence_family_size"":1,""parameter_set_id"":""eda3e0d2d897"",""parameters"":{""bbox_padding_fraction"":0.01,""line_join_fraction"":0.018,""maximum_component_area_fraction"":0.005,""minimum_component_area_fraction"":1e-05,""minimum_line_count"":2,""minimum_text_coverage_fraction"":0.14},""profile"":null,""rank"":null,""reference_roles"":[],""requested_search_member"":true,""run_id"":""run-20260902-204908"",""search_observation"":{""completion_index"":7,""elapsed_seconds"":0.18093997985124588,""parameter_set_number"":7,""search_fraction"":0.7},""search_space_member"":true,""summary"":{""elapsed_ms_total"":59.157,""failure_count"":5,""mean_edge_error_px"":null,""mean_iou"":0.0,""mean_iou_success"":0.0,""minimum_iou"":0.0,""page_count"":5,""stddev_iou"":0.0,""success_count"":0,""wall_ms"":59.353}}","{""candidate"":{""authors"":null,""bbox"":null,""confidence"":0,""corners"":null,""detector_name"":"""",""diagnostics"":{""line_count"":0,""parameters"":{""bbox_padding_fraction"":0.01,""line_join_fraction"":0.018,""maximum_component_area_fraction"":0.005,""minimum_component_area_fraction"":1e-05,""minimum_line_count"":2,""minimum_text_coverage_fraction"":0.14},""reason"":""insufficient_text_lines""},""foundation"":null,""method"":""text_flow"",""origin"":"""",""repository"":"""",""score"":0,""status"":""no_candidate"",""version"":""""},""edge_error_maximum_px"":null,""edge_error_mean_px"":null,""elapsed_ms"":9.499,""global_ordinal"":10,""iou"":0.0,""label"":""clean_two_page_spread_2"",""layout_type"":""two_page_spread"",""status"":""no_candidate""}"
run-20260902-204908,8ee107ae0e89,8ee107ae0e89a97fdef75b54c56a3c92c6ef96da45937e7e3882eff4f14effaa,1,8ee107ae0e89,e030da22b23968422549fea29753e8320078e631f494349b0a79be1347ba420d,1,4ba1a84530cf9ff3ddd49fe60cdbcd5175403dce200ecd14c52805d4f0fcdf1a,7,,,,1,1,[],{},9,0.189760223031044,0.9,1,ordinary_two_page_spread,two_page_spread,no_candidate,0.0,,,,,,,11.191,null,null,"{""bbox_padding_fraction"":0.02,""line_join_fraction"":0.018,""maximum_component_area_fraction"":0.005,""minimum_component_area_fraction"":1e-05,""minimum_line_count"":2,""minimum_text_coverage_fraction"":0.14}",,,"{""legacy_parameter_set_id"":""8ee107ae0e89"",""parameter_grid_ordinal"":7,""parameter_grid_sha256"":""4ba1a84530cf9ff3ddd49fe60cdbcd5175403dce200ecd14c52805d4f0fcdf1a"",""parameter_identity_schema_version"":""1"",""parameter_identity_sha256"":""e030da22b23968422549fea29753e8320078e631f494349b0a79be1347ba420d"",""parameter_schema_version"":""1"",""parameter_set_equivalence_family_id"":""8ee107ae0e89"",""parameter_set_equivalence_family_sha256"":""8ee107ae0e89a97fdef75b54c56a3c92c6ef96da45937e7e3882eff4f14effaa"",""parameter_set_equivalence_family_size"":1,""parameter_set_id"":""8ee107ae0e89"",""parameters"":{""bbox_padding_fraction"":0.02,""line_join_fraction"":0.018,""maximum_component_area_fraction"":0.005,""minimum_component_area_fraction"":1e-05,""minimum_line_count"":2,""minimum_text_coverage_fraction"":0.14},""profile"":null,""rank"":null,""reference_roles"":[],""requested_search_member"":true,""run_id"":""run-20260902-204908"",""search_observation"":{""completion_index"":9,""elapsed_seconds"":0.189760223031044,""parameter_set_number"":9,""search_fraction"":0.9},""search_space_member"":true,""summary"":{""elapsed_ms_total"":67.149,""failure_count"":5,""mean_edge_error_px"":null,""mean_iou"":0.0,""mean_iou_success"":0.0,""minimum_iou"":0.0,""page_count"":5,""stddev_iou"":0.0,""success_count"":0,""wall_ms"":67.363}}","{""candidate"":{""authors"":null,""bbox"":null,""confidence"":0,""corners"":null,""detector_name"":"""",""diagnostics"":{""line_count"":0,""parameters"":{""bbox_padding_fraction"":0.02,""line_join_fraction"":0.018,""maximum_component_area_fraction"":0.005,""minimum_component_area_fraction"":1e-05,""minimum_line_count"":2,""minimum_text_coverage_fraction"":0.14},""reason"":""insufficient_text_lines""},""foundation"":null,""method"":""text_flow"",""origin"":"""",""repository"":"""",""score"":0,""status"":""no_candidate"",""version"":""""},""edge_error_maximum_px"":null,""edge_error_mean_px"":null,""elapsed_ms"":11.191,""global_ordinal"":1,""iou"":0.0,""label"":""ordinary_two_page_spread"",""layout_type"":""two_page_spread"",""status"":""no_candidate""}"
run-20260902-204908,8ee107ae0e89,8ee107ae0e89a97fdef75b54c56a3c92c6ef96da45937e7e3882eff4f14effaa,1,8ee107ae0e89,e030da22b23968422549fea29753e8320078e631f494349b0a79be1347ba420d,1,4ba1a84530cf9ff3ddd49fe60cdbcd5175403dce200ecd14c52805d4f0fcdf1a,7,,,,1,1,[],{},9,0.189760223031044,0.9,5,damaged_partial_register_spread,two_page_spread,no_candidate,0.0,,,,,,,12.003,null,null,"{""bbox_padding_fraction"":0.02,""line_join_fraction"":0.018,""maximum_component_area_fraction"":0.005,""minimum_component_area_fraction"":1e-05,""minimum_line_count"":2,""minimum_text_coverage_fraction"":0.14}",,,"{""legacy_parameter_set_id"":""8ee107ae0e89"",""parameter_grid_ordinal"":7,""parameter_grid_sha256"":""4ba1a84530cf9ff3ddd49fe60cdbcd5175403dce200ecd14c52805d4f0fcdf1a"",""parameter_identity_schema_version"":""1"",""parameter_identity_sha256"":""e030da22b23968422549fea29753e8320078e631f494349b0a79be1347ba420d"",""parameter_schema_version"":""1"",""parameter_set_equivalence_family_id"":""8ee107ae0e89"",""parameter_set_equivalence_family_sha256"":""8ee107ae0e89a97fdef75b54c56a3c92c6ef96da45937e7e3882eff4f14effaa"",""parameter_set_equivalence_family_size"":1,""parameter_set_id"":""8ee107ae0e89"",""parameters"":{""bbox_padding_fraction"":0.02,""line_join_fraction"":0.018,""maximum_component_area_fraction"":0.005,""minimum_component_area_fraction"":1e-05,""minimum_line_count"":2,""minimum_text_coverage_fraction"":0.14},""profile"":null,""rank"":null,""reference_roles"":[],""requested_search_member"":true,""run_id"":""run-20260902-204908"",""search_observation"":{""completion_index"":9,""elapsed_seconds"":0.189760223031044,""parameter_set_number"":9,""search_fraction"":0.9},""search_space_member"":true,""summary"":{""elapsed_ms_total"":67.149,""failure_count"":5,""mean_edge_error_px"":null,""mean_iou"":0.0,""mean_iou_success"":0.0,""minimum_iou"":0.0,""page_count"":5,""stddev_iou"":0.0,""success_count"":0,""wall_ms"":67.363}}","{""candidate"":{""authors"":null,""bbox"":null,""confidence"":0,""corners"":null,""detector_name"":"""",""diagnostics"":{""line_count"":0,""parameters"":{""bbox_padding_fraction"":0.02,""line_join_fraction"":0.018,""maximum_component_area_fraction"":0.005,""minimum_component_area_fraction"":1e-05,""minimum_line_count"":2,""minimum_text_coverage_fraction"":0.14},""reason"":""insufficient_text_lines""},""foundation"":null,""method"":""text_flow"",""origin"":"""",""repository"":"""",""score"":0,""status"":""no_candidate"",""version"":""""},""edge_error_maximum_px"":null,""edge_error_mean_px"":null,""elapsed_ms"":12.003,""global_ordinal"":5,""iou"":0.0,""label"":""damaged_partial_register_spread"",""layout_type"":""two_page_spread"",""status"":""no_candidate""}"
run-20260902-204908,8ee107ae0e89,8ee107ae0e89a97fdef75b54c56a3c92c6ef96da45937e7e3882eff4f14effaa,1,8ee107ae0e89,e030da22b23968422549fea29753e8320078e631f494349b0a79be1347ba420d,1,4ba1a84530cf9ff3ddd49fe60cdbcd5175403dce200ecd14c52805d4f0fcdf1a,7,,,,1,1,[],{},9,0.189760223031044,0.9,6,title_or_index_sheet,single_page,no_candidate,0.0,,,,,,,23.024,null,null,"{""bbox_padding_fraction"":0.02,""line_join_fraction"":0.018,""maximum_component_area_fraction"":0.005,""minimum_component_area_fraction"":1e-05,""minimum_line_count"":2,""minimum_text_coverage_fraction"":0.14}",,,"{""legacy_parameter_set_id"":""8ee107ae0e89"",""parameter_grid_ordinal"":7,""parameter_grid_sha256"":""4ba1a84530cf9ff3ddd49fe60cdbcd5175403dce200ecd14c52805d4f0fcdf1a"",""parameter_identity_schema_version"":""1"",""parameter_identity_sha256"":""e030da22b23968422549fea29753e8320078e631f494349b0a79be1347ba420d"",""parameter_schema_version"":""1"",""parameter_set_equivalence_family_id"":""8ee107ae0e89"",""parameter_set_equivalence_family_sha256"":""8ee107ae0e89a97fdef75b54c56a3c92c6ef96da45937e7e3882eff4f14effaa"",""parameter_set_equivalence_family_size"":1,""parameter_set_id"":""8ee107ae0e89"",""parameters"":{""bbox_padding_fraction"":0.02,""line_join_fraction"":0.018,""maximum_component_area_fraction"":0.005,""minimum_component_area_fraction"":1e-05,""minimum_line_count"":2,""minimum_text_coverage_fraction"":0.14},""profile"":null,""rank"":null,""reference_roles"":[],""requested_search_member"":true,""run_id"":""run-20260902-204908"",""search_observation"":{""completion_index"":9,""elapsed_seconds"":0.189760223031044,""parameter_set_number"":9,""search_fraction"":0.9},""search_space_member"":true,""summary"":{""elapsed_ms_total"":67.149,""failure_count"":5,""mean_edge_error_px"":null,""mean_iou"":0.0,""mean_iou_success"":0.0,""minimum_iou"":0.0,""page_count"":5,""stddev_iou"":0.0,""success_count"":0,""wall_ms"":67.363}}","{""candidate"":{""authors"":null,""bbox"":null,""confidence"":0,""corners"":null,""detector_name"":"""",""diagnostics"":{""line_count"":3,""parameters"":{""bbox_padding_fraction"":0.02,""line_join_fraction"":0.018,""maximum_component_area_fraction"":0.005,""minimum_component_area_fraction"":1e-05,""minimum_line_count"":2,""minimum_text_coverage_fraction"":0.14},""reason"":""insufficient_text_coverage"",""text_coverage"":0.13265134823208477},""foundation"":null,""method"":""text_flow"",""origin"":"""",""repository"":"""",""score"":0,""status"":""no_candidate"",""version"":""""},""edge_error_maximum_px"":null,""edge_error_mean_px"":null,""elapsed_ms"":23.024,""global_ordinal"":6,""iou"":0.0,""label"":""title_or_index_sheet"",""layout_type"":""single_page"",""status"":""no_candidate""}"
run-20260902-204908,8ee107ae0e89,8ee107ae0e89a97fdef75b54c56a3c92c6ef96da45937e7e3882eff4f14effaa,1,8ee107ae0e89,e030da22b23968422549fea29753e8320078e631f494349b0a79be1347ba420d,1,4ba1a84530cf9ff3ddd49fe60cdbcd5175403dce200ecd14c52805d4f0fcdf1a,7,,,,1,1,[],{},9,0.189760223031044,0.9,9,clean_two_page_spread,two_page_spread,no_candidate,0.0,,,,,,,12.822,null,null,"{""bbox_padding_fraction"":0.02,""line_join_fraction"":0.018,""maximum_component_area_fraction"":0.005,""minimum_component_area_fraction"":1e-05,""minimum_line_count"":2,""minimum_text_coverage_fraction"":0.14}",,,"{""legacy_parameter_set_id"":""8ee107ae0e89"",""parameter_grid_ordinal"":7,""parameter_grid_sha256"":""4ba1a84530cf9ff3ddd49fe60cdbcd5175403dce200ecd14c52805d4f0fcdf1a"",""parameter_identity_schema_version"":""1"",""parameter_identity_sha256"":""e030da22b23968422549fea29753e8320078e631f494349b0a79be1347ba420d"",""parameter_schema_version"":""1"",""parameter_set_equivalence_family_id"":""8ee107ae0e89"",""parameter_set_equivalence_family_sha256"":""8ee107ae0e89a97fdef75b54c56a3c92c6ef96da45937e7e3882eff4f14effaa"",""parameter_set_equivalence_family_size"":1,""parameter_set_id"":""8ee107ae0e89"",""parameters"":{""bbox_padding_fraction"":0.02,""line_join_fraction"":0.018,""maximum_component_area_fraction"":0.005,""minimum_component_area_fraction"":1e-05,""minimum_line_count"":2,""minimum_text_coverage_fraction"":0.14},""profile"":null,""rank"":null,""reference_roles"":[],""requested_search_member"":true,""run_id"":""run-20260902-204908"",""search_observation"":{""completion_index"":9,""elapsed_seconds"":0.189760223031044,""parameter_set_number"":9,""search_fraction"":0.9},""search_space_member"":true,""summary"":{""elapsed_ms_total"":67.149,""failure_count"":5,""mean_edge_error_px"":null,""mean_iou"":0.0,""mean_iou_success"":0.0,""minimum_iou"":0.0,""page_count"":5,""stddev_iou"":0.0,""success_count"":0,""wall_ms"":67.363}}","{""candidate"":{""authors"":null,""bbox"":null,""confidence"":0,""corners"":null,""detector_name"":"""",""diagnostics"":{""line_count"":0,""parameters"":{""bbox_padding_fraction"":0.02,""line_join_fraction"":0.018,""maximum_component_area_fraction"":0.005,""minimum_component_area_fraction"":1e-05,""minimum_line_count"":2,""minimum_text_coverage_fraction"":0.14},""reason"":""insufficient_text_lines""},""foundation"":null,""method"":""text_flow"",""origin"":"""",""repository"":"""",""score"":0,""status"":""no_candidate"",""version"":""""},""edge_error_maximum_px"":null,""edge_error_mean_px"":null,""elapsed_ms"":12.822,""global_ordinal"":9,""iou"":0.0,""label"":""clean_two_page_spread"",""layout_type"":""two_page_spread"",""status"":""no_candidate""}"
run-20260902-204908,8ee107ae0e89,8ee107ae0e89a97fdef75b54c56a3c92c6ef96da45937e7e3882eff4f14effaa,1,8ee107ae0e89,e030da22b23968422549fea29753e8320078e631f494349b0a79be1347ba420d,1,4ba1a84530cf9ff3ddd49fe60cdbcd5175403dce200ecd14c52805d4f0fcdf1a,7,,,,1,1,[],{},9,0.189760223031044,0.9,10,clean_two_page_spread_2,two_page_spread,no_candidate,0.0,,,,,,,8.109,null,null,"{""bbox_padding_fraction"":0.02,""line_join_fraction"":0.018,""maximum_component_area_fraction"":0.005,""minimum_component_area_fraction"":1e-05,""minimum_line_count"":2,""minimum_text_coverage_fraction"":0.14}",,,"{""legacy_parameter_set_id"":""8ee107ae0e89"",""parameter_grid_ordinal"":7,""parameter_grid_sha256"":""4ba1a84530cf9ff3ddd49fe60cdbcd5175403dce200ecd14c52805d4f0fcdf1a"",""parameter_identity_schema_version"":""1"",""parameter_identity_sha256"":""e030da22b23968422549fea29753e8320078e631f494349b0a79be1347ba420d"",""parameter_schema_version"":""1"",""parameter_set_equivalence_family_id"":""8ee107ae0e89"",""parameter_set_equivalence_family_sha256"":""8ee107ae0e89a97fdef75b54c56a3c92c6ef96da45937e7e3882eff4f14effaa"",""parameter_set_equivalence_family_size"":1,""parameter_set_id"":""8ee107ae0e89"",""parameters"":{""bbox_padding_fraction"":0.02,""line_join_fraction"":0.018,""maximum_component_area_fraction"":0.005,""minimum_component_area_fraction"":1e-05,""minimum_line_count"":2,""minimum_text_coverage_fraction"":0.14},""profile"":null,""rank"":null,""reference_roles"":[],""requested_search_member"":true,""run_id"":""run-20260902-204908"",""search_observation"":{""completion_index"":9,""elapsed_seconds"":0.189760223031044,""parameter_set_number"":9,""search_fraction"":0.9},""search_space_member"":true,""summary"":{""elapsed_ms_total"":67.149,""failure_count"":5,""mean_edge_error_px"":null,""mean_iou"":0.0,""mean_iou_success"":0.0,""minimum_iou"":0.0,""page_count"":5,""stddev_iou"":0.0,""success_count"":0,""wall_ms"":67.363}}","{""candidate"":{""authors"":null,""bbox"":null,""confidence"":0,""corners"":null,""detector_name"":"""",""diagnostics"":{""line_count"":0,""parameters"":{""bbox_padding_fraction"":0.02,""line_join_fraction"":0.018,""maximum_component_area_fraction"":0.005,""minimum_component_area_fraction"":1e-05,""minimum_line_count"":2,""minimum_text_coverage_fraction"":0.14},""reason"":""insufficient_text_lines""},""foundation"":null,""method"":""text_flow"",""origin"":"""",""repository"":"""",""score"":0,""status"":""no_candidate"",""version"":""""},""edge_error_maximum_px"":null,""edge_error_mean_px"":null,""elapsed_ms"":8.109,""global_ordinal"":10,""iou"":0.0,""label"":""clean_two_page_spread_2"",""layout_type"":""two_page_spread"",""status"":""no_candidate""}"
