run_id,parameter_set_equivalence_family_id,parameter_set_equivalence_family_sha256,parameter_set_equivalence_family_size,parameter_set_id,parameter_identity_sha256,parameter_schema_version,parameter_grid_sha256,parameter_grid_ordinal,profile,rank,search_rank,requested_search_member,search_space_member,reference_roles_json,historic_reference_json,completion_index,completion_elapsed_seconds,search_fraction,global_ordinal,label,layout_type,status,iou,left_error_px,top_error_px,right_error_px,bottom_error_px,edge_error_mean_px,edge_error_maximum_px,elapsed_ms,approved_bbox_json,predicted_bbox_json,parameters_json,error_type,error_message,result_json,page_json
run-20260902-204857,e536a07cca54,e536a07cca54978170c4896e197e7955f7fa1b3e62a044596148d66008260edf,1,e536a07cca54,c929b8c419967ff8c374fcde1498a6bbfb38e4d0c0512b99781ae5412dfd7420,1,4af0d7b29b360e5cc1db2842d6c10c4e41494d99496461a32334ccc3d6d77b3a,624,,1,,1,1,"[""historic_best""]","{""detector"": ""projective_gradient_vote"", ""golden_set_sha256"": ""135c0ff576876ef8911296e2502193ed20d159799079a4f8a58994854fcbba8e"", ""historic_build_number"": ""358"", ""historic_build_url"": ""https://github.com/dlstupka/hth/actions/runs/31715583665"", ""historic_calibration_id"": ""run-20260813-152907"", ""historic_created_at_utc"": ""2026-08-13T15:29:00.733077+00:00"", ""model_variant"": null, ""parameter_identity_sha256"": ""c929b8c419967ff8c374fcde1498a6bbfb38e4d0c0512b99781ae5412dfd7420"", ""parameter_set_id"": ""e536a07cca54"", ""parameters"": {""family_tolerance_degrees"": 10.0, ""gaussian_sigma"": 1.8, ""gradient_percentile"": 82.0, ""minimum_segment_fraction"": 0.24, ""minimum_side_support"": 0.08, ""orthogonality_tolerance_degrees"": 22.0}, ""provenance_source"": ""legacy-parameters""}",2,0.8027387028560042,0.2,1,ordinary_two_page_spread,two_page_spread,ok,0.96984436,23,2,4,5,8.5,23,94.764,"[125, 56, 1289, 967]","[102, 58, 1285, 972]","{""family_tolerance_degrees"":10.0,""gaussian_sigma"":1.8,""gradient_percentile"":82.0,""minimum_segment_fraction"":0.24,""minimum_side_support"":0.08,""orthogonality_tolerance_degrees"":22.0}",,,"{""historic_reference"":{""detector"":""projective_gradient_vote"",""golden_set_sha256"":""135c0ff576876ef8911296e2502193ed20d159799079a4f8a58994854fcbba8e"",""historic_build_number"":""358"",""historic_build_url"":""https://github.com/dlstupka/hth/actions/runs/31715583665"",""historic_calibration_id"":""run-20260813-152907"",""historic_created_at_utc"":""2026-08-13T15:29:00.733077+00:00"",""model_variant"":null,""parameter_identity_sha256"":""c929b8c419967ff8c374fcde1498a6bbfb38e4d0c0512b99781ae5412dfd7420"",""parameter_set_id"":""e536a07cca54"",""parameters"":{""family_tolerance_degrees"":10.0,""gaussian_sigma"":1.8,""gradient_percentile"":82.0,""minimum_segment_fraction"":0.24,""minimum_side_support"":0.08,""orthogonality_tolerance_degrees"":22.0},""provenance_source"":""legacy-parameters""},""legacy_parameter_set_id"":""e536a07cca54"",""parameter_grid_ordinal"":624,""parameter_grid_sha256"":""4af0d7b29b360e5cc1db2842d6c10c4e41494d99496461a32334ccc3d6d77b3a"",""parameter_identity_schema_version"":""1"",""parameter_identity_sha256"":""c929b8c419967ff8c374fcde1498a6bbfb38e4d0c0512b99781ae5412dfd7420"",""parameter_schema_version"":""1"",""parameter_set_equivalence_family_id"":""e536a07cca54"",""parameter_set_equivalence_family_sha256"":""e536a07cca54978170c4896e197e7955f7fa1b3e62a044596148d66008260edf"",""parameter_set_equivalence_family_size"":1,""parameter_set_id"":""e536a07cca54"",""parameters"":{""family_tolerance_degrees"":10.0,""gaussian_sigma"":1.8,""gradient_percentile"":82.0,""minimum_segment_fraction"":0.24,""minimum_side_support"":0.08,""orthogonality_tolerance_degrees"":22.0},""profile"":null,""rank"":1,""reference_roles"":[""historic_best""],""requested_search_member"":true,""run_id"":""run-20260902-204857"",""search_observation"":{""completion_index"":2,""elapsed_seconds"":0.8027387028560042,""parameter_set_number"":2,""search_fraction"":0.2},""search_space_member"":true,""summary"":{""elapsed_ms_total"":370.141,""failure_count"":2,""mean_edge_error_px"":22.333,""mean_iou"":0.55411904,""mean_iou_success"":0.92353173,""minimum_iou"":0.0,""page_count"":5,""stddev_iou"":0.45456192,""success_count"":3,""wall_ms"":370.575}}","{""approved_bbox"":[125,56,1289,967],""candidate"":{""authors"":null,""bbox"":[102,58,1285,972],""confidence"":0.9367255050476224,""corners"":[[105.45071411132812,88.7265625],[1278.1834716796875,58.222190856933594],[1284.5762939453125,956.5888061523438],[102.87421417236328,971.2760009765625]],""detector_name"":"""",""diagnostics"":{""area_fraction"":0.7693129399445393,""evidence"":""long_segment_gradient_votes_with_projective_line_intersections"",""orientation_families_degrees"":[90.0,178.00000000000003],""parameters"":{""angle_bin_degrees"":4.0,""area_weight"":0.15,""bbox_padding_fraction"":0.0,""family_tolerance_degrees"":10.0,""gaussian_sigma"":1.8,""geometry_weight"":0.3,""gradient_percentile"":82.0,""maximum_area_fraction"":0.98,""maximum_corner_overshoot_fraction"":0.08,""minimum_area_fraction"":0.18,""minimum_segment_fraction"":0.24,""minimum_side_support"":0.08,""orthogonality_tolerance_degrees"":22.0,""support_weight"":0.55},""projective_geometry_score"":0.9090909090909101,""segment_count"":7,""side_support"":[0.9980944991111755,0.9917330741882324,1.0,1.0]},""foundation"":null,""method"":""projective_gradient_vote"",""origin"":"""",""repository"":"""",""score"":0.9367255050476224,""status"":""ok"",""version"":""""},""edge_error_maximum_px"":23,""edge_error_mean_px"":8.5,""edge_errors"":{""bottom"":5,""left"":23,""maximum"":23,""mean"":8.5,""right"":4,""top"":2},""elapsed_ms"":94.764,""global_ordinal"":1,""iou"":0.96984436,""label"":""ordinary_two_page_spread"",""layout_type"":""two_page_spread"",""predicted_bbox"":[102,58,1285,972],""status"":""ok""}"
run-20260902-204857,e536a07cca54,e536a07cca54978170c4896e197e7955f7fa1b3e62a044596148d66008260edf,1,e536a07cca54,c929b8c419967ff8c374fcde1498a6bbfb38e4d0c0512b99781ae5412dfd7420,1,4af0d7b29b360e5cc1db2842d6c10c4e41494d99496461a32334ccc3d6d77b3a,624,,1,,1,1,"[""historic_best""]","{""detector"": ""projective_gradient_vote"", ""golden_set_sha256"": ""135c0ff576876ef8911296e2502193ed20d159799079a4f8a58994854fcbba8e"", ""historic_build_number"": ""358"", ""historic_build_url"": ""https://github.com/dlstupka/hth/actions/runs/31715583665"", ""historic_calibration_id"": ""run-20260813-152907"", ""historic_created_at_utc"": ""2026-08-13T15:29:00.733077+00:00"", ""model_variant"": null, ""parameter_identity_sha256"": ""c929b8c419967ff8c374fcde1498a6bbfb38e4d0c0512b99781ae5412dfd7420"", ""parameter_set_id"": ""e536a07cca54"", ""parameters"": {""family_tolerance_degrees"": 10.0, ""gaussian_sigma"": 1.8, ""gradient_percentile"": 82.0, ""minimum_segment_fraction"": 0.24, ""minimum_side_support"": 0.08, ""orthogonality_tolerance_degrees"": 22.0}, ""provenance_source"": ""legacy-parameters""}",2,0.8027387028560042,0.2,5,damaged_partial_register_spread,two_page_spread,no_candidate,0.0,,,,,,,70.653,null,null,"{""family_tolerance_degrees"":10.0,""gaussian_sigma"":1.8,""gradient_percentile"":82.0,""minimum_segment_fraction"":0.24,""minimum_side_support"":0.08,""orthogonality_tolerance_degrees"":22.0}",,,"{""historic_reference"":{""detector"":""projective_gradient_vote"",""golden_set_sha256"":""135c0ff576876ef8911296e2502193ed20d159799079a4f8a58994854fcbba8e"",""historic_build_number"":""358"",""historic_build_url"":""https://github.com/dlstupka/hth/actions/runs/31715583665"",""historic_calibration_id"":""run-20260813-152907"",""historic_created_at_utc"":""2026-08-13T15:29:00.733077+00:00"",""model_variant"":null,""parameter_identity_sha256"":""c929b8c419967ff8c374fcde1498a6bbfb38e4d0c0512b99781ae5412dfd7420"",""parameter_set_id"":""e536a07cca54"",""parameters"":{""family_tolerance_degrees"":10.0,""gaussian_sigma"":1.8,""gradient_percentile"":82.0,""minimum_segment_fraction"":0.24,""minimum_side_support"":0.08,""orthogonality_tolerance_degrees"":22.0},""provenance_source"":""legacy-parameters""},""legacy_parameter_set_id"":""e536a07cca54"",""parameter_grid_ordinal"":624,""parameter_grid_sha256"":""4af0d7b29b360e5cc1db2842d6c10c4e41494d99496461a32334ccc3d6d77b3a"",""parameter_identity_schema_version"":""1"",""parameter_identity_sha256"":""c929b8c419967ff8c374fcde1498a6bbfb38e4d0c0512b99781ae5412dfd7420"",""parameter_schema_version"":""1"",""parameter_set_equivalence_family_id"":""e536a07cca54"",""parameter_set_equivalence_family_sha256"":""e536a07cca54978170c4896e197e7955f7fa1b3e62a044596148d66008260edf"",""parameter_set_equivalence_family_size"":1,""parameter_set_id"":""e536a07cca54"",""parameters"":{""family_tolerance_degrees"":10.0,""gaussian_sigma"":1.8,""gradient_percentile"":82.0,""minimum_segment_fraction"":0.24,""minimum_side_support"":0.08,""orthogonality_tolerance_degrees"":22.0},""profile"":null,""rank"":1,""reference_roles"":[""historic_best""],""requested_search_member"":true,""run_id"":""run-20260902-204857"",""search_observation"":{""completion_index"":2,""elapsed_seconds"":0.8027387028560042,""parameter_set_number"":2,""search_fraction"":0.2},""search_space_member"":true,""summary"":{""elapsed_ms_total"":370.141,""failure_count"":2,""mean_edge_error_px"":22.333,""mean_iou"":0.55411904,""mean_iou_success"":0.92353173,""minimum_iou"":0.0,""page_count"":5,""stddev_iou"":0.45456192,""success_count"":3,""wall_ms"":370.575}}","{""candidate"":{""authors"":null,""bbox"":null,""confidence"":0.0,""corners"":null,""detector_name"":"""",""diagnostics"":{""evidence"":""long_segment_gradient_votes_with_projective_line_intersections"",""orientation_families_degrees"":null,""parameters"":{""angle_bin_degrees"":4.0,""area_weight"":0.15,""bbox_padding_fraction"":0.0,""family_tolerance_degrees"":10.0,""gaussian_sigma"":1.8,""geometry_weight"":0.3,""gradient_percentile"":82.0,""maximum_area_fraction"":0.98,""maximum_corner_overshoot_fraction"":0.08,""minimum_area_fraction"":0.18,""minimum_segment_fraction"":0.24,""minimum_side_support"":0.08,""orthogonality_tolerance_degrees"":22.0,""support_weight"":0.55},""reason"":""insufficient_projective_line_families"",""segment_count"":1},""foundation"":null,""method"":""projective_gradient_vote"",""origin"":"""",""repository"":"""",""score"":0.0,""status"":""no_candidate"",""version"":""""},""edge_error_maximum_px"":null,""edge_error_mean_px"":null,""elapsed_ms"":70.653,""global_ordinal"":5,""iou"":0.0,""label"":""damaged_partial_register_spread"",""layout_type"":""two_page_spread"",""status"":""no_candidate""}"
run-20260902-204857,e536a07cca54,e536a07cca54978170c4896e197e7955f7fa1b3e62a044596148d66008260edf,1,e536a07cca54,c929b8c419967ff8c374fcde1498a6bbfb38e4d0c0512b99781ae5412dfd7420,1,4af0d7b29b360e5cc1db2842d6c10c4e41494d99496461a32334ccc3d6d77b3a,624,,1,,1,1,"[""historic_best""]","{""detector"": ""projective_gradient_vote"", ""golden_set_sha256"": ""135c0ff576876ef8911296e2502193ed20d159799079a4f8a58994854fcbba8e"", ""historic_build_number"": ""358"", ""historic_build_url"": ""https://github.com/dlstupka/hth/actions/runs/31715583665"", ""historic_calibration_id"": ""run-20260813-152907"", ""historic_created_at_utc"": ""2026-08-13T15:29:00.733077+00:00"", ""model_variant"": null, ""parameter_identity_sha256"": ""c929b8c419967ff8c374fcde1498a6bbfb38e4d0c0512b99781ae5412dfd7420"", ""parameter_set_id"": ""e536a07cca54"", ""parameters"": {""family_tolerance_degrees"": 10.0, ""gaussian_sigma"": 1.8, ""gradient_percentile"": 82.0, ""minimum_segment_fraction"": 0.24, ""minimum_side_support"": 0.08, ""orthogonality_tolerance_degrees"": 22.0}, ""provenance_source"": ""legacy-parameters""}",2,0.8027387028560042,0.2,6,title_or_index_sheet,single_page,no_candidate,0.0,,,,,,,48.225,null,null,"{""family_tolerance_degrees"":10.0,""gaussian_sigma"":1.8,""gradient_percentile"":82.0,""minimum_segment_fraction"":0.24,""minimum_side_support"":0.08,""orthogonality_tolerance_degrees"":22.0}",,,"{""historic_reference"":{""detector"":""projective_gradient_vote"",""golden_set_sha256"":""135c0ff576876ef8911296e2502193ed20d159799079a4f8a58994854fcbba8e"",""historic_build_number"":""358"",""historic_build_url"":""https://github.com/dlstupka/hth/actions/runs/31715583665"",""historic_calibration_id"":""run-20260813-152907"",""historic_created_at_utc"":""2026-08-13T15:29:00.733077+00:00"",""model_variant"":null,""parameter_identity_sha256"":""c929b8c419967ff8c374fcde1498a6bbfb38e4d0c0512b99781ae5412dfd7420"",""parameter_set_id"":""e536a07cca54"",""parameters"":{""family_tolerance_degrees"":10.0,""gaussian_sigma"":1.8,""gradient_percentile"":82.0,""minimum_segment_fraction"":0.24,""minimum_side_support"":0.08,""orthogonality_tolerance_degrees"":22.0},""provenance_source"":""legacy-parameters""},""legacy_parameter_set_id"":""e536a07cca54"",""parameter_grid_ordinal"":624,""parameter_grid_sha256"":""4af0d7b29b360e5cc1db2842d6c10c4e41494d99496461a32334ccc3d6d77b3a"",""parameter_identity_schema_version"":""1"",""parameter_identity_sha256"":""c929b8c419967ff8c374fcde1498a6bbfb38e4d0c0512b99781ae5412dfd7420"",""parameter_schema_version"":""1"",""parameter_set_equivalence_family_id"":""e536a07cca54"",""parameter_set_equivalence_family_sha256"":""e536a07cca54978170c4896e197e7955f7fa1b3e62a044596148d66008260edf"",""parameter_set_equivalence_family_size"":1,""parameter_set_id"":""e536a07cca54"",""parameters"":{""family_tolerance_degrees"":10.0,""gaussian_sigma"":1.8,""gradient_percentile"":82.0,""minimum_segment_fraction"":0.24,""minimum_side_support"":0.08,""orthogonality_tolerance_degrees"":22.0},""profile"":null,""rank"":1,""reference_roles"":[""historic_best""],""requested_search_member"":true,""run_id"":""run-20260902-204857"",""search_observation"":{""completion_index"":2,""elapsed_seconds"":0.8027387028560042,""parameter_set_number"":2,""search_fraction"":0.2},""search_space_member"":true,""summary"":{""elapsed_ms_total"":370.141,""failure_count"":2,""mean_edge_error_px"":22.333,""mean_iou"":0.55411904,""mean_iou_success"":0.92353173,""minimum_iou"":0.0,""page_count"":5,""stddev_iou"":0.45456192,""success_count"":3,""wall_ms"":370.575}}","{""candidate"":{""authors"":null,""bbox"":null,""confidence"":0.0,""corners"":null,""detector_name"":"""",""diagnostics"":{""evidence"":""long_segment_gradient_votes_with_projective_line_intersections"",""orientation_families_degrees"":null,""parameters"":{""angle_bin_degrees"":4.0,""area_weight"":0.15,""bbox_padding_fraction"":0.0,""family_tolerance_degrees"":10.0,""gaussian_sigma"":1.8,""geometry_weight"":0.3,""gradient_percentile"":82.0,""maximum_area_fraction"":0.98,""maximum_corner_overshoot_fraction"":0.08,""minimum_area_fraction"":0.18,""minimum_segment_fraction"":0.24,""minimum_side_support"":0.08,""orthogonality_tolerance_degrees"":22.0,""support_weight"":0.55},""reason"":""insufficient_projective_line_families"",""segment_count"":3},""foundation"":null,""method"":""projective_gradient_vote"",""origin"":"""",""repository"":"""",""score"":0.0,""status"":""no_candidate"",""version"":""""},""edge_error_maximum_px"":null,""edge_error_mean_px"":null,""elapsed_ms"":48.225,""global_ordinal"":6,""iou"":0.0,""label"":""title_or_index_sheet"",""layout_type"":""single_page"",""status"":""no_candidate""}"
run-20260902-204857,e536a07cca54,e536a07cca54978170c4896e197e7955f7fa1b3e62a044596148d66008260edf,1,e536a07cca54,c929b8c419967ff8c374fcde1498a6bbfb38e4d0c0512b99781ae5412dfd7420,1,4af0d7b29b360e5cc1db2842d6c10c4e41494d99496461a32334ccc3d6d77b3a,624,,1,,1,1,"[""historic_best""]","{""detector"": ""projective_gradient_vote"", ""golden_set_sha256"": ""135c0ff576876ef8911296e2502193ed20d159799079a4f8a58994854fcbba8e"", ""historic_build_number"": ""358"", ""historic_build_url"": ""https://github.com/dlstupka/hth/actions/runs/31715583665"", ""historic_calibration_id"": ""run-20260813-152907"", ""historic_created_at_utc"": ""2026-08-13T15:29:00.733077+00:00"", ""model_variant"": null, ""parameter_identity_sha256"": ""c929b8c419967ff8c374fcde1498a6bbfb38e4d0c0512b99781ae5412dfd7420"", ""parameter_set_id"": ""e536a07cca54"", ""parameters"": {""family_tolerance_degrees"": 10.0, ""gaussian_sigma"": 1.8, ""gradient_percentile"": 82.0, ""minimum_segment_fraction"": 0.24, ""minimum_side_support"": 0.08, ""orthogonality_tolerance_degrees"": 22.0}, ""provenance_source"": ""legacy-parameters""}",2,0.8027387028560042,0.2,9,clean_two_page_spread,two_page_spread,ok,0.84370805,11,3,172,1,46.75,172,76.622,"[84, 51, 1101, 941]","[73, 48, 1273, 942]","{""family_tolerance_degrees"":10.0,""gaussian_sigma"":1.8,""gradient_percentile"":82.0,""minimum_segment_fraction"":0.24,""minimum_side_support"":0.08,""orthogonality_tolerance_degrees"":22.0}",,,"{""historic_reference"":{""detector"":""projective_gradient_vote"",""golden_set_sha256"":""135c0ff576876ef8911296e2502193ed20d159799079a4f8a58994854fcbba8e"",""historic_build_number"":""358"",""historic_build_url"":""https://github.com/dlstupka/hth/actions/runs/31715583665"",""historic_calibration_id"":""run-20260813-152907"",""historic_created_at_utc"":""2026-08-13T15:29:00.733077+00:00"",""model_variant"":null,""parameter_identity_sha256"":""c929b8c419967ff8c374fcde1498a6bbfb38e4d0c0512b99781ae5412dfd7420"",""parameter_set_id"":""e536a07cca54"",""parameters"":{""family_tolerance_degrees"":10.0,""gaussian_sigma"":1.8,""gradient_percentile"":82.0,""minimum_segment_fraction"":0.24,""minimum_side_support"":0.08,""orthogonality_tolerance_degrees"":22.0},""provenance_source"":""legacy-parameters""},""legacy_parameter_set_id"":""e536a07cca54"",""parameter_grid_ordinal"":624,""parameter_grid_sha256"":""4af0d7b29b360e5cc1db2842d6c10c4e41494d99496461a32334ccc3d6d77b3a"",""parameter_identity_schema_version"":""1"",""parameter_identity_sha256"":""c929b8c419967ff8c374fcde1498a6bbfb38e4d0c0512b99781ae5412dfd7420"",""parameter_schema_version"":""1"",""parameter_set_equivalence_family_id"":""e536a07cca54"",""parameter_set_equivalence_family_sha256"":""e536a07cca54978170c4896e197e7955f7fa1b3e62a044596148d66008260edf"",""parameter_set_equivalence_family_size"":1,""parameter_set_id"":""e536a07cca54"",""parameters"":{""family_tolerance_degrees"":10.0,""gaussian_sigma"":1.8,""gradient_percentile"":82.0,""minimum_segment_fraction"":0.24,""minimum_side_support"":0.08,""orthogonality_tolerance_degrees"":22.0},""profile"":null,""rank"":1,""reference_roles"":[""historic_best""],""requested_search_member"":true,""run_id"":""run-20260902-204857"",""search_observation"":{""completion_index"":2,""elapsed_seconds"":0.8027387028560042,""parameter_set_number"":2,""search_fraction"":0.2},""search_space_member"":true,""summary"":{""elapsed_ms_total"":370.141,""failure_count"":2,""mean_edge_error_px"":22.333,""mean_iou"":0.55411904,""mean_iou_success"":0.92353173,""minimum_iou"":0.0,""page_count"":5,""stddev_iou"":0.45456192,""success_count"":3,""wall_ms"":370.575}}","{""approved_bbox"":[84,51,1101,941],""candidate"":{""authors"":null,""bbox"":[73,48,1273,942],""confidence"":0.9469953060537984,""corners"":[[77.9316635131836,48.46403503417969],[1257.571533203125,55.85499572753906],[1272.9183349609375,941.9968872070312],[73.19706726074219,929.34375]],""detector_name"":"""",""diagnostics"":{""area_fraction"":0.8284535555101713,""evidence"":""long_segment_gradient_votes_with_projective_line_intersections"",""orientation_families_degrees"":[90.0,2.0],""parameters"":{""angle_bin_degrees"":4.0,""area_weight"":0.15,""bbox_padding_fraction"":0.0,""family_tolerance_degrees"":10.0,""gaussian_sigma"":1.8,""geometry_weight"":0.3,""gradient_percentile"":82.0,""maximum_area_fraction"":0.98,""maximum_corner_overshoot_fraction"":0.08,""minimum_area_fraction"":0.18,""minimum_segment_fraction"":0.24,""minimum_side_support"":0.08,""orthogonality_tolerance_degrees"":22.0,""support_weight"":0.55},""projective_geometry_score"":0.909090909090909,""segment_count"":8,""side_support"":[1.0,1.0,1.0,1.0]},""foundation"":null,""method"":""projective_gradient_vote"",""origin"":"""",""repository"":"""",""score"":0.9469953060537984,""status"":""ok"",""version"":""""},""edge_error_maximum_px"":172,""edge_error_mean_px"":46.75,""edge_errors"":{""bottom"":1,""left"":11,""maximum"":172,""mean"":46.75,""right"":172,""top"":3},""elapsed_ms"":76.622,""global_ordinal"":9,""iou"":0.84370805,""label"":""clean_two_page_spread"",""layout_type"":""two_page_spread"",""predicted_bbox"":[73,48,1273,942],""status"":""ok""}"
run-20260902-204857,e536a07cca54,e536a07cca54978170c4896e197e7955f7fa1b3e62a044596148d66008260edf,1,e536a07cca54,c929b8c419967ff8c374fcde1498a6bbfb38e4d0c0512b99781ae5412dfd7420,1,4af0d7b29b360e5cc1db2842d6c10c4e41494d99496461a32334ccc3d6d77b3a,624,,1,,1,1,"[""historic_best""]","{""detector"": ""projective_gradient_vote"", ""golden_set_sha256"": ""135c0ff576876ef8911296e2502193ed20d159799079a4f8a58994854fcbba8e"", ""historic_build_number"": ""358"", ""historic_build_url"": ""https://github.com/dlstupka/hth/actions/runs/31715583665"", ""historic_calibration_id"": ""run-20260813-152907"", ""historic_created_at_utc"": ""2026-08-13T15:29:00.733077+00:00"", ""model_variant"": null, ""parameter_identity_sha256"": ""c929b8c419967ff8c374fcde1498a6bbfb38e4d0c0512b99781ae5412dfd7420"", ""parameter_set_id"": ""e536a07cca54"", ""parameters"": {""family_tolerance_degrees"": 10.0, ""gaussian_sigma"": 1.8, ""gradient_percentile"": 82.0, ""minimum_segment_fraction"": 0.24, ""minimum_side_support"": 0.08, ""orthogonality_tolerance_degrees"": 22.0}, ""provenance_source"": ""legacy-parameters""}",2,0.8027387028560042,0.2,10,clean_two_page_spread_2,two_page_spread,ok,0.95704278,13,3,29,2,11.75,29,79.877,"[88, 33, 1154, 968]","[75, 30, 1183, 966]","{""family_tolerance_degrees"":10.0,""gaussian_sigma"":1.8,""gradient_percentile"":82.0,""minimum_segment_fraction"":0.24,""minimum_side_support"":0.08,""orthogonality_tolerance_degrees"":22.0}",,,"{""historic_reference"":{""detector"":""projective_gradient_vote"",""golden_set_sha256"":""135c0ff576876ef8911296e2502193ed20d159799079a4f8a58994854fcbba8e"",""historic_build_number"":""358"",""historic_build_url"":""https://github.com/dlstupka/hth/actions/runs/31715583665"",""historic_calibration_id"":""run-20260813-152907"",""historic_created_at_utc"":""2026-08-13T15:29:00.733077+00:00"",""model_variant"":null,""parameter_identity_sha256"":""c929b8c419967ff8c374fcde1498a6bbfb38e4d0c0512b99781ae5412dfd7420"",""parameter_set_id"":""e536a07cca54"",""parameters"":{""family_tolerance_degrees"":10.0,""gaussian_sigma"":1.8,""gradient_percentile"":82.0,""minimum_segment_fraction"":0.24,""minimum_side_support"":0.08,""orthogonality_tolerance_degrees"":22.0},""provenance_source"":""legacy-parameters""},""legacy_parameter_set_id"":""e536a07cca54"",""parameter_grid_ordinal"":624,""parameter_grid_sha256"":""4af0d7b29b360e5cc1db2842d6c10c4e41494d99496461a32334ccc3d6d77b3a"",""parameter_identity_schema_version"":""1"",""parameter_identity_sha256"":""c929b8c419967ff8c374fcde1498a6bbfb38e4d0c0512b99781ae5412dfd7420"",""parameter_schema_version"":""1"",""parameter_set_equivalence_family_id"":""e536a07cca54"",""parameter_set_equivalence_family_sha256"":""e536a07cca54978170c4896e197e7955f7fa1b3e62a044596148d66008260edf"",""parameter_set_equivalence_family_size"":1,""parameter_set_id"":""e536a07cca54"",""parameters"":{""family_tolerance_degrees"":10.0,""gaussian_sigma"":1.8,""gradient_percentile"":82.0,""minimum_segment_fraction"":0.24,""minimum_side_support"":0.08,""orthogonality_tolerance_degrees"":22.0},""profile"":null,""rank"":1,""reference_roles"":[""historic_best""],""requested_search_member"":true,""run_id"":""run-20260902-204857"",""search_observation"":{""completion_index"":2,""elapsed_seconds"":0.8027387028560042,""parameter_set_number"":2,""search_fraction"":0.2},""search_space_member"":true,""summary"":{""elapsed_ms_total"":370.141,""failure_count"":2,""mean_edge_error_px"":22.333,""mean_iou"":0.55411904,""mean_iou_success"":0.92353173,""minimum_iou"":0.0,""page_count"":5,""stddev_iou"":0.45456192,""success_count"":3,""wall_ms"":370.575}}","{""approved_bbox"":[88,33,1154,968],""candidate"":{""authors"":null,""bbox"":[75,30,1183,966],""confidence"":0.902200911656716,""corners"":[[79.91805267333984,38.24900817871094],[1182.5150146484375,30.502378463745117],[1173.9677734375,965.9816284179688],[75.73259735107422,951.2275390625]],""detector_name"":"""",""diagnostics"":{""area_fraction"":0.8101986971001923,""evidence"":""long_segment_gradient_votes_with_projective_line_intersections"",""orientation_families_degrees"":[178.00000000000003,90.0],""parameters"":{""angle_bin_degrees"":4.0,""area_weight"":0.15,""bbox_padding_fraction"":0.0,""family_tolerance_degrees"":10.0,""gaussian_sigma"":1.8,""geometry_weight"":0.3,""gradient_percentile"":82.0,""maximum_area_fraction"":0.98,""maximum_corner_overshoot_fraction"":0.08,""minimum_area_fraction"":0.18,""minimum_segment_fraction"":0.24,""minimum_side_support"":0.08,""orthogonality_tolerance_degrees"":22.0,""support_weight"":0.55},""projective_geometry_score"":0.9090909090909101,""segment_count"":5,""side_support"":[0.9980756640434265,1.0,0.6960613131523132,1.0]},""foundation"":null,""method"":""projective_gradient_vote"",""origin"":"""",""repository"":"""",""score"":0.902200911656716,""status"":""ok"",""version"":""""},""edge_error_maximum_px"":29,""edge_error_mean_px"":11.75,""edge_errors"":{""bottom"":2,""left"":13,""maximum"":29,""mean"":11.75,""right"":29,""top"":3},""elapsed_ms"":79.877,""global_ordinal"":10,""iou"":0.95704278,""label"":""clean_two_page_spread_2"",""layout_type"":""two_page_spread"",""predicted_bbox"":[75,30,1183,966],""status"":""ok""}"
run-20260902-204857,ea6049908ba9,ea6049908ba92b487123ba1baf82ca5a9edec13bebf8eea2a17bbeb6220337d4,1,ea6049908ba9,4cd18eec709b94a27e8336a5da85d7bd73d1e53749ac75852b04715bd63ea89d,1,4af0d7b29b360e5cc1db2842d6c10c4e41494d99496461a32334ccc3d6d77b3a,0,,2,1,1,1,[],{},4,1.4183350098319352,0.4,1,ordinary_two_page_spread,two_page_spread,ok,0.91600645,48,29,4,12,23.25,48,277.18,"[125, 56, 1289, 967]","[77, 27, 1285, 979]","{""family_tolerance_degrees"":10.0,""gaussian_sigma"":0.8,""gradient_percentile"":74.0,""minimum_segment_fraction"":0.1,""minimum_side_support"":0.08,""orthogonality_tolerance_degrees"":12.0}",,,"{""legacy_parameter_set_id"":""ea6049908ba9"",""parameter_grid_ordinal"":0,""parameter_grid_sha256"":""4af0d7b29b360e5cc1db2842d6c10c4e41494d99496461a32334ccc3d6d77b3a"",""parameter_identity_schema_version"":""1"",""parameter_identity_sha256"":""4cd18eec709b94a27e8336a5da85d7bd73d1e53749ac75852b04715bd63ea89d"",""parameter_schema_version"":""1"",""parameter_set_equivalence_family_id"":""ea6049908ba9"",""parameter_set_equivalence_family_sha256"":""ea6049908ba92b487123ba1baf82ca5a9edec13bebf8eea2a17bbeb6220337d4"",""parameter_set_equivalence_family_size"":1,""parameter_set_id"":""ea6049908ba9"",""parameters"":{""family_tolerance_degrees"":10.0,""gaussian_sigma"":0.8,""gradient_percentile"":74.0,""minimum_segment_fraction"":0.1,""minimum_side_support"":0.08,""orthogonality_tolerance_degrees"":12.0},""profile"":null,""rank"":2,""reference_roles"":[],""requested_search_member"":true,""run_id"":""run-20260902-204857"",""search_observation"":{""completion_index"":4,""elapsed_seconds"":1.4183350098319352,""parameter_set_number"":4,""search_fraction"":0.4},""search_rank"":1,""search_space_member"":true,""summary"":{""elapsed_ms_total"":612.145,""failure_count"":2,""mean_edge_error_px"":25.833,""mean_iou"":0.54631183,""mean_iou_success"":0.91051971,""minimum_iou"":0.0,""page_count"":5,""stddev_iou"":0.44774952,""success_count"":3,""wall_ms"":612.543}}","{""approved_bbox"":[125,56,1289,967],""candidate"":{""authors"":null,""bbox"":[77,27,1285,979],""confidence"":0.9001583581398024,""corners"":[[77.05387115478516,84.10990905761719],[1277.788330078125,27.608470916748047],[1284.981689453125,954.44580078125],[79.0566635131836,978.106689453125]],""detector_name"":"""",""diagnostics"":{""area_fraction"":0.804105682657883,""evidence"":""long_segment_gradient_votes_with_projective_line_intersections"",""orientation_families_degrees"":[90.0,178.00000000000003],""parameters"":{""angle_bin_degrees"":4.0,""area_weight"":0.15,""bbox_padding_fraction"":0.0,""family_tolerance_degrees"":10.0,""gaussian_sigma"":0.8,""geometry_weight"":0.3,""gradient_percentile"":74.0,""maximum_area_fraction"":0.98,""maximum_corner_overshoot_fraction"":0.08,""minimum_area_fraction"":0.18,""minimum_segment_fraction"":0.1,""minimum_side_support"":0.08,""orthogonality_tolerance_degrees"":12.0,""support_weight"":0.55},""projective_geometry_score"":0.8333333333333353,""segment_count"":38,""side_support"":[0.994575023651123,0.8949861526489258,1.0,0.9616570472717285]},""foundation"":null,""method"":""projective_gradient_vote"",""origin"":"""",""repository"":"""",""score"":0.9001583581398024,""status"":""ok"",""version"":""""},""edge_error_maximum_px"":48,""edge_error_mean_px"":23.25,""edge_errors"":{""bottom"":12,""left"":48,""maximum"":48,""mean"":23.25,""right"":4,""top"":29},""elapsed_ms"":277.18,""global_ordinal"":1,""iou"":0.91600645,""label"":""ordinary_two_page_spread"",""layout_type"":""two_page_spread"",""predicted_bbox"":[77,27,1285,979],""status"":""ok""}"
run-20260902-204857,ea6049908ba9,ea6049908ba92b487123ba1baf82ca5a9edec13bebf8eea2a17bbeb6220337d4,1,ea6049908ba9,4cd18eec709b94a27e8336a5da85d7bd73d1e53749ac75852b04715bd63ea89d,1,4af0d7b29b360e5cc1db2842d6c10c4e41494d99496461a32334ccc3d6d77b3a,0,,2,1,1,1,[],{},4,1.4183350098319352,0.4,5,damaged_partial_register_spread,two_page_spread,no_candidate,0.0,,,,,,,107.111,null,null,"{""family_tolerance_degrees"":10.0,""gaussian_sigma"":0.8,""gradient_percentile"":74.0,""minimum_segment_fraction"":0.1,""minimum_side_support"":0.08,""orthogonality_tolerance_degrees"":12.0}",,,"{""legacy_parameter_set_id"":""ea6049908ba9"",""parameter_grid_ordinal"":0,""parameter_grid_sha256"":""4af0d7b29b360e5cc1db2842d6c10c4e41494d99496461a32334ccc3d6d77b3a"",""parameter_identity_schema_version"":""1"",""parameter_identity_sha256"":""4cd18eec709b94a27e8336a5da85d7bd73d1e53749ac75852b04715bd63ea89d"",""parameter_schema_version"":""1"",""parameter_set_equivalence_family_id"":""ea6049908ba9"",""parameter_set_equivalence_family_sha256"":""ea6049908ba92b487123ba1baf82ca5a9edec13bebf8eea2a17bbeb6220337d4"",""parameter_set_equivalence_family_size"":1,""parameter_set_id"":""ea6049908ba9"",""parameters"":{""family_tolerance_degrees"":10.0,""gaussian_sigma"":0.8,""gradient_percentile"":74.0,""minimum_segment_fraction"":0.1,""minimum_side_support"":0.08,""orthogonality_tolerance_degrees"":12.0},""profile"":null,""rank"":2,""reference_roles"":[],""requested_search_member"":true,""run_id"":""run-20260902-204857"",""search_observation"":{""completion_index"":4,""elapsed_seconds"":1.4183350098319352,""parameter_set_number"":4,""search_fraction"":0.4},""search_rank"":1,""search_space_member"":true,""summary"":{""elapsed_ms_total"":612.145,""failure_count"":2,""mean_edge_error_px"":25.833,""mean_iou"":0.54631183,""mean_iou_success"":0.91051971,""minimum_iou"":0.0,""page_count"":5,""stddev_iou"":0.44774952,""success_count"":3,""wall_ms"":612.543}}","{""candidate"":{""authors"":null,""bbox"":null,""confidence"":0.0,""corners"":null,""detector_name"":"""",""diagnostics"":{""area_fraction"":0.00014651724977051767,""evidence"":""long_segment_gradient_votes_with_projective_line_intersections"",""orientation_families_degrees"":[90.0,2.0],""parameters"":{""angle_bin_degrees"":4.0,""area_weight"":0.15,""bbox_padding_fraction"":0.0,""family_tolerance_degrees"":10.0,""gaussian_sigma"":0.8,""geometry_weight"":0.3,""gradient_percentile"":74.0,""maximum_area_fraction"":0.98,""maximum_corner_overshoot_fraction"":0.08,""minimum_area_fraction"":0.18,""minimum_segment_fraction"":0.1,""minimum_side_support"":0.08,""orthogonality_tolerance_degrees"":12.0,""support_weight"":0.55},""reason"":""implausible_area"",""segment_count"":25},""foundation"":null,""method"":""projective_gradient_vote"",""origin"":"""",""repository"":"""",""score"":0.0,""status"":""no_candidate"",""version"":""""},""edge_error_maximum_px"":null,""edge_error_mean_px"":null,""elapsed_ms"":107.111,""global_ordinal"":5,""iou"":0.0,""label"":""damaged_partial_register_spread"",""layout_type"":""two_page_spread"",""status"":""no_candidate""}"
run-20260902-204857,ea6049908ba9,ea6049908ba92b487123ba1baf82ca5a9edec13bebf8eea2a17bbeb6220337d4,1,ea6049908ba9,4cd18eec709b94a27e8336a5da85d7bd73d1e53749ac75852b04715bd63ea89d,1,4af0d7b29b360e5cc1db2842d6c10c4e41494d99496461a32334ccc3d6d77b3a,0,,2,1,1,1,[],{},4,1.4183350098319352,0.4,6,title_or_index_sheet,single_page,no_candidate,0.0,,,,,,,49.772,null,null,"{""family_tolerance_degrees"":10.0,""gaussian_sigma"":0.8,""gradient_percentile"":74.0,""minimum_segment_fraction"":0.1,""minimum_side_support"":0.08,""orthogonality_tolerance_degrees"":12.0}",,,"{""legacy_parameter_set_id"":""ea6049908ba9"",""parameter_grid_ordinal"":0,""parameter_grid_sha256"":""4af0d7b29b360e5cc1db2842d6c10c4e41494d99496461a32334ccc3d6d77b3a"",""parameter_identity_schema_version"":""1"",""parameter_identity_sha256"":""4cd18eec709b94a27e8336a5da85d7bd73d1e53749ac75852b04715bd63ea89d"",""parameter_schema_version"":""1"",""parameter_set_equivalence_family_id"":""ea6049908ba9"",""parameter_set_equivalence_family_sha256"":""ea6049908ba92b487123ba1baf82ca5a9edec13bebf8eea2a17bbeb6220337d4"",""parameter_set_equivalence_family_size"":1,""parameter_set_id"":""ea6049908ba9"",""parameters"":{""family_tolerance_degrees"":10.0,""gaussian_sigma"":0.8,""gradient_percentile"":74.0,""minimum_segment_fraction"":0.1,""minimum_side_support"":0.08,""orthogonality_tolerance_degrees"":12.0},""profile"":null,""rank"":2,""reference_roles"":[],""requested_search_member"":true,""run_id"":""run-20260902-204857"",""search_observation"":{""completion_index"":4,""elapsed_seconds"":1.4183350098319352,""parameter_set_number"":4,""search_fraction"":0.4},""search_rank"":1,""search_space_member"":true,""summary"":{""elapsed_ms_total"":612.145,""failure_count"":2,""mean_edge_error_px"":25.833,""mean_iou"":0.54631183,""mean_iou_success"":0.91051971,""minimum_iou"":0.0,""page_count"":5,""stddev_iou"":0.44774952,""success_count"":3,""wall_ms"":612.543}}","{""candidate"":{""authors"":null,""bbox"":null,""confidence"":0.0,""corners"":null,""detector_name"":"""",""diagnostics"":{""area_fraction"":0.0025023949011669174,""evidence"":""long_segment_gradient_votes_with_projective_line_intersections"",""orientation_families_degrees"":[90.0,2.0],""parameters"":{""angle_bin_degrees"":4.0,""area_weight"":0.15,""bbox_padding_fraction"":0.0,""family_tolerance_degrees"":10.0,""gaussian_sigma"":0.8,""geometry_weight"":0.3,""gradient_percentile"":74.0,""maximum_area_fraction"":0.98,""maximum_corner_overshoot_fraction"":0.08,""minimum_area_fraction"":0.18,""minimum_segment_fraction"":0.1,""minimum_side_support"":0.08,""orthogonality_tolerance_degrees"":12.0,""support_weight"":0.55},""reason"":""implausible_area"",""segment_count"":4},""foundation"":null,""method"":""projective_gradient_vote"",""origin"":"""",""repository"":"""",""score"":0.0,""status"":""no_candidate"",""version"":""""},""edge_error_maximum_px"":null,""edge_error_mean_px"":null,""elapsed_ms"":49.772,""global_ordinal"":6,""iou"":0.0,""label"":""title_or_index_sheet"",""layout_type"":""single_page"",""status"":""no_candidate""}"
run-20260902-204857,ea6049908ba9,ea6049908ba92b487123ba1baf82ca5a9edec13bebf8eea2a17bbeb6220337d4,1,ea6049908ba9,4cd18eec709b94a27e8336a5da85d7bd73d1e53749ac75852b04715bd63ea89d,1,4af0d7b29b360e5cc1db2842d6c10c4e41494d99496461a32334ccc3d6d77b3a,0,,2,1,1,1,[],{},4,1.4183350098319352,0.4,9,clean_two_page_spread,two_page_spread,ok,0.84654882,7,1,176,0,46.0,176,83.439,"[84, 51, 1101, 941]","[77, 50, 1277, 941]","{""family_tolerance_degrees"":10.0,""gaussian_sigma"":0.8,""gradient_percentile"":74.0,""minimum_segment_fraction"":0.1,""minimum_side_support"":0.08,""orthogonality_tolerance_degrees"":12.0}",,,"{""legacy_parameter_set_id"":""ea6049908ba9"",""parameter_grid_ordinal"":0,""parameter_grid_sha256"":""4af0d7b29b360e5cc1db2842d6c10c4e41494d99496461a32334ccc3d6d77b3a"",""parameter_identity_schema_version"":""1"",""parameter_identity_sha256"":""4cd18eec709b94a27e8336a5da85d7bd73d1e53749ac75852b04715bd63ea89d"",""parameter_schema_version"":""1"",""parameter_set_equivalence_family_id"":""ea6049908ba9"",""parameter_set_equivalence_family_sha256"":""ea6049908ba92b487123ba1baf82ca5a9edec13bebf8eea2a17bbeb6220337d4"",""parameter_set_equivalence_family_size"":1,""parameter_set_id"":""ea6049908ba9"",""parameters"":{""family_tolerance_degrees"":10.0,""gaussian_sigma"":0.8,""gradient_percentile"":74.0,""minimum_segment_fraction"":0.1,""minimum_side_support"":0.08,""orthogonality_tolerance_degrees"":12.0},""profile"":null,""rank"":2,""reference_roles"":[],""requested_search_member"":true,""run_id"":""run-20260902-204857"",""search_observation"":{""completion_index"":4,""elapsed_seconds"":1.4183350098319352,""parameter_set_number"":4,""search_fraction"":0.4},""search_rank"":1,""search_space_member"":true,""summary"":{""elapsed_ms_total"":612.145,""failure_count"":2,""mean_edge_error_px"":25.833,""mean_iou"":0.54631183,""mean_iou_success"":0.91051971,""minimum_iou"":0.0,""page_count"":5,""stddev_iou"":0.44774952,""success_count"":3,""wall_ms"":612.543}}","{""approved_bbox"":[84,51,1101,941],""candidate"":{""authors"":null,""bbox"":[77,50,1277,941],""confidence"":0.9159041583521523,""corners"":[[77.29579162597656,50.077056884765625],[1261.8223876953125,54.38561248779297],[1276.758056640625,922.2930297851562],[77.59259796142578,940.2809448242188]],""detector_name"":"""",""diagnostics"":{""area_fraction"":0.8258592237918627,""evidence"":""long_segment_gradient_votes_with_projective_line_intersections"",""orientation_families_degrees"":[90.0,2.0],""parameters"":{""angle_bin_degrees"":4.0,""area_weight"":0.15,""bbox_padding_fraction"":0.0,""family_tolerance_degrees"":10.0,""gaussian_sigma"":0.8,""geometry_weight"":0.3,""gradient_percentile"":74.0,""maximum_area_fraction"":0.98,""maximum_corner_overshoot_fraction"":0.08,""minimum_area_fraction"":0.18,""minimum_segment_fraction"":0.1,""minimum_side_support"":0.08,""orthogonality_tolerance_degrees"":12.0,""support_weight"":0.55},""projective_geometry_score"":0.8333333333333331,""segment_count"":29,""side_support"":[1.0,0.9542874097824097,0.9877145886421204,1.0]},""foundation"":null,""method"":""projective_gradient_vote"",""origin"":"""",""repository"":"""",""score"":0.9159041583521523,""status"":""ok"",""version"":""""},""edge_error_maximum_px"":176,""edge_error_mean_px"":46.0,""edge_errors"":{""bottom"":0,""left"":7,""maximum"":176,""mean"":46.0,""right"":176,""top"":1},""elapsed_ms"":83.439,""global_ordinal"":9,""iou"":0.84654882,""label"":""clean_two_page_spread"",""layout_type"":""two_page_spread"",""predicted_bbox"":[77,50,1277,941],""status"":""ok""}"
run-20260902-204857,ea6049908ba9,ea6049908ba92b487123ba1baf82ca5a9edec13bebf8eea2a17bbeb6220337d4,1,ea6049908ba9,4cd18eec709b94a27e8336a5da85d7bd73d1e53749ac75852b04715bd63ea89d,1,4af0d7b29b360e5cc1db2842d6c10c4e41494d99496461a32334ccc3d6d77b3a,0,,2,1,1,1,[],{},4,1.4183350098319352,0.4,10,clean_two_page_spread_2,two_page_spread,ok,0.96900386,1,3,25,4,8.25,25,94.643,"[88, 33, 1154, 968]","[87, 30, 1179, 964]","{""family_tolerance_degrees"":10.0,""gaussian_sigma"":0.8,""gradient_percentile"":74.0,""minimum_segment_fraction"":0.1,""minimum_side_support"":0.08,""orthogonality_tolerance_degrees"":12.0}",,,"{""legacy_parameter_set_id"":""ea6049908ba9"",""parameter_grid_ordinal"":0,""parameter_grid_sha256"":""4af0d7b29b360e5cc1db2842d6c10c4e41494d99496461a32334ccc3d6d77b3a"",""parameter_identity_schema_version"":""1"",""parameter_identity_sha256"":""4cd18eec709b94a27e8336a5da85d7bd73d1e53749ac75852b04715bd63ea89d"",""parameter_schema_version"":""1"",""parameter_set_equivalence_family_id"":""ea6049908ba9"",""parameter_set_equivalence_family_sha256"":""ea6049908ba92b487123ba1baf82ca5a9edec13bebf8eea2a17bbeb6220337d4"",""parameter_set_equivalence_family_size"":1,""parameter_set_id"":""ea6049908ba9"",""parameters"":{""family_tolerance_degrees"":10.0,""gaussian_sigma"":0.8,""gradient_percentile"":74.0,""minimum_segment_fraction"":0.1,""minimum_side_support"":0.08,""orthogonality_tolerance_degrees"":12.0},""profile"":null,""rank"":2,""reference_roles"":[],""requested_search_member"":true,""run_id"":""run-20260902-204857"",""search_observation"":{""completion_index"":4,""elapsed_seconds"":1.4183350098319352,""parameter_set_number"":4,""search_fraction"":0.4},""search_rank"":1,""search_space_member"":true,""summary"":{""elapsed_ms_total"":612.145,""failure_count"":2,""mean_edge_error_px"":25.833,""mean_iou"":0.54631183,""mean_iou_success"":0.91051971,""minimum_iou"":0.0,""page_count"":5,""stddev_iou"":0.44774952,""success_count"":3,""wall_ms"":612.543}}","{""approved_bbox"":[88,33,1154,968],""candidate"":{""authors"":null,""bbox"":[87,30,1179,964],""confidence"":0.8964312986663535,""corners"":[[87.11235046386719,37.80858612060547],[1177.111083984375,30.905242919921875],[1178.8079833984375,963.6783447265625],[92.83401489257812,955.4651489257812]],""detector_name"":"""",""diagnostics"":{""area_fraction"":0.8018821336372359,""evidence"":""long_segment_gradient_votes_with_projective_line_intersections"",""orientation_families_degrees"":[90.0,178.00000000000003],""parameters"":{""angle_bin_degrees"":4.0,""area_weight"":0.15,""bbox_padding_fraction"":0.0,""family_tolerance_degrees"":10.0,""gaussian_sigma"":0.8,""geometry_weight"":0.3,""gradient_percentile"":74.0,""maximum_area_fraction"":0.98,""maximum_corner_overshoot_fraction"":0.08,""minimum_area_fraction"":0.18,""minimum_segment_fraction"":0.1,""minimum_side_support"":0.08,""orthogonality_tolerance_degrees"":12.0,""support_weight"":0.55},""projective_geometry_score"":0.8333333333333353,""segment_count"":28,""side_support"":[1.0,0.9903110861778259,0.9389243721961975,0.8973025679588318]},""foundation"":null,""method"":""projective_gradient_vote"",""origin"":"""",""repository"":"""",""score"":0.8964312986663535,""status"":""ok"",""version"":""""},""edge_error_maximum_px"":25,""edge_error_mean_px"":8.25,""edge_errors"":{""bottom"":4,""left"":1,""maximum"":25,""mean"":8.25,""right"":25,""top"":3},""elapsed_ms"":94.643,""global_ordinal"":10,""iou"":0.96900386,""label"":""clean_two_page_spread_2"",""layout_type"":""two_page_spread"",""predicted_bbox"":[87,30,1179,964],""status"":""ok""}"
run-20260902-204857,058b6c85f605,058b6c85f605db786f1046b54e51f236f8190a891a51266b9e805d1f913b5127,1,058b6c85f605,a7a3e8e399a0c8407175c44172dcf498a86be53cd158535687eed052ad4b6884,1,4af0d7b29b360e5cc1db2842d6c10c4e41494d99496461a32334ccc3d6d77b3a,1,,3,2,1,1,[],{},3,1.3969210698269308,0.3,1,ordinary_two_page_spread,two_page_spread,ok,0.91600645,48,29,4,12,23.25,48,284.493,"[125, 56, 1289, 967]","[77, 27, 1285, 979]","{""family_tolerance_degrees"":10.0,""gaussian_sigma"":0.8,""gradient_percentile"":74.0,""minimum_segment_fraction"":0.1,""minimum_side_support"":0.18,""orthogonality_tolerance_degrees"":12.0}",,,"{""legacy_parameter_set_id"":""058b6c85f605"",""parameter_grid_ordinal"":1,""parameter_grid_sha256"":""4af0d7b29b360e5cc1db2842d6c10c4e41494d99496461a32334ccc3d6d77b3a"",""parameter_identity_schema_version"":""1"",""parameter_identity_sha256"":""a7a3e8e399a0c8407175c44172dcf498a86be53cd158535687eed052ad4b6884"",""parameter_schema_version"":""1"",""parameter_set_equivalence_family_id"":""058b6c85f605"",""parameter_set_equivalence_family_sha256"":""058b6c85f605db786f1046b54e51f236f8190a891a51266b9e805d1f913b5127"",""parameter_set_equivalence_family_size"":1,""parameter_set_id"":""058b6c85f605"",""parameters"":{""family_tolerance_degrees"":10.0,""gaussian_sigma"":0.8,""gradient_percentile"":74.0,""minimum_segment_fraction"":0.1,""minimum_side_support"":0.18,""orthogonality_tolerance_degrees"":12.0},""profile"":null,""rank"":3,""reference_roles"":[],""requested_search_member"":true,""run_id"":""run-20260902-204857"",""search_observation"":{""completion_index"":3,""elapsed_seconds"":1.3969210698269308,""parameter_set_number"":3,""search_fraction"":0.3},""search_rank"":2,""search_space_member"":true,""summary"":{""elapsed_ms_total"":589.039,""failure_count"":2,""mean_edge_error_px"":25.833,""mean_iou"":0.54631183,""mean_iou_success"":0.91051971,""minimum_iou"":0.0,""page_count"":5,""stddev_iou"":0.44774952,""success_count"":3,""wall_ms"":589.399}}","{""approved_bbox"":[125,56,1289,967],""candidate"":{""authors"":null,""bbox"":[77,27,1285,979],""confidence"":0.9001583581398024,""corners"":[[77.05387115478516,84.10990905761719],[1277.788330078125,27.608470916748047],[1284.981689453125,954.44580078125],[79.0566635131836,978.106689453125]],""detector_name"":"""",""diagnostics"":{""area_fraction"":0.804105682657883,""evidence"":""long_segment_gradient_votes_with_projective_line_intersections"",""orientation_families_degrees"":[90.0,178.00000000000003],""parameters"":{""angle_bin_degrees"":4.0,""area_weight"":0.15,""bbox_padding_fraction"":0.0,""family_tolerance_degrees"":10.0,""gaussian_sigma"":0.8,""geometry_weight"":0.3,""gradient_percentile"":74.0,""maximum_area_fraction"":0.98,""maximum_corner_overshoot_fraction"":0.08,""minimum_area_fraction"":0.18,""minimum_segment_fraction"":0.1,""minimum_side_support"":0.18,""orthogonality_tolerance_degrees"":12.0,""support_weight"":0.55},""projective_geometry_score"":0.8333333333333353,""segment_count"":38,""side_support"":[0.994575023651123,0.8949861526489258,1.0,0.9616570472717285]},""foundation"":null,""method"":""projective_gradient_vote"",""origin"":"""",""repository"":"""",""score"":0.9001583581398024,""status"":""ok"",""version"":""""},""edge_error_maximum_px"":48,""edge_error_mean_px"":23.25,""edge_errors"":{""bottom"":12,""left"":48,""maximum"":48,""mean"":23.25,""right"":4,""top"":29},""elapsed_ms"":284.493,""global_ordinal"":1,""iou"":0.91600645,""label"":""ordinary_two_page_spread"",""layout_type"":""two_page_spread"",""predicted_bbox"":[77,27,1285,979],""status"":""ok""}"
run-20260902-204857,058b6c85f605,058b6c85f605db786f1046b54e51f236f8190a891a51266b9e805d1f913b5127,1,058b6c85f605,a7a3e8e399a0c8407175c44172dcf498a86be53cd158535687eed052ad4b6884,1,4af0d7b29b360e5cc1db2842d6c10c4e41494d99496461a32334ccc3d6d77b3a,1,,3,2,1,1,[],{},3,1.3969210698269308,0.3,5,damaged_partial_register_spread,two_page_spread,no_candidate,0.0,,,,,,,88.664,null,null,"{""family_tolerance_degrees"":10.0,""gaussian_sigma"":0.8,""gradient_percentile"":74.0,""minimum_segment_fraction"":0.1,""minimum_side_support"":0.18,""orthogonality_tolerance_degrees"":12.0}",,,"{""legacy_parameter_set_id"":""058b6c85f605"",""parameter_grid_ordinal"":1,""parameter_grid_sha256"":""4af0d7b29b360e5cc1db2842d6c10c4e41494d99496461a32334ccc3d6d77b3a"",""parameter_identity_schema_version"":""1"",""parameter_identity_sha256"":""a7a3e8e399a0c8407175c44172dcf498a86be53cd158535687eed052ad4b6884"",""parameter_schema_version"":""1"",""parameter_set_equivalence_family_id"":""058b6c85f605"",""parameter_set_equivalence_family_sha256"":""058b6c85f605db786f1046b54e51f236f8190a891a51266b9e805d1f913b5127"",""parameter_set_equivalence_family_size"":1,""parameter_set_id"":""058b6c85f605"",""parameters"":{""family_tolerance_degrees"":10.0,""gaussian_sigma"":0.8,""gradient_percentile"":74.0,""minimum_segment_fraction"":0.1,""minimum_side_support"":0.18,""orthogonality_tolerance_degrees"":12.0},""profile"":null,""rank"":3,""reference_roles"":[],""requested_search_member"":true,""run_id"":""run-20260902-204857"",""search_observation"":{""completion_index"":3,""elapsed_seconds"":1.3969210698269308,""parameter_set_number"":3,""search_fraction"":0.3},""search_rank"":2,""search_space_member"":true,""summary"":{""elapsed_ms_total"":589.039,""failure_count"":2,""mean_edge_error_px"":25.833,""mean_iou"":0.54631183,""mean_iou_success"":0.91051971,""minimum_iou"":0.0,""page_count"":5,""stddev_iou"":0.44774952,""success_count"":3,""wall_ms"":589.399}}","{""candidate"":{""authors"":null,""bbox"":null,""confidence"":0.0,""corners"":null,""detector_name"":"""",""diagnostics"":{""area_fraction"":0.00014651724977051767,""evidence"":""long_segment_gradient_votes_with_projective_line_intersections"",""orientation_families_degrees"":[90.0,2.0],""parameters"":{""angle_bin_degrees"":4.0,""area_weight"":0.15,""bbox_padding_fraction"":0.0,""family_tolerance_degrees"":10.0,""gaussian_sigma"":0.8,""geometry_weight"":0.3,""gradient_percentile"":74.0,""maximum_area_fraction"":0.98,""maximum_corner_overshoot_fraction"":0.08,""minimum_area_fraction"":0.18,""minimum_segment_fraction"":0.1,""minimum_side_support"":0.18,""orthogonality_tolerance_degrees"":12.0,""support_weight"":0.55},""reason"":""implausible_area"",""segment_count"":25},""foundation"":null,""method"":""projective_gradient_vote"",""origin"":"""",""repository"":"""",""score"":0.0,""status"":""no_candidate"",""version"":""""},""edge_error_maximum_px"":null,""edge_error_mean_px"":null,""elapsed_ms"":88.664,""global_ordinal"":5,""iou"":0.0,""label"":""damaged_partial_register_spread"",""layout_type"":""two_page_spread"",""status"":""no_candidate""}"
run-20260902-204857,058b6c85f605,058b6c85f605db786f1046b54e51f236f8190a891a51266b9e805d1f913b5127,1,058b6c85f605,a7a3e8e399a0c8407175c44172dcf498a86be53cd158535687eed052ad4b6884,1,4af0d7b29b360e5cc1db2842d6c10c4e41494d99496461a32334ccc3d6d77b3a,1,,3,2,1,1,[],{},3,1.3969210698269308,0.3,6,title_or_index_sheet,single_page,no_candidate,0.0,,,,,,,50.744,null,null,"{""family_tolerance_degrees"":10.0,""gaussian_sigma"":0.8,""gradient_percentile"":74.0,""minimum_segment_fraction"":0.1,""minimum_side_support"":0.18,""orthogonality_tolerance_degrees"":12.0}",,,"{""legacy_parameter_set_id"":""058b6c85f605"",""parameter_grid_ordinal"":1,""parameter_grid_sha256"":""4af0d7b29b360e5cc1db2842d6c10c4e41494d99496461a32334ccc3d6d77b3a"",""parameter_identity_schema_version"":""1"",""parameter_identity_sha256"":""a7a3e8e399a0c8407175c44172dcf498a86be53cd158535687eed052ad4b6884"",""parameter_schema_version"":""1"",""parameter_set_equivalence_family_id"":""058b6c85f605"",""parameter_set_equivalence_family_sha256"":""058b6c85f605db786f1046b54e51f236f8190a891a51266b9e805d1f913b5127"",""parameter_set_equivalence_family_size"":1,""parameter_set_id"":""058b6c85f605"",""parameters"":{""family_tolerance_degrees"":10.0,""gaussian_sigma"":0.8,""gradient_percentile"":74.0,""minimum_segment_fraction"":0.1,""minimum_side_support"":0.18,""orthogonality_tolerance_degrees"":12.0},""profile"":null,""rank"":3,""reference_roles"":[],""requested_search_member"":true,""run_id"":""run-20260902-204857"",""search_observation"":{""completion_index"":3,""elapsed_seconds"":1.3969210698269308,""parameter_set_number"":3,""search_fraction"":0.3},""search_rank"":2,""search_space_member"":true,""summary"":{""elapsed_ms_total"":589.039,""failure_count"":2,""mean_edge_error_px"":25.833,""mean_iou"":0.54631183,""mean_iou_success"":0.91051971,""minimum_iou"":0.0,""page_count"":5,""stddev_iou"":0.44774952,""success_count"":3,""wall_ms"":589.399}}","{""candidate"":{""authors"":null,""bbox"":null,""confidence"":0.0,""corners"":null,""detector_name"":"""",""diagnostics"":{""area_fraction"":0.0025023949011669174,""evidence"":""long_segment_gradient_votes_with_projective_line_intersections"",""orientation_families_degrees"":[90.0,2.0],""parameters"":{""angle_bin_degrees"":4.0,""area_weight"":0.15,""bbox_padding_fraction"":0.0,""family_tolerance_degrees"":10.0,""gaussian_sigma"":0.8,""geometry_weight"":0.3,""gradient_percentile"":74.0,""maximum_area_fraction"":0.98,""maximum_corner_overshoot_fraction"":0.08,""minimum_area_fraction"":0.18,""minimum_segment_fraction"":0.1,""minimum_side_support"":0.18,""orthogonality_tolerance_degrees"":12.0,""support_weight"":0.55},""reason"":""implausible_area"",""segment_count"":4},""foundation"":null,""method"":""projective_gradient_vote"",""origin"":"""",""repository"":"""",""score"":0.0,""status"":""no_candidate"",""version"":""""},""edge_error_maximum_px"":null,""edge_error_mean_px"":null,""elapsed_ms"":50.744,""global_ordinal"":6,""iou"":0.0,""label"":""title_or_index_sheet"",""layout_type"":""single_page"",""status"":""no_candidate""}"
run-20260902-204857,058b6c85f605,058b6c85f605db786f1046b54e51f236f8190a891a51266b9e805d1f913b5127,1,058b6c85f605,a7a3e8e399a0c8407175c44172dcf498a86be53cd158535687eed052ad4b6884,1,4af0d7b29b360e5cc1db2842d6c10c4e41494d99496461a32334ccc3d6d77b3a,1,,3,2,1,1,[],{},3,1.3969210698269308,0.3,9,clean_two_page_spread,two_page_spread,ok,0.84654882,7,1,176,0,46.0,176,82.671,"[84, 51, 1101, 941]","[77, 50, 1277, 941]","{""family_tolerance_degrees"":10.0,""gaussian_sigma"":0.8,""gradient_percentile"":74.0,""minimum_segment_fraction"":0.1,""minimum_side_support"":0.18,""orthogonality_tolerance_degrees"":12.0}",,,"{""legacy_parameter_set_id"":""058b6c85f605"",""parameter_grid_ordinal"":1,""parameter_grid_sha256"":""4af0d7b29b360e5cc1db2842d6c10c4e41494d99496461a32334ccc3d6d77b3a"",""parameter_identity_schema_version"":""1"",""parameter_identity_sha256"":""a7a3e8e399a0c8407175c44172dcf498a86be53cd158535687eed052ad4b6884"",""parameter_schema_version"":""1"",""parameter_set_equivalence_family_id"":""058b6c85f605"",""parameter_set_equivalence_family_sha256"":""058b6c85f605db786f1046b54e51f236f8190a891a51266b9e805d1f913b5127"",""parameter_set_equivalence_family_size"":1,""parameter_set_id"":""058b6c85f605"",""parameters"":{""family_tolerance_degrees"":10.0,""gaussian_sigma"":0.8,""gradient_percentile"":74.0,""minimum_segment_fraction"":0.1,""minimum_side_support"":0.18,""orthogonality_tolerance_degrees"":12.0},""profile"":null,""rank"":3,""reference_roles"":[],""requested_search_member"":true,""run_id"":""run-20260902-204857"",""search_observation"":{""completion_index"":3,""elapsed_seconds"":1.3969210698269308,""parameter_set_number"":3,""search_fraction"":0.3},""search_rank"":2,""search_space_member"":true,""summary"":{""elapsed_ms_total"":589.039,""failure_count"":2,""mean_edge_error_px"":25.833,""mean_iou"":0.54631183,""mean_iou_success"":0.91051971,""minimum_iou"":0.0,""page_count"":5,""stddev_iou"":0.44774952,""success_count"":3,""wall_ms"":589.399}}","{""approved_bbox"":[84,51,1101,941],""candidate"":{""authors"":null,""bbox"":[77,50,1277,941],""confidence"":0.9159041583521523,""corners"":[[77.29579162597656,50.077056884765625],[1261.8223876953125,54.38561248779297],[1276.758056640625,922.2930297851562],[77.59259796142578,940.2809448242188]],""detector_name"":"""",""diagnostics"":{""area_fraction"":0.8258592237918627,""evidence"":""long_segment_gradient_votes_with_projective_line_intersections"",""orientation_families_degrees"":[90.0,2.0],""parameters"":{""angle_bin_degrees"":4.0,""area_weight"":0.15,""bbox_padding_fraction"":0.0,""family_tolerance_degrees"":10.0,""gaussian_sigma"":0.8,""geometry_weight"":0.3,""gradient_percentile"":74.0,""maximum_area_fraction"":0.98,""maximum_corner_overshoot_fraction"":0.08,""minimum_area_fraction"":0.18,""minimum_segment_fraction"":0.1,""minimum_side_support"":0.18,""orthogonality_tolerance_degrees"":12.0,""support_weight"":0.55},""projective_geometry_score"":0.8333333333333331,""segment_count"":29,""side_support"":[1.0,0.9542874097824097,0.9877145886421204,1.0]},""foundation"":null,""method"":""projective_gradient_vote"",""origin"":"""",""repository"":"""",""score"":0.9159041583521523,""status"":""ok"",""version"":""""},""edge_error_maximum_px"":176,""edge_error_mean_px"":46.0,""edge_errors"":{""bottom"":0,""left"":7,""maximum"":176,""mean"":46.0,""right"":176,""top"":1},""elapsed_ms"":82.671,""global_ordinal"":9,""iou"":0.84654882,""label"":""clean_two_page_spread"",""layout_type"":""two_page_spread"",""predicted_bbox"":[77,50,1277,941],""status"":""ok""}"
run-20260902-204857,058b6c85f605,058b6c85f605db786f1046b54e51f236f8190a891a51266b9e805d1f913b5127,1,058b6c85f605,a7a3e8e399a0c8407175c44172dcf498a86be53cd158535687eed052ad4b6884,1,4af0d7b29b360e5cc1db2842d6c10c4e41494d99496461a32334ccc3d6d77b3a,1,,3,2,1,1,[],{},3,1.3969210698269308,0.3,10,clean_two_page_spread_2,two_page_spread,ok,0.96900386,1,3,25,4,8.25,25,82.467,"[88, 33, 1154, 968]","[87, 30, 1179, 964]","{""family_tolerance_degrees"":10.0,""gaussian_sigma"":0.8,""gradient_percentile"":74.0,""minimum_segment_fraction"":0.1,""minimum_side_support"":0.18,""orthogonality_tolerance_degrees"":12.0}",,,"{""legacy_parameter_set_id"":""058b6c85f605"",""parameter_grid_ordinal"":1,""parameter_grid_sha256"":""4af0d7b29b360e5cc1db2842d6c10c4e41494d99496461a32334ccc3d6d77b3a"",""parameter_identity_schema_version"":""1"",""parameter_identity_sha256"":""a7a3e8e399a0c8407175c44172dcf498a86be53cd158535687eed052ad4b6884"",""parameter_schema_version"":""1"",""parameter_set_equivalence_family_id"":""058b6c85f605"",""parameter_set_equivalence_family_sha256"":""058b6c85f605db786f1046b54e51f236f8190a891a51266b9e805d1f913b5127"",""parameter_set_equivalence_family_size"":1,""parameter_set_id"":""058b6c85f605"",""parameters"":{""family_tolerance_degrees"":10.0,""gaussian_sigma"":0.8,""gradient_percentile"":74.0,""minimum_segment_fraction"":0.1,""minimum_side_support"":0.18,""orthogonality_tolerance_degrees"":12.0},""profile"":null,""rank"":3,""reference_roles"":[],""requested_search_member"":true,""run_id"":""run-20260902-204857"",""search_observation"":{""completion_index"":3,""elapsed_seconds"":1.3969210698269308,""parameter_set_number"":3,""search_fraction"":0.3},""search_rank"":2,""search_space_member"":true,""summary"":{""elapsed_ms_total"":589.039,""failure_count"":2,""mean_edge_error_px"":25.833,""mean_iou"":0.54631183,""mean_iou_success"":0.91051971,""minimum_iou"":0.0,""page_count"":5,""stddev_iou"":0.44774952,""success_count"":3,""wall_ms"":589.399}}","{""approved_bbox"":[88,33,1154,968],""candidate"":{""authors"":null,""bbox"":[87,30,1179,964],""confidence"":0.8964312986663535,""corners"":[[87.11235046386719,37.80858612060547],[1177.111083984375,30.905242919921875],[1178.8079833984375,963.6783447265625],[92.83401489257812,955.4651489257812]],""detector_name"":"""",""diagnostics"":{""area_fraction"":0.8018821336372359,""evidence"":""long_segment_gradient_votes_with_projective_line_intersections"",""orientation_families_degrees"":[90.0,178.00000000000003],""parameters"":{""angle_bin_degrees"":4.0,""area_weight"":0.15,""bbox_padding_fraction"":0.0,""family_tolerance_degrees"":10.0,""gaussian_sigma"":0.8,""geometry_weight"":0.3,""gradient_percentile"":74.0,""maximum_area_fraction"":0.98,""maximum_corner_overshoot_fraction"":0.08,""minimum_area_fraction"":0.18,""minimum_segment_fraction"":0.1,""minimum_side_support"":0.18,""orthogonality_tolerance_degrees"":12.0,""support_weight"":0.55},""projective_geometry_score"":0.8333333333333353,""segment_count"":28,""side_support"":[1.0,0.9903110861778259,0.9389243721961975,0.8973025679588318]},""foundation"":null,""method"":""projective_gradient_vote"",""origin"":"""",""repository"":"""",""score"":0.8964312986663535,""status"":""ok"",""version"":""""},""edge_error_maximum_px"":25,""edge_error_mean_px"":8.25,""edge_errors"":{""bottom"":4,""left"":1,""maximum"":25,""mean"":8.25,""right"":25,""top"":3},""elapsed_ms"":82.467,""global_ordinal"":10,""iou"":0.96900386,""label"":""clean_two_page_spread_2"",""layout_type"":""two_page_spread"",""predicted_bbox"":[87,30,1179,964],""status"":""ok""}"
run-20260902-204857,218afc35ed78,218afc35ed78b6e8822cd87a7796b64c6f792c92afed2e9494a38144e5c7abd0,1,218afc35ed78,ba9b577a57cc63344925faf9abef670a9d8dc5cd152509e01dbe6e3e5082ebc8,1,4af0d7b29b360e5cc1db2842d6c10c4e41494d99496461a32334ccc3d6d77b3a,2,,4,3,1,1,[],{},10,1.4793164781294763,1.0,1,ordinary_two_page_spread,two_page_spread,ok,0.91600645,48,29,4,12,23.25,48,293.082,"[125, 56, 1289, 967]","[77, 27, 1285, 979]","{""family_tolerance_degrees"":10.0,""gaussian_sigma"":0.8,""gradient_percentile"":74.0,""minimum_segment_fraction"":0.1,""minimum_side_support"":0.3,""orthogonality_tolerance_degrees"":12.0}",,,"{""legacy_parameter_set_id"":""218afc35ed78"",""parameter_grid_ordinal"":2,""parameter_grid_sha256"":""4af0d7b29b360e5cc1db2842d6c10c4e41494d99496461a32334ccc3d6d77b3a"",""parameter_identity_schema_version"":""1"",""parameter_identity_sha256"":""ba9b577a57cc63344925faf9abef670a9d8dc5cd152509e01dbe6e3e5082ebc8"",""parameter_schema_version"":""1"",""parameter_set_equivalence_family_id"":""218afc35ed78"",""parameter_set_equivalence_family_sha256"":""218afc35ed78b6e8822cd87a7796b64c6f792c92afed2e9494a38144e5c7abd0"",""parameter_set_equivalence_family_size"":1,""parameter_set_id"":""218afc35ed78"",""parameters"":{""family_tolerance_degrees"":10.0,""gaussian_sigma"":0.8,""gradient_percentile"":74.0,""minimum_segment_fraction"":0.1,""minimum_side_support"":0.3,""orthogonality_tolerance_degrees"":12.0},""profile"":null,""rank"":4,""reference_roles"":[],""requested_search_member"":true,""run_id"":""run-20260902-204857"",""search_observation"":{""completion_index"":10,""elapsed_seconds"":1.4793164781294763,""parameter_set_number"":10,""search_fraction"":1.0},""search_rank"":3,""search_space_member"":true,""summary"":{""elapsed_ms_total"":669.39,""failure_count"":2,""mean_edge_error_px"":25.833,""mean_iou"":0.54631183,""mean_iou_success"":0.91051971,""minimum_iou"":0.0,""page_count"":5,""stddev_iou"":0.44774952,""success_count"":3,""wall_ms"":669.706}}","{""approved_bbox"":[125,56,1289,967],""candidate"":{""authors"":null,""bbox"":[77,27,1285,979],""confidence"":0.9001583581398024,""corners"":[[77.05387115478516,84.10990905761719],[1277.788330078125,27.608470916748047],[1284.981689453125,954.44580078125],[79.0566635131836,978.106689453125]],""detector_name"":"""",""diagnostics"":{""area_fraction"":0.804105682657883,""evidence"":""long_segment_gradient_votes_with_projective_line_intersections"",""orientation_families_degrees"":[90.0,178.00000000000003],""parameters"":{""angle_bin_degrees"":4.0,""area_weight"":0.15,""bbox_padding_fraction"":0.0,""family_tolerance_degrees"":10.0,""gaussian_sigma"":0.8,""geometry_weight"":0.3,""gradient_percentile"":74.0,""maximum_area_fraction"":0.98,""maximum_corner_overshoot_fraction"":0.08,""minimum_area_fraction"":0.18,""minimum_segment_fraction"":0.1,""minimum_side_support"":0.3,""orthogonality_tolerance_degrees"":12.0,""support_weight"":0.55},""projective_geometry_score"":0.8333333333333353,""segment_count"":38,""side_support"":[0.994575023651123,0.8949861526489258,1.0,0.9616570472717285]},""foundation"":null,""method"":""projective_gradient_vote"",""origin"":"""",""repository"":"""",""score"":0.9001583581398024,""status"":""ok"",""version"":""""},""edge_error_maximum_px"":48,""edge_error_mean_px"":23.25,""edge_errors"":{""bottom"":12,""left"":48,""maximum"":48,""mean"":23.25,""right"":4,""top"":29},""elapsed_ms"":293.082,""global_ordinal"":1,""iou"":0.91600645,""label"":""ordinary_two_page_spread"",""layout_type"":""two_page_spread"",""predicted_bbox"":[77,27,1285,979],""status"":""ok""}"
run-20260902-204857,218afc35ed78,218afc35ed78b6e8822cd87a7796b64c6f792c92afed2e9494a38144e5c7abd0,1,218afc35ed78,ba9b577a57cc63344925faf9abef670a9d8dc5cd152509e01dbe6e3e5082ebc8,1,4af0d7b29b360e5cc1db2842d6c10c4e41494d99496461a32334ccc3d6d77b3a,2,,4,3,1,1,[],{},10,1.4793164781294763,1.0,5,damaged_partial_register_spread,two_page_spread,no_candidate,0.0,,,,,,,103.205,null,null,"{""family_tolerance_degrees"":10.0,""gaussian_sigma"":0.8,""gradient_percentile"":74.0,""minimum_segment_fraction"":0.1,""minimum_side_support"":0.3,""orthogonality_tolerance_degrees"":12.0}",,,"{""legacy_parameter_set_id"":""218afc35ed78"",""parameter_grid_ordinal"":2,""parameter_grid_sha256"":""4af0d7b29b360e5cc1db2842d6c10c4e41494d99496461a32334ccc3d6d77b3a"",""parameter_identity_schema_version"":""1"",""parameter_identity_sha256"":""ba9b577a57cc63344925faf9abef670a9d8dc5cd152509e01dbe6e3e5082ebc8"",""parameter_schema_version"":""1"",""parameter_set_equivalence_family_id"":""218afc35ed78"",""parameter_set_equivalence_family_sha256"":""218afc35ed78b6e8822cd87a7796b64c6f792c92afed2e9494a38144e5c7abd0"",""parameter_set_equivalence_family_size"":1,""parameter_set_id"":""218afc35ed78"",""parameters"":{""family_tolerance_degrees"":10.0,""gaussian_sigma"":0.8,""gradient_percentile"":74.0,""minimum_segment_fraction"":0.1,""minimum_side_support"":0.3,""orthogonality_tolerance_degrees"":12.0},""profile"":null,""rank"":4,""reference_roles"":[],""requested_search_member"":true,""run_id"":""run-20260902-204857"",""search_observation"":{""completion_index"":10,""elapsed_seconds"":1.4793164781294763,""parameter_set_number"":10,""search_fraction"":1.0},""search_rank"":3,""search_space_member"":true,""summary"":{""elapsed_ms_total"":669.39,""failure_count"":2,""mean_edge_error_px"":25.833,""mean_iou"":0.54631183,""mean_iou_success"":0.91051971,""minimum_iou"":0.0,""page_count"":5,""stddev_iou"":0.44774952,""success_count"":3,""wall_ms"":669.706}}","{""candidate"":{""authors"":null,""bbox"":null,""confidence"":0.0,""corners"":null,""detector_name"":"""",""diagnostics"":{""area_fraction"":0.00014651724977051767,""evidence"":""long_segment_gradient_votes_with_projective_line_intersections"",""orientation_families_degrees"":[90.0,2.0],""parameters"":{""angle_bin_degrees"":4.0,""area_weight"":0.15,""bbox_padding_fraction"":0.0,""family_tolerance_degrees"":10.0,""gaussian_sigma"":0.8,""geometry_weight"":0.3,""gradient_percentile"":74.0,""maximum_area_fraction"":0.98,""maximum_corner_overshoot_fraction"":0.08,""minimum_area_fraction"":0.18,""minimum_segment_fraction"":0.1,""minimum_side_support"":0.3,""orthogonality_tolerance_degrees"":12.0,""support_weight"":0.55},""reason"":""implausible_area"",""segment_count"":25},""foundation"":null,""method"":""projective_gradient_vote"",""origin"":"""",""repository"":"""",""score"":0.0,""status"":""no_candidate"",""version"":""""},""edge_error_maximum_px"":null,""edge_error_mean_px"":null,""elapsed_ms"":103.205,""global_ordinal"":5,""iou"":0.0,""label"":""damaged_partial_register_spread"",""layout_type"":""two_page_spread"",""status"":""no_candidate""}"
run-20260902-204857,218afc35ed78,218afc35ed78b6e8822cd87a7796b64c6f792c92afed2e9494a38144e5c7abd0,1,218afc35ed78,ba9b577a57cc63344925faf9abef670a9d8dc5cd152509e01dbe6e3e5082ebc8,1,4af0d7b29b360e5cc1db2842d6c10c4e41494d99496461a32334ccc3d6d77b3a,2,,4,3,1,1,[],{},10,1.4793164781294763,1.0,6,title_or_index_sheet,single_page,no_candidate,0.0,,,,,,,56.6,null,null,"{""family_tolerance_degrees"":10.0,""gaussian_sigma"":0.8,""gradient_percentile"":74.0,""minimum_segment_fraction"":0.1,""minimum_side_support"":0.3,""orthogonality_tolerance_degrees"":12.0}",,,"{""legacy_parameter_set_id"":""218afc35ed78"",""parameter_grid_ordinal"":2,""parameter_grid_sha256"":""4af0d7b29b360e5cc1db2842d6c10c4e41494d99496461a32334ccc3d6d77b3a"",""parameter_identity_schema_version"":""1"",""parameter_identity_sha256"":""ba9b577a57cc63344925faf9abef670a9d8dc5cd152509e01dbe6e3e5082ebc8"",""parameter_schema_version"":""1"",""parameter_set_equivalence_family_id"":""218afc35ed78"",""parameter_set_equivalence_family_sha256"":""218afc35ed78b6e8822cd87a7796b64c6f792c92afed2e9494a38144e5c7abd0"",""parameter_set_equivalence_family_size"":1,""parameter_set_id"":""218afc35ed78"",""parameters"":{""family_tolerance_degrees"":10.0,""gaussian_sigma"":0.8,""gradient_percentile"":74.0,""minimum_segment_fraction"":0.1,""minimum_side_support"":0.3,""orthogonality_tolerance_degrees"":12.0},""profile"":null,""rank"":4,""reference_roles"":[],""requested_search_member"":true,""run_id"":""run-20260902-204857"",""search_observation"":{""completion_index"":10,""elapsed_seconds"":1.4793164781294763,""parameter_set_number"":10,""search_fraction"":1.0},""search_rank"":3,""search_space_member"":true,""summary"":{""elapsed_ms_total"":669.39,""failure_count"":2,""mean_edge_error_px"":25.833,""mean_iou"":0.54631183,""mean_iou_success"":0.91051971,""minimum_iou"":0.0,""page_count"":5,""stddev_iou"":0.44774952,""success_count"":3,""wall_ms"":669.706}}","{""candidate"":{""authors"":null,""bbox"":null,""confidence"":0.0,""corners"":null,""detector_name"":"""",""diagnostics"":{""area_fraction"":0.0025023949011669174,""evidence"":""long_segment_gradient_votes_with_projective_line_intersections"",""orientation_families_degrees"":[90.0,2.0],""parameters"":{""angle_bin_degrees"":4.0,""area_weight"":0.15,""bbox_padding_fraction"":0.0,""family_tolerance_degrees"":10.0,""gaussian_sigma"":0.8,""geometry_weight"":0.3,""gradient_percentile"":74.0,""maximum_area_fraction"":0.98,""maximum_corner_overshoot_fraction"":0.08,""minimum_area_fraction"":0.18,""minimum_segment_fraction"":0.1,""minimum_side_support"":0.3,""orthogonality_tolerance_degrees"":12.0,""support_weight"":0.55},""reason"":""implausible_area"",""segment_count"":4},""foundation"":null,""method"":""projective_gradient_vote"",""origin"":"""",""repository"":"""",""score"":0.0,""status"":""no_candidate"",""version"":""""},""edge_error_maximum_px"":null,""edge_error_mean_px"":null,""elapsed_ms"":56.6,""global_ordinal"":6,""iou"":0.0,""label"":""title_or_index_sheet"",""layout_type"":""single_page"",""status"":""no_candidate""}"
run-20260902-204857,218afc35ed78,218afc35ed78b6e8822cd87a7796b64c6f792c92afed2e9494a38144e5c7abd0,1,218afc35ed78,ba9b577a57cc63344925faf9abef670a9d8dc5cd152509e01dbe6e3e5082ebc8,1,4af0d7b29b360e5cc1db2842d6c10c4e41494d99496461a32334ccc3d6d77b3a,2,,4,3,1,1,[],{},10,1.4793164781294763,1.0,9,clean_two_page_spread,two_page_spread,ok,0.84654882,7,1,176,0,46.0,176,106.446,"[84, 51, 1101, 941]","[77, 50, 1277, 941]","{""family_tolerance_degrees"":10.0,""gaussian_sigma"":0.8,""gradient_percentile"":74.0,""minimum_segment_fraction"":0.1,""minimum_side_support"":0.3,""orthogonality_tolerance_degrees"":12.0}",,,"{""legacy_parameter_set_id"":""218afc35ed78"",""parameter_grid_ordinal"":2,""parameter_grid_sha256"":""4af0d7b29b360e5cc1db2842d6c10c4e41494d99496461a32334ccc3d6d77b3a"",""parameter_identity_schema_version"":""1"",""parameter_identity_sha256"":""ba9b577a57cc63344925faf9abef670a9d8dc5cd152509e01dbe6e3e5082ebc8"",""parameter_schema_version"":""1"",""parameter_set_equivalence_family_id"":""218afc35ed78"",""parameter_set_equivalence_family_sha256"":""218afc35ed78b6e8822cd87a7796b64c6f792c92afed2e9494a38144e5c7abd0"",""parameter_set_equivalence_family_size"":1,""parameter_set_id"":""218afc35ed78"",""parameters"":{""family_tolerance_degrees"":10.0,""gaussian_sigma"":0.8,""gradient_percentile"":74.0,""minimum_segment_fraction"":0.1,""minimum_side_support"":0.3,""orthogonality_tolerance_degrees"":12.0},""profile"":null,""rank"":4,""reference_roles"":[],""requested_search_member"":true,""run_id"":""run-20260902-204857"",""search_observation"":{""completion_index"":10,""elapsed_seconds"":1.4793164781294763,""parameter_set_number"":10,""search_fraction"":1.0},""search_rank"":3,""search_space_member"":true,""summary"":{""elapsed_ms_total"":669.39,""failure_count"":2,""mean_edge_error_px"":25.833,""mean_iou"":0.54631183,""mean_iou_success"":0.91051971,""minimum_iou"":0.0,""page_count"":5,""stddev_iou"":0.44774952,""success_count"":3,""wall_ms"":669.706}}","{""approved_bbox"":[84,51,1101,941],""candidate"":{""authors"":null,""bbox"":[77,50,1277,941],""confidence"":0.9159041583521523,""corners"":[[77.29579162597656,50.077056884765625],[1261.8223876953125,54.38561248779297],[1276.758056640625,922.2930297851562],[77.59259796142578,940.2809448242188]],""detector_name"":"""",""diagnostics"":{""area_fraction"":0.8258592237918627,""evidence"":""long_segment_gradient_votes_with_projective_line_intersections"",""orientation_families_degrees"":[90.0,2.0],""parameters"":{""angle_bin_degrees"":4.0,""area_weight"":0.15,""bbox_padding_fraction"":0.0,""family_tolerance_degrees"":10.0,""gaussian_sigma"":0.8,""geometry_weight"":0.3,""gradient_percentile"":74.0,""maximum_area_fraction"":0.98,""maximum_corner_overshoot_fraction"":0.08,""minimum_area_fraction"":0.18,""minimum_segment_fraction"":0.1,""minimum_side_support"":0.3,""orthogonality_tolerance_degrees"":12.0,""support_weight"":0.55},""projective_geometry_score"":0.8333333333333331,""segment_count"":29,""side_support"":[1.0,0.9542874097824097,0.9877145886421204,1.0]},""foundation"":null,""method"":""projective_gradient_vote"",""origin"":"""",""repository"":"""",""score"":0.9159041583521523,""status"":""ok"",""version"":""""},""edge_error_maximum_px"":176,""edge_error_mean_px"":46.0,""edge_errors"":{""bottom"":0,""left"":7,""maximum"":176,""mean"":46.0,""right"":176,""top"":1},""elapsed_ms"":106.446,""global_ordinal"":9,""iou"":0.84654882,""label"":""clean_two_page_spread"",""layout_type"":""two_page_spread"",""predicted_bbox"":[77,50,1277,941],""status"":""ok""}"
run-20260902-204857,218afc35ed78,218afc35ed78b6e8822cd87a7796b64c6f792c92afed2e9494a38144e5c7abd0,1,218afc35ed78,ba9b577a57cc63344925faf9abef670a9d8dc5cd152509e01dbe6e3e5082ebc8,1,4af0d7b29b360e5cc1db2842d6c10c4e41494d99496461a32334ccc3d6d77b3a,2,,4,3,1,1,[],{},10,1.4793164781294763,1.0,10,clean_two_page_spread_2,two_page_spread,ok,0.96900386,1,3,25,4,8.25,25,110.057,"[88, 33, 1154, 968]","[87, 30, 1179, 964]","{""family_tolerance_degrees"":10.0,""gaussian_sigma"":0.8,""gradient_percentile"":74.0,""minimum_segment_fraction"":0.1,""minimum_side_support"":0.3,""orthogonality_tolerance_degrees"":12.0}",,,"{""legacy_parameter_set_id"":""218afc35ed78"",""parameter_grid_ordinal"":2,""parameter_grid_sha256"":""4af0d7b29b360e5cc1db2842d6c10c4e41494d99496461a32334ccc3d6d77b3a"",""parameter_identity_schema_version"":""1"",""parameter_identity_sha256"":""ba9b577a57cc63344925faf9abef670a9d8dc5cd152509e01dbe6e3e5082ebc8"",""parameter_schema_version"":""1"",""parameter_set_equivalence_family_id"":""218afc35ed78"",""parameter_set_equivalence_family_sha256"":""218afc35ed78b6e8822cd87a7796b64c6f792c92afed2e9494a38144e5c7abd0"",""parameter_set_equivalence_family_size"":1,""parameter_set_id"":""218afc35ed78"",""parameters"":{""family_tolerance_degrees"":10.0,""gaussian_sigma"":0.8,""gradient_percentile"":74.0,""minimum_segment_fraction"":0.1,""minimum_side_support"":0.3,""orthogonality_tolerance_degrees"":12.0},""profile"":null,""rank"":4,""reference_roles"":[],""requested_search_member"":true,""run_id"":""run-20260902-204857"",""search_observation"":{""completion_index"":10,""elapsed_seconds"":1.4793164781294763,""parameter_set_number"":10,""search_fraction"":1.0},""search_rank"":3,""search_space_member"":true,""summary"":{""elapsed_ms_total"":669.39,""failure_count"":2,""mean_edge_error_px"":25.833,""mean_iou"":0.54631183,""mean_iou_success"":0.91051971,""minimum_iou"":0.0,""page_count"":5,""stddev_iou"":0.44774952,""success_count"":3,""wall_ms"":669.706}}","{""approved_bbox"":[88,33,1154,968],""candidate"":{""authors"":null,""bbox"":[87,30,1179,964],""confidence"":0.8964312986663535,""corners"":[[87.11235046386719,37.80858612060547],[1177.111083984375,30.905242919921875],[1178.8079833984375,963.6783447265625],[92.83401489257812,955.4651489257812]],""detector_name"":"""",""diagnostics"":{""area_fraction"":0.8018821336372359,""evidence"":""long_segment_gradient_votes_with_projective_line_intersections"",""orientation_families_degrees"":[90.0,178.00000000000003],""parameters"":{""angle_bin_degrees"":4.0,""area_weight"":0.15,""bbox_padding_fraction"":0.0,""family_tolerance_degrees"":10.0,""gaussian_sigma"":0.8,""geometry_weight"":0.3,""gradient_percentile"":74.0,""maximum_area_fraction"":0.98,""maximum_corner_overshoot_fraction"":0.08,""minimum_area_fraction"":0.18,""minimum_segment_fraction"":0.1,""minimum_side_support"":0.3,""orthogonality_tolerance_degrees"":12.0,""support_weight"":0.55},""projective_geometry_score"":0.8333333333333353,""segment_count"":28,""side_support"":[1.0,0.9903110861778259,0.9389243721961975,0.8973025679588318]},""foundation"":null,""method"":""projective_gradient_vote"",""origin"":"""",""repository"":"""",""score"":0.8964312986663535,""status"":""ok"",""version"":""""},""edge_error_maximum_px"":25,""edge_error_mean_px"":8.25,""edge_errors"":{""bottom"":4,""left"":1,""maximum"":25,""mean"":8.25,""right"":25,""top"":3},""elapsed_ms"":110.057,""global_ordinal"":10,""iou"":0.96900386,""label"":""clean_two_page_spread_2"",""layout_type"":""two_page_spread"",""predicted_bbox"":[87,30,1179,964],""status"":""ok""}"
run-20260902-204857,09234c13ffc4,09234c13ffc45ae5eb06016ae6561c78fee3de271e1c6efeceea4829f6d852fc,1,09234c13ffc4,e5901d163dbd85154f3aebee2526a0483fc4fad55891a9d8431b1c0c522b9a33,1,4af0d7b29b360e5cc1db2842d6c10c4e41494d99496461a32334ccc3d6d77b3a,3,,5,4,1,1,[],{},5,1.439841349143535,0.5,1,ordinary_two_page_spread,two_page_spread,ok,0.91600645,48,29,4,12,23.25,48,269.538,"[125, 56, 1289, 967]","[77, 27, 1285, 979]","{""family_tolerance_degrees"":10.0,""gaussian_sigma"":0.8,""gradient_percentile"":74.0,""minimum_segment_fraction"":0.1,""minimum_side_support"":0.08,""orthogonality_tolerance_degrees"":22.0}",,,"{""legacy_parameter_set_id"":""09234c13ffc4"",""parameter_grid_ordinal"":3,""parameter_grid_sha256"":""4af0d7b29b360e5cc1db2842d6c10c4e41494d99496461a32334ccc3d6d77b3a"",""parameter_identity_schema_version"":""1"",""parameter_identity_sha256"":""e5901d163dbd85154f3aebee2526a0483fc4fad55891a9d8431b1c0c522b9a33"",""parameter_schema_version"":""1"",""parameter_set_equivalence_family_id"":""09234c13ffc4"",""parameter_set_equivalence_family_sha256"":""09234c13ffc45ae5eb06016ae6561c78fee3de271e1c6efeceea4829f6d852fc"",""parameter_set_equivalence_family_size"":1,""parameter_set_id"":""09234c13ffc4"",""parameters"":{""family_tolerance_degrees"":10.0,""gaussian_sigma"":0.8,""gradient_percentile"":74.0,""minimum_segment_fraction"":0.1,""minimum_side_support"":0.08,""orthogonality_tolerance_degrees"":22.0},""profile"":null,""rank"":5,""reference_roles"":[],""requested_search_member"":true,""run_id"":""run-20260902-204857"",""search_observation"":{""completion_index"":5,""elapsed_seconds"":1.439841349143535,""parameter_set_number"":5,""search_fraction"":0.5},""search_rank"":4,""search_space_member"":true,""summary"":{""elapsed_ms_total"":619.587,""failure_count"":2,""mean_edge_error_px"":25.833,""mean_iou"":0.54631183,""mean_iou_success"":0.91051971,""minimum_iou"":0.0,""page_count"":5,""stddev_iou"":0.44774952,""success_count"":3,""wall_ms"":619.939}}","{""approved_bbox"":[125,56,1289,967],""candidate"":{""authors"":null,""bbox"":[77,27,1285,979],""confidence"":0.9228856308670748,""corners"":[[77.05387115478516,84.10990905761719],[1277.788330078125,27.608470916748047],[1284.981689453125,954.44580078125],[79.0566635131836,978.106689453125]],""detector_name"":"""",""diagnostics"":{""area_fraction"":0.804105682657883,""evidence"":""long_segment_gradient_votes_with_projective_line_intersections"",""orientation_families_degrees"":[90.0,178.00000000000003],""parameters"":{""angle_bin_degrees"":4.0,""area_weight"":0.15,""bbox_padding_fraction"":0.0,""family_tolerance_degrees"":10.0,""gaussian_sigma"":0.8,""geometry_weight"":0.3,""gradient_percentile"":74.0,""maximum_area_fraction"":0.98,""maximum_corner_overshoot_fraction"":0.08,""minimum_area_fraction"":0.18,""minimum_segment_fraction"":0.1,""minimum_side_support"":0.08,""orthogonality_tolerance_degrees"":22.0,""support_weight"":0.55},""projective_geometry_score"":0.9090909090909101,""segment_count"":38,""side_support"":[0.994575023651123,0.8949861526489258,1.0,0.9616570472717285]},""foundation"":null,""method"":""projective_gradient_vote"",""origin"":"""",""repository"":"""",""score"":0.9228856308670748,""status"":""ok"",""version"":""""},""edge_error_maximum_px"":48,""edge_error_mean_px"":23.25,""edge_errors"":{""bottom"":12,""left"":48,""maximum"":48,""mean"":23.25,""right"":4,""top"":29},""elapsed_ms"":269.538,""global_ordinal"":1,""iou"":0.91600645,""label"":""ordinary_two_page_spread"",""layout_type"":""two_page_spread"",""predicted_bbox"":[77,27,1285,979],""status"":""ok""}"
run-20260902-204857,09234c13ffc4,09234c13ffc45ae5eb06016ae6561c78fee3de271e1c6efeceea4829f6d852fc,1,09234c13ffc4,e5901d163dbd85154f3aebee2526a0483fc4fad55891a9d8431b1c0c522b9a33,1,4af0d7b29b360e5cc1db2842d6c10c4e41494d99496461a32334ccc3d6d77b3a,3,,5,4,1,1,[],{},5,1.439841349143535,0.5,5,damaged_partial_register_spread,two_page_spread,no_candidate,0.0,,,,,,,92.532,null,null,"{""family_tolerance_degrees"":10.0,""gaussian_sigma"":0.8,""gradient_percentile"":74.0,""minimum_segment_fraction"":0.1,""minimum_side_support"":0.08,""orthogonality_tolerance_degrees"":22.0}",,,"{""legacy_parameter_set_id"":""09234c13ffc4"",""parameter_grid_ordinal"":3,""parameter_grid_sha256"":""4af0d7b29b360e5cc1db2842d6c10c4e41494d99496461a32334ccc3d6d77b3a"",""parameter_identity_schema_version"":""1"",""parameter_identity_sha256"":""e5901d163dbd85154f3aebee2526a0483fc4fad55891a9d8431b1c0c522b9a33"",""parameter_schema_version"":""1"",""parameter_set_equivalence_family_id"":""09234c13ffc4"",""parameter_set_equivalence_family_sha256"":""09234c13ffc45ae5eb06016ae6561c78fee3de271e1c6efeceea4829f6d852fc"",""parameter_set_equivalence_family_size"":1,""parameter_set_id"":""09234c13ffc4"",""parameters"":{""family_tolerance_degrees"":10.0,""gaussian_sigma"":0.8,""gradient_percentile"":74.0,""minimum_segment_fraction"":0.1,""minimum_side_support"":0.08,""orthogonality_tolerance_degrees"":22.0},""profile"":null,""rank"":5,""reference_roles"":[],""requested_search_member"":true,""run_id"":""run-20260902-204857"",""search_observation"":{""completion_index"":5,""elapsed_seconds"":1.439841349143535,""parameter_set_number"":5,""search_fraction"":0.5},""search_rank"":4,""search_space_member"":true,""summary"":{""elapsed_ms_total"":619.587,""failure_count"":2,""mean_edge_error_px"":25.833,""mean_iou"":0.54631183,""mean_iou_success"":0.91051971,""minimum_iou"":0.0,""page_count"":5,""stddev_iou"":0.44774952,""success_count"":3,""wall_ms"":619.939}}","{""candidate"":{""authors"":null,""bbox"":null,""confidence"":0.0,""corners"":null,""detector_name"":"""",""diagnostics"":{""area_fraction"":0.00014651724977051767,""evidence"":""long_segment_gradient_votes_with_projective_line_intersections"",""orientation_families_degrees"":[90.0,2.0],""parameters"":{""angle_bin_degrees"":4.0,""area_weight"":0.15,""bbox_padding_fraction"":0.0,""family_tolerance_degrees"":10.0,""gaussian_sigma"":0.8,""geometry_weight"":0.3,""gradient_percentile"":74.0,""maximum_area_fraction"":0.98,""maximum_corner_overshoot_fraction"":0.08,""minimum_area_fraction"":0.18,""minimum_segment_fraction"":0.1,""minimum_side_support"":0.08,""orthogonality_tolerance_degrees"":22.0,""support_weight"":0.55},""reason"":""implausible_area"",""segment_count"":25},""foundation"":null,""method"":""projective_gradient_vote"",""origin"":"""",""repository"":"""",""score"":0.0,""status"":""no_candidate"",""version"":""""},""edge_error_maximum_px"":null,""edge_error_mean_px"":null,""elapsed_ms"":92.532,""global_ordinal"":5,""iou"":0.0,""label"":""damaged_partial_register_spread"",""layout_type"":""two_page_spread"",""status"":""no_candidate""}"
run-20260902-204857,09234c13ffc4,09234c13ffc45ae5eb06016ae6561c78fee3de271e1c6efeceea4829f6d852fc,1,09234c13ffc4,e5901d163dbd85154f3aebee2526a0483fc4fad55891a9d8431b1c0c522b9a33,1,4af0d7b29b360e5cc1db2842d6c10c4e41494d99496461a32334ccc3d6d77b3a,3,,5,4,1,1,[],{},5,1.439841349143535,0.5,6,title_or_index_sheet,single_page,no_candidate,0.0,,,,,,,72.064,null,null,"{""family_tolerance_degrees"":10.0,""gaussian_sigma"":0.8,""gradient_percentile"":74.0,""minimum_segment_fraction"":0.1,""minimum_side_support"":0.08,""orthogonality_tolerance_degrees"":22.0}",,,"{""legacy_parameter_set_id"":""09234c13ffc4"",""parameter_grid_ordinal"":3,""parameter_grid_sha256"":""4af0d7b29b360e5cc1db2842d6c10c4e41494d99496461a32334ccc3d6d77b3a"",""parameter_identity_schema_version"":""1"",""parameter_identity_sha256"":""e5901d163dbd85154f3aebee2526a0483fc4fad55891a9d8431b1c0c522b9a33"",""parameter_schema_version"":""1"",""parameter_set_equivalence_family_id"":""09234c13ffc4"",""parameter_set_equivalence_family_sha256"":""09234c13ffc45ae5eb06016ae6561c78fee3de271e1c6efeceea4829f6d852fc"",""parameter_set_equivalence_family_size"":1,""parameter_set_id"":""09234c13ffc4"",""parameters"":{""family_tolerance_degrees"":10.0,""gaussian_sigma"":0.8,""gradient_percentile"":74.0,""minimum_segment_fraction"":0.1,""minimum_side_support"":0.08,""orthogonality_tolerance_degrees"":22.0},""profile"":null,""rank"":5,""reference_roles"":[],""requested_search_member"":true,""run_id"":""run-20260902-204857"",""search_observation"":{""completion_index"":5,""elapsed_seconds"":1.439841349143535,""parameter_set_number"":5,""search_fraction"":0.5},""search_rank"":4,""search_space_member"":true,""summary"":{""elapsed_ms_total"":619.587,""failure_count"":2,""mean_edge_error_px"":25.833,""mean_iou"":0.54631183,""mean_iou_success"":0.91051971,""minimum_iou"":0.0,""page_count"":5,""stddev_iou"":0.44774952,""success_count"":3,""wall_ms"":619.939}}","{""candidate"":{""authors"":null,""bbox"":null,""confidence"":0.0,""corners"":null,""detector_name"":"""",""diagnostics"":{""area_fraction"":0.0025023949011669174,""evidence"":""long_segment_gradient_votes_with_projective_line_intersections"",""orientation_families_degrees"":[90.0,2.0],""parameters"":{""angle_bin_degrees"":4.0,""area_weight"":0.15,""bbox_padding_fraction"":0.0,""family_tolerance_degrees"":10.0,""gaussian_sigma"":0.8,""geometry_weight"":0.3,""gradient_percentile"":74.0,""maximum_area_fraction"":0.98,""maximum_corner_overshoot_fraction"":0.08,""minimum_area_fraction"":0.18,""minimum_segment_fraction"":0.1,""minimum_side_support"":0.08,""orthogonality_tolerance_degrees"":22.0,""support_weight"":0.55},""reason"":""implausible_area"",""segment_count"":4},""foundation"":null,""method"":""projective_gradient_vote"",""origin"":"""",""repository"":"""",""score"":0.0,""status"":""no_candidate"",""version"":""""},""edge_error_maximum_px"":null,""edge_error_mean_px"":null,""elapsed_ms"":72.064,""global_ordinal"":6,""iou"":0.0,""label"":""title_or_index_sheet"",""layout_type"":""single_page"",""status"":""no_candidate""}"
run-20260902-204857,09234c13ffc4,09234c13ffc45ae5eb06016ae6561c78fee3de271e1c6efeceea4829f6d852fc,1,09234c13ffc4,e5901d163dbd85154f3aebee2526a0483fc4fad55891a9d8431b1c0c522b9a33,1,4af0d7b29b360e5cc1db2842d6c10c4e41494d99496461a32334ccc3d6d77b3a,3,,5,4,1,1,[],{},5,1.439841349143535,0.5,9,clean_two_page_spread,two_page_spread,ok,0.84654882,7,1,176,0,46.0,176,82.3,"[84, 51, 1101, 941]","[77, 50, 1277, 941]","{""family_tolerance_degrees"":10.0,""gaussian_sigma"":0.8,""gradient_percentile"":74.0,""minimum_segment_fraction"":0.1,""minimum_side_support"":0.08,""orthogonality_tolerance_degrees"":22.0}",,,"{""legacy_parameter_set_id"":""09234c13ffc4"",""parameter_grid_ordinal"":3,""parameter_grid_sha256"":""4af0d7b29b360e5cc1db2842d6c10c4e41494d99496461a32334ccc3d6d77b3a"",""parameter_identity_schema_version"":""1"",""parameter_identity_sha256"":""e5901d163dbd85154f3aebee2526a0483fc4fad55891a9d8431b1c0c522b9a33"",""parameter_schema_version"":""1"",""parameter_set_equivalence_family_id"":""09234c13ffc4"",""parameter_set_equivalence_family_sha256"":""09234c13ffc45ae5eb06016ae6561c78fee3de271e1c6efeceea4829f6d852fc"",""parameter_set_equivalence_family_size"":1,""parameter_set_id"":""09234c13ffc4"",""parameters"":{""family_tolerance_degrees"":10.0,""gaussian_sigma"":0.8,""gradient_percentile"":74.0,""minimum_segment_fraction"":0.1,""minimum_side_support"":0.08,""orthogonality_tolerance_degrees"":22.0},""profile"":null,""rank"":5,""reference_roles"":[],""requested_search_member"":true,""run_id"":""run-20260902-204857"",""search_observation"":{""completion_index"":5,""elapsed_seconds"":1.439841349143535,""parameter_set_number"":5,""search_fraction"":0.5},""search_rank"":4,""search_space_member"":true,""summary"":{""elapsed_ms_total"":619.587,""failure_count"":2,""mean_edge_error_px"":25.833,""mean_iou"":0.54631183,""mean_iou_success"":0.91051971,""minimum_iou"":0.0,""page_count"":5,""stddev_iou"":0.44774952,""success_count"":3,""wall_ms"":619.939}}","{""approved_bbox"":[84,51,1101,941],""candidate"":{""authors"":null,""bbox"":[77,50,1277,941],""confidence"":0.938631431079425,""corners"":[[77.29579162597656,50.077056884765625],[1261.8223876953125,54.38561248779297],[1276.758056640625,922.2930297851562],[77.59259796142578,940.2809448242188]],""detector_name"":"""",""diagnostics"":{""area_fraction"":0.8258592237918627,""evidence"":""long_segment_gradient_votes_with_projective_line_intersections"",""orientation_families_degrees"":[90.0,2.0],""parameters"":{""angle_bin_degrees"":4.0,""area_weight"":0.15,""bbox_padding_fraction"":0.0,""family_tolerance_degrees"":10.0,""gaussian_sigma"":0.8,""geometry_weight"":0.3,""gradient_percentile"":74.0,""maximum_area_fraction"":0.98,""maximum_corner_overshoot_fraction"":0.08,""minimum_area_fraction"":0.18,""minimum_segment_fraction"":0.1,""minimum_side_support"":0.08,""orthogonality_tolerance_degrees"":22.0,""support_weight"":0.55},""projective_geometry_score"":0.909090909090909,""segment_count"":29,""side_support"":[1.0,0.9542874097824097,0.9877145886421204,1.0]},""foundation"":null,""method"":""projective_gradient_vote"",""origin"":"""",""repository"":"""",""score"":0.938631431079425,""status"":""ok"",""version"":""""},""edge_error_maximum_px"":176,""edge_error_mean_px"":46.0,""edge_errors"":{""bottom"":0,""left"":7,""maximum"":176,""mean"":46.0,""right"":176,""top"":1},""elapsed_ms"":82.3,""global_ordinal"":9,""iou"":0.84654882,""label"":""clean_two_page_spread"",""layout_type"":""two_page_spread"",""predicted_bbox"":[77,50,1277,941],""status"":""ok""}"
run-20260902-204857,09234c13ffc4,09234c13ffc45ae5eb06016ae6561c78fee3de271e1c6efeceea4829f6d852fc,1,09234c13ffc4,e5901d163dbd85154f3aebee2526a0483fc4fad55891a9d8431b1c0c522b9a33,1,4af0d7b29b360e5cc1db2842d6c10c4e41494d99496461a32334ccc3d6d77b3a,3,,5,4,1,1,[],{},5,1.439841349143535,0.5,10,clean_two_page_spread_2,two_page_spread,ok,0.96900386,1,3,25,4,8.25,25,103.153,"[88, 33, 1154, 968]","[87, 30, 1179, 964]","{""family_tolerance_degrees"":10.0,""gaussian_sigma"":0.8,""gradient_percentile"":74.0,""minimum_segment_fraction"":0.1,""minimum_side_support"":0.08,""orthogonality_tolerance_degrees"":22.0}",,,"{""legacy_parameter_set_id"":""09234c13ffc4"",""parameter_grid_ordinal"":3,""parameter_grid_sha256"":""4af0d7b29b360e5cc1db2842d6c10c4e41494d99496461a32334ccc3d6d77b3a"",""parameter_identity_schema_version"":""1"",""parameter_identity_sha256"":""e5901d163dbd85154f3aebee2526a0483fc4fad55891a9d8431b1c0c522b9a33"",""parameter_schema_version"":""1"",""parameter_set_equivalence_family_id"":""09234c13ffc4"",""parameter_set_equivalence_family_sha256"":""09234c13ffc45ae5eb06016ae6561c78fee3de271e1c6efeceea4829f6d852fc"",""parameter_set_equivalence_family_size"":1,""parameter_set_id"":""09234c13ffc4"",""parameters"":{""family_tolerance_degrees"":10.0,""gaussian_sigma"":0.8,""gradient_percentile"":74.0,""minimum_segment_fraction"":0.1,""minimum_side_support"":0.08,""orthogonality_tolerance_degrees"":22.0},""profile"":null,""rank"":5,""reference_roles"":[],""requested_search_member"":true,""run_id"":""run-20260902-204857"",""search_observation"":{""completion_index"":5,""elapsed_seconds"":1.439841349143535,""parameter_set_number"":5,""search_fraction"":0.5},""search_rank"":4,""search_space_member"":true,""summary"":{""elapsed_ms_total"":619.587,""failure_count"":2,""mean_edge_error_px"":25.833,""mean_iou"":0.54631183,""mean_iou_success"":0.91051971,""minimum_iou"":0.0,""page_count"":5,""stddev_iou"":0.44774952,""success_count"":3,""wall_ms"":619.939}}","{""approved_bbox"":[88,33,1154,968],""candidate"":{""authors"":null,""bbox"":[87,30,1179,964],""confidence"":0.9191585713936259,""corners"":[[87.11235046386719,37.80858612060547],[1177.111083984375,30.905242919921875],[1178.8079833984375,963.6783447265625],[92.83401489257812,955.4651489257812]],""detector_name"":"""",""diagnostics"":{""area_fraction"":0.8018821336372359,""evidence"":""long_segment_gradient_votes_with_projective_line_intersections"",""orientation_families_degrees"":[90.0,178.00000000000003],""parameters"":{""angle_bin_degrees"":4.0,""area_weight"":0.15,""bbox_padding_fraction"":0.0,""family_tolerance_degrees"":10.0,""gaussian_sigma"":0.8,""geometry_weight"":0.3,""gradient_percentile"":74.0,""maximum_area_fraction"":0.98,""maximum_corner_overshoot_fraction"":0.08,""minimum_area_fraction"":0.18,""minimum_segment_fraction"":0.1,""minimum_side_support"":0.08,""orthogonality_tolerance_degrees"":22.0,""support_weight"":0.55},""projective_geometry_score"":0.9090909090909101,""segment_count"":28,""side_support"":[1.0,0.9903110861778259,0.9389243721961975,0.8973025679588318]},""foundation"":null,""method"":""projective_gradient_vote"",""origin"":"""",""repository"":"""",""score"":0.9191585713936259,""status"":""ok"",""version"":""""},""edge_error_maximum_px"":25,""edge_error_mean_px"":8.25,""edge_errors"":{""bottom"":4,""left"":1,""maximum"":25,""mean"":8.25,""right"":25,""top"":3},""elapsed_ms"":103.153,""global_ordinal"":10,""iou"":0.96900386,""label"":""clean_two_page_spread_2"",""layout_type"":""two_page_spread"",""predicted_bbox"":[87,30,1179,964],""status"":""ok""}"
run-20260902-204857,928d5fcecfd4,928d5fcecfd42e22e456243ed9e89d061b30cdbbc913a7af0fd38cfc7ffee3aa,1,928d5fcecfd4,54b7beb5e4fa1703a974bd1cd97a17e937c4dfb672e0f5ff3e36d16962acac16,1,4af0d7b29b360e5cc1db2842d6c10c4e41494d99496461a32334ccc3d6d77b3a,4,,6,5,1,1,[],{},9,1.470258958172053,0.9,1,ordinary_two_page_spread,two_page_spread,ok,0.91600645,48,29,4,12,23.25,48,294.381,"[125, 56, 1289, 967]","[77, 27, 1285, 979]","{""family_tolerance_degrees"":10.0,""gaussian_sigma"":0.8,""gradient_percentile"":74.0,""minimum_segment_fraction"":0.1,""minimum_side_support"":0.18,""orthogonality_tolerance_degrees"":22.0}",,,"{""legacy_parameter_set_id"":""928d5fcecfd4"",""parameter_grid_ordinal"":4,""parameter_grid_sha256"":""4af0d7b29b360e5cc1db2842d6c10c4e41494d99496461a32334ccc3d6d77b3a"",""parameter_identity_schema_version"":""1"",""parameter_identity_sha256"":""54b7beb5e4fa1703a974bd1cd97a17e937c4dfb672e0f5ff3e36d16962acac16"",""parameter_schema_version"":""1"",""parameter_set_equivalence_family_id"":""928d5fcecfd4"",""parameter_set_equivalence_family_sha256"":""928d5fcecfd42e22e456243ed9e89d061b30cdbbc913a7af0fd38cfc7ffee3aa"",""parameter_set_equivalence_family_size"":1,""parameter_set_id"":""928d5fcecfd4"",""parameters"":{""family_tolerance_degrees"":10.0,""gaussian_sigma"":0.8,""gradient_percentile"":74.0,""minimum_segment_fraction"":0.1,""minimum_side_support"":0.18,""orthogonality_tolerance_degrees"":22.0},""profile"":null,""rank"":6,""reference_roles"":[],""requested_search_member"":true,""run_id"":""run-20260902-204857"",""search_observation"":{""completion_index"":9,""elapsed_seconds"":1.470258958172053,""parameter_set_number"":9,""search_fraction"":0.9},""search_rank"":5,""search_space_member"":true,""summary"":{""elapsed_ms_total"":657.217,""failure_count"":2,""mean_edge_error_px"":25.833,""mean_iou"":0.54631183,""mean_iou_success"":0.91051971,""minimum_iou"":0.0,""page_count"":5,""stddev_iou"":0.44774952,""success_count"":3,""wall_ms"":657.517}}","{""approved_bbox"":[125,56,1289,967],""candidate"":{""authors"":null,""bbox"":[77,27,1285,979],""confidence"":0.9228856308670748,""corners"":[[77.05387115478516,84.10990905761719],[1277.788330078125,27.608470916748047],[1284.981689453125,954.44580078125],[79.0566635131836,978.106689453125]],""detector_name"":"""",""diagnostics"":{""area_fraction"":0.804105682657883,""evidence"":""long_segment_gradient_votes_with_projective_line_intersections"",""orientation_families_degrees"":[90.0,178.00000000000003],""parameters"":{""angle_bin_degrees"":4.0,""area_weight"":0.15,""bbox_padding_fraction"":0.0,""family_tolerance_degrees"":10.0,""gaussian_sigma"":0.8,""geometry_weight"":0.3,""gradient_percentile"":74.0,""maximum_area_fraction"":0.98,""maximum_corner_overshoot_fraction"":0.08,""minimum_area_fraction"":0.18,""minimum_segment_fraction"":0.1,""minimum_side_support"":0.18,""orthogonality_tolerance_degrees"":22.0,""support_weight"":0.55},""projective_geometry_score"":0.9090909090909101,""segment_count"":38,""side_support"":[0.994575023651123,0.8949861526489258,1.0,0.9616570472717285]},""foundation"":null,""method"":""projective_gradient_vote"",""origin"":"""",""repository"":"""",""score"":0.9228856308670748,""status"":""ok"",""version"":""""},""edge_error_maximum_px"":48,""edge_error_mean_px"":23.25,""edge_errors"":{""bottom"":12,""left"":48,""maximum"":48,""mean"":23.25,""right"":4,""top"":29},""elapsed_ms"":294.381,""global_ordinal"":1,""iou"":0.91600645,""label"":""ordinary_two_page_spread"",""layout_type"":""two_page_spread"",""predicted_bbox"":[77,27,1285,979],""status"":""ok""}"
run-20260902-204857,928d5fcecfd4,928d5fcecfd42e22e456243ed9e89d061b30cdbbc913a7af0fd38cfc7ffee3aa,1,928d5fcecfd4,54b7beb5e4fa1703a974bd1cd97a17e937c4dfb672e0f5ff3e36d16962acac16,1,4af0d7b29b360e5cc1db2842d6c10c4e41494d99496461a32334ccc3d6d77b3a,4,,6,5,1,1,[],{},9,1.470258958172053,0.9,5,damaged_partial_register_spread,two_page_spread,no_candidate,0.0,,,,,,,112.281,null,null,"{""family_tolerance_degrees"":10.0,""gaussian_sigma"":0.8,""gradient_percentile"":74.0,""minimum_segment_fraction"":0.1,""minimum_side_support"":0.18,""orthogonality_tolerance_degrees"":22.0}",,,"{""legacy_parameter_set_id"":""928d5fcecfd4"",""parameter_grid_ordinal"":4,""parameter_grid_sha256"":""4af0d7b29b360e5cc1db2842d6c10c4e41494d99496461a32334ccc3d6d77b3a"",""parameter_identity_schema_version"":""1"",""parameter_identity_sha256"":""54b7beb5e4fa1703a974bd1cd97a17e937c4dfb672e0f5ff3e36d16962acac16"",""parameter_schema_version"":""1"",""parameter_set_equivalence_family_id"":""928d5fcecfd4"",""parameter_set_equivalence_family_sha256"":""928d5fcecfd42e22e456243ed9e89d061b30cdbbc913a7af0fd38cfc7ffee3aa"",""parameter_set_equivalence_family_size"":1,""parameter_set_id"":""928d5fcecfd4"",""parameters"":{""family_tolerance_degrees"":10.0,""gaussian_sigma"":0.8,""gradient_percentile"":74.0,""minimum_segment_fraction"":0.1,""minimum_side_support"":0.18,""orthogonality_tolerance_degrees"":22.0},""profile"":null,""rank"":6,""reference_roles"":[],""requested_search_member"":true,""run_id"":""run-20260902-204857"",""search_observation"":{""completion_index"":9,""elapsed_seconds"":1.470258958172053,""parameter_set_number"":9,""search_fraction"":0.9},""search_rank"":5,""search_space_member"":true,""summary"":{""elapsed_ms_total"":657.217,""failure_count"":2,""mean_edge_error_px"":25.833,""mean_iou"":0.54631183,""mean_iou_success"":0.91051971,""minimum_iou"":0.0,""page_count"":5,""stddev_iou"":0.44774952,""success_count"":3,""wall_ms"":657.517}}","{""candidate"":{""authors"":null,""bbox"":null,""confidence"":0.0,""corners"":null,""detector_name"":"""",""diagnostics"":{""area_fraction"":0.00014651724977051767,""evidence"":""long_segment_gradient_votes_with_projective_line_intersections"",""orientation_families_degrees"":[90.0,2.0],""parameters"":{""angle_bin_degrees"":4.0,""area_weight"":0.15,""bbox_padding_fraction"":0.0,""family_tolerance_degrees"":10.0,""gaussian_sigma"":0.8,""geometry_weight"":0.3,""gradient_percentile"":74.0,""maximum_area_fraction"":0.98,""maximum_corner_overshoot_fraction"":0.08,""minimum_area_fraction"":0.18,""minimum_segment_fraction"":0.1,""minimum_side_support"":0.18,""orthogonality_tolerance_degrees"":22.0,""support_weight"":0.55},""reason"":""implausible_area"",""segment_count"":25},""foundation"":null,""method"":""projective_gradient_vote"",""origin"":"""",""repository"":"""",""score"":0.0,""status"":""no_candidate"",""version"":""""},""edge_error_maximum_px"":null,""edge_error_mean_px"":null,""elapsed_ms"":112.281,""global_ordinal"":5,""iou"":0.0,""label"":""damaged_partial_register_spread"",""layout_type"":""two_page_spread"",""status"":""no_candidate""}"
run-20260902-204857,928d5fcecfd4,928d5fcecfd42e22e456243ed9e89d061b30cdbbc913a7af0fd38cfc7ffee3aa,1,928d5fcecfd4,54b7beb5e4fa1703a974bd1cd97a17e937c4dfb672e0f5ff3e36d16962acac16,1,4af0d7b29b360e5cc1db2842d6c10c4e41494d99496461a32334ccc3d6d77b3a,4,,6,5,1,1,[],{},9,1.470258958172053,0.9,6,title_or_index_sheet,single_page,no_candidate,0.0,,,,,,,52.125,null,null,"{""family_tolerance_degrees"":10.0,""gaussian_sigma"":0.8,""gradient_percentile"":74.0,""minimum_segment_fraction"":0.1,""minimum_side_support"":0.18,""orthogonality_tolerance_degrees"":22.0}",,,"{""legacy_parameter_set_id"":""928d5fcecfd4"",""parameter_grid_ordinal"":4,""parameter_grid_sha256"":""4af0d7b29b360e5cc1db2842d6c10c4e41494d99496461a32334ccc3d6d77b3a"",""parameter_identity_schema_version"":""1"",""parameter_identity_sha256"":""54b7beb5e4fa1703a974bd1cd97a17e937c4dfb672e0f5ff3e36d16962acac16"",""parameter_schema_version"":""1"",""parameter_set_equivalence_family_id"":""928d5fcecfd4"",""parameter_set_equivalence_family_sha256"":""928d5fcecfd42e22e456243ed9e89d061b30cdbbc913a7af0fd38cfc7ffee3aa"",""parameter_set_equivalence_family_size"":1,""parameter_set_id"":""928d5fcecfd4"",""parameters"":{""family_tolerance_degrees"":10.0,""gaussian_sigma"":0.8,""gradient_percentile"":74.0,""minimum_segment_fraction"":0.1,""minimum_side_support"":0.18,""orthogonality_tolerance_degrees"":22.0},""profile"":null,""rank"":6,""reference_roles"":[],""requested_search_member"":true,""run_id"":""run-20260902-204857"",""search_observation"":{""completion_index"":9,""elapsed_seconds"":1.470258958172053,""parameter_set_number"":9,""search_fraction"":0.9},""search_rank"":5,""search_space_member"":true,""summary"":{""elapsed_ms_total"":657.217,""failure_count"":2,""mean_edge_error_px"":25.833,""mean_iou"":0.54631183,""mean_iou_success"":0.91051971,""minimum_iou"":0.0,""page_count"":5,""stddev_iou"":0.44774952,""success_count"":3,""wall_ms"":657.517}}","{""candidate"":{""authors"":null,""bbox"":null,""confidence"":0.0,""corners"":null,""detector_name"":"""",""diagnostics"":{""area_fraction"":0.0025023949011669174,""evidence"":""long_segment_gradient_votes_with_projective_line_intersections"",""orientation_families_degrees"":[90.0,2.0],""parameters"":{""angle_bin_degrees"":4.0,""area_weight"":0.15,""bbox_padding_fraction"":0.0,""family_tolerance_degrees"":10.0,""gaussian_sigma"":0.8,""geometry_weight"":0.3,""gradient_percentile"":74.0,""maximum_area_fraction"":0.98,""maximum_corner_overshoot_fraction"":0.08,""minimum_area_fraction"":0.18,""minimum_segment_fraction"":0.1,""minimum_side_support"":0.18,""orthogonality_tolerance_degrees"":22.0,""support_weight"":0.55},""reason"":""implausible_area"",""segment_count"":4},""foundation"":null,""method"":""projective_gradient_vote"",""origin"":"""",""repository"":"""",""score"":0.0,""status"":""no_candidate"",""version"":""""},""edge_error_maximum_px"":null,""edge_error_mean_px"":null,""elapsed_ms"":52.125,""global_ordinal"":6,""iou"":0.0,""label"":""title_or_index_sheet"",""layout_type"":""single_page"",""status"":""no_candidate""}"
run-20260902-204857,928d5fcecfd4,928d5fcecfd42e22e456243ed9e89d061b30cdbbc913a7af0fd38cfc7ffee3aa,1,928d5fcecfd4,54b7beb5e4fa1703a974bd1cd97a17e937c4dfb672e0f5ff3e36d16962acac16,1,4af0d7b29b360e5cc1db2842d6c10c4e41494d99496461a32334ccc3d6d77b3a,4,,6,5,1,1,[],{},9,1.470258958172053,0.9,9,clean_two_page_spread,two_page_spread,ok,0.84654882,7,1,176,0,46.0,176,99.929,"[84, 51, 1101, 941]","[77, 50, 1277, 941]","{""family_tolerance_degrees"":10.0,""gaussian_sigma"":0.8,""gradient_percentile"":74.0,""minimum_segment_fraction"":0.1,""minimum_side_support"":0.18,""orthogonality_tolerance_degrees"":22.0}",,,"{""legacy_parameter_set_id"":""928d5fcecfd4"",""parameter_grid_ordinal"":4,""parameter_grid_sha256"":""4af0d7b29b360e5cc1db2842d6c10c4e41494d99496461a32334ccc3d6d77b3a"",""parameter_identity_schema_version"":""1"",""parameter_identity_sha256"":""54b7beb5e4fa1703a974bd1cd97a17e937c4dfb672e0f5ff3e36d16962acac16"",""parameter_schema_version"":""1"",""parameter_set_equivalence_family_id"":""928d5fcecfd4"",""parameter_set_equivalence_family_sha256"":""928d5fcecfd42e22e456243ed9e89d061b30cdbbc913a7af0fd38cfc7ffee3aa"",""parameter_set_equivalence_family_size"":1,""parameter_set_id"":""928d5fcecfd4"",""parameters"":{""family_tolerance_degrees"":10.0,""gaussian_sigma"":0.8,""gradient_percentile"":74.0,""minimum_segment_fraction"":0.1,""minimum_side_support"":0.18,""orthogonality_tolerance_degrees"":22.0},""profile"":null,""rank"":6,""reference_roles"":[],""requested_search_member"":true,""run_id"":""run-20260902-204857"",""search_observation"":{""completion_index"":9,""elapsed_seconds"":1.470258958172053,""parameter_set_number"":9,""search_fraction"":0.9},""search_rank"":5,""search_space_member"":true,""summary"":{""elapsed_ms_total"":657.217,""failure_count"":2,""mean_edge_error_px"":25.833,""mean_iou"":0.54631183,""mean_iou_success"":0.91051971,""minimum_iou"":0.0,""page_count"":5,""stddev_iou"":0.44774952,""success_count"":3,""wall_ms"":657.517}}","{""approved_bbox"":[84,51,1101,941],""candidate"":{""authors"":null,""bbox"":[77,50,1277,941],""confidence"":0.938631431079425,""corners"":[[77.29579162597656,50.077056884765625],[1261.8223876953125,54.38561248779297],[1276.758056640625,922.2930297851562],[77.59259796142578,940.2809448242188]],""detector_name"":"""",""diagnostics"":{""area_fraction"":0.8258592237918627,""evidence"":""long_segment_gradient_votes_with_projective_line_intersections"",""orientation_families_degrees"":[90.0,2.0],""parameters"":{""angle_bin_degrees"":4.0,""area_weight"":0.15,""bbox_padding_fraction"":0.0,""family_tolerance_degrees"":10.0,""gaussian_sigma"":0.8,""geometry_weight"":0.3,""gradient_percentile"":74.0,""maximum_area_fraction"":0.98,""maximum_corner_overshoot_fraction"":0.08,""minimum_area_fraction"":0.18,""minimum_segment_fraction"":0.1,""minimum_side_support"":0.18,""orthogonality_tolerance_degrees"":22.0,""support_weight"":0.55},""projective_geometry_score"":0.909090909090909,""segment_count"":29,""side_support"":[1.0,0.9542874097824097,0.9877145886421204,1.0]},""foundation"":null,""method"":""projective_gradient_vote"",""origin"":"""",""repository"":"""",""score"":0.938631431079425,""status"":""ok"",""version"":""""},""edge_error_maximum_px"":176,""edge_error_mean_px"":46.0,""edge_errors"":{""bottom"":0,""left"":7,""maximum"":176,""mean"":46.0,""right"":176,""top"":1},""elapsed_ms"":99.929,""global_ordinal"":9,""iou"":0.84654882,""label"":""clean_two_page_spread"",""layout_type"":""two_page_spread"",""predicted_bbox"":[77,50,1277,941],""status"":""ok""}"
run-20260902-204857,928d5fcecfd4,928d5fcecfd42e22e456243ed9e89d061b30cdbbc913a7af0fd38cfc7ffee3aa,1,928d5fcecfd4,54b7beb5e4fa1703a974bd1cd97a17e937c4dfb672e0f5ff3e36d16962acac16,1,4af0d7b29b360e5cc1db2842d6c10c4e41494d99496461a32334ccc3d6d77b3a,4,,6,5,1,1,[],{},9,1.470258958172053,0.9,10,clean_two_page_spread_2,two_page_spread,ok,0.96900386,1,3,25,4,8.25,25,98.501,"[88, 33, 1154, 968]","[87, 30, 1179, 964]","{""family_tolerance_degrees"":10.0,""gaussian_sigma"":0.8,""gradient_percentile"":74.0,""minimum_segment_fraction"":0.1,""minimum_side_support"":0.18,""orthogonality_tolerance_degrees"":22.0}",,,"{""legacy_parameter_set_id"":""928d5fcecfd4"",""parameter_grid_ordinal"":4,""parameter_grid_sha256"":""4af0d7b29b360e5cc1db2842d6c10c4e41494d99496461a32334ccc3d6d77b3a"",""parameter_identity_schema_version"":""1"",""parameter_identity_sha256"":""54b7beb5e4fa1703a974bd1cd97a17e937c4dfb672e0f5ff3e36d16962acac16"",""parameter_schema_version"":""1"",""parameter_set_equivalence_family_id"":""928d5fcecfd4"",""parameter_set_equivalence_family_sha256"":""928d5fcecfd42e22e456243ed9e89d061b30cdbbc913a7af0fd38cfc7ffee3aa"",""parameter_set_equivalence_family_size"":1,""parameter_set_id"":""928d5fcecfd4"",""parameters"":{""family_tolerance_degrees"":10.0,""gaussian_sigma"":0.8,""gradient_percentile"":74.0,""minimum_segment_fraction"":0.1,""minimum_side_support"":0.18,""orthogonality_tolerance_degrees"":22.0},""profile"":null,""rank"":6,""reference_roles"":[],""requested_search_member"":true,""run_id"":""run-20260902-204857"",""search_observation"":{""completion_index"":9,""elapsed_seconds"":1.470258958172053,""parameter_set_number"":9,""search_fraction"":0.9},""search_rank"":5,""search_space_member"":true,""summary"":{""elapsed_ms_total"":657.217,""failure_count"":2,""mean_edge_error_px"":25.833,""mean_iou"":0.54631183,""mean_iou_success"":0.91051971,""minimum_iou"":0.0,""page_count"":5,""stddev_iou"":0.44774952,""success_count"":3,""wall_ms"":657.517}}","{""approved_bbox"":[88,33,1154,968],""candidate"":{""authors"":null,""bbox"":[87,30,1179,964],""confidence"":0.9191585713936259,""corners"":[[87.11235046386719,37.80858612060547],[1177.111083984375,30.905242919921875],[1178.8079833984375,963.6783447265625],[92.83401489257812,955.4651489257812]],""detector_name"":"""",""diagnostics"":{""area_fraction"":0.8018821336372359,""evidence"":""long_segment_gradient_votes_with_projective_line_intersections"",""orientation_families_degrees"":[90.0,178.00000000000003],""parameters"":{""angle_bin_degrees"":4.0,""area_weight"":0.15,""bbox_padding_fraction"":0.0,""family_tolerance_degrees"":10.0,""gaussian_sigma"":0.8,""geometry_weight"":0.3,""gradient_percentile"":74.0,""maximum_area_fraction"":0.98,""maximum_corner_overshoot_fraction"":0.08,""minimum_area_fraction"":0.18,""minimum_segment_fraction"":0.1,""minimum_side_support"":0.18,""orthogonality_tolerance_degrees"":22.0,""support_weight"":0.55},""projective_geometry_score"":0.9090909090909101,""segment_count"":28,""side_support"":[1.0,0.9903110861778259,0.9389243721961975,0.8973025679588318]},""foundation"":null,""method"":""projective_gradient_vote"",""origin"":"""",""repository"":"""",""score"":0.9191585713936259,""status"":""ok"",""version"":""""},""edge_error_maximum_px"":25,""edge_error_mean_px"":8.25,""edge_errors"":{""bottom"":4,""left"":1,""maximum"":25,""mean"":8.25,""right"":25,""top"":3},""elapsed_ms"":98.501,""global_ordinal"":10,""iou"":0.96900386,""label"":""clean_two_page_spread_2"",""layout_type"":""two_page_spread"",""predicted_bbox"":[87,30,1179,964],""status"":""ok""}"
run-20260902-204857,2917d4db3330,2917d4db333059c8c4757efdd74b8cf38f7d498cbf07e3e006cd0486cf0545c1,1,2917d4db3330,2646c049cac1ef1bd70804afb2fff0488079b17c470f67ffd7295bf529c05ed9,1,4af0d7b29b360e5cc1db2842d6c10c4e41494d99496461a32334ccc3d6d77b3a,5,,7,6,1,1,[],{},8,1.448696213774383,0.8,1,ordinary_two_page_spread,two_page_spread,ok,0.91600645,48,29,4,12,23.25,48,240.049,"[125, 56, 1289, 967]","[77, 27, 1285, 979]","{""family_tolerance_degrees"":10.0,""gaussian_sigma"":0.8,""gradient_percentile"":74.0,""minimum_segment_fraction"":0.1,""minimum_side_support"":0.3,""orthogonality_tolerance_degrees"":22.0}",,,"{""legacy_parameter_set_id"":""2917d4db3330"",""parameter_grid_ordinal"":5,""parameter_grid_sha256"":""4af0d7b29b360e5cc1db2842d6c10c4e41494d99496461a32334ccc3d6d77b3a"",""parameter_identity_schema_version"":""1"",""parameter_identity_sha256"":""2646c049cac1ef1bd70804afb2fff0488079b17c470f67ffd7295bf529c05ed9"",""parameter_schema_version"":""1"",""parameter_set_equivalence_family_id"":""2917d4db3330"",""parameter_set_equivalence_family_sha256"":""2917d4db333059c8c4757efdd74b8cf38f7d498cbf07e3e006cd0486cf0545c1"",""parameter_set_equivalence_family_size"":1,""parameter_set_id"":""2917d4db3330"",""parameters"":{""family_tolerance_degrees"":10.0,""gaussian_sigma"":0.8,""gradient_percentile"":74.0,""minimum_segment_fraction"":0.1,""minimum_side_support"":0.3,""orthogonality_tolerance_degrees"":22.0},""profile"":null,""rank"":7,""reference_roles"":[],""requested_search_member"":true,""run_id"":""run-20260902-204857"",""search_observation"":{""completion_index"":8,""elapsed_seconds"":1.448696213774383,""parameter_set_number"":8,""search_fraction"":0.8},""search_rank"":6,""search_space_member"":true,""summary"":{""elapsed_ms_total"":586.912,""failure_count"":2,""mean_edge_error_px"":25.833,""mean_iou"":0.54631183,""mean_iou_success"":0.91051971,""minimum_iou"":0.0,""page_count"":5,""stddev_iou"":0.44774952,""success_count"":3,""wall_ms"":587.236}}","{""approved_bbox"":[125,56,1289,967],""candidate"":{""authors"":null,""bbox"":[77,27,1285,979],""confidence"":0.9228856308670748,""corners"":[[77.05387115478516,84.10990905761719],[1277.788330078125,27.608470916748047],[1284.981689453125,954.44580078125],[79.0566635131836,978.106689453125]],""detector_name"":"""",""diagnostics"":{""area_fraction"":0.804105682657883,""evidence"":""long_segment_gradient_votes_with_projective_line_intersections"",""orientation_families_degrees"":[90.0,178.00000000000003],""parameters"":{""angle_bin_degrees"":4.0,""area_weight"":0.15,""bbox_padding_fraction"":0.0,""family_tolerance_degrees"":10.0,""gaussian_sigma"":0.8,""geometry_weight"":0.3,""gradient_percentile"":74.0,""maximum_area_fraction"":0.98,""maximum_corner_overshoot_fraction"":0.08,""minimum_area_fraction"":0.18,""minimum_segment_fraction"":0.1,""minimum_side_support"":0.3,""orthogonality_tolerance_degrees"":22.0,""support_weight"":0.55},""projective_geometry_score"":0.9090909090909101,""segment_count"":38,""side_support"":[0.994575023651123,0.8949861526489258,1.0,0.9616570472717285]},""foundation"":null,""method"":""projective_gradient_vote"",""origin"":"""",""repository"":"""",""score"":0.9228856308670748,""status"":""ok"",""version"":""""},""edge_error_maximum_px"":48,""edge_error_mean_px"":23.25,""edge_errors"":{""bottom"":12,""left"":48,""maximum"":48,""mean"":23.25,""right"":4,""top"":29},""elapsed_ms"":240.049,""global_ordinal"":1,""iou"":0.91600645,""label"":""ordinary_two_page_spread"",""layout_type"":""two_page_spread"",""predicted_bbox"":[77,27,1285,979],""status"":""ok""}"
run-20260902-204857,2917d4db3330,2917d4db333059c8c4757efdd74b8cf38f7d498cbf07e3e006cd0486cf0545c1,1,2917d4db3330,2646c049cac1ef1bd70804afb2fff0488079b17c470f67ffd7295bf529c05ed9,1,4af0d7b29b360e5cc1db2842d6c10c4e41494d99496461a32334ccc3d6d77b3a,5,,7,6,1,1,[],{},8,1.448696213774383,0.8,5,damaged_partial_register_spread,two_page_spread,no_candidate,0.0,,,,,,,111.883,null,null,"{""family_tolerance_degrees"":10.0,""gaussian_sigma"":0.8,""gradient_percentile"":74.0,""minimum_segment_fraction"":0.1,""minimum_side_support"":0.3,""orthogonality_tolerance_degrees"":22.0}",,,"{""legacy_parameter_set_id"":""2917d4db3330"",""parameter_grid_ordinal"":5,""parameter_grid_sha256"":""4af0d7b29b360e5cc1db2842d6c10c4e41494d99496461a32334ccc3d6d77b3a"",""parameter_identity_schema_version"":""1"",""parameter_identity_sha256"":""2646c049cac1ef1bd70804afb2fff0488079b17c470f67ffd7295bf529c05ed9"",""parameter_schema_version"":""1"",""parameter_set_equivalence_family_id"":""2917d4db3330"",""parameter_set_equivalence_family_sha256"":""2917d4db333059c8c4757efdd74b8cf38f7d498cbf07e3e006cd0486cf0545c1"",""parameter_set_equivalence_family_size"":1,""parameter_set_id"":""2917d4db3330"",""parameters"":{""family_tolerance_degrees"":10.0,""gaussian_sigma"":0.8,""gradient_percentile"":74.0,""minimum_segment_fraction"":0.1,""minimum_side_support"":0.3,""orthogonality_tolerance_degrees"":22.0},""profile"":null,""rank"":7,""reference_roles"":[],""requested_search_member"":true,""run_id"":""run-20260902-204857"",""search_observation"":{""completion_index"":8,""elapsed_seconds"":1.448696213774383,""parameter_set_number"":8,""search_fraction"":0.8},""search_rank"":6,""search_space_member"":true,""summary"":{""elapsed_ms_total"":586.912,""failure_count"":2,""mean_edge_error_px"":25.833,""mean_iou"":0.54631183,""mean_iou_success"":0.91051971,""minimum_iou"":0.0,""page_count"":5,""stddev_iou"":0.44774952,""success_count"":3,""wall_ms"":587.236}}","{""candidate"":{""authors"":null,""bbox"":null,""confidence"":0.0,""corners"":null,""detector_name"":"""",""diagnostics"":{""area_fraction"":0.00014651724977051767,""evidence"":""long_segment_gradient_votes_with_projective_line_intersections"",""orientation_families_degrees"":[90.0,2.0],""parameters"":{""angle_bin_degrees"":4.0,""area_weight"":0.15,""bbox_padding_fraction"":0.0,""family_tolerance_degrees"":10.0,""gaussian_sigma"":0.8,""geometry_weight"":0.3,""gradient_percentile"":74.0,""maximum_area_fraction"":0.98,""maximum_corner_overshoot_fraction"":0.08,""minimum_area_fraction"":0.18,""minimum_segment_fraction"":0.1,""minimum_side_support"":0.3,""orthogonality_tolerance_degrees"":22.0,""support_weight"":0.55},""reason"":""implausible_area"",""segment_count"":25},""foundation"":null,""method"":""projective_gradient_vote"",""origin"":"""",""repository"":"""",""score"":0.0,""status"":""no_candidate"",""version"":""""},""edge_error_maximum_px"":null,""edge_error_mean_px"":null,""elapsed_ms"":111.883,""global_ordinal"":5,""iou"":0.0,""label"":""damaged_partial_register_spread"",""layout_type"":""two_page_spread"",""status"":""no_candidate""}"
run-20260902-204857,2917d4db3330,2917d4db333059c8c4757efdd74b8cf38f7d498cbf07e3e006cd0486cf0545c1,1,2917d4db3330,2646c049cac1ef1bd70804afb2fff0488079b17c470f67ffd7295bf529c05ed9,1,4af0d7b29b360e5cc1db2842d6c10c4e41494d99496461a32334ccc3d6d77b3a,5,,7,6,1,1,[],{},8,1.448696213774383,0.8,6,title_or_index_sheet,single_page,no_candidate,0.0,,,,,,,52.129,null,null,"{""family_tolerance_degrees"":10.0,""gaussian_sigma"":0.8,""gradient_percentile"":74.0,""minimum_segment_fraction"":0.1,""minimum_side_support"":0.3,""orthogonality_tolerance_degrees"":22.0}",,,"{""legacy_parameter_set_id"":""2917d4db3330"",""parameter_grid_ordinal"":5,""parameter_grid_sha256"":""4af0d7b29b360e5cc1db2842d6c10c4e41494d99496461a32334ccc3d6d77b3a"",""parameter_identity_schema_version"":""1"",""parameter_identity_sha256"":""2646c049cac1ef1bd70804afb2fff0488079b17c470f67ffd7295bf529c05ed9"",""parameter_schema_version"":""1"",""parameter_set_equivalence_family_id"":""2917d4db3330"",""parameter_set_equivalence_family_sha256"":""2917d4db333059c8c4757efdd74b8cf38f7d498cbf07e3e006cd0486cf0545c1"",""parameter_set_equivalence_family_size"":1,""parameter_set_id"":""2917d4db3330"",""parameters"":{""family_tolerance_degrees"":10.0,""gaussian_sigma"":0.8,""gradient_percentile"":74.0,""minimum_segment_fraction"":0.1,""minimum_side_support"":0.3,""orthogonality_tolerance_degrees"":22.0},""profile"":null,""rank"":7,""reference_roles"":[],""requested_search_member"":true,""run_id"":""run-20260902-204857"",""search_observation"":{""completion_index"":8,""elapsed_seconds"":1.448696213774383,""parameter_set_number"":8,""search_fraction"":0.8},""search_rank"":6,""search_space_member"":true,""summary"":{""elapsed_ms_total"":586.912,""failure_count"":2,""mean_edge_error_px"":25.833,""mean_iou"":0.54631183,""mean_iou_success"":0.91051971,""minimum_iou"":0.0,""page_count"":5,""stddev_iou"":0.44774952,""success_count"":3,""wall_ms"":587.236}}","{""candidate"":{""authors"":null,""bbox"":null,""confidence"":0.0,""corners"":null,""detector_name"":"""",""diagnostics"":{""area_fraction"":0.0025023949011669174,""evidence"":""long_segment_gradient_votes_with_projective_line_intersections"",""orientation_families_degrees"":[90.0,2.0],""parameters"":{""angle_bin_degrees"":4.0,""area_weight"":0.15,""bbox_padding_fraction"":0.0,""family_tolerance_degrees"":10.0,""gaussian_sigma"":0.8,""geometry_weight"":0.3,""gradient_percentile"":74.0,""maximum_area_fraction"":0.98,""maximum_corner_overshoot_fraction"":0.08,""minimum_area_fraction"":0.18,""minimum_segment_fraction"":0.1,""minimum_side_support"":0.3,""orthogonality_tolerance_degrees"":22.0,""support_weight"":0.55},""reason"":""implausible_area"",""segment_count"":4},""foundation"":null,""method"":""projective_gradient_vote"",""origin"":"""",""repository"":"""",""score"":0.0,""status"":""no_candidate"",""version"":""""},""edge_error_maximum_px"":null,""edge_error_mean_px"":null,""elapsed_ms"":52.129,""global_ordinal"":6,""iou"":0.0,""label"":""title_or_index_sheet"",""layout_type"":""single_page"",""status"":""no_candidate""}"
run-20260902-204857,2917d4db3330,2917d4db333059c8c4757efdd74b8cf38f7d498cbf07e3e006cd0486cf0545c1,1,2917d4db3330,2646c049cac1ef1bd70804afb2fff0488079b17c470f67ffd7295bf529c05ed9,1,4af0d7b29b360e5cc1db2842d6c10c4e41494d99496461a32334ccc3d6d77b3a,5,,7,6,1,1,[],{},8,1.448696213774383,0.8,9,clean_two_page_spread,two_page_spread,ok,0.84654882,7,1,176,0,46.0,176,88.785,"[84, 51, 1101, 941]","[77, 50, 1277, 941]","{""family_tolerance_degrees"":10.0,""gaussian_sigma"":0.8,""gradient_percentile"":74.0,""minimum_segment_fraction"":0.1,""minimum_side_support"":0.3,""orthogonality_tolerance_degrees"":22.0}",,,"{""legacy_parameter_set_id"":""2917d4db3330"",""parameter_grid_ordinal"":5,""parameter_grid_sha256"":""4af0d7b29b360e5cc1db2842d6c10c4e41494d99496461a32334ccc3d6d77b3a"",""parameter_identity_schema_version"":""1"",""parameter_identity_sha256"":""2646c049cac1ef1bd70804afb2fff0488079b17c470f67ffd7295bf529c05ed9"",""parameter_schema_version"":""1"",""parameter_set_equivalence_family_id"":""2917d4db3330"",""parameter_set_equivalence_family_sha256"":""2917d4db333059c8c4757efdd74b8cf38f7d498cbf07e3e006cd0486cf0545c1"",""parameter_set_equivalence_family_size"":1,""parameter_set_id"":""2917d4db3330"",""parameters"":{""family_tolerance_degrees"":10.0,""gaussian_sigma"":0.8,""gradient_percentile"":74.0,""minimum_segment_fraction"":0.1,""minimum_side_support"":0.3,""orthogonality_tolerance_degrees"":22.0},""profile"":null,""rank"":7,""reference_roles"":[],""requested_search_member"":true,""run_id"":""run-20260902-204857"",""search_observation"":{""completion_index"":8,""elapsed_seconds"":1.448696213774383,""parameter_set_number"":8,""search_fraction"":0.8},""search_rank"":6,""search_space_member"":true,""summary"":{""elapsed_ms_total"":586.912,""failure_count"":2,""mean_edge_error_px"":25.833,""mean_iou"":0.54631183,""mean_iou_success"":0.91051971,""minimum_iou"":0.0,""page_count"":5,""stddev_iou"":0.44774952,""success_count"":3,""wall_ms"":587.236}}","{""approved_bbox"":[84,51,1101,941],""candidate"":{""authors"":null,""bbox"":[77,50,1277,941],""confidence"":0.938631431079425,""corners"":[[77.29579162597656,50.077056884765625],[1261.8223876953125,54.38561248779297],[1276.758056640625,922.2930297851562],[77.59259796142578,940.2809448242188]],""detector_name"":"""",""diagnostics"":{""area_fraction"":0.8258592237918627,""evidence"":""long_segment_gradient_votes_with_projective_line_intersections"",""orientation_families_degrees"":[90.0,2.0],""parameters"":{""angle_bin_degrees"":4.0,""area_weight"":0.15,""bbox_padding_fraction"":0.0,""family_tolerance_degrees"":10.0,""gaussian_sigma"":0.8,""geometry_weight"":0.3,""gradient_percentile"":74.0,""maximum_area_fraction"":0.98,""maximum_corner_overshoot_fraction"":0.08,""minimum_area_fraction"":0.18,""minimum_segment_fraction"":0.1,""minimum_side_support"":0.3,""orthogonality_tolerance_degrees"":22.0,""support_weight"":0.55},""projective_geometry_score"":0.909090909090909,""segment_count"":29,""side_support"":[1.0,0.9542874097824097,0.9877145886421204,1.0]},""foundation"":null,""method"":""projective_gradient_vote"",""origin"":"""",""repository"":"""",""score"":0.938631431079425,""status"":""ok"",""version"":""""},""edge_error_maximum_px"":176,""edge_error_mean_px"":46.0,""edge_errors"":{""bottom"":0,""left"":7,""maximum"":176,""mean"":46.0,""right"":176,""top"":1},""elapsed_ms"":88.785,""global_ordinal"":9,""iou"":0.84654882,""label"":""clean_two_page_spread"",""layout_type"":""two_page_spread"",""predicted_bbox"":[77,50,1277,941],""status"":""ok""}"
run-20260902-204857,2917d4db3330,2917d4db333059c8c4757efdd74b8cf38f7d498cbf07e3e006cd0486cf0545c1,1,2917d4db3330,2646c049cac1ef1bd70804afb2fff0488079b17c470f67ffd7295bf529c05ed9,1,4af0d7b29b360e5cc1db2842d6c10c4e41494d99496461a32334ccc3d6d77b3a,5,,7,6,1,1,[],{},8,1.448696213774383,0.8,10,clean_two_page_spread_2,two_page_spread,ok,0.96900386,1,3,25,4,8.25,25,94.066,"[88, 33, 1154, 968]","[87, 30, 1179, 964]","{""family_tolerance_degrees"":10.0,""gaussian_sigma"":0.8,""gradient_percentile"":74.0,""minimum_segment_fraction"":0.1,""minimum_side_support"":0.3,""orthogonality_tolerance_degrees"":22.0}",,,"{""legacy_parameter_set_id"":""2917d4db3330"",""parameter_grid_ordinal"":5,""parameter_grid_sha256"":""4af0d7b29b360e5cc1db2842d6c10c4e41494d99496461a32334ccc3d6d77b3a"",""parameter_identity_schema_version"":""1"",""parameter_identity_sha256"":""2646c049cac1ef1bd70804afb2fff0488079b17c470f67ffd7295bf529c05ed9"",""parameter_schema_version"":""1"",""parameter_set_equivalence_family_id"":""2917d4db3330"",""parameter_set_equivalence_family_sha256"":""2917d4db333059c8c4757efdd74b8cf38f7d498cbf07e3e006cd0486cf0545c1"",""parameter_set_equivalence_family_size"":1,""parameter_set_id"":""2917d4db3330"",""parameters"":{""family_tolerance_degrees"":10.0,""gaussian_sigma"":0.8,""gradient_percentile"":74.0,""minimum_segment_fraction"":0.1,""minimum_side_support"":0.3,""orthogonality_tolerance_degrees"":22.0},""profile"":null,""rank"":7,""reference_roles"":[],""requested_search_member"":true,""run_id"":""run-20260902-204857"",""search_observation"":{""completion_index"":8,""elapsed_seconds"":1.448696213774383,""parameter_set_number"":8,""search_fraction"":0.8},""search_rank"":6,""search_space_member"":true,""summary"":{""elapsed_ms_total"":586.912,""failure_count"":2,""mean_edge_error_px"":25.833,""mean_iou"":0.54631183,""mean_iou_success"":0.91051971,""minimum_iou"":0.0,""page_count"":5,""stddev_iou"":0.44774952,""success_count"":3,""wall_ms"":587.236}}","{""approved_bbox"":[88,33,1154,968],""candidate"":{""authors"":null,""bbox"":[87,30,1179,964],""confidence"":0.9191585713936259,""corners"":[[87.11235046386719,37.80858612060547],[1177.111083984375,30.905242919921875],[1178.8079833984375,963.6783447265625],[92.83401489257812,955.4651489257812]],""detector_name"":"""",""diagnostics"":{""area_fraction"":0.8018821336372359,""evidence"":""long_segment_gradient_votes_with_projective_line_intersections"",""orientation_families_degrees"":[90.0,178.00000000000003],""parameters"":{""angle_bin_degrees"":4.0,""area_weight"":0.15,""bbox_padding_fraction"":0.0,""family_tolerance_degrees"":10.0,""gaussian_sigma"":0.8,""geometry_weight"":0.3,""gradient_percentile"":74.0,""maximum_area_fraction"":0.98,""maximum_corner_overshoot_fraction"":0.08,""minimum_area_fraction"":0.18,""minimum_segment_fraction"":0.1,""minimum_side_support"":0.3,""orthogonality_tolerance_degrees"":22.0,""support_weight"":0.55},""projective_geometry_score"":0.9090909090909101,""segment_count"":28,""side_support"":[1.0,0.9903110861778259,0.9389243721961975,0.8973025679588318]},""foundation"":null,""method"":""projective_gradient_vote"",""origin"":"""",""repository"":"""",""score"":0.9191585713936259,""status"":""ok"",""version"":""""},""edge_error_maximum_px"":25,""edge_error_mean_px"":8.25,""edge_errors"":{""bottom"":4,""left"":1,""maximum"":25,""mean"":8.25,""right"":25,""top"":3},""elapsed_ms"":94.066,""global_ordinal"":10,""iou"":0.96900386,""label"":""clean_two_page_spread_2"",""layout_type"":""two_page_spread"",""predicted_bbox"":[87,30,1179,964],""status"":""ok""}"
run-20260902-204857,8a9a1a6b45b8,8a9a1a6b45b888c56d58921bb9215c58117a27ff073970d78478e15ee275a4fd,1,8a9a1a6b45b8,4433f7e9c8b9ac956549bb51557c6a65616b9cd5476521be4d495e065f7ff900,1,4af0d7b29b360e5cc1db2842d6c10c4e41494d99496461a32334ccc3d6d77b3a,6,,8,7,1,1,[],{},6,1.439866075757891,0.6,1,ordinary_two_page_spread,two_page_spread,ok,0.91600645,48,29,4,12,23.25,48,199.889,"[125, 56, 1289, 967]","[77, 27, 1285, 979]","{""family_tolerance_degrees"":10.0,""gaussian_sigma"":0.8,""gradient_percentile"":74.0,""minimum_segment_fraction"":0.1,""minimum_side_support"":0.08,""orthogonality_tolerance_degrees"":32.0}",,,"{""legacy_parameter_set_id"":""8a9a1a6b45b8"",""parameter_grid_ordinal"":6,""parameter_grid_sha256"":""4af0d7b29b360e5cc1db2842d6c10c4e41494d99496461a32334ccc3d6d77b3a"",""parameter_identity_schema_version"":""1"",""parameter_identity_sha256"":""4433f7e9c8b9ac956549bb51557c6a65616b9cd5476521be4d495e065f7ff900"",""parameter_schema_version"":""1"",""parameter_set_equivalence_family_id"":""8a9a1a6b45b8"",""parameter_set_equivalence_family_sha256"":""8a9a1a6b45b888c56d58921bb9215c58117a27ff073970d78478e15ee275a4fd"",""parameter_set_equivalence_family_size"":1,""parameter_set_id"":""8a9a1a6b45b8"",""parameters"":{""family_tolerance_degrees"":10.0,""gaussian_sigma"":0.8,""gradient_percentile"":74.0,""minimum_segment_fraction"":0.1,""minimum_side_support"":0.08,""orthogonality_tolerance_degrees"":32.0},""profile"":null,""rank"":8,""reference_roles"":[],""requested_search_member"":true,""run_id"":""run-20260902-204857"",""search_observation"":{""completion_index"":6,""elapsed_seconds"":1.439866075757891,""parameter_set_number"":6,""search_fraction"":0.6},""search_rank"":7,""search_space_member"":true,""summary"":{""elapsed_ms_total"":560.672,""failure_count"":2,""mean_edge_error_px"":25.833,""mean_iou"":0.54631183,""mean_iou_success"":0.91051971,""minimum_iou"":0.0,""page_count"":5,""stddev_iou"":0.44774952,""success_count"":3,""wall_ms"":561.028}}","{""approved_bbox"":[125,56,1289,967],""candidate"":{""authors"":null,""bbox"":[77,27,1285,979],""confidence"":0.931408358139802,""corners"":[[77.05387115478516,84.10990905761719],[1277.788330078125,27.608470916748047],[1284.981689453125,954.44580078125],[79.0566635131836,978.106689453125]],""detector_name"":"""",""diagnostics"":{""area_fraction"":0.804105682657883,""evidence"":""long_segment_gradient_votes_with_projective_line_intersections"",""orientation_families_degrees"":[90.0,178.00000000000003],""parameters"":{""angle_bin_degrees"":4.0,""area_weight"":0.15,""bbox_padding_fraction"":0.0,""family_tolerance_degrees"":10.0,""gaussian_sigma"":0.8,""geometry_weight"":0.3,""gradient_percentile"":74.0,""maximum_area_fraction"":0.98,""maximum_corner_overshoot_fraction"":0.08,""minimum_area_fraction"":0.18,""minimum_segment_fraction"":0.1,""minimum_side_support"":0.08,""orthogonality_tolerance_degrees"":32.0,""support_weight"":0.55},""projective_geometry_score"":0.9375000000000007,""segment_count"":38,""side_support"":[0.994575023651123,0.8949861526489258,1.0,0.9616570472717285]},""foundation"":null,""method"":""projective_gradient_vote"",""origin"":"""",""repository"":"""",""score"":0.931408358139802,""status"":""ok"",""version"":""""},""edge_error_maximum_px"":48,""edge_error_mean_px"":23.25,""edge_errors"":{""bottom"":12,""left"":48,""maximum"":48,""mean"":23.25,""right"":4,""top"":29},""elapsed_ms"":199.889,""global_ordinal"":1,""iou"":0.91600645,""label"":""ordinary_two_page_spread"",""layout_type"":""two_page_spread"",""predicted_bbox"":[77,27,1285,979],""status"":""ok""}"
run-20260902-204857,8a9a1a6b45b8,8a9a1a6b45b888c56d58921bb9215c58117a27ff073970d78478e15ee275a4fd,1,8a9a1a6b45b8,4433f7e9c8b9ac956549bb51557c6a65616b9cd5476521be4d495e065f7ff900,1,4af0d7b29b360e5cc1db2842d6c10c4e41494d99496461a32334ccc3d6d77b3a,6,,8,7,1,1,[],{},6,1.439866075757891,0.6,5,damaged_partial_register_spread,two_page_spread,no_candidate,0.0,,,,,,,86.077,null,null,"{""family_tolerance_degrees"":10.0,""gaussian_sigma"":0.8,""gradient_percentile"":74.0,""minimum_segment_fraction"":0.1,""minimum_side_support"":0.08,""orthogonality_tolerance_degrees"":32.0}",,,"{""legacy_parameter_set_id"":""8a9a1a6b45b8"",""parameter_grid_ordinal"":6,""parameter_grid_sha256"":""4af0d7b29b360e5cc1db2842d6c10c4e41494d99496461a32334ccc3d6d77b3a"",""parameter_identity_schema_version"":""1"",""parameter_identity_sha256"":""4433f7e9c8b9ac956549bb51557c6a65616b9cd5476521be4d495e065f7ff900"",""parameter_schema_version"":""1"",""parameter_set_equivalence_family_id"":""8a9a1a6b45b8"",""parameter_set_equivalence_family_sha256"":""8a9a1a6b45b888c56d58921bb9215c58117a27ff073970d78478e15ee275a4fd"",""parameter_set_equivalence_family_size"":1,""parameter_set_id"":""8a9a1a6b45b8"",""parameters"":{""family_tolerance_degrees"":10.0,""gaussian_sigma"":0.8,""gradient_percentile"":74.0,""minimum_segment_fraction"":0.1,""minimum_side_support"":0.08,""orthogonality_tolerance_degrees"":32.0},""profile"":null,""rank"":8,""reference_roles"":[],""requested_search_member"":true,""run_id"":""run-20260902-204857"",""search_observation"":{""completion_index"":6,""elapsed_seconds"":1.439866075757891,""parameter_set_number"":6,""search_fraction"":0.6},""search_rank"":7,""search_space_member"":true,""summary"":{""elapsed_ms_total"":560.672,""failure_count"":2,""mean_edge_error_px"":25.833,""mean_iou"":0.54631183,""mean_iou_success"":0.91051971,""minimum_iou"":0.0,""page_count"":5,""stddev_iou"":0.44774952,""success_count"":3,""wall_ms"":561.028}}","{""candidate"":{""authors"":null,""bbox"":null,""confidence"":0.0,""corners"":null,""detector_name"":"""",""diagnostics"":{""area_fraction"":0.00014651724977051767,""evidence"":""long_segment_gradient_votes_with_projective_line_intersections"",""orientation_families_degrees"":[90.0,2.0],""parameters"":{""angle_bin_degrees"":4.0,""area_weight"":0.15,""bbox_padding_fraction"":0.0,""family_tolerance_degrees"":10.0,""gaussian_sigma"":0.8,""geometry_weight"":0.3,""gradient_percentile"":74.0,""maximum_area_fraction"":0.98,""maximum_corner_overshoot_fraction"":0.08,""minimum_area_fraction"":0.18,""minimum_segment_fraction"":0.1,""minimum_side_support"":0.08,""orthogonality_tolerance_degrees"":32.0,""support_weight"":0.55},""reason"":""implausible_area"",""segment_count"":25},""foundation"":null,""method"":""projective_gradient_vote"",""origin"":"""",""repository"":"""",""score"":0.0,""status"":""no_candidate"",""version"":""""},""edge_error_maximum_px"":null,""edge_error_mean_px"":null,""elapsed_ms"":86.077,""global_ordinal"":5,""iou"":0.0,""label"":""damaged_partial_register_spread"",""layout_type"":""two_page_spread"",""status"":""no_candidate""}"
run-20260902-204857,8a9a1a6b45b8,8a9a1a6b45b888c56d58921bb9215c58117a27ff073970d78478e15ee275a4fd,1,8a9a1a6b45b8,4433f7e9c8b9ac956549bb51557c6a65616b9cd5476521be4d495e065f7ff900,1,4af0d7b29b360e5cc1db2842d6c10c4e41494d99496461a32334ccc3d6d77b3a,6,,8,7,1,1,[],{},6,1.439866075757891,0.6,6,title_or_index_sheet,single_page,no_candidate,0.0,,,,,,,57.844,null,null,"{""family_tolerance_degrees"":10.0,""gaussian_sigma"":0.8,""gradient_percentile"":74.0,""minimum_segment_fraction"":0.1,""minimum_side_support"":0.08,""orthogonality_tolerance_degrees"":32.0}",,,"{""legacy_parameter_set_id"":""8a9a1a6b45b8"",""parameter_grid_ordinal"":6,""parameter_grid_sha256"":""4af0d7b29b360e5cc1db2842d6c10c4e41494d99496461a32334ccc3d6d77b3a"",""parameter_identity_schema_version"":""1"",""parameter_identity_sha256"":""4433f7e9c8b9ac956549bb51557c6a65616b9cd5476521be4d495e065f7ff900"",""parameter_schema_version"":""1"",""parameter_set_equivalence_family_id"":""8a9a1a6b45b8"",""parameter_set_equivalence_family_sha256"":""8a9a1a6b45b888c56d58921bb9215c58117a27ff073970d78478e15ee275a4fd"",""parameter_set_equivalence_family_size"":1,""parameter_set_id"":""8a9a1a6b45b8"",""parameters"":{""family_tolerance_degrees"":10.0,""gaussian_sigma"":0.8,""gradient_percentile"":74.0,""minimum_segment_fraction"":0.1,""minimum_side_support"":0.08,""orthogonality_tolerance_degrees"":32.0},""profile"":null,""rank"":8,""reference_roles"":[],""requested_search_member"":true,""run_id"":""run-20260902-204857"",""search_observation"":{""completion_index"":6,""elapsed_seconds"":1.439866075757891,""parameter_set_number"":6,""search_fraction"":0.6},""search_rank"":7,""search_space_member"":true,""summary"":{""elapsed_ms_total"":560.672,""failure_count"":2,""mean_edge_error_px"":25.833,""mean_iou"":0.54631183,""mean_iou_success"":0.91051971,""minimum_iou"":0.0,""page_count"":5,""stddev_iou"":0.44774952,""success_count"":3,""wall_ms"":561.028}}","{""candidate"":{""authors"":null,""bbox"":null,""confidence"":0.0,""corners"":null,""detector_name"":"""",""diagnostics"":{""area_fraction"":0.0025023949011669174,""evidence"":""long_segment_gradient_votes_with_projective_line_intersections"",""orientation_families_degrees"":[90.0,2.0],""parameters"":{""angle_bin_degrees"":4.0,""area_weight"":0.15,""bbox_padding_fraction"":0.0,""family_tolerance_degrees"":10.0,""gaussian_sigma"":0.8,""geometry_weight"":0.3,""gradient_percentile"":74.0,""maximum_area_fraction"":0.98,""maximum_corner_overshoot_fraction"":0.08,""minimum_area_fraction"":0.18,""minimum_segment_fraction"":0.1,""minimum_side_support"":0.08,""orthogonality_tolerance_degrees"":32.0,""support_weight"":0.55},""reason"":""implausible_area"",""segment_count"":4},""foundation"":null,""method"":""projective_gradient_vote"",""origin"":"""",""repository"":"""",""score"":0.0,""status"":""no_candidate"",""version"":""""},""edge_error_maximum_px"":null,""edge_error_mean_px"":null,""elapsed_ms"":57.844,""global_ordinal"":6,""iou"":0.0,""label"":""title_or_index_sheet"",""layout_type"":""single_page"",""status"":""no_candidate""}"
run-20260902-204857,8a9a1a6b45b8,8a9a1a6b45b888c56d58921bb9215c58117a27ff073970d78478e15ee275a4fd,1,8a9a1a6b45b8,4433f7e9c8b9ac956549bb51557c6a65616b9cd5476521be4d495e065f7ff900,1,4af0d7b29b360e5cc1db2842d6c10c4e41494d99496461a32334ccc3d6d77b3a,6,,8,7,1,1,[],{},6,1.439866075757891,0.6,9,clean_two_page_spread,two_page_spread,ok,0.84654882,7,1,176,0,46.0,176,113.678,"[84, 51, 1101, 941]","[77, 50, 1277, 941]","{""family_tolerance_degrees"":10.0,""gaussian_sigma"":0.8,""gradient_percentile"":74.0,""minimum_segment_fraction"":0.1,""minimum_side_support"":0.08,""orthogonality_tolerance_degrees"":32.0}",,,"{""legacy_parameter_set_id"":""8a9a1a6b45b8"",""parameter_grid_ordinal"":6,""parameter_grid_sha256"":""4af0d7b29b360e5cc1db2842d6c10c4e41494d99496461a32334ccc3d6d77b3a"",""parameter_identity_schema_version"":""1"",""parameter_identity_sha256"":""4433f7e9c8b9ac956549bb51557c6a65616b9cd5476521be4d495e065f7ff900"",""parameter_schema_version"":""1"",""parameter_set_equivalence_family_id"":""8a9a1a6b45b8"",""parameter_set_equivalence_family_sha256"":""8a9a1a6b45b888c56d58921bb9215c58117a27ff073970d78478e15ee275a4fd"",""parameter_set_equivalence_family_size"":1,""parameter_set_id"":""8a9a1a6b45b8"",""parameters"":{""family_tolerance_degrees"":10.0,""gaussian_sigma"":0.8,""gradient_percentile"":74.0,""minimum_segment_fraction"":0.1,""minimum_side_support"":0.08,""orthogonality_tolerance_degrees"":32.0},""profile"":null,""rank"":8,""reference_roles"":[],""requested_search_member"":true,""run_id"":""run-20260902-204857"",""search_observation"":{""completion_index"":6,""elapsed_seconds"":1.439866075757891,""parameter_set_number"":6,""search_fraction"":0.6},""search_rank"":7,""search_space_member"":true,""summary"":{""elapsed_ms_total"":560.672,""failure_count"":2,""mean_edge_error_px"":25.833,""mean_iou"":0.54631183,""mean_iou_success"":0.91051971,""minimum_iou"":0.0,""page_count"":5,""stddev_iou"":0.44774952,""success_count"":3,""wall_ms"":561.028}}","{""approved_bbox"":[84,51,1101,941],""candidate"":{""authors"":null,""bbox"":[77,50,1277,941],""confidence"":0.9471541583521523,""corners"":[[77.29579162597656,50.077056884765625],[1261.8223876953125,54.38561248779297],[1276.758056640625,922.2930297851562],[77.59259796142578,940.2809448242188]],""detector_name"":"""",""diagnostics"":{""area_fraction"":0.8258592237918627,""evidence"":""long_segment_gradient_votes_with_projective_line_intersections"",""orientation_families_degrees"":[90.0,2.0],""parameters"":{""angle_bin_degrees"":4.0,""area_weight"":0.15,""bbox_padding_fraction"":0.0,""family_tolerance_degrees"":10.0,""gaussian_sigma"":0.8,""geometry_weight"":0.3,""gradient_percentile"":74.0,""maximum_area_fraction"":0.98,""maximum_corner_overshoot_fraction"":0.08,""minimum_area_fraction"":0.18,""minimum_segment_fraction"":0.1,""minimum_side_support"":0.08,""orthogonality_tolerance_degrees"":32.0,""support_weight"":0.55},""projective_geometry_score"":0.9374999999999999,""segment_count"":29,""side_support"":[1.0,0.9542874097824097,0.9877145886421204,1.0]},""foundation"":null,""method"":""projective_gradient_vote"",""origin"":"""",""repository"":"""",""score"":0.9471541583521523,""status"":""ok"",""version"":""""},""edge_error_maximum_px"":176,""edge_error_mean_px"":46.0,""edge_errors"":{""bottom"":0,""left"":7,""maximum"":176,""mean"":46.0,""right"":176,""top"":1},""elapsed_ms"":113.678,""global_ordinal"":9,""iou"":0.84654882,""label"":""clean_two_page_spread"",""layout_type"":""two_page_spread"",""predicted_bbox"":[77,50,1277,941],""status"":""ok""}"
run-20260902-204857,8a9a1a6b45b8,8a9a1a6b45b888c56d58921bb9215c58117a27ff073970d78478e15ee275a4fd,1,8a9a1a6b45b8,4433f7e9c8b9ac956549bb51557c6a65616b9cd5476521be4d495e065f7ff900,1,4af0d7b29b360e5cc1db2842d6c10c4e41494d99496461a32334ccc3d6d77b3a,6,,8,7,1,1,[],{},6,1.439866075757891,0.6,10,clean_two_page_spread_2,two_page_spread,ok,0.96900386,1,3,25,4,8.25,25,103.184,"[88, 33, 1154, 968]","[87, 30, 1179, 964]","{""family_tolerance_degrees"":10.0,""gaussian_sigma"":0.8,""gradient_percentile"":74.0,""minimum_segment_fraction"":0.1,""minimum_side_support"":0.08,""orthogonality_tolerance_degrees"":32.0}",,,"{""legacy_parameter_set_id"":""8a9a1a6b45b8"",""parameter_grid_ordinal"":6,""parameter_grid_sha256"":""4af0d7b29b360e5cc1db2842d6c10c4e41494d99496461a32334ccc3d6d77b3a"",""parameter_identity_schema_version"":""1"",""parameter_identity_sha256"":""4433f7e9c8b9ac956549bb51557c6a65616b9cd5476521be4d495e065f7ff900"",""parameter_schema_version"":""1"",""parameter_set_equivalence_family_id"":""8a9a1a6b45b8"",""parameter_set_equivalence_family_sha256"":""8a9a1a6b45b888c56d58921bb9215c58117a27ff073970d78478e15ee275a4fd"",""parameter_set_equivalence_family_size"":1,""parameter_set_id"":""8a9a1a6b45b8"",""parameters"":{""family_tolerance_degrees"":10.0,""gaussian_sigma"":0.8,""gradient_percentile"":74.0,""minimum_segment_fraction"":0.1,""minimum_side_support"":0.08,""orthogonality_tolerance_degrees"":32.0},""profile"":null,""rank"":8,""reference_roles"":[],""requested_search_member"":true,""run_id"":""run-20260902-204857"",""search_observation"":{""completion_index"":6,""elapsed_seconds"":1.439866075757891,""parameter_set_number"":6,""search_fraction"":0.6},""search_rank"":7,""search_space_member"":true,""summary"":{""elapsed_ms_total"":560.672,""failure_count"":2,""mean_edge_error_px"":25.833,""mean_iou"":0.54631183,""mean_iou_success"":0.91051971,""minimum_iou"":0.0,""page_count"":5,""stddev_iou"":0.44774952,""success_count"":3,""wall_ms"":561.028}}","{""approved_bbox"":[88,33,1154,968],""candidate"":{""authors"":null,""bbox"":[87,30,1179,964],""confidence"":0.9276812986663532,""corners"":[[87.11235046386719,37.80858612060547],[1177.111083984375,30.905242919921875],[1178.8079833984375,963.6783447265625],[92.83401489257812,955.4651489257812]],""detector_name"":"""",""diagnostics"":{""area_fraction"":0.8018821336372359,""evidence"":""long_segment_gradient_votes_with_projective_line_intersections"",""orientation_families_degrees"":[90.0,178.00000000000003],""parameters"":{""angle_bin_degrees"":4.0,""area_weight"":0.15,""bbox_padding_fraction"":0.0,""family_tolerance_degrees"":10.0,""gaussian_sigma"":0.8,""geometry_weight"":0.3,""gradient_percentile"":74.0,""maximum_area_fraction"":0.98,""maximum_corner_overshoot_fraction"":0.08,""minimum_area_fraction"":0.18,""minimum_segment_fraction"":0.1,""minimum_side_support"":0.08,""orthogonality_tolerance_degrees"":32.0,""support_weight"":0.55},""projective_geometry_score"":0.9375000000000007,""segment_count"":28,""side_support"":[1.0,0.9903110861778259,0.9389243721961975,0.8973025679588318]},""foundation"":null,""method"":""projective_gradient_vote"",""origin"":"""",""repository"":"""",""score"":0.9276812986663532,""status"":""ok"",""version"":""""},""edge_error_maximum_px"":25,""edge_error_mean_px"":8.25,""edge_errors"":{""bottom"":4,""left"":1,""maximum"":25,""mean"":8.25,""right"":25,""top"":3},""elapsed_ms"":103.184,""global_ordinal"":10,""iou"":0.96900386,""label"":""clean_two_page_spread_2"",""layout_type"":""two_page_spread"",""predicted_bbox"":[87,30,1179,964],""status"":""ok""}"
run-20260902-204857,2de709d700bd,2de709d700bd74c63e1480ddff2d767fb1129d0360a68e178417d02149524d32,1,2de709d700bd,0727cb6b2f7cbad8777c52cc2cc9fff69d95d55c8e986576fcb4c2b0082bc95a,1,4af0d7b29b360e5cc1db2842d6c10c4e41494d99496461a32334ccc3d6d77b3a,7,,9,8,1,1,[],{},7,1.4429807397536933,0.7,1,ordinary_two_page_spread,two_page_spread,ok,0.91600645,48,29,4,12,23.25,48,203.782,"[125, 56, 1289, 967]","[77, 27, 1285, 979]","{""family_tolerance_degrees"":10.0,""gaussian_sigma"":0.8,""gradient_percentile"":74.0,""minimum_segment_fraction"":0.1,""minimum_side_support"":0.18,""orthogonality_tolerance_degrees"":32.0}",,,"{""legacy_parameter_set_id"":""2de709d700bd"",""parameter_grid_ordinal"":7,""parameter_grid_sha256"":""4af0d7b29b360e5cc1db2842d6c10c4e41494d99496461a32334ccc3d6d77b3a"",""parameter_identity_schema_version"":""1"",""parameter_identity_sha256"":""0727cb6b2f7cbad8777c52cc2cc9fff69d95d55c8e986576fcb4c2b0082bc95a"",""parameter_schema_version"":""1"",""parameter_set_equivalence_family_id"":""2de709d700bd"",""parameter_set_equivalence_family_sha256"":""2de709d700bd74c63e1480ddff2d767fb1129d0360a68e178417d02149524d32"",""parameter_set_equivalence_family_size"":1,""parameter_set_id"":""2de709d700bd"",""parameters"":{""family_tolerance_degrees"":10.0,""gaussian_sigma"":0.8,""gradient_percentile"":74.0,""minimum_segment_fraction"":0.1,""minimum_side_support"":0.18,""orthogonality_tolerance_degrees"":32.0},""profile"":null,""rank"":9,""reference_roles"":[],""requested_search_member"":true,""run_id"":""run-20260902-204857"",""search_observation"":{""completion_index"":7,""elapsed_seconds"":1.4429807397536933,""parameter_set_number"":7,""search_fraction"":0.7},""search_rank"":8,""search_space_member"":true,""summary"":{""elapsed_ms_total"":550.003,""failure_count"":2,""mean_edge_error_px"":25.833,""mean_iou"":0.54631183,""mean_iou_success"":0.91051971,""minimum_iou"":0.0,""page_count"":5,""stddev_iou"":0.44774952,""success_count"":3,""wall_ms"":550.27}}","{""approved_bbox"":[125,56,1289,967],""candidate"":{""authors"":null,""bbox"":[77,27,1285,979],""confidence"":0.931408358139802,""corners"":[[77.05387115478516,84.10990905761719],[1277.788330078125,27.608470916748047],[1284.981689453125,954.44580078125],[79.0566635131836,978.106689453125]],""detector_name"":"""",""diagnostics"":{""area_fraction"":0.804105682657883,""evidence"":""long_segment_gradient_votes_with_projective_line_intersections"",""orientation_families_degrees"":[90.0,178.00000000000003],""parameters"":{""angle_bin_degrees"":4.0,""area_weight"":0.15,""bbox_padding_fraction"":0.0,""family_tolerance_degrees"":10.0,""gaussian_sigma"":0.8,""geometry_weight"":0.3,""gradient_percentile"":74.0,""maximum_area_fraction"":0.98,""maximum_corner_overshoot_fraction"":0.08,""minimum_area_fraction"":0.18,""minimum_segment_fraction"":0.1,""minimum_side_support"":0.18,""orthogonality_tolerance_degrees"":32.0,""support_weight"":0.55},""projective_geometry_score"":0.9375000000000007,""segment_count"":38,""side_support"":[0.994575023651123,0.8949861526489258,1.0,0.9616570472717285]},""foundation"":null,""method"":""projective_gradient_vote"",""origin"":"""",""repository"":"""",""score"":0.931408358139802,""status"":""ok"",""version"":""""},""edge_error_maximum_px"":48,""edge_error_mean_px"":23.25,""edge_errors"":{""bottom"":12,""left"":48,""maximum"":48,""mean"":23.25,""right"":4,""top"":29},""elapsed_ms"":203.782,""global_ordinal"":1,""iou"":0.91600645,""label"":""ordinary_two_page_spread"",""layout_type"":""two_page_spread"",""predicted_bbox"":[77,27,1285,979],""status"":""ok""}"
run-20260902-204857,2de709d700bd,2de709d700bd74c63e1480ddff2d767fb1129d0360a68e178417d02149524d32,1,2de709d700bd,0727cb6b2f7cbad8777c52cc2cc9fff69d95d55c8e986576fcb4c2b0082bc95a,1,4af0d7b29b360e5cc1db2842d6c10c4e41494d99496461a32334ccc3d6d77b3a,7,,9,8,1,1,[],{},7,1.4429807397536933,0.7,5,damaged_partial_register_spread,two_page_spread,no_candidate,0.0,,,,,,,104.997,null,null,"{""family_tolerance_degrees"":10.0,""gaussian_sigma"":0.8,""gradient_percentile"":74.0,""minimum_segment_fraction"":0.1,""minimum_side_support"":0.18,""orthogonality_tolerance_degrees"":32.0}",,,"{""legacy_parameter_set_id"":""2de709d700bd"",""parameter_grid_ordinal"":7,""parameter_grid_sha256"":""4af0d7b29b360e5cc1db2842d6c10c4e41494d99496461a32334ccc3d6d77b3a"",""parameter_identity_schema_version"":""1"",""parameter_identity_sha256"":""0727cb6b2f7cbad8777c52cc2cc9fff69d95d55c8e986576fcb4c2b0082bc95a"",""parameter_schema_version"":""1"",""parameter_set_equivalence_family_id"":""2de709d700bd"",""parameter_set_equivalence_family_sha256"":""2de709d700bd74c63e1480ddff2d767fb1129d0360a68e178417d02149524d32"",""parameter_set_equivalence_family_size"":1,""parameter_set_id"":""2de709d700bd"",""parameters"":{""family_tolerance_degrees"":10.0,""gaussian_sigma"":0.8,""gradient_percentile"":74.0,""minimum_segment_fraction"":0.1,""minimum_side_support"":0.18,""orthogonality_tolerance_degrees"":32.0},""profile"":null,""rank"":9,""reference_roles"":[],""requested_search_member"":true,""run_id"":""run-20260902-204857"",""search_observation"":{""completion_index"":7,""elapsed_seconds"":1.4429807397536933,""parameter_set_number"":7,""search_fraction"":0.7},""search_rank"":8,""search_space_member"":true,""summary"":{""elapsed_ms_total"":550.003,""failure_count"":2,""mean_edge_error_px"":25.833,""mean_iou"":0.54631183,""mean_iou_success"":0.91051971,""minimum_iou"":0.0,""page_count"":5,""stddev_iou"":0.44774952,""success_count"":3,""wall_ms"":550.27}}","{""candidate"":{""authors"":null,""bbox"":null,""confidence"":0.0,""corners"":null,""detector_name"":"""",""diagnostics"":{""area_fraction"":0.00014651724977051767,""evidence"":""long_segment_gradient_votes_with_projective_line_intersections"",""orientation_families_degrees"":[90.0,2.0],""parameters"":{""angle_bin_degrees"":4.0,""area_weight"":0.15,""bbox_padding_fraction"":0.0,""family_tolerance_degrees"":10.0,""gaussian_sigma"":0.8,""geometry_weight"":0.3,""gradient_percentile"":74.0,""maximum_area_fraction"":0.98,""maximum_corner_overshoot_fraction"":0.08,""minimum_area_fraction"":0.18,""minimum_segment_fraction"":0.1,""minimum_side_support"":0.18,""orthogonality_tolerance_degrees"":32.0,""support_weight"":0.55},""reason"":""implausible_area"",""segment_count"":25},""foundation"":null,""method"":""projective_gradient_vote"",""origin"":"""",""repository"":"""",""score"":0.0,""status"":""no_candidate"",""version"":""""},""edge_error_maximum_px"":null,""edge_error_mean_px"":null,""elapsed_ms"":104.997,""global_ordinal"":5,""iou"":0.0,""label"":""damaged_partial_register_spread"",""layout_type"":""two_page_spread"",""status"":""no_candidate""}"
run-20260902-204857,2de709d700bd,2de709d700bd74c63e1480ddff2d767fb1129d0360a68e178417d02149524d32,1,2de709d700bd,0727cb6b2f7cbad8777c52cc2cc9fff69d95d55c8e986576fcb4c2b0082bc95a,1,4af0d7b29b360e5cc1db2842d6c10c4e41494d99496461a32334ccc3d6d77b3a,7,,9,8,1,1,[],{},7,1.4429807397536933,0.7,6,title_or_index_sheet,single_page,no_candidate,0.0,,,,,,,51.687,null,null,"{""family_tolerance_degrees"":10.0,""gaussian_sigma"":0.8,""gradient_percentile"":74.0,""minimum_segment_fraction"":0.1,""minimum_side_support"":0.18,""orthogonality_tolerance_degrees"":32.0}",,,"{""legacy_parameter_set_id"":""2de709d700bd"",""parameter_grid_ordinal"":7,""parameter_grid_sha256"":""4af0d7b29b360e5cc1db2842d6c10c4e41494d99496461a32334ccc3d6d77b3a"",""parameter_identity_schema_version"":""1"",""parameter_identity_sha256"":""0727cb6b2f7cbad8777c52cc2cc9fff69d95d55c8e986576fcb4c2b0082bc95a"",""parameter_schema_version"":""1"",""parameter_set_equivalence_family_id"":""2de709d700bd"",""parameter_set_equivalence_family_sha256"":""2de709d700bd74c63e1480ddff2d767fb1129d0360a68e178417d02149524d32"",""parameter_set_equivalence_family_size"":1,""parameter_set_id"":""2de709d700bd"",""parameters"":{""family_tolerance_degrees"":10.0,""gaussian_sigma"":0.8,""gradient_percentile"":74.0,""minimum_segment_fraction"":0.1,""minimum_side_support"":0.18,""orthogonality_tolerance_degrees"":32.0},""profile"":null,""rank"":9,""reference_roles"":[],""requested_search_member"":true,""run_id"":""run-20260902-204857"",""search_observation"":{""completion_index"":7,""elapsed_seconds"":1.4429807397536933,""parameter_set_number"":7,""search_fraction"":0.7},""search_rank"":8,""search_space_member"":true,""summary"":{""elapsed_ms_total"":550.003,""failure_count"":2,""mean_edge_error_px"":25.833,""mean_iou"":0.54631183,""mean_iou_success"":0.91051971,""minimum_iou"":0.0,""page_count"":5,""stddev_iou"":0.44774952,""success_count"":3,""wall_ms"":550.27}}","{""candidate"":{""authors"":null,""bbox"":null,""confidence"":0.0,""corners"":null,""detector_name"":"""",""diagnostics"":{""area_fraction"":0.0025023949011669174,""evidence"":""long_segment_gradient_votes_with_projective_line_intersections"",""orientation_families_degrees"":[90.0,2.0],""parameters"":{""angle_bin_degrees"":4.0,""area_weight"":0.15,""bbox_padding_fraction"":0.0,""family_tolerance_degrees"":10.0,""gaussian_sigma"":0.8,""geometry_weight"":0.3,""gradient_percentile"":74.0,""maximum_area_fraction"":0.98,""maximum_corner_overshoot_fraction"":0.08,""minimum_area_fraction"":0.18,""minimum_segment_fraction"":0.1,""minimum_side_support"":0.18,""orthogonality_tolerance_degrees"":32.0,""support_weight"":0.55},""reason"":""implausible_area"",""segment_count"":4},""foundation"":null,""method"":""projective_gradient_vote"",""origin"":"""",""repository"":"""",""score"":0.0,""status"":""no_candidate"",""version"":""""},""edge_error_maximum_px"":null,""edge_error_mean_px"":null,""elapsed_ms"":51.687,""global_ordinal"":6,""iou"":0.0,""label"":""title_or_index_sheet"",""layout_type"":""single_page"",""status"":""no_candidate""}"
run-20260902-204857,2de709d700bd,2de709d700bd74c63e1480ddff2d767fb1129d0360a68e178417d02149524d32,1,2de709d700bd,0727cb6b2f7cbad8777c52cc2cc9fff69d95d55c8e986576fcb4c2b0082bc95a,1,4af0d7b29b360e5cc1db2842d6c10c4e41494d99496461a32334ccc3d6d77b3a,7,,9,8,1,1,[],{},7,1.4429807397536933,0.7,9,clean_two_page_spread,two_page_spread,ok,0.84654882,7,1,176,0,46.0,176,89.444,"[84, 51, 1101, 941]","[77, 50, 1277, 941]","{""family_tolerance_degrees"":10.0,""gaussian_sigma"":0.8,""gradient_percentile"":74.0,""minimum_segment_fraction"":0.1,""minimum_side_support"":0.18,""orthogonality_tolerance_degrees"":32.0}",,,"{""legacy_parameter_set_id"":""2de709d700bd"",""parameter_grid_ordinal"":7,""parameter_grid_sha256"":""4af0d7b29b360e5cc1db2842d6c10c4e41494d99496461a32334ccc3d6d77b3a"",""parameter_identity_schema_version"":""1"",""parameter_identity_sha256"":""0727cb6b2f7cbad8777c52cc2cc9fff69d95d55c8e986576fcb4c2b0082bc95a"",""parameter_schema_version"":""1"",""parameter_set_equivalence_family_id"":""2de709d700bd"",""parameter_set_equivalence_family_sha256"":""2de709d700bd74c63e1480ddff2d767fb1129d0360a68e178417d02149524d32"",""parameter_set_equivalence_family_size"":1,""parameter_set_id"":""2de709d700bd"",""parameters"":{""family_tolerance_degrees"":10.0,""gaussian_sigma"":0.8,""gradient_percentile"":74.0,""minimum_segment_fraction"":0.1,""minimum_side_support"":0.18,""orthogonality_tolerance_degrees"":32.0},""profile"":null,""rank"":9,""reference_roles"":[],""requested_search_member"":true,""run_id"":""run-20260902-204857"",""search_observation"":{""completion_index"":7,""elapsed_seconds"":1.4429807397536933,""parameter_set_number"":7,""search_fraction"":0.7},""search_rank"":8,""search_space_member"":true,""summary"":{""elapsed_ms_total"":550.003,""failure_count"":2,""mean_edge_error_px"":25.833,""mean_iou"":0.54631183,""mean_iou_success"":0.91051971,""minimum_iou"":0.0,""page_count"":5,""stddev_iou"":0.44774952,""success_count"":3,""wall_ms"":550.27}}","{""approved_bbox"":[84,51,1101,941],""candidate"":{""authors"":null,""bbox"":[77,50,1277,941],""confidence"":0.9471541583521523,""corners"":[[77.29579162597656,50.077056884765625],[1261.8223876953125,54.38561248779297],[1276.758056640625,922.2930297851562],[77.59259796142578,940.2809448242188]],""detector_name"":"""",""diagnostics"":{""area_fraction"":0.8258592237918627,""evidence"":""long_segment_gradient_votes_with_projective_line_intersections"",""orientation_families_degrees"":[90.0,2.0],""parameters"":{""angle_bin_degrees"":4.0,""area_weight"":0.15,""bbox_padding_fraction"":0.0,""family_tolerance_degrees"":10.0,""gaussian_sigma"":0.8,""geometry_weight"":0.3,""gradient_percentile"":74.0,""maximum_area_fraction"":0.98,""maximum_corner_overshoot_fraction"":0.08,""minimum_area_fraction"":0.18,""minimum_segment_fraction"":0.1,""minimum_side_support"":0.18,""orthogonality_tolerance_degrees"":32.0,""support_weight"":0.55},""projective_geometry_score"":0.9374999999999999,""segment_count"":29,""side_support"":[1.0,0.9542874097824097,0.9877145886421204,1.0]},""foundation"":null,""method"":""projective_gradient_vote"",""origin"":"""",""repository"":"""",""score"":0.9471541583521523,""status"":""ok"",""version"":""""},""edge_error_maximum_px"":176,""edge_error_mean_px"":46.0,""edge_errors"":{""bottom"":0,""left"":7,""maximum"":176,""mean"":46.0,""right"":176,""top"":1},""elapsed_ms"":89.444,""global_ordinal"":9,""iou"":0.84654882,""label"":""clean_two_page_spread"",""layout_type"":""two_page_spread"",""predicted_bbox"":[77,50,1277,941],""status"":""ok""}"
run-20260902-204857,2de709d700bd,2de709d700bd74c63e1480ddff2d767fb1129d0360a68e178417d02149524d32,1,2de709d700bd,0727cb6b2f7cbad8777c52cc2cc9fff69d95d55c8e986576fcb4c2b0082bc95a,1,4af0d7b29b360e5cc1db2842d6c10c4e41494d99496461a32334ccc3d6d77b3a,7,,9,8,1,1,[],{},7,1.4429807397536933,0.7,10,clean_two_page_spread_2,two_page_spread,ok,0.96900386,1,3,25,4,8.25,25,100.093,"[88, 33, 1154, 968]","[87, 30, 1179, 964]","{""family_tolerance_degrees"":10.0,""gaussian_sigma"":0.8,""gradient_percentile"":74.0,""minimum_segment_fraction"":0.1,""minimum_side_support"":0.18,""orthogonality_tolerance_degrees"":32.0}",,,"{""legacy_parameter_set_id"":""2de709d700bd"",""parameter_grid_ordinal"":7,""parameter_grid_sha256"":""4af0d7b29b360e5cc1db2842d6c10c4e41494d99496461a32334ccc3d6d77b3a"",""parameter_identity_schema_version"":""1"",""parameter_identity_sha256"":""0727cb6b2f7cbad8777c52cc2cc9fff69d95d55c8e986576fcb4c2b0082bc95a"",""parameter_schema_version"":""1"",""parameter_set_equivalence_family_id"":""2de709d700bd"",""parameter_set_equivalence_family_sha256"":""2de709d700bd74c63e1480ddff2d767fb1129d0360a68e178417d02149524d32"",""parameter_set_equivalence_family_size"":1,""parameter_set_id"":""2de709d700bd"",""parameters"":{""family_tolerance_degrees"":10.0,""gaussian_sigma"":0.8,""gradient_percentile"":74.0,""minimum_segment_fraction"":0.1,""minimum_side_support"":0.18,""orthogonality_tolerance_degrees"":32.0},""profile"":null,""rank"":9,""reference_roles"":[],""requested_search_member"":true,""run_id"":""run-20260902-204857"",""search_observation"":{""completion_index"":7,""elapsed_seconds"":1.4429807397536933,""parameter_set_number"":7,""search_fraction"":0.7},""search_rank"":8,""search_space_member"":true,""summary"":{""elapsed_ms_total"":550.003,""failure_count"":2,""mean_edge_error_px"":25.833,""mean_iou"":0.54631183,""mean_iou_success"":0.91051971,""minimum_iou"":0.0,""page_count"":5,""stddev_iou"":0.44774952,""success_count"":3,""wall_ms"":550.27}}","{""approved_bbox"":[88,33,1154,968],""candidate"":{""authors"":null,""bbox"":[87,30,1179,964],""confidence"":0.9276812986663532,""corners"":[[87.11235046386719,37.80858612060547],[1177.111083984375,30.905242919921875],[1178.8079833984375,963.6783447265625],[92.83401489257812,955.4651489257812]],""detector_name"":"""",""diagnostics"":{""area_fraction"":0.8018821336372359,""evidence"":""long_segment_gradient_votes_with_projective_line_intersections"",""orientation_families_degrees"":[90.0,178.00000000000003],""parameters"":{""angle_bin_degrees"":4.0,""area_weight"":0.15,""bbox_padding_fraction"":0.0,""family_tolerance_degrees"":10.0,""gaussian_sigma"":0.8,""geometry_weight"":0.3,""gradient_percentile"":74.0,""maximum_area_fraction"":0.98,""maximum_corner_overshoot_fraction"":0.08,""minimum_area_fraction"":0.18,""minimum_segment_fraction"":0.1,""minimum_side_support"":0.18,""orthogonality_tolerance_degrees"":32.0,""support_weight"":0.55},""projective_geometry_score"":0.9375000000000007,""segment_count"":28,""side_support"":[1.0,0.9903110861778259,0.9389243721961975,0.8973025679588318]},""foundation"":null,""method"":""projective_gradient_vote"",""origin"":"""",""repository"":"""",""score"":0.9276812986663532,""status"":""ok"",""version"":""""},""edge_error_maximum_px"":25,""edge_error_mean_px"":8.25,""edge_errors"":{""bottom"":4,""left"":1,""maximum"":25,""mean"":8.25,""right"":25,""top"":3},""elapsed_ms"":100.093,""global_ordinal"":10,""iou"":0.96900386,""label"":""clean_two_page_spread_2"",""layout_type"":""two_page_spread"",""predicted_bbox"":[87,30,1179,964],""status"":""ok""}"
run-20260902-204857,c6d5d9271464,c6d5d92714641ea78856100a0a484cffe5f2fb03e7e62f3d13f91ad8ede58034,1,c6d5d9271464,88a676e2e6515718b38d462063601a003c2c889f25cc94af0c145f5d8ba7c103,1,,,baseline,10,,0,1,"[""baseline""]",{},,,,1,ordinary_two_page_spread,two_page_spread,ok,0.90694689,55,36,4,9,26.0,55,108.288,"[125, 56, 1289, 967]","[70, 20, 1285, 976]","{""angle_bin_degrees"":4.0,""area_weight"":0.15,""bbox_padding_fraction"":0.0,""family_tolerance_degrees"":16.0,""gaussian_sigma"":1.2,""geometry_weight"":0.3,""gradient_percentile"":82.0,""maximum_area_fraction"":0.98,""maximum_corner_overshoot_fraction"":0.08,""minimum_area_fraction"":0.18,""minimum_segment_fraction"":0.16,""minimum_side_support"":0.18,""orthogonality_tolerance_degrees"":22.0,""support_weight"":0.55}",,,"{""legacy_parameter_set_id"":""c6d5d9271464"",""parameter_grid_ordinal"":null,""parameter_grid_sha256"":null,""parameter_identity_schema_version"":""1"",""parameter_identity_sha256"":""88a676e2e6515718b38d462063601a003c2c889f25cc94af0c145f5d8ba7c103"",""parameter_schema_version"":""1"",""parameter_set_equivalence_family_id"":""c6d5d9271464"",""parameter_set_equivalence_family_sha256"":""c6d5d92714641ea78856100a0a484cffe5f2fb03e7e62f3d13f91ad8ede58034"",""parameter_set_equivalence_family_size"":1,""parameter_set_id"":""c6d5d9271464"",""parameters"":{""angle_bin_degrees"":4.0,""area_weight"":0.15,""bbox_padding_fraction"":0.0,""family_tolerance_degrees"":16.0,""gaussian_sigma"":1.2,""geometry_weight"":0.3,""gradient_percentile"":82.0,""maximum_area_fraction"":0.98,""maximum_corner_overshoot_fraction"":0.08,""minimum_area_fraction"":0.18,""minimum_segment_fraction"":0.16,""minimum_side_support"":0.18,""orthogonality_tolerance_degrees"":22.0,""support_weight"":0.55},""profile"":""baseline"",""rank"":10,""reference_roles"":[""baseline""],""requested_search_member"":false,""run_id"":""run-20260902-204857"",""search_space_member"":true,""summary"":{""elapsed_ms_total"":425.582,""failure_count"":2,""mean_edge_error_px"":70.667,""mean_iou"":0.44744418,""mean_iou_success"":0.7457403,""minimum_iou"":0.0,""page_count"":5,""stddev_iou"":0.39165461,""success_count"":3,""wall_ms"":426.171}}","{""approved_bbox"":[125,56,1289,967],""candidate"":{""authors"":null,""bbox"":[70,20,1285,976],""confidence"":0.893324534788106,""corners"":[[80.8549575805664,90.1684341430664],[1277.9691162109375,20.5197696685791],[1284.3485107421875,954.5369262695312],[70.39095306396484,975.792724609375]],""detector_name"":"""",""diagnostics"":{""area_fraction"":0.8048486916634235,""evidence"":""long_segment_gradient_votes_with_projective_line_intersections"",""orientation_families_degrees"":[90.0,178.00000000000003],""parameters"":{""angle_bin_degrees"":4.0,""area_weight"":0.15,""bbox_padding_fraction"":0.0,""family_tolerance_degrees"":16.0,""gaussian_sigma"":1.2,""geometry_weight"":0.3,""gradient_percentile"":82.0,""maximum_area_fraction"":0.98,""maximum_corner_overshoot_fraction"":0.08,""minimum_area_fraction"":0.18,""minimum_segment_fraction"":0.16,""minimum_side_support"":0.18,""orthogonality_tolerance_degrees"":22.0,""support_weight"":0.55},""projective_geometry_score"":0.9090909090909101,""segment_count"":17,""side_support"":[0.9856069087982178,0.6708105206489563,0.9958590269088745,0.9831414222717285]},""foundation"":null,""method"":""projective_gradient_vote"",""origin"":"""",""repository"":"""",""score"":0.893324534788106,""status"":""ok"",""version"":""""},""edge_error_maximum_px"":55,""edge_error_mean_px"":26.0,""edge_errors"":{""bottom"":9,""left"":55,""maximum"":55,""mean"":26.0,""right"":4,""top"":36},""elapsed_ms"":108.288,""global_ordinal"":1,""iou"":0.90694689,""label"":""ordinary_two_page_spread"",""layout_type"":""two_page_spread"",""predicted_bbox"":[70,20,1285,976],""status"":""ok""}"
run-20260902-204857,c6d5d9271464,c6d5d92714641ea78856100a0a484cffe5f2fb03e7e62f3d13f91ad8ede58034,1,c6d5d9271464,88a676e2e6515718b38d462063601a003c2c889f25cc94af0c145f5d8ba7c103,1,,,baseline,10,,0,1,"[""baseline""]",{},,,,5,damaged_partial_register_spread,two_page_spread,no_candidate,0.0,,,,,,,95.408,null,null,"{""angle_bin_degrees"":4.0,""area_weight"":0.15,""bbox_padding_fraction"":0.0,""family_tolerance_degrees"":16.0,""gaussian_sigma"":1.2,""geometry_weight"":0.3,""gradient_percentile"":82.0,""maximum_area_fraction"":0.98,""maximum_corner_overshoot_fraction"":0.08,""minimum_area_fraction"":0.18,""minimum_segment_fraction"":0.16,""minimum_side_support"":0.18,""orthogonality_tolerance_degrees"":22.0,""support_weight"":0.55}",,,"{""legacy_parameter_set_id"":""c6d5d9271464"",""parameter_grid_ordinal"":null,""parameter_grid_sha256"":null,""parameter_identity_schema_version"":""1"",""parameter_identity_sha256"":""88a676e2e6515718b38d462063601a003c2c889f25cc94af0c145f5d8ba7c103"",""parameter_schema_version"":""1"",""parameter_set_equivalence_family_id"":""c6d5d9271464"",""parameter_set_equivalence_family_sha256"":""c6d5d92714641ea78856100a0a484cffe5f2fb03e7e62f3d13f91ad8ede58034"",""parameter_set_equivalence_family_size"":1,""parameter_set_id"":""c6d5d9271464"",""parameters"":{""angle_bin_degrees"":4.0,""area_weight"":0.15,""bbox_padding_fraction"":0.0,""family_tolerance_degrees"":16.0,""gaussian_sigma"":1.2,""geometry_weight"":0.3,""gradient_percentile"":82.0,""maximum_area_fraction"":0.98,""maximum_corner_overshoot_fraction"":0.08,""minimum_area_fraction"":0.18,""minimum_segment_fraction"":0.16,""minimum_side_support"":0.18,""orthogonality_tolerance_degrees"":22.0,""support_weight"":0.55},""profile"":""baseline"",""rank"":10,""reference_roles"":[""baseline""],""requested_search_member"":false,""run_id"":""run-20260902-204857"",""search_space_member"":true,""summary"":{""elapsed_ms_total"":425.582,""failure_count"":2,""mean_edge_error_px"":70.667,""mean_iou"":0.44744418,""mean_iou_success"":0.7457403,""minimum_iou"":0.0,""page_count"":5,""stddev_iou"":0.39165461,""success_count"":3,""wall_ms"":426.171}}","{""candidate"":{""authors"":null,""bbox"":null,""confidence"":0.0,""corners"":null,""detector_name"":"""",""diagnostics"":{""evidence"":""long_segment_gradient_votes_with_projective_line_intersections"",""orientation_families_degrees"":[90.0,2.0],""parameters"":{""angle_bin_degrees"":4.0,""area_weight"":0.15,""bbox_padding_fraction"":0.0,""family_tolerance_degrees"":16.0,""gaussian_sigma"":1.2,""geometry_weight"":0.3,""gradient_percentile"":82.0,""maximum_area_fraction"":0.98,""maximum_corner_overshoot_fraction"":0.08,""minimum_area_fraction"":0.18,""minimum_segment_fraction"":0.16,""minimum_side_support"":0.18,""orthogonality_tolerance_degrees"":22.0,""support_weight"":0.55},""reason"":""insufficient_projective_line_families"",""segment_count"":7},""foundation"":null,""method"":""projective_gradient_vote"",""origin"":"""",""repository"":"""",""score"":0.0,""status"":""no_candidate"",""version"":""""},""edge_error_maximum_px"":null,""edge_error_mean_px"":null,""elapsed_ms"":95.408,""global_ordinal"":5,""iou"":0.0,""label"":""damaged_partial_register_spread"",""layout_type"":""two_page_spread"",""status"":""no_candidate""}"
run-20260902-204857,c6d5d9271464,c6d5d92714641ea78856100a0a484cffe5f2fb03e7e62f3d13f91ad8ede58034,1,c6d5d9271464,88a676e2e6515718b38d462063601a003c2c889f25cc94af0c145f5d8ba7c103,1,,,baseline,10,,0,1,"[""baseline""]",{},,,,6,title_or_index_sheet,single_page,no_candidate,0.0,,,,,,,47.024,null,null,"{""angle_bin_degrees"":4.0,""area_weight"":0.15,""bbox_padding_fraction"":0.0,""family_tolerance_degrees"":16.0,""gaussian_sigma"":1.2,""geometry_weight"":0.3,""gradient_percentile"":82.0,""maximum_area_fraction"":0.98,""maximum_corner_overshoot_fraction"":0.08,""minimum_area_fraction"":0.18,""minimum_segment_fraction"":0.16,""minimum_side_support"":0.18,""orthogonality_tolerance_degrees"":22.0,""support_weight"":0.55}",,,"{""legacy_parameter_set_id"":""c6d5d9271464"",""parameter_grid_ordinal"":null,""parameter_grid_sha256"":null,""parameter_identity_schema_version"":""1"",""parameter_identity_sha256"":""88a676e2e6515718b38d462063601a003c2c889f25cc94af0c145f5d8ba7c103"",""parameter_schema_version"":""1"",""parameter_set_equivalence_family_id"":""c6d5d9271464"",""parameter_set_equivalence_family_sha256"":""c6d5d92714641ea78856100a0a484cffe5f2fb03e7e62f3d13f91ad8ede58034"",""parameter_set_equivalence_family_size"":1,""parameter_set_id"":""c6d5d9271464"",""parameters"":{""angle_bin_degrees"":4.0,""area_weight"":0.15,""bbox_padding_fraction"":0.0,""family_tolerance_degrees"":16.0,""gaussian_sigma"":1.2,""geometry_weight"":0.3,""gradient_percentile"":82.0,""maximum_area_fraction"":0.98,""maximum_corner_overshoot_fraction"":0.08,""minimum_area_fraction"":0.18,""minimum_segment_fraction"":0.16,""minimum_side_support"":0.18,""orthogonality_tolerance_degrees"":22.0,""support_weight"":0.55},""profile"":""baseline"",""rank"":10,""reference_roles"":[""baseline""],""requested_search_member"":false,""run_id"":""run-20260902-204857"",""search_space_member"":true,""summary"":{""elapsed_ms_total"":425.582,""failure_count"":2,""mean_edge_error_px"":70.667,""mean_iou"":0.44744418,""mean_iou_success"":0.7457403,""minimum_iou"":0.0,""page_count"":5,""stddev_iou"":0.39165461,""success_count"":3,""wall_ms"":426.171}}","{""candidate"":{""authors"":null,""bbox"":null,""confidence"":0.0,""corners"":null,""detector_name"":"""",""diagnostics"":{""area_fraction"":0.002587485513850787,""evidence"":""long_segment_gradient_votes_with_projective_line_intersections"",""orientation_families_degrees"":[90.0,2.0],""parameters"":{""angle_bin_degrees"":4.0,""area_weight"":0.15,""bbox_padding_fraction"":0.0,""family_tolerance_degrees"":16.0,""gaussian_sigma"":1.2,""geometry_weight"":0.3,""gradient_percentile"":82.0,""maximum_area_fraction"":0.98,""maximum_corner_overshoot_fraction"":0.08,""minimum_area_fraction"":0.18,""minimum_segment_fraction"":0.16,""minimum_side_support"":0.18,""orthogonality_tolerance_degrees"":22.0,""support_weight"":0.55},""reason"":""implausible_area"",""segment_count"":4},""foundation"":null,""method"":""projective_gradient_vote"",""origin"":"""",""repository"":"""",""score"":0.0,""status"":""no_candidate"",""version"":""""},""edge_error_maximum_px"":null,""edge_error_mean_px"":null,""elapsed_ms"":47.024,""global_ordinal"":6,""iou"":0.0,""label"":""title_or_index_sheet"",""layout_type"":""single_page"",""status"":""no_candidate""}"
run-20260902-204857,c6d5d9271464,c6d5d92714641ea78856100a0a484cffe5f2fb03e7e62f3d13f91ad8ede58034,1,c6d5d9271464,88a676e2e6515718b38d462063601a003c2c889f25cc94af0c145f5d8ba7c103,1,,,baseline,10,,0,1,"[""baseline""]",{},,,,9,clean_two_page_spread,two_page_spread,ok,0.83925051,7,6,177,2,48.0,177,87.215,"[84, 51, 1101, 941]","[77, 45, 1278, 943]","{""angle_bin_degrees"":4.0,""area_weight"":0.15,""bbox_padding_fraction"":0.0,""family_tolerance_degrees"":16.0,""gaussian_sigma"":1.2,""geometry_weight"":0.3,""gradient_percentile"":82.0,""maximum_area_fraction"":0.98,""maximum_corner_overshoot_fraction"":0.08,""minimum_area_fraction"":0.18,""minimum_segment_fraction"":0.16,""minimum_side_support"":0.18,""orthogonality_tolerance_degrees"":22.0,""support_weight"":0.55}",,,"{""legacy_parameter_set_id"":""c6d5d9271464"",""parameter_grid_ordinal"":null,""parameter_grid_sha256"":null,""parameter_identity_schema_version"":""1"",""parameter_identity_sha256"":""88a676e2e6515718b38d462063601a003c2c889f25cc94af0c145f5d8ba7c103"",""parameter_schema_version"":""1"",""parameter_set_equivalence_family_id"":""c6d5d9271464"",""parameter_set_equivalence_family_sha256"":""c6d5d92714641ea78856100a0a484cffe5f2fb03e7e62f3d13f91ad8ede58034"",""parameter_set_equivalence_family_size"":1,""parameter_set_id"":""c6d5d9271464"",""parameters"":{""angle_bin_degrees"":4.0,""area_weight"":0.15,""bbox_padding_fraction"":0.0,""family_tolerance_degrees"":16.0,""gaussian_sigma"":1.2,""geometry_weight"":0.3,""gradient_percentile"":82.0,""maximum_area_fraction"":0.98,""maximum_corner_overshoot_fraction"":0.08,""minimum_area_fraction"":0.18,""minimum_segment_fraction"":0.16,""minimum_side_support"":0.18,""orthogonality_tolerance_degrees"":22.0,""support_weight"":0.55},""profile"":""baseline"",""rank"":10,""reference_roles"":[""baseline""],""requested_search_member"":false,""run_id"":""run-20260902-204857"",""search_space_member"":true,""summary"":{""elapsed_ms_total"":425.582,""failure_count"":2,""mean_edge_error_px"":70.667,""mean_iou"":0.44744418,""mean_iou_success"":0.7457403,""minimum_iou"":0.0,""page_count"":5,""stddev_iou"":0.39165461,""success_count"":3,""wall_ms"":426.171}}","{""approved_bbox"":[84,51,1101,941],""candidate"":{""authors"":null,""bbox"":[77,45,1278,943],""confidence"":0.9383380657243056,""corners"":[[77.26133728027344,57.59391403198242],[1261.940673828125,45.67426300048828],[1277.43701171875,942.076904296875],[77.78326416015625,929.38134765625]],""detector_name"":"""",""diagnostics"":{""area_fraction"":0.8307732576300734,""evidence"":""long_segment_gradient_votes_with_projective_line_intersections"",""orientation_families_degrees"":[90.0,2.0],""parameters"":{""angle_bin_degrees"":4.0,""area_weight"":0.15,""bbox_padding_fraction"":0.0,""family_tolerance_degrees"":16.0,""gaussian_sigma"":1.2,""geometry_weight"":0.3,""gradient_percentile"":82.0,""maximum_area_fraction"":0.98,""maximum_corner_overshoot_fraction"":0.08,""minimum_area_fraction"":0.18,""minimum_segment_fraction"":0.16,""minimum_side_support"":0.18,""orthogonality_tolerance_degrees"":22.0,""support_weight"":0.55},""projective_geometry_score"":0.909090909090909,""segment_count"":16,""side_support"":[1.0,0.9937031269073486,0.9507922530174255,0.9900122880935669]},""foundation"":null,""method"":""projective_gradient_vote"",""origin"":"""",""repository"":"""",""score"":0.9383380657243056,""status"":""ok"",""version"":""""},""edge_error_maximum_px"":177,""edge_error_mean_px"":48.0,""edge_errors"":{""bottom"":2,""left"":7,""maximum"":177,""mean"":48.0,""right"":177,""top"":6},""elapsed_ms"":87.215,""global_ordinal"":9,""iou"":0.83925051,""label"":""clean_two_page_spread"",""layout_type"":""two_page_spread"",""predicted_bbox"":[77,45,1278,943],""status"":""ok""}"
run-20260902-204857,c6d5d9271464,c6d5d92714641ea78856100a0a484cffe5f2fb03e7e62f3d13f91ad8ede58034,1,c6d5d9271464,88a676e2e6515718b38d462063601a003c2c889f25cc94af0c145f5d8ba7c103,1,,,baseline,10,,0,1,"[""baseline""]",{},,,,10,clean_two_page_spread_2,two_page_spread,ok,0.4910235,10,1,532,9,138.0,532,87.647,"[88, 33, 1154, 968]","[78, 34, 622, 959]","{""angle_bin_degrees"":4.0,""area_weight"":0.15,""bbox_padding_fraction"":0.0,""family_tolerance_degrees"":16.0,""gaussian_sigma"":1.2,""geometry_weight"":0.3,""gradient_percentile"":82.0,""maximum_area_fraction"":0.98,""maximum_corner_overshoot_fraction"":0.08,""minimum_area_fraction"":0.18,""minimum_segment_fraction"":0.16,""minimum_side_support"":0.18,""orthogonality_tolerance_degrees"":22.0,""support_weight"":0.55}",,,"{""legacy_parameter_set_id"":""c6d5d9271464"",""parameter_grid_ordinal"":null,""parameter_grid_sha256"":null,""parameter_identity_schema_version"":""1"",""parameter_identity_sha256"":""88a676e2e6515718b38d462063601a003c2c889f25cc94af0c145f5d8ba7c103"",""parameter_schema_version"":""1"",""parameter_set_equivalence_family_id"":""c6d5d9271464"",""parameter_set_equivalence_family_sha256"":""c6d5d92714641ea78856100a0a484cffe5f2fb03e7e62f3d13f91ad8ede58034"",""parameter_set_equivalence_family_size"":1,""parameter_set_id"":""c6d5d9271464"",""parameters"":{""angle_bin_degrees"":4.0,""area_weight"":0.15,""bbox_padding_fraction"":0.0,""family_tolerance_degrees"":16.0,""gaussian_sigma"":1.2,""geometry_weight"":0.3,""gradient_percentile"":82.0,""maximum_area_fraction"":0.98,""maximum_corner_overshoot_fraction"":0.08,""minimum_area_fraction"":0.18,""minimum_segment_fraction"":0.16,""minimum_side_support"":0.18,""orthogonality_tolerance_degrees"":22.0,""support_weight"":0.55},""profile"":""baseline"",""rank"":10,""reference_roles"":[""baseline""],""requested_search_member"":false,""run_id"":""run-20260902-204857"",""search_space_member"":true,""summary"":{""elapsed_ms_total"":425.582,""failure_count"":2,""mean_edge_error_px"":70.667,""mean_iou"":0.44744418,""mean_iou_success"":0.7457403,""minimum_iou"":0.0,""page_count"":5,""stddev_iou"":0.39165461,""success_count"":3,""wall_ms"":426.171}}","{""approved_bbox"":[88,33,1154,968],""candidate"":{""authors"":null,""bbox"":[78,34,622,959],""confidence"":0.8618035799867418,""corners"":[[79.1539077758789,38.255123138427734],[611.9496459960938,34.43716812133789],[621.667724609375,958.6958618164062],[78.588623046875,951.5828857421875]],""detector_name"":"""",""diagnostics"":{""area_fraction"":0.39372089897572093,""evidence"":""long_segment_gradient_votes_with_projective_line_intersections"",""orientation_families_degrees"":[90.0,178.00000000000003],""parameters"":{""angle_bin_degrees"":4.0,""area_weight"":0.15,""bbox_padding_fraction"":0.0,""family_tolerance_degrees"":16.0,""gaussian_sigma"":1.2,""geometry_weight"":0.3,""gradient_percentile"":82.0,""maximum_area_fraction"":0.98,""maximum_corner_overshoot_fraction"":0.08,""minimum_area_fraction"":0.18,""minimum_segment_fraction"":0.16,""minimum_side_support"":0.18,""orthogonality_tolerance_degrees"":22.0,""support_weight"":0.55},""projective_geometry_score"":0.9090909090909101,""segment_count"":15,""side_support"":[0.9356620907783508,0.9658136963844299,0.994644045829773,0.9585577845573425]},""foundation"":null,""method"":""projective_gradient_vote"",""origin"":"""",""repository"":"""",""score"":0.8618035799867418,""status"":""ok"",""version"":""""},""edge_error_maximum_px"":532,""edge_error_mean_px"":138.0,""edge_errors"":{""bottom"":9,""left"":10,""maximum"":532,""mean"":138.0,""right"":532,""top"":1},""elapsed_ms"":87.647,""global_ordinal"":10,""iou"":0.4910235,""label"":""clean_two_page_spread_2"",""layout_type"":""two_page_spread"",""predicted_bbox"":[78,34,622,959],""status"":""ok""}"
