global_ordinal,source_docx,source_ordinal,extracted_file,sha256,source_repository,source_commit,pipeline_repository,pipeline_commit,width_px,height_px,analysis_scale,exif_orientation_applied,estimated_orientation_degrees,estimated_skew_degrees,skew_confidence,content_left_px,content_top_px,content_right_px,content_bottom_px,content_width_px,content_height_px,margin_left_px,margin_top_px,margin_right_px,margin_bottom_px,brightness_mean,contrast_stddev,dynamic_range_p05_p95,sharpness_score,entropy_bits,dark_pixel_fraction,light_pixel_fraction,background_uniformity_score,bleed_through_proxy,content_fraction,border_contact,likely_blank,likely_low_contrast,likely_blurry,likely_overexposed,likely_underexposed,quality_score,quality_status,review_reasons,analysis_error
1,Baptisms_San_Antonio_Baptism_Records_1788-1824_1858-1898.docx,1,raw/fs_0001.png,b8d22ed13dc2682ee4a8811af502348ac3d27d1efaa027142c5e23de02fefaea,dlstupka/hth-baptisms-san-antonio-1788-1824--1858-1898,61efff529fb7330a92f8d423c40c45bc60bb841c,dlstupka/hth,61efff529fb7330a92f8d423c40c45bc60bb841c,2059,731,0.874211,False,0,-0.25,0.0,0,0,0,0,0,0,0,0,2059,731,8.195,35.066,61.0,627.952,1.0046,0.952706,0.0,0.671,0.24,0.0,False,False,False,False,False,True,0.475,review,possible_underexposure;very_small_content_region,
2,Baptisms_San_Antonio_Baptism_Records_1788-1824_1858-1898.docx,2,raw/fs_0002.png,07b4ac631a0e5ca7f4b7862f73750096e267fe3c23c767fcfa513fcd7cbba3a7,dlstupka/hth-baptisms-san-antonio-1788-1824--1858-1898,61efff529fb7330a92f8d423c40c45bc60bb841c,dlstupka/hth,61efff529fb7330a92f8d423c40c45bc60bb841c,1786,1361,1.0,False,0,-0.0,1.0,0,0,0,0,0,0,0,0,1786,1361,56.397,94.131,221.0,576.5,1.6266,0.737532,0.0,0.168,0.131,0.0,False,False,False,False,False,True,0.631,review,possible_underexposure;very_small_content_region,
3,Baptisms_San_Antonio_Baptism_Records_1788-1824_1858-1898.docx,3,raw/fs_0003.png,72bb9d584eafbe1076f42d37a5d41d1c2d26f89423a5cd4d819af893818e03d9,dlstupka/hth-baptisms-san-antonio-1788-1824--1858-1898,61efff529fb7330a92f8d423c40c45bc60bb841c,dlstupka/hth,61efff529fb7330a92f8d423c40c45bc60bb841c,1786,1361,1.0,False,0,-0.25,0.0,0,0,0,0,0,0,0,0,1786,1361,168.059,71.673,221.0,800.313,4.2855,0.150369,2e-06,0.149,0.225,0.0,False,False,False,False,False,False,0.795,review,very_small_content_region,
4,Baptisms_San_Antonio_Baptism_Records_1788-1824_1858-1898.docx,4,raw/fs_0004.png,c8bf8b1234db5556a43c5d345770b917ffb0c70c44eeccd62593a3047792ce9a,dlstupka/hth-baptisms-san-antonio-1788-1824--1858-1898,61efff529fb7330a92f8d423c40c45bc60bb841c,dlstupka/hth,61efff529fb7330a92f8d423c40c45bc60bb841c,1786,1361,1.0,False,0,-0.25,0.004,0,0,0,0,0,0,0,0,1786,1361,98.068,106.322,221.0,991.663,2.1095,0.538946,0.0,0.016,0.145,0.0,False,False,False,False,False,False,0.692,review,very_small_content_region,
5,Baptisms_San_Antonio_Baptism_Records_1788-1824_1858-1898.docx,5,raw/fs_0005.png,99caee338a22ea59129066c4047d1136197b8f2129e3508d7bef65bfb72241ee,dlstupka/hth-baptisms-san-antonio-1788-1824--1858-1898,61efff529fb7330a92f8d423c40c45bc60bb841c,dlstupka/hth,61efff529fb7330a92f8d423c40c45bc60bb841c,1786,1361,1.0,False,0,-0.25,0.001,157,84,1688,1297,1531,1213,157,84,98,64,173.132,43.367,142.0,1698.82,6.5158,0.059591,1.2e-05,0.048,0.472,0.764005,False,False,False,False,False,False,0.899,pass,,
6,Baptisms_San_Antonio_Baptism_Records_1788-1824_1858-1898.docx,6,raw/fs_0006.png,4fea1521e01caa61f012b05954d255ce3355b0361af1be13cd7b13cc6f0214ad,dlstupka/hth-baptisms-san-antonio-1788-1824--1858-1898,61efff529fb7330a92f8d423c40c45bc60bb841c,dlstupka/hth,61efff529fb7330a92f8d423c40c45bc60bb841c,1684,1264,1.0,False,0,-0.25,0.271,0,0,0,0,0,0,0,0,1684,1264,169.306,55.565,210.0,1164.232,6.4294,0.089947,0.0,0.0,0.518,0.0,False,False,False,False,False,False,0.775,review,very_small_content_region,
7,Baptisms_San_Antonio_Baptism_Records_1788-1824_1858-1898.docx,7,raw/fs_0007.png,05ffd0c93b743942bd8ed6c17bd7f34df91be9de3d430912c693f1e1bf5cf9bf,dlstupka/hth-baptisms-san-antonio-1788-1824--1858-1898,61efff529fb7330a92f8d423c40c45bc60bb841c,dlstupka/hth,61efff529fb7330a92f8d423c40c45bc60bb841c,1681,1262,1.0,False,0,0.25,0.027,0,0,0,0,0,0,0,0,1681,1262,164.075,56.679,210.0,2207.506,6.7052,0.097737,0.0,0.0,0.681,0.0,False,False,False,False,False,False,0.773,review,very_small_content_region,
8,Baptisms_San_Antonio_Baptism_Records_1788-1824_1858-1898.docx,8,raw/fs_0008.png,942aace76dc216e6e55a068d4a99292385175aa75c08367f9ef34d1f5bc4196b,dlstupka/hth-baptisms-san-antonio-1788-1824--1858-1898,61efff529fb7330a92f8d423c40c45bc60bb841c,dlstupka/hth,61efff529fb7330a92f8d423c40c45bc60bb841c,1786,1361,1.0,False,0,0.25,0.077,0,0,0,0,0,0,0,0,1786,1361,148.969,70.802,209.0,2020.696,6.4311,0.178377,1e-06,0.481,0.628,0.0,False,False,False,False,False,False,0.767,review,very_small_content_region,
9,Baptisms_San_Antonio_Baptism_Records_1788-1824_1858-1898.docx,9,raw/fs_0009.png,428f800a1deaa93f7a1ea6b82081496a3f10222a66c56a28983c7a32fbade4ac,dlstupka/hth-baptisms-san-antonio-1788-1824--1858-1898,61efff529fb7330a92f8d423c40c45bc60bb841c,dlstupka/hth,61efff529fb7330a92f8d423c40c45bc60bb841c,1786,1361,1.0,False,0,0.25,0.12,90,80,1694,1280,1604,1200,90,80,92,81,167.71,50.797,175.0,2642.949,6.7338,0.078424,2e-06,0.0,0.677,0.791856,False,False,False,False,False,False,0.929,pass,,
10,Baptisms_San_Antonio_Baptism_Records_1788-1824_1858-1898.docx,10,raw/fs_0010.png,18cbb5db7ae3a77416eb3ec4906eeaceb3dcf598a3e23385769e87f0165bd685,dlstupka/hth-baptisms-san-antonio-1788-1824--1858-1898,61efff529fb7330a92f8d423c40c45bc60bb841c,dlstupka/hth,61efff529fb7330a92f8d423c40c45bc60bb841c,1786,1361,1.0,False,0,-0.25,0.111,83,70,1698,1280,1615,1210,83,70,88,81,170.065,50.856,174.0,2554.061,6.682,0.076477,5e-06,0.0,0.673,0.80393,False,False,False,False,False,False,0.932,pass,,
11,Baptisms_San_Antonio_Baptism_Records_1788-1824_1858-1898.docx,11,raw/fs_0011.png,60648cc51ef58a1d529eaac716a87b3f687c172905467262bf37f7ce5e4f3d69,dlstupka/hth-baptisms-san-antonio-1788-1824--1858-1898,61efff529fb7330a92f8d423c40c45bc60bb841c,dlstupka/hth,61efff529fb7330a92f8d423c40c45bc60bb841c,1786,1361,1.0,False,0,-0.25,0.073,0,0,0,0,0,0,0,0,1786,1361,143.671,79.176,215.0,2183.625,6.1301,0.227909,2e-06,0.0,0.599,0.0,False,False,False,False,False,False,0.759,review,very_small_content_region,
12,Baptisms_San_Antonio_Baptism_Records_1788-1824_1858-1898.docx,12,raw/fs_0012.png,287f6aa4081451b28e02ea7b27f829af937f206a340136266c247aa3e20922bd,dlstupka/hth-baptisms-san-antonio-1788-1824--1858-1898,61efff529fb7330a92f8d423c40c45bc60bb841c,dlstupka/hth,61efff529fb7330a92f8d423c40c45bc60bb841c,1786,1361,1.0,False,0,-0.25,0.007,0,0,0,0,0,0,0,0,1786,1361,132.371,81.971,210.0,4225.754,6.438,0.295016,3.3e-05,0.012,0.545,0.0,False,False,False,False,False,False,0.743,review,very_small_content_region,
13,Baptisms_San_Antonio_Baptism_Records_1788-1824_1858-1898.docx,13,raw/fs_0013.png,750f4cdcaf746518c4fc8bbbe8d573d5ba2ff9f26d56360eb666506da6e6c096,dlstupka/hth-baptisms-san-antonio-1788-1824--1858-1898,61efff529fb7330a92f8d423c40c45bc60bb841c,dlstupka/hth,61efff529fb7330a92f8d423c40c45bc60bb841c,1786,1361,1.0,False,0,-0.25,0.301,66,57,1718,1300,1652,1243,66,57,68,61,168.895,55.38,193.0,2884.449,6.7769,0.098496,3e-06,0.0,0.675,0.844776,False,False,False,False,False,False,0.953,pass,,
14,Baptisms_San_Antonio_Baptism_Records_1788-1824_1858-1898.docx,14,raw/fs_0014.png,e01e7e8cd8f0f6c36b6881eff7a8f0f58ec5963e88b75ebb0ef5c2251d5cb3f3,dlstupka/hth-baptisms-san-antonio-1788-1824--1858-1898,61efff529fb7330a92f8d423c40c45bc60bb841c,dlstupka/hth,61efff529fb7330a92f8d423c40c45bc60bb841c,1786,1361,1.0,False,0,-0.25,0.054,91,42,1730,1286,1639,1244,91,42,56,75,175.686,44.815,140.0,2459.946,6.641,0.056452,3e-06,0.0,0.666,0.838803,False,False,False,False,False,False,0.91,pass,,
15,Baptisms_San_Antonio_Baptism_Records_1788-1824_1858-1898.docx,15,raw/fs_0015.png,903a994484c71a92b510b6949b5888d70e40b0085e760da483d6819e2160c79d,dlstupka/hth-baptisms-san-antonio-1788-1824--1858-1898,61efff529fb7330a92f8d423c40c45bc60bb841c,dlstupka/hth,61efff529fb7330a92f8d423c40c45bc60bb841c,1786,1361,1.0,False,0,0.25,0.023,53,56,1733,1311,1680,1255,53,56,53,50,166.306,53.702,189.0,3390.93,6.7402,0.09929,8e-06,0.0,0.673,0.867388,False,False,False,False,False,False,0.941,pass,,
16,Baptisms_San_Antonio_Baptism_Records_1788-1824_1858-1898.docx,16,raw/fs_0016.png,1a25dda214e6a2e3e1403b860d2f397feeca500a34a42fbaf1c52ddcb6184e7a,dlstupka/hth-baptisms-san-antonio-1788-1824--1858-1898,61efff529fb7330a92f8d423c40c45bc60bb841c,dlstupka/hth,61efff529fb7330a92f8d423c40c45bc60bb841c,1786,1361,1.0,False,0,0.25,0.009,0,0,0,0,0,0,0,0,1786,1361,147.756,72.907,208.0,2477.654,6.378,0.197405,2e-06,0.472,0.632,0.0,False,False,False,False,False,False,0.765,review,very_small_content_region,
17,Baptisms_San_Antonio_Baptism_Records_1788-1824_1858-1898.docx,17,raw/fs_0017.png,054205bc2351f4262300776876ac6312cfe925c9f35d2644e5bfb810b39722c0,dlstupka/hth-baptisms-san-antonio-1788-1824--1858-1898,61efff529fb7330a92f8d423c40c45bc60bb841c,dlstupka/hth,61efff529fb7330a92f8d423c40c45bc60bb841c,1786,1361,1.0,False,0,-0.25,0.011,0,0,0,0,0,0,0,0,1786,1361,163.685,57.408,207.0,3315.627,6.6612,0.112834,1e-06,0.0,0.661,0.0,False,False,False,False,False,False,0.776,review,very_small_content_region,
18,Baptisms_San_Antonio_Baptism_Records_1788-1824_1858-1898.docx,18,raw/fs_0018.png,85bb417da63b607514d70e46472a3782f00223ababf35d16b84d2f6090856f56,dlstupka/hth-baptisms-san-antonio-1788-1824--1858-1898,61efff529fb7330a92f8d423c40c45bc60bb841c,dlstupka/hth,61efff529fb7330a92f8d423c40c45bc60bb841c,1786,1361,1.0,False,0,0.25,0.024,0,0,0,0,0,0,0,0,1786,1361,155.562,71.997,210.0,1422.833,6.1201,0.17229,5e-06,0.464,0.584,0.0,False,False,False,False,False,False,0.777,review,very_small_content_region,
19,Baptisms_San_Antonio_Baptism_Records_1788-1824_1858-1898.docx,19,raw/fs_0019.png,8bc8743a009057694e295d84822d97cd28c0d1c91bd21feb421318b9ac05d2f4,dlstupka/hth-baptisms-san-antonio-1788-1824--1858-1898,61efff529fb7330a92f8d423c40c45bc60bb841c,dlstupka/hth,61efff529fb7330a92f8d423c40c45bc60bb841c,1786,1361,1.0,False,0,-0.25,0.003,115,84,1690,1309,1575,1225,115,84,96,52,174.221,45.366,144.0,2728.709,6.4924,0.061699,9e-06,0.0,0.667,0.793738,False,False,False,False,False,False,0.911,pass,,
20,Baptisms_San_Antonio_Baptism_Records_1788-1824_1858-1898.docx,20,raw/fs_0020.png,9c8d3271e415569eb73aef4500b69f4da3f56b0650035e523c67dfe4cc63d46b,dlstupka/hth-baptisms-san-antonio-1788-1824--1858-1898,61efff529fb7330a92f8d423c40c45bc60bb841c,dlstupka/hth,61efff529fb7330a92f8d423c40c45bc60bb841c,1786,1361,1.0,False,0,-0.25,0.041,106,71,1689,1310,1583,1239,106,71,97,51,173.389,46.853,151.0,2661.022,6.5074,0.066488,3e-06,0.0,0.665,0.806887,False,False,False,False,False,False,0.917,pass,,
21,Baptisms_San_Antonio_Baptism_Records_1788-1824_1858-1898.docx,21,raw/fs_0021.png,1912a71d38e7cef47db5e4af37d297069967ee7d037f05119955683010d3879e,dlstupka/hth-baptisms-san-antonio-1788-1824--1858-1898,61efff529fb7330a92f8d423c40c45bc60bb841c,dlstupka/hth,61efff529fb7330a92f8d423c40c45bc60bb841c,1786,1361,1.0,False,0,-0.25,0.009,0,0,0,0,0,0,0,0,1786,1361,162.222,62.473,209.0,2841.651,6.4458,0.130539,0.0,0.0,0.628,0.0,False,False,False,False,False,False,0.787,review,very_small_content_region,
22,Baptisms_San_Antonio_Baptism_Records_1788-1824_1858-1898.docx,22,raw/fs_0022.png,c07eafc1c9faf9b75189ab730c9a4fc303568584d6826b39c492d7c2f0fa167e,dlstupka/hth-baptisms-san-antonio-1788-1824--1858-1898,61efff529fb7330a92f8d423c40c45bc60bb841c,dlstupka/hth,61efff529fb7330a92f8d423c40c45bc60bb841c,1692,1258,1.0,False,0,0.25,0.047,0,0,0,0,0,0,0,0,1692,1258,168.168,55.129,207.0,2611.725,6.658,0.092278,4e-06,0.0,0.652,0.0,False,False,False,False,False,False,0.771,review,very_small_content_region,
23,Baptisms_San_Antonio_Baptism_Records_1788-1824_1858-1898.docx,23,raw/fs_0023.png,29cd291663f3290b367731efa609abef7c40f2019147b1ed2a48c3b5852b19a9,dlstupka/hth-baptisms-san-antonio-1788-1824--1858-1898,61efff529fb7330a92f8d423c40c45bc60bb841c,dlstupka/hth,61efff529fb7330a92f8d423c40c45bc60bb841c,1786,1361,1.0,False,0,-0.25,0.0,0,0,0,0,0,0,0,0,1786,1361,145.568,64.118,194.0,1998.23,6.263,0.171402,0.0,0.32,0.541,0.0,False,False,False,False,False,False,0.762,review,very_small_content_region,
24,Baptisms_San_Antonio_Baptism_Records_1788-1824_1858-1898.docx,24,raw/fs_0024.png,41b08db6d41e5c848cca9a464ec01e751c375c9e83ce1039343655213c1c9874,dlstupka/hth-baptisms-san-antonio-1788-1824--1858-1898,61efff529fb7330a92f8d423c40c45bc60bb841c,dlstupka/hth,61efff529fb7330a92f8d423c40c45bc60bb841c,1786,1361,1.0,False,0,-0.25,0.002,298,89,1688,1316,1390,1227,298,89,98,45,181.444,29.326,80.0,1358.345,6.0731,0.019637,2e-06,0.617,0.564,0.701649,False,False,False,False,False,False,0.841,pass,,
25,Baptisms_San_Antonio_Baptism_Records_1788-1824_1858-1898.docx,25,raw/fs_0025.png,4dfc6bfa8b1e31ea080f5353953e7cea3c9c73080e9d6c6d602fff2921388b81,dlstupka/hth-baptisms-san-antonio-1788-1824--1858-1898,61efff529fb7330a92f8d423c40c45bc60bb841c,dlstupka/hth,61efff529fb7330a92f8d423c40c45bc60bb841c,1786,1361,1.0,False,0,0.25,0.202,95,76,1672,1285,1577,1209,95,76,114,76,176.771,34.956,100.0,1798.208,6.4001,0.031631,3e-06,0.073,0.623,0.784365,False,False,False,False,False,False,0.863,pass,,
26,Baptisms_San_Antonio_Baptism_Records_1788-1824_1858-1898.docx,26,raw/fs_0026.png,cf9466a94f25677ca31300d45cef39c1a86dca551e7e19296adda6e589f9a71f,dlstupka/hth-baptisms-san-antonio-1788-1824--1858-1898,61efff529fb7330a92f8d423c40c45bc60bb841c,dlstupka/hth,61efff529fb7330a92f8d423c40c45bc60bb841c,1677,1261,1.0,False,0,-0.25,0.016,0,0,0,0,0,0,0,0,1677,1261,164.347,57.363,206.0,2311.949,6.4497,0.109196,0.0,0.0,0.631,0.0,False,False,False,False,False,False,0.777,review,very_small_content_region,
27,Baptisms_San_Antonio_Baptism_Records_1788-1824_1858-1898.docx,27,raw/fs_0027.png,b0b84cbb3187458b897a720a205b320a7c58c6ca87101af3a91cb69e17a90513,dlstupka/hth-baptisms-san-antonio-1788-1824--1858-1898,61efff529fb7330a92f8d423c40c45bc60bb841c,dlstupka/hth,61efff529fb7330a92f8d423c40c45bc60bb841c,1786,1361,1.0,False,0,-0.25,0.015,442,42,1712,1275,1270,1233,442,42,74,86,188.023,23.134,67.0,1342.183,5.8457,0.006881,2e-06,0.643,0.525,0.64421,False,False,False,False,False,False,0.811,pass,,
28,Baptisms_San_Antonio_Baptism_Records_1788-1824_1858-1898.docx,28,raw/fs_0028.png,0bff8e06f1284fe42d9a354ce73333d5a00557addeff3189723a738ab4d5cb4e,dlstupka/hth-baptisms-san-antonio-1788-1824--1858-1898,61efff529fb7330a92f8d423c40c45bc60bb841c,dlstupka/hth,61efff529fb7330a92f8d423c40c45bc60bb841c,1786,1361,1.0,False,0,0.25,0.002,0,0,0,0,0,0,0,0,1786,1361,150.075,68.394,203.0,1403.159,6.226,0.169218,0.0,0.346,0.575,0.0,False,False,False,False,False,False,0.769,review,very_small_content_region,
29,Baptisms_San_Antonio_Baptism_Records_1788-1824_1858-1898.docx,29,raw/fs_0029.png,f2374c841a0a449eb833f0ef7702cfbe81d41c6c0706c4bec2be43350ab581e6,dlstupka/hth-baptisms-san-antonio-1788-1824--1858-1898,61efff529fb7330a92f8d423c40c45bc60bb841c,dlstupka/hth,61efff529fb7330a92f8d423c40c45bc60bb841c,1786,1361,1.0,False,0,-0.25,0.001,0,0,0,0,0,0,0,0,1786,1361,144.322,66.726,201.0,3264.027,6.6528,0.193163,1e-06,0.0,0.621,0.0,False,False,False,False,False,False,0.76,review,very_small_content_region,
30,Baptisms_San_Antonio_Baptism_Records_1788-1824_1858-1898.docx,30,raw/fs_0030.png,2d6a7f8f230c27587092b54d6f125048f0fe81277e792131323bf9d1d92d2e29,dlstupka/hth-baptisms-san-antonio-1788-1824--1858-1898,61efff529fb7330a92f8d423c40c45bc60bb841c,dlstupka/hth,61efff529fb7330a92f8d423c40c45bc60bb841c,1786,1361,1.0,False,0,0.25,0.0,50,64,1716,1309,1666,1245,50,64,70,52,148.862,57.768,192.0,4377.548,6.9714,0.155942,0.0,0.0,0.642,0.853306,False,False,False,False,False,False,0.936,pass,,
31,Baptisms_San_Antonio_Baptism_Records_1788-1824_1858-1898.docx,31,raw/fs_0031.png,13a515b394bca0d2d7f053fa164f3f9ddb987442e831079276ea0edb82ce398b,dlstupka/hth-baptisms-san-antonio-1788-1824--1858-1898,61efff529fb7330a92f8d423c40c45bc60bb841c,dlstupka/hth,61efff529fb7330a92f8d423c40c45bc60bb841c,1786,1361,1.0,False,0,-0.25,0.005,433,69,1731,1315,1298,1246,433,69,55,46,160.849,52.246,172.0,4488.439,6.8272,0.117638,1e-06,0.017,0.632,0.665355,False,False,False,False,False,False,0.926,pass,,
32,Baptisms_San_Antonio_Baptism_Records_1788-1824_1858-1898.docx,32,raw/fs_0032.png,db2582d55937853511bfc9337c296e57ef5919e9177c47b20e1aedae35e57dad,dlstupka/hth-baptisms-san-antonio-1788-1824--1858-1898,61efff529fb7330a92f8d423c40c45bc60bb841c,dlstupka/hth,61efff529fb7330a92f8d423c40c45bc60bb841c,1786,1361,1.0,False,0,0.25,0.002,405,61,1717,1310,1312,1249,405,61,69,51,165.443,45.54,148.0,3489.701,6.7182,0.08212,0.0,0.075,0.651,0.67415,False,False,False,False,False,False,0.899,pass,,
33,Baptisms_San_Antonio_Baptism_Records_1788-1824_1858-1898.docx,33,raw/fs_0033.png,14102d8bb58359ce914f6ee2c363e4b6de4289244eb775280d70b090bf1f98ee,dlstupka/hth-baptisms-san-antonio-1788-1824--1858-1898,61efff529fb7330a92f8d423c40c45bc60bb841c,dlstupka/hth,61efff529fb7330a92f8d423c40c45bc60bb841c,1786,1361,1.0,False,0,0.25,0.006,61,52,1701,1308,1640,1256,61,52,85,53,159.452,46.891,154.0,3400.444,6.9298,0.087314,2e-06,0.0,0.672,0.847411,False,False,False,False,False,False,0.897,pass,,
34,Baptisms_San_Antonio_Baptism_Records_1788-1824_1858-1898.docx,34,raw/fs_0034.png,6957ffb18ff59cbcf8aac920f863adf798fd318d5aa6bbfedf3e197d3b000489,dlstupka/hth-baptisms-san-antonio-1788-1824--1858-1898,61efff529fb7330a92f8d423c40c45bc60bb841c,dlstupka/hth,61efff529fb7330a92f8d423c40c45bc60bb841c,1786,1361,1.0,False,0,0.25,0.0,103,82,1690,1316,1587,1234,103,82,96,45,157.133,51.643,178.0,4095.911,6.8188,0.111629,4e-06,0.0,0.695,0.805661,False,False,False,False,False,False,0.917,pass,,
35,Baptisms_San_Antonio_Baptism_Records_1788-1824_1858-1898.docx,35,raw/fs_0035.png,2f9aab8ae088eb9e15523ea1b4d86c960d0d4d6ee4f039bd0540d6b5b6caaa16,dlstupka/hth-baptisms-san-antonio-1788-1824--1858-1898,61efff529fb7330a92f8d423c40c45bc60bb841c,dlstupka/hth,61efff529fb7330a92f8d423c40c45bc60bb841c,1786,1361,1.0,False,0,-0.25,0.003,54,59,1703,1302,1649,1243,54,59,83,59,157.616,52.574,179.0,3774.191,6.8752,0.117684,2e-06,0.0,0.667,0.843242,False,False,False,False,False,False,0.923,pass,,
36,Baptisms_San_Antonio_Baptism_Records_1788-1824_1858-1898.docx,36,raw/fs_0036.png,8fab2da3e3f98e1425f3d1524d80ef212abce8e30340aa1e33c578a7bd4e11c3,dlstupka/hth-baptisms-san-antonio-1788-1824--1858-1898,61efff529fb7330a92f8d423c40c45bc60bb841c,dlstupka/hth,61efff529fb7330a92f8d423c40c45bc60bb841c,1786,1361,1.0,False,0,0.25,0.001,0,0,0,0,0,0,0,0,1786,1361,139.925,69.434,200.0,3103.689,6.6155,0.214385,0.0,0.411,0.636,0.0,False,False,False,False,False,False,0.754,review,very_small_content_region,
37,Baptisms_San_Antonio_Baptism_Records_1788-1824_1858-1898.docx,37,raw/fs_0037.png,9a39d7f1f9d77dfd851e8b401338dda7d61a245980912f3bf2a23c9995b07167,dlstupka/hth-baptisms-san-antonio-1788-1824--1858-1898,61efff529fb7330a92f8d423c40c45bc60bb841c,dlstupka/hth,61efff529fb7330a92f8d423c40c45bc60bb841c,1786,1361,1.0,False,0,-0.25,0.0,0,0,0,0,0,0,0,0,1786,1361,148.6,61.191,199.0,4006.194,6.7541,0.162323,0.0,0.0,0.658,0.0,False,False,False,False,False,False,0.767,review,very_small_content_region,
38,Baptisms_San_Antonio_Baptism_Records_1788-1824_1858-1898.docx,38,raw/fs_0038.png,2448b99126486c5c0427d2c56540684f55e5cd689169277fd4f4d68864bfa9cd,dlstupka/hth-baptisms-san-antonio-1788-1824--1858-1898,61efff529fb7330a92f8d423c40c45bc60bb841c,dlstupka/hth,61efff529fb7330a92f8d423c40c45bc60bb841c,1786,1361,1.0,False,0,0.25,0.001,0,0,0,0,0,0,0,0,1786,1361,139.816,69.463,201.0,3377.382,6.5884,0.214137,0.0,0.456,0.656,0.0,False,False,False,False,False,False,0.754,review,very_small_content_region,
39,Baptisms_San_Antonio_Baptism_Records_1788-1824_1858-1898.docx,39,raw/fs_0039.png,f7e66b820ebf5891d8974587fa8023d1177b655ae60f9013b2d289c1ced16651,dlstupka/hth-baptisms-san-antonio-1788-1824--1858-1898,61efff529fb7330a92f8d423c40c45bc60bb841c,dlstupka/hth,61efff529fb7330a92f8d423c40c45bc60bb841c,1786,1361,1.0,False,0,-0.25,0.004,906,47,1506,1279,600,1232,906,47,280,82,166.572,51.532,176.0,3983.218,6.502,0.105313,0.0,0.252,0.633,0.304104,False,False,False,False,False,False,0.931,pass,,
40,Baptisms_San_Antonio_Baptism_Records_1788-1824_1858-1898.docx,40,raw/fs_0040.png,24cbfb0dbcd46660b2975e892ea478fb75ce1f45c85adab45a634ecf22b7740c,dlstupka/hth-baptisms-san-antonio-1788-1824--1858-1898,61efff529fb7330a92f8d423c40c45bc60bb841c,dlstupka/hth,61efff529fb7330a92f8d423c40c45bc60bb841c,1786,1361,1.0,False,0,-0.25,0.0,0,0,0,0,0,0,0,0,1786,1361,146.282,66.489,201.0,3042.463,6.5442,0.182896,6e-06,0.403,0.645,0.0,False,False,False,False,False,False,0.763,review,very_small_content_region,
41,Baptisms_San_Antonio_Baptism_Records_1788-1824_1858-1898.docx,41,raw/fs_0041.png,4c58821d00cc279ef306e935c6fc7d78a239dda0d4984b4fe1393182720628a0,dlstupka/hth-baptisms-san-antonio-1788-1824--1858-1898,61efff529fb7330a92f8d423c40c45bc60bb841c,dlstupka/hth,61efff529fb7330a92f8d423c40c45bc60bb841c,1734,1278,1.0,False,0,0.25,0.001,0,0,0,0,0,0,0,0,1734,1278,147.407,60.077,198.0,3353.7,6.7005,0.159345,1e-06,0.0,0.667,0.0,False,False,False,False,False,False,0.765,review,very_small_content_region,
42,Baptisms_San_Antonio_Baptism_Records_1788-1824_1858-1898.docx,42,raw/fs_0042.png,87487b4c112f0f83ec1f4fc5454b1c176555e1bda0ec30eaa59271ac40a2d03e,dlstupka/hth-baptisms-san-antonio-1788-1824--1858-1898,61efff529fb7330a92f8d423c40c45bc60bb841c,dlstupka/hth,61efff529fb7330a92f8d423c40c45bc60bb841c,1786,1361,1.0,False,0,-0.25,0.0,0,0,0,0,0,0,0,0,1786,1361,133.861,66.543,194.0,3648.922,6.7199,0.220499,0.0,0.187,0.644,0.0,False,False,False,False,False,False,0.745,review,very_small_content_region,
43,Baptisms_San_Antonio_Baptism_Records_1788-1824_1858-1898.docx,43,raw/fs_0043.png,d9c6ca1641dc2a6481fb0dcb1e8cd7c969686f74874403cf5c9306c6b9fd5e69,dlstupka/hth-baptisms-san-antonio-1788-1824--1858-1898,61efff529fb7330a92f8d423c40c45bc60bb841c,dlstupka/hth,61efff529fb7330a92f8d423c40c45bc60bb841c,1786,1361,1.0,False,0,-0.25,0.0,0,0,0,0,0,0,0,0,1786,1361,147.47,60.486,198.0,4044.489,6.7079,0.163258,0.0,0.0,0.64,0.0,False,False,False,False,False,False,0.765,review,very_small_content_region,
44,Baptisms_San_Antonio_Baptism_Records_1788-1824_1858-1898.docx,44,raw/fs_0044.png,33a2848f34d328a947542cb39570f811c826def199ccff0e96e99991148881b4,dlstupka/hth-baptisms-san-antonio-1788-1824--1858-1898,61efff529fb7330a92f8d423c40c45bc60bb841c,dlstupka/hth,61efff529fb7330a92f8d423c40c45bc60bb841c,1786,1361,1.0,False,0,-0.25,0.0,0,0,0,0,0,0,0,0,1786,1361,135.977,71.888,199.0,3814.524,6.4888,0.23434,2e-06,0.441,0.636,0.0,False,False,False,False,False,False,0.748,review,very_small_content_region,
45,Baptisms_San_Antonio_Baptism_Records_1788-1824_1858-1898.docx,45,raw/fs_0045.png,d3f2cd3daabe35c736f47bd110aa6bd7fbacecfb7a3c4701901b91da5456da78,dlstupka/hth-baptisms-san-antonio-1788-1824--1858-1898,61efff529fb7330a92f8d423c40c45bc60bb841c,dlstupka/hth,61efff529fb7330a92f8d423c40c45bc60bb841c,1786,1361,1.0,False,0,-0.25,0.0,0,0,0,0,0,0,0,0,1786,1361,145.351,64.356,198.0,4183.195,6.6031,0.182954,0.0,0.0,0.672,0.0,False,False,False,False,False,False,0.762,review,very_small_content_region,
46,Baptisms_San_Antonio_Baptism_Records_1788-1824_1858-1898.docx,46,raw/fs_0046.png,b6a074a308053e4a339591fe56fa2970482925e227bfcd52f1d46c996ea1b509,dlstupka/hth-baptisms-san-antonio-1788-1824--1858-1898,61efff529fb7330a92f8d423c40c45bc60bb841c,dlstupka/hth,61efff529fb7330a92f8d423c40c45bc60bb841c,1712,1263,1.0,False,0,-0.25,0.0,0,0,0,0,0,0,0,0,1712,1263,140.967,62.695,195.0,3454.379,6.8399,0.186496,2e-06,0.0,0.656,0.0,False,False,False,False,False,False,0.755,review,very_small_content_region,
47,Baptisms_San_Antonio_Baptism_Records_1788-1824_1858-1898.docx,47,raw/fs_0047.png,e921684700f74d74932949acc3c6e9baeaa5d70b247a4ec2de05269d1f9ffd0f,dlstupka/hth-baptisms-san-antonio-1788-1824--1858-1898,61efff529fb7330a92f8d423c40c45bc60bb841c,dlstupka/hth,61efff529fb7330a92f8d423c40c45bc60bb841c,1786,1361,1.0,False,0,-0.25,0.002,966,93,1717,1052,751,959,966,93,69,309,182.491,30.021,89.0,1755.93,6.0241,0.020926,1e-06,0.475,0.638,0.296291,False,False,False,False,False,False,0.846,pass,,
48,Baptisms_San_Antonio_Baptism_Records_1788-1824_1858-1898.docx,48,raw/fs_0048.png,01d612f916c9e729df9dc605b0cb3eb849f952911de4f20df09c9c2a11a2b213,dlstupka/hth-baptisms-san-antonio-1788-1824--1858-1898,61efff529fb7330a92f8d423c40c45bc60bb841c,dlstupka/hth,61efff529fb7330a92f8d423c40c45bc60bb841c,1786,1361,1.0,False,0,-0.25,0.001,0,0,0,0,0,0,0,0,1786,1361,142.12,69.422,199.0,3223.693,6.4927,0.210493,2e-06,0.335,0.654,0.0,False,False,False,False,False,False,0.757,review,very_small_content_region,
49,Baptisms_San_Antonio_Baptism_Records_1788-1824_1858-1898.docx,49,raw/fs_0049.png,735bd06507c4a518b8405a9703ea9396db159cc6ef6e85dc020f744194e427e9,dlstupka/hth-baptisms-san-antonio-1788-1824--1858-1898,61efff529fb7330a92f8d423c40c45bc60bb841c,dlstupka/hth,61efff529fb7330a92f8d423c40c45bc60bb841c,1786,1361,1.0,False,0,0.25,0.001,0,0,0,0,0,0,0,0,1786,1361,147.626,66.785,202.0,2728.554,6.4862,0.174323,0.0,0.382,0.648,0.0,False,False,False,False,False,False,0.765,review,very_small_content_region,
50,Baptisms_San_Antonio_Baptism_Records_1788-1824_1858-1898.docx,50,raw/fs_0050.png,3922ad28a7677f8026a221bb6b95ceb2e677a7ea4c3b00f1657af26a68074aa1,dlstupka/hth-baptisms-san-antonio-1788-1824--1858-1898,61efff529fb7330a92f8d423c40c45bc60bb841c,dlstupka/hth,61efff529fb7330a92f8d423c40c45bc60bb841c,1728,1272,1.0,False,0,-0.25,0.001,0,0,0,0,0,0,0,0,1728,1272,157.605,57.971,202.0,2379.624,6.5294,0.124789,1e-06,0.0,0.636,0.0,False,False,False,False,False,False,0.77,review,very_small_content_region,
51,Baptisms_San_Antonio_Baptism_Records_1788-1824_1858-1898.docx,51,raw/fs_0051.png,a6a16bb668667b516c97656e1eb01ccef7a82a9ebc97d78eea59581fd973b3a0,dlstupka/hth-baptisms-san-antonio-1788-1824--1858-1898,61efff529fb7330a92f8d423c40c45bc60bb841c,dlstupka/hth,61efff529fb7330a92f8d423c40c45bc60bb841c,1786,1361,1.0,False,0,-0.25,0.002,0,0,0,0,0,0,0,0,1786,1361,150.62,67.301,204.0,1992.7,6.3856,0.169198,1e-06,0.302,0.624,0.0,False,False,False,False,False,False,0.77,review,very_small_content_region,
52,Baptisms_San_Antonio_Baptism_Records_1788-1824_1858-1898.docx,52,raw/fs_0052.png,338b871931de1c7b3c18ee315d773096e59325d00754e33460a3c537e83af9d8,dlstupka/hth-baptisms-san-antonio-1788-1824--1858-1898,61efff529fb7330a92f8d423c40c45bc60bb841c,dlstupka/hth,61efff529fb7330a92f8d423c40c45bc60bb841c,1786,1361,1.0,False,0,0.25,0.002,54,59,1729,1311,1675,1252,54,59,57,50,159.164,51.419,172.0,3195.209,6.8495,0.105123,1e-06,0.0,0.69,0.862739,False,False,False,False,False,False,0.919,pass,,
53,Baptisms_San_Antonio_Baptism_Records_1788-1824_1858-1898.docx,53,raw/fs_0053.png,4e0a0da4d6aeb1ff672e6cc5678909184be0e64209a8543d7a098c9bb072881e,dlstupka/hth-baptisms-san-antonio-1788-1824--1858-1898,61efff529fb7330a92f8d423c40c45bc60bb841c,dlstupka/hth,61efff529fb7330a92f8d423c40c45bc60bb841c,1687,1239,1.0,False,0,0.25,0.003,0,0,0,0,0,0,0,0,1687,1239,154.378,57.929,204.0,3102.998,6.8883,0.129844,1e-06,0.0,0.674,0.0,False,False,False,False,False,False,0.765,review,very_small_content_region,
54,Baptisms_San_Antonio_Baptism_Records_1788-1824_1858-1898.docx,54,raw/fs_0054.png,3fb6f71dc6723395cca9f476336273bc72b73e3bc24f09c0b96065a1f7b6edbf,dlstupka/hth-baptisms-san-antonio-1788-1824--1858-1898,61efff529fb7330a92f8d423c40c45bc60bb841c,dlstupka/hth,61efff529fb7330a92f8d423c40c45bc60bb841c,1786,1361,1.0,False,0,-0.25,0.012,73,57,1730,1324,1657,1267,73,57,56,37,169.952,41.797,131.0,2712.789,6.6925,0.055241,1e-06,0.0,0.622,0.863693,False,False,False,False,False,False,0.887,pass,,
55,Baptisms_San_Antonio_Baptism_Records_1788-1824_1858-1898.docx,55,raw/fs_0055.png,ae1cfdda7c283cedd6a7eb6f6499dbc060196d388f09b3b1e02eba363b50e5c9,dlstupka/hth-baptisms-san-antonio-1788-1824--1858-1898,61efff529fb7330a92f8d423c40c45bc60bb841c,dlstupka/hth,61efff529fb7330a92f8d423c40c45bc60bb841c,1786,1361,1.0,False,0,0.25,0.001,72,50,1734,1314,1662,1264,72,50,52,47,168.848,43.276,134.0,2694.24,6.6641,0.058519,1e-06,0.0,0.604,0.864248,False,False,False,False,False,False,0.893,pass,,
56,Baptisms_San_Antonio_Baptism_Records_1788-1824_1858-1898.docx,56,raw/fs_0056.png,5361faa7fd712cc27cd2c570dbad650b4ab9dd480dab2cb8d507e526a0a529e6,dlstupka/hth-baptisms-san-antonio-1788-1824--1858-1898,61efff529fb7330a92f8d423c40c45bc60bb841c,dlstupka/hth,61efff529fb7330a92f8d423c40c45bc60bb841c,1786,1361,1.0,False,0,-0.25,0.001,0,0,0,0,0,0,0,0,1786,1361,160.973,56.239,206.0,2926.264,6.6322,0.10669,0.0,0.0,0.621,0.0,False,False,False,False,False,False,0.766,review,very_small_content_region,
57,Baptisms_San_Antonio_Baptism_Records_1788-1824_1858-1898.docx,57,raw/fs_0057.png,5602665b080c003f1b4966c06555de64655c9535d9374cadb25360b7d9aa4c48,dlstupka/hth-baptisms-san-antonio-1788-1824--1858-1898,61efff529fb7330a92f8d423c40c45bc60bb841c,dlstupka/hth,61efff529fb7330a92f8d423c40c45bc60bb841c,1786,1361,1.0,False,0,0.25,0.0,0,0,0,0,0,0,0,0,1786,1361,157.273,61.656,205.0,1976.487,6.4723,0.130575,1e-06,0.132,0.615,0.0,False,False,False,False,False,False,0.779,review,very_small_content_region,
58,Baptisms_San_Antonio_Baptism_Records_1788-1824_1858-1898.docx,58,raw/fs_0058.png,5c2a6282a2cb1c00fe85f4372be745a929e4c656f01bc7679fd6ae5c2eb5b8b2,dlstupka/hth-baptisms-san-antonio-1788-1824--1858-1898,61efff529fb7330a92f8d423c40c45bc60bb841c,dlstupka/hth,61efff529fb7330a92f8d423c40c45bc60bb841c,1786,1361,1.0,False,0,-0.25,0.005,76,43,1732,1311,1656,1268,76,43,54,50,168.618,41.935,132.0,2439.795,6.6498,0.056121,0.0,0.0,0.658,0.863853,False,False,False,False,False,False,0.886,pass,,
59,Baptisms_San_Antonio_Baptism_Records_1788-1824_1858-1898.docx,59,raw/fs_0059.png,42a25e031b0575e614ed00d866c9da877bf17a3863ba4d2484adfdf93529c6d7,dlstupka/hth-baptisms-san-antonio-1788-1824--1858-1898,61efff529fb7330a92f8d423c40c45bc60bb841c,dlstupka/hth,61efff529fb7330a92f8d423c40c45bc60bb841c,1786,1361,1.0,False,0,0.25,0.0,0,0,0,0,0,0,0,0,1786,1361,158.82,58.596,205.0,3669.272,6.6786,0.129284,0.0,0.0,0.657,0.0,False,False,False,False,False,False,0.775,review,very_small_content_region,
60,Baptisms_San_Antonio_Baptism_Records_1788-1824_1858-1898.docx,60,raw/fs_0060.png,81077df6b46b205b8f88dd9d9bcfec68e19b2fd817fe4877de506b18ea1cfa31,dlstupka/hth-baptisms-san-antonio-1788-1824--1858-1898,61efff529fb7330a92f8d423c40c45bc60bb841c,dlstupka/hth,61efff529fb7330a92f8d423c40c45bc60bb841c,1786,1361,1.0,False,0,-0.25,0.001,80,51,1736,1320,1656,1269,80,51,50,41,170.524,41.101,132.0,2777.637,6.5877,0.056316,6e-06,0.0,0.639,0.864535,False,False,False,False,False,False,0.884,pass,,
61,Baptisms_San_Antonio_Baptism_Records_1788-1824_1858-1898.docx,61,raw/fs_0061.png,3c7c003908bf4302fa23ef7c43c6bfcef2ea7714d76e64d4263569f4ac3cd392,dlstupka/hth-baptisms-san-antonio-1788-1824--1858-1898,61efff529fb7330a92f8d423c40c45bc60bb841c,dlstupka/hth,61efff529fb7330a92f8d423c40c45bc60bb841c,1751,1302,1.0,False,0,-0.25,0.001,0,0,0,0,0,0,0,0,1751,1302,158.183,59.311,202.0,3443.199,6.6657,0.13661,4e-06,0.0,0.631,0.0,False,False,False,False,False,False,0.777,review,very_small_content_region,
62,Baptisms_San_Antonio_Baptism_Records_1788-1824_1858-1898.docx,62,raw/fs_0062.png,01dd4febc55c2417887245035e4c61cce0cb9903129be286c21dc4c26a58ad37,dlstupka/hth-baptisms-san-antonio-1788-1824--1858-1898,61efff529fb7330a92f8d423c40c45bc60bb841c,dlstupka/hth,61efff529fb7330a92f8d423c40c45bc60bb841c,1786,1361,1.0,False,0,-0.25,0.0,0,0,0,0,0,0,0,0,1786,1361,159.513,58.87,204.0,3349.765,6.5165,0.128765,0.0,0.0,0.614,0.0,False,False,False,False,False,False,0.777,review,very_small_content_region,
63,Baptisms_San_Antonio_Baptism_Records_1788-1824_1858-1898.docx,63,raw/fs_0063.png,b78ef82af3f360e7fd683c4ee5de8e1f5331d021a7577a1298bd97a88cd3ae28,dlstupka/hth-baptisms-san-antonio-1788-1824--1858-1898,61efff529fb7330a92f8d423c40c45bc60bb841c,dlstupka/hth,61efff529fb7330a92f8d423c40c45bc60bb841c,1786,1361,1.0,False,0,0.25,0.0,100,55,1738,1304,1638,1249,100,55,48,57,171.963,39.147,122.0,2052.635,6.4198,0.04957,1e-06,0.0,0.636,0.84166,False,False,False,False,False,False,0.877,pass,,
64,Baptisms_San_Antonio_Baptism_Records_1788-1824_1858-1898.docx,64,raw/fs_0064.png,90f50cb3b0be5a5dcd1d0072956e79947966d77eacc349d2bedca933e7456e4c,dlstupka/hth-baptisms-san-antonio-1788-1824--1858-1898,61efff529fb7330a92f8d423c40c45bc60bb841c,dlstupka/hth,61efff529fb7330a92f8d423c40c45bc60bb841c,1786,1361,1.0,False,0,-0.25,0.087,67,61,1684,1301,1617,1240,67,61,102,60,161.003,60.991,206.0,2071.098,6.3581,0.127424,0.0,0.0,0.466,0.824883,False,False,False,False,False,False,0.965,pass,,
65,Baptisms_San_Antonio_Baptism_Records_1788-1824_1858-1898.docx,65,raw/fs_0065.png,8b715e71350e89bd73da3ba191fca37db11453e6ef3eb06049d8a16649a2ea74,dlstupka/hth-baptisms-san-antonio-1788-1824--1858-1898,61efff529fb7330a92f8d423c40c45bc60bb841c,dlstupka/hth,61efff529fb7330a92f8d423c40c45bc60bb841c,1786,1361,1.0,False,0,-0.25,0.018,0,0,0,0,0,0,0,0,1786,1361,148.64,73.105,206.0,1998.987,6.0284,0.197997,3e-06,0.0,0.404,0.0,False,False,False,False,False,False,0.767,review,very_small_content_region,
66,Baptisms_San_Antonio_Baptism_Records_1788-1824_1858-1898.docx,66,raw/fs_0066.png,e9f5345aabcab6b53bb0807a37b89795124f5a7362473da0afbd9f6adc41f10f,dlstupka/hth-baptisms-san-antonio-1788-1824--1858-1898,61efff529fb7330a92f8d423c40c45bc60bb841c,dlstupka/hth,61efff529fb7330a92f8d423c40c45bc60bb841c,1786,1361,1.0,False,0,0.25,0.0,0,0,0,0,0,0,0,0,1786,1361,151.494,61.448,199.0,2931.551,6.4612,0.148596,0.0,0.069,0.622,0.0,False,False,False,False,False,False,0.771,review,very_small_content_region,
67,Baptisms_San_Antonio_Baptism_Records_1788-1824_1858-1898.docx,67,raw/fs_0067.png,5b7ad72221d7e9206c281e8c9843093c40abc1f970002ba8cadcade5c7b62954,dlstupka/hth-baptisms-san-antonio-1788-1824--1858-1898,61efff529fb7330a92f8d423c40c45bc60bb841c,dlstupka/hth,61efff529fb7330a92f8d423c40c45bc60bb841c,1786,1361,1.0,False,0,-0.25,0.0,0,0,0,0,0,0,0,0,1786,1361,130.762,73.512,196.0,2733.913,6.3374,0.254656,2e-06,0.713,0.577,0.0,False,False,False,False,False,False,0.74,review,very_small_content_region,
68,Baptisms_San_Antonio_Baptism_Records_1788-1824_1858-1898.docx,68,raw/fs_0068.png,4993099052fd0ee211cf8a5e262e34529bbc610d417ee1d319505beb620c00d5,dlstupka/hth-baptisms-san-antonio-1788-1824--1858-1898,61efff529fb7330a92f8d423c40c45bc60bb841c,dlstupka/hth,61efff529fb7330a92f8d423c40c45bc60bb841c,1786,1361,1.0,False,0,0.25,0.005,100,77,1714,1291,1614,1214,100,77,72,70,141.906,62.493,196.0,3805.074,6.8237,0.182896,0.0,0.0,0.635,0.806088,False,False,False,False,False,False,0.937,pass,,
69,Baptisms_San_Antonio_Baptism_Records_1788-1824_1858-1898.docx,69,raw/fs_0069.png,e4dab25b5d2c3c42443f5cc6a156e826bed51789d633234fa293f7708a9dbca9,dlstupka/hth-baptisms-san-antonio-1788-1824--1858-1898,61efff529fb7330a92f8d423c40c45bc60bb841c,dlstupka/hth,61efff529fb7330a92f8d423c40c45bc60bb841c,1786,1361,1.0,False,0,-0.25,0.0,57,64,1729,1309,1672,1245,57,64,57,52,150.004,56.304,190.0,3390.998,6.8506,0.139926,0.0,0.0,0.657,0.856379,False,False,False,False,False,False,0.93,pass,,
70,Baptisms_San_Antonio_Baptism_Records_1788-1824_1858-1898.docx,70,raw/fs_0070.png,c347fdc6878a684d6a3f125175b823fc2a5f9f71b4f113934be8dc9e8552f94f,dlstupka/hth-baptisms-san-antonio-1788-1824--1858-1898,61efff529fb7330a92f8d423c40c45bc60bb841c,dlstupka/hth,61efff529fb7330a92f8d423c40c45bc60bb841c,1786,1361,1.0,False,0,-0.25,0.0,64,75,1715,1301,1651,1226,64,75,71,60,156.76,54.691,191.0,2981.302,6.6291,0.12145,2e-06,0.0,0.671,0.832718,False,False,False,False,False,False,0.932,pass,,
71,Baptisms_San_Antonio_Baptism_Records_1788-1824_1858-1898.docx,71,raw/fs_0071.png,51f5faff6c3870beabf67ccc178c6549cd6e581e56dfe458fce188f518b682f5,dlstupka/hth-baptisms-san-antonio-1788-1824--1858-1898,61efff529fb7330a92f8d423c40c45bc60bb841c,dlstupka/hth,61efff529fb7330a92f8d423c40c45bc60bb841c,1786,1361,1.0,False,0,-0.25,0.0,69,77,1711,1301,1642,1224,69,77,75,60,162.805,51.178,184.0,2364.479,6.5505,0.096775,0.0,0.0,0.591,0.826828,False,False,False,False,False,False,0.923,pass,,
72,Baptisms_San_Antonio_Baptism_Records_1788-1824_1858-1898.docx,72,raw/fs_0072.png,433247f7df2bb42271ddcb7003b64047980a9dbb61b33411e5937c2b2c0a38a1,dlstupka/hth-baptisms-san-antonio-1788-1824--1858-1898,61efff529fb7330a92f8d423c40c45bc60bb841c,dlstupka/hth,61efff529fb7330a92f8d423c40c45bc60bb841c,1786,1361,1.0,False,0,-0.25,0.0,71,79,1715,1302,1644,1223,71,79,71,59,150.821,60.674,195.0,4110.049,6.8238,0.158903,7e-06,0.0,0.673,0.827158,False,False,False,False,False,False,0.95,pass,,
73,Baptisms_San_Antonio_Baptism_Records_1788-1824_1858-1898.docx,73,raw/fs_0073.png,59cf0605eeea712f250ef70301f9a33fe8a265506599b21e5f426cbccbb6fb2d,dlstupka/hth-baptisms-san-antonio-1788-1824--1858-1898,61efff529fb7330a92f8d423c40c45bc60bb841c,dlstupka/hth,61efff529fb7330a92f8d423c40c45bc60bb841c,1786,1361,1.0,False,0,-0.25,0.0,55,73,1708,1305,1653,1232,55,73,78,56,152.995,58.585,194.0,3882.973,6.8375,0.145,5e-06,0.0,0.637,0.837807,False,False,False,False,False,False,0.946,pass,,
74,Baptisms_San_Antonio_Baptism_Records_1788-1824_1858-1898.docx,74,raw/fs_0074.png,e7ac8b99757b6cb083eb65ee71cdead2e75ecee3e0e461f842ec41a2db1e552f,dlstupka/hth-baptisms-san-antonio-1788-1824--1858-1898,61efff529fb7330a92f8d423c40c45bc60bb841c,dlstupka/hth,61efff529fb7330a92f8d423c40c45bc60bb841c,1786,1361,1.0,False,0,-0.25,0.004,0,0,0,0,0,0,0,0,1786,1361,141.852,69.254,201.0,2713.976,6.4928,0.203844,0.0,0.515,0.635,0.0,False,False,False,False,False,False,0.757,review,very_small_content_region,
75,Baptisms_San_Antonio_Baptism_Records_1788-1824_1858-1898.docx,75,raw/fs_0075.png,9f3afadb423db805642f0767ab5dd9706afa2d71d6551eec353f4cf7e38d41f7,dlstupka/hth-baptisms-san-antonio-1788-1824--1858-1898,61efff529fb7330a92f8d423c40c45bc60bb841c,dlstupka/hth,61efff529fb7330a92f8d423c40c45bc60bb841c,1786,1361,1.0,False,0,0.25,0.004,64,49,1718,1319,1654,1270,64,49,68,42,166.744,44.747,157.0,1990.718,6.4674,0.072917,0.0,0.0,0.604,0.864171,False,False,False,False,False,False,0.897,pass,,
76,Baptisms_San_Antonio_Baptism_Records_1788-1824_1858-1898.docx,76,raw/fs_0076.png,86a63af1123eba51c4dde8544a830eb428cbc532afa52c8d9616cc3f6f770719,dlstupka/hth-baptisms-san-antonio-1788-1824--1858-1898,61efff529fb7330a92f8d423c40c45bc60bb841c,dlstupka/hth,61efff529fb7330a92f8d423c40c45bc60bb841c,1786,1361,1.0,False,0,-0.25,0.001,0,0,0,0,0,0,0,0,1786,1361,154.216,64.09,205.0,3543.013,6.6425,0.162094,0.0,0.0,0.625,0.0,False,False,False,False,False,False,0.775,review,very_small_content_region,
77,Baptisms_San_Antonio_Baptism_Records_1788-1824_1858-1898.docx,77,raw/fs_0077.png,892ec62433c41063ac01cba2ba27e94357c0f2a16242232fe1144a43a3eb1da8,dlstupka/hth-baptisms-san-antonio-1788-1824--1858-1898,61efff529fb7330a92f8d423c40c45bc60bb841c,dlstupka/hth,61efff529fb7330a92f8d423c40c45bc60bb841c,1786,1361,1.0,False,0,-0.25,0.013,0,0,0,0,0,0,0,0,1786,1361,128.862,83.935,205.0,2504.559,5.9001,0.30677,2e-06,0.231,0.54,0.0,False,False,False,False,False,False,0.738,review,very_small_content_region,
78,Baptisms_San_Antonio_Baptism_Records_1788-1824_1858-1898.docx,78,raw/fs_0078.png,86e4e80b8c24424aef01131ba78e623ca23f19f4f804bafbfcb506131184f823,dlstupka/hth-baptisms-san-antonio-1788-1824--1858-1898,61efff529fb7330a92f8d423c40c45bc60bb841c,dlstupka/hth,61efff529fb7330a92f8d423c40c45bc60bb841c,1786,1361,1.0,False,0,0.25,0.02,170,48,1723,1301,1553,1253,170,48,63,60,169.44,52.818,191.0,2951.967,6.4217,0.096762,4e-06,0.0,0.623,0.80054,False,False,False,False,False,False,0.941,pass,,
79,Baptisms_San_Antonio_Baptism_Records_1788-1824_1858-1898.docx,79,raw/fs_0079.png,04b6b79ecfc08ce9b006301e6d4b533e03fa5f232dc1d04eee1911899b54d520,dlstupka/hth-baptisms-san-antonio-1788-1824--1858-1898,61efff529fb7330a92f8d423c40c45bc60bb841c,dlstupka/hth,61efff529fb7330a92f8d423c40c45bc60bb841c,1786,1361,1.0,False,0,0.25,0.001,0,0,0,0,0,0,0,0,1786,1361,166.072,55.268,204.0,2608.001,6.4283,0.102449,0.0,0.0,0.606,0.0,False,False,False,False,False,False,0.769,review,very_small_content_region,
80,Baptisms_San_Antonio_Baptism_Records_1788-1824_1858-1898.docx,80,raw/fs_0080.png,56f85b09f97eb42079a516b375bb681fe54cfe2f9f38f23fcb786a7bebe8dfbe,dlstupka/hth-baptisms-san-antonio-1788-1824--1858-1898,61efff529fb7330a92f8d423c40c45bc60bb841c,dlstupka/hth,61efff529fb7330a92f8d423c40c45bc60bb841c,1786,1361,1.0,False,0,0.25,0.003,53,74,1593,1256,1540,1182,53,74,193,105,173.655,41.393,138.0,3175.409,6.393,0.05878,1e-06,0.125,0.634,0.748857,False,False,False,False,False,False,0.89,pass,,
81,Baptisms_San_Antonio_Baptism_Records_1788-1824_1858-1898.docx,81,raw/fs_0081.png,47402d0679bf90d35e6647a0d20402efb3bddad3c173e242de846870502a841c,dlstupka/hth-baptisms-san-antonio-1788-1824--1858-1898,61efff529fb7330a92f8d423c40c45bc60bb841c,dlstupka/hth,61efff529fb7330a92f8d423c40c45bc60bb841c,1786,1361,1.0,False,0,0.25,0.0,933,55,1730,1316,797,1261,933,55,56,45,175.716,39.253,127.0,2456.527,6.2483,0.051838,0.0,0.262,0.661,0.41346,False,False,False,False,False,False,0.883,pass,,
82,Baptisms_San_Antonio_Baptism_Records_1788-1824_1858-1898.docx,82,raw/fs_0082.png,c2a844b7adba1f725b8e3d98788fb4876ba5d5d220bc0fbc29a657fa870b2e5a,dlstupka/hth-baptisms-san-antonio-1788-1824--1858-1898,61efff529fb7330a92f8d423c40c45bc60bb841c,dlstupka/hth,61efff529fb7330a92f8d423c40c45bc60bb841c,1786,1361,1.0,False,0,-0.25,0.006,868,71,1620,1277,752,1206,868,71,166,84,182.433,33.342,101.0,2158.384,6.0309,0.031816,1e-06,0.434,0.626,0.3731,False,False,False,False,False,False,0.863,pass,,
83,Baptisms_San_Antonio_Baptism_Records_1788-1824_1858-1898.docx,83,raw/fs_0083.png,ee2ab9c3e63da481f4329fb869e37919695014b5c8c0c5ab53a5350f884a191c,dlstupka/hth-baptisms-san-antonio-1788-1824--1858-1898,61efff529fb7330a92f8d423c40c45bc60bb841c,dlstupka/hth,61efff529fb7330a92f8d423c40c45bc60bb841c,1786,1361,1.0,False,0,-0.25,0.0,0,0,0,0,0,0,0,0,1786,1361,152.184,65.738,202.0,2457.686,6.3713,0.166763,0.0,0.221,0.615,0.0,False,False,False,False,False,False,0.772,review,very_small_content_region,
84,Baptisms_San_Antonio_Baptism_Records_1788-1824_1858-1898.docx,84,raw/fs_0084.png,46b2259f1aae1413a155024bb92e81a8e845f3bdb4f43bb7bad15a82e090f6a4,dlstupka/hth-baptisms-san-antonio-1788-1824--1858-1898,61efff529fb7330a92f8d423c40c45bc60bb841c,dlstupka/hth,61efff529fb7330a92f8d423c40c45bc60bb841c,1786,1361,1.0,False,0,-0.25,0.0,0,0,0,0,0,0,0,0,1786,1361,152.418,58.173,197.0,3655.851,6.6171,0.142726,0.0,0.0,0.685,0.0,False,False,False,False,False,False,0.763,review,very_small_content_region,
85,Baptisms_San_Antonio_Baptism_Records_1788-1824_1858-1898.docx,85,raw/fs_0085.png,98b0473a1675b952bc649603f9b5b318d2dafe3f36578d9f8609b2725024ec62,dlstupka/hth-baptisms-san-antonio-1788-1824--1858-1898,61efff529fb7330a92f8d423c40c45bc60bb841c,dlstupka/hth,61efff529fb7330a92f8d423c40c45bc60bb841c,1786,1361,1.0,False,0,0.25,0.003,0,0,0,0,0,0,0,0,1786,1361,150.647,66.162,203.0,2636.041,6.454,0.170463,4e-06,0.334,0.64,0.0,False,False,False,False,False,False,0.77,review,very_small_content_region,
86,Baptisms_San_Antonio_Baptism_Records_1788-1824_1858-1898.docx,86,raw/fs_0086.png,e87e6b18e9ed67a44f0251bfff66b50ecd111e5d68b88470449135c1233ec7ee,dlstupka/hth-baptisms-san-antonio-1788-1824--1858-1898,61efff529fb7330a92f8d423c40c45bc60bb841c,dlstupka/hth,61efff529fb7330a92f8d423c40c45bc60bb841c,1786,1361,1.0,False,0,0.25,0.008,79,64,1739,1316,1660,1252,79,64,47,45,167.031,49.686,174.0,2833.283,6.595,0.088984,1.1e-05,0.0,0.64,0.855013,False,False,False,False,False,False,0.922,pass,,
87,Baptisms_San_Antonio_Baptism_Records_1788-1824_1858-1898.docx,87,raw/fs_0087.png,6911be8d4e3f016988856445d78052c838a2e526a1e6520891002173d502db13,dlstupka/hth-baptisms-san-antonio-1788-1824--1858-1898,61efff529fb7330a92f8d423c40c45bc60bb841c,dlstupka/hth,61efff529fb7330a92f8d423c40c45bc60bb841c,1786,1361,1.0,False,0,-0.25,0.001,0,0,0,0,0,0,0,0,1786,1361,155.82,62.219,204.0,2698.361,6.5668,0.143672,0.0,0.0,0.634,0.0,False,False,False,False,False,False,0.777,review,very_small_content_region,
88,Baptisms_San_Antonio_Baptism_Records_1788-1824_1858-1898.docx,88,raw/fs_0088.png,991572f0d2d1a2e1f1d01ae4cda029026f0cc3ec64df8b5c7fc9b7da6393585c,dlstupka/hth-baptisms-san-antonio-1788-1824--1858-1898,61efff529fb7330a92f8d423c40c45bc60bb841c,dlstupka/hth,61efff529fb7330a92f8d423c40c45bc60bb841c,1786,1361,1.0,False,0,-0.25,0.001,52,65,1707,1297,1655,1232,52,65,79,64,163.227,52.383,188.0,2755.034,6.708,0.10053,2e-06,0.0,0.627,0.838821,False,False,False,False,False,False,0.93,pass,,
89,Baptisms_San_Antonio_Baptism_Records_1788-1824_1858-1898.docx,89,raw/fs_0089.png,d68119f2ff3ab12182a5974ff7fe0c7dc97266db46184bbd623f61c63d6c86d7,dlstupka/hth-baptisms-san-antonio-1788-1824--1858-1898,61efff529fb7330a92f8d423c40c45bc60bb841c,dlstupka/hth,61efff529fb7330a92f8d423c40c45bc60bb841c,1786,1361,1.0,False,0,0.25,0.011,61,69,1699,1323,1638,1254,61,69,87,38,162.463,53.2,189.0,3670.755,6.7358,0.105697,1e-05,0.0,0.642,0.845029,False,False,False,False,False,False,0.933,pass,,
90,Baptisms_San_Antonio_Baptism_Records_1788-1824_1858-1898.docx,90,raw/fs_0090.png,d6f2fb393d905de3bbf09a93f5de5681533e4cee8a3b682a63d8dd6fedc2688f,dlstupka/hth-baptisms-san-antonio-1788-1824--1858-1898,61efff529fb7330a92f8d423c40c45bc60bb841c,dlstupka/hth,61efff529fb7330a92f8d423c40c45bc60bb841c,1786,1361,1.0,False,0,0.25,0.0,0,0,0,0,0,0,0,0,1786,1361,160.855,59.676,205.0,2361.434,6.4706,0.127309,1e-06,0.0,0.453,0.0,False,False,False,False,False,False,0.783,review,very_small_content_region,
91,Baptisms_San_Antonio_Baptism_Records_1788-1824_1858-1898.docx,91,raw/fs_0091.png,833359a8b998918f2e030f8a54a13e7966ff1a785b54eef1707884853ac06623,dlstupka/hth-baptisms-san-antonio-1788-1824--1858-1898,61efff529fb7330a92f8d423c40c45bc60bb841c,dlstupka/hth,61efff529fb7330a92f8d423c40c45bc60bb841c,1786,1361,1.0,False,0,-0.25,0.001,938,87,1712,1318,774,1231,938,87,74,43,164.491,46.057,152.0,3524.56,6.6353,0.083755,0.0,0.161,0.692,0.391976,False,False,False,False,False,False,0.9,pass,,
92,Baptisms_San_Antonio_Baptism_Records_1788-1824_1858-1898.docx,92,raw/fs_0092.png,0bf9ab1a2c59996a3b230672b4daa38e802da7e129b7d318fb909d17713d0d5f,dlstupka/hth-baptisms-san-antonio-1788-1824--1858-1898,61efff529fb7330a92f8d423c40c45bc60bb841c,dlstupka/hth,61efff529fb7330a92f8d423c40c45bc60bb841c,1786,1361,1.0,False,0,0.25,0.004,0,0,0,0,0,0,0,0,1786,1361,143.596,67.682,201.0,3041.529,6.5996,0.191535,3e-06,0.516,0.641,0.0,False,False,False,False,False,False,0.759,review,very_small_content_region,
93,Baptisms_San_Antonio_Baptism_Records_1788-1824_1858-1898.docx,93,raw/fs_0093.png,703c692252c28faa6faaa5c445e2e39012119bd66b8b9fc0f55e40c1523a039b,dlstupka/hth-baptisms-san-antonio-1788-1824--1858-1898,61efff529fb7330a92f8d423c40c45bc60bb841c,dlstupka/hth,61efff529fb7330a92f8d423c40c45bc60bb841c,1786,1361,1.0,False,0,-0.25,0.004,924,92,1705,1321,781,1229,924,92,81,40,174.902,38.667,124.0,3041.745,6.2324,0.050438,0.0,0.199,0.646,0.394878,False,False,False,False,False,False,0.879,pass,,
94,Baptisms_San_Antonio_Baptism_Records_1788-1824_1858-1898.docx,94,raw/fs_0094.png,d13faecaf9e4d1d4a52af208c854aeea3ac52d73b56c3b60b7ac13cf170d6291,dlstupka/hth-baptisms-san-antonio-1788-1824--1858-1898,61efff529fb7330a92f8d423c40c45bc60bb841c,dlstupka/hth,61efff529fb7330a92f8d423c40c45bc60bb841c,1786,1361,1.0,False,0,0.25,0.002,101,50,940,1312,839,1262,101,50,846,49,171.777,37.598,120.0,3302.924,6.5781,0.047055,1.2e-05,0.475,0.647,0.435594,False,False,False,False,False,False,0.869,pass,,
95,Baptisms_San_Antonio_Baptism_Records_1788-1824_1858-1898.docx,95,raw/fs_0095.png,e7f5bb826b167935612a071d15bb15d8b21ce6365b9255a0ad235f7458566a4c,dlstupka/hth-baptisms-san-antonio-1788-1824--1858-1898,61efff529fb7330a92f8d423c40c45bc60bb841c,dlstupka/hth,61efff529fb7330a92f8d423c40c45bc60bb841c,1786,1361,1.0,False,0,-0.25,0.0,363,168,1026,1120,663,952,363,168,760,241,184.998,21.727,50.0,1367.923,5.8214,0.009748,0.0,0.37,0.424,0.259663,False,False,True,False,False,False,0.796,review,low_contrast,
96,Baptisms_San_Antonio_Baptism_Records_1788-1824_1858-1898.docx,96,raw/fs_0096.png,1b5cee309987a29eebd5d5d8afb3578a8afed9e03f1e536a933f564468f05568,dlstupka/hth-baptisms-san-antonio-1788-1824--1858-1898,61efff529fb7330a92f8d423c40c45bc60bb841c,dlstupka/hth,61efff529fb7330a92f8d423c40c45bc60bb841c,1786,1361,1.0,False,0,-0.25,0.0,0,0,0,0,0,0,0,0,1786,1361,159.726,68.817,221.0,1251.246,5.2251,0.155652,5e-06,0.173,0.334,0.0,False,False,False,False,False,False,0.783,review,very_small_content_region,
97,Baptisms_San_Antonio_Baptism_Records_1788-1824_1858-1898.docx,97,raw/fs_0097.png,64e3377fbbee01c51292b7e8f0d425b50bacc2c4080a86a8837f552b716661ec,dlstupka/hth-baptisms-san-antonio-1788-1824--1858-1898,61efff529fb7330a92f8d423c40c45bc60bb841c,dlstupka/hth,61efff529fb7330a92f8d423c40c45bc60bb841c,1786,1361,1.0,False,0,-0.25,0.0,0,0,0,0,0,0,0,0,1786,1361,163.302,73.271,221.0,1220.216,4.7167,0.164265,0.0,0.116,0.284,0.0,False,False,False,False,False,False,0.788,review,very_small_content_region,
98,Baptisms_San_Antonio_Baptism_Records_1788-1824_1858-1898.docx,98,raw/fs_0098.png,c1e9575efda85ee14e342132a787c42b103000fd824271fbbb3dd309799a2769,dlstupka/hth-baptisms-san-antonio-1788-1824--1858-1898,61efff529fb7330a92f8d423c40c45bc60bb841c,dlstupka/hth,61efff529fb7330a92f8d423c40c45bc60bb841c,1786,1361,1.0,False,0,0.25,0.001,0,0,0,0,0,0,0,0,1786,1361,143.823,76.001,221.0,2669.906,6.0155,0.217461,1.4e-05,0.0,0.468,0.0,False,False,False,False,False,False,0.76,review,very_small_content_region,
99,Baptisms_San_Antonio_Baptism_Records_1788-1824_1858-1898.docx,99,raw/fs_0099.png,8680b7182a2d60fce6411a6256bb5edf5040ffda3eecfcb9fd967fb40d8b8240,dlstupka/hth-baptisms-san-antonio-1788-1824--1858-1898,61efff529fb7330a92f8d423c40c45bc60bb841c,dlstupka/hth,61efff529fb7330a92f8d423c40c45bc60bb841c,1786,1361,1.0,False,0,0.25,0.047,0,0,0,0,0,0,0,0,1786,1361,124.556,83.223,205.0,4410.797,6.1226,0.317373,1.6e-05,0.581,0.599,0.0,False,False,False,False,False,False,0.731,review,very_small_content_region,
100,Baptisms_San_Antonio_Baptism_Records_1788-1824_1858-1898.docx,100,raw/fs_0100.png,0e337fafc6534ef5246ea8c731ea2c7d2be373f875dfc491615382c81df5c434,dlstupka/hth-baptisms-san-antonio-1788-1824--1858-1898,61efff529fb7330a92f8d423c40c45bc60bb841c,dlstupka/hth,61efff529fb7330a92f8d423c40c45bc60bb841c,1786,1361,1.0,False,0,-0.25,0.0,0,0,0,0,0,0,0,0,1786,1361,134.1,72.937,197.0,4543.605,6.3065,0.238451,5e-06,0.0,0.651,0.0,False,False,False,False,False,False,0.745,review,very_small_content_region,
101,Baptisms_San_Antonio_Baptism_Records_1788-1824_1858-1898.docx,101,raw/fs_0101.png,e9cdeee14a5873506ad1aafcbc71afb6aaa2f31f81eb23852cdc52ce0be569d6,dlstupka/hth-baptisms-san-antonio-1788-1824--1858-1898,61efff529fb7330a92f8d423c40c45bc60bb841c,dlstupka/hth,61efff529fb7330a92f8d423c40c45bc60bb841c,1786,1361,1.0,False,0,-0.25,0.011,0,0,0,0,0,0,0,0,1786,1361,142.441,77.455,221.0,4324.225,6.2175,0.231806,2.1e-05,0.108,0.644,0.0,False,False,False,False,False,False,0.758,review,very_small_content_region,
102,Baptisms_San_Antonio_Baptism_Records_1788-1824_1858-1898.docx,102,raw/fs_0102.png,527795349f9cde5f11487e104e24e1f4a49aade6a406afc125b40365a0502f03,dlstupka/hth-baptisms-san-antonio-1788-1824--1858-1898,61efff529fb7330a92f8d423c40c45bc60bb841c,dlstupka/hth,61efff529fb7330a92f8d423c40c45bc60bb841c,1786,1361,1.0,False,0,-0.25,0.0,0,0,0,0,0,0,0,0,1786,1361,137.454,74.469,221.0,4121.157,6.1238,0.232979,4e-06,0.299,0.635,0.0,False,False,False,False,False,False,0.75,review,very_small_content_region,
103,Baptisms_San_Antonio_Baptism_Records_1788-1824_1858-1898.docx,103,raw/fs_0103.png,88a02456918b1f44309d34748e4effb6d7df0979a7185d260508bc485b0ecd53,dlstupka/hth-baptisms-san-antonio-1788-1824--1858-1898,61efff529fb7330a92f8d423c40c45bc60bb841c,dlstupka/hth,61efff529fb7330a92f8d423c40c45bc60bb841c,1786,1361,1.0,False,0,0.25,0.0,0,0,0,0,0,0,0,0,1786,1361,148.32,72.637,221.0,4230.706,6.2747,0.198264,1.6e-05,0.351,0.641,0.0,False,False,False,False,False,False,0.766,review,very_small_content_region,
104,Baptisms_San_Antonio_Baptism_Records_1788-1824_1858-1898.docx,104,raw/fs_0104.png,462f8f5752245663d61e4be2320c6d77ce4461e54fb5dd32bdb8c53b20366638,dlstupka/hth-baptisms-san-antonio-1788-1824--1858-1898,61efff529fb7330a92f8d423c40c45bc60bb841c,dlstupka/hth,61efff529fb7330a92f8d423c40c45bc60bb841c,1786,1361,1.0,False,0,0.25,0.0,0,0,0,0,0,0,0,0,1786,1361,148.991,71.033,216.0,4153.609,6.2909,0.193263,1e-05,0.0,0.646,0.0,False,False,False,False,False,False,0.767,review,very_small_content_region,
105,Baptisms_San_Antonio_Baptism_Records_1788-1824_1858-1898.docx,105,raw/fs_0105.png,6abec9d1172a33b378553f3ad4b255809c8831b6c08bf87df7cb6de13682f7bf,dlstupka/hth-baptisms-san-antonio-1788-1824--1858-1898,61efff529fb7330a92f8d423c40c45bc60bb841c,dlstupka/hth,61efff529fb7330a92f8d423c40c45bc60bb841c,1786,1361,1.0,False,0,0.25,0.001,0,0,0,0,0,0,0,0,1786,1361,145.485,72.376,207.0,4371.28,6.3393,0.206813,1.3e-05,0.0,0.667,0.0,False,False,False,False,False,False,0.762,review,very_small_content_region,
106,Baptisms_San_Antonio_Baptism_Records_1788-1824_1858-1898.docx,106,raw/fs_0106.png,a86f14d2ded0c11101984770dfae4b84f7cd149df9231ea2f905bfa53c712c25,dlstupka/hth-baptisms-san-antonio-1788-1824--1858-1898,61efff529fb7330a92f8d423c40c45bc60bb841c,dlstupka/hth,61efff529fb7330a92f8d423c40c45bc60bb841c,1786,1361,1.0,False,0,0.25,0.007,0,0,0,0,0,0,0,0,1786,1361,144.605,76.139,208.0,3930.286,6.1734,0.222938,1.4e-05,0.0,0.634,0.0,False,False,False,False,False,False,0.761,review,very_small_content_region,
107,Baptisms_San_Antonio_Baptism_Records_1788-1824_1858-1898.docx,107,raw/fs_0107.png,992b08a061516759435dcb7cc9fc0a7a94d8aea45170fab20617a62c811a097f,dlstupka/hth-baptisms-san-antonio-1788-1824--1858-1898,61efff529fb7330a92f8d423c40c45bc60bb841c,dlstupka/hth,61efff529fb7330a92f8d423c40c45bc60bb841c,1786,1361,1.0,False,0,-0.25,0.002,0,0,0,0,0,0,0,0,1786,1361,144.519,76.298,221.0,3926.196,6.0382,0.222094,1e-05,0.45,0.63,0.0,False,False,False,False,False,False,0.761,review,very_small_content_region,
108,Baptisms_San_Antonio_Baptism_Records_1788-1824_1858-1898.docx,108,raw/fs_0108.png,1e27b012f74e754d877f8a56999bbe8255e9c7f89f905821907bf2ef57883548,dlstupka/hth-baptisms-san-antonio-1788-1824--1858-1898,61efff529fb7330a92f8d423c40c45bc60bb841c,dlstupka/hth,61efff529fb7330a92f8d423c40c45bc60bb841c,1786,1361,1.0,False,0,-0.25,0.0,0,0,0,0,0,0,0,0,1786,1361,134.286,77.298,221.0,3834.805,6.0174,0.257066,1.1e-05,0.248,0.629,0.0,False,False,False,False,False,False,0.746,review,very_small_content_region,
109,Baptisms_San_Antonio_Baptism_Records_1788-1824_1858-1898.docx,109,raw/fs_0109.png,a43cf85e59fc1ae9f19e585bb18257336305f920b918469a89235261a3b739d0,dlstupka/hth-baptisms-san-antonio-1788-1824--1858-1898,61efff529fb7330a92f8d423c40c45bc60bb841c,dlstupka/hth,61efff529fb7330a92f8d423c40c45bc60bb841c,1786,1361,1.0,False,0,-0.25,0.0,0,0,0,0,0,0,0,0,1786,1361,139.367,74.56,221.0,4059.895,6.1223,0.229104,9e-06,0.399,0.617,0.0,False,False,False,False,False,False,0.753,review,very_small_content_region,
110,Baptisms_San_Antonio_Baptism_Records_1788-1824_1858-1898.docx,110,raw/fs_0110.png,92bbc9fbe9f3e1a979df295fa237ad28bcef2f3d0f2078f184689861da711936,dlstupka/hth-baptisms-san-antonio-1788-1824--1858-1898,61efff529fb7330a92f8d423c40c45bc60bb841c,dlstupka/hth,61efff529fb7330a92f8d423c40c45bc60bb841c,1786,1361,1.0,False,0,0.25,0.0,0,0,0,0,0,0,0,0,1786,1361,121.694,81.653,200.0,3911.946,5.9947,0.319073,7e-06,0.0,0.585,0.0,False,False,False,False,False,False,0.727,review,very_small_content_region,
111,Baptisms_San_Antonio_Baptism_Records_1788-1824_1858-1898.docx,111,raw/fs_0111.png,2079c04227ade04c8c35741f71f23cb4994dfb2327cc13f30c1201eafc8f1c39,dlstupka/hth-baptisms-san-antonio-1788-1824--1858-1898,61efff529fb7330a92f8d423c40c45bc60bb841c,dlstupka/hth,61efff529fb7330a92f8d423c40c45bc60bb841c,1786,1361,1.0,False,0,-0.25,0.0,0,0,0,0,0,0,0,0,1786,1361,137.551,76.295,212.0,3695.73,6.1145,0.239413,9e-06,0.0,0.621,0.0,False,False,False,False,False,False,0.75,review,very_small_content_region,
112,Baptisms_San_Antonio_Baptism_Records_1788-1824_1858-1898.docx,112,raw/fs_0112.png,4f58f5e2dd332263af8bba374556fb05b043a42fc2eaea7900aab26bd88def35,dlstupka/hth-baptisms-san-antonio-1788-1824--1858-1898,61efff529fb7330a92f8d423c40c45bc60bb841c,dlstupka/hth,61efff529fb7330a92f8d423c40c45bc60bb841c,1786,1361,1.0,False,0,-0.25,0.0,0,0,0,0,0,0,0,0,1786,1361,135.961,75.627,202.0,3674.89,6.1766,0.243283,5e-06,0.0,0.603,0.0,False,False,False,False,False,False,0.748,review,very_small_content_region,
113,Baptisms_San_Antonio_Baptism_Records_1788-1824_1858-1898.docx,113,raw/fs_0113.png,53e13a9d3a88958f4247859b2bda4462ab840be98150a4cfad3ac0c57c496430,dlstupka/hth-baptisms-san-antonio-1788-1824--1858-1898,61efff529fb7330a92f8d423c40c45bc60bb841c,dlstupka/hth,61efff529fb7330a92f8d423c40c45bc60bb841c,1786,1361,1.0,False,0,-0.25,0.0,0,0,0,0,0,0,0,0,1786,1361,136.937,72.337,199.0,4232.818,6.34,0.228461,5e-06,0.0,0.677,0.0,False,False,False,False,False,False,0.75,review,very_small_content_region,
114,Baptisms_San_Antonio_Baptism_Records_1788-1824_1858-1898.docx,114,raw/fs_0114.png,2a1cdcb944cbc241d07eb88e96787ebecbbcbcc545e2df2abaeba40a5a8f9cfb,dlstupka/hth-baptisms-san-antonio-1788-1824--1858-1898,61efff529fb7330a92f8d423c40c45bc60bb841c,dlstupka/hth,61efff529fb7330a92f8d423c40c45bc60bb841c,1786,1361,1.0,False,0,-0.25,0.0,0,0,0,0,0,0,0,0,1786,1361,134.949,74.131,200.0,4351.393,6.3361,0.242092,9e-06,0.0,0.663,0.0,False,False,False,False,False,False,0.747,review,very_small_content_region,
115,Baptisms_San_Antonio_Baptism_Records_1788-1824_1858-1898.docx,115,raw/fs_0115.png,2dbdf7c02407ba3af829c28f1dd135236456bc5663c69af85512e73688e57158,dlstupka/hth-baptisms-san-antonio-1788-1824--1858-1898,61efff529fb7330a92f8d423c40c45bc60bb841c,dlstupka/hth,61efff529fb7330a92f8d423c40c45bc60bb841c,1786,1361,1.0,False,0,-0.25,0.001,0,0,0,0,0,0,0,0,1786,1361,138.984,73.925,202.0,3723.48,6.2535,0.225144,7e-06,0.0,0.627,0.0,False,False,False,False,False,False,0.753,review,very_small_content_region,
116,Baptisms_San_Antonio_Baptism_Records_1788-1824_1858-1898.docx,116,raw/fs_0116.png,1fd0216a859611a557cb3be2248a61d567eef9b46ecb8c45f8559e5c334f8676,dlstupka/hth-baptisms-san-antonio-1788-1824--1858-1898,61efff529fb7330a92f8d423c40c45bc60bb841c,dlstupka/hth,61efff529fb7330a92f8d423c40c45bc60bb841c,1786,1361,1.0,False,0,-0.25,0.0,0,0,0,0,0,0,0,0,1786,1361,151.894,66.871,221.0,4079.411,6.3277,0.168792,7e-06,0.273,0.671,0.0,False,False,False,False,False,False,0.771,review,very_small_content_region,
117,Baptisms_San_Antonio_Baptism_Records_1788-1824_1858-1898.docx,117,raw/fs_0117.png,cb2bece9fc78365d55520108b294131c6849c3abd68e12ee78f45c3f2911156a,dlstupka/hth-baptisms-san-antonio-1788-1824--1858-1898,61efff529fb7330a92f8d423c40c45bc60bb841c,dlstupka/hth,61efff529fb7330a92f8d423c40c45bc60bb841c,1786,1361,1.0,False,0,0.25,0.0,0,0,0,0,0,0,0,0,1786,1361,139.106,73.427,204.0,4109.01,6.2466,0.227164,5e-06,0.0,0.679,0.0,False,False,False,False,False,False,0.753,review,very_small_content_region,
118,Baptisms_San_Antonio_Baptism_Records_1788-1824_1858-1898.docx,118,raw/fs_0118.png,d5b12ca934d5508e7692d6f11c6e2a7855e1c15c4fcbcfc48ad93f084e079196,dlstupka/hth-baptisms-san-antonio-1788-1824--1858-1898,61efff529fb7330a92f8d423c40c45bc60bb841c,dlstupka/hth,61efff529fb7330a92f8d423c40c45bc60bb841c,1786,1361,1.0,False,0,-0.25,0.0,0,0,0,0,0,0,0,0,1786,1361,142.269,75.259,210.0,3722.505,6.1441,0.222748,9e-06,0.0,0.652,0.0,False,False,False,False,False,False,0.757,review,very_small_content_region,
119,Baptisms_San_Antonio_Baptism_Records_1788-1824_1858-1898.docx,119,raw/fs_0119.png,311e5976a1df11b6d5e6b1069f00d2e4919a33193508884506cb5f6b9216acc5,dlstupka/hth-baptisms-san-antonio-1788-1824--1858-1898,61efff529fb7330a92f8d423c40c45bc60bb841c,dlstupka/hth,61efff529fb7330a92f8d423c40c45bc60bb841c,1786,1361,1.0,False,0,0.25,0.002,244,67,1523,1288,1279,1221,244,67,263,73,176.651,37.365,122.0,4609.84,6.204,0.048212,1.5e-05,0.337,0.66,0.642461,False,False,False,False,False,False,0.875,pass,,
120,Baptisms_San_Antonio_Baptism_Records_1788-1824_1858-1898.docx,120,raw/fs_0120.png,b1f68498ef26818c66aa5b955ba30cf596e0eeb2c2f13329d0451a263eaa6696,dlstupka/hth-baptisms-san-antonio-1788-1824--1858-1898,61efff529fb7330a92f8d423c40c45bc60bb841c,dlstupka/hth,61efff529fb7330a92f8d423c40c45bc60bb841c,1786,1361,1.0,False,0,0.25,0.002,0,0,0,0,0,0,0,0,1786,1361,148.978,70.877,221.0,3904.332,6.2527,0.188503,5e-06,0.334,0.654,0.0,False,False,False,False,False,False,0.767,review,very_small_content_region,
121,Baptisms_San_Antonio_Baptism_Records_1788-1824_1858-1898.docx,121,raw/fs_0121.png,b5490c43b2c705e69d19d5b431704c19456308be1992a9314d9914da563ec3ea,dlstupka/hth-baptisms-san-antonio-1788-1824--1858-1898,61efff529fb7330a92f8d423c40c45bc60bb841c,dlstupka/hth,61efff529fb7330a92f8d423c40c45bc60bb841c,1786,1361,1.0,False,0,-0.25,0.0,0,0,0,0,0,0,0,0,1786,1361,149.073,72.461,221.0,3812.715,6.1304,0.192836,1.5e-05,0.408,0.607,0.0,False,False,False,False,False,False,0.767,review,very_small_content_region,
122,Baptisms_San_Antonio_Baptism_Records_1788-1824_1858-1898.docx,122,raw/fs_0122.png,2f93105bb72e350b3baa4f5fba7d7d94f5b2c252bd93720fcb81ce4b87dd749d,dlstupka/hth-baptisms-san-antonio-1788-1824--1858-1898,61efff529fb7330a92f8d423c40c45bc60bb841c,dlstupka/hth,61efff529fb7330a92f8d423c40c45bc60bb841c,1786,1361,1.0,False,0,-0.25,0.0,0,0,0,0,0,0,0,0,1786,1361,143.567,74.062,221.0,3176.62,6.0919,0.210212,1.3e-05,0.46,0.589,0.0,False,False,False,False,False,False,0.759,review,very_small_content_region,
123,Baptisms_San_Antonio_Baptism_Records_1788-1824_1858-1898.docx,123,raw/fs_0123.png,d3ccfa19150c43aeb4f68dc01f2333769f029c9859eedffa7ac32cce7253d610,dlstupka/hth-baptisms-san-antonio-1788-1824--1858-1898,61efff529fb7330a92f8d423c40c45bc60bb841c,dlstupka/hth,61efff529fb7330a92f8d423c40c45bc60bb841c,1786,1361,1.0,False,0,-0.25,0.0,0,0,0,0,0,0,0,0,1786,1361,129.628,79.932,202.0,3433.284,6.1011,0.279429,9e-06,0.0,0.579,0.0,False,False,False,False,False,False,0.739,review,very_small_content_region,
124,Baptisms_San_Antonio_Baptism_Records_1788-1824_1858-1898.docx,124,raw/fs_0124.png,2b63ee8303c226d2572d6f23dbd0f34e9f41d63980adc6dd5fb3fec6b925b5ef,dlstupka/hth-baptisms-san-antonio-1788-1824--1858-1898,61efff529fb7330a92f8d423c40c45bc60bb841c,dlstupka/hth,61efff529fb7330a92f8d423c40c45bc60bb841c,1786,1361,1.0,False,0,-0.25,0.0,0,0,0,0,0,0,0,0,1786,1361,143.669,72.214,221.0,3678.799,6.0657,0.202769,0.0,0.405,0.619,0.0,False,False,False,False,False,False,0.759,review,very_small_content_region,
125,Baptisms_San_Antonio_Baptism_Records_1788-1824_1858-1898.docx,125,raw/fs_0125.png,1c871cc018538edfcc9eb397e933172fb48d0a0099ddef1ff16305a0b6ce317b,dlstupka/hth-baptisms-san-antonio-1788-1824--1858-1898,61efff529fb7330a92f8d423c40c45bc60bb841c,dlstupka/hth,61efff529fb7330a92f8d423c40c45bc60bb841c,1786,1361,1.0,False,0,-0.25,0.0,0,0,0,0,0,0,0,0,1786,1361,144.72,73.682,221.0,4100.853,6.2091,0.209046,1e-05,0.462,0.66,0.0,False,False,False,False,False,False,0.761,review,very_small_content_region,
126,Baptisms_San_Antonio_Baptism_Records_1788-1824_1858-1898.docx,126,raw/fs_0126.png,91507f1a891b1937fcad2a5a41c53c6e94ce54b0ffbaa4ebfde3dd71a0c44571,dlstupka/hth-baptisms-san-antonio-1788-1824--1858-1898,61efff529fb7330a92f8d423c40c45bc60bb841c,dlstupka/hth,61efff529fb7330a92f8d423c40c45bc60bb841c,1786,1361,1.0,False,0,-0.25,0.001,0,0,0,0,0,0,0,0,1786,1361,145.556,73.467,221.0,4126.213,6.2756,0.206928,8e-06,0.443,0.66,0.0,False,False,False,False,False,False,0.762,review,very_small_content_region,
127,Baptisms_San_Antonio_Baptism_Records_1788-1824_1858-1898.docx,127,raw/fs_0127.png,1df156dde082d6a732bf38daa09b73eb225f675c9092b93cfc17ad87de361514,dlstupka/hth-baptisms-san-antonio-1788-1824--1858-1898,61efff529fb7330a92f8d423c40c45bc60bb841c,dlstupka/hth,61efff529fb7330a92f8d423c40c45bc60bb841c,1786,1361,1.0,False,0,-0.25,0.001,0,0,0,0,0,0,0,0,1786,1361,129.39,80.853,203.0,3818.723,6.1069,0.285943,8e-06,0.0,0.607,0.0,False,False,False,False,False,False,0.738,review,very_small_content_region,
128,Baptisms_San_Antonio_Baptism_Records_1788-1824_1858-1898.docx,128,raw/fs_0128.png,1985ae76e9c951ba739771bbbdf4f0af196619e293dfefb98961d370692ba85f,dlstupka/hth-baptisms-san-antonio-1788-1824--1858-1898,61efff529fb7330a92f8d423c40c45bc60bb841c,dlstupka/hth,61efff529fb7330a92f8d423c40c45bc60bb841c,1786,1361,1.0,False,0,0.25,0.001,0,0,0,0,0,0,0,0,1786,1361,129.633,81.933,203.0,3736.735,5.9957,0.290043,1.1e-05,0.083,0.603,0.0,False,False,False,False,False,False,0.739,review,very_small_content_region,
129,Baptisms_San_Antonio_Baptism_Records_1788-1824_1858-1898.docx,129,raw/fs_0129.png,6826aabe6c6149301e2ac01e28311d7ffe0690f03fd070fc4eae28ed4140555e,dlstupka/hth-baptisms-san-antonio-1788-1824--1858-1898,61efff529fb7330a92f8d423c40c45bc60bb841c,dlstupka/hth,61efff529fb7330a92f8d423c40c45bc60bb841c,1786,1361,1.0,False,0,0.25,0.002,0,0,0,0,0,0,0,0,1786,1361,141.765,75.234,212.0,3993.914,6.1626,0.223697,1.7e-05,0.0,0.652,0.0,False,False,False,False,False,False,0.757,review,very_small_content_region,
130,Baptisms_San_Antonio_Baptism_Records_1788-1824_1858-1898.docx,130,raw/fs_0130.png,1bd3e79c5342200aeb900d0e68a22197137be6b39b1aec5cf0d257847efda35b,dlstupka/hth-baptisms-san-antonio-1788-1824--1858-1898,61efff529fb7330a92f8d423c40c45bc60bb841c,dlstupka/hth,61efff529fb7330a92f8d423c40c45bc60bb841c,1786,1361,1.0,False,0,0.25,0.0,0,0,0,0,0,0,0,0,1786,1361,143.516,72.881,207.0,3964.4,6.2992,0.211705,7e-06,0.0,0.662,0.0,False,False,False,False,False,False,0.759,review,very_small_content_region,
131,Baptisms_San_Antonio_Baptism_Records_1788-1824_1858-1898.docx,131,raw/fs_0131.png,e071611b567ba4c37677658ddc1d34ab5b2ad18676fe7fcc904dc1a9607ec2a2,dlstupka/hth-baptisms-san-antonio-1788-1824--1858-1898,61efff529fb7330a92f8d423c40c45bc60bb841c,dlstupka/hth,61efff529fb7330a92f8d423c40c45bc60bb841c,1786,1361,1.0,False,0,-0.25,0.0,0,0,0,0,0,0,0,0,1786,1361,127.291,80.17,200.0,3971.897,6.0681,0.293076,1e-05,0.237,0.626,0.0,False,False,False,False,False,False,0.735,review,very_small_content_region,
132,Baptisms_San_Antonio_Baptism_Records_1788-1824_1858-1898.docx,132,raw/fs_0132.png,7f074e8e0ddede456f090cf81d11cdeff45e13a1fce7bb541bb18d548125ab28,dlstupka/hth-baptisms-san-antonio-1788-1824--1858-1898,61efff529fb7330a92f8d423c40c45bc60bb841c,dlstupka/hth,61efff529fb7330a92f8d423c40c45bc60bb841c,1786,1361,1.0,False,0,-0.25,0.004,0,0,0,0,0,0,0,0,1786,1361,128.381,79.82,200.0,3617.305,6.0756,0.286052,4e-06,0.121,0.62,0.0,False,False,False,False,False,False,0.737,review,very_small_content_region,
133,Baptisms_San_Antonio_Baptism_Records_1788-1824_1858-1898.docx,133,raw/fs_0133.png,da92c4579df9d3a141605303a9768350a552e733f9900b2c0260ec38db050521,dlstupka/hth-baptisms-san-antonio-1788-1824--1858-1898,61efff529fb7330a92f8d423c40c45bc60bb841c,dlstupka/hth,61efff529fb7330a92f8d423c40c45bc60bb841c,1786,1361,1.0,False,0,-0.25,0.0,0,0,0,0,0,0,0,0,1786,1361,142.556,71.836,201.0,3515.371,6.2548,0.208355,2e-06,0.0,0.612,0.0,False,False,False,False,False,False,0.758,review,very_small_content_region,
134,Baptisms_San_Antonio_Baptism_Records_1788-1824_1858-1898.docx,134,raw/fs_0134.png,56e6879f981ff0d76e32f3f3eccfacc47193a52304381326421e245706a37594,dlstupka/hth-baptisms-san-antonio-1788-1824--1858-1898,61efff529fb7330a92f8d423c40c45bc60bb841c,dlstupka/hth,61efff529fb7330a92f8d423c40c45bc60bb841c,1786,1361,1.0,False,0,-0.25,0.0,0,0,0,0,0,0,0,0,1786,1361,154.876,62.827,221.0,3543.021,6.4452,0.146884,8e-06,0.272,0.625,0.0,False,False,False,False,False,False,0.776,review,very_small_content_region,
135,Baptisms_San_Antonio_Baptism_Records_1788-1824_1858-1898.docx,135,raw/fs_0135.png,4ce0463cf2d0f40d3b9a389387b6a5207d8a4e685333fc033d892c7da7fbfd69,dlstupka/hth-baptisms-san-antonio-1788-1824--1858-1898,61efff529fb7330a92f8d423c40c45bc60bb841c,dlstupka/hth,61efff529fb7330a92f8d423c40c45bc60bb841c,1786,1361,1.0,False,0,-0.25,0.0,0,0,0,0,0,0,0,0,1786,1361,127.756,78.533,200.0,3566.916,6.2184,0.284566,5e-06,0.095,0.604,0.0,False,False,False,False,False,False,0.736,review,very_small_content_region,
136,Baptisms_San_Antonio_Baptism_Records_1788-1824_1858-1898.docx,136,raw/fs_0136.png,432330a4ef50f8595be1ed9540b3861bbe6d6511312be42b30870bb4e07745d9,dlstupka/hth-baptisms-san-antonio-1788-1824--1858-1898,61efff529fb7330a92f8d423c40c45bc60bb841c,dlstupka/hth,61efff529fb7330a92f8d423c40c45bc60bb841c,1786,1361,1.0,False,0,0.25,0.0,0,0,0,0,0,0,0,0,1786,1361,142.715,72.834,204.0,3672.203,6.2805,0.214187,6e-06,0.0,0.639,0.0,False,False,False,False,False,False,0.758,review,very_small_content_region,
137,Baptisms_San_Antonio_Baptism_Records_1788-1824_1858-1898.docx,137,raw/fs_0137.png,11a31253b51a87516cd4cf5b36497c6f6174706647a92eebac53c12b0ef35b3c,dlstupka/hth-baptisms-san-antonio-1788-1824--1858-1898,61efff529fb7330a92f8d423c40c45bc60bb841c,dlstupka/hth,61efff529fb7330a92f8d423c40c45bc60bb841c,1786,1361,1.0,False,0,0.25,0.0,0,0,0,0,0,0,0,0,1786,1361,128.791,80.113,200.0,3433.241,6.0155,0.288137,6e-06,0.583,0.573,0.0,False,False,False,False,False,False,0.738,review,very_small_content_region,
138,Baptisms_San_Antonio_Baptism_Records_1788-1824_1858-1898.docx,138,raw/fs_0138.png,5312217a741805bd762022a8f55949da46ced8edbcb0b202a347daa6eadb5116,dlstupka/hth-baptisms-san-antonio-1788-1824--1858-1898,61efff529fb7330a92f8d423c40c45bc60bb841c,dlstupka/hth,61efff529fb7330a92f8d423c40c45bc60bb841c,1786,1361,1.0,False,0,-0.25,0.0,0,0,0,0,0,0,0,0,1786,1361,142.731,74.176,221.0,3388.625,6.1534,0.216603,5e-06,0.474,0.604,0.0,False,False,False,False,False,False,0.758,review,very_small_content_region,
139,Baptisms_San_Antonio_Baptism_Records_1788-1824_1858-1898.docx,139,raw/fs_0139.png,6c483a90d42fbc097c1ccadc71063e10c3400fd280ce7c4605efef2105e706b4,dlstupka/hth-baptisms-san-antonio-1788-1824--1858-1898,61efff529fb7330a92f8d423c40c45bc60bb841c,dlstupka/hth,61efff529fb7330a92f8d423c40c45bc60bb841c,1786,1361,1.0,False,0,-0.25,0.0,61,60,1588,1308,1527,1248,61,60,198,53,163.654,46.299,153.0,3889.727,6.589,0.083429,4e-06,0.0,0.634,0.783996,False,False,False,False,False,False,0.9,pass,,
140,Baptisms_San_Antonio_Baptism_Records_1788-1824_1858-1898.docx,140,raw/fs_0140.png,91e10f8e7a52c80d15831dee936577984634f4a8e2032370bab26e6463e9445c,dlstupka/hth-baptisms-san-antonio-1788-1824--1858-1898,61efff529fb7330a92f8d423c40c45bc60bb841c,dlstupka/hth,61efff529fb7330a92f8d423c40c45bc60bb841c,1786,1361,1.0,False,0,-0.25,0.001,0,0,0,0,0,0,0,0,1786,1361,156.796,65.506,221.0,3644.011,6.4087,0.15507,1.3e-05,0.0,0.648,0.0,False,False,False,False,False,False,0.779,review,very_small_content_region,
141,Baptisms_San_Antonio_Baptism_Records_1788-1824_1858-1898.docx,141,raw/fs_0141.png,cf8708f1542bdfa3f031127424437d2034af356b63fab7ba2bec6acb2d996b1f,dlstupka/hth-baptisms-san-antonio-1788-1824--1858-1898,61efff529fb7330a92f8d423c40c45bc60bb841c,dlstupka/hth,61efff529fb7330a92f8d423c40c45bc60bb841c,1786,1361,1.0,False,0,-0.25,0.0,0,0,0,0,0,0,0,0,1786,1361,146.59,73.742,221.0,3330.149,6.0855,0.206175,7e-06,0.475,0.607,0.0,False,False,False,False,False,False,0.764,review,very_small_content_region,
142,Baptisms_San_Antonio_Baptism_Records_1788-1824_1858-1898.docx,142,raw/fs_0142.png,10b3fdc34eb0106339822543abebafffafee1f94c469866b030df988b59bdb41,dlstupka/hth-baptisms-san-antonio-1788-1824--1858-1898,61efff529fb7330a92f8d423c40c45bc60bb841c,dlstupka/hth,61efff529fb7330a92f8d423c40c45bc60bb841c,1786,1361,1.0,False,0,-0.25,0.0,0,0,0,0,0,0,0,0,1786,1361,129.524,80.32,201.0,3397.275,6.0212,0.285011,1.1e-05,0.121,0.558,0.0,False,False,False,False,False,False,0.739,review,very_small_content_region,
143,Baptisms_San_Antonio_Baptism_Records_1788-1824_1858-1898.docx,143,raw/fs_0143.png,b1cab847d795369f49bb9f8d2e737469b46dabdb24653a8b776092812ada31ca,dlstupka/hth-baptisms-san-antonio-1788-1824--1858-1898,61efff529fb7330a92f8d423c40c45bc60bb841c,dlstupka/hth,61efff529fb7330a92f8d423c40c45bc60bb841c,1786,1361,1.0,False,0,0.25,0.0,0,0,0,0,0,0,0,0,1786,1361,128.774,79.715,200.0,3514.594,6.0472,0.285905,7e-06,0.118,0.589,0.0,False,False,False,False,False,False,0.738,review,very_small_content_region,
144,Baptisms_San_Antonio_Baptism_Records_1788-1824_1858-1898.docx,144,raw/fs_0144.png,c3b0c304c7619879ecdd7f107c2ff97425aff6ed061364992d2eaab15e210656,dlstupka/hth-baptisms-san-antonio-1788-1824--1858-1898,61efff529fb7330a92f8d423c40c45bc60bb841c,dlstupka/hth,61efff529fb7330a92f8d423c40c45bc60bb841c,1786,1361,1.0,False,0,-0.25,0.0,0,0,0,0,0,0,0,0,1786,1361,139.288,75.584,221.0,3467.36,6.1175,0.233851,4e-06,0.0,0.603,0.0,False,False,False,False,False,False,0.753,review,very_small_content_region,
145,Baptisms_San_Antonio_Baptism_Records_1788-1824_1858-1898.docx,145,raw/fs_0145.png,f8d0f52c98d33286088a8314a0998827a72753fbd8df7822c5a162b15e940392,dlstupka/hth-baptisms-san-antonio-1788-1824--1858-1898,61efff529fb7330a92f8d423c40c45bc60bb841c,dlstupka/hth,61efff529fb7330a92f8d423c40c45bc60bb841c,1786,1361,1.0,False,0,-0.25,0.0,0,0,0,0,0,0,0,0,1786,1361,131.274,77.671,199.0,3876.301,6.1343,0.271252,1.4e-05,0.097,0.623,0.0,False,False,False,False,False,False,0.741,review,very_small_content_region,
146,Baptisms_San_Antonio_Baptism_Records_1788-1824_1858-1898.docx,146,raw/fs_0146.png,a9d436fc010ea0f6b4b7ba7d44a01d56871087b527cd3447ca6f103011d4a662,dlstupka/hth-baptisms-san-antonio-1788-1824--1858-1898,61efff529fb7330a92f8d423c40c45bc60bb841c,dlstupka/hth,61efff529fb7330a92f8d423c40c45bc60bb841c,1786,1361,1.0,False,0,-0.25,0.0,0,0,0,0,0,0,0,0,1786,1361,126.85,77.583,196.0,3293.518,6.1143,0.283426,2e-06,0.507,0.579,0.0,False,False,False,False,False,False,0.735,review,very_small_content_region,
147,Baptisms_San_Antonio_Baptism_Records_1788-1824_1858-1898.docx,147,raw/fs_0147.png,c64f03685652cfe5b795dd37819be6c2f193d538c59afdc341277d90878e58db,dlstupka/hth-baptisms-san-antonio-1788-1824--1858-1898,61efff529fb7330a92f8d423c40c45bc60bb841c,dlstupka/hth,61efff529fb7330a92f8d423c40c45bc60bb841c,1786,1361,1.0,False,0,0.25,0.0,59,64,1509,1304,1450,1240,59,64,277,57,164.104,43.528,144.0,4258.996,6.5605,0.077228,1e-06,0.0,0.676,0.739691,False,False,False,False,False,False,0.887,pass,,
148,Baptisms_San_Antonio_Baptism_Records_1788-1824_1858-1898.docx,148,raw/fs_0148.png,d82fec3c652e528242629a7d444f340385485aa80a73a97e0c6bac50d3181454,dlstupka/hth-baptisms-san-antonio-1788-1824--1858-1898,61efff529fb7330a92f8d423c40c45bc60bb841c,dlstupka/hth,61efff529fb7330a92f8d423c40c45bc60bb841c,1786,1361,1.0,False,0,-0.25,0.0,0,0,0,0,0,0,0,0,1786,1361,128.388,78.421,199.0,3736.814,6.1498,0.282411,7e-06,0.469,0.608,0.0,False,False,False,False,False,False,0.737,review,very_small_content_region,
149,Baptisms_San_Antonio_Baptism_Records_1788-1824_1858-1898.docx,149,raw/fs_0149.png,4cac52f1d89e4f187cc4385eda0262895f93a888752b20ea06fbe2051778c74b,dlstupka/hth-baptisms-san-antonio-1788-1824--1858-1898,61efff529fb7330a92f8d423c40c45bc60bb841c,dlstupka/hth,61efff529fb7330a92f8d423c40c45bc60bb841c,1786,1361,1.0,False,0,-0.25,0.003,0,0,0,0,0,0,0,0,1786,1361,129.94,80.106,202.0,3388.984,6.1113,0.283905,0.0,0.0,0.578,0.0,False,False,False,False,False,False,0.739,review,very_small_content_region,
150,Baptisms_San_Antonio_Baptism_Records_1788-1824_1858-1898.docx,150,raw/fs_0150.png,c6495796017cfe9367cc4a02463c12146b77e88e300f69e8e8f07bc0fd4d4c15,dlstupka/hth-baptisms-san-antonio-1788-1824--1858-1898,61efff529fb7330a92f8d423c40c45bc60bb841c,dlstupka/hth,61efff529fb7330a92f8d423c40c45bc60bb841c,1786,1361,1.0,False,0,-0.25,0.0,0,0,0,0,0,0,0,0,1786,1361,130.868,79.817,203.0,3826.253,6.2233,0.28146,1.2e-05,0.54,0.605,0.0,False,False,False,False,False,False,0.741,review,very_small_content_region,
151,Baptisms_San_Antonio_Baptism_Records_1788-1824_1858-1898.docx,151,raw/fs_0151.png,9e24c62a9a5b6cdafba6be24630572af2778af9654859bfff5a6d95a492cefb1,dlstupka/hth-baptisms-san-antonio-1788-1824--1858-1898,61efff529fb7330a92f8d423c40c45bc60bb841c,dlstupka/hth,61efff529fb7330a92f8d423c40c45bc60bb841c,1786,1361,1.0,False,0,-0.25,0.0,0,0,0,0,0,0,0,0,1786,1361,129.258,79.912,201.0,3650.984,6.1087,0.287025,1e-05,0.45,0.61,0.0,False,False,False,False,False,False,0.738,review,very_small_content_region,
152,Baptisms_San_Antonio_Baptism_Records_1788-1824_1858-1898.docx,152,raw/fs_0152.png,a788f96f049b9a66a5ed8f7f418cda8924823a6e69acbbd32078bada820f62e1,dlstupka/hth-baptisms-san-antonio-1788-1824--1858-1898,61efff529fb7330a92f8d423c40c45bc60bb841c,dlstupka/hth,61efff529fb7330a92f8d423c40c45bc60bb841c,1786,1361,1.0,False,0,0.25,0.0,64,70,1524,1310,1460,1240,64,70,262,51,166.445,45.828,152.0,4523.986,6.5493,0.082709,1.3e-05,0.0,0.676,0.744792,False,False,False,False,False,False,0.902,pass,,
153,Baptisms_San_Antonio_Baptism_Records_1788-1824_1858-1898.docx,153,raw/fs_0153.png,62e63f6cb6d9def58812b6c7f0b81a32d3b3ea5530a6b4b7131abaea1fa9d000,dlstupka/hth-baptisms-san-antonio-1788-1824--1858-1898,61efff529fb7330a92f8d423c40c45bc60bb841c,dlstupka/hth,61efff529fb7330a92f8d423c40c45bc60bb841c,1786,1361,1.0,False,0,-0.25,0.0,0,0,0,0,0,0,0,0,1786,1361,128.241,78.814,200.0,3751.474,6.1767,0.285809,1.4e-05,0.207,0.602,0.0,False,False,False,False,False,False,0.737,review,very_small_content_region,
154,Baptisms_San_Antonio_Baptism_Records_1788-1824_1858-1898.docx,154,raw/fs_0154.png,806cd0664dc8827fe3980098b41e6aab0be4cae0308700f1c1a3964d9c816cd0,dlstupka/hth-baptisms-san-antonio-1788-1824--1858-1898,61efff529fb7330a92f8d423c40c45bc60bb841c,dlstupka/hth,61efff529fb7330a92f8d423c40c45bc60bb841c,1786,1361,1.0,False,0,-0.25,0.0,0,0,0,0,0,0,0,0,1786,1361,127.726,78.472,199.0,3781.434,6.157,0.286188,4e-06,0.0,0.592,0.0,False,False,False,False,False,False,0.736,review,very_small_content_region,
155,Baptisms_San_Antonio_Baptism_Records_1788-1824_1858-1898.docx,155,raw/fs_0155.png,74b595cbf88abc7437391931f298777ce8f4bb80c7530c72abd51cad5fcd4cad,dlstupka/hth-baptisms-san-antonio-1788-1824--1858-1898,61efff529fb7330a92f8d423c40c45bc60bb841c,dlstupka/hth,61efff529fb7330a92f8d423c40c45bc60bb841c,1786,1361,1.0,False,0,-0.25,0.0,846,83,1487,1275,641,1192,846,83,299,86,177.151,32.402,100.0,4070.094,5.8843,0.035425,7e-06,0.598,0.601,0.314336,False,False,False,False,False,False,0.85,pass,,
156,Baptisms_San_Antonio_Baptism_Records_1788-1824_1858-1898.docx,156,raw/fs_0156.png,abdb1717bb7a2972eb0081f73555a11e0d97669eb6a8e70e6bdd400a7658c581,dlstupka/hth-baptisms-san-antonio-1788-1824--1858-1898,61efff529fb7330a92f8d423c40c45bc60bb841c,dlstupka/hth,61efff529fb7330a92f8d423c40c45bc60bb841c,1786,1361,1.0,False,0,-0.25,0.0,0,0,0,0,0,0,0,0,1786,1361,141.924,67.496,199.0,3927.144,6.5323,0.196968,6e-06,0.0,0.674,0.0,False,False,False,False,False,False,0.757,review,very_small_content_region,
157,Baptisms_San_Antonio_Baptism_Records_1788-1824_1858-1898.docx,157,raw/fs_0157.png,84ae0ac8a5370f141638a81bb8d917758654169a3b93f74fffa0181db99eed58,dlstupka/hth-baptisms-san-antonio-1788-1824--1858-1898,61efff529fb7330a92f8d423c40c45bc60bb841c,dlstupka/hth,61efff529fb7330a92f8d423c40c45bc60bb841c,1786,1361,1.0,False,0,-0.25,0.002,0,0,0,0,0,0,0,0,1786,1361,152.658,68.98,221.0,3548.108,6.3572,0.173957,8e-06,0.363,0.62,0.0,False,False,False,False,False,False,0.773,review,very_small_content_region,
158,Baptisms_San_Antonio_Baptism_Records_1788-1824_1858-1898.docx,158,raw/fs_0158.png,e958585c273193386d7bf4e0f38aa3a12139b91b733fa05b17b9ab8a11ab2cd2,dlstupka/hth-baptisms-san-antonio-1788-1824--1858-1898,61efff529fb7330a92f8d423c40c45bc60bb841c,dlstupka/hth,61efff529fb7330a92f8d423c40c45bc60bb841c,1786,1361,1.0,False,0,-0.25,0.0,0,0,0,0,0,0,0,0,1786,1361,127.036,79.295,201.0,3552.821,6.1461,0.290061,1.2e-05,0.0,0.581,0.0,False,False,False,False,False,False,0.735,review,very_small_content_region,
159,Baptisms_San_Antonio_Baptism_Records_1788-1824_1858-1898.docx,159,raw/fs_0159.png,a4dd5e783a136c004ec1a0b2af29a8a41696ddfca160ca1f17af625ffebf26c6,dlstupka/hth-baptisms-san-antonio-1788-1824--1858-1898,61efff529fb7330a92f8d423c40c45bc60bb841c,dlstupka/hth,61efff529fb7330a92f8d423c40c45bc60bb841c,1786,1361,1.0,False,0,0.25,0.001,0,0,0,0,0,0,0,0,1786,1361,127.816,79.028,200.0,3566.694,6.0911,0.285456,6e-06,0.0,0.58,0.0,False,False,False,False,False,False,0.736,review,very_small_content_region,
160,Baptisms_San_Antonio_Baptism_Records_1788-1824_1858-1898.docx,160,raw/fs_0160.png,56a2c3aed46518920cc318effa199723525ce4151241620c990d7ea292b6c558,dlstupka/hth-baptisms-san-antonio-1788-1824--1858-1898,61efff529fb7330a92f8d423c40c45bc60bb841c,dlstupka/hth,61efff529fb7330a92f8d423c40c45bc60bb841c,1786,1361,1.0,False,0,-0.25,0.0,0,0,0,0,0,0,0,0,1786,1361,134.932,75.165,206.0,3837.442,6.2336,0.245068,4e-06,0.0,0.632,0.0,False,False,False,False,False,False,0.747,review,very_small_content_region,
161,Baptisms_San_Antonio_Baptism_Records_1788-1824_1858-1898.docx,161,raw/fs_0161.png,9204a7c94da7e190441f9aa05ea6a9d514ff045fdb3070c78f6e8c48234885cd,dlstupka/hth-baptisms-san-antonio-1788-1824--1858-1898,61efff529fb7330a92f8d423c40c45bc60bb841c,dlstupka/hth,61efff529fb7330a92f8d423c40c45bc60bb841c,1786,1361,1.0,False,0,-0.25,0.0,0,0,0,0,0,0,0,0,1786,1361,124.104,79.45,200.0,3985.066,6.2083,0.30343,5e-06,0.0,0.602,0.0,False,False,False,False,False,False,0.731,review,very_small_content_region,
162,Baptisms_San_Antonio_Baptism_Records_1788-1824_1858-1898.docx,162,raw/fs_0162.png,d0c452e56178796f6e97872ba204c6fd1ed25ff7d82c443f97c738ab00d6a634,dlstupka/hth-baptisms-san-antonio-1788-1824--1858-1898,61efff529fb7330a92f8d423c40c45bc60bb841c,dlstupka/hth,61efff529fb7330a92f8d423c40c45bc60bb841c,1786,1361,1.0,False,0,-0.25,0.0,0,0,0,0,0,0,0,0,1786,1361,125.58,80.42,202.0,3806.181,6.169,0.300844,1.8e-05,0.0,0.597,0.0,False,False,False,False,False,False,0.733,review,very_small_content_region,
163,Baptisms_San_Antonio_Baptism_Records_1788-1824_1858-1898.docx,163,raw/fs_0163.png,a421f1840d114efdff31d96487b1c0b46ae715964ea0b4192b5b29249dd9f3b0,dlstupka/hth-baptisms-san-antonio-1788-1824--1858-1898,61efff529fb7330a92f8d423c40c45bc60bb841c,dlstupka/hth,61efff529fb7330a92f8d423c40c45bc60bb841c,1786,1361,1.0,False,0,0.25,0.001,0,0,0,0,0,0,0,0,1786,1361,127.058,78.998,202.0,4150.654,6.2782,0.291464,1.7e-05,0.022,0.62,0.0,False,False,False,False,False,False,0.735,review,very_small_content_region,
164,Baptisms_San_Antonio_Baptism_Records_1788-1824_1858-1898.docx,164,raw/fs_0164.png,1d92a59f0e71c682ce78856425424e8cd9b0ab83177d9668f2ffb26188504635,dlstupka/hth-baptisms-san-antonio-1788-1824--1858-1898,61efff529fb7330a92f8d423c40c45bc60bb841c,dlstupka/hth,61efff529fb7330a92f8d423c40c45bc60bb841c,1786,1361,1.0,False,0,-0.25,0.001,0,0,0,0,0,0,0,0,1786,1361,139.921,77.282,219.0,3903.994,6.241,0.241882,3.2e-05,0.0,0.648,0.0,False,False,False,False,False,False,0.754,review,very_small_content_region,
165,Baptisms_San_Antonio_Baptism_Records_1788-1824_1858-1898.docx,165,raw/fs_0165.png,a2164e28a3a4db2122c5df2b789bc44b3b16831cc21dcbd4fc2aa8d4cefae9dc,dlstupka/hth-baptisms-san-antonio-1788-1824--1858-1898,61efff529fb7330a92f8d423c40c45bc60bb841c,dlstupka/hth,61efff529fb7330a92f8d423c40c45bc60bb841c,1786,1361,1.0,False,0,0.25,0.0,0,0,0,0,0,0,0,0,1786,1361,136.818,77.974,209.0,3706.639,6.1615,0.252817,2e-05,0.0,0.63,0.0,False,False,False,False,False,False,0.749,review,very_small_content_region,
166,Baptisms_San_Antonio_Baptism_Records_1788-1824_1858-1898.docx,166,raw/fs_0166.png,28f2b791e502158c33f0f9997270c6c71557528d7388aa95e51f78e927f8380d,dlstupka/hth-baptisms-san-antonio-1788-1824--1858-1898,61efff529fb7330a92f8d423c40c45bc60bb841c,dlstupka/hth,61efff529fb7330a92f8d423c40c45bc60bb841c,1786,1361,1.0,False,0,-0.25,0.001,0,0,0,0,0,0,0,0,1786,1361,140.614,73.062,204.0,3947.631,6.4279,0.222454,1.9e-05,0.0,0.626,0.0,False,False,False,False,False,False,0.755,review,very_small_content_region,
167,Baptisms_San_Antonio_Baptism_Records_1788-1824_1858-1898.docx,167,raw/fs_0167.png,f767a03498ced45b3babe4849efcba53b8cfa3d2d5878752e59e28a44b47d181,dlstupka/hth-baptisms-san-antonio-1788-1824--1858-1898,61efff529fb7330a92f8d423c40c45bc60bb841c,dlstupka/hth,61efff529fb7330a92f8d423c40c45bc60bb841c,1786,1361,1.0,False,0,0.25,0.004,0,0,0,0,0,0,0,0,1786,1361,129.973,79.089,202.0,3541.396,6.2176,0.279295,1.1e-05,0.5,0.614,0.0,False,False,False,False,False,False,0.739,review,very_small_content_region,
168,Baptisms_San_Antonio_Baptism_Records_1788-1824_1858-1898.docx,168,raw/fs_0168.png,0dbcff6dec110b2f4fdfd4400418a5bb23cdb0df314c36bf0dccce39241c858c,dlstupka/hth-baptisms-san-antonio-1788-1824--1858-1898,61efff529fb7330a92f8d423c40c45bc60bb841c,dlstupka/hth,61efff529fb7330a92f8d423c40c45bc60bb841c,1786,1361,1.0,False,0,-0.25,0.002,0,0,0,0,0,0,0,0,1786,1361,143.025,70.183,202.0,3618.183,6.5214,0.202706,9e-06,0.169,0.662,0.0,False,False,False,False,False,False,0.758,review,very_small_content_region,
169,Baptisms_San_Antonio_Baptism_Records_1788-1824_1858-1898.docx,169,raw/fs_0169.png,23860eb2e992944dcbeead76aa2f82698eb2fd9070a13eb12380ec2803753276,dlstupka/hth-baptisms-san-antonio-1788-1824--1858-1898,61efff529fb7330a92f8d423c40c45bc60bb841c,dlstupka/hth,61efff529fb7330a92f8d423c40c45bc60bb841c,1786,1361,1.0,False,0,-0.25,0.037,0,0,0,0,0,0,0,0,1786,1361,132.772,81.479,206.0,3763.891,6.175,0.280693,1.8e-05,0.241,0.618,0.0,False,False,False,False,False,False,0.743,review,very_small_content_region,
170,Baptisms_San_Antonio_Baptism_Records_1788-1824_1858-1898.docx,170,raw/fs_0170.png,2a22e0a84665fdd6a659e8e8a8b559586da660e6c81894ba79fcc1f59912b16b,dlstupka/hth-baptisms-san-antonio-1788-1824--1858-1898,61efff529fb7330a92f8d423c40c45bc60bb841c,dlstupka/hth,61efff529fb7330a92f8d423c40c45bc60bb841c,1786,1361,1.0,False,0,-0.25,0.002,0,0,0,0,0,0,0,0,1786,1361,132.304,80.511,205.0,4009.286,6.2611,0.278684,3e-05,0.387,0.627,0.0,False,False,False,False,False,False,0.743,review,very_small_content_region,
171,Baptisms_San_Antonio_Baptism_Records_1788-1824_1858-1898.docx,171,raw/fs_0171.png,03c9a4158859f30d8072f39193bfb38c6bd2097335a0d7c7170207bb24bee383,dlstupka/hth-baptisms-san-antonio-1788-1824--1858-1898,61efff529fb7330a92f8d423c40c45bc60bb841c,dlstupka/hth,61efff529fb7330a92f8d423c40c45bc60bb841c,1786,1361,1.0,False,0,-0.25,0.008,61,71,1627,1311,1566,1240,61,71,159,50,162.935,52.978,181.0,4508.217,6.7919,0.106151,3e-05,0.0,0.679,0.798866,False,False,False,False,False,False,0.933,pass,,
172,Baptisms_San_Antonio_Baptism_Records_1788-1824_1858-1898.docx,172,raw/fs_0172.png,088e1013d33ce2504453671b1dd6cd052de077bc531dae406dcd2b12b8ca6af5,dlstupka/hth-baptisms-san-antonio-1788-1824--1858-1898,61efff529fb7330a92f8d423c40c45bc60bb841c,dlstupka/hth,61efff529fb7330a92f8d423c40c45bc60bb841c,1786,1361,1.0,False,0,-0.25,0.0,0,0,0,0,0,0,0,0,1786,1361,147.86,73.092,221.0,3778.701,6.2772,0.202201,1.4e-05,0.43,0.619,0.0,False,False,False,False,False,False,0.766,review,very_small_content_region,
173,Baptisms_San_Antonio_Baptism_Records_1788-1824_1858-1898.docx,173,raw/fs_0173.png,59ceb09d2ca8da4123473d305e15b0439c45b6c77146cc16ef7e323012321be8,dlstupka/hth-baptisms-san-antonio-1788-1824--1858-1898,61efff529fb7330a92f8d423c40c45bc60bb841c,dlstupka/hth,61efff529fb7330a92f8d423c40c45bc60bb841c,1786,1361,1.0,False,0,0.25,0.002,0,0,0,0,0,0,0,0,1786,1361,128.079,81.782,203.0,3714.078,6.0463,0.298477,1e-05,0.0,0.599,0.0,False,False,False,False,False,False,0.737,review,very_small_content_region,
174,Baptisms_San_Antonio_Baptism_Records_1788-1824_1858-1898.docx,174,raw/fs_0174.png,76f5b31c118f440ac5e33fa0546c0256d65de36baa37529c5d893017bae4f897,dlstupka/hth-baptisms-san-antonio-1788-1824--1858-1898,61efff529fb7330a92f8d423c40c45bc60bb841c,dlstupka/hth,61efff529fb7330a92f8d423c40c45bc60bb841c,1786,1361,1.0,False,0,0.25,0.0,0,0,0,0,0,0,0,0,1786,1361,129.027,81.22,204.0,3668.826,6.0951,0.291972,1.1e-05,0.0,0.582,0.0,False,False,False,False,False,False,0.738,review,very_small_content_region,
175,Baptisms_San_Antonio_Baptism_Records_1788-1824_1858-1898.docx,175,raw/fs_0175.png,b1db90b60362243bfccb2ac70fc1475ad567ccf3fb167ccc82e909ed9d085dc4,dlstupka/hth-baptisms-san-antonio-1788-1824--1858-1898,61efff529fb7330a92f8d423c40c45bc60bb841c,dlstupka/hth,61efff529fb7330a92f8d423c40c45bc60bb841c,1786,1361,1.0,False,0,0.25,0.0,0,0,0,0,0,0,0,0,1786,1361,127.874,79.154,200.0,3386.244,6.1122,0.285948,5e-06,0.0,0.583,0.0,False,False,False,False,False,False,0.736,review,very_small_content_region,
176,Baptisms_San_Antonio_Baptism_Records_1788-1824_1858-1898.docx,176,raw/fs_0176.png,63156c7d3866567f9b50a13f82b918857d4b6060fee60929796ced2e309572e8,dlstupka/hth-baptisms-san-antonio-1788-1824--1858-1898,61efff529fb7330a92f8d423c40c45bc60bb841c,dlstupka/hth,61efff529fb7330a92f8d423c40c45bc60bb841c,1786,1361,1.0,False,0,0.25,0.002,0,0,0,0,0,0,0,0,1786,1361,131.976,74.703,200.0,3252.447,6.2041,0.250409,1e-06,0.0,0.602,0.0,False,False,False,False,False,False,0.742,review,very_small_content_region,
177,Baptisms_San_Antonio_Baptism_Records_1788-1824_1858-1898.docx,177,raw/fs_0177.png,99d22e75e1b377c62422be609aca7209ad0357aa5eb289dc9dd3fe0f34848dea,dlstupka/hth-baptisms-san-antonio-1788-1824--1858-1898,61efff529fb7330a92f8d423c40c45bc60bb841c,dlstupka/hth,61efff529fb7330a92f8d423c40c45bc60bb841c,1786,1361,1.0,False,0,-0.25,0.0,0,0,0,0,0,0,0,0,1786,1361,130.457,75.563,200.0,3753.287,6.2531,0.261826,1e-05,0.0,0.625,0.0,False,False,False,False,False,False,0.74,review,very_small_content_region,
178,Baptisms_San_Antonio_Baptism_Records_1788-1824_1858-1898.docx,178,raw/fs_0178.png,626aecb4ca25fe27fcbc4013af470760d9b0deb5b776affec8852467f5755338,dlstupka/hth-baptisms-san-antonio-1788-1824--1858-1898,61efff529fb7330a92f8d423c40c45bc60bb841c,dlstupka/hth,61efff529fb7330a92f8d423c40c45bc60bb841c,1786,1361,1.0,False,0,-0.25,0.0,0,0,0,0,0,0,0,0,1786,1361,123.686,79.026,198.0,3640.844,6.1344,0.300972,3e-06,0.0,0.611,0.0,False,False,False,False,False,False,0.73,review,very_small_content_region,
179,Baptisms_San_Antonio_Baptism_Records_1788-1824_1858-1898.docx,179,raw/fs_0179.png,1fec2e07aa3825a7ff7f31f7291f00d361d35c3147a0c3452470a7974c7289c7,dlstupka/hth-baptisms-san-antonio-1788-1824--1858-1898,61efff529fb7330a92f8d423c40c45bc60bb841c,dlstupka/hth,61efff529fb7330a92f8d423c40c45bc60bb841c,1786,1361,1.0,False,0,0.25,0.001,0,0,0,0,0,0,0,0,1786,1361,126.244,79.184,200.0,3808.359,6.1486,0.29382,1.2e-05,0.0,0.606,0.0,False,False,False,False,False,False,0.734,review,very_small_content_region,
180,Baptisms_San_Antonio_Baptism_Records_1788-1824_1858-1898.docx,180,raw/fs_0180.png,28657ace512ce18cb408341ac37f3d3f48a972843685b8c8032e7465de1fda50,dlstupka/hth-baptisms-san-antonio-1788-1824--1858-1898,61efff529fb7330a92f8d423c40c45bc60bb841c,dlstupka/hth,61efff529fb7330a92f8d423c40c45bc60bb841c,1786,1361,1.0,False,0,-0.25,0.0,0,0,0,0,0,0,0,0,1786,1361,139.43,75.788,221.0,3459.445,6.0838,0.232957,1e-05,0.463,0.597,0.0,False,False,False,False,False,False,0.753,review,very_small_content_region,
181,Baptisms_San_Antonio_Baptism_Records_1788-1824_1858-1898.docx,181,raw/fs_0181.png,d95bbe5416fa28bd95de4c5f87a1892b99d47176ca0df95123c75c00db5bc0d6,dlstupka/hth-baptisms-san-antonio-1788-1824--1858-1898,61efff529fb7330a92f8d423c40c45bc60bb841c,dlstupka/hth,61efff529fb7330a92f8d423c40c45bc60bb841c,1786,1361,1.0,False,0,0.25,0.0,167,41,1595,1320,1428,1279,167,41,191,41,171.984,41.472,138.0,4120.071,6.3682,0.061031,1.7e-05,0.144,0.675,0.751379,False,False,False,False,False,False,0.888,pass,,
182,Baptisms_San_Antonio_Baptism_Records_1788-1824_1858-1898.docx,182,raw/fs_0182.png,37b5975a7cc5c9b33fbe5926c456a6039d7ca3b78182b37a218b61d0b7ea52d4,dlstupka/hth-baptisms-san-antonio-1788-1824--1858-1898,61efff529fb7330a92f8d423c40c45bc60bb841c,dlstupka/hth,61efff529fb7330a92f8d423c40c45bc60bb841c,1786,1361,1.0,False,0,0.25,0.001,152,77,1629,1313,1477,1236,152,77,157,48,163.567,50.401,175.0,4394.191,6.6477,0.096199,1.5e-05,0.0,0.693,0.751034,False,False,False,False,False,False,0.921,pass,,
183,Baptisms_San_Antonio_Baptism_Records_1788-1824_1858-1898.docx,183,raw/fs_0183.png,4ffb8db93b4a249cb1c668a013cc525fa2605ba7cc6f3890819ce977b2ebe88b,dlstupka/hth-baptisms-san-antonio-1788-1824--1858-1898,61efff529fb7330a92f8d423c40c45bc60bb841c,dlstupka/hth,61efff529fb7330a92f8d423c40c45bc60bb841c,1786,1361,1.0,False,0,-0.25,0.0,151,72,1625,1307,1474,1235,151,72,161,54,163.762,49.857,174.0,4241.553,6.5518,0.094189,9e-06,0.0,0.684,0.748902,False,False,False,False,False,False,0.918,pass,,
184,Baptisms_San_Antonio_Baptism_Records_1788-1824_1858-1898.docx,184,raw/fs_0184.png,684403c71a8e4f77b302a61d0e4ea0538a6db107f20251eff6cbe4ac8065e3f7,dlstupka/hth-baptisms-san-antonio-1788-1824--1858-1898,61efff529fb7330a92f8d423c40c45bc60bb841c,dlstupka/hth,61efff529fb7330a92f8d423c40c45bc60bb841c,1786,1361,1.0,False,0,-0.25,0.0,904,38,1598,1304,694,1266,904,38,188,57,176.506,39.546,131.0,4092.531,6.0114,0.056195,8e-06,0.324,0.675,0.361454,False,False,False,False,False,False,0.885,pass,,
185,Baptisms_San_Antonio_Baptism_Records_1788-1824_1858-1898.docx,185,raw/fs_0185.png,bd494f65cbc7d8a036c488716b7defd5b3f12229f6e6cb1152a677758c94142a,dlstupka/hth-baptisms-san-antonio-1788-1824--1858-1898,61efff529fb7330a92f8d423c40c45bc60bb841c,dlstupka/hth,61efff529fb7330a92f8d423c40c45bc60bb841c,1786,1361,1.0,False,0,-0.25,0.001,153,74,1637,1317,1484,1243,153,74,149,44,164.339,51.276,178.0,4506.001,6.626,0.09858,9e-06,0.0,0.69,0.758867,False,False,False,False,False,False,0.926,pass,,
186,Baptisms_San_Antonio_Baptism_Records_1788-1824_1858-1898.docx,186,raw/fs_0186.png,57b4758de57c3a4576461436b45e20a79117f79ad90760d37ee634ac1cdc3fdc,dlstupka/hth-baptisms-san-antonio-1788-1824--1858-1898,61efff529fb7330a92f8d423c40c45bc60bb841c,dlstupka/hth,61efff529fb7330a92f8d423c40c45bc60bb841c,1786,1361,1.0,False,0,0.25,0.007,0,0,0,0,0,0,0,0,1786,1361,134.676,79.335,205.0,4050.105,6.328,0.267963,2e-05,0.0,0.617,0.0,False,False,False,False,False,False,0.746,review,very_small_content_region,
187,Baptisms_San_Antonio_Baptism_Records_1788-1824_1858-1898.docx,187,raw/fs_0187.png,79a1fd3400196f346a7bf86c0b92600834a1083324a50ec814551be16cc53838,dlstupka/hth-baptisms-san-antonio-1788-1824--1858-1898,61efff529fb7330a92f8d423c40c45bc60bb841c,dlstupka/hth,61efff529fb7330a92f8d423c40c45bc60bb841c,1786,1361,1.0,False,0,0.25,0.0,0,0,0,0,0,0,0,0,1786,1361,126.319,81.125,202.0,4060.13,6.1325,0.303039,1.3e-05,0.0,0.616,0.0,False,False,False,False,False,False,0.734,review,very_small_content_region,
188,Baptisms_San_Antonio_Baptism_Records_1788-1824_1858-1898.docx,188,raw/fs_0188.png,cd52bb0d432f65e2e24c14641fc09ecf6bd6afb4874e1c1a78a3bc921b85de38,dlstupka/hth-baptisms-san-antonio-1788-1824--1858-1898,61efff529fb7330a92f8d423c40c45bc60bb841c,dlstupka/hth,61efff529fb7330a92f8d423c40c45bc60bb841c,1786,1361,1.0,False,0,-0.25,0.001,156,70,1640,1310,1484,1240,156,70,146,51,165.044,50.684,178.0,4307.664,6.5491,0.094484,2.2e-05,0.0,0.683,0.757035,False,False,False,False,False,False,0.924,pass,,
189,Baptisms_San_Antonio_Baptism_Records_1788-1824_1858-1898.docx,189,raw/fs_0189.png,b9e96450c8018eac9f88df5fd09e16f10aab0ddc2f1a2f4f5e7fb5859c4601ce,dlstupka/hth-baptisms-san-antonio-1788-1824--1858-1898,61efff529fb7330a92f8d423c40c45bc60bb841c,dlstupka/hth,61efff529fb7330a92f8d423c40c45bc60bb841c,1786,1361,1.0,False,0,0.25,0.001,170,69,1648,1306,1478,1237,170,69,138,55,166.894,50.368,175.0,4606.02,6.6288,0.090979,3.3e-05,0.0,0.686,0.75215,False,False,False,False,False,False,0.925,pass,,
190,Baptisms_San_Antonio_Baptism_Records_1788-1824_1858-1898.docx,190,raw/fs_0190.png,28288d1328b1538917fb180c10d9a91c73fe732e16869c03822918c242067dd5,dlstupka/hth-baptisms-san-antonio-1788-1824--1858-1898,61efff529fb7330a92f8d423c40c45bc60bb841c,dlstupka/hth,61efff529fb7330a92f8d423c40c45bc60bb841c,1786,1361,1.0,False,0,-0.25,0.005,172,73,1651,1312,1479,1239,172,73,135,49,165.613,52.278,183.0,4655.464,6.6234,0.100335,2.1e-05,0.0,0.671,0.753876,False,False,False,False,False,False,0.933,pass,,
191,Baptisms_San_Antonio_Baptism_Records_1788-1824_1858-1898.docx,191,raw/fs_0191.png,957bc4836743d23f98a9693087afddc753783fb9f4b349fe31d3718d5cba74e1,dlstupka/hth-baptisms-san-antonio-1788-1824--1858-1898,61efff529fb7330a92f8d423c40c45bc60bb841c,dlstupka/hth,61efff529fb7330a92f8d423c40c45bc60bb841c,1786,1361,1.0,False,0,0.25,0.001,0,0,0,0,0,0,0,0,1786,1361,128.74,83.039,205.0,4040.607,6.155,0.304332,3.2e-05,0.0,0.626,0.0,False,False,False,False,False,False,0.737,review,very_small_content_region,
192,Baptisms_San_Antonio_Baptism_Records_1788-1824_1858-1898.docx,192,raw/fs_0192.png,0deff1e38ac7fc8f8cdc4045e31647daf6c59fc68f614dccc2627f4d41572b81,dlstupka/hth-baptisms-san-antonio-1788-1824--1858-1898,61efff529fb7330a92f8d423c40c45bc60bb841c,dlstupka/hth,61efff529fb7330a92f8d423c40c45bc60bb841c,1786,1361,1.0,False,0,-0.25,0.0,0,0,0,0,0,0,0,0,1786,1361,127.687,81.202,203.0,4085.649,6.1749,0.298633,1.6e-05,0.0,0.632,0.0,False,False,False,False,False,False,0.736,review,very_small_content_region,
193,Baptisms_San_Antonio_Baptism_Records_1788-1824_1858-1898.docx,193,raw/fs_0193.png,2a18bb34795d5cc46953107ab60013721c764aaac6e7161f8c7fd5f8e420d387,dlstupka/hth-baptisms-san-antonio-1788-1824--1858-1898,61efff529fb7330a92f8d423c40c45bc60bb841c,dlstupka/hth,61efff529fb7330a92f8d423c40c45bc60bb841c,1786,1361,1.0,False,0,-0.25,0.002,0,0,0,0,0,0,0,0,1786,1361,128.105,82.547,205.0,4000.85,6.1046,0.302581,3.6e-05,0.0,0.617,0.0,False,False,False,False,False,False,0.737,review,very_small_content_region,
194,Baptisms_San_Antonio_Baptism_Records_1788-1824_1858-1898.docx,194,raw/fs_0194.png,19c8a64d0762141fe9ba2cd5259a39d4bed0461091e92eeb558bd3fefecc51b1,dlstupka/hth-baptisms-san-antonio-1788-1824--1858-1898,61efff529fb7330a92f8d423c40c45bc60bb841c,dlstupka/hth,61efff529fb7330a92f8d423c40c45bc60bb841c,1786,1361,1.0,False,0,-0.25,0.0,0,0,0,0,0,0,0,0,1786,1361,128.999,80.403,202.0,3400.24,6.1071,0.286941,9e-06,0.0,0.588,0.0,False,False,False,False,False,False,0.738,review,very_small_content_region,
195,Baptisms_San_Antonio_Baptism_Records_1788-1824_1858-1898.docx,195,raw/fs_0195.png,a76ca8b3105f13bd6affb4c8a7137519db179a10d617bcc66a29b765830dc327,dlstupka/hth-baptisms-san-antonio-1788-1824--1858-1898,61efff529fb7330a92f8d423c40c45bc60bb841c,dlstupka/hth,61efff529fb7330a92f8d423c40c45bc60bb841c,1786,1361,1.0,False,0,0.25,0.0,0,0,0,0,0,0,0,0,1786,1361,128.705,82.684,205.0,3929.473,6.0766,0.30164,1.8e-05,0.0,0.596,0.0,False,False,False,False,False,False,0.737,review,very_small_content_region,
196,Baptisms_San_Antonio_Baptism_Records_1788-1824_1858-1898.docx,196,raw/fs_0196.png,d9f2341d929f367e00b311770b3548f374ee330f9529b9c987b501d13cb065cd,dlstupka/hth-baptisms-san-antonio-1788-1824--1858-1898,61efff529fb7330a92f8d423c40c45bc60bb841c,dlstupka/hth,61efff529fb7330a92f8d423c40c45bc60bb841c,1786,1361,1.0,False,0,-0.25,0.0,0,0,0,0,0,0,0,0,1786,1361,125.161,78.08,195.0,3686.434,6.0473,0.292192,5e-06,0.0,0.624,0.0,False,False,False,False,False,False,0.732,review,very_small_content_region,
197,Baptisms_San_Antonio_Baptism_Records_1788-1824_1858-1898.docx,197,raw/fs_0197.png,dd8543956f9e7665f17add55539b5d5d323ac63b4ce0a4d4ccaa55e58628b5bf,dlstupka/hth-baptisms-san-antonio-1788-1824--1858-1898,61efff529fb7330a92f8d423c40c45bc60bb841c,dlstupka/hth,61efff529fb7330a92f8d423c40c45bc60bb841c,1786,1361,1.0,False,0,0.25,0.006,894,80,1568,1289,674,1209,894,80,218,72,181.247,37.819,120.0,3897.626,6.0383,0.045048,1.8e-05,0.28,0.637,0.335233,False,False,False,False,False,False,0.884,pass,,
198,Baptisms_San_Antonio_Baptism_Records_1788-1824_1858-1898.docx,198,raw/fs_0198.png,6a9a8d366fbe790624eac6cf4e649c34d3ae291351277a2a5a5e669f22630cb0,dlstupka/hth-baptisms-san-antonio-1788-1824--1858-1898,61efff529fb7330a92f8d423c40c45bc60bb841c,dlstupka/hth,61efff529fb7330a92f8d423c40c45bc60bb841c,1786,1361,1.0,False,0,0.25,0.006,0,0,0,0,0,0,0,0,1786,1361,130.731,80.44,204.0,3767.918,6.2367,0.284137,1.5e-05,0.232,0.621,0.0,False,False,False,False,False,False,0.74,review,very_small_content_region,
199,Baptisms_San_Antonio_Baptism_Records_1788-1824_1858-1898.docx,199,raw/fs_0199.png,7e8a08a885b9edffb30ee87b268e6c45f123828b4d67f16ae4ac92094aee9b16,dlstupka/hth-baptisms-san-antonio-1788-1824--1858-1898,61efff529fb7330a92f8d423c40c45bc60bb841c,dlstupka/hth,61efff529fb7330a92f8d423c40c45bc60bb841c,1786,1361,1.0,False,0,0.25,0.008,0,0,0,0,0,0,0,0,1786,1361,129.655,81.487,205.0,3769.909,6.2346,0.293556,1.7e-05,0.066,0.63,0.0,False,False,False,False,False,False,0.739,review,very_small_content_region,
200,Baptisms_San_Antonio_Baptism_Records_1788-1824_1858-1898.docx,200,raw/fs_0200.png,8c5ec3bf7928b7ff4fd968bcd030c1d953262944b825168591f98dd370bb3a56,dlstupka/hth-baptisms-san-antonio-1788-1824--1858-1898,61efff529fb7330a92f8d423c40c45bc60bb841c,dlstupka/hth,61efff529fb7330a92f8d423c40c45bc60bb841c,1786,1361,1.0,False,0,-0.25,0.012,0,0,0,0,0,0,0,0,1786,1361,130.574,82.699,207.0,4051.399,6.2345,0.29776,3.3e-05,0.067,0.631,0.0,False,False,False,False,False,False,0.74,review,very_small_content_region,
201,Baptisms_San_Antonio_Baptism_Records_1788-1824_1858-1898.docx,201,raw/fs_0201.png,e4847d1bb210a00c6513081774aebb198aaceed537c1ef9294e60c0eebe2a3ce,dlstupka/hth-baptisms-san-antonio-1788-1824--1858-1898,61efff529fb7330a92f8d423c40c45bc60bb841c,dlstupka/hth,61efff529fb7330a92f8d423c40c45bc60bb841c,1786,1361,1.0,False,0,0.25,0.071,174,75,1638,1313,1464,1238,174,75,148,48,168.66,50.172,174.0,4607.676,6.5884,0.088302,5.2e-05,0.0,0.678,0.745628,False,False,False,False,False,False,0.927,pass,,
202,Baptisms_San_Antonio_Baptism_Records_1788-1824_1858-1898.docx,202,raw/fs_0202.png,7b57d1e8c81c3a5c2241ad5029f7940e80d28bbdcee83ff42bf9b92da655a9f4,dlstupka/hth-baptisms-san-antonio-1788-1824--1858-1898,61efff529fb7330a92f8d423c40c45bc60bb841c,dlstupka/hth,61efff529fb7330a92f8d423c40c45bc60bb841c,1786,1361,1.0,False,0,0.25,0.007,183,76,1644,1311,1461,1235,183,76,142,50,166.043,51.131,177.0,4891.89,6.6485,0.096918,4e-05,0.0,0.697,0.742297,False,False,False,False,False,False,0.928,pass,,
203,Baptisms_San_Antonio_Baptism_Records_1788-1824_1858-1898.docx,203,raw/fs_0203.png,0026467720f5359e00aa6c7181878bde4be9ea63dc0220b8c440ee1615be854b,dlstupka/hth-baptisms-san-antonio-1788-1824--1858-1898,61efff529fb7330a92f8d423c40c45bc60bb841c,dlstupka/hth,61efff529fb7330a92f8d423c40c45bc60bb841c,1786,1361,1.0,False,0,-0.25,0.003,184,83,1641,1317,1457,1234,184,83,145,44,166.287,53.124,185.0,4987.672,6.6893,0.102685,5.6e-05,0.0,0.705,0.739665,False,False,False,False,False,False,0.938,pass,,
204,Baptisms_San_Antonio_Baptism_Records_1788-1824_1858-1898.docx,204,raw/fs_0204.png,1c9be514172c99b8e7339a77722f618727cc04525ad1dc4e4d647fc8c1cde1c0,dlstupka/hth-baptisms-san-antonio-1788-1824--1858-1898,61efff529fb7330a92f8d423c40c45bc60bb841c,dlstupka/hth,61efff529fb7330a92f8d423c40c45bc60bb841c,1786,1361,1.0,False,0,0.25,0.0,0,0,0,0,0,0,0,0,1786,1361,124.042,80.614,201.0,4091.253,6.2461,0.309658,1.8e-05,0.275,0.636,0.0,False,False,False,False,False,False,0.731,review,very_small_content_region,
205,Baptisms_San_Antonio_Baptism_Records_1788-1824_1858-1898.docx,205,raw/fs_0205.png,f224381452f3ff5e0e2af06eca3a45fdb0c41b2924aaa9c24d6583874aa6e101,dlstupka/hth-baptisms-san-antonio-1788-1824--1858-1898,61efff529fb7330a92f8d423c40c45bc60bb841c,dlstupka/hth,61efff529fb7330a92f8d423c40c45bc60bb841c,1786,1361,1.0,False,0,-0.25,0.0,0,0,0,0,0,0,0,0,1786,1361,124.26,78.433,195.0,3695.332,6.1012,0.297633,7e-06,0.602,0.616,0.0,False,False,False,False,False,False,0.731,review,very_small_content_region,
206,Baptisms_San_Antonio_Baptism_Records_1788-1824_1858-1898.docx,206,raw/fs_0206.png,7c6963c2d273f2f57745b3d85f5f66be5d5d12c0e4828eb6e191b6442318d1bc,dlstupka/hth-baptisms-san-antonio-1788-1824--1858-1898,61efff529fb7330a92f8d423c40c45bc60bb841c,dlstupka/hth,61efff529fb7330a92f8d423c40c45bc60bb841c,1786,1361,1.0,False,0,-0.25,0.013,189,70,1646,1309,1457,1239,189,70,140,52,167.592,52.215,179.0,5165.702,6.661,0.098352,4.9e-05,0.0,0.708,0.742662,False,False,False,False,False,False,0.936,pass,,
207,Baptisms_San_Antonio_Baptism_Records_1788-1824_1858-1898.docx,207,raw/fs_0207.png,81d810197c887ff60b014bbf443384cf913575c827e8651a40cf3195a60d93f7,dlstupka/hth-baptisms-san-antonio-1788-1824--1858-1898,61efff529fb7330a92f8d423c40c45bc60bb841c,dlstupka/hth,61efff529fb7330a92f8d423c40c45bc60bb841c,1786,1361,1.0,False,0,0.25,0.005,0,0,0,0,0,0,0,0,1786,1361,129.006,84.388,207.0,3968.669,6.1203,0.309567,2.5e-05,0.009,0.601,0.0,False,False,False,False,False,False,0.738,review,very_small_content_region,
208,Baptisms_San_Antonio_Baptism_Records_1788-1824_1858-1898.docx,208,raw/fs_0208.png,22a21fa64cd786965eb1f5d308149fa9ece38577513934111e64eb6b3f982521,dlstupka/hth-baptisms-san-antonio-1788-1824--1858-1898,61efff529fb7330a92f8d423c40c45bc60bb841c,dlstupka/hth,61efff529fb7330a92f8d423c40c45bc60bb841c,1786,1361,1.0,False,0,-0.25,0.0,0,0,0,0,0,0,0,0,1786,1361,126.975,81.958,203.0,4031.948,6.1349,0.306923,1.4e-05,0.286,0.61,0.0,False,False,False,False,False,False,0.735,review,very_small_content_region,
209,Baptisms_San_Antonio_Baptism_Records_1788-1824_1858-1898.docx,209,raw/fs_0209.png,8bf2e930007d3f4861f4cd201a862f3e94f94754020f9f6867d8eed0ecc8bdd2,dlstupka/hth-baptisms-san-antonio-1788-1824--1858-1898,61efff529fb7330a92f8d423c40c45bc60bb841c,dlstupka/hth,61efff529fb7330a92f8d423c40c45bc60bb841c,1786,1361,1.0,False,0,0.25,0.001,0,0,0,0,0,0,0,0,1786,1361,130.655,83.168,206.0,4011.14,6.1219,0.299668,3.2e-05,0.018,0.606,0.0,False,False,False,False,False,False,0.74,review,very_small_content_region,
210,Baptisms_San_Antonio_Baptism_Records_1788-1824_1858-1898.docx,210,raw/fs_0210.png,c1b4702a6c3bd991eb75ed0d3a605680c55e82abe5d0286557714bcfa643070d,dlstupka/hth-baptisms-san-antonio-1788-1824--1858-1898,61efff529fb7330a92f8d423c40c45bc60bb841c,dlstupka/hth,61efff529fb7330a92f8d423c40c45bc60bb841c,1786,1361,1.0,False,0,0.25,0.0,0,0,0,0,0,0,0,0,1786,1361,126.645,83.656,205.0,3898.302,6.0417,0.312142,2.1e-05,0.0,0.578,0.0,False,False,False,False,False,False,0.734,review,very_small_content_region,
211,Baptisms_San_Antonio_Baptism_Records_1788-1824_1858-1898.docx,211,raw/fs_0211.png,6132fa1d4665bf45152dfa47b157b636f9540621737c74a83058df6b1e1667c0,dlstupka/hth-baptisms-san-antonio-1788-1824--1858-1898,61efff529fb7330a92f8d423c40c45bc60bb841c,dlstupka/hth,61efff529fb7330a92f8d423c40c45bc60bb841c,1786,1361,1.0,False,0,-0.25,0.0,0,0,0,0,0,0,0,0,1786,1361,123.395,82.652,202.0,3974.97,6.0449,0.322041,1.3e-05,0.0,0.594,0.0,False,False,False,False,False,False,0.73,review,very_small_content_region,
212,Baptisms_San_Antonio_Baptism_Records_1788-1824_1858-1898.docx,212,raw/fs_0212.png,22cf7521151a967d828ae19b4f6db74a7ac7199801d0c90d7eb5807c2213df3d,dlstupka/hth-baptisms-san-antonio-1788-1824--1858-1898,61efff529fb7330a92f8d423c40c45bc60bb841c,dlstupka/hth,61efff529fb7330a92f8d423c40c45bc60bb841c,1786,1361,1.0,False,0,0.25,0.003,0,0,0,0,0,0,0,0,1786,1361,131.069,81.484,205.0,4042.639,6.1768,0.290663,3e-05,0.0,0.629,0.0,False,False,False,False,False,False,0.741,review,very_small_content_region,
213,Baptisms_San_Antonio_Baptism_Records_1788-1824_1858-1898.docx,213,raw/fs_0213.png,fab9d8fd23107e98919e64f759598c6655a170696400ca296ba901ac5a2b3166,dlstupka/hth-baptisms-san-antonio-1788-1824--1858-1898,61efff529fb7330a92f8d423c40c45bc60bb841c,dlstupka/hth,61efff529fb7330a92f8d423c40c45bc60bb841c,1786,1361,1.0,False,0,0.25,0.0,0,0,0,0,0,0,0,0,1786,1361,131.885,81.967,205.0,3933.277,6.0706,0.287555,2.2e-05,0.0,0.599,0.0,False,False,False,False,False,False,0.742,review,very_small_content_region,
214,Baptisms_San_Antonio_Baptism_Records_1788-1824_1858-1898.docx,214,raw/fs_0214.png,771e0a9cb44e3bef27609df9a0b3c7a6c721166a0212b22ffc48ffc55210edd9,dlstupka/hth-baptisms-san-antonio-1788-1824--1858-1898,61efff529fb7330a92f8d423c40c45bc60bb841c,dlstupka/hth,61efff529fb7330a92f8d423c40c45bc60bb841c,1786,1361,1.0,False,0,-0.25,0.0,0,0,0,0,0,0,0,0,1786,1361,129.291,83.69,206.0,3451.849,5.9282,0.303049,9e-06,0.0,0.584,0.0,False,False,False,False,False,False,0.738,review,very_small_content_region,
215,Baptisms_San_Antonio_Baptism_Records_1788-1824_1858-1898.docx,215,raw/fs_0215.png,b8cd8aaf16f8591cd9d9b9abbb2ab5553d1ee246512883e314da652a67866d53,dlstupka/hth-baptisms-san-antonio-1788-1824--1858-1898,61efff529fb7330a92f8d423c40c45bc60bb841c,dlstupka/hth,61efff529fb7330a92f8d423c40c45bc60bb841c,1786,1361,1.0,False,0,0.25,0.006,0,0,0,0,0,0,0,0,1786,1361,129.167,83.06,205.0,3853.42,6.0484,0.301219,3.4e-05,0.02,0.6,0.0,False,False,False,False,False,False,0.738,review,very_small_content_region,
216,Baptisms_San_Antonio_Baptism_Records_1788-1824_1858-1898.docx,216,raw/fs_0216.png,46a9725fb8783a7b0687a07482fe71759164af8bee395e5ffcbe3e23f73ba41b,dlstupka/hth-baptisms-san-antonio-1788-1824--1858-1898,61efff529fb7330a92f8d423c40c45bc60bb841c,dlstupka/hth,61efff529fb7330a92f8d423c40c45bc60bb841c,1786,1361,1.0,False,0,-0.25,0.0,0,0,0,0,0,0,0,0,1786,1361,129.568,81.931,204.0,3940.239,6.1389,0.296968,3.3e-05,0.0,0.623,0.0,False,False,False,False,False,False,0.739,review,very_small_content_region,
217,Baptisms_San_Antonio_Baptism_Records_1788-1824_1858-1898.docx,217,raw/fs_0217.png,44c36a50b15ac92d592719cc3d655348194cd1871ff797e695b7d763ad9571d0,dlstupka/hth-baptisms-san-antonio-1788-1824--1858-1898,61efff529fb7330a92f8d423c40c45bc60bb841c,dlstupka/hth,61efff529fb7330a92f8d423c40c45bc60bb841c,1786,1361,1.0,False,0,-0.25,0.0,0,0,0,0,0,0,0,0,1786,1361,126.046,83.266,203.0,3745.16,5.9973,0.314025,2.1e-05,0.0,0.617,0.0,False,False,False,False,False,False,0.734,review,very_small_content_region,
218,Baptisms_San_Antonio_Baptism_Records_1788-1824_1858-1898.docx,218,raw/fs_0218.png,165f877a11538febbd868a3f0d111dbffbac3f1e61bd774fb1f63f46c3715e5a,dlstupka/hth-baptisms-san-antonio-1788-1824--1858-1898,61efff529fb7330a92f8d423c40c45bc60bb841c,dlstupka/hth,61efff529fb7330a92f8d423c40c45bc60bb841c,1786,1361,1.0,False,0,0.25,0.001,0,0,0,0,0,0,0,0,1786,1361,130.342,82.802,204.0,3546.425,5.9951,0.296096,1e-05,0.0,0.604,0.0,False,False,False,False,False,False,0.74,review,very_small_content_region,
219,Baptisms_San_Antonio_Baptism_Records_1788-1824_1858-1898.docx,219,raw/fs_0219.png,ab6cad708a6fdceb05938b176578e4f2d1be5625e73b5f62b9995052ed9b6735,dlstupka/hth-baptisms-san-antonio-1788-1824--1858-1898,61efff529fb7330a92f8d423c40c45bc60bb841c,dlstupka/hth,61efff529fb7330a92f8d423c40c45bc60bb841c,1786,1361,1.0,False,0,0.25,0.001,0,0,0,0,0,0,0,0,1786,1361,129.017,82.752,204.0,3704.283,5.951,0.3009,1.2e-05,0.0,0.578,0.0,False,False,False,False,False,False,0.738,review,very_small_content_region,
220,Baptisms_San_Antonio_Baptism_Records_1788-1824_1858-1898.docx,220,raw/fs_0220.png,311ed63cf33d6170a9ea938f54d832e0c0cb1c2b136accdde3580ffa41ca5851,dlstupka/hth-baptisms-san-antonio-1788-1824--1858-1898,61efff529fb7330a92f8d423c40c45bc60bb841c,dlstupka/hth,61efff529fb7330a92f8d423c40c45bc60bb841c,1786,1361,1.0,False,0,0.25,0.012,0,0,0,0,0,0,0,0,1786,1361,128.84,84.117,206.0,3867.557,5.9851,0.308884,1.8e-05,0.0,0.605,0.0,False,False,False,False,False,False,0.738,review,very_small_content_region,
221,Baptisms_San_Antonio_Baptism_Records_1788-1824_1858-1898.docx,221,raw/fs_0221.png,d562f76dc184e12a0ba42f34ac78000eed7fb32214ac2a047c97c4f36b33ec71,dlstupka/hth-baptisms-san-antonio-1788-1824--1858-1898,61efff529fb7330a92f8d423c40c45bc60bb841c,dlstupka/hth,61efff529fb7330a92f8d423c40c45bc60bb841c,1786,1361,1.0,False,0,0.25,0.018,0,0,0,0,0,0,0,0,1786,1361,140.021,81.397,221.0,3844.892,6.0696,0.259844,3.2e-05,0.479,0.594,0.0,False,False,False,False,False,False,0.754,review,very_small_content_region,
222,Baptisms_San_Antonio_Baptism_Records_1788-1824_1858-1898.docx,222,raw/fs_0222.png,bb4bd768e48ca0c372788ac0d9a261e4d9da689b7c85cf2babba9ad26a9c0925,dlstupka/hth-baptisms-san-antonio-1788-1824--1858-1898,61efff529fb7330a92f8d423c40c45bc60bb841c,dlstupka/hth,61efff529fb7330a92f8d423c40c45bc60bb841c,1786,1361,1.0,False,0,0.25,0.001,148,71,1637,1312,1489,1241,148,71,149,49,163.09,50.521,178.0,4629.184,6.6471,0.098835,1.9e-05,0.0,0.685,0.760198,False,False,False,False,False,False,0.92,pass,,
223,Baptisms_San_Antonio_Baptism_Records_1788-1824_1858-1898.docx,223,raw/fs_0223.png,d325dfe0f8697fd0e12ea5525253d5f0fae1fd4eeee2543365b6c8eae2891a5e,dlstupka/hth-baptisms-san-antonio-1788-1824--1858-1898,61efff529fb7330a92f8d423c40c45bc60bb841c,dlstupka/hth,61efff529fb7330a92f8d423c40c45bc60bb841c,1786,1361,1.0,False,0,0.25,0.001,0,0,0,0,0,0,0,0,1786,1361,123.553,80.678,200.0,4390.457,6.2173,0.314236,9e-06,0.358,0.64,0.0,False,False,False,False,False,False,0.73,review,very_small_content_region,
224,Baptisms_San_Antonio_Baptism_Records_1788-1824_1858-1898.docx,224,raw/fs_0224.png,6859736f4e9f6d464571c40edb929e7dfa34b31ed4dd1eda6b033c8d0261f3fe,dlstupka/hth-baptisms-san-antonio-1788-1824--1858-1898,61efff529fb7330a92f8d423c40c45bc60bb841c,dlstupka/hth,61efff529fb7330a92f8d423c40c45bc60bb841c,1786,1361,1.0,False,0,-0.25,0.002,165,74,1640,1309,1475,1235,165,74,146,52,162.504,52.777,183.0,5065.572,6.6541,0.109574,1.4e-05,0.0,0.7,0.74941,False,False,False,False,False,False,0.931,pass,,
225,Baptisms_San_Antonio_Baptism_Records_1788-1824_1858-1898.docx,225,raw/fs_0225.png,2f624306363aaf2253b3133cfcff6740f5eb1f06c255a76378568910f481868b,dlstupka/hth-baptisms-san-antonio-1788-1824--1858-1898,61efff529fb7330a92f8d423c40c45bc60bb841c,dlstupka/hth,61efff529fb7330a92f8d423c40c45bc60bb841c,1786,1361,1.0,False,0,-0.25,0.001,169,73,1641,1314,1472,1241,169,73,145,47,166.116,49.751,175.0,4659.394,6.5554,0.091591,4.1e-05,0.0,0.694,0.751519,False,False,False,False,False,False,0.921,pass,,
226,Baptisms_San_Antonio_Baptism_Records_1788-1824_1858-1898.docx,226,raw/fs_0226.png,76d12f60e75e439b9d88262629d23e31593d35e7cb9e5a3371f4e94aaa0eedfb,dlstupka/hth-baptisms-san-antonio-1788-1824--1858-1898,61efff529fb7330a92f8d423c40c45bc60bb841c,dlstupka/hth,61efff529fb7330a92f8d423c40c45bc60bb841c,1786,1361,1.0,False,0,-0.25,0.001,180,75,1651,1315,1471,1240,180,75,135,46,167.175,48.507,168.0,4480.356,6.4608,0.087127,1.3e-05,0.0,0.673,0.750403,False,False,False,False,False,False,0.916,pass,,
227,Baptisms_San_Antonio_Baptism_Records_1788-1824_1858-1898.docx,227,raw/fs_0227.png,ea026a892ba48fdfa64df737877cd15f61946d8a167c582b331bf1ad1b3a349c,dlstupka/hth-baptisms-san-antonio-1788-1824--1858-1898,61efff529fb7330a92f8d423c40c45bc60bb841c,dlstupka/hth,61efff529fb7330a92f8d423c40c45bc60bb841c,1786,1361,1.0,False,0,-0.25,0.001,0,0,0,0,0,0,0,0,1786,1361,127.412,81.588,202.0,4100.999,6.0479,0.301814,1.3e-05,0.009,0.617,0.0,False,False,False,False,False,False,0.736,review,very_small_content_region,
228,Baptisms_San_Antonio_Baptism_Records_1788-1824_1858-1898.docx,228,raw/fs_0228.png,212d622d2413c17171f0e24cd24b3873e781f0db8c6ee4b2c47976a4f6400c7b,dlstupka/hth-baptisms-san-antonio-1788-1824--1858-1898,61efff529fb7330a92f8d423c40c45bc60bb841c,dlstupka/hth,61efff529fb7330a92f8d423c40c45bc60bb841c,1786,1361,1.0,False,0,-0.25,0.0,0,0,0,0,0,0,0,0,1786,1361,123.329,81.36,200.0,4153.959,6.0564,0.314852,1.7e-05,0.0,0.621,0.0,False,False,False,False,False,False,0.73,review,very_small_content_region,
229,Baptisms_San_Antonio_Baptism_Records_1788-1824_1858-1898.docx,229,raw/fs_0229.png,985f2a879452c66219f0a83d90084a0ceeb3a174a8633e3795d29118a55b4c1d,dlstupka/hth-baptisms-san-antonio-1788-1824--1858-1898,61efff529fb7330a92f8d423c40c45bc60bb841c,dlstupka/hth,61efff529fb7330a92f8d423c40c45bc60bb841c,1786,1361,1.0,False,0,-0.25,0.015,0,0,0,0,0,0,0,0,1786,1361,129.543,82.881,205.0,4403.136,6.194,0.304385,3.1e-05,0.064,0.64,0.0,False,False,False,False,False,False,0.739,review,very_small_content_region,
230,Baptisms_San_Antonio_Baptism_Records_1788-1824_1858-1898.docx,230,raw/fs_0230.png,25994e5b20f05740e55a1caf38b8bd441beadc9718246d3b3b8c76cc65ccfaf6,dlstupka/hth-baptisms-san-antonio-1788-1824--1858-1898,61efff529fb7330a92f8d423c40c45bc60bb841c,dlstupka/hth,61efff529fb7330a92f8d423c40c45bc60bb841c,1786,1361,1.0,False,0,-0.25,0.0,0,0,0,0,0,0,0,0,1786,1361,123.429,81.17,196.0,3556.306,5.9341,0.315833,2e-06,0.0,0.57,0.0,False,False,False,False,False,False,0.73,review,very_small_content_region,
231,Baptisms_San_Antonio_Baptism_Records_1788-1824_1858-1898.docx,231,raw/fs_0231.png,fcb482b353e99706374c316b6ab93a70c27db9a512a1e48b15f11a694fd04db4,dlstupka/hth-baptisms-san-antonio-1788-1824--1858-1898,61efff529fb7330a92f8d423c40c45bc60bb841c,dlstupka/hth,61efff529fb7330a92f8d423c40c45bc60bb841c,1786,1361,1.0,False,0,0.25,0.002,0,0,0,0,0,0,0,0,1786,1361,126.39,79.86,199.0,4311.631,6.176,0.302672,8e-06,0.0,0.631,0.0,False,False,False,False,False,False,0.734,review,very_small_content_region,
232,Baptisms_San_Antonio_Baptism_Records_1788-1824_1858-1898.docx,232,raw/fs_0232.png,6ae0d0d9cb46a3d510328a4c7df5e574b242c9f732f91aba0c0f32597a121631,dlstupka/hth-baptisms-san-antonio-1788-1824--1858-1898,61efff529fb7330a92f8d423c40c45bc60bb841c,dlstupka/hth,61efff529fb7330a92f8d423c40c45bc60bb841c,1786,1361,1.0,False,0,0.25,0.0,0,0,0,0,0,0,0,0,1786,1361,127.006,78.669,196.0,3855.26,6.0714,0.292249,2e-06,0.0,0.613,0.0,False,False,False,False,False,False,0.735,review,very_small_content_region,
233,Baptisms_San_Antonio_Baptism_Records_1788-1824_1858-1898.docx,233,raw/fs_0233.png,f87a5f7622f0ec8cf5a0f23fda2e444a27496a52953613388bde050ad02e7918,dlstupka/hth-baptisms-san-antonio-1788-1824--1858-1898,61efff529fb7330a92f8d423c40c45bc60bb841c,dlstupka/hth,61efff529fb7330a92f8d423c40c45bc60bb841c,1786,1361,1.0,False,0,-0.25,0.0,0,0,0,0,0,0,0,0,1786,1361,126.819,78.985,196.0,4039.122,6.1057,0.296565,5e-06,0.027,0.64,0.0,False,False,False,False,False,False,0.735,review,very_small_content_region,
234,Baptisms_San_Antonio_Baptism_Records_1788-1824_1858-1898.docx,234,raw/fs_0234.png,00ee51666e6af272a26f28ccbd7c231f1ee4062ef598837c35b9066d89034195,dlstupka/hth-baptisms-san-antonio-1788-1824--1858-1898,61efff529fb7330a92f8d423c40c45bc60bb841c,dlstupka/hth,61efff529fb7330a92f8d423c40c45bc60bb841c,1786,1361,1.0,False,0,-0.25,0.0,0,0,0,0,0,0,0,0,1786,1361,123.97,79.585,196.0,4284.678,6.0908,0.310317,7e-06,0.123,0.65,0.0,False,False,False,False,False,False,0.73,review,very_small_content_region,
235,Baptisms_San_Antonio_Baptism_Records_1788-1824_1858-1898.docx,235,raw/fs_0235.png,894ae7f741c0eb5dfbdbb4b0ca6b49e20d40a8a518eb7dbc17d4649917e143f9,dlstupka/hth-baptisms-san-antonio-1788-1824--1858-1898,61efff529fb7330a92f8d423c40c45bc60bb841c,dlstupka/hth,61efff529fb7330a92f8d423c40c45bc60bb841c,1786,1361,1.0,False,0,-0.25,0.0,0,0,0,0,0,0,0,0,1786,1361,126.825,79.276,197.0,3940.333,6.0712,0.294505,7e-06,0.034,0.611,0.0,False,False,False,False,False,False,0.735,review,very_small_content_region,
236,Baptisms_San_Antonio_Baptism_Records_1788-1824_1858-1898.docx,236,raw/fs_0236.png,b6d9dd5452161a8cf45dcadb100ffdadb84b6b0ca90f286e0f1077919e317bf0,dlstupka/hth-baptisms-san-antonio-1788-1824--1858-1898,61efff529fb7330a92f8d423c40c45bc60bb841c,dlstupka/hth,61efff529fb7330a92f8d423c40c45bc60bb841c,1786,1361,1.0,False,0,-0.25,0.0,0,0,0,0,0,0,0,0,1786,1361,124.029,80.677,196.0,3887.685,5.9599,0.312225,9e-06,0.596,0.61,0.0,False,False,False,False,False,False,0.731,review,very_small_content_region,
237,Baptisms_San_Antonio_Baptism_Records_1788-1824_1858-1898.docx,237,raw/fs_0237.png,1aa1bd869e6ec75976a8670983e05d90a95e6f25e5e76cec26bde18550b133b1,dlstupka/hth-baptisms-san-antonio-1788-1824--1858-1898,61efff529fb7330a92f8d423c40c45bc60bb841c,dlstupka/hth,61efff529fb7330a92f8d423c40c45bc60bb841c,1786,1361,1.0,False,0,-0.25,0.0,0,0,0,0,0,0,0,0,1786,1361,124.516,79.998,197.0,3915.894,6.0478,0.305064,5e-06,0.046,0.595,0.0,False,False,False,False,False,False,0.731,review,very_small_content_region,
238,Baptisms_San_Antonio_Baptism_Records_1788-1824_1858-1898.docx,238,raw/fs_0238.png,058d6b395124af41be10787639b0bf885ac16dd5945810fb5367940c9ffd48b7,dlstupka/hth-baptisms-san-antonio-1788-1824--1858-1898,61efff529fb7330a92f8d423c40c45bc60bb841c,dlstupka/hth,61efff529fb7330a92f8d423c40c45bc60bb841c,1786,1361,1.0,False,0,-0.25,0.0,0,0,0,0,0,0,0,0,1786,1361,126.985,79.951,197.0,3489.081,5.9366,0.293057,7e-06,0.0,0.563,0.0,False,False,False,False,False,False,0.735,review,very_small_content_region,
239,Baptisms_San_Antonio_Baptism_Records_1788-1824_1858-1898.docx,239,raw/fs_0239.png,4a1596985750d4cdc27b6b54b54749074968cebc02f52ef81fdc341298070694,dlstupka/hth-baptisms-san-antonio-1788-1824--1858-1898,61efff529fb7330a92f8d423c40c45bc60bb841c,dlstupka/hth,61efff529fb7330a92f8d423c40c45bc60bb841c,1786,1361,1.0,False,0,-0.25,0.0,0,0,0,0,0,0,0,0,1786,1361,126.09,80.118,198.0,3969.724,6.0185,0.300323,1.2e-05,0.0,0.589,0.0,False,False,False,False,False,False,0.734,review,very_small_content_region,
240,Baptisms_San_Antonio_Baptism_Records_1788-1824_1858-1898.docx,240,raw/fs_0240.png,ed0fd98bb16d600036215441962785642188bbf8d1ec8313ee36202e9f730d2a,dlstupka/hth-baptisms-san-antonio-1788-1824--1858-1898,61efff529fb7330a92f8d423c40c45bc60bb841c,dlstupka/hth,61efff529fb7330a92f8d423c40c45bc60bb841c,1786,1361,1.0,False,0,-0.25,0.023,0,0,0,0,0,0,0,0,1786,1361,139.69,81.873,219.0,4030.112,6.1865,0.263498,7.6e-05,0.0,0.604,0.0,False,False,False,False,False,False,0.754,review,very_small_content_region,
241,Baptisms_San_Antonio_Baptism_Records_1788-1824_1858-1898.docx,241,raw/fs_0241.png,2dd136b675979875d4e82cd5b636b515b8b280b2d00a40cc805e49bc28b2298d,dlstupka/hth-baptisms-san-antonio-1788-1824--1858-1898,61efff529fb7330a92f8d423c40c45bc60bb841c,dlstupka/hth,61efff529fb7330a92f8d423c40c45bc60bb841c,1786,1361,1.0,False,0,-0.25,0.0,0,0,0,0,0,0,0,0,1786,1361,129.45,78.813,199.0,3743.944,6.0532,0.280504,7e-06,0.0,0.582,0.0,False,False,False,False,False,False,0.739,review,very_small_content_region,
242,Baptisms_San_Antonio_Baptism_Records_1788-1824_1858-1898.docx,242,raw/fs_0242.png,21c8f0d08a68e7d5ac321d749bdc816944f5f09f8823aafb67215f89330bb557,dlstupka/hth-baptisms-san-antonio-1788-1824--1858-1898,61efff529fb7330a92f8d423c40c45bc60bb841c,dlstupka/hth,61efff529fb7330a92f8d423c40c45bc60bb841c,1786,1361,1.0,False,0,-0.25,0.0,0,0,0,0,0,0,0,0,1786,1361,127.28,79.426,200.0,3828.839,6.0418,0.29129,5e-06,0.0,0.592,0.0,False,False,False,False,False,False,0.735,review,very_small_content_region,
243,Baptisms_San_Antonio_Baptism_Records_1788-1824_1858-1898.docx,243,raw/fs_0243.png,537d9b164fe16919adeb608f6af6083923e0eea709dc5ddca61493426ed580d4,dlstupka/hth-baptisms-san-antonio-1788-1824--1858-1898,61efff529fb7330a92f8d423c40c45bc60bb841c,dlstupka/hth,61efff529fb7330a92f8d423c40c45bc60bb841c,1786,1361,1.0,False,0,-0.25,0.122,0,0,0,0,0,0,0,0,1786,1361,135.828,83.265,212.0,4101.63,6.1239,0.280513,4.4e-05,0.0,0.612,0.0,False,False,False,False,False,False,0.748,review,very_small_content_region,
244,Baptisms_San_Antonio_Baptism_Records_1788-1824_1858-1898.docx,244,raw/fs_0244.png,7a4e72b46c420c742a456318a9c63c3c6991111ee2bfcb49b9afcd26a4e8eec1,dlstupka/hth-baptisms-san-antonio-1788-1824--1858-1898,61efff529fb7330a92f8d423c40c45bc60bb841c,dlstupka/hth,61efff529fb7330a92f8d423c40c45bc60bb841c,1786,1361,1.0,False,0,-0.25,0.0,0,0,0,0,0,0,0,0,1786,1361,134.715,77.523,221.0,3772.279,6.0613,0.258391,8e-06,0.0,0.612,0.0,False,False,False,False,False,False,0.746,review,very_small_content_region,
245,Baptisms_San_Antonio_Baptism_Records_1788-1824_1858-1898.docx,245,raw/fs_0245.png,02817544390d54d7f72515ee9152cee0aa929b465738a933dcdc9280a0255e70,dlstupka/hth-baptisms-san-antonio-1788-1824--1858-1898,61efff529fb7330a92f8d423c40c45bc60bb841c,dlstupka/hth,61efff529fb7330a92f8d423c40c45bc60bb841c,1786,1361,1.0,False,0,-0.25,0.0,0,0,0,0,0,0,0,0,1786,1361,138.206,76.136,221.0,3424.02,6.0288,0.241305,3e-06,0.454,0.573,0.0,False,False,False,False,False,False,0.751,review,very_small_content_region,
246,Baptisms_San_Antonio_Baptism_Records_1788-1824_1858-1898.docx,246,raw/fs_0246.png,3f5f2fcdf10e61da54fe126395d4deff90e0c0348b2d04e20795f9b3f6f7d873,dlstupka/hth-baptisms-san-antonio-1788-1824--1858-1898,61efff529fb7330a92f8d423c40c45bc60bb841c,dlstupka/hth,61efff529fb7330a92f8d423c40c45bc60bb841c,1786,1361,1.0,False,0,-0.25,0.0,0,0,0,0,0,0,0,0,1786,1361,128.418,77.689,198.0,3879.65,6.1701,0.283272,6e-06,0.529,0.607,0.0,False,False,False,False,False,False,0.737,review,very_small_content_region,
247,Baptisms_San_Antonio_Baptism_Records_1788-1824_1858-1898.docx,247,raw/fs_0247.png,9dac717f391dcd44d5d4fdf6b95b06fa343cb626b82887708cfe0bf1b9147ca1,dlstupka/hth-baptisms-san-antonio-1788-1824--1858-1898,61efff529fb7330a92f8d423c40c45bc60bb841c,dlstupka/hth,61efff529fb7330a92f8d423c40c45bc60bb841c,1786,1361,1.0,False,0,0.25,0.003,0,0,0,0,0,0,0,0,1786,1361,128.344,79.155,201.0,3893.795,6.1515,0.287629,9e-06,0.0,0.615,0.0,False,False,False,False,False,False,0.737,review,very_small_content_region,
248,Baptisms_San_Antonio_Baptism_Records_1788-1824_1858-1898.docx,248,raw/fs_0248.png,52e00c6af1cb78651c210d40b0ee7aee0b9880df61f511eab1f72b7ebe2935d6,dlstupka/hth-baptisms-san-antonio-1788-1824--1858-1898,61efff529fb7330a92f8d423c40c45bc60bb841c,dlstupka/hth,61efff529fb7330a92f8d423c40c45bc60bb841c,1786,1361,1.0,False,0,-0.25,0.001,0,0,0,0,0,0,0,0,1786,1361,132.855,75.19,200.0,3681.291,6.2426,0.253799,3e-06,0.0,0.588,0.0,False,False,False,False,False,False,0.744,review,very_small_content_region,
249,Baptisms_San_Antonio_Baptism_Records_1788-1824_1858-1898.docx,249,raw/fs_0249.png,47dd86c2f16f03da0226c4dcc08e9f4cab820bb6b357b8525444a1af22894112,dlstupka/hth-baptisms-san-antonio-1788-1824--1858-1898,61efff529fb7330a92f8d423c40c45bc60bb841c,dlstupka/hth,61efff529fb7330a92f8d423c40c45bc60bb841c,1786,1361,1.0,False,0,0.25,0.0,0,0,0,0,0,0,0,0,1786,1361,127.908,78.758,199.0,3858.704,6.1458,0.289217,1e-05,0.403,0.597,0.0,False,False,False,False,False,False,0.736,review,very_small_content_region,
250,Baptisms_San_Antonio_Baptism_Records_1788-1824_1858-1898.docx,250,raw/fs_0250.png,6a776e0f12c8a5fed531ca1ea00046490b7d577b0d99e1e232bc409e050c161f,dlstupka/hth-baptisms-san-antonio-1788-1824--1858-1898,61efff529fb7330a92f8d423c40c45bc60bb841c,dlstupka/hth,61efff529fb7330a92f8d423c40c45bc60bb841c,1786,1361,1.0,False,0,-0.25,0.0,0,0,0,0,0,0,0,0,1786,1361,127.61,77.479,197.0,4135.643,6.1439,0.284981,9e-06,0.416,0.621,0.0,False,False,False,False,False,False,0.736,review,very_small_content_region,
251,Baptisms_San_Antonio_Baptism_Records_1788-1824_1858-1898.docx,251,raw/fs_0251.png,8a9cd42dee3daf130858ab50d6ac137a79e9547f524fcc8dd07563f05921186f,dlstupka/hth-baptisms-san-antonio-1788-1824--1858-1898,61efff529fb7330a92f8d423c40c45bc60bb841c,dlstupka/hth,61efff529fb7330a92f8d423c40c45bc60bb841c,1786,1361,1.0,False,0,0.25,0.0,855,64,1554,1293,699,1229,855,64,232,68,173.014,38.344,123.0,4211.462,6.1243,0.052944,5e-06,0.203,0.619,0.353419,False,False,False,False,False,False,0.874,pass,,
252,Baptisms_San_Antonio_Baptism_Records_1788-1824_1858-1898.docx,252,raw/fs_0252.png,6cc0f44148d4584473a2255a62810de7ec04e333c30e7b77fd6381ee5b743866,dlstupka/hth-baptisms-san-antonio-1788-1824--1858-1898,61efff529fb7330a92f8d423c40c45bc60bb841c,dlstupka/hth,61efff529fb7330a92f8d423c40c45bc60bb841c,1786,1361,1.0,False,0,-0.25,0.001,104,63,1643,1304,1539,1241,104,63,143,57,161.228,47.718,158.0,4287.815,6.5442,0.095474,5e-06,0.0,0.668,0.785725,False,False,False,False,False,False,0.904,pass,,
253,Baptisms_San_Antonio_Baptism_Records_1788-1824_1858-1898.docx,253,raw/fs_0253.png,001bf0609e43de7b4c614e636ddc1ed787d8685d3b2f4353789117f80f505e1c,dlstupka/hth-baptisms-san-antonio-1788-1824--1858-1898,61efff529fb7330a92f8d423c40c45bc60bb841c,dlstupka/hth,61efff529fb7330a92f8d423c40c45bc60bb841c,1786,1361,1.0,False,0,0.25,0.0,0,0,0,0,0,0,0,0,1786,1361,130.782,76.579,196.0,3449.666,6.0834,0.266916,2e-06,0.109,0.587,0.0,False,False,False,False,False,False,0.74,review,very_small_content_region,
254,Baptisms_San_Antonio_Baptism_Records_1788-1824_1858-1898.docx,254,raw/fs_0254.png,5e99e5e2644d03644e63266a9ad22e69a79c040a4a9f588473c1e70d94fda30f,dlstupka/hth-baptisms-san-antonio-1788-1824--1858-1898,61efff529fb7330a92f8d423c40c45bc60bb841c,dlstupka/hth,61efff529fb7330a92f8d423c40c45bc60bb841c,1786,1361,1.0,False,0,-0.25,0.0,0,0,0,0,0,0,0,0,1786,1361,127.821,76.432,195.0,3683.729,6.1165,0.277949,5e-06,0.526,0.606,0.0,False,False,False,False,False,False,0.736,review,very_small_content_region,
255,Baptisms_San_Antonio_Baptism_Records_1788-1824_1858-1898.docx,255,raw/fs_0255.png,97e3720a481359c7a83a36ac6c1154f0602321da3140695a1017e27f6215ffea,dlstupka/hth-baptisms-san-antonio-1788-1824--1858-1898,61efff529fb7330a92f8d423c40c45bc60bb841c,dlstupka/hth,61efff529fb7330a92f8d423c40c45bc60bb841c,1786,1361,1.0,False,0,-0.25,0.0,0,0,0,0,0,0,0,0,1786,1361,128.876,77.604,198.0,3838.654,6.2172,0.280032,5e-06,0.231,0.621,0.0,False,False,False,False,False,False,0.738,review,very_small_content_region,
256,Baptisms_San_Antonio_Baptism_Records_1788-1824_1858-1898.docx,256,raw/fs_0256.png,38d14c211899eefeeb647369fc3d4b71c37ca64b83fe958ceed2c845266afc42,dlstupka/hth-baptisms-san-antonio-1788-1824--1858-1898,61efff529fb7330a92f8d423c40c45bc60bb841c,dlstupka/hth,61efff529fb7330a92f8d423c40c45bc60bb841c,1786,1361,1.0,False,0,-0.25,0.0,0,0,0,0,0,0,0,0,1786,1361,129.719,74.615,195.0,3516.09,6.1429,0.263643,5e-06,0.0,0.58,0.0,False,False,False,False,False,False,0.739,review,very_small_content_region,
257,Baptisms_San_Antonio_Baptism_Records_1788-1824_1858-1898.docx,257,raw/fs_0257.png,1466972dc0c2b09e2afc38cb22a8bfcab064a2638f6284400652a730adbfdcac,dlstupka/hth-baptisms-san-antonio-1788-1824--1858-1898,61efff529fb7330a92f8d423c40c45bc60bb841c,dlstupka/hth,61efff529fb7330a92f8d423c40c45bc60bb841c,1786,1361,1.0,False,0,0.25,0.001,0,0,0,0,0,0,0,0,1786,1361,133.225,76.15,199.0,3340.733,6.2001,0.257587,3e-06,0.0,0.573,0.0,False,False,False,False,False,False,0.744,review,very_small_content_region,
258,Baptisms_San_Antonio_Baptism_Records_1788-1824_1858-1898.docx,258,raw/fs_0258.png,7435ec4af0bc920e62ae4e878d40d8145c76ad8650ab042b775e5a48b6119e27,dlstupka/hth-baptisms-san-antonio-1788-1824--1858-1898,61efff529fb7330a92f8d423c40c45bc60bb841c,dlstupka/hth,61efff529fb7330a92f8d423c40c45bc60bb841c,1786,1361,1.0,False,0,0.25,0.025,109,76,1568,1309,1459,1233,109,76,218,52,175.396,44.649,147.0,4379.54,6.5567,0.065324,5.3e-05,0.0,0.655,0.74008,False,False,False,False,False,False,0.909,pass,,
259,Baptisms_San_Antonio_Baptism_Records_1788-1824_1858-1898.docx,259,raw/fs_0259.png,4da6cacd8b5d7a19255a0ff7f6662b9fbdafbddec5ce47940ed9593d8a3453ae,dlstupka/hth-baptisms-san-antonio-1788-1824--1858-1898,61efff529fb7330a92f8d423c40c45bc60bb841c,dlstupka/hth,61efff529fb7330a92f8d423c40c45bc60bb841c,1786,1361,1.0,False,0,-0.25,0.001,0,0,0,0,0,0,0,0,1786,1361,129.278,76.648,196.0,3374.929,6.1399,0.274512,3e-06,0.249,0.577,0.0,False,False,False,False,False,False,0.738,review,very_small_content_region,
260,Baptisms_San_Antonio_Baptism_Records_1788-1824_1858-1898.docx,260,raw/fs_0260.png,c739bd7ba28cee4c06200bff2b975fe3adf424d253313edc66ba3acbebf5650e,dlstupka/hth-baptisms-san-antonio-1788-1824--1858-1898,61efff529fb7330a92f8d423c40c45bc60bb841c,dlstupka/hth,61efff529fb7330a92f8d423c40c45bc60bb841c,1786,1361,1.0,False,0,-0.25,0.0,0,0,0,0,0,0,0,0,1786,1361,127.74,77.364,195.0,3554.439,6.1085,0.282375,6e-06,0.594,0.582,0.0,False,False,False,False,False,False,0.736,review,very_small_content_region,
261,Baptisms_San_Antonio_Baptism_Records_1788-1824_1858-1898.docx,261,raw/fs_0261.png,ee05ba22a44a2c61c83db4e3a1bb2e719ef1de9d3618c88f56e5dfadee72e618,dlstupka/hth-baptisms-san-antonio-1788-1824--1858-1898,61efff529fb7330a92f8d423c40c45bc60bb841c,dlstupka/hth,61efff529fb7330a92f8d423c40c45bc60bb841c,1786,1361,1.0,False,0,-0.25,0.0,0,0,0,0,0,0,0,0,1786,1361,128.55,77.872,197.0,3619.079,6.1293,0.281846,4e-06,0.009,0.594,0.0,False,False,False,False,False,False,0.737,review,very_small_content_region,
262,Baptisms_San_Antonio_Baptism_Records_1788-1824_1858-1898.docx,262,raw/fs_0262.png,ccccb74e841bd003d1c259c68392e2d50eb8e18d7a589ca1122ff575bfbde592,dlstupka/hth-baptisms-san-antonio-1788-1824--1858-1898,61efff529fb7330a92f8d423c40c45bc60bb841c,dlstupka/hth,61efff529fb7330a92f8d423c40c45bc60bb841c,1786,1361,1.0,False,0,-0.25,0.001,0,0,0,0,0,0,0,0,1786,1361,128.144,78.423,198.0,3563.794,6.0869,0.285737,5e-06,0.0,0.588,0.0,False,False,False,False,False,False,0.737,review,very_small_content_region,
263,Baptisms_San_Antonio_Baptism_Records_1788-1824_1858-1898.docx,263,raw/fs_0263.png,047b5d0773f43cabfc968f397e78595c7ffe086c3f6c27ab687d31acffc1dd6e,dlstupka/hth-baptisms-san-antonio-1788-1824--1858-1898,61efff529fb7330a92f8d423c40c45bc60bb841c,dlstupka/hth,61efff529fb7330a92f8d423c40c45bc60bb841c,1786,1361,1.0,False,0,-0.25,0.0,0,0,0,0,0,0,0,0,1786,1361,127.313,78.137,197.0,3838.215,6.1364,0.290861,5e-06,0.014,0.623,0.0,False,False,False,False,False,False,0.735,review,very_small_content_region,
264,Baptisms_San_Antonio_Baptism_Records_1788-1824_1858-1898.docx,264,raw/fs_0264.png,cfe8c20e3d6031a98b129eb74ab0590a50161caa7c197885c7e4c65fbec9ca54,dlstupka/hth-baptisms-san-antonio-1788-1824--1858-1898,61efff529fb7330a92f8d423c40c45bc60bb841c,dlstupka/hth,61efff529fb7330a92f8d423c40c45bc60bb841c,1786,1361,1.0,False,0,-0.25,0.001,0,0,0,0,0,0,0,0,1786,1361,130.609,77.027,199.0,3596.556,6.2118,0.272239,4e-06,0.119,0.608,0.0,False,False,False,False,False,False,0.74,review,very_small_content_region,
265,Baptisms_San_Antonio_Baptism_Records_1788-1824_1858-1898.docx,265,raw/fs_0265.png,71737a7ea3cd341247700cb20c376e1cc98aabdb81d06eab7385317bc6376b98,dlstupka/hth-baptisms-san-antonio-1788-1824--1858-1898,61efff529fb7330a92f8d423c40c45bc60bb841c,dlstupka/hth,61efff529fb7330a92f8d423c40c45bc60bb841c,1786,1361,1.0,False,0,-0.25,0.124,0,0,0,0,0,0,0,0,1786,1361,137.978,81.196,210.0,3762.457,6.3076,0.266572,3.7e-05,0.0,0.594,0.0,False,False,False,False,False,False,0.751,review,very_small_content_region,
266,Baptisms_San_Antonio_Baptism_Records_1788-1824_1858-1898.docx,266,raw/fs_0266.png,f3bcef83a07e7b159760ff64d6cab88769d9382b2425c9bf07967cadb228ad2c,dlstupka/hth-baptisms-san-antonio-1788-1824--1858-1898,61efff529fb7330a92f8d423c40c45bc60bb841c,dlstupka/hth,61efff529fb7330a92f8d423c40c45bc60bb841c,1786,1361,1.0,False,0,-0.25,0.08,111,57,1581,1296,1470,1239,111,57,205,65,172.482,48.42,162.0,4898.855,6.715,0.080566,9.7e-05,0.0,0.682,0.749288,False,False,False,False,False,False,0.924,pass,,
267,Baptisms_San_Antonio_Baptism_Records_1788-1824_1858-1898.docx,267,raw/fs_0267.png,2bdb0d859a27217638737d4e8484ecb847f6237c54008db6faf5a40f3136a87f,dlstupka/hth-baptisms-san-antonio-1788-1824--1858-1898,61efff529fb7330a92f8d423c40c45bc60bb841c,dlstupka/hth,61efff529fb7330a92f8d423c40c45bc60bb841c,1786,1361,1.0,False,0,0.25,0.0,59,53,1651,1300,1592,1247,59,53,135,61,157.164,52.675,177.0,4328.443,6.6748,0.119658,9e-06,0.0,0.656,0.816714,False,False,False,False,False,False,0.923,pass,,
268,Baptisms_San_Antonio_Baptism_Records_1788-1824_1858-1898.docx,268,raw/fs_0268.png,0b073e9e57e4319e345b13ddab91f63aefd687cae0265ae1160db52363a639db,dlstupka/hth-baptisms-san-antonio-1788-1824--1858-1898,61efff529fb7330a92f8d423c40c45bc60bb841c,dlstupka/hth,61efff529fb7330a92f8d423c40c45bc60bb841c,1786,1361,1.0,False,0,-0.25,0.001,108,67,1646,1305,1538,1238,108,67,140,56,160.048,49.656,167.0,4244.24,6.6394,0.103884,4e-06,0.0,0.66,0.783317,False,False,False,False,False,False,0.912,pass,,
269,Baptisms_San_Antonio_Baptism_Records_1788-1824_1858-1898.docx,269,raw/fs_0269.png,626a392d243879e78976f669319e79639cd656d433962917d31bff70c32712ff,dlstupka/hth-baptisms-san-antonio-1788-1824--1858-1898,61efff529fb7330a92f8d423c40c45bc60bb841c,dlstupka/hth,61efff529fb7330a92f8d423c40c45bc60bb841c,1786,1361,1.0,False,0,0.25,0.145,112,51,1590,1301,1478,1250,112,51,196,60,170.122,49.099,167.0,4132.488,6.7033,0.085248,5.6e-05,0.0,0.668,0.760055,False,False,False,False,False,False,0.924,pass,,
270,Baptisms_San_Antonio_Baptism_Records_1788-1824_1858-1898.docx,270,raw/fs_0270.png,cfe4001a45230eb75107de74021a66344590103a397383943d0f84d09bef1ef8,dlstupka/hth-baptisms-san-antonio-1788-1824--1858-1898,61efff529fb7330a92f8d423c40c45bc60bb841c,dlstupka/hth,61efff529fb7330a92f8d423c40c45bc60bb841c,1786,1361,1.0,False,0,0.25,0.001,0,0,0,0,0,0,0,0,1786,1361,127.896,77.315,197.0,3365.169,6.1629,0.285812,2e-06,0.597,0.583,0.0,False,False,False,False,False,False,0.736,review,very_small_content_region,
271,Baptisms_San_Antonio_Baptism_Records_1788-1824_1858-1898.docx,271,raw/fs_0271.png,985f69ce8fb38c5047996be24c81d87f912726a7f1e76c1e9f7ae11696c4863d,dlstupka/hth-baptisms-san-antonio-1788-1824--1858-1898,61efff529fb7330a92f8d423c40c45bc60bb841c,dlstupka/hth,61efff529fb7330a92f8d423c40c45bc60bb841c,1786,1361,1.0,False,0,-0.25,0.0,102,56,1644,1304,1542,1248,102,56,142,57,158.67,49.346,165.0,3823.414,6.6001,0.105245,7e-06,0.0,0.623,0.791698,False,False,False,False,False,False,0.908,pass,,
272,Baptisms_San_Antonio_Baptism_Records_1788-1824_1858-1898.docx,272,raw/fs_0272.png,adafbc1aa17f887443aad55ef35839f9a038592e2495e9697a97e322e84d3927,dlstupka/hth-baptisms-san-antonio-1788-1824--1858-1898,61efff529fb7330a92f8d423c40c45bc60bb841c,dlstupka/hth,61efff529fb7330a92f8d423c40c45bc60bb841c,1786,1361,1.0,False,0,-0.25,0.0,67,56,1647,1304,1580,1248,67,56,139,57,155.828,53.181,178.0,3794.228,6.6137,0.125665,6e-06,0.0,0.627,0.811208,False,False,False,False,False,False,0.923,pass,,
273,Baptisms_San_Antonio_Baptism_Records_1788-1824_1858-1898.docx,273,raw/fs_0273.png,73462d9b8eaa1bfbe99e7a27d09edef497b8e8e5352baf89623682fad2ada259,dlstupka/hth-baptisms-san-antonio-1788-1824--1858-1898,61efff529fb7330a92f8d423c40c45bc60bb841c,dlstupka/hth,61efff529fb7330a92f8d423c40c45bc60bb841c,1786,1361,1.0,False,0,-0.25,0.0,75,60,1651,1306,1576,1246,75,60,135,55,154.317,52.299,174.0,3864.622,6.6357,0.125607,8e-06,0.0,0.623,0.807857,False,False,False,False,False,False,0.916,pass,,
274,Baptisms_San_Antonio_Baptism_Records_1788-1824_1858-1898.docx,274,raw/fs_0274.png,0fa9699e78e76ebb930f2fdaeb5e678cb87512b56886290d501554366d931463,dlstupka/hth-baptisms-san-antonio-1788-1824--1858-1898,61efff529fb7330a92f8d423c40c45bc60bb841c,dlstupka/hth,61efff529fb7330a92f8d423c40c45bc60bb841c,1786,1361,1.0,False,0,-0.25,0.0,0,0,0,0,0,0,0,0,1786,1361,126.244,79.114,198.0,3634.172,6.1455,0.299014,7e-06,0.0,0.607,0.0,False,False,False,False,False,False,0.734,review,very_small_content_region,
275,Baptisms_San_Antonio_Baptism_Records_1788-1824_1858-1898.docx,275,raw/fs_0275.png,21a8a949b67ed06c4dfc97f9a372a7b133ba14ea9cb7fef3b3162d11fddedfdc,dlstupka/hth-baptisms-san-antonio-1788-1824--1858-1898,61efff529fb7330a92f8d423c40c45bc60bb841c,dlstupka/hth,61efff529fb7330a92f8d423c40c45bc60bb841c,1786,1361,1.0,False,0,-0.25,0.0,0,0,0,0,0,0,0,0,1786,1361,126.039,78.714,197.0,3488.514,6.1597,0.297554,4e-06,0.131,0.586,0.0,False,False,False,False,False,False,0.734,review,very_small_content_region,
276,Baptisms_San_Antonio_Baptism_Records_1788-1824_1858-1898.docx,276,raw/fs_0276.png,6fe26a1992aaa04aacd1d0e70063ac86e7016b406d21925c469e11d8f9f6d10b,dlstupka/hth-baptisms-san-antonio-1788-1824--1858-1898,61efff529fb7330a92f8d423c40c45bc60bb841c,dlstupka/hth,61efff529fb7330a92f8d423c40c45bc60bb841c,1786,1361,1.0,False,0,-0.25,0.001,0,0,0,0,0,0,0,0,1786,1361,125.704,77.212,196.0,3628.682,6.2164,0.292318,5e-06,0.199,0.6,0.0,False,False,False,False,False,False,0.733,review,very_small_content_region,
277,Baptisms_San_Antonio_Baptism_Records_1788-1824_1858-1898.docx,277,raw/fs_0277.png,1ce97de975c8b5f25b516da1a5cd3623cf6beffb1094e885e725bb2c6a60954d,dlstupka/hth-baptisms-san-antonio-1788-1824--1858-1898,61efff529fb7330a92f8d423c40c45bc60bb841c,dlstupka/hth,61efff529fb7330a92f8d423c40c45bc60bb841c,1786,1361,1.0,False,0,0.25,0.0,0,0,0,0,0,0,0,0,1786,1361,122.876,80.18,198.0,3617.286,6.0991,0.31867,4e-06,0.0,0.597,0.0,False,False,False,False,False,False,0.729,review,very_small_content_region,
278,Baptisms_San_Antonio_Baptism_Records_1788-1824_1858-1898.docx,278,raw/fs_0278.png,d48c96ec274ef5ff5d44d5bb7be99da6804d6e08ab9375b025ce96efa0b5acf9,dlstupka/hth-baptisms-san-antonio-1788-1824--1858-1898,61efff529fb7330a92f8d423c40c45bc60bb841c,dlstupka/hth,61efff529fb7330a92f8d423c40c45bc60bb841c,1786,1361,1.0,False,0,0.25,0.001,0,0,0,0,0,0,0,0,1786,1361,125.265,78.498,197.0,3666.658,6.1838,0.300576,4e-06,0.0,0.598,0.0,False,False,False,False,False,False,0.732,review,very_small_content_region,
279,Baptisms_San_Antonio_Baptism_Records_1788-1824_1858-1898.docx,279,raw/fs_0279.png,79b54cdd971b56b3b21e695e65cfa47576a4b6acf65a520faa81d6fe7dcca8f0,dlstupka/hth-baptisms-san-antonio-1788-1824--1858-1898,61efff529fb7330a92f8d423c40c45bc60bb841c,dlstupka/hth,61efff529fb7330a92f8d423c40c45bc60bb841c,1786,1361,1.0,False,0,-0.25,0.041,0,0,0,0,0,0,0,0,1786,1361,132.45,83.231,209.0,4107.963,6.2477,0.297786,5.6e-05,0.0,0.621,0.0,False,False,False,False,False,False,0.743,review,very_small_content_region,
280,Baptisms_San_Antonio_Baptism_Records_1788-1824_1858-1898.docx,280,raw/fs_0280.png,f91cc8377c168a62481708bdb1beb35ec35ab8bf6e07f1597e10558ba1693a10,dlstupka/hth-baptisms-san-antonio-1788-1824--1858-1898,61efff529fb7330a92f8d423c40c45bc60bb841c,dlstupka/hth,61efff529fb7330a92f8d423c40c45bc60bb841c,1786,1361,1.0,False,0,-0.25,0.113,0,0,0,0,0,0,0,0,1786,1361,131.906,83.118,209.0,4053.607,6.2573,0.29875,3.9e-05,0.0,0.624,0.0,False,False,False,False,False,False,0.742,review,very_small_content_region,
281,Baptisms_San_Antonio_Baptism_Records_1788-1824_1858-1898.docx,281,raw/fs_0281.png,a76d2f6b01df09ba1f2755320b1398feddb42e61a3ecceb3736972c1009e77c3,dlstupka/hth-baptisms-san-antonio-1788-1824--1858-1898,61efff529fb7330a92f8d423c40c45bc60bb841c,dlstupka/hth,61efff529fb7330a92f8d423c40c45bc60bb841c,1786,1361,1.0,False,0,0.25,0.002,0,0,0,0,0,0,0,0,1786,1361,125.727,78.694,197.0,3694.439,6.1719,0.301946,6e-06,0.287,0.626,0.0,False,False,False,False,False,False,0.733,review,very_small_content_region,
282,Baptisms_San_Antonio_Baptism_Records_1788-1824_1858-1898.docx,282,raw/fs_0282.png,c16d135dc7c49d8dc0549b385a8c5f071b2543798274812a836947ded5d1755b,dlstupka/hth-baptisms-san-antonio-1788-1824--1858-1898,61efff529fb7330a92f8d423c40c45bc60bb841c,dlstupka/hth,61efff529fb7330a92f8d423c40c45bc60bb841c,1786,1361,1.0,False,0,-0.25,0.016,0,0,0,0,0,0,0,0,1786,1361,132.403,81.979,207.0,4086.518,6.3192,0.293582,3.7e-05,0.429,0.642,0.0,False,False,False,False,False,False,0.743,review,very_small_content_region,
283,Baptisms_San_Antonio_Baptism_Records_1788-1824_1858-1898.docx,283,raw/fs_0283.png,1167b887ce19965a31bfb882081a137ebbb79b8e1e72f48ac1d2401b24eb334b,dlstupka/hth-baptisms-san-antonio-1788-1824--1858-1898,61efff529fb7330a92f8d423c40c45bc60bb841c,dlstupka/hth,61efff529fb7330a92f8d423c40c45bc60bb841c,1786,1361,1.0,False,0,-0.25,0.007,0,0,0,0,0,0,0,0,1786,1361,131.291,81.536,208.0,4306.431,6.4174,0.296087,2.8e-05,0.149,0.637,0.0,False,False,False,False,False,False,0.741,review,very_small_content_region,
284,Baptisms_San_Antonio_Baptism_Records_1788-1824_1858-1898.docx,284,raw/fs_0284.png,e383bd05bff029e8e2d269de01f7e84c90a2e0f9188b86e9b90e186a134d4b6b,dlstupka/hth-baptisms-san-antonio-1788-1824--1858-1898,61efff529fb7330a92f8d423c40c45bc60bb841c,dlstupka/hth,61efff529fb7330a92f8d423c40c45bc60bb841c,1786,1361,1.0,False,0,0.25,0.015,0,0,0,0,0,0,0,0,1786,1361,129.033,81.956,207.0,4164.993,6.3835,0.306956,3e-05,0.384,0.651,0.0,False,False,False,False,False,False,0.738,review,very_small_content_region,
285,Baptisms_San_Antonio_Baptism_Records_1788-1824_1858-1898.docx,285,raw/fs_0285.png,f6cf69b2e478fc8e7eb020df76339ef83a113f77f7a13d4a122ccb8e7626499c,dlstupka/hth-baptisms-san-antonio-1788-1824--1858-1898,61efff529fb7330a92f8d423c40c45bc60bb841c,dlstupka/hth,61efff529fb7330a92f8d423c40c45bc60bb841c,1786,1361,1.0,False,0,-0.25,0.01,154,55,1576,1304,1422,1249,154,55,210,57,167.07,51.706,178.0,4900.41,6.6513,0.101602,4.1e-05,0.0,0.723,0.730672,False,False,False,False,False,False,0.932,pass,,
286,Baptisms_San_Antonio_Baptism_Records_1788-1824_1858-1898.docx,286,raw/fs_0286.png,b5ce943e3afef586f8ed0848e0d62f6e9ab08ae435b937109a7387a37b19d13e,dlstupka/hth-baptisms-san-antonio-1788-1824--1858-1898,61efff529fb7330a92f8d423c40c45bc60bb841c,dlstupka/hth,61efff529fb7330a92f8d423c40c45bc60bb841c,1786,1361,1.0,False,0,-0.25,0.021,150,57,1571,1300,1421,1243,150,57,215,61,167.823,50.046,172.0,4527.332,6.6031,0.095181,2.3e-05,0.0,0.699,0.726651,False,False,False,False,False,False,0.925,pass,,
287,Baptisms_San_Antonio_Baptism_Records_1788-1824_1858-1898.docx,287,raw/fs_0287.png,5f2aff438f4663857396f0ece8b149f735e81b4fcfc0580f7fd7f438991e1cfe,dlstupka/hth-baptisms-san-antonio-1788-1824--1858-1898,61efff529fb7330a92f8d423c40c45bc60bb841c,dlstupka/hth,61efff529fb7330a92f8d423c40c45bc60bb841c,1786,1361,1.0,False,0,-0.25,0.0,0,0,0,0,0,0,0,0,1786,1361,126.798,77.771,197.0,3723.469,6.2601,0.296524,3e-06,0.343,0.641,0.0,False,False,False,False,False,False,0.735,review,very_small_content_region,
288,Baptisms_San_Antonio_Baptism_Records_1788-1824_1858-1898.docx,288,raw/fs_0288.png,7c51c55b277372716b868ee4fc0cceb9ac8719cf94eafc6e885e4ba0ca87b64a,dlstupka/hth-baptisms-san-antonio-1788-1824--1858-1898,61efff529fb7330a92f8d423c40c45bc60bb841c,dlstupka/hth,61efff529fb7330a92f8d423c40c45bc60bb841c,1786,1361,1.0,False,0,-0.25,0.003,0,0,0,0,0,0,0,0,1786,1361,132.766,80.17,205.0,3784.435,6.2836,0.283141,1.8e-05,0.198,0.627,0.0,False,False,False,False,False,False,0.743,review,very_small_content_region,
289,Baptisms_San_Antonio_Baptism_Records_1788-1824_1858-1898.docx,289,raw/fs_0289.png,c1b2ae19c6fe8cf81d4fe09d506352cc4f41487b62a75a2bf8191936b23d2435,dlstupka/hth-baptisms-san-antonio-1788-1824--1858-1898,61efff529fb7330a92f8d423c40c45bc60bb841c,dlstupka/hth,61efff529fb7330a92f8d423c40c45bc60bb841c,1786,1361,1.0,False,0,-0.25,0.009,0,0,0,0,0,0,0,0,1786,1361,134.065,81.258,206.0,3645.126,6.1828,0.282523,1.9e-05,0.157,0.596,0.0,False,False,False,False,False,False,0.745,review,very_small_content_region,
290,Baptisms_San_Antonio_Baptism_Records_1788-1824_1858-1898.docx,290,raw/fs_0290.png,8b294a5d64da6713693dda60f8f6d6912e04736fa96a008ba37e345253ec162e,dlstupka/hth-baptisms-san-antonio-1788-1824--1858-1898,61efff529fb7330a92f8d423c40c45bc60bb841c,dlstupka/hth,61efff529fb7330a92f8d423c40c45bc60bb841c,1786,1361,1.0,False,0,-0.25,0.053,0,0,0,0,0,0,0,0,1786,1361,130.378,83.335,209.0,4043.084,6.2288,0.306664,4.6e-05,0.0,0.611,0.0,False,False,False,False,False,False,0.74,review,very_small_content_region,
291,Baptisms_San_Antonio_Baptism_Records_1788-1824_1858-1898.docx,291,raw/fs_0291.png,d9a14596a4226bf7c8b27a130eefc443a3cfed82e8cb06219c9bc9ede4597347,dlstupka/hth-baptisms-san-antonio-1788-1824--1858-1898,61efff529fb7330a92f8d423c40c45bc60bb841c,dlstupka/hth,61efff529fb7330a92f8d423c40c45bc60bb841c,1786,1361,1.0,False,0,-0.25,0.026,0,0,0,0,0,0,0,0,1786,1361,133.495,81.219,207.0,3946.117,6.3065,0.288024,2.2e-05,0.198,0.625,0.0,False,False,False,False,False,False,0.744,review,very_small_content_region,
292,Baptisms_San_Antonio_Baptism_Records_1788-1824_1858-1898.docx,292,raw/fs_0292.png,f07dda39df32a526072d35ee608fe05639621beee5ebda5e3a3bce2967e549dd,dlstupka/hth-baptisms-san-antonio-1788-1824--1858-1898,61efff529fb7330a92f8d423c40c45bc60bb841c,dlstupka/hth,61efff529fb7330a92f8d423c40c45bc60bb841c,1786,1361,1.0,False,0,-0.25,0.0,311,72,1564,1287,1253,1215,311,72,222,74,179.563,37.96,124.0,4221.972,6.1297,0.048378,2.6e-05,0.344,0.647,0.626308,False,False,False,False,False,False,0.882,pass,,
293,Baptisms_San_Antonio_Baptism_Records_1788-1824_1858-1898.docx,293,raw/fs_0293.png,bf267b0042f79268f1e98554d8787b3c2617a9d671e5940feb798de953287ff2,dlstupka/hth-baptisms-san-antonio-1788-1824--1858-1898,61efff529fb7330a92f8d423c40c45bc60bb841c,dlstupka/hth,61efff529fb7330a92f8d423c40c45bc60bb841c,1786,1361,1.0,False,0,0.25,0.0,0,0,0,0,0,0,0,0,1786,1361,129.712,75.694,196.0,3632.357,6.2094,0.27457,2e-06,0.0,0.605,0.0,False,False,False,False,False,False,0.739,review,very_small_content_region,
294,Baptisms_San_Antonio_Baptism_Records_1788-1824_1858-1898.docx,294,raw/fs_0294.png,673577842b9ed44452d0e3d577edb986871d855c717f08fb75a3c63575e63d9c,dlstupka/hth-baptisms-san-antonio-1788-1824--1858-1898,61efff529fb7330a92f8d423c40c45bc60bb841c,dlstupka/hth,61efff529fb7330a92f8d423c40c45bc60bb841c,1786,1361,1.0,False,0,0.25,0.003,173,71,1582,1315,1409,1244,173,71,204,46,171.583,47.748,165.0,4326.665,6.3923,0.082879,3.6e-05,0.0,0.673,0.721094,False,False,False,False,False,False,0.919,pass,,
295,Baptisms_San_Antonio_Baptism_Records_1788-1824_1858-1898.docx,295,raw/fs_0295.png,c3e70eb44d16f94e3fb28ea7241fe7e2546c1cf706e882c151a7b817c648f460,dlstupka/hth-baptisms-san-antonio-1788-1824--1858-1898,61efff529fb7330a92f8d423c40c45bc60bb841c,dlstupka/hth,61efff529fb7330a92f8d423c40c45bc60bb841c,1786,1361,1.0,False,0,0.25,0.004,176,55,1588,1306,1412,1251,176,55,198,55,171.448,45.93,155.0,4406.087,6.4373,0.076485,1.5e-05,0.0,0.69,0.726695,False,False,False,False,False,False,0.91,pass,,
296,Baptisms_San_Antonio_Baptism_Records_1788-1824_1858-1898.docx,296,raw/fs_0296.png,af44f56bea7bc10948fc5041bbe4ab679aaa3d58e4005bed410cfaf18689fbd5,dlstupka/hth-baptisms-san-antonio-1788-1824--1858-1898,61efff529fb7330a92f8d423c40c45bc60bb841c,dlstupka/hth,61efff529fb7330a92f8d423c40c45bc60bb841c,1786,1361,1.0,False,0,-0.25,0.001,0,0,0,0,0,0,0,0,1786,1361,132.509,80.711,205.0,3886.102,6.3224,0.287057,1.4e-05,0.56,0.622,0.0,False,False,False,False,False,False,0.743,review,very_small_content_region,
297,Baptisms_San_Antonio_Baptism_Records_1788-1824_1858-1898.docx,297,raw/fs_0297.png,21bd9704cbe3d4a30863a673b41f38a5bd645c1d695f6e321ce8ad9e4a5790ae,dlstupka/hth-baptisms-san-antonio-1788-1824--1858-1898,61efff529fb7330a92f8d423c40c45bc60bb841c,dlstupka/hth,61efff529fb7330a92f8d423c40c45bc60bb841c,1786,1361,1.0,False,0,-0.25,0.009,174,65,1653,1308,1479,1243,174,65,133,53,167.961,51.849,182.0,4059.637,6.5076,0.098662,2.2e-05,0.0,0.649,0.75631,False,False,False,False,False,False,0.934,pass,,
298,Baptisms_San_Antonio_Baptism_Records_1788-1824_1858-1898.docx,298,raw/fs_0298.png,82b6a0cc2e6f68ad63d673e10537c39db6ee2e8301abac086c1f00f49362668c,dlstupka/hth-baptisms-san-antonio-1788-1824--1858-1898,61efff529fb7330a92f8d423c40c45bc60bb841c,dlstupka/hth,61efff529fb7330a92f8d423c40c45bc60bb841c,1786,1361,1.0,False,0,-0.25,0.01,892,64,1572,1289,680,1225,892,64,214,72,174.966,44.863,152.0,5091.667,6.3038,0.072869,3.6e-05,0.273,0.705,0.342693,False,False,False,False,False,False,0.91,pass,,
299,Baptisms_San_Antonio_Baptism_Records_1788-1824_1858-1898.docx,299,raw/fs_0299.png,474b557ce170ff567b2e97fb93b5ae31547fcaf9b42d4d32efd88376eed69549,dlstupka/hth-baptisms-san-antonio-1788-1824--1858-1898,61efff529fb7330a92f8d423c40c45bc60bb841c,dlstupka/hth,61efff529fb7330a92f8d423c40c45bc60bb841c,1786,1361,1.0,False,0,0.25,0.012,0,0,0,0,0,0,0,0,1786,1361,129.103,80.562,205.0,4134.008,6.3245,0.29958,1.5e-05,0.284,0.635,0.0,False,False,False,False,False,False,0.738,review,very_small_content_region,
300,Baptisms_San_Antonio_Baptism_Records_1788-1824_1858-1898.docx,300,raw/fs_0300.png,0626e38ca9131ffe5af718826b077f8694994134edff00f85ff43328dc5cc243,dlstupka/hth-baptisms-san-antonio-1788-1824--1858-1898,61efff529fb7330a92f8d423c40c45bc60bb841c,dlstupka/hth,61efff529fb7330a92f8d423c40c45bc60bb841c,1786,1361,1.0,False,0,-0.25,0.057,906,68,1573,1282,667,1214,906,68,213,79,181.251,40.393,134.0,4578.378,6.0996,0.053753,4.4e-05,0.372,0.691,0.333123,False,False,False,False,False,False,0.896,pass,,
301,Baptisms_San_Antonio_Baptism_Records_1788-1824_1858-1898.docx,301,raw/fs_0301.png,f2a04eade2607e9fcd742d7f926e7ad3e0ac9fb81ee50196c358103cbc398d1e,dlstupka/hth-baptisms-san-antonio-1788-1824--1858-1898,61efff529fb7330a92f8d423c40c45bc60bb841c,dlstupka/hth,61efff529fb7330a92f8d423c40c45bc60bb841c,1786,1361,1.0,False,0,-0.25,0.001,169,52,1599,1316,1430,1264,169,52,187,45,159.681,47.825,166.0,4409.228,6.4526,0.098756,4e-06,0.0,0.694,0.743607,False,False,False,False,False,False,0.902,pass,,
302,Baptisms_San_Antonio_Baptism_Records_1788-1824_1858-1898.docx,302,raw/fs_0302.png,e1f77de89ca00781dc0523435276fb63c41326bcd1cb7171f48e1e07bd0a265e,dlstupka/hth-baptisms-san-antonio-1788-1824--1858-1898,61efff529fb7330a92f8d423c40c45bc60bb841c,dlstupka/hth,61efff529fb7330a92f8d423c40c45bc60bb841c,1786,1361,1.0,False,0,-0.25,0.001,0,0,0,0,0,0,0,0,1786,1361,137.166,79.159,207.0,4200.661,6.3778,0.265774,4.2e-05,0.499,0.63,0.0,False,False,False,False,False,False,0.75,review,very_small_content_region,
303,Baptisms_San_Antonio_Baptism_Records_1788-1824_1858-1898.docx,303,raw/fs_0303.png,9e4faa452401495ebcfaad94c47d8ee13de8f0cb5fe0c6c443c449df8c50565d,dlstupka/hth-baptisms-san-antonio-1788-1824--1858-1898,61efff529fb7330a92f8d423c40c45bc60bb841c,dlstupka/hth,61efff529fb7330a92f8d423c40c45bc60bb841c,1786,1361,1.0,False,0,0.25,0.066,0,0,0,0,0,0,0,0,1786,1361,135.415,80.916,208.0,4257.703,6.398,0.278372,5.8e-05,0.418,0.637,0.0,False,False,False,False,False,False,0.747,review,very_small_content_region,
304,Baptisms_San_Antonio_Baptism_Records_1788-1824_1858-1898.docx,304,raw/fs_0304.png,fe998ef687f1812b1e1d493e66c80ee47fcd16eafac90f2486b2038815c50972,dlstupka/hth-baptisms-san-antonio-1788-1824--1858-1898,61efff529fb7330a92f8d423c40c45bc60bb841c,dlstupka/hth,61efff529fb7330a92f8d423c40c45bc60bb841c,1786,1361,1.0,False,0,-0.25,0.006,168,68,1580,1317,1412,1249,168,68,206,44,170.285,50.326,172.0,5247.2,6.5585,0.09199,7.3e-05,0.0,0.691,0.725534,False,False,False,False,False,False,0.93,pass,,
305,Baptisms_San_Antonio_Baptism_Records_1788-1824_1858-1898.docx,305,raw/fs_0305.png,bd86021fad13a0f3fe9c0b981064b1178723c4eb85921097e93cda8ec07c9bac,dlstupka/hth-baptisms-san-antonio-1788-1824--1858-1898,61efff529fb7330a92f8d423c40c45bc60bb841c,dlstupka/hth,61efff529fb7330a92f8d423c40c45bc60bb841c,1786,1361,1.0,False,0,-0.25,0.009,160,53,1582,1306,1422,1253,160,53,204,55,172.576,47.629,162.0,4597.392,6.4632,0.080561,2.6e-05,0.0,0.676,0.733012,False,False,False,False,False,False,0.92,pass,,
306,Baptisms_San_Antonio_Baptism_Records_1788-1824_1858-1898.docx,306,raw/fs_0306.png,ba2f484a162e33ab5ddd58740ae02c1909b47bae24ceded58a7001267198c2cf,dlstupka/hth-baptisms-san-antonio-1788-1824--1858-1898,61efff529fb7330a92f8d423c40c45bc60bb841c,dlstupka/hth,61efff529fb7330a92f8d423c40c45bc60bb841c,1786,1361,1.0,False,0,0.25,0.002,169,53,1600,1311,1431,1258,169,53,186,50,168.146,50.803,172.0,5263.002,6.6797,0.097248,4.8e-05,0.0,0.695,0.740595,False,False,False,False,False,False,0.929,pass,,
307,Baptisms_San_Antonio_Baptism_Records_1788-1824_1858-1898.docx,307,raw/fs_0307.png,bb894c5ec7bed1cfe106c87af26f54f0dabfa0408f119cddf72ce19ee9879b5c,dlstupka/hth-baptisms-san-antonio-1788-1824--1858-1898,61efff529fb7330a92f8d423c40c45bc60bb841c,dlstupka/hth,61efff529fb7330a92f8d423c40c45bc60bb841c,1786,1361,1.0,False,0,0.25,0.009,179,50,1602,1312,1423,1262,179,50,184,49,169.614,48.722,166.0,5145.939,6.6758,0.087768,9.6e-05,0.0,0.692,0.738796,False,False,False,False,False,False,0.921,pass,,
308,Baptisms_San_Antonio_Baptism_Records_1788-1824_1858-1898.docx,308,raw/fs_0308.png,2dc60f4266abbe6e8b9d24a927a51ec33594a4bf3434c677422a4cd8a6b10e1f,dlstupka/hth-baptisms-san-antonio-1788-1824--1858-1898,61efff529fb7330a92f8d423c40c45bc60bb841c,dlstupka/hth,61efff529fb7330a92f8d423c40c45bc60bb841c,1786,1361,1.0,False,0,0.25,0.0,907,65,1586,1294,679,1229,907,65,200,67,164.232,43.918,149.0,4934.613,6.2473,0.083314,4e-06,0.13,0.707,0.343307,False,False,False,False,False,False,0.889,pass,,
309,Baptisms_San_Antonio_Baptism_Records_1788-1824_1858-1898.docx,309,raw/fs_0309.png,3b2f644f26734aa07b8c4e7de3c1aab8ff58aac3c4655b3c1bc7af9d18664044,dlstupka/hth-baptisms-san-antonio-1788-1824--1858-1898,61efff529fb7330a92f8d423c40c45bc60bb841c,dlstupka/hth,61efff529fb7330a92f8d423c40c45bc60bb841c,1786,1361,1.0,False,0,0.25,0.004,185,48,1605,1312,1420,1264,185,48,181,49,168.075,51.088,173.0,5401.797,6.7018,0.09846,9.2e-05,0.0,0.71,0.738407,False,False,False,False,False,False,0.931,pass,,
310,Baptisms_San_Antonio_Baptism_Records_1788-1824_1858-1898.docx,310,raw/fs_0310.png,c1276f008ea021ca88a85b6cbe9ad4c5b42893fc34cd2ce107750f25fe27fa4b,dlstupka/hth-baptisms-san-antonio-1788-1824--1858-1898,61efff529fb7330a92f8d423c40c45bc60bb841c,dlstupka/hth,61efff529fb7330a92f8d423c40c45bc60bb841c,1786,1361,1.0,False,0,-0.25,0.014,180,47,1607,1314,1427,1267,180,47,179,47,169.066,49.359,166.0,5278.043,6.6588,0.089682,5.6e-05,0.0,0.722,0.743808,False,False,False,False,False,False,0.923,pass,,
311,Baptisms_San_Antonio_Baptism_Records_1788-1824_1858-1898.docx,311,raw/fs_0311.png,2d3c21d51d70843dea6394db10964aa00623fb57447278d0a4efc1efde5d8ef4,dlstupka/hth-baptisms-san-antonio-1788-1824--1858-1898,61efff529fb7330a92f8d423c40c45bc60bb841c,dlstupka/hth,61efff529fb7330a92f8d423c40c45bc60bb841c,1786,1361,1.0,False,0,0.25,0.001,0,0,0,0,0,0,0,0,1786,1361,133.509,78.917,209.0,5096.242,6.5081,0.279386,4.9e-05,0.0,0.63,0.0,False,False,False,False,False,False,0.744,review,very_small_content_region,
312,Baptisms_San_Antonio_Baptism_Records_1788-1824_1858-1898.docx,312,raw/fs_0312.png,55d2776ce561c82443d1e0ed6104926e21a8736e15e551978407e8794d00a8b1,dlstupka/hth-baptisms-san-antonio-1788-1824--1858-1898,61efff529fb7330a92f8d423c40c45bc60bb841c,dlstupka/hth,61efff529fb7330a92f8d423c40c45bc60bb841c,1786,1361,1.0,False,0,0.25,0.005,0,0,0,0,0,0,0,0,1786,1361,131.626,80.273,206.0,4454.618,6.3709,0.289398,5.7e-05,0.531,0.62,0.0,False,False,False,False,False,False,0.742,review,very_small_content_region,
313,Baptisms_San_Antonio_Baptism_Records_1788-1824_1858-1898.docx,313,raw/fs_0313.png,9ecede6fff5a3868b7a7c104cb02a0be8b5040b0526575f287aec297eede20f7,dlstupka/hth-baptisms-san-antonio-1788-1824--1858-1898,61efff529fb7330a92f8d423c40c45bc60bb841c,dlstupka/hth,61efff529fb7330a92f8d423c40c45bc60bb841c,1786,1361,1.0,False,0,0.25,0.047,177,54,1661,1309,1484,1255,177,54,125,52,163.806,55.977,188.0,5960.861,6.8519,0.121941,0.000107,0.0,0.688,0.766193,False,False,False,False,False,False,0.949,pass,,
314,Baptisms_San_Antonio_Baptism_Records_1788-1824_1858-1898.docx,314,raw/fs_0314.png,e3ba6170f73cb48c9bca7e6f07902d9662a744c909d73a69626d0eeaac2d2e70,dlstupka/hth-baptisms-san-antonio-1788-1824--1858-1898,61efff529fb7330a92f8d423c40c45bc60bb841c,dlstupka/hth,61efff529fb7330a92f8d423c40c45bc60bb841c,1786,1361,1.0,False,0,0.25,0.014,173,46,1606,1317,1433,1271,173,46,180,44,169.74,50.295,171.0,5316.352,6.6533,0.09333,6.8e-05,0.0,0.699,0.749294,False,False,False,False,False,False,0.929,pass,,
315,Baptisms_San_Antonio_Baptism_Records_1788-1824_1858-1898.docx,315,raw/fs_0315.png,cc17acd03b41fea04847ae490f770f8adf94bdbab2feaf2eb35c4a116aee89f4,dlstupka/hth-baptisms-san-antonio-1788-1824--1858-1898,61efff529fb7330a92f8d423c40c45bc60bb841c,dlstupka/hth,61efff529fb7330a92f8d423c40c45bc60bb841c,1786,1361,1.0,False,0,-0.25,0.001,0,0,0,0,0,0,0,0,1786,1361,127.771,77.079,197.0,4218.838,6.3047,0.288842,5e-06,0.29,0.639,0.0,False,False,False,False,False,False,0.736,review,very_small_content_region,
316,Baptisms_San_Antonio_Baptism_Records_1788-1824_1858-1898.docx,316,raw/fs_0316.png,ea091b0b15d15e68d55bfd3f75687a7dd38c254bb793da985694143d29e763dc,dlstupka/hth-baptisms-san-antonio-1788-1824--1858-1898,61efff529fb7330a92f8d423c40c45bc60bb841c,dlstupka/hth,61efff529fb7330a92f8d423c40c45bc60bb841c,1786,1361,1.0,False,0,-0.25,0.0,0,0,0,0,0,0,0,0,1786,1361,126.736,77.4,197.0,4168.0,6.2977,0.293196,4e-06,0.574,0.618,0.0,False,False,False,False,False,False,0.735,review,very_small_content_region,
317,Baptisms_San_Antonio_Baptism_Records_1788-1824_1858-1898.docx,317,raw/fs_0317.png,a3101f96437c1c939f093d8fce58a43937d48aa195aa7a413e38cd47f2b16182,dlstupka/hth-baptisms-san-antonio-1788-1824--1858-1898,61efff529fb7330a92f8d423c40c45bc60bb841c,dlstupka/hth,61efff529fb7330a92f8d423c40c45bc60bb841c,1786,1361,1.0,False,0,0.25,0.015,174,60,1646,1310,1472,1250,174,60,140,51,167.587,54.136,182.0,5729.656,6.7374,0.107252,7.1e-05,0.0,0.686,0.756969,False,False,False,False,False,False,0.945,pass,,
318,Baptisms_San_Antonio_Baptism_Records_1788-1824_1858-1898.docx,318,raw/fs_0318.png,1341ee786b9bc945c02c233e97d1a032676484b12190ef3d376a84b0952099f9,dlstupka/hth-baptisms-san-antonio-1788-1824--1858-1898,61efff529fb7330a92f8d423c40c45bc60bb841c,dlstupka/hth,61efff529fb7330a92f8d423c40c45bc60bb841c,1786,1361,1.0,False,0,-0.25,0.032,173,57,1588,1310,1415,1253,173,57,198,51,171.757,48.352,167.0,4527.224,6.5008,0.084995,3.9e-05,0.0,0.665,0.729404,False,False,False,False,False,False,0.922,pass,,
319,Baptisms_San_Antonio_Baptism_Records_1788-1824_1858-1898.docx,319,raw/fs_0319.png,8e3e74baafd9b27d2ac50e8d1d44f813739a346c8cde71cb36e452864b0d33a9,dlstupka/hth-baptisms-san-antonio-1788-1824--1858-1898,61efff529fb7330a92f8d423c40c45bc60bb841c,dlstupka/hth,61efff529fb7330a92f8d423c40c45bc60bb841c,1786,1361,1.0,False,0,-0.25,0.0,163,52,1590,1317,1427,1265,163,52,196,44,166.115,50.382,170.0,5298.384,6.635,0.100136,2.3e-05,0.0,0.701,0.742634,False,False,False,False,False,False,0.924,pass,,
320,Baptisms_San_Antonio_Baptism_Records_1788-1824_1858-1898.docx,320,raw/fs_0320.png,438b0c32856ba60731be5ac0648b0933f8102de5a8fea7704762e81b5c3fbaa3,dlstupka/hth-baptisms-san-antonio-1788-1824--1858-1898,61efff529fb7330a92f8d423c40c45bc60bb841c,dlstupka/hth,61efff529fb7330a92f8d423c40c45bc60bb841c,1786,1361,1.0,False,0,-0.25,0.0,168,52,1592,1315,1424,1263,168,52,194,46,168.838,48.855,168.0,4740.192,6.5609,0.090004,4.2e-05,0.0,0.679,0.739901,False,False,False,False,False,False,0.921,pass,,
321,Baptisms_San_Antonio_Baptism_Records_1788-1824_1858-1898.docx,321,raw/fs_0321.png,62f14564ca3081fe5bb682e7a65386cd29d27c0c0c404416957338d5499becda,dlstupka/hth-baptisms-san-antonio-1788-1824--1858-1898,61efff529fb7330a92f8d423c40c45bc60bb841c,dlstupka/hth,61efff529fb7330a92f8d423c40c45bc60bb841c,1786,1361,1.0,False,0,0.25,0.0,168,56,1589,1312,1421,1256,168,56,197,49,166.497,51.079,175.0,5391.652,6.6659,0.101311,8.2e-05,0.0,0.697,0.73425,False,False,False,False,False,False,0.928,pass,,
322,Baptisms_San_Antonio_Baptism_Records_1788-1824_1858-1898.docx,322,raw/fs_0322.png,32dc64593017a6c73330f4fb71315019d1eaaea23913a2378fb71670ec0727e5,dlstupka/hth-baptisms-san-antonio-1788-1824--1858-1898,61efff529fb7330a92f8d423c40c45bc60bb841c,dlstupka/hth,61efff529fb7330a92f8d423c40c45bc60bb841c,1786,1361,1.0,False,0,0.25,0.007,185,58,1585,1305,1400,1247,185,58,201,56,171.608,45.779,152.0,5598.893,6.5775,0.077235,4.1e-05,0.16,0.716,0.718216,False,False,False,False,False,False,0.909,pass,,
323,Baptisms_San_Antonio_Baptism_Records_1788-1824_1858-1898.docx,323,raw/fs_0323.png,5a9396b26265a7d513d8597b0a6ca2445a955e87910666ea19fa1b7da9cab885,dlstupka/hth-baptisms-san-antonio-1788-1824--1858-1898,61efff529fb7330a92f8d423c40c45bc60bb841c,dlstupka/hth,61efff529fb7330a92f8d423c40c45bc60bb841c,1786,1361,1.0,False,0,0.25,0.002,165,53,1589,1314,1424,1261,165,53,197,47,159.76,48.401,165.0,5087.471,6.5381,0.101886,7e-06,0.0,0.701,0.73873,False,False,False,False,False,False,0.905,pass,,
324,Baptisms_San_Antonio_Baptism_Records_1788-1824_1858-1898.docx,324,raw/fs_0324.png,0e3857b8d1eaa92a3711962350abc88484370a0256ccbfea38bd4b7c94571b25,dlstupka/hth-baptisms-san-antonio-1788-1824--1858-1898,61efff529fb7330a92f8d423c40c45bc60bb841c,dlstupka/hth,61efff529fb7330a92f8d423c40c45bc60bb841c,1786,1361,1.0,False,0,-0.25,0.005,907,77,1469,1196,562,1119,907,77,317,165,175.701,46.327,155.0,5925.972,6.163,0.0786,3.5e-05,0.301,0.705,0.258718,False,False,False,False,False,False,0.904,pass,,
325,Baptisms_San_Antonio_Baptism_Records_1788-1824_1858-1898.docx,325,raw/fs_0325.png,c753945ee614495cd19d2d1cac1f32d657443bf29e1510a9ffcee17fea797764,dlstupka/hth-baptisms-san-antonio-1788-1824--1858-1898,61efff529fb7330a92f8d423c40c45bc60bb841c,dlstupka/hth,61efff529fb7330a92f8d423c40c45bc60bb841c,1786,1361,1.0,False,0,-0.25,0.001,192,57,1579,1304,1387,1247,192,57,207,57,167.499,47.934,164.0,5483.175,6.5944,0.090582,2.4e-05,0.045,0.711,0.711547,False,False,False,False,False,False,0.914,pass,,
326,Baptisms_San_Antonio_Baptism_Records_1788-1824_1858-1898.docx,326,raw/fs_0326.png,e2451a661a5da5508d44e049a034adcee88dfe6411fcddcc64647182ff852a35,dlstupka/hth-baptisms-san-antonio-1788-1824--1858-1898,61efff529fb7330a92f8d423c40c45bc60bb841c,dlstupka/hth,61efff529fb7330a92f8d423c40c45bc60bb841c,1786,1361,1.0,False,0,-0.25,0.002,0,0,0,0,0,0,0,0,1786,1361,127.247,79.775,203.0,4457.142,6.3684,0.303315,3e-05,0.489,0.623,0.0,False,False,False,False,False,False,0.735,review,very_small_content_region,
327,Baptisms_San_Antonio_Baptism_Records_1788-1824_1858-1898.docx,327,raw/fs_0327.png,9279a9e2b3358f18bad0785db09c8c8d2aac38032ffa5c5a9af4bdb2a7921eb7,dlstupka/hth-baptisms-san-antonio-1788-1824--1858-1898,61efff529fb7330a92f8d423c40c45bc60bb841c,dlstupka/hth,61efff529fb7330a92f8d423c40c45bc60bb841c,1786,1361,1.0,False,0,-0.25,0.001,176,62,1576,1306,1400,1244,176,62,210,55,168.416,46.816,159.0,4787.716,6.471,0.083959,2.8e-05,0.0,0.689,0.716488,False,False,False,False,False,False,0.91,pass,,
328,Baptisms_San_Antonio_Baptism_Records_1788-1824_1858-1898.docx,328,raw/fs_0328.png,96076ee361713800ba2d8e4c6b44427f13af2cb22b5c753a7d8896e8f4007488,dlstupka/hth-baptisms-san-antonio-1788-1824--1858-1898,61efff529fb7330a92f8d423c40c45bc60bb841c,dlstupka/hth,61efff529fb7330a92f8d423c40c45bc60bb841c,1786,1361,1.0,False,0,-0.25,0.001,0,0,0,0,0,0,0,0,1786,1361,126.936,79.696,201.0,4230.064,6.2738,0.302848,1.3e-05,0.355,0.617,0.0,False,False,False,False,False,False,0.735,review,very_small_content_region,
329,Baptisms_San_Antonio_Baptism_Records_1788-1824_1858-1898.docx,329,raw/fs_0329.png,5d790c43f3670401999592d2560299f6824703e4f30fd62e4b33f0b23b3dd7d9,dlstupka/hth-baptisms-san-antonio-1788-1824--1858-1898,61efff529fb7330a92f8d423c40c45bc60bb841c,dlstupka/hth,61efff529fb7330a92f8d423c40c45bc60bb841c,1786,1361,1.0,False,0,-0.25,0.0,0,0,0,0,0,0,0,0,1786,1361,128.54,81.007,204.0,4378.354,6.2543,0.299963,2.6e-05,0.409,0.622,0.0,False,False,False,False,False,False,0.737,review,very_small_content_region,
330,Baptisms_San_Antonio_Baptism_Records_1788-1824_1858-1898.docx,330,raw/fs_0330.png,e280748d911bcb01c37a8ea93e5c0dc34071791565575eab0d3776cc8125da69,dlstupka/hth-baptisms-san-antonio-1788-1824--1858-1898,61efff529fb7330a92f8d423c40c45bc60bb841c,dlstupka/hth,61efff529fb7330a92f8d423c40c45bc60bb841c,1786,1361,1.0,False,0,-0.25,0.0,0,0,0,0,0,0,0,0,1786,1361,143.611,75.856,221.0,4493.737,6.4138,0.232176,2.3e-05,0.424,0.618,0.0,False,False,False,False,False,False,0.759,review,very_small_content_region,
331,Baptisms_San_Antonio_Baptism_Records_1788-1824_1858-1898.docx,331,raw/fs_0331.png,cdf9e40ff29121a92f23d4e68143be101cd665cb322a9b973f63ed6990a3406c,dlstupka/hth-baptisms-san-antonio-1788-1824--1858-1898,61efff529fb7330a92f8d423c40c45bc60bb841c,dlstupka/hth,61efff529fb7330a92f8d423c40c45bc60bb841c,1786,1361,1.0,False,0,-0.25,0.0,157,56,1569,1311,1412,1255,157,56,217,50,169.401,44.583,151.0,4551.026,6.4785,0.075031,2.2e-05,0.0,0.608,0.729019,False,False,False,False,False,False,0.9,pass,,
332,Baptisms_San_Antonio_Baptism_Records_1788-1824_1858-1898.docx,332,raw/fs_0332.png,acc590d138ea3631356dddf4d3963504f1e4be51e352826957e9e603204d19e8,dlstupka/hth-baptisms-san-antonio-1788-1824--1858-1898,61efff529fb7330a92f8d423c40c45bc60bb841c,dlstupka/hth,61efff529fb7330a92f8d423c40c45bc60bb841c,1786,1361,1.0,False,0,-0.25,0.004,160,64,1562,1310,1402,1246,160,64,224,51,167.983,48.156,164.0,5393.01,6.5801,0.089529,6.2e-05,0.0,0.679,0.718665,False,False,False,False,False,False,0.916,pass,,
333,Baptisms_San_Antonio_Baptism_Records_1788-1824_1858-1898.docx,333,raw/fs_0333.png,46e282517586f6d1332b18fb782b9ca387ef6e5dabb0b68e694c5a4f5cc463f0,dlstupka/hth-baptisms-san-antonio-1788-1824--1858-1898,61efff529fb7330a92f8d423c40c45bc60bb841c,dlstupka/hth,61efff529fb7330a92f8d423c40c45bc60bb841c,1786,1361,1.0,False,0,0.25,0.003,0,0,0,0,0,0,0,0,1786,1361,127.868,80.048,203.0,4579.413,6.3606,0.300927,2.6e-05,0.545,0.616,0.0,False,False,False,False,False,False,0.736,review,very_small_content_region,
334,Baptisms_San_Antonio_Baptism_Records_1788-1824_1858-1898.docx,334,raw/fs_0334.png,65cc30d87c9a7775b844390c279a8fba45901b23f034f715518f792d34414b5f,dlstupka/hth-baptisms-san-antonio-1788-1824--1858-1898,61efff529fb7330a92f8d423c40c45bc60bb841c,dlstupka/hth,61efff529fb7330a92f8d423c40c45bc60bb841c,1786,1361,1.0,False,0,-0.25,0.004,0,0,0,0,0,0,0,0,1786,1361,136.93,76.359,205.0,4521.376,6.5126,0.25594,2.1e-05,0.0,0.633,0.0,False,False,False,False,False,False,0.749,review,very_small_content_region,
335,Baptisms_San_Antonio_Baptism_Records_1788-1824_1858-1898.docx,335,raw/fs_0335.png,8449e5eb14de5ef0a62f3763bef0b1446ce069f66266934320b6519a6f97a186,dlstupka/hth-baptisms-san-antonio-1788-1824--1858-1898,61efff529fb7330a92f8d423c40c45bc60bb841c,dlstupka/hth,61efff529fb7330a92f8d423c40c45bc60bb841c,1786,1361,1.0,False,0,0.25,0.014,0,0,0,0,0,0,0,0,1786,1361,139.581,75.732,206.0,4568.825,6.52,0.244932,4.4e-05,0.0,0.645,0.0,False,False,False,False,False,False,0.753,review,very_small_content_region,
336,Baptisms_San_Antonio_Baptism_Records_1788-1824_1858-1898.docx,336,raw/fs_0336.png,5fc76cf767376110ce488e5676ee68814eb61503ce7c87758c34a0dcffeea85f,dlstupka/hth-baptisms-san-antonio-1788-1824--1858-1898,61efff529fb7330a92f8d423c40c45bc60bb841c,dlstupka/hth,61efff529fb7330a92f8d423c40c45bc60bb841c,1786,1361,1.0,False,0,-0.25,0.003,0,0,0,0,0,0,0,0,1786,1361,139.911,75.667,208.0,4628.646,6.5474,0.245006,2.5e-05,0.0,0.64,0.0,False,False,False,False,False,False,0.754,review,very_small_content_region,
337,Baptisms_San_Antonio_Baptism_Records_1788-1824_1858-1898.docx,337,raw/fs_0337.png,6f7cd3d49df0a54efd031160ee68f122a7223b1cfac2770913435978d16b7aa8,dlstupka/hth-baptisms-san-antonio-1788-1824--1858-1898,61efff529fb7330a92f8d423c40c45bc60bb841c,dlstupka/hth,61efff529fb7330a92f8d423c40c45bc60bb841c,1786,1361,1.0,False,0,-0.25,0.0,205,71,1541,1305,1336,1234,205,71,245,56,171.252,47.263,160.0,5726.853,6.5483,0.083169,5.8e-05,0.075,0.703,0.678238,False,False,False,False,False,False,0.916,pass,,
338,Baptisms_San_Antonio_Baptism_Records_1788-1824_1858-1898.docx,338,raw/fs_0338.png,5dea027db0eb8851cac79261121e32c937e39c502a9d2ea55d921a64eab8db7e,dlstupka/hth-baptisms-san-antonio-1788-1824--1858-1898,61efff529fb7330a92f8d423c40c45bc60bb841c,dlstupka/hth,61efff529fb7330a92f8d423c40c45bc60bb841c,1786,1361,1.0,False,0,0.25,0.005,0,0,0,0,0,0,0,0,1786,1361,142.78,73.463,206.0,4602.066,6.5945,0.226342,3.7e-05,0.0,0.666,0.0,False,False,False,False,False,False,0.758,review,very_small_content_region,
339,Baptisms_San_Antonio_Baptism_Records_1788-1824_1858-1898.docx,339,raw/fs_0339.png,90f6dc4034db683850a8c431c59361fd6bed73da484e1c46d36b03f28c706da2,dlstupka/hth-baptisms-san-antonio-1788-1824--1858-1898,61efff529fb7330a92f8d423c40c45bc60bb841c,dlstupka/hth,61efff529fb7330a92f8d423c40c45bc60bb841c,1786,1361,1.0,False,0,0.25,0.002,0,0,0,0,0,0,0,0,1786,1361,142.915,76.481,208.0,4271.49,6.4305,0.23618,4.9e-05,0.0,0.63,0.0,False,False,False,False,False,False,0.758,review,very_small_content_region,
340,Baptisms_San_Antonio_Baptism_Records_1788-1824_1858-1898.docx,340,raw/fs_0340.png,107f24a59e63703ec13cb6b680fe1c2e1b56b4437eb66f86766084f27ba6edbf,dlstupka/hth-baptisms-san-antonio-1788-1824--1858-1898,61efff529fb7330a92f8d423c40c45bc60bb841c,dlstupka/hth,61efff529fb7330a92f8d423c40c45bc60bb841c,1786,1361,1.0,False,0,-0.25,0.028,158,66,1615,1312,1457,1246,158,66,171,49,170.603,51.185,174.0,5223.845,6.5739,0.092492,3.5e-05,0.0,0.659,0.746858,False,False,False,False,False,False,0.935,pass,,
341,Baptisms_San_Antonio_Baptism_Records_1788-1824_1858-1898.docx,341,raw/fs_0341.png,39e5de621efcff2c2d0abcb0a22aa79f28027b8fabcf4bcea56d5e7cffb8f654,dlstupka/hth-baptisms-san-antonio-1788-1824--1858-1898,61efff529fb7330a92f8d423c40c45bc60bb841c,dlstupka/hth,61efff529fb7330a92f8d423c40c45bc60bb841c,1786,1361,1.0,False,0,0.25,0.003,0,0,0,0,0,0,0,0,1786,1361,140.662,79.008,212.0,4509.149,6.3806,0.254226,5e-05,0.0,0.614,0.0,False,False,False,False,False,False,0.755,review,very_small_content_region,
342,Baptisms_San_Antonio_Baptism_Records_1788-1824_1858-1898.docx,342,raw/fs_0342.png,47a52039f48f5910c977255ac6d287c36f83eb464d47b366b92745e66469389d,dlstupka/hth-baptisms-san-antonio-1788-1824--1858-1898,61efff529fb7330a92f8d423c40c45bc60bb841c,dlstupka/hth,61efff529fb7330a92f8d423c40c45bc60bb841c,1786,1361,1.0,False,0,-0.25,0.015,0,0,0,0,0,0,0,0,1786,1361,125.123,87.003,213.0,4496.284,6.0685,0.342211,5.4e-05,0.0,0.573,0.0,False,False,False,False,False,False,0.732,review,very_small_content_region,
343,Baptisms_San_Antonio_Baptism_Records_1788-1824_1858-1898.docx,343,raw/fs_0343.png,91657d370643deea47d638201b30ee97022af64b17fa813bce6435f71c385baf,dlstupka/hth-baptisms-san-antonio-1788-1824--1858-1898,61efff529fb7330a92f8d423c40c45bc60bb841c,dlstupka/hth,61efff529fb7330a92f8d423c40c45bc60bb841c,1786,1361,1.0,False,0,0.25,0.018,0,0,0,0,0,0,0,0,1786,1361,127.668,85.505,212.0,4472.578,6.1336,0.324496,6.8e-05,0.0,0.582,0.0,False,False,False,False,False,False,0.736,review,very_small_content_region,
344,Baptisms_San_Antonio_Baptism_Records_1788-1824_1858-1898.docx,344,raw/fs_0344.png,b719e5dc99a359b33cd1d4250e72d2a7e27e47c453ba720ef7cf7858ce71edf6,dlstupka/hth-baptisms-san-antonio-1788-1824--1858-1898,61efff529fb7330a92f8d423c40c45bc60bb841c,dlstupka/hth,61efff529fb7330a92f8d423c40c45bc60bb841c,1786,1361,1.0,False,0,-0.25,0.002,0,0,0,0,0,0,0,0,1786,1361,123.467,80.67,199.0,4120.615,6.1254,0.316127,8e-06,0.0,0.592,0.0,False,False,False,False,False,False,0.73,review,very_small_content_region,
345,Baptisms_San_Antonio_Baptism_Records_1788-1824_1858-1898.docx,345,raw/fs_0345.png,e47cc89af0d85204383cbdb015cccb33954f1af2ca6d4814c4d87376f7652ef9,dlstupka/hth-baptisms-san-antonio-1788-1824--1858-1898,61efff529fb7330a92f8d423c40c45bc60bb841c,dlstupka/hth,61efff529fb7330a92f8d423c40c45bc60bb841c,1786,1361,1.0,False,0,0.25,0.001,0,0,0,0,0,0,0,0,1786,1361,121.715,80.701,198.0,3961.106,6.0891,0.32114,3e-06,0.0,0.588,0.0,False,False,False,False,False,False,0.727,review,very_small_content_region,
346,Baptisms_San_Antonio_Baptism_Records_1788-1824_1858-1898.docx,346,raw/fs_0346.png,881b5a393438aa9d60925ec318def2fb7fd68ee1b9180f6a263f6120686836f2,dlstupka/hth-baptisms-san-antonio-1788-1824--1858-1898,61efff529fb7330a92f8d423c40c45bc60bb841c,dlstupka/hth,61efff529fb7330a92f8d423c40c45bc60bb841c,1786,1361,1.0,False,0,0.25,0.001,0,0,0,0,0,0,0,0,1786,1361,142.125,73.372,221.0,4211.429,6.2338,0.221534,5e-06,0.393,0.588,0.0,False,False,False,False,False,False,0.757,review,very_small_content_region,
347,Baptisms_San_Antonio_Baptism_Records_1788-1824_1858-1898.docx,347,raw/fs_0347.png,d60d6493e57a1560a72f56454743a87ec78d37812b8ad1b699543e16f132c9dd,dlstupka/hth-baptisms-san-antonio-1788-1824--1858-1898,61efff529fb7330a92f8d423c40c45bc60bb841c,dlstupka/hth,61efff529fb7330a92f8d423c40c45bc60bb841c,1786,1361,1.0,False,0,-0.25,0.002,0,0,0,0,0,0,0,0,1786,1361,143.979,77.229,221.0,4628.652,6.3519,0.234253,2.8e-05,0.43,0.611,0.0,False,False,False,False,False,False,0.76,review,very_small_content_region,
348,Baptisms_San_Antonio_Baptism_Records_1788-1824_1858-1898.docx,348,raw/fs_0348.png,29d4453b50fd5ba4888b3aaa5cd7a757229d3e3695544bc88e96319052c158ee,dlstupka/hth-baptisms-san-antonio-1788-1824--1858-1898,61efff529fb7330a92f8d423c40c45bc60bb841c,dlstupka/hth,61efff529fb7330a92f8d423c40c45bc60bb841c,1786,1361,1.0,False,0,0.25,0.0,0,0,0,0,0,0,0,0,1786,1361,134.758,81.17,221.0,4635.377,6.2634,0.280199,2.7e-05,0.0,0.622,0.0,False,False,False,False,False,False,0.746,review,very_small_content_region,
349,Baptisms_San_Antonio_Baptism_Records_1788-1824_1858-1898.docx,349,raw/fs_0349.png,e199e4735cca07ca5037c58c970af8227ee73e8dcbace6a0f51612661f2725af,dlstupka/hth-baptisms-san-antonio-1788-1824--1858-1898,61efff529fb7330a92f8d423c40c45bc60bb841c,dlstupka/hth,61efff529fb7330a92f8d423c40c45bc60bb841c,1786,1361,1.0,False,0,-0.25,0.0,0,0,0,0,0,0,0,0,1786,1361,132.269,78.612,221.0,4391.515,6.2374,0.273512,1.7e-05,0.082,0.622,0.0,False,False,False,False,False,False,0.743,review,very_small_content_region,
350,Baptisms_San_Antonio_Baptism_Records_1788-1824_1858-1898.docx,350,raw/fs_0350.png,b1863dbcff77330967fb5267a89692377b282bdc8a8c3c3cdf73a44f1e797680,dlstupka/hth-baptisms-san-antonio-1788-1824--1858-1898,61efff529fb7330a92f8d423c40c45bc60bb841c,dlstupka/hth,61efff529fb7330a92f8d423c40c45bc60bb841c,1786,1361,1.0,False,0,0.25,0.002,0,0,0,0,0,0,0,0,1786,1361,125.038,83.916,207.0,3922.869,6.1185,0.321315,1.8e-05,0.0,0.556,0.0,False,False,False,False,False,False,0.732,review,very_small_content_region,
351,Baptisms_San_Antonio_Baptism_Records_1788-1824_1858-1898.docx,351,raw/fs_0351.png,a5b3b5c727df0dd5de7e517cc23c606badc9c3c8143ff0ec56740df5abf1b0f1,dlstupka/hth-baptisms-san-antonio-1788-1824--1858-1898,61efff529fb7330a92f8d423c40c45bc60bb841c,dlstupka/hth,61efff529fb7330a92f8d423c40c45bc60bb841c,1786,1361,1.0,False,0,-0.25,0.06,0,0,0,0,0,0,0,0,1786,1361,128.501,85.588,212.0,4193.409,6.0776,0.31749,4.1e-05,0.0,0.566,0.0,False,False,False,False,False,False,0.737,review,very_small_content_region,
352,Baptisms_San_Antonio_Baptism_Records_1788-1824_1858-1898.docx,352,raw/fs_0352.png,cbb4b7d38e5a004f172a71e86f694a7e052daddbd567f6cb141142d95f711015,dlstupka/hth-baptisms-san-antonio-1788-1824--1858-1898,61efff529fb7330a92f8d423c40c45bc60bb841c,dlstupka/hth,61efff529fb7330a92f8d423c40c45bc60bb841c,1786,1361,1.0,False,0,0.25,0.002,0,0,0,0,0,0,0,0,1786,1361,123.26,80.376,197.0,4281.108,6.0951,0.314789,6e-06,0.169,0.592,0.0,False,False,False,False,False,False,0.729,review,very_small_content_region,
353,Baptisms_San_Antonio_Baptism_Records_1788-1824_1858-1898.docx,353,raw/fs_0353.png,8531a0832ec6aa5b9102d767c8267ca3a2ad3967a49c91aa22f635792b63ca4d,dlstupka/hth-baptisms-san-antonio-1788-1824--1858-1898,61efff529fb7330a92f8d423c40c45bc60bb841c,dlstupka/hth,61efff529fb7330a92f8d423c40c45bc60bb841c,1786,1361,1.0,False,0,-0.25,0.001,0,0,0,0,0,0,0,0,1786,1361,127.202,84.072,206.0,4480.773,6.1578,0.316737,1.6e-05,0.337,0.609,0.0,False,False,False,False,False,False,0.735,review,very_small_content_region,
354,Baptisms_San_Antonio_Baptism_Records_1788-1824_1858-1898.docx,354,raw/fs_0354.png,3b52fe419353157a0efd1a6853fdc15aba774f73009fbf18401971db51a78c1f,dlstupka/hth-baptisms-san-antonio-1788-1824--1858-1898,61efff529fb7330a92f8d423c40c45bc60bb841c,dlstupka/hth,61efff529fb7330a92f8d423c40c45bc60bb841c,1786,1361,1.0,False,0,-0.25,0.006,0,0,0,0,0,0,0,0,1786,1361,141.575,77.691,208.0,4478.684,6.3819,0.244753,4.5e-05,0.0,0.639,0.0,False,False,False,False,False,False,0.756,review,very_small_content_region,
355,Baptisms_San_Antonio_Baptism_Records_1788-1824_1858-1898.docx,355,raw/fs_0355.png,fe64e52cf498ba01c703be9c985ee8bcc769d85a03c606872c35fec54c9a35a9,dlstupka/hth-baptisms-san-antonio-1788-1824--1858-1898,61efff529fb7330a92f8d423c40c45bc60bb841c,dlstupka/hth,61efff529fb7330a92f8d423c40c45bc60bb841c,1786,1361,1.0,False,0,-0.25,0.0,0,0,0,0,0,0,0,0,1786,1361,134.079,75.579,202.0,4256.586,6.2457,0.255438,2e-06,0.0,0.617,0.0,False,False,False,False,False,False,0.745,review,very_small_content_region,
356,Baptisms_San_Antonio_Baptism_Records_1788-1824_1858-1898.docx,356,raw/fs_0356.png,eb8c9df4d79213ff47d5e3cf541bdda6ab04db06bd8488aa5e3c5d9b83f7efc8,dlstupka/hth-baptisms-san-antonio-1788-1824--1858-1898,61efff529fb7330a92f8d423c40c45bc60bb841c,dlstupka/hth,61efff529fb7330a92f8d423c40c45bc60bb841c,1786,1361,1.0,False,0,0.25,0.002,0,0,0,0,0,0,0,0,1786,1361,140.389,73.831,209.0,3958.927,6.188,0.227929,9e-06,0.0,0.617,0.0,False,False,False,False,False,False,0.755,review,very_small_content_region,
357,Baptisms_San_Antonio_Baptism_Records_1788-1824_1858-1898.docx,357,raw/fs_0357.png,a3b0c96e58a91f1d78dc9a9d656c853d6ff95d4d63fd468fd438024a30185f9a,dlstupka/hth-baptisms-san-antonio-1788-1824--1858-1898,61efff529fb7330a92f8d423c40c45bc60bb841c,dlstupka/hth,61efff529fb7330a92f8d423c40c45bc60bb841c,1786,1361,1.0,False,0,0.25,0.038,0,0,0,0,0,0,0,0,1786,1361,143.159,79.176,220.0,4571.759,6.3023,0.246342,6.9e-05,0.0,0.619,0.0,False,False,False,False,False,False,0.759,review,very_small_content_region,
358,Baptisms_San_Antonio_Baptism_Records_1788-1824_1858-1898.docx,358,raw/fs_0358.png,4a737c1691df15e9e8fdb2595c7ccbcaf8dd622838ff1825cca15cd40fd3f54a,dlstupka/hth-baptisms-san-antonio-1788-1824--1858-1898,61efff529fb7330a92f8d423c40c45bc60bb841c,dlstupka/hth,61efff529fb7330a92f8d423c40c45bc60bb841c,1786,1361,1.0,False,0,-0.25,0.0,0,0,0,0,0,0,0,0,1786,1361,133.94,77.097,205.0,4213.668,6.177,0.264239,4e-06,0.0,0.63,0.0,False,False,False,False,False,False,0.745,review,very_small_content_region,
359,Baptisms_San_Antonio_Baptism_Records_1788-1824_1858-1898.docx,359,raw/fs_0359.png,051e4d0be5241282625c821979ff8817f07294d27dfcc21e20d71ba34b7f7584,dlstupka/hth-baptisms-san-antonio-1788-1824--1858-1898,61efff529fb7330a92f8d423c40c45bc60bb841c,dlstupka/hth,61efff529fb7330a92f8d423c40c45bc60bb841c,1786,1361,1.0,False,0,0.25,0.0,0,0,0,0,0,0,0,0,1786,1361,123.804,81.059,200.0,4601.568,6.1575,0.3206,1.9e-05,0.0,0.605,0.0,False,False,False,False,False,False,0.73,review,very_small_content_region,
360,Baptisms_San_Antonio_Baptism_Records_1788-1824_1858-1898.docx,360,raw/fs_0360.png,2b4eb09e84864de414163b2a0bfbb70709ee62e941aedeef1a310bf363165ed2,dlstupka/hth-baptisms-san-antonio-1788-1824--1858-1898,61efff529fb7330a92f8d423c40c45bc60bb841c,dlstupka/hth,61efff529fb7330a92f8d423c40c45bc60bb841c,1786,1361,1.0,False,0,0.25,0.005,0,0,0,0,0,0,0,0,1786,1361,127.076,83.812,206.0,4620.773,6.2093,0.322896,2.8e-05,0.201,0.607,0.0,False,False,False,False,False,False,0.735,review,very_small_content_region,
361,Baptisms_San_Antonio_Baptism_Records_1788-1824_1858-1898.docx,361,raw/fs_0361.png,23241eefd9791145167c610cfe01f5b1622a20203112132d70af166b713b6d32,dlstupka/hth-baptisms-san-antonio-1788-1824--1858-1898,61efff529fb7330a92f8d423c40c45bc60bb841c,dlstupka/hth,61efff529fb7330a92f8d423c40c45bc60bb841c,1786,1361,1.0,False,0,-0.25,0.0,0,0,0,0,0,0,0,0,1786,1361,121.333,79.009,195.0,4290.744,6.1722,0.318607,5e-06,0.154,0.614,0.0,False,False,False,False,False,False,0.727,review,very_small_content_region,
362,Baptisms_San_Antonio_Baptism_Records_1788-1824_1858-1898.docx,362,raw/fs_0362.png,8673991de83a6b5222fef44056d4c694b4cfba7a720cac661a0524d9033b3ac2,dlstupka/hth-baptisms-san-antonio-1788-1824--1858-1898,61efff529fb7330a92f8d423c40c45bc60bb841c,dlstupka/hth,61efff529fb7330a92f8d423c40c45bc60bb841c,1786,1361,1.0,False,0,-0.25,0.001,0,0,0,0,0,0,0,0,1786,1361,126.636,83.179,205.0,4673.484,6.1706,0.319288,1.7e-05,0.07,0.604,0.0,False,False,False,False,False,False,0.734,review,very_small_content_region,
363,Baptisms_San_Antonio_Baptism_Records_1788-1824_1858-1898.docx,363,raw/fs_0363.png,8e5256863f2ee21da45ce2865326d8b7b2474af13d22a5edac179ad732cac1f1,dlstupka/hth-baptisms-san-antonio-1788-1824--1858-1898,61efff529fb7330a92f8d423c40c45bc60bb841c,dlstupka/hth,61efff529fb7330a92f8d423c40c45bc60bb841c,1786,1361,1.0,False,0,-0.25,0.003,0,0,0,0,0,0,0,0,1786,1361,125.982,80.692,198.0,3861.383,5.9815,0.30728,9e-06,0.081,0.574,0.0,False,False,False,False,False,False,0.733,review,very_small_content_region,
364,Baptisms_San_Antonio_Baptism_Records_1788-1824_1858-1898.docx,364,raw/fs_0364.png,7839a3090adb9a9f0c1a9020e8c4e15c612708442a8ff25b13ec64fb4861972b,dlstupka/hth-baptisms-san-antonio-1788-1824--1858-1898,61efff529fb7330a92f8d423c40c45bc60bb841c,dlstupka/hth,61efff529fb7330a92f8d423c40c45bc60bb841c,1786,1361,1.0,False,0,0.25,0.003,0,0,0,0,0,0,0,0,1786,1361,130.111,82.849,206.0,4076.451,6.115,0.302793,4.4e-05,0.026,0.565,0.0,False,False,False,False,False,False,0.739,review,very_small_content_region,
365,Baptisms_San_Antonio_Baptism_Records_1788-1824_1858-1898.docx,365,raw/fs_0365.png,2ea3ad4c8a6f75df0a6c2f3d7ed6ec8b9b45bbb1e1b7056636e77382a981944d,dlstupka/hth-baptisms-san-antonio-1788-1824--1858-1898,61efff529fb7330a92f8d423c40c45bc60bb841c,dlstupka/hth,61efff529fb7330a92f8d423c40c45bc60bb841c,1786,1361,1.0,False,0,-0.25,0.0,0,0,0,0,0,0,0,0,1786,1361,138.266,75.604,220.0,3663.197,6.303,0.244515,7e-06,0.0,0.599,0.0,False,False,False,False,False,False,0.751,review,very_small_content_region,
366,Baptisms_San_Antonio_Baptism_Records_1788-1824_1858-1898.docx,366,raw/fs_0366.png,d7547b72e28259313f97cd4df841a08c95f0a8a8c98d3eeee9ede0f42797baad,dlstupka/hth-baptisms-san-antonio-1788-1824--1858-1898,61efff529fb7330a92f8d423c40c45bc60bb841c,dlstupka/hth,61efff529fb7330a92f8d423c40c45bc60bb841c,1786,1361,1.0,False,0,0.25,0.002,0,0,0,0,0,0,0,0,1786,1361,142.151,74.63,221.0,3387.177,6.2675,0.228984,5e-06,0.38,0.576,0.0,False,False,False,False,False,False,0.757,review,very_small_content_region,
367,Baptisms_San_Antonio_Baptism_Records_1788-1824_1858-1898.docx,367,raw/fs_0367.png,41b594b8a5470e467d03f27fdc8a1faa3d58ce5c12188f25d21d827fad96ef70,dlstupka/hth-baptisms-san-antonio-1788-1824--1858-1898,61efff529fb7330a92f8d423c40c45bc60bb841c,dlstupka/hth,61efff529fb7330a92f8d423c40c45bc60bb841c,1786,1361,1.0,False,0,-0.25,0.001,872,54,1624,1308,752,1254,872,54,162,53,170.681,46.051,157.0,3572.491,6.2632,0.075034,4e-06,0.0,0.567,0.38795,False,False,False,False,False,False,0.909,pass,,
368,Baptisms_San_Antonio_Baptism_Records_1788-1824_1858-1898.docx,368,raw/fs_0368.png,3088a2622ed0c1d32ed7bdbae60e3d80653a175aa40777dcbf600713cd5fdf7b,dlstupka/hth-baptisms-san-antonio-1788-1824--1858-1898,61efff529fb7330a92f8d423c40c45bc60bb841c,dlstupka/hth,61efff529fb7330a92f8d423c40c45bc60bb841c,1786,1361,1.0,False,0,0.25,0.0,0,0,0,0,0,0,0,0,1786,1361,140.767,73.043,221.0,3727.841,6.3799,0.226574,4e-06,0.299,0.613,0.0,False,False,False,False,False,False,0.755,review,very_small_content_region,
369,Baptisms_San_Antonio_Baptism_Records_1788-1824_1858-1898.docx,369,raw/fs_0369.png,64449e299330b8140ce59b4486b950016d73d79fbdfe8decaef49a739ae1c89d,dlstupka/hth-baptisms-san-antonio-1788-1824--1858-1898,61efff529fb7330a92f8d423c40c45bc60bb841c,dlstupka/hth,61efff529fb7330a92f8d423c40c45bc60bb841c,1786,1361,1.0,False,0,-0.25,0.003,0,0,0,0,0,0,0,0,1786,1361,142.3,68.499,215.0,3969.308,6.5264,0.203811,9e-06,0.0,0.606,0.0,False,False,False,False,False,False,0.757,review,very_small_content_region,
370,Baptisms_San_Antonio_Baptism_Records_1788-1824_1858-1898.docx,370,raw/fs_0370.png,8c0f8551914507eca84e58a8ed681f66866ff76f31655396500944c338dae103,dlstupka/hth-baptisms-san-antonio-1788-1824--1858-1898,61efff529fb7330a92f8d423c40c45bc60bb841c,dlstupka/hth,61efff529fb7330a92f8d423c40c45bc60bb841c,1786,1361,1.0,False,0,0.25,0.001,0,0,0,0,0,0,0,0,1786,1361,139.095,75.261,217.0,3735.09,6.3946,0.239406,5e-06,0.0,0.59,0.0,False,False,False,False,False,False,0.753,review,very_small_content_region,
371,Baptisms_San_Antonio_Baptism_Records_1788-1824_1858-1898.docx,371,raw/fs_0371.png,e4a841784d090998f0b1e4eadf22f639452142e4d4af4651f24b26ae050be307,dlstupka/hth-baptisms-san-antonio-1788-1824--1858-1898,61efff529fb7330a92f8d423c40c45bc60bb841c,dlstupka/hth,61efff529fb7330a92f8d423c40c45bc60bb841c,1786,1361,1.0,False,0,-0.25,0.001,0,0,0,0,0,0,0,0,1786,1361,144.412,72.651,205.0,3894.33,6.5053,0.214891,1.3e-05,0.0,0.612,0.0,False,False,False,False,False,False,0.76,review,very_small_content_region,
372,Baptisms_San_Antonio_Baptism_Records_1788-1824_1858-1898.docx,372,raw/fs_0372.png,08bd84718fbbc43cee605393587f4ee4a52a8526fe470e8a34330116433538a0,dlstupka/hth-baptisms-san-antonio-1788-1824--1858-1898,61efff529fb7330a92f8d423c40c45bc60bb841c,dlstupka/hth,61efff529fb7330a92f8d423c40c45bc60bb841c,1786,1361,1.0,False,0,0.25,0.012,0,0,0,0,0,0,0,0,1786,1361,124.521,82.183,203.0,4049.631,6.2188,0.320099,1.6e-05,0.512,0.576,0.0,False,False,False,False,False,False,0.731,review,very_small_content_region,
373,Baptisms_San_Antonio_Baptism_Records_1788-1824_1858-1898.docx,373,raw/fs_0373.png,ce004c69f15cef7d8c8b6c1ba0a78192376f5fa716d8161897497ab1c21cf4ee,dlstupka/hth-baptisms-san-antonio-1788-1824--1858-1898,61efff529fb7330a92f8d423c40c45bc60bb841c,dlstupka/hth,61efff529fb7330a92f8d423c40c45bc60bb841c,1786,1361,1.0,False,0,0.25,0.008,169,81,1589,1308,1420,1227,169,81,197,53,169.685,49.311,176.0,4341.4,6.4188,0.089118,1.5e-05,0.0,0.619,0.716792,False,False,False,False,False,False,0.924,pass,,
374,Baptisms_San_Antonio_Baptism_Records_1788-1824_1858-1898.docx,374,raw/fs_0374.png,28ad24851c8d7f7819704d8a67f3b93aec6f71e5d79784cfe7c399153b2fe905,dlstupka/hth-baptisms-san-antonio-1788-1824--1858-1898,61efff529fb7330a92f8d423c40c45bc60bb841c,dlstupka/hth,61efff529fb7330a92f8d423c40c45bc60bb841c,1786,1361,1.0,False,0,-0.25,0.0,177,77,1594,1305,1417,1228,177,77,192,56,172.025,44.656,153.0,4209.049,6.3541,0.070284,1.1e-05,0.0,0.585,0.715861,False,False,False,False,False,False,0.904,pass,,
375,Baptisms_San_Antonio_Baptism_Records_1788-1824_1858-1898.docx,375,raw/fs_0375.png,0260a88db7cec8a0b237e2f177dba451b4cdf87b83537cd66d7eedf54f9b1fd7,dlstupka/hth-baptisms-san-antonio-1788-1824--1858-1898,61efff529fb7330a92f8d423c40c45bc60bb841c,dlstupka/hth,61efff529fb7330a92f8d423c40c45bc60bb841c,1786,1361,1.0,False,0,-0.25,0.001,170,83,1594,1311,1424,1228,170,83,192,50,169.927,45.493,154.0,4357.119,6.411,0.073492,9e-06,0.0,0.588,0.719397,False,False,False,False,False,False,0.905,pass,,
376,Baptisms_San_Antonio_Baptism_Records_1788-1824_1858-1898.docx,376,raw/fs_0376.png,5809c8f5721dd0b41294af4ec682dd00f838dba2eb730f7af3b31acdd4771d18,dlstupka/hth-baptisms-san-antonio-1788-1824--1858-1898,61efff529fb7330a92f8d423c40c45bc60bb841c,dlstupka/hth,61efff529fb7330a92f8d423c40c45bc60bb841c,1786,1361,1.0,False,0,-0.25,0.001,170,80,1591,1305,1421,1225,170,80,195,56,173.247,43.901,148.0,4585.258,6.3643,0.067336,2.9e-05,0.0,0.607,0.716128,False,False,False,False,False,False,0.902,pass,,
377,Baptisms_San_Antonio_Baptism_Records_1788-1824_1858-1898.docx,377,raw/fs_0377.png,6737d67e279844bfb33592b6bbb428dfaea235946b6a66ddc3444e9a7e344091,dlstupka/hth-baptisms-san-antonio-1788-1824--1858-1898,61efff529fb7330a92f8d423c40c45bc60bb841c,dlstupka/hth,61efff529fb7330a92f8d423c40c45bc60bb841c,1786,1361,1.0,False,0,0.25,0.004,0,0,0,0,0,0,0,0,1786,1361,130.186,82.317,204.0,3967.936,6.1612,0.298665,1.2e-05,0.503,0.561,0.0,False,False,False,False,False,False,0.74,review,very_small_content_region,
378,Baptisms_San_Antonio_Baptism_Records_1788-1824_1858-1898.docx,378,raw/fs_0378.png,e53693e05680b8d41fe43797354baad010e916c768cbd9c54b325b3e493224fd,dlstupka/hth-baptisms-san-antonio-1788-1824--1858-1898,61efff529fb7330a92f8d423c40c45bc60bb841c,dlstupka/hth,61efff529fb7330a92f8d423c40c45bc60bb841c,1786,1361,1.0,False,0,-0.25,0.009,0,0,0,0,0,0,0,0,1786,1361,128.974,83.484,206.0,3903.494,6.0679,0.304673,1.1e-05,0.122,0.55,0.0,False,False,False,False,False,False,0.738,review,very_small_content_region,
379,Baptisms_San_Antonio_Baptism_Records_1788-1824_1858-1898.docx,379,raw/fs_0379.png,da32e5481fa138522f1be777000848950f5b336e79e0b1a545c6e2f534fccff3,dlstupka/hth-baptisms-san-antonio-1788-1824--1858-1898,61efff529fb7330a92f8d423c40c45bc60bb841c,dlstupka/hth,61efff529fb7330a92f8d423c40c45bc60bb841c,1786,1361,1.0,False,0,-0.25,0.002,178,78,1585,1305,1407,1227,178,78,201,56,181.71,32.117,55.0,1445.645,5.7593,0.028492,5e-06,0.0,0.236,0.71023,False,False,False,False,False,False,0.856,pass,,
380,Baptisms_San_Antonio_Baptism_Records_1788-1824_1858-1898.docx,380,raw/fs_0380.png,8691c08e0cb8f705b3da0e3e9221aa11ce4505144829975e38f784f86d8ad499,dlstupka/hth-baptisms-san-antonio-1788-1824--1858-1898,61efff529fb7330a92f8d423c40c45bc60bb841c,dlstupka/hth,61efff529fb7330a92f8d423c40c45bc60bb841c,1786,1361,1.0,False,0,-0.25,0.0,833,63,1631,1308,798,1245,833,63,155,53,178.725,33.074,54.0,262.961,4.4184,0.030793,0.0,0.0,0.113,0.408726,False,False,False,True,False,False,0.856,review,possible_blur,
381,Baptisms_San_Antonio_Baptism_Records_1788-1824_1858-1898.docx,381,raw/fs_0381.png,ff6dbd683766152abf39873ee099f30304382f6cadf454ef2b0ad04245bc4c62,dlstupka/hth-baptisms-san-antonio-1788-1824--1858-1898,61efff529fb7330a92f8d423c40c45bc60bb841c,dlstupka/hth,61efff529fb7330a92f8d423c40c45bc60bb841c,1786,1361,1.0,False,0,-0.25,0.0,0,0,0,0,0,0,0,0,1786,1361,89.068,92.399,221.0,704.723,4.1016,0.521361,0.0,0.421,0.22,0.0,False,False,False,False,False,False,0.679,review,very_small_content_region,
382,Baptisms_San_Antonio_Baptism_Records_1788-1824_1858-1898.docx,382,raw/fs_0382.png,fd8c10f2a3972e14d7bc7bbb5715d21fa5fbc15cda7607df81ed6ba821430f97,dlstupka/hth-baptisms-san-antonio-1788-1824--1858-1898,61efff529fb7330a92f8d423c40c45bc60bb841c,dlstupka/hth,61efff529fb7330a92f8d423c40c45bc60bb841c,1786,1361,1.0,False,0,-0.25,0.0,0,0,0,0,0,0,0,0,1786,1361,169.832,72.57,221.0,1005.133,3.6543,0.153151,0.0,0.139,0.253,0.0,False,False,False,False,False,False,0.798,review,very_small_content_region,
383,Baptisms_San_Antonio_Baptism_Records_1788-1824_1858-1898.docx,383,raw/fs_0383.png,e2eb8ee5afb23679b5105d273b601df94bff4dbc73a7069e453c6481e2b9f23e,dlstupka/hth-baptisms-san-antonio-1788-1824--1858-1898,61efff529fb7330a92f8d423c40c45bc60bb841c,dlstupka/hth,61efff529fb7330a92f8d423c40c45bc60bb841c,1786,1361,1.0,False,0,-0.25,0.0,0,0,0,0,0,0,0,0,1786,1361,169.529,72.134,221.0,1143.51,3.6174,0.15485,0.0,0.128,0.314,0.0,False,False,False,False,False,False,0.797,review,very_small_content_region,
384,Baptisms_San_Antonio_Baptism_Records_1788-1824_1858-1898.docx,384,raw/fs_0384.png,00438a868130de8d552e8e489e61538b66119d96a497701a5246dbd2cd386a3c,dlstupka/hth-baptisms-san-antonio-1788-1824--1858-1898,61efff529fb7330a92f8d423c40c45bc60bb841c,dlstupka/hth,61efff529fb7330a92f8d423c40c45bc60bb841c,1786,1361,1.0,False,0,-0.25,0.0,0,0,0,0,0,0,0,0,1786,1361,133.947,73.464,191.0,695.819,5.5581,0.228741,0.0,0.0,0.217,0.0,False,False,False,False,False,False,0.745,review,very_small_content_region,
385,Baptisms_San_Antonio_Baptism_Records_1788-1824_1858-1898.docx,385,raw/fs_0385.png,f52a1d15052db1e1212365b4be012de7885160cbc8820752c8876b5d9d6fb375,dlstupka/hth-baptisms-san-antonio-1788-1824--1858-1898,61efff529fb7330a92f8d423c40c45bc60bb841c,dlstupka/hth,61efff529fb7330a92f8d423c40c45bc60bb841c,1786,1361,1.0,False,0,-0.25,0.0,0,0,0,0,0,0,0,0,1786,1361,127.61,77.978,192.0,1823.762,5.6057,0.272148,0.0,0.081,0.381,0.0,False,False,False,False,False,False,0.736,review,very_small_content_region,
386,Baptisms_San_Antonio_Baptism_Records_1788-1824_1858-1898.docx,386,raw/fs_0386.png,423df4c43e12bddcf23421731c68c752f329540bbb11d6a7c138cd183da7fb7e,dlstupka/hth-baptisms-san-antonio-1788-1824--1858-1898,61efff529fb7330a92f8d423c40c45bc60bb841c,dlstupka/hth,61efff529fb7330a92f8d423c40c45bc60bb841c,1786,1361,1.0,False,0,-0.25,0.0,0,0,0,0,0,0,0,0,1786,1361,133.392,76.96,196.0,3190.369,5.8528,0.250558,2e-06,0.0,0.56,0.0,False,False,False,False,False,False,0.744,review,very_small_content_region,
387,Baptisms_San_Antonio_Baptism_Records_1788-1824_1858-1898.docx,387,raw/fs_0387.png,8df28db42e9bfe88bb526918c58433fc7d4e8c227a36423d416d376a9d438aa0,dlstupka/hth-baptisms-san-antonio-1788-1824--1858-1898,61efff529fb7330a92f8d423c40c45bc60bb841c,dlstupka/hth,61efff529fb7330a92f8d423c40c45bc60bb841c,1786,1361,1.0,False,0,-0.25,0.0,0,0,0,0,0,0,0,0,1786,1361,131.189,76.996,195.0,3459.275,5.874,0.258565,4e-06,0.0,0.561,0.0,False,False,False,False,False,False,0.741,review,very_small_content_region,
388,Baptisms_San_Antonio_Baptism_Records_1788-1824_1858-1898.docx,388,raw/fs_0388.png,86f331ae1ef5826f4d7980747083a4da2e103cdb4560daffbb8e74d11b745969,dlstupka/hth-baptisms-san-antonio-1788-1824--1858-1898,61efff529fb7330a92f8d423c40c45bc60bb841c,dlstupka/hth,61efff529fb7330a92f8d423c40c45bc60bb841c,1786,1361,1.0,False,0,-0.25,0.0,0,0,0,0,0,0,0,0,1786,1361,131.678,78.396,197.0,3718.876,5.8473,0.264755,4e-06,0.0,0.573,0.0,False,False,False,False,False,False,0.742,review,very_small_content_region,
389,Baptisms_San_Antonio_Baptism_Records_1788-1824_1858-1898.docx,389,raw/fs_0389.png,25bab123b24802c2052948898df24589906045363bc3231df8538f1e45beefa2,dlstupka/hth-baptisms-san-antonio-1788-1824--1858-1898,61efff529fb7330a92f8d423c40c45bc60bb841c,dlstupka/hth,61efff529fb7330a92f8d423c40c45bc60bb841c,1786,1361,1.0,False,0,-0.25,0.0,0,0,0,0,0,0,0,0,1786,1361,128.867,78.393,196.0,3865.229,5.8498,0.275467,2e-06,0.205,0.591,0.0,False,False,False,False,False,False,0.738,review,very_small_content_region,
390,Baptisms_San_Antonio_Baptism_Records_1788-1824_1858-1898.docx,390,raw/fs_0390.png,ae61fc402454e8215a3eb97f49185630556a12358a6967d0d855a19881fcf61a,dlstupka/hth-baptisms-san-antonio-1788-1824--1858-1898,61efff529fb7330a92f8d423c40c45bc60bb841c,dlstupka/hth,61efff529fb7330a92f8d423c40c45bc60bb841c,1786,1361,1.0,False,0,-0.25,0.0,0,0,0,0,0,0,0,0,1786,1361,133.108,77.109,196.0,3626.735,5.8724,0.254544,2e-06,0.0,0.59,0.0,False,False,False,False,False,False,0.744,review,very_small_content_region,
391,Baptisms_San_Antonio_Baptism_Records_1788-1824_1858-1898.docx,391,raw/fs_0391.png,9402b44aa0ed6d5208856aacec753c29339393e1e72d6917a3ed03dc2e45579f,dlstupka/hth-baptisms-san-antonio-1788-1824--1858-1898,61efff529fb7330a92f8d423c40c45bc60bb841c,dlstupka/hth,61efff529fb7330a92f8d423c40c45bc60bb841c,1786,1361,1.0,False,0,-0.25,0.0,0,0,0,0,0,0,0,0,1786,1361,128.075,77.903,194.0,3433.188,5.9,0.27557,2e-06,0.234,0.585,0.0,False,False,False,False,False,False,0.737,review,very_small_content_region,
392,Baptisms_San_Antonio_Baptism_Records_1788-1824_1858-1898.docx,392,raw/fs_0392.png,9e628ecc89ae31f4bb51069c34351a0630183366bde0741e1748dd9ecea46004,dlstupka/hth-baptisms-san-antonio-1788-1824--1858-1898,61efff529fb7330a92f8d423c40c45bc60bb841c,dlstupka/hth,61efff529fb7330a92f8d423c40c45bc60bb841c,1786,1361,1.0,False,0,-0.25,0.0,0,0,0,0,0,0,0,0,1786,1361,132.554,76.609,205.0,4486.482,6.1135,0.257098,7e-06,0.0,0.631,0.0,False,False,False,False,False,False,0.743,review,very_small_content_region,
393,Baptisms_San_Antonio_Baptism_Records_1788-1824_1858-1898.docx,393,raw/fs_0393.png,acdccb0a99bf7b09be6395497fa0ab865c86fc1be2165ccf7399f5aa373e19c4,dlstupka/hth-baptisms-san-antonio-1788-1824--1858-1898,61efff529fb7330a92f8d423c40c45bc60bb841c,dlstupka/hth,61efff529fb7330a92f8d423c40c45bc60bb841c,1786,1361,1.0,False,0,-0.25,0.0,0,0,0,0,0,0,0,0,1786,1361,128.171,77.067,196.0,4668.751,6.0635,0.275322,4e-06,0.0,0.64,0.0,False,False,False,False,False,False,0.737,review,very_small_content_region,
394,Baptisms_San_Antonio_Baptism_Records_1788-1824_1858-1898.docx,394,raw/fs_0394.png,10518e156f57e57266cf1137dea9e174b152c95e9946857dbec31a08c15ea583,dlstupka/hth-baptisms-san-antonio-1788-1824--1858-1898,61efff529fb7330a92f8d423c40c45bc60bb841c,dlstupka/hth,61efff529fb7330a92f8d423c40c45bc60bb841c,1786,1361,1.0,False,0,0.25,0.057,0,0,0,0,0,0,0,0,1786,1361,135.625,80.836,206.0,4441.268,6.0743,0.268071,1.8e-05,0.0,0.625,0.0,False,False,False,False,False,False,0.748,review,very_small_content_region,
395,Baptisms_San_Antonio_Baptism_Records_1788-1824_1858-1898.docx,395,raw/fs_0395.png,2e2ab802772a3ea9e3a61b1dd159770e8d2eeba0b2c3acad82cd7936354b9d9c,dlstupka/hth-baptisms-san-antonio-1788-1824--1858-1898,61efff529fb7330a92f8d423c40c45bc60bb841c,dlstupka/hth,61efff529fb7330a92f8d423c40c45bc60bb841c,1786,1361,1.0,False,0,-0.25,0.0,0,0,0,0,0,0,0,0,1786,1361,131.02,77.73,196.0,3695.856,5.9166,0.265357,2e-06,0.0,0.589,0.0,False,False,False,False,False,False,0.741,review,very_small_content_region,
396,Baptisms_San_Antonio_Baptism_Records_1788-1824_1858-1898.docx,396,raw/fs_0396.png,3f8bfaa390d0747cb081ceb17615e30dcd6256b3ea32c3d6a711189d06b5e036,dlstupka/hth-baptisms-san-antonio-1788-1824--1858-1898,61efff529fb7330a92f8d423c40c45bc60bb841c,dlstupka/hth,61efff529fb7330a92f8d423c40c45bc60bb841c,1786,1361,1.0,False,0,-0.25,0.0,0,0,0,0,0,0,0,0,1786,1361,134.197,77.017,200.0,4152.627,6.033,0.256647,7e-06,0.0,0.617,0.0,False,False,False,False,False,False,0.745,review,very_small_content_region,
397,Baptisms_San_Antonio_Baptism_Records_1788-1824_1858-1898.docx,397,raw/fs_0397.png,794dd2e4f7f4be845215ae10659a023ba65687dc4ad6141a6478983de9ecc005,dlstupka/hth-baptisms-san-antonio-1788-1824--1858-1898,61efff529fb7330a92f8d423c40c45bc60bb841c,dlstupka/hth,61efff529fb7330a92f8d423c40c45bc60bb841c,1786,1361,1.0,False,0,-0.25,0.0,0,0,0,0,0,0,0,0,1786,1361,130.211,77.949,197.0,4263.131,5.9582,0.274454,6e-06,0.0,0.618,0.0,False,False,False,False,False,False,0.74,review,very_small_content_region,
398,Baptisms_San_Antonio_Baptism_Records_1788-1824_1858-1898.docx,398,raw/fs_0398.png,ef44029b36e33cd0735cd175350c004915d96a33375f803dd299e04c57db4de0,dlstupka/hth-baptisms-san-antonio-1788-1824--1858-1898,61efff529fb7330a92f8d423c40c45bc60bb841c,dlstupka/hth,61efff529fb7330a92f8d423c40c45bc60bb841c,1786,1361,1.0,False,0,-0.25,0.0,0,0,0,0,0,0,0,0,1786,1361,131.852,78.235,198.0,4018.286,5.9437,0.267946,5e-06,0.0,0.601,0.0,False,False,False,False,False,False,0.742,review,very_small_content_region,
399,Baptisms_San_Antonio_Baptism_Records_1788-1824_1858-1898.docx,399,raw/fs_0399.png,64e2c10fda014922683edc5bda125cb2dc7b8aa6434c6298527247304b29305f,dlstupka/hth-baptisms-san-antonio-1788-1824--1858-1898,61efff529fb7330a92f8d423c40c45bc60bb841c,dlstupka/hth,61efff529fb7330a92f8d423c40c45bc60bb841c,1786,1361,1.0,False,0,-0.25,0.0,0,0,0,0,0,0,0,0,1786,1361,131.243,77.214,196.0,3780.187,5.8948,0.263748,4e-06,0.0,0.587,0.0,False,False,False,False,False,False,0.741,review,very_small_content_region,
400,Baptisms_San_Antonio_Baptism_Records_1788-1824_1858-1898.docx,400,raw/fs_0400.png,ce0f10d612f3110011a8ac6e18ffb12d2594ed28f94deccb72e2d6b9d9f73826,dlstupka/hth-baptisms-san-antonio-1788-1824--1858-1898,61efff529fb7330a92f8d423c40c45bc60bb841c,dlstupka/hth,61efff529fb7330a92f8d423c40c45bc60bb841c,1786,1361,1.0,False,0,-0.25,0.0,0,0,0,0,0,0,0,0,1786,1361,133.232,76.289,196.0,3769.257,5.931,0.253122,3e-06,0.0,0.591,0.0,False,False,False,False,False,False,0.744,review,very_small_content_region,
401,Baptisms_San_Antonio_Baptism_Records_1788-1824_1858-1898.docx,401,raw/fs_0401.png,a1ff51f00448f2f6916b9ca11f0f8041054d7a10fc3f44b5dd5098828764e3a7,dlstupka/hth-baptisms-san-antonio-1788-1824--1858-1898,61efff529fb7330a92f8d423c40c45bc60bb841c,dlstupka/hth,61efff529fb7330a92f8d423c40c45bc60bb841c,1786,1361,1.0,False,0,-0.25,0.0,0,0,0,0,0,0,0,0,1786,1361,139.023,76.042,214.0,4100.45,6.0511,0.236866,8e-06,0.0,0.615,0.0,False,False,False,False,False,False,0.753,review,very_small_content_region,
402,Baptisms_San_Antonio_Baptism_Records_1788-1824_1858-1898.docx,402,raw/fs_0402.png,3015e0c22cd251036800ff560785bed4c9ccc9767eaebc7b1f918ed650d35710,dlstupka/hth-baptisms-san-antonio-1788-1824--1858-1898,61efff529fb7330a92f8d423c40c45bc60bb841c,dlstupka/hth,61efff529fb7330a92f8d423c40c45bc60bb841c,1786,1361,1.0,False,0,-0.25,0.0,0,0,0,0,0,0,0,0,1786,1361,134.23,76.072,194.0,2955.01,5.8107,0.251344,1e-06,0.161,0.508,0.0,False,False,False,False,False,False,0.746,review,very_small_content_region,
403,Baptisms_San_Antonio_Baptism_Records_1788-1824_1858-1898.docx,403,raw/fs_0403.png,411451ae4607a773153340943c1917ff1a5f4410148dc0f6428743fb915594e6,dlstupka/hth-baptisms-san-antonio-1788-1824--1858-1898,61efff529fb7330a92f8d423c40c45bc60bb841c,dlstupka/hth,61efff529fb7330a92f8d423c40c45bc60bb841c,1786,1361,1.0,False,0,-0.25,0.0,0,0,0,0,0,0,0,0,1786,1361,135.906,76.806,203.0,4342.805,6.0867,0.251589,9e-06,0.0,0.622,0.0,False,False,False,False,False,False,0.748,review,very_small_content_region,
404,Baptisms_San_Antonio_Baptism_Records_1788-1824_1858-1898.docx,404,raw/fs_0404.png,535525d43f88ecd811c38cba292275a1fa0628317618e0dd604827df34841eee,dlstupka/hth-baptisms-san-antonio-1788-1824--1858-1898,61efff529fb7330a92f8d423c40c45bc60bb841c,dlstupka/hth,61efff529fb7330a92f8d423c40c45bc60bb841c,1786,1361,1.0,False,0,-0.25,0.013,93,62,1629,1311,1536,1249,93,62,157,50,169.037,51.069,174.0,5023.364,6.7221,0.090207,2.8e-05,0.0,0.666,0.789249,False,False,False,False,False,False,0.932,pass,,
405,Baptisms_San_Antonio_Baptism_Records_1788-1824_1858-1898.docx,405,raw/fs_0405.png,1c1d109e232d75d23451c563fff8ca3cfc04738614c3f9135ebb9bffae8bdd58,dlstupka/hth-baptisms-san-antonio-1788-1824--1858-1898,61efff529fb7330a92f8d423c40c45bc60bb841c,dlstupka/hth,61efff529fb7330a92f8d423c40c45bc60bb841c,1786,1361,1.0,False,0,0.25,0.126,113,69,1629,1306,1516,1237,113,69,157,55,174.987,45.249,151.0,4419.884,6.5017,0.067212,3.7e-05,0.0,0.588,0.771488,False,False,False,False,False,False,0.912,pass,,
406,Baptisms_San_Antonio_Baptism_Records_1788-1824_1858-1898.docx,406,raw/fs_0406.png,547cdda233b2bbdf3c9f516b46de6c49ec0b4ca3ae8cda53cbe750871a76e9c0,dlstupka/hth-baptisms-san-antonio-1788-1824--1858-1898,61efff529fb7330a92f8d423c40c45bc60bb841c,dlstupka/hth,61efff529fb7330a92f8d423c40c45bc60bb841c,1786,1361,1.0,False,0,0.25,0.0,0,0,0,0,0,0,0,0,1786,1361,134.237,83.081,207.0,4322.194,5.9844,0.283708,2.5e-05,0.097,0.626,0.0,False,False,False,False,False,False,0.746,review,very_small_content_region,
407,Baptisms_San_Antonio_Baptism_Records_1788-1824_1858-1898.docx,407,raw/fs_0407.png,59d36bc698e43a51d1819ddb316761b9b7bd5a85622051abe32ab03fed478a01,dlstupka/hth-baptisms-san-antonio-1788-1824--1858-1898,61efff529fb7330a92f8d423c40c45bc60bb841c,dlstupka/hth,61efff529fb7330a92f8d423c40c45bc60bb841c,1786,1361,1.0,False,0,-0.25,0.0,0,0,0,0,0,0,0,0,1786,1361,129.698,78.229,198.0,4180.024,6.0108,0.277026,5e-06,0.077,0.635,0.0,False,False,False,False,False,False,0.739,review,very_small_content_region,
408,Baptisms_San_Antonio_Baptism_Records_1788-1824_1858-1898.docx,408,raw/fs_0408.png,fa5a994dc358bca64cb4948fed78c401c4203454464ba40e98adc21f50ffe6e4,dlstupka/hth-baptisms-san-antonio-1788-1824--1858-1898,61efff529fb7330a92f8d423c40c45bc60bb841c,dlstupka/hth,61efff529fb7330a92f8d423c40c45bc60bb841c,1786,1361,1.0,False,0,-0.25,0.0,0,0,0,0,0,0,0,0,1786,1361,128.691,78.771,196.0,3795.798,5.9594,0.281941,7e-06,0.642,0.593,0.0,False,False,False,False,False,False,0.737,review,very_small_content_region,
409,Baptisms_San_Antonio_Baptism_Records_1788-1824_1858-1898.docx,409,raw/fs_0409.png,26b8319b729941599002808ba34d3709ba5459b847ac0e8c0eaee5aa48d125f3,dlstupka/hth-baptisms-san-antonio-1788-1824--1858-1898,61efff529fb7330a92f8d423c40c45bc60bb841c,dlstupka/hth,61efff529fb7330a92f8d423c40c45bc60bb841c,1786,1361,1.0,False,0,-0.25,0.0,0,0,0,0,0,0,0,0,1786,1361,130.618,78.722,198.0,3877.115,5.9709,0.273424,4e-06,0.1,0.605,0.0,False,False,False,False,False,False,0.74,review,very_small_content_region,
410,Baptisms_San_Antonio_Baptism_Records_1788-1824_1858-1898.docx,410,raw/fs_0410.png,c798b42254273c4e20262551cb4c4836b76f0bea6aa48b2f3c3f4d1631f2b576,dlstupka/hth-baptisms-san-antonio-1788-1824--1858-1898,61efff529fb7330a92f8d423c40c45bc60bb841c,dlstupka/hth,61efff529fb7330a92f8d423c40c45bc60bb841c,1786,1361,1.0,False,0,-0.25,0.0,0,0,0,0,0,0,0,0,1786,1361,127.84,77.988,195.0,4179.527,5.9401,0.282548,5e-06,0.321,0.631,0.0,False,False,False,False,False,False,0.736,review,very_small_content_region,
411,Baptisms_San_Antonio_Baptism_Records_1788-1824_1858-1898.docx,411,raw/fs_0411.png,e1dc1c5a93f62aefc295b5d97e5afc0797fabde77db1d19ff460f809a2886b12,dlstupka/hth-baptisms-san-antonio-1788-1824--1858-1898,61efff529fb7330a92f8d423c40c45bc60bb841c,dlstupka/hth,61efff529fb7330a92f8d423c40c45bc60bb841c,1786,1361,1.0,False,0,-0.25,0.0,0,0,0,0,0,0,0,0,1786,1361,128.266,77.551,196.0,4319.357,6.0227,0.278974,8e-06,0.635,0.629,0.0,False,False,False,False,False,False,0.737,review,very_small_content_region,
412,Baptisms_San_Antonio_Baptism_Records_1788-1824_1858-1898.docx,412,raw/fs_0412.png,fa7a7e927ca9f9e0986fdc8128a4881bfff46ee8ae5d7203a6eae27c636890c8,dlstupka/hth-baptisms-san-antonio-1788-1824--1858-1898,61efff529fb7330a92f8d423c40c45bc60bb841c,dlstupka/hth,61efff529fb7330a92f8d423c40c45bc60bb841c,1786,1361,1.0,False,0,-0.25,0.0,0,0,0,0,0,0,0,0,1786,1361,131.349,76.484,195.0,3550.222,5.9367,0.260281,3e-06,0.45,0.586,0.0,False,False,False,False,False,False,0.741,review,very_small_content_region,
413,Baptisms_San_Antonio_Baptism_Records_1788-1824_1858-1898.docx,413,raw/fs_0413.png,f689f43dc942661ee251f817210e0fc83c0b0b09c221f7335fb8a40ffc84f9b4,dlstupka/hth-baptisms-san-antonio-1788-1824--1858-1898,61efff529fb7330a92f8d423c40c45bc60bb841c,dlstupka/hth,61efff529fb7330a92f8d423c40c45bc60bb841c,1786,1361,1.0,False,0,0.25,0.011,0,0,0,0,0,0,0,0,1786,1361,133.707,80.739,204.0,4357.286,6.1457,0.276958,2.2e-05,0.596,0.623,0.0,False,False,False,False,False,False,0.745,review,very_small_content_region,
414,Baptisms_San_Antonio_Baptism_Records_1788-1824_1858-1898.docx,414,raw/fs_0414.png,f893a2223c96ff1e202a64a69d1ed69aa9c997330c8364323ad67f4f546d9a81,dlstupka/hth-baptisms-san-antonio-1788-1824--1858-1898,61efff529fb7330a92f8d423c40c45bc60bb841c,dlstupka/hth,61efff529fb7330a92f8d423c40c45bc60bb841c,1786,1361,1.0,False,0,-0.25,0.007,108,49,1656,1309,1548,1260,108,49,130,52,172.314,46.044,152.0,4347.812,6.458,0.071108,2e-05,0.0,0.651,0.80242,False,False,False,False,False,False,0.912,pass,,
415,Baptisms_San_Antonio_Baptism_Records_1788-1824_1858-1898.docx,415,raw/fs_0415.png,e8fa7cd7f6f885a77c3e5fc2458a6b6819673a8518f2d4e7f4ef50dddd447dd5,dlstupka/hth-baptisms-san-antonio-1788-1824--1858-1898,61efff529fb7330a92f8d423c40c45bc60bb841c,dlstupka/hth,61efff529fb7330a92f8d423c40c45bc60bb841c,1786,1361,1.0,False,0,0.25,0.045,0,0,0,0,0,0,0,0,1786,1361,140.146,77.805,205.0,3619.841,6.0641,0.237011,9e-06,0.0,0.607,0.0,False,False,False,False,False,False,0.754,review,very_small_content_region,
416,Baptisms_San_Antonio_Baptism_Records_1788-1824_1858-1898.docx,416,raw/fs_0416.png,82d5de33a5eb0be021cb19957e90d91bd20d148fe7e4c174a6bab06d49c50ba7,dlstupka/hth-baptisms-san-antonio-1788-1824--1858-1898,61efff529fb7330a92f8d423c40c45bc60bb841c,dlstupka/hth,61efff529fb7330a92f8d423c40c45bc60bb841c,1786,1361,1.0,False,0,0.25,0.052,0,0,0,0,0,0,0,0,1786,1361,135.486,80.167,205.0,3842.238,6.043,0.262982,1.8e-05,0.625,0.604,0.0,False,False,False,False,False,False,0.747,review,very_small_content_region,
417,Baptisms_San_Antonio_Baptism_Records_1788-1824_1858-1898.docx,417,raw/fs_0417.png,c0672db2b1fe467a24b906539128c72d40eaa72b46783ca20918e4d49c9a49b8,dlstupka/hth-baptisms-san-antonio-1788-1824--1858-1898,61efff529fb7330a92f8d423c40c45bc60bb841c,dlstupka/hth,61efff529fb7330a92f8d423c40c45bc60bb841c,1786,1361,1.0,False,0,0.25,0.128,0,0,0,0,0,0,0,0,1786,1361,134.457,79.83,204.0,4366.406,6.0935,0.268525,1.5e-05,0.622,0.625,0.0,False,False,False,False,False,False,0.746,review,very_small_content_region,
418,Baptisms_San_Antonio_Baptism_Records_1788-1824_1858-1898.docx,418,raw/fs_0418.png,e474bb47c48d482448f7c6d25d7e8b9d0c9a674250f0abfcfc7128bb436e308f,dlstupka/hth-baptisms-san-antonio-1788-1824--1858-1898,61efff529fb7330a92f8d423c40c45bc60bb841c,dlstupka/hth,61efff529fb7330a92f8d423c40c45bc60bb841c,1786,1361,1.0,False,0,-0.25,0.005,0,0,0,0,0,0,0,0,1786,1361,135.41,79.757,204.0,4550.225,6.0578,0.268556,1.9e-05,0.0,0.627,0.0,False,False,False,False,False,False,0.747,review,very_small_content_region,
419,Baptisms_San_Antonio_Baptism_Records_1788-1824_1858-1898.docx,419,raw/fs_0419.png,d651d4be68de01794c89e229d03dd7b07b96c1caf094984e663127fc96468633,dlstupka/hth-baptisms-san-antonio-1788-1824--1858-1898,61efff529fb7330a92f8d423c40c45bc60bb841c,dlstupka/hth,61efff529fb7330a92f8d423c40c45bc60bb841c,1786,1361,1.0,False,0,0.25,0.128,0,0,0,0,0,0,0,0,1786,1361,141.96,77.913,209.0,4283.441,6.1212,0.237354,2.7e-05,0.0,0.624,0.0,False,False,False,False,False,False,0.757,review,very_small_content_region,
420,Baptisms_San_Antonio_Baptism_Records_1788-1824_1858-1898.docx,420,raw/fs_0420.png,9c7bf5725b1712029ab86989912685f1b8eb8d49a6445134d1d1230ed12f4cad,dlstupka/hth-baptisms-san-antonio-1788-1824--1858-1898,61efff529fb7330a92f8d423c40c45bc60bb841c,dlstupka/hth,61efff529fb7330a92f8d423c40c45bc60bb841c,1786,1361,1.0,False,0,0.25,0.057,0,0,0,0,0,0,0,0,1786,1361,138.999,79.544,207.0,4490.588,6.1608,0.255519,2.8e-05,0.0,0.642,0.0,False,False,False,False,False,False,0.753,review,very_small_content_region,
421,Baptisms_San_Antonio_Baptism_Records_1788-1824_1858-1898.docx,421,raw/fs_0421.png,7c0a70011bb408df495a00e325c23da08bf7a8dbe2e5f1a4aa0715c3b4682524,dlstupka/hth-baptisms-san-antonio-1788-1824--1858-1898,61efff529fb7330a92f8d423c40c45bc60bb841c,dlstupka/hth,61efff529fb7330a92f8d423c40c45bc60bb841c,1786,1361,1.0,False,0,-0.25,0.081,0,0,0,0,0,0,0,0,1786,1361,139.834,79.755,207.0,3765.852,6.1334,0.247695,3.8e-05,0.591,0.616,0.0,False,False,False,False,False,False,0.754,review,very_small_content_region,
422,Baptisms_San_Antonio_Baptism_Records_1788-1824_1858-1898.docx,422,raw/fs_0422.png,abeb80ada6ec78cc980a58bc7a0bc9fe016f3b6af4303df27cd7841c99b6e5c3,dlstupka/hth-baptisms-san-antonio-1788-1824--1858-1898,61efff529fb7330a92f8d423c40c45bc60bb841c,dlstupka/hth,61efff529fb7330a92f8d423c40c45bc60bb841c,1786,1361,1.0,False,0,-0.25,0.0,0,0,0,0,0,0,0,0,1786,1361,133.054,75.57,196.0,3644.016,5.87,0.246405,3e-06,0.199,0.609,0.0,False,False,False,False,False,False,0.744,review,very_small_content_region,
423,Baptisms_San_Antonio_Baptism_Records_1788-1824_1858-1898.docx,423,raw/fs_0423.png,69647d59e8abcbc0a3a8ed6c74f400872f37aba12977e13218b93a09f8203510,dlstupka/hth-baptisms-san-antonio-1788-1824--1858-1898,61efff529fb7330a92f8d423c40c45bc60bb841c,dlstupka/hth,61efff529fb7330a92f8d423c40c45bc60bb841c,1786,1361,1.0,False,0,-0.25,0.0,0,0,0,0,0,0,0,0,1786,1361,142.441,70.859,201.0,3377.472,6.0044,0.198644,2e-06,0.0,0.6,0.0,False,False,False,False,False,False,0.758,review,very_small_content_region,
424,Baptisms_San_Antonio_Baptism_Records_1788-1824_1858-1898.docx,424,raw/fs_0424.png,2b92d394dbaa221cc2cb519d75b17a7ebdd9150b075761abffe506d710b28ee5,dlstupka/hth-baptisms-san-antonio-1788-1824--1858-1898,61efff529fb7330a92f8d423c40c45bc60bb841c,dlstupka/hth,61efff529fb7330a92f8d423c40c45bc60bb841c,1786,1361,1.0,False,0,-0.25,0.0,0,0,0,0,0,0,0,0,1786,1361,133.493,74.534,194.0,3241.077,5.8674,0.239817,1e-06,0.593,0.58,0.0,False,False,False,False,False,False,0.744,review,very_small_content_region,
425,Baptisms_San_Antonio_Baptism_Records_1788-1824_1858-1898.docx,425,raw/fs_0425.png,736bc8eea14ef48de3862501babe0f8acd0f9146be2d692e8f9c8e119ff53a4f,dlstupka/hth-baptisms-san-antonio-1788-1824--1858-1898,61efff529fb7330a92f8d423c40c45bc60bb841c,dlstupka/hth,61efff529fb7330a92f8d423c40c45bc60bb841c,1786,1361,1.0,False,0,-0.25,0.0,79,49,1665,1310,1586,1261,79,49,121,51,164.321,44.108,143.0,3588.837,6.3961,0.070256,3e-06,0.0,0.627,0.82277,False,False,False,False,False,False,0.89,pass,,
426,Baptisms_San_Antonio_Baptism_Records_1788-1824_1858-1898.docx,426,raw/fs_0426.png,abad3ed1895d16550068d38508096bbe9d7bde205a946b70d315f27b2e519104,dlstupka/hth-baptisms-san-antonio-1788-1824--1858-1898,61efff529fb7330a92f8d423c40c45bc60bb841c,dlstupka/hth,61efff529fb7330a92f8d423c40c45bc60bb841c,1786,1361,1.0,False,0,-0.25,0.0,96,60,1650,1299,1554,1239,96,60,136,62,164.946,42.158,132.0,3814.753,6.3858,0.064046,1e-06,0.0,0.637,0.792105,False,False,False,False,False,False,0.881,pass,,
427,Baptisms_San_Antonio_Baptism_Records_1788-1824_1858-1898.docx,427,raw/fs_0427.png,d38915ff86eacd3f5ac382a28d4bfc8711bfbbde86de6168540fa173afbcda21,dlstupka/hth-baptisms-san-antonio-1788-1824--1858-1898,61efff529fb7330a92f8d423c40c45bc60bb841c,dlstupka/hth,61efff529fb7330a92f8d423c40c45bc60bb841c,1786,1361,1.0,False,0,-0.25,0.0,85,63,1656,1306,1571,1243,85,63,130,55,164.226,44.963,145.0,4081.389,6.4753,0.075094,5e-06,0.0,0.638,0.803355,False,False,False,False,False,False,0.894,pass,,
428,Baptisms_San_Antonio_Baptism_Records_1788-1824_1858-1898.docx,428,raw/fs_0428.png,40cc5be5bf1cd2acf71aec1387c4a3e1181b1903021cad9af4485597d7a3d5e5,dlstupka/hth-baptisms-san-antonio-1788-1824--1858-1898,61efff529fb7330a92f8d423c40c45bc60bb841c,dlstupka/hth,61efff529fb7330a92f8d423c40c45bc60bb841c,1786,1361,1.0,False,0,-0.25,0.0,73,49,1667,1312,1594,1263,73,49,119,49,161.81,45.818,150.0,4275.077,6.4708,0.083071,7e-06,0.0,0.658,0.828232,False,False,False,False,False,False,0.895,pass,,
429,Baptisms_San_Antonio_Baptism_Records_1788-1824_1858-1898.docx,429,raw/fs_0429.png,858b950cd5095b55e9629e65c1b7840877fa791670646d1136f3f7cfc91130b1,dlstupka/hth-baptisms-san-antonio-1788-1824--1858-1898,61efff529fb7330a92f8d423c40c45bc60bb841c,dlstupka/hth,61efff529fb7330a92f8d423c40c45bc60bb841c,1786,1361,1.0,False,0,-0.25,0.0,85,54,1657,1302,1572,1248,85,54,129,59,161.155,45.947,152.0,4225.075,6.4995,0.084162,7e-06,0.0,0.67,0.8071,False,False,False,False,False,False,0.895,pass,,
430,Baptisms_San_Antonio_Baptism_Records_1788-1824_1858-1898.docx,430,raw/fs_0430.png,be4f84e557aec327f0a3bbc5ef4365016891ea1ddafc3c54be6d1d465b3cd2ab,dlstupka/hth-baptisms-san-antonio-1788-1824--1858-1898,61efff529fb7330a92f8d423c40c45bc60bb841c,dlstupka/hth,61efff529fb7330a92f8d423c40c45bc60bb841c,1786,1361,1.0,False,0,-0.25,0.0,247,71,1562,1280,1315,1209,247,71,224,81,169.922,36.631,120.0,4791.099,6.1809,0.052829,1.2e-05,0.391,0.667,0.654052,False,False,False,False,False,False,0.861,pass,,
431,Baptisms_San_Antonio_Baptism_Records_1788-1824_1858-1898.docx,431,raw/fs_0431.png,d2bbc6555bcd6306954fe8fa2f36f3c5e096c85bc74a9025036e2429352aad46,dlstupka/hth-baptisms-san-antonio-1788-1824--1858-1898,61efff529fb7330a92f8d423c40c45bc60bb841c,dlstupka/hth,61efff529fb7330a92f8d423c40c45bc60bb841c,1786,1361,1.0,False,0,-0.25,0.0,81,69,1644,1305,1563,1236,81,69,142,56,163.153,45.124,147.0,4168.143,6.4604,0.078176,3e-06,0.0,0.662,0.794763,False,False,False,False,False,False,0.894,pass,,
432,Baptisms_San_Antonio_Baptism_Records_1788-1824_1858-1898.docx,432,raw/fs_0432.png,68d4971407aa8a5d52260137e74bae41cc50a07774f5af67b05a2d2d4047f5dc,dlstupka/hth-baptisms-san-antonio-1788-1824--1858-1898,61efff529fb7330a92f8d423c40c45bc60bb841c,dlstupka/hth,61efff529fb7330a92f8d423c40c45bc60bb841c,1786,1361,1.0,False,0,-0.25,0.0,99,69,1651,1301,1552,1232,99,69,135,60,165.342,43.348,138.0,3619.06,6.3446,0.06787,2e-06,0.0,0.611,0.786616,False,False,False,False,False,False,0.888,pass,,
433,Baptisms_San_Antonio_Baptism_Records_1788-1824_1858-1898.docx,433,raw/fs_0433.png,69db52b745cb26dc981b8f5ba29126bcc219e92e8ffca6829051441bff883e29,dlstupka/hth-baptisms-san-antonio-1788-1824--1858-1898,61efff529fb7330a92f8d423c40c45bc60bb841c,dlstupka/hth,61efff529fb7330a92f8d423c40c45bc60bb841c,1786,1361,1.0,False,0,-0.25,0.0,71,66,1624,1300,1553,1234,71,66,162,61,163.091,44.269,141.0,4025.902,6.4159,0.074978,5e-06,0.0,0.651,0.788401,False,False,False,False,False,False,0.889,pass,,
434,Baptisms_San_Antonio_Baptism_Records_1788-1824_1858-1898.docx,434,raw/fs_0434.png,f589a06d162ca39be5df1b2e1280a2789d63f9eeafee57c02f42887ad824d792,dlstupka/hth-baptisms-san-antonio-1788-1824--1858-1898,61efff529fb7330a92f8d423c40c45bc60bb841c,dlstupka/hth,61efff529fb7330a92f8d423c40c45bc60bb841c,1786,1361,1.0,False,0,-0.25,0.0,85,65,1655,1303,1570,1238,85,65,131,58,161.646,46.71,156.0,4315.236,6.4907,0.084666,7e-06,0.0,0.681,0.799615,False,False,False,False,False,False,0.899,pass,,
435,Baptisms_San_Antonio_Baptism_Records_1788-1824_1858-1898.docx,435,raw/fs_0435.png,c9e1e5c5a73388e109da60685f71181f83f7b7450889db5250a5bf7d1427b9f6,dlstupka/hth-baptisms-san-antonio-1788-1824--1858-1898,61efff529fb7330a92f8d423c40c45bc60bb841c,dlstupka/hth,61efff529fb7330a92f8d423c40c45bc60bb841c,1786,1361,1.0,False,0,-0.25,0.0,0,0,0,0,0,0,0,0,1786,1361,137.609,74.936,200.0,3442.917,6.0355,0.231977,3e-06,0.0,0.577,0.0,False,False,False,False,False,False,0.75,review,very_small_content_region,
436,Baptisms_San_Antonio_Baptism_Records_1788-1824_1858-1898.docx,436,raw/fs_0436.png,d7e57f4d9326a8a34e6a0935b334d7035926a4a435ace9d5757342c189f9fb11,dlstupka/hth-baptisms-san-antonio-1788-1824--1858-1898,61efff529fb7330a92f8d423c40c45bc60bb841c,dlstupka/hth,61efff529fb7330a92f8d423c40c45bc60bb841c,1786,1361,1.0,False,0,-0.25,0.0,96,62,1663,1303,1567,1241,96,62,123,58,162.749,47.047,158.0,4550.75,6.5084,0.087316,1.3e-05,0.0,0.666,0.800021,False,False,False,False,False,False,0.903,pass,,
437,Baptisms_San_Antonio_Baptism_Records_1788-1824_1858-1898.docx,437,raw/fs_0437.png,64e92b6087683a80ab5b0b2cfb48ad1b976af46fd2a7732f35b7bf6fbbbf9f1f,dlstupka/hth-baptisms-san-antonio-1788-1824--1858-1898,61efff529fb7330a92f8d423c40c45bc60bb841c,dlstupka/hth,61efff529fb7330a92f8d423c40c45bc60bb841c,1786,1361,1.0,False,0,-0.25,0.0,92,71,1652,1305,1560,1234,92,71,134,56,161.352,49.305,167.0,4783.922,6.5446,0.097746,1.6e-05,0.0,0.677,0.791954,False,False,False,False,False,False,0.912,pass,,
438,Baptisms_San_Antonio_Baptism_Records_1788-1824_1858-1898.docx,438,raw/fs_0438.png,ec9a5508d88f09558671ba2f575b9fc4df7585dc24f2eb175ca8ee925f112a84,dlstupka/hth-baptisms-san-antonio-1788-1824--1858-1898,61efff529fb7330a92f8d423c40c45bc60bb841c,dlstupka/hth,61efff529fb7330a92f8d423c40c45bc60bb841c,1786,1361,1.0,False,0,-0.25,0.0,85,64,1655,1298,1570,1234,85,64,131,63,162.069,46.296,155.0,4137.165,6.4396,0.083059,7e-06,0.0,0.656,0.797031,False,False,False,False,False,False,0.898,pass,,
439,Baptisms_San_Antonio_Baptism_Records_1788-1824_1858-1898.docx,439,raw/fs_0439.png,8b3af620a5c2241904744c44547452c5716fbbd90d4568324e35baf9706e264f,dlstupka/hth-baptisms-san-antonio-1788-1824--1858-1898,61efff529fb7330a92f8d423c40c45bc60bb841c,dlstupka/hth,61efff529fb7330a92f8d423c40c45bc60bb841c,1786,1361,1.0,False,0,-0.25,0.0,96,68,1656,1300,1560,1232,96,68,130,61,164.172,44.337,147.0,3792.849,6.3575,0.072174,5e-06,0.0,0.615,0.790671,False,False,False,False,False,False,0.891,pass,,
440,Baptisms_San_Antonio_Baptism_Records_1788-1824_1858-1898.docx,440,raw/fs_0440.png,3eae8fc7f504262aa1000aea1f0e89a97b86e241448faa7edb7b2ff9701b94a1,dlstupka/hth-baptisms-san-antonio-1788-1824--1858-1898,61efff529fb7330a92f8d423c40c45bc60bb841c,dlstupka/hth,61efff529fb7330a92f8d423c40c45bc60bb841c,1786,1361,1.0,False,0,-0.25,0.0,92,66,1655,1301,1563,1235,92,66,131,60,164.861,43.781,145.0,3381.338,6.2644,0.069542,3e-06,0.0,0.582,0.79412,False,False,False,False,False,False,0.889,pass,,
441,Baptisms_San_Antonio_Baptism_Records_1788-1824_1858-1898.docx,441,raw/fs_0441.png,3a799828408e9331a466d4841d4df5fdf1038a021a1e079484d3cd2deb049dfd,dlstupka/hth-baptisms-san-antonio-1788-1824--1858-1898,61efff529fb7330a92f8d423c40c45bc60bb841c,dlstupka/hth,61efff529fb7330a92f8d423c40c45bc60bb841c,1786,1361,1.0,False,0,-0.25,0.0,0,0,0,0,0,0,0,0,1786,1361,137.39,75.083,197.0,2954.758,5.8817,0.233998,3e-06,0.0,0.528,0.0,False,False,False,False,False,False,0.75,review,very_small_content_region,
442,Baptisms_San_Antonio_Baptism_Records_1788-1824_1858-1898.docx,442,raw/fs_0442.png,aab138a48b69f1189c3cca930e0f35a35e6bb412e72781c43f4c6658e275bb02,dlstupka/hth-baptisms-san-antonio-1788-1824--1858-1898,61efff529fb7330a92f8d423c40c45bc60bb841c,dlstupka/hth,61efff529fb7330a92f8d423c40c45bc60bb841c,1786,1361,1.0,False,0,-0.25,0.0,83,65,1654,1303,1571,1238,83,65,132,58,166.674,42.699,137.0,2750.796,6.265,0.060632,3e-06,0.0,0.522,0.800124,False,False,False,False,False,False,0.887,pass,,
443,Baptisms_San_Antonio_Baptism_Records_1788-1824_1858-1898.docx,443,raw/fs_0443.png,0383ba8d30016a198060a9d385ce32834249acfecc136eb27be311afd493d276,dlstupka/hth-baptisms-san-antonio-1788-1824--1858-1898,61efff529fb7330a92f8d423c40c45bc60bb841c,dlstupka/hth,61efff529fb7330a92f8d423c40c45bc60bb841c,1786,1361,1.0,False,0,-0.25,0.0,88,70,1648,1303,1560,1233,88,70,138,58,161.354,47.733,162.0,4434.596,6.471,0.090378,6e-06,0.0,0.676,0.791313,False,False,False,False,False,False,0.904,pass,,
444,Baptisms_San_Antonio_Baptism_Records_1788-1824_1858-1898.docx,444,raw/fs_0444.png,6153c33dd245151170457e8583a3a37b6eebfe7c26675e5dced6ff1992847c0e,dlstupka/hth-baptisms-san-antonio-1788-1824--1858-1898,61efff529fb7330a92f8d423c40c45bc60bb841c,dlstupka/hth,61efff529fb7330a92f8d423c40c45bc60bb841c,1786,1361,1.0,False,0,-0.25,0.0,0,0,0,0,0,0,0,0,1786,1361,133.784,76.14,198.0,3728.665,6.078,0.252269,5e-06,0.0,0.595,0.0,False,False,False,False,False,False,0.745,review,very_small_content_region,
445,Baptisms_San_Antonio_Baptism_Records_1788-1824_1858-1898.docx,445,raw/fs_0445.png,e94a4ce84e3fcb7d93d0c3ce0e139aac0313fee09abc4275db13d964f61292a1,dlstupka/hth-baptisms-san-antonio-1788-1824--1858-1898,61efff529fb7330a92f8d423c40c45bc60bb841c,dlstupka/hth,61efff529fb7330a92f8d423c40c45bc60bb841c,1786,1361,1.0,False,0,-0.25,0.0,97,72,1658,1303,1561,1231,97,72,128,58,164.906,47.205,161.0,4364.579,6.4323,0.083571,1.6e-05,0.0,0.639,0.790535,False,False,False,False,False,False,0.907,pass,,
446,Baptisms_San_Antonio_Baptism_Records_1788-1824_1858-1898.docx,446,raw/fs_0446.png,6715fdb75deb13a3d05a75600c08f920c52d34e6e1d67d086d19aa0ba984b192,dlstupka/hth-baptisms-san-antonio-1788-1824--1858-1898,61efff529fb7330a92f8d423c40c45bc60bb841c,dlstupka/hth,61efff529fb7330a92f8d423c40c45bc60bb841c,1786,1361,1.0,False,0,0.25,0.109,100,70,1662,1302,1562,1232,100,70,124,59,172.551,50.391,173.0,4563.987,6.5252,0.083656,5.9e-05,0.0,0.652,0.791685,False,False,False,False,False,False,0.934,pass,,
447,Baptisms_San_Antonio_Baptism_Records_1788-1824_1858-1898.docx,447,raw/fs_0447.png,c40d3923bea5d29be41a0191def9adebb0ea80f74102c12aefeee20bae4c1136,dlstupka/hth-baptisms-san-antonio-1788-1824--1858-1898,61efff529fb7330a92f8d423c40c45bc60bb841c,dlstupka/hth,61efff529fb7330a92f8d423c40c45bc60bb841c,1786,1361,1.0,False,0,-0.25,0.016,96,73,1657,1306,1561,1233,96,73,129,55,171.732,52.217,179.0,4821.39,6.5875,0.092625,8.4e-05,0.0,0.655,0.79182,False,False,False,False,False,False,0.942,pass,,
448,Baptisms_San_Antonio_Baptism_Records_1788-1824_1858-1898.docx,448,raw/fs_0448.png,701dd68e3ddf7ba2ea3cc3374c659ad1cd0685e1b2c30bbe35971c5954e63588,dlstupka/hth-baptisms-san-antonio-1788-1824--1858-1898,61efff529fb7330a92f8d423c40c45bc60bb841c,dlstupka/hth,61efff529fb7330a92f8d423c40c45bc60bb841c,1786,1361,1.0,False,0,-0.25,0.0,93,77,1645,1305,1552,1228,93,77,141,56,160.924,48.732,166.0,4674.141,6.5167,0.096052,1.3e-05,0.0,0.671,0.784062,False,False,False,False,False,False,0.908,pass,,
449,Baptisms_San_Antonio_Baptism_Records_1788-1824_1858-1898.docx,449,raw/fs_0449.png,efbc6890e8a93fbda5c22475e4aa5b55d4d2360edac6564ca31e4d5063967df6,dlstupka/hth-baptisms-san-antonio-1788-1824--1858-1898,61efff529fb7330a92f8d423c40c45bc60bb841c,dlstupka/hth,61efff529fb7330a92f8d423c40c45bc60bb841c,1786,1361,1.0,False,0,-0.25,0.0,107,84,1657,1307,1550,1223,107,84,129,54,161.344,47.762,164.0,4557.029,6.4671,0.091682,8e-06,0.0,0.654,0.779863,False,False,False,False,False,False,0.904,pass,,
450,Baptisms_San_Antonio_Baptism_Records_1788-1824_1858-1898.docx,450,raw/fs_0450.png,1004196559583b2db4e11710c885be5ca9704029003996b83f6dcc5e78b3a686,dlstupka/hth-baptisms-san-antonio-1788-1824--1858-1898,61efff529fb7330a92f8d423c40c45bc60bb841c,dlstupka/hth,61efff529fb7330a92f8d423c40c45bc60bb841c,1786,1361,1.0,False,0,0.25,0.008,0,0,0,0,0,0,0,0,1786,1361,141.179,81.457,213.0,4098.651,6.1221,0.257319,4.3e-05,0.0,0.612,0.0,False,False,False,False,False,False,0.756,review,very_small_content_region,
451,Baptisms_San_Antonio_Baptism_Records_1788-1824_1858-1898.docx,451,raw/fs_0451.png,cd4ba4ee5a0c938239294a6885913c3fbc1221707c7d683f3b313b235bcd0dc4,dlstupka/hth-baptisms-san-antonio-1788-1824--1858-1898,61efff529fb7330a92f8d423c40c45bc60bb841c,dlstupka/hth,61efff529fb7330a92f8d423c40c45bc60bb841c,1786,1361,1.0,False,0,-0.25,0.0,102,66,1661,1301,1559,1235,102,66,125,60,163.847,45.653,154.0,3597.255,6.279,0.081129,4e-06,0.0,0.648,0.792088,False,False,False,False,False,False,0.897,pass,,
452,Baptisms_San_Antonio_Baptism_Records_1788-1824_1858-1898.docx,452,raw/fs_0452.png,2f93fa6be91eed669f8f55501becc78470f9a2b39dbc44b49903da0179cf806d,dlstupka/hth-baptisms-san-antonio-1788-1824--1858-1898,61efff529fb7330a92f8d423c40c45bc60bb841c,dlstupka/hth,61efff529fb7330a92f8d423c40c45bc60bb841c,1786,1361,1.0,False,0,0.25,0.079,108,62,1664,1293,1556,1231,108,62,122,68,172.732,48.74,163.0,4004.609,6.4411,0.079222,3.8e-05,0.0,0.662,0.788003,False,False,False,False,False,False,0.926,pass,,
453,Baptisms_San_Antonio_Baptism_Records_1788-1824_1858-1898.docx,453,raw/fs_0453.png,4928633d1c29f04cbbaa210ed7290e5b27c21931b5084a1f7f5ea7157ebc4441,dlstupka/hth-baptisms-san-antonio-1788-1824--1858-1898,61efff529fb7330a92f8d423c40c45bc60bb841c,dlstupka/hth,61efff529fb7330a92f8d423c40c45bc60bb841c,1786,1361,1.0,False,0,-0.25,0.0,110,66,1668,1297,1558,1231,110,66,118,64,162.288,47.037,159.0,3973.686,6.4171,0.089396,9e-06,0.0,0.636,0.789016,False,False,False,False,False,False,0.902,pass,,
454,Baptisms_San_Antonio_Baptism_Records_1788-1824_1858-1898.docx,454,raw/fs_0454.png,64572dd5983367966010e6a51bfacc76eba5bbfca61d324faedc086b0a15f56c,dlstupka/hth-baptisms-san-antonio-1788-1824--1858-1898,61efff529fb7330a92f8d423c40c45bc60bb841c,dlstupka/hth,61efff529fb7330a92f8d423c40c45bc60bb841c,1786,1361,1.0,False,0,0.25,0.0,111,71,1659,1299,1548,1228,111,71,127,62,163.233,46.729,159.0,4033.817,6.3802,0.085247,5e-06,0.0,0.617,0.782041,False,False,False,False,False,False,0.902,pass,,
455,Baptisms_San_Antonio_Baptism_Records_1788-1824_1858-1898.docx,455,raw/fs_0455.png,e40d55d4861c8c50d480d140f1fad1e757b0e0f44a86d0ac2408166deaa548b0,dlstupka/hth-baptisms-san-antonio-1788-1824--1858-1898,61efff529fb7330a92f8d423c40c45bc60bb841c,dlstupka/hth,61efff529fb7330a92f8d423c40c45bc60bb841c,1786,1361,1.0,False,0,-0.25,0.0,101,78,1646,1307,1545,1229,101,78,140,54,165.454,47.096,159.0,4133.244,6.4039,0.083292,1.2e-05,0.0,0.631,0.781161,False,False,False,False,False,False,0.907,pass,,
456,Baptisms_San_Antonio_Baptism_Records_1788-1824_1858-1898.docx,456,raw/fs_0456.png,4ad0b98b969155c3fc2f77a3e5c0435c27430178bcf706742eab781f6b43daf0,dlstupka/hth-baptisms-san-antonio-1788-1824--1858-1898,61efff529fb7330a92f8d423c40c45bc60bb841c,dlstupka/hth,61efff529fb7330a92f8d423c40c45bc60bb841c,1786,1361,1.0,False,0,-0.25,0.0,101,61,1657,1295,1556,1234,101,61,129,66,166.053,46.021,154.0,3537.182,6.3012,0.079036,5e-06,0.0,0.595,0.789924,False,False,False,False,False,False,0.902,pass,,
457,Baptisms_San_Antonio_Baptism_Records_1788-1824_1858-1898.docx,457,raw/fs_0457.png,28dd7fe55a8369d0a9ec39f1efc9c3939f7997df38cc41b6f7a65799649c9893,dlstupka/hth-baptisms-san-antonio-1788-1824--1858-1898,61efff529fb7330a92f8d423c40c45bc60bb841c,dlstupka/hth,61efff529fb7330a92f8d423c40c45bc60bb841c,1786,1361,1.0,False,0,-0.25,0.0,276,96,1580,1287,1304,1191,276,96,206,74,174.059,35.329,117.0,4522.629,6.0782,0.047531,2.1e-05,0.446,0.623,0.638925,False,False,False,False,False,False,0.861,pass,,
458,Baptisms_San_Antonio_Baptism_Records_1788-1824_1858-1898.docx,458,raw/fs_0458.png,f6d0e6eba9ec003275d9d590bd1b8c8f547e6678fcae60a51097b945d7ab5cde,dlstupka/hth-baptisms-san-antonio-1788-1824--1858-1898,61efff529fb7330a92f8d423c40c45bc60bb841c,dlstupka/hth,61efff529fb7330a92f8d423c40c45bc60bb841c,1786,1361,1.0,False,0,0.25,0.001,0,0,0,0,0,0,0,0,1786,1361,130.666,83.937,206.0,3887.145,5.8849,0.301737,3.3e-05,0.304,0.615,0.0,False,False,False,False,False,False,0.74,review,very_small_content_region,
459,Baptisms_San_Antonio_Baptism_Records_1788-1824_1858-1898.docx,459,raw/fs_0459.png,722c24043ae3d63dacb2e5a9bf5af1c2ad7d2aed23142fdb03d6f89f96b8039f,dlstupka/hth-baptisms-san-antonio-1788-1824--1858-1898,61efff529fb7330a92f8d423c40c45bc60bb841c,dlstupka/hth,61efff529fb7330a92f8d423c40c45bc60bb841c,1786,1361,1.0,False,0,-0.25,0.0,101,74,1646,1300,1545,1226,101,74,140,61,162.35,45.612,152.0,3973.886,6.3477,0.083865,8e-06,0.0,0.612,0.779255,False,False,False,False,False,False,0.895,pass,,
460,Baptisms_San_Antonio_Baptism_Records_1788-1824_1858-1898.docx,460,raw/fs_0460.png,44b0fff49d2a3e38b441781d203247384585ae4b4b61edf6d57f89a430c73a6d,dlstupka/hth-baptisms-san-antonio-1788-1824--1858-1898,61efff529fb7330a92f8d423c40c45bc60bb841c,dlstupka/hth,61efff529fb7330a92f8d423c40c45bc60bb841c,1786,1361,1.0,False,0,-0.25,0.0,0,0,0,0,0,0,0,0,1786,1361,136.15,75.811,199.0,3349.757,6.0349,0.243917,4e-06,0.0,0.577,0.0,False,False,False,False,False,False,0.748,review,very_small_content_region,
461,Baptisms_San_Antonio_Baptism_Records_1788-1824_1858-1898.docx,461,raw/fs_0461.png,fc1781f1998afa256a23ab909f72dd021fc32e765de7e07e7e781ffbce19c134,dlstupka/hth-baptisms-san-antonio-1788-1824--1858-1898,61efff529fb7330a92f8d423c40c45bc60bb841c,dlstupka/hth,61efff529fb7330a92f8d423c40c45bc60bb841c,1786,1361,1.0,False,0,-0.25,0.0,100,71,1647,1302,1547,1231,100,71,139,59,165.16,43.918,144.0,3967.725,6.3386,0.073308,6e-06,0.0,0.629,0.783445,False,False,False,False,False,False,0.89,pass,,
462,Baptisms_San_Antonio_Baptism_Records_1788-1824_1858-1898.docx,462,raw/fs_0462.png,343a03a4dacfbcaa93aa7bcb762bc05158f952f4a590b901bce33fb954f58824,dlstupka/hth-baptisms-san-antonio-1788-1824--1858-1898,61efff529fb7330a92f8d423c40c45bc60bb841c,dlstupka/hth,61efff529fb7330a92f8d423c40c45bc60bb841c,1786,1361,1.0,False,0,0.25,0.071,0,0,0,0,0,0,0,0,1786,1361,141.404,79.445,208.0,3899.122,6.1088,0.245453,3.3e-05,0.0,0.596,0.0,False,False,False,False,False,False,0.756,review,very_small_content_region,
463,Baptisms_San_Antonio_Baptism_Records_1788-1824_1858-1898.docx,463,raw/fs_0463.png,11caab6a867c9d579a4d077039dbecd584a16314be6a91623bced523fdd017f4,dlstupka/hth-baptisms-san-antonio-1788-1824--1858-1898,61efff529fb7330a92f8d423c40c45bc60bb841c,dlstupka/hth,61efff529fb7330a92f8d423c40c45bc60bb841c,1786,1361,1.0,False,0,0.25,0.099,0,0,0,0,0,0,0,0,1786,1361,140.629,78.395,208.0,3825.621,6.2335,0.244141,3.2e-05,0.0,0.597,0.0,False,False,False,False,False,False,0.755,review,very_small_content_region,
464,Baptisms_San_Antonio_Baptism_Records_1788-1824_1858-1898.docx,464,raw/fs_0464.png,1bcc4a4cfbbc66d89a34bfe87790fa6cd77fcaa3100945f1975efac5a64787f1,dlstupka/hth-baptisms-san-antonio-1788-1824--1858-1898,61efff529fb7330a92f8d423c40c45bc60bb841c,dlstupka/hth,61efff529fb7330a92f8d423c40c45bc60bb841c,1786,1361,1.0,False,0,-0.25,0.0,95,66,1655,1306,1560,1240,95,66,131,55,164.77,44.784,147.0,3749.552,6.3801,0.074991,6e-06,0.0,0.621,0.795805,False,False,False,False,False,False,0.894,pass,,
465,Baptisms_San_Antonio_Baptism_Records_1788-1824_1858-1898.docx,465,raw/fs_0465.png,4b8baa07f1ae0bc71d5c498f0d286f061ce29789f9f7fa9507171d70461df99e,dlstupka/hth-baptisms-san-antonio-1788-1824--1858-1898,61efff529fb7330a92f8d423c40c45bc60bb841c,dlstupka/hth,61efff529fb7330a92f8d423c40c45bc60bb841c,1786,1361,1.0,False,0,-0.25,0.0,108,66,1667,1306,1559,1240,108,66,119,55,163.8,45.84,151.0,4084.045,6.4103,0.081258,8e-06,0.0,0.65,0.795295,False,False,False,False,False,False,0.898,pass,,
466,Baptisms_San_Antonio_Baptism_Records_1788-1824_1858-1898.docx,466,raw/fs_0466.png,da8a122c7f84592bd0f321fde9601e0d691ae1026afeadee45dcd4b9438f25a4,dlstupka/hth-baptisms-san-antonio-1788-1824--1858-1898,61efff529fb7330a92f8d423c40c45bc60bb841c,dlstupka/hth,61efff529fb7330a92f8d423c40c45bc60bb841c,1786,1361,1.0,False,0,-0.25,0.0,0,0,0,0,0,0,0,0,1786,1361,137.308,76.141,199.0,2935.484,5.8814,0.237513,2e-06,0.0,0.533,0.0,False,False,False,False,False,False,0.75,review,very_small_content_region,
467,Baptisms_San_Antonio_Baptism_Records_1788-1824_1858-1898.docx,467,raw/fs_0467.png,abfae5b001d2ad9e59bdfb0cd18a0b94c1c534f906e73e7ed9c5c706192bd899,dlstupka/hth-baptisms-san-antonio-1788-1824--1858-1898,61efff529fb7330a92f8d423c40c45bc60bb841c,dlstupka/hth,61efff529fb7330a92f8d423c40c45bc60bb841c,1786,1361,1.0,False,0,-0.25,0.0,122,83,1645,1305,1523,1222,122,83,141,56,164.281,44.372,146.0,4187.398,6.4079,0.075931,8e-06,0.0,0.654,0.765652,False,False,False,False,False,False,0.891,pass,,
468,Baptisms_San_Antonio_Baptism_Records_1788-1824_1858-1898.docx,468,raw/fs_0468.png,bfe859779c9ecacee714bdd81cba080cae4546ec46866a51764996931a117b58,dlstupka/hth-baptisms-san-antonio-1788-1824--1858-1898,61efff529fb7330a92f8d423c40c45bc60bb841c,dlstupka/hth,61efff529fb7330a92f8d423c40c45bc60bb841c,1786,1361,1.0,False,0,-0.25,0.0,111,94,1642,1311,1531,1217,111,94,144,50,164.8,45.947,153.0,4042.594,6.3814,0.078358,5e-06,0.0,0.619,0.766525,False,False,False,False,False,False,0.9,pass,,
469,Baptisms_San_Antonio_Baptism_Records_1788-1824_1858-1898.docx,469,raw/fs_0469.png,ef6eece7b203559cb3b088589b08d15995372d61344598d614f0d3530da9f643,dlstupka/hth-baptisms-san-antonio-1788-1824--1858-1898,61efff529fb7330a92f8d423c40c45bc60bb841c,dlstupka/hth,61efff529fb7330a92f8d423c40c45bc60bb841c,1786,1361,1.0,False,0,-0.25,0.0,117,79,1659,1306,1542,1227,117,79,127,55,166.063,45.572,151.0,3985.543,6.3568,0.076799,9e-06,0.0,0.587,0.778376,False,False,False,False,False,False,0.9,pass,,
470,Baptisms_San_Antonio_Baptism_Records_1788-1824_1858-1898.docx,470,raw/fs_0470.png,016d13c59e57faa197788074fb7568de893bb602531b6f98c2688f3675931d9b,dlstupka/hth-baptisms-san-antonio-1788-1824--1858-1898,61efff529fb7330a92f8d423c40c45bc60bb841c,dlstupka/hth,61efff529fb7330a92f8d423c40c45bc60bb841c,1786,1361,1.0,False,0,-0.25,0.0,76,59,1635,1305,1559,1246,76,59,151,56,164.122,46.992,161.0,3708.175,6.4127,0.080071,8e-06,0.0,0.606,0.799143,False,False,False,False,False,False,0.904,pass,,
471,Baptisms_San_Antonio_Baptism_Records_1788-1824_1858-1898.docx,471,raw/fs_0471.png,6adc78b46aaef42546de32e9f3b4150f41d87068c321b116407c5755f113840c,dlstupka/hth-baptisms-san-antonio-1788-1824--1858-1898,61efff529fb7330a92f8d423c40c45bc60bb841c,dlstupka/hth,61efff529fb7330a92f8d423c40c45bc60bb841c,1786,1361,1.0,False,0,-0.25,0.0,81,58,1646,1307,1565,1249,81,58,140,54,161.824,49.717,169.0,4463.559,6.5103,0.096509,1.8e-05,0.0,0.668,0.80415,False,False,False,False,False,False,0.915,pass,,
472,Baptisms_San_Antonio_Baptism_Records_1788-1824_1858-1898.docx,472,raw/fs_0472.png,ecbef278dcdfd6b22b61564958f0d5a0627e9b2668d2e62dc90f8515c1b529c1,dlstupka/hth-baptisms-san-antonio-1788-1824--1858-1898,61efff529fb7330a92f8d423c40c45bc60bb841c,dlstupka/hth,61efff529fb7330a92f8d423c40c45bc60bb841c,1786,1361,1.0,False,0,-0.25,0.0,79,67,1625,1300,1546,1233,79,67,161,61,164.076,45.151,149.0,4002.175,6.4801,0.075234,8e-06,0.0,0.633,0.784211,False,False,False,False,False,False,0.895,pass,,
473,Baptisms_San_Antonio_Baptism_Records_1788-1824_1858-1898.docx,473,raw/fs_0473.png,6d604315039d3d8563939f8f463ac58d90860a3e9bfddf3e18d2af45cb2bfa87,dlstupka/hth-baptisms-san-antonio-1788-1824--1858-1898,61efff529fb7330a92f8d423c40c45bc60bb841c,dlstupka/hth,61efff529fb7330a92f8d423c40c45bc60bb841c,1786,1361,1.0,False,0,-0.25,0.0,91,72,1654,1302,1563,1230,91,72,132,59,157.908,50.379,172.0,4390.406,6.5577,0.1069,1e-05,0.0,0.676,0.790905,False,False,False,False,False,False,0.912,pass,,
474,Baptisms_San_Antonio_Baptism_Records_1788-1824_1858-1898.docx,474,raw/fs_0474.png,9fa865d8b7868884e9fc841da4b3a13996502ba5b7f2f7b052f76e3c12cb0c8a,dlstupka/hth-baptisms-san-antonio-1788-1824--1858-1898,61efff529fb7330a92f8d423c40c45bc60bb841c,dlstupka/hth,61efff529fb7330a92f8d423c40c45bc60bb841c,1786,1361,1.0,False,0,-0.25,0.0,0,0,0,0,0,0,0,0,1786,1361,135.782,76.68,200.0,3211.857,5.9979,0.246635,7e-06,0.0,0.549,0.0,False,False,False,False,False,False,0.748,review,very_small_content_region,
475,Baptisms_San_Antonio_Baptism_Records_1788-1824_1858-1898.docx,475,raw/fs_0475.png,b1b150c36b9cf9eb2c2ea5f26825ace8880c183e60f7622306bd2e470d40d1b3,dlstupka/hth-baptisms-san-antonio-1788-1824--1858-1898,61efff529fb7330a92f8d423c40c45bc60bb841c,dlstupka/hth,61efff529fb7330a92f8d423c40c45bc60bb841c,1786,1361,1.0,False,0,-0.25,0.0,89,65,1656,1305,1567,1240,89,65,130,56,162.339,48.558,166.0,4057.769,6.4693,0.088401,8e-06,0.0,0.635,0.799376,False,False,False,False,False,False,0.91,pass,,
476,Baptisms_San_Antonio_Baptism_Records_1788-1824_1858-1898.docx,476,raw/fs_0476.png,7dc641663bee9c6d12a896bf14c94382afe14e92542dd5e5be0101d039d385e1,dlstupka/hth-baptisms-san-antonio-1788-1824--1858-1898,61efff529fb7330a92f8d423c40c45bc60bb841c,dlstupka/hth,61efff529fb7330a92f8d423c40c45bc60bb841c,1786,1361,1.0,False,0,-0.25,0.0,80,54,1672,1309,1592,1255,80,54,114,52,161.748,48.769,169.0,3905.774,6.4705,0.091526,1e-05,0.0,0.635,0.821953,False,False,False,False,False,False,0.91,pass,,
477,Baptisms_San_Antonio_Baptism_Records_1788-1824_1858-1898.docx,477,raw/fs_0477.png,76161a457a7dbc551458fa47121092a1ac95fd6c0df7b2e4b4d28d9523dcdeac,dlstupka/hth-baptisms-san-antonio-1788-1824--1858-1898,61efff529fb7330a92f8d423c40c45bc60bb841c,dlstupka/hth,61efff529fb7330a92f8d423c40c45bc60bb841c,1786,1361,1.0,False,0,-0.25,0.0,95,80,1663,1312,1568,1232,95,80,123,49,162.583,47.371,161.0,3928.85,6.44,0.084274,7e-06,0.0,0.628,0.794726,False,False,False,False,False,False,0.904,pass,,
478,Baptisms_San_Antonio_Baptism_Records_1788-1824_1858-1898.docx,478,raw/fs_0478.png,7f659e49234f7eb7f5866303f55ac5b2327b9aade8475ad75001399139143351,dlstupka/hth-baptisms-san-antonio-1788-1824--1858-1898,61efff529fb7330a92f8d423c40c45bc60bb841c,dlstupka/hth,61efff529fb7330a92f8d423c40c45bc60bb841c,1786,1361,1.0,False,0,-0.25,0.0,102,74,1660,1305,1558,1231,102,74,126,56,160.707,47.797,165.0,4023.804,6.4515,0.091528,6e-06,0.0,0.624,0.789016,False,False,False,False,False,False,0.903,pass,,
479,Baptisms_San_Antonio_Baptism_Records_1788-1824_1858-1898.docx,479,raw/fs_0479.png,3d4301ba58b6a843a304cd7edd950f8a0e4fb470fc24c5c31cb572b71d72c4cb,dlstupka/hth-baptisms-san-antonio-1788-1824--1858-1898,61efff529fb7330a92f8d423c40c45bc60bb841c,dlstupka/hth,61efff529fb7330a92f8d423c40c45bc60bb841c,1786,1361,1.0,False,0,-0.25,0.0,99,66,1669,1302,1570,1236,99,66,117,59,161.574,46.866,161.0,3706.926,6.4414,0.083414,4e-06,0.0,0.628,0.798323,False,False,False,False,False,False,0.9,pass,,
480,Baptisms_San_Antonio_Baptism_Records_1788-1824_1858-1898.docx,480,raw/fs_0480.png,ae40a7860e40f490538980f7dd87ff5fb4cb032abb37fe3c2010d27b6f6cdfe3,dlstupka/hth-baptisms-san-antonio-1788-1824--1858-1898,61efff529fb7330a92f8d423c40c45bc60bb841c,dlstupka/hth,61efff529fb7330a92f8d423c40c45bc60bb841c,1786,1361,1.0,False,0,-0.25,0.0,84,75,1632,1307,1548,1232,84,75,154,54,162.356,47.347,162.0,3961.944,6.4256,0.086387,1.2e-05,0.0,0.631,0.784589,False,False,False,False,False,False,0.904,pass,,
481,Baptisms_San_Antonio_Baptism_Records_1788-1824_1858-1898.docx,481,raw/fs_0481.png,81127e31261e3fbb45ab4b79cb1f8c6cdb137849a378e13acb307dd1f53ff4f8,dlstupka/hth-baptisms-san-antonio-1788-1824--1858-1898,61efff529fb7330a92f8d423c40c45bc60bb841c,dlstupka/hth,61efff529fb7330a92f8d423c40c45bc60bb841c,1786,1361,1.0,False,0,-0.25,0.0,90,52,1697,1326,1607,1274,90,52,89,35,161.587,47.943,164.0,3798.776,6.4445,0.089382,9e-06,0.0,0.649,0.842259,False,False,False,False,False,False,0.905,pass,,
482,Baptisms_San_Antonio_Baptism_Records_1788-1824_1858-1898.docx,482,raw/fs_0482.png,c1ddd313088d61e748f58d73259e9352ef6b64832ec167313c871bfd220899e1,dlstupka/hth-baptisms-san-antonio-1788-1824--1858-1898,61efff529fb7330a92f8d423c40c45bc60bb841c,dlstupka/hth,61efff529fb7330a92f8d423c40c45bc60bb841c,1786,1361,1.0,False,0,-0.25,0.0,76,70,1605,1289,1529,1219,76,70,181,72,163.819,44.627,148.0,4155.642,6.4695,0.07786,5e-06,0.0,0.651,0.766781,False,False,False,False,False,False,0.892,pass,,
483,Baptisms_San_Antonio_Baptism_Records_1788-1824_1858-1898.docx,483,raw/fs_0483.png,02358cd8dc05ae6fecbbf33e27194b5cc6571770b967c3bd3f9d48b01f79ac5d,dlstupka/hth-baptisms-san-antonio-1788-1824--1858-1898,61efff529fb7330a92f8d423c40c45bc60bb841c,dlstupka/hth,61efff529fb7330a92f8d423c40c45bc60bb841c,1786,1361,1.0,False,0,-0.25,0.0,81,62,1642,1304,1561,1242,81,62,144,57,162.348,47.635,163.0,3543.591,6.4391,0.085492,4e-06,0.0,0.634,0.7976,False,False,False,False,False,False,0.905,pass,,
484,Baptisms_San_Antonio_Baptism_Records_1788-1824_1858-1898.docx,484,raw/fs_0484.png,3cc58e20555d8a5155e45dd646de985553c45f5250ec39d76d44e8e6e85769f9,dlstupka/hth-baptisms-san-antonio-1788-1824--1858-1898,61efff529fb7330a92f8d423c40c45bc60bb841c,dlstupka/hth,61efff529fb7330a92f8d423c40c45bc60bb841c,1786,1361,1.0,False,0,0.25,0.0,84,65,1650,1304,1566,1239,84,65,136,57,160.475,47.93,164.0,3784.439,6.4853,0.090431,4e-06,0.0,0.656,0.798222,False,False,False,False,False,False,0.904,pass,,
485,Baptisms_San_Antonio_Baptism_Records_1788-1824_1858-1898.docx,485,raw/fs_0485.png,5fc3f288cac2229a94aaa39a985be970cfb808e13b16bfa96c42657cdef18149,dlstupka/hth-baptisms-san-antonio-1788-1824--1858-1898,61efff529fb7330a92f8d423c40c45bc60bb841c,dlstupka/hth,61efff529fb7330a92f8d423c40c45bc60bb841c,1786,1361,1.0,False,0,-0.25,0.0,0,0,0,0,0,0,0,0,1786,1361,146.581,65.204,197.0,3450.431,6.3422,0.174875,7e-06,0.261,0.651,0.0,False,False,False,False,False,False,0.764,review,very_small_content_region,
486,Baptisms_San_Antonio_Baptism_Records_1788-1824_1858-1898.docx,486,raw/fs_0486.png,133f4d293309ceee39e6236ac6f721fba0c735f8cad0f633314a466a9ccf131a,dlstupka/hth-baptisms-san-antonio-1788-1824--1858-1898,61efff529fb7330a92f8d423c40c45bc60bb841c,dlstupka/hth,61efff529fb7330a92f8d423c40c45bc60bb841c,1786,1361,1.0,False,0,-0.25,0.0,92,64,1662,1309,1570,1245,92,64,124,52,163.408,47.89,164.0,3773.024,6.3848,0.0869,6e-06,0.0,0.633,0.804136,False,False,False,False,False,False,0.908,pass,,
487,Baptisms_San_Antonio_Baptism_Records_1788-1824_1858-1898.docx,487,raw/fs_0487.png,d54b55d227b36e979b67c44da4190e2fcd53aaf6718d3ea0d114d675d464ca06,dlstupka/hth-baptisms-san-antonio-1788-1824--1858-1898,61efff529fb7330a92f8d423c40c45bc60bb841c,dlstupka/hth,61efff529fb7330a92f8d423c40c45bc60bb841c,1786,1361,1.0,False,0,0.25,0.186,98,70,1664,1304,1566,1234,98,70,122,57,169.877,51.471,177.0,4298.892,6.5454,0.089602,5.5e-05,0.0,0.659,0.795,False,False,False,False,False,False,0.935,pass,,
488,Baptisms_San_Antonio_Baptism_Records_1788-1824_1858-1898.docx,488,raw/fs_0488.png,16c59e3144e004f6671b8f724969b70999a1560e9b993a6f3df4806ef96589a4,dlstupka/hth-baptisms-san-antonio-1788-1824--1858-1898,61efff529fb7330a92f8d423c40c45bc60bb841c,dlstupka/hth,61efff529fb7330a92f8d423c40c45bc60bb841c,1786,1361,1.0,False,0,-0.25,0.0,87,67,1663,1305,1576,1238,87,67,123,56,161.588,48.504,166.0,4058.511,6.4224,0.093209,1e-05,0.0,0.65,0.80267,False,False,False,False,False,False,0.908,pass,,
489,Baptisms_San_Antonio_Baptism_Records_1788-1824_1858-1898.docx,489,raw/fs_0489.png,64eca6897b39e160bd0e15a17ebc5e00298f8b2e86f4e0a3a3c54b96b03b323c,dlstupka/hth-baptisms-san-antonio-1788-1824--1858-1898,61efff529fb7330a92f8d423c40c45bc60bb841c,dlstupka/hth,61efff529fb7330a92f8d423c40c45bc60bb841c,1786,1361,1.0,False,0,-0.25,0.0,98,61,1662,1295,1564,1234,98,61,124,66,160.848,48.898,167.0,3932.528,6.4306,0.095876,3e-06,0.0,0.651,0.793985,False,False,False,False,False,False,0.909,pass,,
490,Baptisms_San_Antonio_Baptism_Records_1788-1824_1858-1898.docx,490,raw/fs_0490.png,a43827b2ff0ccba15a40bd5c3fe43062e1a7c0d5e2dd7c79f785201d32f9d314,dlstupka/hth-baptisms-san-antonio-1788-1824--1858-1898,61efff529fb7330a92f8d423c40c45bc60bb841c,dlstupka/hth,61efff529fb7330a92f8d423c40c45bc60bb841c,1786,1361,1.0,False,0,-0.25,0.0,102,68,1672,1303,1570,1235,102,68,114,58,161.226,48.275,164.0,3963.608,6.4339,0.092974,9e-06,0.0,0.651,0.797677,False,False,False,False,False,False,0.907,pass,,
491,Baptisms_San_Antonio_Baptism_Records_1788-1824_1858-1898.docx,491,raw/fs_0491.png,3ce419054ade187d9737457825b42600214c6eb2062105f604155d4629dd7f9f,dlstupka/hth-baptisms-san-antonio-1788-1824--1858-1898,61efff529fb7330a92f8d423c40c45bc60bb841c,dlstupka/hth,61efff529fb7330a92f8d423c40c45bc60bb841c,1786,1361,1.0,False,0,-0.25,0.077,101,71,1671,1301,1570,1230,101,71,115,60,165.7,52.539,180.0,4746.764,6.6515,0.101025,6.2e-05,0.0,0.675,0.794447,False,False,False,False,False,False,0.934,pass,,
492,Baptisms_San_Antonio_Baptism_Records_1788-1824_1858-1898.docx,492,raw/fs_0492.png,ccd5f0fbe9ca6c92780ecb54490f99a1161ed6bf1059676cf5eac409cc306fc8,dlstupka/hth-baptisms-san-antonio-1788-1824--1858-1898,61efff529fb7330a92f8d423c40c45bc60bb841c,dlstupka/hth,61efff529fb7330a92f8d423c40c45bc60bb841c,1786,1361,1.0,False,0,-0.25,0.039,97,58,1649,1299,1552,1241,97,58,137,62,168.002,52.289,180.0,4406.214,6.6053,0.095605,5.1e-05,0.0,0.662,0.792363,False,False,False,False,False,False,0.937,pass,,
493,Baptisms_San_Antonio_Baptism_Records_1788-1824_1858-1898.docx,493,raw/fs_0493.png,196cb4f138a65e48a7b09e34a7459f2b184f7627fc7c3bd862d15222d0e2e85a,dlstupka/hth-baptisms-san-antonio-1788-1824--1858-1898,61efff529fb7330a92f8d423c40c45bc60bb841c,dlstupka/hth,61efff529fb7330a92f8d423c40c45bc60bb841c,1786,1361,1.0,False,0,0.25,0.024,99,60,1654,1302,1555,1242,99,60,132,59,164.906,51.434,177.0,4232.463,6.6214,0.096863,1.8e-05,0.0,0.674,0.794534,False,False,False,False,False,False,0.928,pass,,
494,Baptisms_San_Antonio_Baptism_Records_1788-1824_1858-1898.docx,494,raw/fs_0494.png,77c1f8176684ac6e044a51d7e8767abadc5907f3c16b6eeb38958b9ab479ea51,dlstupka/hth-baptisms-san-antonio-1788-1824--1858-1898,61efff529fb7330a92f8d423c40c45bc60bb841c,dlstupka/hth,61efff529fb7330a92f8d423c40c45bc60bb841c,1786,1361,1.0,False,0,-0.25,0.0,102,58,1671,1299,1569,1241,102,58,115,62,161.576,47.364,160.0,3780.54,6.4175,0.088181,6e-06,0.0,0.634,0.801042,False,False,False,False,False,False,0.902,pass,,
495,Baptisms_San_Antonio_Baptism_Records_1788-1824_1858-1898.docx,495,raw/fs_0495.png,4e58dc7f4251fd4dbcf35605662b94f3e11be4f38d3203ac48021f25e82ef735,dlstupka/hth-baptisms-san-antonio-1788-1824--1858-1898,61efff529fb7330a92f8d423c40c45bc60bb841c,dlstupka/hth,61efff529fb7330a92f8d423c40c45bc60bb841c,1786,1361,1.0,False,0,-0.25,0.0,102,60,1664,1297,1562,1237,102,60,122,64,161.399,47.53,159.0,3820.718,6.4569,0.088435,4e-06,0.0,0.655,0.794898,False,False,False,False,False,False,0.903,pass,,
496,Baptisms_San_Antonio_Baptism_Records_1788-1824_1858-1898.docx,496,raw/fs_0496.png,a2ede064893d4c8ca13fd3317bbe8e9fd9cecb610578f492d13d7ea265702a8c,dlstupka/hth-baptisms-san-antonio-1788-1824--1858-1898,61efff529fb7330a92f8d423c40c45bc60bb841c,dlstupka/hth,61efff529fb7330a92f8d423c40c45bc60bb841c,1786,1361,1.0,False,0,-0.25,0.0,0,0,0,0,0,0,0,0,1786,1361,132.515,76.408,197.0,3584.252,6.0803,0.259221,2e-06,0.0,0.613,0.0,False,False,False,False,False,False,0.743,review,very_small_content_region,
497,Baptisms_San_Antonio_Baptism_Records_1788-1824_1858-1898.docx,497,raw/fs_0497.png,b9e1057ff0f01b615cfcc4e377b67e109830124bb03b54dc84d68cfbdaaf09df,dlstupka/hth-baptisms-san-antonio-1788-1824--1858-1898,61efff529fb7330a92f8d423c40c45bc60bb841c,dlstupka/hth,61efff529fb7330a92f8d423c40c45bc60bb841c,1786,1361,1.0,False,0,-0.25,0.0,0,0,0,0,0,0,0,0,1786,1361,132.403,77.752,199.0,3750.044,6.0114,0.26577,5e-06,0.0,0.613,0.0,False,False,False,False,False,False,0.743,review,very_small_content_region,
498,Baptisms_San_Antonio_Baptism_Records_1788-1824_1858-1898.docx,498,raw/fs_0498.png,a3f8ae2ae41ce51d50fcde9d4dc01b5af01efdb43900812a72bee9da8e856407,dlstupka/hth-baptisms-san-antonio-1788-1824--1858-1898,61efff529fb7330a92f8d423c40c45bc60bb841c,dlstupka/hth,61efff529fb7330a92f8d423c40c45bc60bb841c,1786,1361,1.0,False,0,-0.25,0.0,125,85,1660,1306,1535,1221,125,85,126,55,163.877,46.133,152.0,3877.095,6.3595,0.080972,4e-06,0.0,0.652,0.771053,False,False,False,False,False,False,0.9,pass,,
499,Baptisms_San_Antonio_Baptism_Records_1788-1824_1858-1898.docx,499,raw/fs_0499.png,05ef1ac58677d9c48662f8334555c5e5cc5a3fb22afd0656329c5fc973a5778e,dlstupka/hth-baptisms-san-antonio-1788-1824--1858-1898,61efff529fb7330a92f8d423c40c45bc60bb841c,dlstupka/hth,61efff529fb7330a92f8d423c40c45bc60bb841c,1786,1361,1.0,False,0,-0.25,0.0,0,0,0,0,0,0,0,0,1786,1361,127.76,79.214,196.0,2946.695,5.8248,0.285282,2e-06,0.651,0.536,0.0,False,False,False,False,False,False,0.736,review,very_small_content_region,
500,Baptisms_San_Antonio_Baptism_Records_1788-1824_1858-1898.docx,500,raw/fs_0500.png,4e690f6d09851ae225c2b6d2ec2f43093959cba87297cf2e1bbfd766f6fa9d94,dlstupka/hth-baptisms-san-antonio-1788-1824--1858-1898,61efff529fb7330a92f8d423c40c45bc60bb841c,dlstupka/hth,61efff529fb7330a92f8d423c40c45bc60bb841c,1786,1361,1.0,False,0,-0.25,0.0,0,0,0,0,0,0,0,0,1786,1361,134.26,77.373,200.0,3383.541,6.0214,0.256197,1.2e-05,0.0,0.565,0.0,False,False,False,False,False,False,0.746,review,very_small_content_region,
501,Baptisms_San_Antonio_Baptism_Records_1788-1824_1858-1898.docx,501,raw/fs_0501.png,46fdc6af561d5129c93b28dedceb9955182024d95c973e8a504ea77847d6fbd5,dlstupka/hth-baptisms-san-antonio-1788-1824--1858-1898,61efff529fb7330a92f8d423c40c45bc60bb841c,dlstupka/hth,61efff529fb7330a92f8d423c40c45bc60bb841c,1786,1361,1.0,False,0,-0.25,0.0,130,84,1646,1304,1516,1220,130,84,140,57,163.445,46.02,151.0,4409.559,6.4509,0.083334,1e-05,0.0,0.666,0.760886,False,False,False,False,False,False,0.898,pass,,
502,Baptisms_San_Antonio_Baptism_Records_1788-1824_1858-1898.docx,502,raw/fs_0502.png,fe382ec5cfc562cb8bde5168483904bcadd9c4eb82ec3d76c95ae577bcf6a5ca,dlstupka/hth-baptisms-san-antonio-1788-1824--1858-1898,61efff529fb7330a92f8d423c40c45bc60bb841c,dlstupka/hth,61efff529fb7330a92f8d423c40c45bc60bb841c,1786,1361,1.0,False,0,-0.25,0.0,123,63,1655,1293,1532,1230,123,63,131,68,165.083,45.282,148.0,4104.074,6.4228,0.07926,8e-06,0.0,0.665,0.775219,False,False,False,False,False,False,0.897,pass,,
503,Baptisms_San_Antonio_Baptism_Records_1788-1824_1858-1898.docx,503,raw/fs_0503.png,7f3b4455923cd39b9c40b07c737225fe49d29d0df80b1afe7b3add3a729cfba7,dlstupka/hth-baptisms-san-antonio-1788-1824--1858-1898,61efff529fb7330a92f8d423c40c45bc60bb841c,dlstupka/hth,61efff529fb7330a92f8d423c40c45bc60bb841c,1786,1361,1.0,False,0,-0.25,0.001,0,0,0,0,0,0,0,0,1786,1361,131.084,77.285,198.0,3549.751,6.051,0.267902,2e-06,0.0,0.614,0.0,False,False,False,False,False,False,0.741,review,very_small_content_region,
504,Baptisms_San_Antonio_Baptism_Records_1788-1824_1858-1898.docx,504,raw/fs_0504.png,d48a98488d1433529c17695c98c0c370c7f331e7a5e95ee9884a6c5d25086368,dlstupka/hth-baptisms-san-antonio-1788-1824--1858-1898,61efff529fb7330a92f8d423c40c45bc60bb841c,dlstupka/hth,61efff529fb7330a92f8d423c40c45bc60bb841c,1786,1361,1.0,False,0,-0.25,0.086,131,64,1644,1290,1513,1226,131,64,142,71,172.522,47.302,157.0,4389.417,6.5658,0.077113,4.7e-05,0.0,0.67,0.763115,False,False,False,False,False,False,0.918,pass,,
505,Baptisms_San_Antonio_Baptism_Records_1788-1824_1858-1898.docx,505,raw/fs_0505.png,8aa48862d2f0264123f0e272caf9383b405b8e49762ddea65c8b3e0b1785cf50,dlstupka/hth-baptisms-san-antonio-1788-1824--1858-1898,61efff529fb7330a92f8d423c40c45bc60bb841c,dlstupka/hth,61efff529fb7330a92f8d423c40c45bc60bb841c,1786,1361,1.0,False,0,-0.25,0.077,127,73,1653,1296,1526,1223,127,73,133,65,170.691,49.225,163.0,4516.985,6.5999,0.084329,3.5e-05,0.0,0.681,0.767788,False,False,False,False,False,False,0.925,pass,,
506,Baptisms_San_Antonio_Baptism_Records_1788-1824_1858-1898.docx,506,raw/fs_0506.png,58fd2c50a15a03fc0cc43490dd33bbb7cde6711e623a1722d0cdc6105181f1b5,dlstupka/hth-baptisms-san-antonio-1788-1824--1858-1898,61efff529fb7330a92f8d423c40c45bc60bb841c,dlstupka/hth,61efff529fb7330a92f8d423c40c45bc60bb841c,1786,1361,1.0,False,0,0.25,0.06,0,0,0,0,0,0,0,0,1786,1361,136.828,80.831,209.0,3951.356,6.1195,0.266157,2.8e-05,0.0,0.626,0.0,False,False,False,False,False,False,0.749,review,very_small_content_region,
507,Baptisms_San_Antonio_Baptism_Records_1788-1824_1858-1898.docx,507,raw/fs_0507.png,3ddb7469424d9a826ecc2d265dbc32df64a12ebc2734d213971b08ee8f445e88,dlstupka/hth-baptisms-san-antonio-1788-1824--1858-1898,61efff529fb7330a92f8d423c40c45bc60bb841c,dlstupka/hth,61efff529fb7330a92f8d423c40c45bc60bb841c,1786,1361,1.0,False,0,-0.25,0.0,133,73,1637,1294,1504,1221,133,73,149,67,162.816,45.058,148.0,4286.185,6.4546,0.082957,5e-06,0.0,0.685,0.755482,False,False,False,False,False,False,0.893,pass,,
508,Baptisms_San_Antonio_Baptism_Records_1788-1824_1858-1898.docx,508,raw/fs_0508.png,6ba0ef13bfe1d41724ad5c65fb2154b4e0c126a1f8d753b7ee2c3899ea3f00f5,dlstupka/hth-baptisms-san-antonio-1788-1824--1858-1898,61efff529fb7330a92f8d423c40c45bc60bb841c,dlstupka/hth,61efff529fb7330a92f8d423c40c45bc60bb841c,1786,1361,1.0,False,0,-0.25,0.0,118,67,1641,1292,1523,1225,118,67,145,69,164.141,45.395,150.0,4053.233,6.4291,0.082092,6e-06,0.0,0.666,0.767532,False,False,False,False,False,False,0.896,pass,,
509,Baptisms_San_Antonio_Baptism_Records_1788-1824_1858-1898.docx,509,raw/fs_0509.png,cc40ffd408ad2b2dc8677a6548bc6de734ae75a4ca61ca9586f7cc8ad48d877f,dlstupka/hth-baptisms-san-antonio-1788-1824--1858-1898,61efff529fb7330a92f8d423c40c45bc60bb841c,dlstupka/hth,61efff529fb7330a92f8d423c40c45bc60bb841c,1786,1361,1.0,False,0,-0.25,0.19,0,0,0,0,0,0,0,0,1786,1361,153.709,69.788,208.0,3588.404,6.3948,0.178691,2.9e-05,0.168,0.668,0.0,False,False,False,False,False,False,0.774,review,very_small_content_region,
510,Baptisms_San_Antonio_Baptism_Records_1788-1824_1858-1898.docx,510,raw/fs_0510.png,40cc59884f178895f382aca05b5261830486e4197fa21289c836c44b0f37cc28,dlstupka/hth-baptisms-san-antonio-1788-1824--1858-1898,61efff529fb7330a92f8d423c40c45bc60bb841c,dlstupka/hth,61efff529fb7330a92f8d423c40c45bc60bb841c,1786,1361,1.0,False,0,-0.25,0.0,122,64,1651,1295,1529,1231,122,64,135,66,163.846,46.201,154.0,4234.174,6.4498,0.083719,1.5e-05,0.0,0.667,0.77433,False,False,False,False,False,False,0.9,pass,,
511,Baptisms_San_Antonio_Baptism_Records_1788-1824_1858-1898.docx,511,raw/fs_0511.png,b42287b5feb4add332f2f288a496442361e6d93fcb93185a047ec6036541ed68,dlstupka/hth-baptisms-san-antonio-1788-1824--1858-1898,61efff529fb7330a92f8d423c40c45bc60bb841c,dlstupka/hth,61efff529fb7330a92f8d423c40c45bc60bb841c,1786,1361,1.0,False,0,-0.25,0.0,122,64,1651,1295,1529,1231,122,64,135,66,162.639,45.74,151.0,3927.282,6.4351,0.081845,1e-06,0.0,0.659,0.77433,False,False,False,False,False,False,0.896,pass,,
512,Baptisms_San_Antonio_Baptism_Records_1788-1824_1858-1898.docx,512,raw/fs_0512.png,2e8f6b12be7ee3dd23f4a2a088a3bb646d7e910d7e32a28dfca7b7d3ce32d503,dlstupka/hth-baptisms-san-antonio-1788-1824--1858-1898,61efff529fb7330a92f8d423c40c45bc60bb841c,dlstupka/hth,61efff529fb7330a92f8d423c40c45bc60bb841c,1786,1361,1.0,False,0,-0.25,0.0,128,60,1666,1293,1538,1233,128,60,120,68,166.065,43.11,138.0,3353.387,6.3221,0.065611,4e-06,0.0,0.591,0.780153,False,False,False,False,False,False,0.888,pass,,
513,Baptisms_San_Antonio_Baptism_Records_1788-1824_1858-1898.docx,513,raw/fs_0513.png,ba5e2798b067e2fca40823fa4af917069224f75be54b733a16cb1348359448d6,dlstupka/hth-baptisms-san-antonio-1788-1824--1858-1898,61efff529fb7330a92f8d423c40c45bc60bb841c,dlstupka/hth,61efff529fb7330a92f8d423c40c45bc60bb841c,1786,1361,1.0,False,0,-0.25,0.0,104,58,1653,1295,1549,1237,104,58,133,66,161.626,47.627,160.0,3954.509,6.4122,0.090363,5e-06,0.0,0.63,0.788282,False,False,False,False,False,False,0.904,pass,,
514,Baptisms_San_Antonio_Baptism_Records_1788-1824_1858-1898.docx,514,raw/fs_0514.png,202d84635d835ce107f96bf89524b20f7985882aae76cddf55e646e85aa32637,dlstupka/hth-baptisms-san-antonio-1788-1824--1858-1898,61efff529fb7330a92f8d423c40c45bc60bb841c,dlstupka/hth,61efff529fb7330a92f8d423c40c45bc60bb841c,1786,1361,1.0,False,0,-0.25,0.0,85,64,1624,1292,1539,1228,85,64,162,69,161.572,48.253,160.0,4628.479,6.5786,0.096031,5e-06,0.0,0.685,0.777495,False,False,False,False,False,False,0.907,pass,,
515,Baptisms_San_Antonio_Baptism_Records_1788-1824_1858-1898.docx,515,raw/fs_0515.png,8592018b7cd5a560a5559c8dff4e7e5c21fb8e9cc3fe095481fdc3a67eb8ed12,dlstupka/hth-baptisms-san-antonio-1788-1824--1858-1898,61efff529fb7330a92f8d423c40c45bc60bb841c,dlstupka/hth,61efff529fb7330a92f8d423c40c45bc60bb841c,1786,1361,1.0,False,0,-0.25,0.0,102,59,1657,1295,1555,1236,102,59,129,66,162.079,48.334,165.0,4116.182,6.4938,0.091811,1e-05,0.0,0.659,0.790696,False,False,False,False,False,False,0.908,pass,,
516,Baptisms_San_Antonio_Baptism_Records_1788-1824_1858-1898.docx,516,raw/fs_0516.png,2bd3cede56c1c07a24c1d027ef756f377a6f1a0d5e15267f47c59e1874737da5,dlstupka/hth-baptisms-san-antonio-1788-1824--1858-1898,61efff529fb7330a92f8d423c40c45bc60bb841c,dlstupka/hth,61efff529fb7330a92f8d423c40c45bc60bb841c,1786,1361,1.0,False,0,-0.25,0.0,87,66,1632,1296,1545,1230,87,66,154,65,162.695,45.22,153.0,3496.424,6.4143,0.079276,3e-06,0.0,0.609,0.781797,False,False,False,False,False,False,0.893,pass,,
517,Baptisms_San_Antonio_Baptism_Records_1788-1824_1858-1898.docx,517,raw/fs_0517.png,e6d693cf404a04c73407246fdc7b06e3c3fc01747b6e1588eb8271143aadf6c6,dlstupka/hth-baptisms-san-antonio-1788-1824--1858-1898,61efff529fb7330a92f8d423c40c45bc60bb841c,dlstupka/hth,61efff529fb7330a92f8d423c40c45bc60bb841c,1786,1361,1.0,False,0,-0.25,0.0,97,62,1644,1293,1547,1231,97,62,142,68,160.913,46.972,157.0,4293.385,6.5176,0.090347,4e-06,0.0,0.668,0.783445,False,False,False,False,False,False,0.9,pass,,
518,Baptisms_San_Antonio_Baptism_Records_1788-1824_1858-1898.docx,518,raw/fs_0518.png,90efb69b964d1da303a57aff5cac862b9e16db84f30cb95337feb1e2a4997658,dlstupka/hth-baptisms-san-antonio-1788-1824--1858-1898,61efff529fb7330a92f8d423c40c45bc60bb841c,dlstupka/hth,61efff529fb7330a92f8d423c40c45bc60bb841c,1786,1361,1.0,False,0,-0.25,0.0,100,75,1637,1296,1537,1221,100,75,149,65,161.946,45.474,152.0,4094.59,6.4684,0.084004,4e-06,0.0,0.654,0.772058,False,False,False,False,False,False,0.894,pass,,
519,Baptisms_San_Antonio_Baptism_Records_1788-1824_1858-1898.docx,519,raw/fs_0519.png,7bdde17830b35d04786f6cfeff9d4ed882d9e74cebff7b5232fe002c73b63e7f,dlstupka/hth-baptisms-san-antonio-1788-1824--1858-1898,61efff529fb7330a92f8d423c40c45bc60bb841c,dlstupka/hth,61efff529fb7330a92f8d423c40c45bc60bb841c,1786,1361,1.0,False,0,-0.25,0.0,73,48,1644,1298,1571,1250,73,48,142,63,161.963,47.262,160.0,4602.94,6.5633,0.090169,2.2e-05,0.0,0.668,0.80788,False,False,False,False,False,False,0.903,pass,,
520,Baptisms_San_Antonio_Baptism_Records_1788-1824_1858-1898.docx,520,raw/fs_0520.png,5b839339ff458c6808d5f672f98f7c8af55ca08ed48442d413c65d921f950773,dlstupka/hth-baptisms-san-antonio-1788-1824--1858-1898,61efff529fb7330a92f8d423c40c45bc60bb841c,dlstupka/hth,61efff529fb7330a92f8d423c40c45bc60bb841c,1786,1361,1.0,False,0,-0.25,0.0,73,48,1646,1295,1573,1247,73,48,140,66,162.191,47.88,161.0,4598.738,6.5476,0.092134,1.4e-05,0.0,0.675,0.806967,False,False,False,False,False,False,0.906,pass,,
521,Baptisms_San_Antonio_Baptism_Records_1788-1824_1858-1898.docx,521,raw/fs_0521.png,9a4dc01780e4923317f5478112214409d5ecf8842a78f59b97c5497ee5839875,dlstupka/hth-baptisms-san-antonio-1788-1824--1858-1898,61efff529fb7330a92f8d423c40c45bc60bb841c,dlstupka/hth,61efff529fb7330a92f8d423c40c45bc60bb841c,1786,1361,1.0,False,0,-0.25,0.0,74,49,1662,1307,1588,1258,74,49,124,54,160.383,49.652,171.0,4439.977,6.4939,0.101058,9e-06,0.0,0.672,0.821848,False,False,False,False,False,False,0.912,pass,,
522,Baptisms_San_Antonio_Baptism_Records_1788-1824_1858-1898.docx,522,raw/fs_0522.png,75e60581c41afc8f491aef2e61d1a065157a5b62120d042717d8620b4274d44e,dlstupka/hth-baptisms-san-antonio-1788-1824--1858-1898,61efff529fb7330a92f8d423c40c45bc60bb841c,dlstupka/hth,61efff529fb7330a92f8d423c40c45bc60bb841c,1786,1361,1.0,False,0,-0.25,0.0,89,49,1678,1306,1589,1257,89,49,108,55,162.063,46.308,156.0,3914.055,6.3989,0.081969,5e-06,0.0,0.643,0.821712,False,False,False,False,False,False,0.898,pass,,
523,Baptisms_San_Antonio_Baptism_Records_1788-1824_1858-1898.docx,523,raw/fs_0523.png,063d2f8296547bd6b52211aecbf4b08e19977068b8988507b001072a6236f326,dlstupka/hth-baptisms-san-antonio-1788-1824--1858-1898,61efff529fb7330a92f8d423c40c45bc60bb841c,dlstupka/hth,61efff529fb7330a92f8d423c40c45bc60bb841c,1786,1361,1.0,False,0,0.25,0.0,74,53,1653,1301,1579,1248,74,53,133,60,163.746,47.704,159.0,4495.623,6.458,0.089262,1.8e-05,0.0,0.67,0.810694,False,False,False,False,False,False,0.907,pass,,
524,Baptisms_San_Antonio_Baptism_Records_1788-1824_1858-1898.docx,524,raw/fs_0524.png,0eb660f14f025be39a70cfd1820b2e302adcc7857deced8903ee90d56889e639,dlstupka/hth-baptisms-san-antonio-1788-1824--1858-1898,61efff529fb7330a92f8d423c40c45bc60bb841c,dlstupka/hth,61efff529fb7330a92f8d423c40c45bc60bb841c,1786,1361,1.0,False,0,-0.25,0.0,96,51,1683,1307,1587,1256,96,51,103,54,163.169,46.808,161.0,3624.505,6.3647,0.08421,8e-06,0.0,0.61,0.820025,False,False,False,False,False,False,0.902,pass,,
525,Baptisms_San_Antonio_Baptism_Records_1788-1824_1858-1898.docx,525,raw/fs_0525.png,64ec431f7ddbebb2be653f2ccd45371ef7435ff61074bd3e67bccaa381226d7f,dlstupka/hth-baptisms-san-antonio-1788-1824--1858-1898,61efff529fb7330a92f8d423c40c45bc60bb841c,dlstupka/hth,61efff529fb7330a92f8d423c40c45bc60bb841c,1786,1361,1.0,False,0,-0.25,0.0,83,50,1665,1305,1582,1255,83,50,121,56,164.493,49.081,167.0,4571.892,6.5063,0.090434,1.5e-05,0.0,0.656,0.81679,False,False,False,False,False,False,0.915,pass,,
526,Baptisms_San_Antonio_Baptism_Records_1788-1824_1858-1898.docx,526,raw/fs_0526.png,4c2044f978bae9cc195aef16511603bdbdedb23f0d581e5114291ed140467a0f,dlstupka/hth-baptisms-san-antonio-1788-1824--1858-1898,61efff529fb7330a92f8d423c40c45bc60bb841c,dlstupka/hth,61efff529fb7330a92f8d423c40c45bc60bb841c,1786,1361,1.0,False,0,-0.25,0.0,77,51,1657,1300,1580,1249,77,51,129,61,161.714,46.436,155.0,4081.722,6.4603,0.085186,4e-06,0.0,0.671,0.811858,False,False,False,False,False,False,0.898,pass,,
527,Baptisms_San_Antonio_Baptism_Records_1788-1824_1858-1898.docx,527,raw/fs_0527.png,1f1dc38662e09e0397d9687c0cbbe0bb921869965f2afe0eaa8b4fff847ad4b4,dlstupka/hth-baptisms-san-antonio-1788-1824--1858-1898,61efff529fb7330a92f8d423c40c45bc60bb841c,dlstupka/hth,61efff529fb7330a92f8d423c40c45bc60bb841c,1786,1361,1.0,False,0,-0.25,0.0,84,52,1667,1302,1583,1250,84,52,119,59,161.338,47.629,163.0,4377.878,6.4871,0.088037,1.1e-05,0.0,0.664,0.814051,False,False,False,False,False,False,0.903,pass,,
528,Baptisms_San_Antonio_Baptism_Records_1788-1824_1858-1898.docx,528,raw/fs_0528.png,1ae7153b34df3efe3b318be60f78e1db4fff96477c03a6171d3aa76fafcbfd48,dlstupka/hth-baptisms-san-antonio-1788-1824--1858-1898,61efff529fb7330a92f8d423c40c45bc60bb841c,dlstupka/hth,61efff529fb7330a92f8d423c40c45bc60bb841c,1786,1361,1.0,False,0,-0.25,0.0,69,47,1652,1303,1583,1256,69,47,134,58,163.986,45.24,150.0,4286.082,6.4224,0.07737,1.7e-05,0.0,0.645,0.817958,False,False,False,False,False,False,0.895,pass,,
529,Baptisms_San_Antonio_Baptism_Records_1788-1824_1858-1898.docx,529,raw/fs_0529.png,15ceae49fc7179748be94522a8f0a73e8d8db67c678ee7ac60a08668c296293b,dlstupka/hth-baptisms-san-antonio-1788-1824--1858-1898,61efff529fb7330a92f8d423c40c45bc60bb841c,dlstupka/hth,61efff529fb7330a92f8d423c40c45bc60bb841c,1786,1361,1.0,False,0,-0.25,0.0,71,45,1635,1311,1564,1266,71,45,151,50,163.07,46.353,156.0,3958.917,6.4109,0.081605,6e-06,0.0,0.642,0.814575,False,False,False,False,False,False,0.9,pass,,
530,Baptisms_San_Antonio_Baptism_Records_1788-1824_1858-1898.docx,530,raw/fs_0530.png,455495c5450471a5c2efac8ee25ba5eb129ac1bf7d21177d179632002e6c92ce,dlstupka/hth-baptisms-san-antonio-1788-1824--1858-1898,61efff529fb7330a92f8d423c40c45bc60bb841c,dlstupka/hth,61efff529fb7330a92f8d423c40c45bc60bb841c,1786,1361,1.0,False,0,-0.25,0.0,98,47,1666,1308,1568,1261,98,47,120,53,161.644,48.579,170.0,4033.565,6.4026,0.090024,6e-06,0.0,0.641,0.813433,False,False,False,False,False,False,0.909,pass,,
531,Baptisms_San_Antonio_Baptism_Records_1788-1824_1858-1898.docx,531,raw/fs_0531.png,f24a5001c30fe45f5120740a737d0b96cb70cb8f2b1c0a6e111c010b4c586056,dlstupka/hth-baptisms-san-antonio-1788-1824--1858-1898,61efff529fb7330a92f8d423c40c45bc60bb841c,dlstupka/hth,61efff529fb7330a92f8d423c40c45bc60bb841c,1786,1361,1.0,False,0,-0.25,0.0,102,46,1663,1307,1561,1261,102,46,123,54,163.558,47.268,168.0,3449.097,6.3228,0.08137,3e-06,0.0,0.615,0.809801,False,False,False,False,False,False,0.905,pass,,
532,Baptisms_San_Antonio_Baptism_Records_1788-1824_1858-1898.docx,532,raw/fs_0532.png,e496e72f0d1508b4b073af7fb732cf61f8ab1f15afaf1f25d6a17f9ba6ba4cb5,dlstupka/hth-baptisms-san-antonio-1788-1824--1858-1898,61efff529fb7330a92f8d423c40c45bc60bb841c,dlstupka/hth,61efff529fb7330a92f8d423c40c45bc60bb841c,1786,1361,1.0,False,0,-0.25,0.0,99,50,1666,1312,1567,1262,99,50,120,49,160.882,50.197,175.0,4255.652,6.4584,0.099254,1.1e-05,0.0,0.664,0.813558,False,False,False,False,False,False,0.916,pass,,
533,Baptisms_San_Antonio_Baptism_Records_1788-1824_1858-1898.docx,533,raw/fs_0533.png,f4a3c7ec9f9cbe56a742a09a39302a9540a82d0cf26431c077391ad1f83010d7,dlstupka/hth-baptisms-san-antonio-1788-1824--1858-1898,61efff529fb7330a92f8d423c40c45bc60bb841c,dlstupka/hth,61efff529fb7330a92f8d423c40c45bc60bb841c,1786,1361,1.0,False,0,0.25,0.0,0,0,0,0,0,0,0,0,1786,1361,135.203,76.456,198.0,3275.093,5.9748,0.249862,8e-06,0.0,0.568,0.0,False,False,False,False,False,False,0.747,review,very_small_content_region,
534,Baptisms_San_Antonio_Baptism_Records_1788-1824_1858-1898.docx,534,raw/fs_0534.png,ce33338d7ad5b174716feac2ad080c30d1de97b4ac59e5cce9768cf7e7823250,dlstupka/hth-baptisms-san-antonio-1788-1824--1858-1898,61efff529fb7330a92f8d423c40c45bc60bb841c,dlstupka/hth,61efff529fb7330a92f8d423c40c45bc60bb841c,1786,1361,1.0,False,0,-0.25,0.0,72,48,1623,1304,1551,1256,72,48,163,57,162.069,47.727,160.0,4435.546,6.5239,0.092456,8e-06,0.0,0.679,0.801423,False,False,False,False,False,False,0.905,pass,,
535,Baptisms_San_Antonio_Baptism_Records_1788-1824_1858-1898.docx,535,raw/fs_0535.png,adccc6ecfefd771fa8d19ff576c02009c4426b1451bb8f41c86776b4e6ff6ebc,dlstupka/hth-baptisms-san-antonio-1788-1824--1858-1898,61efff529fb7330a92f8d423c40c45bc60bb841c,dlstupka/hth,61efff529fb7330a92f8d423c40c45bc60bb841c,1786,1361,1.0,False,0,-0.25,0.001,96,61,1624,1299,1528,1238,96,61,162,62,165.908,49.031,165.0,4693.758,6.4669,0.09272,3e-05,0.0,0.676,0.778224,False,False,False,False,False,False,0.917,pass,,
536,Baptisms_San_Antonio_Baptism_Records_1788-1824_1858-1898.docx,536,raw/fs_0536.png,44e6d1419343b96da561c1f6c74c2e5689932e8854daab1cce7ab4271f192083,dlstupka/hth-baptisms-san-antonio-1788-1824--1858-1898,61efff529fb7330a92f8d423c40c45bc60bb841c,dlstupka/hth,61efff529fb7330a92f8d423c40c45bc60bb841c,1786,1361,1.0,False,0,-0.25,0.0,90,50,1657,1303,1567,1253,90,50,129,58,161.205,51.806,177.0,4568.612,6.472,0.109236,2e-05,0.0,0.679,0.807757,False,False,False,False,False,False,0.924,pass,,
537,Baptisms_San_Antonio_Baptism_Records_1788-1824_1858-1898.docx,537,raw/fs_0537.png,ef130b7c7a9b3026a1d9dfeef3fdde6b16d34a32bf086fe9bc1308e6fcc5da00,dlstupka/hth-baptisms-san-antonio-1788-1824--1858-1898,61efff529fb7330a92f8d423c40c45bc60bb841c,dlstupka/hth,61efff529fb7330a92f8d423c40c45bc60bb841c,1786,1361,1.0,False,0,-0.25,0.0,93,58,1629,1297,1536,1239,93,58,157,64,162.743,45.89,154.0,4160.459,6.3739,0.084645,6e-06,0.0,0.657,0.78293,False,False,False,False,False,False,0.897,pass,,
538,Baptisms_San_Antonio_Baptism_Records_1788-1824_1858-1898.docx,538,raw/fs_0538.png,5cd6970fe088df30675d068834bf6d3b43f19a9459b8053895cd32ff216acc8e,dlstupka/hth-baptisms-san-antonio-1788-1824--1858-1898,61efff529fb7330a92f8d423c40c45bc60bb841c,dlstupka/hth,61efff529fb7330a92f8d423c40c45bc60bb841c,1786,1361,1.0,False,0,-0.25,0.0,93,59,1621,1292,1528,1233,93,59,165,69,162.394,48.832,166.0,4324.669,6.4446,0.097296,4e-06,0.0,0.696,0.775081,False,False,False,False,False,False,0.911,pass,,
539,Baptisms_San_Antonio_Baptism_Records_1788-1824_1858-1898.docx,539,raw/fs_0539.png,64cabd5ba32825f204f97b5bdc019fbad25becac0cbf3feadc0c3cf23ac8d866,dlstupka/hth-baptisms-san-antonio-1788-1824--1858-1898,61efff529fb7330a92f8d423c40c45bc60bb841c,dlstupka/hth,61efff529fb7330a92f8d423c40c45bc60bb841c,1786,1361,1.0,False,0,-0.25,0.0,99,50,1651,1299,1552,1249,99,50,135,62,163.597,47.664,167.0,3743.576,6.276,0.085751,7e-06,0.0,0.651,0.79747,False,False,False,False,False,False,0.907,pass,,
540,Baptisms_San_Antonio_Baptism_Records_1788-1824_1858-1898.docx,540,raw/fs_0540.png,d581bfb85b74ab74d1ab711ef6ab445573f2bd1a637943490c01fd952ce98842,dlstupka/hth-baptisms-san-antonio-1788-1824--1858-1898,61efff529fb7330a92f8d423c40c45bc60bb841c,dlstupka/hth,61efff529fb7330a92f8d423c40c45bc60bb841c,1786,1361,1.0,False,0,-0.25,0.0,0,0,0,0,0,0,0,0,1786,1361,132.789,77.83,197.0,3502.968,5.8972,0.264516,6e-06,0.023,0.601,0.0,False,False,False,False,False,False,0.743,review,very_small_content_region,
541,Baptisms_San_Antonio_Baptism_Records_1788-1824_1858-1898.docx,541,raw/fs_0541.png,97877fc002d20a56afe755502d9824bd86cf43939b444b52a41a9b489280a7f8,dlstupka/hth-baptisms-san-antonio-1788-1824--1858-1898,61efff529fb7330a92f8d423c40c45bc60bb841c,dlstupka/hth,61efff529fb7330a92f8d423c40c45bc60bb841c,1786,1361,1.0,False,0,-0.25,0.0,98,54,1641,1298,1543,1244,98,54,145,63,162.947,48.904,169.0,4411.382,6.3552,0.094107,1.5e-05,0.0,0.679,0.789672,False,False,False,False,False,False,0.912,pass,,
542,Baptisms_San_Antonio_Baptism_Records_1788-1824_1858-1898.docx,542,raw/fs_0542.png,59d5ebc32af28e212610ff99f3f455ee512eab241fb34e9d7bfd805a60e56ba4,dlstupka/hth-baptisms-san-antonio-1788-1824--1858-1898,61efff529fb7330a92f8d423c40c45bc60bb841c,dlstupka/hth,61efff529fb7330a92f8d423c40c45bc60bb841c,1786,1361,1.0,False,0,0.25,0.0,96,53,1637,1301,1541,1248,96,53,149,60,161.888,49.472,173.0,4220.399,6.4031,0.096686,1.1e-05,0.0,0.687,0.791184,False,False,False,False,False,False,0.913,pass,,
543,Baptisms_San_Antonio_Baptism_Records_1788-1824_1858-1898.docx,543,raw/fs_0543.png,0aded3978a3328613a98f0dd0f250ffc7219616aaf326b223c6dfb97f70f29cb,dlstupka/hth-baptisms-san-antonio-1788-1824--1858-1898,61efff529fb7330a92f8d423c40c45bc60bb841c,dlstupka/hth,61efff529fb7330a92f8d423c40c45bc60bb841c,1786,1361,1.0,False,0,-0.25,0.0,77,67,1589,1299,1512,1232,77,67,197,62,162.753,46.613,157.0,4197.875,6.3595,0.090261,5e-06,0.0,0.679,0.766343,False,False,False,False,False,False,0.9,pass,,
544,Baptisms_San_Antonio_Baptism_Records_1788-1824_1858-1898.docx,544,raw/fs_0544.png,f6ab1fa0f3cc5b98a0b218c3143817eb59f5d88e3dd7954454859a967083fd7f,dlstupka/hth-baptisms-san-antonio-1788-1824--1858-1898,61efff529fb7330a92f8d423c40c45bc60bb841c,dlstupka/hth,61efff529fb7330a92f8d423c40c45bc60bb841c,1786,1361,1.0,False,0,-0.25,0.0,85,65,1612,1298,1527,1233,85,65,174,63,160.702,46.971,157.0,4378.12,6.4162,0.095743,4e-06,0.0,0.664,0.774573,False,False,False,False,False,False,0.899,pass,,
545,Baptisms_San_Antonio_Baptism_Records_1788-1824_1858-1898.docx,545,raw/fs_0545.png,ad3f328706473a52fcc665ec1c085a671995da952fc2b48d9165fd25afae4899,dlstupka/hth-baptisms-san-antonio-1788-1824--1858-1898,61efff529fb7330a92f8d423c40c45bc60bb841c,dlstupka/hth,61efff529fb7330a92f8d423c40c45bc60bb841c,1786,1361,1.0,False,0,-0.25,0.0,107,63,1648,1299,1541,1236,107,63,138,62,160.83,49.269,167.0,4366.147,6.4021,0.103011,1.8e-05,0.0,0.659,0.783577,False,False,False,False,False,False,0.911,pass,,
546,Baptisms_San_Antonio_Baptism_Records_1788-1824_1858-1898.docx,546,raw/fs_0546.png,96ae0e4387f8f42f294f4c36a73a036fa8850026bfe69d8972bf319fc97ca68a,dlstupka/hth-baptisms-san-antonio-1788-1824--1858-1898,61efff529fb7330a92f8d423c40c45bc60bb841c,dlstupka/hth,61efff529fb7330a92f8d423c40c45bc60bb841c,1786,1361,1.0,False,0,-0.25,0.0,101,67,1622,1303,1521,1236,101,67,164,58,163.195,45.599,152.0,4144.483,6.3315,0.086384,7e-06,0.0,0.656,0.773407,False,False,False,False,False,False,0.896,pass,,
547,Baptisms_San_Antonio_Baptism_Records_1788-1824_1858-1898.docx,547,raw/fs_0547.png,69686e9eaaf9d96b048ce3657e9fc87c22a88d686c5bc2d7d7dd041076a7d8bf,dlstupka/hth-baptisms-san-antonio-1788-1824--1858-1898,61efff529fb7330a92f8d423c40c45bc60bb841c,dlstupka/hth,61efff529fb7330a92f8d423c40c45bc60bb841c,1786,1361,1.0,False,0,-0.25,0.0,82,65,1608,1296,1526,1231,82,65,178,65,167.788,44.335,147.0,3635.148,6.3052,0.071014,2e-06,0.0,0.607,0.77281,False,False,False,False,False,False,0.896,pass,,
548,Baptisms_San_Antonio_Baptism_Records_1788-1824_1858-1898.docx,548,raw/fs_0548.png,8c5e678515f526e5c270c1fc20222cff38833d467fd2f35338bbde4f979305c1,dlstupka/hth-baptisms-san-antonio-1788-1824--1858-1898,61efff529fb7330a92f8d423c40c45bc60bb841c,dlstupka/hth,61efff529fb7330a92f8d423c40c45bc60bb841c,1786,1361,1.0,False,0,-0.25,0.0,0,0,0,0,0,0,0,0,1786,1361,133.07,77.035,196.0,3206.592,5.9077,0.256582,2e-06,0.0,0.547,0.0,False,False,False,False,False,False,0.744,review,very_small_content_region,
549,Baptisms_San_Antonio_Baptism_Records_1788-1824_1858-1898.docx,549,raw/fs_0549.png,ac7f4f4151f13cc064fd20978b3570d476117724db560f2309c6cf13e86389db,dlstupka/hth-baptisms-san-antonio-1788-1824--1858-1898,61efff529fb7330a92f8d423c40c45bc60bb841c,dlstupka/hth,61efff529fb7330a92f8d423c40c45bc60bb841c,1786,1361,1.0,False,0,-0.25,0.0,77,49,1628,1306,1551,1257,77,49,158,55,165.558,44.448,148.0,3970.809,6.3254,0.076145,1.7e-05,0.0,0.626,0.802061,False,False,False,False,False,False,0.894,pass,,
550,Baptisms_San_Antonio_Baptism_Records_1788-1824_1858-1898.docx,550,raw/fs_0550.png,8e6d285532479aef279f6c3a2a35b3db74f67b8a90917968f57fe486a4621130,dlstupka/hth-baptisms-san-antonio-1788-1824--1858-1898,61efff529fb7330a92f8d423c40c45bc60bb841c,dlstupka/hth,61efff529fb7330a92f8d423c40c45bc60bb841c,1786,1361,1.0,False,0,-0.25,0.0,87,54,1658,1308,1571,1254,87,54,128,53,163.412,48.103,166.0,3632.677,6.288,0.089738,9e-06,0.0,0.602,0.810465,False,False,False,False,False,False,0.909,pass,,
551,Baptisms_San_Antonio_Baptism_Records_1788-1824_1858-1898.docx,551,raw/fs_0551.png,a9c3eff29a8558288388e01c672903335ff8a5787ad4f351027b1a94fe488836,dlstupka/hth-baptisms-san-antonio-1788-1824--1858-1898,61efff529fb7330a92f8d423c40c45bc60bb841c,dlstupka/hth,61efff529fb7330a92f8d423c40c45bc60bb841c,1786,1361,1.0,False,0,-0.25,0.0,68,57,1657,1308,1589,1251,68,57,129,53,162.191,48.437,167.0,3786.708,6.2937,0.091848,1e-05,0.0,0.608,0.81779,False,False,False,False,False,False,0.909,pass,,
552,Baptisms_San_Antonio_Baptism_Records_1788-1824_1858-1898.docx,552,raw/fs_0552.png,5da8164bda108ed9f161419886950ab44dcc6464f697f1bdf1da20f7f2bfda17,dlstupka/hth-baptisms-san-antonio-1788-1824--1858-1898,61efff529fb7330a92f8d423c40c45bc60bb841c,dlstupka/hth,61efff529fb7330a92f8d423c40c45bc60bb841c,1786,1361,1.0,False,0,-0.25,0.0,0,0,0,0,0,0,0,0,1786,1361,134.212,75.473,197.0,3744.751,6.0792,0.251403,5e-06,0.0,0.597,0.0,False,False,False,False,False,False,0.746,review,very_small_content_region,
553,Baptisms_San_Antonio_Baptism_Records_1788-1824_1858-1898.docx,553,raw/fs_0553.png,e6b7ea2c3b100d8be230d5b273f6314dc819a5111d81d62cdb9245571fdbe845,dlstupka/hth-baptisms-san-antonio-1788-1824--1858-1898,61efff529fb7330a92f8d423c40c45bc60bb841c,dlstupka/hth,61efff529fb7330a92f8d423c40c45bc60bb841c,1786,1361,1.0,False,0,-0.25,0.0,87,59,1616,1293,1529,1234,87,59,170,68,162.359,47.632,159.0,4484.887,6.441,0.095046,9e-06,0.0,0.668,0.776217,False,False,False,False,False,False,0.905,pass,,
554,Baptisms_San_Antonio_Baptism_Records_1788-1824_1858-1898.docx,554,raw/fs_0554.png,dd60b7884346cf874f50724d5d9315a5f5edc76ae8f22a67025b19168afae0dd,dlstupka/hth-baptisms-san-antonio-1788-1824--1858-1898,61efff529fb7330a92f8d423c40c45bc60bb841c,dlstupka/hth,61efff529fb7330a92f8d423c40c45bc60bb841c,1786,1361,1.0,False,0,-0.25,0.0,87,69,1629,1292,1542,1223,87,69,157,69,165.514,42.659,140.0,3435.899,6.3087,0.067268,5e-06,0.0,0.584,0.775838,False,False,False,False,False,False,0.885,pass,,
555,Baptisms_San_Antonio_Baptism_Records_1788-1824_1858-1898.docx,555,raw/fs_0555.png,b9b8589f068a93e4e4b9ec3ae9561105fe0cff64a2c91037acfadc8a160cf8d3,dlstupka/hth-baptisms-san-antonio-1788-1824--1858-1898,61efff529fb7330a92f8d423c40c45bc60bb841c,dlstupka/hth,61efff529fb7330a92f8d423c40c45bc60bb841c,1786,1361,1.0,False,0,-0.25,0.0,0,0,0,0,0,0,0,0,1786,1361,138.487,76.251,200.0,3086.764,5.973,0.235923,3e-06,0.0,0.54,0.0,False,False,False,False,False,False,0.752,review,very_small_content_region,
556,Baptisms_San_Antonio_Baptism_Records_1788-1824_1858-1898.docx,556,raw/fs_0556.png,f30b512369efbc33f95784e90cd4c2cbae071d73b250453bc2cdfd52ae20ff17,dlstupka/hth-baptisms-san-antonio-1788-1824--1858-1898,61efff529fb7330a92f8d423c40c45bc60bb841c,dlstupka/hth,61efff529fb7330a92f8d423c40c45bc60bb841c,1786,1361,1.0,False,0,-0.25,0.0,0,0,0,0,0,0,0,0,1786,1361,129.203,78.522,196.0,3156.058,5.837,0.275144,2e-06,0.396,0.578,0.0,False,False,False,False,False,False,0.738,review,very_small_content_region,
557,Baptisms_San_Antonio_Baptism_Records_1788-1824_1858-1898.docx,557,raw/fs_0557.png,68a3e0407d00217fbcca080ae4e2a9b9f36e20d40a54b606b0f3f9dd41113334,dlstupka/hth-baptisms-san-antonio-1788-1824--1858-1898,61efff529fb7330a92f8d423c40c45bc60bb841c,dlstupka/hth,61efff529fb7330a92f8d423c40c45bc60bb841c,1786,1361,1.0,False,0,-0.25,0.0,99,78,1620,1289,1521,1211,99,78,166,72,163.299,44.662,148.0,3859.524,6.4012,0.078157,5e-06,0.0,0.629,0.757764,False,False,False,False,False,False,0.891,pass,,
558,Baptisms_San_Antonio_Baptism_Records_1788-1824_1858-1898.docx,558,raw/fs_0558.png,2269ea8f92c463473594fb3716ab2343be2dade8182d611b48c85d0709b62fde,dlstupka/hth-baptisms-san-antonio-1788-1824--1858-1898,61efff529fb7330a92f8d423c40c45bc60bb841c,dlstupka/hth,61efff529fb7330a92f8d423c40c45bc60bb841c,1786,1361,1.0,False,0,-0.25,0.0,93,70,1628,1293,1535,1223,93,70,158,68,167.876,40.494,126.0,2844.355,6.2151,0.055835,2e-06,0.0,0.521,0.772316,False,False,False,False,False,False,0.877,pass,,
559,Baptisms_San_Antonio_Baptism_Records_1788-1824_1858-1898.docx,559,raw/fs_0559.png,c94686d391e752ad9044749c3049cc2ff2a68f249eaec2ac00a451ef1367b138,dlstupka/hth-baptisms-san-antonio-1788-1824--1858-1898,61efff529fb7330a92f8d423c40c45bc60bb841c,dlstupka/hth,61efff529fb7330a92f8d423c40c45bc60bb841c,1786,1361,1.0,False,0,-0.25,0.0,64,69,1599,1294,1535,1225,64,69,187,67,166.865,40.377,125.0,3112.335,6.1977,0.056675,4e-06,0.0,0.552,0.773579,False,False,False,False,False,False,0.875,pass,,
560,Baptisms_San_Antonio_Baptism_Records_1788-1824_1858-1898.docx,560,raw/fs_0560.png,f7add2d3ad96bfd8ec47e556f4e7f40de2364781401c68ea25eacd373361f741,dlstupka/hth-baptisms-san-antonio-1788-1824--1858-1898,61efff529fb7330a92f8d423c40c45bc60bb841c,dlstupka/hth,61efff529fb7330a92f8d423c40c45bc60bb841c,1786,1361,1.0,False,0,-0.25,0.0,106,83,1602,1289,1496,1206,106,83,184,72,168.253,38.053,117.0,3337.455,6.1995,0.051477,4e-06,0.0,0.555,0.742231,False,False,False,False,False,False,0.866,pass,,
561,Baptisms_San_Antonio_Baptism_Records_1788-1824_1858-1898.docx,561,raw/fs_0561.png,71613bdd10180e05de0b86ddbd67f88abcc82983387047fcecddaa5127e5e1a4,dlstupka/hth-baptisms-san-antonio-1788-1824--1858-1898,61efff529fb7330a92f8d423c40c45bc60bb841c,dlstupka/hth,61efff529fb7330a92f8d423c40c45bc60bb841c,1786,1361,1.0,False,0,-0.25,0.0,107,84,1596,1294,1489,1210,107,84,190,67,167.858,39.222,125.0,3965.797,6.3344,0.057134,1.7e-05,0.0,0.631,0.741209,False,False,False,False,False,False,0.871,pass,,
562,Baptisms_San_Antonio_Baptism_Records_1788-1824_1858-1898.docx,562,raw/fs_0562.png,4ee3a41df5f04030ba0aa9890fc283fd5cf30f7d783c1b2d89a1ae7e6e9c3bf8,dlstupka/hth-baptisms-san-antonio-1788-1824--1858-1898,61efff529fb7330a92f8d423c40c45bc60bb841c,dlstupka/hth,61efff529fb7330a92f8d423c40c45bc60bb841c,1786,1361,1.0,False,0,-0.25,0.0,82,82,1581,1296,1499,1214,82,82,205,65,169.634,36.596,112.0,3416.537,6.2716,0.045447,4e-06,0.011,0.596,0.748653,False,False,False,False,False,False,0.86,pass,,
563,Baptisms_San_Antonio_Baptism_Records_1788-1824_1858-1898.docx,563,raw/fs_0563.png,2888825d1f59727b5c2b6bbfe7f73a1bef35bbb70e2fdbf421c25ed8410edfa8,dlstupka/hth-baptisms-san-antonio-1788-1824--1858-1898,61efff529fb7330a92f8d423c40c45bc60bb841c,dlstupka/hth,61efff529fb7330a92f8d423c40c45bc60bb841c,1786,1361,1.0,False,0,-0.25,0.0,95,81,1611,1296,1516,1215,95,81,175,65,165.459,43.104,140.0,3545.863,6.3477,0.069476,3e-06,0.0,0.608,0.757767,False,False,False,False,False,False,0.887,pass,,
564,Baptisms_San_Antonio_Baptism_Records_1788-1824_1858-1898.docx,564,raw/fs_0564.png,8d7273b3d0442bf28ace25143f576d3720a82b683760996eba6bf0111a5ec97d,dlstupka/hth-baptisms-san-antonio-1788-1824--1858-1898,61efff529fb7330a92f8d423c40c45bc60bb841c,dlstupka/hth,61efff529fb7330a92f8d423c40c45bc60bb841c,1786,1361,1.0,False,0,-0.25,0.0,85,89,1608,1302,1523,1213,85,89,178,59,166.896,43.464,141.0,3756.86,6.4088,0.068101,1e-05,0.0,0.606,0.760013,False,False,False,False,False,False,0.891,pass,,
565,Baptisms_San_Antonio_Baptism_Records_1788-1824_1858-1898.docx,565,raw/fs_0565.png,24c86d9a025655af1df386587be795425c0b04e15ad5a6633f1f1e0f74b4268f,dlstupka/hth-baptisms-san-antonio-1788-1824--1858-1898,61efff529fb7330a92f8d423c40c45bc60bb841c,dlstupka/hth,61efff529fb7330a92f8d423c40c45bc60bb841c,1786,1361,1.0,False,0,-0.25,0.0,83,91,1610,1296,1527,1205,83,91,176,65,163.783,44.105,144.0,3721.864,6.3275,0.07422,6e-06,0.0,0.601,0.756984,False,False,False,False,False,False,0.889,pass,,
566,Baptisms_San_Antonio_Baptism_Records_1788-1824_1858-1898.docx,566,raw/fs_0566.png,17852216fd080c2ff52efa98b8a877bb8161c626632bd3974a45cd50c820753d,dlstupka/hth-baptisms-san-antonio-1788-1824--1858-1898,61efff529fb7330a92f8d423c40c45bc60bb841c,dlstupka/hth,61efff529fb7330a92f8d423c40c45bc60bb841c,1786,1361,1.0,False,0,-0.25,0.0,89,81,1616,1293,1527,1212,89,81,170,68,164.747,44.81,148.0,3428.175,6.3279,0.074527,3e-06,0.0,0.576,0.761381,False,False,False,False,False,False,0.894,pass,,
567,Baptisms_San_Antonio_Baptism_Records_1788-1824_1858-1898.docx,567,raw/fs_0567.png,9bf8de2d5823b1bcf62f627bbe1e2feca6487e4ef81124045b70470efa8f03b5,dlstupka/hth-baptisms-san-antonio-1788-1824--1858-1898,61efff529fb7330a92f8d423c40c45bc60bb841c,dlstupka/hth,61efff529fb7330a92f8d423c40c45bc60bb841c,1786,1361,1.0,False,0,-0.25,0.0,97,83,1629,1300,1532,1217,97,83,157,61,162.915,47.349,158.0,4108.711,6.3663,0.087096,1.1e-05,0.0,0.636,0.767025,False,False,False,False,False,False,0.904,pass,,
568,Baptisms_San_Antonio_Baptism_Records_1788-1824_1858-1898.docx,568,raw/fs_0568.png,5d81fbd3624f22a5aee6051d58d7319a0f15e0f2458d7f9c01135d1b4005caba,dlstupka/hth-baptisms-san-antonio-1788-1824--1858-1898,61efff529fb7330a92f8d423c40c45bc60bb841c,dlstupka/hth,61efff529fb7330a92f8d423c40c45bc60bb841c,1786,1361,1.0,False,0,-0.25,0.0,82,93,1607,1303,1525,1210,82,93,179,58,163.155,46.375,154.0,4060.819,6.374,0.08372,1.5e-05,0.0,0.633,0.759129,False,False,False,False,False,False,0.9,pass,,
569,Baptisms_San_Antonio_Baptism_Records_1788-1824_1858-1898.docx,569,raw/fs_0569.png,37a33e25b1540fefd4c8a1b63015224fefcfa755dffdad42e63dd03a12d54520,dlstupka/hth-baptisms-san-antonio-1788-1824--1858-1898,61efff529fb7330a92f8d423c40c45bc60bb841c,dlstupka/hth,61efff529fb7330a92f8d423c40c45bc60bb841c,1786,1361,1.0,False,0,-0.25,0.0,74,65,1641,1295,1567,1230,74,65,145,66,161.512,47.997,161.0,4276.167,6.4534,0.093417,6e-06,0.0,0.656,0.792929,False,False,False,False,False,False,0.906,pass,,
570,Baptisms_San_Antonio_Baptism_Records_1788-1824_1858-1898.docx,570,raw/fs_0570.png,daec8154865335b95290c8c45fd9584f55b40a359e9e38a9d9c0892ec2b8065c,dlstupka/hth-baptisms-san-antonio-1788-1824--1858-1898,61efff529fb7330a92f8d423c40c45bc60bb841c,dlstupka/hth,61efff529fb7330a92f8d423c40c45bc60bb841c,1786,1361,1.0,False,0,-0.25,0.0,0,0,0,0,0,0,0,0,1786,1361,135.225,76.852,200.0,3570.022,6.0241,0.253785,1e-05,0.0,0.575,0.0,False,False,False,False,False,False,0.747,review,very_small_content_region,
571,Baptisms_San_Antonio_Baptism_Records_1788-1824_1858-1898.docx,571,raw/fs_0571.png,514ace0fc8dfd15d120dab849a7843188a7cf95c3fc683701545646655c63dbd,dlstupka/hth-baptisms-san-antonio-1788-1824--1858-1898,61efff529fb7330a92f8d423c40c45bc60bb841c,dlstupka/hth,61efff529fb7330a92f8d423c40c45bc60bb841c,1786,1361,1.0,False,0,-0.25,0.0,70,66,1638,1294,1568,1228,70,66,148,67,162.935,48.2,162.0,4142.395,6.3543,0.092711,1.5e-05,0.0,0.617,0.792145,False,False,False,False,False,False,0.909,pass,,
572,Baptisms_San_Antonio_Baptism_Records_1788-1824_1858-1898.docx,572,raw/fs_0572.png,4da7fe0cc91ad73c02f0e5f5292d70c8c6602f8746df4b5ca4fdfc3561411213,dlstupka/hth-baptisms-san-antonio-1788-1824--1858-1898,61efff529fb7330a92f8d423c40c45bc60bb841c,dlstupka/hth,61efff529fb7330a92f8d423c40c45bc60bb841c,1786,1361,1.0,False,0,-0.25,0.0,73,67,1650,1298,1577,1231,73,67,136,63,160.463,50.181,168.0,4325.757,6.4066,0.102439,9e-06,0.0,0.676,0.798638,False,False,False,False,False,False,0.915,pass,,
573,Baptisms_San_Antonio_Baptism_Records_1788-1824_1858-1898.docx,573,raw/fs_0573.png,7a491d1e31c6d05b6db944f38896267080849a0ff92aa7b8712671dcbbc5b43f,dlstupka/hth-baptisms-san-antonio-1788-1824--1858-1898,61efff529fb7330a92f8d423c40c45bc60bb841c,dlstupka/hth,61efff529fb7330a92f8d423c40c45bc60bb841c,1786,1361,1.0,False,0,-0.25,0.0,78,70,1651,1296,1573,1226,78,70,135,65,159.808,50.963,173.0,4340.911,6.4718,0.105559,7e-06,0.0,0.664,0.793377,False,False,False,False,False,False,0.918,pass,,
574,Baptisms_San_Antonio_Baptism_Records_1788-1824_1858-1898.docx,574,raw/fs_0574.png,536ca6e775d607f434e0d4907bfc409b9d3b0c00b831f168463a45ac82820e20,dlstupka/hth-baptisms-san-antonio-1788-1824--1858-1898,61efff529fb7330a92f8d423c40c45bc60bb841c,dlstupka/hth,61efff529fb7330a92f8d423c40c45bc60bb841c,1786,1361,1.0,False,0,-0.25,0.0,68,60,1616,1295,1548,1235,68,60,170,66,163.304,48.929,170.0,3721.364,6.4219,0.086954,1.1e-05,0.0,0.637,0.786499,False,False,False,False,False,False,0.913,pass,,
575,Baptisms_San_Antonio_Baptism_Records_1788-1824_1858-1898.docx,575,raw/fs_0575.png,4d56f2f5313096634db71e5ca71b229cca752c68c852fd14661c762e006318bf,dlstupka/hth-baptisms-san-antonio-1788-1824--1858-1898,61efff529fb7330a92f8d423c40c45bc60bb841c,dlstupka/hth,61efff529fb7330a92f8d423c40c45bc60bb841c,1786,1361,1.0,False,0,-0.25,0.0,80,90,1618,1305,1538,1215,80,90,168,56,164.941,42.911,140.0,3284.637,6.3087,0.066552,3e-06,0.0,0.548,0.768764,False,False,False,False,False,False,0.885,pass,,
576,Baptisms_San_Antonio_Baptism_Records_1788-1824_1858-1898.docx,576,raw/fs_0576.png,237783e030b366da08591e992c48de9bbbc04f02b938fdd246af656884fd5b73,dlstupka/hth-baptisms-san-antonio-1788-1824--1858-1898,61efff529fb7330a92f8d423c40c45bc60bb841c,dlstupka/hth,61efff529fb7330a92f8d423c40c45bc60bb841c,1786,1361,1.0,False,0,-0.25,0.0,0,0,0,0,0,0,0,0,1786,1361,130.534,76.906,196.0,3031.916,5.8902,0.26243,3e-06,0.0,0.528,0.0,False,False,False,False,False,False,0.74,review,very_small_content_region,
577,Baptisms_San_Antonio_Baptism_Records_1788-1824_1858-1898.docx,577,raw/fs_0577.png,c1b1c8273b09a95cae9f4f0bd7b065e2c73776beea4a14eb5b81939f6f8eac12,dlstupka/hth-baptisms-san-antonio-1788-1824--1858-1898,61efff529fb7330a92f8d423c40c45bc60bb841c,dlstupka/hth,61efff529fb7330a92f8d423c40c45bc60bb841c,1786,1361,1.0,False,0,-0.25,0.0,86,80,1618,1292,1532,1212,86,80,168,69,166.98,41.639,134.0,3199.429,6.3264,0.062539,5e-06,0.0,0.547,0.763874,False,False,False,False,False,False,0.882,pass,,
578,Baptisms_San_Antonio_Baptism_Records_1788-1824_1858-1898.docx,578,raw/fs_0578.png,5db9907115fb9179acab11cdfe9878ed844b0499956823ce950f6308a76e73f4,dlstupka/hth-baptisms-san-antonio-1788-1824--1858-1898,61efff529fb7330a92f8d423c40c45bc60bb841c,dlstupka/hth,61efff529fb7330a92f8d423c40c45bc60bb841c,1786,1361,1.0,False,0,-0.25,0.0,68,94,1585,1302,1517,1208,68,94,201,59,168.413,37.396,114.0,2924.415,6.2513,0.048282,1e-06,0.0,0.523,0.753899,False,False,False,False,False,False,0.863,pass,,
579,Baptisms_San_Antonio_Baptism_Records_1788-1824_1858-1898.docx,579,raw/fs_0579.png,9fd7879ae638346502753ac738860c6c6209a1956acdbf131194ec199ee6b0d2,dlstupka/hth-baptisms-san-antonio-1788-1824--1858-1898,61efff529fb7330a92f8d423c40c45bc60bb841c,dlstupka/hth,61efff529fb7330a92f8d423c40c45bc60bb841c,1786,1361,1.0,False,0,-0.25,0.0,83,102,1605,1302,1522,1200,83,102,181,59,167.013,40.919,130.0,3257.052,6.2839,0.061046,2e-06,0.0,0.556,0.751374,False,False,False,False,False,False,0.878,pass,,
580,Baptisms_San_Antonio_Baptism_Records_1788-1824_1858-1898.docx,580,raw/fs_0580.png,83e3e832876f0475bc5855859ff8c8a87bd70673b1483e0ffcc667995ab13485,dlstupka/hth-baptisms-san-antonio-1788-1824--1858-1898,61efff529fb7330a92f8d423c40c45bc60bb841c,dlstupka/hth,61efff529fb7330a92f8d423c40c45bc60bb841c,1786,1361,1.0,False,0,0.25,0.0,74,96,1609,1308,1535,1212,74,96,177,53,165.377,43.826,143.0,3681.966,6.373,0.072702,6e-06,0.0,0.593,0.76537,False,False,False,False,False,False,0.89,pass,,
581,Baptisms_San_Antonio_Baptism_Records_1788-1824_1858-1898.docx,581,raw/fs_0581.png,761c0adc145dfe8c4ebbfa7e747d465afdf6dadeb8f3a9a7967d4681b01c9758,dlstupka/hth-baptisms-san-antonio-1788-1824--1858-1898,61efff529fb7330a92f8d423c40c45bc60bb841c,dlstupka/hth,61efff529fb7330a92f8d423c40c45bc60bb841c,1786,1361,1.0,False,0,-0.25,0.0,99,101,1617,1302,1518,1201,99,101,169,59,165.586,42.922,140.0,3295.288,6.2895,0.0689,4e-06,0.0,0.559,0.750024,False,False,False,False,False,False,0.886,pass,,
582,Baptisms_San_Antonio_Baptism_Records_1788-1824_1858-1898.docx,582,raw/fs_0582.png,00bb4423b204d520f295a2398cf94ba147f4a93632836a8c150a61469118e04c,dlstupka/hth-baptisms-san-antonio-1788-1824--1858-1898,61efff529fb7330a92f8d423c40c45bc60bb841c,dlstupka/hth,61efff529fb7330a92f8d423c40c45bc60bb841c,1786,1361,1.0,False,0,-0.25,0.0,90,90,1630,1300,1540,1210,90,90,156,61,163.987,44.461,149.0,3126.004,6.333,0.074481,2e-06,0.0,0.544,0.766596,False,False,False,False,False,False,0.891,pass,,
583,Baptisms_San_Antonio_Baptism_Records_1788-1824_1858-1898.docx,583,raw/fs_0583.png,66aa6444ace868dc9609e7da5546841749cbff5097f00dcbf67b3fb8732f650e,dlstupka/hth-baptisms-san-antonio-1788-1824--1858-1898,61efff529fb7330a92f8d423c40c45bc60bb841c,dlstupka/hth,61efff529fb7330a92f8d423c40c45bc60bb841c,1786,1361,1.0,False,0,-0.25,0.0,101,92,1621,1287,1520,1195,101,92,165,74,166.799,42.981,140.0,2827.523,6.2442,0.066219,3e-06,0.0,0.482,0.74726,False,False,False,False,False,False,0.888,pass,,
584,Baptisms_San_Antonio_Baptism_Records_1788-1824_1858-1898.docx,584,raw/fs_0584.png,c6271b6f8ecd3374e402094c0ba20b92f3c9863ba618ecd7547418abc62b6143,dlstupka/hth-baptisms-san-antonio-1788-1824--1858-1898,61efff529fb7330a92f8d423c40c45bc60bb841c,dlstupka/hth,61efff529fb7330a92f8d423c40c45bc60bb841c,1786,1361,1.0,False,0,-0.25,0.0,84,94,1620,1307,1536,1213,84,94,166,54,167.46,40.685,130.0,2092.885,6.0851,0.059096,4e-06,0.0,0.392,0.7665,False,False,False,False,False,False,0.878,pass,,
585,Baptisms_San_Antonio_Baptism_Records_1788-1824_1858-1898.docx,585,raw/fs_0585.png,dfc5c03cde3859222bcf90277ab25b0a6431bc9f3a871ef5462216c1f2256f8c,dlstupka/hth-baptisms-san-antonio-1788-1824--1858-1898,61efff529fb7330a92f8d423c40c45bc60bb841c,dlstupka/hth,61efff529fb7330a92f8d423c40c45bc60bb841c,1786,1361,1.0,False,0,-0.25,0.0,80,91,1617,1303,1537,1212,80,91,169,58,166.785,42.483,138.0,2848.999,6.2225,0.064884,2e-06,0.0,0.508,0.766367,False,False,False,False,False,False,0.886,pass,,
586,Baptisms_San_Antonio_Baptism_Records_1788-1824_1858-1898.docx,586,raw/fs_0586.png,353600cca096383a04222d809d8faf3470c06ba20242e86a163b139a30dee0cd,dlstupka/hth-baptisms-san-antonio-1788-1824--1858-1898,61efff529fb7330a92f8d423c40c45bc60bb841c,dlstupka/hth,61efff529fb7330a92f8d423c40c45bc60bb841c,1786,1361,1.0,False,0,-0.25,0.0,87,86,1648,1305,1561,1219,87,86,138,56,164.365,48.716,166.0,3546.556,6.2987,0.089162,9e-06,0.0,0.565,0.782829,False,False,False,False,False,False,0.913,pass,,
587,Baptisms_San_Antonio_Baptism_Records_1788-1824_1858-1898.docx,587,raw/fs_0587.png,efbe4574eb2343fd19dfa13e3ff5515ffe04ae34103c02ca1fd62fbc34be8bd0,dlstupka/hth-baptisms-san-antonio-1788-1824--1858-1898,61efff529fb7330a92f8d423c40c45bc60bb841c,dlstupka/hth,61efff529fb7330a92f8d423c40c45bc60bb841c,1786,1361,1.0,False,0,-0.25,0.0,79,86,1625,1302,1546,1216,79,86,161,59,162.553,46.936,156.0,3906.164,6.3619,0.091058,5e-06,0.0,0.594,0.773399,False,False,False,False,False,False,0.902,pass,,
588,Baptisms_San_Antonio_Baptism_Records_1788-1824_1858-1898.docx,588,raw/fs_0588.png,97f905df41349812dbaf06ce461ecd24c965dbaaad0d03f9fe7fc79fe60e8bef,dlstupka/hth-baptisms-san-antonio-1788-1824--1858-1898,61efff529fb7330a92f8d423c40c45bc60bb841c,dlstupka/hth,61efff529fb7330a92f8d423c40c45bc60bb841c,1786,1361,1.0,False,0,-0.25,0.0,89,84,1639,1301,1550,1217,89,84,147,60,162.208,50.373,170.0,3971.803,6.443,0.101115,9e-06,0.0,0.598,0.776037,False,False,False,False,False,False,0.918,pass,,
589,Baptisms_San_Antonio_Baptism_Records_1788-1824_1858-1898.docx,589,raw/fs_0589.png,a0b880a6268c53e9163a07639aebe4a6c5b947c1663e55c5fe44099451ff49fa,dlstupka/hth-baptisms-san-antonio-1788-1824--1858-1898,61efff529fb7330a92f8d423c40c45bc60bb841c,dlstupka/hth,61efff529fb7330a92f8d423c40c45bc60bb841c,1786,1361,1.0,False,0,-0.25,0.0,345,43,1645,1296,1300,1253,345,43,141,65,177.525,29.814,93.0,3402.435,5.834,0.027651,9e-06,0.482,0.517,0.670123,False,False,False,False,False,False,0.838,pass,,
590,Baptisms_San_Antonio_Baptism_Records_1788-1824_1858-1898.docx,590,raw/fs_0590.png,6734d0e7171e5ac6d301602ff5cc15ad4efac9f774b10953e1a6b3fabd917b77,dlstupka/hth-baptisms-san-antonio-1788-1824--1858-1898,61efff529fb7330a92f8d423c40c45bc60bb841c,dlstupka/hth,61efff529fb7330a92f8d423c40c45bc60bb841c,1786,1361,1.0,False,0,-0.25,0.0,77,85,1627,1301,1550,1216,77,85,159,60,164.24,45.497,150.0,3647.016,6.4824,0.077566,5e-06,0.0,0.582,0.7754,False,False,False,False,False,False,0.897,pass,,
591,Baptisms_San_Antonio_Baptism_Records_1788-1824_1858-1898.docx,591,raw/fs_0591.png,f0f1bcad1f874d39b0ff474c821c72f6bf48f2a27fc7ebb0ec63ca9e14baed5c,dlstupka/hth-baptisms-san-antonio-1788-1824--1858-1898,61efff529fb7330a92f8d423c40c45bc60bb841c,dlstupka/hth,61efff529fb7330a92f8d423c40c45bc60bb841c,1786,1361,1.0,False,0,-0.25,0.0,0,0,0,0,0,0,0,0,1786,1361,131.555,78.927,200.0,3632.593,5.9891,0.274393,7e-06,0.0,0.564,0.0,False,False,False,False,False,False,0.742,review,very_small_content_region,
592,Baptisms_San_Antonio_Baptism_Records_1788-1824_1858-1898.docx,592,raw/fs_0592.png,955477ad0ce91580d42059aaf2f889e992c4b5f131f619c5b834b8e873b9198a,dlstupka/hth-baptisms-san-antonio-1788-1824--1858-1898,61efff529fb7330a92f8d423c40c45bc60bb841c,dlstupka/hth,61efff529fb7330a92f8d423c40c45bc60bb841c,1786,1361,1.0,False,0,-0.25,0.0,79,97,1607,1304,1528,1207,79,97,179,57,167.147,44.767,149.0,4057.679,6.3709,0.076073,1.3e-05,0.0,0.593,0.758737,False,False,False,False,False,False,0.898,pass,,
593,Baptisms_San_Antonio_Baptism_Records_1788-1824_1858-1898.docx,593,raw/fs_0593.png,27995316ebe3ff9e7a866cbc7bee7d6774ff2019ec894b016168e269f04d4330,dlstupka/hth-baptisms-san-antonio-1788-1824--1858-1898,61efff529fb7330a92f8d423c40c45bc60bb841c,dlstupka/hth,61efff529fb7330a92f8d423c40c45bc60bb841c,1786,1361,1.0,False,0,-0.25,0.0,73,97,1605,1304,1532,1207,73,97,181,57,164.935,45.11,150.0,3959.791,6.3127,0.079425,8e-06,0.0,0.591,0.760723,False,False,False,False,False,False,0.896,pass,,
594,Baptisms_San_Antonio_Baptism_Records_1788-1824_1858-1898.docx,594,raw/fs_0594.png,3dcb1d4b7e8967604404917f14987d87279e514a029ec4e1c12f7d7b85c925d3,dlstupka/hth-baptisms-san-antonio-1788-1824--1858-1898,61efff529fb7330a92f8d423c40c45bc60bb841c,dlstupka/hth,61efff529fb7330a92f8d423c40c45bc60bb841c,1786,1361,1.0,False,0,-0.25,0.0,65,89,1614,1305,1549,1216,65,89,172,56,163.55,47.886,160.0,4169.624,6.3565,0.090858,1.8e-05,0.0,0.615,0.7749,False,False,False,False,False,False,0.908,pass,,
595,Baptisms_San_Antonio_Baptism_Records_1788-1824_1858-1898.docx,595,raw/fs_0595.png,3d5d745737b2997466edab7204eb7ca1ca9d9de1a422c2cf342e2194c0f95727,dlstupka/hth-baptisms-san-antonio-1788-1824--1858-1898,61efff529fb7330a92f8d423c40c45bc60bb841c,dlstupka/hth,61efff529fb7330a92f8d423c40c45bc60bb841c,1786,1361,1.0,False,0,-0.25,0.0,100,108,1573,1308,1473,1200,100,108,213,53,161.865,42.841,140.0,3761.358,6.342,0.077694,3e-06,0.0,0.581,0.727184,False,False,False,False,False,False,0.88,pass,,
596,Baptisms_San_Antonio_Baptism_Records_1788-1824_1858-1898.docx,596,raw/fs_0596.png,a9497659660abef1f2cd12b2f784ed432bdcfebfcb95bf2b02215ddcacf580b1,dlstupka/hth-baptisms-san-antonio-1788-1824--1858-1898,61efff529fb7330a92f8d423c40c45bc60bb841c,dlstupka/hth,61efff529fb7330a92f8d423c40c45bc60bb841c,1786,1361,1.0,False,0,-0.25,0.0,107,107,1590,1309,1483,1202,107,107,196,52,165.503,46.777,153.0,4246.286,6.4333,0.08737,8e-06,0.0,0.623,0.733341,False,False,False,False,False,False,0.905,pass,,
597,Baptisms_San_Antonio_Baptism_Records_1788-1824_1858-1898.docx,597,raw/fs_0597.png,c75c88b16defc1543e82e9dd57553f312eaccbb851d719e44ba57d27fe496878,dlstupka/hth-baptisms-san-antonio-1788-1824--1858-1898,61efff529fb7330a92f8d423c40c45bc60bb841c,dlstupka/hth,61efff529fb7330a92f8d423c40c45bc60bb841c,1786,1361,1.0,False,0,-0.25,0.0,249,74,1639,1317,1390,1243,249,74,147,44,175.428,33.32,104.0,3830.753,6.0273,0.037747,1.8e-05,0.295,0.552,0.710798,False,False,False,False,False,False,0.853,pass,,
598,Baptisms_San_Antonio_Baptism_Records_1788-1824_1858-1898.docx,598,raw/fs_0598.png,50e785fabfdfafa4c7a93c154680aec90d93a367bbda8ee66acd0c1b0a33bd47,dlstupka/hth-baptisms-san-antonio-1788-1824--1858-1898,61efff529fb7330a92f8d423c40c45bc60bb841c,dlstupka/hth,61efff529fb7330a92f8d423c40c45bc60bb841c,1786,1361,1.0,False,0,-0.25,0.0,0,0,0,0,0,0,0,0,1786,1361,132.642,75.27,194.0,3688.1,6.0066,0.258095,1.3e-05,0.221,0.581,0.0,False,False,False,False,False,False,0.743,review,very_small_content_region,
599,Baptisms_San_Antonio_Baptism_Records_1788-1824_1858-1898.docx,599,raw/fs_0599.png,50c7fe1532d42af69714c8d3076f9af30f31255369bde078ccc7c4f3cfcabe5d,dlstupka/hth-baptisms-san-antonio-1788-1824--1858-1898,61efff529fb7330a92f8d423c40c45bc60bb841c,dlstupka/hth,61efff529fb7330a92f8d423c40c45bc60bb841c,1786,1361,1.0,False,0,0.25,0.001,352,89,1651,1313,1299,1224,352,89,135,48,172.381,38.997,130.0,4691.415,6.0143,0.060829,1.9e-05,0.292,0.587,0.65411,False,False,False,False,False,False,0.876,pass,,
600,Baptisms_San_Antonio_Baptism_Records_1788-1824_1858-1898.docx,600,raw/fs_0600.png,d4ebf984a819f89a18e5faa2da0d0352ae8674f654493beddc904fe32e289467,dlstupka/hth-baptisms-san-antonio-1788-1824--1858-1898,61efff529fb7330a92f8d423c40c45bc60bb841c,dlstupka/hth,61efff529fb7330a92f8d423c40c45bc60bb841c,1786,1361,1.0,False,0,-0.25,0.0,0,0,0,0,0,0,0,0,1786,1361,141.666,69.138,196.0,4165.275,6.3797,0.215578,8e-06,0.228,0.655,0.0,False,False,False,False,False,False,0.756,review,very_small_content_region,
601,Baptisms_San_Antonio_Baptism_Records_1788-1824_1858-1898.docx,601,raw/fs_0601.png,377aa517d6eedf9d980ff3ac492bd5ae3995631f00ce5b9f7c0f2c4198388400,dlstupka/hth-baptisms-san-antonio-1788-1824--1858-1898,61efff529fb7330a92f8d423c40c45bc60bb841c,dlstupka/hth,61efff529fb7330a92f8d423c40c45bc60bb841c,1786,1361,1.0,False,0,-0.25,0.0,0,0,0,0,0,0,0,0,1786,1361,131.701,79.181,199.0,3330.37,5.897,0.278373,7e-06,0.0,0.575,0.0,False,False,False,False,False,False,0.742,review,very_small_content_region,
602,Baptisms_San_Antonio_Baptism_Records_1788-1824_1858-1898.docx,602,raw/fs_0602.png,156f24f6ee6cbf5f7b96737e9eb6cff60c8d5d2c88b601a6de1183d3109c4d52,dlstupka/hth-baptisms-san-antonio-1788-1824--1858-1898,61efff529fb7330a92f8d423c40c45bc60bb841c,dlstupka/hth,61efff529fb7330a92f8d423c40c45bc60bb841c,1786,1361,1.0,False,0,-0.25,0.0,0,0,0,0,0,0,0,0,1786,1361,129.908,80.263,206.0,3445.837,5.7903,0.28523,5e-06,0.0,0.584,0.0,False,False,False,False,False,False,0.739,review,very_small_content_region,
603,Baptisms_San_Antonio_Baptism_Records_1788-1824_1858-1898.docx,603,raw/fs_0603.png,ef65494ba85cac3a9f6274e9dfbf7c388d3527f792c12b9102b6241ef7ccd5d2,dlstupka/hth-baptisms-san-antonio-1788-1824--1858-1898,61efff529fb7330a92f8d423c40c45bc60bb841c,dlstupka/hth,61efff529fb7330a92f8d423c40c45bc60bb841c,1786,1361,1.0,False,0,-0.25,0.0,0,0,0,0,0,0,0,0,1786,1361,133.658,76.694,198.0,3347.621,6.0319,0.257629,1e-05,0.129,0.598,0.0,False,False,False,False,False,False,0.745,review,very_small_content_region,
604,Baptisms_San_Antonio_Baptism_Records_1788-1824_1858-1898.docx,604,raw/fs_0604.png,deb80c888a80dd15bfb5deb469977a638ecc46e9af292ee3a4f07ad3d9fbae9e,dlstupka/hth-baptisms-san-antonio-1788-1824--1858-1898,61efff529fb7330a92f8d423c40c45bc60bb841c,dlstupka/hth,61efff529fb7330a92f8d423c40c45bc60bb841c,1786,1361,1.0,False,0,-0.25,0.006,0,0,0,0,0,0,0,0,1786,1361,146.117,67.928,199.0,3463.134,6.2955,0.189778,1e-05,0.285,0.638,0.0,False,False,False,False,False,False,0.763,review,very_small_content_region,
605,Baptisms_San_Antonio_Baptism_Records_1788-1824_1858-1898.docx,605,raw/fs_0605.png,18f31d91b94992dcaf50446fe421da475a64e660a44774334c44ed276050daf0,dlstupka/hth-baptisms-san-antonio-1788-1824--1858-1898,61efff529fb7330a92f8d423c40c45bc60bb841c,dlstupka/hth,61efff529fb7330a92f8d423c40c45bc60bb841c,1786,1361,1.0,False,0,-0.25,0.0,0,0,0,0,0,0,0,0,1786,1361,132.152,75.789,196.0,3461.235,6.0401,0.261723,8e-06,0.606,0.603,0.0,False,False,False,False,False,False,0.742,review,very_small_content_region,
606,Baptisms_San_Antonio_Baptism_Records_1788-1824_1858-1898.docx,606,raw/fs_0606.png,e6941fd2447576c60ddb1e40baedb969eb028c72afe5d7629e1f357716639b42,dlstupka/hth-baptisms-san-antonio-1788-1824--1858-1898,61efff529fb7330a92f8d423c40c45bc60bb841c,dlstupka/hth,61efff529fb7330a92f8d423c40c45bc60bb841c,1786,1361,1.0,False,0,-0.25,0.0,0,0,0,0,0,0,0,0,1786,1361,125.755,80.707,197.0,3512.17,5.894,0.305906,3e-06,0.0,0.589,0.0,False,False,False,False,False,False,0.733,review,very_small_content_region,
607,Baptisms_San_Antonio_Baptism_Records_1788-1824_1858-1898.docx,607,raw/fs_0607.png,201aecce4560a976c316b8227560bc5e5b3d5bb95084e4c843fac9abe229c869,dlstupka/hth-baptisms-san-antonio-1788-1824--1858-1898,61efff529fb7330a92f8d423c40c45bc60bb841c,dlstupka/hth,61efff529fb7330a92f8d423c40c45bc60bb841c,1786,1361,1.0,False,0,-0.25,0.0,0,0,0,0,0,0,0,0,1786,1361,139.716,72.499,198.0,3601.847,6.1794,0.222796,6e-06,0.0,0.608,0.0,False,False,False,False,False,False,0.754,review,very_small_content_region,
608,Baptisms_San_Antonio_Baptism_Records_1788-1824_1858-1898.docx,608,raw/fs_0608.png,f7cdfaa32ab2678adcf4febca53ee6bd6c8d1a3a8e5c4ae10ef95b3b7778d85c,dlstupka/hth-baptisms-san-antonio-1788-1824--1858-1898,61efff529fb7330a92f8d423c40c45bc60bb841c,dlstupka/hth,61efff529fb7330a92f8d423c40c45bc60bb841c,1786,1361,1.0,False,0,-0.25,0.0,408,43,1660,1296,1252,1253,408,43,126,65,182.626,23.834,57.0,2186.295,5.5224,0.016032,6e-06,0.576,0.381,0.64538,False,False,False,False,False,False,0.816,pass,,
609,Baptisms_San_Antonio_Baptism_Records_1788-1824_1858-1898.docx,609,raw/fs_0609.png,40b71beba864c7d674b287ef90fa12e2b24306ce4bbc4d3cfa1d1b4329918bc6,dlstupka/hth-baptisms-san-antonio-1788-1824--1858-1898,61efff529fb7330a92f8d423c40c45bc60bb841c,dlstupka/hth,61efff529fb7330a92f8d423c40c45bc60bb841c,1786,1361,1.0,False,0,-0.25,0.0,70,91,1612,1300,1542,1209,70,91,174,61,169.992,41.859,140.0,1637.435,6.0642,0.060561,1e-06,0.0,0.363,0.766957,False,False,False,False,False,False,0.887,pass,,
610,Baptisms_San_Antonio_Baptism_Records_1788-1824_1858-1898.docx,610,raw/fs_0610.png,0c9f02e4e40dc67441772aaccffeb51029be48bfbf03500a177834334e72337b,dlstupka/hth-baptisms-san-antonio-1788-1824--1858-1898,61efff529fb7330a92f8d423c40c45bc60bb841c,dlstupka/hth,61efff529fb7330a92f8d423c40c45bc60bb841c,1786,1361,1.0,False,0,-0.25,0.0,87,68,1657,1297,1570,1229,87,68,129,64,164.987,47.192,172.0,2026.926,6.0973,0.080319,1e-06,0.0,0.425,0.793802,False,False,False,False,False,False,0.907,pass,,
611,Baptisms_San_Antonio_Baptism_Records_1788-1824_1858-1898.docx,611,raw/fs_0611.png,d0117019c7ea512889bf7e367b09b61f6e1f512649239a35a72e90a8f87a5c28,dlstupka/hth-baptisms-san-antonio-1788-1824--1858-1898,61efff529fb7330a92f8d423c40c45bc60bb841c,dlstupka/hth,61efff529fb7330a92f8d423c40c45bc60bb841c,1786,1361,1.0,False,0,-0.25,0.0,64,71,1626,1295,1562,1224,64,71,160,66,168.363,43.925,151.0,2217.607,6.1623,0.067528,8e-06,0.0,0.424,0.786544,False,False,False,False,False,False,0.895,pass,,
612,Baptisms_San_Antonio_Baptism_Records_1788-1824_1858-1898.docx,612,raw/fs_0612.png,c1304df2596b73cab53420d66171391cdfdd9ceb3882c12775aee33e89a06742,dlstupka/hth-baptisms-san-antonio-1788-1824--1858-1898,61efff529fb7330a92f8d423c40c45bc60bb841c,dlstupka/hth,61efff529fb7330a92f8d423c40c45bc60bb841c,1786,1361,1.0,False,0,-0.25,0.0,0,0,0,0,0,0,0,0,1786,1361,149.944,63.449,194.0,1687.61,5.9939,0.154947,0.0,0.048,0.423,0.0,False,False,False,False,False,False,0.769,review,very_small_content_region,
613,Baptisms_San_Antonio_Baptism_Records_1788-1824_1858-1898.docx,613,raw/fs_0613.png,29c03bbfd33a022276f8e2c5a2e347cc9c91c244b0ffeb15c53ccbf4bd4c1edd,dlstupka/hth-baptisms-san-antonio-1788-1824--1858-1898,61efff529fb7330a92f8d423c40c45bc60bb841c,dlstupka/hth,61efff529fb7330a92f8d423c40c45bc60bb841c,1786,1361,1.0,False,0,-0.25,0.0,53,66,1614,1297,1561,1231,53,66,172,64,164.612,45.25,152.0,3295.699,6.2923,0.077288,1e-06,0.0,0.552,0.790535,False,False,False,False,False,False,0.896,pass,,
614,Baptisms_San_Antonio_Baptism_Records_1788-1824_1858-1898.docx,614,raw/fs_0614.png,d162b3c213f5e798d7c1a2af6f93a8da500b55d3e20038c0ac126e1662625276,dlstupka/hth-baptisms-san-antonio-1788-1824--1858-1898,61efff529fb7330a92f8d423c40c45bc60bb841c,dlstupka/hth,61efff529fb7330a92f8d423c40c45bc60bb841c,1786,1361,1.0,False,0,-0.25,0.0,66,67,1627,1291,1561,1224,66,67,159,70,162.188,48.072,161.0,4035.931,6.3683,0.090637,7e-06,0.0,0.606,0.78604,False,False,False,False,False,False,0.907,pass,,
615,Baptisms_San_Antonio_Baptism_Records_1788-1824_1858-1898.docx,615,raw/fs_0615.png,f17354cf9740801a63b9428f24a15243aa478b9e45b6ba5f4cfd74722b492d02,dlstupka/hth-baptisms-san-antonio-1788-1824--1858-1898,61efff529fb7330a92f8d423c40c45bc60bb841c,dlstupka/hth,61efff529fb7330a92f8d423c40c45bc60bb841c,1786,1361,1.0,False,0,-0.25,0.0,73,78,1627,1294,1554,1216,73,78,159,67,161.381,48.547,164.0,3949.564,6.39,0.096534,6e-06,0.0,0.598,0.777401,False,False,False,False,False,False,0.908,pass,,
616,Baptisms_San_Antonio_Baptism_Records_1788-1824_1858-1898.docx,616,raw/fs_0616.png,f3a3da8842517db59950c0bcab36eb43451e07adaf308756392175c6d94955a3,dlstupka/hth-baptisms-san-antonio-1788-1824--1858-1898,61efff529fb7330a92f8d423c40c45bc60bb841c,dlstupka/hth,61efff529fb7330a92f8d423c40c45bc60bb841c,1786,1361,1.0,False,0,-0.25,0.0,79,80,1619,1292,1540,1212,79,80,167,69,163.693,44.731,148.0,3390.153,6.3023,0.076726,5e-06,0.0,0.541,0.767863,False,False,False,False,False,False,0.892,pass,,
617,Baptisms_San_Antonio_Baptism_Records_1788-1824_1858-1898.docx,617,raw/fs_0617.png,08695b293a9a1e22828603b8afb49e2c552c173075cbaffa94153cf024783e55,dlstupka/hth-baptisms-san-antonio-1788-1824--1858-1898,61efff529fb7330a92f8d423c40c45bc60bb841c,dlstupka/hth,61efff529fb7330a92f8d423c40c45bc60bb841c,1786,1361,1.0,False,0,-0.25,0.0,74,81,1627,1298,1553,1217,74,81,159,63,164.573,44.921,150.0,3260.983,6.3064,0.073819,2e-06,0.0,0.556,0.777539,False,False,False,False,False,False,0.895,pass,,
618,Baptisms_San_Antonio_Baptism_Records_1788-1824_1858-1898.docx,618,raw/fs_0618.png,be361843436c6e8c60440404bf605eb2f1e7224cf69c9a5fdd9e5ac8eff724a3,dlstupka/hth-baptisms-san-antonio-1788-1824--1858-1898,61efff529fb7330a92f8d423c40c45bc60bb841c,dlstupka/hth,61efff529fb7330a92f8d423c40c45bc60bb841c,1786,1361,1.0,False,0,-0.25,0.0,78,73,1641,1288,1563,1215,78,73,145,73,164.884,47.728,166.0,3190.087,6.3493,0.081188,3e-06,0.0,0.556,0.78126,False,False,False,False,False,False,0.909,pass,,
619,Baptisms_San_Antonio_Baptism_Records_1788-1824_1858-1898.docx,619,raw/fs_0619.png,281ab070e44e5de82463b4d362bfb202ee8f068d332884969abe39468627a0ce,dlstupka/hth-baptisms-san-antonio-1788-1824--1858-1898,61efff529fb7330a92f8d423c40c45bc60bb841c,dlstupka/hth,61efff529fb7330a92f8d423c40c45bc60bb841c,1786,1361,1.0,False,0,-0.25,0.0,77,75,1642,1299,1565,1224,77,75,144,62,161.47,46.724,164.0,2966.724,6.3329,0.079823,0.0,0.0,0.567,0.788054,False,False,False,False,False,False,0.899,pass,,
620,Baptisms_San_Antonio_Baptism_Records_1788-1824_1858-1898.docx,620,raw/fs_0620.png,a8a898f0282dbded9f2aec74e414aa8c22336c8d20307e5833a72bcbab6a8375,dlstupka/hth-baptisms-san-antonio-1788-1824--1858-1898,61efff529fb7330a92f8d423c40c45bc60bb841c,dlstupka/hth,61efff529fb7330a92f8d423c40c45bc60bb841c,1786,1361,1.0,False,0,-0.25,0.0,73,78,1618,1291,1545,1213,73,78,168,70,165.667,44.09,147.0,2605.808,6.1981,0.068304,2e-06,0.0,0.495,0.770992,False,False,False,False,False,False,0.892,pass,,
621,Baptisms_San_Antonio_Baptism_Records_1788-1824_1858-1898.docx,621,raw/fs_0621.png,d91f23bf360236537b00fb3f87a7b745b3a3f3df4aacad81e7a317dd76c1718e,dlstupka/hth-baptisms-san-antonio-1788-1824--1858-1898,61efff529fb7330a92f8d423c40c45bc60bb841c,dlstupka/hth,61efff529fb7330a92f8d423c40c45bc60bb841c,1786,1361,1.0,False,0,-0.25,0.0,77,75,1654,1301,1577,1226,77,75,132,60,162.994,48.216,172.0,3056.519,6.3102,0.082756,1e-06,0.0,0.571,0.795395,False,False,False,False,False,False,0.909,pass,,
622,Baptisms_San_Antonio_Baptism_Records_1788-1824_1858-1898.docx,622,raw/fs_0622.png,bbbb75e05a45e9c9f91dde94363c43a4ea8753c1fb3c10d97e5805cad6dc3599,dlstupka/hth-baptisms-san-antonio-1788-1824--1858-1898,61efff529fb7330a92f8d423c40c45bc60bb841c,dlstupka/hth,61efff529fb7330a92f8d423c40c45bc60bb841c,1786,1361,1.0,False,0,-0.25,0.0,85,82,1632,1291,1547,1209,85,82,154,70,162.482,45.609,152.0,3356.609,6.346,0.078087,2e-06,0.0,0.578,0.769444,False,False,False,False,False,False,0.895,pass,,
623,Baptisms_San_Antonio_Baptism_Records_1788-1824_1858-1898.docx,623,raw/fs_0623.png,6d51d26d3587907ae7294007263d207367d0c9ea2c0ff0b2546ee15d197c8830,dlstupka/hth-baptisms-san-antonio-1788-1824--1858-1898,61efff529fb7330a92f8d423c40c45bc60bb841c,dlstupka/hth,61efff529fb7330a92f8d423c40c45bc60bb841c,1786,1361,1.0,False,0,-0.25,0.0,84,76,1633,1290,1549,1214,84,76,153,71,166.25,43.236,143.0,2226.593,6.1228,0.06608,1e-06,0.0,0.454,0.773625,False,False,False,False,False,False,0.889,pass,,
624,Baptisms_San_Antonio_Baptism_Records_1788-1824_1858-1898.docx,624,raw/fs_0624.png,f48b9cf2db21511c20c58e5753e7da9893693cedeeb3232745ef604effbf640d,dlstupka/hth-baptisms-san-antonio-1788-1824--1858-1898,61efff529fb7330a92f8d423c40c45bc60bb841c,dlstupka/hth,61efff529fb7330a92f8d423c40c45bc60bb841c,1786,1361,1.0,False,0,-0.25,0.0,82,71,1649,1293,1567,1222,82,71,137,68,164.031,46.296,165.0,2406.886,6.1682,0.076303,1e-06,0.0,0.498,0.787772,False,False,False,False,False,False,0.901,pass,,
625,Baptisms_San_Antonio_Baptism_Records_1788-1824_1858-1898.docx,625,raw/fs_0625.png,37499b9a3a7445ad55936702f042c1fff2e3356fea2b9ca561c38dd9728c4e13,dlstupka/hth-baptisms-san-antonio-1788-1824--1858-1898,61efff529fb7330a92f8d423c40c45bc60bb841c,dlstupka/hth,61efff529fb7330a92f8d423c40c45bc60bb841c,1786,1361,1.0,False,0,-0.25,0.0,0,0,0,0,0,0,0,0,1786,1361,131.171,77.334,195.0,2587.926,5.8587,0.26313,1e-06,0.245,0.528,0.0,False,False,False,False,False,False,0.741,review,very_small_content_region,
626,Baptisms_San_Antonio_Baptism_Records_1788-1824_1858-1898.docx,626,raw/fs_0626.png,73a42914567cdfbc45e7647f1b25e07ce2548e436764da4c644b5907d77bdd4e,dlstupka/hth-baptisms-san-antonio-1788-1824--1858-1898,61efff529fb7330a92f8d423c40c45bc60bb841c,dlstupka/hth,61efff529fb7330a92f8d423c40c45bc60bb841c,1786,1361,1.0,False,0,-0.25,0.0,64,75,1620,1292,1556,1217,64,75,166,69,161.983,45.996,156.0,3258.033,6.4212,0.079413,1e-06,0.0,0.596,0.779041,False,False,False,False,False,False,0.896,pass,,
627,Baptisms_San_Antonio_Baptism_Records_1788-1824_1858-1898.docx,627,raw/fs_0627.png,5e1edf801c3c9391c63fb39762d31ce213968ad74e8860854d6e15360211f504,dlstupka/hth-baptisms-san-antonio-1788-1824--1858-1898,61efff529fb7330a92f8d423c40c45bc60bb841c,dlstupka/hth,61efff529fb7330a92f8d423c40c45bc60bb841c,1786,1361,1.0,False,0,-0.25,0.0,81,76,1631,1292,1550,1216,81,76,155,69,163.59,44.754,152.0,3036.814,6.3224,0.075473,2e-06,0.0,0.516,0.7754,False,False,False,False,False,False,0.892,pass,,
628,Baptisms_San_Antonio_Baptism_Records_1788-1824_1858-1898.docx,628,raw/fs_0628.png,7041eb2c528b56bc31d0328c6671621bf5c215639554531fa70b9a0fdf4e2bb3,dlstupka/hth-baptisms-san-antonio-1788-1824--1858-1898,61efff529fb7330a92f8d423c40c45bc60bb841c,dlstupka/hth,61efff529fb7330a92f8d423c40c45bc60bb841c,1786,1361,1.0,False,0,-0.25,0.0,83,72,1638,1288,1555,1216,83,72,148,73,165.337,43.649,147.0,2319.436,6.2898,0.067215,1e-06,0.0,0.48,0.777901,False,False,False,False,False,False,0.889,pass,,
629,Baptisms_San_Antonio_Baptism_Records_1788-1824_1858-1898.docx,629,raw/fs_0629.png,e5bbd33df0039d09b316bc00813559709375ec3eb1678f3945fe0d79d61a5fa8,dlstupka/hth-baptisms-san-antonio-1788-1824--1858-1898,61efff529fb7330a92f8d423c40c45bc60bb841c,dlstupka/hth,61efff529fb7330a92f8d423c40c45bc60bb841c,1786,1361,1.0,False,0,-0.25,0.0,67,79,1619,1291,1552,1212,67,79,167,70,165.131,42.853,143.0,2345.335,6.2891,0.06503,0.0,0.0,0.461,0.773846,False,False,False,False,False,False,0.885,pass,,
630,Baptisms_San_Antonio_Baptism_Records_1788-1824_1858-1898.docx,630,raw/fs_0630.png,ff5c206c463d6d5ce5100394d726cdafe403b83ec9b6f51073adf4080695a028,dlstupka/hth-baptisms-san-antonio-1788-1824--1858-1898,61efff529fb7330a92f8d423c40c45bc60bb841c,dlstupka/hth,61efff529fb7330a92f8d423c40c45bc60bb841c,1786,1361,1.0,False,0,-0.25,0.0,0,0,0,0,0,0,0,0,1786,1361,148.925,64.346,197.0,2522.688,6.207,0.159487,1e-06,0.0,0.581,0.0,False,False,False,False,False,False,0.767,review,very_small_content_region,
631,Baptisms_San_Antonio_Baptism_Records_1788-1824_1858-1898.docx,631,raw/fs_0631.png,c6c4f30d16a253a75cff684e4a82c3bbd13c94b39a6f745f838c6177d17356a7,dlstupka/hth-baptisms-san-antonio-1788-1824--1858-1898,61efff529fb7330a92f8d423c40c45bc60bb841c,dlstupka/hth,61efff529fb7330a92f8d423c40c45bc60bb841c,1786,1361,1.0,False,0,-0.25,0.0,77,76,1622,1290,1545,1214,77,76,164,71,161.759,45.576,153.0,3517.344,6.4875,0.078525,2e-06,0.0,0.617,0.771627,False,False,False,False,False,False,0.894,pass,,
632,Baptisms_San_Antonio_Baptism_Records_1788-1824_1858-1898.docx,632,raw/fs_0632.png,c0f3bb6157b86d8abb1322d2158d50345b3acd97086920dbe9b413e8dadb7cb4,dlstupka/hth-baptisms-san-antonio-1788-1824--1858-1898,61efff529fb7330a92f8d423c40c45bc60bb841c,dlstupka/hth,61efff529fb7330a92f8d423c40c45bc60bb841c,1786,1361,1.0,False,0,-0.25,0.0,139,76,1630,1288,1491,1212,139,76,156,73,165.285,41.569,134.0,3865.082,6.4296,0.06503,4e-06,0.0,0.664,0.743431,False,False,False,False,False,False,0.879,pass,,
633,Baptisms_San_Antonio_Baptism_Records_1788-1824_1858-1898.docx,633,raw/fs_0633.png,bde7b6460902fd09d1e19602801bf1f03e022b2cc6af0b6db48d8c082bb0869a,dlstupka/hth-baptisms-san-antonio-1788-1824--1858-1898,61efff529fb7330a92f8d423c40c45bc60bb841c,dlstupka/hth,61efff529fb7330a92f8d423c40c45bc60bb841c,1786,1361,1.0,False,0,-0.25,0.0,143,83,1621,1294,1478,1211,143,83,165,67,168.13,38.64,121.0,3728.939,6.3256,0.05275,3e-06,0.0,0.617,0.736341,False,False,False,False,False,False,0.868,pass,,
634,Baptisms_San_Antonio_Baptism_Records_1788-1824_1858-1898.docx,634,raw/fs_0634.png,c4533c93435a32306dd6b634e9d09343988c79a54170f47fb360ed2ac007b2c4,dlstupka/hth-baptisms-san-antonio-1788-1824--1858-1898,61efff529fb7330a92f8d423c40c45bc60bb841c,dlstupka/hth,61efff529fb7330a92f8d423c40c45bc60bb841c,1786,1361,1.0,False,0,-0.25,0.0,145,83,1619,1296,1474,1213,145,83,167,65,168.907,38.888,121.0,3672.053,6.3131,0.052051,6e-06,0.0,0.629,0.735561,False,False,False,False,False,False,0.871,pass,,
635,Baptisms_San_Antonio_Baptism_Records_1788-1824_1858-1898.docx,635,raw/fs_0635.png,46f490fdc4fa00dbf3fa39858658e45151342da90dc65c918bc4045449836bd4,dlstupka/hth-baptisms-san-antonio-1788-1824--1858-1898,61efff529fb7330a92f8d423c40c45bc60bb841c,dlstupka/hth,61efff529fb7330a92f8d423c40c45bc60bb841c,1786,1361,1.0,False,0,-0.25,0.0,133,87,1605,1291,1472,1204,133,87,181,70,168.151,40.455,129.0,4131.917,6.3752,0.059052,9e-06,0.0,0.653,0.729113,False,False,False,False,False,False,0.878,pass,,
636,Baptisms_San_Antonio_Baptism_Records_1788-1824_1858-1898.docx,636,raw/fs_0636.png,99a17b6651981054e1268784188675860af735b76458882364b4d69715843214,dlstupka/hth-baptisms-san-antonio-1788-1824--1858-1898,61efff529fb7330a92f8d423c40c45bc60bb841c,dlstupka/hth,61efff529fb7330a92f8d423c40c45bc60bb841c,1786,1361,1.0,False,0,-0.25,0.0,113,68,1617,1287,1504,1219,113,68,169,74,168.201,40.079,125.0,3113.216,6.2975,0.055038,3e-06,0.0,0.618,0.754244,False,False,False,False,False,False,0.876,pass,,
637,Baptisms_San_Antonio_Baptism_Records_1788-1824_1858-1898.docx,637,raw/fs_0637.png,d757b3824dd0b3ef88cff7ae8d03ac22cc173c2351281818c93abc1e8220c63c,dlstupka/hth-baptisms-san-antonio-1788-1824--1858-1898,61efff529fb7330a92f8d423c40c45bc60bb841c,dlstupka/hth,61efff529fb7330a92f8d423c40c45bc60bb841c,1786,1361,1.0,False,0,-0.25,0.0,123,78,1610,1292,1487,1214,123,78,176,69,166.187,40.838,128.0,3425.043,6.3119,0.058567,6e-06,0.0,0.624,0.74266,False,False,False,False,False,False,0.877,pass,,
638,Baptisms_San_Antonio_Baptism_Records_1788-1824_1858-1898.docx,638,raw/fs_0638.png,df56c061c5afbac0ed9e5d468607a4b50fc4770289f505d2c325661acfaa8243,dlstupka/hth-baptisms-san-antonio-1788-1824--1858-1898,61efff529fb7330a92f8d423c40c45bc60bb841c,dlstupka/hth,61efff529fb7330a92f8d423c40c45bc60bb841c,1786,1361,1.0,False,0,-0.25,0.0,122,76,1612,1290,1490,1214,122,76,174,71,164.174,44.28,146.0,3879.029,6.4663,0.073155,6e-06,0.0,0.639,0.744158,False,False,False,False,False,False,0.891,pass,,
639,Baptisms_San_Antonio_Baptism_Records_1788-1824_1858-1898.docx,639,raw/fs_0639.png,c9ecfc2dc02550a115673f2df52e825819d70fd9ff54cda7359a232ccd19a15b,dlstupka/hth-baptisms-san-antonio-1788-1824--1858-1898,61efff529fb7330a92f8d423c40c45bc60bb841c,dlstupka/hth,61efff529fb7330a92f8d423c40c45bc60bb841c,1786,1361,1.0,False,0,0.25,0.118,137,46,1696,1325,1559,1279,137,46,90,36,174.038,44.144,143.0,4723.448,6.5828,0.064085,8.8e-05,0.0,0.713,0.820308,False,False,False,False,False,False,0.905,pass,,
640,Baptisms_San_Antonio_Baptism_Records_1788-1824_1858-1898.docx,640,raw/fs_0640.png,fd371b9b759aa8e3f5083d0744dd7a9e750258c330b789ef620650ac486e27ba,dlstupka/hth-baptisms-san-antonio-1788-1824--1858-1898,61efff529fb7330a92f8d423c40c45bc60bb841c,dlstupka/hth,61efff529fb7330a92f8d423c40c45bc60bb841c,1786,1361,1.0,False,0,-0.25,0.0,84,85,1631,1297,1547,1212,84,85,155,64,161.365,48.516,167.0,3814.375,6.4457,0.090381,6e-06,0.0,0.626,0.771353,False,False,False,False,False,False,0.908,pass,,
641,Baptisms_San_Antonio_Baptism_Records_1788-1824_1858-1898.docx,641,raw/fs_0641.png,3f819753532f72ce5dec53f621b337b4912caab2365ad03e9b772596b46db0ce,dlstupka/hth-baptisms-san-antonio-1788-1824--1858-1898,61efff529fb7330a92f8d423c40c45bc60bb841c,dlstupka/hth,61efff529fb7330a92f8d423c40c45bc60bb841c,1786,1361,1.0,False,0,-0.25,0.0,103,88,1590,1301,1487,1213,103,88,196,60,165.42,41.204,132.0,3513.908,6.3602,0.060631,6e-06,0.0,0.607,0.742048,False,False,False,False,False,False,0.877,pass,,
642,Baptisms_San_Antonio_Baptism_Records_1788-1824_1858-1898.docx,642,raw/fs_0642.png,4aff422eb403b6df2fc66a72ed6ccdbef139dd310640602fe24552935a081eaa,dlstupka/hth-baptisms-san-antonio-1788-1824--1858-1898,61efff529fb7330a92f8d423c40c45bc60bb841c,dlstupka/hth,61efff529fb7330a92f8d423c40c45bc60bb841c,1786,1361,1.0,False,0,-0.25,0.0,119,97,1596,1301,1477,1204,119,97,190,60,164.883,42.565,139.0,3948.846,6.3918,0.066944,6e-06,0.0,0.649,0.731589,False,False,False,False,False,False,0.883,pass,,
643,Baptisms_San_Antonio_Baptism_Records_1788-1824_1858-1898.docx,643,raw/fs_0643.png,08c616be274e401fee10ecd777cf87caf94e5ae0843971f06c7f6d01598ff5b3,dlstupka/hth-baptisms-san-antonio-1788-1824--1858-1898,61efff529fb7330a92f8d423c40c45bc60bb841c,dlstupka/hth,61efff529fb7330a92f8d423c40c45bc60bb841c,1786,1361,1.0,False,0,-0.25,0.0,104,97,1571,1296,1467,1199,104,97,215,65,166.607,40.964,131.0,3961.737,6.3455,0.062335,4e-06,0.0,0.685,0.723619,False,False,False,False,False,False,0.878,pass,,
644,Baptisms_San_Antonio_Baptism_Records_1788-1824_1858-1898.docx,644,raw/fs_0644.png,c81325a0769845b3822f213c4f3be3130899429081bafcfa4fd1526568a958e4,dlstupka/hth-baptisms-san-antonio-1788-1824--1858-1898,61efff529fb7330a92f8d423c40c45bc60bb841c,dlstupka/hth,61efff529fb7330a92f8d423c40c45bc60bb841c,1786,1361,1.0,False,0,-0.25,0.0,0,0,0,0,0,0,0,0,1786,1361,135.783,74.307,196.0,3157.944,6.031,0.238878,1e-05,0.573,0.589,0.0,False,False,False,False,False,False,0.748,review,very_small_content_region,
645,Baptisms_San_Antonio_Baptism_Records_1788-1824_1858-1898.docx,645,raw/fs_0645.png,f6e07fe3791af1bde6852e435acf700ad35f9b6e681fe3fa3026bed3a4766984,dlstupka/hth-baptisms-san-antonio-1788-1824--1858-1898,61efff529fb7330a92f8d423c40c45bc60bb841c,dlstupka/hth,61efff529fb7330a92f8d423c40c45bc60bb841c,1786,1361,1.0,False,0,-0.25,0.0,0,0,0,0,0,0,0,0,1786,1361,147.123,67.425,198.0,3113.583,6.1973,0.178908,6e-06,0.0,0.593,0.0,False,False,False,False,False,False,0.764,review,very_small_content_region,
646,Baptisms_San_Antonio_Baptism_Records_1788-1824_1858-1898.docx,646,raw/fs_0646.png,fcb25fc7e745fc463273fdf1d40bef7e483a42e3d91c00c2f2b9915784871dc3,dlstupka/hth-baptisms-san-antonio-1788-1824--1858-1898,61efff529fb7330a92f8d423c40c45bc60bb841c,dlstupka/hth,61efff529fb7330a92f8d423c40c45bc60bb841c,1786,1361,1.0,False,0,-0.25,0.006,124,95,1595,1296,1471,1201,124,95,191,65,170.786,47.363,160.0,4205.673,6.4963,0.074421,3.7e-05,0.0,0.662,0.726802,False,False,False,False,False,False,0.916,pass,,
647,Baptisms_San_Antonio_Baptism_Records_1788-1824_1858-1898.docx,647,raw/fs_0647.png,6641dbb6b19ef06a9e4a8f77ca35c9c9077a68058c171701d711666c00a60a67,dlstupka/hth-baptisms-san-antonio-1788-1824--1858-1898,61efff529fb7330a92f8d423c40c45bc60bb841c,dlstupka/hth,61efff529fb7330a92f8d423c40c45bc60bb841c,1786,1361,1.0,False,0,-0.25,0.038,115,100,1593,1303,1478,1203,115,100,193,58,169.131,48.43,162.0,4421.779,6.5797,0.080635,3.3e-05,0.0,0.696,0.731477,False,False,False,False,False,False,0.919,pass,,
648,Baptisms_San_Antonio_Baptism_Records_1788-1824_1858-1898.docx,648,raw/fs_0648.png,5fafe0d2d0e9bcbc2e7c2bf22c81e5f4a6d6af78f784babd245dff93deb3ae2f,dlstupka/hth-baptisms-san-antonio-1788-1824--1858-1898,61efff529fb7330a92f8d423c40c45bc60bb841c,dlstupka/hth,61efff529fb7330a92f8d423c40c45bc60bb841c,1786,1361,1.0,False,0,-0.25,0.045,0,0,0,0,0,0,0,0,1786,1361,148.462,70.695,205.0,3465.424,6.3504,0.190807,2.6e-05,0.358,0.65,0.0,False,False,False,False,False,False,0.766,review,very_small_content_region,
649,Baptisms_San_Antonio_Baptism_Records_1788-1824_1858-1898.docx,649,raw/fs_0649.png,a38ac55b3d5d77b0be974e248c5a96a183678c570b09e1925cf90cebd2936a65,dlstupka/hth-baptisms-san-antonio-1788-1824--1858-1898,61efff529fb7330a92f8d423c40c45bc60bb841c,dlstupka/hth,61efff529fb7330a92f8d423c40c45bc60bb841c,1786,1361,1.0,False,0,-0.25,0.0,138,98,1595,1287,1457,1189,138,98,191,74,164.072,43.809,145.0,3415.346,6.3757,0.068631,2e-06,0.0,0.609,0.712692,False,False,False,False,False,False,0.888,pass,,
650,Baptisms_San_Antonio_Baptism_Records_1788-1824_1858-1898.docx,650,raw/fs_0650.png,d549a84d99104824cbf3970869f4c26e3e7a28fc78686c8fe15b419cffe9b22c,dlstupka/hth-baptisms-san-antonio-1788-1824--1858-1898,61efff529fb7330a92f8d423c40c45bc60bb841c,dlstupka/hth,61efff529fb7330a92f8d423c40c45bc60bb841c,1786,1361,1.0,False,0,-0.25,0.0,126,106,1596,1303,1470,1197,126,106,190,58,161.532,45.296,149.0,4252.313,6.5099,0.077969,2e-06,0.0,0.68,0.723889,False,False,False,False,False,False,0.892,pass,,
651,Baptisms_San_Antonio_Baptism_Records_1788-1824_1858-1898.docx,651,raw/fs_0651.png,cdbd6a3c8431f7ab90061ad0c63de0461e543eeb58491cf3258ddc1f68bd2289,dlstupka/hth-baptisms-san-antonio-1788-1824--1858-1898,61efff529fb7330a92f8d423c40c45bc60bb841c,dlstupka/hth,61efff529fb7330a92f8d423c40c45bc60bb841c,1786,1361,1.0,False,0,-0.25,0.001,146,112,1608,1306,1462,1194,146,112,178,55,169.288,47.881,160.0,4206.934,6.4901,0.078372,1.8e-05,0.0,0.658,0.718145,False,False,False,False,False,False,0.916,pass,,
652,Baptisms_San_Antonio_Baptism_Records_1788-1824_1858-1898.docx,652,raw/fs_0652.png,74934406d05a266981b4cfbdbce1c7756cc01d74275cfd0ff15578d05a44a908,dlstupka/hth-baptisms-san-antonio-1788-1824--1858-1898,61efff529fb7330a92f8d423c40c45bc60bb841c,dlstupka/hth,61efff529fb7330a92f8d423c40c45bc60bb841c,1786,1361,1.0,False,0,-0.25,0.021,137,103,1604,1305,1467,1202,137,103,182,56,169.716,46.752,157.0,3790.586,6.4586,0.072567,2.3e-05,0.0,0.63,0.725429,False,False,False,False,False,False,0.911,pass,,
653,Baptisms_San_Antonio_Baptism_Records_1788-1824_1858-1898.docx,653,raw/fs_0653.png,7df29d52e724c8a0ac1962d71245ee2428f7cc30866a5c5926bd442f13d7981f,dlstupka/hth-baptisms-san-antonio-1788-1824--1858-1898,61efff529fb7330a92f8d423c40c45bc60bb841c,dlstupka/hth,61efff529fb7330a92f8d423c40c45bc60bb841c,1786,1361,1.0,False,0,-0.25,0.0,186,107,1666,1324,1480,1217,186,107,120,37,176.64,36.423,109.0,3375.536,6.3713,0.037147,9e-06,0.002,0.63,0.740991,False,False,False,False,False,False,0.87,pass,,
654,Baptisms_San_Antonio_Baptism_Records_1788-1824_1858-1898.docx,654,raw/fs_0654.png,22ff389ebda32b5f228c44f972fdfefa0c80549159dfcf26a0dac127e25b7268,dlstupka/hth-baptisms-san-antonio-1788-1824--1858-1898,61efff529fb7330a92f8d423c40c45bc60bb841c,dlstupka/hth,61efff529fb7330a92f8d423c40c45bc60bb841c,1786,1361,1.0,False,0,0.25,0.08,155,93,1623,1296,1468,1203,155,93,163,65,175.013,43.046,137.0,3929.394,6.4166,0.056458,5e-05,0.0,0.653,0.726528,False,False,False,False,False,False,0.901,pass,,
655,Baptisms_San_Antonio_Baptism_Records_1788-1824_1858-1898.docx,655,raw/fs_0655.png,214a3be654edacda8bafd31e962c2bf660b32cbc72b919cce01358a82d689f04,dlstupka/hth-baptisms-san-antonio-1788-1824--1858-1898,61efff529fb7330a92f8d423c40c45bc60bb841c,dlstupka/hth,61efff529fb7330a92f8d423c40c45bc60bb841c,1786,1361,1.0,False,0,0.25,0.124,0,0,0,0,0,0,0,0,1786,1361,152.917,69.519,206.0,3091.037,6.2974,0.172073,2.1e-05,0.24,0.6,0.0,False,False,False,False,False,False,0.773,review,very_small_content_region,
656,Baptisms_San_Antonio_Baptism_Records_1788-1824_1858-1898.docx,656,raw/fs_0656.png,85abf9276298f6694249a50c836e1dc56f9f412e64609387eb21a137ed17fef4,dlstupka/hth-baptisms-san-antonio-1788-1824--1858-1898,61efff529fb7330a92f8d423c40c45bc60bb841c,dlstupka/hth,61efff529fb7330a92f8d423c40c45bc60bb841c,1786,1361,1.0,False,0,0.25,0.052,150,81,1616,1290,1466,1209,150,81,170,71,174.206,42.475,132.0,3492.213,6.362,0.054341,1.2e-05,0.0,0.632,0.729156,False,False,False,False,False,False,0.897,pass,,
657,Baptisms_San_Antonio_Baptism_Records_1788-1824_1858-1898.docx,657,raw/fs_0657.png,35d34e7781085fcbb71a880769ba3c8295c66cde327fbbca679add4ef2f2a062,dlstupka/hth-baptisms-san-antonio-1788-1824--1858-1898,61efff529fb7330a92f8d423c40c45bc60bb841c,dlstupka/hth,61efff529fb7330a92f8d423c40c45bc60bb841c,1786,1361,1.0,False,0,-0.25,0.0,140,76,1627,1295,1487,1219,140,76,159,66,164.694,42.7,138.0,3208.413,6.3379,0.06467,1e-06,0.0,0.601,0.745719,False,False,False,False,False,False,0.884,pass,,
658,Baptisms_San_Antonio_Baptism_Records_1788-1824_1858-1898.docx,658,raw/fs_0658.png,6c29d46741412a92fa3980edfeebfdb6a8ec0c06185e74dd88f90a1b4192cd5b,dlstupka/hth-baptisms-san-antonio-1788-1824--1858-1898,61efff529fb7330a92f8d423c40c45bc60bb841c,dlstupka/hth,61efff529fb7330a92f8d423c40c45bc60bb841c,1786,1361,1.0,False,0,-0.25,0.0,149,75,1626,1293,1477,1218,149,75,160,68,163.465,43.987,145.0,3530.497,6.3787,0.070529,4e-06,0.0,0.616,0.740096,False,False,False,False,False,False,0.888,pass,,
659,Baptisms_San_Antonio_Baptism_Records_1788-1824_1858-1898.docx,659,raw/fs_0659.png,32d6401e1f18dc3c5071fc31a68524e1786fab73fb10a4a105a76caf80a91b93,dlstupka/hth-baptisms-san-antonio-1788-1824--1858-1898,61efff529fb7330a92f8d423c40c45bc60bb841c,dlstupka/hth,61efff529fb7330a92f8d423c40c45bc60bb841c,1786,1361,1.0,False,0,0.25,0.108,148,75,1637,1297,1489,1222,148,75,149,64,171.695,46.603,153.0,4117.617,6.5086,0.068306,3.5e-05,0.0,0.673,0.748559,False,False,False,False,False,False,0.914,pass,,
660,Baptisms_San_Antonio_Baptism_Records_1788-1824_1858-1898.docx,660,raw/fs_0660.png,8082cfc8a00e84c0c939052c23fe309c49779840956913277e927b63708db0a6,dlstupka/hth-baptisms-san-antonio-1788-1824--1858-1898,61efff529fb7330a92f8d423c40c45bc60bb841c,dlstupka/hth,61efff529fb7330a92f8d423c40c45bc60bb841c,1786,1361,1.0,False,0,0.25,0.0,164,77,1688,1318,1524,1241,164,77,98,43,166.726,41.987,135.0,4207.453,6.4216,0.066607,8e-06,0.0,0.688,0.778067,False,False,False,False,False,False,0.883,pass,,
661,Baptisms_San_Antonio_Baptism_Records_1788-1824_1858-1898.docx,661,raw/fs_0661.png,fd147f8ee49b5262ebe8c2a07af09b3c9ad3b56e59ef7471f881af233102104f,dlstupka/hth-baptisms-san-antonio-1788-1824--1858-1898,61efff529fb7330a92f8d423c40c45bc60bb841c,dlstupka/hth,61efff529fb7330a92f8d423c40c45bc60bb841c,1786,1361,1.0,False,0,0.25,0.0,150,77,1639,1298,1489,1221,150,77,147,63,163.767,50.024,168.0,4801.887,6.6263,0.094505,1.8e-05,0.0,0.72,0.747947,False,False,False,False,False,False,0.919,pass,,
662,Baptisms_San_Antonio_Baptism_Records_1788-1824_1858-1898.docx,662,raw/fs_0662.png,6d45252e83e7e46b3202888f010a863e72eab0492aa3010de023096e8613c8cd,dlstupka/hth-baptisms-san-antonio-1788-1824--1858-1898,61efff529fb7330a92f8d423c40c45bc60bb841c,dlstupka/hth,61efff529fb7330a92f8d423c40c45bc60bb841c,1786,1361,1.0,False,0,-0.25,0.027,139,72,1632,1297,1493,1225,139,72,154,64,171.103,47.146,156.0,3867.266,6.4461,0.071752,1.9e-05,0.0,0.655,0.752413,False,False,False,False,False,False,0.915,pass,,
663,Baptisms_San_Antonio_Baptism_Records_1788-1824_1858-1898.docx,663,raw/fs_0663.png,26e0e14288e4f53dfc46abfbb3f15f729eb6b7d6e3329d7c5298768d01c412b8,dlstupka/hth-baptisms-san-antonio-1788-1824--1858-1898,61efff529fb7330a92f8d423c40c45bc60bb841c,dlstupka/hth,61efff529fb7330a92f8d423c40c45bc60bb841c,1786,1361,1.0,False,0,-0.25,0.0,141,68,1638,1294,1497,1226,141,68,148,67,162.778,46.419,157.0,3943.43,6.4216,0.080275,7e-06,0.0,0.654,0.755045,False,False,False,False,False,False,0.9,pass,,
664,Baptisms_San_Antonio_Baptism_Records_1788-1824_1858-1898.docx,664,raw/fs_0664.png,9fd5fb255a71ec547dfb7dd1844805eeb9608ee7739c17b01577ef7b9bd42f18,dlstupka/hth-baptisms-san-antonio-1788-1824--1858-1898,61efff529fb7330a92f8d423c40c45bc60bb841c,dlstupka/hth,61efff529fb7330a92f8d423c40c45bc60bb841c,1786,1361,1.0,False,0,-0.25,0.0,139,63,1639,1294,1500,1231,139,63,147,67,165.912,45.26,154.0,3219.7,6.3201,0.070948,7e-06,0.0,0.602,0.759643,False,False,False,False,False,False,0.898,pass,,
665,Baptisms_San_Antonio_Baptism_Records_1788-1824_1858-1898.docx,665,raw/fs_0665.png,b4de16f92a3260fe15694d28c8466e67ba2efc3849a524d7f493062dbdda72c2,dlstupka/hth-baptisms-san-antonio-1788-1824--1858-1898,61efff529fb7330a92f8d423c40c45bc60bb841c,dlstupka/hth,61efff529fb7330a92f8d423c40c45bc60bb841c,1786,1361,1.0,False,0,-0.25,0.0,0,0,0,0,0,0,0,0,1786,1361,128.122,79.47,197.0,2780.39,5.8545,0.28143,4e-06,0.378,0.565,0.0,False,False,False,False,False,False,0.737,review,very_small_content_region,
666,Baptisms_San_Antonio_Baptism_Records_1788-1824_1858-1898.docx,666,raw/fs_0666.png,2befa8a537f9b20efe8c5de3ac883dbe3f27c84fab7d000238909707f996299e,dlstupka/hth-baptisms-san-antonio-1788-1824--1858-1898,61efff529fb7330a92f8d423c40c45bc60bb841c,dlstupka/hth,61efff529fb7330a92f8d423c40c45bc60bb841c,1786,1361,1.0,False,0,0.25,0.018,147,74,1636,1295,1489,1221,147,74,150,66,173.414,47.334,160.0,3632.955,6.3662,0.069257,2.3e-05,0.0,0.648,0.747947,False,False,False,False,False,False,0.92,pass,,
667,Baptisms_San_Antonio_Baptism_Records_1788-1824_1858-1898.docx,667,raw/fs_0667.png,47d7a0fddc6d535ddc7f21a1b8526dab4a54cf57f0548dfb6d10ad6f3ace2e4d,dlstupka/hth-baptisms-san-antonio-1788-1824--1858-1898,61efff529fb7330a92f8d423c40c45bc60bb841c,dlstupka/hth,61efff529fb7330a92f8d423c40c45bc60bb841c,1786,1361,1.0,False,0,-0.25,0.0,82,76,1635,1303,1553,1227,82,76,151,58,159.19,49.981,180.0,3560.219,6.4452,0.09555,5e-06,0.0,0.643,0.783928,False,False,False,False,False,False,0.912,pass,,
668,Baptisms_San_Antonio_Baptism_Records_1788-1824_1858-1898.docx,668,raw/fs_0668.png,cf03a886b414ffd3274b2bcbca1a229fb1c8e35fef3156a00274b337f07a11c3,dlstupka/hth-baptisms-san-antonio-1788-1824--1858-1898,61efff529fb7330a92f8d423c40c45bc60bb841c,dlstupka/hth,61efff529fb7330a92f8d423c40c45bc60bb841c,1786,1361,1.0,False,0,-0.25,0.0,70,81,1618,1300,1548,1219,70,81,168,61,159.197,50.459,180.0,3699.091,6.4895,0.098036,2e-06,0.0,0.666,0.77631,False,False,False,False,False,False,0.914,pass,,
669,Baptisms_San_Antonio_Baptism_Records_1788-1824_1858-1898.docx,669,raw/fs_0669.png,bf10e3d37be51e8fea871acb1cb66ab004c21b000c06a57c0f1bb42cada2de19,dlstupka/hth-baptisms-san-antonio-1788-1824--1858-1898,61efff529fb7330a92f8d423c40c45bc60bb841c,dlstupka/hth,61efff529fb7330a92f8d423c40c45bc60bb841c,1786,1361,1.0,False,0,-0.25,0.0,0,0,0,0,0,0,0,0,1786,1361,125.711,79.914,196.0,2724.822,5.8386,0.291001,4e-06,0.231,0.552,0.0,False,False,False,False,False,False,0.733,review,very_small_content_region,
670,Baptisms_San_Antonio_Baptism_Records_1788-1824_1858-1898.docx,670,raw/fs_0670.png,b3ccf1973e8bafc37769532ae8f35cf9ae21503d2da8bb5e9b7d9db4a75adbe5,dlstupka/hth-baptisms-san-antonio-1788-1824--1858-1898,61efff529fb7330a92f8d423c40c45bc60bb841c,dlstupka/hth,61efff529fb7330a92f8d423c40c45bc60bb841c,1786,1361,1.0,False,0,-0.25,0.0,137,80,1625,1298,1488,1218,137,80,161,63,163.334,45.686,155.0,3366.362,6.3396,0.074472,0.0,0.0,0.652,0.745608,False,False,False,False,False,False,0.897,pass,,
671,Baptisms_San_Antonio_Baptism_Records_1788-1824_1858-1898.docx,671,raw/fs_0671.png,30644f8c0ead97ce966d3539620e1d3cb963efd43919829d32b434e7f8e833e9,dlstupka/hth-baptisms-san-antonio-1788-1824--1858-1898,61efff529fb7330a92f8d423c40c45bc60bb841c,dlstupka/hth,61efff529fb7330a92f8d423c40c45bc60bb841c,1786,1361,1.0,False,0,-0.25,0.0,140,93,1627,1303,1487,1210,140,93,159,58,163.4,45.458,153.0,3833.401,6.4354,0.074729,3e-06,0.0,0.656,0.740213,False,False,False,False,False,False,0.896,pass,,
672,Baptisms_San_Antonio_Baptism_Records_1788-1824_1858-1898.docx,672,raw/fs_0672.png,e2a9daebd86f17c7a8e08aefd679b188a42ba37cbb7a6de3049f6b6ff9172259,dlstupka/hth-baptisms-san-antonio-1788-1824--1858-1898,61efff529fb7330a92f8d423c40c45bc60bb841c,dlstupka/hth,61efff529fb7330a92f8d423c40c45bc60bb841c,1786,1361,1.0,False,0,0.25,0.0,0,0,0,0,0,0,0,0,1786,1361,123.843,79.652,195.0,2830.114,5.8858,0.296572,2e-06,0.524,0.555,0.0,False,False,False,False,False,False,0.73,review,very_small_content_region,
673,Baptisms_San_Antonio_Baptism_Records_1788-1824_1858-1898.docx,673,raw/fs_0673.png,d719cf3cd02a8b031ec85c70b1118a84f3189fb7b19c01d26f50952d594466e0,dlstupka/hth-baptisms-san-antonio-1788-1824--1858-1898,61efff529fb7330a92f8d423c40c45bc60bb841c,dlstupka/hth,61efff529fb7330a92f8d423c40c45bc60bb841c,1786,1361,1.0,False,0,-0.25,0.0,148,85,1627,1298,1479,1213,148,85,159,63,165.051,43.384,143.0,2928.593,6.2587,0.064457,2e-06,0.0,0.584,0.738056,False,False,False,False,False,False,0.888,pass,,
674,Baptisms_San_Antonio_Baptism_Records_1788-1824_1858-1898.docx,674,raw/fs_0674.png,a6652cd8c1ce944decd2301a6a54fa56fc2f1f7afca51b22c7ab1f3fb8a72fc8,dlstupka/hth-baptisms-san-antonio-1788-1824--1858-1898,61efff529fb7330a92f8d423c40c45bc60bb841c,dlstupka/hth,61efff529fb7330a92f8d423c40c45bc60bb841c,1786,1361,1.0,False,0,-0.25,0.0,147,79,1619,1290,1472,1211,147,79,167,71,167.642,43.349,139.0,3205.463,6.3285,0.06167,4e-06,0.0,0.624,0.733352,False,False,False,False,False,False,0.891,pass,,
675,Baptisms_San_Antonio_Baptism_Records_1788-1824_1858-1898.docx,675,raw/fs_0675.png,fe6eefd9d2765f19ab7fb8ab93ed97b9cd47788b5a80e1052e9790400369ab43,dlstupka/hth-baptisms-san-antonio-1788-1824--1858-1898,61efff529fb7330a92f8d423c40c45bc60bb841c,dlstupka/hth,61efff529fb7330a92f8d423c40c45bc60bb841c,1786,1361,1.0,False,0,-0.25,0.0,173,89,1597,1269,1424,1180,173,89,189,92,167.02,48.768,167.0,4258.422,6.5887,0.083866,3e-05,0.0,0.62,0.691277,False,False,False,False,False,False,0.917,pass,,
676,Baptisms_San_Antonio_Baptism_Records_1788-1824_1858-1898.docx,676,raw/fs_0676.png,42a7d34fb02cc9a985891990d519559bff79bc5f6d458f6964f373101541771e,dlstupka/hth-baptisms-san-antonio-1788-1824--1858-1898,61efff529fb7330a92f8d423c40c45bc60bb841c,dlstupka/hth,61efff529fb7330a92f8d423c40c45bc60bb841c,1786,1361,1.0,False,0,-0.25,0.0,0,0,0,0,0,0,0,0,1786,1361,156.704,77.15,221.0,1101.481,4.7715,0.194221,0.0,0.155,0.322,0.0,False,False,False,False,False,False,0.778,review,very_small_content_region,
677,Baptisms_San_Antonio_Baptism_Records_1788-1824_1858-1898.docx,677,raw/fs_0677.png,c87eb7372acbde4f3aae54ceb9505c3789feea56c76d3456bb33a5037352832b,dlstupka/hth-baptisms-san-antonio-1788-1824--1858-1898,61efff529fb7330a92f8d423c40c45bc60bb841c,dlstupka/hth,61efff529fb7330a92f8d423c40c45bc60bb841c,1786,1361,1.0,False,0,-0.25,0.0,0,0,0,0,0,0,0,0,1786,1361,166.037,76.213,221.0,1048.241,4.1587,0.172092,0.0,0.128,0.292,0.0,False,False,False,False,False,False,0.792,review,very_small_content_region,
678,Baptisms_San_Antonio_Baptism_Records_1788-1824_1858-1898.docx,678,raw/fs_0678.png,42251be05325c1077ba1710d294f064bfe17dc0c4c53983fdec6d346c797ee4f,dlstupka/hth-baptisms-san-antonio-1788-1824--1858-1898,61efff529fb7330a92f8d423c40c45bc60bb841c,dlstupka/hth,61efff529fb7330a92f8d423c40c45bc60bb841c,1786,1361,1.0,False,0,-0.25,0.0,0,0,0,0,0,0,0,0,1786,1361,131.025,69.434,194.0,711.014,6.0709,0.209005,0.0,0.0,0.27,0.0,False,False,False,False,False,False,0.741,review,very_small_content_region,
679,Baptisms_San_Antonio_Baptism_Records_1788-1824_1858-1898.docx,679,raw/fs_0679.png,1cd1540dfa30bf565a87dc286a9ca6fe4ff0691f8412dbd49af6093204ce3cff,dlstupka/hth-baptisms-san-antonio-1788-1824--1858-1898,61efff529fb7330a92f8d423c40c45bc60bb841c,dlstupka/hth,61efff529fb7330a92f8d423c40c45bc60bb841c,1786,1361,1.0,False,0,-0.25,0.0,0,0,0,0,0,0,0,0,1786,1361,140.903,74.069,221.0,2780.193,5.7934,0.214656,1e-06,0.178,0.6,0.0,False,False,False,False,False,False,0.755,review,very_small_content_region,
680,Baptisms_San_Antonio_Baptism_Records_1788-1824_1858-1898.docx,680,raw/fs_0680.png,4d34085a043f34a4d6ae6e69304c72683bcd8303fad18ab97c0e12607878fce8,dlstupka/hth-baptisms-san-antonio-1788-1824--1858-1898,61efff529fb7330a92f8d423c40c45bc60bb841c,dlstupka/hth,61efff529fb7330a92f8d423c40c45bc60bb841c,1786,1361,1.0,False,0,-0.25,0.0,0,0,0,0,0,0,0,0,1786,1361,149.709,69.891,221.0,2783.714,5.728,0.174718,2e-06,0.253,0.587,0.0,False,False,False,False,False,False,0.768,review,very_small_content_region,
681,Baptisms_San_Antonio_Baptism_Records_1788-1824_1858-1898.docx,681,raw/fs_0681.png,f39e4b85a4880b539d098dac59b52e3e4076f73a6f86f2280694505a53ab7264,dlstupka/hth-baptisms-san-antonio-1788-1824--1858-1898,61efff529fb7330a92f8d423c40c45bc60bb841c,dlstupka/hth,61efff529fb7330a92f8d423c40c45bc60bb841c,1786,1361,1.0,False,0,-0.25,0.0,0,0,0,0,0,0,0,0,1786,1361,139.54,79.246,221.0,2654.787,5.5534,0.241012,2e-06,0.46,0.509,0.0,False,False,False,False,False,False,0.753,review,very_small_content_region,
682,Baptisms_San_Antonio_Baptism_Records_1788-1824_1858-1898.docx,682,raw/fs_0682.png,77825f4f96d36332655617b05c452309be35ddf58c18b210ae50d1b479b71cad,dlstupka/hth-baptisms-san-antonio-1788-1824--1858-1898,61efff529fb7330a92f8d423c40c45bc60bb841c,dlstupka/hth,61efff529fb7330a92f8d423c40c45bc60bb841c,1786,1361,1.0,False,0,-0.25,0.0,0,0,0,0,0,0,0,0,1786,1361,134.898,80.771,221.0,3131.598,5.6017,0.262566,4e-06,0.487,0.54,0.0,False,False,False,False,False,False,0.747,review,very_small_content_region,
683,Baptisms_San_Antonio_Baptism_Records_1788-1824_1858-1898.docx,683,raw/fs_0683.png,f6960ca79a4b60b3c12abca94eac3b79922d2e2ee19136fd9c0da8fe3a8cce11,dlstupka/hth-baptisms-san-antonio-1788-1824--1858-1898,61efff529fb7330a92f8d423c40c45bc60bb841c,dlstupka/hth,61efff529fb7330a92f8d423c40c45bc60bb841c,1786,1361,1.0,False,0,-0.25,0.0,0,0,0,0,0,0,0,0,1786,1361,157.732,64.465,221.0,3537.431,5.8361,0.14217,2e-06,0.209,0.636,0.0,False,False,False,False,False,False,0.78,review,very_small_content_region,
684,Baptisms_San_Antonio_Baptism_Records_1788-1824_1858-1898.docx,684,raw/fs_0684.png,a4f66902b557bd98d6d4cab5f0eba32b6067c089a53d30bebb4fcb80560d2b66,dlstupka/hth-baptisms-san-antonio-1788-1824--1858-1898,61efff529fb7330a92f8d423c40c45bc60bb841c,dlstupka/hth,61efff529fb7330a92f8d423c40c45bc60bb841c,1786,1361,1.0,False,0,-0.25,0.0,0,0,0,0,0,0,0,0,1786,1361,131.622,80.448,221.0,3116.108,5.6177,0.273045,2e-06,0.257,0.555,0.0,False,False,False,False,False,False,0.742,review,very_small_content_region,
685,Baptisms_San_Antonio_Baptism_Records_1788-1824_1858-1898.docx,685,raw/fs_0685.png,39f60d43d65dc940c4b892b8384e61ffc1cc6b0e81b53cdd3a0d626483c04960,dlstupka/hth-baptisms-san-antonio-1788-1824--1858-1898,61efff529fb7330a92f8d423c40c45bc60bb841c,dlstupka/hth,61efff529fb7330a92f8d423c40c45bc60bb841c,1786,1361,1.0,False,0,-0.25,0.0,0,0,0,0,0,0,0,0,1786,1361,136.368,80.054,221.0,2929.046,5.573,0.254689,2e-06,0.457,0.506,0.0,False,False,False,False,False,False,0.749,review,very_small_content_region,
686,Baptisms_San_Antonio_Baptism_Records_1788-1824_1858-1898.docx,686,raw/fs_0686.png,1a7600153faa7345ab93ebe668fb001287ca0e1b7c1366ff830ad139ff222aa0,dlstupka/hth-baptisms-san-antonio-1788-1824--1858-1898,61efff529fb7330a92f8d423c40c45bc60bb841c,dlstupka/hth,61efff529fb7330a92f8d423c40c45bc60bb841c,1786,1361,1.0,False,0,-0.25,0.0,0,0,0,0,0,0,0,0,1786,1361,142.672,73.016,221.0,3480.384,5.7985,0.211984,4e-06,0.0,0.622,0.0,False,False,False,False,False,False,0.758,review,very_small_content_region,
687,Baptisms_San_Antonio_Baptism_Records_1788-1824_1858-1898.docx,687,raw/fs_0687.png,9b2e5af27a3d4f363d3285baa2272cbdd992c5144e20b7e5329c44ab5ca327ab,dlstupka/hth-baptisms-san-antonio-1788-1824--1858-1898,61efff529fb7330a92f8d423c40c45bc60bb841c,dlstupka/hth,61efff529fb7330a92f8d423c40c45bc60bb841c,1786,1361,1.0,False,0,-0.25,0.0,0,0,0,0,0,0,0,0,1786,1361,154.333,65.352,221.0,3232.963,5.9176,0.149366,2e-06,0.225,0.599,0.0,False,False,False,False,False,False,0.775,review,very_small_content_region,
688,Baptisms_San_Antonio_Baptism_Records_1788-1824_1858-1898.docx,688,raw/fs_0688.png,852cceff255ef93c199b2083b34f0aae1051c87fe9a4b9f7fa91893d5497050e,dlstupka/hth-baptisms-san-antonio-1788-1824--1858-1898,61efff529fb7330a92f8d423c40c45bc60bb841c,dlstupka/hth,61efff529fb7330a92f8d423c40c45bc60bb841c,1786,1361,1.0,False,0,-0.25,0.0,0,0,0,0,0,0,0,0,1786,1361,154.73,67.001,221.0,3181.956,5.814,0.15368,5e-06,0.28,0.581,0.0,False,False,False,False,False,False,0.776,review,very_small_content_region,
689,Baptisms_San_Antonio_Baptism_Records_1788-1824_1858-1898.docx,689,raw/fs_0689.png,416417cb906114020f3669edfd01a25bcd7823576c915095d69a029c8960fb24,dlstupka/hth-baptisms-san-antonio-1788-1824--1858-1898,61efff529fb7330a92f8d423c40c45bc60bb841c,dlstupka/hth,61efff529fb7330a92f8d423c40c45bc60bb841c,1786,1361,1.0,False,0,-0.25,0.0,0,0,0,0,0,0,0,0,1786,1361,148.644,69.074,221.0,2865.952,5.7846,0.176373,1e-06,0.265,0.594,0.0,False,False,False,False,False,False,0.767,review,very_small_content_region,
690,Baptisms_San_Antonio_Baptism_Records_1788-1824_1858-1898.docx,690,raw/fs_0690.png,b5fb79f5fc359a40ded0f6a89faae4c89457379ee4a76f9fb76ef8efc99d61da,dlstupka/hth-baptisms-san-antonio-1788-1824--1858-1898,61efff529fb7330a92f8d423c40c45bc60bb841c,dlstupka/hth,61efff529fb7330a92f8d423c40c45bc60bb841c,1786,1361,1.0,False,0,-0.25,0.0,0,0,0,0,0,0,0,0,1786,1361,153.626,66.397,221.0,3441.136,5.8083,0.156524,3e-06,0.231,0.604,0.0,False,False,False,False,False,False,0.774,review,very_small_content_region,
691,Baptisms_San_Antonio_Baptism_Records_1788-1824_1858-1898.docx,691,raw/fs_0691.png,101054f86442e66dd20fb95ef0a64c457b92b24094a17c69228e5cf12a3edadf,dlstupka/hth-baptisms-san-antonio-1788-1824--1858-1898,61efff529fb7330a92f8d423c40c45bc60bb841c,dlstupka/hth,61efff529fb7330a92f8d423c40c45bc60bb841c,1786,1361,1.0,False,0,-0.25,0.0,0,0,0,0,0,0,0,0,1786,1361,134.294,79.318,221.0,3327.274,5.6757,0.260021,1e-06,0.496,0.567,0.0,False,False,False,False,False,False,0.746,review,very_small_content_region,
692,Baptisms_San_Antonio_Baptism_Records_1788-1824_1858-1898.docx,692,raw/fs_0692.png,0ba05d6787e5aaaeb3f6218209cd93ad709307f8aa7a923c0b590d71a72da89d,dlstupka/hth-baptisms-san-antonio-1788-1824--1858-1898,61efff529fb7330a92f8d423c40c45bc60bb841c,dlstupka/hth,61efff529fb7330a92f8d423c40c45bc60bb841c,1786,1361,1.0,False,0,-0.25,0.0,0,0,0,0,0,0,0,0,1786,1361,125.031,81.229,197.0,3776.363,5.6253,0.303928,7e-06,0.0,0.588,0.0,False,False,False,False,False,False,0.732,review,very_small_content_region,
693,Baptisms_San_Antonio_Baptism_Records_1788-1824_1858-1898.docx,693,raw/fs_0693.png,3a25526890e9bdfa7054f2dc42a57be61cd8f8d99330933d99dbeecba93a89ae,dlstupka/hth-baptisms-san-antonio-1788-1824--1858-1898,61efff529fb7330a92f8d423c40c45bc60bb841c,dlstupka/hth,61efff529fb7330a92f8d423c40c45bc60bb841c,1786,1361,1.0,False,0,-0.25,0.0,0,0,0,0,0,0,0,0,1786,1361,154.225,67.555,221.0,3881.475,5.9127,0.166046,6e-06,0.228,0.618,0.0,False,False,False,False,False,False,0.775,review,very_small_content_region,
694,Baptisms_San_Antonio_Baptism_Records_1788-1824_1858-1898.docx,694,raw/fs_0694.png,4addb6c72f271a977300f5317522eea74fd62048343837407ae0c63163172174,dlstupka/hth-baptisms-san-antonio-1788-1824--1858-1898,61efff529fb7330a92f8d423c40c45bc60bb841c,dlstupka/hth,61efff529fb7330a92f8d423c40c45bc60bb841c,1786,1361,1.0,False,0,-0.25,0.0,0,0,0,0,0,0,0,0,1786,1361,123.255,83.247,198.0,3755.189,5.6541,0.323562,6e-06,0.0,0.572,0.0,False,False,False,False,False,False,0.729,review,very_small_content_region,
695,Baptisms_San_Antonio_Baptism_Records_1788-1824_1858-1898.docx,695,raw/fs_0695.png,6f5c11921b3bf960081aedc1d2d59585d0c34e834fa26a0f7b40a2f16f4021a4,dlstupka/hth-baptisms-san-antonio-1788-1824--1858-1898,61efff529fb7330a92f8d423c40c45bc60bb841c,dlstupka/hth,61efff529fb7330a92f8d423c40c45bc60bb841c,1786,1361,1.0,False,0,-0.25,0.0,0,0,0,0,0,0,0,0,1786,1361,150.301,69.886,221.0,3761.762,5.9182,0.184249,4e-06,0.256,0.601,0.0,False,False,False,False,False,False,0.769,review,very_small_content_region,
696,Baptisms_San_Antonio_Baptism_Records_1788-1824_1858-1898.docx,696,raw/fs_0696.png,fcdd5a0b06fd00099573440311c2b52ccc5bb04f1bda4665a558e1b95ea4c372,dlstupka/hth-baptisms-san-antonio-1788-1824--1858-1898,61efff529fb7330a92f8d423c40c45bc60bb841c,dlstupka/hth,61efff529fb7330a92f8d423c40c45bc60bb841c,1786,1361,1.0,False,0,-0.25,0.0,0,0,0,0,0,0,0,0,1786,1361,131.57,81.595,205.0,3481.357,5.6719,0.28409,2e-06,0.0,0.581,0.0,False,False,False,False,False,False,0.742,review,very_small_content_region,
697,Baptisms_San_Antonio_Baptism_Records_1788-1824_1858-1898.docx,697,raw/fs_0697.png,3483e848cd6690a2fa175654e4be982253e973575c156ce93c95ac9ab2995575,dlstupka/hth-baptisms-san-antonio-1788-1824--1858-1898,61efff529fb7330a92f8d423c40c45bc60bb841c,dlstupka/hth,61efff529fb7330a92f8d423c40c45bc60bb841c,1786,1361,1.0,False,0,-0.25,0.0,0,0,0,0,0,0,0,0,1786,1361,126.958,82.304,203.0,3819.39,5.7323,0.303975,2e-06,0.0,0.604,0.0,False,False,False,False,False,False,0.735,review,very_small_content_region,
698,Baptisms_San_Antonio_Baptism_Records_1788-1824_1858-1898.docx,698,raw/fs_0698.png,56e1b77f4e728b8af3289070115a5c542e831b0377ac55d0e20165d2c4e1c47c,dlstupka/hth-baptisms-san-antonio-1788-1824--1858-1898,61efff529fb7330a92f8d423c40c45bc60bb841c,dlstupka/hth,61efff529fb7330a92f8d423c40c45bc60bb841c,1786,1361,1.0,False,0,-0.25,0.0,0,0,0,0,0,0,0,0,1786,1361,134.654,80.197,221.0,3674.029,5.7265,0.268939,5e-06,0.475,0.568,0.0,False,False,False,False,False,False,0.746,review,very_small_content_region,
699,Baptisms_San_Antonio_Baptism_Records_1788-1824_1858-1898.docx,699,raw/fs_0699.png,fe00502ff5838a8a2450c00794581a78b4d4804d508e43ed4363bd20342e16f1,dlstupka/hth-baptisms-san-antonio-1788-1824--1858-1898,61efff529fb7330a92f8d423c40c45bc60bb841c,dlstupka/hth,61efff529fb7330a92f8d423c40c45bc60bb841c,1786,1361,1.0,False,0,-0.25,0.0,0,0,0,0,0,0,0,0,1786,1361,159.86,63.525,221.0,4201.624,6.0218,0.14461,5e-06,0.254,0.613,0.0,False,False,False,False,False,False,0.783,review,very_small_content_region,
700,Baptisms_San_Antonio_Baptism_Records_1788-1824_1858-1898.docx,700,raw/fs_0700.png,b0abb1c688f6cef90956326fb31c2b127905cc37cb502b6d252e51c8fbff20c1,dlstupka/hth-baptisms-san-antonio-1788-1824--1858-1898,61efff529fb7330a92f8d423c40c45bc60bb841c,dlstupka/hth,61efff529fb7330a92f8d423c40c45bc60bb841c,1786,1361,1.0,False,0,-0.25,0.0,0,0,0,0,0,0,0,0,1786,1361,145.879,73.472,221.0,4005.077,6.0765,0.212519,1.3e-05,0.0,0.661,0.0,False,False,False,False,False,False,0.763,review,very_small_content_region,
701,Baptisms_San_Antonio_Baptism_Records_1788-1824_1858-1898.docx,701,raw/fs_0701.png,f392d7ba24f5c4342781de95f029ae53b621d824a3a47652fcff789c50ea4ade,dlstupka/hth-baptisms-san-antonio-1788-1824--1858-1898,61efff529fb7330a92f8d423c40c45bc60bb841c,dlstupka/hth,61efff529fb7330a92f8d423c40c45bc60bb841c,1786,1361,1.0,False,0,-0.25,0.0,0,0,0,0,0,0,0,0,1786,1361,146.047,71.596,221.0,3591.126,5.996,0.198153,7e-06,0.0,0.627,0.0,False,False,False,False,False,False,0.763,review,very_small_content_region,
702,Baptisms_San_Antonio_Baptism_Records_1788-1824_1858-1898.docx,702,raw/fs_0702.png,9bd631103fd1a0b997e563f4fbb37f77585f59b2e3e8628b39fdae8b45ed2c78,dlstupka/hth-baptisms-san-antonio-1788-1824--1858-1898,61efff529fb7330a92f8d423c40c45bc60bb841c,dlstupka/hth,61efff529fb7330a92f8d423c40c45bc60bb841c,1786,1361,1.0,False,0,-0.25,0.0,0,0,0,0,0,0,0,0,1786,1361,151.522,68.261,221.0,3618.038,5.9884,0.172622,6e-06,0.257,0.616,0.0,False,False,False,False,False,False,0.771,review,very_small_content_region,
703,Baptisms_San_Antonio_Baptism_Records_1788-1824_1858-1898.docx,703,raw/fs_0703.png,08b5659ce9800fc7956f1c4c3e1b72f12c396874d53f352d2e14560c6c034160,dlstupka/hth-baptisms-san-antonio-1788-1824--1858-1898,61efff529fb7330a92f8d423c40c45bc60bb841c,dlstupka/hth,61efff529fb7330a92f8d423c40c45bc60bb841c,1786,1361,1.0,False,0,-0.25,0.0,0,0,0,0,0,0,0,0,1786,1361,150.524,69.051,221.0,3678.159,5.9719,0.178197,1.2e-05,0.266,0.638,0.0,False,False,False,False,False,False,0.769,review,very_small_content_region,
704,Baptisms_San_Antonio_Baptism_Records_1788-1824_1858-1898.docx,704,raw/fs_0704.png,5f28f5e3ecd14fbea2388d984b8358ab7522a3ca555483d26b6c942927c9d350,dlstupka/hth-baptisms-san-antonio-1788-1824--1858-1898,61efff529fb7330a92f8d423c40c45bc60bb841c,dlstupka/hth,61efff529fb7330a92f8d423c40c45bc60bb841c,1786,1361,1.0,False,0,-0.25,0.0,0,0,0,0,0,0,0,0,1786,1361,120.566,81.574,193.0,3543.172,5.5563,0.325055,1e-06,0.0,0.57,0.0,False,False,False,False,False,False,0.725,review,very_small_content_region,
705,Baptisms_San_Antonio_Baptism_Records_1788-1824_1858-1898.docx,705,raw/fs_0705.png,54f49f32641195307454373002356857e7f44fa2ed37ed83a4aed8a588899d4b,dlstupka/hth-baptisms-san-antonio-1788-1824--1858-1898,61efff529fb7330a92f8d423c40c45bc60bb841c,dlstupka/hth,61efff529fb7330a92f8d423c40c45bc60bb841c,1786,1361,1.0,False,0,-0.25,0.0,0,0,0,0,0,0,0,0,1786,1361,161.098,62.433,221.0,3819.453,5.9679,0.135812,7e-06,0.214,0.589,0.0,False,False,False,False,False,False,0.785,review,very_small_content_region,
706,Baptisms_San_Antonio_Baptism_Records_1788-1824_1858-1898.docx,706,raw/fs_0706.png,e6e38a577dd90971c52df78909b8853c819d383248b5da5a8db12e29fbf3f7dc,dlstupka/hth-baptisms-san-antonio-1788-1824--1858-1898,61efff529fb7330a92f8d423c40c45bc60bb841c,dlstupka/hth,61efff529fb7330a92f8d423c40c45bc60bb841c,1786,1361,1.0,False,0,-0.25,0.0,0,0,0,0,0,0,0,0,1786,1361,127.955,83.364,221.0,4018.262,5.6558,0.30714,1.2e-05,0.294,0.592,0.0,False,False,False,False,False,False,0.736,review,very_small_content_region,
707,Baptisms_San_Antonio_Baptism_Records_1788-1824_1858-1898.docx,707,raw/fs_0707.png,bba454b8e6e93aa3456e4e16f8a579b8dea8df284e7d18b95d3156c6e401c672,dlstupka/hth-baptisms-san-antonio-1788-1824--1858-1898,61efff529fb7330a92f8d423c40c45bc60bb841c,dlstupka/hth,61efff529fb7330a92f8d423c40c45bc60bb841c,1786,1361,1.0,False,0,-0.25,0.0,0,0,0,0,0,0,0,0,1786,1361,143.628,74.878,221.0,4270.613,5.916,0.22536,1.1e-05,0.336,0.667,0.0,False,False,False,False,False,False,0.759,review,very_small_content_region,
708,Baptisms_San_Antonio_Baptism_Records_1788-1824_1858-1898.docx,708,raw/fs_0708.png,950a78aeeb794e33202afb84ddb345ba28ecc50f3f138cb2e18d6ca0d087b307,dlstupka/hth-baptisms-san-antonio-1788-1824--1858-1898,61efff529fb7330a92f8d423c40c45bc60bb841c,dlstupka/hth,61efff529fb7330a92f8d423c40c45bc60bb841c,1786,1361,1.0,False,0,-0.25,0.0,0,0,0,0,0,0,0,0,1786,1361,124.834,83.595,202.0,4077.167,5.7132,0.324845,9e-06,0.0,0.606,0.0,False,False,False,False,False,False,0.732,review,very_small_content_region,
709,Baptisms_San_Antonio_Baptism_Records_1788-1824_1858-1898.docx,709,raw/fs_0709.png,1d897fb28c9eb16db199d75b6f647ce737293ccee1c56cc075f7536bc9755288,dlstupka/hth-baptisms-san-antonio-1788-1824--1858-1898,61efff529fb7330a92f8d423c40c45bc60bb841c,dlstupka/hth,61efff529fb7330a92f8d423c40c45bc60bb841c,1786,1361,1.0,False,0,-0.25,0.0,0,0,0,0,0,0,0,0,1786,1361,118.959,82.095,195.0,4184.892,5.7801,0.339563,3e-06,0.0,0.594,0.0,False,False,False,False,False,False,0.723,review,very_small_content_region,
710,Baptisms_San_Antonio_Baptism_Records_1788-1824_1858-1898.docx,710,raw/fs_0710.png,ee7bf3c80ec459fe4cc4e1d0440c64a38cb77d770a243b04d6481056517c2989,dlstupka/hth-baptisms-san-antonio-1788-1824--1858-1898,61efff529fb7330a92f8d423c40c45bc60bb841c,dlstupka/hth,61efff529fb7330a92f8d423c40c45bc60bb841c,1786,1361,1.0,False,0,-0.25,0.0,0,0,0,0,0,0,0,0,1786,1361,148.515,71.21,221.0,3965.927,6.0203,0.196587,7e-06,0.27,0.643,0.0,False,False,False,False,False,False,0.766,review,very_small_content_region,
711,Baptisms_San_Antonio_Baptism_Records_1788-1824_1858-1898.docx,711,raw/fs_0711.png,05e487bfd76472b5ba62eb7f3592026b415d06af8ffa72a2080ffbc2337d13bf,dlstupka/hth-baptisms-san-antonio-1788-1824--1858-1898,61efff529fb7330a92f8d423c40c45bc60bb841c,dlstupka/hth,61efff529fb7330a92f8d423c40c45bc60bb841c,1786,1361,1.0,False,0,-0.25,0.0,0,0,0,0,0,0,0,0,1786,1361,122.672,82.729,198.0,3925.844,5.7666,0.326647,7e-06,0.0,0.591,0.0,False,False,False,False,False,False,0.729,review,very_small_content_region,
712,Baptisms_San_Antonio_Baptism_Records_1788-1824_1858-1898.docx,712,raw/fs_0712.png,e7fa5295632dcf0d7503cf54a5a51be046c843da89bfb5fe35aa7c5d31615c22,dlstupka/hth-baptisms-san-antonio-1788-1824--1858-1898,61efff529fb7330a92f8d423c40c45bc60bb841c,dlstupka/hth,61efff529fb7330a92f8d423c40c45bc60bb841c,1786,1361,1.0,False,0,-0.25,0.0,0,0,0,0,0,0,0,0,1786,1361,118.441,82.063,193.0,3884.155,5.6733,0.33989,5e-06,0.0,0.594,0.0,False,False,False,False,False,False,0.722,review,very_small_content_region,
713,Baptisms_San_Antonio_Baptism_Records_1788-1824_1858-1898.docx,713,raw/fs_0713.png,108deef418768b58a934f7e9a2ed6c868bb33ff739ebe6f612dd145ae4dcf96a,dlstupka/hth-baptisms-san-antonio-1788-1824--1858-1898,61efff529fb7330a92f8d423c40c45bc60bb841c,dlstupka/hth,61efff529fb7330a92f8d423c40c45bc60bb841c,1786,1361,1.0,False,0,-0.25,0.0,0,0,0,0,0,0,0,0,1786,1361,130.82,79.845,221.0,3649.608,5.7559,0.280331,4e-06,0.265,0.575,0.0,False,False,False,False,False,False,0.741,review,very_small_content_region,
714,Baptisms_San_Antonio_Baptism_Records_1788-1824_1858-1898.docx,714,raw/fs_0714.png,7c3173c5705a7663cae17b6ea79df3c262c01b4145f7021b9e528c7ed113a016,dlstupka/hth-baptisms-san-antonio-1788-1824--1858-1898,61efff529fb7330a92f8d423c40c45bc60bb841c,dlstupka/hth,61efff529fb7330a92f8d423c40c45bc60bb841c,1786,1361,1.0,False,0,-0.25,0.0,0,0,0,0,0,0,0,0,1786,1361,145.807,72.158,221.0,3929.559,5.9984,0.208266,1.1e-05,0.0,0.65,0.0,False,False,False,False,False,False,0.763,review,very_small_content_region,
715,Baptisms_San_Antonio_Baptism_Records_1788-1824_1858-1898.docx,715,raw/fs_0715.png,4ab9d9487c8656ab2a0c8e8133828c4b8c4e2700e5da1ca901f98561252534a3,dlstupka/hth-baptisms-san-antonio-1788-1824--1858-1898,61efff529fb7330a92f8d423c40c45bc60bb841c,dlstupka/hth,61efff529fb7330a92f8d423c40c45bc60bb841c,1786,1361,1.0,False,0,-0.25,0.0,0,0,0,0,0,0,0,0,1786,1361,124.528,82.263,198.0,3425.845,5.7136,0.311568,4e-06,0.0,0.549,0.0,False,False,False,False,False,False,0.731,review,very_small_content_region,
716,Baptisms_San_Antonio_Baptism_Records_1788-1824_1858-1898.docx,716,raw/fs_0716.png,43843b61aae7f050a9ebaaf9756144d5d38e6438b8504683f0ca7c4e7e157328,dlstupka/hth-baptisms-san-antonio-1788-1824--1858-1898,61efff529fb7330a92f8d423c40c45bc60bb841c,dlstupka/hth,61efff529fb7330a92f8d423c40c45bc60bb841c,1786,1361,1.0,False,0,-0.25,0.0,0,0,0,0,0,0,0,0,1786,1361,153.505,66.672,221.0,3725.037,6.0571,0.163138,7e-06,0.222,0.635,0.0,False,False,False,False,False,False,0.774,review,very_small_content_region,
717,Baptisms_San_Antonio_Baptism_Records_1788-1824_1858-1898.docx,717,raw/fs_0717.png,cea81f5b2b617c28cbe64baeb9a3dfcd42757360bbd2d5613744084878502462,dlstupka/hth-baptisms-san-antonio-1788-1824--1858-1898,61efff529fb7330a92f8d423c40c45bc60bb841c,dlstupka/hth,61efff529fb7330a92f8d423c40c45bc60bb841c,1786,1361,1.0,False,0,-0.25,0.0,0,0,0,0,0,0,0,0,1786,1361,125.597,82.687,213.0,3989.97,5.7966,0.314429,1e-05,0.0,0.609,0.0,False,False,False,False,False,False,0.733,review,very_small_content_region,
718,Baptisms_San_Antonio_Baptism_Records_1788-1824_1858-1898.docx,718,raw/fs_0718.png,0c7e4dcb1b65500824b8d715d2e8417a9458b2cc7aa391a8ebfb119d2fe3d56e,dlstupka/hth-baptisms-san-antonio-1788-1824--1858-1898,61efff529fb7330a92f8d423c40c45bc60bb841c,dlstupka/hth,61efff529fb7330a92f8d423c40c45bc60bb841c,1786,1361,1.0,False,0,-0.25,0.0,0,0,0,0,0,0,0,0,1786,1361,151.761,68.754,221.0,3913.053,6.1326,0.177483,1.2e-05,0.222,0.651,0.0,False,False,False,False,False,False,0.771,review,very_small_content_region,
719,Baptisms_San_Antonio_Baptism_Records_1788-1824_1858-1898.docx,719,raw/fs_0719.png,f9998dbb775609008294dae3ea4332e9f80d764089f160a86862d0d5aee1658c,dlstupka/hth-baptisms-san-antonio-1788-1824--1858-1898,61efff529fb7330a92f8d423c40c45bc60bb841c,dlstupka/hth,61efff529fb7330a92f8d423c40c45bc60bb841c,1786,1361,1.0,False,0,-0.25,0.0,0,0,0,0,0,0,0,0,1786,1361,123.936,82.762,200.0,3986.952,5.7881,0.319912,9e-06,0.0,0.594,0.0,False,False,False,False,False,False,0.73,review,very_small_content_region,
720,Baptisms_San_Antonio_Baptism_Records_1788-1824_1858-1898.docx,720,raw/fs_0720.png,69b08a1f0a2e2d520397ae130deb87811b684e0e3489302beef01f63e7a260a0,dlstupka/hth-baptisms-san-antonio-1788-1824--1858-1898,61efff529fb7330a92f8d423c40c45bc60bb841c,dlstupka/hth,61efff529fb7330a92f8d423c40c45bc60bb841c,1786,1361,1.0,False,0,-0.25,0.0,0,0,0,0,0,0,0,0,1786,1361,134.404,79.648,221.0,3465.654,5.865,0.268141,9e-06,0.479,0.547,0.0,False,False,False,False,False,False,0.746,review,very_small_content_region,
721,Baptisms_San_Antonio_Baptism_Records_1788-1824_1858-1898.docx,721,raw/fs_0721.png,f4093cef06552748174b4db7b54bec628373f52c56fea91a656371ecf5fd7bb6,dlstupka/hth-baptisms-san-antonio-1788-1824--1858-1898,61efff529fb7330a92f8d423c40c45bc60bb841c,dlstupka/hth,61efff529fb7330a92f8d423c40c45bc60bb841c,1786,1361,1.0,False,0,-0.25,0.0,0,0,0,0,0,0,0,0,1786,1361,124.902,81.902,197.0,3004.48,5.737,0.308229,2e-06,0.0,0.53,0.0,False,False,False,False,False,False,0.732,review,very_small_content_region,
722,Baptisms_San_Antonio_Baptism_Records_1788-1824_1858-1898.docx,722,raw/fs_0722.png,f63d81e1ded0b3eba08b3e86da3129fcd78730a0e6cd9c1f6a9fb5a85a068e73,dlstupka/hth-baptisms-san-antonio-1788-1824--1858-1898,61efff529fb7330a92f8d423c40c45bc60bb841c,dlstupka/hth,61efff529fb7330a92f8d423c40c45bc60bb841c,1786,1361,1.0,False,0,-0.25,0.0,0,0,0,0,0,0,0,0,1786,1361,126.996,81.816,201.0,3483.812,5.7965,0.303866,5e-06,0.0,0.59,0.0,False,False,False,False,False,False,0.735,review,very_small_content_region,
723,Baptisms_San_Antonio_Baptism_Records_1788-1824_1858-1898.docx,723,raw/fs_0723.png,4101cafe65e6a2efacb2b9b35495fdda4137c6fac200aacadd7d7ff011be6d35,dlstupka/hth-baptisms-san-antonio-1788-1824--1858-1898,61efff529fb7330a92f8d423c40c45bc60bb841c,dlstupka/hth,61efff529fb7330a92f8d423c40c45bc60bb841c,1786,1361,1.0,False,0,-0.25,0.0,0,0,0,0,0,0,0,0,1786,1361,133.986,81.094,221.0,3432.851,5.7282,0.27551,2e-06,0.438,0.586,0.0,False,False,False,False,False,False,0.745,review,very_small_content_region,
724,Baptisms_San_Antonio_Baptism_Records_1788-1824_1858-1898.docx,724,raw/fs_0724.png,d2f831c3b801e6d3b1c8c98c7cab21198107555453156fc9b6ea175d5d41254a,dlstupka/hth-baptisms-san-antonio-1788-1824--1858-1898,61efff529fb7330a92f8d423c40c45bc60bb841c,dlstupka/hth,61efff529fb7330a92f8d423c40c45bc60bb841c,1786,1361,1.0,False,0,-0.25,0.0,0,0,0,0,0,0,0,0,1786,1361,122.263,83.563,201.0,3577.064,5.6586,0.331699,5e-06,0.0,0.575,0.0,False,False,False,False,False,False,0.728,review,very_small_content_region,
725,Baptisms_San_Antonio_Baptism_Records_1788-1824_1858-1898.docx,725,raw/fs_0725.png,b6f019583b1b52d05e8bbd4989bebddc1a96196dfbd48abf0cc197c6738dcf21,dlstupka/hth-baptisms-san-antonio-1788-1824--1858-1898,61efff529fb7330a92f8d423c40c45bc60bb841c,dlstupka/hth,61efff529fb7330a92f8d423c40c45bc60bb841c,1786,1361,1.0,False,0,-0.25,0.0,0,0,0,0,0,0,0,0,1786,1361,126.809,81.598,199.0,3124.385,5.7784,0.302692,6e-06,0.0,0.548,0.0,False,False,False,False,False,False,0.735,review,very_small_content_region,
726,Baptisms_San_Antonio_Baptism_Records_1788-1824_1858-1898.docx,726,raw/fs_0726.png,9d59b8ba23d61e2637ef35f19991c4f28c118b734831235a3e745b3b453bf67c,dlstupka/hth-baptisms-san-antonio-1788-1824--1858-1898,61efff529fb7330a92f8d423c40c45bc60bb841c,dlstupka/hth,61efff529fb7330a92f8d423c40c45bc60bb841c,1786,1361,1.0,False,0,-0.25,0.0,0,0,0,0,0,0,0,0,1786,1361,130.104,80.695,207.0,3265.188,5.7703,0.286862,2e-06,0.0,0.588,0.0,False,False,False,False,False,False,0.739,review,very_small_content_region,
727,Baptisms_San_Antonio_Baptism_Records_1788-1824_1858-1898.docx,727,raw/fs_0727.png,745c304625d31bf171c98714d68e7304f9ad8668172a001ef8b9dc98b7a7b657,dlstupka/hth-baptisms-san-antonio-1788-1824--1858-1898,61efff529fb7330a92f8d423c40c45bc60bb841c,dlstupka/hth,61efff529fb7330a92f8d423c40c45bc60bb841c,1786,1361,1.0,False,0,-0.25,0.0,0,0,0,0,0,0,0,0,1786,1361,118.231,80.645,193.0,2963.968,5.7981,0.332569,1e-06,0.405,0.546,0.0,False,False,False,False,False,False,0.722,review,very_small_content_region,
728,Baptisms_San_Antonio_Baptism_Records_1788-1824_1858-1898.docx,728,raw/fs_0728.png,812fdb781074daeca7e2f872e8c837e2a3b2375718c0ab5826df3489ca5ab135,dlstupka/hth-baptisms-san-antonio-1788-1824--1858-1898,61efff529fb7330a92f8d423c40c45bc60bb841c,dlstupka/hth,61efff529fb7330a92f8d423c40c45bc60bb841c,1786,1361,1.0,False,0,-0.25,0.0,0,0,0,0,0,0,0,0,1786,1361,119.196,79.678,193.0,3036.347,5.9063,0.324755,2e-06,0.39,0.544,0.0,False,False,False,False,False,False,0.723,review,very_small_content_region,
729,Baptisms_San_Antonio_Baptism_Records_1788-1824_1858-1898.docx,729,raw/fs_0729.png,817c578b502ed23953477e840a13a5932f02140599c55984bc96870efb2004a7,dlstupka/hth-baptisms-san-antonio-1788-1824--1858-1898,61efff529fb7330a92f8d423c40c45bc60bb841c,dlstupka/hth,61efff529fb7330a92f8d423c40c45bc60bb841c,1786,1361,1.0,False,0,-0.25,0.0,168,80,1519,1308,1351,1228,168,80,267,53,170.256,33.056,96.0,2940.441,5.9938,0.036364,1e-06,0.058,0.485,0.682518,False,False,False,False,False,False,0.844,pass,,
730,Baptisms_San_Antonio_Baptism_Records_1788-1824_1858-1898.docx,730,raw/fs_0730.png,426c3d5d2794a20e3675a412bdc1e8bb887fb6464ff254c7e75a6706bbcc0191,dlstupka/hth-baptisms-san-antonio-1788-1824--1858-1898,61efff529fb7330a92f8d423c40c45bc60bb841c,dlstupka/hth,61efff529fb7330a92f8d423c40c45bc60bb841c,1786,1361,1.0,False,0,-0.25,0.0,0,0,0,0,0,0,0,0,1786,1361,135.972,71.14,192.0,3071.207,6.0732,0.230919,0.0,0.279,0.565,0.0,False,False,False,False,False,False,0.748,review,very_small_content_region,
731,Baptisms_San_Antonio_Baptism_Records_1788-1824_1858-1898.docx,731,raw/fs_0731.png,bd3c5a002f07c89e44e50377abecaa8a91fe3b7c8e56b864030fd61bb4fbc78e,dlstupka/hth-baptisms-san-antonio-1788-1824--1858-1898,61efff529fb7330a92f8d423c40c45bc60bb841c,dlstupka/hth,61efff529fb7330a92f8d423c40c45bc60bb841c,1786,1361,1.0,False,0,-0.25,0.0,100,86,1532,1314,1432,1228,100,86,254,47,160.978,45.887,152.0,3838.563,6.2965,0.088482,3e-06,0.0,0.6,0.723439,False,False,False,False,False,False,0.894,pass,,
732,Baptisms_San_Antonio_Baptism_Records_1788-1824_1858-1898.docx,732,raw/fs_0732.png,dec605fc88bc579b23a3b7f8ee37ceafc07ef4799c9955b8d42c89deb1c7e9cd,dlstupka/hth-baptisms-san-antonio-1788-1824--1858-1898,61efff529fb7330a92f8d423c40c45bc60bb841c,dlstupka/hth,61efff529fb7330a92f8d423c40c45bc60bb841c,1786,1361,1.0,False,0,-0.25,0.0,0,0,0,0,0,0,0,0,1786,1361,115.763,80.61,192.0,4043.249,5.9103,0.348817,5e-06,0.397,0.618,0.0,False,False,False,False,False,False,0.718,review,very_small_content_region,
733,Baptisms_San_Antonio_Baptism_Records_1788-1824_1858-1898.docx,733,raw/fs_0733.png,c9410b12cc77bd039167b1f5475d3b2890caee5cf7e7e7df72c946bda8f99605,dlstupka/hth-baptisms-san-antonio-1788-1824--1858-1898,61efff529fb7330a92f8d423c40c45bc60bb841c,dlstupka/hth,61efff529fb7330a92f8d423c40c45bc60bb841c,1786,1361,1.0,False,0,-0.25,0.0,0,0,0,0,0,0,0,0,1786,1361,141.437,72.783,221.0,3067.921,5.9761,0.219921,2e-06,0.354,0.566,0.0,False,False,False,False,False,False,0.756,review,very_small_content_region,
734,Baptisms_San_Antonio_Baptism_Records_1788-1824_1858-1898.docx,734,raw/fs_0734.png,a620c7df64dcb624e0c771c5b97e5f8252a18146e4c19ed996fabfdd772da05a,dlstupka/hth-baptisms-san-antonio-1788-1824--1858-1898,61efff529fb7330a92f8d423c40c45bc60bb841c,dlstupka/hth,61efff529fb7330a92f8d423c40c45bc60bb841c,1786,1361,1.0,False,0,-0.25,0.0,0,0,0,0,0,0,0,0,1786,1361,123.45,80.221,194.0,3079.306,5.861,0.310687,3e-06,0.0,0.532,0.0,False,False,False,False,False,False,0.73,review,very_small_content_region,
735,Baptisms_San_Antonio_Baptism_Records_1788-1824_1858-1898.docx,735,raw/fs_0735.png,01613343375ce3c04f373c4d5b0e8044aee22cf499fbe71528e4d24c162b765c,dlstupka/hth-baptisms-san-antonio-1788-1824--1858-1898,61efff529fb7330a92f8d423c40c45bc60bb841c,dlstupka/hth,61efff529fb7330a92f8d423c40c45bc60bb841c,1786,1361,1.0,False,0,-0.25,0.0,0,0,0,0,0,0,0,0,1786,1361,129.727,78.759,201.0,2773.627,5.8652,0.279603,0.0,0.0,0.523,0.0,False,False,False,False,False,False,0.739,review,very_small_content_region,
736,Baptisms_San_Antonio_Baptism_Records_1788-1824_1858-1898.docx,736,raw/fs_0736.png,9423d9a16402b9b9df4bb7b27b5dd187c6f932eb9eba36247c220ff81f6089c5,dlstupka/hth-baptisms-san-antonio-1788-1824--1858-1898,61efff529fb7330a92f8d423c40c45bc60bb841c,dlstupka/hth,61efff529fb7330a92f8d423c40c45bc60bb841c,1786,1361,1.0,False,0,-0.25,0.0,0,0,0,0,0,0,0,0,1786,1361,120.992,79.102,193.0,3433.938,5.9668,0.316035,1e-06,0.0,0.578,0.0,False,False,False,False,False,False,0.726,review,very_small_content_region,
737,Baptisms_San_Antonio_Baptism_Records_1788-1824_1858-1898.docx,737,raw/fs_0737.png,0dd8214f3e8658d2ff1f510e2af1647ca68e681910e989ed4ab8d4c1b25a3948,dlstupka/hth-baptisms-san-antonio-1788-1824--1858-1898,61efff529fb7330a92f8d423c40c45bc60bb841c,dlstupka/hth,61efff529fb7330a92f8d423c40c45bc60bb841c,1786,1361,1.0,False,0,-0.25,0.0,0,0,0,0,0,0,0,0,1786,1361,138.489,68.532,195.0,3848.827,6.3608,0.21707,0.0,0.0,0.66,0.0,False,False,False,False,False,False,0.752,review,very_small_content_region,
738,Baptisms_San_Antonio_Baptism_Records_1788-1824_1858-1898.docx,738,raw/fs_0738.png,304c321423cd0665231632d4d01ebcdb235870ecf748949583e0c8e2f7f36304,dlstupka/hth-baptisms-san-antonio-1788-1824--1858-1898,61efff529fb7330a92f8d423c40c45bc60bb841c,dlstupka/hth,61efff529fb7330a92f8d423c40c45bc60bb841c,1786,1361,1.0,False,0,-0.25,0.0,90,78,1580,1314,1490,1236,90,78,206,47,153.618,52.08,170.0,4534.701,6.5775,0.126299,1e-06,0.0,0.68,0.757644,False,False,False,False,False,False,0.914,pass,,
739,Baptisms_San_Antonio_Baptism_Records_1788-1824_1858-1898.docx,739,raw/fs_0739.png,9d7968960e9097e94207a8ea12261bc981dc3032f07d27531f99dd2b404e8eaf,dlstupka/hth-baptisms-san-antonio-1788-1824--1858-1898,61efff529fb7330a92f8d423c40c45bc60bb841c,dlstupka/hth,61efff529fb7330a92f8d423c40c45bc60bb841c,1786,1361,1.0,False,0,-0.25,0.0,0,0,0,0,0,0,0,0,1786,1361,117.996,80.442,193.0,3784.547,5.9022,0.338017,2e-06,0.08,0.588,0.0,False,False,False,False,False,False,0.722,review,very_small_content_region,
740,Baptisms_San_Antonio_Baptism_Records_1788-1824_1858-1898.docx,740,raw/fs_0740.png,8fd94532fd905f8de04918eaad55ab71994c88c12f02b0157c4a546dd467cc17,dlstupka/hth-baptisms-san-antonio-1788-1824--1858-1898,61efff529fb7330a92f8d423c40c45bc60bb841c,dlstupka/hth,61efff529fb7330a92f8d423c40c45bc60bb841c,1786,1361,1.0,False,0,-0.25,0.0,95,79,1586,1311,1491,1232,95,79,200,50,156.131,51.744,170.0,4332.604,6.4939,0.11926,6e-06,0.0,0.642,0.755699,False,False,False,False,False,False,0.916,pass,,
741,Baptisms_San_Antonio_Baptism_Records_1788-1824_1858-1898.docx,741,raw/fs_0741.png,66f95bcf5423480cbfd74dc6a3a9614250990b7b8b16d6590f86002509bc34d9,dlstupka/hth-baptisms-san-antonio-1788-1824--1858-1898,61efff529fb7330a92f8d423c40c45bc60bb841c,dlstupka/hth,61efff529fb7330a92f8d423c40c45bc60bb841c,1786,1361,1.0,False,0,-0.25,0.0,0,0,0,0,0,0,0,0,1786,1361,120.166,80.463,193.0,3521.812,5.8698,0.326097,2e-06,0.18,0.561,0.0,False,False,False,False,False,False,0.725,review,very_small_content_region,
742,Baptisms_San_Antonio_Baptism_Records_1788-1824_1858-1898.docx,742,raw/fs_0742.png,baca1c7a34a40d89e3bee8db2872113957f9e453b0b77f30dbdd112ee2122924,dlstupka/hth-baptisms-san-antonio-1788-1824--1858-1898,61efff529fb7330a92f8d423c40c45bc60bb841c,dlstupka/hth,61efff529fb7330a92f8d423c40c45bc60bb841c,1786,1361,1.0,False,0,-0.25,0.0,0,0,0,0,0,0,0,0,1786,1361,118.077,80.948,193.0,3407.907,5.8841,0.338618,4e-06,0.551,0.542,0.0,False,False,False,False,False,False,0.722,review,very_small_content_region,
743,Baptisms_San_Antonio_Baptism_Records_1788-1824_1858-1898.docx,743,raw/fs_0743.png,3eebf79a97cea93bc2f8fa48cc93e913f7aa6a799f695a1fbb8312beb6f9a591,dlstupka/hth-baptisms-san-antonio-1788-1824--1858-1898,61efff529fb7330a92f8d423c40c45bc60bb841c,dlstupka/hth,61efff529fb7330a92f8d423c40c45bc60bb841c,1786,1361,1.0,False,0,-0.25,0.0,863,43,1481,1187,618,1144,863,43,305,174,170.067,35.497,114.0,5064.943,5.9299,0.04945,6e-06,0.557,0.652,0.290854,False,False,False,False,False,False,0.856,pass,,
744,Baptisms_San_Antonio_Baptism_Records_1788-1824_1858-1898.docx,744,raw/fs_0744.png,e24f0b9dc0afeb96a1445f6c8f231e8c230c15a8e14615bca047365419fffab6,dlstupka/hth-baptisms-san-antonio-1788-1824--1858-1898,61efff529fb7330a92f8d423c40c45bc60bb841c,dlstupka/hth,61efff529fb7330a92f8d423c40c45bc60bb841c,1786,1361,1.0,False,0,-0.25,0.0,94,74,1534,1309,1440,1235,94,74,252,52,162.516,49.29,162.0,4536.989,6.4959,0.09878,8e-06,0.0,0.65,0.731627,False,False,False,False,False,False,0.913,pass,,
745,Baptisms_San_Antonio_Baptism_Records_1788-1824_1858-1898.docx,745,raw/fs_0745.png,77f82661d186cfc47d80d8e315bb7f94625d3c6f0fb17747cb1d2e5714ed92fb,dlstupka/hth-baptisms-san-antonio-1788-1824--1858-1898,61efff529fb7330a92f8d423c40c45bc60bb841c,dlstupka/hth,61efff529fb7330a92f8d423c40c45bc60bb841c,1786,1361,1.0,False,0,-0.25,0.0,147,76,1524,1309,1377,1233,147,76,262,52,166.23,40.155,129.0,4012.036,6.1875,0.064318,6e-06,0.0,0.596,0.698486,False,False,False,False,False,False,0.873,pass,,
746,Baptisms_San_Antonio_Baptism_Records_1788-1824_1858-1898.docx,746,raw/fs_0746.png,90bcb3139af57fa9e7f1e9358bb614a94c6c2096544f271cf19f1d78ea8d352f,dlstupka/hth-baptisms-san-antonio-1788-1824--1858-1898,61efff529fb7330a92f8d423c40c45bc60bb841c,dlstupka/hth,61efff529fb7330a92f8d423c40c45bc60bb841c,1786,1361,1.0,False,0,-0.25,0.0,136,80,1500,1312,1364,1232,136,80,286,49,165.266,40.159,130.0,4359.97,6.2113,0.066395,3e-06,0.0,0.626,0.69133,False,False,False,False,False,False,0.872,pass,,
747,Baptisms_San_Antonio_Baptism_Records_1788-1824_1858-1898.docx,747,raw/fs_0747.png,81d9a8bbce627cba53a31087b43dd2bd389da41844f56e2d62f234539f90eaa7,dlstupka/hth-baptisms-san-antonio-1788-1824--1858-1898,61efff529fb7330a92f8d423c40c45bc60bb841c,dlstupka/hth,61efff529fb7330a92f8d423c40c45bc60bb841c,1786,1361,1.0,False,0,-0.25,0.0,86,77,1572,1312,1486,1235,86,77,214,49,156.899,50.815,167.0,4336.875,6.5382,0.113115,5e-06,0.0,0.636,0.754999,False,False,False,False,False,False,0.913,pass,,
748,Baptisms_San_Antonio_Baptism_Records_1788-1824_1858-1898.docx,748,raw/fs_0748.png,80ea43badd5f4b5b741475608c477aff859f359fdfdd2b166d4d83e501b62b57,dlstupka/hth-baptisms-san-antonio-1788-1824--1858-1898,61efff529fb7330a92f8d423c40c45bc60bb841c,dlstupka/hth,61efff529fb7330a92f8d423c40c45bc60bb841c,1786,1361,1.0,False,0,-0.25,0.0,174,81,1504,1301,1330,1220,174,81,282,60,167.895,37.025,116.0,4580.235,6.2556,0.050769,3e-06,0.213,0.64,0.667532,False,False,False,False,False,False,0.86,pass,,
749,Baptisms_San_Antonio_Baptism_Records_1788-1824_1858-1898.docx,749,raw/fs_0749.png,460f13d742a2f7d59982c7378fe5f4a3192ae935aad0f243a5b46cd547cfabc8,dlstupka/hth-baptisms-san-antonio-1788-1824--1858-1898,61efff529fb7330a92f8d423c40c45bc60bb841c,dlstupka/hth,61efff529fb7330a92f8d423c40c45bc60bb841c,1786,1361,1.0,False,0,-0.25,0.0,156,72,1528,1304,1372,1232,156,72,258,57,164.916,41.421,133.0,4537.553,6.2973,0.069909,1e-06,0.0,0.662,0.695385,False,False,False,False,False,False,0.878,pass,,
750,Baptisms_San_Antonio_Baptism_Records_1788-1824_1858-1898.docx,750,raw/fs_0750.png,8f565ce68abee97867a9112192825bd30cef6d9220de5cd2605dc61f760f4052,dlstupka/hth-baptisms-san-antonio-1788-1824--1858-1898,61efff529fb7330a92f8d423c40c45bc60bb841c,dlstupka/hth,61efff529fb7330a92f8d423c40c45bc60bb841c,1786,1361,1.0,False,0,-0.25,0.0,0,0,0,0,0,0,0,0,1786,1361,137.06,70.722,193.0,2827.723,6.2123,0.225805,2e-06,0.234,0.566,0.0,False,False,False,False,False,False,0.75,review,very_small_content_region,
751,Baptisms_San_Antonio_Baptism_Records_1788-1824_1858-1898.docx,751,raw/fs_0751.png,2ff24fdf95b75aa7e74000e2626b15ee09db08c1e9817798bb7e431b8adb9a03,dlstupka/hth-baptisms-san-antonio-1788-1824--1858-1898,61efff529fb7330a92f8d423c40c45bc60bb841c,dlstupka/hth,61efff529fb7330a92f8d423c40c45bc60bb841c,1786,1361,1.0,False,0,-0.25,0.0,0,0,0,0,0,0,0,0,1786,1361,121.35,80.234,193.0,3197.762,5.9201,0.320537,2e-06,0.149,0.554,0.0,False,False,False,False,False,False,0.727,review,very_small_content_region,
752,Baptisms_San_Antonio_Baptism_Records_1788-1824_1858-1898.docx,752,raw/fs_0752.png,7a2acc6b68ee70a7aa96c9633c41b54d1172ec6fb8d0761ecf5dd98d61065900,dlstupka/hth-baptisms-san-antonio-1788-1824--1858-1898,61efff529fb7330a92f8d423c40c45bc60bb841c,dlstupka/hth,61efff529fb7330a92f8d423c40c45bc60bb841c,1786,1361,1.0,False,0,-0.25,0.0,163,79,1534,1311,1371,1232,163,79,252,50,168.503,39.423,125.0,3911.786,6.1159,0.059384,2e-06,0.0,0.586,0.694878,False,False,False,False,False,False,0.873,pass,,
753,Baptisms_San_Antonio_Baptism_Records_1788-1824_1858-1898.docx,753,raw/fs_0753.png,63549de45bdbf5665816964b04efca3a76a099c428fb193f71c749d4b269e511,dlstupka/hth-baptisms-san-antonio-1788-1824--1858-1898,61efff529fb7330a92f8d423c40c45bc60bb841c,dlstupka/hth,61efff529fb7330a92f8d423c40c45bc60bb841c,1786,1361,1.0,False,0,-0.25,0.0,90,77,1593,1316,1503,1239,90,77,193,45,153.772,54.79,178.0,4869.247,6.5508,0.138458,7e-06,0.0,0.684,0.766109,False,False,False,False,False,False,0.928,pass,,
754,Baptisms_San_Antonio_Baptism_Records_1788-1824_1858-1898.docx,754,raw/fs_0754.png,0568fb2ab09abf92d82bce6e1975fee36be1ce816e3d1790596a4ae61753fbd6,dlstupka/hth-baptisms-san-antonio-1788-1824--1858-1898,61efff529fb7330a92f8d423c40c45bc60bb841c,dlstupka/hth,61efff529fb7330a92f8d423c40c45bc60bb841c,1786,1361,1.0,False,0,-0.25,0.0,0,0,0,0,0,0,0,0,1786,1361,121.402,80.764,193.0,2982.965,5.865,0.322276,2e-06,0.594,0.508,0.0,False,False,False,False,False,False,0.727,review,very_small_content_region,
755,Baptisms_San_Antonio_Baptism_Records_1788-1824_1858-1898.docx,755,raw/fs_0755.png,7b34c5f4fc18346b53db7e4d6825b2a7b46db2f0a7616d6f86aa88f262007723,dlstupka/hth-baptisms-san-antonio-1788-1824--1858-1898,61efff529fb7330a92f8d423c40c45bc60bb841c,dlstupka/hth,61efff529fb7330a92f8d423c40c45bc60bb841c,1786,1361,1.0,False,0,-0.25,0.0,0,0,0,0,0,0,0,0,1786,1361,143.368,69.262,199.0,3784.272,6.2623,0.208039,7e-06,0.0,0.652,0.0,False,False,False,False,False,False,0.759,review,very_small_content_region,
756,Baptisms_San_Antonio_Baptism_Records_1788-1824_1858-1898.docx,756,raw/fs_0756.png,bc74de1f79db8de2951887e70ee43dd749c55dd866dc4fe34b7b563c4ed6b7af,dlstupka/hth-baptisms-san-antonio-1788-1824--1858-1898,61efff529fb7330a92f8d423c40c45bc60bb841c,dlstupka/hth,61efff529fb7330a92f8d423c40c45bc60bb841c,1786,1361,1.0,False,0,-0.25,0.0,0,0,0,0,0,0,0,0,1786,1361,140.829,71.273,195.0,2754.183,6.0992,0.218063,2e-06,0.264,0.555,0.0,False,False,False,False,False,False,0.755,review,very_small_content_region,
757,Baptisms_San_Antonio_Baptism_Records_1788-1824_1858-1898.docx,757,raw/fs_0757.png,759a7c05981243259e04dcc3802d40b87c769b09208a023ffa575124a85a0e8d,dlstupka/hth-baptisms-san-antonio-1788-1824--1858-1898,61efff529fb7330a92f8d423c40c45bc60bb841c,dlstupka/hth,61efff529fb7330a92f8d423c40c45bc60bb841c,1786,1361,1.0,False,0,-0.25,0.0,94,76,1587,1304,1493,1228,94,76,199,57,156.729,52.54,175.0,3900.742,6.3905,0.120433,1e-06,0.0,0.644,0.754256,False,False,False,False,False,False,0.921,pass,,
758,Baptisms_San_Antonio_Baptism_Records_1788-1824_1858-1898.docx,758,raw/fs_0758.png,72acde6142fdc0df5a3f6027dbfb456069ff543c2b639e523732a6f61070d6c3,dlstupka/hth-baptisms-san-antonio-1788-1824--1858-1898,61efff529fb7330a92f8d423c40c45bc60bb841c,dlstupka/hth,61efff529fb7330a92f8d423c40c45bc60bb841c,1786,1361,1.0,False,0,-0.25,0.0,0,0,0,0,0,0,0,0,1786,1361,120.742,80.017,192.0,3053.22,5.9154,0.323483,1e-06,0.141,0.564,0.0,False,False,False,False,False,False,0.726,review,very_small_content_region,
759,Baptisms_San_Antonio_Baptism_Records_1788-1824_1858-1898.docx,759,raw/fs_0759.png,e57d953c48b5a5a7fcdd92fbe5cd576a4993b0d9f1bab76d74894f91308c6c2b,dlstupka/hth-baptisms-san-antonio-1788-1824--1858-1898,61efff529fb7330a92f8d423c40c45bc60bb841c,dlstupka/hth,61efff529fb7330a92f8d423c40c45bc60bb841c,1786,1361,1.0,False,0,-0.25,0.0,0,0,0,0,0,0,0,0,1786,1361,136.663,74.321,201.0,3000.032,5.9909,0.24015,2e-06,0.0,0.579,0.0,False,False,False,False,False,False,0.749,review,very_small_content_region,
760,Baptisms_San_Antonio_Baptism_Records_1788-1824_1858-1898.docx,760,raw/fs_0760.png,91badf7d53c9412c44ebf298eb2c041789f3ed4c7580259a46b4f0d050199f86,dlstupka/hth-baptisms-san-antonio-1788-1824--1858-1898,61efff529fb7330a92f8d423c40c45bc60bb841c,dlstupka/hth,61efff529fb7330a92f8d423c40c45bc60bb841c,1786,1361,1.0,False,0,-0.25,0.0,0,0,0,0,0,0,0,0,1786,1361,121.686,79.102,192.0,3208.049,5.9322,0.315317,3e-06,0.0,0.567,0.0,False,False,False,False,False,False,0.727,review,very_small_content_region,
761,Baptisms_San_Antonio_Baptism_Records_1788-1824_1858-1898.docx,761,raw/fs_0761.png,ee76b7752e1daf25897e1fb68c3a8d22083d75373d8fb1ceb15754cf18818916,dlstupka/hth-baptisms-san-antonio-1788-1824--1858-1898,61efff529fb7330a92f8d423c40c45bc60bb841c,dlstupka/hth,61efff529fb7330a92f8d423c40c45bc60bb841c,1786,1361,1.0,False,0,-0.25,0.0,153,73,1582,1307,1429,1234,153,73,204,54,161.914,45.872,146.0,3861.769,6.2781,0.090562,2e-06,0.0,0.605,0.725451,False,False,False,False,False,False,0.896,pass,,
762,Baptisms_San_Antonio_Baptism_Records_1788-1824_1858-1898.docx,762,raw/fs_0762.png,6dc3b204e0661475770d681cd5662dc2598691570438df38247b08ebd1242d84,dlstupka/hth-baptisms-san-antonio-1788-1824--1858-1898,61efff529fb7330a92f8d423c40c45bc60bb841c,dlstupka/hth,61efff529fb7330a92f8d423c40c45bc60bb841c,1786,1361,1.0,False,0,-0.25,0.0,0,0,0,0,0,0,0,0,1786,1361,123.742,79.795,193.0,3226.446,5.9073,0.312876,3e-06,0.0,0.539,0.0,False,False,False,False,False,False,0.73,review,very_small_content_region,
763,Baptisms_San_Antonio_Baptism_Records_1788-1824_1858-1898.docx,763,raw/fs_0763.png,2f35cbea20157e75c83f5872ec5bc2551fc4d7b2448c82c5835a3c649cdc186f,dlstupka/hth-baptisms-san-antonio-1788-1824--1858-1898,61efff529fb7330a92f8d423c40c45bc60bb841c,dlstupka/hth,61efff529fb7330a92f8d423c40c45bc60bb841c,1786,1361,1.0,False,0,-0.25,0.0,152,79,1583,1312,1431,1233,152,79,203,49,159.874,47.021,153.0,3517.473,6.2675,0.096492,1e-06,0.0,0.581,0.725877,False,False,False,False,False,False,0.898,pass,,
764,Baptisms_San_Antonio_Baptism_Records_1788-1824_1858-1898.docx,764,raw/fs_0764.png,096ea949bbe55309d6a76302b5dbc1e430eb90525214dd36177e2436a7d65763,dlstupka/hth-baptisms-san-antonio-1788-1824--1858-1898,61efff529fb7330a92f8d423c40c45bc60bb841c,dlstupka/hth,61efff529fb7330a92f8d423c40c45bc60bb841c,1786,1361,1.0,False,0,-0.25,0.0,0,0,0,0,0,0,0,0,1786,1361,136.802,74.362,195.0,2684.158,5.9027,0.244517,0.0,0.0,0.522,0.0,False,False,False,False,False,False,0.749,review,very_small_content_region,
765,Baptisms_San_Antonio_Baptism_Records_1788-1824_1858-1898.docx,765,raw/fs_0765.png,cac9574d702d0cc2e9f78a96eb6c9334d18f1f2b5c8cc9397990d736285c6431,dlstupka/hth-baptisms-san-antonio-1788-1824--1858-1898,61efff529fb7330a92f8d423c40c45bc60bb841c,dlstupka/hth,61efff529fb7330a92f8d423c40c45bc60bb841c,1786,1361,1.0,False,0,-0.25,0.0,140,79,1581,1316,1441,1237,140,79,205,45,161.178,48.162,157.0,3814.991,6.2131,0.102244,2e-06,0.0,0.611,0.733321,False,False,False,False,False,False,0.906,pass,,
766,Baptisms_San_Antonio_Baptism_Records_1788-1824_1858-1898.docx,766,raw/fs_0766.png,db84e8f8ef3ef4298efbdec1820dc5b05abf1327d271a57e6ac3efba40f7c6f6,dlstupka/hth-baptisms-san-antonio-1788-1824--1858-1898,61efff529fb7330a92f8d423c40c45bc60bb841c,dlstupka/hth,61efff529fb7330a92f8d423c40c45bc60bb841c,1786,1361,1.0,False,0,-0.25,0.0,134,72,1584,1307,1450,1235,134,72,202,54,163.513,47.455,157.0,3029.014,6.1221,0.09355,1e-06,0.0,0.511,0.736708,False,False,False,False,False,False,0.906,pass,,
767,Baptisms_San_Antonio_Baptism_Records_1788-1824_1858-1898.docx,767,raw/fs_0767.png,6b531a823ec6521594d8a933d511f832c04e5409a14f8029076b17451992d852,dlstupka/hth-baptisms-san-antonio-1788-1824--1858-1898,61efff529fb7330a92f8d423c40c45bc60bb841c,dlstupka/hth,61efff529fb7330a92f8d423c40c45bc60bb841c,1786,1361,1.0,False,0,-0.25,0.0,151,75,1583,1310,1432,1235,151,75,203,51,159.745,47.885,155.0,3952.047,6.2528,0.102947,2e-06,0.0,0.629,0.727563,False,False,False,False,False,False,0.902,pass,,
768,Baptisms_San_Antonio_Baptism_Records_1788-1824_1858-1898.docx,768,raw/fs_0768.png,b4e9e759f9b855782471f46d6f3f81ed073a74a25d93c9eac7bf5757712f0a71,dlstupka/hth-baptisms-san-antonio-1788-1824--1858-1898,61efff529fb7330a92f8d423c40c45bc60bb841c,dlstupka/hth,61efff529fb7330a92f8d423c40c45bc60bb841c,1786,1361,1.0,False,0,-0.25,0.0,151,75,1585,1311,1434,1236,151,75,201,50,159.299,48.436,160.0,3713.241,6.2722,0.105176,1e-06,0.0,0.601,0.729169,False,False,False,False,False,False,0.904,pass,,
769,Baptisms_San_Antonio_Baptism_Records_1788-1824_1858-1898.docx,769,raw/fs_0769.png,5eb17eb56e552bfbfbbfb652a7645e690d2ab6dfdf8bd1f8705da95b472572be,dlstupka/hth-baptisms-san-antonio-1788-1824--1858-1898,61efff529fb7330a92f8d423c40c45bc60bb841c,dlstupka/hth,61efff529fb7330a92f8d423c40c45bc60bb841c,1786,1361,1.0,False,0,-0.25,0.0,146,76,1582,1309,1436,1233,146,76,204,52,160.109,47.752,155.0,3821.804,6.321,0.099693,1e-06,0.0,0.59,0.728413,False,False,False,False,False,False,0.902,pass,,
770,Baptisms_San_Antonio_Baptism_Records_1788-1824_1858-1898.docx,770,raw/fs_0770.png,733a527b2fd7f0270d83067191967a7171ddf486ae8792f42566269b3de1bac2,dlstupka/hth-baptisms-san-antonio-1788-1824--1858-1898,61efff529fb7330a92f8d423c40c45bc60bb841c,dlstupka/hth,61efff529fb7330a92f8d423c40c45bc60bb841c,1786,1361,1.0,False,0,-0.25,0.0,152,74,1590,1308,1438,1234,152,74,196,53,160.284,47.455,155.0,3365.26,6.207,0.099962,2e-06,0.0,0.553,0.73002,False,False,False,False,False,False,0.901,pass,,
771,Baptisms_San_Antonio_Baptism_Records_1788-1824_1858-1898.docx,771,raw/fs_0771.png,29c078440e4c254c280b55b2496255a6908e01af014d993d05e2cb350a9c71c4,dlstupka/hth-baptisms-san-antonio-1788-1824--1858-1898,61efff529fb7330a92f8d423c40c45bc60bb841c,dlstupka/hth,61efff529fb7330a92f8d423c40c45bc60bb841c,1786,1361,1.0,False,0,-0.25,0.0,157,85,1585,1320,1428,1235,157,85,201,41,163.02,45.639,148.0,3348.51,6.166,0.087496,1e-06,0.0,0.532,0.72553,False,False,False,False,False,False,0.896,pass,,
772,Baptisms_San_Antonio_Baptism_Records_1788-1824_1858-1898.docx,772,raw/fs_0772.png,8817cc1589ff9c851368a2f84196c17366acfd5eeed6bb70ce84fa56985fe8ad,dlstupka/hth-baptisms-san-antonio-1788-1824--1858-1898,61efff529fb7330a92f8d423c40c45bc60bb841c,dlstupka/hth,61efff529fb7330a92f8d423c40c45bc60bb841c,1786,1361,1.0,False,0,-0.25,0.0,0,0,0,0,0,0,0,0,1786,1361,142.992,69.794,197.0,2644.568,6.0413,0.209035,0.0,0.0,0.542,0.0,False,False,False,False,False,False,0.758,review,very_small_content_region,
773,Baptisms_San_Antonio_Baptism_Records_1788-1824_1858-1898.docx,773,raw/fs_0773.png,8143d119ea63bc941f6ec025cf068ca24f8feef06ca98a5c7b9671ba54516cd8,dlstupka/hth-baptisms-san-antonio-1788-1824--1858-1898,61efff529fb7330a92f8d423c40c45bc60bb841c,dlstupka/hth,61efff529fb7330a92f8d423c40c45bc60bb841c,1786,1361,1.0,False,0,-0.25,0.0,0,0,0,0,0,0,0,0,1786,1361,146.386,70.435,221.0,2746.192,6.0231,0.2,2e-06,0.32,0.531,0.0,False,False,False,False,False,False,0.763,review,very_small_content_region,
774,Baptisms_San_Antonio_Baptism_Records_1788-1824_1858-1898.docx,774,raw/fs_0774.png,a2221994a0e34a4feac201516ca2de2d98668e87f7b86d9a9de805ff607813e9,dlstupka/hth-baptisms-san-antonio-1788-1824--1858-1898,61efff529fb7330a92f8d423c40c45bc60bb841c,dlstupka/hth,61efff529fb7330a92f8d423c40c45bc60bb841c,1786,1361,1.0,False,0,-0.25,0.0,149,77,1590,1316,1441,1239,149,77,196,45,161.346,48.104,157.0,3543.141,6.2199,0.099948,0.0,0.0,0.579,0.734507,False,False,False,False,False,False,0.906,pass,,
775,Baptisms_San_Antonio_Baptism_Records_1788-1824_1858-1898.docx,775,raw/fs_0775.png,bf0beeebd886959a35a48a66925adf3556d1d6b0e4bc974b31699bcfae68854f,dlstupka/hth-baptisms-san-antonio-1788-1824--1858-1898,61efff529fb7330a92f8d423c40c45bc60bb841c,dlstupka/hth,61efff529fb7330a92f8d423c40c45bc60bb841c,1786,1361,1.0,False,0,-0.25,0.0,173,83,1521,1296,1348,1213,173,83,265,65,167.776,38.321,121.0,3134.605,5.9931,0.055475,1e-06,0.0,0.503,0.672684,False,False,False,False,False,False,0.866,pass,,
776,Baptisms_San_Antonio_Baptism_Records_1788-1824_1858-1898.docx,776,raw/fs_0776.png,fd078657ff297c8f631453c8a3f1ec1dac247d961fd9b3f33d69d35fe2955d60,dlstupka/hth-baptisms-san-antonio-1788-1824--1858-1898,61efff529fb7330a92f8d423c40c45bc60bb841c,dlstupka/hth,61efff529fb7330a92f8d423c40c45bc60bb841c,1786,1361,1.0,False,0,-0.25,0.0,0,0,0,0,0,0,0,0,1786,1361,121.687,80.555,194.0,3045.862,5.9451,0.320335,0.0,0.602,0.558,0.0,False,False,False,False,False,False,0.727,review,very_small_content_region,
777,Baptisms_San_Antonio_Baptism_Records_1788-1824_1858-1898.docx,777,raw/fs_0777.png,15726ba871c4f56e112957f73c9c4cba6cd335815c099183253f2b3d58707fbb,dlstupka/hth-baptisms-san-antonio-1788-1824--1858-1898,61efff529fb7330a92f8d423c40c45bc60bb841c,dlstupka/hth,61efff529fb7330a92f8d423c40c45bc60bb841c,1786,1361,1.0,False,0,-0.25,0.0,147,70,1592,1313,1445,1243,147,70,194,48,162.848,47.206,152.0,3571.638,6.361,0.089902,4e-06,0.0,0.602,0.738923,False,False,False,False,False,False,0.904,pass,,
778,Baptisms_San_Antonio_Baptism_Records_1788-1824_1858-1898.docx,778,raw/fs_0778.png,b9ff669c6869061ff8a7d30c72c140ca174379b40e52e5af71b3880f3bfe376b,dlstupka/hth-baptisms-san-antonio-1788-1824--1858-1898,61efff529fb7330a92f8d423c40c45bc60bb841c,dlstupka/hth,61efff529fb7330a92f8d423c40c45bc60bb841c,1786,1361,1.0,False,0,-0.25,0.0,161,73,1602,1309,1441,1236,161,73,184,52,162.613,44.982,145.0,3145.949,6.2291,0.084462,3e-06,0.0,0.531,0.732728,False,False,False,False,False,False,0.892,pass,,
779,Baptisms_San_Antonio_Baptism_Records_1788-1824_1858-1898.docx,779,raw/fs_0779.png,e228db7adbc1e372c1a6137557f7e42aa4a335fe1b79960547689f606adafea0,dlstupka/hth-baptisms-san-antonio-1788-1824--1858-1898,61efff529fb7330a92f8d423c40c45bc60bb841c,dlstupka/hth,61efff529fb7330a92f8d423c40c45bc60bb841c,1786,1361,1.0,False,0,-0.25,0.0,162,75,1583,1306,1421,1231,162,75,203,55,163.063,44.752,143.0,3750.197,6.2282,0.084775,2e-06,0.0,0.571,0.719635,False,False,False,False,False,False,0.892,pass,,
780,Baptisms_San_Antonio_Baptism_Records_1788-1824_1858-1898.docx,780,raw/fs_0780.png,78c383023766a0d10852505f74f1131f24588c925561a3850ff68f9d7d07f30e,dlstupka/hth-baptisms-san-antonio-1788-1824--1858-1898,61efff529fb7330a92f8d423c40c45bc60bb841c,dlstupka/hth,61efff529fb7330a92f8d423c40c45bc60bb841c,1786,1361,1.0,False,0,-0.25,0.0,0,0,0,0,0,0,0,0,1786,1361,125.712,79.619,195.0,3109.632,5.9403,0.301704,3e-06,0.0,0.512,0.0,False,False,False,False,False,False,0.733,review,very_small_content_region,
781,Baptisms_San_Antonio_Baptism_Records_1788-1824_1858-1898.docx,781,raw/fs_0781.png,30eb98ba6ac652c48f3e001513c427566fcf4cf019ee01a05bfbf3101cd00af4,dlstupka/hth-baptisms-san-antonio-1788-1824--1858-1898,61efff529fb7330a92f8d423c40c45bc60bb841c,dlstupka/hth,61efff529fb7330a92f8d423c40c45bc60bb841c,1786,1361,1.0,False,0,-0.25,0.0,157,77,1600,1312,1443,1235,157,77,186,49,157.936,50.32,164.0,4491.407,6.3854,0.114852,3e-06,0.0,0.654,0.733151,False,False,False,False,False,False,0.912,pass,,
782,Baptisms_San_Antonio_Baptism_Records_1788-1824_1858-1898.docx,782,raw/fs_0782.png,f796b3f984245c8db5ea0ecdb2f0e2e531954f7a747747d7b4dc9c0df0403043,dlstupka/hth-baptisms-san-antonio-1788-1824--1858-1898,61efff529fb7330a92f8d423c40c45bc60bb841c,dlstupka/hth,61efff529fb7330a92f8d423c40c45bc60bb841c,1786,1361,1.0,False,0,-0.25,0.0,85,72,1596,1314,1511,1242,85,72,190,47,154.708,53.503,181.0,3288.84,6.4121,0.125555,1e-06,0.0,0.553,0.772052,False,False,False,False,False,False,0.923,pass,,
783,Baptisms_San_Antonio_Baptism_Records_1788-1824_1858-1898.docx,783,raw/fs_0783.png,217add5c6c1b407d75f6a1357f731c3c14f2fb143303e418949690275610c838,dlstupka/hth-baptisms-san-antonio-1788-1824--1858-1898,61efff529fb7330a92f8d423c40c45bc60bb841c,dlstupka/hth,61efff529fb7330a92f8d423c40c45bc60bb841c,1786,1361,1.0,False,0,-0.25,0.0,145,74,1595,1312,1450,1238,145,74,191,49,163.037,46.648,153.0,2891.687,6.1913,0.088208,2e-06,0.0,0.48,0.738498,False,False,False,False,False,False,0.901,pass,,
784,Baptisms_San_Antonio_Baptism_Records_1788-1824_1858-1898.docx,784,raw/fs_0784.png,f6209655606aad5ba8748e6baf472a24a420344135b1ec78642d2160637ba3c9,dlstupka/hth-baptisms-san-antonio-1788-1824--1858-1898,61efff529fb7330a92f8d423c40c45bc60bb841c,dlstupka/hth,61efff529fb7330a92f8d423c40c45bc60bb841c,1786,1361,1.0,False,0,-0.25,0.0,0,0,0,0,0,0,0,0,1786,1361,121.219,79.905,193.0,3007.521,5.8971,0.317534,1e-06,0.0,0.521,0.0,False,False,False,False,False,False,0.726,review,very_small_content_region,
785,Baptisms_San_Antonio_Baptism_Records_1788-1824_1858-1898.docx,785,raw/fs_0785.png,31f95ad13fe3b76744c71fac82238f7aac127b8bbd93986a4c30fa5ed370cc89,dlstupka/hth-baptisms-san-antonio-1788-1824--1858-1898,61efff529fb7330a92f8d423c40c45bc60bb841c,dlstupka/hth,61efff529fb7330a92f8d423c40c45bc60bb841c,1786,1361,1.0,False,0,-0.25,0.0,191,78,1544,1293,1353,1215,191,78,242,68,165.832,41.151,132.0,4092.208,6.164,0.068437,1e-06,0.0,0.597,0.676292,False,False,False,False,False,False,0.878,pass,,
786,Baptisms_San_Antonio_Baptism_Records_1788-1824_1858-1898.docx,786,raw/fs_0786.png,131e539d9e8dd4a25781f69dfe059008aa4d2ccf538a3a07c6cdad697357e49d,dlstupka/hth-baptisms-san-antonio-1788-1824--1858-1898,61efff529fb7330a92f8d423c40c45bc60bb841c,dlstupka/hth,61efff529fb7330a92f8d423c40c45bc60bb841c,1786,1361,1.0,False,0,-0.25,0.0,190,78,1543,1293,1353,1215,190,78,243,68,164.853,40.371,130.0,3859.644,6.2059,0.066245,2e-06,0.0,0.607,0.676292,False,False,False,False,False,False,0.872,pass,,
787,Baptisms_San_Antonio_Baptism_Records_1788-1824_1858-1898.docx,787,raw/fs_0787.png,7c677ef21a3b847797bfd41735dcc6c95da926fabe08f27d04c88a758db92c8f,dlstupka/hth-baptisms-san-antonio-1788-1824--1858-1898,61efff529fb7330a92f8d423c40c45bc60bb841c,dlstupka/hth,61efff529fb7330a92f8d423c40c45bc60bb841c,1786,1361,1.0,False,0,-0.25,0.0,159,78,1592,1307,1433,1229,159,78,194,54,163.403,43.708,141.0,2831.053,6.2259,0.075285,1e-06,0.0,0.487,0.724534,False,False,False,False,False,False,0.887,pass,,
788,Baptisms_San_Antonio_Baptism_Records_1788-1824_1858-1898.docx,788,raw/fs_0788.png,8faa6f893d922e644498e877726b53d7ac737a5fd1b39192a0da8dd708dd5e9e,dlstupka/hth-baptisms-san-antonio-1788-1824--1858-1898,61efff529fb7330a92f8d423c40c45bc60bb841c,dlstupka/hth,61efff529fb7330a92f8d423c40c45bc60bb841c,1786,1361,1.0,False,0,-0.25,0.0,142,71,1582,1312,1440,1241,142,71,204,49,161.9,44.491,144.0,2915.193,6.2531,0.080505,0.0,0.0,0.512,0.735182,False,False,False,False,False,False,0.889,pass,,
789,Baptisms_San_Antonio_Baptism_Records_1788-1824_1858-1898.docx,789,raw/fs_0789.png,5317cc11a25e412660f74f027411faa2025c21e90bd1b5d8a4ea113c99cabc2f,dlstupka/hth-baptisms-san-antonio-1788-1824--1858-1898,61efff529fb7330a92f8d423c40c45bc60bb841c,dlstupka/hth,61efff529fb7330a92f8d423c40c45bc60bb841c,1786,1361,1.0,False,0,-0.25,0.0,0,0,0,0,0,0,0,0,1786,1361,124.881,78.837,192.0,2293.516,5.8556,0.297377,1e-06,0.0,0.452,0.0,False,False,False,False,False,False,0.732,review,very_small_content_region,
790,Baptisms_San_Antonio_Baptism_Records_1788-1824_1858-1898.docx,790,raw/fs_0790.png,020baf21725ec6fdf74e1d6460f45365bb33b2c71b9aa6feb75a4e3ee9e541dd,dlstupka/hth-baptisms-san-antonio-1788-1824--1858-1898,61efff529fb7330a92f8d423c40c45bc60bb841c,dlstupka/hth,61efff529fb7330a92f8d423c40c45bc60bb841c,1786,1361,1.0,False,0,-0.25,0.0,154,68,1597,1310,1443,1242,154,68,189,51,162.957,43.622,143.0,2413.207,6.1698,0.075685,1e-06,0.0,0.433,0.737307,False,False,False,False,False,False,0.886,pass,,
791,Baptisms_San_Antonio_Baptism_Records_1788-1824_1858-1898.docx,791,raw/fs_0791.png,e688e71802bc6aee00c2cda0359ccedbc74459cdb1c9fe98ea0d9a856dc56d7d,dlstupka/hth-baptisms-san-antonio-1788-1824--1858-1898,61efff529fb7330a92f8d423c40c45bc60bb841c,dlstupka/hth,61efff529fb7330a92f8d423c40c45bc60bb841c,1786,1361,1.0,False,0,-0.25,0.0,144,71,1585,1312,1441,1241,144,71,201,49,162.103,44.002,144.0,2762.959,6.1903,0.079063,1e-06,0.0,0.509,0.735692,False,False,False,False,False,False,0.886,pass,,
792,Baptisms_San_Antonio_Baptism_Records_1788-1824_1858-1898.docx,792,raw/fs_0792.png,e2487a264371acef21e7de9f83d8ed0624e0ea539f7527b0364466377ae7aea1,dlstupka/hth-baptisms-san-antonio-1788-1824--1858-1898,61efff529fb7330a92f8d423c40c45bc60bb841c,dlstupka/hth,61efff529fb7330a92f8d423c40c45bc60bb841c,1786,1361,1.0,False,0,-0.25,0.0,161,67,1580,1298,1419,1231,161,67,206,63,162.586,42.923,138.0,3247.893,6.2582,0.076021,2e-06,0.0,0.558,0.718623,False,False,False,False,False,False,0.882,pass,,
793,Baptisms_San_Antonio_Baptism_Records_1788-1824_1858-1898.docx,793,raw/fs_0793.png,ee11a2bb79de2a9c411e8cd7c1455b69198f4960045b132e0d4fe4a43c90df55,dlstupka/hth-baptisms-san-antonio-1788-1824--1858-1898,61efff529fb7330a92f8d423c40c45bc60bb841c,dlstupka/hth,61efff529fb7330a92f8d423c40c45bc60bb841c,1786,1361,1.0,False,0,-0.25,0.0,0,0,0,0,0,0,0,0,1786,1361,135.714,76.15,221.0,2808.825,5.9189,0.249314,0.0,0.475,0.551,0.0,False,False,False,False,False,False,0.748,review,very_small_content_region,
794,Baptisms_San_Antonio_Baptism_Records_1788-1824_1858-1898.docx,794,raw/fs_0794.png,a0cfd46e6ddfdb0780eff7d6da3ffbe7cdb65e9d64fd74c0515787404cbc2e1e,dlstupka/hth-baptisms-san-antonio-1788-1824--1858-1898,61efff529fb7330a92f8d423c40c45bc60bb841c,dlstupka/hth,61efff529fb7330a92f8d423c40c45bc60bb841c,1786,1361,1.0,False,0,-0.25,0.0,0,0,0,0,0,0,0,0,1786,1361,124.569,78.767,194.0,2784.361,5.917,0.299186,0.0,0.0,0.535,0.0,False,False,False,False,False,False,0.731,review,very_small_content_region,
795,Baptisms_San_Antonio_Baptism_Records_1788-1824_1858-1898.docx,795,raw/fs_0795.png,6e1e74a94e4134137a95ce56911f63c82b064013b28545e6756851b637ec0f77,dlstupka/hth-baptisms-san-antonio-1788-1824--1858-1898,61efff529fb7330a92f8d423c40c45bc60bb841c,dlstupka/hth,61efff529fb7330a92f8d423c40c45bc60bb841c,1786,1361,1.0,False,0,-0.25,0.0,149,63,1592,1307,1443,1244,149,63,194,54,162.465,44.743,147.0,2747.468,6.1701,0.082914,1e-06,0.0,0.502,0.738494,False,False,False,False,False,False,0.891,pass,,
796,Baptisms_San_Antonio_Baptism_Records_1788-1824_1858-1898.docx,796,raw/fs_0796.png,224250ba07d2670a91b339e0c36b9947e9edac6e810a1553b7471c66dac6f4a2,dlstupka/hth-baptisms-san-antonio-1788-1824--1858-1898,61efff529fb7330a92f8d423c40c45bc60bb841c,dlstupka/hth,61efff529fb7330a92f8d423c40c45bc60bb841c,1786,1361,1.0,False,0,-0.25,0.0,150,60,1588,1306,1438,1246,150,60,198,55,166.502,43.986,143.0,2654.978,6.2105,0.073431,1e-06,0.0,0.486,0.737119,False,False,False,False,False,False,0.893,pass,,
797,Baptisms_San_Antonio_Baptism_Records_1788-1824_1858-1898.docx,797,raw/fs_0797.png,db972854b77e8ee6036afb19a4bb475e51c2c058608def5fa1dc91c010cf3a32,dlstupka/hth-baptisms-san-antonio-1788-1824--1858-1898,61efff529fb7330a92f8d423c40c45bc60bb841c,dlstupka/hth,61efff529fb7330a92f8d423c40c45bc60bb841c,1786,1361,1.0,False,0,-0.25,0.0,161,70,1551,1306,1390,1236,161,70,235,55,164.549,39.488,128.0,2683.634,6.1739,0.062764,1e-06,0.0,0.488,0.706795,False,False,False,False,False,False,0.867,pass,,
798,Baptisms_San_Antonio_Baptism_Records_1788-1824_1858-1898.docx,798,raw/fs_0798.png,1105e458f819a6ccd927aad16488a73921042cb5a68850290852fa6fcdc929ae,dlstupka/hth-baptisms-san-antonio-1788-1824--1858-1898,61efff529fb7330a92f8d423c40c45bc60bb841c,dlstupka/hth,61efff529fb7330a92f8d423c40c45bc60bb841c,1786,1361,1.0,False,0,-0.25,0.0,143,60,1588,1311,1445,1251,143,60,198,50,164.63,45.1,147.0,3104.902,6.2533,0.080197,2e-06,0.0,0.546,0.743679,False,False,False,False,False,False,0.896,pass,,
799,Baptisms_San_Antonio_Baptism_Records_1788-1824_1858-1898.docx,799,raw/fs_0799.png,749542521d68ef44e02cd0dcc278ca971ead29055ab64dd118f75d746b8e1dea,dlstupka/hth-baptisms-san-antonio-1788-1824--1858-1898,61efff529fb7330a92f8d423c40c45bc60bb841c,dlstupka/hth,61efff529fb7330a92f8d423c40c45bc60bb841c,1786,1361,1.0,False,0,-0.25,0.0,154,76,1582,1312,1428,1236,154,76,204,49,163.928,43.82,143.0,3012.909,6.2552,0.07613,1e-06,0.0,0.531,0.726118,False,False,False,False,False,False,0.888,pass,,
800,Baptisms_San_Antonio_Baptism_Records_1788-1824_1858-1898.docx,800,raw/fs_0800.png,858a56fcb579abdb3ef63f6bdd546ea2b0faf329676dc8ebfe898e911ad28fe6,dlstupka/hth-baptisms-san-antonio-1788-1824--1858-1898,61efff529fb7330a92f8d423c40c45bc60bb841c,dlstupka/hth,61efff529fb7330a92f8d423c40c45bc60bb841c,1786,1361,1.0,False,0,-0.25,0.0,154,75,1562,1297,1408,1222,154,75,224,64,164.326,43.852,142.0,3199.312,6.191,0.078146,2e-06,0.0,0.54,0.707839,False,False,False,False,False,False,0.889,pass,,
801,Baptisms_San_Antonio_Baptism_Records_1788-1824_1858-1898.docx,801,raw/fs_0801.png,7871d4663f88de8e2cfbe28b9c409663f24a72ef5a05f7a908f9d33fbffab99e,dlstupka/hth-baptisms-san-antonio-1788-1824--1858-1898,61efff529fb7330a92f8d423c40c45bc60bb841c,dlstupka/hth,61efff529fb7330a92f8d423c40c45bc60bb841c,1786,1361,1.0,False,0,-0.25,0.0,169,76,1592,1306,1423,1230,169,76,194,55,162.852,46.325,153.0,3302.52,6.2653,0.088012,1e-06,0.0,0.585,0.720063,False,False,False,False,False,False,0.899,pass,,
802,Baptisms_San_Antonio_Baptism_Records_1788-1824_1858-1898.docx,802,raw/fs_0802.png,26102d9a1cd1e2580fac4716b0638adfbadf5753bed08e36fc67088d1596b830,dlstupka/hth-baptisms-san-antonio-1788-1824--1858-1898,61efff529fb7330a92f8d423c40c45bc60bb841c,dlstupka/hth,61efff529fb7330a92f8d423c40c45bc60bb841c,1786,1361,1.0,False,0,-0.25,0.0,184,77,1533,1292,1349,1215,184,77,253,69,167.094,40.52,132.0,3467.344,6.099,0.062993,1e-06,0.0,0.577,0.674293,False,False,False,False,False,False,0.876,pass,,
803,Baptisms_San_Antonio_Baptism_Records_1788-1824_1858-1898.docx,803,raw/fs_0803.png,2b3e7c5d42059f463ee3de3c712f259f7ed4b9c9ff112f3f0aca0d320282fbcf,dlstupka/hth-baptisms-san-antonio-1788-1824--1858-1898,61efff529fb7330a92f8d423c40c45bc60bb841c,dlstupka/hth,61efff529fb7330a92f8d423c40c45bc60bb841c,1786,1361,1.0,False,0,-0.25,0.0,0,0,0,0,0,0,0,0,1786,1361,124.689,78.885,194.0,2918.539,5.9762,0.301448,0.0,0.0,0.559,0.0,False,False,False,False,False,False,0.732,review,very_small_content_region,
804,Baptisms_San_Antonio_Baptism_Records_1788-1824_1858-1898.docx,804,raw/fs_0804.png,31076a47aa17036a3d82afd2068cdf795282e5a4a283e9bc300921dbdafe0f89,dlstupka/hth-baptisms-san-antonio-1788-1824--1858-1898,61efff529fb7330a92f8d423c40c45bc60bb841c,dlstupka/hth,61efff529fb7330a92f8d423c40c45bc60bb841c,1786,1361,1.0,False,0,-0.25,0.0,185,80,1551,1289,1366,1209,185,80,235,72,164.491,41.497,136.0,3568.39,6.2075,0.071217,1e-06,0.0,0.605,0.679419,False,False,False,False,False,False,0.877,pass,,
805,Baptisms_San_Antonio_Baptism_Records_1788-1824_1858-1898.docx,805,raw/fs_0805.png,1ef052ddbd92d1fc953377ae8c32ff692da14f38fb97b759a75d50467c6403ae,dlstupka/hth-baptisms-san-antonio-1788-1824--1858-1898,61efff529fb7330a92f8d423c40c45bc60bb841c,dlstupka/hth,61efff529fb7330a92f8d423c40c45bc60bb841c,1786,1361,1.0,False,0,-0.25,0.0,181,72,1554,1293,1373,1221,181,72,232,68,169.316,39.917,127.0,3225.054,6.1807,0.057603,0.0,0.0,0.548,0.689678,False,False,False,False,False,False,0.877,pass,,
806,Baptisms_San_Antonio_Baptism_Records_1788-1824_1858-1898.docx,806,raw/fs_0806.png,90301d28a4a3e01c2df431ccbdd6e86a215bd3622a997216fba3268a6f77eac5,dlstupka/hth-baptisms-san-antonio-1788-1824--1858-1898,61efff529fb7330a92f8d423c40c45bc60bb841c,dlstupka/hth,61efff529fb7330a92f8d423c40c45bc60bb841c,1786,1361,1.0,False,0,-0.25,0.0,167,73,1575,1297,1408,1224,167,73,211,64,164.115,45.736,149.0,3448.059,6.2774,0.08382,2e-06,0.0,0.588,0.708997,False,False,False,False,False,False,0.898,pass,,
807,Baptisms_San_Antonio_Baptism_Records_1788-1824_1858-1898.docx,807,raw/fs_0807.png,8303309ec64f909662b5c683f2595a53f846d9512137a4d1d3c37cc63448ad36,dlstupka/hth-baptisms-san-antonio-1788-1824--1858-1898,61efff529fb7330a92f8d423c40c45bc60bb841c,dlstupka/hth,61efff529fb7330a92f8d423c40c45bc60bb841c,1786,1361,1.0,False,0,-0.25,0.0,160,69,1583,1300,1423,1231,160,69,203,61,159.947,46.321,152.0,3657.992,6.3582,0.089045,2e-06,0.0,0.625,0.720648,False,False,False,False,False,False,0.895,pass,,
808,Baptisms_San_Antonio_Baptism_Records_1788-1824_1858-1898.docx,808,raw/fs_0808.png,f0ad02b899f5564e64c59fa1b49968de32ff44c314979fe9beef1e3609518285,dlstupka/hth-baptisms-san-antonio-1788-1824--1858-1898,61efff529fb7330a92f8d423c40c45bc60bb841c,dlstupka/hth,61efff529fb7330a92f8d423c40c45bc60bb841c,1786,1361,1.0,False,0,-0.25,0.0,171,75,1579,1298,1408,1223,171,75,207,63,165.28,44.652,144.0,3699.229,6.2921,0.077882,1e-06,0.0,0.614,0.708418,False,False,False,False,False,False,0.894,pass,,
809,Baptisms_San_Antonio_Baptism_Records_1788-1824_1858-1898.docx,809,raw/fs_0809.png,f8d4c9d910956122d1e609f192e63761d3c8b295b8580ce3d5ce68d209bfcca4,dlstupka/hth-baptisms-san-antonio-1788-1824--1858-1898,61efff529fb7330a92f8d423c40c45bc60bb841c,dlstupka/hth,61efff529fb7330a92f8d423c40c45bc60bb841c,1786,1361,1.0,False,0,-0.25,0.0,175,70,1552,1299,1377,1229,175,70,234,62,165.427,40.03,127.0,3409.646,6.1425,0.062523,1e-06,0.0,0.599,0.69622,False,False,False,False,False,False,0.871,pass,,
810,Baptisms_San_Antonio_Baptism_Records_1788-1824_1858-1898.docx,810,raw/fs_0810.png,8b6d46e51724caf9065d8bd42c387f12845785a70603a1a2a7278d33d2b263a3,dlstupka/hth-baptisms-san-antonio-1788-1824--1858-1898,61efff529fb7330a92f8d423c40c45bc60bb841c,dlstupka/hth,61efff529fb7330a92f8d423c40c45bc60bb841c,1786,1361,1.0,False,0,-0.25,0.0,186,73,1533,1296,1347,1223,186,73,253,65,166.328,38.262,118.0,3728.681,6.1835,0.053735,2e-06,0.0,0.631,0.677727,False,False,False,False,False,False,0.864,pass,,
811,Baptisms_San_Antonio_Baptism_Records_1788-1824_1858-1898.docx,811,raw/fs_0811.png,118ad290b8b01cf31da78f6d95cc8a5f0ee0125f53470d02e6de1f19b0365079,dlstupka/hth-baptisms-san-antonio-1788-1824--1858-1898,61efff529fb7330a92f8d423c40c45bc60bb841c,dlstupka/hth,61efff529fb7330a92f8d423c40c45bc60bb841c,1786,1361,1.0,False,0,-0.25,0.0,181,76,1535,1295,1354,1219,181,76,251,66,163.232,44.474,145.0,4601.845,6.4239,0.079312,1e-06,0.0,0.675,0.67902,False,False,False,False,False,False,0.89,pass,,
812,Baptisms_San_Antonio_Baptism_Records_1788-1824_1858-1898.docx,812,raw/fs_0812.png,a5cbf7002a4685a1d5c7ddc2a445710258fe83c9b8826643795326ea6110073d,dlstupka/hth-baptisms-san-antonio-1788-1824--1858-1898,61efff529fb7330a92f8d423c40c45bc60bb841c,dlstupka/hth,61efff529fb7330a92f8d423c40c45bc60bb841c,1786,1361,1.0,False,0,-0.25,0.0,182,75,1537,1297,1355,1222,182,75,249,64,165.052,39.298,126.0,3586.572,6.2097,0.060813,0.0,0.0,0.576,0.681194,False,False,False,False,False,False,0.867,pass,,
813,Baptisms_San_Antonio_Baptism_Records_1788-1824_1858-1898.docx,813,raw/fs_0813.png,eddb4e90b393d3c00dda8aa941a8ceea44a8481c480e96f3cf5e37aee9c54be7,dlstupka/hth-baptisms-san-antonio-1788-1824--1858-1898,61efff529fb7330a92f8d423c40c45bc60bb841c,dlstupka/hth,61efff529fb7330a92f8d423c40c45bc60bb841c,1786,1361,1.0,False,0,-0.25,0.0,160,70,1584,1303,1424,1233,160,70,202,58,164.973,43.667,140.0,3142.956,6.3374,0.072169,0.0,0.0,0.573,0.722326,False,False,False,False,False,False,0.889,pass,,
814,Baptisms_San_Antonio_Baptism_Records_1788-1824_1858-1898.docx,814,raw/fs_0814.png,2828ce3043ed61c4dca76f0703118a3b8869b455679b440c09188b7caa2bb9d1,dlstupka/hth-baptisms-san-antonio-1788-1824--1858-1898,61efff529fb7330a92f8d423c40c45bc60bb841c,dlstupka/hth,61efff529fb7330a92f8d423c40c45bc60bb841c,1786,1361,1.0,False,0,-0.25,0.0,160,72,1586,1309,1426,1237,160,72,200,52,164.949,43.239,139.0,3211.289,6.3602,0.070788,3e-06,0.0,0.591,0.725688,False,False,False,False,False,False,0.887,pass,,
815,Baptisms_San_Antonio_Baptism_Records_1788-1824_1858-1898.docx,815,raw/fs_0815.png,fa8e9dc992a0eb4863f1b6437cb187957c58f0a27f2f36c5b8f604c5dfd94b39,dlstupka/hth-baptisms-san-antonio-1788-1824--1858-1898,61efff529fb7330a92f8d423c40c45bc60bb841c,dlstupka/hth,61efff529fb7330a92f8d423c40c45bc60bb841c,1786,1361,1.0,False,0,-0.25,0.0,176,81,1556,1316,1380,1235,176,81,230,45,165.685,39.375,123.0,3451.082,6.2493,0.058058,1e-06,0.0,0.605,0.701143,False,False,False,False,False,False,0.869,pass,,
816,Baptisms_San_Antonio_Baptism_Records_1788-1824_1858-1898.docx,816,raw/fs_0816.png,299db96e800c262df1ba3c8c337b30367f8b7f260145541fead0e71024c51f4a,dlstupka/hth-baptisms-san-antonio-1788-1824--1858-1898,61efff529fb7330a92f8d423c40c45bc60bb841c,dlstupka/hth,61efff529fb7330a92f8d423c40c45bc60bb841c,1786,1361,1.0,False,0,-0.25,0.0,165,83,1534,1314,1369,1231,165,83,252,47,168.955,39.328,122.0,3669.833,6.1829,0.054415,4e-06,0.0,0.606,0.693301,False,False,False,False,False,False,0.873,pass,,
817,Baptisms_San_Antonio_Baptism_Records_1788-1824_1858-1898.docx,817,raw/fs_0817.png,4f315ba6fd9bc9b86cc45e7012d3e8ad11e158a2f89df7268b78801e307a9f80,dlstupka/hth-baptisms-san-antonio-1788-1824--1858-1898,61efff529fb7330a92f8d423c40c45bc60bb841c,dlstupka/hth,61efff529fb7330a92f8d423c40c45bc60bb841c,1786,1361,1.0,False,0,-0.25,0.0,80,79,1598,1318,1518,1239,80,79,188,43,157.359,55.773,191.0,3634.561,6.4979,0.125365,3e-06,0.0,0.643,0.773755,False,False,False,False,False,False,0.938,pass,,
818,Baptisms_San_Antonio_Baptism_Records_1788-1824_1858-1898.docx,818,raw/fs_0818.png,5739bd19f7804b5a0ed9eb151c1c7af431aa293cedf7ed9b0e6e435a51295907,dlstupka/hth-baptisms-san-antonio-1788-1824--1858-1898,61efff529fb7330a92f8d423c40c45bc60bb841c,dlstupka/hth,61efff529fb7330a92f8d423c40c45bc60bb841c,1786,1361,1.0,False,0,-0.25,0.0,154,78,1568,1310,1414,1232,154,78,218,51,163.664,45.099,145.0,3819.206,6.3982,0.079921,3e-06,0.0,0.641,0.716672,False,False,False,False,False,False,0.894,pass,,
819,Baptisms_San_Antonio_Baptism_Records_1788-1824_1858-1898.docx,819,raw/fs_0819.png,1d58a7be3027a312d98949ccbd99856fa906809a5bf9071e1bdae7863bf36f98,dlstupka/hth-baptisms-san-antonio-1788-1824--1858-1898,61efff529fb7330a92f8d423c40c45bc60bb841c,dlstupka/hth,61efff529fb7330a92f8d423c40c45bc60bb841c,1786,1361,1.0,False,0,-0.25,0.0,165,82,1583,1315,1418,1233,165,82,203,46,161.91,46.382,151.0,3965.919,6.4391,0.08708,0.0,0.0,0.646,0.719283,False,False,False,False,False,False,0.898,pass,,
820,Baptisms_San_Antonio_Baptism_Records_1788-1824_1858-1898.docx,820,raw/fs_0820.png,3ff5fd43d4f552f99abe63de1083909d5b15d32134f58ac70bfccaebd2754e24,dlstupka/hth-baptisms-san-antonio-1788-1824--1858-1898,61efff529fb7330a92f8d423c40c45bc60bb841c,dlstupka/hth,61efff529fb7330a92f8d423c40c45bc60bb841c,1786,1361,1.0,False,0,-0.25,0.0,193,79,1536,1287,1343,1208,193,79,250,74,166.818,40.699,129.0,3967.246,6.2861,0.061468,2e-06,0.0,0.641,0.667426,False,False,False,False,False,False,0.877,pass,,
821,Baptisms_San_Antonio_Baptism_Records_1788-1824_1858-1898.docx,821,raw/fs_0821.png,42616352919823a1902549d83338d041cf6d1a6f6a2ebe4130024f9c7d8389ea,dlstupka/hth-baptisms-san-antonio-1788-1824--1858-1898,61efff529fb7330a92f8d423c40c45bc60bb841c,dlstupka/hth,61efff529fb7330a92f8d423c40c45bc60bb841c,1786,1361,1.0,False,0,-0.25,0.0,0,0,0,0,0,0,0,0,1786,1361,116.929,82.188,191.0,2223.239,5.5965,0.343261,0.0,0.548,0.413,0.0,False,False,False,False,False,False,0.72,review,very_small_content_region,
822,Baptisms_San_Antonio_Baptism_Records_1788-1824_1858-1898.docx,822,raw/fs_0822.png,d3f0462d43d2e814c69062e3db7dcf7504980bb627604808e9da7d16e22138a7,dlstupka/hth-baptisms-san-antonio-1788-1824--1858-1898,61efff529fb7330a92f8d423c40c45bc60bb841c,dlstupka/hth,61efff529fb7330a92f8d423c40c45bc60bb841c,1786,1361,1.0,False,0,-0.25,0.0,178,79,1543,1295,1365,1216,178,79,243,66,169.855,40.107,128.0,2881.891,6.1522,0.057847,1e-06,0.0,0.489,0.682852,False,False,False,False,False,False,0.878,pass,,
823,Baptisms_San_Antonio_Baptism_Records_1788-1824_1858-1898.docx,823,raw/fs_0823.png,37d4c6d159e4799dee34574ba0ddbdf8c299a03a048601dab76403ee595201fb,dlstupka/hth-baptisms-san-antonio-1788-1824--1858-1898,61efff529fb7330a92f8d423c40c45bc60bb841c,dlstupka/hth,61efff529fb7330a92f8d423c40c45bc60bb841c,1786,1361,1.0,False,0,-0.25,0.0,178,72,1545,1292,1367,1220,178,72,241,69,171.336,40.052,128.0,2869.711,6.1301,0.057316,1e-06,0.0,0.491,0.686102,False,False,False,False,False,False,0.88,pass,,
824,Baptisms_San_Antonio_Baptism_Records_1788-1824_1858-1898.docx,824,raw/fs_0824.png,184bcb743dd9faf5cc407a34a335cadadf05d2693ed841157f2f2f3601eeba23,dlstupka/hth-baptisms-san-antonio-1788-1824--1858-1898,61efff529fb7330a92f8d423c40c45bc60bb841c,dlstupka/hth,61efff529fb7330a92f8d423c40c45bc60bb841c,1786,1361,1.0,False,0,-0.25,0.0,202,84,1534,1286,1332,1202,202,84,252,75,168.966,38.536,120.0,3124.203,6.2384,0.051519,2e-06,0.0,0.503,0.658672,False,False,False,False,False,False,0.869,pass,,
825,Baptisms_San_Antonio_Baptism_Records_1788-1824_1858-1898.docx,825,raw/fs_0825.png,128478c09c68a0dff455025a7ad7862f01b2fa052ded0c725a156e3e10f7e139,dlstupka/hth-baptisms-san-antonio-1788-1824--1858-1898,61efff529fb7330a92f8d423c40c45bc60bb841c,dlstupka/hth,61efff529fb7330a92f8d423c40c45bc60bb841c,1786,1361,1.0,False,0,-0.25,0.0,203,86,1528,1287,1325,1201,203,86,258,74,173.28,35.469,101.0,2792.003,6.1172,0.038832,1e-06,0.0,0.497,0.654665,False,False,False,False,False,False,0.86,pass,,
826,Baptisms_San_Antonio_Baptism_Records_1788-1824_1858-1898.docx,826,raw/fs_0826.png,5a635e12335d35bd13ff2f822acaa1c46c70d7bacef1b73fdd27e6225bb8279a,dlstupka/hth-baptisms-san-antonio-1788-1824--1858-1898,61efff529fb7330a92f8d423c40c45bc60bb841c,dlstupka/hth,61efff529fb7330a92f8d423c40c45bc60bb841c,1786,1361,1.0,False,0,-0.25,0.0,200,84,1532,1285,1332,1201,200,84,254,76,173.566,36.203,104.0,2477.367,6.028,0.041199,1e-06,0.0,0.441,0.658124,False,False,False,False,False,False,0.864,pass,,
827,Baptisms_San_Antonio_Baptism_Records_1788-1824_1858-1898.docx,827,raw/fs_0827.png,d7fb44b877d17cf0ea816d11a7a82e504909e97d748d1a65f5b2c5d881697689,dlstupka/hth-baptisms-san-antonio-1788-1824--1858-1898,61efff529fb7330a92f8d423c40c45bc60bb841c,dlstupka/hth,61efff529fb7330a92f8d423c40c45bc60bb841c,1786,1361,1.0,False,0,-0.25,0.0,0,0,0,0,0,0,0,0,1786,1361,136.281,79.489,221.0,2700.474,5.8846,0.261672,1e-06,0.427,0.494,0.0,False,False,False,False,False,False,0.749,review,very_small_content_region,
828,Baptisms_San_Antonio_Baptism_Records_1788-1824_1858-1898.docx,828,raw/fs_0828.png,ba7b7cfaf1fcc55d4fd54e5e605d61abadaca55a11bd4d741a0c3e053efd3cd9,dlstupka/hth-baptisms-san-antonio-1788-1824--1858-1898,61efff529fb7330a92f8d423c40c45bc60bb841c,dlstupka/hth,61efff529fb7330a92f8d423c40c45bc60bb841c,1786,1361,1.0,False,0,-0.25,0.0,190,78,1548,1287,1358,1209,190,78,238,74,169.457,41.365,135.0,3252.666,6.1406,0.063519,2e-06,0.0,0.536,0.67544,False,False,False,False,False,False,0.884,pass,,
829,Baptisms_San_Antonio_Baptism_Records_1788-1824_1858-1898.docx,829,raw/fs_0829.png,74aafe235f989b1d2e376763ea9f3365d4fad934252be9181c74bf966dc2b3ba,dlstupka/hth-baptisms-san-antonio-1788-1824--1858-1898,61efff529fb7330a92f8d423c40c45bc60bb841c,dlstupka/hth,61efff529fb7330a92f8d423c40c45bc60bb841c,1786,1361,1.0,False,0,-0.25,0.0,188,75,1544,1290,1356,1215,188,75,242,71,171.301,39.067,121.0,2666.85,6.1104,0.052286,1e-06,0.0,0.462,0.677792,False,False,False,False,False,False,0.875,pass,,
830,Baptisms_San_Antonio_Baptism_Records_1788-1824_1858-1898.docx,830,raw/fs_0830.png,8fff45a3b956252666d6f5c11078fa54a58a5eebb00c4580a12ea88a5daa8481,dlstupka/hth-baptisms-san-antonio-1788-1824--1858-1898,61efff529fb7330a92f8d423c40c45bc60bb841c,dlstupka/hth,61efff529fb7330a92f8d423c40c45bc60bb841c,1786,1361,1.0,False,0,-0.25,0.0,0,0,0,0,0,0,0,0,1786,1361,129.193,81.022,201.0,2582.548,5.8835,0.293414,1e-06,0.0,0.512,0.0,False,False,False,False,False,False,0.738,review,very_small_content_region,
831,Baptisms_San_Antonio_Baptism_Records_1788-1824_1858-1898.docx,831,raw/fs_0831.png,e4199dba8c043aecb5490143a434ad1b2a735ac25e459eed59615f703b81baa1,dlstupka/hth-baptisms-san-antonio-1788-1824--1858-1898,61efff529fb7330a92f8d423c40c45bc60bb841c,dlstupka/hth,61efff529fb7330a92f8d423c40c45bc60bb841c,1786,1361,1.0,False,0,-0.25,0.0,199,81,1546,1284,1347,1203,199,81,240,77,165.181,42.101,140.0,3712.218,6.2753,0.071261,3e-06,0.0,0.571,0.666643,False,False,False,False,False,False,0.881,pass,,
832,Baptisms_San_Antonio_Baptism_Records_1788-1824_1858-1898.docx,832,raw/fs_0832.png,c417d9c2a885bbc083977aceaac8473f1e38a7e204fba01cfdb2976501edd443,dlstupka/hth-baptisms-san-antonio-1788-1824--1858-1898,61efff529fb7330a92f8d423c40c45bc60bb841c,dlstupka/hth,61efff529fb7330a92f8d423c40c45bc60bb841c,1786,1361,1.0,False,0,-0.25,0.0,188,73,1554,1295,1366,1222,188,73,232,66,169.777,39.577,129.0,2859.714,6.2066,0.056826,1e-06,0.0,0.467,0.686724,False,False,False,False,False,False,0.876,pass,,
833,Baptisms_San_Antonio_Baptism_Records_1788-1824_1858-1898.docx,833,raw/fs_0833.png,44a6cbaea94a446e2c3003256b78a6a30d19fb21acd0207ad603452f5805a656,dlstupka/hth-baptisms-san-antonio-1788-1824--1858-1898,61efff529fb7330a92f8d423c40c45bc60bb841c,dlstupka/hth,61efff529fb7330a92f8d423c40c45bc60bb841c,1786,1361,1.0,False,0,-0.25,0.0,193,74,1548,1294,1355,1220,193,74,238,67,170.688,37.253,114.0,2582.691,6.1013,0.048568,1e-06,0.0,0.432,0.680079,False,False,False,False,False,False,0.865,pass,,
834,Baptisms_San_Antonio_Baptism_Records_1788-1824_1858-1898.docx,834,raw/fs_0834.png,8a98a4bcbc261b8ef58815f7ec1e73da905287a23aeeb1a6061df8c3f825e9bf,dlstupka/hth-baptisms-san-antonio-1788-1824--1858-1898,61efff529fb7330a92f8d423c40c45bc60bb841c,dlstupka/hth,61efff529fb7330a92f8d423c40c45bc60bb841c,1786,1361,1.0,False,0,-0.25,0.0,0,0,0,0,0,0,0,0,1786,1361,127.84,80.917,199.0,2772.772,5.8771,0.299116,2e-06,0.0,0.53,0.0,False,False,False,False,False,False,0.736,review,very_small_content_region,
835,Baptisms_San_Antonio_Baptism_Records_1788-1824_1858-1898.docx,835,raw/fs_0835.png,cda415ed09e66eda0c77394c2aa62f42efcb585f7219b0da3770c8fc2f0d0449,dlstupka/hth-baptisms-san-antonio-1788-1824--1858-1898,61efff529fb7330a92f8d423c40c45bc60bb841c,dlstupka/hth,61efff529fb7330a92f8d423c40c45bc60bb841c,1786,1361,1.0,False,0,-0.25,0.0,190,71,1584,1294,1394,1223,190,71,202,67,167.241,44.069,146.0,3182.43,6.2083,0.075381,2e-06,0.0,0.528,0.701374,False,False,False,False,False,False,0.894,pass,,
836,Baptisms_San_Antonio_Baptism_Records_1788-1824_1858-1898.docx,836,raw/fs_0836.png,f53779e3358ec2c8fcde110dd552b90c98c56deead95d0bcf48d8855ae6ba419,dlstupka/hth-baptisms-san-antonio-1788-1824--1858-1898,61efff529fb7330a92f8d423c40c45bc60bb841c,dlstupka/hth,61efff529fb7330a92f8d423c40c45bc60bb841c,1786,1361,1.0,False,0,-0.25,0.0,189,95,1554,1323,1365,1228,189,95,232,38,171.292,38.344,120.0,2733.741,5.9344,0.052318,2e-06,0.0,0.463,0.689591,False,False,False,False,False,False,0.872,pass,,
837,Baptisms_San_Antonio_Baptism_Records_1788-1824_1858-1898.docx,837,raw/fs_0837.png,5727c448211808512cd2c15726daf33ce222b926e1daf73b1dc29ecf326f5178,dlstupka/hth-baptisms-san-antonio-1788-1824--1858-1898,61efff529fb7330a92f8d423c40c45bc60bb841c,dlstupka/hth,61efff529fb7330a92f8d423c40c45bc60bb841c,1786,1361,1.0,False,0,-0.25,0.0,210,84,1547,1290,1337,1206,210,84,239,71,169.465,37.814,117.0,3161.118,6.032,0.051862,2e-06,0.0,0.51,0.663345,False,False,False,False,False,False,0.866,pass,,
838,Baptisms_San_Antonio_Baptism_Records_1788-1824_1858-1898.docx,838,raw/fs_0838.png,039d7fc353663d8359ed8a2bd409c6c908c799647f7862d015d1fd549e8b6ab4,dlstupka/hth-baptisms-san-antonio-1788-1824--1858-1898,61efff529fb7330a92f8d423c40c45bc60bb841c,dlstupka/hth,61efff529fb7330a92f8d423c40c45bc60bb841c,1786,1361,1.0,False,0,-0.25,0.0,163,79,1588,1315,1425,1236,163,79,198,46,163.647,47.584,162.0,3232.494,6.2154,0.089329,1e-06,0.0,0.546,0.724592,False,False,False,False,False,False,0.907,pass,,
839,Baptisms_San_Antonio_Baptism_Records_1788-1824_1858-1898.docx,839,raw/fs_0839.png,557c128d651343920164e7dcea4321048833c21ed4b11f2f5279507c46456aa6,dlstupka/hth-baptisms-san-antonio-1788-1824--1858-1898,61efff529fb7330a92f8d423c40c45bc60bb841c,dlstupka/hth,61efff529fb7330a92f8d423c40c45bc60bb841c,1786,1361,1.0,False,0,-0.25,0.0,0,0,0,0,0,0,0,0,1786,1361,139.864,72.047,195.0,2213.217,6.0519,0.222407,2e-06,0.244,0.489,0.0,False,False,False,False,False,False,0.754,review,very_small_content_region,
840,Baptisms_San_Antonio_Baptism_Records_1788-1824_1858-1898.docx,840,raw/fs_0840.png,c61f656b905b06ccb29f3b4f5edb47ecd8538ab3c95ffadc2a3aeac842643c86,dlstupka/hth-baptisms-san-antonio-1788-1824--1858-1898,61efff529fb7330a92f8d423c40c45bc60bb841c,dlstupka/hth,61efff529fb7330a92f8d423c40c45bc60bb841c,1786,1361,1.0,False,0,-0.25,0.0,158,74,1580,1315,1422,1241,158,74,206,46,165.633,45.607,153.0,3170.852,6.2325,0.079987,2e-06,0.0,0.55,0.725992,False,False,False,False,False,False,0.9,pass,,
841,Baptisms_San_Antonio_Baptism_Records_1788-1824_1858-1898.docx,841,raw/fs_0841.png,9666a2554936b6a228504e04872dce73b06f11eb7f650cfe13e8134fd0277b26,dlstupka/hth-baptisms-san-antonio-1788-1824--1858-1898,61efff529fb7330a92f8d423c40c45bc60bb841c,dlstupka/hth,61efff529fb7330a92f8d423c40c45bc60bb841c,1786,1361,1.0,False,0,-0.25,0.0,162,82,1539,1319,1377,1237,162,82,247,42,171.067,38.042,116.0,2819.009,6.0448,0.049808,1e-06,0.0,0.469,0.700752,False,False,False,False,False,False,0.87,pass,,
842,Baptisms_San_Antonio_Baptism_Records_1788-1824_1858-1898.docx,842,raw/fs_0842.png,401d56db666e62567559af0845cd1605027b463fb85d0c1679adfb1c13579201,dlstupka/hth-baptisms-san-antonio-1788-1824--1858-1898,61efff529fb7330a92f8d423c40c45bc60bb841c,dlstupka/hth,61efff529fb7330a92f8d423c40c45bc60bb841c,1786,1361,1.0,False,0,-0.25,0.0,177,67,1547,1304,1370,1237,177,67,239,57,171.63,35.2,101.0,2178.35,5.8398,0.042427,1e-06,0.0,0.371,0.697189,False,False,False,False,False,False,0.856,pass,,
843,Baptisms_San_Antonio_Baptism_Records_1788-1824_1858-1898.docx,843,raw/fs_0843.png,a0b333e2d284974fd828bcb3b2751f30557faf6e5261eae5f1871565c6aa8b89,dlstupka/hth-baptisms-san-antonio-1788-1824--1858-1898,61efff529fb7330a92f8d423c40c45bc60bb841c,dlstupka/hth,61efff529fb7330a92f8d423c40c45bc60bb841c,1786,1361,1.0,False,0,-0.25,0.0,173,65,1589,1306,1416,1241,173,65,197,55,170.123,41.247,135.0,1871.64,5.8592,0.061739,0.0,0.0,0.327,0.722929,False,False,False,False,False,False,0.884,pass,,
844,Baptisms_San_Antonio_Baptism_Records_1788-1824_1858-1898.docx,844,raw/fs_0844.png,0462ea6bc64baf9fdff727bddc24005cd04f1cbacc89f2e36b58a78e14325458,dlstupka/hth-baptisms-san-antonio-1788-1824--1858-1898,61efff529fb7330a92f8d423c40c45bc60bb841c,dlstupka/hth,61efff529fb7330a92f8d423c40c45bc60bb841c,1786,1361,1.0,False,0,-0.25,0.0,179,85,1587,1317,1408,1232,179,85,199,44,167.018,43.208,143.0,2631.208,6.1088,0.070631,0.0,0.0,0.451,0.713631,False,False,False,False,False,False,0.89,pass,,
845,Baptisms_San_Antonio_Baptism_Records_1788-1824_1858-1898.docx,845,raw/fs_0845.png,4cf51d3e8fc132fd28982e053fe9077e00c938c0c6c655a35b160cd7ef21b52c,dlstupka/hth-baptisms-san-antonio-1788-1824--1858-1898,61efff529fb7330a92f8d423c40c45bc60bb841c,dlstupka/hth,61efff529fb7330a92f8d423c40c45bc60bb841c,1786,1361,1.0,False,0,-0.25,0.0,0,0,0,0,0,0,0,0,1786,1361,122.706,81.726,196.0,3122.187,5.9779,0.323146,2e-06,0.0,0.553,0.0,False,False,False,False,False,False,0.729,review,very_small_content_region,
846,Baptisms_San_Antonio_Baptism_Records_1788-1824_1858-1898.docx,846,raw/fs_0846.png,cda9ea7ed28b0e5662c8838e591d3fab4cc48f76a275877a02888640185eb099,dlstupka/hth-baptisms-san-antonio-1788-1824--1858-1898,61efff529fb7330a92f8d423c40c45bc60bb841c,dlstupka/hth,61efff529fb7330a92f8d423c40c45bc60bb841c,1786,1361,1.0,False,0,-0.25,0.0,0,0,0,0,0,0,0,0,1786,1361,123.928,81.703,193.0,1809.303,5.7176,0.31449,0.0,0.312,0.369,0.0,False,False,False,False,False,False,0.73,review,very_small_content_region,
847,Baptisms_San_Antonio_Baptism_Records_1788-1824_1858-1898.docx,847,raw/fs_0847.png,d524a0d7cbba5d3994e43c36c4185806800225c00704545da66b63063b643865,dlstupka/hth-baptisms-san-antonio-1788-1824--1858-1898,61efff529fb7330a92f8d423c40c45bc60bb841c,dlstupka/hth,61efff529fb7330a92f8d423c40c45bc60bb841c,1786,1361,1.0,False,0,-0.25,0.0,165,55,1602,1312,1437,1257,165,55,184,49,169.001,43.26,143.0,1952.464,5.8967,0.066075,1e-06,0.0,0.339,0.743109,False,False,False,False,False,False,0.893,pass,,
848,Baptisms_San_Antonio_Baptism_Records_1788-1824_1858-1898.docx,848,raw/fs_0848.png,099ff3a6a5e7e8be7dd1198376b74e6e1321a0aa0211ac6ff8f52f83840166fb,dlstupka/hth-baptisms-san-antonio-1788-1824--1858-1898,61efff529fb7330a92f8d423c40c45bc60bb841c,dlstupka/hth,61efff529fb7330a92f8d423c40c45bc60bb841c,1786,1361,1.0,False,0,-0.25,0.0,167,59,1598,1313,1431,1254,167,59,188,48,168.657,42.84,141.0,2379.553,5.976,0.066495,1e-06,0.0,0.397,0.73824,False,False,False,False,False,False,0.89,pass,,
849,Baptisms_San_Antonio_Baptism_Records_1788-1824_1858-1898.docx,849,raw/fs_0849.png,fbd5310caf49ae3ac024d07c756d35dfc202585eac86a4094b13ced0dd116dcc,dlstupka/hth-baptisms-san-antonio-1788-1824--1858-1898,61efff529fb7330a92f8d423c40c45bc60bb841c,dlstupka/hth,61efff529fb7330a92f8d423c40c45bc60bb841c,1786,1361,1.0,False,0,-0.25,0.0,0,0,0,0,0,0,0,0,1786,1361,125.316,82.085,196.0,2039.505,5.8274,0.311214,1e-06,0.0,0.398,0.0,False,False,False,False,False,False,0.732,review,very_small_content_region,
850,Baptisms_San_Antonio_Baptism_Records_1788-1824_1858-1898.docx,850,raw/fs_0850.png,6f79c6c2f5acadd7d59158ae2cc983b731d6a90c720124104d28a8389d041b30,dlstupka/hth-baptisms-san-antonio-1788-1824--1858-1898,61efff529fb7330a92f8d423c40c45bc60bb841c,dlstupka/hth,61efff529fb7330a92f8d423c40c45bc60bb841c,1786,1361,1.0,False,0,-0.25,0.0,0,0,0,0,0,0,0,0,1786,1361,121.533,81.585,193.0,2061.751,5.8477,0.323857,2e-06,0.551,0.401,0.0,False,False,False,False,False,False,0.727,review,very_small_content_region,
851,Baptisms_San_Antonio_Baptism_Records_1788-1824_1858-1898.docx,851,raw/fs_0851.png,07268f96f4c83eb34391fd23d8a987ee7202741b2e2359529fdcc50d4b483291,dlstupka/hth-baptisms-san-antonio-1788-1824--1858-1898,61efff529fb7330a92f8d423c40c45bc60bb841c,dlstupka/hth,61efff529fb7330a92f8d423c40c45bc60bb841c,1786,1361,1.0,False,0,-0.25,0.0,0,0,0,0,0,0,0,0,1786,1361,122.77,82.135,194.0,2091.227,5.8098,0.323497,0.0,0.423,0.431,0.0,False,False,False,False,False,False,0.729,review,very_small_content_region,
852,Baptisms_San_Antonio_Baptism_Records_1788-1824_1858-1898.docx,852,raw/fs_0852.png,c83880f0b46ce8d9b6df42b875d1c3e97437e68b48a54dd9d19bd354b2fa05e2,dlstupka/hth-baptisms-san-antonio-1788-1824--1858-1898,61efff529fb7330a92f8d423c40c45bc60bb841c,dlstupka/hth,61efff529fb7330a92f8d423c40c45bc60bb841c,1786,1361,1.0,False,0,-0.25,0.0,0,0,0,0,0,0,0,0,1786,1361,121.752,81.887,193.0,2284.816,5.6825,0.322708,1e-06,0.593,0.444,0.0,False,False,False,False,False,False,0.727,review,very_small_content_region,
853,Baptisms_San_Antonio_Baptism_Records_1788-1824_1858-1898.docx,853,raw/fs_0853.png,695cee4774e1e1738406bbfbd77f1f932061f98c5e7727b941db030141a306a9,dlstupka/hth-baptisms-san-antonio-1788-1824--1858-1898,61efff529fb7330a92f8d423c40c45bc60bb841c,dlstupka/hth,61efff529fb7330a92f8d423c40c45bc60bb841c,1786,1361,1.0,False,0,-0.25,0.0,0,0,0,0,0,0,0,0,1786,1361,124.286,81.594,194.0,2422.98,5.8346,0.31492,3e-06,0.157,0.466,0.0,False,False,False,False,False,False,0.731,review,very_small_content_region,
854,Baptisms_San_Antonio_Baptism_Records_1788-1824_1858-1898.docx,854,raw/fs_0854.png,0104842b70fb19625f0d34ba0463c076c6bda6538440aa2c46bc721aea2f17a0,dlstupka/hth-baptisms-san-antonio-1788-1824--1858-1898,61efff529fb7330a92f8d423c40c45bc60bb841c,dlstupka/hth,61efff529fb7330a92f8d423c40c45bc60bb841c,1786,1361,1.0,False,0,-0.25,0.0,0,0,0,0,0,0,0,0,1786,1361,125.724,81.022,195.0,2277.011,5.9355,0.305273,0.0,0.0,0.469,0.0,False,False,False,False,False,False,0.733,review,very_small_content_region,
855,Baptisms_San_Antonio_Baptism_Records_1788-1824_1858-1898.docx,855,raw/fs_0855.png,78f6d8537b65df87145e0456f20840daf8ab760441bbffe3d128290c908d086c,dlstupka/hth-baptisms-san-antonio-1788-1824--1858-1898,61efff529fb7330a92f8d423c40c45bc60bb841c,dlstupka/hth,61efff529fb7330a92f8d423c40c45bc60bb841c,1786,1361,1.0,False,0,-0.25,0.0,197,69,1564,1305,1367,1236,197,69,222,56,173.313,34.887,99.0,2458.994,5.7849,0.040812,2e-06,0.0,0.402,0.6951,False,False,False,False,False,False,0.857,pass,,
856,Baptisms_San_Antonio_Baptism_Records_1788-1824_1858-1898.docx,856,raw/fs_0856.png,25cf671e7d7ce808a766d58b46caea961c370e2fc271ba6085a455211f3e2e34,dlstupka/hth-baptisms-san-antonio-1788-1824--1858-1898,61efff529fb7330a92f8d423c40c45bc60bb841c,dlstupka/hth,61efff529fb7330a92f8d423c40c45bc60bb841c,1786,1361,1.0,False,0,-0.25,0.0,0,0,0,0,0,0,0,0,1786,1361,124.391,82.287,194.0,1863.937,5.6684,0.314857,0.0,0.0,0.382,0.0,False,False,False,False,False,False,0.731,review,very_small_content_region,
857,Baptisms_San_Antonio_Baptism_Records_1788-1824_1858-1898.docx,857,raw/fs_0857.png,4c7ef72e70113968655a009cc936fb29e55a5c832a1f0e601dfef77c7b1381a7,dlstupka/hth-baptisms-san-antonio-1788-1824--1858-1898,61efff529fb7330a92f8d423c40c45bc60bb841c,dlstupka/hth,61efff529fb7330a92f8d423c40c45bc60bb841c,1786,1361,1.0,False,0,-0.25,0.0,0,0,0,0,0,0,0,0,1786,1361,121.972,82.696,194.0,2332.852,5.712,0.326729,2e-06,0.304,0.454,0.0,False,False,False,False,False,False,0.728,review,very_small_content_region,
858,Baptisms_San_Antonio_Baptism_Records_1788-1824_1858-1898.docx,858,raw/fs_0858.png,65289a0042bc5a0bfbbd053120d47b495591a1bb657338176dda4326d53c317b,dlstupka/hth-baptisms-san-antonio-1788-1824--1858-1898,61efff529fb7330a92f8d423c40c45bc60bb841c,dlstupka/hth,61efff529fb7330a92f8d423c40c45bc60bb841c,1786,1361,1.0,False,0,-0.25,0.0,0,0,0,0,0,0,0,0,1786,1361,131.965,80.775,197.0,1684.547,5.6941,0.280707,0.0,0.0,0.345,0.0,False,False,False,False,False,False,0.742,review,very_small_content_region,
859,Baptisms_San_Antonio_Baptism_Records_1788-1824_1858-1898.docx,859,raw/fs_0859.png,9b3a7b1a6099ae12e357a373ce399382186b5305a631f8290926b3e25575fc2b,dlstupka/hth-baptisms-san-antonio-1788-1824--1858-1898,61efff529fb7330a92f8d423c40c45bc60bb841c,dlstupka/hth,61efff529fb7330a92f8d423c40c45bc60bb841c,1786,1361,1.0,False,0,-0.25,0.0,0,0,0,0,0,0,0,0,1786,1361,125.029,81.636,194.0,1712.709,5.7868,0.310944,0.0,0.167,0.358,0.0,False,False,False,False,False,False,0.732,review,very_small_content_region,
860,Baptisms_San_Antonio_Baptism_Records_1788-1824_1858-1898.docx,860,raw/fs_0860.png,95eb8416d946c6c180676146eee3af7af0a20ef4229c37c076991bb1a219ada1,dlstupka/hth-baptisms-san-antonio-1788-1824--1858-1898,61efff529fb7330a92f8d423c40c45bc60bb841c,dlstupka/hth,61efff529fb7330a92f8d423c40c45bc60bb841c,1786,1361,1.0,False,0,-0.25,0.0,0,0,0,0,0,0,0,0,1786,1361,127.144,81.352,195.0,2173.866,5.8304,0.30386,0.0,0.0,0.431,0.0,False,False,False,False,False,False,0.735,review,very_small_content_region,
861,Baptisms_San_Antonio_Baptism_Records_1788-1824_1858-1898.docx,861,raw/fs_0861.png,bd0b15885d7911a877f0a67f8b8844e381884f481159b3f00f8160f3dedcf5fe,dlstupka/hth-baptisms-san-antonio-1788-1824--1858-1898,61efff529fb7330a92f8d423c40c45bc60bb841c,dlstupka/hth,61efff529fb7330a92f8d423c40c45bc60bb841c,1786,1361,1.0,False,0,-0.25,0.0,0,0,0,0,0,0,0,0,1786,1361,132.503,79.701,207.0,2349.676,5.8465,0.275599,1e-06,0.0,0.469,0.0,False,False,False,False,False,False,0.743,review,very_small_content_region,
862,Baptisms_San_Antonio_Baptism_Records_1788-1824_1858-1898.docx,862,raw/fs_0862.png,f7e92befc4ee0753e2bf4ebb2d210ef772e734dd93b499b6149e70a49878379f,dlstupka/hth-baptisms-san-antonio-1788-1824--1858-1898,61efff529fb7330a92f8d423c40c45bc60bb841c,dlstupka/hth,61efff529fb7330a92f8d423c40c45bc60bb841c,1786,1361,1.0,False,0,-0.25,0.0,0,0,0,0,0,0,0,0,1786,1361,130.114,80.883,196.0,2008.724,5.7572,0.28876,1e-06,0.0,0.398,0.0,False,False,False,False,False,False,0.74,review,very_small_content_region,
863,Baptisms_San_Antonio_Baptism_Records_1788-1824_1858-1898.docx,863,raw/fs_0863.png,021a29ddbdb01f2bd328641eaf7d18fe5d929d067005bea2b26a6be47258da35,dlstupka/hth-baptisms-san-antonio-1788-1824--1858-1898,61efff529fb7330a92f8d423c40c45bc60bb841c,dlstupka/hth,61efff529fb7330a92f8d423c40c45bc60bb841c,1786,1361,1.0,False,0,-0.25,0.0,0,0,0,0,0,0,0,0,1786,1361,128.319,81.765,194.0,1329.391,5.6298,0.30076,0.0,0.029,0.297,0.0,False,False,False,False,False,False,0.737,review,very_small_content_region,
864,Baptisms_San_Antonio_Baptism_Records_1788-1824_1858-1898.docx,864,raw/fs_0864.png,b5c072380065f9b8c15877ba2fb3b6651db1043e6f79e9496d9c7f93c0bb41d0,dlstupka/hth-baptisms-san-antonio-1788-1824--1858-1898,61efff529fb7330a92f8d423c40c45bc60bb841c,dlstupka/hth,61efff529fb7330a92f8d423c40c45bc60bb841c,1786,1361,1.0,False,0,-0.25,0.0,0,0,0,0,0,0,0,0,1786,1361,125.115,79.879,192.0,1807.285,5.8494,0.302872,0.0,0.104,0.385,0.0,False,False,False,False,False,False,0.732,review,very_small_content_region,
865,Baptisms_San_Antonio_Baptism_Records_1788-1824_1858-1898.docx,865,raw/fs_0865.png,357b3a744705977bca6f41ad7bb3631ad31026ec6905389eda5a7c2fddfde51a,dlstupka/hth-baptisms-san-antonio-1788-1824--1858-1898,61efff529fb7330a92f8d423c40c45bc60bb841c,dlstupka/hth,61efff529fb7330a92f8d423c40c45bc60bb841c,1786,1361,1.0,False,0,-0.25,0.0,0,0,0,0,0,0,0,0,1786,1361,128.848,81.086,194.0,1505.242,5.6556,0.294582,0.0,0.118,0.331,0.0,False,False,False,False,False,False,0.738,review,very_small_content_region,
866,Baptisms_San_Antonio_Baptism_Records_1788-1824_1858-1898.docx,866,raw/fs_0866.png,3e8ea763c78584e38574a4b4a1bf82d6f0e8698cc29f140a52eae0c46f50b80f,dlstupka/hth-baptisms-san-antonio-1788-1824--1858-1898,61efff529fb7330a92f8d423c40c45bc60bb841c,dlstupka/hth,61efff529fb7330a92f8d423c40c45bc60bb841c,1786,1361,1.0,False,0,-0.25,0.0,0,0,0,0,0,0,0,0,1786,1361,129.427,81.324,197.0,2139.103,5.8123,0.292538,2e-06,0.0,0.425,0.0,False,False,False,False,False,False,0.738,review,very_small_content_region,
867,Baptisms_San_Antonio_Baptism_Records_1788-1824_1858-1898.docx,867,raw/fs_0867.png,101ef9f0457ee4932fd1d95b279cdbe5305079199d48fabd826607b1472be93f,dlstupka/hth-baptisms-san-antonio-1788-1824--1858-1898,61efff529fb7330a92f8d423c40c45bc60bb841c,dlstupka/hth,61efff529fb7330a92f8d423c40c45bc60bb841c,1786,1361,1.0,False,0,-0.25,0.0,0,0,0,0,0,0,0,0,1786,1361,127.632,78.923,191.0,1715.533,5.8389,0.29071,0.0,0.037,0.379,0.0,False,False,False,False,False,False,0.736,review,very_small_content_region,
868,Baptisms_San_Antonio_Baptism_Records_1788-1824_1858-1898.docx,868,raw/fs_0868.png,603eb3ba55a0ed512d71d442ed6b73880f04e26798734e674a3f376fbb4b0ce0,dlstupka/hth-baptisms-san-antonio-1788-1824--1858-1898,61efff529fb7330a92f8d423c40c45bc60bb841c,dlstupka/hth,61efff529fb7330a92f8d423c40c45bc60bb841c,1786,1361,1.0,False,0,-0.25,0.0,0,0,0,0,0,0,0,0,1786,1361,138.819,76.293,197.0,1971.908,5.9265,0.242108,1e-06,0.0,0.419,0.0,False,False,False,False,False,False,0.752,review,very_small_content_region,
869,Baptisms_San_Antonio_Baptism_Records_1788-1824_1858-1898.docx,869,raw/fs_0869.png,f1c030412a7b4ef7540604e98643d51cbb76bc84c9ca73af18ded49e49491544,dlstupka/hth-baptisms-san-antonio-1788-1824--1858-1898,61efff529fb7330a92f8d423c40c45bc60bb841c,dlstupka/hth,61efff529fb7330a92f8d423c40c45bc60bb841c,1786,1361,1.0,False,0,-0.25,0.0,0,0,0,0,0,0,0,0,1786,1361,125.917,81.075,194.0,2084.928,5.8302,0.305168,0.0,0.025,0.432,0.0,False,False,False,False,False,False,0.733,review,very_small_content_region,
870,Baptisms_San_Antonio_Baptism_Records_1788-1824_1858-1898.docx,870,raw/fs_0870.png,aa77f6b9d5b40a6d9a3cc118a06e1a0f69ea45008ace66a35d1a0bfa03a782f4,dlstupka/hth-baptisms-san-antonio-1788-1824--1858-1898,61efff529fb7330a92f8d423c40c45bc60bb841c,dlstupka/hth,61efff529fb7330a92f8d423c40c45bc60bb841c,1786,1361,1.0,False,0,-0.25,0.0,0,0,0,0,0,0,0,0,1786,1361,126.05,81.753,194.0,1895.451,5.69,0.305443,0.0,0.0,0.391,0.0,False,False,False,False,False,False,0.734,review,very_small_content_region,
871,Baptisms_San_Antonio_Baptism_Records_1788-1824_1858-1898.docx,871,raw/fs_0871.png,f79b183ba47d8daa4a1b41947f04f448a144e308d6814c03fe8cc3e281e363c1,dlstupka/hth-baptisms-san-antonio-1788-1824--1858-1898,61efff529fb7330a92f8d423c40c45bc60bb841c,dlstupka/hth,61efff529fb7330a92f8d423c40c45bc60bb841c,1786,1361,1.0,False,0,-0.25,0.0,0,0,0,0,0,0,0,0,1786,1361,125.258,82.877,196.0,1916.058,5.68,0.314076,0.0,0.0,0.368,0.0,False,False,False,False,False,False,0.732,review,very_small_content_region,
872,Baptisms_San_Antonio_Baptism_Records_1788-1824_1858-1898.docx,872,raw/fs_0872.png,dab980a5342c032ea492d018014449c3e202d2309ccb1b57dada27c6c7bc6aae,dlstupka/hth-baptisms-san-antonio-1788-1824--1858-1898,61efff529fb7330a92f8d423c40c45bc60bb841c,dlstupka/hth,61efff529fb7330a92f8d423c40c45bc60bb841c,1786,1361,1.0,False,0,-0.25,0.0,0,0,0,0,0,0,0,0,1786,1361,126.933,81.894,195.0,1792.865,5.7041,0.305381,2e-06,0.0,0.351,0.0,False,False,False,False,False,False,0.735,review,very_small_content_region,
873,Baptisms_San_Antonio_Baptism_Records_1788-1824_1858-1898.docx,873,raw/fs_0873.png,ce653df08b9f756d281ecc5575e4372a9316dde68298279b1619a107636426c6,dlstupka/hth-baptisms-san-antonio-1788-1824--1858-1898,61efff529fb7330a92f8d423c40c45bc60bb841c,dlstupka/hth,61efff529fb7330a92f8d423c40c45bc60bb841c,1786,1361,1.0,False,0,-0.25,0.0,0,0,0,0,0,0,0,0,1786,1361,127.235,81.678,195.0,1705.6,5.7263,0.303073,0.0,0.0,0.348,0.0,False,False,False,False,False,False,0.735,review,very_small_content_region,
874,Baptisms_San_Antonio_Baptism_Records_1788-1824_1858-1898.docx,874,raw/fs_0874.png,0febcd18500f242818f1185095488e7207b2bc7f895daf1694c8497b4e43b861,dlstupka/hth-baptisms-san-antonio-1788-1824--1858-1898,61efff529fb7330a92f8d423c40c45bc60bb841c,dlstupka/hth,61efff529fb7330a92f8d423c40c45bc60bb841c,1786,1361,1.0,False,0,-0.25,0.0,0,0,0,0,0,0,0,0,1786,1361,126.076,81.609,194.0,2043.37,5.6984,0.307494,0.0,0.0,0.421,0.0,False,False,False,False,False,False,0.734,review,very_small_content_region,
875,Baptisms_San_Antonio_Baptism_Records_1788-1824_1858-1898.docx,875,raw/fs_0875.png,4ee1dec2a458f275ac59785d53f225e3018e7db55e1af0e9be0ec66b4637f8db,dlstupka/hth-baptisms-san-antonio-1788-1824--1858-1898,61efff529fb7330a92f8d423c40c45bc60bb841c,dlstupka/hth,61efff529fb7330a92f8d423c40c45bc60bb841c,1786,1361,1.0,False,0,-0.25,0.0,0,0,0,0,0,0,0,0,1786,1361,138.948,73.442,193.0,1733.006,5.9034,0.229427,0.0,0.298,0.403,0.0,False,False,False,False,False,False,0.752,review,very_small_content_region,
876,Baptisms_San_Antonio_Baptism_Records_1788-1824_1858-1898.docx,876,raw/fs_0876.png,3e14b57730ebbe5fefdab75762080cd04851f402a3b3eeea3ee8feda7ffbef3d,dlstupka/hth-baptisms-san-antonio-1788-1824--1858-1898,61efff529fb7330a92f8d423c40c45bc60bb841c,dlstupka/hth,61efff529fb7330a92f8d423c40c45bc60bb841c,1786,1361,1.0,False,0,-0.25,0.0,0,0,0,0,0,0,0,0,1786,1361,126.594,82.119,196.0,1977.207,5.828,0.306398,1e-06,0.0,0.399,0.0,False,False,False,False,False,False,0.734,review,very_small_content_region,
877,Baptisms_San_Antonio_Baptism_Records_1788-1824_1858-1898.docx,877,raw/fs_0877.png,05b130ee248de3ccd97ea5b7a1c62fb89a21af4119b8fba67e0afbb3b1b9b6db,dlstupka/hth-baptisms-san-antonio-1788-1824--1858-1898,61efff529fb7330a92f8d423c40c45bc60bb841c,dlstupka/hth,61efff529fb7330a92f8d423c40c45bc60bb841c,1786,1361,1.0,False,0,-0.25,0.0,0,0,0,0,0,0,0,0,1786,1361,127.458,82.078,196.0,1924.932,5.7287,0.304002,0.0,0.0,0.386,0.0,False,False,False,False,False,False,0.736,review,very_small_content_region,
878,Baptisms_San_Antonio_Baptism_Records_1788-1824_1858-1898.docx,878,raw/fs_0878.png,8757d4a5958b4c743b8254385c4e60dbc2d059dfbc33e1145fde02dc0731e1bf,dlstupka/hth-baptisms-san-antonio-1788-1824--1858-1898,61efff529fb7330a92f8d423c40c45bc60bb841c,dlstupka/hth,61efff529fb7330a92f8d423c40c45bc60bb841c,1786,1361,1.0,False,0,-0.25,0.0,0,0,0,0,0,0,0,0,1786,1361,133.325,78.282,195.0,2025.387,5.7966,0.266144,0.0,0.0,0.433,0.0,False,False,False,False,False,False,0.744,review,very_small_content_region,
879,Baptisms_San_Antonio_Baptism_Records_1788-1824_1858-1898.docx,879,raw/fs_0879.png,bf1eb73ce91718d9a6713e859263f02a655c35591f4690922cb2f0c6aded9d8c,dlstupka/hth-baptisms-san-antonio-1788-1824--1858-1898,61efff529fb7330a92f8d423c40c45bc60bb841c,dlstupka/hth,61efff529fb7330a92f8d423c40c45bc60bb841c,1786,1361,1.0,False,0,-0.25,0.0,0,0,0,0,0,0,0,0,1786,1361,128.641,80.902,194.0,1828.842,5.7516,0.294444,1e-06,0.0,0.365,0.0,False,False,False,False,False,False,0.737,review,very_small_content_region,
880,Baptisms_San_Antonio_Baptism_Records_1788-1824_1858-1898.docx,880,raw/fs_0880.png,99a263f1bdd214482dc2cd8b4805b6a5c1b7b2db47b70a602113a766e85e5eb4,dlstupka/hth-baptisms-san-antonio-1788-1824--1858-1898,61efff529fb7330a92f8d423c40c45bc60bb841c,dlstupka/hth,61efff529fb7330a92f8d423c40c45bc60bb841c,1786,1361,1.0,False,0,-0.25,0.0,0,0,0,0,0,0,0,0,1786,1361,126.027,81.004,192.0,1515.633,5.622,0.303805,0.0,0.097,0.32,0.0,False,False,False,False,False,False,0.734,review,very_small_content_region,
881,Baptisms_San_Antonio_Baptism_Records_1788-1824_1858-1898.docx,881,raw/fs_0881.png,8408da391cbaf93120b09337e32853e495a8004d7e56808db67002cf75b6ae4c,dlstupka/hth-baptisms-san-antonio-1788-1824--1858-1898,61efff529fb7330a92f8d423c40c45bc60bb841c,dlstupka/hth,61efff529fb7330a92f8d423c40c45bc60bb841c,1786,1361,1.0,False,0,-0.25,0.0,0,0,0,0,0,0,0,0,1786,1361,127.117,80.668,195.0,2688.361,5.9411,0.299608,1e-06,0.0,0.536,0.0,False,False,False,False,False,False,0.735,review,very_small_content_region,
882,Baptisms_San_Antonio_Baptism_Records_1788-1824_1858-1898.docx,882,raw/fs_0882.png,09b33de07ade21eac347322afdd1feee45ded0b05af50ea0d4cba530f7f7225c,dlstupka/hth-baptisms-san-antonio-1788-1824--1858-1898,61efff529fb7330a92f8d423c40c45bc60bb841c,dlstupka/hth,61efff529fb7330a92f8d423c40c45bc60bb841c,1786,1361,1.0,False,0,-0.25,0.0,0,0,0,0,0,0,0,0,1786,1361,122.193,80.328,192.0,2838.798,5.8416,0.316298,1e-06,0.004,0.518,0.0,False,False,False,False,False,False,0.728,review,very_small_content_region,
883,Baptisms_San_Antonio_Baptism_Records_1788-1824_1858-1898.docx,883,raw/fs_0883.png,f8bddcb168209a36271aa33e838d6ba13351b2d92d8559a3c8f31fc7fb049b8a,dlstupka/hth-baptisms-san-antonio-1788-1824--1858-1898,61efff529fb7330a92f8d423c40c45bc60bb841c,dlstupka/hth,61efff529fb7330a92f8d423c40c45bc60bb841c,1786,1361,1.0,False,0,-0.25,0.0,0,0,0,0,0,0,0,0,1786,1361,133.334,79.398,200.0,2393.941,5.9377,0.272019,0.0,0.0,0.491,0.0,False,False,False,False,False,False,0.744,review,very_small_content_region,
884,Baptisms_San_Antonio_Baptism_Records_1788-1824_1858-1898.docx,884,raw/fs_0884.png,ee240b7535200b9dcc0f0d49221499da2c1614a06fe2db13ed6e35cf7a3e6487,dlstupka/hth-baptisms-san-antonio-1788-1824--1858-1898,61efff529fb7330a92f8d423c40c45bc60bb841c,dlstupka/hth,61efff529fb7330a92f8d423c40c45bc60bb841c,1786,1361,1.0,False,0,-0.25,0.0,0,0,0,0,0,0,0,0,1786,1361,124.754,80.65,192.0,1941.483,5.7585,0.307719,1e-06,0.063,0.387,0.0,False,False,False,False,False,False,0.732,review,very_small_content_region,
885,Baptisms_San_Antonio_Baptism_Records_1788-1824_1858-1898.docx,885,raw/fs_0885.png,5fe196c05531d9c2cd4334def7c3400cc305326cf6dce833e9afae2d4d04da47,dlstupka/hth-baptisms-san-antonio-1788-1824--1858-1898,61efff529fb7330a92f8d423c40c45bc60bb841c,dlstupka/hth,61efff529fb7330a92f8d423c40c45bc60bb841c,1786,1361,1.0,False,0,-0.25,0.0,0,0,0,0,0,0,0,0,1786,1361,128.276,81.007,194.0,1705.056,5.6733,0.294857,0.0,0.0,0.351,0.0,False,False,False,False,False,False,0.737,review,very_small_content_region,
886,Baptisms_San_Antonio_Baptism_Records_1788-1824_1858-1898.docx,886,raw/fs_0886.png,2518d3bc33a5a55cebccdcbe8d23b769cee1e207543a191654bf16a1ccd8c17b,dlstupka/hth-baptisms-san-antonio-1788-1824--1858-1898,61efff529fb7330a92f8d423c40c45bc60bb841c,dlstupka/hth,61efff529fb7330a92f8d423c40c45bc60bb841c,1786,1361,1.0,False,0,-0.25,0.0,0,0,0,0,0,0,0,0,1786,1361,124.835,81.15,192.0,1733.97,5.6797,0.308981,0.0,0.264,0.351,0.0,False,False,False,False,False,False,0.732,review,very_small_content_region,
887,Baptisms_San_Antonio_Baptism_Records_1788-1824_1858-1898.docx,887,raw/fs_0887.png,a82ee8f026438e509508d8fdbeafc945192a4acbd4ea20c333d76282eae2a116,dlstupka/hth-baptisms-san-antonio-1788-1824--1858-1898,61efff529fb7330a92f8d423c40c45bc60bb841c,dlstupka/hth,61efff529fb7330a92f8d423c40c45bc60bb841c,1786,1361,1.0,False,0,-0.25,0.0,0,0,0,0,0,0,0,0,1786,1361,125.524,82.421,194.0,1844.467,5.6806,0.3117,1e-06,0.0,0.364,0.0,False,False,False,False,False,False,0.733,review,very_small_content_region,
888,Baptisms_San_Antonio_Baptism_Records_1788-1824_1858-1898.docx,888,raw/fs_0888.png,f929b211d386334f6f8f1cbb89feb9c43b5ea44a1744fdb6e0927321a541ef25,dlstupka/hth-baptisms-san-antonio-1788-1824--1858-1898,61efff529fb7330a92f8d423c40c45bc60bb841c,dlstupka/hth,61efff529fb7330a92f8d423c40c45bc60bb841c,1786,1361,1.0,False,0,-0.25,0.0,0,0,0,0,0,0,0,0,1786,1361,125.607,80.516,192.0,2118.971,5.7661,0.303608,1e-06,0.0,0.42,0.0,False,False,False,False,False,False,0.733,review,very_small_content_region,
889,Baptisms_San_Antonio_Baptism_Records_1788-1824_1858-1898.docx,889,raw/fs_0889.png,a0e88bb7cde198cde5aaf2d3914e9403e219841429a4b28537fa4eb034e6b507,dlstupka/hth-baptisms-san-antonio-1788-1824--1858-1898,61efff529fb7330a92f8d423c40c45bc60bb841c,dlstupka/hth,61efff529fb7330a92f8d423c40c45bc60bb841c,1786,1361,1.0,False,0,-0.25,0.0,0,0,0,0,0,0,0,0,1786,1361,128.582,81.151,195.0,2100.951,5.7289,0.29431,1e-06,0.0,0.421,0.0,False,False,False,False,False,False,0.737,review,very_small_content_region,
890,Baptisms_San_Antonio_Baptism_Records_1788-1824_1858-1898.docx,890,raw/fs_0890.png,f2b377899aef065a04d21da0b0395115a41977b7b400634cba7bc4d44ff10e20,dlstupka/hth-baptisms-san-antonio-1788-1824--1858-1898,61efff529fb7330a92f8d423c40c45bc60bb841c,dlstupka/hth,61efff529fb7330a92f8d423c40c45bc60bb841c,1786,1361,1.0,False,0,-0.25,0.0,0,0,0,0,0,0,0,0,1786,1361,123.058,80.584,191.0,2095.039,5.7404,0.311982,0.0,0.183,0.415,0.0,False,False,False,False,False,False,0.729,review,very_small_content_region,
891,Baptisms_San_Antonio_Baptism_Records_1788-1824_1858-1898.docx,891,raw/fs_0891.png,6e75c1aba7009eef7744cd04c26033c31abc2618f6535fbdfb447cbffbc6f60d,dlstupka/hth-baptisms-san-antonio-1788-1824--1858-1898,61efff529fb7330a92f8d423c40c45bc60bb841c,dlstupka/hth,61efff529fb7330a92f8d423c40c45bc60bb841c,1786,1361,1.0,False,0,-0.25,0.0,0,0,0,0,0,0,0,0,1786,1361,124.514,80.551,191.0,1987.085,5.7217,0.305975,0.0,0.244,0.38,0.0,False,False,False,False,False,False,0.731,review,very_small_content_region,
892,Baptisms_San_Antonio_Baptism_Records_1788-1824_1858-1898.docx,892,raw/fs_0892.png,0656c873c3037691d4115d9cdafe7dacbce2c6d50ea68ea5e4016f93f302da05,dlstupka/hth-baptisms-san-antonio-1788-1824--1858-1898,61efff529fb7330a92f8d423c40c45bc60bb841c,dlstupka/hth,61efff529fb7330a92f8d423c40c45bc60bb841c,1786,1361,1.0,False,0,-0.25,0.0,0,0,0,0,0,0,0,0,1786,1361,137.478,73.417,192.0,1732.863,5.895,0.232355,0.0,0.317,0.372,0.0,False,False,False,False,False,False,0.75,review,very_small_content_region,
893,Baptisms_San_Antonio_Baptism_Records_1788-1824_1858-1898.docx,893,raw/fs_0893.png,2c0d92477a8b165e07a8d995c982bf5a2211f8c140426945c860617b87db9424,dlstupka/hth-baptisms-san-antonio-1788-1824--1858-1898,61efff529fb7330a92f8d423c40c45bc60bb841c,dlstupka/hth,61efff529fb7330a92f8d423c40c45bc60bb841c,1786,1361,1.0,False,0,-0.25,0.0,0,0,0,0,0,0,0,0,1786,1361,126.16,80.332,191.0,1619.866,5.6597,0.298873,0.0,0.643,0.327,0.0,False,False,False,False,False,False,0.734,review,very_small_content_region,
894,Baptisms_San_Antonio_Baptism_Records_1788-1824_1858-1898.docx,894,raw/fs_0894.png,6a0929f58a91fa6ad770873dd94c5cfcccd6ef7c33131f2928c65b2bc6492ce7,dlstupka/hth-baptisms-san-antonio-1788-1824--1858-1898,61efff529fb7330a92f8d423c40c45bc60bb841c,dlstupka/hth,61efff529fb7330a92f8d423c40c45bc60bb841c,1786,1361,1.0,False,0,-0.25,0.0,0,0,0,0,0,0,0,0,1786,1361,127.134,80.437,193.0,1737.799,5.7796,0.295886,0.0,0.0,0.347,0.0,False,False,False,False,False,False,0.735,review,very_small_content_region,
895,Baptisms_San_Antonio_Baptism_Records_1788-1824_1858-1898.docx,895,raw/fs_0895.png,b82da99b6dae39a844525db21d18208bb35bfb0789125d0687a5b367f912ae29,dlstupka/hth-baptisms-san-antonio-1788-1824--1858-1898,61efff529fb7330a92f8d423c40c45bc60bb841c,dlstupka/hth,61efff529fb7330a92f8d423c40c45bc60bb841c,1786,1361,1.0,False,0,-0.25,0.0,232,62,1584,1305,1352,1243,232,62,202,56,176.148,27.755,69.0,1994.146,5.5022,0.022263,0.0,0.168,0.335,0.691366,False,False,False,False,False,False,0.826,pass,,
896,Baptisms_San_Antonio_Baptism_Records_1788-1824_1858-1898.docx,896,raw/fs_0896.png,7248fa9debaa690a6767817ac9b0ebf66a5aa9bf357eaecab6f287bfdc4355ea,dlstupka/hth-baptisms-san-antonio-1788-1824--1858-1898,61efff529fb7330a92f8d423c40c45bc60bb841c,dlstupka/hth,61efff529fb7330a92f8d423c40c45bc60bb841c,1786,1361,1.0,False,0,-0.25,0.0,0,0,0,0,0,0,0,0,1786,1361,138.448,73.663,193.0,1866.509,5.9193,0.23214,1e-06,0.33,0.399,0.0,False,False,False,False,False,False,0.752,review,very_small_content_region,
897,Baptisms_San_Antonio_Baptism_Records_1788-1824_1858-1898.docx,897,raw/fs_0897.png,89919d851f8dda8d6600a8843e475c08c90640623b8ec3144dd4e9b9eefa2ea2,dlstupka/hth-baptisms-san-antonio-1788-1824--1858-1898,61efff529fb7330a92f8d423c40c45bc60bb841c,dlstupka/hth,61efff529fb7330a92f8d423c40c45bc60bb841c,1786,1361,1.0,False,0,-0.25,0.0,168,51,1615,1317,1447,1266,168,51,171,44,168.599,42.693,142.0,1908.671,5.7966,0.062319,0.0,0.0,0.339,0.753638,False,False,False,False,False,False,0.889,pass,,
898,Baptisms_San_Antonio_Baptism_Records_1788-1824_1858-1898.docx,898,raw/fs_0898.png,398fd061704199a8de9e23d3cb3b0ae77a3e6ca830a6bc58d60a7832212afa48,dlstupka/hth-baptisms-san-antonio-1788-1824--1858-1898,61efff529fb7330a92f8d423c40c45bc60bb841c,dlstupka/hth,61efff529fb7330a92f8d423c40c45bc60bb841c,1786,1361,1.0,False,0,-0.25,0.0,0,0,0,0,0,0,0,0,1786,1361,125.108,81.411,193.0,1865.105,5.6916,0.307365,1e-06,0.231,0.385,0.0,False,False,False,False,False,False,0.732,review,very_small_content_region,
899,Baptisms_San_Antonio_Baptism_Records_1788-1824_1858-1898.docx,899,raw/fs_0899.png,ae7e902aaf4987446c3cb11c78a3634a6d5fdec14ff49b29256c2724b3a1b4df,dlstupka/hth-baptisms-san-antonio-1788-1824--1858-1898,61efff529fb7330a92f8d423c40c45bc60bb841c,dlstupka/hth,61efff529fb7330a92f8d423c40c45bc60bb841c,1786,1361,1.0,False,0,-0.25,0.0,0,0,0,0,0,0,0,0,1786,1361,137.225,76.431,194.0,1735.834,5.7285,0.243541,0.0,0.0,0.391,0.0,False,False,False,False,False,False,0.75,review,very_small_content_region,
900,Baptisms_San_Antonio_Baptism_Records_1788-1824_1858-1898.docx,900,raw/fs_0900.png,7018a76052908296098ece8590653c67e59c6461677ee703f809c459a8d53935,dlstupka/hth-baptisms-san-antonio-1788-1824--1858-1898,61efff529fb7330a92f8d423c40c45bc60bb841c,dlstupka/hth,61efff529fb7330a92f8d423c40c45bc60bb841c,1786,1361,1.0,False,0,-0.25,0.0,0,0,0,0,0,0,0,0,1786,1361,131.792,77.739,192.0,1733.87,5.8225,0.272067,0.0,0.545,0.378,0.0,False,False,False,False,False,False,0.742,review,very_small_content_region,
901,Baptisms_San_Antonio_Baptism_Records_1788-1824_1858-1898.docx,901,raw/fs_0901.png,bace43da6bdc3a9468fc66edd70e2552a0dea3dce2fb9c4f2b6e1e55108fa8ea,dlstupka/hth-baptisms-san-antonio-1788-1824--1858-1898,61efff529fb7330a92f8d423c40c45bc60bb841c,dlstupka/hth,61efff529fb7330a92f8d423c40c45bc60bb841c,1786,1361,1.0,False,0,-0.25,0.0,179,60,1603,1320,1424,1260,179,60,183,41,169.841,40.688,127.0,2199.985,5.7665,0.057699,0.0,0.0,0.365,0.738144,False,False,False,False,False,False,0.881,pass,,
902,Baptisms_San_Antonio_Baptism_Records_1788-1824_1858-1898.docx,902,raw/fs_0902.png,4ee218ea3e2f7a77b60020a43bdf3f4ba2854fb0a5fe0846763f6cbb74f6a57e,dlstupka/hth-baptisms-san-antonio-1788-1824--1858-1898,61efff529fb7330a92f8d423c40c45bc60bb841c,dlstupka/hth,61efff529fb7330a92f8d423c40c45bc60bb841c,1786,1361,1.0,False,0,-0.25,0.0,215,83,1565,1317,1350,1234,215,83,221,44,175.891,26.076,58.0,1730.341,5.4838,0.018532,0.0,0.172,0.281,0.685345,False,False,False,False,False,False,0.817,pass,,
903,Baptisms_San_Antonio_Baptism_Records_1788-1824_1858-1898.docx,903,raw/fs_0903.png,791d8874204bcc59060b688718710e536759dec0687f848186090b0b87af84ee,dlstupka/hth-baptisms-san-antonio-1788-1824--1858-1898,61efff529fb7330a92f8d423c40c45bc60bb841c,dlstupka/hth,61efff529fb7330a92f8d423c40c45bc60bb841c,1786,1361,1.0,False,0,-0.25,0.0,188,52,1595,1310,1407,1258,188,52,191,51,171.603,36.882,107.0,2001.434,5.6482,0.045954,1e-06,0.0,0.326,0.728174,False,False,False,False,False,False,0.865,pass,,
904,Baptisms_San_Antonio_Baptism_Records_1788-1824_1858-1898.docx,904,raw/fs_0904.png,cc70b354550e5d4c810838f012c79a78ae5ba5c942f9fa8a477caec1be572dba,dlstupka/hth-baptisms-san-antonio-1788-1824--1858-1898,61efff529fb7330a92f8d423c40c45bc60bb841c,dlstupka/hth,61efff529fb7330a92f8d423c40c45bc60bb841c,1786,1361,1.0,False,0,-0.25,0.0,178,52,1592,1309,1414,1257,178,52,194,52,170.49,39.312,120.0,2125.784,5.7867,0.053735,2e-06,0.0,0.365,0.731215,False,False,False,False,False,False,0.875,pass,,
905,Baptisms_San_Antonio_Baptism_Records_1788-1824_1858-1898.docx,905,raw/fs_0905.png,3e45016c58b7bfd88417b377c9d392790131055719448a968e3a77fa30e45e80,dlstupka/hth-baptisms-san-antonio-1788-1824--1858-1898,61efff529fb7330a92f8d423c40c45bc60bb841c,dlstupka/hth,61efff529fb7330a92f8d423c40c45bc60bb841c,1786,1361,1.0,False,0,-0.25,0.0,189,50,1582,1306,1393,1256,189,50,204,55,171.783,33.295,90.0,1953.583,5.6065,0.037358,0.0,0.0,0.317,0.719782,False,False,False,False,False,False,0.847,pass,,
906,Baptisms_San_Antonio_Baptism_Records_1788-1824_1858-1898.docx,906,raw/fs_0906.png,c32428a2f7bad0564fec9d8a45663d0e96e9fd60f6a55a92612ed67c7097a381,dlstupka/hth-baptisms-san-antonio-1788-1824--1858-1898,61efff529fb7330a92f8d423c40c45bc60bb841c,dlstupka/hth,61efff529fb7330a92f8d423c40c45bc60bb841c,1786,1361,1.0,False,0,-0.25,0.0,185,53,1581,1306,1396,1253,185,53,205,55,172.095,37.642,109.0,1921.374,5.7477,0.047177,3e-06,0.0,0.318,0.71961,False,False,False,False,False,False,0.869,pass,,
907,Baptisms_San_Antonio_Baptism_Records_1788-1824_1858-1898.docx,907,raw/fs_0907.png,8bdf3ce5e6670a1c785a70066b90c44aa9128fce31c904a9d20101fd5386e3a8,dlstupka/hth-baptisms-san-antonio-1788-1824--1858-1898,61efff529fb7330a92f8d423c40c45bc60bb841c,dlstupka/hth,61efff529fb7330a92f8d423c40c45bc60bb841c,1786,1361,1.0,False,0,-0.25,0.0,192,63,1572,1303,1380,1240,192,63,214,58,174.357,35.837,99.0,1974.059,5.6311,0.041424,1e-06,0.0,0.33,0.703981,False,False,False,False,False,False,0.864,pass,,
908,Baptisms_San_Antonio_Baptism_Records_1788-1824_1858-1898.docx,908,raw/fs_0908.png,faa1ac07afdb020af9f7561ce0f2abf0fcf26eabf790cf3d129c0a9f5eb1afa0,dlstupka/hth-baptisms-san-antonio-1788-1824--1858-1898,61efff529fb7330a92f8d423c40c45bc60bb841c,dlstupka/hth,61efff529fb7330a92f8d423c40c45bc60bb841c,1786,1361,1.0,False,0,-0.25,0.0,180,50,1603,1313,1423,1263,180,50,183,48,170.336,41.255,129.0,1911.576,5.8559,0.055732,0.0,0.0,0.368,0.739382,False,False,False,False,False,False,0.885,pass,,
909,Baptisms_San_Antonio_Baptism_Records_1788-1824_1858-1898.docx,909,raw/fs_0909.png,b37e3d92eb9e11adc689e2b2a7c60ac5f69cceca38d67d3a919e190b8690631c,dlstupka/hth-baptisms-san-antonio-1788-1824--1858-1898,61efff529fb7330a92f8d423c40c45bc60bb841c,dlstupka/hth,61efff529fb7330a92f8d423c40c45bc60bb841c,1786,1361,1.0,False,0,-0.25,0.0,189,54,1615,1315,1426,1261,189,54,171,46,171.028,42.937,150.0,1401.99,5.615,0.060659,1e-06,0.0,0.28,0.739767,False,False,False,False,False,False,0.894,pass,,
910,Baptisms_San_Antonio_Baptism_Records_1788-1824_1858-1898.docx,910,raw/fs_0910.png,e2173bb869dbfdb7362735623d4ff58e855fac9118a39918d61192f08cbf170b,dlstupka/hth-baptisms-san-antonio-1788-1824--1858-1898,61efff529fb7330a92f8d423c40c45bc60bb841c,dlstupka/hth,61efff529fb7330a92f8d423c40c45bc60bb841c,1786,1361,1.0,False,0,-0.25,0.0,182,50,1595,1310,1413,1260,182,50,191,51,172.154,39.813,117.0,1367.982,5.5734,0.050761,0.0,0.0,0.268,0.732442,False,False,False,False,False,False,0.88,pass,,
911,Baptisms_San_Antonio_Baptism_Records_1788-1824_1858-1898.docx,911,raw/fs_0911.png,62e42612dc45814ad83bf5eca0aaa780502d3ba453b52103d2838f6ff43d9ea3,dlstupka/hth-baptisms-san-antonio-1788-1824--1858-1898,61efff529fb7330a92f8d423c40c45bc60bb841c,dlstupka/hth,61efff529fb7330a92f8d423c40c45bc60bb841c,1786,1361,1.0,False,0,-0.25,0.0,187,67,1585,1314,1398,1247,187,67,201,47,170.107,40.829,128.0,1677.909,5.7129,0.054806,0.0,0.0,0.302,0.71719,False,False,False,False,False,False,0.882,pass,,
912,Baptisms_San_Antonio_Baptism_Records_1788-1824_1858-1898.docx,912,raw/fs_0912.png,a059568990fc729cd30105ea7246457e0e46680cf4392bfb796c1f14445ec8a0,dlstupka/hth-baptisms-san-antonio-1788-1824--1858-1898,61efff529fb7330a92f8d423c40c45bc60bb841c,dlstupka/hth,61efff529fb7330a92f8d423c40c45bc60bb841c,1786,1361,1.0,False,0,-0.25,0.0,0,0,0,0,0,0,0,0,1786,1361,129.453,80.73,195.0,2514.802,5.7737,0.289103,0.0,0.0,0.501,0.0,False,False,False,False,False,False,0.739,review,very_small_content_region,
913,Baptisms_San_Antonio_Baptism_Records_1788-1824_1858-1898.docx,913,raw/fs_0913.png,a462ac62e576642b84e6ca355891f3a9c0755392681294d129447a5ac387d496,dlstupka/hth-baptisms-san-antonio-1788-1824--1858-1898,61efff529fb7330a92f8d423c40c45bc60bb841c,dlstupka/hth,61efff529fb7330a92f8d423c40c45bc60bb841c,1786,1361,1.0,False,0,-0.25,0.0,199,65,1596,1312,1397,1247,199,65,190,49,170.903,40.048,122.0,1781.969,5.7753,0.052588,1e-06,0.0,0.335,0.716677,False,False,False,False,False,False,0.88,pass,,
914,Baptisms_San_Antonio_Baptism_Records_1788-1824_1858-1898.docx,914,raw/fs_0914.png,378d5ed34d2d6d5164a85bad7f5ace7f4e1711e9f394c3171ce83232c0f5376d,dlstupka/hth-baptisms-san-antonio-1788-1824--1858-1898,61efff529fb7330a92f8d423c40c45bc60bb841c,dlstupka/hth,61efff529fb7330a92f8d423c40c45bc60bb841c,1786,1361,1.0,False,0,-0.25,0.0,224,66,1581,1293,1357,1227,224,66,205,68,171.709,35.724,94.0,1851.082,5.8207,0.040146,1e-06,0.0,0.356,0.684991,False,False,False,False,False,False,0.859,pass,,
915,Baptisms_San_Antonio_Baptism_Records_1788-1824_1858-1898.docx,915,raw/fs_0915.png,c6fde230060528464650b3b5fecb46ba398470911c83708d15e7de0f233f0733,dlstupka/hth-baptisms-san-antonio-1788-1824--1858-1898,61efff529fb7330a92f8d423c40c45bc60bb841c,dlstupka/hth,61efff529fb7330a92f8d423c40c45bc60bb841c,1786,1361,1.0,False,0,-0.25,0.0,204,95,1561,1319,1357,1224,204,95,225,42,168.921,38.997,115.0,2405.818,5.9662,0.050024,1e-06,0.0,0.447,0.683316,False,False,False,False,False,False,0.871,pass,,
916,Baptisms_San_Antonio_Baptism_Records_1788-1824_1858-1898.docx,916,raw/fs_0916.png,6589001daa4bd420ecdc84639e1fbf51c973c0da2f1f7827607429f1fe5499f7,dlstupka/hth-baptisms-san-antonio-1788-1824--1858-1898,61efff529fb7330a92f8d423c40c45bc60bb841c,dlstupka/hth,61efff529fb7330a92f8d423c40c45bc60bb841c,1786,1361,1.0,False,0,-0.25,0.0,186,52,1585,1308,1399,1256,186,52,201,53,167.808,40.886,123.0,2197.682,6.0411,0.05433,0.0,0.0,0.419,0.722883,False,False,False,False,False,False,0.879,pass,,
917,Baptisms_San_Antonio_Baptism_Records_1788-1824_1858-1898.docx,917,raw/fs_0917.png,98f737dbb0d0c06073cb067a69dfef2dca24f0dfebbab0d5ab0bcd7b41d7d3a2,dlstupka/hth-baptisms-san-antonio-1788-1824--1858-1898,61efff529fb7330a92f8d423c40c45bc60bb841c,dlstupka/hth,61efff529fb7330a92f8d423c40c45bc60bb841c,1786,1361,1.0,False,0,-0.25,0.0,222,81,1567,1285,1345,1204,222,81,219,76,170.191,40.177,124.0,2531.095,5.964,0.054005,0.0,0.0,0.451,0.666207,False,False,False,False,False,False,0.879,pass,,
918,Baptisms_San_Antonio_Baptism_Records_1788-1824_1858-1898.docx,918,raw/fs_0918.png,6610aa6fa154ab875406e6ebacca3376d647b62396db9ba6d997bfc998a9bc60,dlstupka/hth-baptisms-san-antonio-1788-1824--1858-1898,61efff529fb7330a92f8d423c40c45bc60bb841c,dlstupka/hth,61efff529fb7330a92f8d423c40c45bc60bb841c,1786,1361,1.0,False,0,-0.25,0.0,208,77,1564,1290,1356,1213,208,77,222,71,170.207,38.894,112.0,2129.975,5.8447,0.048955,0.0,0.0,0.395,0.676676,False,False,False,False,False,False,0.873,pass,,
919,Baptisms_San_Antonio_Baptism_Records_1788-1824_1858-1898.docx,919,raw/fs_0919.png,9b3cffda41d9bcde467020937ed7264ff261fc745968399e3a7ae4cf50682a51,dlstupka/hth-baptisms-san-antonio-1788-1824--1858-1898,61efff529fb7330a92f8d423c40c45bc60bb841c,dlstupka/hth,61efff529fb7330a92f8d423c40c45bc60bb841c,1786,1361,1.0,False,0,-0.25,0.0,0,0,0,0,0,0,0,0,1786,1361,121.262,83.358,194.0,2030.421,5.687,0.329778,3e-06,0.335,0.41,0.0,False,False,False,False,False,False,0.727,review,very_small_content_region,
920,Baptisms_San_Antonio_Baptism_Records_1788-1824_1858-1898.docx,920,raw/fs_0920.png,3000f9acb6436104d4cca908cecb869ec92b90910dc2fb5c94ef7e6141a2fd8d,dlstupka/hth-baptisms-san-antonio-1788-1824--1858-1898,61efff529fb7330a92f8d423c40c45bc60bb841c,dlstupka/hth,61efff529fb7330a92f8d423c40c45bc60bb841c,1786,1361,1.0,False,0,-0.25,0.0,0,0,0,0,0,0,0,0,1786,1361,120.673,83.53,195.0,1978.271,5.7108,0.331079,2e-06,0.0,0.4,0.0,False,False,False,False,False,False,0.726,review,very_small_content_region,
921,Baptisms_San_Antonio_Baptism_Records_1788-1824_1858-1898.docx,921,raw/fs_0921.png,342e186172dced38c9bf10487982238f2a2f165dfcbfe763d0265bc33e0e004c,dlstupka/hth-baptisms-san-antonio-1788-1824--1858-1898,61efff529fb7330a92f8d423c40c45bc60bb841c,dlstupka/hth,61efff529fb7330a92f8d423c40c45bc60bb841c,1786,1361,1.0,False,0,-0.25,0.0,202,81,1554,1290,1352,1209,202,81,232,71,169.01,38.739,109.0,2125.671,5.8434,0.048391,0.0,0.0,0.371,0.672455,False,False,False,False,False,False,0.87,pass,,
922,Baptisms_San_Antonio_Baptism_Records_1788-1824_1858-1898.docx,922,raw/fs_0922.png,5ea496de5943b434e77ec10169875c7ff248b09f8486522ed5f77268d174d8d3,dlstupka/hth-baptisms-san-antonio-1788-1824--1858-1898,61efff529fb7330a92f8d423c40c45bc60bb841c,dlstupka/hth,61efff529fb7330a92f8d423c40c45bc60bb841c,1786,1361,1.0,False,0,-0.25,0.0,203,83,1557,1289,1354,1206,203,83,229,72,169.515,40.557,125.0,2592.309,5.9405,0.054067,1e-06,0.0,0.42,0.671779,False,False,False,False,False,False,0.88,pass,,
923,Baptisms_San_Antonio_Baptism_Records_1788-1824_1858-1898.docx,923,raw/fs_0923.png,25b321612c79feb10be4870ddaa156936c9e35b4482109892824789465af4639,dlstupka/hth-baptisms-san-antonio-1788-1824--1858-1898,61efff529fb7330a92f8d423c40c45bc60bb841c,dlstupka/hth,61efff529fb7330a92f8d423c40c45bc60bb841c,1786,1361,1.0,False,0,-0.25,0.0,190,76,1552,1295,1362,1219,190,76,234,66,170.563,39.267,113.0,2416.429,5.8397,0.049483,1e-06,0.0,0.382,0.683032,False,False,False,False,False,False,0.875,pass,,
924,Baptisms_San_Antonio_Baptism_Records_1788-1824_1858-1898.docx,924,raw/fs_0924.png,e00ff10a026796787d579f8e5c22cec614bda3e7db8f38316854fee72f7e5a9e,dlstupka/hth-baptisms-san-antonio-1788-1824--1858-1898,61efff529fb7330a92f8d423c40c45bc60bb841c,dlstupka/hth,61efff529fb7330a92f8d423c40c45bc60bb841c,1786,1361,1.0,False,0,-0.25,0.0,199,80,1557,1291,1358,1211,199,80,229,70,169.493,40.048,119.0,2516.07,5.9775,0.05147,2e-06,0.0,0.391,0.676557,False,False,False,False,False,False,0.877,pass,,
925,Baptisms_San_Antonio_Baptism_Records_1788-1824_1858-1898.docx,925,raw/fs_0925.png,d8f658628f6f0c80a0ad6461755ec7b598fc366c1bea3ef477e4c75dc74dad8b,dlstupka/hth-baptisms-san-antonio-1788-1824--1858-1898,61efff529fb7330a92f8d423c40c45bc60bb841c,dlstupka/hth,61efff529fb7330a92f8d423c40c45bc60bb841c,1786,1361,1.0,False,0,-0.25,0.0,0,0,0,0,0,0,0,0,1786,1361,121.63,83.657,193.0,1408.697,5.5349,0.327196,0.0,0.0,0.32,0.0,False,False,False,False,False,False,0.727,review,very_small_content_region,
926,Baptisms_San_Antonio_Baptism_Records_1788-1824_1858-1898.docx,926,raw/fs_0926.png,b9ac7b6e72a37edab556a612cf42271464d057f449f4d624415dd30914e8418a,dlstupka/hth-baptisms-san-antonio-1788-1824--1858-1898,61efff529fb7330a92f8d423c40c45bc60bb841c,dlstupka/hth,61efff529fb7330a92f8d423c40c45bc60bb841c,1786,1361,1.0,False,0,0.25,0.0,200,76,1561,1290,1361,1214,200,76,225,71,168.064,39.484,118.0,2152.412,6.0211,0.05172,0.0,0.0,0.401,0.679731,False,False,False,False,False,False,0.873,pass,,
927,Baptisms_San_Antonio_Baptism_Records_1788-1824_1858-1898.docx,927,raw/fs_0927.png,0e09c883482b81f4991ea989fff3e1849aa39027f01104d36829b6b1ae011457,dlstupka/hth-baptisms-san-antonio-1788-1824--1858-1898,61efff529fb7330a92f8d423c40c45bc60bb841c,dlstupka/hth,61efff529fb7330a92f8d423c40c45bc60bb841c,1786,1361,1.0,False,0,0.25,0.02,0,0,0,0,0,0,0,0,1786,1361,135.315,78.659,209.0,1446.165,6.2146,0.254406,7e-06,0.119,0.36,0.0,False,False,False,False,False,False,0.747,review,very_small_content_region,
928,Baptisms_San_Antonio_Baptism_Records_1788-1824_1858-1898.docx,928,raw/fs_0928.png,9b2919f24f64ef87ab2781136b385d906096b0881963b6a80bc92f27bbbb59df,dlstupka/hth-baptisms-san-antonio-1788-1824--1858-1898,61efff529fb7330a92f8d423c40c45bc60bb841c,dlstupka/hth,61efff529fb7330a92f8d423c40c45bc60bb841c,1786,1361,1.0,False,0,-0.25,0.0,0,0,0,0,0,0,0,0,1786,1361,160.707,81.734,221.0,1169.175,4.0593,0.203249,0.0,0.078,0.303,0.0,False,False,False,False,False,False,0.784,review,very_small_content_region,
929,Baptisms_San_Antonio_Baptism_Records_1788-1824_1858-1898.docx,929,raw/fs_0929.png,c69156eff705c0ddccb3f523024da6f8940049cd1933d378f6bdddd10df13dc0,dlstupka/hth-baptisms-san-antonio-1788-1824--1858-1898,61efff529fb7330a92f8d423c40c45bc60bb841c,dlstupka/hth,61efff529fb7330a92f8d423c40c45bc60bb841c,2547,1040,0.706714,False,0,-0.25,0.002,0,0,0,0,0,0,0,0,2547,1040,14.282,48.405,186.0,404.566,1.0986,0.9242,0.00089,0.605,0.106,0.0,False,False,False,True,False,True,0.542,review,possible_blur;possible_underexposure;very_small_content_region,
