global_ordinal,source_docx,source_ordinal,extracted_file,sha256,source_repository,source_commit,pipeline_repository,pipeline_commit,width_px,height_px,analysis_scale,exif_orientation_applied,estimated_orientation_degrees,estimated_skew_degrees,skew_confidence,content_left_px,content_top_px,content_right_px,content_bottom_px,content_width_px,content_height_px,margin_left_px,margin_top_px,margin_right_px,margin_bottom_px,brightness_mean,contrast_stddev,dynamic_range_p05_p95,sharpness_score,entropy_bits,dark_pixel_fraction,light_pixel_fraction,background_uniformity_score,bleed_through_proxy,content_fraction,border_contact,likely_blank,likely_low_contrast,likely_blurry,likely_overexposed,likely_underexposed,quality_score,quality_status,review_reasons,analysis_error
1,Baptisms-San-Antonio-Baptism-Records-1788-1824--1858-1898_p1-64.docx,1,raw/fs_0001.png,3abb5b8b7b8aebdc1d2567677dcfafdde0b354ac007455896eecbe689bd1c0db,dlstupka/hth-baptisms-san-antonio-1788-1824--1858-1898,9f03a2632820a26b9724dac7a7a62e87776b1b04,dlstupka/hth,4b0d7c9a16b00eb463a94355f4a2aaf9e69af020,2561,1027,0.70285,False,0,-0.0,1.0,0,0,0,0,0,0,0,0,2561,1027,32.986,75.922,221.0,920.859,1.3967,0.841878,0.001093,0.234,0.297,0.0,False,False,False,False,False,True,0.6,review,possible_underexposure;very_small_content_region,
2,Baptisms-San-Antonio-Baptism-Records-1788-1824--1858-1898_p1-64.docx,2,raw/fs_0002.png,d6e7467a2670f9954f630214bbf897f0f89bf000ee4090744b423a47f91a510d,dlstupka/hth-baptisms-san-antonio-1788-1824--1858-1898,9f03a2632820a26b9724dac7a7a62e87776b1b04,dlstupka/hth,4b0d7c9a16b00eb463a94355f4a2aaf9e69af020,2559,1084,0.7034,False,0,-0.0,1.0,0,0,0,0,0,0,0,0,2559,1084,12.055,45.993,160.0,951.825,1.144,0.939343,0.001017,0.0,0.145,0.0,False,False,False,False,False,True,0.53,review,possible_underexposure;very_small_content_region,
3,Baptisms-San-Antonio-Baptism-Records-1788-1824--1858-1898_p1-64.docx,3,raw/fs_0003.png,16d5c3acb50624a96b7b9f9e6d517e6ee2b44b5afa595c4c8dd75d4bd39998db,dlstupka/hth-baptisms-san-antonio-1788-1824--1858-1898,9f03a2632820a26b9724dac7a7a62e87776b1b04,dlstupka/hth,4b0d7c9a16b00eb463a94355f4a2aaf9e69af020,1153,1305,1.0,False,0,-0.25,0.0,0,0,0,0,0,0,0,0,1153,1305,142.317,75.121,191.0,1056.945,4.9848,0.223895,1e-06,0.0,0.293,0.0,False,False,False,False,False,False,0.757,review,very_small_content_region,
4,Baptisms-San-Antonio-Baptism-Records-1788-1824--1858-1898_p1-64.docx,4,raw/fs_0004.png,0813bec4565d7af0c4c646fe9d5f736eb65d1387809479ed29280350e87f631d,dlstupka/hth-baptisms-san-antonio-1788-1824--1858-1898,9f03a2632820a26b9724dac7a7a62e87776b1b04,dlstupka/hth,4b0d7c9a16b00eb463a94355f4a2aaf9e69af020,1149,1299,1.0,False,0,-0.25,0.018,0,0,0,0,0,0,0,0,1149,1299,18.088,47.494,153.0,1419.576,2.0864,0.885424,0.0,0.637,0.155,0.0,False,False,False,False,False,True,0.537,review,possible_underexposure;very_small_content_region,
5,Baptisms-San-Antonio-Baptism-Records-1788-1824--1858-1898_p1-64.docx,5,raw/fs_0005.png,2dab4074fd5a62208084fba29b12d28cbc900bd0deb0b88a24595477987aeace,dlstupka/hth-baptisms-san-antonio-1788-1824--1858-1898,9f03a2632820a26b9724dac7a7a62e87776b1b04,dlstupka/hth,4b0d7c9a16b00eb463a94355f4a2aaf9e69af020,2061,1314,0.873362,False,0,-0.25,0.4,0,0,0,0,0,0,0,0,2061,1314,145.783,72.091,206.0,2157.197,6.471,0.201503,0.002246,0.034,0.489,0.0,False,False,False,False,False,False,0.762,review,very_small_content_region,
6,Baptisms-San-Antonio-Baptism-Records-1788-1824--1858-1898_p1-64.docx,6,raw/fs_0006.png,217b396caec9270837aa95a4f0141d1060e2f17396886689719a15833d59e948,dlstupka/hth-baptisms-san-antonio-1788-1824--1858-1898,9f03a2632820a26b9724dac7a7a62e87776b1b04,dlstupka/hth,4b0d7c9a16b00eb463a94355f4a2aaf9e69af020,1839,1308,0.978793,False,0,-0.0,1.0,0,0,0,0,0,0,0,0,1839,1308,158.144,68.317,210.0,1139.016,6.3417,0.151392,0.001563,0.0,0.496,0.0,False,False,False,False,False,False,0.781,review,very_small_content_region,
7,Baptisms-San-Antonio-Baptism-Records-1788-1824--1858-1898_p1-64.docx,7,raw/fs_0007.png,da77fdaeefab5baafb8693acfdf3587377f9e4fa0a17f2944707a5df0f8abab6,dlstupka/hth-baptisms-san-antonio-1788-1824--1858-1898,9f03a2632820a26b9724dac7a7a62e87776b1b04,dlstupka/hth,4b0d7c9a16b00eb463a94355f4a2aaf9e69af020,1373,987,1.0,False,0,-0.25,0.076,0,0,0,0,0,0,0,0,1373,987,154.63,66.893,210.0,3288.662,6.5779,0.149998,0.0,0.0,0.652,0.0,False,False,False,False,False,False,0.775,review,very_small_content_region,
10,Baptisms-San-Antonio-Baptism-Records-1788-1824--1858-1898_p1-64.docx,10,raw/fs_0010.png,8c56e1c896243cc5a55d01fdf929f38eecebef8f48c0777952f7883441bd8d5c,dlstupka/hth-baptisms-san-antonio-1788-1824--1858-1898,9f03a2632820a26b9724dac7a7a62e87776b1b04,dlstupka/hth,4b0d7c9a16b00eb463a94355f4a2aaf9e69af020,1238,988,1.0,False,0,-0.25,0.17,0,0,0,0,0,0,0,0,1238,988,140.521,78.748,209.0,3271.988,6.1402,0.235108,0.0,0.619,0.602,0.0,False,False,False,False,False,False,0.755,review,very_small_content_region,
11,Baptisms-San-Antonio-Baptism-Records-1788-1824--1858-1898_p1-64.docx,11,raw/fs_0011.png,b15e91b3d001cf70b13036d72f19f08037c057d050f34c7b067b274ce44c06f5,dlstupka/hth-baptisms-san-antonio-1788-1824--1858-1898,9f03a2632820a26b9724dac7a7a62e87776b1b04,dlstupka/hth,4b0d7c9a16b00eb463a94355f4a2aaf9e69af020,1286,990,1.0,False,0,-0.25,0.761,0,0,0,0,0,0,0,0,1286,990,131.793,81.509,209.0,5636.157,6.4318,0.295788,8e-06,0.434,0.552,0.0,False,False,False,False,False,False,0.742,review,very_small_content_region,
15,Baptisms-San-Antonio-Baptism-Records-1788-1824--1858-1898_p1-64.docx,15,raw/fs_0015.png,394a1d2922638bade9f6fdbe7e48a6614c6fae14f95ad940c81aedb6ddc5550a,dlstupka/hth-baptisms-san-antonio-1788-1824--1858-1898,9f03a2632820a26b9724dac7a7a62e87776b1b04,dlstupka/hth,4b0d7c9a16b00eb463a94355f4a2aaf9e69af020,1351,988,1.0,False,0,0.25,0.002,0,0,0,0,0,0,0,0,1351,988,141.897,76.889,208.0,3894.554,6.2659,0.228844,1e-06,0.488,0.61,0.0,False,False,False,False,False,False,0.757,review,very_small_content_region,
16,Baptisms-San-Antonio-Baptism-Records-1788-1824--1858-1898_p1-64.docx,16,raw/fs_0016.png,0e85ac1607e19169c9d6e6f3cbd45d993d46d36e775a54520d9fa75b743f5c6c,dlstupka/hth-baptisms-san-antonio-1788-1824--1858-1898,9f03a2632820a26b9724dac7a7a62e87776b1b04,dlstupka/hth,4b0d7c9a16b00eb463a94355f4a2aaf9e69af020,1393,994,1.0,False,0,0.25,0.276,0,0,0,0,0,0,0,0,1393,994,152.089,68.873,208.0,4037.838,6.5314,0.173704,2e-06,0.2,0.628,0.0,False,False,False,False,False,False,0.772,review,very_small_content_region,
17,Baptisms-San-Antonio-Baptism-Records-1788-1824--1858-1898_p1-64.docx,17,raw/fs_0017.png,7c64cd695edadd30b8ed25ae3054cc52d4f8a098c3929f2183582c2e6fc445e6,dlstupka/hth-baptisms-san-antonio-1788-1824--1858-1898,9f03a2632820a26b9724dac7a7a62e87776b1b04,dlstupka/hth,4b0d7c9a16b00eb463a94355f4a2aaf9e69af020,1354,987,1.0,False,0,-0.0,0.828,0,0,0,0,0,0,0,0,1354,987,149.172,76.862,209.0,2320.464,6.0111,0.206287,1e-06,0.514,0.564,0.0,False,False,False,False,False,False,0.767,review,very_small_content_region,
20,Baptisms-San-Antonio-Baptism-Records-1788-1824--1858-1898_p1-64.docx,20,raw/fs_0020.png,3e04e4f7998e3d2d522539a0441517aa04b88769c9c8cc10e99baa8232bace61,dlstupka/hth-baptisms-san-antonio-1788-1824--1858-1898,9f03a2632820a26b9724dac7a7a62e87776b1b04,dlstupka/hth,4b0d7c9a16b00eb463a94355f4a2aaf9e69af020,1402,985,1.0,False,0,0.25,0.028,0,0,0,0,0,0,0,0,1402,985,151.024,72.72,208.0,3359.645,6.2992,0.189859,0.000971,0.142,0.593,0.0,False,False,False,False,False,False,0.77,review,very_small_content_region,
21,Baptisms-San-Antonio-Baptism-Records-1788-1824--1858-1898_p1-64.docx,21,raw/fs_0021.png,ff435ea075c35d9103767ad5a47cacca1c1c49dde10109236bbd10563c4a3dd8,dlstupka/hth-baptisms-san-antonio-1788-1824--1858-1898,9f03a2632820a26b9724dac7a7a62e87776b1b04,dlstupka/hth,4b0d7c9a16b00eb463a94355f4a2aaf9e69af020,1372,986,1.0,False,0,-0.0,0.506,0,0,0,0,0,0,0,0,1372,986,159.456,65.383,211.0,3764.466,6.5731,0.139905,0.000758,0.0,0.633,0.0,False,False,False,False,False,False,0.783,review,very_small_content_region,
22,Baptisms-San-Antonio-Baptism-Records-1788-1824--1858-1898_p1-64.docx,22,raw/fs_0022.png,072c582f58a734783853af32c171d3de43ae51f5276732a7b1c3a8e852ffad41,dlstupka/hth-baptisms-san-antonio-1788-1824--1858-1898,9f03a2632820a26b9724dac7a7a62e87776b1b04,dlstupka/hth,4b0d7c9a16b00eb463a94355f4a2aaf9e69af020,1337,987,1.0,False,0,-0.25,0.003,0,0,0,0,0,0,0,0,1337,987,141.495,67.656,193.0,3217.96,6.193,0.194855,0.000441,0.324,0.535,0.0,False,False,False,False,False,False,0.756,review,very_small_content_region,
24,Baptisms-San-Antonio-Baptism-Records-1788-1824--1858-1898_p1-64.docx,24,raw/fs_0024.png,33ae385505e011b08626f7501f8e24909f74361386161c2a6493825982d07a29,dlstupka/hth-baptisms-san-antonio-1788-1824--1858-1898,9f03a2632820a26b9724dac7a7a62e87776b1b04,dlstupka/hth,4b0d7c9a16b00eb463a94355f4a2aaf9e69af020,1318,987,1.0,False,0,-0.25,0.248,0,0,0,0,0,0,0,0,1318,987,138.403,78.268,204.0,2450.024,5.9974,0.24094,0.000267,0.595,0.554,0.0,False,False,False,False,False,False,0.752,review,very_small_content_region,
25,Baptisms-San-Antonio-Baptism-Records-1788-1824--1858-1898_p1-64.docx,25,raw/fs_0025.png,480d5b9ca49bc87452f650667fb83638f91888465170d04b09091edd32a3c548,dlstupka/hth-baptisms-san-antonio-1788-1824--1858-1898,9f03a2632820a26b9724dac7a7a62e87776b1b04,dlstupka/hth,4b0d7c9a16b00eb463a94355f4a2aaf9e69af020,1344,986,1.0,False,0,-0.25,0.039,0,0,0,0,0,0,0,0,1344,986,154.545,67.885,206.0,3326.152,6.3241,0.162813,0.000494,0.207,0.601,0.0,False,False,False,False,False,False,0.775,review,very_small_content_region,
26,Baptisms-San-Antonio-Baptism-Records-1788-1824--1858-1898_p1-64.docx,26,raw/fs_0026.png,1fe7c77950d924b293bcaa7e0690b3037ba820d3ce18508d4d3991e892cd0809,dlstupka/hth-baptisms-san-antonio-1788-1824--1858-1898,9f03a2632820a26b9724dac7a7a62e87776b1b04,dlstupka/hth,4b0d7c9a16b00eb463a94355f4a2aaf9e69af020,1353,991,1.0,False,0,0.25,0.001,0,0,0,0,0,0,0,0,1353,991,150.384,73.824,206.0,2292.82,5.976,0.192485,0.000555,0.261,0.55,0.0,False,False,False,False,False,False,0.769,review,very_small_content_region,
27,Baptisms-San-Antonio-Baptism-Records-1788-1824--1858-1898_p1-64.docx,27,raw/fs_0027.png,6fad7699527f61c5968a401d77cbeb3b9b5678f10440be90409bf814dd464b8e,dlstupka/hth-baptisms-san-antonio-1788-1824--1858-1898,9f03a2632820a26b9724dac7a7a62e87776b1b04,dlstupka/hth,4b0d7c9a16b00eb463a94355f4a2aaf9e69af020,1302,984,1.0,False,0,0.25,0.001,0,0,0,0,0,0,0,0,1302,984,150.141,68.25,203.0,2416.698,6.2296,0.168799,0.000105,0.328,0.572,0.0,False,False,False,False,False,False,0.769,review,very_small_content_region,
28,Baptisms-San-Antonio-Baptism-Records-1788-1824--1858-1898_p1-64.docx,28,raw/fs_0028.png,c80f3912dc090cc9deda79a87536565213456cfbbe74b1b6f02d3a7b5c7b3559,dlstupka/hth-baptisms-san-antonio-1788-1824--1858-1898,9f03a2632820a26b9724dac7a7a62e87776b1b04,dlstupka/hth,4b0d7c9a16b00eb463a94355f4a2aaf9e69af020,1378,985,1.0,False,0,0.25,0.0,0,0,0,0,0,0,0,0,1378,985,136.484,72.693,200.0,4794.522,6.4984,0.237357,0.000751,0.138,0.588,0.0,False,False,False,False,False,False,0.749,review,very_small_content_region,
35,Baptisms-San-Antonio-Baptism-Records-1788-1824--1858-1898_p1-64.docx,35,raw/fs_0035.png,706815fa5105a9d6535f01a5ecd318e0e8d3e20663632f63198ce3baf660142d,dlstupka/hth-baptisms-san-antonio-1788-1824--1858-1898,9f03a2632820a26b9724dac7a7a62e87776b1b04,dlstupka/hth,4b0d7c9a16b00eb463a94355f4a2aaf9e69af020,1374,987,1.0,False,0,-0.25,0.005,0,0,0,0,0,0,0,0,1374,987,132.636,74.493,200.0,4818.517,6.4601,0.256064,0.000752,0.288,0.624,0.0,False,False,False,False,False,False,0.743,review,very_small_content_region,
36,Baptisms-San-Antonio-Baptism-Records-1788-1824--1858-1898_p1-64.docx,36,raw/fs_0036.png,772987ea7dfdda9b55542e3b25363ad2826f143ea02ee5219f82c1e951b20b6e,dlstupka/hth-baptisms-san-antonio-1788-1824--1858-1898,9f03a2632820a26b9724dac7a7a62e87776b1b04,dlstupka/hth,4b0d7c9a16b00eb463a94355f4a2aaf9e69af020,1417,985,1.0,False,0,-0.25,0.021,0,0,0,0,0,0,0,0,1417,985,137.22,70.401,199.0,4874.255,6.6006,0.225872,0.001143,0.0,0.632,0.0,False,False,False,False,False,False,0.75,review,very_small_content_region,
37,Baptisms-San-Antonio-Baptism-Records-1788-1824--1858-1898_p1-64.docx,37,raw/fs_0037.png,b2f02ca456f40536af45c55f40916044e33a057a3f0a9518f9d694e7f814b74c,dlstupka/hth-baptisms-san-antonio-1788-1824--1858-1898,9f03a2632820a26b9724dac7a7a62e87776b1b04,dlstupka/hth,4b0d7c9a16b00eb463a94355f4a2aaf9e69af020,1377,987,1.0,False,0,0.25,0.006,0,0,0,0,0,0,0,0,1377,987,132.107,74.702,200.0,5020.2,6.4265,0.258302,0.000751,0.355,0.622,0.0,False,False,False,False,False,False,0.742,review,very_small_content_region,
38,Baptisms-San-Antonio-Baptism-Records-1788-1824--1858-1898_p1-64.docx,38,raw/fs_0038.png,fe2ce1a1af1fa31cb3e634b525b9b1024e5ae951a11fb10134e2f717619a84c8,dlstupka/hth-baptisms-san-antonio-1788-1824--1858-1898,9f03a2632820a26b9724dac7a7a62e87776b1b04,dlstupka/hth,4b0d7c9a16b00eb463a94355f4a2aaf9e69af020,1406,988,1.0,False,0,-0.25,0.003,0,0,0,0,0,0,0,0,1406,988,131.79,75.24,201.0,5112.948,6.4983,0.266324,0.000987,0.285,0.599,0.0,False,False,False,False,False,False,0.742,review,very_small_content_region,
39,Baptisms-San-Antonio-Baptism-Records-1788-1824--1858-1898_p1-64.docx,39,raw/fs_0039.png,b25cec0461776dd9a82ab120fc62af51f8fac2dc587e287c7b3167388ebb657b,dlstupka/hth-baptisms-san-antonio-1788-1824--1858-1898,9f03a2632820a26b9724dac7a7a62e87776b1b04,dlstupka/hth,4b0d7c9a16b00eb463a94355f4a2aaf9e69af020,1393,988,1.0,False,0,-0.25,0.004,0,0,0,0,0,0,0,0,1393,988,136.497,73.942,201.0,4492.708,6.3556,0.238178,0.000844,0.291,0.608,0.0,False,False,False,False,False,False,0.749,review,very_small_content_region,
40,Baptisms-San-Antonio-Baptism-Records-1788-1824--1858-1898_p1-64.docx,40,raw/fs_0040.png,86e1542c86a89d6f19ddbfdba9ba5897224f1350de5127c11e16bde12d04d974,dlstupka/hth-baptisms-san-antonio-1788-1824--1858-1898,9f03a2632820a26b9724dac7a7a62e87776b1b04,dlstupka/hth,4b0d7c9a16b00eb463a94355f4a2aaf9e69af020,1401,984,1.0,False,0,-0.25,0.013,0,0,0,0,0,0,0,0,1401,984,139.757,67.102,197.0,4705.985,6.5754,0.203917,0.000969,0.071,0.636,0.0,False,False,False,False,False,False,0.754,review,very_small_content_region,
41,Baptisms-San-Antonio-Baptism-Records-1788-1824--1858-1898_p1-64.docx,41,raw/fs_0041.png,ee6fc1b72e2026e237d6f9171c1f810cf148c145f4d12c0c6fa5c9c66343d20d,dlstupka/hth-baptisms-san-antonio-1788-1824--1858-1898,9f03a2632820a26b9724dac7a7a62e87776b1b04,dlstupka/hth,4b0d7c9a16b00eb463a94355f4a2aaf9e69af020,1407,987,1.0,False,0,-0.25,0.021,0,0,0,0,0,0,0,0,1407,987,123.866,73.121,194.0,5230.703,6.474,0.279443,0.00101,0.24,0.601,0.0,False,False,False,False,False,False,0.73,review,very_small_content_region,
42,Baptisms-San-Antonio-Baptism-Records-1788-1824--1858-1898_p1-64.docx,42,raw/fs_0042.png,d9c1d9cd0bd6955775bc49635fab5bf004bb2b4346b79bd6226ca2b7520499ec,dlstupka/hth-baptisms-san-antonio-1788-1824--1858-1898,9f03a2632820a26b9724dac7a7a62e87776b1b04,dlstupka/hth,4b0d7c9a16b00eb463a94355f4a2aaf9e69af020,1412,982,1.0,False,0,-0.25,0.03,0,0,0,0,0,0,0,0,1412,982,136.811,69.146,197.0,4811.69,6.5521,0.221218,0.001057,0.117,0.603,0.0,False,False,False,False,False,False,0.749,review,very_small_content_region,
43,Baptisms-San-Antonio-Baptism-Records-1788-1824--1858-1898_p1-64.docx,43,raw/fs_0043.png,cd31fc5bc0108e35257817e0205e04e6e7dd6634b2406a8330581b038b3dead8,dlstupka/hth-baptisms-san-antonio-1788-1824--1858-1898,9f03a2632820a26b9724dac7a7a62e87776b1b04,dlstupka/hth,4b0d7c9a16b00eb463a94355f4a2aaf9e69af020,1299,983,1.0,False,0,0.25,0.0,0,0,0,0,0,0,0,0,1299,983,136.447,71.369,199.0,5386.702,6.5031,0.231046,5.1e-05,0.393,0.64,0.0,False,False,False,False,False,False,0.749,review,very_small_content_region,
44,Baptisms-San-Antonio-Baptism-Records-1788-1824--1858-1898_p1-64.docx,44,raw/fs_0044.png,49f8203ecf742e48db141cdc036e392562af18f3111a3739857c8bd12bfa0187,dlstupka/hth-baptisms-san-antonio-1788-1824--1858-1898,9f03a2632820a26b9724dac7a7a62e87776b1b04,dlstupka/hth,4b0d7c9a16b00eb463a94355f4a2aaf9e69af020,1424,986,1.0,False,0,0.25,0.01,0,0,0,0,0,0,0,0,1424,986,133.331,72.993,197.0,4851.503,6.3885,0.248526,0.00115,0.156,0.621,0.0,False,False,False,False,False,False,0.744,review,very_small_content_region,
45,Baptisms-San-Antonio-Baptism-Records-1788-1824--1858-1898_p1-64.docx,45,raw/fs_0045.png,6cc5242438b8f6c91654dc22074db270dcea6280ec64b00cbf58a2b86891f445,dlstupka/hth-baptisms-san-antonio-1788-1824--1858-1898,9f03a2632820a26b9724dac7a7a62e87776b1b04,dlstupka/hth,4b0d7c9a16b00eb463a94355f4a2aaf9e69af020,1388,988,1.0,False,0,0.25,0.05,0,0,0,0,0,0,0,0,1388,988,131.342,70.333,195.0,4789.931,6.6546,0.242992,0.000791,0.107,0.619,0.0,False,False,False,False,False,False,0.741,review,very_small_content_region,
47,Baptisms-San-Antonio-Baptism-Records-1788-1824--1858-1898_p1-64.docx,47,raw/fs_0047.png,42d4e94b4e7d149fe4dbb5606a9816abc04d3d35b3e4005093d26b6c886b5271,dlstupka/hth-baptisms-san-antonio-1788-1824--1858-1898,9f03a2632820a26b9724dac7a7a62e87776b1b04,dlstupka/hth,4b0d7c9a16b00eb463a94355f4a2aaf9e69af020,1350,988,1.0,False,0,-0.25,0.007,0,0,0,0,0,0,0,0,1350,988,136.799,73.242,199.0,4660.921,6.3986,0.24079,0.000558,0.375,0.649,0.0,False,False,False,False,False,False,0.749,review,very_small_content_region,
48,Baptisms-San-Antonio-Baptism-Records-1788-1824--1858-1898_p1-64.docx,48,raw/fs_0048.png,14d2eade80b696191475e168f14bbe1c3a2f82ec1c6819de309e36e0420c10de,dlstupka/hth-baptisms-san-antonio-1788-1824--1858-1898,9f03a2632820a26b9724dac7a7a62e87776b1b04,dlstupka/hth,4b0d7c9a16b00eb463a94355f4a2aaf9e69af020,1389,990,1.0,False,0,0.25,0.031,0,0,0,0,0,0,0,0,1389,990,138.157,74.119,202.0,4034.843,6.3065,0.228372,0.000841,0.237,0.646,0.0,False,False,False,False,False,False,0.751,review,very_small_content_region,
49,Baptisms-San-Antonio-Baptism-Records-1788-1824--1858-1898_p1-64.docx,49,raw/fs_0049.png,625deae5f4a8c5462826dbfc84cee3f5847833d682f3f354d4dc21dcaa9390fe,dlstupka/hth-baptisms-san-antonio-1788-1824--1858-1898,9f03a2632820a26b9724dac7a7a62e87776b1b04,dlstupka/hth,4b0d7c9a16b00eb463a94355f4a2aaf9e69af020,1381,989,1.0,False,0,0.25,0.056,0,0,0,0,0,0,0,0,1381,989,150.066,66.068,202.0,3475.387,6.4338,0.167673,0.000771,0.0,0.602,0.0,False,False,False,False,False,False,0.769,review,very_small_content_region,
50,Baptisms-San-Antonio-Baptism-Records-1788-1824--1858-1898_p1-64.docx,50,raw/fs_0050.png,d7b646fdd039760ca1ca06ba1ff78feeed1f9e5a0521b08d35f1be932f529f95,dlstupka/hth-baptisms-san-antonio-1788-1824--1858-1898,9f03a2632820a26b9724dac7a7a62e87776b1b04,dlstupka/hth,4b0d7c9a16b00eb463a94355f4a2aaf9e69af020,1347,991,1.0,False,0,0.25,0.179,0,0,0,0,0,0,0,0,1347,991,145.083,71.93,204.0,3298.162,6.3004,0.200214,0.000532,0.299,0.612,0.0,False,False,False,False,False,False,0.761,review,very_small_content_region,
52,Baptisms-San-Antonio-Baptism-Records-1788-1824--1858-1898_p1-64.docx,52,raw/fs_0052.png,53df3e8b668c538330069fa49b92f79b0159066859339a839829a777221b55e6,dlstupka/hth-baptisms-san-antonio-1788-1824--1858-1898,9f03a2632820a26b9724dac7a7a62e87776b1b04,dlstupka/hth,4b0d7c9a16b00eb463a94355f4a2aaf9e69af020,1371,987,1.0,False,0,0.25,0.142,0,0,0,0,0,0,0,0,1371,987,140.873,70.566,204.0,4245.459,6.6561,0.207062,0.000755,0.198,0.655,0.0,False,False,False,False,False,False,0.755,review,very_small_content_region,
54,Baptisms-San-Antonio-Baptism-Records-1788-1824--1858-1898_p1-64.docx,54,raw/fs_0054.png,e93d4e96d126cb04af24b7314da61d67252e3e9878224892b53d8521e192c7a8,dlstupka/hth-baptisms-san-antonio-1788-1824--1858-1898,9f03a2632820a26b9724dac7a7a62e87776b1b04,dlstupka/hth,4b0d7c9a16b00eb463a94355f4a2aaf9e69af020,1384,989,1.0,False,0,0.25,0.069,0,0,0,0,0,0,0,0,1384,989,137.676,75.856,204.0,3684.856,6.2646,0.233694,0.000745,0.433,0.576,0.0,False,False,False,False,False,False,0.751,review,very_small_content_region,
55,Baptisms-San-Antonio-Baptism-Records-1788-1824--1858-1898_p1-64.docx,55,raw/fs_0055.png,a76285f5dbc0760c6df145d0e18c4aa6168d1abd8cbf3e243c861176a1a7fadc,dlstupka/hth-baptisms-san-antonio-1788-1824--1858-1898,9f03a2632820a26b9724dac7a7a62e87776b1b04,dlstupka/hth,4b0d7c9a16b00eb463a94355f4a2aaf9e69af020,1441,989,1.0,False,0,-0.25,0.024,0,0,0,0,0,0,0,0,1441,989,145.459,71.412,205.0,3313.607,6.396,0.192139,0.00134,0.081,0.579,0.0,False,False,False,False,False,False,0.762,review,very_small_content_region,
56,Baptisms-San-Antonio-Baptism-Records-1788-1824--1858-1898_p1-64.docx,56,raw/fs_0056.png,8a63ca97fd3df759d35d4b310e8fb32503e47266e3fbbd8364bd8c6074b55e35,dlstupka/hth-baptisms-san-antonio-1788-1824--1858-1898,9f03a2632820a26b9724dac7a7a62e87776b1b04,dlstupka/hth,4b0d7c9a16b00eb463a94355f4a2aaf9e69af020,1419,985,1.0,False,0,-0.25,0.0,0,0,0,0,0,0,0,0,1419,985,144.555,73.105,204.0,3214.868,6.2762,0.201681,0.001126,0.314,0.571,0.0,False,False,False,False,False,False,0.761,review,very_small_content_region,
58,Baptisms-San-Antonio-Baptism-Records-1788-1824--1858-1898_p1-64.docx,58,raw/fs_0058.png,9f78620969f65d39f2bf13ac291bb087cf56da12e81c060f793254f1c45ca841,dlstupka/hth-baptisms-san-antonio-1788-1824--1858-1898,9f03a2632820a26b9724dac7a7a62e87776b1b04,dlstupka/hth,4b0d7c9a16b00eb463a94355f4a2aaf9e69af020,1458,989,1.0,False,0,-0.25,0.023,0,0,0,0,0,0,0,0,1458,989,141.805,73.775,205.0,4332.211,6.4154,0.219982,0.001519,0.029,0.604,0.0,False,False,False,False,False,False,0.757,review,very_small_content_region,
59,Baptisms-San-Antonio-Baptism-Records-1788-1824--1858-1898_p1-64.docx,59,raw/fs_0059.png,fe588b2a25db8380e5d61a8dbd03be4ea47063afcd9fcb646be38a17f9231a1d,dlstupka/hth-baptisms-san-antonio-1788-1824--1858-1898,9f03a2632820a26b9724dac7a7a62e87776b1b04,dlstupka/hth,4b0d7c9a16b00eb463a94355f4a2aaf9e69af020,1409,989,1.0,False,0,-0.25,0.03,0,0,0,0,0,0,0,0,1409,989,137.161,76.471,203.0,3668.137,6.2183,0.24303,0.001054,0.355,0.58,0.0,False,False,False,False,False,False,0.75,review,very_small_content_region,
60,Baptisms-San-Antonio-Baptism-Records-1788-1824--1858-1898_p1-64.docx,60,raw/fs_0060.png,05e880249aa80468f720a838e1c1cd3c8530118e0c26edf40595806cec12d31c,dlstupka/hth-baptisms-san-antonio-1788-1824--1858-1898,9f03a2632820a26b9724dac7a7a62e87776b1b04,dlstupka/hth,4b0d7c9a16b00eb463a94355f4a2aaf9e69af020,1345,985,1.0,False,0,-0.25,0.015,0,0,0,0,0,0,0,0,1345,985,143.67,72.693,204.0,4587.938,6.4186,0.216078,0.000522,0.171,0.596,0.0,False,False,False,False,False,False,0.759,review,very_small_content_region,
61,Baptisms-San-Antonio-Baptism-Records-1788-1824--1858-1898_p1-64.docx,61,raw/fs_0061.png,a141d55ecbb68e0bfa5db0517a8b5b05114ed15d672000bb2270b92f8e8b042c,dlstupka/hth-baptisms-san-antonio-1788-1824--1858-1898,9f03a2632820a26b9724dac7a7a62e87776b1b04,dlstupka/hth,4b0d7c9a16b00eb463a94355f4a2aaf9e69af020,1466,990,1.0,False,0,-0.25,0.023,0,0,0,0,0,0,0,0,1466,990,141.488,74.707,203.0,3616.591,6.2272,0.225881,0.00151,0.059,0.562,0.0,False,False,False,False,False,False,0.756,review,very_small_content_region,
62,Baptisms-San-Antonio-Baptism-Records-1788-1824--1858-1898_p1-64.docx,62,raw/fs_0062.png,838a94a6ee2d74f7e293360bba887da4d191cb8f8c9b1adb8c061e62e3598067,dlstupka/hth-baptisms-san-antonio-1788-1824--1858-1898,9f03a2632820a26b9724dac7a7a62e87776b1b04,dlstupka/hth,4b0d7c9a16b00eb463a94355f4a2aaf9e69af020,1374,992,1.0,False,0,0.25,0.397,0,0,0,0,0,0,0,0,1374,992,137.637,76.443,202.0,2913.509,6.0556,0.241544,0.000749,0.406,0.596,0.0,False,False,False,False,False,False,0.751,review,very_small_content_region,
63,Baptisms-San-Antonio-Baptism-Records-1788-1824--1858-1898_p1-64.docx,63,raw/fs_0063.png,5f16272f9f15642beff7b979849b2cf3d1e356c3f246852c5ed1abab8e659438,dlstupka/hth-baptisms-san-antonio-1788-1824--1858-1898,9f03a2632820a26b9724dac7a7a62e87776b1b04,dlstupka/hth,4b0d7c9a16b00eb463a94355f4a2aaf9e69af020,2108,1309,0.85389,False,0,0.25,0.401,0,0,0,0,0,0,0,0,2108,1309,145.577,74.47,206.0,2366.79,6.2068,0.210851,0.001241,0.049,0.46,0.0,False,False,False,False,False,False,0.762,review,very_small_content_region,
64,Baptisms-San-Antonio-Baptism-Records-1788-1824--1858-1898_p65-90.docx,1,raw/fs_0064.png,b6e0cba7648f7f03f19bd6358538411398a07c0ba1e5960c50e92d7bd2fd345f,dlstupka/hth-baptisms-san-antonio-1788-1824--1858-1898,9f03a2632820a26b9724dac7a7a62e87776b1b04,dlstupka/hth,4b0d7c9a16b00eb463a94355f4a2aaf9e69af020,1941,1308,0.927357,False,0,-0.25,0.003,0,0,0,0,0,0,0,0,1941,1308,162.414,58.54,205.0,2562.701,6.284,0.118856,0.000323,0.051,0.445,0.0,False,False,False,False,False,False,0.78,review,very_small_content_region,
65,Baptisms-San-Antonio-Baptism-Records-1788-1824--1858-1898_p65-90.docx,2,raw/fs_0065.png,46b4ca9bdb36e04b748b91ff3cc4036c5fc2e879f4fea84c13efd4836b2cd7fe,dlstupka/hth-baptisms-san-antonio-1788-1824--1858-1898,9f03a2632820a26b9724dac7a7a62e87776b1b04,dlstupka/hth,4b0d7c9a16b00eb463a94355f4a2aaf9e69af020,1574,1079,1.0,False,0,-0.25,0.0,0,0,0,0,0,0,0,0,1574,1079,137.109,73.073,198.0,2876.88,6.1915,0.22889,0.0,0.442,0.569,0.0,False,False,False,False,False,False,0.75,review,very_small_content_region,
66,Baptisms-San-Antonio-Baptism-Records-1788-1824--1858-1898_p65-90.docx,3,raw/fs_0066.png,1d84f7b37d7b899a2dbe8fddc131da2bfc18d669e0cdce19ee3460df4ac20731,dlstupka/hth-baptisms-san-antonio-1788-1824--1858-1898,9f03a2632820a26b9724dac7a7a62e87776b1b04,dlstupka/hth,4b0d7c9a16b00eb463a94355f4a2aaf9e69af020,1422,1082,1.0,False,0,-0.25,0.109,0,0,0,0,0,0,0,0,1422,1082,130.546,73.612,196.0,3795.613,6.3424,0.256366,2.8e-05,0.493,0.607,0.0,False,False,False,False,False,False,0.74,review,very_small_content_region,
73,Baptisms-San-Antonio-Baptism-Records-1788-1824--1858-1898_p65-90.docx,10,raw/fs_0073.png,1675a76b2839ae636c497dcb330525493cef4fb229eca94ed57e08870c1684ae,dlstupka/hth-baptisms-san-antonio-1788-1824--1858-1898,9f03a2632820a26b9724dac7a7a62e87776b1b04,dlstupka/hth,4b0d7c9a16b00eb463a94355f4a2aaf9e69af020,1534,1077,1.0,False,0,-0.25,0.0,0,0,0,0,0,0,0,0,1534,1077,131.714,75.966,200.0,3531.418,6.2855,0.260917,0.0,0.61,0.594,0.0,False,False,False,False,False,False,0.742,review,very_small_content_region,
75,Baptisms-San-Antonio-Baptism-Records-1788-1824--1858-1898_p65-90.docx,12,raw/fs_0075.png,439c1e608d405ebb104f768fae6b7a0c81e3a1fdf063cb86de41f45cbd78bfde,dlstupka/hth-baptisms-san-antonio-1788-1824--1858-1898,9f03a2632820a26b9724dac7a7a62e87776b1b04,dlstupka/hth,4b0d7c9a16b00eb463a94355f4a2aaf9e69af020,1605,1074,1.0,False,0,-0.25,0.002,0,0,0,0,0,0,0,0,1605,1074,137.451,76.704,204.0,3676.084,6.3821,0.252051,2e-06,0.294,0.573,0.0,False,False,False,False,False,False,0.75,review,very_small_content_region,
78,Baptisms-San-Antonio-Baptism-Records-1788-1824--1858-1898_p65-90.docx,15,raw/fs_0078.png,2c222a4077110d8a48db233be13af714e1e5dcc13359316365998b7571749fc0,dlstupka/hth-baptisms-san-antonio-1788-1824--1858-1898,9f03a2632820a26b9724dac7a7a62e87776b1b04,dlstupka/hth,4b0d7c9a16b00eb463a94355f4a2aaf9e69af020,1582,1077,1.0,False,0,-0.25,0.004,0,0,0,0,0,0,0,0,1582,1077,149.758,71.741,205.0,2645.833,6.2138,0.190261,5e-06,0.224,0.567,0.0,False,False,False,False,False,False,0.768,review,very_small_content_region,
82,Baptisms-San-Antonio-Baptism-Records-1788-1824--1858-1898_p65-90.docx,19,raw/fs_0082.png,0037a5da7fda7b92fc4735fb243e675761f1fee821917be69e15c764d124df61,dlstupka/hth-baptisms-san-antonio-1788-1824--1858-1898,9f03a2632820a26b9724dac7a7a62e87776b1b04,dlstupka/hth,4b0d7c9a16b00eb463a94355f4a2aaf9e69af020,1506,1079,1.0,False,0,0.25,0.001,0,0,0,0,0,0,0,0,1506,1079,143.634,72.792,202.0,3335.522,6.222,0.213634,1e-06,0.565,0.588,0.0,False,False,False,False,False,False,0.759,review,very_small_content_region,
83,Baptisms-San-Antonio-Baptism-Records-1788-1824--1858-1898_p65-90.docx,20,raw/fs_0083.png,3d9de6d59c1c6f216e8f80e2a466e4222baa8f0cbf70c324d29ae5381951e423,dlstupka/hth-baptisms-san-antonio-1788-1824--1858-1898,9f03a2632820a26b9724dac7a7a62e87776b1b04,dlstupka/hth,4b0d7c9a16b00eb463a94355f4a2aaf9e69af020,1518,1078,1.0,False,0,0.25,0.0,0,0,0,0,0,0,0,0,1518,1078,143.222,66.407,198.0,3903.283,6.5215,0.192359,0.0,0.211,0.651,0.0,False,False,False,False,False,False,0.759,review,very_small_content_region,
84,Baptisms-San-Antonio-Baptism-Records-1788-1824--1858-1898_p65-90.docx,21,raw/fs_0084.png,b6e4cf1fc403317c55be5484a1191b422d4ccecf43b406863bdb09b20c03337b,dlstupka/hth-baptisms-san-antonio-1788-1824--1858-1898,9f03a2632820a26b9724dac7a7a62e87776b1b04,dlstupka/hth,4b0d7c9a16b00eb463a94355f4a2aaf9e69af020,1520,1082,1.0,False,0,0.25,0.217,0,0,0,0,0,0,0,0,1520,1082,140.697,74.043,202.0,3457.109,6.2756,0.225439,4e-06,0.351,0.621,0.0,False,False,False,False,False,False,0.755,review,very_small_content_region,
89,Baptisms-San-Antonio-Baptism-Records-1788-1824--1858-1898_p65-90.docx,26,raw/fs_0089.png,ebd8055df91cda0b70abe550908ad80b5e5ae598ca7bbde6a063b34f2d7ca3e7,dlstupka/hth-baptisms-san-antonio-1788-1824--1858-1898,9f03a2632820a26b9724dac7a7a62e87776b1b04,dlstupka/hth,4b0d7c9a16b00eb463a94355f4a2aaf9e69af020,1523,1079,1.0,False,0,-0.25,0.008,0,0,0,0,0,0,0,0,1523,1079,150.365,69.72,204.0,2359.246,6.3133,0.184152,0.0,0.275,0.435,0.0,False,False,False,False,False,False,0.769,review,very_small_content_region,
91,Baptisms-San-Antonio-Baptism-Records-1788-1824--1858-1898_p91-100.docx,2,raw/fs_0091.png,a3857b5e4d17e55d4ae6aa1a613a81ad5df08c5c188d7d3987c48d10bb68452b,dlstupka/hth-baptisms-san-antonio-1788-1824--1858-1898,9f03a2632820a26b9724dac7a7a62e87776b1b04,dlstupka/hth,4b0d7c9a16b00eb463a94355f4a2aaf9e69af020,1400,987,1.0,False,0,-0.25,0.009,0,0,0,0,0,0,0,0,1400,987,133.463,74.947,201.0,4240.549,6.375,0.248968,0.000918,0.376,0.599,0.0,False,False,False,False,False,False,0.744,review,very_small_content_region,
94,Baptisms-San-Antonio-Baptism-Records-1788-1824--1858-1898_p91-100.docx,5,raw/fs_0094.png,b48b0c4d0287316f5e6ef9e51f49b1679a426315d35dec2da9b7076e4a4f72b6,dlstupka/hth-baptisms-san-antonio-1788-1824--1858-1898,9f03a2632820a26b9724dac7a7a62e87776b1b04,dlstupka/hth,4b0d7c9a16b00eb463a94355f4a2aaf9e69af020,1316,987,1.0,False,0,-0.25,0.004,0,0,0,0,0,0,0,0,1316,987,102.936,73.579,198.0,1876.253,6.9257,0.420069,0.000239,0.298,0.513,0.0,False,False,False,False,False,False,0.7,review,very_small_content_region,
95,Baptisms-San-Antonio-Baptism-Records-1788-1824--1858-1898_p91-100.docx,6,raw/fs_0095.png,48ee1a156aa1b9504547ba422852e20ab80c3e8ba0e6a6df8124907045721efe,dlstupka/hth-baptisms-san-antonio-1788-1824--1858-1898,9f03a2632820a26b9724dac7a7a62e87776b1b04,dlstupka/hth,4b0d7c9a16b00eb463a94355f4a2aaf9e69af020,1088,983,1.0,False,0,-0.25,0.0,0,0,0,0,0,0,0,0,1088,983,150.038,67.25,191.0,1431.337,5.3826,0.176324,5e-06,0.0,0.342,0.0,False,False,False,False,False,False,0.769,review,very_small_content_region,
96,Baptisms-San-Antonio-Baptism-Records-1788-1824--1858-1898_p91-100.docx,7,raw/fs_0096.png,9f14c283e6da923fab7e5b5aa15f1087de5717a93815ab7b1e04b9bfa9122d0b,dlstupka/hth-baptisms-san-antonio-1788-1824--1858-1898,9f03a2632820a26b9724dac7a7a62e87776b1b04,dlstupka/hth,4b0d7c9a16b00eb463a94355f4a2aaf9e69af020,915,986,1.0,False,0,-0.25,0.0,0,0,0,0,0,0,0,0,915,986,140.907,74.093,191.0,1866.979,5.3848,0.225674,2e-06,0.0,0.343,0.0,False,False,False,False,False,False,0.755,review,very_small_content_region,
110,Baptisms-San-Antonio-Baptism-Records-1788-1824--1858-1898_p101-200.docx,11,raw/fs_0110.png,90977f286c737b62faa49448799e396b93897a2760b6140d4b521bad27603cab,dlstupka/hth-baptisms-san-antonio-1788-1824--1858-1898,9f03a2632820a26b9724dac7a7a62e87776b1b04,dlstupka/hth,4b0d7c9a16b00eb463a94355f4a2aaf9e69af020,1623,1297,1.0,False,0,-0.25,0.0,0,0,0,0,0,0,0,0,1623,1297,134.522,75.203,199.0,3906.672,6.1522,0.245277,9e-06,0.606,0.595,0.0,False,False,False,False,False,False,0.746,review,very_small_content_region,
111,Baptisms-San-Antonio-Baptism-Records-1788-1824--1858-1898_p101-200.docx,12,raw/fs_0111.png,d5a09179d26f4572fdb99c2f87559edcca00b0695281626fd812ae60e271cfad,dlstupka/hth-baptisms-san-antonio-1788-1824--1858-1898,9f03a2632820a26b9724dac7a7a62e87776b1b04,dlstupka/hth,4b0d7c9a16b00eb463a94355f4a2aaf9e69af020,1650,1300,1.0,False,0,0.25,0.0,0,0,0,0,0,0,0,0,1650,1300,134.456,74.717,199.0,3846.507,6.1855,0.245142,5e-06,0.54,0.59,0.0,False,False,False,False,False,False,0.746,review,very_small_content_region,
115,Baptisms-San-Antonio-Baptism-Records-1788-1824--1858-1898_p101-200.docx,16,raw/fs_0115.png,c5f09b08ca0b0abb2ac4ca8813c0791135ff7e3a9612721576224d9929f77810,dlstupka/hth-baptisms-san-antonio-1788-1824--1858-1898,9f03a2632820a26b9724dac7a7a62e87776b1b04,dlstupka/hth,4b0d7c9a16b00eb463a94355f4a2aaf9e69af020,1592,1303,1.0,False,0,0.25,0.124,0,0,0,0,0,0,0,0,1592,1303,147.502,66.158,199.0,4379.115,6.4046,0.179044,1.1e-05,0.041,0.684,0.0,False,False,False,False,False,False,0.765,review,very_small_content_region,
119,Baptisms-San-Antonio-Baptism-Records-1788-1824--1858-1898_p101-200.docx,20,raw/fs_0119.png,a7c0c69f251dfaeed098452ef9ac6c12eb2a0a0556977903ea2fce670e29b8bc,dlstupka/hth-baptisms-san-antonio-1788-1824--1858-1898,9f03a2632820a26b9724dac7a7a62e87776b1b04,dlstupka/hth,4b0d7c9a16b00eb463a94355f4a2aaf9e69af020,1569,1303,1.0,False,0,0.25,0.048,0,0,0,0,0,0,0,0,1569,1303,143.48,70.119,200.0,4219.476,6.3616,0.201266,7e-06,0.439,0.672,0.0,False,False,False,False,False,False,0.759,review,very_small_content_region,
139,Baptisms-San-Antonio-Baptism-Records-1788-1824--1858-1898_p101-200.docx,40,raw/fs_0139.png,f3c23ed0b426355e93d0dd402e140b47ab7848809a0b40621c1c98bcb9b1b2e9,dlstupka/hth-baptisms-san-antonio-1788-1824--1858-1898,9f03a2632820a26b9724dac7a7a62e87776b1b04,dlstupka/hth,4b0d7c9a16b00eb463a94355f4a2aaf9e69af020,1446,1175,1.0,False,0,-0.25,0.003,0,0,0,0,0,0,0,0,1446,1175,153.342,65.234,203.0,4272.667,6.4659,0.162762,1.4e-05,0.0,0.644,0.0,False,False,False,False,False,False,0.774,review,very_small_content_region,
153,Baptisms-San-Antonio-Baptism-Records-1788-1824--1858-1898_p101-200.docx,54,raw/fs_0153.png,4e7fb8ef729efa3395c2a77a1e4a76af264ad5059fdeba0abe60ac252afde7d4,dlstupka/hth-baptisms-san-antonio-1788-1824--1858-1898,9f03a2632820a26b9724dac7a7a62e87776b1b04,dlstupka/hth,4b0d7c9a16b00eb463a94355f4a2aaf9e69af020,1515,1176,1.0,False,0,-0.0,1.0,0,0,0,0,0,0,0,0,1515,1176,127.41,78.14,198.0,4360.381,6.1555,0.285823,3e-06,0.262,0.613,0.0,False,False,False,False,False,False,0.736,review,very_small_content_region,
154,Baptisms-San-Antonio-Baptism-Records-1788-1824--1858-1898_p101-200.docx,55,raw/fs_0154.png,6239f64880a40f6fd0f4ad7e75b65b686cfc067abcda0bf825ab6de983d87f57,dlstupka/hth-baptisms-san-antonio-1788-1824--1858-1898,9f03a2632820a26b9724dac7a7a62e87776b1b04,dlstupka/hth,4b0d7c9a16b00eb463a94355f4a2aaf9e69af020,1528,1175,1.0,False,0,-0.0,1.0,0,0,0,0,0,0,0,0,1528,1175,127.298,77.843,197.0,4064.459,6.151,0.282911,4e-06,0.494,0.596,0.0,False,False,False,False,False,False,0.735,review,very_small_content_region,
155,Baptisms-San-Antonio-Baptism-Records-1788-1824--1858-1898_p101-200.docx,56,raw/fs_0155.png,dee1768a58564ef3ce3cc6f0dffbd7b7c46384290121b44b5de45debbae0ea38,dlstupka/hth-baptisms-san-antonio-1788-1824--1858-1898,9f03a2632820a26b9724dac7a7a62e87776b1b04,dlstupka/hth,4b0d7c9a16b00eb463a94355f4a2aaf9e69af020,1518,1172,1.0,False,0,-0.25,0.0,0,0,0,0,0,0,0,0,1518,1172,141.229,67.174,198.0,4453.607,6.5234,0.197432,6e-06,0.194,0.671,0.0,False,False,False,False,False,False,0.756,review,very_small_content_region,
156,Baptisms-San-Antonio-Baptism-Records-1788-1824--1858-1898_p101-200.docx,57,raw/fs_0156.png,1b23e36f4cc7bdc453374577514d9949110b159efc559ae3aa5cb028a27709dd,dlstupka/hth-baptisms-san-antonio-1788-1824--1858-1898,9f03a2632820a26b9724dac7a7a62e87776b1b04,dlstupka/hth,4b0d7c9a16b00eb463a94355f4a2aaf9e69af020,1417,1174,1.0,False,0,-0.25,0.001,0,0,0,0,0,0,0,0,1417,1174,147.171,68.634,203.0,4290.555,6.4787,0.187191,7e-06,0.194,0.637,0.0,False,False,False,False,False,False,0.765,review,very_small_content_region,
158,Baptisms-San-Antonio-Baptism-Records-1788-1824--1858-1898_p101-200.docx,59,raw/fs_0158.png,1548da223309532b421cfc3f403da73248c88ac1708bc135d6d478d402cd672e,dlstupka/hth-baptisms-san-antonio-1788-1824--1858-1898,9f03a2632820a26b9724dac7a7a62e87776b1b04,dlstupka/hth,4b0d7c9a16b00eb463a94355f4a2aaf9e69af020,1518,1172,1.0,False,0,-0.25,0.0,0,0,0,0,0,0,0,0,1518,1172,127.098,78.704,199.0,4061.095,6.088,0.287106,3e-06,0.439,0.584,0.0,False,False,False,False,False,False,0.735,review,very_small_content_region,
167,Baptisms-San-Antonio-Baptism-Records-1788-1824--1858-1898_p101-200.docx,68,raw/fs_0167.png,5207eedc88ef9b7dc9e6fde55af9407e41ad52b881038b076e91203cd8ee96ad,dlstupka/hth-baptisms-san-antonio-1788-1824--1858-1898,9f03a2632820a26b9724dac7a7a62e87776b1b04,dlstupka/hth,4b0d7c9a16b00eb463a94355f4a2aaf9e69af020,1522,1163,1.0,False,0,0.25,0.004,0,0,0,0,0,0,0,0,1522,1163,145.39,68.214,202.0,4227.277,6.5707,0.189365,5e-06,0.21,0.652,0.0,False,False,False,False,False,False,0.762,review,very_small_content_region,
175,Baptisms-San-Antonio-Baptism-Records-1788-1824--1858-1898_p101-200.docx,76,raw/fs_0175.png,2d82b00057c6894afaf3e0e20b1ca07384a6ef0ffe8aaa94a58d897673508305,dlstupka/hth-baptisms-san-antonio-1788-1824--1858-1898,9f03a2632820a26b9724dac7a7a62e87776b1b04,dlstupka/hth,4b0d7c9a16b00eb463a94355f4a2aaf9e69af020,1490,1167,1.0,False,0,0.25,0.003,0,0,0,0,0,0,0,0,1490,1167,130.837,73.51,196.0,3823.899,6.2262,0.250009,3e-06,0.603,0.605,0.0,False,False,False,False,False,False,0.741,review,very_small_content_region,
183,Baptisms-San-Antonio-Baptism-Records-1788-1824--1858-1898_p101-200.docx,84,raw/fs_0183.png,92f05cce5eaf09804b72396dba93c42553452c5a876f3f4ace4f71e005e28b54,dlstupka/hth-baptisms-san-antonio-1788-1824--1858-1898,9f03a2632820a26b9724dac7a7a62e87776b1b04,dlstupka/hth,4b0d7c9a16b00eb463a94355f4a2aaf9e69af020,1536,1161,1.0,False,0,-0.25,0.0,0,0,0,0,0,0,0,0,1536,1161,140.679,71.069,200.0,4371.621,6.4642,0.216602,7e-06,0.31,0.664,0.0,False,False,False,False,False,False,0.755,review,very_small_content_region,
200,Baptisms-San-Antonio-Baptism-Records-1788-1824--1858-1898_p201-300.docx,1,raw/fs_0200.png,0f13260adf19e43b995e22c62486066ea791c143ed401ca217e16d4e5b39d9c7,dlstupka/hth-baptisms-san-antonio-1788-1824--1858-1898,9f03a2632820a26b9724dac7a7a62e87776b1b04,dlstupka/hth,4b0d7c9a16b00eb463a94355f4a2aaf9e69af020,1889,1308,0.952885,False,0,0.25,0.391,0,0,0,0,0,0,0,0,1889,1308,142.313,74.608,205.0,4034.371,6.5082,0.226975,0.000188,0.05,0.655,0.0,False,False,False,False,False,False,0.757,review,very_small_content_region,
201,Baptisms-San-Antonio-Baptism-Records-1788-1824--1858-1898_p201-300.docx,2,raw/fs_0201.png,4bf48c306798f41435a67be37425fa0bdbceb4cea3961a261bd2f71847768926,dlstupka/hth-baptisms-san-antonio-1788-1824--1858-1898,9f03a2632820a26b9724dac7a7a62e87776b1b04,dlstupka/hth,4b0d7c9a16b00eb463a94355f4a2aaf9e69af020,1889,1303,0.952885,False,0,0.25,0.003,0,0,0,0,0,0,0,0,1889,1303,139.994,74.565,204.0,4267.372,6.5429,0.234313,0.00011,0.081,0.658,0.0,False,False,False,False,False,False,0.754,review,very_small_content_region,
202,Baptisms-San-Antonio-Baptism-Records-1788-1824--1858-1898_p201-300.docx,3,raw/fs_0202.png,c9ccbd54625c274ba65da348b07e850e9b44f7d9832fde6ff796b07a5d90aae7,dlstupka/hth-baptisms-san-antonio-1788-1824--1858-1898,9f03a2632820a26b9724dac7a7a62e87776b1b04,dlstupka/hth,4b0d7c9a16b00eb463a94355f4a2aaf9e69af020,1900,1309,0.947368,False,0,0.25,0.298,0,0,0,0,0,0,0,0,1900,1309,138.5,76.808,206.0,4305.774,6.537,0.249495,0.000228,0.077,0.648,0.0,False,False,False,False,False,False,0.752,review,very_small_content_region,
203,Baptisms-San-Antonio-Baptism-Records-1788-1824--1858-1898_p201-300.docx,4,raw/fs_0203.png,55ed20cb1116341f73cfb1ef9073e492b202750c8fedf81678f0d8c6da7011b9,dlstupka/hth-baptisms-san-antonio-1788-1824--1858-1898,9f03a2632820a26b9724dac7a7a62e87776b1b04,dlstupka/hth,4b0d7c9a16b00eb463a94355f4a2aaf9e69af020,1873,1307,0.961025,False,0,0.25,0.291,0,0,0,0,0,0,0,0,1873,1307,136.044,73.657,201.0,4097.031,6.5843,0.241127,5e-05,0.127,0.652,0.0,False,False,False,False,False,False,0.748,review,very_small_content_region,
204,Baptisms-San-Antonio-Baptism-Records-1788-1824--1858-1898_p201-300.docx,5,raw/fs_0204.png,d0f8df7224b1d70feb986258ad35d67fe6df0600b333d6d0e4e710a742c4a462,dlstupka/hth-baptisms-san-antonio-1788-1824--1858-1898,9f03a2632820a26b9724dac7a7a62e87776b1b04,dlstupka/hth,4b0d7c9a16b00eb463a94355f4a2aaf9e69af020,1879,1304,0.957956,False,0,-0.25,0.0,0,0,0,0,0,0,0,0,1879,1304,136.903,70.881,195.0,3734.446,6.4255,0.225014,5e-06,0.028,0.664,0.0,False,False,False,False,False,False,0.749,review,very_small_content_region,
205,Baptisms-San-Antonio-Baptism-Records-1788-1824--1858-1898_p201-300.docx,6,raw/fs_0205.png,effa693cb48ada9fc6dd96193a63ae41205cb36ca75caa6b21e5cb6147581034,dlstupka/hth-baptisms-san-antonio-1788-1824--1858-1898,9f03a2632820a26b9724dac7a7a62e87776b1b04,dlstupka/hth,4b0d7c9a16b00eb463a94355f4a2aaf9e69af020,1890,1304,0.952381,False,0,0.25,0.006,0,0,0,0,0,0,0,0,1890,1304,141.016,75.784,206.0,4433.707,6.5878,0.236977,0.00015,0.115,0.65,0.0,False,False,False,False,False,False,0.755,review,very_small_content_region,
206,Baptisms-San-Antonio-Baptism-Records-1788-1824--1858-1898_p201-300.docx,7,raw/fs_0206.png,06bd7af10da6ce1f8128ec5e5f2ad9b3e7913424e659e4f085d6e0217340c33e,dlstupka/hth-baptisms-san-antonio-1788-1824--1858-1898,9f03a2632820a26b9724dac7a7a62e87776b1b04,dlstupka/hth,4b0d7c9a16b00eb463a94355f4a2aaf9e69af020,1861,1302,0.967222,False,0,-0.25,0.002,0,0,0,0,0,0,0,0,1861,1302,141.318,77.128,206.0,3952.269,6.45,0.240195,4.8e-05,0.077,0.641,0.0,False,False,False,False,False,False,0.756,review,very_small_content_region,
207,Baptisms-San-Antonio-Baptism-Records-1788-1824--1858-1898_p201-300.docx,8,raw/fs_0207.png,39088ae7ffdd99dbb884b54aa1eeeb21e8e4a1ddfdad05fe3ab5d1ba218842ce,dlstupka/hth-baptisms-san-antonio-1788-1824--1858-1898,9f03a2632820a26b9724dac7a7a62e87776b1b04,dlstupka/hth,4b0d7c9a16b00eb463a94355f4a2aaf9e69af020,1875,1306,0.96,False,0,-0.25,0.001,0,0,0,0,0,0,0,0,1875,1306,139.202,74.858,203.0,4049.49,6.4585,0.238356,2.8e-05,0.074,0.64,0.0,False,False,False,False,False,False,0.753,review,very_small_content_region,
208,Baptisms-San-Antonio-Baptism-Records-1788-1824--1858-1898_p201-300.docx,9,raw/fs_0208.png,a55c622eafa3e8804ab6e355badb6d050b91d557d183326ce5593da983a0ff8e,dlstupka/hth-baptisms-san-antonio-1788-1824--1858-1898,9f03a2632820a26b9724dac7a7a62e87776b1b04,dlstupka/hth,4b0d7c9a16b00eb463a94355f4a2aaf9e69af020,1858,1307,0.968784,False,0,0.25,0.275,0,0,0,0,0,0,0,0,1858,1307,143.115,75.359,206.0,4006.305,6.4516,0.230081,4.7e-05,0.076,0.624,0.0,False,False,False,False,False,False,0.759,review,very_small_content_region,
209,Baptisms-San-Antonio-Baptism-Records-1788-1824--1858-1898_p201-300.docx,10,raw/fs_0209.png,78aae44c3cc2cd0bc0df7eaacee60bb147539fa2675234eeb0652e26021a6cc4,dlstupka/hth-baptisms-san-antonio-1788-1824--1858-1898,9f03a2632820a26b9724dac7a7a62e87776b1b04,dlstupka/hth,4b0d7c9a16b00eb463a94355f4a2aaf9e69af020,1843,1301,0.976668,False,0,-0.25,0.001,0,0,0,0,0,0,0,0,1843,1301,138.607,76.346,204.0,3868.549,6.393,0.242762,4e-05,0.0,0.619,0.0,False,False,False,False,False,False,0.752,review,very_small_content_region,
210,Baptisms-San-Antonio-Baptism-Records-1788-1824--1858-1898_p201-300.docx,11,raw/fs_0210.png,016fe182b0d2d95c384d293a2a71f059ef7b2fa427957f877909cb1afa4477dc,dlstupka/hth-baptisms-san-antonio-1788-1824--1858-1898,9f03a2632820a26b9724dac7a7a62e87776b1b04,dlstupka/hth,4b0d7c9a16b00eb463a94355f4a2aaf9e69af020,1848,1308,0.974026,False,0,0.25,0.306,0,0,0,0,0,0,0,0,1848,1308,134.624,75.887,201.0,3964.643,6.401,0.256543,1.2e-05,0.0,0.62,0.0,False,False,False,False,False,False,0.746,review,very_small_content_region,
211,Baptisms-San-Antonio-Baptism-Records-1788-1824--1858-1898_p201-300.docx,12,raw/fs_0211.png,42cca8c69a1f69922cb08d567b30b9cebe366480a2053707c5828e6ef50cf8a7,dlstupka/hth-baptisms-san-antonio-1788-1824--1858-1898,9f03a2632820a26b9724dac7a7a62e87776b1b04,dlstupka/hth,4b0d7c9a16b00eb463a94355f4a2aaf9e69af020,1842,1305,0.977199,False,0,0.25,0.0,0,0,0,0,0,0,0,0,1842,1305,142.849,73.326,203.0,4049.847,6.4889,0.221982,5.1e-05,0.109,0.654,0.0,False,False,False,False,False,False,0.758,review,very_small_content_region,
212,Baptisms-San-Antonio-Baptism-Records-1788-1824--1858-1898_p201-300.docx,13,raw/fs_0212.png,7fafae15be582b37f212762a5767bede3b748440e229198689aaad1d5c1a720d,dlstupka/hth-baptisms-san-antonio-1788-1824--1858-1898,9f03a2632820a26b9724dac7a7a62e87776b1b04,dlstupka/hth,4b0d7c9a16b00eb463a94355f4a2aaf9e69af020,1832,1306,0.982533,False,0,0.25,0.0,0,0,0,0,0,0,0,0,1832,1306,143.087,73.862,203.0,3903.283,6.3888,0.220525,3.3e-05,0.103,0.621,0.0,False,False,False,False,False,False,0.759,review,very_small_content_region,
213,Baptisms-San-Antonio-Baptism-Records-1788-1824--1858-1898_p201-300.docx,14,raw/fs_0213.png,ca08cdc3283d70137f1f847801e3223391a9cebfb45b34756e6afb23af128a00,dlstupka/hth-baptisms-san-antonio-1788-1824--1858-1898,9f03a2632820a26b9724dac7a7a62e87776b1b04,dlstupka/hth,4b0d7c9a16b00eb463a94355f4a2aaf9e69af020,1815,1298,0.991736,False,0,-0.25,0.0,0,0,0,0,0,0,0,0,1815,1298,139.876,75.953,202.0,3441.08,6.2764,0.23748,1.4e-05,0.124,0.6,0.0,False,False,False,False,False,False,0.754,review,very_small_content_region,
214,Baptisms-San-Antonio-Baptism-Records-1788-1824--1858-1898_p201-300.docx,15,raw/fs_0214.png,328a0faf299a3f706933c5d3bd0a52dc8518a6396ff6c4d7c3dab0559b5e23c4,dlstupka/hth-baptisms-san-antonio-1788-1824--1858-1898,9f03a2632820a26b9724dac7a7a62e87776b1b04,dlstupka/hth,4b0d7c9a16b00eb463a94355f4a2aaf9e69af020,1859,1306,0.968263,False,0,-0.25,0.002,0,0,0,0,0,0,0,0,1859,1306,141.325,75.629,204.0,3813.288,6.3672,0.232117,5.4e-05,0.11,0.613,0.0,False,False,False,False,False,False,0.756,review,very_small_content_region,
215,Baptisms-San-Antonio-Baptism-Records-1788-1824--1858-1898_p201-300.docx,16,raw/fs_0215.png,eea6b3dd9583ca5fc566adf3a98f203cad63bb7ab4bd55e11d5aef7abf1b83ab,dlstupka/hth-baptisms-san-antonio-1788-1824--1858-1898,9f03a2632820a26b9724dac7a7a62e87776b1b04,dlstupka/hth,4b0d7c9a16b00eb463a94355f4a2aaf9e69af020,1839,1311,0.978793,False,0,0.25,0.791,0,0,0,0,0,0,0,0,1839,1311,140.867,74.301,202.0,3988.805,6.4574,0.232336,0.000822,0.096,0.665,0.0,False,False,False,False,False,False,0.755,review,very_small_content_region,
216,Baptisms-San-Antonio-Baptism-Records-1788-1824--1858-1898_p201-300.docx,17,raw/fs_0216.png,8a102a4a7d04d6bffa7a2875e0bf4ded358eaa8a0c573faf0fb02f96c608a12d,dlstupka/hth-baptisms-san-antonio-1788-1824--1858-1898,9f03a2632820a26b9724dac7a7a62e87776b1b04,dlstupka/hth,4b0d7c9a16b00eb463a94355f4a2aaf9e69af020,1854,1304,0.970874,False,0,-0.25,0.0,0,0,0,0,0,0,0,0,1854,1304,137.781,76.372,202.0,3743.79,6.315,0.246288,3.4e-05,0.125,0.639,0.0,False,False,False,False,False,False,0.751,review,very_small_content_region,
217,Baptisms-San-Antonio-Baptism-Records-1788-1824--1858-1898_p201-300.docx,18,raw/fs_0217.png,85251d71c4ab6ce3142af294b1e7581fa6a5ac47c0a49c0900c21892609f4e2b,dlstupka/hth-baptisms-san-antonio-1788-1824--1858-1898,9f03a2632820a26b9724dac7a7a62e87776b1b04,dlstupka/hth,4b0d7c9a16b00eb463a94355f4a2aaf9e69af020,1834,1307,0.981461,False,0,0.25,0.126,0,0,0,0,0,0,0,0,1834,1307,142.569,74.712,203.0,3534.632,6.3091,0.226027,1.8e-05,0.122,0.629,0.0,False,False,False,False,False,False,0.758,review,very_small_content_region,
218,Baptisms-San-Antonio-Baptism-Records-1788-1824--1858-1898_p201-300.docx,19,raw/fs_0218.png,3225e3baa931bec482016e2dc1a9bb50698e7700d16b5380cb5ff6090097af0d,dlstupka/hth-baptisms-san-antonio-1788-1824--1858-1898,9f03a2632820a26b9724dac7a7a62e87776b1b04,dlstupka/hth,4b0d7c9a16b00eb463a94355f4a2aaf9e69af020,1830,1305,0.983607,False,0,-0.25,0.0,0,0,0,0,0,0,0,0,1830,1305,140.172,75.125,202.0,3688.188,6.2708,0.234167,2.7e-05,0.097,0.595,0.0,False,False,False,False,False,False,0.754,review,very_small_content_region,
219,Baptisms-San-Antonio-Baptism-Records-1788-1824--1858-1898_p201-300.docx,20,raw/fs_0219.png,78e52b7dc775f9c22d38f97bd927ea5c5d034dcab764c8e6f470e7098f78d5b7,dlstupka/hth-baptisms-san-antonio-1788-1824--1858-1898,9f03a2632820a26b9724dac7a7a62e87776b1b04,dlstupka/hth,4b0d7c9a16b00eb463a94355f4a2aaf9e69af020,1824,1308,0.986842,False,0,0.25,0.32,0,0,0,0,0,0,0,0,1824,1308,140.799,76.387,204.0,3884.174,6.3335,0.240328,2.6e-05,0.101,0.632,0.0,False,False,False,False,False,False,0.755,review,very_small_content_region,
220,Baptisms-San-Antonio-Baptism-Records-1788-1824--1858-1898_p201-300.docx,21,raw/fs_0220.png,1181e2e78381fea0e8f03c4eca70dd0471670eacd58cf57ace575cc348c27dd3,dlstupka/hth-baptisms-san-antonio-1788-1824--1858-1898,9f03a2632820a26b9724dac7a7a62e87776b1b04,dlstupka/hth,4b0d7c9a16b00eb463a94355f4a2aaf9e69af020,1748,1301,1.0,False,0,0.25,0.014,0,0,0,0,0,0,0,0,1748,1301,147.815,72.271,205.0,4090.452,6.4569,0.204644,3.6e-05,0.0,0.651,0.0,False,False,False,False,False,False,0.765,review,very_small_content_region,
221,Baptisms-San-Antonio-Baptism-Records-1788-1824--1858-1898_p201-300.docx,22,raw/fs_0221.png,0a02dcf473ec184b5fb5db66feff81d6eed9b21e3967edd6ce34ca75dbfb7a20,dlstupka/hth-baptisms-san-antonio-1788-1824--1858-1898,9f03a2632820a26b9724dac7a7a62e87776b1b04,dlstupka/hth,4b0d7c9a16b00eb463a94355f4a2aaf9e69af020,1902,1310,0.946372,False,0,0.25,0.293,0,0,0,0,0,0,0,0,1902,1310,139.427,72.276,201.0,4130.747,6.6153,0.227703,0.000824,0.113,0.654,0.0,False,False,False,False,False,False,0.753,review,very_small_content_region,
222,Baptisms-San-Antonio-Baptism-Records-1788-1824--1858-1898_p201-300.docx,23,raw/fs_0222.png,753d37381fdced79f6a823d0b9913bad7fafdc47c63d8377c5beb283dcf97f0e,dlstupka/hth-baptisms-san-antonio-1788-1824--1858-1898,9f03a2632820a26b9724dac7a7a62e87776b1b04,dlstupka/hth,4b0d7c9a16b00eb463a94355f4a2aaf9e69af020,1834,1308,0.981461,False,0,0.25,0.316,0,0,0,0,0,0,0,0,1834,1308,138.289,72.112,200.0,4395.006,6.6115,0.231259,2e-05,0.143,0.671,0.0,False,False,False,False,False,False,0.751,review,very_small_content_region,
223,Baptisms-San-Antonio-Baptism-Records-1788-1824--1858-1898_p201-300.docx,24,raw/fs_0223.png,68f77e054f3830f95f1ef3028eab83c6c6e731d31c6b7b1429d565d12c817981,dlstupka/hth-baptisms-san-antonio-1788-1824--1858-1898,9f03a2632820a26b9724dac7a7a62e87776b1b04,dlstupka/hth,4b0d7c9a16b00eb463a94355f4a2aaf9e69af020,1848,1307,0.974026,False,0,-0.25,0.002,0,0,0,0,0,0,0,0,1848,1307,140.855,72.298,202.0,4414.765,6.5866,0.224774,0.000801,0.064,0.676,0.0,False,False,False,False,False,False,0.755,review,very_small_content_region,
224,Baptisms-San-Antonio-Baptism-Records-1788-1824--1858-1898_p201-300.docx,25,raw/fs_0224.png,cd8c2f9e8550f9c87e93f4a054bb593850e5b719da3a34de93d7fa08dad9fa84,dlstupka/hth-baptisms-san-antonio-1788-1824--1858-1898,9f03a2632820a26b9724dac7a7a62e87776b1b04,dlstupka/hth,4b0d7c9a16b00eb463a94355f4a2aaf9e69af020,1840,1308,0.978261,False,0,0.25,0.191,0,0,0,0,0,0,0,0,1840,1308,144.954,70.544,203.0,4073.448,6.5549,0.203991,0.000836,0.099,0.676,0.0,False,False,False,False,False,False,0.761,review,very_small_content_region,
225,Baptisms-San-Antonio-Baptism-Records-1788-1824--1858-1898_p201-300.docx,26,raw/fs_0225.png,b0248b796839fe00218f44be4b68b2bb6df661ead285af89407ab921ebc8e501,dlstupka/hth-baptisms-san-antonio-1788-1824--1858-1898,9f03a2632820a26b9724dac7a7a62e87776b1b04,dlstupka/hth,4b0d7c9a16b00eb463a94355f4a2aaf9e69af020,1798,1311,1.0,False,0,-0.0,1.0,0,0,0,0,0,0,0,0,1798,1311,149.129,67.76,202.0,4024.933,6.5322,0.183875,0.003063,0.0,0.658,0.0,False,False,False,False,False,False,0.767,review,very_small_content_region,
226,Baptisms-San-Antonio-Baptism-Records-1788-1824--1858-1898_p201-300.docx,27,raw/fs_0226.png,d5abbdd918dc3c92cff78fc5857b9aad0a2e350889bf2d1b1a8af131b5c1119e,dlstupka/hth-baptisms-san-antonio-1788-1824--1858-1898,9f03a2632820a26b9724dac7a7a62e87776b1b04,dlstupka/hth,4b0d7c9a16b00eb463a94355f4a2aaf9e69af020,1830,1301,0.983607,False,0,-0.25,0.001,0,0,0,0,0,0,0,0,1830,1301,142.015,72.364,201.0,4070.476,6.4218,0.218542,2.4e-05,0.0,0.645,0.0,False,False,False,False,False,False,0.757,review,very_small_content_region,
227,Baptisms-San-Antonio-Baptism-Records-1788-1824--1858-1898_p201-300.docx,28,raw/fs_0227.png,99e4030bb7978afec9658a824b68ec52afdb97ae4f54eaabb71658ebaa64a3e3,dlstupka/hth-baptisms-san-antonio-1788-1824--1858-1898,9f03a2632820a26b9724dac7a7a62e87776b1b04,dlstupka/hth,4b0d7c9a16b00eb463a94355f4a2aaf9e69af020,1784,1301,1.0,False,0,-0.25,0.0,0,0,0,0,0,0,0,0,1784,1301,139.225,71.294,199.0,4298.766,6.4927,0.222108,1.4e-05,0.078,0.671,0.0,False,False,False,False,False,False,0.753,review,very_small_content_region,
228,Baptisms-San-Antonio-Baptism-Records-1788-1824--1858-1898_p201-300.docx,29,raw/fs_0228.png,7d50385df2f3ff8d0c3f9d194479f13f94addcc317b1100106ef25a78355a023,dlstupka/hth-baptisms-san-antonio-1788-1824--1858-1898,9f03a2632820a26b9724dac7a7a62e87776b1b04,dlstupka/hth,4b0d7c9a16b00eb463a94355f4a2aaf9e69af020,1729,1310,1.0,False,0,0.25,0.404,0,0,0,0,0,0,0,0,1729,1310,152.117,67.482,205.0,4614.244,6.6558,0.182354,2.7e-05,0.121,0.699,0.0,False,False,False,False,False,False,0.772,review,very_small_content_region,
229,Baptisms-San-Antonio-Baptism-Records-1788-1824--1858-1898_p201-300.docx,30,raw/fs_0229.png,4a4385cc30484eb5ef81adea4273cbbcca8b2f55437a58116f0e338f5e864a32,dlstupka/hth-baptisms-san-antonio-1788-1824--1858-1898,9f03a2632820a26b9724dac7a7a62e87776b1b04,dlstupka/hth,4b0d7c9a16b00eb463a94355f4a2aaf9e69af020,1790,1303,1.0,False,0,-0.25,0.0,0,0,0,0,0,0,0,0,1790,1303,137.845,71.773,195.0,3653.397,6.312,0.230121,3e-06,0.095,0.602,0.0,False,False,False,False,False,False,0.751,review,very_small_content_region,
230,Baptisms-San-Antonio-Baptism-Records-1788-1824--1858-1898_p201-300.docx,31,raw/fs_0230.png,31a70902138ad8fe7027ddd77f1a0c89c1b9f529603245bce2d2d14c1f1fcbc6,dlstupka/hth-baptisms-san-antonio-1788-1824--1858-1898,9f03a2632820a26b9724dac7a7a62e87776b1b04,dlstupka/hth,4b0d7c9a16b00eb463a94355f4a2aaf9e69af020,1707,1304,1.0,False,0,-0.25,0.003,0,0,0,0,0,0,0,0,1707,1304,147.847,63.897,198.0,4582.986,6.6088,0.178375,5e-06,0.0,0.695,0.0,False,False,False,False,False,False,0.766,review,very_small_content_region,
231,Baptisms-San-Antonio-Baptism-Records-1788-1824--1858-1898_p201-300.docx,32,raw/fs_0231.png,09aea0f9b8d8d332e292031be476722d43081f4a4615c174039eb44ed72b038f,dlstupka/hth-baptisms-san-antonio-1788-1824--1858-1898,9f03a2632820a26b9724dac7a7a62e87776b1b04,dlstupka/hth,4b0d7c9a16b00eb463a94355f4a2aaf9e69af020,1722,1306,1.0,False,0,0.25,0.001,0,0,0,0,0,0,0,0,1722,1306,149.345,61.984,196.0,4068.26,6.5026,0.164125,0.000768,0.0,0.669,0.0,False,False,False,False,False,False,0.768,review,very_small_content_region,
232,Baptisms-San-Antonio-Baptism-Records-1788-1824--1858-1898_p201-300.docx,33,raw/fs_0232.png,ea43a4ec8d33bc52ef7cd1000a65f7b11d777df048537fa39db85c7186790587,dlstupka/hth-baptisms-san-antonio-1788-1824--1858-1898,9f03a2632820a26b9724dac7a7a62e87776b1b04,dlstupka/hth,4b0d7c9a16b00eb463a94355f4a2aaf9e69af020,1777,1299,1.0,False,0,-0.25,0.0,0,0,0,0,0,0,0,0,1777,1299,145.47,66.028,196.0,4146.75,6.4541,0.189505,5e-06,0.176,0.682,0.0,False,False,False,False,False,False,0.762,review,very_small_content_region,
233,Baptisms-San-Antonio-Baptism-Records-1788-1824--1858-1898_p201-300.docx,34,raw/fs_0233.png,9cbe8247a2f4867293062f82737fa5763225088ba9d6279567d59a64a0702f10,dlstupka/hth-baptisms-san-antonio-1788-1824--1858-1898,9f03a2632820a26b9724dac7a7a62e87776b1b04,dlstupka/hth,4b0d7c9a16b00eb463a94355f4a2aaf9e69af020,1689,1308,1.0,False,0,0.25,0.839,0,0,0,0,0,0,0,0,1689,1308,146.001,65.829,196.0,4552.219,6.4329,0.191499,7e-06,0.0,0.705,0.0,False,False,False,False,False,False,0.763,review,very_small_content_region,
234,Baptisms-San-Antonio-Baptism-Records-1788-1824--1858-1898_p201-300.docx,35,raw/fs_0234.png,269dc8c2285d8b0e891cd1a19d034a9c26132bab92809037240750f239dfc4d9,dlstupka/hth-baptisms-san-antonio-1788-1824--1858-1898,9f03a2632820a26b9724dac7a7a62e87776b1b04,dlstupka/hth,4b0d7c9a16b00eb463a94355f4a2aaf9e69af020,1613,1306,1.0,False,0,0.25,0.334,0,0,0,0,0,0,0,0,1613,1306,155.46,58.274,197.0,4211.381,6.3788,0.135257,3e-06,0.086,0.65,0.0,False,False,False,False,False,False,0.768,review,very_small_content_region,
235,Baptisms-San-Antonio-Baptism-Records-1788-1824--1858-1898_p201-300.docx,36,raw/fs_0235.png,27b4e1823138f2d0161d857b52293b24a5a40846cbd7fc639b9bf8c7b568af7d,dlstupka/hth-baptisms-san-antonio-1788-1824--1858-1898,9f03a2632820a26b9724dac7a7a62e87776b1b04,dlstupka/hth,4b0d7c9a16b00eb463a94355f4a2aaf9e69af020,1634,1305,1.0,False,0,0.25,0.33,0,0,0,0,0,0,0,0,1634,1305,152.757,61.854,197.0,4228.587,6.3831,0.157464,1.1e-05,0.043,0.674,0.0,False,False,False,False,False,False,0.773,review,very_small_content_region,
236,Baptisms-San-Antonio-Baptism-Records-1788-1824--1858-1898_p201-300.docx,37,raw/fs_0236.png,459955e3c35cbf16237fc04a9cf31d67e6127b4f0aeeadb9ac9eb941e39b1495,dlstupka/hth-baptisms-san-antonio-1788-1824--1858-1898,9f03a2632820a26b9724dac7a7a62e87776b1b04,dlstupka/hth,4b0d7c9a16b00eb463a94355f4a2aaf9e69af020,1591,1304,1.0,False,0,0.25,0.245,0,0,0,0,0,0,0,0,1591,1304,155.324,57.576,196.0,4261.547,6.491,0.135681,5e-06,0.057,0.66,0.0,False,False,False,False,False,False,0.764,review,very_small_content_region,
237,Baptisms-San-Antonio-Baptism-Records-1788-1824--1858-1898_p201-300.docx,38,raw/fs_0237.png,7ad29e744a7af27a5d448b46b79f488310588e1d27aa1fee4b9980bcb5746ee1,dlstupka/hth-baptisms-san-antonio-1788-1824--1858-1898,9f03a2632820a26b9724dac7a7a62e87776b1b04,dlstupka/hth,4b0d7c9a16b00eb463a94355f4a2aaf9e69af020,1521,1303,1.0,False,0,-0.25,0.0,0,0,0,0,0,0,0,0,1521,1303,163.118,48.449,170.0,3936.465,6.3106,0.090257,1.2e-05,0.0,0.624,0.0,False,False,False,False,False,False,0.73,review,very_small_content_region,
238,Baptisms-San-Antonio-Baptism-Records-1788-1824--1858-1898_p201-300.docx,39,raw/fs_0238.png,ea367bfd8f15cfd66c926afc9eaecf85cf291995e4db1cc7e9487e0c0d04fd1b,dlstupka/hth-baptisms-san-antonio-1788-1824--1858-1898,9f03a2632820a26b9724dac7a7a62e87776b1b04,dlstupka/hth,4b0d7c9a16b00eb463a94355f4a2aaf9e69af020,1542,1306,1.0,False,0,-0.25,0.0,0,0,0,0,0,0,0,0,1542,1306,159.438,53.052,186.0,4460.542,6.417,0.114346,1.3e-05,0.0,0.665,0.0,False,False,False,False,False,False,0.748,review,very_small_content_region,
239,Baptisms-San-Antonio-Baptism-Records-1788-1824--1858-1898_p201-300.docx,40,raw/fs_0239.png,600f745afa7f5740c0366e63ba6f79753da6f6d5383a30f9cf26bef91bfbe667,dlstupka/hth-baptisms-san-antonio-1788-1824--1858-1898,9f03a2632820a26b9724dac7a7a62e87776b1b04,dlstupka/hth,4b0d7c9a16b00eb463a94355f4a2aaf9e69af020,1515,1310,1.0,False,0,0.25,0.032,0,0,0,0,0,0,0,0,1515,1310,171.992,50.849,174.0,4551.42,6.5195,0.091246,9.9e-05,0.0,0.664,0.0,False,False,False,False,False,False,0.755,review,very_small_content_region,
240,Baptisms-San-Antonio-Baptism-Records-1788-1824--1858-1898_p201-300.docx,41,raw/fs_0240.png,5d6a808288cad43eca4701c5c3c5391c3cd91c25fada0f81d0cae88884426899,dlstupka/hth-baptisms-san-antonio-1788-1824--1858-1898,9f03a2632820a26b9724dac7a7a62e87776b1b04,dlstupka/hth,4b0d7c9a16b00eb463a94355f4a2aaf9e69af020,1537,1306,1.0,False,0,-0.25,0.0,0,0,0,0,0,0,0,0,1537,1306,162.761,48.036,163.0,4238.017,6.4267,0.092538,1e-05,0.0,0.638,0.0,False,False,False,False,False,False,0.728,review,very_small_content_region,
241,Baptisms-San-Antonio-Baptism-Records-1788-1824--1858-1898_p201-300.docx,42,raw/fs_0241.png,a7cd35bd550f8103d631a0c71164db3adbdeef1a0cb0f81288885380468bb6e7,dlstupka/hth-baptisms-san-antonio-1788-1824--1858-1898,9f03a2632820a26b9724dac7a7a62e87776b1b04,dlstupka/hth,4b0d7c9a16b00eb463a94355f4a2aaf9e69af020,1497,1300,1.0,False,0,-0.25,0.0,0,0,0,0,0,0,0,0,1497,1300,163.939,45.662,154.0,4383.227,6.4635,0.081318,8e-06,0.0,0.649,0.0,False,False,False,False,False,False,0.717,review,very_small_content_region,
242,Baptisms-San-Antonio-Baptism-Records-1788-1824--1858-1898_p201-300.docx,43,raw/fs_0242.png,5f994b036af874eeeb31841f2ca4a342fc793bd9dd01c3ebac3bd92443eaf43b,dlstupka/hth-baptisms-san-antonio-1788-1824--1858-1898,9f03a2632820a26b9724dac7a7a62e87776b1b04,dlstupka/hth,4b0d7c9a16b00eb463a94355f4a2aaf9e69af020,1515,1307,1.0,False,0,0.25,0.221,0,0,0,0,0,0,0,0,1515,1307,171.312,52.524,185.0,4695.395,6.5345,0.090535,0.000822,0.0,0.677,0.0,False,False,False,False,False,False,0.763,review,very_small_content_region,
243,Baptisms-San-Antonio-Baptism-Records-1788-1824--1858-1898_p201-300.docx,44,raw/fs_0243.png,1d6d85bb0cd132fcef223d624b287952ed631a1270abb57e898a0eda8e333986,dlstupka/hth-baptisms-san-antonio-1788-1824--1858-1898,9f03a2632820a26b9724dac7a7a62e87776b1b04,dlstupka/hth,4b0d7c9a16b00eb463a94355f4a2aaf9e69af020,1526,1304,1.0,False,0,-0.25,0.0,0,0,0,0,0,0,0,0,1526,1304,163.638,47.33,163.0,4249.651,6.4009,0.084857,1.3e-05,0.0,0.656,0.0,False,False,False,False,False,False,0.725,review,very_small_content_region,
244,Baptisms-San-Antonio-Baptism-Records-1788-1824--1858-1898_p201-300.docx,45,raw/fs_0244.png,020cd0bb6f3594fec49ce54d89e1ece664e5783c388477eee5db5275d16d645c,dlstupka/hth-baptisms-san-antonio-1788-1824--1858-1898,9f03a2632820a26b9724dac7a7a62e87776b1b04,dlstupka/hth,4b0d7c9a16b00eb463a94355f4a2aaf9e69af020,1520,1303,1.0,False,0,-0.25,0.0,0,0,0,0,0,0,0,0,1520,1303,159.929,51.119,187.0,3816.837,6.3236,0.101278,2e-06,0.09,0.629,0.0,False,False,False,False,False,False,0.739,review,very_small_content_region,
245,Baptisms-San-Antonio-Baptism-Records-1788-1824--1858-1898_p201-300.docx,46,raw/fs_0245.png,529af89fed27577bfb0e69760830200f06a7038e115ca3590c4e959a8e26471f,dlstupka/hth-baptisms-san-antonio-1788-1824--1858-1898,9f03a2632820a26b9724dac7a7a62e87776b1b04,dlstupka/hth,4b0d7c9a16b00eb463a94355f4a2aaf9e69af020,1501,1305,1.0,False,0,-0.25,0.0,0,0,0,0,0,0,0,0,1501,1305,165.269,44.72,148.0,4391.697,6.4524,0.083445,1e-05,0.0,0.666,0.0,False,False,False,False,False,False,0.715,review,very_small_content_region,
246,Baptisms-San-Antonio-Baptism-Records-1788-1824--1858-1898_p201-300.docx,47,raw/fs_0246.png,08990eff798fe5b456fc8f62e881feab31b5cdfa69b5ac5c48ca5be69ebf935f,dlstupka/hth-baptisms-san-antonio-1788-1824--1858-1898,9f03a2632820a26b9724dac7a7a62e87776b1b04,dlstupka/hth,4b0d7c9a16b00eb463a94355f4a2aaf9e69af020,1448,1290,1.0,False,0,0.25,0.001,0,0,0,0,0,0,0,0,1448,1290,167.938,43.738,147.0,4471.343,6.4058,0.072458,7e-06,0.008,0.673,0.0,False,False,False,False,False,False,0.714,review,very_small_content_region,
247,Baptisms-San-Antonio-Baptism-Records-1788-1824--1858-1898_p201-300.docx,48,raw/fs_0247.png,03080ed42cbe796b5f56e990c36c200955e0219057ce5e5a0cb302a0fec4b3b6,dlstupka/hth-baptisms-san-antonio-1788-1824--1858-1898,9f03a2632820a26b9724dac7a7a62e87776b1b04,dlstupka/hth,4b0d7c9a16b00eb463a94355f4a2aaf9e69af020,1464,1304,1.0,False,0,-0.25,0.0,0,0,0,0,0,0,0,0,1464,1304,165.987,40.955,135.0,4158.775,6.3488,0.064291,4e-06,0.0,0.651,0.0,False,False,False,False,False,False,0.697,review,very_small_content_region,
248,Baptisms-San-Antonio-Baptism-Records-1788-1824--1858-1898_p201-300.docx,49,raw/fs_0248.png,58e3afff90ce1d5b4cb600502edd03e8298ea9265ce89911e0d449935eca5941,dlstupka/hth-baptisms-san-antonio-1788-1824--1858-1898,9f03a2632820a26b9724dac7a7a62e87776b1b04,dlstupka/hth,4b0d7c9a16b00eb463a94355f4a2aaf9e69af020,1458,1295,1.0,False,0,-0.25,0.0,0,0,0,0,0,0,0,0,1458,1295,168.824,41.743,137.0,4446.112,6.3864,0.064561,1.7e-05,0.026,0.632,0.0,False,False,False,False,False,False,0.705,review,very_small_content_region,
249,Baptisms-San-Antonio-Baptism-Records-1788-1824--1858-1898_p201-300.docx,50,raw/fs_0249.png,c4b2759590a2a5a25f54ebbd67381cf7749d7022b54a4a19d7348c3d1c447906,dlstupka/hth-baptisms-san-antonio-1788-1824--1858-1898,9f03a2632820a26b9724dac7a7a62e87776b1b04,dlstupka/hth,4b0d7c9a16b00eb463a94355f4a2aaf9e69af020,1468,1296,1.0,False,0,-0.25,0.0,0,0,0,0,0,0,0,0,1468,1296,167.372,41.038,135.0,4734.878,6.363,0.065143,1.5e-05,0.085,0.66,0.0,False,False,False,False,False,False,0.699,review,very_small_content_region,
250,Baptisms-San-Antonio-Baptism-Records-1788-1824--1858-1898_p201-300.docx,51,raw/fs_0250.png,ee6834e8cf25ae39799771696617ad2ff7bf016a63f4bb2e44074f11b04f93d0,dlstupka/hth-baptisms-san-antonio-1788-1824--1858-1898,9f03a2632820a26b9724dac7a7a62e87776b1b04,dlstupka/hth,4b0d7c9a16b00eb463a94355f4a2aaf9e69af020,1473,1314,1.0,False,0,-0.0,1.0,0,0,0,0,0,0,0,0,1473,1314,170.368,39.825,130.0,4228.185,6.3112,0.059584,0.002294,0.077,0.645,0.0,False,False,False,False,False,False,0.698,review,very_small_content_region,
251,Baptisms-San-Antonio-Baptism-Records-1788-1824--1858-1898_p201-300.docx,52,raw/fs_0251.png,27eec500a742f8ee7b5dcc921d9699236a0a7e439ce430d2282603dfe9c3b714,dlstupka/hth-baptisms-san-antonio-1788-1824--1858-1898,9f03a2632820a26b9724dac7a7a62e87776b1b04,dlstupka/hth,4b0d7c9a16b00eb463a94355f4a2aaf9e69af020,1484,1305,1.0,False,0,-0.0,1.0,0,0,0,0,0,0,0,0,1484,1305,167.458,40.639,133.0,4249.801,6.3297,0.063354,0.001538,0.062,0.678,0.0,False,False,False,False,False,False,0.697,review,very_small_content_region,
252,Baptisms-San-Antonio-Baptism-Records-1788-1824--1858-1898_p201-300.docx,53,raw/fs_0252.png,3247df3ed88d09b388ce7a9ff83c2da10cf150b51c8593b07922005c86b05c53,dlstupka/hth-baptisms-san-antonio-1788-1824--1858-1898,9f03a2632820a26b9724dac7a7a62e87776b1b04,dlstupka/hth,4b0d7c9a16b00eb463a94355f4a2aaf9e69af020,1473,1310,1.0,False,0,-0.0,1.0,0,0,0,0,0,0,0,0,1473,1310,168.451,39.908,127.0,3890.727,6.1997,0.061614,6e-06,0.0,0.621,0.0,False,False,False,False,False,False,0.695,review,very_small_content_region,
253,Baptisms-San-Antonio-Baptism-Records-1788-1824--1858-1898_p201-300.docx,54,raw/fs_0253.png,c5c188c259b65bb06df3fa793c3a9af51f6463dcb6590910a0d32d0bf2959f6e,dlstupka/hth-baptisms-san-antonio-1788-1824--1858-1898,9f03a2632820a26b9724dac7a7a62e87776b1b04,dlstupka/hth,4b0d7c9a16b00eb463a94355f4a2aaf9e69af020,1480,1305,1.0,False,0,-0.25,0.0,0,0,0,0,0,0,0,0,1480,1305,165.943,41.608,140.0,4123.708,6.3292,0.067709,7e-06,0.041,0.65,0.0,False,False,False,False,False,False,0.7,review,very_small_content_region,
254,Baptisms-San-Antonio-Baptism-Records-1788-1824--1858-1898_p201-300.docx,55,raw/fs_0254.png,ab7baf8e2b4c3207c18b2fe1603f4ada64b49e289b6885dcd7e6d1be123e3d2a,dlstupka/hth-baptisms-san-antonio-1788-1824--1858-1898,9f03a2632820a26b9724dac7a7a62e87776b1b04,dlstupka/hth,4b0d7c9a16b00eb463a94355f4a2aaf9e69af020,1478,1309,1.0,False,0,-0.25,0.0,0,0,0,0,0,0,0,0,1478,1309,164.521,39.41,126.0,3872.629,6.3317,0.06427,6e-06,0.107,0.622,0.0,False,False,False,False,False,False,0.687,review,very_small_content_region,
255,Baptisms-San-Antonio-Baptism-Records-1788-1824--1858-1898_p201-300.docx,56,raw/fs_0255.png,8afd3d6d1e5e1a8d4dc67d59b83cb7019a663b71a1837861583155e8669d4e17,dlstupka/hth-baptisms-san-antonio-1788-1824--1858-1898,9f03a2632820a26b9724dac7a7a62e87776b1b04,dlstupka/hth,4b0d7c9a16b00eb463a94355f4a2aaf9e69af020,1480,1310,1.0,False,0,-0.0,1.0,0,0,0,0,0,0,0,0,1480,1310,171.094,38.04,118.0,3673.373,6.2794,0.049724,0.003823,0.036,0.6,0.0,False,False,False,False,False,False,0.69,review,very_small_content_region,
256,Baptisms-San-Antonio-Baptism-Records-1788-1824--1858-1898_p201-300.docx,57,raw/fs_0256.png,0acc1f6c0814824c8d34ecd73b2b266088e54d58aed0494e5eb7bc4810dc56b9,dlstupka/hth-baptisms-san-antonio-1788-1824--1858-1898,9f03a2632820a26b9724dac7a7a62e87776b1b04,dlstupka/hth,4b0d7c9a16b00eb463a94355f4a2aaf9e69af020,1474,1304,1.0,False,0,-0.25,0.082,0,0,0,0,0,0,0,0,1474,1304,177.682,43.313,142.0,4211.861,6.4374,0.060431,5.9e-05,0.0,0.649,0.0,False,False,False,False,False,False,0.726,review,very_small_content_region,
257,Baptisms-San-Antonio-Baptism-Records-1788-1824--1858-1898_p201-300.docx,58,raw/fs_0257.png,70f2e77cac0d395e54967444c16f0101c20d617f956a68b847b41b282e3cd9b0,dlstupka/hth-baptisms-san-antonio-1788-1824--1858-1898,9f03a2632820a26b9724dac7a7a62e87776b1b04,dlstupka/hth,4b0d7c9a16b00eb463a94355f4a2aaf9e69af020,1469,1308,1.0,False,0,-0.25,0.0,0,0,0,0,0,0,0,0,1469,1308,167.214,40.86,133.0,3730.845,6.2736,0.0654,2e-06,0.0,0.61,0.0,False,False,False,False,False,False,0.698,review,very_small_content_region,
258,Baptisms-San-Antonio-Baptism-Records-1788-1824--1858-1898_p201-300.docx,59,raw/fs_0258.png,1aef655a231d9b8ad4570337c9bd9223afa6bb307dad9c8f7d0f40f1c58bd02a,dlstupka/hth-baptisms-san-antonio-1788-1824--1858-1898,9f03a2632820a26b9724dac7a7a62e87776b1b04,dlstupka/hth,4b0d7c9a16b00eb463a94355f4a2aaf9e69af020,1468,1304,1.0,False,0,-0.25,0.0,0,0,0,0,0,0,0,0,1468,1304,166.507,42.866,145.0,4026.48,6.2588,0.070927,9e-06,0.0,0.625,0.0,False,False,False,False,False,False,0.707,review,very_small_content_region,
259,Baptisms-San-Antonio-Baptism-Records-1788-1824--1858-1898_p201-300.docx,60,raw/fs_0259.png,9b76ff44b411233602db6753209bd7972aa3783fc827870c26f1a4fe387bd2ee,dlstupka/hth-baptisms-san-antonio-1788-1824--1858-1898,9f03a2632820a26b9724dac7a7a62e87776b1b04,dlstupka/hth,4b0d7c9a16b00eb463a94355f4a2aaf9e69af020,1455,1299,1.0,False,0,-0.25,0.0,0,0,0,0,0,0,0,0,1455,1299,166.502,44.014,148.0,4060.861,6.2673,0.073926,8e-06,0.0,0.631,0.0,False,False,False,False,False,False,0.713,review,very_small_content_region,
260,Baptisms-San-Antonio-Baptism-Records-1788-1824--1858-1898_p201-300.docx,61,raw/fs_0260.png,4bb7190e46734a879ff8fb07f073abb5719f7f4609e8137a87055c29f64cea68,dlstupka/hth-baptisms-san-antonio-1788-1824--1858-1898,9f03a2632820a26b9724dac7a7a62e87776b1b04,dlstupka/hth,4b0d7c9a16b00eb463a94355f4a2aaf9e69af020,1454,1296,1.0,False,0,-0.0,1.0,0,0,0,0,0,0,0,0,1454,1296,167.039,43.637,146.0,4062.419,6.3048,0.071008,0.001547,0.0,0.635,0.0,False,False,False,False,False,False,0.712,review,very_small_content_region,
261,Baptisms-San-Antonio-Baptism-Records-1788-1824--1858-1898_p201-300.docx,62,raw/fs_0261.png,795079bdc199ad3e214a14a5e75a35a421726967d3647beed04b7c96e4f235f2,dlstupka/hth-baptisms-san-antonio-1788-1824--1858-1898,9f03a2632820a26b9724dac7a7a62e87776b1b04,dlstupka/hth,4b0d7c9a16b00eb463a94355f4a2aaf9e69af020,1467,1302,1.0,False,0,-0.25,0.0,0,0,0,0,0,0,0,0,1467,1302,164.182,46.852,163.0,4306.127,6.3511,0.087545,0.000784,0.0,0.687,0.0,False,False,False,False,False,False,0.724,review,very_small_content_region,
262,Baptisms-San-Antonio-Baptism-Records-1788-1824--1858-1898_p201-300.docx,63,raw/fs_0262.png,ab23a99e15dbf7194ff0dd1223a52bd40d5139f9117fdd8924fcdc9b3d93672a,dlstupka/hth-baptisms-san-antonio-1788-1824--1858-1898,9f03a2632820a26b9724dac7a7a62e87776b1b04,dlstupka/hth,4b0d7c9a16b00eb463a94355f4a2aaf9e69af020,1466,1307,1.0,False,0,-0.25,0.0,0,0,0,0,0,0,0,0,1466,1307,168.515,41.514,137.0,3974.832,6.3719,0.064018,0.000771,0.007,0.656,0.0,False,False,False,False,False,False,0.703,review,very_small_content_region,
263,Baptisms-San-Antonio-Baptism-Records-1788-1824--1858-1898_p201-300.docx,64,raw/fs_0263.png,e4f1fc8b725fe331373ab1e1bc667f5c1b61f9bacf8922053049fdb62fed0076,dlstupka/hth-baptisms-san-antonio-1788-1824--1858-1898,9f03a2632820a26b9724dac7a7a62e87776b1b04,dlstupka/hth,4b0d7c9a16b00eb463a94355f4a2aaf9e69af020,1463,1309,1.0,False,0,-0.0,1.0,0,0,0,0,0,0,0,0,1463,1309,176.08,46.505,158.0,4230.826,6.4404,0.070467,0.00158,0.0,0.645,0.0,False,False,False,False,False,False,0.739,review,very_small_content_region,
264,Baptisms-San-Antonio-Baptism-Records-1788-1824--1858-1898_p201-300.docx,65,raw/fs_0264.png,459a534279176a7d6c7006806f88effcfbc3d2603663da3da2585a7ac252dd16,dlstupka/hth-baptisms-san-antonio-1788-1824--1858-1898,9f03a2632820a26b9724dac7a7a62e87776b1b04,dlstupka/hth,4b0d7c9a16b00eb463a94355f4a2aaf9e69af020,1469,1310,1.0,False,0,-0.25,0.159,0,0,0,0,0,0,0,0,1469,1310,176.024,45.64,153.0,4764.016,6.5826,0.069604,0.000869,0.025,0.686,0.0,False,False,False,False,False,False,0.735,review,very_small_content_region,
265,Baptisms-San-Antonio-Baptism-Records-1788-1824--1858-1898_p201-300.docx,66,raw/fs_0265.png,6d955a3ab8c6f8ea0c2c87815153d382c553ae7bb4e1f850b96c98494c7fa77b,dlstupka/hth-baptisms-san-antonio-1788-1824--1858-1898,9f03a2632820a26b9724dac7a7a62e87776b1b04,dlstupka/hth,4b0d7c9a16b00eb463a94355f4a2aaf9e69af020,1463,1309,1.0,False,0,-0.0,1.0,0,0,0,0,0,0,0,0,1463,1309,168.107,41.359,137.0,4349.808,6.36,0.065065,0.001537,0.138,0.651,0.0,False,False,False,False,False,False,0.702,review,very_small_content_region,
266,Baptisms-San-Antonio-Baptism-Records-1788-1824--1858-1898_p201-300.docx,67,raw/fs_0266.png,c4618497e12df75a6c32160c38f7923d3c7ceb355691068daf57f618bc1075d2,dlstupka/hth-baptisms-san-antonio-1788-1824--1858-1898,9f03a2632820a26b9724dac7a7a62e87776b1b04,dlstupka/hth,4b0d7c9a16b00eb463a94355f4a2aaf9e69af020,1462,1305,1.0,False,0,-0.25,0.0,0,0,0,0,0,0,0,0,1462,1305,167.006,42.168,141.0,4148.081,6.398,0.068961,5e-06,0.079,0.666,0.0,False,False,False,False,False,False,0.704,review,very_small_content_region,
267,Baptisms-San-Antonio-Baptism-Records-1788-1824--1858-1898_p201-300.docx,68,raw/fs_0267.png,21a3b92c45677276d6301ee23f53e5beb18171faa6b23ccf54b227edab707b0f,dlstupka/hth-baptisms-san-antonio-1788-1824--1858-1898,9f03a2632820a26b9724dac7a7a62e87776b1b04,dlstupka/hth,4b0d7c9a16b00eb463a94355f4a2aaf9e69af020,1461,1313,1.0,False,0,0.25,0.069,0,0,0,0,0,0,0,0,1461,1313,175.872,43.099,142.0,3995.016,6.5192,0.064088,0.000821,0.182,0.67,0.0,False,False,False,False,False,False,0.722,review,very_small_content_region,
268,Baptisms-San-Antonio-Baptism-Records-1788-1824--1858-1898_p201-300.docx,69,raw/fs_0268.png,4288616400eb2c9b752ea07d4374ea9ac44c0269eb14c2e66b8bb184e7f3c00d,dlstupka/hth-baptisms-san-antonio-1788-1824--1858-1898,9f03a2632820a26b9724dac7a7a62e87776b1b04,dlstupka/hth,4b0d7c9a16b00eb463a94355f4a2aaf9e69af020,1460,1311,1.0,False,0,-0.25,0.0,0,0,0,0,0,0,0,0,1460,1311,168.327,40.174,130.0,3731.484,6.303,0.063018,8e-06,0.092,0.617,0.0,False,False,False,False,False,False,0.696,review,very_small_content_region,
269,Baptisms-San-Antonio-Baptism-Records-1788-1824--1858-1898_p201-300.docx,70,raw/fs_0269.png,a2cc63ee0dd7c83e56d38b25ff3df325fdd95e3a1125ae8a1d3c014d010c16d6,dlstupka/hth-baptisms-san-antonio-1788-1824--1858-1898,9f03a2632820a26b9724dac7a7a62e87776b1b04,dlstupka/hth,4b0d7c9a16b00eb463a94355f4a2aaf9e69af020,1460,1307,1.0,False,0,-0.25,0.0,0,0,0,0,0,0,0,0,1460,1307,167.515,39.139,129.0,3718.688,6.3135,0.059754,4e-06,0.151,0.619,0.0,False,False,False,False,False,False,0.69,review,very_small_content_region,
270,Baptisms-San-Antonio-Baptism-Records-1788-1824--1858-1898_p201-300.docx,71,raw/fs_0270.png,2c3ced1aa86763c3672ed0b11fab2a2eb04ec9275f57a49eb1124c1df3afe097,dlstupka/hth-baptisms-san-antonio-1788-1824--1858-1898,9f03a2632820a26b9724dac7a7a62e87776b1b04,dlstupka/hth,4b0d7c9a16b00eb463a94355f4a2aaf9e69af020,1472,1307,1.0,False,0,-0.25,0.0,0,0,0,0,0,0,0,0,1472,1307,167.581,40.158,132.0,3709.826,6.299,0.062647,5e-06,0.067,0.622,0.0,False,False,False,False,False,False,0.695,review,very_small_content_region,
271,Baptisms-San-Antonio-Baptism-Records-1788-1824--1858-1898_p201-300.docx,72,raw/fs_0271.png,f2efdab3d2566ee101ca292b76abdf90dab212e3f4e8329f3bb8be34269516cb,dlstupka/hth-baptisms-san-antonio-1788-1824--1858-1898,9f03a2632820a26b9724dac7a7a62e87776b1b04,dlstupka/hth,4b0d7c9a16b00eb463a94355f4a2aaf9e69af020,1466,1309,1.0,False,0,-0.25,0.0,0,0,0,0,0,0,0,0,1466,1309,165.709,39.819,130.0,3764.204,6.3169,0.064433,5e-06,0.097,0.615,0.0,False,False,False,False,False,False,0.691,review,very_small_content_region,
272,Baptisms-San-Antonio-Baptism-Records-1788-1824--1858-1898_p201-300.docx,73,raw/fs_0272.png,8cc8f734a8e09d789bb7b057eb1a9acb2417903bc9024377e10285383021b7d6,dlstupka/hth-baptisms-san-antonio-1788-1824--1858-1898,9f03a2632820a26b9724dac7a7a62e87776b1b04,dlstupka/hth,4b0d7c9a16b00eb463a94355f4a2aaf9e69af020,1454,1292,1.0,False,0,-0.25,0.0,0,0,0,0,0,0,0,0,1454,1292,167.001,43.51,148.0,4097.789,6.3581,0.074374,1.3e-05,0.0,0.649,0.0,False,False,False,False,False,False,0.711,review,very_small_content_region,
273,Baptisms-San-Antonio-Baptism-Records-1788-1824--1858-1898_p201-300.docx,74,raw/fs_0273.png,94c550db80580f07c8dfb45bffa8bebfc69cd0d98ae021b086d93b85383144bc,dlstupka/hth-baptisms-san-antonio-1788-1824--1858-1898,9f03a2632820a26b9724dac7a7a62e87776b1b04,dlstupka/hth,4b0d7c9a16b00eb463a94355f4a2aaf9e69af020,1454,1295,1.0,False,0,-0.25,0.0,0,0,0,0,0,0,0,0,1454,1295,167.495,42.466,143.0,3893.464,6.3109,0.070386,7e-06,0.032,0.611,0.0,False,False,False,False,False,False,0.707,review,very_small_content_region,
274,Baptisms-San-Antonio-Baptism-Records-1788-1824--1858-1898_p201-300.docx,75,raw/fs_0274.png,bef0a35e19c48538fe7b2bd2734896ee9dd563e8f0d2655a8e3b3b0a19b2e816,dlstupka/hth-baptisms-san-antonio-1788-1824--1858-1898,9f03a2632820a26b9724dac7a7a62e87776b1b04,dlstupka/hth,4b0d7c9a16b00eb463a94355f4a2aaf9e69af020,1456,1297,1.0,False,0,-0.25,0.0,0,0,0,0,0,0,0,0,1456,1297,164.35,43.556,146.0,4117.2,6.3751,0.077086,7e-06,0.04,0.65,0.0,False,False,False,False,False,False,0.707,review,very_small_content_region,
275,Baptisms-San-Antonio-Baptism-Records-1788-1824--1858-1898_p201-300.docx,76,raw/fs_0275.png,1a59450d219a256741107251e6bbbc23536e02d3f31732888981c5ee734d1ad4,dlstupka/hth-baptisms-san-antonio-1788-1824--1858-1898,9f03a2632820a26b9724dac7a7a62e87776b1b04,dlstupka/hth,4b0d7c9a16b00eb463a94355f4a2aaf9e69af020,1430,1271,1.0,False,0,-0.25,0.0,0,0,0,0,0,0,0,0,1430,1271,162.882,47.1,164.0,4215.266,6.3988,0.091113,4e-06,0.0,0.678,0.0,False,False,False,False,False,False,0.723,review,very_small_content_region,
276,Baptisms-San-Antonio-Baptism-Records-1788-1824--1858-1898_p201-300.docx,77,raw/fs_0276.png,3df2b967e79cace306eafd466e4c50f21ab97248fcbae825f230f12d0a954590,dlstupka/hth-baptisms-san-antonio-1788-1824--1858-1898,9f03a2632820a26b9724dac7a7a62e87776b1b04,dlstupka/hth,4b0d7c9a16b00eb463a94355f4a2aaf9e69af020,1463,1296,1.0,False,0,-0.25,0.0,0,0,0,0,0,0,0,0,1463,1296,162.143,47.885,169.0,4098.309,6.4011,0.092445,1e-05,0.0,0.661,0.0,False,False,False,False,False,False,0.726,review,very_small_content_region,
277,Baptisms-San-Antonio-Baptism-Records-1788-1824--1858-1898_p201-300.docx,78,raw/fs_0277.png,3a239662aa41df5bd2c7bcce74adc546b2045fed06d2a22c4d7525db4a644675,dlstupka/hth-baptisms-san-antonio-1788-1824--1858-1898,9f03a2632820a26b9724dac7a7a62e87776b1b04,dlstupka/hth,4b0d7c9a16b00eb463a94355f4a2aaf9e69af020,1465,1300,1.0,False,0,-0.25,0.083,0,0,0,0,0,0,0,0,1465,1300,171.689,51.509,180.0,4606.212,6.549,0.092698,7.6e-05,0.0,0.701,0.0,False,False,False,False,False,False,0.758,review,very_small_content_region,
278,Baptisms-San-Antonio-Baptism-Records-1788-1824--1858-1898_p201-300.docx,79,raw/fs_0278.png,ee2d4643977872717f17e82487da70f51dd50160f1ffbaefda5ebca837ff82e2,dlstupka/hth-baptisms-san-antonio-1788-1824--1858-1898,9f03a2632820a26b9724dac7a7a62e87776b1b04,dlstupka/hth,4b0d7c9a16b00eb463a94355f4a2aaf9e69af020,1466,1297,1.0,False,0,-0.25,0.222,0,0,0,0,0,0,0,0,1466,1297,171.551,51.018,178.0,4563.482,6.5652,0.090194,4.9e-05,0.0,0.704,0.0,False,False,False,False,False,False,0.755,review,very_small_content_region,
279,Baptisms-San-Antonio-Baptism-Records-1788-1824--1858-1898_p201-300.docx,80,raw/fs_0279.png,4c11a8f09360d94fd684a5903419ad93f3314464c34f4a14c6b01f71af79c073,dlstupka/hth-baptisms-san-antonio-1788-1824--1858-1898,9f03a2632820a26b9724dac7a7a62e87776b1b04,dlstupka/hth,4b0d7c9a16b00eb463a94355f4a2aaf9e69af020,1467,1306,1.0,False,0,-0.25,0.0,0,0,0,0,0,0,0,0,1467,1306,163.816,47.728,166.0,4110.184,6.404,0.092101,6e-06,0.0,0.691,0.0,False,False,False,False,False,False,0.728,review,very_small_content_region,
280,Baptisms-San-Antonio-Baptism-Records-1788-1824--1858-1898_p201-300.docx,81,raw/fs_0280.png,c8699bed483cc030989ffbcebdb76d1ba7233ad4374f3174b4c5e6422a3e2d45,dlstupka/hth-baptisms-san-antonio-1788-1824--1858-1898,9f03a2632820a26b9724dac7a7a62e87776b1b04,dlstupka/hth,4b0d7c9a16b00eb463a94355f4a2aaf9e69af020,1473,1308,1.0,False,0,-0.25,0.146,0,0,0,0,0,0,0,0,1473,1308,171.64,50.236,175.0,4602.171,6.5567,0.08966,4.3e-05,0.0,0.717,0.0,False,False,False,False,False,False,0.752,review,very_small_content_region,
281,Baptisms-San-Antonio-Baptism-Records-1788-1824--1858-1898_p201-300.docx,82,raw/fs_0281.png,c0a18fab5f4c6fe6a75a207458a927ecba4c79c8c37302b6d6551c37dcf5a231,dlstupka/hth-baptisms-san-antonio-1788-1824--1858-1898,9f03a2632820a26b9724dac7a7a62e87776b1b04,dlstupka/hth,4b0d7c9a16b00eb463a94355f4a2aaf9e69af020,1464,1308,1.0,False,0,0.25,0.035,0,0,0,0,0,0,0,0,1464,1308,169.117,51.542,178.0,4805.716,6.6223,0.099034,3.7e-05,0.0,0.716,0.0,False,False,False,False,False,False,0.754,review,very_small_content_region,
282,Baptisms-San-Antonio-Baptism-Records-1788-1824--1858-1898_p201-300.docx,83,raw/fs_0282.png,297dc8703ee83dc0c19d7f42b1fce2d37e03eae50d64feacd57bc79898ab2914,dlstupka/hth-baptisms-san-antonio-1788-1824--1858-1898,9f03a2632820a26b9724dac7a7a62e87776b1b04,dlstupka/hth,4b0d7c9a16b00eb463a94355f4a2aaf9e69af020,1478,1313,1.0,False,0,-0.25,0.029,0,0,0,0,0,0,0,0,1478,1313,166.646,53.656,186.0,4704.711,6.6734,0.109344,0.000803,0.0,0.731,0.0,False,False,False,False,False,False,0.761,review,very_small_content_region,
283,Baptisms-San-Antonio-Baptism-Records-1788-1824--1858-1898_p201-300.docx,84,raw/fs_0283.png,b82c8baec7050d4c12da7758fa1c6898ee13ba92ef1a5d45651fc6b87f75df1f,dlstupka/hth-baptisms-san-antonio-1788-1824--1858-1898,9f03a2632820a26b9724dac7a7a62e87776b1b04,dlstupka/hth,4b0d7c9a16b00eb463a94355f4a2aaf9e69af020,1483,1310,1.0,False,0,-0.25,0.02,0,0,0,0,0,0,0,0,1483,1310,169.324,49.092,170.0,4748.326,6.614,0.090125,0.000802,0.066,0.735,0.0,False,False,False,False,False,False,0.742,review,very_small_content_region,
284,Baptisms-San-Antonio-Baptism-Records-1788-1824--1858-1898_p201-300.docx,85,raw/fs_0284.png,36e1c9d210bd02e2342715d986a9577b76772cf304c77b425b62072013703be2,dlstupka/hth-baptisms-san-antonio-1788-1824--1858-1898,9f03a2632820a26b9724dac7a7a62e87776b1b04,dlstupka/hth,4b0d7c9a16b00eb463a94355f4a2aaf9e69af020,1478,1310,1.0,False,0,-0.25,0.262,0,0,0,0,0,0,0,0,1478,1310,169.336,48.609,168.0,4381.074,6.5698,0.087961,0.000785,0.0,0.71,0.0,False,False,False,False,False,False,0.74,review,very_small_content_region,
285,Baptisms-San-Antonio-Baptism-Records-1788-1824--1858-1898_p201-300.docx,86,raw/fs_0285.png,90a9483b91c1b7de519588d72387ac9f33be5134955f408e3336040402a3587b,dlstupka/hth-baptisms-san-antonio-1788-1824--1858-1898,9f03a2632820a26b9724dac7a7a62e87776b1b04,dlstupka/hth,4b0d7c9a16b00eb463a94355f4a2aaf9e69af020,1473,1313,1.0,False,0,-0.25,0.0,0,0,0,0,0,0,0,0,1473,1313,163.693,47.439,164.0,4192.346,6.4263,0.094446,0.000765,0.0,0.722,0.0,False,False,False,False,False,False,0.726,review,very_small_content_region,
286,Baptisms-San-Antonio-Baptism-Records-1788-1824--1858-1898_p201-300.docx,87,raw/fs_0286.png,99ea0da233a0e6432e07d4f77bf349d3e372f6d07e56cb645ba3cc0af4b88647,dlstupka/hth-baptisms-san-antonio-1788-1824--1858-1898,9f03a2632820a26b9724dac7a7a62e87776b1b04,dlstupka/hth,4b0d7c9a16b00eb463a94355f4a2aaf9e69af020,1469,1306,1.0,False,0,-0.25,0.006,0,0,0,0,0,0,0,0,1469,1306,171.669,45.752,154.0,4205.108,6.4292,0.07831,2.6e-05,0.0,0.705,0.0,False,False,False,False,False,False,0.729,review,very_small_content_region,
287,Baptisms-San-Antonio-Baptism-Records-1788-1824--1858-1898_p201-300.docx,88,raw/fs_0287.png,e36ea80157d49673d9cb779eeff281b7ce103086587eb57a1d53633bde86b7ec,dlstupka/hth-baptisms-san-antonio-1788-1824--1858-1898,9f03a2632820a26b9724dac7a7a62e87776b1b04,dlstupka/hth,4b0d7c9a16b00eb463a94355f4a2aaf9e69af020,1472,1305,1.0,False,0,-0.25,0.014,0,0,0,0,0,0,0,0,1472,1305,173.756,46.092,157.0,3997.857,6.3885,0.074175,2.8e-05,0.0,0.666,0.0,False,False,False,False,False,False,0.734,review,very_small_content_region,
288,Baptisms-San-Antonio-Baptism-Records-1788-1824--1858-1898_p201-300.docx,89,raw/fs_0288.png,d5e520e25f45a923bb17b63d1639ab1cf82b3b49aeeb1f47c749c5bf55e8f302,dlstupka/hth-baptisms-san-antonio-1788-1824--1858-1898,9f03a2632820a26b9724dac7a7a62e87776b1b04,dlstupka/hth,4b0d7c9a16b00eb463a94355f4a2aaf9e69af020,1472,1290,1.0,False,0,0.25,0.011,0,0,0,0,0,0,0,0,1472,1290,170.026,51.677,180.0,4549.219,6.6049,0.096785,5e-05,0.0,0.704,0.0,False,False,False,False,False,False,0.756,review,very_small_content_region,
289,Baptisms-San-Antonio-Baptism-Records-1788-1824--1858-1898_p201-300.docx,90,raw/fs_0289.png,01f9b8a7a29d616a1ca701d4819b48de5d45ea6e6f5117907a5f3b8c8b5931a7,dlstupka/hth-baptisms-san-antonio-1788-1824--1858-1898,9f03a2632820a26b9724dac7a7a62e87776b1b04,dlstupka/hth,4b0d7c9a16b00eb463a94355f4a2aaf9e69af020,1482,1305,1.0,False,0,-0.25,0.019,0,0,0,0,0,0,0,0,1482,1305,172.314,47.913,164.0,4357.754,6.5164,0.083338,3.3e-05,0.0,0.713,0.0,False,False,False,False,False,False,0.741,review,very_small_content_region,
290,Baptisms-San-Antonio-Baptism-Records-1788-1824--1858-1898_p201-300.docx,91,raw/fs_0290.png,637e4327c99c1ca5dbb5a878e66f70c388e0e1c12384cac1e938dfa1f0f8e83d,dlstupka/hth-baptisms-san-antonio-1788-1824--1858-1898,9f03a2632820a26b9724dac7a7a62e87776b1b04,dlstupka/hth,4b0d7c9a16b00eb463a94355f4a2aaf9e69af020,1488,1309,1.0,False,0,-0.25,0.006,0,0,0,0,0,0,0,0,1488,1309,173.345,43.725,146.0,3820.705,6.4402,0.068917,2.3e-05,0.0,0.65,0.0,False,False,False,False,False,False,0.722,review,very_small_content_region,
291,Baptisms-San-Antonio-Baptism-Records-1788-1824--1858-1898_p201-300.docx,92,raw/fs_0291.png,906a6b461b939331f91d471868e74b2df4496f9003afb47e47e022285be2dced,dlstupka/hth-baptisms-san-antonio-1788-1824--1858-1898,9f03a2632820a26b9724dac7a7a62e87776b1b04,dlstupka/hth,4b0d7c9a16b00eb463a94355f4a2aaf9e69af020,1476,1313,1.0,False,0,-0.25,0.0,0,0,0,0,0,0,0,0,1476,1313,165.8,40.851,136.0,3976.657,6.3164,0.070946,0.000765,0.143,0.69,0.0,False,False,False,False,False,False,0.696,review,very_small_content_region,
292,Baptisms-San-Antonio-Baptism-Records-1788-1824--1858-1898_p201-300.docx,93,raw/fs_0292.png,18e8c09b4aadf9aa9fe0b8c76ea90b3479d5e5a20398f07e0d66736eb3403e67,dlstupka/hth-baptisms-san-antonio-1788-1824--1858-1898,9f03a2632820a26b9724dac7a7a62e87776b1b04,dlstupka/hth,4b0d7c9a16b00eb463a94355f4a2aaf9e69af020,1488,1311,1.0,False,0,-0.0,1.0,0,0,0,0,0,0,0,0,1488,1311,172.129,47.058,161.0,4192.07,6.3985,0.081408,0.001558,0.0,0.678,0.0,False,False,False,False,False,False,0.736,review,very_small_content_region,
293,Baptisms-San-Antonio-Baptism-Records-1788-1824--1858-1898_p201-300.docx,94,raw/fs_0293.png,d47985c7a9cce111fa3df1b2df286f28ee4ceb4197fc09a965c3d00f0a42a14d,dlstupka/hth-baptisms-san-antonio-1788-1824--1858-1898,9f03a2632820a26b9724dac7a7a62e87776b1b04,dlstupka/hth,4b0d7c9a16b00eb463a94355f4a2aaf9e69af020,1477,1314,1.0,False,0,-0.0,1.0,0,0,0,0,0,0,0,0,1477,1314,173.679,42.585,141.0,4272.076,6.398,0.06765,0.001538,0.173,0.69,0.0,False,False,False,False,False,False,0.716,review,very_small_content_region,
294,Baptisms-San-Antonio-Baptism-Records-1788-1824--1858-1898_p201-300.docx,95,raw/fs_0294.png,0b135f24b733fa2b0dd303f18165c6c28ae26ef4830f15c99635785026d08207,dlstupka/hth-baptisms-san-antonio-1788-1824--1858-1898,9f03a2632820a26b9724dac7a7a62e87776b1b04,dlstupka/hth,4b0d7c9a16b00eb463a94355f4a2aaf9e69af020,1486,1310,1.0,False,0,0.25,0.008,0,0,0,0,0,0,0,0,1486,1310,170.511,48.87,169.0,4347.119,6.4488,0.08915,2.2e-05,0.0,0.707,0.0,False,False,False,False,False,False,0.743,review,very_small_content_region,
295,Baptisms-San-Antonio-Baptism-Records-1788-1824--1858-1898_p201-300.docx,96,raw/fs_0295.png,887b4597cfe6beb1f69ab42b7be527ec576154c4d08e33e365597e5320163c3e,dlstupka/hth-baptisms-san-antonio-1788-1824--1858-1898,9f03a2632820a26b9724dac7a7a62e87776b1b04,dlstupka/hth,4b0d7c9a16b00eb463a94355f4a2aaf9e69af020,1475,1304,1.0,False,0,-0.25,0.008,0,0,0,0,0,0,0,0,1475,1304,172.741,44.869,154.0,3915.226,6.3582,0.072094,1.9e-05,0.007,0.672,0.0,False,False,False,False,False,False,0.726,review,very_small_content_region,
296,Baptisms-San-Antonio-Baptism-Records-1788-1824--1858-1898_p201-300.docx,97,raw/fs_0296.png,6bba4ffb582724cdaf0e07715e081f6a841ea5ec919a1429c48bd2408b808d33,dlstupka/hth-baptisms-san-antonio-1788-1824--1858-1898,9f03a2632820a26b9724dac7a7a62e87776b1b04,dlstupka/hth,4b0d7c9a16b00eb463a94355f4a2aaf9e69af020,1487,1311,1.0,False,0,-0.0,1.0,0,0,0,0,0,0,0,0,1487,1311,169.514,48.793,165.0,4814.479,6.6044,0.09179,0.001558,0.0,0.709,0.0,False,False,False,False,False,False,0.741,review,very_small_content_region,
297,Baptisms-San-Antonio-Baptism-Records-1788-1824--1858-1898_p201-300.docx,98,raw/fs_0297.png,d42229bc0d002587bc2adb7119cfd0731e86b1cad42f0ae5934510cc4bbdde06,dlstupka/hth-baptisms-san-antonio-1788-1824--1858-1898,9f03a2632820a26b9724dac7a7a62e87776b1b04,dlstupka/hth,4b0d7c9a16b00eb463a94355f4a2aaf9e69af020,1473,1309,1.0,False,0,-0.25,0.008,0,0,0,0,0,0,0,0,1473,1309,167.588,48.741,167.0,4577.542,6.6351,0.092301,2.6e-05,0.0,0.712,0.0,False,False,False,False,False,False,0.738,review,very_small_content_region,
298,Baptisms-San-Antonio-Baptism-Records-1788-1824--1858-1898_p201-300.docx,99,raw/fs_0298.png,e5b3dc1c1666ae23e29a58b68efa05de9b93e7e721f0b555569db77f3774aed9,dlstupka/hth-baptisms-san-antonio-1788-1824--1858-1898,9f03a2632820a26b9724dac7a7a62e87776b1b04,dlstupka/hth,4b0d7c9a16b00eb463a94355f4a2aaf9e69af020,1508,1314,1.0,False,0,-0.0,1.0,0,0,0,0,0,0,0,0,1508,1314,173.589,46.648,155.0,4554.214,6.5031,0.079372,0.001576,0.01,0.699,0.0,False,False,False,False,False,False,0.737,review,very_small_content_region,
299,Baptisms-San-Antonio-Baptism-Records-1788-1824--1858-1898_p301-400.docx,1,raw/fs_0299.png,a5735b1157b93894eecc18e5ae13dcbf0d7ee70730e02201f19c47f9b6d2a0ec,dlstupka/hth-baptisms-san-antonio-1788-1824--1858-1898,9f03a2632820a26b9724dac7a7a62e87776b1b04,dlstupka/hth,4b0d7c9a16b00eb463a94355f4a2aaf9e69af020,1478,1307,1.0,False,0,-0.25,0.0,0,0,0,0,0,0,0,0,1478,1307,159.489,48.355,169.0,4285.788,6.4457,0.100574,5e-06,0.0,0.698,0.0,False,False,False,False,False,False,0.724,review,very_small_content_region,
300,Baptisms-San-Antonio-Baptism-Records-1788-1824--1858-1898_p301-400.docx,2,raw/fs_0300.png,50c86ee0df3463f5e85bc647e2142f128408f85f708f58eb989cfd203f42d62a,dlstupka/hth-baptisms-san-antonio-1788-1824--1858-1898,9f03a2632820a26b9724dac7a7a62e87776b1b04,dlstupka/hth,4b0d7c9a16b00eb463a94355f4a2aaf9e69af020,1471,1303,1.0,False,0,-0.25,0.035,0,0,0,0,0,0,0,0,1471,1303,173.097,46.715,159.0,4677.099,6.513,0.076757,5.7e-05,0.0,0.687,0.0,False,False,False,False,False,False,0.736,review,very_small_content_region,
301,Baptisms-San-Antonio-Baptism-Records-1788-1824--1858-1898_p301-400.docx,3,raw/fs_0301.png,d50050dcd116838d5b0e92d86ca6ee04dbf06b1c1997cb31910b5ed5d839bdd4,dlstupka/hth-baptisms-san-antonio-1788-1824--1858-1898,9f03a2632820a26b9724dac7a7a62e87776b1b04,dlstupka/hth,4b0d7c9a16b00eb463a94355f4a2aaf9e69af020,1464,1304,1.0,False,0,-0.25,0.032,0,0,0,0,0,0,0,0,1464,1304,173.462,46.352,158.0,4671.596,6.4985,0.075139,5.8e-05,0.0,0.686,0.0,False,False,False,False,False,False,0.735,review,very_small_content_region,
302,Baptisms-San-Antonio-Baptism-Records-1788-1824--1858-1898_p301-400.docx,4,raw/fs_0302.png,9372b91fc4803dc1a73ccc9a79c06448d8e9d80ec14bc803f0769844853b0362,dlstupka/hth-baptisms-san-antonio-1788-1824--1858-1898,9f03a2632820a26b9724dac7a7a62e87776b1b04,dlstupka/hth,4b0d7c9a16b00eb463a94355f4a2aaf9e69af020,1452,1294,1.0,False,0,0.25,0.084,0,0,0,0,0,0,0,0,1452,1294,173.118,48.791,168.0,4814.805,6.5017,0.083073,6.4e-05,0.0,0.704,0.0,False,False,False,False,False,False,0.747,review,very_small_content_region,
303,Baptisms-San-Antonio-Baptism-Records-1788-1824--1858-1898_p301-400.docx,5,raw/fs_0303.png,1473ed080991e24ca085f2593451107c19d5ee6fa8482213b8cc11e4855f834a,dlstupka/hth-baptisms-san-antonio-1788-1824--1858-1898,9f03a2632820a26b9724dac7a7a62e87776b1b04,dlstupka/hth,4b0d7c9a16b00eb463a94355f4a2aaf9e69af020,1447,1305,1.0,False,0,-0.0,1.0,0,0,0,0,0,0,0,0,1447,1305,170.095,51.169,175.0,5174.761,6.5428,0.093824,0.001622,0.0,0.691,0.0,False,False,False,False,False,False,0.754,review,very_small_content_region,
304,Baptisms-San-Antonio-Baptism-Records-1788-1824--1858-1898_p301-400.docx,6,raw/fs_0304.png,cc5f933bd48d8bf8d260e9c4732ced3d2f441c674c31d63b518ec611c609dfff,dlstupka/hth-baptisms-san-antonio-1788-1824--1858-1898,9f03a2632820a26b9724dac7a7a62e87776b1b04,dlstupka/hth,4b0d7c9a16b00eb463a94355f4a2aaf9e69af020,1440,1293,1.0,False,0,0.25,0.056,0,0,0,0,0,0,0,0,1440,1293,174.998,44.735,151.0,4486.494,6.3866,0.069469,3.5e-05,0.0,0.675,0.0,False,False,False,False,False,False,0.729,review,very_small_content_region,
305,Baptisms-San-Antonio-Baptism-Records-1788-1824--1858-1898_p301-400.docx,7,raw/fs_0305.png,b5a9ac435b9e9a4a42e9c5360194943664db91db5465f59be98f9dfb59ec2398,dlstupka/hth-baptisms-san-antonio-1788-1824--1858-1898,9f03a2632820a26b9724dac7a7a62e87776b1b04,dlstupka/hth,4b0d7c9a16b00eb463a94355f4a2aaf9e69af020,1454,1302,1.0,False,0,0.25,0.016,0,0,0,0,0,0,0,0,1454,1302,169.898,48.999,166.0,5133.735,6.6291,0.088885,4.4e-05,0.0,0.692,0.0,False,False,False,False,False,False,0.743,review,very_small_content_region,
306,Baptisms-San-Antonio-Baptism-Records-1788-1824--1858-1898_p301-400.docx,8,raw/fs_0306.png,0f56143fb3a9f758550c53d09f94f351f306df539b86d5e8cf904aae257372c2,dlstupka/hth-baptisms-san-antonio-1788-1824--1858-1898,9f03a2632820a26b9724dac7a7a62e87776b1b04,dlstupka/hth,4b0d7c9a16b00eb463a94355f4a2aaf9e69af020,1445,1306,1.0,False,0,-0.0,1.0,0,0,0,0,0,0,0,0,1445,1306,171.572,47.188,162.0,5077.498,6.6264,0.079603,0.002408,0.0,0.695,0.0,False,False,False,False,False,False,0.736,review,very_small_content_region,
307,Baptisms-San-Antonio-Baptism-Records-1788-1824--1858-1898_p301-400.docx,9,raw/fs_0307.png,eea1c8461e3021515ab2c93c926d4e17b4d5f294ca2d82da602d9f2b5bf2ed9e,dlstupka/hth-baptisms-san-antonio-1788-1824--1858-1898,9f03a2632820a26b9724dac7a7a62e87776b1b04,dlstupka/hth,4b0d7c9a16b00eb463a94355f4a2aaf9e69af020,1433,1301,1.0,False,0,-0.25,0.0,0,0,0,0,0,0,0,0,1433,1301,160.048,47.283,163.0,4656.476,6.5224,0.094682,1e-05,0.0,0.678,0.0,False,False,False,False,False,False,0.72,review,very_small_content_region,
308,Baptisms-San-Antonio-Baptism-Records-1788-1824--1858-1898_p301-400.docx,10,raw/fs_0308.png,581676da5531b9bf1df452751fb80e7a8abf769e136f311f963dd0ecabf90d00,dlstupka/hth-baptisms-san-antonio-1788-1824--1858-1898,9f03a2632820a26b9724dac7a7a62e87776b1b04,dlstupka/hth,4b0d7c9a16b00eb463a94355f4a2aaf9e69af020,1445,1306,1.0,False,0,0.25,0.002,0,0,0,0,0,0,0,0,1445,1306,169.833,49.636,170.0,5305.677,6.6554,0.090659,0.000866,0.0,0.719,0.0,False,False,False,False,False,False,0.746,review,very_small_content_region,
309,Baptisms-San-Antonio-Baptism-Records-1788-1824--1858-1898_p301-400.docx,11,raw/fs_0309.png,34e511285435beb27dc96257eaa60503a0b993317d67ef06ad27e0886811f0b0,dlstupka/hth-baptisms-san-antonio-1788-1824--1858-1898,9f03a2632820a26b9724dac7a7a62e87776b1b04,dlstupka/hth,4b0d7c9a16b00eb463a94355f4a2aaf9e69af020,1455,1308,1.0,False,0,-0.0,1.0,0,0,0,0,0,0,0,0,1455,1308,170.884,47.731,161.0,5185.939,6.6181,0.082306,0.001588,0.012,0.725,0.0,False,False,False,False,False,False,0.738,review,very_small_content_region,
310,Baptisms-San-Antonio-Baptism-Records-1788-1824--1858-1898_p301-400.docx,12,raw/fs_0310.png,0a7e4aa31f3b376f0193fac2d4fcafbe82f2a84158a29efeda97850f806df89f,dlstupka/hth-baptisms-san-antonio-1788-1824--1858-1898,9f03a2632820a26b9724dac7a7a62e87776b1b04,dlstupka/hth,4b0d7c9a16b00eb463a94355f4a2aaf9e69af020,1445,1302,1.0,False,0,-0.25,0.003,0,0,0,0,0,0,0,0,1445,1302,166.228,51.147,171.0,5801.889,6.721,0.099941,4.5e-05,0.0,0.71,0.0,False,False,False,False,False,False,0.748,review,very_small_content_region,
311,Baptisms-San-Antonio-Baptism-Records-1788-1824--1858-1898_p301-400.docx,13,raw/fs_0311.png,275512d5be623da13be615e9284ed7fb0f0419880d635bf2de30f8fe1aa53d89,dlstupka/hth-baptisms-san-antonio-1788-1824--1858-1898,9f03a2632820a26b9724dac7a7a62e87776b1b04,dlstupka/hth,4b0d7c9a16b00eb463a94355f4a2aaf9e69af020,1448,1303,1.0,False,0,-0.0,1.0,0,0,0,0,0,0,0,0,1448,1303,168.781,49.979,171.0,5119.415,6.6212,0.091339,0.001626,0.0,0.689,0.0,False,False,False,False,False,False,0.746,review,very_small_content_region,
312,Baptisms-San-Antonio-Baptism-Records-1788-1824--1858-1898_p301-400.docx,14,raw/fs_0312.png,8b0c1d3aca838f742fafa6701b42da362e405f4ea23aa208834c315b60b54b36,dlstupka/hth-baptisms-san-antonio-1788-1824--1858-1898,9f03a2632820a26b9724dac7a7a62e87776b1b04,dlstupka/hth,4b0d7c9a16b00eb463a94355f4a2aaf9e69af020,1456,1300,1.0,False,0,0.25,0.109,0,0,0,0,0,0,0,0,1456,1300,166.688,52.495,177.0,5911.188,6.7731,0.105441,9.5e-05,0.0,0.704,0.0,False,False,False,False,False,False,0.756,review,very_small_content_region,
313,Baptisms-San-Antonio-Baptism-Records-1788-1824--1858-1898_p301-400.docx,15,raw/fs_0313.png,c9e1d848fe9675135283fb8591b605397830b400cebc2efd0456d1657b9c2ca6,dlstupka/hth-baptisms-san-antonio-1788-1824--1858-1898,9f03a2632820a26b9724dac7a7a62e87776b1b04,dlstupka/hth,4b0d7c9a16b00eb463a94355f4a2aaf9e69af020,1469,1308,1.0,False,0,0.25,0.149,0,0,0,0,0,0,0,0,1469,1308,171.56,48.003,164.0,5211.615,6.6212,0.084412,7.3e-05,0.0,0.706,0.0,False,False,False,False,False,False,0.74,review,very_small_content_region,
314,Baptisms-San-Antonio-Baptism-Records-1788-1824--1858-1898_p301-400.docx,16,raw/fs_0314.png,60e32dd9e86ddaf3a2adee0974eb1f83b01f0004c5e46eb2da697467fbbfd48b,dlstupka/hth-baptisms-san-antonio-1788-1824--1858-1898,9f03a2632820a26b9724dac7a7a62e87776b1b04,dlstupka/hth,4b0d7c9a16b00eb463a94355f4a2aaf9e69af020,1448,1305,1.0,False,0,-0.25,0.0,0,0,0,0,0,0,0,0,1448,1305,162.221,48.714,168.0,4734.873,6.4397,0.097359,6e-06,0.0,0.69,0.0,False,False,False,False,False,False,0.73,review,very_small_content_region,
315,Baptisms-San-Antonio-Baptism-Records-1788-1824--1858-1898_p301-400.docx,17,raw/fs_0315.png,831e7dc46a1096d09a7461c2053ee4d02109e80f588612f07f43af150bebf65a,dlstupka/hth-baptisms-san-antonio-1788-1824--1858-1898,9f03a2632820a26b9724dac7a7a62e87776b1b04,dlstupka/hth,4b0d7c9a16b00eb463a94355f4a2aaf9e69af020,1441,1299,1.0,False,0,-0.25,0.0,0,0,0,0,0,0,0,0,1441,1299,162.915,47.807,163.0,4735.246,6.4219,0.092984,8e-06,0.0,0.683,0.0,False,False,False,False,False,False,0.727,review,very_small_content_region,
316,Baptisms-San-Antonio-Baptism-Records-1788-1824--1858-1898_p301-400.docx,18,raw/fs_0316.png,742000d192467228cc66d4360dc670701f07ee1604684662ff96dc6f67e6702e,dlstupka/hth-baptisms-san-antonio-1788-1824--1858-1898,9f03a2632820a26b9724dac7a7a62e87776b1b04,dlstupka/hth,4b0d7c9a16b00eb463a94355f4a2aaf9e69af020,1436,1289,1.0,False,0,0.25,0.113,0,0,0,0,0,0,0,0,1436,1289,171.543,49.271,166.0,5699.975,6.6251,0.088057,6.3e-05,0.0,0.704,0.0,False,False,False,False,False,False,0.747,review,very_small_content_region,
317,Baptisms-San-Antonio-Baptism-Records-1788-1824--1858-1898_p301-400.docx,19,raw/fs_0317.png,3d0c77ff3ca8c06906b6ab980f42b7442032c58682340bf5fea819e24dd95c62,dlstupka/hth-baptisms-san-antonio-1788-1824--1858-1898,9f03a2632820a26b9724dac7a7a62e87776b1b04,dlstupka/hth,4b0d7c9a16b00eb463a94355f4a2aaf9e69af020,1447,1301,1.0,False,0,0.25,0.141,0,0,0,0,0,0,0,0,1447,1301,172.339,48.113,167.0,4354.978,6.4626,0.082508,4.4e-05,0.0,0.665,0.0,False,False,False,False,False,False,0.742,review,very_small_content_region,
318,Baptisms-San-Antonio-Baptism-Records-1788-1824--1858-1898_p301-400.docx,20,raw/fs_0318.png,49dc11d943a6eb4dc0ac5e479424506fb366dc4e96257d2d49ac8a6df7b5ff9d,dlstupka/hth-baptisms-san-antonio-1788-1824--1858-1898,9f03a2632820a26b9724dac7a7a62e87776b1b04,dlstupka/hth,4b0d7c9a16b00eb463a94355f4a2aaf9e69af020,1457,1306,1.0,False,0,0.25,0.012,0,0,0,0,0,0,0,0,1457,1306,167.723,48.634,165.0,5142.253,6.5988,0.092557,3.2e-05,0.0,0.708,0.0,False,False,False,False,False,False,0.738,review,very_small_content_region,
319,Baptisms-San-Antonio-Baptism-Records-1788-1824--1858-1898_p301-400.docx,21,raw/fs_0319.png,dba3dd2d38842c5f7aacd062e417265fa533926faf4825f198fdb7024a850c35,dlstupka/hth-baptisms-san-antonio-1788-1824--1858-1898,9f03a2632820a26b9724dac7a7a62e87776b1b04,dlstupka/hth,4b0d7c9a16b00eb463a94355f4a2aaf9e69af020,1456,1304,1.0,False,0,-0.25,0.001,0,0,0,0,0,0,0,0,1456,1304,170.232,47.52,166.0,4606.038,6.5179,0.082539,3.5e-05,0.0,0.682,0.0,False,False,False,False,False,False,0.736,review,very_small_content_region,
320,Baptisms-San-Antonio-Baptism-Records-1788-1824--1858-1898_p301-400.docx,22,raw/fs_0320.png,a12d2ee7fd39534689a435deeb749e9247916795950bcdc9177c2c524d6513d3,dlstupka/hth-baptisms-san-antonio-1788-1824--1858-1898,9f03a2632820a26b9724dac7a7a62e87776b1b04,dlstupka/hth,4b0d7c9a16b00eb463a94355f4a2aaf9e69af020,1453,1296,1.0,False,0,-0.25,0.002,0,0,0,0,0,0,0,0,1453,1296,167.933,49.74,173.0,5236.592,6.6264,0.093675,8.1e-05,0.0,0.699,0.0,False,False,False,False,False,False,0.744,review,very_small_content_region,
321,Baptisms-San-Antonio-Baptism-Records-1788-1824--1858-1898_p301-400.docx,23,raw/fs_0321.png,79577d85fd2d90a89d63e5d37bd34628b7e1f2f3ee1cf8f98c21ec142762ab2d,dlstupka/hth-baptisms-san-antonio-1788-1824--1858-1898,9f03a2632820a26b9724dac7a7a62e87776b1b04,dlstupka/hth,4b0d7c9a16b00eb463a94355f4a2aaf9e69af020,1443,1298,1.0,False,0,0.25,0.007,0,0,0,0,0,0,0,0,1443,1298,170.391,48.171,162.0,5396.496,6.5857,0.08629,4.8e-05,0.0,0.706,0.0,False,False,False,False,False,False,0.739,review,very_small_content_region,
322,Baptisms-San-Antonio-Baptism-Records-1788-1824--1858-1898_p301-400.docx,24,raw/fs_0322.png,968e532d55d171ef2eb4cb42274f697f1c0f6133af50003032426f185ef8a0dc,dlstupka/hth-baptisms-san-antonio-1788-1824--1858-1898,9f03a2632820a26b9724dac7a7a62e87776b1b04,dlstupka/hth,4b0d7c9a16b00eb463a94355f4a2aaf9e69af020,1451,1304,1.0,False,0,-0.25,0.0,0,0,0,0,0,0,0,0,1451,1304,160.745,47.709,164.0,5001.634,6.5027,0.097832,9e-06,0.0,0.701,0.0,False,False,False,False,False,False,0.723,review,very_small_content_region,
323,Baptisms-San-Antonio-Baptism-Records-1788-1824--1858-1898_p301-400.docx,25,raw/fs_0323.png,c389fcb9291fada8d9d662277f4b2419fa6c4158bf6ceeaa1c95584e9f6b2359,dlstupka/hth-baptisms-san-antonio-1788-1824--1858-1898,9f03a2632820a26b9724dac7a7a62e87776b1b04,dlstupka/hth,4b0d7c9a16b00eb463a94355f4a2aaf9e69af020,1431,1301,1.0,False,0,-0.25,0.007,0,0,0,0,0,0,0,0,1431,1301,168.475,51.286,175.0,5437.306,6.5835,0.097765,6.3e-05,0.0,0.718,0.0,False,False,False,False,False,False,0.752,review,very_small_content_region,
324,Baptisms-San-Antonio-Baptism-Records-1788-1824--1858-1898_p301-400.docx,26,raw/fs_0324.png,37ef6a9963de95f29ccd4406fd249c57f9ea28fcf27d8629b98c0581c2522f3d,dlstupka/hth-baptisms-san-antonio-1788-1824--1858-1898,9f03a2632820a26b9724dac7a7a62e87776b1b04,dlstupka/hth,4b0d7c9a16b00eb463a94355f4a2aaf9e69af020,1446,1304,1.0,False,0,0.25,0.007,0,0,0,0,0,0,0,0,1446,1304,165.161,51.217,176.0,5242.131,6.6221,0.102998,2.7e-05,0.0,0.7,0.0,False,False,False,False,False,False,0.747,review,very_small_content_region,
325,Baptisms-San-Antonio-Baptism-Records-1788-1824--1858-1898_p301-400.docx,27,raw/fs_0325.png,d86d92ed2120692562f499e7754b36743cfeeb3f1e995e8c8ce7dd77274729f4,dlstupka/hth-baptisms-san-antonio-1788-1824--1858-1898,9f03a2632820a26b9724dac7a7a62e87776b1b04,dlstupka/hth,4b0d7c9a16b00eb463a94355f4a2aaf9e69af020,1444,1289,1.0,False,0,-0.25,0.001,0,0,0,0,0,0,0,0,1444,1289,164.738,50.07,174.0,5122.719,6.643,0.099144,2.8e-05,0.0,0.678,0.0,False,False,False,False,False,False,0.741,review,very_small_content_region,
326,Baptisms-San-Antonio-Baptism-Records-1788-1824--1858-1898_p301-400.docx,28,raw/fs_0326.png,da71e33e88078ce9612e69be44f8830f1626e4bc5658db3222ef49f7a81c45ed,dlstupka/hth-baptisms-san-antonio-1788-1824--1858-1898,9f03a2632820a26b9724dac7a7a62e87776b1b04,dlstupka/hth,4b0d7c9a16b00eb463a94355f4a2aaf9e69af020,1445,1293,1.0,False,0,-0.25,0.0,0,0,0,0,0,0,0,0,1445,1293,167.635,48.35,167.0,4624.843,6.4667,0.089095,2.7e-05,0.0,0.685,0.0,False,False,False,False,False,False,0.736,review,very_small_content_region,
327,Baptisms-San-Antonio-Baptism-Records-1788-1824--1858-1898_p301-400.docx,29,raw/fs_0327.png,ad5fecd38b057f20b732258bc0cf2ba61ce655b6c7c16eaa3855c047d3bfa84f,dlstupka/hth-baptisms-san-antonio-1788-1824--1858-1898,9f03a2632820a26b9724dac7a7a62e87776b1b04,dlstupka/hth,4b0d7c9a16b00eb463a94355f4a2aaf9e69af020,1432,1292,1.0,False,0,0.25,0.001,0,0,0,0,0,0,0,0,1432,1292,164.825,49.105,167.0,4848.596,6.5282,0.094381,1.5e-05,0.0,0.674,0.0,False,False,False,False,False,False,0.736,review,very_small_content_region,
328,Baptisms-San-Antonio-Baptism-Records-1788-1824--1858-1898_p301-400.docx,30,raw/fs_0328.png,3ce4b49bf6fafd868172ea4da2a7e9fc1eddd0c32febe97a47a88df5ff3de488,dlstupka/hth-baptisms-san-antonio-1788-1824--1858-1898,9f03a2632820a26b9724dac7a7a62e87776b1b04,dlstupka/hth,4b0d7c9a16b00eb463a94355f4a2aaf9e69af020,1448,1288,1.0,False,0,0.25,0.001,0,0,0,0,0,0,0,0,1448,1288,166.738,49.581,170.0,5070.314,6.6009,0.092973,3e-05,0.0,0.69,0.0,False,False,False,False,False,False,0.741,review,very_small_content_region,
329,Baptisms-San-Antonio-Baptism-Records-1788-1824--1858-1898_p301-400.docx,31,raw/fs_0329.png,2644f26f755390d2d263170b83a471744077284dfed225b76789ee349214211f,dlstupka/hth-baptisms-san-antonio-1788-1824--1858-1898,9f03a2632820a26b9724dac7a7a62e87776b1b04,dlstupka/hth,4b0d7c9a16b00eb463a94355f4a2aaf9e69af020,1461,1295,1.0,False,0,-0.25,0.001,0,0,0,0,0,0,0,0,1461,1295,167.165,49.578,168.0,5177.689,6.6293,0.094089,3.8e-05,0.0,0.689,0.0,False,False,False,False,False,False,0.742,review,very_small_content_region,
330,Baptisms-San-Antonio-Baptism-Records-1788-1824--1858-1898_p301-400.docx,32,raw/fs_0330.png,cf1457c45deeabfc3c370ef994172a880484d221cd033fae7555386fc0066bc2,dlstupka/hth-baptisms-san-antonio-1788-1824--1858-1898,9f03a2632820a26b9724dac7a7a62e87776b1b04,dlstupka/hth,4b0d7c9a16b00eb463a94355f4a2aaf9e69af020,1450,1304,1.0,False,0,-0.25,0.007,0,0,0,0,0,0,0,0,1450,1304,169.26,45.331,156.0,4374.022,6.4578,0.076207,2.3e-05,0.0,0.604,0.0,False,False,False,False,False,False,0.724,review,very_small_content_region,
331,Baptisms-San-Antonio-Baptism-Records-1788-1824--1858-1898_p301-400.docx,33,raw/fs_0331.png,67c55645deacf9f0e800239c09b61031668ec794b41c3401d04d4e87433a62b2,dlstupka/hth-baptisms-san-antonio-1788-1824--1858-1898,9f03a2632820a26b9724dac7a7a62e87776b1b04,dlstupka/hth,4b0d7c9a16b00eb463a94355f4a2aaf9e69af020,1452,1294,1.0,False,0,-0.25,0.002,0,0,0,0,0,0,0,0,1452,1294,166.693,50.381,173.0,5230.635,6.5865,0.098453,5.2e-05,0.0,0.672,0.0,False,False,False,False,False,False,0.745,review,very_small_content_region,
332,Baptisms-San-Antonio-Baptism-Records-1788-1824--1858-1898_p301-400.docx,34,raw/fs_0332.png,cea565dcf14cfff4fc55718c8f3693b372751b006fb32f7d1c728af1a4326a30,dlstupka/hth-baptisms-san-antonio-1788-1824--1858-1898,9f03a2632820a26b9724dac7a7a62e87776b1b04,dlstupka/hth,4b0d7c9a16b00eb463a94355f4a2aaf9e69af020,1453,1301,1.0,False,0,0.25,0.002,0,0,0,0,0,0,0,0,1453,1301,163.882,51.522,176.0,5296.546,6.6515,0.105175,3.6e-05,0.0,0.681,0.0,False,False,False,False,False,False,0.747,review,very_small_content_region,
333,Baptisms-San-Antonio-Baptism-Records-1788-1824--1858-1898_p301-400.docx,35,raw/fs_0333.png,0cabc058506cfbc864ee962e3cc17f40116aae401d8be5ef4f5340817fc78078,dlstupka/hth-baptisms-san-antonio-1788-1824--1858-1898,9f03a2632820a26b9724dac7a7a62e87776b1b04,dlstupka/hth,4b0d7c9a16b00eb463a94355f4a2aaf9e69af020,1477,1318,1.0,False,0,-0.0,1.0,0,0,0,0,0,0,0,0,1477,1318,168.602,46.891,159.0,5160.607,6.6091,0.087415,0.004574,0.155,0.68,0.0,False,False,False,False,False,False,0.73,review,very_small_content_region,
334,Baptisms-San-Antonio-Baptism-Records-1788-1824--1858-1898_p301-400.docx,36,raw/fs_0334.png,c090a27aac764186c939f601550bcf95733d17edf6e6b297acde79d1a7e042d9,dlstupka/hth-baptisms-san-antonio-1788-1824--1858-1898,9f03a2632820a26b9724dac7a7a62e87776b1b04,dlstupka/hth,4b0d7c9a16b00eb463a94355f4a2aaf9e69af020,1468,1311,1.0,False,0,-0.0,1.0,0,0,0,0,0,0,0,0,1468,1311,170.644,45.941,157.0,5231.167,6.5749,0.079921,0.002355,0.175,0.696,0.0,False,False,False,False,False,False,0.729,review,very_small_content_region,
335,Baptisms-San-Antonio-Baptism-Records-1788-1824--1858-1898_p301-400.docx,37,raw/fs_0335.png,21eb53418851fe6d2bf8ed5fe70af2da44cab498926b8ca8c529bbf55e93809e,dlstupka/hth-baptisms-san-antonio-1788-1824--1858-1898,9f03a2632820a26b9724dac7a7a62e87776b1b04,dlstupka/hth,4b0d7c9a16b00eb463a94355f4a2aaf9e69af020,1458,1309,1.0,False,0,-0.0,1.0,0,0,0,0,0,0,0,0,1458,1309,168.494,48.084,164.0,5319.568,6.6127,0.090152,0.001561,0.094,0.699,0.0,False,False,False,False,False,False,0.736,review,very_small_content_region,
336,Baptisms-San-Antonio-Baptism-Records-1788-1824--1858-1898_p301-400.docx,38,raw/fs_0336.png,3a82136c208edc758fee0892bd5767a60512a159dd9d193cb1e88add5330b5e9,dlstupka/hth-baptisms-san-antonio-1788-1824--1858-1898,9f03a2632820a26b9724dac7a7a62e87776b1b04,dlstupka/hth,4b0d7c9a16b00eb463a94355f4a2aaf9e69af020,1448,1286,1.0,False,0,0.25,0.011,0,0,0,0,0,0,0,0,1448,1286,165.773,52.932,180.0,5428.894,6.6876,0.107008,5.5e-05,0.0,0.703,0.0,False,False,False,False,False,False,0.756,review,very_small_content_region,
337,Baptisms-San-Antonio-Baptism-Records-1788-1824--1858-1898_p301-400.docx,39,raw/fs_0337.png,dc1b1955a7ea64e1df7f062df848204aae50bfc1bc8118a95c5025b7a267c532,dlstupka/hth-baptisms-san-antonio-1788-1824--1858-1898,9f03a2632820a26b9724dac7a7a62e87776b1b04,dlstupka/hth,4b0d7c9a16b00eb463a94355f4a2aaf9e69af020,1448,1298,1.0,False,0,-0.25,0.006,0,0,0,0,0,0,0,0,1448,1298,169.435,47.154,161.0,5213.623,6.5871,0.083318,4.3e-05,0.0,0.688,0.0,False,False,False,False,False,False,0.733,review,very_small_content_region,
338,Baptisms-San-Antonio-Baptism-Records-1788-1824--1858-1898_p301-400.docx,40,raw/fs_0338.png,90e591e967f463679daa7bb90eb51f2f8c5797da86f892bffdf6700f131187fd,dlstupka/hth-baptisms-san-antonio-1788-1824--1858-1898,9f03a2632820a26b9724dac7a7a62e87776b1b04,dlstupka/hth,4b0d7c9a16b00eb463a94355f4a2aaf9e69af020,1432,1284,1.0,False,0,-0.25,0.0,0,0,0,0,0,0,0,0,1432,1284,171.091,48.792,168.0,4899.32,6.5026,0.084851,5.7e-05,0.0,0.687,0.0,False,False,False,False,False,False,0.744,review,very_small_content_region,
339,Baptisms-San-Antonio-Baptism-Records-1788-1824--1858-1898_p301-400.docx,41,raw/fs_0339.png,ab200610d04636afdbb35693717ecf2c7a3636cabce953ce685a41f3ee206086,dlstupka/hth-baptisms-san-antonio-1788-1824--1858-1898,9f03a2632820a26b9724dac7a7a62e87776b1b04,dlstupka/hth,4b0d7c9a16b00eb463a94355f4a2aaf9e69af020,1391,1253,1.0,False,0,0.25,0.02,0,0,0,0,0,0,0,0,1391,1253,170.476,50.893,173.0,5332.555,6.5046,0.091876,3.8e-05,0.0,0.68,0.0,False,False,False,False,False,False,0.753,review,very_small_content_region,
340,Baptisms-San-Antonio-Baptism-Records-1788-1824--1858-1898_p301-400.docx,42,raw/fs_0340.png,441b757d053f43ef7ec1c1880403a0e0646f4b65a0e3269c1bccf14dede517bf,dlstupka/hth-baptisms-san-antonio-1788-1824--1858-1898,9f03a2632820a26b9724dac7a7a62e87776b1b04,dlstupka/hth,4b0d7c9a16b00eb463a94355f4a2aaf9e69af020,1401,1269,1.0,False,0,0.25,0.026,0,0,0,0,0,0,0,0,1401,1269,170.357,51.383,178.0,5271.657,6.5038,0.094851,5.1e-05,0.0,0.674,0.0,False,False,False,False,False,False,0.755,review,very_small_content_region,
341,Baptisms-San-Antonio-Baptism-Records-1788-1824--1858-1898_p301-400.docx,43,raw/fs_0341.png,531f34d8b4b511a0bb4c7da5f78d7a841f3a54cfe07361290d047fd1a2d5d89a,dlstupka/hth-baptisms-san-antonio-1788-1824--1858-1898,9f03a2632820a26b9724dac7a7a62e87776b1b04,dlstupka/hth,4b0d7c9a16b00eb463a94355f4a2aaf9e69af020,1336,1192,1.0,False,0,-0.25,0.035,0,0,0,0,0,0,0,0,1336,1192,166.957,56.408,192.0,5706.71,6.6208,0.118091,8.6e-05,0.0,0.688,0.0,False,False,False,False,False,False,0.776,review,very_small_content_region,
342,Baptisms-San-Antonio-Baptism-Records-1788-1824--1858-1898_p301-400.docx,44,raw/fs_0342.png,192422439ae4543fedf666ff469467ce8abece2089d4e6002b2499fb50f96d9d,dlstupka/hth-baptisms-san-antonio-1788-1824--1858-1898,9f03a2632820a26b9724dac7a7a62e87776b1b04,dlstupka/hth,4b0d7c9a16b00eb463a94355f4a2aaf9e69af020,1469,1312,1.0,False,0,-0.0,1.0,0,0,0,0,0,0,0,0,1469,1312,171.482,49.564,170.0,5247.181,6.5901,0.090615,0.001631,0.0,0.688,0.0,False,False,False,False,False,False,0.748,review,very_small_content_region,
343,Baptisms-San-Antonio-Baptism-Records-1788-1824--1858-1898_p301-400.docx,45,raw/fs_0343.png,055bd93db1390c9385174b06f5bb47fe90e990ed0cdd515d5717fd43e0f17b69,dlstupka/hth-baptisms-san-antonio-1788-1824--1858-1898,9f03a2632820a26b9724dac7a7a62e87776b1b04,dlstupka/hth,4b0d7c9a16b00eb463a94355f4a2aaf9e69af020,1475,1313,1.0,False,0,-0.25,0.0,0,0,0,0,0,0,0,0,1475,1313,164.713,45.087,154.0,4771.833,6.4662,0.087623,0.000774,0.159,0.708,0.0,False,False,False,False,False,False,0.716,review,very_small_content_region,
344,Baptisms-San-Antonio-Baptism-Records-1788-1824--1858-1898_p301-400.docx,46,raw/fs_0344.png,0b76823aa83dae95f635077b34c4411f5c453bad60408407c5b257d346d515b2,dlstupka/hth-baptisms-san-antonio-1788-1824--1858-1898,9f03a2632820a26b9724dac7a7a62e87776b1b04,dlstupka/hth,4b0d7c9a16b00eb463a94355f4a2aaf9e69af020,1469,1312,1.0,False,0,-0.25,0.0,0,0,0,0,0,0,0,0,1469,1312,162.857,45.813,154.0,4564.723,6.5038,0.089476,0.00077,0.0,0.707,0.0,False,False,False,False,False,False,0.717,review,very_small_content_region,
345,Baptisms-San-Antonio-Baptism-Records-1788-1824--1858-1898_p301-400.docx,47,raw/fs_0345.png,5556d269d23e2f6e97b0c65861c871cfb09a57fdb17e2dc8c8b9e853b69f845c,dlstupka/hth-baptisms-san-antonio-1788-1824--1858-1898,9f03a2632820a26b9724dac7a7a62e87776b1b04,dlstupka/hth,4b0d7c9a16b00eb463a94355f4a2aaf9e69af020,1456,1311,1.0,False,0,-0.25,0.0,0,0,0,0,0,0,0,0,1456,1311,162.803,43.946,148.0,4885.457,6.4574,0.084511,0.000766,0.259,0.67,0.0,False,False,False,False,False,False,0.707,review,very_small_content_region,
346,Baptisms-San-Antonio-Baptism-Records-1788-1824--1858-1898_p301-400.docx,48,raw/fs_0346.png,fa9fd09c1167f10c08d8b98f293ac0501070fbb9726f7fe37995209d7fe505ed,dlstupka/hth-baptisms-san-antonio-1788-1824--1858-1898,9f03a2632820a26b9724dac7a7a62e87776b1b04,dlstupka/hth,4b0d7c9a16b00eb463a94355f4a2aaf9e69af020,1483,1319,1.0,False,0,-0.0,1.0,0,0,0,0,0,0,0,0,1483,1319,167.873,48.989,164.0,5346.011,6.6874,0.093337,0.005342,0.038,0.713,0.0,False,False,False,False,False,False,0.74,review,very_small_content_region,
347,Baptisms-San-Antonio-Baptism-Records-1788-1824--1858-1898_p301-400.docx,49,raw/fs_0347.png,de51bfa5d42c3692a1515697252b5564646831773c6b27ce8ea58aac10970e8b,dlstupka/hth-baptisms-san-antonio-1788-1824--1858-1898,9f03a2632820a26b9724dac7a7a62e87776b1b04,dlstupka/hth,4b0d7c9a16b00eb463a94355f4a2aaf9e69af020,1475,1314,1.0,False,0,-0.0,1.0,0,0,0,0,0,0,0,0,1475,1314,167.394,49.583,168.0,5417.802,6.6334,0.098346,0.002318,0.102,0.717,0.0,False,False,False,False,False,False,0.742,review,very_small_content_region,
348,Baptisms-San-Antonio-Baptism-Records-1788-1824--1858-1898_p301-400.docx,50,raw/fs_0348.png,795d322e8bb9b037ce2cd1f0fc6b934d138198fc9307053c86d33b30e136cb9c,dlstupka/hth-baptisms-san-antonio-1788-1824--1858-1898,9f03a2632820a26b9724dac7a7a62e87776b1b04,dlstupka/hth,4b0d7c9a16b00eb463a94355f4a2aaf9e69af020,1466,1316,1.0,False,0,-0.0,1.0,0,0,0,0,0,0,0,0,1466,1316,163.736,45.749,155.0,5121.773,6.5988,0.088371,0.003818,0.111,0.701,0.0,False,False,False,False,False,False,0.718,review,very_small_content_region,
349,Baptisms-San-Antonio-Baptism-Records-1788-1824--1858-1898_p301-400.docx,51,raw/fs_0349.png,d514c0caee41a08c138850abd8ce5154ed429fa056a2c0f2c978d316c0a9e421,dlstupka/hth-baptisms-san-antonio-1788-1824--1858-1898,9f03a2632820a26b9724dac7a7a62e87776b1b04,dlstupka/hth,4b0d7c9a16b00eb463a94355f4a2aaf9e69af020,1444,1283,1.0,False,0,0.25,0.001,0,0,0,0,0,0,0,0,1444,1283,168.79,46.405,158.0,4570.257,6.5858,0.078822,2e-05,0.0,0.661,0.0,False,False,False,False,False,False,0.728,review,very_small_content_region,
350,Baptisms-San-Antonio-Baptism-Records-1788-1824--1858-1898_p301-400.docx,52,raw/fs_0350.png,11baeaef4fe7775689b8659880bc6ed0e8a02ba20ec8f3286e8f0cb66344ebb9,dlstupka/hth-baptisms-san-antonio-1788-1824--1858-1898,9f03a2632820a26b9724dac7a7a62e87776b1b04,dlstupka/hth,4b0d7c9a16b00eb463a94355f4a2aaf9e69af020,1451,1292,1.0,False,0,0.25,0.149,0,0,0,0,0,0,0,0,1451,1292,171.684,49.438,170.0,4932.138,6.5587,0.084494,5.3e-05,0.0,0.674,0.0,False,False,False,False,False,False,0.748,review,very_small_content_region,
351,Baptisms-San-Antonio-Baptism-Records-1788-1824--1858-1898_p301-400.docx,53,raw/fs_0351.png,3a8ed7f243c32f15d053ad446a3f7e13cf43cd669f7ee6e36940c322e2a2cca2,dlstupka/hth-baptisms-san-antonio-1788-1824--1858-1898,9f03a2632820a26b9724dac7a7a62e87776b1b04,dlstupka/hth,4b0d7c9a16b00eb463a94355f4a2aaf9e69af020,1474,1309,1.0,False,0,-0.25,0.0,0,0,0,0,0,0,0,0,1474,1309,165.712,43.781,146.0,4963.842,6.3956,0.079649,0.000771,0.092,0.711,0.0,False,False,False,False,False,False,0.711,review,very_small_content_region,
352,Baptisms-San-Antonio-Baptism-Records-1788-1824--1858-1898_p301-400.docx,54,raw/fs_0352.png,f8f6ea4e2ff01ee9588da507a0f4d6dbc4f45f2f6d03865b3999d89de1686865,dlstupka/hth-baptisms-san-antonio-1788-1824--1858-1898,9f03a2632820a26b9724dac7a7a62e87776b1b04,dlstupka/hth,4b0d7c9a16b00eb463a94355f4a2aaf9e69af020,1484,1304,1.0,False,0,-0.25,0.016,0,0,0,0,0,0,0,0,1484,1304,170.94,47.799,161.0,5186.257,6.57,0.083802,3.4e-05,0.0,0.71,0.0,False,False,False,False,False,False,0.738,review,very_small_content_region,
353,Baptisms-San-Antonio-Baptism-Records-1788-1824--1858-1898_p301-400.docx,55,raw/fs_0353.png,1ff23e0df96843b6c3a2b8cc3c9b9ed1074611fb6d8da1d2526385a8015c84be,dlstupka/hth-baptisms-san-antonio-1788-1824--1858-1898,9f03a2632820a26b9724dac7a7a62e87776b1b04,dlstupka/hth,4b0d7c9a16b00eb463a94355f4a2aaf9e69af020,1399,1242,1.0,False,0,-0.25,0.032,0,0,0,0,0,0,0,0,1399,1242,171.961,47.935,163.0,5289.571,6.5404,0.083503,6.4e-05,0.0,0.686,0.0,False,False,False,False,False,False,0.741,review,very_small_content_region,
354,Baptisms-San-Antonio-Baptism-Records-1788-1824--1858-1898_p301-400.docx,56,raw/fs_0354.png,cbda37085d97ab282b3deadc677c6e2180d5c72d114bdfeb09bb7a57f1c73ee3,dlstupka/hth-baptisms-san-antonio-1788-1824--1858-1898,9f03a2632820a26b9724dac7a7a62e87776b1b04,dlstupka/hth,4b0d7c9a16b00eb463a94355f4a2aaf9e69af020,1340,1197,1.0,False,0,-0.25,0.0,0,0,0,0,0,0,0,0,1340,1197,161.765,47.394,161.0,5310.31,6.466,0.093573,8e-06,0.0,0.67,0.0,False,False,False,False,False,False,0.723,review,very_small_content_region,
355,Baptisms-San-Antonio-Baptism-Records-1788-1824--1858-1898_p301-400.docx,57,raw/fs_0355.png,e15cf214b33ec6489cb663e59fdebe34a2639b653f2aa83c5abdbcdbe18cc1a0,dlstupka/hth-baptisms-san-antonio-1788-1824--1858-1898,9f03a2632820a26b9724dac7a7a62e87776b1b04,dlstupka/hth,4b0d7c9a16b00eb463a94355f4a2aaf9e69af020,1350,1198,1.0,False,0,-0.25,0.0,0,0,0,0,0,0,0,0,1350,1198,165.652,44.001,149.0,4914.355,6.3379,0.077516,9e-06,0.0,0.67,0.0,False,False,False,False,False,False,0.712,review,very_small_content_region,
356,Baptisms-San-Antonio-Baptism-Records-1788-1824--1858-1898_p301-400.docx,58,raw/fs_0356.png,8db24692876bcaa1efc1f1a2ca82292a512c21ba31e2183e131415e7cd76f8d0,dlstupka/hth-baptisms-san-antonio-1788-1824--1858-1898,9f03a2632820a26b9724dac7a7a62e87776b1b04,dlstupka/hth,4b0d7c9a16b00eb463a94355f4a2aaf9e69af020,1349,1215,1.0,False,0,0.25,0.065,0,0,0,0,0,0,0,0,1349,1215,167.991,54.407,188.0,5605.263,6.5537,0.107316,8.5e-05,0.0,0.68,0.0,False,False,False,False,False,False,0.767,review,very_small_content_region,
357,Baptisms-San-Antonio-Baptism-Records-1788-1824--1858-1898_p301-400.docx,59,raw/fs_0357.png,692ffb5bc3a26b9ca02e9242f194a43ca032ce6b983dfa0746fef7fba8a98746,dlstupka/hth-baptisms-san-antonio-1788-1824--1858-1898,9f03a2632820a26b9724dac7a7a62e87776b1b04,dlstupka/hth,4b0d7c9a16b00eb463a94355f4a2aaf9e69af020,1332,1199,1.0,False,0,-0.25,0.0,0,0,0,0,0,0,0,0,1332,1199,161.347,49.736,171.0,5292.972,6.4579,0.103682,6e-06,0.0,0.677,0.0,False,False,False,False,False,False,0.734,review,very_small_content_region,
358,Baptisms-San-Antonio-Baptism-Records-1788-1824--1858-1898_p301-400.docx,60,raw/fs_0358.png,084a458139c5f42731104a6cffa74b1e960d708c6070e4614059843f31c6d9b6,dlstupka/hth-baptisms-san-antonio-1788-1824--1858-1898,9f03a2632820a26b9724dac7a7a62e87776b1b04,dlstupka/hth,4b0d7c9a16b00eb463a94355f4a2aaf9e69af020,1294,1167,1.0,False,0,-0.25,0.0,0,0,0,0,0,0,0,0,1294,1167,162.056,51.406,177.0,5835.3,6.4515,0.107503,2.3e-05,0.0,0.689,0.0,False,False,False,False,False,False,0.743,review,very_small_content_region,
359,Baptisms-San-Antonio-Baptism-Records-1788-1824--1858-1898_p301-400.docx,61,raw/fs_0359.png,1f68f06b91870570063b320bc58e00cbfda68a1b4d2d3fa1f13a81c9899e383c,dlstupka/hth-baptisms-san-antonio-1788-1824--1858-1898,9f03a2632820a26b9724dac7a7a62e87776b1b04,dlstupka/hth,4b0d7c9a16b00eb463a94355f4a2aaf9e69af020,1425,1285,1.0,False,0,0.25,0.001,0,0,0,0,0,0,0,0,1425,1285,167.11,53.975,183.0,5424.612,6.5113,0.110708,3.4e-05,0.0,0.681,0.0,False,False,False,False,False,False,0.764,review,very_small_content_region,
360,Baptisms-San-Antonio-Baptism-Records-1788-1824--1858-1898_p301-400.docx,62,raw/fs_0360.png,e1fd868961f7260ca8a99fd326da7a6605048068f28fb0d80bed5998b0ad12b7,dlstupka/hth-baptisms-san-antonio-1788-1824--1858-1898,9f03a2632820a26b9724dac7a7a62e87776b1b04,dlstupka/hth,4b0d7c9a16b00eb463a94355f4a2aaf9e69af020,1439,1291,1.0,False,0,-0.25,0.0,0,0,0,0,0,0,0,0,1439,1291,157.405,51.68,178.0,4978.862,6.4779,0.114478,3e-06,0.0,0.698,0.0,False,False,False,False,False,False,0.738,review,very_small_content_region,
361,Baptisms-San-Antonio-Baptism-Records-1788-1824--1858-1898_p301-400.docx,63,raw/fs_0361.png,2467497bb7fd6669a5dd21e35e0e293469a15f68c4ca7bc95e604ebb02512fca,dlstupka/hth-baptisms-san-antonio-1788-1824--1858-1898,9f03a2632820a26b9724dac7a7a62e87776b1b04,dlstupka/hth,4b0d7c9a16b00eb463a94355f4a2aaf9e69af020,1429,1278,1.0,False,0,-0.25,0.003,0,0,0,0,0,0,0,0,1429,1278,167.786,50.392,170.0,5490.808,6.5092,0.095205,3.1e-05,0.0,0.694,0.0,False,False,False,False,False,False,0.747,review,very_small_content_region,
362,Baptisms-San-Antonio-Baptism-Records-1788-1824--1858-1898_p301-400.docx,64,raw/fs_0362.png,92f122696ec80f7599bea00ee08bdebdcb1d629be21dc9abf2487bcaf34e338d,dlstupka/hth-baptisms-san-antonio-1788-1824--1858-1898,9f03a2632820a26b9724dac7a7a62e87776b1b04,dlstupka/hth,4b0d7c9a16b00eb463a94355f4a2aaf9e69af020,1466,1285,1.0,False,0,-0.25,0.003,0,0,0,0,0,0,0,0,1466,1285,163.553,50.231,176.0,4457.758,6.3304,0.099328,1.2e-05,0.0,0.646,0.0,False,False,False,False,False,False,0.74,review,very_small_content_region,
363,Baptisms-San-Antonio-Baptism-Records-1788-1824--1858-1898_p301-400.docx,65,raw/fs_0363.png,5d6b07e79568d17e42199a8087dd21b256beb7801d906a632bf65ab0e4bc21ef,dlstupka/hth-baptisms-san-antonio-1788-1824--1858-1898,9f03a2632820a26b9724dac7a7a62e87776b1b04,dlstupka/hth,4b0d7c9a16b00eb463a94355f4a2aaf9e69af020,1431,1283,1.0,False,0,0.25,0.001,0,0,0,0,0,0,0,0,1431,1283,171.683,46.873,157.0,4723.957,6.3724,0.076709,2.9e-05,0.0,0.631,0.0,False,False,False,False,False,False,0.735,review,very_small_content_region,
364,Baptisms-San-Antonio-Baptism-Records-1788-1824--1858-1898_p301-400.docx,66,raw/fs_0364.png,23258115e6a36be4d4bf8fb9cf3895613171fd6272dd66490fa76dace424bb8e,dlstupka/hth-baptisms-san-antonio-1788-1824--1858-1898,9f03a2632820a26b9724dac7a7a62e87776b1b04,dlstupka/hth,4b0d7c9a16b00eb463a94355f4a2aaf9e69af020,1465,1297,1.0,False,0,-0.25,0.0,0,0,0,0,0,0,0,0,1465,1297,166.081,43.988,149.0,4146.341,6.4599,0.076974,6e-06,0.0,0.62,0.0,False,False,False,False,False,False,0.712,review,very_small_content_region,
365,Baptisms-San-Antonio-Baptism-Records-1788-1824--1858-1898_p301-400.docx,67,raw/fs_0365.png,6accb475ed1e682944a9def14167f26995b4d8633dea870bbb551d6d9a9cafe6,dlstupka/hth-baptisms-san-antonio-1788-1824--1858-1898,9f03a2632820a26b9724dac7a7a62e87776b1b04,dlstupka/hth,4b0d7c9a16b00eb463a94355f4a2aaf9e69af020,1455,1291,1.0,False,0,-0.25,0.0,0,0,0,0,0,0,0,0,1455,1291,168.463,41.639,141.0,3815.957,6.3657,0.068694,7e-06,0.058,0.619,0.0,False,False,False,False,False,False,0.704,review,very_small_content_region,
366,Baptisms-San-Antonio-Baptism-Records-1788-1824--1858-1898_p301-400.docx,68,raw/fs_0366.png,ce1de0533abe96e14b9c6bfec64699ba233841e98b7336336b7f9019dd54ff1c,dlstupka/hth-baptisms-san-antonio-1788-1824--1858-1898,9f03a2632820a26b9724dac7a7a62e87776b1b04,dlstupka/hth,4b0d7c9a16b00eb463a94355f4a2aaf9e69af020,1457,1312,1.0,False,0,-0.0,1.0,0,0,0,0,0,0,0,0,1457,1312,168.765,40.931,135.0,3911.509,6.3311,0.06622,0.002293,0.143,0.608,0.0,False,False,False,False,False,False,0.701,review,very_small_content_region,
367,Baptisms-San-Antonio-Baptism-Records-1788-1824--1858-1898_p301-400.docx,69,raw/fs_0367.png,5ec01fb0891757893afd90af90d6526158ffc069b022e7fd74f4c23c2f3f0c03,dlstupka/hth-baptisms-san-antonio-1788-1824--1858-1898,9f03a2632820a26b9724dac7a7a62e87776b1b04,dlstupka/hth,4b0d7c9a16b00eb463a94355f4a2aaf9e69af020,1458,1307,1.0,False,0,-0.25,0.0,0,0,0,0,0,0,0,0,1458,1307,164.254,43.269,148.0,4222.103,6.4793,0.079591,5e-06,0.09,0.666,0.0,False,False,False,False,False,False,0.706,review,very_small_content_region,
368,Baptisms-San-Antonio-Baptism-Records-1788-1824--1858-1898_p301-400.docx,70,raw/fs_0368.png,9cfad1f81768d3c1382d4a0980c07f092485d15cc9079ebce8f7cd82891bb996,dlstupka/hth-baptisms-san-antonio-1788-1824--1858-1898,9f03a2632820a26b9724dac7a7a62e87776b1b04,dlstupka/hth,4b0d7c9a16b00eb463a94355f4a2aaf9e69af020,1326,1194,1.0,False,0,-0.25,0.0,0,0,0,0,0,0,0,0,1326,1194,161.224,44.599,155.0,4776.05,6.4745,0.085251,7e-06,0.0,0.624,0.0,False,False,False,False,False,False,0.708,review,very_small_content_region,
369,Baptisms-San-Antonio-Baptism-Records-1788-1824--1858-1898_p301-400.docx,71,raw/fs_0369.png,f9ab7dc1cd0fdd07bc7069feb91e44752d3ada28e1f6332af92bbae6d56e3b83,dlstupka/hth-baptisms-san-antonio-1788-1824--1858-1898,9f03a2632820a26b9724dac7a7a62e87776b1b04,dlstupka/hth,4b0d7c9a16b00eb463a94355f4a2aaf9e69af020,1434,1281,1.0,False,0,-0.25,0.0,0,0,0,0,0,0,0,0,1434,1281,164.888,46.672,162.0,4294.01,6.5603,0.086559,6e-06,0.0,0.633,0.0,False,False,False,False,False,False,0.724,review,very_small_content_region,
370,Baptisms-San-Antonio-Baptism-Records-1788-1824--1858-1898_p301-400.docx,72,raw/fs_0370.png,a5234ffe33123dfe47c5cc0eaae00fcc79c899846ea3a8b292b07299300acedb,dlstupka/hth-baptisms-san-antonio-1788-1824--1858-1898,9f03a2632820a26b9724dac7a7a62e87776b1b04,dlstupka/hth,4b0d7c9a16b00eb463a94355f4a2aaf9e69af020,1467,1306,1.0,False,0,-0.0,1.0,0,0,0,0,0,0,0,0,1467,1306,169.23,45.681,161.0,4395.447,6.5063,0.079926,0.001551,0.087,0.623,0.0,False,False,False,False,False,False,0.725,review,very_small_content_region,
371,Baptisms-San-Antonio-Baptism-Records-1788-1824--1858-1898_p301-400.docx,73,raw/fs_0371.png,9d3183d3904ec64cd87db7ff55738352a9da220428f06ea70fc8155d3b7e81ab,dlstupka/hth-baptisms-san-antonio-1788-1824--1858-1898,9f03a2632820a26b9724dac7a7a62e87776b1b04,dlstupka/hth,4b0d7c9a16b00eb463a94355f4a2aaf9e69af020,1389,1238,1.0,False,0,0.25,0.025,0,0,0,0,0,0,0,0,1389,1238,164.239,50.939,179.0,4906.718,6.6005,0.101952,1.7e-05,0.0,0.648,0.0,False,False,False,False,False,False,0.744,review,very_small_content_region,
372,Baptisms-San-Antonio-Baptism-Records-1788-1824--1858-1898_p301-400.docx,74,raw/fs_0372.png,70a05326c7bb3311bb3ea8bae7569c34c6ff492990dd941bdbac9b79c3cd41d6,dlstupka/hth-baptisms-san-antonio-1788-1824--1858-1898,9f03a2632820a26b9724dac7a7a62e87776b1b04,dlstupka/hth,4b0d7c9a16b00eb463a94355f4a2aaf9e69af020,1407,1251,1.0,False,0,0.25,0.0,0,0,0,0,0,0,0,0,1407,1251,165.846,53.635,188.0,4360.429,6.4248,0.108353,1.2e-05,0.0,0.629,0.0,False,False,False,False,False,False,0.76,review,very_small_content_region,
373,Baptisms-San-Antonio-Baptism-Records-1788-1824--1858-1898_p301-400.docx,75,raw/fs_0373.png,d8a9d934e1f761e549a6eeaaa69da29bd555b0fe708c719069bd2f5a14427a42,dlstupka/hth-baptisms-san-antonio-1788-1824--1858-1898,9f03a2632820a26b9724dac7a7a62e87776b1b04,dlstupka/hth,4b0d7c9a16b00eb463a94355f4a2aaf9e69af020,1395,1250,1.0,False,0,-0.25,0.0,0,0,0,0,0,0,0,0,1395,1250,169.489,47.415,165.0,4234.769,6.3435,0.080374,8e-06,0.0,0.596,0.0,False,False,False,False,False,False,0.734,review,very_small_content_region,
374,Baptisms-San-Antonio-Baptism-Records-1788-1824--1858-1898_p301-400.docx,76,raw/fs_0374.png,a4effbfba32db615fc2a99bbfdfc5dcc117b626f6efd2f28443b8612e5c1710c,dlstupka/hth-baptisms-san-antonio-1788-1824--1858-1898,9f03a2632820a26b9724dac7a7a62e87776b1b04,dlstupka/hth,4b0d7c9a16b00eb463a94355f4a2aaf9e69af020,1392,1250,1.0,False,0,-0.25,0.0,0,0,0,0,0,0,0,0,1392,1250,167.389,48.325,168.0,4379.482,6.3695,0.084743,1.3e-05,0.0,0.597,0.0,False,False,False,False,False,False,0.736,review,very_small_content_region,
375,Baptisms-San-Antonio-Baptism-Records-1788-1824--1858-1898_p301-400.docx,77,raw/fs_0375.png,41f92ede39fa35deda23600c87fc6f8f2bced9e038f788a98b373898eff36401,dlstupka/hth-baptisms-san-antonio-1788-1824--1858-1898,9f03a2632820a26b9724dac7a7a62e87776b1b04,dlstupka/hth,4b0d7c9a16b00eb463a94355f4a2aaf9e69af020,1387,1247,1.0,False,0,-0.25,0.002,0,0,0,0,0,0,0,0,1387,1247,171.103,46.142,157.0,4611.992,6.3285,0.075159,3.5e-05,0.0,0.607,0.0,False,False,False,False,False,False,0.73,review,very_small_content_region,
376,Baptisms-San-Antonio-Baptism-Records-1788-1824--1858-1898_p301-400.docx,78,raw/fs_0376.png,b232d51c77422db9965115373aa291a2ff828f1892eeb840b926c41e7955c884,dlstupka/hth-baptisms-san-antonio-1788-1824--1858-1898,9f03a2632820a26b9724dac7a7a62e87776b1b04,dlstupka/hth,4b0d7c9a16b00eb463a94355f4a2aaf9e69af020,1388,1243,1.0,False,0,-0.25,0.007,0,0,0,0,0,0,0,0,1388,1243,171.547,46.109,155.0,4755.208,6.4059,0.074705,1.6e-05,0.0,0.624,0.0,False,False,False,False,False,False,0.731,review,very_small_content_region,
377,Baptisms-San-Antonio-Baptism-Records-1788-1824--1858-1898_p301-400.docx,79,raw/fs_0377.png,2caee2a6f261e17c04d112a63d9a353cb78318f7e274755f04a189c4cca32888,dlstupka/hth-baptisms-san-antonio-1788-1824--1858-1898,9f03a2632820a26b9724dac7a7a62e87776b1b04,dlstupka/hth,4b0d7c9a16b00eb463a94355f4a2aaf9e69af020,1375,1234,1.0,False,0,0.25,0.016,0,0,0,0,0,0,0,0,1375,1234,171.879,46.294,155.0,4697.53,6.3681,0.071165,3.1e-05,0.0,0.627,0.0,False,False,False,False,False,False,0.732,review,very_small_content_region,
378,Baptisms-San-Antonio-Baptism-Records-1788-1824--1858-1898_p301-400.docx,80,raw/fs_0378.png,aa8ee8e34240fdd8c1a9e5c9c98c36fdaec3e04a45b57798cf05f25c5b56a371,dlstupka/hth-baptisms-san-antonio-1788-1824--1858-1898,9f03a2632820a26b9724dac7a7a62e87776b1b04,dlstupka/hth,4b0d7c9a16b00eb463a94355f4a2aaf9e69af020,1406,1245,1.0,False,0,-0.25,0.001,0,0,0,0,0,0,0,0,1406,1245,178.086,37.93,98.0,1541.98,5.831,0.043449,6e-06,0.0,0.25,0.0,False,False,False,False,False,False,0.7,review,very_small_content_region,
379,Baptisms-San-Antonio-Baptism-Records-1788-1824--1858-1898_p301-400.docx,81,raw/fs_0379.png,9948217d020cf95aa5ec9f1f5915343c3e9bd58fc94a099e8e8c009b23847154,dlstupka/hth-baptisms-san-antonio-1788-1824--1858-1898,9f03a2632820a26b9724dac7a7a62e87776b1b04,dlstupka/hth,4b0d7c9a16b00eb463a94355f4a2aaf9e69af020,1398,1269,1.0,False,0,-0.25,0.0,0,0,0,0,0,0,0,0,1398,1269,148.098,43.339,105.0,699.898,6.0145,0.045364,0.0,0.048,0.21,0.0,False,False,False,False,False,False,0.683,review,very_small_content_region,
380,Baptisms-San-Antonio-Baptism-Records-1788-1824--1858-1898_p301-400.docx,82,raw/fs_0380.png,3ee7ec7c46348784707599bc9b5b1ab3266262c597c7a32b4af0c1404b5ab6bc,dlstupka/hth-baptisms-san-antonio-1788-1824--1858-1898,9f03a2632820a26b9724dac7a7a62e87776b1b04,dlstupka/hth,4b0d7c9a16b00eb463a94355f4a2aaf9e69af020,1402,1260,1.0,False,0,-0.25,0.0,0,0,0,0,0,0,0,0,1402,1260,88.777,89.582,191.0,368.138,3.8537,0.504554,0.0,0.0,0.137,0.0,False,False,False,True,False,False,0.679,review,possible_blur;very_small_content_region,
381,Baptisms-San-Antonio-Baptism-Records-1788-1824--1858-1898_p301-400.docx,83,raw/fs_0381.png,d6b1b76bbbce8b1ae2713e9598652431b7ebc5a2e6473a8fb4c5ad80e5f3a297,dlstupka/hth-baptisms-san-antonio-1788-1824--1858-1898,9f03a2632820a26b9724dac7a7a62e87776b1b04,dlstupka/hth,4b0d7c9a16b00eb463a94355f4a2aaf9e69af020,958,1211,1.0,False,0,-0.25,0.0,0,0,0,0,0,0,0,0,958,1211,156.831,66.254,191.0,1717.321,4.2338,0.160107,0.0,0.0,0.319,0.0,False,False,False,False,False,False,0.779,review,very_small_content_region,
382,Baptisms-San-Antonio-Baptism-Records-1788-1824--1858-1898_p301-400.docx,84,raw/fs_0382.png,791829851fee3d8c65f282017fdd4b56f848af8188271adf5c091e37aab109e9,dlstupka/hth-baptisms-san-antonio-1788-1824--1858-1898,9f03a2632820a26b9724dac7a7a62e87776b1b04,dlstupka/hth,4b0d7c9a16b00eb463a94355f4a2aaf9e69af020,1087,1210,1.0,False,0,-0.25,0.0,0,0,0,0,0,0,0,0,1087,1210,146.377,76.035,191.0,1777.02,3.9581,0.224142,0.0,0.0,0.386,0.0,False,False,False,False,False,False,0.763,review,very_small_content_region,
383,Baptisms-San-Antonio-Baptism-Records-1788-1824--1858-1898_p301-400.docx,85,raw/fs_0383.png,f79818ad5ddb3d03029a6dc0ab15969a75a6a07babc2eac88d3d14ea462ccabd,dlstupka/hth-baptisms-san-antonio-1788-1824--1858-1898,9f03a2632820a26b9724dac7a7a62e87776b1b04,dlstupka/hth,4b0d7c9a16b00eb463a94355f4a2aaf9e69af020,1510,1252,1.0,False,0,-0.25,0.0,0,0,0,0,0,0,0,0,1510,1252,160.392,45.469,190.0,668.747,5.868,0.071195,0.0,0.0,0.191,0.0,False,False,False,False,False,False,0.711,review,very_small_content_region,
384,Baptisms-San-Antonio-Baptism-Records-1788-1824--1858-1898_p301-400.docx,86,raw/fs_0384.png,ce86a68e68e58be3baa01dec0a0b6822e541c92605db7a7be03edc79e6c70fa4,dlstupka/hth-baptisms-san-antonio-1788-1824--1858-1898,9f03a2632820a26b9724dac7a7a62e87776b1b04,dlstupka/hth,4b0d7c9a16b00eb463a94355f4a2aaf9e69af020,1433,1220,1.0,False,0,-0.25,0.0,0,0,0,0,0,0,0,0,1433,1220,162.487,45.196,181.0,2113.672,6.0449,0.070189,0.0,0.0,0.401,0.0,False,False,False,False,False,False,0.713,review,very_small_content_region,
385,Baptisms-San-Antonio-Baptism-Records-1788-1824--1858-1898_p301-400.docx,87,raw/fs_0385.png,21425ec37f032aebc33bf17c88d098907490f00681c1ad994a9adeaff1540265,dlstupka/hth-baptisms-san-antonio-1788-1824--1858-1898,9f03a2632820a26b9724dac7a7a62e87776b1b04,dlstupka/hth,4b0d7c9a16b00eb463a94355f4a2aaf9e69af020,1496,1236,1.0,False,0,-0.25,0.0,0,0,0,0,0,0,0,0,1496,1236,164.215,46.266,165.0,3761.718,6.2048,0.072894,3e-06,0.0,0.609,0.0,False,False,False,False,False,False,0.721,review,very_small_content_region,
386,Baptisms-San-Antonio-Baptism-Records-1788-1824--1858-1898_p301-400.docx,88,raw/fs_0386.png,b21aeb8b9716526eb95f7d335a1e4d1d6a7d54e438b63641e420a5bd08d035dc,dlstupka/hth-baptisms-san-antonio-1788-1824--1858-1898,9f03a2632820a26b9724dac7a7a62e87776b1b04,dlstupka/hth,4b0d7c9a16b00eb463a94355f4a2aaf9e69af020,1491,1224,1.0,False,0,-0.25,0.0,0,0,0,0,0,0,0,0,1491,1224,162.873,45.563,155.0,4094.98,6.2793,0.07425,2e-06,0.0,0.61,0.0,False,False,False,False,False,False,0.715,review,very_small_content_region,
387,Baptisms-San-Antonio-Baptism-Records-1788-1824--1858-1898_p301-400.docx,89,raw/fs_0387.png,46e475d41a0b8433ff9b329eb46f1466ac2cc1603161e6038ae5047957af7d2c,dlstupka/hth-baptisms-san-antonio-1788-1824--1858-1898,9f03a2632820a26b9724dac7a7a62e87776b1b04,dlstupka/hth,4b0d7c9a16b00eb463a94355f4a2aaf9e69af020,1517,1258,1.0,False,0,-0.25,0.0,0,0,0,0,0,0,0,0,1517,1258,157.059,56.987,197.0,4260.979,6.2304,0.119355,9e-06,0.0,0.635,0.0,False,False,False,False,False,False,0.764,review,very_small_content_region,
389,Baptisms-San-Antonio-Baptism-Records-1788-1824--1858-1898_p301-400.docx,91,raw/fs_0389.png,bb95be4577e6fc9c40e9b788c9d91dbe6f8edc6761604b29ff36bdcb57bf995d,dlstupka/hth-baptisms-san-antonio-1788-1824--1858-1898,9f03a2632820a26b9724dac7a7a62e87776b1b04,dlstupka/hth,4b0d7c9a16b00eb463a94355f4a2aaf9e69af020,1509,1243,1.0,False,0,-0.25,0.0,0,0,0,0,0,0,0,0,1509,1243,158.298,53.528,195.0,4191.298,6.2124,0.10606,4e-06,0.0,0.643,0.0,False,False,False,False,False,False,0.748,review,very_small_content_region,
390,Baptisms-San-Antonio-Baptism-Records-1788-1824--1858-1898_p301-400.docx,92,raw/fs_0390.png,3550295989f49a020538d1b64a732118f223efccf1550e87096cbe21c65c8520,dlstupka/hth-baptisms-san-antonio-1788-1824--1858-1898,9f03a2632820a26b9724dac7a7a62e87776b1b04,dlstupka/hth,4b0d7c9a16b00eb463a94355f4a2aaf9e69af020,1501,1235,1.0,False,0,-0.25,0.0,0,0,0,0,0,0,0,0,1501,1235,158.464,51.721,192.0,3978.82,6.3057,0.100314,3e-06,0.0,0.631,0.0,False,False,False,False,False,False,0.74,review,very_small_content_region,
391,Baptisms-San-Antonio-Baptism-Records-1788-1824--1858-1898_p301-400.docx,93,raw/fs_0391.png,52414306e5d1fb659f1adc5b9a2bbf31904a173546a56091f98b408a84c61af0,dlstupka/hth-baptisms-san-antonio-1788-1824--1858-1898,9f03a2632820a26b9724dac7a7a62e87776b1b04,dlstupka/hth,4b0d7c9a16b00eb463a94355f4a2aaf9e69af020,1492,1233,1.0,False,0,-0.25,0.0,0,0,0,0,0,0,0,0,1492,1233,155.465,53.313,190.0,5236.974,6.5907,0.115214,9e-06,0.0,0.7,0.0,False,False,False,False,False,False,0.743,review,very_small_content_region,
392,Baptisms-San-Antonio-Baptism-Records-1788-1824--1858-1898_p301-400.docx,94,raw/fs_0392.png,ff414b893a15c650321cf47c0d78414d84173926c4134ba3b4ccca7d7e524c03,dlstupka/hth-baptisms-san-antonio-1788-1824--1858-1898,9f03a2632820a26b9724dac7a7a62e87776b1b04,dlstupka/hth,4b0d7c9a16b00eb463a94355f4a2aaf9e69af020,1537,1253,1.0,False,0,-0.25,0.0,0,0,0,0,0,0,0,0,1537,1253,150.177,59.05,195.0,5340.631,6.4817,0.146067,3e-06,0.0,0.706,0.0,False,False,False,False,False,False,0.764,review,very_small_content_region,
393,Baptisms-San-Antonio-Baptism-Records-1788-1824--1858-1898_p301-400.docx,95,raw/fs_0393.png,91b91fd8366bf86c9022cdb7d2b8c348ac2080ec7180e10ba7f5d50bb4e032c2,dlstupka/hth-baptisms-san-antonio-1788-1824--1858-1898,9f03a2632820a26b9724dac7a7a62e87776b1b04,dlstupka/hth,4b0d7c9a16b00eb463a94355f4a2aaf9e69af020,1527,1256,1.0,False,0,0.25,0.115,0,0,0,0,0,0,0,0,1527,1256,160.81,60.108,205.0,5019.796,6.4666,0.12867,3.5e-05,0.0,0.688,0.0,False,False,False,False,False,False,0.785,review,very_small_content_region,
394,Baptisms-San-Antonio-Baptism-Records-1788-1824--1858-1898_p301-400.docx,96,raw/fs_0394.png,c4cbdf51a8e30303d8bad37c47eea889f3495f5192e27a05f2681552223278cb,dlstupka/hth-baptisms-san-antonio-1788-1824--1858-1898,9f03a2632820a26b9724dac7a7a62e87776b1b04,dlstupka/hth,4b0d7c9a16b00eb463a94355f4a2aaf9e69af020,1520,1247,1.0,False,0,-0.25,0.0,0,0,0,0,0,0,0,0,1520,1247,156.923,55.338,196.0,4251.182,6.2734,0.116242,2e-06,0.0,0.645,0.0,False,False,False,False,False,False,0.756,review,very_small_content_region,
395,Baptisms-San-Antonio-Baptism-Records-1788-1824--1858-1898_p301-400.docx,97,raw/fs_0395.png,363e0e8c5c934abba7f3ed5d6a36b6dcfe7edf10b9a8082314ab3dd57df31719,dlstupka/hth-baptisms-san-antonio-1788-1824--1858-1898,9f03a2632820a26b9724dac7a7a62e87776b1b04,dlstupka/hth,4b0d7c9a16b00eb463a94355f4a2aaf9e69af020,1529,1260,1.0,False,0,-0.25,0.0,0,0,0,0,0,0,0,0,1529,1260,154.386,58.587,197.0,4727.357,6.3702,0.137058,5e-06,0.0,0.673,0.0,False,False,False,False,False,False,0.768,review,very_small_content_region,
396,Baptisms-San-Antonio-Baptism-Records-1788-1824--1858-1898_p301-400.docx,98,raw/fs_0396.png,c80c3d54ebc53b662e9282d4296005552ef2b49458a9aad36ea9c72900709961,dlstupka/hth-baptisms-san-antonio-1788-1824--1858-1898,9f03a2632820a26b9724dac7a7a62e87776b1b04,dlstupka/hth,4b0d7c9a16b00eb463a94355f4a2aaf9e69af020,1523,1251,1.0,False,0,-0.25,0.0,0,0,0,0,0,0,0,0,1523,1251,154.441,57.539,196.0,4885.326,6.3833,0.134521,1e-05,0.0,0.678,0.0,False,False,False,False,False,False,0.763,review,very_small_content_region,
397,Baptisms-San-Antonio-Baptism-Records-1788-1824--1858-1898_p301-400.docx,99,raw/fs_0397.png,69e871979858b364ad67fcdd7e710407195afd3bc42a034aeedf626c4bb3fc60,dlstupka/hth-baptisms-san-antonio-1788-1824--1858-1898,9f03a2632820a26b9724dac7a7a62e87776b1b04,dlstupka/hth,4b0d7c9a16b00eb463a94355f4a2aaf9e69af020,1509,1253,1.0,False,0,-0.25,0.0,0,0,0,0,0,0,0,0,1509,1253,156.994,56.307,197.0,4638.788,6.3373,0.123302,8e-06,0.0,0.661,0.0,False,False,False,False,False,False,0.76,review,very_small_content_region,
398,Baptisms-San-Antonio-Baptism-Records-1788-1824--1858-1898_p301-400.docx,100,raw/fs_0398.png,137ca7f1f820920044f20ec2f00b75c83c3f92bdfdea58aee60a0c70666de512,dlstupka/hth-baptisms-san-antonio-1788-1824--1858-1898,9f03a2632820a26b9724dac7a7a62e87776b1b04,dlstupka/hth,4b0d7c9a16b00eb463a94355f4a2aaf9e69af020,1550,1262,1.0,False,0,-0.25,0.0,0,0,0,0,0,0,0,0,1550,1262,150.527,61.161,195.0,4240.041,6.2028,0.149519,6e-06,0.0,0.648,0.0,False,False,False,False,False,False,0.769,review,very_small_content_region,
399,Baptisms-San-Antonio-Baptism-Records-1788-1824--1858-1898_p301-400.docx,101,raw/fs_0399.png,e2f38e6abf4930a0eb11f104a0aa864e2aa57554f620f6eb82fb5af3ab3308ad,dlstupka/hth-baptisms-san-antonio-1788-1824--1858-1898,9f03a2632820a26b9724dac7a7a62e87776b1b04,dlstupka/hth,4b0d7c9a16b00eb463a94355f4a2aaf9e69af020,1526,1286,1.0,False,0,-0.25,0.0,0,0,0,0,0,0,0,0,1526,1286,153.38,58.797,195.0,4235.815,6.2436,0.134959,4e-06,0.0,0.637,0.0,False,False,False,False,False,False,0.768,review,very_small_content_region,
402,Baptisms-San-Antonio-Baptism-Records-1788-1824--1858-1898_p401-500.docx,3,raw/fs_0402.png,3d38aadfeab5e5a058fe2bb6cee50b983a533f0b8df40279383b62eb6c74732f,dlstupka/hth-baptisms-san-antonio-1788-1824--1858-1898,9f03a2632820a26b9724dac7a7a62e87776b1b04,dlstupka/hth,4b0d7c9a16b00eb463a94355f4a2aaf9e69af020,1581,1274,1.0,False,0,0.25,0.0,0,0,0,0,0,0,0,0,1581,1274,147.75,65.775,198.0,4738.662,6.3373,0.177631,7e-06,0.282,0.669,0.0,False,False,False,False,False,False,0.765,review,very_small_content_region,
403,Baptisms-San-Antonio-Baptism-Records-1788-1824--1858-1898_p401-500.docx,4,raw/fs_0403.png,02519a07775e001606a8abd24fd4b82c64f010c31d69a6a456d258504d367398,dlstupka/hth-baptisms-san-antonio-1788-1824--1858-1898,9f03a2632820a26b9724dac7a7a62e87776b1b04,dlstupka/hth,4b0d7c9a16b00eb463a94355f4a2aaf9e69af020,1535,1261,1.0,False,0,-0.25,0.009,0,0,0,0,0,0,0,0,1535,1261,160.456,62.057,208.0,4952.206,6.6297,0.136721,3.6e-05,0.0,0.675,0.0,False,False,False,False,False,False,0.784,review,very_small_content_region,
406,Baptisms-San-Antonio-Baptism-Records-1788-1824--1858-1898_p401-500.docx,7,raw/fs_0406.png,51f8fb18e94a4edb0215285fcf90ac54ba9399f95a0540be59546bc790a598cf,dlstupka/hth-baptisms-san-antonio-1788-1824--1858-1898,9f03a2632820a26b9724dac7a7a62e87776b1b04,dlstupka/hth,4b0d7c9a16b00eb463a94355f4a2aaf9e69af020,1523,1239,1.0,False,0,0.25,0.0,0,0,0,0,0,0,0,0,1523,1239,156.871,55.463,198.0,4827.938,6.4369,0.122884,4e-06,0.0,0.684,0.0,False,False,False,False,False,False,0.756,review,very_small_content_region,
407,Baptisms-San-Antonio-Baptism-Records-1788-1824--1858-1898_p401-500.docx,8,raw/fs_0407.png,4f10c9d49a997812ca6f41d15f5b1c285c20e81d0421b6279df058b9a7d588f8,dlstupka/hth-baptisms-san-antonio-1788-1824--1858-1898,9f03a2632820a26b9724dac7a7a62e87776b1b04,dlstupka/hth,4b0d7c9a16b00eb463a94355f4a2aaf9e69af020,1517,1243,1.0,False,0,-0.25,0.0,0,0,0,0,0,0,0,0,1517,1243,157.912,55.086,197.0,4429.7,6.3325,0.117328,7e-06,0.0,0.653,0.0,False,False,False,False,False,False,0.756,review,very_small_content_region,
408,Baptisms-San-Antonio-Baptism-Records-1788-1824--1858-1898_p401-500.docx,9,raw/fs_0408.png,bd9317a1483005285ef1f71b786655b22d56927ae1255649d3ad3c3a774564c8,dlstupka/hth-baptisms-san-antonio-1788-1824--1858-1898,9f03a2632820a26b9724dac7a7a62e87776b1b04,dlstupka/hth,4b0d7c9a16b00eb463a94355f4a2aaf9e69af020,1540,1255,1.0,False,0,-0.25,0.0,0,0,0,0,0,0,0,0,1540,1255,154.518,59.83,198.0,4399.159,6.3039,0.137314,6e-06,0.0,0.661,0.0,False,False,False,False,False,False,0.774,review,very_small_content_region,
409,Baptisms-San-Antonio-Baptism-Records-1788-1824--1858-1898_p401-500.docx,10,raw/fs_0409.png,40cc09b97c93aa9d9afd8ce34ab71b2b3ecf101e784837812f679a8c530d4b56,dlstupka/hth-baptisms-san-antonio-1788-1824--1858-1898,9f03a2632820a26b9724dac7a7a62e87776b1b04,dlstupka/hth,4b0d7c9a16b00eb463a94355f4a2aaf9e69af020,1525,1250,1.0,False,0,-0.25,0.0,0,0,0,0,0,0,0,0,1525,1250,154.409,56.757,196.0,4817.81,6.3826,0.131591,7e-06,0.0,0.697,0.0,False,False,False,False,False,False,0.759,review,very_small_content_region,
410,Baptisms-San-Antonio-Baptism-Records-1788-1824--1858-1898_p401-500.docx,11,raw/fs_0410.png,cbc5b0a49b7c23b5fe9aff471f2c8ae577eb6c6e2e230a00b93162709fb6d7ef,dlstupka/hth-baptisms-san-antonio-1788-1824--1858-1898,9f03a2632820a26b9724dac7a7a62e87776b1b04,dlstupka/hth,4b0d7c9a16b00eb463a94355f4a2aaf9e69af020,1551,1270,1.0,False,0,-0.25,0.0,0,0,0,0,0,0,0,0,1551,1270,150.766,60.725,197.0,4904.169,6.4397,0.151647,9e-06,0.0,0.692,0.0,False,False,False,False,False,False,0.77,review,very_small_content_region,
413,Baptisms-San-Antonio-Baptism-Records-1788-1824--1858-1898_p401-500.docx,14,raw/fs_0413.png,03429b0201bb332f2eaaeb83e8d61f9ab8aee3f59b8b63b53e4ef71d496ff2f2,dlstupka/hth-baptisms-san-antonio-1788-1824--1858-1898,9f03a2632820a26b9724dac7a7a62e87776b1b04,dlstupka/hth,4b0d7c9a16b00eb463a94355f4a2aaf9e69af020,1574,1288,1.0,False,0,0.25,0.036,0,0,0,0,0,0,0,0,1574,1288,158.962,63.664,206.0,4207.724,6.3485,0.143602,1.8e-05,0.0,0.654,0.0,False,False,False,False,False,False,0.782,review,very_small_content_region,
414,Baptisms-San-Antonio-Baptism-Records-1788-1824--1858-1898_p401-500.docx,15,raw/fs_0414.png,2680dc583704e50fbeba226fafb07a8d5a2558318911105e6b3e6d2d34204652,dlstupka/hth-baptisms-san-antonio-1788-1824--1858-1898,9f03a2632820a26b9724dac7a7a62e87776b1b04,dlstupka/hth,4b0d7c9a16b00eb463a94355f4a2aaf9e69af020,1581,1299,1.0,False,0,0.25,0.099,0,0,0,0,0,0,0,0,1581,1299,154.804,65.65,204.0,3888.968,6.278,0.153877,9e-06,0.104,0.638,0.0,False,False,False,False,False,False,0.776,review,very_small_content_region,
415,Baptisms-San-Antonio-Baptism-Records-1788-1824--1858-1898_p401-500.docx,16,raw/fs_0415.png,4e63d91d99ca28f7f237f0ba6822a7d82821f4c34d53d2d856b2be5af0894e68,dlstupka/hth-baptisms-san-antonio-1788-1824--1858-1898,9f03a2632820a26b9724dac7a7a62e87776b1b04,dlstupka/hth,4b0d7c9a16b00eb463a94355f4a2aaf9e69af020,1558,1276,1.0,False,0,-0.25,0.094,0,0,0,0,0,0,0,0,1558,1276,157.808,63.071,205.0,4286.1,6.4045,0.140414,1.9e-05,0.0,0.663,0.0,False,False,False,False,False,False,0.78,review,very_small_content_region,
416,Baptisms-San-Antonio-Baptism-Records-1788-1824--1858-1898_p401-500.docx,17,raw/fs_0416.png,5009968a339fd5a4470f2cdbcc27e795d02d23672eea9ae46b9a88d971817897,dlstupka/hth-baptisms-san-antonio-1788-1824--1858-1898,9f03a2632820a26b9724dac7a7a62e87776b1b04,dlstupka/hth,4b0d7c9a16b00eb463a94355f4a2aaf9e69af020,1602,1286,1.0,False,0,0.25,0.088,0,0,0,0,0,0,0,0,1602,1286,151.142,68.219,205.0,4755.124,6.3705,0.176758,1.9e-05,0.296,0.674,0.0,False,False,False,False,False,False,0.77,review,very_small_content_region,
417,Baptisms-San-Antonio-Baptism-Records-1788-1824--1858-1898_p401-500.docx,18,raw/fs_0417.png,64819c68846046c0115a88a770485f344c86d7bb86cab53aa925598c8ad7e9f2,dlstupka/hth-baptisms-san-antonio-1788-1824--1858-1898,9f03a2632820a26b9724dac7a7a62e87776b1b04,dlstupka/hth,4b0d7c9a16b00eb463a94355f4a2aaf9e69af020,1571,1263,1.0,False,0,0.25,0.001,0,0,0,0,0,0,0,0,1571,1263,153.464,65.404,203.0,5076.604,6.4046,0.166938,2.9e-05,0.0,0.686,0.0,False,False,False,False,False,False,0.774,review,very_small_content_region,
418,Baptisms-San-Antonio-Baptism-Records-1788-1824--1858-1898_p401-500.docx,19,raw/fs_0418.png,eee9aafa0cc194ad9b36611012fc5f24b42cfadaca7844ec061772c3f7f673e7,dlstupka/hth-baptisms-san-antonio-1788-1824--1858-1898,9f03a2632820a26b9724dac7a7a62e87776b1b04,dlstupka/hth,4b0d7c9a16b00eb463a94355f4a2aaf9e69af020,1597,1277,1.0,False,0,0.25,0.076,0,0,0,0,0,0,0,0,1597,1277,155.57,65.859,206.0,4650.118,6.4175,0.15912,3.5e-05,0.078,0.664,0.0,False,False,False,False,False,False,0.777,review,very_small_content_region,
419,Baptisms-San-Antonio-Baptism-Records-1788-1824--1858-1898_p401-500.docx,20,raw/fs_0419.png,4f6fc336e6261cdc53e0ac89b108dc0265315215ab669da1af64a9d51fcc58f0,dlstupka/hth-baptisms-san-antonio-1788-1824--1858-1898,9f03a2632820a26b9724dac7a7a62e87776b1b04,dlstupka/hth,4b0d7c9a16b00eb463a94355f4a2aaf9e69af020,2560,1440,0.703125,False,0,-0.0,1.0,0,0,0,0,0,0,0,0,2560,1440,169.69,74.548,254.0,4393.819,5.4774,0.159326,0.055195,0.225,0.502,0.0,False,False,False,False,False,False,0.798,review,very_small_content_region,
420,Baptisms-San-Antonio-Baptism-Records-1788-1824--1858-1898_p401-500.docx,21,raw/fs_0420.png,49b23a2c18be005b44d164029943949ee11f23570837e8e019ed11c5c0bbc525,dlstupka/hth-baptisms-san-antonio-1788-1824--1858-1898,9f03a2632820a26b9724dac7a7a62e87776b1b04,dlstupka/hth,4b0d7c9a16b00eb463a94355f4a2aaf9e69af020,2560,1440,0.703125,False,0,-0.0,1.0,0,0,0,0,0,0,0,0,2560,1440,170.249,74.537,254.0,3776.58,5.4864,0.155226,0.055204,0.225,0.499,0.0,False,False,False,False,False,False,0.798,review,very_small_content_region,
421,Baptisms-San-Antonio-Baptism-Records-1788-1824--1858-1898_p401-500.docx,22,raw/fs_0421.png,e1214d1d5b9f498bd7b7e717c81569dfcd4b5d9decd3debb27d705cb41fd54f3,dlstupka/hth-baptisms-san-antonio-1788-1824--1858-1898,9f03a2632820a26b9724dac7a7a62e87776b1b04,dlstupka/hth,4b0d7c9a16b00eb463a94355f4a2aaf9e69af020,2560,1440,0.703125,False,0,-0.0,1.0,0,0,0,0,0,0,0,0,2560,1440,165.958,73.622,254.0,3506.63,5.312,0.154397,0.055216,0.226,0.484,0.0,False,False,False,False,False,False,0.792,review,very_small_content_region,
422,Baptisms-San-Antonio-Baptism-Records-1788-1824--1858-1898_p401-500.docx,23,raw/fs_0422.png,949ec3d8bc965509c30a73215941dc0ddb2e80dc66a3701c098aa55eed147405,dlstupka/hth-baptisms-san-antonio-1788-1824--1858-1898,9f03a2632820a26b9724dac7a7a62e87776b1b04,dlstupka/hth,4b0d7c9a16b00eb463a94355f4a2aaf9e69af020,2560,1440,0.703125,False,0,-0.0,1.0,0,0,0,0,0,0,0,0,2560,1440,171.799,68.072,254.0,3418.619,5.2883,0.124635,0.055104,0.225,0.462,0.0,False,False,False,False,False,False,0.801,review,very_small_content_region,
423,Baptisms-San-Antonio-Baptism-Records-1788-1824--1858-1898_p401-500.docx,24,raw/fs_0423.png,4ec0c6fc0416c226198c88b33d10c7800dd839e15f9e11cd979f2ed348d3a73e,dlstupka/hth-baptisms-san-antonio-1788-1824--1858-1898,9f03a2632820a26b9724dac7a7a62e87776b1b04,dlstupka/hth,4b0d7c9a16b00eb463a94355f4a2aaf9e69af020,2560,1440,0.703125,False,0,-0.0,1.0,0,0,0,0,0,0,0,0,2560,1440,166.236,72.884,254.0,3336.506,5.3223,0.150815,0.055094,0.225,0.476,0.0,False,False,False,False,False,False,0.792,review,very_small_content_region,
424,Baptisms-San-Antonio-Baptism-Records-1788-1824--1858-1898_p401-500.docx,25,raw/fs_0424.png,5bb8ce5e3016b9f0f6b3e5edca049faac49cdd7e07b6c72a54d94ecbc8d02000,dlstupka/hth-baptisms-san-antonio-1788-1824--1858-1898,9f03a2632820a26b9724dac7a7a62e87776b1b04,dlstupka/hth,4b0d7c9a16b00eb463a94355f4a2aaf9e69af020,2560,1440,0.703125,False,0,-0.0,1.0,0,0,0,0,0,0,0,0,2560,1440,162.912,75.351,254.0,3485.024,5.481,0.167908,0.055065,0.225,0.494,0.0,False,False,False,False,False,False,0.788,review,very_small_content_region,
425,Baptisms-San-Antonio-Baptism-Records-1788-1824--1858-1898_p401-500.docx,26,raw/fs_0425.png,cd60b1e6f7d0349f565e55e22656bcd0b4ba42539a25b8a8ce2b680e4408364a,dlstupka/hth-baptisms-san-antonio-1788-1824--1858-1898,9f03a2632820a26b9724dac7a7a62e87776b1b04,dlstupka/hth,4b0d7c9a16b00eb463a94355f4a2aaf9e69af020,2560,1440,0.703125,False,0,-0.0,1.0,0,0,0,0,0,0,0,0,2560,1440,160.861,77.186,254.0,3539.356,5.4333,0.179081,0.055097,0.225,0.489,0.0,False,False,False,False,False,False,0.785,review,very_small_content_region,
426,Baptisms-San-Antonio-Baptism-Records-1788-1824--1858-1898_p401-500.docx,27,raw/fs_0426.png,533ba4f27b8ab07269506fb220894162f12d7e13f80cac2a6604f1c933583484,dlstupka/hth-baptisms-san-antonio-1788-1824--1858-1898,9f03a2632820a26b9724dac7a7a62e87776b1b04,dlstupka/hth,4b0d7c9a16b00eb463a94355f4a2aaf9e69af020,2560,1440,0.703125,False,0,-0.0,1.0,0,0,0,0,0,0,0,0,2560,1440,160.737,77.575,254.0,3699.474,5.464,0.181699,0.055069,0.227,0.495,0.0,False,False,False,False,False,False,0.784,review,very_small_content_region,
427,Baptisms-San-Antonio-Baptism-Records-1788-1824--1858-1898_p401-500.docx,28,raw/fs_0427.png,3b46bd206ed1d459b444c65dcfe16ac195af80f961bd4905f4992df772ceb023,dlstupka/hth-baptisms-san-antonio-1788-1824--1858-1898,9f03a2632820a26b9724dac7a7a62e87776b1b04,dlstupka/hth,4b0d7c9a16b00eb463a94355f4a2aaf9e69af020,2560,1440,0.703125,False,0,-0.0,1.0,0,0,0,0,0,0,0,0,2560,1440,160.873,76.146,254.0,3878.025,5.4898,0.175848,0.055074,0.225,0.513,0.0,False,False,False,False,False,False,0.785,review,very_small_content_region,
428,Baptisms-San-Antonio-Baptism-Records-1788-1824--1858-1898_p401-500.docx,29,raw/fs_0428.png,58f81edc49d62cbd8bd75d43a60caba7a06c39ff70724b78c23ce4f67985373f,dlstupka/hth-baptisms-san-antonio-1788-1824--1858-1898,9f03a2632820a26b9724dac7a7a62e87776b1b04,dlstupka/hth,4b0d7c9a16b00eb463a94355f4a2aaf9e69af020,2560,1440,0.703125,False,0,-0.0,1.0,0,0,0,0,0,0,0,0,2560,1440,159.434,77.565,254.0,3810.505,5.4366,0.184949,0.055081,0.224,0.503,0.0,False,False,False,False,False,False,0.783,review,very_small_content_region,
429,Baptisms-San-Antonio-Baptism-Records-1788-1824--1858-1898_p401-500.docx,30,raw/fs_0429.png,ee4dd88016cb90a785fa55dc1bc3c995bacd43c1b799bda71837c91a64ca0899,dlstupka/hth-baptisms-san-antonio-1788-1824--1858-1898,9f03a2632820a26b9724dac7a7a62e87776b1b04,dlstupka/hth,4b0d7c9a16b00eb463a94355f4a2aaf9e69af020,2560,1440,0.703125,False,0,-0.0,1.0,0,0,0,0,0,0,0,0,2560,1440,162.932,75.663,254.0,3968.093,5.3877,0.171455,0.055118,0.225,0.486,0.0,False,False,False,False,False,False,0.788,review,very_small_content_region,
430,Baptisms-San-Antonio-Baptism-Records-1788-1824--1858-1898_p401-500.docx,31,raw/fs_0430.png,e6915772e5c002775f5068a3228f222c0ace04a7c0f1fd363a80310e6fa16959,dlstupka/hth-baptisms-san-antonio-1788-1824--1858-1898,9f03a2632820a26b9724dac7a7a62e87776b1b04,dlstupka/hth,4b0d7c9a16b00eb463a94355f4a2aaf9e69af020,2560,1440,0.703125,False,0,-0.0,1.0,0,0,0,0,0,0,0,0,2560,1440,160.408,77.679,254.0,3702.679,5.4227,0.183601,0.055125,0.225,0.503,0.0,False,False,False,False,False,False,0.784,review,very_small_content_region,
431,Baptisms-San-Antonio-Baptism-Records-1788-1824--1858-1898_p401-500.docx,32,raw/fs_0431.png,7ae47f1d74f76854412df07682a97ddc4eeff765e98d19dcee915de8549e964a,dlstupka/hth-baptisms-san-antonio-1788-1824--1858-1898,9f03a2632820a26b9724dac7a7a62e87776b1b04,dlstupka/hth,4b0d7c9a16b00eb463a94355f4a2aaf9e69af020,2560,1440,0.703125,False,0,-0.0,1.0,0,0,0,0,0,0,0,0,2560,1440,161.257,77.599,254.0,3418.292,5.3754,0.180899,0.055123,0.224,0.487,0.0,False,False,False,False,False,False,0.785,review,very_small_content_region,
432,Baptisms-San-Antonio-Baptism-Records-1788-1824--1858-1898_p401-500.docx,33,raw/fs_0432.png,2535a2d8a1754af84dc6e32b89d1e91753c884131c97fb12ff669692d619906b,dlstupka/hth-baptisms-san-antonio-1788-1824--1858-1898,9f03a2632820a26b9724dac7a7a62e87776b1b04,dlstupka/hth,4b0d7c9a16b00eb463a94355f4a2aaf9e69af020,2560,1440,0.703125,False,0,-0.0,1.0,0,0,0,0,0,0,0,0,2560,1440,162.543,76.161,254.0,3634.088,5.4077,0.172628,0.055138,0.227,0.492,0.0,False,False,False,False,False,False,0.787,review,very_small_content_region,
433,Baptisms-San-Antonio-Baptism-Records-1788-1824--1858-1898_p401-500.docx,34,raw/fs_0433.png,4ddac40e49ab3752b920f36004ba00cc47bd40778a1116b951ddec6e6deb6fc9,dlstupka/hth-baptisms-san-antonio-1788-1824--1858-1898,9f03a2632820a26b9724dac7a7a62e87776b1b04,dlstupka/hth,4b0d7c9a16b00eb463a94355f4a2aaf9e69af020,2560,1440,0.703125,False,0,-0.0,1.0,0,0,0,0,0,0,0,0,2560,1440,161.685,76.709,254.0,3845.961,5.4307,0.176726,0.055155,0.224,0.506,0.0,False,False,False,False,False,False,0.786,review,very_small_content_region,
434,Baptisms-San-Antonio-Baptism-Records-1788-1824--1858-1898_p401-500.docx,35,raw/fs_0434.png,91eaa3e0e6220a4791c66bbd2f369096e6fc113d84f3a451c1229f8e4009282f,dlstupka/hth-baptisms-san-antonio-1788-1824--1858-1898,9f03a2632820a26b9724dac7a7a62e87776b1b04,dlstupka/hth,4b0d7c9a16b00eb463a94355f4a2aaf9e69af020,2560,1440,0.703125,False,0,-0.0,1.0,0,0,0,0,0,0,0,0,2560,1440,168.777,72.061,254.0,3529.271,5.3484,0.146621,0.055155,0.224,0.464,0.0,False,False,False,False,False,False,0.796,review,very_small_content_region,
435,Baptisms-San-Antonio-Baptism-Records-1788-1824--1858-1898_p401-500.docx,36,raw/fs_0435.png,a2ff3a9abd67f283a6176251e14a62aa24a6c67dc11e3aad94937851a9f67bbe,dlstupka/hth-baptisms-san-antonio-1788-1824--1858-1898,9f03a2632820a26b9724dac7a7a62e87776b1b04,dlstupka/hth,4b0d7c9a16b00eb463a94355f4a2aaf9e69af020,2560,1440,0.703125,False,0,-0.0,1.0,0,0,0,0,0,0,0,0,2560,1440,161.434,77.241,254.0,3927.924,5.4645,0.181582,0.055165,0.226,0.508,0.0,False,False,False,False,False,False,0.785,review,very_small_content_region,
436,Baptisms-San-Antonio-Baptism-Records-1788-1824--1858-1898_p401-500.docx,37,raw/fs_0436.png,447e3b534217c481da2c041e4c86748fa5389039bd996f6c55ad44218b6913ac,dlstupka/hth-baptisms-san-antonio-1788-1824--1858-1898,9f03a2632820a26b9724dac7a7a62e87776b1b04,dlstupka/hth,4b0d7c9a16b00eb463a94355f4a2aaf9e69af020,2560,1440,0.703125,False,0,-0.0,1.0,0,0,0,0,0,0,0,0,2560,1440,161.13,77.916,254.0,4111.811,5.4403,0.185912,0.055162,0.223,0.499,0.0,False,False,False,False,False,False,0.785,review,very_small_content_region,
437,Baptisms-San-Antonio-Baptism-Records-1788-1824--1858-1898_p401-500.docx,38,raw/fs_0437.png,3342cf411636ecead889bea2b384667522fe03db9b9595577c66e9bfe54ff431,dlstupka/hth-baptisms-san-antonio-1788-1824--1858-1898,9f03a2632820a26b9724dac7a7a62e87776b1b04,dlstupka/hth,4b0d7c9a16b00eb463a94355f4a2aaf9e69af020,2560,1440,0.703125,False,0,-0.0,1.0,0,0,0,0,0,0,0,0,2560,1440,161.824,76.756,254.0,3784.101,5.397,0.1771,0.055165,0.223,0.494,0.0,False,False,False,False,False,False,0.786,review,very_small_content_region,
438,Baptisms-San-Antonio-Baptism-Records-1788-1824--1858-1898_p401-500.docx,39,raw/fs_0438.png,cedd3e2bd4b3b0fe339821e146f5703605fc1183c270e16b052377d9053de9c2,dlstupka/hth-baptisms-san-antonio-1788-1824--1858-1898,9f03a2632820a26b9724dac7a7a62e87776b1b04,dlstupka/hth,4b0d7c9a16b00eb463a94355f4a2aaf9e69af020,2560,1440,0.703125,False,0,-0.0,1.0,0,0,0,0,0,0,0,0,2560,1440,162.152,76.872,254.0,3439.524,5.3342,0.17584,0.055182,0.223,0.479,0.0,False,False,False,False,False,False,0.786,review,very_small_content_region,
439,Baptisms-San-Antonio-Baptism-Records-1788-1824--1858-1898_p401-500.docx,40,raw/fs_0439.png,b015d0aab00bc75e42b3163ee3e2ae8d06b2098166832da12c928d1b3fceba81,dlstupka/hth-baptisms-san-antonio-1788-1824--1858-1898,9f03a2632820a26b9724dac7a7a62e87776b1b04,dlstupka/hth,4b0d7c9a16b00eb463a94355f4a2aaf9e69af020,2560,1440,0.703125,False,0,-0.0,1.0,0,0,0,0,0,0,0,0,2560,1440,163.075,76.31,254.0,3233.871,5.2837,0.171952,0.055186,0.222,0.464,0.0,False,False,False,False,False,False,0.788,review,very_small_content_region,
440,Baptisms-San-Antonio-Baptism-Records-1788-1824--1858-1898_p401-500.docx,41,raw/fs_0440.png,f5417a0fc211264547e855d6eed762ed5a417a8ffb00388514e23454ac9999b3,dlstupka/hth-baptisms-san-antonio-1788-1824--1858-1898,9f03a2632820a26b9724dac7a7a62e87776b1b04,dlstupka/hth,4b0d7c9a16b00eb463a94355f4a2aaf9e69af020,2560,1440,0.703125,False,0,-0.0,1.0,0,0,0,0,0,0,0,0,2560,1440,168.664,72.28,254.0,3216.928,5.259,0.147871,0.055186,0.222,0.439,0.0,False,False,False,False,False,False,0.796,review,very_small_content_region,
441,Baptisms-San-Antonio-Baptism-Records-1788-1824--1858-1898_p401-500.docx,42,raw/fs_0441.png,504f91c8335b2f836440f253e5c09aaa00ace2b2285d45f4bcea52ad11736c63,dlstupka/hth-baptisms-san-antonio-1788-1824--1858-1898,9f03a2632820a26b9724dac7a7a62e87776b1b04,dlstupka/hth,4b0d7c9a16b00eb463a94355f4a2aaf9e69af020,2560,1440,0.703125,False,0,-0.0,1.0,0,0,0,0,0,0,0,0,2560,1440,164.748,75.347,254.0,2833.395,5.3246,0.16388,0.055187,0.224,0.421,0.0,False,False,False,False,False,False,0.79,review,very_small_content_region,
442,Baptisms-San-Antonio-Baptism-Records-1788-1824--1858-1898_p401-500.docx,43,raw/fs_0442.png,e073473c7aabe94201c6402d74a6708d531048577b6edbce9f473b158270b49f,dlstupka/hth-baptisms-san-antonio-1788-1824--1858-1898,9f03a2632820a26b9724dac7a7a62e87776b1b04,dlstupka/hth,4b0d7c9a16b00eb463a94355f4a2aaf9e69af020,2560,1440,0.703125,False,0,-0.0,1.0,0,0,0,0,0,0,0,0,2560,1440,159.929,78.223,254.0,3903.271,5.423,0.187973,0.055185,0.222,0.498,0.0,False,False,False,False,False,False,0.783,review,very_small_content_region,
443,Baptisms-San-Antonio-Baptism-Records-1788-1824--1858-1898_p401-500.docx,44,raw/fs_0443.png,abb9978f1ab23a83052ae7c1c4905c192ef1d4571f0b4997c008c00c101223be,dlstupka/hth-baptisms-san-antonio-1788-1824--1858-1898,9f03a2632820a26b9724dac7a7a62e87776b1b04,dlstupka/hth,4b0d7c9a16b00eb463a94355f4a2aaf9e69af020,2560,1440,0.703125,False,0,-0.0,1.0,0,0,0,0,0,0,0,0,2560,1440,166.403,73.811,254.0,3758.674,5.3964,0.158791,0.055201,0.222,0.47,0.0,False,False,False,False,False,False,0.793,review,very_small_content_region,
444,Baptisms-San-Antonio-Baptism-Records-1788-1824--1858-1898_p401-500.docx,45,raw/fs_0444.png,4ba3e7198504bae03db044e3e5b0958ea663bf3c552f114ea81e8421933346e4,dlstupka/hth-baptisms-san-antonio-1788-1824--1858-1898,9f03a2632820a26b9724dac7a7a62e87776b1b04,dlstupka/hth,4b0d7c9a16b00eb463a94355f4a2aaf9e69af020,2560,1440,0.703125,False,0,-0.0,1.0,0,0,0,0,0,0,0,0,2560,1440,159.548,79.481,254.0,3833.256,5.4412,0.194341,0.055146,0.221,0.485,0.0,False,False,False,False,False,False,0.783,review,very_small_content_region,
445,Baptisms-San-Antonio-Baptism-Records-1788-1824--1858-1898_p401-500.docx,46,raw/fs_0445.png,e55c2b1ca42794379fcce1b76c963b7168a1ca1c14ac168755b2fd07ffc6c7eb,dlstupka/hth-baptisms-san-antonio-1788-1824--1858-1898,9f03a2632820a26b9724dac7a7a62e87776b1b04,dlstupka/hth,4b0d7c9a16b00eb463a94355f4a2aaf9e69af020,2560,1440,0.703125,False,0,-0.0,1.0,0,0,0,0,0,0,0,0,2560,1440,163.985,80.373,254.0,4003.519,5.4834,0.191664,0.055141,0.221,0.487,0.0,False,False,False,False,False,False,0.789,review,very_small_content_region,
446,Baptisms-San-Antonio-Baptism-Records-1788-1824--1858-1898_p401-500.docx,47,raw/fs_0446.png,bfdee323e21c2aa405e929e61f3b368b7f1998e4f13d59b8b8084c51477f13c9,dlstupka/hth-baptisms-san-antonio-1788-1824--1858-1898,9f03a2632820a26b9724dac7a7a62e87776b1b04,dlstupka/hth,4b0d7c9a16b00eb463a94355f4a2aaf9e69af020,2560,1440,0.703125,False,0,-0.0,1.0,0,0,0,0,0,0,0,0,2560,1440,165.946,79.319,254.0,4175.405,5.4829,0.185127,0.055197,0.222,0.495,0.0,False,False,False,False,False,False,0.792,review,very_small_content_region,
447,Baptisms-San-Antonio-Baptism-Records-1788-1824--1858-1898_p401-500.docx,48,raw/fs_0447.png,dcd0d75183ae9789a932764c87089bef1e990d1a44c41540306b145a69a3787d,dlstupka/hth-baptisms-san-antonio-1788-1824--1858-1898,9f03a2632820a26b9724dac7a7a62e87776b1b04,dlstupka/hth,4b0d7c9a16b00eb463a94355f4a2aaf9e69af020,2560,1440,0.703125,False,0,-0.0,1.0,0,0,0,0,0,0,0,0,2560,1440,161.051,77.915,254.0,4015.712,5.3992,0.185249,0.055181,0.222,0.494,0.0,False,False,False,False,False,False,0.785,review,very_small_content_region,
448,Baptisms-San-Antonio-Baptism-Records-1788-1824--1858-1898_p401-500.docx,49,raw/fs_0448.png,4bd075f49cbf4a783c219b8bffa67da6608f764303759b760221d90a518b934f,dlstupka/hth-baptisms-san-antonio-1788-1824--1858-1898,9f03a2632820a26b9724dac7a7a62e87776b1b04,dlstupka/hth,4b0d7c9a16b00eb463a94355f4a2aaf9e69af020,2560,1440,0.703125,False,0,-0.0,1.0,0,0,0,0,0,0,0,0,2560,1440,158.791,79.313,254.0,3849.782,5.3726,0.195273,0.055171,0.221,0.49,0.0,False,False,False,False,False,False,0.782,review,very_small_content_region,
449,Baptisms-San-Antonio-Baptism-Records-1788-1824--1858-1898_p401-500.docx,50,raw/fs_0449.png,459d2d0c9312907b02d4516112373bdbb7ccd3dfc70fe6e46c47ddc014b9cd17,dlstupka/hth-baptisms-san-antonio-1788-1824--1858-1898,9f03a2632820a26b9724dac7a7a62e87776b1b04,dlstupka/hth,4b0d7c9a16b00eb463a94355f4a2aaf9e69af020,2560,1440,0.703125,False,0,-0.0,1.0,0,0,0,0,0,0,0,0,2560,1440,171.015,75.427,254.0,4061.024,5.3892,0.161516,0.055165,0.221,0.467,0.0,False,False,False,False,False,False,0.799,review,very_small_content_region,
450,Baptisms-San-Antonio-Baptism-Records-1788-1824--1858-1898_p401-500.docx,51,raw/fs_0450.png,025ce5f06b1eab66e4955c7318fff7d076c1b1eb55d287f9e873d9291db8efbf,dlstupka/hth-baptisms-san-antonio-1788-1824--1858-1898,9f03a2632820a26b9724dac7a7a62e87776b1b04,dlstupka/hth,4b0d7c9a16b00eb463a94355f4a2aaf9e69af020,2560,1440,0.703125,False,0,-0.0,1.0,0,0,0,0,0,0,0,0,2560,1440,162.088,77.12,254.0,3327.037,5.35,0.180009,0.055168,0.221,0.493,0.0,False,False,False,False,False,False,0.786,review,very_small_content_region,
451,Baptisms-San-Antonio-Baptism-Records-1788-1824--1858-1898_p401-500.docx,52,raw/fs_0451.png,dce5e35fdfccdbc9d2796571405fbfdc888ab718e72bce7d705375853909e441,dlstupka/hth-baptisms-san-antonio-1788-1824--1858-1898,9f03a2632820a26b9724dac7a7a62e87776b1b04,dlstupka/hth,4b0d7c9a16b00eb463a94355f4a2aaf9e69af020,2560,1440,0.703125,False,0,-0.0,1.0,0,0,0,0,0,0,0,0,2560,1440,165.291,79.217,254.0,3611.471,5.4235,0.184592,0.055171,0.223,0.492,0.0,False,False,False,False,False,False,0.791,review,very_small_content_region,
452,Baptisms-San-Antonio-Baptism-Records-1788-1824--1858-1898_p401-500.docx,53,raw/fs_0452.png,72eb0665451ebb3219fcc5de67aa92a693d506560fd24e60489450b87da95607,dlstupka/hth-baptisms-san-antonio-1788-1824--1858-1898,9f03a2632820a26b9724dac7a7a62e87776b1b04,dlstupka/hth,4b0d7c9a16b00eb463a94355f4a2aaf9e69af020,2560,1440,0.703125,False,0,-0.0,1.0,0,0,0,0,0,0,0,0,2560,1440,159.812,78.559,254.0,3557.538,5.3705,0.190204,0.055162,0.221,0.495,0.0,False,False,False,False,False,False,0.783,review,very_small_content_region,
453,Baptisms-San-Antonio-Baptism-Records-1788-1824--1858-1898_p401-500.docx,54,raw/fs_0453.png,df5d3f8226c1b3569697af161eec25efd2ded5f151ca002bb49b42d207b7d916,dlstupka/hth-baptisms-san-antonio-1788-1824--1858-1898,9f03a2632820a26b9724dac7a7a62e87776b1b04,dlstupka/hth,4b0d7c9a16b00eb463a94355f4a2aaf9e69af020,2560,1440,0.703125,False,0,-0.0,1.0,0,0,0,0,0,0,0,0,2560,1440,160.543,78.497,254.0,3447.466,5.33,0.187701,0.055177,0.224,0.481,0.0,False,False,False,False,False,False,0.784,review,very_small_content_region,
454,Baptisms-San-Antonio-Baptism-Records-1788-1824--1858-1898_p401-500.docx,55,raw/fs_0454.png,e7b47b147db1588f38113f546db8ebbcf7fc17e9e4b16557a401f3266bd64b6d,dlstupka/hth-baptisms-san-antonio-1788-1824--1858-1898,9f03a2632820a26b9724dac7a7a62e87776b1b04,dlstupka/hth,4b0d7c9a16b00eb463a94355f4a2aaf9e69af020,2560,1440,0.703125,False,0,-0.0,1.0,0,0,0,0,0,0,0,0,2560,1440,162.801,77.902,254.0,3585.494,5.3644,0.182016,0.055161,0.223,0.481,0.0,False,False,False,False,False,False,0.787,review,very_small_content_region,
455,Baptisms-San-Antonio-Baptism-Records-1788-1824--1858-1898_p401-500.docx,56,raw/fs_0455.png,72d21d01b0b951badda835ef362ff927d58b82ba06687b1682ccabddc1c3adff,dlstupka/hth-baptisms-san-antonio-1788-1824--1858-1898,9f03a2632820a26b9724dac7a7a62e87776b1b04,dlstupka/hth,4b0d7c9a16b00eb463a94355f4a2aaf9e69af020,2560,1440,0.703125,False,0,-0.0,1.0,0,0,0,0,0,0,0,0,2560,1440,163.537,77.146,254.0,3302.689,5.3368,0.17748,0.055128,0.221,0.466,0.0,False,False,False,False,False,False,0.789,review,very_small_content_region,
456,Baptisms-San-Antonio-Baptism-Records-1788-1824--1858-1898_p401-500.docx,57,raw/fs_0456.png,a05a69db192346a012274f5bbe20a32b5c2e9f67aff919c709e492ad384860ea,dlstupka/hth-baptisms-san-antonio-1788-1824--1858-1898,9f03a2632820a26b9724dac7a7a62e87776b1b04,dlstupka/hth,4b0d7c9a16b00eb463a94355f4a2aaf9e69af020,2560,1440,0.703125,False,0,-0.0,1.0,0,0,0,0,0,0,0,0,2560,1440,161.639,78.8,254.0,3628.235,5.3136,0.187471,0.055122,0.22,0.492,0.0,False,False,False,False,False,False,0.786,review,very_small_content_region,
457,Baptisms-San-Antonio-Baptism-Records-1788-1824--1858-1898_p401-500.docx,58,raw/fs_0457.png,cd13838a7c7351d79dd5e441fa1570531a09bf378ad5e4198842462324293038,dlstupka/hth-baptisms-san-antonio-1788-1824--1858-1898,9f03a2632820a26b9724dac7a7a62e87776b1b04,dlstupka/hth,4b0d7c9a16b00eb463a94355f4a2aaf9e69af020,2560,1440,0.703125,False,0,-0.0,1.0,0,0,0,0,0,0,0,0,2560,1440,164.465,79.767,254.0,3882.085,5.3293,0.189107,0.055109,0.222,0.488,0.0,False,False,False,False,False,False,0.79,review,very_small_content_region,
458,Baptisms-San-Antonio-Baptism-Records-1788-1824--1858-1898_p401-500.docx,59,raw/fs_0458.png,eca46254de642a83b8f568a54a7dc64ff6ce1fc8befecced48bb84fe471f4a2b,dlstupka/hth-baptisms-san-antonio-1788-1824--1858-1898,9f03a2632820a26b9724dac7a7a62e87776b1b04,dlstupka/hth,4b0d7c9a16b00eb463a94355f4a2aaf9e69af020,2560,1440,0.703125,False,0,-0.0,1.0,0,0,0,0,0,0,0,0,2560,1440,161.417,77.382,254.0,3460.264,5.3248,0.181545,0.055103,0.22,0.483,0.0,False,False,False,False,False,False,0.785,review,very_small_content_region,
459,Baptisms-San-Antonio-Baptism-Records-1788-1824--1858-1898_p401-500.docx,60,raw/fs_0459.png,1e73b5b69f80dd786ab60416861c602bf886305c3a1a29031a460a28c9157581,dlstupka/hth-baptisms-san-antonio-1788-1824--1858-1898,9f03a2632820a26b9724dac7a7a62e87776b1b04,dlstupka/hth,4b0d7c9a16b00eb463a94355f4a2aaf9e69af020,2560,1440,0.703125,False,0,-0.0,1.0,0,0,0,0,0,0,0,0,2560,1440,167.833,73.073,254.0,3450.183,5.3504,0.153731,0.055094,0.22,0.463,0.0,False,False,False,False,False,False,0.795,review,very_small_content_region,
460,Baptisms-San-Antonio-Baptism-Records-1788-1824--1858-1898_p401-500.docx,61,raw/fs_0460.png,c511518d7aa608abaf6888f396d1d1a059eef18641849af1d7cc869541bf9b48,dlstupka/hth-baptisms-san-antonio-1788-1824--1858-1898,9f03a2632820a26b9724dac7a7a62e87776b1b04,dlstupka/hth,4b0d7c9a16b00eb463a94355f4a2aaf9e69af020,2560,1440,0.703125,False,0,-0.0,1.0,0,0,0,0,0,0,0,0,2560,1440,161.207,77.793,254.0,3535.64,5.3686,0.183368,0.055079,0.219,0.49,0.0,False,False,False,False,False,False,0.785,review,very_small_content_region,
461,Baptisms-San-Antonio-Baptism-Records-1788-1824--1858-1898_p401-500.docx,62,raw/fs_0461.png,7e56f77eed091d65a7f9bae7cd551fefb650fba5ef5e5531ef8eb43ad58c9696,dlstupka/hth-baptisms-san-antonio-1788-1824--1858-1898,9f03a2632820a26b9724dac7a7a62e87776b1b04,dlstupka/hth,4b0d7c9a16b00eb463a94355f4a2aaf9e69af020,2560,1440,0.703125,False,0,-0.0,1.0,0,0,0,0,0,0,0,0,2560,1440,171.144,74.042,254.0,3820.107,5.425,0.154153,0.055089,0.219,0.473,0.0,False,False,False,False,False,False,0.8,review,very_small_content_region,
462,Baptisms-San-Antonio-Baptism-Records-1788-1824--1858-1898_p401-500.docx,63,raw/fs_0462.png,9d8238bb5c0ca32aac510b8584933c4d400144dfce286eb53bbf9bf26564a4ff,dlstupka/hth-baptisms-san-antonio-1788-1824--1858-1898,9f03a2632820a26b9724dac7a7a62e87776b1b04,dlstupka/hth,4b0d7c9a16b00eb463a94355f4a2aaf9e69af020,2560,1440,0.703125,False,0,-0.0,1.0,0,0,0,0,0,0,0,0,2560,1440,170.685,73.513,254.0,3865.194,5.4945,0.153504,0.05508,0.22,0.473,0.0,False,False,False,False,False,False,0.799,review,very_small_content_region,
463,Baptisms-San-Antonio-Baptism-Records-1788-1824--1858-1898_p401-500.docx,64,raw/fs_0463.png,2b1c8c398a3f5762cb190f18030905de80311f15a61bb4ead7cdb2404f4a648f,dlstupka/hth-baptisms-san-antonio-1788-1824--1858-1898,9f03a2632820a26b9724dac7a7a62e87776b1b04,dlstupka/hth,4b0d7c9a16b00eb463a94355f4a2aaf9e69af020,2560,1440,0.703125,False,0,-0.0,1.0,0,0,0,0,0,0,0,0,2560,1440,162.071,77.084,254.0,3472.536,5.4153,0.178534,0.055059,0.22,0.491,0.0,False,False,False,False,False,False,0.786,review,very_small_content_region,
464,Baptisms-San-Antonio-Baptism-Records-1788-1824--1858-1898_p401-500.docx,65,raw/fs_0464.png,55fbb2ae537f531da8c0ed9369a8b9666c320d8047909a38a340148e68e31685,dlstupka/hth-baptisms-san-antonio-1788-1824--1858-1898,9f03a2632820a26b9724dac7a7a62e87776b1b04,dlstupka/hth,4b0d7c9a16b00eb463a94355f4a2aaf9e69af020,2560,1440,0.703125,False,0,-0.0,1.0,0,0,0,0,0,0,0,0,2560,1440,160.739,77.894,254.0,3651.835,5.4352,0.185451,0.055037,0.219,0.505,0.0,False,False,False,False,False,False,0.784,review,very_small_content_region,
465,Baptisms-San-Antonio-Baptism-Records-1788-1824--1858-1898_p401-500.docx,66,raw/fs_0465.png,8558fe299b6795020d73bbefe5d4736100166d6de3e3a2a1199ba576d7fe29ba,dlstupka/hth-baptisms-san-antonio-1788-1824--1858-1898,9f03a2632820a26b9724dac7a7a62e87776b1b04,dlstupka/hth,4b0d7c9a16b00eb463a94355f4a2aaf9e69af020,2560,1440,0.703125,False,0,-0.0,1.0,0,0,0,0,0,0,0,0,2560,1440,168.529,73.064,254.0,3123.886,5.2458,0.150453,0.05504,0.222,0.433,0.0,False,False,False,False,False,False,0.796,review,very_small_content_region,
466,Baptisms-San-Antonio-Baptism-Records-1788-1824--1858-1898_p401-500.docx,67,raw/fs_0466.png,5cd764842f1e1d7982904298bc493a556400105ccb13679d8a4b65696e0a4201,dlstupka/hth-baptisms-san-antonio-1788-1824--1858-1898,9f03a2632820a26b9724dac7a7a62e87776b1b04,dlstupka/hth,4b0d7c9a16b00eb463a94355f4a2aaf9e69af020,2560,1440,0.703125,False,0,-0.0,1.0,0,0,0,0,0,0,0,0,2560,1440,161.619,77.841,254.0,3652.701,5.3505,0.183111,0.055046,0.219,0.494,0.0,False,False,False,False,False,False,0.786,review,very_small_content_region,
467,Baptisms-San-Antonio-Baptism-Records-1788-1824--1858-1898_p401-500.docx,68,raw/fs_0467.png,efa020da783fa202a359b43648845c87c1fd0150d8ee32e105309f842ff81fe3,dlstupka/hth-baptisms-san-antonio-1788-1824--1858-1898,9f03a2632820a26b9724dac7a7a62e87776b1b04,dlstupka/hth,4b0d7c9a16b00eb463a94355f4a2aaf9e69af020,2560,1440,0.703125,False,0,-0.0,1.0,0,0,0,0,0,0,0,0,2560,1440,161.229,78.774,254.0,3447.958,5.3366,0.18684,0.055053,0.219,0.489,0.0,False,False,False,False,False,False,0.785,review,very_small_content_region,
468,Baptisms-San-Antonio-Baptism-Records-1788-1824--1858-1898_p401-500.docx,69,raw/fs_0468.png,e952a5cb327be38dfde2af15de09039edf759a167cd84774758f561284be017b,dlstupka/hth-baptisms-san-antonio-1788-1824--1858-1898,9f03a2632820a26b9724dac7a7a62e87776b1b04,dlstupka/hth,4b0d7c9a16b00eb463a94355f4a2aaf9e69af020,2560,1440,0.703125,False,0,-0.0,1.0,0,0,0,0,0,0,0,0,2560,1440,161.123,78.823,254.0,3497.5,5.3728,0.187963,0.055056,0.218,0.461,0.0,False,False,False,False,False,False,0.785,review,very_small_content_region,
469,Baptisms-San-Antonio-Baptism-Records-1788-1824--1858-1898_p401-500.docx,70,raw/fs_0469.png,499722705fa3b210afa72830a26a8ebb6f73cae4833b1348ce6c27b97bbef9bc,dlstupka/hth-baptisms-san-antonio-1788-1824--1858-1898,9f03a2632820a26b9724dac7a7a62e87776b1b04,dlstupka/hth,4b0d7c9a16b00eb463a94355f4a2aaf9e69af020,2560,1440,0.703125,False,0,-0.0,1.0,0,0,0,0,0,0,0,0,2560,1440,158.061,79.972,254.0,3281.226,5.4465,0.197226,0.055041,0.218,0.474,0.0,False,False,False,False,False,False,0.78,review,very_small_content_region,
470,Baptisms-San-Antonio-Baptism-Records-1788-1824--1858-1898_p401-500.docx,71,raw/fs_0470.png,c40995c3cdb52a8f602ee2127c6612e7011ed79091284957d90bac28ce439ae5,dlstupka/hth-baptisms-san-antonio-1788-1824--1858-1898,9f03a2632820a26b9724dac7a7a62e87776b1b04,dlstupka/hth,4b0d7c9a16b00eb463a94355f4a2aaf9e69af020,2560,1440,0.703125,False,0,-0.0,1.0,0,0,0,0,0,0,0,0,2560,1440,158.705,79.47,254.0,3904.227,5.5001,0.196113,0.055048,0.217,0.501,0.0,False,False,False,False,False,False,0.781,review,very_small_content_region,
471,Baptisms-San-Antonio-Baptism-Records-1788-1824--1858-1898_p401-500.docx,72,raw/fs_0471.png,4e4b3f2e8b9a3c5c037b89795d0496569c9836bca53ebcc19d8bd8be4d827d3c,dlstupka/hth-baptisms-san-antonio-1788-1824--1858-1898,9f03a2632820a26b9724dac7a7a62e87776b1b04,dlstupka/hth,4b0d7c9a16b00eb463a94355f4a2aaf9e69af020,2560,1440,0.703125,False,0,-0.0,1.0,0,0,0,0,0,0,0,0,2560,1440,160.904,78.114,254.0,3500.481,5.4095,0.183445,0.055069,0.218,0.483,0.0,False,False,False,False,False,False,0.785,review,very_small_content_region,
472,Baptisms-San-Antonio-Baptism-Records-1788-1824--1858-1898_p401-500.docx,73,raw/fs_0472.png,a67fc2840dc1fd2e20bcef0a96e41055b9417d8910e31c11cf49301465177977,dlstupka/hth-baptisms-san-antonio-1788-1824--1858-1898,9f03a2632820a26b9724dac7a7a62e87776b1b04,dlstupka/hth,4b0d7c9a16b00eb463a94355f4a2aaf9e69af020,2560,1440,0.703125,False,0,-0.0,1.0,0,0,0,0,0,0,0,0,2560,1440,154.822,81.148,254.0,3837.912,5.4548,0.211685,0.055062,0.217,0.498,0.0,False,False,False,False,False,False,0.776,review,very_small_content_region,
473,Baptisms-San-Antonio-Baptism-Records-1788-1824--1858-1898_p401-500.docx,74,raw/fs_0473.png,230e95123bb4be38accee1ee92d3063e1e44f87a88d55fd63a727cbe6fd978d8,dlstupka/hth-baptisms-san-antonio-1788-1824--1858-1898,9f03a2632820a26b9724dac7a7a62e87776b1b04,dlstupka/hth,4b0d7c9a16b00eb463a94355f4a2aaf9e69af020,2560,1440,0.703125,False,0,-0.0,1.0,0,0,0,0,0,0,0,0,2560,1440,167.607,73.757,254.0,3321.092,5.3247,0.155564,0.055096,0.219,0.456,0.0,False,False,False,False,False,False,0.794,review,very_small_content_region,
474,Baptisms-San-Antonio-Baptism-Records-1788-1824--1858-1898_p401-500.docx,75,raw/fs_0474.png,add9a1700643b04947a05d568ad6d9dd529f0a542ade06500108d729cce6c1f9,dlstupka/hth-baptisms-san-antonio-1788-1824--1858-1898,9f03a2632820a26b9724dac7a7a62e87776b1b04,dlstupka/hth,4b0d7c9a16b00eb463a94355f4a2aaf9e69af020,2560,1440,0.703125,False,0,-0.0,1.0,0,0,0,0,0,0,0,0,2560,1440,159.082,79.184,254.0,3509.294,5.4498,0.192222,0.05505,0.217,0.491,0.0,False,False,False,False,False,False,0.782,review,very_small_content_region,
475,Baptisms-San-Antonio-Baptism-Records-1788-1824--1858-1898_p401-500.docx,76,raw/fs_0475.png,3a5d29b5a3b0206676397b52ccf86e210808c925b7080f65e508dbfec541e218,dlstupka/hth-baptisms-san-antonio-1788-1824--1858-1898,9f03a2632820a26b9724dac7a7a62e87776b1b04,dlstupka/hth,4b0d7c9a16b00eb463a94355f4a2aaf9e69af020,2560,1440,0.703125,False,0,-0.0,1.0,0,0,0,0,0,0,0,0,2560,1440,159.739,78.08,254.0,3564.412,5.4884,0.187361,0.055071,0.217,0.495,0.0,False,False,False,False,False,False,0.783,review,very_small_content_region,
476,Baptisms-San-Antonio-Baptism-Records-1788-1824--1858-1898_p401-500.docx,77,raw/fs_0476.png,7a80618368471b66fa669e219b26eddc6d40b265f3ed27429b931f8514c1b089,dlstupka/hth-baptisms-san-antonio-1788-1824--1858-1898,9f03a2632820a26b9724dac7a7a62e87776b1b04,dlstupka/hth,4b0d7c9a16b00eb463a94355f4a2aaf9e69af020,2560,1440,0.703125,False,0,-0.0,1.0,0,0,0,0,0,0,0,0,2560,1440,156.918,80.391,254.0,3430.538,5.4075,0.201124,0.055091,0.217,0.482,0.0,False,False,False,False,False,False,0.779,review,very_small_content_region,
477,Baptisms-San-Antonio-Baptism-Records-1788-1824--1858-1898_p401-500.docx,78,raw/fs_0477.png,924a39f224f4b80aecf7e86d30e73047323c76f7a48e477183e7326f266d1b5f,dlstupka/hth-baptisms-san-antonio-1788-1824--1858-1898,9f03a2632820a26b9724dac7a7a62e87776b1b04,dlstupka/hth,4b0d7c9a16b00eb463a94355f4a2aaf9e69af020,2560,1440,0.703125,False,0,-0.0,1.0,0,0,0,0,0,0,0,0,2560,1440,156.511,80.314,254.0,3495.322,5.3942,0.202845,0.055082,0.217,0.478,0.0,False,False,False,False,False,False,0.778,review,very_small_content_region,
478,Baptisms-San-Antonio-Baptism-Records-1788-1824--1858-1898_p401-500.docx,79,raw/fs_0478.png,a25c822d3f6269d1726fa71de1d109d127c65039a454075bc0ea05ccbe1bb8a3,dlstupka/hth-baptisms-san-antonio-1788-1824--1858-1898,9f03a2632820a26b9724dac7a7a62e87776b1b04,dlstupka/hth,4b0d7c9a16b00eb463a94355f4a2aaf9e69af020,2560,1440,0.703125,False,0,-0.0,1.0,0,0,0,0,0,0,0,0,2560,1440,157.375,79.571,254.0,3332.765,5.4199,0.195938,0.055091,0.216,0.484,0.0,False,False,False,False,False,False,0.779,review,very_small_content_region,
479,Baptisms-San-Antonio-Baptism-Records-1788-1824--1858-1898_p401-500.docx,80,raw/fs_0479.png,1935ad845f78206253db0e58d169cd61c0a360dc80e2572590db2406ac5e91ed,dlstupka/hth-baptisms-san-antonio-1788-1824--1858-1898,9f03a2632820a26b9724dac7a7a62e87776b1b04,dlstupka/hth,4b0d7c9a16b00eb463a94355f4a2aaf9e69af020,2560,1440,0.703125,False,0,-0.0,1.0,0,0,0,0,0,0,0,0,2560,1440,157.669,80.183,254.0,3368.145,5.3566,0.199294,0.055078,0.216,0.484,0.0,False,False,False,False,False,False,0.78,review,very_small_content_region,
480,Baptisms-San-Antonio-Baptism-Records-1788-1824--1858-1898_p401-500.docx,81,raw/fs_0480.png,4c9109f97bbd5b8d67c19951ad2bda68414e600a8ede8d6e9c49faa5c231e66e,dlstupka/hth-baptisms-san-antonio-1788-1824--1858-1898,9f03a2632820a26b9724dac7a7a62e87776b1b04,dlstupka/hth,4b0d7c9a16b00eb463a94355f4a2aaf9e69af020,2560,1440,0.703125,False,0,-0.0,1.0,0,0,0,0,0,0,0,0,2560,1440,166.313,72.711,254.0,3577.906,5.4469,0.153961,0.055106,0.216,0.51,0.0,False,False,False,False,False,False,0.793,review,very_small_content_region,
481,Baptisms-San-Antonio-Baptism-Records-1788-1824--1858-1898_p401-500.docx,82,raw/fs_0481.png,33e967851c0e80c50ce4b98762096c997c66badbbc5dc5e85bc713a8a6f457b7,dlstupka/hth-baptisms-san-antonio-1788-1824--1858-1898,9f03a2632820a26b9724dac7a7a62e87776b1b04,dlstupka/hth,4b0d7c9a16b00eb463a94355f4a2aaf9e69af020,2560,1440,0.703125,False,0,-0.0,1.0,0,0,0,0,0,0,0,0,2560,1440,160.259,78.717,254.0,3613.613,5.3731,0.188545,0.055099,0.215,0.481,0.0,False,False,False,False,False,False,0.784,review,very_small_content_region,
482,Baptisms-San-Antonio-Baptism-Records-1788-1824--1858-1898_p401-500.docx,83,raw/fs_0482.png,d7dc42b78c8101978c7631d5323162225c50a441c4b144f8238394003238f3e8,dlstupka/hth-baptisms-san-antonio-1788-1824--1858-1898,9f03a2632820a26b9724dac7a7a62e87776b1b04,dlstupka/hth,4b0d7c9a16b00eb463a94355f4a2aaf9e69af020,2560,1440,0.703125,False,0,-0.0,1.0,0,0,0,0,0,0,0,0,2560,1440,156.447,80.584,254.0,3329.98,5.4354,0.203477,0.055088,0.215,0.485,0.0,False,False,False,False,False,False,0.778,review,very_small_content_region,
483,Baptisms-San-Antonio-Baptism-Records-1788-1824--1858-1898_p401-500.docx,84,raw/fs_0483.png,922e9ce3a88c5fab640426824a65a55bb15c2291ababdf025317773bf90ae231,dlstupka/hth-baptisms-san-antonio-1788-1824--1858-1898,9f03a2632820a26b9724dac7a7a62e87776b1b04,dlstupka/hth,4b0d7c9a16b00eb463a94355f4a2aaf9e69af020,2560,1440,0.703125,False,0,-0.0,1.0,0,0,0,0,0,0,0,0,2560,1440,158.139,79.111,254.0,3471.72,5.4286,0.193874,0.055089,0.215,0.494,0.0,False,False,False,False,False,False,0.781,review,very_small_content_region,
484,Baptisms-San-Antonio-Baptism-Records-1788-1824--1858-1898_p401-500.docx,85,raw/fs_0484.png,9900ff0da387c13bda01e83e4f3cb01c7cffcf6bc17b1823e29be22591aafdf1,dlstupka/hth-baptisms-san-antonio-1788-1824--1858-1898,9f03a2632820a26b9724dac7a7a62e87776b1b04,dlstupka/hth,4b0d7c9a16b00eb463a94355f4a2aaf9e69af020,2560,1440,0.703125,False,0,-0.0,1.0,0,0,0,0,0,0,0,0,2560,1440,167.729,69.407,254.0,3793.468,5.6857,0.140937,0.055109,0.215,0.557,0.0,False,False,False,False,False,False,0.795,review,very_small_content_region,
485,Baptisms-San-Antonio-Baptism-Records-1788-1824--1858-1898_p401-500.docx,86,raw/fs_0485.png,cd7c28ecf43193700d0a61b146e9ef00eb0154d7de1c899d3dd707dd0647ddb2,dlstupka/hth-baptisms-san-antonio-1788-1824--1858-1898,9f03a2632820a26b9724dac7a7a62e87776b1b04,dlstupka/hth,4b0d7c9a16b00eb463a94355f4a2aaf9e69af020,2560,1440,0.703125,False,0,-0.0,1.0,0,0,0,0,0,0,0,0,2560,1440,158.362,79.723,254.0,3363.072,5.4264,0.196943,0.055117,0.215,0.487,0.0,False,False,False,False,False,False,0.781,review,very_small_content_region,
486,Baptisms-San-Antonio-Baptism-Records-1788-1824--1858-1898_p401-500.docx,87,raw/fs_0486.png,d43f2fdb7f81ec663f11e2bbba800db7a48929b52219d3bc1f0cd732a3617538,dlstupka/hth-baptisms-san-antonio-1788-1824--1858-1898,9f03a2632820a26b9724dac7a7a62e87776b1b04,dlstupka/hth,4b0d7c9a16b00eb463a94355f4a2aaf9e69af020,2560,1440,0.703125,False,0,-0.0,1.0,0,0,0,0,0,0,0,0,2560,1440,161.083,81.623,254.0,3719.047,5.4832,0.201128,0.055138,0.214,0.488,0.0,False,False,False,False,False,False,0.785,review,very_small_content_region,
487,Baptisms-San-Antonio-Baptism-Records-1788-1824--1858-1898_p401-500.docx,88,raw/fs_0487.png,ff94f56c388d647d845442d86b7dacabac9776cdbdba61158904c8c9dfd6dfd7,dlstupka/hth-baptisms-san-antonio-1788-1824--1858-1898,9f03a2632820a26b9724dac7a7a62e87776b1b04,dlstupka/hth,4b0d7c9a16b00eb463a94355f4a2aaf9e69af020,2560,1440,0.703125,False,0,-0.0,1.0,0,0,0,0,0,0,0,0,2560,1440,156.553,80.383,254.0,3549.43,5.4284,0.203894,0.055137,0.217,0.494,0.0,False,False,False,False,False,False,0.778,review,very_small_content_region,
488,Baptisms-San-Antonio-Baptism-Records-1788-1824--1858-1898_p401-500.docx,89,raw/fs_0488.png,6855d2865fda2c70bdd911eb5f2484e01cd157eb0898d355a9b9dc017fcde49c,dlstupka/hth-baptisms-san-antonio-1788-1824--1858-1898,9f03a2632820a26b9724dac7a7a62e87776b1b04,dlstupka/hth,4b0d7c9a16b00eb463a94355f4a2aaf9e69af020,2560,1440,0.703125,False,0,-0.0,1.0,0,0,0,0,0,0,0,0,2560,1440,158.24,79.599,254.0,3573.915,5.3815,0.197193,0.055167,0.217,0.493,0.0,False,False,False,False,False,False,0.781,review,very_small_content_region,
489,Baptisms-San-Antonio-Baptism-Records-1788-1824--1858-1898_p401-500.docx,90,raw/fs_0489.png,8dcc2436dccb04138c896479f5ba24146ed0e35ba3ef59925d28a6ce50408214,dlstupka/hth-baptisms-san-antonio-1788-1824--1858-1898,9f03a2632820a26b9724dac7a7a62e87776b1b04,dlstupka/hth,4b0d7c9a16b00eb463a94355f4a2aaf9e69af020,2560,1440,0.703125,False,0,-0.0,1.0,0,0,0,0,0,0,0,0,2560,1440,158.133,79.472,254.0,3602.009,5.3911,0.196752,0.055133,0.215,0.493,0.0,False,False,False,False,False,False,0.781,review,very_small_content_region,
490,Baptisms-San-Antonio-Baptism-Records-1788-1824--1858-1898_p401-500.docx,91,raw/fs_0490.png,6dad28de53a93d2ed0ddf182cb24560630455828d3ca6b1313e751c413f80d10,dlstupka/hth-baptisms-san-antonio-1788-1824--1858-1898,9f03a2632820a26b9724dac7a7a62e87776b1b04,dlstupka/hth,4b0d7c9a16b00eb463a94355f4a2aaf9e69af020,2560,1440,0.703125,False,0,-0.0,1.0,0,0,0,0,0,0,0,0,2560,1440,160.064,81.076,254.0,4065.199,5.5042,0.201918,0.055132,0.216,0.492,0.0,False,False,False,False,False,False,0.783,review,very_small_content_region,
491,Baptisms-San-Antonio-Baptism-Records-1788-1824--1858-1898_p401-500.docx,92,raw/fs_0491.png,56391e0e725fccf1d9e9c6cb23e0311c2c856c3de2b0c018fff3f0bda82160f7,dlstupka/hth-baptisms-san-antonio-1788-1824--1858-1898,9f03a2632820a26b9724dac7a7a62e87776b1b04,dlstupka/hth,4b0d7c9a16b00eb463a94355f4a2aaf9e69af020,2560,1440,0.703125,False,0,-0.0,1.0,0,0,0,0,0,0,0,0,2560,1440,161.684,80.894,254.0,3822.77,5.4749,0.196988,0.05517,0.217,0.489,0.0,False,False,False,False,False,False,0.786,review,very_small_content_region,
492,Baptisms-San-Antonio-Baptism-Records-1788-1824--1858-1898_p401-500.docx,93,raw/fs_0492.png,b30300f6100c6e7136b51af54123bd476256c2541846dafc5af7ada9f1ef7cb5,dlstupka/hth-baptisms-san-antonio-1788-1824--1858-1898,9f03a2632820a26b9724dac7a7a62e87776b1b04,dlstupka/hth,4b0d7c9a16b00eb463a94355f4a2aaf9e69af020,2560,1440,0.703125,False,0,-0.0,1.0,0,0,0,0,0,0,0,0,2560,1440,160.133,80.525,254.0,3785.736,5.4726,0.197979,0.055131,0.215,0.493,0.0,False,False,False,False,False,False,0.784,review,very_small_content_region,
493,Baptisms-San-Antonio-Baptism-Records-1788-1824--1858-1898_p401-500.docx,94,raw/fs_0493.png,cb96435956da40f0f04a133c052b7d6b6019ab93d9518f5174aa47bf8c63534e,dlstupka/hth-baptisms-san-antonio-1788-1824--1858-1898,9f03a2632820a26b9724dac7a7a62e87776b1b04,dlstupka/hth,4b0d7c9a16b00eb463a94355f4a2aaf9e69af020,2560,1440,0.703125,False,0,-0.0,1.0,0,0,0,0,0,0,0,0,2560,1440,157.908,79.324,254.0,3480.061,5.424,0.195775,0.055155,0.215,0.493,0.0,False,False,False,False,False,False,0.78,review,very_small_content_region,
494,Baptisms-San-Antonio-Baptism-Records-1788-1824--1858-1898_p401-500.docx,95,raw/fs_0494.png,0fbc7d49836c405192c06f3672fcec4e414932475f53fc515e568e91056d4f87,dlstupka/hth-baptisms-san-antonio-1788-1824--1858-1898,9f03a2632820a26b9724dac7a7a62e87776b1b04,dlstupka/hth,4b0d7c9a16b00eb463a94355f4a2aaf9e69af020,2560,1440,0.703125,False,0,-0.0,1.0,0,0,0,0,0,0,0,0,2560,1440,158.445,79.17,254.0,3530.112,5.4395,0.193871,0.055153,0.216,0.502,0.0,False,False,False,False,False,False,0.781,review,very_small_content_region,
495,Baptisms-San-Antonio-Baptism-Records-1788-1824--1858-1898_p401-500.docx,96,raw/fs_0495.png,b86a6d048d40a4214b27666268b9801f2cf3e36af5077b1b19aa4d62cb28f670,dlstupka/hth-baptisms-san-antonio-1788-1824--1858-1898,9f03a2632820a26b9724dac7a7a62e87776b1b04,dlstupka/hth,4b0d7c9a16b00eb463a94355f4a2aaf9e69af020,2560,1440,0.703125,False,0,-0.0,1.0,0,0,0,0,0,0,0,0,2560,1440,165.517,74.491,254.0,3709.1,5.3763,0.162911,0.05518,0.214,0.48,0.0,False,False,False,False,False,False,0.791,review,very_small_content_region,
496,Baptisms-San-Antonio-Baptism-Records-1788-1824--1858-1898_p401-500.docx,97,raw/fs_0496.png,f6b39380d9d9a5b84dd7b255fe7d63dd9d16e6d25dfed15bbbf3f9406694bb02,dlstupka/hth-baptisms-san-antonio-1788-1824--1858-1898,9f03a2632820a26b9724dac7a7a62e87776b1b04,dlstupka/hth,4b0d7c9a16b00eb463a94355f4a2aaf9e69af020,2560,1440,0.703125,False,0,-0.0,1.0,0,0,0,0,0,0,0,0,2560,1440,165.447,75.361,254.0,3728.857,5.3315,0.16679,0.055199,0.214,0.484,0.0,False,False,False,False,False,False,0.791,review,very_small_content_region,
497,Baptisms-San-Antonio-Baptism-Records-1788-1824--1858-1898_p401-500.docx,98,raw/fs_0497.png,9ed8460f15c0da530cfd508c5978ff365d6ccda3229cddd981a94e1bbc1be49e,dlstupka/hth-baptisms-san-antonio-1788-1824--1858-1898,9f03a2632820a26b9724dac7a7a62e87776b1b04,dlstupka/hth,4b0d7c9a16b00eb463a94355f4a2aaf9e69af020,2560,1440,0.703125,False,0,-0.0,1.0,0,0,0,0,0,0,0,0,2560,1440,158.571,80.1,254.0,3496.651,5.3612,0.197877,0.055211,0.216,0.491,0.0,False,False,False,False,False,False,0.781,review,very_small_content_region,
498,Baptisms-San-Antonio-Baptism-Records-1788-1824--1858-1898_p401-500.docx,99,raw/fs_0498.png,55f1ece2c4e3fb3f2b3020f4505069d8923cfb392793f47b383ebda4d39c197a,dlstupka/hth-baptisms-san-antonio-1788-1824--1858-1898,9f03a2632820a26b9724dac7a7a62e87776b1b04,dlstupka/hth,4b0d7c9a16b00eb463a94355f4a2aaf9e69af020,2560,1440,0.703125,False,0,-0.0,1.0,0,0,0,0,0,0,0,0,2560,1440,162.489,77.737,254.0,3230.653,5.3107,0.180283,0.055221,0.213,0.462,0.0,False,False,False,False,False,False,0.787,review,very_small_content_region,
499,Baptisms-San-Antonio-Baptism-Records-1788-1824--1858-1898_p401-500.docx,100,raw/fs_0499.png,7941c7a17d39de84266c209321e468062d8c884e3b561de2e76904437509d2ee,dlstupka/hth-baptisms-san-antonio-1788-1824--1858-1898,9f03a2632820a26b9724dac7a7a62e87776b1b04,dlstupka/hth,4b0d7c9a16b00eb463a94355f4a2aaf9e69af020,2560,1440,0.703125,False,0,-0.0,1.0,0,0,0,0,0,0,0,0,2560,1440,166.612,74.624,254.0,3427.101,5.3406,0.161658,0.05523,0.214,0.448,0.0,False,False,False,False,False,False,0.793,review,very_small_content_region,
500,Baptisms-San-Antonio-Baptism-Records-1788-1824--1858-1898_p501-690.docx,1,raw/fs_0500.png,d6b61031a971f2782d19ea6a519bdca9c49193f914c61c481675a48827739c13,dlstupka/hth-baptisms-san-antonio-1788-1824--1858-1898,9f03a2632820a26b9724dac7a7a62e87776b1b04,dlstupka/hth,4b0d7c9a16b00eb463a94355f4a2aaf9e69af020,2560,1440,0.703125,False,0,-0.0,1.0,0,0,0,0,0,0,0,0,2560,1440,156.742,81.119,254.0,3775.278,5.3736,0.206686,0.05523,0.215,0.494,0.0,False,False,False,False,False,False,0.779,review,very_small_content_region,
501,Baptisms-San-Antonio-Baptism-Records-1788-1824--1858-1898_p501-690.docx,2,raw/fs_0501.png,60ff8a0ca2030cb0f75b41a6c93e2778d67302d425c1ea982e8294f67f27e331,dlstupka/hth-baptisms-san-antonio-1788-1824--1858-1898,9f03a2632820a26b9724dac7a7a62e87776b1b04,dlstupka/hth,4b0d7c9a16b00eb463a94355f4a2aaf9e69af020,2560,1440,0.703125,False,0,-0.0,1.0,0,0,0,0,0,0,0,0,2560,1440,158.52,80.071,254.0,3667.613,5.407,0.198972,0.055186,0.213,0.499,0.0,False,False,False,False,False,False,0.781,review,very_small_content_region,
502,Baptisms-San-Antonio-Baptism-Records-1788-1824--1858-1898_p501-690.docx,3,raw/fs_0502.png,041538cda069a6a9997f06a809cd56086c9b33a85cd41fb908433940c270c507,dlstupka/hth-baptisms-san-antonio-1788-1824--1858-1898,9f03a2632820a26b9724dac7a7a62e87776b1b04,dlstupka/hth,4b0d7c9a16b00eb463a94355f4a2aaf9e69af020,2560,1440,0.703125,False,0,-0.0,1.0,0,0,0,0,0,0,0,0,2560,1440,164.606,75.466,254.0,3703.776,5.3599,0.16895,0.055227,0.214,0.474,0.0,False,False,False,False,False,False,0.79,review,very_small_content_region,
503,Baptisms-San-Antonio-Baptism-Records-1788-1824--1858-1898_p501-690.docx,4,raw/fs_0503.png,c6634731b91cc0057c1ee8f57b5223bf50250250d456a39f56ff465e2230b5e8,dlstupka/hth-baptisms-san-antonio-1788-1824--1858-1898,9f03a2632820a26b9724dac7a7a62e87776b1b04,dlstupka/hth,4b0d7c9a16b00eb463a94355f4a2aaf9e69af020,2560,1440,0.703125,False,0,-0.0,1.0,0,0,0,0,0,0,0,0,2560,1440,162.205,81.226,254.0,3864.22,5.4581,0.19932,0.055233,0.213,0.493,0.0,False,False,False,False,False,False,0.787,review,very_small_content_region,
504,Baptisms-San-Antonio-Baptism-Records-1788-1824--1858-1898_p501-690.docx,5,raw/fs_0504.png,8c9e5957eb44218f63cded3744e17f8d1dcd231bb5463ce220ded567d2c1f943,dlstupka/hth-baptisms-san-antonio-1788-1824--1858-1898,9f03a2632820a26b9724dac7a7a62e87776b1b04,dlstupka/hth,4b0d7c9a16b00eb463a94355f4a2aaf9e69af020,2560,1440,0.703125,False,0,-0.0,1.0,0,0,0,0,0,0,0,0,2560,1440,161.764,81.326,254.0,3898.173,5.4657,0.20021,0.055238,0.213,0.494,0.0,False,False,False,False,False,False,0.786,review,very_small_content_region,
505,Baptisms-San-Antonio-Baptism-Records-1788-1824--1858-1898_p501-690.docx,6,raw/fs_0505.png,83a344da399fa2091b5ddb4cf484cc5384dc16a13b154eb678d30fb566a9575c,dlstupka/hth-baptisms-san-antonio-1788-1824--1858-1898,9f03a2632820a26b9724dac7a7a62e87776b1b04,dlstupka/hth,4b0d7c9a16b00eb463a94355f4a2aaf9e69af020,2560,1440,0.703125,False,0,-0.0,1.0,0,0,0,0,0,0,0,0,2560,1440,168.216,76.234,254.0,3989.421,5.4091,0.16712,0.055248,0.214,0.473,0.0,False,False,False,False,False,False,0.795,review,very_small_content_region,
506,Baptisms-San-Antonio-Baptism-Records-1788-1824--1858-1898_p501-690.docx,7,raw/fs_0506.png,b08c30dcaddbfb3b1d1c39a1b94a107b54de278f8896c8cf5b32565352f7d115,dlstupka/hth-baptisms-san-antonio-1788-1824--1858-1898,9f03a2632820a26b9724dac7a7a62e87776b1b04,dlstupka/hth,4b0d7c9a16b00eb463a94355f4a2aaf9e69af020,2560,1440,0.703125,False,0,-0.0,1.0,0,0,0,0,0,0,0,0,2560,1440,157.258,80.542,254.0,3718.643,5.3728,0.203631,0.055247,0.214,0.498,0.0,False,False,False,False,False,False,0.779,review,very_small_content_region,
507,Baptisms-San-Antonio-Baptism-Records-1788-1824--1858-1898_p501-690.docx,8,raw/fs_0507.png,b1f4c3e26c5096ac7905cf9ad2ae446f1366ae49eb85cbc97d01c33c4c79005d,dlstupka/hth-baptisms-san-antonio-1788-1824--1858-1898,9f03a2632820a26b9724dac7a7a62e87776b1b04,dlstupka/hth,4b0d7c9a16b00eb463a94355f4a2aaf9e69af020,2560,1440,0.703125,False,0,-0.0,1.0,0,0,0,0,0,0,0,0,2560,1440,158.913,79.8,254.0,3668.537,5.4093,0.197977,0.055245,0.214,0.49,0.0,False,False,False,False,False,False,0.782,review,very_small_content_region,
508,Baptisms-San-Antonio-Baptism-Records-1788-1824--1858-1898_p501-690.docx,9,raw/fs_0508.png,5219da2c2087949e82d298355934bcc97787e06fec159fbafda110e458294c48,dlstupka/hth-baptisms-san-antonio-1788-1824--1858-1898,9f03a2632820a26b9724dac7a7a62e87776b1b04,dlstupka/hth,4b0d7c9a16b00eb463a94355f4a2aaf9e69af020,2560,1440,0.703125,False,0,-0.0,1.0,0,0,0,0,0,0,0,0,2560,1440,172.138,70.91,254.0,3944.856,5.7409,0.142955,0.055222,0.214,0.559,0.0,False,False,False,False,False,False,0.801,review,very_small_content_region,
509,Baptisms-San-Antonio-Baptism-Records-1788-1824--1858-1898_p501-690.docx,10,raw/fs_0509.png,cc0a60ccb6c445a2f211864b98a2f94d30440dfbabf225d7f203080d3c572cc1,dlstupka/hth-baptisms-san-antonio-1788-1824--1858-1898,9f03a2632820a26b9724dac7a7a62e87776b1b04,dlstupka/hth,4b0d7c9a16b00eb463a94355f4a2aaf9e69af020,2560,1440,0.703125,False,0,-0.0,1.0,0,0,0,0,0,0,0,0,2560,1440,159.261,79.526,254.0,3650.528,5.4087,0.195586,0.055255,0.214,0.495,0.0,False,False,False,False,False,False,0.782,review,very_small_content_region,
510,Baptisms-San-Antonio-Baptism-Records-1788-1824--1858-1898_p501-690.docx,11,raw/fs_0510.png,0e40bcf85a1081cc2f8338fd06e4ebab90d5d0dea5ebb6f852745b2a274802c1,dlstupka/hth-baptisms-san-antonio-1788-1824--1858-1898,9f03a2632820a26b9724dac7a7a62e87776b1b04,dlstupka/hth,4b0d7c9a16b00eb463a94355f4a2aaf9e69af020,2560,1440,0.703125,False,0,-0.0,1.0,0,0,0,0,0,0,0,0,2560,1440,159.163,79.154,254.0,3584.56,5.3837,0.192557,0.05524,0.215,0.493,0.0,False,False,False,False,False,False,0.782,review,very_small_content_region,
511,Baptisms-San-Antonio-Baptism-Records-1788-1824--1858-1898_p501-690.docx,12,raw/fs_0511.png,6a1a4f4e2923a475ec61e6fb2a039a52470e58c651c0cf34ad85ae6569d1ceaa,dlstupka/hth-baptisms-san-antonio-1788-1824--1858-1898,9f03a2632820a26b9724dac7a7a62e87776b1b04,dlstupka/hth,4b0d7c9a16b00eb463a94355f4a2aaf9e69af020,2560,1440,0.703125,False,0,-0.0,1.0,0,0,0,0,0,0,0,0,2560,1440,161.382,78.021,254.0,3099.69,5.3527,0.181995,0.05523,0.215,0.471,0.0,False,False,False,False,False,False,0.785,review,very_small_content_region,
512,Baptisms-San-Antonio-Baptism-Records-1788-1824--1858-1898_p501-690.docx,13,raw/fs_0512.png,213fa19eb3da716a5ed7b8076ec9193af1af6bbc3d50cf78f809096685b0c075,dlstupka/hth-baptisms-san-antonio-1788-1824--1858-1898,9f03a2632820a26b9724dac7a7a62e87776b1b04,dlstupka/hth,4b0d7c9a16b00eb463a94355f4a2aaf9e69af020,2560,1440,0.703125,False,0,-0.0,1.0,0,0,0,0,0,0,0,0,2560,1440,157.19,80.23,254.0,3532.142,5.4034,0.201364,0.055202,0.215,0.487,0.0,False,False,False,False,False,False,0.779,review,very_small_content_region,
513,Baptisms-San-Antonio-Baptism-Records-1788-1824--1858-1898_p501-690.docx,14,raw/fs_0513.png,7df19b67541c725fd2212b64b51f13e1ec93b412705e7624bf65122cd4b6acae,dlstupka/hth-baptisms-san-antonio-1788-1824--1858-1898,9f03a2632820a26b9724dac7a7a62e87776b1b04,dlstupka/hth,4b0d7c9a16b00eb463a94355f4a2aaf9e69af020,2560,1440,0.703125,False,0,-0.0,1.0,0,0,0,0,0,0,0,0,2560,1440,159.824,79.05,254.0,4018.486,5.4383,0.19291,0.05525,0.215,0.5,0.0,False,False,False,False,False,False,0.783,review,very_small_content_region,
514,Baptisms-San-Antonio-Baptism-Records-1788-1824--1858-1898_p501-690.docx,15,raw/fs_0514.png,9b3d27684ddb3dc9b60f1fe76f6ab42f46ca3732ef5a75738451434356b3dd72,dlstupka/hth-baptisms-san-antonio-1788-1824--1858-1898,9f03a2632820a26b9724dac7a7a62e87776b1b04,dlstupka/hth,4b0d7c9a16b00eb463a94355f4a2aaf9e69af020,2560,1440,0.703125,False,0,-0.0,1.0,0,0,0,0,0,0,0,0,2560,1440,156.924,80.642,254.0,3627.54,5.4433,0.204055,0.055236,0.215,0.498,0.0,False,False,False,False,False,False,0.779,review,very_small_content_region,
515,Baptisms-San-Antonio-Baptism-Records-1788-1824--1858-1898_p501-690.docx,16,raw/fs_0515.png,e547b7ba9c2d96ee7176a46b9da1660bc99744bfd3b890b464d50bbe842f2ef3,dlstupka/hth-baptisms-san-antonio-1788-1824--1858-1898,9f03a2632820a26b9724dac7a7a62e87776b1b04,dlstupka/hth,4b0d7c9a16b00eb463a94355f4a2aaf9e69af020,2560,1440,0.703125,False,0,-0.0,1.0,0,0,0,0,0,0,0,0,2560,1440,160.027,78.386,254.0,3250.387,5.3606,0.187023,0.05525,0.215,0.473,0.0,False,False,False,False,False,False,0.783,review,very_small_content_region,
516,Baptisms-San-Antonio-Baptism-Records-1788-1824--1858-1898_p501-690.docx,17,raw/fs_0516.png,c574681575e00566b8c2050214e58f4c03b5164b8c0254cee77da460001d45d5,dlstupka/hth-baptisms-san-antonio-1788-1824--1858-1898,9f03a2632820a26b9724dac7a7a62e87776b1b04,dlstupka/hth,4b0d7c9a16b00eb463a94355f4a2aaf9e69af020,2560,1440,0.703125,False,0,-0.0,1.0,0,0,0,0,0,0,0,0,2560,1440,157.896,79.484,254.0,3771.44,5.4241,0.19615,0.055247,0.215,0.498,0.0,False,False,False,False,False,False,0.78,review,very_small_content_region,
517,Baptisms-San-Antonio-Baptism-Records-1788-1824--1858-1898_p501-690.docx,18,raw/fs_0517.png,d071a837189acf1e631557cc53ee95098237ff05e22592fcfbfcf0fcec8fee02,dlstupka/hth-baptisms-san-antonio-1788-1824--1858-1898,9f03a2632820a26b9724dac7a7a62e87776b1b04,dlstupka/hth,4b0d7c9a16b00eb463a94355f4a2aaf9e69af020,2560,1440,0.703125,False,0,-0.0,1.0,0,0,0,0,0,0,0,0,2560,1440,157.344,80.014,254.0,3528.784,5.4079,0.200279,0.055261,0.215,0.492,0.0,False,False,False,False,False,False,0.779,review,very_small_content_region,
518,Baptisms-San-Antonio-Baptism-Records-1788-1824--1858-1898_p501-690.docx,19,raw/fs_0518.png,ea5827a2f2a049ac54256919e3f6f6ae4583785c3d38d776407321eb831ac5e3,dlstupka/hth-baptisms-san-antonio-1788-1824--1858-1898,9f03a2632820a26b9724dac7a7a62e87776b1b04,dlstupka/hth,4b0d7c9a16b00eb463a94355f4a2aaf9e69af020,2560,1440,0.703125,False,0,-0.0,1.0,0,0,0,0,0,0,0,0,2560,1440,159.269,78.217,254.0,4053.117,5.5315,0.189858,0.055249,0.215,0.513,0.0,False,False,False,False,False,False,0.782,review,very_small_content_region,
519,Baptisms-San-Antonio-Baptism-Records-1788-1824--1858-1898_p501-690.docx,20,raw/fs_0519.png,cb102ef6452a70759bf0179e1a27c3a5b9c88405839a3ee956a65b011c1cbec0,dlstupka/hth-baptisms-san-antonio-1788-1824--1858-1898,9f03a2632820a26b9724dac7a7a62e87776b1b04,dlstupka/hth,4b0d7c9a16b00eb463a94355f4a2aaf9e69af020,2560,1440,0.703125,False,0,-0.0,1.0,0,0,0,0,0,0,0,0,2560,1440,159.219,78.556,254.0,4065.902,5.5278,0.191314,0.055236,0.216,0.513,0.0,False,False,False,False,False,False,0.782,review,very_small_content_region,
520,Baptisms-San-Antonio-Baptism-Records-1788-1824--1858-1898_p501-690.docx,21,raw/fs_0520.png,f0622fbac651245a9c47680e7f903c02ad8afd0cd6e1bb61d7b2924cf44bec9d,dlstupka/hth-baptisms-san-antonio-1788-1824--1858-1898,9f03a2632820a26b9724dac7a7a62e87776b1b04,dlstupka/hth,4b0d7c9a16b00eb463a94355f4a2aaf9e69af020,2560,1440,0.703125,False,0,-0.0,1.0,0,0,0,0,0,0,0,0,2560,1440,160.972,77.075,254.0,3967.657,5.4939,0.182715,0.055264,0.216,0.511,0.0,False,False,False,False,False,False,0.785,review,very_small_content_region,
521,Baptisms-San-Antonio-Baptism-Records-1788-1824--1858-1898_p501-690.docx,22,raw/fs_0521.png,b53d935dfe2bcf9e84448f40b8f878bfcaf8018a5050346731d3f52f9f90b67f,dlstupka/hth-baptisms-san-antonio-1788-1824--1858-1898,9f03a2632820a26b9724dac7a7a62e87776b1b04,dlstupka/hth,4b0d7c9a16b00eb463a94355f4a2aaf9e69af020,2560,1440,0.703125,False,0,-0.0,1.0,0,0,0,0,0,0,0,0,2560,1440,159.205,77.72,254.0,3612.271,5.514,0.185148,0.055264,0.215,0.499,0.0,False,False,False,False,False,False,0.782,review,very_small_content_region,
522,Baptisms-San-Antonio-Baptism-Records-1788-1824--1858-1898_p501-690.docx,23,raw/fs_0522.png,e799397091528c0f861d07e52b0d4eb06c1b960442be547a614f8dbcc841b205,dlstupka/hth-baptisms-san-antonio-1788-1824--1858-1898,9f03a2632820a26b9724dac7a7a62e87776b1b04,dlstupka/hth,4b0d7c9a16b00eb463a94355f4a2aaf9e69af020,2560,1440,0.703125,False,0,-0.0,1.0,0,0,0,0,0,0,0,0,2560,1440,160.712,78.062,254.0,3965.923,5.4652,0.186305,0.055254,0.215,0.511,0.0,False,False,False,False,False,False,0.784,review,very_small_content_region,
523,Baptisms-San-Antonio-Baptism-Records-1788-1824--1858-1898_p501-690.docx,24,raw/fs_0523.png,32f4bb4c3fa5521e6c8d1ebc229ae5f943330cc8a8573719444e61125d36a78f,dlstupka/hth-baptisms-san-antonio-1788-1824--1858-1898,9f03a2632820a26b9724dac7a7a62e87776b1b04,dlstupka/hth,4b0d7c9a16b00eb463a94355f4a2aaf9e69af020,2560,1440,0.703125,False,0,-0.0,1.0,0,0,0,0,0,0,0,0,2560,1440,159.79,78.026,254.0,3446.4,5.4514,0.187162,0.055283,0.215,0.48,0.0,False,False,False,False,False,False,0.783,review,very_small_content_region,
524,Baptisms-San-Antonio-Baptism-Records-1788-1824--1858-1898_p501-690.docx,25,raw/fs_0524.png,df407e69a874f059ff5d5a51df67f8a071ecff6246eacb68848f69d494532a5a,dlstupka/hth-baptisms-san-antonio-1788-1824--1858-1898,9f03a2632820a26b9724dac7a7a62e87776b1b04,dlstupka/hth,4b0d7c9a16b00eb463a94355f4a2aaf9e69af020,2560,1440,0.703125,False,0,-0.0,1.0,0,0,0,0,0,0,0,0,2560,1440,163.091,77.028,254.0,4097.866,5.4993,0.177452,0.055295,0.218,0.507,0.0,False,False,False,False,False,False,0.788,review,very_small_content_region,
525,Baptisms-San-Antonio-Baptism-Records-1788-1824--1858-1898_p501-690.docx,26,raw/fs_0525.png,fc5706205b960911b8017b0975694e523417b5d64246097c8be36f31e2812f6e,dlstupka/hth-baptisms-san-antonio-1788-1824--1858-1898,9f03a2632820a26b9724dac7a7a62e87776b1b04,dlstupka/hth,4b0d7c9a16b00eb463a94355f4a2aaf9e69af020,2560,1440,0.703125,False,0,-0.0,1.0,0,0,0,0,0,0,0,0,2560,1440,161.809,76.368,254.0,3806.665,5.4198,0.175697,0.055274,0.217,0.513,0.0,False,False,False,False,False,False,0.786,review,very_small_content_region,
526,Baptisms-San-Antonio-Baptism-Records-1788-1824--1858-1898_p501-690.docx,27,raw/fs_0526.png,f62e3535dc6ffb76b479cd960a00d375fea69d51104cc5e3b6e251d493a9128c,dlstupka/hth-baptisms-san-antonio-1788-1824--1858-1898,9f03a2632820a26b9724dac7a7a62e87776b1b04,dlstupka/hth,4b0d7c9a16b00eb463a94355f4a2aaf9e69af020,2560,1440,0.703125,False,0,-0.0,1.0,0,0,0,0,0,0,0,0,2560,1440,160.551,77.288,254.0,3905.201,5.433,0.180862,0.055283,0.217,0.506,0.0,False,False,False,False,False,False,0.784,review,very_small_content_region,
527,Baptisms-San-Antonio-Baptism-Records-1788-1824--1858-1898_p501-690.docx,28,raw/fs_0527.png,192f240767cf37a9a95989f6c7fdcb7b241dccf757643e1b0baadac78fd069c2,dlstupka/hth-baptisms-san-antonio-1788-1824--1858-1898,9f03a2632820a26b9724dac7a7a62e87776b1b04,dlstupka/hth,4b0d7c9a16b00eb463a94355f4a2aaf9e69af020,2560,1440,0.703125,False,0,-0.0,1.0,0,0,0,0,0,0,0,0,2560,1440,165.355,73.914,254.0,3716.341,5.4539,0.159081,0.055271,0.217,0.498,0.0,False,False,False,False,False,False,0.791,review,very_small_content_region,
528,Baptisms-San-Antonio-Baptism-Records-1788-1824--1858-1898_p501-690.docx,29,raw/fs_0528.png,77c526bc6614f63bf77428e224e013759978dfbc57b4b5c9c533982134b61dd4,dlstupka/hth-baptisms-san-antonio-1788-1824--1858-1898,9f03a2632820a26b9724dac7a7a62e87776b1b04,dlstupka/hth,4b0d7c9a16b00eb463a94355f4a2aaf9e69af020,2560,1440,0.703125,False,0,-0.0,1.0,0,0,0,0,0,0,0,0,2560,1440,163.482,75.455,254.0,3567.36,5.4528,0.168741,0.055269,0.217,0.49,0.0,False,False,False,False,False,False,0.788,review,very_small_content_region,
529,Baptisms-San-Antonio-Baptism-Records-1788-1824--1858-1898_p501-690.docx,30,raw/fs_0529.png,595b2690324a9836356c0211d1904b6c9855e5040585ce9ad60d468b8fffde81,dlstupka/hth-baptisms-san-antonio-1788-1824--1858-1898,9f03a2632820a26b9724dac7a7a62e87776b1b04,dlstupka/hth,4b0d7c9a16b00eb463a94355f4a2aaf9e69af020,2560,1440,0.703125,False,0,-0.0,1.0,0,0,0,0,0,0,0,0,2560,1440,159.279,78.479,254.0,3631.763,5.4914,0.189176,0.055255,0.217,0.496,0.0,False,False,False,False,False,False,0.782,review,very_small_content_region,
530,Baptisms-San-Antonio-Baptism-Records-1788-1824--1858-1898_p501-690.docx,31,raw/fs_0530.png,5b4fb6f9274804beb33213504f7521df95360de34d7da6954a00a45afc8ec17a,dlstupka/hth-baptisms-san-antonio-1788-1824--1858-1898,9f03a2632820a26b9724dac7a7a62e87776b1b04,dlstupka/hth,4b0d7c9a16b00eb463a94355f4a2aaf9e69af020,2560,1440,0.703125,False,0,-0.0,1.0,0,0,0,0,0,0,0,0,2560,1440,160.724,77.932,254.0,3208.054,5.4464,0.183648,0.055231,0.217,0.488,0.0,False,False,False,False,False,False,0.784,review,very_small_content_region,
531,Baptisms-San-Antonio-Baptism-Records-1788-1824--1858-1898_p501-690.docx,32,raw/fs_0531.png,8477e0a9425a0be4787b6767a32ea9c5c6408a8e234f89b5eee72d5425071d06,dlstupka/hth-baptisms-san-antonio-1788-1824--1858-1898,9f03a2632820a26b9724dac7a7a62e87776b1b04,dlstupka/hth,4b0d7c9a16b00eb463a94355f4a2aaf9e69af020,2560,1440,0.703125,False,0,-0.0,1.0,0,0,0,0,0,0,0,0,2560,1440,158.916,78.964,254.0,3803.252,5.5093,0.193753,0.055255,0.218,0.505,0.0,False,False,False,False,False,False,0.782,review,very_small_content_region,
532,Baptisms-San-Antonio-Baptism-Records-1788-1824--1858-1898_p501-690.docx,33,raw/fs_0532.png,2ecb3f70169c57e9d1215b4f5103e561a12c0c68c68086a859e8ea8494bb6ee3,dlstupka/hth-baptisms-san-antonio-1788-1824--1858-1898,9f03a2632820a26b9724dac7a7a62e87776b1b04,dlstupka/hth,4b0d7c9a16b00eb463a94355f4a2aaf9e69af020,2560,1440,0.703125,False,0,-0.0,1.0,0,0,0,0,0,0,0,0,2560,1440,167.186,73.796,254.0,3368.211,5.3191,0.157613,0.055276,0.216,0.474,0.0,False,False,False,False,False,False,0.794,review,very_small_content_region,
533,Baptisms-San-Antonio-Baptism-Records-1788-1824--1858-1898_p501-690.docx,34,raw/fs_0533.png,8c78aa30c8f51028340741d15b505827cf615a71993621f5b8b222f4fe4c37c8,dlstupka/hth-baptisms-san-antonio-1788-1824--1858-1898,9f03a2632820a26b9724dac7a7a62e87776b1b04,dlstupka/hth,4b0d7c9a16b00eb463a94355f4a2aaf9e69af020,2560,1440,0.703125,False,0,-0.0,1.0,0,0,0,0,0,0,0,0,2560,1440,161.92,76.884,254.0,3913.475,5.5141,0.180185,0.055286,0.216,0.514,0.0,False,False,False,False,False,False,0.786,review,very_small_content_region,
534,Baptisms-San-Antonio-Baptism-Records-1788-1824--1858-1898_p501-690.docx,35,raw/fs_0534.png,3cc03160ba558b9d59e390b81c7bdf3ac4fef5743e1c4ea1d8de2271fd023338,dlstupka/hth-baptisms-san-antonio-1788-1824--1858-1898,9f03a2632820a26b9724dac7a7a62e87776b1b04,dlstupka/hth,4b0d7c9a16b00eb463a94355f4a2aaf9e69af020,2560,1440,0.703125,False,0,-0.0,1.0,0,0,0,0,0,0,0,0,2560,1440,163.149,78.406,254.0,3939.391,5.4209,0.185439,0.055309,0.217,0.501,0.0,False,False,False,False,False,False,0.788,review,very_small_content_region,
535,Baptisms-San-Antonio-Baptism-Records-1788-1824--1858-1898_p501-690.docx,36,raw/fs_0535.png,037dc27fc1b78441137a47135427c60c8cb4e8534de37fd3e8966e95f3672753,dlstupka/hth-baptisms-san-antonio-1788-1824--1858-1898,9f03a2632820a26b9724dac7a7a62e87776b1b04,dlstupka/hth,4b0d7c9a16b00eb463a94355f4a2aaf9e69af020,2560,1440,0.703125,False,0,-0.0,1.0,0,0,0,0,0,0,0,0,2560,1440,159.391,79.384,254.0,4003.924,5.497,0.197121,0.055271,0.216,0.51,0.0,False,False,False,False,False,False,0.782,review,very_small_content_region,
536,Baptisms-San-Antonio-Baptism-Records-1788-1824--1858-1898_p501-690.docx,37,raw/fs_0536.png,b87df067530fc3442e50b66401318768f6aa8dfbf1d369a4f1e70bd688bd767d,dlstupka/hth-baptisms-san-antonio-1788-1824--1858-1898,9f03a2632820a26b9724dac7a7a62e87776b1b04,dlstupka/hth,4b0d7c9a16b00eb463a94355f4a2aaf9e69af020,2560,1440,0.703125,False,0,-0.0,1.0,0,0,0,0,0,0,0,0,2560,1440,158.369,79.496,254.0,3627.658,5.3864,0.196856,0.055329,0.216,0.5,0.0,False,False,False,False,False,False,0.781,review,very_small_content_region,
537,Baptisms-San-Antonio-Baptism-Records-1788-1824--1858-1898_p501-690.docx,38,raw/fs_0537.png,bfd55303526114992e2fbff1faf661811878e5805a1c29f64e1172ad0b1e237a,dlstupka/hth-baptisms-san-antonio-1788-1824--1858-1898,9f03a2632820a26b9724dac7a7a62e87776b1b04,dlstupka/hth,4b0d7c9a16b00eb463a94355f4a2aaf9e69af020,2560,1440,0.703125,False,0,-0.0,1.0,0,0,0,0,0,0,0,0,2560,1440,161.068,78.796,254.0,3798.925,5.3839,0.19071,0.055306,0.216,0.506,0.0,False,False,False,False,False,False,0.785,review,very_small_content_region,
538,Baptisms-San-Antonio-Baptism-Records-1788-1824--1858-1898_p501-690.docx,39,raw/fs_0538.png,5d26c9a1e09b970032a4f1094d173cc4b95407efbd220e83f12f7b2077f079e2,dlstupka/hth-baptisms-san-antonio-1788-1824--1858-1898,9f03a2632820a26b9724dac7a7a62e87776b1b04,dlstupka/hth,4b0d7c9a16b00eb463a94355f4a2aaf9e69af020,2560,1440,0.703125,False,0,-0.0,1.0,0,0,0,0,0,0,0,0,2560,1440,160.744,78.481,254.0,3403.15,5.3385,0.186837,0.055299,0.216,0.5,0.0,False,False,False,False,False,False,0.784,review,very_small_content_region,
539,Baptisms-San-Antonio-Baptism-Records-1788-1824--1858-1898_p501-690.docx,40,raw/fs_0539.png,bd0b82ec6e4c9e7a7b890aac134551e9de55888aac4c854730677dc596c366c1,dlstupka/hth-baptisms-san-antonio-1788-1824--1858-1898,9f03a2632820a26b9724dac7a7a62e87776b1b04,dlstupka/hth,4b0d7c9a16b00eb463a94355f4a2aaf9e69af020,2560,1440,0.703125,False,0,-0.0,1.0,0,0,0,0,0,0,0,0,2560,1440,165.739,75.3,254.0,3558.315,5.3186,0.165958,0.055309,0.218,0.484,0.0,False,False,False,False,False,False,0.792,review,very_small_content_region,
540,Baptisms-San-Antonio-Baptism-Records-1788-1824--1858-1898_p501-690.docx,41,raw/fs_0540.png,75c7ff29b3063ae21a0fc9a5b8258b7674d94eccacbcf5bc895072893a4e2f15,dlstupka/hth-baptisms-san-antonio-1788-1824--1858-1898,9f03a2632820a26b9724dac7a7a62e87776b1b04,dlstupka/hth,4b0d7c9a16b00eb463a94355f4a2aaf9e69af020,2560,1440,0.703125,False,0,-0.0,1.0,0,0,0,0,0,0,0,0,2560,1440,160.96,78.587,254.0,3823.16,5.3539,0.187916,0.055293,0.216,0.511,0.0,False,False,False,False,False,False,0.785,review,very_small_content_region,
541,Baptisms-San-Antonio-Baptism-Records-1788-1824--1858-1898_p501-690.docx,42,raw/fs_0541.png,cdf512a5f0e83956b4074ebebb2b9a7ca55c138e9d2afcc323a68f5050c25a91,dlstupka/hth-baptisms-san-antonio-1788-1824--1858-1898,9f03a2632820a26b9724dac7a7a62e87776b1b04,dlstupka/hth,4b0d7c9a16b00eb463a94355f4a2aaf9e69af020,2560,1440,0.703125,False,0,-0.0,1.0,0,0,0,0,0,0,0,0,2560,1440,159.384,79.328,254.0,3723.338,5.4075,0.194444,0.055296,0.216,0.51,0.0,False,False,False,False,False,False,0.782,review,very_small_content_region,
542,Baptisms-San-Antonio-Baptism-Records-1788-1824--1858-1898_p501-690.docx,43,raw/fs_0542.png,fc76a2287431f5c8effc12b08b3f22809b9b26b394f364edd07068a7a4e4603f,dlstupka/hth-baptisms-san-antonio-1788-1824--1858-1898,9f03a2632820a26b9724dac7a7a62e87776b1b04,dlstupka/hth,4b0d7c9a16b00eb463a94355f4a2aaf9e69af020,2560,1440,0.703125,False,0,-0.0,1.0,0,0,0,0,0,0,0,0,2560,1440,159.395,79.262,254.0,3697.49,5.3571,0.196812,0.05532,0.216,0.503,0.0,False,False,False,False,False,False,0.782,review,very_small_content_region,
543,Baptisms-San-Antonio-Baptism-Records-1788-1824--1858-1898_p501-690.docx,44,raw/fs_0543.png,3b5195089b197b1057563d29163be646aa8ee2d645ca5e45a49744e2fefb2fdc,dlstupka/hth-baptisms-san-antonio-1788-1824--1858-1898,9f03a2632820a26b9724dac7a7a62e87776b1b04,dlstupka/hth,4b0d7c9a16b00eb463a94355f4a2aaf9e69af020,2560,1440,0.703125,False,0,-0.0,1.0,0,0,0,0,0,0,0,0,2560,1440,156.347,80.387,254.0,3803.922,5.4002,0.207118,0.055293,0.219,0.503,0.0,False,False,False,False,False,False,0.778,review,very_small_content_region,
544,Baptisms-San-Antonio-Baptism-Records-1788-1824--1858-1898_p501-690.docx,45,raw/fs_0544.png,9bc89e9c2528aeeee12509133588e92d939bdb532b2229a0c243ba88026014c3,dlstupka/hth-baptisms-san-antonio-1788-1824--1858-1898,9f03a2632820a26b9724dac7a7a62e87776b1b04,dlstupka/hth,4b0d7c9a16b00eb463a94355f4a2aaf9e69af020,2560,1440,0.703125,False,0,-0.0,1.0,0,0,0,0,0,0,0,0,2560,1440,155.512,81.341,254.0,3771.815,5.45,0.213873,0.055296,0.216,0.502,0.0,False,False,False,False,False,False,0.777,review,very_small_content_region,
545,Baptisms-San-Antonio-Baptism-Records-1788-1824--1858-1898_p501-690.docx,46,raw/fs_0545.png,ea21b3c4e7118afb709299bf87c01f26f675e2f421efd178fa089633cb26f5ca,dlstupka/hth-baptisms-san-antonio-1788-1824--1858-1898,9f03a2632820a26b9724dac7a7a62e87776b1b04,dlstupka/hth,4b0d7c9a16b00eb463a94355f4a2aaf9e69af020,2560,1440,0.703125,False,0,-0.0,1.0,0,0,0,0,0,0,0,0,2560,1440,156.499,80.713,254.0,3647.696,5.4105,0.207765,0.055296,0.216,0.497,0.0,False,False,False,False,False,False,0.778,review,very_small_content_region,
546,Baptisms-San-Antonio-Baptism-Records-1788-1824--1858-1898_p501-690.docx,47,raw/fs_0546.png,f30c8996bbc3e0c1e1b0e5a6adcbe5ae2eef22541fe6c864c44302609fec7e98,dlstupka/hth-baptisms-san-antonio-1788-1824--1858-1898,9f03a2632820a26b9724dac7a7a62e87776b1b04,dlstupka/hth,4b0d7c9a16b00eb463a94355f4a2aaf9e69af020,2560,1440,0.703125,False,0,-0.0,1.0,0,0,0,0,0,0,0,0,2560,1440,162.18,78.608,254.0,3305.546,5.3381,0.185557,0.055332,0.218,0.474,0.0,False,False,False,False,False,False,0.787,review,very_small_content_region,
547,Baptisms-San-Antonio-Baptism-Records-1788-1824--1858-1898_p501-690.docx,48,raw/fs_0547.png,cf145a83ca355b20ec222fa87a274bf86f1b31b882d326e6007a72d5fcfe9b6b,dlstupka/hth-baptisms-san-antonio-1788-1824--1858-1898,9f03a2632820a26b9724dac7a7a62e87776b1b04,dlstupka/hth,4b0d7c9a16b00eb463a94355f4a2aaf9e69af020,2560,1440,0.703125,False,0,-0.0,1.0,0,0,0,0,0,0,0,0,2560,1440,165.884,74.798,254.0,3298.458,5.2981,0.162079,0.055331,0.217,0.451,0.0,False,False,False,False,False,False,0.792,review,very_small_content_region,
548,Baptisms-San-Antonio-Baptism-Records-1788-1824--1858-1898_p501-690.docx,49,raw/fs_0548.png,d5082ff7b9e09a06118f5972bd38c9242b9c9f737419ecbdc1677f8c1d1730d8,dlstupka/hth-baptisms-san-antonio-1788-1824--1858-1898,9f03a2632820a26b9724dac7a7a62e87776b1b04,dlstupka/hth,4b0d7c9a16b00eb463a94355f4a2aaf9e69af020,2560,1440,0.703125,False,0,-0.0,1.0,0,0,0,0,0,0,0,0,2560,1440,160.66,77.918,254.0,3554.075,5.4438,0.186133,0.055264,0.216,0.5,0.0,False,False,False,False,False,False,0.784,review,very_small_content_region,
549,Baptisms-San-Antonio-Baptism-Records-1788-1824--1858-1898_p501-690.docx,50,raw/fs_0549.png,4df57f0ad001ba058404a15a23eede9630ca43a2438238c52761de45fadc84ea,dlstupka/hth-baptisms-san-antonio-1788-1824--1858-1898,9f03a2632820a26b9724dac7a7a62e87776b1b04,dlstupka/hth,4b0d7c9a16b00eb463a94355f4a2aaf9e69af020,2560,1440,0.703125,False,0,-0.0,1.0,0,0,0,0,0,0,0,0,2560,1440,161.292,77.775,254.0,3382.983,5.3962,0.184596,0.05529,0.216,0.479,0.0,False,False,False,False,False,False,0.785,review,very_small_content_region,
550,Baptisms-San-Antonio-Baptism-Records-1788-1824--1858-1898_p501-690.docx,51,raw/fs_0550.png,18e87c4f0dcbe283cedbbf8d0f488050172b880ee6b49d9f7c5a2e230b7bc7a6,dlstupka/hth-baptisms-san-antonio-1788-1824--1858-1898,9f03a2632820a26b9724dac7a7a62e87776b1b04,dlstupka/hth,4b0d7c9a16b00eb463a94355f4a2aaf9e69af020,2560,1440,0.703125,False,0,-0.0,1.0,0,0,0,0,0,0,0,0,2560,1440,161.6,77.073,254.0,3431.868,5.3823,0.180456,0.055299,0.217,0.481,0.0,False,False,False,False,False,False,0.786,review,very_small_content_region,
551,Baptisms-San-Antonio-Baptism-Records-1788-1824--1858-1898_p501-690.docx,52,raw/fs_0551.png,d318c0c86cbbfe15d260d5e55fb7cbb1ebfe346e6d2b890f4cec3e936bf31992,dlstupka/hth-baptisms-san-antonio-1788-1824--1858-1898,9f03a2632820a26b9724dac7a7a62e87776b1b04,dlstupka/hth,4b0d7c9a16b00eb463a94355f4a2aaf9e69af020,2560,1440,0.703125,False,0,-0.0,1.0,0,0,0,0,0,0,0,0,2560,1440,166.58,73.377,254.0,3801.928,5.3876,0.157963,0.055309,0.216,0.488,0.0,False,False,False,False,False,False,0.793,review,very_small_content_region,
552,Baptisms-San-Antonio-Baptism-Records-1788-1824--1858-1898_p501-690.docx,53,raw/fs_0552.png,4d387f18989b65c5974f95ba7b76ba1922d5814075c0c361fff6af5ac9d031a6,dlstupka/hth-baptisms-san-antonio-1788-1824--1858-1898,9f03a2632820a26b9724dac7a7a62e87776b1b04,dlstupka/hth,4b0d7c9a16b00eb463a94355f4a2aaf9e69af020,2560,1440,0.703125,False,0,-0.0,1.0,0,0,0,0,0,0,0,0,2560,1440,160.51,78.597,254.0,3881.726,5.3827,0.191981,0.055301,0.216,0.499,0.0,False,False,False,False,False,False,0.784,review,very_small_content_region,
553,Baptisms-San-Antonio-Baptism-Records-1788-1824--1858-1898_p501-690.docx,54,raw/fs_0553.png,08c44a49dd2492ffd3cf9cf9910e6bc37d143be605ae8e41fdb460335edbbcb5,dlstupka/hth-baptisms-san-antonio-1788-1824--1858-1898,9f03a2632820a26b9724dac7a7a62e87776b1b04,dlstupka/hth,4b0d7c9a16b00eb463a94355f4a2aaf9e69af020,2560,1440,0.703125,False,0,-0.0,1.0,0,0,0,0,0,0,0,0,2560,1440,160.493,78.459,254.0,3116.693,5.314,0.18611,0.055305,0.217,0.468,0.0,False,False,False,False,False,False,0.784,review,very_small_content_region,
554,Baptisms-San-Antonio-Baptism-Records-1788-1824--1858-1898_p501-690.docx,55,raw/fs_0554.png,b04a899a42f86d23d24de4f37c9030124cbbe4d7e934e079c3b5e6d79bd17c99,dlstupka/hth-baptisms-san-antonio-1788-1824--1858-1898,9f03a2632820a26b9724dac7a7a62e87776b1b04,dlstupka/hth,4b0d7c9a16b00eb463a94355f4a2aaf9e69af020,2560,1440,0.703125,False,0,-0.0,1.0,0,0,0,0,0,0,0,0,2560,1440,169.276,72.824,254.0,3247.536,5.3122,0.149678,0.055304,0.216,0.449,0.0,False,False,False,False,False,False,0.797,review,very_small_content_region,
555,Baptisms-San-Antonio-Baptism-Records-1788-1824--1858-1898_p501-690.docx,56,raw/fs_0555.png,f533bb72db6c8c00725045629374d1af1bf640f1fa92c2093154fcf6d702ddf2,dlstupka/hth-baptisms-san-antonio-1788-1824--1858-1898,9f03a2632820a26b9724dac7a7a62e87776b1b04,dlstupka/hth,4b0d7c9a16b00eb463a94355f4a2aaf9e69af020,2560,1440,0.703125,False,0,-0.0,1.0,0,0,0,0,0,0,0,0,2560,1440,163.48,76.789,254.0,3348.398,5.3022,0.173992,0.055292,0.216,0.466,0.0,False,False,False,False,False,False,0.788,review,very_small_content_region,
556,Baptisms-San-Antonio-Baptism-Records-1788-1824--1858-1898_p501-690.docx,57,raw/fs_0556.png,35579b9675f8132235dcecb0cef8bf313923a2115fcd653e6ea2412c144f4a13,dlstupka/hth-baptisms-san-antonio-1788-1824--1858-1898,9f03a2632820a26b9724dac7a7a62e87776b1b04,dlstupka/hth,4b0d7c9a16b00eb463a94355f4a2aaf9e69af020,2560,1440,0.703125,False,0,-0.0,1.0,0,0,0,0,0,0,0,0,2560,1440,159.057,79.735,254.0,3439.99,5.2918,0.19547,0.055293,0.215,0.487,0.0,False,False,False,False,False,False,0.782,review,very_small_content_region,
557,Baptisms-San-Antonio-Baptism-Records-1788-1824--1858-1898_p501-690.docx,58,raw/fs_0557.png,aed9b368d041fa0de06b0e8e60e8e83951e6fe5ec8fad9b602bf08f512928103,dlstupka/hth-baptisms-san-antonio-1788-1824--1858-1898,9f03a2632820a26b9724dac7a7a62e87776b1b04,dlstupka/hth,4b0d7c9a16b00eb463a94355f4a2aaf9e69af020,2560,1440,0.703125,False,0,-0.0,1.0,0,0,0,0,0,0,0,0,2560,1440,161.376,78.292,254.0,2770.424,5.2744,0.183045,0.055277,0.215,0.431,0.0,False,False,False,False,False,False,0.785,review,very_small_content_region,
558,Baptisms-San-Antonio-Baptism-Records-1788-1824--1858-1898_p501-690.docx,59,raw/fs_0558.png,1f3a4484c4f1389d17666e556f6e0a9d881f61741a7e11285db45f4164a82d57,dlstupka/hth-baptisms-san-antonio-1788-1824--1858-1898,9f03a2632820a26b9724dac7a7a62e87776b1b04,dlstupka/hth,4b0d7c9a16b00eb463a94355f4a2aaf9e69af020,2560,1440,0.703125,False,0,-0.0,1.0,0,0,0,0,0,0,0,0,2560,1440,163.018,76.668,254.0,2972.524,5.261,0.173982,0.055263,0.215,0.443,0.0,False,False,False,False,False,False,0.788,review,very_small_content_region,
559,Baptisms-San-Antonio-Baptism-Records-1788-1824--1858-1898_p501-690.docx,60,raw/fs_0559.png,eebddd53791b71304660d50d6dbc4f69e206bace957e40bb1d9df278682c7278,dlstupka/hth-baptisms-san-antonio-1788-1824--1858-1898,9f03a2632820a26b9724dac7a7a62e87776b1b04,dlstupka/hth,4b0d7c9a16b00eb463a94355f4a2aaf9e69af020,2560,1440,0.703125,False,0,-0.0,1.0,0,0,0,0,0,0,0,0,2560,1440,158.472,80.163,254.0,3067.77,5.2765,0.198199,0.055265,0.215,0.447,0.0,False,False,False,False,False,False,0.781,review,very_small_content_region,
560,Baptisms-San-Antonio-Baptism-Records-1788-1824--1858-1898_p501-690.docx,61,raw/fs_0560.png,df49ded6f41e663f7eadf545ac60c3f7e05284d39da75625c4497995cd7aa5c0,dlstupka/hth-baptisms-san-antonio-1788-1824--1858-1898,9f03a2632820a26b9724dac7a7a62e87776b1b04,dlstupka/hth,4b0d7c9a16b00eb463a94355f4a2aaf9e69af020,2560,1440,0.703125,False,0,-0.0,1.0,0,0,0,0,0,0,0,0,2560,1440,158.443,79.878,254.0,3474.4,5.361,0.197475,0.055248,0.214,0.491,0.0,False,False,False,False,False,False,0.781,review,very_small_content_region,
561,Baptisms-San-Antonio-Baptism-Records-1788-1824--1858-1898_p501-690.docx,62,raw/fs_0561.png,74d817172e752a85b2d605981097145019cf767629f87eca70c7920cd844a281,dlstupka/hth-baptisms-san-antonio-1788-1824--1858-1898,9f03a2632820a26b9724dac7a7a62e87776b1b04,dlstupka/hth,4b0d7c9a16b00eb463a94355f4a2aaf9e69af020,2560,1440,0.703125,False,0,-0.0,1.0,0,0,0,0,0,0,0,0,2560,1440,161.426,78.055,254.0,3183.93,5.3215,0.18345,0.055234,0.217,0.463,0.0,False,False,False,False,False,False,0.785,review,very_small_content_region,
562,Baptisms-San-Antonio-Baptism-Records-1788-1824--1858-1898_p501-690.docx,63,raw/fs_0562.png,8315d592f804208615b483361907d27d6d817359ea613e15a5409e7868f4cd52,dlstupka/hth-baptisms-san-antonio-1788-1824--1858-1898,9f03a2632820a26b9724dac7a7a62e87776b1b04,dlstupka/hth,4b0d7c9a16b00eb463a94355f4a2aaf9e69af020,2560,1440,0.703125,False,0,-0.0,1.0,0,0,0,0,0,0,0,0,2560,1440,157.987,80.511,254.0,3208.794,5.2946,0.200466,0.055219,0.215,0.475,0.0,False,False,False,False,False,False,0.78,review,very_small_content_region,
563,Baptisms-San-Antonio-Baptism-Records-1788-1824--1858-1898_p501-690.docx,64,raw/fs_0563.png,57efb3274dcf845692e30a63b27720d37f92011ac93eb5cbba84af0bef60e0e8,dlstupka/hth-baptisms-san-antonio-1788-1824--1858-1898,9f03a2632820a26b9724dac7a7a62e87776b1b04,dlstupka/hth,4b0d7c9a16b00eb463a94355f4a2aaf9e69af020,2560,1440,0.703125,False,0,-0.0,1.0,0,0,0,0,0,0,0,0,2560,1440,158.751,80.449,254.0,3292.317,5.356,0.19898,0.055206,0.214,0.487,0.0,False,False,False,False,False,False,0.782,review,very_small_content_region,
564,Baptisms-San-Antonio-Baptism-Records-1788-1824--1858-1898_p501-690.docx,65,raw/fs_0564.png,035839e3180430139932d65a4a602ac8963e8e19999e6caea1da118d578c487a,dlstupka/hth-baptisms-san-antonio-1788-1824--1858-1898,9f03a2632820a26b9724dac7a7a62e87776b1b04,dlstupka/hth,4b0d7c9a16b00eb463a94355f4a2aaf9e69af020,2560,1440,0.703125,False,0,-0.0,1.0,0,0,0,0,0,0,0,0,2560,1440,157.068,80.722,254.0,3264.759,5.3072,0.203568,0.05519,0.214,0.483,0.0,False,False,False,False,False,False,0.779,review,very_small_content_region,
565,Baptisms-San-Antonio-Baptism-Records-1788-1824--1858-1898_p501-690.docx,66,raw/fs_0565.png,90f6e1e3305e487f8ced82f64e821d51e328e11cc474d07220ece9d4c217322e,dlstupka/hth-baptisms-san-antonio-1788-1824--1858-1898,9f03a2632820a26b9724dac7a7a62e87776b1b04,dlstupka/hth,4b0d7c9a16b00eb463a94355f4a2aaf9e69af020,2560,1440,0.703125,False,0,-0.0,1.0,0,0,0,0,0,0,0,0,2560,1440,157.984,80.651,254.0,3146.525,5.3297,0.200974,0.055182,0.215,0.463,0.0,False,False,False,False,False,False,0.78,review,very_small_content_region,
566,Baptisms-San-Antonio-Baptism-Records-1788-1824--1858-1898_p501-690.docx,67,raw/fs_0566.png,4b1a765a0df345e380b9839a389688cede8450eeb940e3bf379a59435a3c0fa8,dlstupka/hth-baptisms-san-antonio-1788-1824--1858-1898,9f03a2632820a26b9724dac7a7a62e87776b1b04,dlstupka/hth,4b0d7c9a16b00eb463a94355f4a2aaf9e69af020,2560,1440,0.703125,False,0,-0.0,1.0,0,0,0,0,0,0,0,0,2560,1440,158.562,80.311,254.0,3559.19,5.3083,0.199204,0.05518,0.214,0.493,0.0,False,False,False,False,False,False,0.781,review,very_small_content_region,
567,Baptisms-San-Antonio-Baptism-Records-1788-1824--1858-1898_p501-690.docx,68,raw/fs_0567.png,c330ef85cf3d8221ba5d9d95af456e5bfe3937f1f2ca6a7ee353f259723f26d8,dlstupka/hth-baptisms-san-antonio-1788-1824--1858-1898,9f03a2632820a26b9724dac7a7a62e87776b1b04,dlstupka/hth,4b0d7c9a16b00eb463a94355f4a2aaf9e69af020,2560,1440,0.703125,False,0,-0.0,1.0,0,0,0,0,0,0,0,0,2560,1440,158.052,80.536,254.0,3417.826,5.3012,0.200842,0.055172,0.216,0.5,0.0,False,False,False,False,False,False,0.78,review,very_small_content_region,
568,Baptisms-San-Antonio-Baptism-Records-1788-1824--1858-1898_p501-690.docx,69,raw/fs_0568.png,03bd73af6a790b3b3e48798a7f6025c625d36732bc69cce11e81cf5b6aac3d7a,dlstupka/hth-baptisms-san-antonio-1788-1824--1858-1898,9f03a2632820a26b9724dac7a7a62e87776b1b04,dlstupka/hth,4b0d7c9a16b00eb463a94355f4a2aaf9e69af020,2560,1440,0.703125,False,0,-0.0,1.0,0,0,0,0,0,0,0,0,2560,1440,159.502,78.738,254.0,3770.771,5.3967,0.191223,0.055172,0.214,0.507,0.0,False,False,False,False,False,False,0.783,review,very_small_content_region,
569,Baptisms-San-Antonio-Baptism-Records-1788-1824--1858-1898_p501-690.docx,70,raw/fs_0569.png,aa8f27aa7a6ae6268aaaaf18c3f39a06efef2611970803b58a8aa8c913241425,dlstupka/hth-baptisms-san-antonio-1788-1824--1858-1898,9f03a2632820a26b9724dac7a7a62e87776b1b04,dlstupka/hth,4b0d7c9a16b00eb463a94355f4a2aaf9e69af020,2560,1440,0.703125,False,0,-0.0,1.0,0,0,0,0,0,0,0,0,2560,1440,167.162,74.065,254.0,3654.488,5.3433,0.160147,0.055184,0.215,0.478,0.0,False,False,False,False,False,False,0.794,review,very_small_content_region,
570,Baptisms-San-Antonio-Baptism-Records-1788-1824--1858-1898_p501-690.docx,71,raw/fs_0570.png,198d976a2366ea99d03f59034c936200f1d0f005495d2c7aefafa3df438f0ee7,dlstupka/hth-baptisms-san-antonio-1788-1824--1858-1898,9f03a2632820a26b9724dac7a7a62e87776b1b04,dlstupka/hth,4b0d7c9a16b00eb463a94355f4a2aaf9e69af020,2560,1440,0.703125,False,0,-0.0,1.0,0,0,0,0,0,0,0,0,2560,1440,160.611,78.559,254.0,3603.16,5.3722,0.189318,0.055189,0.214,0.485,0.0,False,False,False,False,False,False,0.784,review,very_small_content_region,
571,Baptisms-San-Antonio-Baptism-Records-1788-1824--1858-1898_p501-690.docx,72,raw/fs_0571.png,59e4803ade8c98d6784764a9231c5cf5cecf1bd4a1e0aa622e2812d1acdbdda1,dlstupka/hth-baptisms-san-antonio-1788-1824--1858-1898,9f03a2632820a26b9724dac7a7a62e87776b1b04,dlstupka/hth,4b0d7c9a16b00eb463a94355f4a2aaf9e69af020,2560,1440,0.703125,False,0,-0.0,1.0,0,0,0,0,0,0,0,0,2560,1440,159.154,79.087,254.0,3762.77,5.4121,0.194281,0.055184,0.214,0.509,0.0,False,False,False,False,False,False,0.782,review,very_small_content_region,
572,Baptisms-San-Antonio-Baptism-Records-1788-1824--1858-1898_p501-690.docx,73,raw/fs_0572.png,a19a75bf5c4497b57f26774012f653d3967db2ca4a0d44f86b0d144b543beae7,dlstupka/hth-baptisms-san-antonio-1788-1824--1858-1898,9f03a2632820a26b9724dac7a7a62e87776b1b04,dlstupka/hth,4b0d7c9a16b00eb463a94355f4a2aaf9e69af020,2560,1440,0.703125,False,0,-0.0,1.0,0,0,0,0,0,0,0,0,2560,1440,158.418,79.731,254.0,3772.634,5.4399,0.199034,0.055184,0.213,0.506,0.0,False,False,False,False,False,False,0.781,review,very_small_content_region,
573,Baptisms-San-Antonio-Baptism-Records-1788-1824--1858-1898_p501-690.docx,74,raw/fs_0573.png,ce3c17ed6507f877c6f715d2ccaf34fbb13a840f413b5994f535baac1aba3193,dlstupka/hth-baptisms-san-antonio-1788-1824--1858-1898,9f03a2632820a26b9724dac7a7a62e87776b1b04,dlstupka/hth,4b0d7c9a16b00eb463a94355f4a2aaf9e69af020,2560,1440,0.703125,False,0,-0.0,1.0,0,0,0,0,0,0,0,0,2560,1440,162.667,77.653,254.0,3318.605,5.3561,0.178665,0.055177,0.213,0.478,0.0,False,False,False,False,False,False,0.787,review,very_small_content_region,
574,Baptisms-San-Antonio-Baptism-Records-1788-1824--1858-1898_p501-690.docx,75,raw/fs_0574.png,4264254f68863c4ba4793245684b00439809902afb18c0c1bf7fad0a08084942,dlstupka/hth-baptisms-san-antonio-1788-1824--1858-1898,9f03a2632820a26b9724dac7a7a62e87776b1b04,dlstupka/hth,4b0d7c9a16b00eb463a94355f4a2aaf9e69af020,2560,1440,0.703125,False,0,-0.0,1.0,0,0,0,0,0,0,0,0,2560,1440,158.77,79.599,254.0,2923.276,5.2891,0.193244,0.055167,0.212,0.447,0.0,False,False,False,False,False,False,0.782,review,very_small_content_region,
575,Baptisms-San-Antonio-Baptism-Records-1788-1824--1858-1898_p501-690.docx,76,raw/fs_0575.png,e9abfea163471b79f874bebbd1f2e7e84f648c25ceffb003bd6052b09678cb0a,dlstupka/hth-baptisms-san-antonio-1788-1824--1858-1898,9f03a2632820a26b9724dac7a7a62e87776b1b04,dlstupka/hth,4b0d7c9a16b00eb463a94355f4a2aaf9e69af020,2560,1440,0.703125,False,0,-0.0,1.0,0,0,0,0,0,0,0,0,2560,1440,164.214,75.473,254.0,3127.278,5.2768,0.166388,0.055162,0.213,0.444,0.0,False,False,False,False,False,False,0.79,review,very_small_content_region,
576,Baptisms-San-Antonio-Baptism-Records-1788-1824--1858-1898_p501-690.docx,77,raw/fs_0576.png,ff417b4b223b2e870e0fbc9a021683f8640ca4482dc1743e3e3e07901a934fec,dlstupka/hth-baptisms-san-antonio-1788-1824--1858-1898,9f03a2632820a26b9724dac7a7a62e87776b1b04,dlstupka/hth,4b0d7c9a16b00eb463a94355f4a2aaf9e69af020,2560,1440,0.703125,False,0,-0.0,1.0,0,0,0,0,0,0,0,0,2560,1440,158.063,80.421,254.0,2960.303,5.3657,0.199628,0.055114,0.212,0.436,0.0,False,False,False,False,False,False,0.78,review,very_small_content_region,
577,Baptisms-San-Antonio-Baptism-Records-1788-1824--1858-1898_p501-690.docx,78,raw/fs_0577.png,306f9fd6e8281b826da4bf79f45916d1aa2fd34f4e1168f10c7e4d5623f7d169,dlstupka/hth-baptisms-san-antonio-1788-1824--1858-1898,9f03a2632820a26b9724dac7a7a62e87776b1b04,dlstupka/hth,4b0d7c9a16b00eb463a94355f4a2aaf9e69af020,2560,1440,0.703125,False,0,-0.0,1.0,0,0,0,0,0,0,0,0,2560,1440,160.271,78.73,254.0,2788.33,5.2991,0.187683,0.055138,0.212,0.429,0.0,False,False,False,False,False,False,0.784,review,very_small_content_region,
578,Baptisms-San-Antonio-Baptism-Records-1788-1824--1858-1898_p501-690.docx,79,raw/fs_0578.png,4ed273627512220b0ece74b29497a998651128a96cd813b17b6852e99ee5ad2d,dlstupka/hth-baptisms-san-antonio-1788-1824--1858-1898,9f03a2632820a26b9724dac7a7a62e87776b1b04,dlstupka/hth,4b0d7c9a16b00eb463a94355f4a2aaf9e69af020,2560,1440,0.703125,False,0,-0.0,1.0,0,0,0,0,0,0,0,0,2560,1440,156.612,81.379,254.0,2995.86,5.331,0.207121,0.055115,0.212,0.458,0.0,False,False,False,False,False,False,0.778,review,very_small_content_region,
579,Baptisms-San-Antonio-Baptism-Records-1788-1824--1858-1898_p501-690.docx,80,raw/fs_0579.png,85a73afa227b9101f1b4d36aa0fa2a87d9b82e34a491b47a231de3ed68a0ee4f,dlstupka/hth-baptisms-san-antonio-1788-1824--1858-1898,9f03a2632820a26b9724dac7a7a62e87776b1b04,dlstupka/hth,4b0d7c9a16b00eb463a94355f4a2aaf9e69af020,2560,1440,0.703125,False,0,-0.0,1.0,0,0,0,0,0,0,0,0,2560,1440,156.627,81.195,254.0,3247.747,5.3669,0.207121,0.055106,0.211,0.49,0.0,False,False,False,False,False,False,0.778,review,very_small_content_region,
580,Baptisms-San-Antonio-Baptism-Records-1788-1824--1858-1898_p501-690.docx,81,raw/fs_0580.png,42f0f6b60a3906957598bdc830a48606ee1954b9ed83fb53ec99760ed8675836,dlstupka/hth-baptisms-san-antonio-1788-1824--1858-1898,9f03a2632820a26b9724dac7a7a62e87776b1b04,dlstupka/hth,4b0d7c9a16b00eb463a94355f4a2aaf9e69af020,2560,1440,0.703125,False,0,-0.0,1.0,0,0,0,0,0,0,0,0,2560,1440,157.182,81.279,254.0,2963.243,5.2567,0.205117,0.055133,0.214,0.459,0.0,False,False,False,False,False,False,0.779,review,very_small_content_region,
581,Baptisms-San-Antonio-Baptism-Records-1788-1824--1858-1898_p501-690.docx,82,raw/fs_0581.png,c8d910090a9e9effe7c6ce93d980ca312e4b0fa6a9bee9e1248ab9e1e3824c9b,dlstupka/hth-baptisms-san-antonio-1788-1824--1858-1898,9f03a2632820a26b9724dac7a7a62e87776b1b04,dlstupka/hth,4b0d7c9a16b00eb463a94355f4a2aaf9e69af020,2560,1440,0.703125,False,0,-0.0,1.0,0,0,0,0,0,0,0,0,2560,1440,157.671,80.546,254.0,2914.5,5.2828,0.200719,0.055142,0.213,0.462,0.0,False,False,False,False,False,False,0.78,review,very_small_content_region,
582,Baptisms-San-Antonio-Baptism-Records-1788-1824--1858-1898_p501-690.docx,83,raw/fs_0582.png,ddc4430d12db0e46f4411cb1cf0418afec699fbf8c04a5899fcc566fc2cee628,dlstupka/hth-baptisms-san-antonio-1788-1824--1858-1898,9f03a2632820a26b9724dac7a7a62e87776b1b04,dlstupka/hth,4b0d7c9a16b00eb463a94355f4a2aaf9e69af020,2560,1440,0.703125,False,0,-0.0,1.0,0,0,0,0,0,0,0,0,2560,1440,158.11,81.329,254.0,2663.343,5.2229,0.203125,0.05515,0.215,0.414,0.0,False,False,False,False,False,False,0.781,review,very_small_content_region,
583,Baptisms-San-Antonio-Baptism-Records-1788-1824--1858-1898_p501-690.docx,84,raw/fs_0583.png,eef037c810e466810437a0d2747c2034d7d02d4cc25e642a11966be64b4aa0d2,dlstupka/hth-baptisms-san-antonio-1788-1824--1858-1898,9f03a2632820a26b9724dac7a7a62e87776b1b04,dlstupka/hth,4b0d7c9a16b00eb463a94355f4a2aaf9e69af020,2560,1440,0.703125,False,0,-0.0,1.0,0,0,0,0,0,0,0,0,2560,1440,160.634,78.916,254.0,2292.691,5.2191,0.188497,0.055169,0.213,0.363,0.0,False,False,False,False,False,False,0.784,review,very_small_content_region,
584,Baptisms-San-Antonio-Baptism-Records-1788-1824--1858-1898_p501-690.docx,85,raw/fs_0584.png,8a115e9b2e6a458041cfad2298c89b1fec39bec10b62e10cc440520d67918786,dlstupka/hth-baptisms-san-antonio-1788-1824--1858-1898,9f03a2632820a26b9724dac7a7a62e87776b1b04,dlstupka/hth,4b0d7c9a16b00eb463a94355f4a2aaf9e69af020,2560,1440,0.703125,False,0,-0.0,1.0,0,0,0,0,0,0,0,0,2560,1440,160.457,79.215,254.0,2745.899,5.2673,0.189875,0.055159,0.213,0.439,0.0,False,False,False,False,False,False,0.784,review,very_small_content_region,
585,Baptisms-San-Antonio-Baptism-Records-1788-1824--1858-1898_p501-690.docx,86,raw/fs_0585.png,5af72ff60139b4c1b3fbf93e396b35c947fa94e72a8b8a7ae2413aefab795d29,dlstupka/hth-baptisms-san-antonio-1788-1824--1858-1898,9f03a2632820a26b9724dac7a7a62e87776b1b04,dlstupka/hth,4b0d7c9a16b00eb463a94355f4a2aaf9e69af020,2560,1440,0.703125,False,0,-0.0,1.0,0,0,0,0,0,0,0,0,2560,1440,158.59,80.72,254.0,3153.153,5.3657,0.201772,0.055102,0.213,0.47,0.0,False,False,False,False,False,False,0.781,review,very_small_content_region,
586,Baptisms-San-Antonio-Baptism-Records-1788-1824--1858-1898_p501-690.docx,87,raw/fs_0586.png,3a82aa65f4592e844fc6d722b8d9ae9e56071008432d319a874a19b1936ec7c7,dlstupka/hth-baptisms-san-antonio-1788-1824--1858-1898,9f03a2632820a26b9724dac7a7a62e87776b1b04,dlstupka/hth,4b0d7c9a16b00eb463a94355f4a2aaf9e69af020,2560,1440,0.703125,False,0,-0.0,1.0,0,0,0,0,0,0,0,0,2560,1440,158.446,79.966,254.0,3434.381,5.3346,0.199799,0.055145,0.212,0.483,0.0,False,False,False,False,False,False,0.781,review,very_small_content_region,
587,Baptisms-San-Antonio-Baptism-Records-1788-1824--1858-1898_p501-690.docx,88,raw/fs_0587.png,9ec0a0e0c770c7ffbbf6ad1be6a92422419c8e776911db8292611fa56198bb56,dlstupka/hth-baptisms-san-antonio-1788-1824--1858-1898,9f03a2632820a26b9724dac7a7a62e87776b1b04,dlstupka/hth,4b0d7c9a16b00eb463a94355f4a2aaf9e69af020,2560,1440,0.703125,False,0,-0.0,1.0,0,0,0,0,0,0,0,0,2560,1440,158.065,81.094,254.0,3530.695,5.339,0.206034,0.055139,0.211,0.485,0.0,False,False,False,False,False,False,0.78,review,very_small_content_region,
588,Baptisms-San-Antonio-Baptism-Records-1788-1824--1858-1898_p501-690.docx,89,raw/fs_0588.png,090dfc57a5a9d7d61111c7397c636891471162db071a59d50871173b59eb494b,dlstupka/hth-baptisms-san-antonio-1788-1824--1858-1898,9f03a2632820a26b9724dac7a7a62e87776b1b04,dlstupka/hth,4b0d7c9a16b00eb463a94355f4a2aaf9e69af020,2560,1440,0.703125,False,0,-0.0,1.0,0,0,0,0,0,0,0,0,2560,1440,171.832,66.378,254.0,3489.748,5.5961,0.123225,0.055122,0.212,0.489,0.0,False,False,False,False,False,False,0.801,review,very_small_content_region,
589,Baptisms-San-Antonio-Baptism-Records-1788-1824--1858-1898_p501-690.docx,90,raw/fs_0589.png,598a5de762cc844ae6894fe5c48d1685d8f5ea5221e4810ef5cae410f593a254,dlstupka/hth-baptisms-san-antonio-1788-1824--1858-1898,9f03a2632820a26b9724dac7a7a62e87776b1b04,dlstupka/hth,4b0d7c9a16b00eb463a94355f4a2aaf9e69af020,2560,1440,0.703125,False,0,-0.0,1.0,0,0,0,0,0,0,0,0,2560,1440,160.979,78.572,254.0,3265.135,5.3728,0.185688,0.055144,0.21,0.469,0.0,False,False,False,False,False,False,0.785,review,very_small_content_region,
590,Baptisms-San-Antonio-Baptism-Records-1788-1824--1858-1898_p501-690.docx,91,raw/fs_0590.png,d4567acd5747264eb468cf9faf0b2a68fa72fd2a9eb215998de692cca2893fda,dlstupka/hth-baptisms-san-antonio-1788-1824--1858-1898,9f03a2632820a26b9724dac7a7a62e87776b1b04,dlstupka/hth,4b0d7c9a16b00eb463a94355f4a2aaf9e69af020,2560,1440,0.703125,False,0,-0.0,1.0,0,0,0,0,0,0,0,0,2560,1440,164.836,76.43,254.0,3663.904,5.3331,0.173236,0.055166,0.211,0.475,0.0,False,False,False,False,False,False,0.79,review,very_small_content_region,
591,Baptisms-San-Antonio-Baptism-Records-1788-1824--1858-1898_p501-690.docx,92,raw/fs_0591.png,a0602964ae55f7a2666a274a6e730347d0913ece691b709488301532f6584850,dlstupka/hth-baptisms-san-antonio-1788-1824--1858-1898,9f03a2632820a26b9724dac7a7a62e87776b1b04,dlstupka/hth,4b0d7c9a16b00eb463a94355f4a2aaf9e69af020,2560,1440,0.703125,False,0,-0.0,1.0,0,0,0,0,0,0,0,0,2560,1440,157.927,81.305,254.0,3532.198,5.3826,0.206524,0.055121,0.212,0.487,0.0,False,False,False,False,False,False,0.78,review,very_small_content_region,
592,Baptisms-San-Antonio-Baptism-Records-1788-1824--1858-1898_p501-690.docx,93,raw/fs_0592.png,22bdebe7b398f4e395839756bc9e0eb8e60f9227a20fe846844fa1b8d5d86ea3,dlstupka/hth-baptisms-san-antonio-1788-1824--1858-1898,9f03a2632820a26b9724dac7a7a62e87776b1b04,dlstupka/hth,4b0d7c9a16b00eb463a94355f4a2aaf9e69af020,2560,1440,0.703125,False,0,-0.0,1.0,0,0,0,0,0,0,0,0,2560,1440,157.585,80.923,254.0,3444.559,5.3312,0.205666,0.055163,0.212,0.485,0.0,False,False,False,False,False,False,0.78,review,very_small_content_region,
593,Baptisms-San-Antonio-Baptism-Records-1788-1824--1858-1898_p501-690.docx,94,raw/fs_0593.png,f75232ece5a8ff23bbe64b58acf6d75ae77c1e36138f8bf4d0570155faf657f4,dlstupka/hth-baptisms-san-antonio-1788-1824--1858-1898,9f03a2632820a26b9724dac7a7a62e87776b1b04,dlstupka/hth,4b0d7c9a16b00eb463a94355f4a2aaf9e69af020,2560,1440,0.703125,False,0,-0.0,1.0,0,0,0,0,0,0,0,0,2560,1440,159.765,79.65,254.0,3540.427,5.3314,0.195998,0.055167,0.211,0.489,0.0,False,False,False,False,False,False,0.783,review,very_small_content_region,
594,Baptisms-San-Antonio-Baptism-Records-1788-1824--1858-1898_p501-690.docx,95,raw/fs_0594.png,37209bb14144eedfce9a2479e76eb2412fb88090e544b5e22fe9a49dbda37ec7,dlstupka/hth-baptisms-san-antonio-1788-1824--1858-1898,9f03a2632820a26b9724dac7a7a62e87776b1b04,dlstupka/hth,4b0d7c9a16b00eb463a94355f4a2aaf9e69af020,2560,1440,0.703125,False,0,-0.0,1.0,0,0,0,0,0,0,0,0,2560,1440,154.833,81.937,254.0,3227.918,5.2678,0.214603,0.055164,0.211,0.489,0.0,False,False,False,False,False,False,0.776,review,very_small_content_region,
595,Baptisms-San-Antonio-Baptism-Records-1788-1824--1858-1898_p501-690.docx,96,raw/fs_0595.png,3a2f9c0d9c9273a6b948bcb5f39ddd98ebeff32c22e7cc2e763ec8e0fd31fc91,dlstupka/hth-baptisms-san-antonio-1788-1824--1858-1898,9f03a2632820a26b9724dac7a7a62e87776b1b04,dlstupka/hth,4b0d7c9a16b00eb463a94355f4a2aaf9e69af020,2560,1440,0.703125,False,0,-0.0,1.0,0,0,0,0,0,0,0,0,2560,1440,155.253,83.637,254.0,3553.07,5.3388,0.223753,0.055161,0.213,0.495,0.0,False,False,False,False,False,False,0.776,review,very_small_content_region,
596,Baptisms-San-Antonio-Baptism-Records-1788-1824--1858-1898_p501-690.docx,97,raw/fs_0596.png,f96e8513847a7227111848ab66d024191a67b7a8e84a1faa3e8fd9865adba3ef,dlstupka/hth-baptisms-san-antonio-1788-1824--1858-1898,9f03a2632820a26b9724dac7a7a62e87776b1b04,dlstupka/hth,4b0d7c9a16b00eb463a94355f4a2aaf9e69af020,2560,1440,0.703125,False,0,-0.0,1.0,0,0,0,0,0,0,0,0,2560,1440,165.856,74.205,254.0,3471.436,5.4566,0.163416,0.055171,0.213,0.497,0.0,False,False,False,False,False,False,0.792,review,very_small_content_region,
597,Baptisms-San-Antonio-Baptism-Records-1788-1824--1858-1898_p501-690.docx,98,raw/fs_0597.png,5a3f585d0a03b58bc4008213b2ce8a83d81d5d1dc5fa3e1d184d519c95a9643f,dlstupka/hth-baptisms-san-antonio-1788-1824--1858-1898,9f03a2632820a26b9724dac7a7a62e87776b1b04,dlstupka/hth,4b0d7c9a16b00eb463a94355f4a2aaf9e69af020,2560,1440,0.703125,False,0,-0.0,1.0,0,0,0,0,0,0,0,0,2560,1440,165.653,73.633,254.0,3744.414,5.4043,0.162195,0.055148,0.215,0.496,0.0,False,False,False,False,False,False,0.792,review,very_small_content_region,
598,Baptisms-San-Antonio-Baptism-Records-1788-1824--1858-1898_p501-690.docx,99,raw/fs_0598.png,00ab7b3e8ca559e8098e5c92c7185d57e020bb4ad8f5fc37149742dc0776dd76,dlstupka/hth-baptisms-san-antonio-1788-1824--1858-1898,9f03a2632820a26b9724dac7a7a62e87776b1b04,dlstupka/hth,4b0d7c9a16b00eb463a94355f4a2aaf9e69af020,2560,1440,0.703125,False,0,-0.0,1.0,0,0,0,0,0,0,0,0,2560,1440,162.301,77.093,254.0,3957.854,5.4426,0.185055,0.055166,0.213,0.508,0.0,False,False,False,False,False,False,0.787,review,very_small_content_region,
599,Baptisms-San-Antonio-Baptism-Records-1788-1824--1858-1898_p501-690.docx,100,raw/fs_0599.png,86e3778a88e0d7c3e4863315e17f067f16ec491ff4804ca79c4e8b91a2a8dade,dlstupka/hth-baptisms-san-antonio-1788-1824--1858-1898,9f03a2632820a26b9724dac7a7a62e87776b1b04,dlstupka/hth,4b0d7c9a16b00eb463a94355f4a2aaf9e69af020,2560,1440,0.703125,False,0,-0.0,1.0,0,0,0,0,0,0,0,0,2560,1440,164.273,72.944,254.0,4554.019,5.7117,0.168583,0.055158,0.216,0.555,0.0,False,False,False,False,False,False,0.79,review,very_small_content_region,
600,Baptisms-San-Antonio-Baptism-Records-1788-1824--1858-1898_p501-690.docx,101,raw/fs_0600.png,cba11852dcf5cd3ecf9af1db0faaa70cfdbef4ebca3a4a2b4746d3e3d303466c,dlstupka/hth-baptisms-san-antonio-1788-1824--1858-1898,9f03a2632820a26b9724dac7a7a62e87776b1b04,dlstupka/hth,4b0d7c9a16b00eb463a94355f4a2aaf9e69af020,2560,1440,0.703125,False,0,-0.0,1.0,0,0,0,0,0,0,0,0,2560,1440,164.979,76.603,254.0,3510.15,5.2647,0.176743,0.055184,0.216,0.506,0.0,False,False,False,False,False,False,0.791,review,very_small_content_region,
601,Baptisms-San-Antonio-Baptism-Records-1788-1824--1858-1898_p501-690.docx,102,raw/fs_0601.png,fb49c5b65816e9a9cda35f6e84e55934be705f554bef11f3023670f004cef6c2,dlstupka/hth-baptisms-san-antonio-1788-1824--1858-1898,9f03a2632820a26b9724dac7a7a62e87776b1b04,dlstupka/hth,4b0d7c9a16b00eb463a94355f4a2aaf9e69af020,2560,1440,0.703125,False,0,-0.0,1.0,0,0,0,0,0,0,0,0,2560,1440,163.782,77.783,254.0,3493.87,5.163,0.180563,0.055184,0.215,0.482,0.0,False,False,False,False,False,False,0.789,review,very_small_content_region,
602,Baptisms-San-Antonio-Baptism-Records-1788-1824--1858-1898_p501-690.docx,103,raw/fs_0602.png,4cd6cd0d13263f46af0ed0309e467e1807ccc91f846e555d74c8093e8d9d09ad,dlstupka/hth-baptisms-san-antonio-1788-1824--1858-1898,9f03a2632820a26b9724dac7a7a62e87776b1b04,dlstupka/hth,4b0d7c9a16b00eb463a94355f4a2aaf9e69af020,2560,1440,0.703125,False,0,-0.0,1.0,0,0,0,0,0,0,0,0,2560,1440,166.258,74.384,254.0,3516.342,5.404,0.163072,0.0552,0.216,0.483,0.0,False,False,False,False,False,False,0.793,review,very_small_content_region,
603,Baptisms-San-Antonio-Baptism-Records-1788-1824--1858-1898_p501-690.docx,104,raw/fs_0603.png,b97712848907ec6ba064efd4e07e0b79acdea3df2b8bce5d4312b1ff7c38013e,dlstupka/hth-baptisms-san-antonio-1788-1824--1858-1898,9f03a2632820a26b9724dac7a7a62e87776b1b04,dlstupka/hth,4b0d7c9a16b00eb463a94355f4a2aaf9e69af020,2560,1440,0.703125,False,0,-0.0,1.0,0,0,0,0,0,0,0,0,2560,1440,166.77,71.639,254.0,3809.509,5.6706,0.153785,0.055179,0.218,0.551,0.0,False,False,False,False,False,False,0.793,review,very_small_content_region,
604,Baptisms-San-Antonio-Baptism-Records-1788-1824--1858-1898_p501-690.docx,105,raw/fs_0604.png,4a83af0bef2f1ffbc6c15f6a46a4b8d47843605623ebf558ad50b0c15f3c1bb1,dlstupka/hth-baptisms-san-antonio-1788-1824--1858-1898,9f03a2632820a26b9724dac7a7a62e87776b1b04,dlstupka/hth,4b0d7c9a16b00eb463a94355f4a2aaf9e69af020,2560,1440,0.703125,False,0,-0.0,1.0,0,0,0,0,0,0,0,0,2560,1440,162.558,76.113,254.0,3715.513,5.469,0.178261,0.055193,0.217,0.533,0.0,False,False,False,False,False,False,0.787,review,very_small_content_region,
605,Baptisms-San-Antonio-Baptism-Records-1788-1824--1858-1898_p501-690.docx,106,raw/fs_0605.png,528d9f1e8f68841020b499801681c357599e8b83123368aa4dd7ca0e88c82a5e,dlstupka/hth-baptisms-san-antonio-1788-1824--1858-1898,9f03a2632820a26b9724dac7a7a62e87776b1b04,dlstupka/hth,4b0d7c9a16b00eb463a94355f4a2aaf9e69af020,2560,1440,0.703125,False,0,-0.0,1.0,0,0,0,0,0,0,0,0,2560,1440,161.235,79.184,254.0,3639.206,5.2903,0.193514,0.055227,0.216,0.474,0.0,False,False,False,False,False,False,0.785,review,very_small_content_region,
606,Baptisms-San-Antonio-Baptism-Records-1788-1824--1858-1898_p501-690.docx,107,raw/fs_0606.png,fe91cd504ed5e0a6dfb8f01ca191681bd9662a3d32122aff94e2be1b0393a1af,dlstupka/hth-baptisms-san-antonio-1788-1824--1858-1898,9f03a2632820a26b9724dac7a7a62e87776b1b04,dlstupka/hth,4b0d7c9a16b00eb463a94355f4a2aaf9e69af020,2560,1440,0.703125,False,0,-0.0,1.0,0,0,0,0,0,0,0,0,2560,1440,170.118,69.969,254.0,3797.149,5.4801,0.141055,0.055207,0.216,0.505,0.0,False,False,False,False,False,False,0.798,review,very_small_content_region,
607,Baptisms-San-Antonio-Baptism-Records-1788-1824--1858-1898_p501-690.docx,108,raw/fs_0607.png,2ad3b10d379ac3aac90fd5ea1e5be6b852c76a23a4965d91b27479dd93aaa75e,dlstupka/hth-baptisms-san-antonio-1788-1824--1858-1898,9f03a2632820a26b9724dac7a7a62e87776b1b04,dlstupka/hth,4b0d7c9a16b00eb463a94355f4a2aaf9e69af020,2560,1440,0.703125,False,0,-0.0,1.0,0,0,0,0,0,0,0,0,2560,1440,169.147,70.323,254.0,2801.818,5.5432,0.143066,0.055206,0.215,0.438,0.0,False,False,False,False,False,False,0.797,review,very_small_content_region,
608,Baptisms-San-Antonio-Baptism-Records-1788-1824--1858-1898_p501-690.docx,109,raw/fs_0608.png,6f6c6c00927f531ebf62f10d2a74a501c020856789a13b0878449d18e1774e77,dlstupka/hth-baptisms-san-antonio-1788-1824--1858-1898,9f03a2632820a26b9724dac7a7a62e87776b1b04,dlstupka/hth,4b0d7c9a16b00eb463a94355f4a2aaf9e69af020,2560,1440,0.703125,False,0,-0.0,1.0,0,0,0,0,0,0,0,0,2560,1440,160.915,79.973,254.0,2081.483,5.2102,0.194022,0.055242,0.215,0.331,0.0,False,False,False,False,False,False,0.785,review,very_small_content_region,
609,Baptisms-San-Antonio-Baptism-Records-1788-1824--1858-1898_p501-690.docx,110,raw/fs_0609.png,160c509c914222a04839b9de1893be508ec9b35a9f286095071368d2cb6317f0,dlstupka/hth-baptisms-san-antonio-1788-1824--1858-1898,9f03a2632820a26b9724dac7a7a62e87776b1b04,dlstupka/hth,4b0d7c9a16b00eb463a94355f4a2aaf9e69af020,2560,1440,0.703125,False,0,-0.0,1.0,0,0,0,0,0,0,0,0,2560,1440,159.483,79.801,254.0,2353.215,5.2801,0.195635,0.055211,0.214,0.364,0.0,False,False,False,False,False,False,0.783,review,very_small_content_region,
610,Baptisms-San-Antonio-Baptism-Records-1788-1824--1858-1898_p501-690.docx,111,raw/fs_0610.png,2e42017792bed1a0bec891c4dbdf9cce353a805237280b00efa3181149814927,dlstupka/hth-baptisms-san-antonio-1788-1824--1858-1898,9f03a2632820a26b9724dac7a7a62e87776b1b04,dlstupka/hth,4b0d7c9a16b00eb463a94355f4a2aaf9e69af020,2560,1440,0.703125,False,0,-0.0,1.0,0,0,0,0,0,0,0,0,2560,1440,163.478,77.64,254.0,2463.262,5.2716,0.17869,0.05526,0.214,0.371,0.0,False,False,False,False,False,False,0.788,review,very_small_content_region,
611,Baptisms-San-Antonio-Baptism-Records-1788-1824--1858-1898_p501-690.docx,112,raw/fs_0611.png,89c2c98a5a31fbfd2dfae5c844fdd0826d8aa144472f315495d46c21ac3779cc,dlstupka/hth-baptisms-san-antonio-1788-1824--1858-1898,9f03a2632820a26b9724dac7a7a62e87776b1b04,dlstupka/hth,4b0d7c9a16b00eb463a94355f4a2aaf9e69af020,2560,1440,0.703125,False,0,-0.0,1.0,0,0,0,0,0,0,0,0,2560,1440,174.026,64.038,254.0,2445.881,5.4384,0.111443,0.055253,0.215,0.388,0.0,False,False,False,False,False,False,0.804,review,very_small_content_region,
612,Baptisms-San-Antonio-Baptism-Records-1788-1824--1858-1898_p501-690.docx,113,raw/fs_0612.png,528519be7d0c27f087006b6ef0b3620b328b76d648ec00ce493534e5157b9d5c,dlstupka/hth-baptisms-san-antonio-1788-1824--1858-1898,9f03a2632820a26b9724dac7a7a62e87776b1b04,dlstupka/hth,4b0d7c9a16b00eb463a94355f4a2aaf9e69af020,2560,1440,0.703125,False,0,-0.0,1.0,0,0,0,0,0,0,0,0,2560,1440,161.013,78.028,254.0,3168.095,5.3633,0.185329,0.055256,0.214,0.45,0.0,False,False,False,False,False,False,0.785,review,very_small_content_region,
613,Baptisms-San-Antonio-Baptism-Records-1788-1824--1858-1898_p501-690.docx,114,raw/fs_0613.png,7b84802224223ff495e28d922617866ae1590fdbbb0a6520812752fccccbfc00,dlstupka/hth-baptisms-san-antonio-1788-1824--1858-1898,9f03a2632820a26b9724dac7a7a62e87776b1b04,dlstupka/hth,4b0d7c9a16b00eb463a94355f4a2aaf9e69af020,2560,1440,0.703125,False,0,-0.0,1.0,0,0,0,0,0,0,0,0,2560,1440,157.912,80.067,254.0,3603.551,5.4047,0.200166,0.055234,0.214,0.491,0.0,False,False,False,False,False,False,0.78,review,very_small_content_region,
614,Baptisms-San-Antonio-Baptism-Records-1788-1824--1858-1898_p501-690.docx,115,raw/fs_0614.png,3df188062a531402516bf42130b118f8b7a838af7b94ca56be87ac2de4b16ef5,dlstupka/hth-baptisms-san-antonio-1788-1824--1858-1898,9f03a2632820a26b9724dac7a7a62e87776b1b04,dlstupka/hth,4b0d7c9a16b00eb463a94355f4a2aaf9e69af020,2560,1440,0.703125,False,0,-0.0,1.0,0,0,0,0,0,0,0,0,2560,1440,155.83,81.498,254.0,3583.663,5.3782,0.211848,0.055233,0.214,0.479,0.0,False,False,False,False,False,False,0.777,review,very_small_content_region,
615,Baptisms-San-Antonio-Baptism-Records-1788-1824--1858-1898_p501-690.docx,116,raw/fs_0615.png,de2f0b079a23be9c172038713713857e0e8716a220fac460853c1a9b9b410681,dlstupka/hth-baptisms-san-antonio-1788-1824--1858-1898,9f03a2632820a26b9724dac7a7a62e87776b1b04,dlstupka/hth,4b0d7c9a16b00eb463a94355f4a2aaf9e69af020,2560,1440,0.703125,False,0,-0.0,1.0,0,0,0,0,0,0,0,0,2560,1440,156.493,80.957,254.0,3137.962,5.3609,0.206036,0.055205,0.214,0.455,0.0,False,False,False,False,False,False,0.778,review,very_small_content_region,
616,Baptisms-San-Antonio-Baptism-Records-1788-1824--1858-1898_p501-690.docx,117,raw/fs_0616.png,c05fc2c66ff91e30886ecdb72dc8ca85d5fd081075e2d9a9a141955636f060e9,dlstupka/hth-baptisms-san-antonio-1788-1824--1858-1898,9f03a2632820a26b9724dac7a7a62e87776b1b04,dlstupka/hth,4b0d7c9a16b00eb463a94355f4a2aaf9e69af020,2560,1440,0.703125,False,0,-0.0,1.0,0,0,0,0,0,0,0,0,2560,1440,157.477,80.563,254.0,3009.374,5.3479,0.201395,0.055233,0.217,0.449,0.0,False,False,False,False,False,False,0.78,review,very_small_content_region,
617,Baptisms-San-Antonio-Baptism-Records-1788-1824--1858-1898_p501-690.docx,118,raw/fs_0617.png,2eeed20bafb88eebc6435d4040d1fb33ad8d0d144a3c118f18f62ab5c93f67f3,dlstupka/hth-baptisms-san-antonio-1788-1824--1858-1898,9f03a2632820a26b9724dac7a7a62e87776b1b04,dlstupka/hth,4b0d7c9a16b00eb463a94355f4a2aaf9e69af020,2560,1440,0.703125,False,0,-0.0,1.0,0,0,0,0,0,0,0,0,2560,1440,159.598,80.109,254.0,2997.401,5.3568,0.195064,0.055244,0.215,0.455,0.0,False,False,False,False,False,False,0.783,review,very_small_content_region,
618,Baptisms-San-Antonio-Baptism-Records-1788-1824--1858-1898_p501-690.docx,119,raw/fs_0618.png,99d30d042b1c7f784e7ad4ebe530a1639272c8fe9a646a8d867a7c8f35644c6a,dlstupka/hth-baptisms-san-antonio-1788-1824--1858-1898,9f03a2632820a26b9724dac7a7a62e87776b1b04,dlstupka/hth,4b0d7c9a16b00eb463a94355f4a2aaf9e69af020,2560,1440,0.703125,False,0,-0.0,1.0,0,0,0,0,0,0,0,0,2560,1440,157.865,79.607,254.0,2942.355,5.3523,0.194664,0.05521,0.215,0.457,0.0,False,False,False,False,False,False,0.78,review,very_small_content_region,
619,Baptisms-San-Antonio-Baptism-Records-1788-1824--1858-1898_p501-690.docx,120,raw/fs_0619.png,833a3578383e38811bd82589350a416933c672d451f08dc0f14ea4dafd2b0772,dlstupka/hth-baptisms-san-antonio-1788-1824--1858-1898,9f03a2632820a26b9724dac7a7a62e87776b1b04,dlstupka/hth,4b0d7c9a16b00eb463a94355f4a2aaf9e69af020,2560,1440,0.703125,False,0,-0.0,1.0,0,0,0,0,0,0,0,0,2560,1440,161.93,78.247,254.0,2680.402,5.2173,0.182028,0.055248,0.215,0.404,0.0,False,False,False,False,False,False,0.786,review,very_small_content_region,
620,Baptisms-San-Antonio-Baptism-Records-1788-1824--1858-1898_p501-690.docx,121,raw/fs_0620.png,60943ee0cc0d3633c2f5777d0ab0004951134e4a85830cdeff02cbb8ba177286,dlstupka/hth-baptisms-san-antonio-1788-1824--1858-1898,9f03a2632820a26b9724dac7a7a62e87776b1b04,dlstupka/hth,4b0d7c9a16b00eb463a94355f4a2aaf9e69af020,2560,1440,0.703125,False,0,-0.0,1.0,0,0,0,0,0,0,0,0,2560,1440,158.62,79.885,254.0,2995.636,5.356,0.19541,0.055209,0.216,0.455,0.0,False,False,False,False,False,False,0.781,review,very_small_content_region,
621,Baptisms-San-Antonio-Baptism-Records-1788-1824--1858-1898_p501-690.docx,122,raw/fs_0621.png,a763dc2609435cb762c21467c63045ebc7003b69341da3eb1b21c10fe4b1c443,dlstupka/hth-baptisms-san-antonio-1788-1824--1858-1898,9f03a2632820a26b9724dac7a7a62e87776b1b04,dlstupka/hth,4b0d7c9a16b00eb463a94355f4a2aaf9e69af020,2560,1440,0.703125,False,0,-0.0,1.0,0,0,0,0,0,0,0,0,2560,1440,157.852,80.096,254.0,3092.276,5.3314,0.197718,0.055233,0.216,0.46,0.0,False,False,False,False,False,False,0.78,review,very_small_content_region,
622,Baptisms-San-Antonio-Baptism-Records-1788-1824--1858-1898_p501-690.docx,123,raw/fs_0622.png,c0e0bd0da976695cea1009a22893a9849efcf6b793d9b92a9a71a6a6f88051e9,dlstupka/hth-baptisms-san-antonio-1788-1824--1858-1898,9f03a2632820a26b9724dac7a7a62e87776b1b04,dlstupka/hth,4b0d7c9a16b00eb463a94355f4a2aaf9e69af020,2560,1440,0.703125,False,0,-0.0,1.0,0,0,0,0,0,0,0,0,2560,1440,160.855,78.791,254.0,2454.928,5.2513,0.18761,0.055231,0.217,0.392,0.0,False,False,False,False,False,False,0.785,review,very_small_content_region,
623,Baptisms-San-Antonio-Baptism-Records-1788-1824--1858-1898_p501-690.docx,124,raw/fs_0623.png,ee7c558c74011b84e421838ae6548f781dc7ce8247c622e8c15084819b1acf8c,dlstupka/hth-baptisms-san-antonio-1788-1824--1858-1898,9f03a2632820a26b9724dac7a7a62e87776b1b04,dlstupka/hth,4b0d7c9a16b00eb463a94355f4a2aaf9e69af020,2560,1440,0.703125,False,0,-0.0,1.0,0,0,0,0,0,0,0,0,2560,1440,159.351,79.472,254.0,2542.29,5.2704,0.193022,0.055229,0.216,0.413,0.0,False,False,False,False,False,False,0.782,review,very_small_content_region,
624,Baptisms-San-Antonio-Baptism-Records-1788-1824--1858-1898_p501-690.docx,125,raw/fs_0624.png,453c6e1bdce1e9273c8ab5c80597fdb5a8d8e3812ac6169b005b6393bd6b7dad,dlstupka/hth-baptisms-san-antonio-1788-1824--1858-1898,9f03a2632820a26b9724dac7a7a62e87776b1b04,dlstupka/hth,4b0d7c9a16b00eb463a94355f4a2aaf9e69af020,2560,1440,0.703125,False,0,-0.0,1.0,0,0,0,0,0,0,0,0,2560,1440,164.741,75.55,254.0,2938.423,5.2991,0.167441,0.055217,0.216,0.427,0.0,False,False,False,False,False,False,0.79,review,very_small_content_region,
625,Baptisms-San-Antonio-Baptism-Records-1788-1824--1858-1898_p501-690.docx,126,raw/fs_0625.png,c5e05cd573395d1b73efb0d67c12298560cd33e5185c378e9895ec30e5bce121,dlstupka/hth-baptisms-san-antonio-1788-1824--1858-1898,9f03a2632820a26b9724dac7a7a62e87776b1b04,dlstupka/hth,4b0d7c9a16b00eb463a94355f4a2aaf9e69af020,2560,1440,0.703125,False,0,-0.0,1.0,0,0,0,0,0,0,0,0,2560,1440,159.457,78.805,254.0,3025.311,5.3534,0.188916,0.055231,0.216,0.459,0.0,False,False,False,False,False,False,0.783,review,very_small_content_region,
626,Baptisms-San-Antonio-Baptism-Records-1788-1824--1858-1898_p501-690.docx,127,raw/fs_0626.png,53d04836089a32a31a8da89092b5bc8e4221eca3ae3e22afcc4dcca517d38498,dlstupka/hth-baptisms-san-antonio-1788-1824--1858-1898,9f03a2632820a26b9724dac7a7a62e87776b1b04,dlstupka/hth,4b0d7c9a16b00eb463a94355f4a2aaf9e69af020,2560,1440,0.703125,False,0,-0.0,1.0,0,0,0,0,0,0,0,0,2560,1440,159.258,79.2,254.0,2858.828,5.3189,0.191947,0.055251,0.216,0.42,0.0,False,False,False,False,False,False,0.782,review,very_small_content_region,
627,Baptisms-San-Antonio-Baptism-Records-1788-1824--1858-1898_p501-690.docx,128,raw/fs_0627.png,5ba05f5d8225a3a81b545c4d4048e9d352078b8e9e7e760b71f733676ca5f789,dlstupka/hth-baptisms-san-antonio-1788-1824--1858-1898,9f03a2632820a26b9724dac7a7a62e87776b1b04,dlstupka/hth,4b0d7c9a16b00eb463a94355f4a2aaf9e69af020,2560,1440,0.703125,False,0,-0.0,1.0,0,0,0,0,0,0,0,0,2560,1440,159.81,79.152,254.0,2496.79,5.3225,0.190042,0.055227,0.215,0.406,0.0,False,False,False,False,False,False,0.783,review,very_small_content_region,
628,Baptisms-San-Antonio-Baptism-Records-1788-1824--1858-1898_p501-690.docx,129,raw/fs_0628.png,e4859fc06e63844b5e14b48006198267575b0d9efd05124712e4b771c2c7ecd9,dlstupka/hth-baptisms-san-antonio-1788-1824--1858-1898,9f03a2632820a26b9724dac7a7a62e87776b1b04,dlstupka/hth,4b0d7c9a16b00eb463a94355f4a2aaf9e69af020,2560,1440,0.703125,False,0,-0.0,1.0,0,0,0,0,0,0,0,0,2560,1440,161.432,77.947,254.0,2463.864,5.2854,0.181565,0.05523,0.215,0.39,0.0,False,False,False,False,False,False,0.785,review,very_small_content_region,
629,Baptisms-San-Antonio-Baptism-Records-1788-1824--1858-1898_p501-690.docx,130,raw/fs_0629.png,892a32419003f92a28432efc04f1e992f68c45969e625be46c4445c2d7a93017,dlstupka/hth-baptisms-san-antonio-1788-1824--1858-1898,9f03a2632820a26b9724dac7a7a62e87776b1b04,dlstupka/hth,4b0d7c9a16b00eb463a94355f4a2aaf9e69af020,2560,1440,0.703125,False,0,-0.0,1.0,0,0,0,0,0,0,0,0,2560,1440,175.914,62.29,254.0,2986.446,5.4506,0.102271,0.055229,0.216,0.469,0.0,False,False,False,False,False,False,0.807,review,very_small_content_region,
630,Baptisms-San-Antonio-Baptism-Records-1788-1824--1858-1898_p501-690.docx,131,raw/fs_0630.png,0a86d66856187cd8184aa2da3623b69afcb94c86934195a95af87f86dbc7f2cc,dlstupka/hth-baptisms-san-antonio-1788-1824--1858-1898,9f03a2632820a26b9724dac7a7a62e87776b1b04,dlstupka/hth,4b0d7c9a16b00eb463a94355f4a2aaf9e69af020,2560,1440,0.703125,False,0,-0.0,1.0,0,0,0,0,0,0,0,0,2560,1440,159.664,78.677,254.0,3215.183,5.3794,0.187682,0.055236,0.216,0.473,0.0,False,False,False,False,False,False,0.783,review,very_small_content_region,
631,Baptisms-San-Antonio-Baptism-Records-1788-1824--1858-1898_p501-690.docx,132,raw/fs_0631.png,1109bec6345933fd23c3636c90784589043c3e3d7362542a4e55f091cd5522c5,dlstupka/hth-baptisms-san-antonio-1788-1824--1858-1898,9f03a2632820a26b9724dac7a7a62e87776b1b04,dlstupka/hth,4b0d7c9a16b00eb463a94355f4a2aaf9e69af020,2560,1440,0.703125,False,0,-0.0,1.0,0,0,0,0,0,0,0,0,2560,1440,158.12,79.601,254.0,3383.449,5.4341,0.195654,0.055247,0.216,0.489,0.0,False,False,False,False,False,False,0.781,review,very_small_content_region,
632,Baptisms-San-Antonio-Baptism-Records-1788-1824--1858-1898_p501-690.docx,133,raw/fs_0632.png,abe4007c6e3de1514d40dd5e0bbe0a71d5bf5a23bcdd32ec9d3dd3f9bef7fe2f,dlstupka/hth-baptisms-san-antonio-1788-1824--1858-1898,9f03a2632820a26b9724dac7a7a62e87776b1b04,dlstupka/hth,4b0d7c9a16b00eb463a94355f4a2aaf9e69af020,2560,1440,0.703125,False,0,-0.0,1.0,0,0,0,0,0,0,0,0,2560,1440,157.438,80.205,254.0,3255.211,5.4363,0.199471,0.0552,0.216,0.472,0.0,False,False,False,False,False,False,0.78,review,very_small_content_region,
633,Baptisms-San-Antonio-Baptism-Records-1788-1824--1858-1898_p501-690.docx,134,raw/fs_0633.png,2b275d242dc3d049e957adebb3920f2fb5109d3d896a03c61a9d01d1e5d31eb4,dlstupka/hth-baptisms-san-antonio-1788-1824--1858-1898,9f03a2632820a26b9724dac7a7a62e87776b1b04,dlstupka/hth,4b0d7c9a16b00eb463a94355f4a2aaf9e69af020,2560,1440,0.703125,False,0,-0.0,1.0,0,0,0,0,0,0,0,0,2560,1440,157.663,80.499,254.0,3255.683,5.4221,0.20025,0.055188,0.215,0.482,0.0,False,False,False,False,False,False,0.78,review,very_small_content_region,
634,Baptisms-San-Antonio-Baptism-Records-1788-1824--1858-1898_p501-690.docx,135,raw/fs_0634.png,7ce00d224a0567ebfae19be96d4dd96a651818f6dfaab933245156be67007bd0,dlstupka/hth-baptisms-san-antonio-1788-1824--1858-1898,9f03a2632820a26b9724dac7a7a62e87776b1b04,dlstupka/hth,4b0d7c9a16b00eb463a94355f4a2aaf9e69af020,2560,1440,0.703125,False,0,-0.0,1.0,0,0,0,0,0,0,0,0,2560,1440,158.622,80.178,254.0,3544.731,5.4152,0.197818,0.055228,0.215,0.481,0.0,False,False,False,False,False,False,0.781,review,very_small_content_region,
635,Baptisms-San-Antonio-Baptism-Records-1788-1824--1858-1898_p501-690.docx,136,raw/fs_0635.png,cd7631c9ba362d64c85d2a42a3209faf882a1192ab303530383e9bf4ec74f7be,dlstupka/hth-baptisms-san-antonio-1788-1824--1858-1898,9f03a2632820a26b9724dac7a7a62e87776b1b04,dlstupka/hth,4b0d7c9a16b00eb463a94355f4a2aaf9e69af020,2560,1440,0.703125,False,0,-0.0,1.0,0,0,0,0,0,0,0,0,2560,1440,156.882,81.189,254.0,2954.275,5.4023,0.206768,0.055201,0.213,0.471,0.0,False,False,False,False,False,False,0.779,review,very_small_content_region,
636,Baptisms-San-Antonio-Baptism-Records-1788-1824--1858-1898_p501-690.docx,137,raw/fs_0636.png,2807bba6d0b4c574d9858c0b14ff0e0bfbbd3ea5a1ccac177aecc040b36f14e0,dlstupka/hth-baptisms-san-antonio-1788-1824--1858-1898,9f03a2632820a26b9724dac7a7a62e87776b1b04,dlstupka/hth,4b0d7c9a16b00eb463a94355f4a2aaf9e69af020,2560,1440,0.703125,False,0,-0.0,1.0,0,0,0,0,0,0,0,0,2560,1440,158.102,80.286,254.0,3034.37,5.3381,0.199301,0.055245,0.214,0.467,0.0,False,False,False,False,False,False,0.781,review,very_small_content_region,
637,Baptisms-San-Antonio-Baptism-Records-1788-1824--1858-1898_p501-690.docx,138,raw/fs_0637.png,0e556210c53b5f366e76f064a4fafd92dcd183dda27568f7f0cdfd9ae5ef64b7,dlstupka/hth-baptisms-san-antonio-1788-1824--1858-1898,9f03a2632820a26b9724dac7a7a62e87776b1b04,dlstupka/hth,4b0d7c9a16b00eb463a94355f4a2aaf9e69af020,2560,1440,0.703125,False,0,-0.0,1.0,0,0,0,0,0,0,0,0,2560,1440,157.758,80.543,254.0,3299.489,5.3748,0.202641,0.055234,0.214,0.482,0.0,False,False,False,False,False,False,0.78,review,very_small_content_region,
638,Baptisms-San-Antonio-Baptism-Records-1788-1824--1858-1898_p501-690.docx,139,raw/fs_0638.png,e3b736fc6357c823e6144d9117d9d451df26491b676605dc9718283c66374c14,dlstupka/hth-baptisms-san-antonio-1788-1824--1858-1898,9f03a2632820a26b9724dac7a7a62e87776b1b04,dlstupka/hth,4b0d7c9a16b00eb463a94355f4a2aaf9e69af020,2560,1440,0.703125,False,0,-0.0,1.0,0,0,0,0,0,0,0,0,2560,1440,171.345,71.701,254.0,4257.642,5.6687,0.145228,0.055233,0.214,0.524,0.0,False,False,False,False,False,False,0.8,review,very_small_content_region,
639,Baptisms-San-Antonio-Baptism-Records-1788-1824--1858-1898_p501-690.docx,140,raw/fs_0639.png,6d40d177250fc2d284f5604526328d4ab0db559226e9b421c2bb3ecc2396402f,dlstupka/hth-baptisms-san-antonio-1788-1824--1858-1898,9f03a2632820a26b9724dac7a7a62e87776b1b04,dlstupka/hth,4b0d7c9a16b00eb463a94355f4a2aaf9e69af020,2560,1440,0.703125,False,0,-0.0,1.0,0,0,0,0,0,0,0,0,2560,1440,157.077,80.892,254.0,3338.259,5.3876,0.20444,0.05524,0.214,0.486,0.0,False,False,False,False,False,False,0.779,review,very_small_content_region,
640,Baptisms-San-Antonio-Baptism-Records-1788-1824--1858-1898_p501-690.docx,141,raw/fs_0640.png,3cc90f9cebbfcfe1c92654d6ff85a3b248b6b91a3001daa694e2a03c582820ba,dlstupka/hth-baptisms-san-antonio-1788-1824--1858-1898,9f03a2632820a26b9724dac7a7a62e87776b1b04,dlstupka/hth,4b0d7c9a16b00eb463a94355f4a2aaf9e69af020,2560,1440,0.703125,False,0,-0.0,1.0,0,0,0,0,0,0,0,0,2560,1440,156.701,81.178,254.0,3058.526,5.3288,0.204331,0.055248,0.212,0.467,0.0,False,False,False,False,False,False,0.778,review,very_small_content_region,
641,Baptisms-San-Antonio-Baptism-Records-1788-1824--1858-1898_p501-690.docx,142,raw/fs_0641.png,1d91a9cb2f569053c27c28e9f844ea8a9b6b74bbb4d66d8b840171dae549fd41,dlstupka/hth-baptisms-san-antonio-1788-1824--1858-1898,9f03a2632820a26b9724dac7a7a62e87776b1b04,dlstupka/hth,4b0d7c9a16b00eb463a94355f4a2aaf9e69af020,2560,1440,0.703125,False,0,-0.0,1.0,0,0,0,0,0,0,0,0,2560,1440,155.341,82.285,254.0,3258.58,5.322,0.212634,0.055259,0.212,0.487,0.0,False,False,False,False,False,False,0.776,review,very_small_content_region,
642,Baptisms-San-Antonio-Baptism-Records-1788-1824--1858-1898_p501-690.docx,143,raw/fs_0642.png,bd8a4ac839f8d8b6652623ce80b25fac417fc5f8508dbc9b74fd206d3379fa1e,dlstupka/hth-baptisms-san-antonio-1788-1824--1858-1898,9f03a2632820a26b9724dac7a7a62e87776b1b04,dlstupka/hth,4b0d7c9a16b00eb463a94355f4a2aaf9e69af020,2560,1440,0.703125,False,0,-0.0,1.0,0,0,0,0,0,0,0,0,2560,1440,158.378,80.921,254.0,3393.358,5.2829,0.201838,0.055245,0.211,0.49,0.0,False,False,False,False,False,False,0.781,review,very_small_content_region,
643,Baptisms-San-Antonio-Baptism-Records-1788-1824--1858-1898_p501-690.docx,144,raw/fs_0643.png,d8fac44f2c671ca09a76f8d9bd6ccb386ca141c4b71a1e612aecda801f6908e9,dlstupka/hth-baptisms-san-antonio-1788-1824--1858-1898,9f03a2632820a26b9724dac7a7a62e87776b1b04,dlstupka/hth,4b0d7c9a16b00eb463a94355f4a2aaf9e69af020,2560,1440,0.703125,False,0,-0.0,1.0,0,0,0,0,0,0,0,0,2560,1440,165.973,73.548,254.0,3418.788,5.4459,0.159477,0.055212,0.211,0.515,0.0,False,False,False,False,False,False,0.792,review,very_small_content_region,
644,Baptisms-San-Antonio-Baptism-Records-1788-1824--1858-1898_p501-690.docx,145,raw/fs_0644.png,00adfe9e6120ec3e4684afb11bdf37cd9c53c5ab6fba03873cc384931f47fe86,dlstupka/hth-baptisms-san-antonio-1788-1824--1858-1898,9f03a2632820a26b9724dac7a7a62e87776b1b04,dlstupka/hth,4b0d7c9a16b00eb463a94355f4a2aaf9e69af020,2560,1440,0.703125,False,0,-0.0,1.0,0,0,0,0,0,0,0,0,2560,1440,174.754,64.678,254.0,3315.343,5.47,0.113605,0.055247,0.211,0.5,0.0,False,False,False,False,False,False,0.805,review,very_small_content_region,
645,Baptisms-San-Antonio-Baptism-Records-1788-1824--1858-1898_p501-690.docx,146,raw/fs_0645.png,90dfbdbc1f9375591c4569817f7f99e5fbc400184c1bf597ebbad4ade18f1321,dlstupka/hth-baptisms-san-antonio-1788-1824--1858-1898,9f03a2632820a26b9724dac7a7a62e87776b1b04,dlstupka/hth,4b0d7c9a16b00eb463a94355f4a2aaf9e69af020,2560,1440,0.703125,False,0,-0.0,1.0,0,0,0,0,0,0,0,0,2560,1440,158.024,84.015,254.0,3380.464,5.3169,0.216951,0.055222,0.21,0.482,0.0,False,False,False,False,False,False,0.78,review,very_small_content_region,
646,Baptisms-San-Antonio-Baptism-Records-1788-1824--1858-1898_p501-690.docx,147,raw/fs_0646.png,9d1c749e920bd1c16564f8091263cff02cfe74a51f7476fd1210ef1e0da73592,dlstupka/hth-baptisms-san-antonio-1788-1824--1858-1898,9f03a2632820a26b9724dac7a7a62e87776b1b04,dlstupka/hth,4b0d7c9a16b00eb463a94355f4a2aaf9e69af020,2560,1440,0.703125,False,0,-0.0,1.0,0,0,0,0,0,0,0,0,2560,1440,157.67,83.79,254.0,3645.366,5.379,0.217622,0.055232,0.211,0.495,0.0,False,False,False,False,False,False,0.78,review,very_small_content_region,
647,Baptisms-San-Antonio-Baptism-Records-1788-1824--1858-1898_p501-690.docx,148,raw/fs_0647.png,f27055422878c91f81e7f1531fb7f12fae61b65b86f59a40f7264948201b15df,dlstupka/hth-baptisms-san-antonio-1788-1824--1858-1898,9f03a2632820a26b9724dac7a7a62e87776b1b04,dlstupka/hth,4b0d7c9a16b00eb463a94355f4a2aaf9e69af020,2560,1440,0.703125,False,0,-0.0,1.0,0,0,0,0,0,0,0,0,2560,1440,171.491,70.226,254.0,3760.181,5.6726,0.139996,0.05517,0.21,0.547,0.0,False,False,False,False,False,False,0.8,review,very_small_content_region,
648,Baptisms-San-Antonio-Baptism-Records-1788-1824--1858-1898_p501-690.docx,149,raw/fs_0648.png,7152a02d7c8bb456befa39aa8403a67832ac6c764c31bb652b7242e7a53ad30a,dlstupka/hth-baptisms-san-antonio-1788-1824--1858-1898,9f03a2632820a26b9724dac7a7a62e87776b1b04,dlstupka/hth,4b0d7c9a16b00eb463a94355f4a2aaf9e69af020,2560,1440,0.703125,False,0,-0.0,1.0,0,0,0,0,0,0,0,0,2560,1440,154.007,83.613,254.0,2933.448,5.2595,0.221415,0.055208,0.209,0.46,0.0,False,False,False,False,False,False,0.775,review,very_small_content_region,
649,Baptisms-San-Antonio-Baptism-Records-1788-1824--1858-1898_p501-690.docx,150,raw/fs_0649.png,961be78303fa21280df93afcf29a8d7cc7b22f56d2849d680e5b22a544c915fa,dlstupka/hth-baptisms-san-antonio-1788-1824--1858-1898,9f03a2632820a26b9724dac7a7a62e87776b1b04,dlstupka/hth,4b0d7c9a16b00eb463a94355f4a2aaf9e69af020,2560,1440,0.703125,False,0,-0.0,1.0,0,0,0,0,0,0,0,0,2560,1440,154.098,82.723,254.0,3494.016,5.3273,0.217116,0.055211,0.209,0.5,0.0,False,False,False,False,False,False,0.775,review,very_small_content_region,
650,Baptisms-San-Antonio-Baptism-Records-1788-1824--1858-1898_p501-690.docx,151,raw/fs_0650.png,6760c9588d0a3212807dda31237d615a9f9dc20becb5d4ba7fd7181d688f4baa,dlstupka/hth-baptisms-san-antonio-1788-1824--1858-1898,9f03a2632820a26b9724dac7a7a62e87776b1b04,dlstupka/hth,4b0d7c9a16b00eb463a94355f4a2aaf9e69af020,2560,1440,0.703125,False,0,-0.0,1.0,0,0,0,0,0,0,0,0,2560,1440,156.328,84.576,254.0,3426.235,5.2881,0.223155,0.055209,0.209,0.494,0.0,False,False,False,False,False,False,0.778,review,very_small_content_region,
651,Baptisms-San-Antonio-Baptism-Records-1788-1824--1858-1898_p501-690.docx,152,raw/fs_0651.png,59b109ace4270f3810bfbaa865576fcb1c77a6bb652773b0b847b68de8dc8304,dlstupka/hth-baptisms-san-antonio-1788-1824--1858-1898,9f03a2632820a26b9724dac7a7a62e87776b1b04,dlstupka/hth,4b0d7c9a16b00eb463a94355f4a2aaf9e69af020,2560,1440,0.703125,False,0,-0.0,1.0,0,0,0,0,0,0,0,0,2560,1440,158.671,82.892,254.0,3206.798,5.31,0.209847,0.05519,0.209,0.477,0.0,False,False,False,False,False,False,0.781,review,very_small_content_region,
652,Baptisms-San-Antonio-Baptism-Records-1788-1824--1858-1898_p501-690.docx,153,raw/fs_0652.png,d666855a1e221c8f94d336ad16923be9309816ee110feeb53a06cdb3fe52457b,dlstupka/hth-baptisms-san-antonio-1788-1824--1858-1898,9f03a2632820a26b9724dac7a7a62e87776b1b04,dlstupka/hth,4b0d7c9a16b00eb463a94355f4a2aaf9e69af020,2560,1440,0.703125,False,0,-0.0,1.0,0,0,0,0,0,0,0,0,2560,1440,163.936,78.934,254.0,3065.865,5.4023,0.181863,0.055189,0.21,0.489,0.0,False,False,False,False,False,False,0.789,review,very_small_content_region,
653,Baptisms-San-Antonio-Baptism-Records-1788-1824--1858-1898_p501-690.docx,154,raw/fs_0653.png,40b6f678d86db5e3308c6e688185242dd696ade2e8714812bffe4e53523f89f1,dlstupka/hth-baptisms-san-antonio-1788-1824--1858-1898,9f03a2632820a26b9724dac7a7a62e87776b1b04,dlstupka/hth,4b0d7c9a16b00eb463a94355f4a2aaf9e69af020,2560,1440,0.703125,False,0,-0.0,1.0,0,0,0,0,0,0,0,0,2560,1440,160.791,82.113,254.0,3311.59,5.4271,0.202572,0.055191,0.21,0.484,0.0,False,False,False,False,False,False,0.784,review,very_small_content_region,
654,Baptisms-San-Antonio-Baptism-Records-1788-1824--1858-1898_p501-690.docx,155,raw/fs_0654.png,c0a92d4fef12fc7e5a6c117c1fa482648117ca691d04b511bd7771f62e10fe55,dlstupka/hth-baptisms-san-antonio-1788-1824--1858-1898,9f03a2632820a26b9724dac7a7a62e87776b1b04,dlstupka/hth,4b0d7c9a16b00eb463a94355f4a2aaf9e69af020,2560,1440,0.703125,False,0,-0.0,1.0,0,0,0,0,0,0,0,0,2560,1440,166.228,75.173,254.0,3353.73,5.7749,0.16562,0.055149,0.21,0.514,0.0,False,False,False,False,False,False,0.792,review,very_small_content_region,
655,Baptisms-San-Antonio-Baptism-Records-1788-1824--1858-1898_p501-690.docx,156,raw/fs_0655.png,d648993bcbfffd1bb61f2b41a87342570862056334b9681c0a99fb1c98c00de9,dlstupka/hth-baptisms-san-antonio-1788-1824--1858-1898,9f03a2632820a26b9724dac7a7a62e87776b1b04,dlstupka/hth,4b0d7c9a16b00eb463a94355f4a2aaf9e69af020,2560,1440,0.703125,False,0,-0.0,1.0,0,0,0,0,0,0,0,0,2560,1440,160.438,82.008,254.0,3114.08,5.3646,0.202434,0.055163,0.21,0.475,0.0,False,False,False,False,False,False,0.784,review,very_small_content_region,
656,Baptisms-San-Antonio-Baptism-Records-1788-1824--1858-1898_p501-690.docx,157,raw/fs_0656.png,9fa0d8498b817449ee2463089316e3ac555e0eb09f36b03e916acd482160634a,dlstupka/hth-baptisms-san-antonio-1788-1824--1858-1898,9f03a2632820a26b9724dac7a7a62e87776b1b04,dlstupka/hth,4b0d7c9a16b00eb463a94355f4a2aaf9e69af020,2560,1440,0.703125,False,0,-0.0,1.0,0,0,0,0,0,0,0,0,2560,1440,156.157,81.061,254.0,2957.215,5.3638,0.20411,0.055111,0.21,0.462,0.0,False,False,False,False,False,False,0.778,review,very_small_content_region,
657,Baptisms-San-Antonio-Baptism-Records-1788-1824--1858-1898_p501-690.docx,158,raw/fs_0657.png,a2f36f1ca4dbc3ebfff802d85bc4eec813c407cacfb728129592d665f08b0071,dlstupka/hth-baptisms-san-antonio-1788-1824--1858-1898,9f03a2632820a26b9724dac7a7a62e87776b1b04,dlstupka/hth,4b0d7c9a16b00eb463a94355f4a2aaf9e69af020,2560,1440,0.703125,False,0,-0.0,1.0,0,0,0,0,0,0,0,0,2560,1440,158.113,79.988,254.0,3085.982,5.338,0.19567,0.055143,0.21,0.472,0.0,False,False,False,False,False,False,0.781,review,very_small_content_region,
658,Baptisms-San-Antonio-Baptism-Records-1788-1824--1858-1898_p501-690.docx,159,raw/fs_0658.png,ee7de736b9916b3dc180806709d0022a9227e81330d634c7b72c31d04883ae7c,dlstupka/hth-baptisms-san-antonio-1788-1824--1858-1898,9f03a2632820a26b9724dac7a7a62e87776b1b04,dlstupka/hth,4b0d7c9a16b00eb463a94355f4a2aaf9e69af020,2560,1440,0.703125,False,0,-0.0,1.0,0,0,0,0,0,0,0,0,2560,1440,161.26,81.204,254.0,3474.834,5.4605,0.197158,0.055149,0.21,0.492,0.0,False,False,False,False,False,False,0.785,review,very_small_content_region,
659,Baptisms-San-Antonio-Baptism-Records-1788-1824--1858-1898_p501-690.docx,160,raw/fs_0659.png,7408fe5299a3873352e7f26a1182d3987973875fa42b0fea94352c8cd5b37f8d,dlstupka/hth-baptisms-san-antonio-1788-1824--1858-1898,9f03a2632820a26b9724dac7a7a62e87776b1b04,dlstupka/hth,4b0d7c9a16b00eb463a94355f4a2aaf9e69af020,2560,1440,0.703125,False,0,-0.0,1.0,0,0,0,0,0,0,0,0,2560,1440,163.251,75.826,254.0,3681.34,5.5159,0.17195,0.055147,0.211,0.52,0.0,False,False,False,False,False,False,0.788,review,very_small_content_region,
660,Baptisms-San-Antonio-Baptism-Records-1788-1824--1858-1898_p501-690.docx,161,raw/fs_0660.png,b2ac05b86f7330d9e38abf38179550affa226618867cdab05cebbd741ed9afe1,dlstupka/hth-baptisms-san-antonio-1788-1824--1858-1898,9f03a2632820a26b9724dac7a7a62e87776b1b04,dlstupka/hth,4b0d7c9a16b00eb463a94355f4a2aaf9e69af020,2560,1440,0.703125,False,0,-0.0,1.0,0,0,0,0,0,0,0,0,2560,1440,158.182,81.359,254.0,3977.155,5.5025,0.205677,0.055157,0.21,0.505,0.0,False,False,False,False,False,False,0.781,review,very_small_content_region,
661,Baptisms-San-Antonio-Baptism-Records-1788-1824--1858-1898_p501-690.docx,162,raw/fs_0661.png,193848698813ff1ce980415b4344d8635d759ab12014a92e474f31b326e369e4,dlstupka/hth-baptisms-san-antonio-1788-1824--1858-1898,9f03a2632820a26b9724dac7a7a62e87776b1b04,dlstupka/hth,4b0d7c9a16b00eb463a94355f4a2aaf9e69af020,2560,1440,0.703125,False,0,-0.0,1.0,0,0,0,0,0,0,0,0,2560,1440,163.211,79.82,254.0,3428.75,5.4289,0.18824,0.055148,0.21,0.485,0.0,False,False,False,False,False,False,0.788,review,very_small_content_region,
662,Baptisms-San-Antonio-Baptism-Records-1788-1824--1858-1898_p501-690.docx,163,raw/fs_0662.png,5051f4c06eb6e444c4c2ca8624d96bfa3978168144b76e9dd2fb89f09e5821b4,dlstupka/hth-baptisms-san-antonio-1788-1824--1858-1898,9f03a2632820a26b9724dac7a7a62e87776b1b04,dlstupka/hth,4b0d7c9a16b00eb463a94355f4a2aaf9e69af020,2560,1440,0.703125,False,0,-0.0,1.0,0,0,0,0,0,0,0,0,2560,1440,158.325,79.901,254.0,3401.149,5.3984,0.196009,0.055149,0.209,0.492,0.0,False,False,False,False,False,False,0.781,review,very_small_content_region,
663,Baptisms-San-Antonio-Baptism-Records-1788-1824--1858-1898_p501-690.docx,164,raw/fs_0663.png,ab5e974628d8e79712f158131023b70b2f4082ed7846712d79394b72127d73d5,dlstupka/hth-baptisms-san-antonio-1788-1824--1858-1898,9f03a2632820a26b9724dac7a7a62e87776b1b04,dlstupka/hth,4b0d7c9a16b00eb463a94355f4a2aaf9e69af020,2560,1440,0.703125,False,0,-0.0,1.0,0,0,0,0,0,0,0,0,2560,1440,160.473,79.249,254.0,2998.968,5.3483,0.189497,0.055153,0.21,0.466,0.0,False,False,False,False,False,False,0.784,review,very_small_content_region,
664,Baptisms-San-Antonio-Baptism-Records-1788-1824--1858-1898_p501-690.docx,165,raw/fs_0664.png,e3cc530ff0164881e2bd55d60172f9c09f8ee1ab92a5e41ad4df440e9d05a473,dlstupka/hth-baptisms-san-antonio-1788-1824--1858-1898,9f03a2632820a26b9724dac7a7a62e87776b1b04,dlstupka/hth,4b0d7c9a16b00eb463a94355f4a2aaf9e69af020,2560,1440,0.703125,False,0,-0.0,1.0,0,0,0,0,0,0,0,0,2560,1440,162.765,77.849,254.0,3034.777,5.3022,0.178962,0.055147,0.209,0.461,0.0,False,False,False,False,False,False,0.787,review,very_small_content_region,
665,Baptisms-San-Antonio-Baptism-Records-1788-1824--1858-1898_p501-690.docx,166,raw/fs_0665.png,a17fda0172a9d1e9f5fe57c936ab8d8743d5720c69b27f6483e5bafe0455d965,dlstupka/hth-baptisms-san-antonio-1788-1824--1858-1898,9f03a2632820a26b9724dac7a7a62e87776b1b04,dlstupka/hth,4b0d7c9a16b00eb463a94355f4a2aaf9e69af020,2560,1440,0.703125,False,0,-0.0,1.0,0,0,0,0,0,0,0,0,2560,1440,163.597,80.728,254.0,3198.604,5.3354,0.191367,0.055144,0.208,0.477,0.0,False,False,False,False,False,False,0.789,review,very_small_content_region,
666,Baptisms-San-Antonio-Baptism-Records-1788-1824--1858-1898_p501-690.docx,167,raw/fs_0666.png,bd75dd98046273cad3624cf4f13acf95a74e28958d8b746fefce27a27600ad3e,dlstupka/hth-baptisms-san-antonio-1788-1824--1858-1898,9f03a2632820a26b9724dac7a7a62e87776b1b04,dlstupka/hth,4b0d7c9a16b00eb463a94355f4a2aaf9e69af020,2560,1440,0.703125,False,0,-0.0,1.0,0,0,0,0,0,0,0,0,2560,1440,157.408,80.228,254.0,3236.313,5.3786,0.19934,0.055154,0.207,0.481,0.0,False,False,False,False,False,False,0.78,review,very_small_content_region,
667,Baptisms-San-Antonio-Baptism-Records-1788-1824--1858-1898_p501-690.docx,168,raw/fs_0667.png,2f120b3a87214c11f73b35e67b49ab488099aeba2e402f625ecafbcf9003a2a6,dlstupka/hth-baptisms-san-antonio-1788-1824--1858-1898,9f03a2632820a26b9724dac7a7a62e87776b1b04,dlstupka/hth,4b0d7c9a16b00eb463a94355f4a2aaf9e69af020,2560,1440,0.703125,False,0,-0.0,1.0,0,0,0,0,0,0,0,0,2560,1440,159.455,79.372,254.0,3378.431,5.377,0.192237,0.05515,0.207,0.478,0.0,False,False,False,False,False,False,0.783,review,very_small_content_region,
668,Baptisms-San-Antonio-Baptism-Records-1788-1824--1858-1898_p501-690.docx,169,raw/fs_0668.png,cb7eeebafdcad56b072b19f29c432e04b7f7c0c293a94a53f04791adaeafa98f,dlstupka/hth-baptisms-san-antonio-1788-1824--1858-1898,9f03a2632820a26b9724dac7a7a62e87776b1b04,dlstupka/hth,4b0d7c9a16b00eb463a94355f4a2aaf9e69af020,2560,1440,0.703125,False,0,-0.0,1.0,0,0,0,0,0,0,0,0,2560,1440,161.198,78.784,254.0,2913.202,5.2888,0.185268,0.055099,0.211,0.456,0.0,False,False,False,False,False,False,0.785,review,very_small_content_region,
669,Baptisms-San-Antonio-Baptism-Records-1788-1824--1858-1898_p501-690.docx,170,raw/fs_0669.png,e5d719ba40a6112536dd169cff294662ad18642d0f67d1444403e0f21701a6c4,dlstupka/hth-baptisms-san-antonio-1788-1824--1858-1898,9f03a2632820a26b9724dac7a7a62e87776b1b04,dlstupka/hth,4b0d7c9a16b00eb463a94355f4a2aaf9e69af020,2560,1440,0.703125,False,0,-0.0,1.0,0,0,0,0,0,0,0,0,2560,1440,158.113,80.238,254.0,3122.795,5.3821,0.197667,0.055079,0.21,0.48,0.0,False,False,False,False,False,False,0.781,review,very_small_content_region,
670,Baptisms-San-Antonio-Baptism-Records-1788-1824--1858-1898_p501-690.docx,171,raw/fs_0670.png,a91a86dfd225b2ed5c34689ee3a3129321e43e753756147883ba96fd6cbeb74c,dlstupka/hth-baptisms-san-antonio-1788-1824--1858-1898,9f03a2632820a26b9724dac7a7a62e87776b1b04,dlstupka/hth,4b0d7c9a16b00eb463a94355f4a2aaf9e69af020,2560,1440,0.703125,False,0,-0.0,1.0,0,0,0,0,0,0,0,0,2560,1440,156.844,81.094,254.0,3277.773,5.3571,0.203473,0.055085,0.212,0.493,0.0,False,False,False,False,False,False,0.779,review,very_small_content_region,
671,Baptisms-San-Antonio-Baptism-Records-1788-1824--1858-1898_p501-690.docx,172,raw/fs_0671.png,de17a26e2ed42870974868b145e567f7a1f014bc40cb94e2324c5584462216ff,dlstupka/hth-baptisms-san-antonio-1788-1824--1858-1898,9f03a2632820a26b9724dac7a7a62e87776b1b04,dlstupka/hth,4b0d7c9a16b00eb463a94355f4a2aaf9e69af020,2560,1440,0.703125,False,0,-0.0,1.0,0,0,0,0,0,0,0,0,2560,1440,160.066,79.115,254.0,3077.188,5.3307,0.188424,0.055076,0.214,0.46,0.0,False,False,False,False,False,False,0.783,review,very_small_content_region,
672,Baptisms-San-Antonio-Baptism-Records-1788-1824--1858-1898_p501-690.docx,173,raw/fs_0672.png,9bc818ee0b0cf299df929b6e5d22b2d37e1a2d9bea84f6068563eca64fb6b133,dlstupka/hth-baptisms-san-antonio-1788-1824--1858-1898,9f03a2632820a26b9724dac7a7a62e87776b1b04,dlstupka/hth,4b0d7c9a16b00eb463a94355f4a2aaf9e69af020,2560,1440,0.703125,False,0,-0.0,1.0,0,0,0,0,0,0,0,0,2560,1440,157.662,80.659,254.0,2809.214,5.327,0.199766,0.055072,0.216,0.446,0.0,False,False,False,False,False,False,0.78,review,very_small_content_region,
673,Baptisms-San-Antonio-Baptism-Records-1788-1824--1858-1898_p501-690.docx,174,raw/fs_0673.png,9785974e1e9be231f03d7373c2844d8134e8e648ef6d2851271c87e5841f7b9e,dlstupka/hth-baptisms-san-antonio-1788-1824--1858-1898,9f03a2632820a26b9724dac7a7a62e87776b1b04,dlstupka/hth,4b0d7c9a16b00eb463a94355f4a2aaf9e69af020,2560,1440,0.703125,False,0,-0.0,1.0,0,0,0,0,0,0,0,0,2560,1440,157.886,81.281,254.0,2994.178,5.399,0.203069,0.055053,0.216,0.47,0.0,False,False,False,False,False,False,0.78,review,very_small_content_region,
674,Baptisms-San-Antonio-Baptism-Records-1788-1824--1858-1898_p501-690.docx,175,raw/fs_0674.png,9c1cd5cb4bbe19e6f91095e5096154de84a47b344be941f6a3bd36856e2f3d88,dlstupka/hth-baptisms-san-antonio-1788-1824--1858-1898,9f03a2632820a26b9724dac7a7a62e87776b1b04,dlstupka/hth,4b0d7c9a16b00eb463a94355f4a2aaf9e69af020,2560,1440,0.703125,False,0,-0.0,1.0,0,0,0,0,0,0,0,0,2560,1440,155.26,84.952,254.0,3436.215,5.3232,0.227025,0.05504,0.216,0.465,0.0,False,False,False,False,False,False,0.776,review,very_small_content_region,
675,Baptisms-San-Antonio-Baptism-Records-1788-1824--1858-1898_p501-690.docx,176,raw/fs_0675.png,d0105907b967efc7696f0c7f07f66748c432fcfd59faae475c2457af55c2100e,dlstupka/hth-baptisms-san-antonio-1788-1824--1858-1898,9f03a2632820a26b9724dac7a7a62e87776b1b04,dlstupka/hth,4b0d7c9a16b00eb463a94355f4a2aaf9e69af020,2560,1440,0.703125,False,0,-0.0,1.0,0,0,0,0,0,0,0,0,2560,1440,179.997,69.979,254.0,2048.635,4.2532,0.128852,0.055033,0.217,0.333,0.0,False,False,False,False,False,False,0.813,review,very_small_content_region,
676,Baptisms-San-Antonio-Baptism-Records-1788-1824--1858-1898_p501-690.docx,177,raw/fs_0676.png,9625fe3df00f906276b5a11fe7d98658684c453399b6c4f2f56bf8996c293e35,dlstupka/hth-baptisms-san-antonio-1788-1824--1858-1898,9f03a2632820a26b9724dac7a7a62e87776b1b04,dlstupka/hth,4b0d7c9a16b00eb463a94355f4a2aaf9e69af020,2560,1440,0.703125,False,0,-0.0,1.0,0,0,0,0,0,0,0,0,2560,1440,185.523,68.114,254.0,2044.081,3.7606,0.117205,0.055025,0.218,0.295,0.0,False,False,False,False,False,False,0.819,review,very_small_content_region,
677,Baptisms-San-Antonio-Baptism-Records-1788-1824--1858-1898_p501-690.docx,178,raw/fs_0677.png,1cfa052af3e58aba6771b59cab10349ff0ac61aba3a3f25dcb5d558e1d69087e,dlstupka/hth-baptisms-san-antonio-1788-1824--1858-1898,9f03a2632820a26b9724dac7a7a62e87776b1b04,dlstupka/hth,4b0d7c9a16b00eb463a94355f4a2aaf9e69af020,2560,1440,0.703125,False,0,-0.0,1.0,0,0,0,0,0,0,0,0,2560,1440,164.433,70.879,254.0,1438.892,5.3532,0.135794,0.055013,0.217,0.278,0.0,False,False,False,False,False,False,0.79,review,very_small_content_region,
678,Baptisms-San-Antonio-Baptism-Records-1788-1824--1858-1898_p501-690.docx,179,raw/fs_0678.png,1d1409550c36ee46c6933991140b495ab886f390da15ac48508dfa880d7b4a79,dlstupka/hth-baptisms-san-antonio-1788-1824--1858-1898,9f03a2632820a26b9724dac7a7a62e87776b1b04,dlstupka/hth,4b0d7c9a16b00eb463a94355f4a2aaf9e69af020,2560,1440,0.703125,False,0,-0.0,1.0,0,0,0,0,0,0,0,0,2560,1440,170.639,70.918,254.0,3092.867,5.1333,0.137268,0.055032,0.218,0.482,0.0,False,False,False,False,False,False,0.799,review,very_small_content_region,
679,Baptisms-San-Antonio-Baptism-Records-1788-1824--1858-1898_p501-690.docx,180,raw/fs_0679.png,06164e0fc38e6fddd68eb498bafb9d6fda3b31a34a118269108db0ea1b22f7e0,dlstupka/hth-baptisms-san-antonio-1788-1824--1858-1898,9f03a2632820a26b9724dac7a7a62e87776b1b04,dlstupka/hth,4b0d7c9a16b00eb463a94355f4a2aaf9e69af020,2560,1440,0.703125,False,0,-0.0,1.0,0,0,0,0,0,0,0,0,2560,1440,176.199,65.885,254.0,3113.835,5.0834,0.112172,0.055008,0.221,0.473,0.0,False,False,False,False,False,False,0.807,review,very_small_content_region,
680,Baptisms-San-Antonio-Baptism-Records-1788-1824--1858-1898_p501-690.docx,181,raw/fs_0680.png,79b6a2e03ef18be252bc992b1904c482f510189dd98eef683eda454b62ef4f67,dlstupka/hth-baptisms-san-antonio-1788-1824--1858-1898,9f03a2632820a26b9724dac7a7a62e87776b1b04,dlstupka/hth,4b0d7c9a16b00eb463a94355f4a2aaf9e69af020,2560,1440,0.703125,False,0,-0.0,1.0,0,0,0,0,0,0,0,0,2560,1440,169.714,74.754,254.0,2944.729,4.9643,0.154402,0.054993,0.219,0.41,0.0,False,False,False,False,False,False,0.798,review,very_small_content_region,
681,Baptisms-San-Antonio-Baptism-Records-1788-1824--1858-1898_p501-690.docx,182,raw/fs_0681.png,526ae82679d89b32b4f7974f6cfe903f7d8258524eab773169420c5591a7e2a0,dlstupka/hth-baptisms-san-antonio-1788-1824--1858-1898,9f03a2632820a26b9724dac7a7a62e87776b1b04,dlstupka/hth,4b0d7c9a16b00eb463a94355f4a2aaf9e69af020,2560,1440,0.703125,False,0,-0.0,1.0,0,0,0,0,0,0,0,0,2560,1440,166.805,76.871,254.0,3220.597,5.0035,0.167207,0.054973,0.223,0.426,0.0,False,False,False,False,False,False,0.793,review,very_small_content_region,
682,Baptisms-San-Antonio-Baptism-Records-1788-1824--1858-1898_p501-690.docx,183,raw/fs_0682.png,9d29a73eee861edc7742f0cfcf7f8c4e20510332683524dbec1c8e9cc1e9b398,dlstupka/hth-baptisms-san-antonio-1788-1824--1858-1898,9f03a2632820a26b9724dac7a7a62e87776b1b04,dlstupka/hth,4b0d7c9a16b00eb463a94355f4a2aaf9e69af020,2560,1440,0.703125,False,0,-0.0,1.0,0,0,0,0,0,0,0,0,2560,1440,181.1,60.214,253.0,3732.958,5.0657,0.09164,0.054985,0.224,0.476,0.0,False,False,False,False,False,False,0.814,review,very_small_content_region,
683,Baptisms-San-Antonio-Baptism-Records-1788-1824--1858-1898_p501-690.docx,184,raw/fs_0683.png,8c720404a2b1c09d287f02a6362adeb24dac43879b499ec726c20b0120fc9473,dlstupka/hth-baptisms-san-antonio-1788-1824--1858-1898,9f03a2632820a26b9724dac7a7a62e87776b1b04,dlstupka/hth,4b0d7c9a16b00eb463a94355f4a2aaf9e69af020,2560,1440,0.703125,False,0,-0.0,1.0,0,0,0,0,0,0,0,0,2560,1440,164.779,77.504,254.0,3313.722,5.0335,0.173356,0.054981,0.221,0.432,0.0,False,False,False,False,False,False,0.79,review,very_small_content_region,
684,Baptisms-San-Antonio-Baptism-Records-1788-1824--1858-1898_p501-690.docx,185,raw/fs_0684.png,5cce31f175646df042684059f825724f6a1a7a3b81b3cc3a590a02192c5be46d,dlstupka/hth-baptisms-san-antonio-1788-1824--1858-1898,9f03a2632820a26b9724dac7a7a62e87776b1b04,dlstupka/hth,4b0d7c9a16b00eb463a94355f4a2aaf9e69af020,2560,1440,0.703125,False,0,-0.0,1.0,0,0,0,0,0,0,0,0,2560,1440,167.729,76.022,254.0,3046.78,4.9638,0.162423,0.054954,0.225,0.409,0.0,False,False,False,False,False,False,0.795,review,very_small_content_region,
685,Baptisms-San-Antonio-Baptism-Records-1788-1824--1858-1898_p501-690.docx,186,raw/fs_0685.png,7b9749a5fe54f6205690e6eb12a80ec7234f64f71a901aaeab059a9e785a0847,dlstupka/hth-baptisms-san-antonio-1788-1824--1858-1898,9f03a2632820a26b9724dac7a7a62e87776b1b04,dlstupka/hth,4b0d7c9a16b00eb463a94355f4a2aaf9e69af020,2560,1440,0.703125,False,0,-0.0,1.0,0,0,0,0,0,0,0,0,2560,1440,171.776,69.605,254.0,3684.757,5.1346,0.135297,0.054965,0.224,0.495,0.0,False,False,False,False,False,False,0.801,review,very_small_content_region,
686,Baptisms-San-Antonio-Baptism-Records-1788-1824--1858-1898_p501-690.docx,187,raw/fs_0686.png,9997b8baabc72342597232ef85d8ebc4592c302669ad16676b1a358daf6350e8,dlstupka/hth-baptisms-san-antonio-1788-1824--1858-1898,9f03a2632820a26b9724dac7a7a62e87776b1b04,dlstupka/hth,4b0d7c9a16b00eb463a94355f4a2aaf9e69af020,2560,1440,0.703125,False,0,-0.0,1.0,0,0,0,0,0,0,0,0,2560,1440,178.998,61.661,254.0,3413.916,5.1193,0.095913,0.054976,0.227,0.47,0.0,False,False,False,False,False,False,0.811,review,very_small_content_region,
687,Baptisms-San-Antonio-Baptism-Records-1788-1824--1858-1898_p501-690.docx,188,raw/fs_0687.png,2967647fd4bfa38a34b03d6af6d7a286d776a1bc823b6168a45bcca39f126489,dlstupka/hth-baptisms-san-antonio-1788-1824--1858-1898,9f03a2632820a26b9724dac7a7a62e87776b1b04,dlstupka/hth,4b0d7c9a16b00eb463a94355f4a2aaf9e69af020,2560,1440,0.703125,False,0,-0.0,1.0,0,0,0,0,0,0,0,0,2560,1440,179.212,62.652,254.0,3297.487,5.0378,0.09836,0.054961,0.227,0.459,0.0,False,False,False,False,False,False,0.812,review,very_small_content_region,
688,Baptisms-San-Antonio-Baptism-Records-1788-1824--1858-1898_p501-690.docx,189,raw/fs_0688.png,1bf1a2527ef7abddf8c278bc332a6ef5d341ddc24544454a5be82db334651be9,dlstupka/hth-baptisms-san-antonio-1788-1824--1858-1898,9f03a2632820a26b9724dac7a7a62e87776b1b04,dlstupka/hth,4b0d7c9a16b00eb463a94355f4a2aaf9e69af020,2560,1440,0.703125,False,0,-0.0,1.0,0,0,0,0,0,0,0,0,2560,1440,175.48,65.574,254.0,3163.212,5.086,0.113153,0.054971,0.226,0.475,0.0,False,False,False,False,False,False,0.806,review,very_small_content_region,
689,Baptisms-San-Antonio-Baptism-Records-1788-1824--1858-1898_p501-690.docx,190,raw/fs_0689.png,c3b44cf1d87f530bfbac5a58b07ca8e6f3fbf0eedae423238f9fb6b0642ec48c,dlstupka/hth-baptisms-san-antonio-1788-1824--1858-1898,9f03a2632820a26b9724dac7a7a62e87776b1b04,dlstupka/hth,4b0d7c9a16b00eb463a94355f4a2aaf9e69af020,2560,1440,0.703125,False,0,-0.0,1.0,0,0,0,0,0,0,0,0,2560,1440,178.554,62.418,254.0,3566.278,5.068,0.100096,0.054954,0.229,0.485,0.0,False,False,False,False,False,False,0.811,review,very_small_content_region,
690,Baptisms-San-Antonio-Baptism-Records-1788-1824--1858-1898_p691-700.docx,1,raw/fs_0690.png,2c4783c2912294097938cbbd5c5efdb77b8c07018c36565e1d00b14c26b28cb0,dlstupka/hth-baptisms-san-antonio-1788-1824--1858-1898,9f03a2632820a26b9724dac7a7a62e87776b1b04,dlstupka/hth,4b0d7c9a16b00eb463a94355f4a2aaf9e69af020,2560,1440,0.703125,False,0,-0.0,1.0,0,0,0,0,0,0,0,0,2560,1440,164.658,78.027,253.0,3017.835,4.8674,0.171247,0.052778,0.131,0.436,0.0,False,False,False,False,False,False,0.79,review,very_small_content_region,
691,Baptisms-San-Antonio-Baptism-Records-1788-1824--1858-1898_p691-700.docx,2,raw/fs_0691.png,9d57043cd378f9840659718d780f587676be224e11cd75361668a76d188c06cd,dlstupka/hth-baptisms-san-antonio-1788-1824--1858-1898,9f03a2632820a26b9724dac7a7a62e87776b1b04,dlstupka/hth,4b0d7c9a16b00eb463a94355f4a2aaf9e69af020,2560,1440,0.703125,False,0,-0.0,1.0,0,0,0,0,0,0,0,0,2560,1440,158.499,81.661,253.0,3425.224,4.9075,0.19916,0.052605,0.139,0.447,0.0,False,False,False,False,False,False,0.781,review,very_small_content_region,
692,Baptisms-San-Antonio-Baptism-Records-1788-1824--1858-1898_p691-700.docx,3,raw/fs_0692.png,6035c74cb9679f9ec682767126412a173afd1fae23843822e20a7ba8064c965b,dlstupka/hth-baptisms-san-antonio-1788-1824--1858-1898,9f03a2632820a26b9724dac7a7a62e87776b1b04,dlstupka/hth,4b0d7c9a16b00eb463a94355f4a2aaf9e69af020,2560,1440,0.703125,False,0,-0.0,1.0,0,0,0,0,0,0,0,0,2560,1440,177.77,65.058,253.0,3590.776,4.9548,0.109469,0.052652,0.179,0.466,0.0,False,False,False,False,False,False,0.809,review,very_small_content_region,
693,Baptisms-San-Antonio-Baptism-Records-1788-1824--1858-1898_p691-700.docx,4,raw/fs_0693.png,0b3cf2e1ab5f1653f595e2607f6a3fe0dc9bcd40d57a4236a63673a5e8d04d1e,dlstupka/hth-baptisms-san-antonio-1788-1824--1858-1898,9f03a2632820a26b9724dac7a7a62e87776b1b04,dlstupka/hth,4b0d7c9a16b00eb463a94355f4a2aaf9e69af020,2560,1440,0.703125,False,0,-0.0,1.0,0,0,0,0,0,0,0,0,2560,1440,157.339,83.541,253.0,3443.932,4.9542,0.213,0.052601,0.142,0.456,0.0,False,False,False,False,False,False,0.779,review,very_small_content_region,
694,Baptisms-San-Antonio-Baptism-Records-1788-1824--1858-1898_p691-700.docx,5,raw/fs_0694.png,3c7a7662c26941c034d88eaa60ad79f8244ba6ae8bf500cebb55a59b500fe734,dlstupka/hth-baptisms-san-antonio-1788-1824--1858-1898,9f03a2632820a26b9724dac7a7a62e87776b1b04,dlstupka/hth,4b0d7c9a16b00eb463a94355f4a2aaf9e69af020,2560,1440,0.703125,False,0,-0.0,1.0,0,0,0,0,0,0,0,0,2560,1440,175.224,67.707,253.0,3581.046,4.9978,0.12144,0.052638,0.18,0.456,0.0,False,False,False,False,False,False,0.806,review,very_small_content_region,
695,Baptisms-San-Antonio-Baptism-Records-1788-1824--1858-1898_p691-700.docx,6,raw/fs_0695.png,e6c58d4d941876caded3017fddbc85e9c4c5ebdc9d1dabce001b81e0ffe00635,dlstupka/hth-baptisms-san-antonio-1788-1824--1858-1898,9f03a2632820a26b9724dac7a7a62e87776b1b04,dlstupka/hth,4b0d7c9a16b00eb463a94355f4a2aaf9e69af020,2560,1440,0.703125,False,0,-0.0,1.0,0,0,0,0,0,0,0,0,2560,1440,162.814,80.269,253.0,3224.255,4.9178,0.187162,0.05261,0.136,0.432,0.0,False,False,False,False,False,False,0.787,review,very_small_content_region,
696,Baptisms-San-Antonio-Baptism-Records-1788-1824--1858-1898_p691-700.docx,7,raw/fs_0696.png,24174e878d1d5b2a2c7bb2f197c8c4e73a92207d53eed05264af863d11fc5dc2,dlstupka/hth-baptisms-san-antonio-1788-1824--1858-1898,9f03a2632820a26b9724dac7a7a62e87776b1b04,dlstupka/hth,4b0d7c9a16b00eb463a94355f4a2aaf9e69af020,2560,1440,0.703125,False,0,-0.0,1.0,0,0,0,0,0,0,0,0,2560,1440,159.797,81.873,253.0,3476.215,4.9625,0.199256,0.052615,0.137,0.449,0.0,False,False,False,False,False,False,0.783,review,very_small_content_region,
697,Baptisms-San-Antonio-Baptism-Records-1788-1824--1858-1898_p691-700.docx,8,raw/fs_0697.png,669d0b5b14b2b87aa39088532f629cf06fca84691fc95803a144136ed3bbc719,dlstupka/hth-baptisms-san-antonio-1788-1824--1858-1898,9f03a2632820a26b9724dac7a7a62e87776b1b04,dlstupka/hth,4b0d7c9a16b00eb463a94355f4a2aaf9e69af020,2560,1440,0.703125,False,0,-0.0,1.0,0,0,0,0,0,0,0,0,2560,1440,164.889,78.461,253.0,3335.674,4.8934,0.177092,0.05263,0.129,0.436,0.0,False,False,False,False,False,False,0.791,review,very_small_content_region,
698,Baptisms-San-Antonio-Baptism-Records-1788-1824--1858-1898_p691-700.docx,9,raw/fs_0698.png,2d3aacc86a2fe578483580f699af0061faf7af1624f4651803fded1523035a90,dlstupka/hth-baptisms-san-antonio-1788-1824--1858-1898,9f03a2632820a26b9724dac7a7a62e87776b1b04,dlstupka/hth,4b0d7c9a16b00eb463a94355f4a2aaf9e69af020,2560,1440,0.703125,False,0,-0.0,1.0,0,0,0,0,0,0,0,0,2560,1440,181.571,60.871,250.0,3915.66,4.9673,0.094221,0.052678,0.188,0.446,0.0,False,False,False,False,False,False,0.815,review,very_small_content_region,
699,Baptisms-San-Antonio-Baptism-Records-1788-1824--1858-1898_p691-700.docx,10,raw/fs_0699.png,48ca5ded797a7abcd6f402ba9f4d9dcfcfdead87266ed8c0f9b0ff3482f7bb61,dlstupka/hth-baptisms-san-antonio-1788-1824--1858-1898,9f03a2632820a26b9724dac7a7a62e87776b1b04,dlstupka/hth,4b0d7c9a16b00eb463a94355f4a2aaf9e69af020,2560,1440,0.703125,False,0,-0.0,1.0,0,0,0,0,0,0,0,0,2560,1440,172.263,71.191,253.0,3844.04,5.1353,0.140373,0.052633,0.171,0.484,0.0,False,False,False,False,False,False,0.801,review,very_small_content_region,
700,Baptisms-San-Antonio-Baptism-Records-1788-1824--1858-1898_p701-710.docx,1,raw/fs_0700.png,1ce711d1023390dcfaf335fc8360a384fb78e457a5a5927d404e3116389b5def,dlstupka/hth-baptisms-san-antonio-1788-1824--1858-1898,9f03a2632820a26b9724dac7a7a62e87776b1b04,dlstupka/hth,4b0d7c9a16b00eb463a94355f4a2aaf9e69af020,1690,1361,1.0,False,0,-0.25,0.0,0,0,0,0,0,0,0,0,1690,1361,147.33,68.571,200.0,3716.45,6.107,0.183923,1.2e-05,0.0,0.628,0.0,False,False,False,False,False,False,0.765,review,very_small_content_region,
701,Baptisms-San-Antonio-Baptism-Records-1788-1824--1858-1898_p701-710.docx,2,raw/fs_0701.png,bcb2a446d0191f292bd891cdb45df82625625ee5a4a070b4560133d89c4d6429,dlstupka/hth-baptisms-san-antonio-1788-1824--1858-1898,9f03a2632820a26b9724dac7a7a62e87776b1b04,dlstupka/hth,4b0d7c9a16b00eb463a94355f4a2aaf9e69af020,1690,1361,1.0,False,0,-0.25,0.0,0,0,0,0,0,0,0,0,1690,1361,149.969,66.734,205.0,3736.618,6.0992,0.171772,4e-06,0.0,0.631,0.0,False,False,False,False,False,False,0.769,review,very_small_content_region,
702,Baptisms-San-Antonio-Baptism-Records-1788-1824--1858-1898_p701-710.docx,3,raw/fs_0702.png,68a3d8f097d56ebc9ae0d34fa29b1d76fe77f5750b8212e175e0b1f162e9ee90,dlstupka/hth-baptisms-san-antonio-1788-1824--1858-1898,9f03a2632820a26b9724dac7a7a62e87776b1b04,dlstupka/hth,4b0d7c9a16b00eb463a94355f4a2aaf9e69af020,1690,1361,1.0,False,0,-0.25,0.0,0,0,0,0,0,0,0,0,1690,1361,149.583,67.251,204.0,3791.306,6.0809,0.174631,1.1e-05,0.265,0.636,0.0,False,False,False,False,False,False,0.768,review,very_small_content_region,
703,Baptisms-San-Antonio-Baptism-Records-1788-1824--1858-1898_p701-710.docx,4,raw/fs_0703.png,d8fa34c4cf35c0de46721ed5a2497061b8617835b8d75ce084d0598e22c3642b,dlstupka/hth-baptisms-san-antonio-1788-1824--1858-1898,9f03a2632820a26b9724dac7a7a62e87776b1b04,dlstupka/hth,4b0d7c9a16b00eb463a94355f4a2aaf9e69af020,1690,1361,1.0,False,0,-0.25,0.0,0,0,0,0,0,0,0,0,1690,1361,125.179,79.116,193.0,3619.134,5.6237,0.296645,3e-06,0.466,0.577,0.0,False,False,False,False,False,False,0.732,review,very_small_content_region,
704,Baptisms-San-Antonio-Baptism-Records-1788-1824--1858-1898_p701-710.docx,5,raw/fs_0704.png,4a50a14de64e8f0aa3f9e5ef627d163489d5bbc1a1281f40bfe32b1cbedeb39f,dlstupka/hth-baptisms-san-antonio-1788-1824--1858-1898,9f03a2632820a26b9724dac7a7a62e87776b1b04,dlstupka/hth,4b0d7c9a16b00eb463a94355f4a2aaf9e69af020,1690,1361,1.0,False,0,-0.25,0.0,0,0,0,0,0,0,0,0,1690,1361,157.708,62.554,221.0,3969.346,6.1163,0.143427,1e-05,0.0,0.606,0.0,False,False,False,False,False,False,0.78,review,very_small_content_region,
705,Baptisms-San-Antonio-Baptism-Records-1788-1824--1858-1898_p701-710.docx,6,raw/fs_0705.png,9affe13051fb166a98b94b5ae63c4feb9560c21503ed72c646402031602f9386,dlstupka/hth-baptisms-san-antonio-1788-1824--1858-1898,9f03a2632820a26b9724dac7a7a62e87776b1b04,dlstupka/hth,4b0d7c9a16b00eb463a94355f4a2aaf9e69af020,1690,1361,1.0,False,0,-0.25,0.0,0,0,0,0,0,0,0,0,1690,1361,127.694,81.84,201.0,4116.937,5.7417,0.30255,1.3e-05,0.343,0.596,0.0,False,False,False,False,False,False,0.736,review,very_small_content_region,
706,Baptisms-San-Antonio-Baptism-Records-1788-1824--1858-1898_p701-710.docx,7,raw/fs_0706.png,86852a2ce3fa972ae6c9354298d434599f5dc2a23e0bf7f58628fc4111a4549a,dlstupka/hth-baptisms-san-antonio-1788-1824--1858-1898,9f03a2632820a26b9724dac7a7a62e87776b1b04,dlstupka/hth,4b0d7c9a16b00eb463a94355f4a2aaf9e69af020,1690,1361,1.0,False,0,-0.25,0.0,0,0,0,0,0,0,0,0,1690,1361,142.818,73.127,204.0,4399.826,6.0263,0.222209,8e-06,0.346,0.666,0.0,False,False,False,False,False,False,0.758,review,very_small_content_region,
707,Baptisms-San-Antonio-Baptism-Records-1788-1824--1858-1898_p701-710.docx,8,raw/fs_0707.png,c70542b17e3a92813a0b2ee461a91b7d9ccaba207fe0a97613a9e4449f14a9cd,dlstupka/hth-baptisms-san-antonio-1788-1824--1858-1898,9f03a2632820a26b9724dac7a7a62e87776b1b04,dlstupka/hth,4b0d7c9a16b00eb463a94355f4a2aaf9e69af020,1690,1361,1.0,False,0,-0.25,0.0,0,0,0,0,0,0,0,0,1690,1361,127.279,81.57,198.0,4172.804,5.766,0.307228,1e-05,0.235,0.608,0.0,False,False,False,False,False,False,0.735,review,very_small_content_region,
708,Baptisms-San-Antonio-Baptism-Records-1788-1824--1858-1898_p701-710.docx,9,raw/fs_0708.png,9eff8a607eecee5a54f3d709d46e48f29385ca54055083d3148f18e62a89be05,dlstupka/hth-baptisms-san-antonio-1788-1824--1858-1898,9f03a2632820a26b9724dac7a7a62e87776b1b04,dlstupka/hth,4b0d7c9a16b00eb463a94355f4a2aaf9e69af020,1690,1361,1.0,False,0,-0.25,0.0,0,0,0,0,0,0,0,0,1690,1361,122.283,80.099,194.0,4271.531,5.8048,0.317753,3e-06,0.307,0.604,0.0,False,False,False,False,False,False,0.728,review,very_small_content_region,
709,Baptisms-San-Antonio-Baptism-Records-1788-1824--1858-1898_p701-710.docx,10,raw/fs_0709.png,0d75c6ebe1389ac9faa743151926ce7b31127d4a70c0334e2cce7905752b4fd8,dlstupka/hth-baptisms-san-antonio-1788-1824--1858-1898,9f03a2632820a26b9724dac7a7a62e87776b1b04,dlstupka/hth,4b0d7c9a16b00eb463a94355f4a2aaf9e69af020,1690,1361,1.0,False,0,-0.25,0.0,0,0,0,0,0,0,0,0,1690,1361,148.652,68.863,203.0,4093.318,6.1278,0.18873,7e-06,0.285,0.651,0.0,False,False,False,False,False,False,0.767,review,very_small_content_region,
710,Baptisms-San-Antonio-Baptism-Records-1788-1824--1858-1898_p711-929.docx,1,raw/fs_0710.png,63179c0c754c49c4b0f5f8831e85091050b777e85afcc84a0edb968d229094a2,dlstupka/hth-baptisms-san-antonio-1788-1824--1858-1898,9f03a2632820a26b9724dac7a7a62e87776b1b04,dlstupka/hth,4b0d7c9a16b00eb463a94355f4a2aaf9e69af020,1690,1361,1.0,False,0,-0.25,0.0,0,0,0,0,0,0,0,0,1690,1361,125.951,80.608,196.0,3978.185,5.8104,0.30486,7e-06,0.286,0.597,0.0,False,False,False,False,False,False,0.733,review,very_small_content_region,
711,Baptisms-San-Antonio-Baptism-Records-1788-1824--1858-1898_p711-929.docx,2,raw/fs_0711.png,141fe63ff3086f5ddaa615fb146b9f0f00650c40e425634e5ff899966ecb788b,dlstupka/hth-baptisms-san-antonio-1788-1824--1858-1898,9f03a2632820a26b9724dac7a7a62e87776b1b04,dlstupka/hth,4b0d7c9a16b00eb463a94355f4a2aaf9e69af020,1690,1361,1.0,False,0,-0.25,0.0,0,0,0,0,0,0,0,0,1690,1361,122.822,79.944,193.0,3930.153,5.7153,0.313236,5e-06,0.458,0.6,0.0,False,False,False,False,False,False,0.729,review,very_small_content_region,
712,Baptisms-San-Antonio-Baptism-Records-1788-1824--1858-1898_p711-929.docx,3,raw/fs_0712.png,f704ba44018e4492bf77a0f9ba9925abfc52b911218fb18d4f511f230a6b04f9,dlstupka/hth-baptisms-san-antonio-1788-1824--1858-1898,9f03a2632820a26b9724dac7a7a62e87776b1b04,dlstupka/hth,4b0d7c9a16b00eb463a94355f4a2aaf9e69af020,1690,1361,1.0,False,0,-0.25,0.0,0,0,0,0,0,0,0,0,1690,1361,130.906,78.04,197.0,3736.051,5.8473,0.272707,3e-06,0.27,0.574,0.0,False,False,False,False,False,False,0.741,review,very_small_content_region,
713,Baptisms-San-Antonio-Baptism-Records-1788-1824--1858-1898_p711-929.docx,4,raw/fs_0713.png,efd18b04c953ca0c848745eafb1b280dd6c0cf7b163d5bfd525a2cb07f202ea3,dlstupka/hth-baptisms-san-antonio-1788-1824--1858-1898,9f03a2632820a26b9724dac7a7a62e87776b1b04,dlstupka/hth,4b0d7c9a16b00eb463a94355f4a2aaf9e69af020,1690,1361,1.0,False,0,-0.25,0.0,0,0,0,0,0,0,0,0,1690,1361,147.198,69.125,200.0,4060.173,6.1063,0.194122,1.1e-05,0.0,0.652,0.0,False,False,False,False,False,False,0.765,review,very_small_content_region,
714,Baptisms-San-Antonio-Baptism-Records-1788-1824--1858-1898_p711-929.docx,5,raw/fs_0714.png,aa117ab4986c61add5b540c5fc0a82c84d183416c12d7ad52218d4f06e8971f8,dlstupka/hth-baptisms-san-antonio-1788-1824--1858-1898,9f03a2632820a26b9724dac7a7a62e87776b1b04,dlstupka/hth,4b0d7c9a16b00eb463a94355f4a2aaf9e69af020,1690,1361,1.0,False,0,-0.25,0.0,0,0,0,0,0,0,0,0,1690,1361,127.964,80.039,196.0,3483.743,5.745,0.28909,4e-06,0.282,0.556,0.0,False,False,False,False,False,False,0.736,review,very_small_content_region,
715,Baptisms-San-Antonio-Baptism-Records-1788-1824--1858-1898_p711-929.docx,6,raw/fs_0715.png,0de3f2947495de55af66ad83b77d7c1fba6ffa071b7ce297f679711497118958,dlstupka/hth-baptisms-san-antonio-1788-1824--1858-1898,9f03a2632820a26b9724dac7a7a62e87776b1b04,dlstupka/hth,4b0d7c9a16b00eb463a94355f4a2aaf9e69af020,1690,1361,1.0,False,0,-0.25,0.0,0,0,0,0,0,0,0,0,1690,1361,151.501,65.489,208.0,3823.168,6.1767,0.164072,7e-06,0.242,0.633,0.0,False,False,False,False,False,False,0.771,review,very_small_content_region,
716,Baptisms-San-Antonio-Baptism-Records-1788-1824--1858-1898_p711-929.docx,7,raw/fs_0716.png,1f457745daa72b64cd506d0c5bae8b581d5f6da5816beb9cdb3361932dcd7aaa,dlstupka/hth-baptisms-san-antonio-1788-1824--1858-1898,9f03a2632820a26b9724dac7a7a62e87776b1b04,dlstupka/hth,4b0d7c9a16b00eb463a94355f4a2aaf9e69af020,1690,1361,1.0,False,0,-0.25,0.0,0,0,0,0,0,0,0,0,1690,1361,126.531,80.847,199.0,4087.185,5.8757,0.303359,8e-06,0.209,0.614,0.0,False,False,False,False,False,False,0.734,review,very_small_content_region,
717,Baptisms-San-Antonio-Baptism-Records-1788-1824--1858-1898_p711-929.docx,8,raw/fs_0717.png,e818c73d824809434fe03dcd286d773ca6d6ad9e1b1aec67762c0d07442e9bb6,dlstupka/hth-baptisms-san-antonio-1788-1824--1858-1898,9f03a2632820a26b9724dac7a7a62e87776b1b04,dlstupka/hth,4b0d7c9a16b00eb463a94355f4a2aaf9e69af020,1690,1361,1.0,False,0,-0.25,0.0,0,0,0,0,0,0,0,0,1690,1361,150.833,66.974,206.0,4019.996,6.2416,0.17426,1.3e-05,0.0,0.674,0.0,False,False,False,False,False,False,0.77,review,very_small_content_region,
718,Baptisms-San-Antonio-Baptism-Records-1788-1824--1858-1898_p711-929.docx,9,raw/fs_0718.png,9a5abaf29718dfac5bc299acbe8955ef2c99f944f9554e0ba2e8243efd67670c,dlstupka/hth-baptisms-san-antonio-1788-1824--1858-1898,9f03a2632820a26b9724dac7a7a62e87776b1b04,dlstupka/hth,4b0d7c9a16b00eb463a94355f4a2aaf9e69af020,1690,1361,1.0,False,0,-0.25,0.0,0,0,0,0,0,0,0,0,1690,1361,127.243,80.565,198.0,4058.097,5.8373,0.298467,1.2e-05,0.283,0.603,0.0,False,False,False,False,False,False,0.735,review,very_small_content_region,
719,Baptisms-San-Antonio-Baptism-Records-1788-1824--1858-1898_p711-929.docx,10,raw/fs_0719.png,6872963559ca23387c111913513ce9b848fae3d1510fb9b596b80994325773ce,dlstupka/hth-baptisms-san-antonio-1788-1824--1858-1898,9f03a2632820a26b9724dac7a7a62e87776b1b04,dlstupka/hth,4b0d7c9a16b00eb463a94355f4a2aaf9e69af020,1690,1361,1.0,False,0,-0.25,0.0,0,0,0,0,0,0,0,0,1690,1361,133.388,78.167,201.0,3562.414,5.968,0.266016,1e-05,0.517,0.552,0.0,False,False,False,False,False,False,0.744,review,very_small_content_region,
720,Baptisms-San-Antonio-Baptism-Records-1788-1824--1858-1898_p711-929.docx,11,raw/fs_0720.png,f6d92e9f37a7367ab60ef0527e9ad12f28d0a10fc20f68c6d09107cdd2c0093f,dlstupka/hth-baptisms-san-antonio-1788-1824--1858-1898,9f03a2632820a26b9724dac7a7a62e87776b1b04,dlstupka/hth,4b0d7c9a16b00eb463a94355f4a2aaf9e69af020,1690,1361,1.0,False,0,-0.25,0.0,0,0,0,0,0,0,0,0,1690,1361,128.752,79.475,196.0,3043.179,5.7594,0.283353,5e-06,0.327,0.537,0.0,False,False,False,False,False,False,0.738,review,very_small_content_region,
721,Baptisms-San-Antonio-Baptism-Records-1788-1824--1858-1898_p711-929.docx,12,raw/fs_0721.png,3e6f706056b98e25208b7dc389ef61cd25a8550a924d328e3910ec9ca7f4d4b2,dlstupka/hth-baptisms-san-antonio-1788-1824--1858-1898,9f03a2632820a26b9724dac7a7a62e87776b1b04,dlstupka/hth,4b0d7c9a16b00eb463a94355f4a2aaf9e69af020,1690,1361,1.0,False,0,-0.25,0.0,0,0,0,0,0,0,0,0,1690,1361,129.451,79.615,197.0,3542.662,5.8519,0.286291,5e-06,0.228,0.593,0.0,False,False,False,False,False,False,0.739,review,very_small_content_region,
722,Baptisms-San-Antonio-Baptism-Records-1788-1824--1858-1898_p711-929.docx,13,raw/fs_0722.png,354aed3a63ba95ff6a67acaa67ae9800676739498489284da4b44d9e9fda2a6a,dlstupka/hth-baptisms-san-antonio-1788-1824--1858-1898,9f03a2632820a26b9724dac7a7a62e87776b1b04,dlstupka/hth,4b0d7c9a16b00eb463a94355f4a2aaf9e69af020,1690,1361,1.0,False,0,-0.25,0.0,0,0,0,0,0,0,0,0,1690,1361,131.193,80.058,205.0,3525.865,5.8392,0.28145,3e-06,0.578,0.585,0.0,False,False,False,False,False,False,0.741,review,very_small_content_region,
723,Baptisms-San-Antonio-Baptism-Records-1788-1824--1858-1898_p711-929.docx,14,raw/fs_0723.png,bed04ddccc0bf37da8266a92ffb96a6fbce38167dbe35a386b9455d1f35114c5,dlstupka/hth-baptisms-san-antonio-1788-1824--1858-1898,9f03a2632820a26b9724dac7a7a62e87776b1b04,dlstupka/hth,4b0d7c9a16b00eb463a94355f4a2aaf9e69af020,1690,1361,1.0,False,0,-0.25,0.0,0,0,0,0,0,0,0,0,1690,1361,124.329,81.681,197.0,3647.947,5.7165,0.31591,8e-06,0.224,0.571,0.0,False,False,False,False,False,False,0.731,review,very_small_content_region,
724,Baptisms-San-Antonio-Baptism-Records-1788-1824--1858-1898_p711-929.docx,15,raw/fs_0724.png,71b0cc8320f82935faa4a72701f049f9c0ff36c9e552cad404614c1807f17b2d,dlstupka/hth-baptisms-san-antonio-1788-1824--1858-1898,9f03a2632820a26b9724dac7a7a62e87776b1b04,dlstupka/hth,4b0d7c9a16b00eb463a94355f4a2aaf9e69af020,1690,1361,1.0,False,0,-0.25,0.0,0,0,0,0,0,0,0,0,1690,1361,129.741,79.308,197.0,3165.852,5.8183,0.282106,5e-06,0.244,0.547,0.0,False,False,False,False,False,False,0.739,review,very_small_content_region,
725,Baptisms-San-Antonio-Baptism-Records-1788-1824--1858-1898_p711-929.docx,16,raw/fs_0725.png,294366667eb891f85ee8c8c9ff2eca7679f9b24fb3c89ca6a46af94fa8837ce8,dlstupka/hth-baptisms-san-antonio-1788-1824--1858-1898,9f03a2632820a26b9724dac7a7a62e87776b1b04,dlstupka/hth,4b0d7c9a16b00eb463a94355f4a2aaf9e69af020,1690,1361,1.0,False,0,-0.25,0.0,0,0,0,0,0,0,0,0,1690,1361,131.65,78.478,198.0,3371.708,5.8357,0.273081,3e-06,0.231,0.583,0.0,False,False,False,False,False,False,0.742,review,very_small_content_region,
729,Baptisms-San-Antonio-Baptism-Records-1788-1824--1858-1898_p711-929.docx,20,raw/fs_0729.png,055170cab4ec43f428ced5d6e4bc89ff1bc84fc0d17381917ee0fcd5f33a8758,dlstupka/hth-baptisms-san-antonio-1788-1824--1858-1898,9f03a2632820a26b9724dac7a7a62e87776b1b04,dlstupka/hth,4b0d7c9a16b00eb463a94355f4a2aaf9e69af020,1690,1361,1.0,False,0,-0.25,0.0,0,0,0,0,0,0,0,0,1690,1361,143.661,65.173,192.0,3217.907,6.2125,0.187262,3e-06,0.08,0.58,0.0,False,False,False,False,False,False,0.759,review,very_small_content_region,
732,Baptisms-San-Antonio-Baptism-Records-1788-1824--1858-1898_p711-929.docx,23,raw/fs_0732.png,fb986b990caa9671e189cb0f9802dc3a6f7b7ae56ec1f9e7a822885ee8f88a03,dlstupka/hth-baptisms-san-antonio-1788-1824--1858-1898,9f03a2632820a26b9724dac7a7a62e87776b1b04,dlstupka/hth,4b0d7c9a16b00eb463a94355f4a2aaf9e69af020,1690,1361,1.0,False,0,-0.25,0.0,0,0,0,0,0,0,0,0,1690,1361,139.941,71.141,199.0,3127.656,6.0829,0.218737,2e-06,0.431,0.563,0.0,False,False,False,False,False,False,0.754,review,very_small_content_region,
733,Baptisms-San-Antonio-Baptism-Records-1788-1824--1858-1898_p711-929.docx,24,raw/fs_0733.png,795dc9126549a6ca883aada9f11284c8c22e12ed17682f9aa22c1cf927bae16b,dlstupka/hth-baptisms-san-antonio-1788-1824--1858-1898,9f03a2632820a26b9724dac7a7a62e87776b1b04,dlstupka/hth,4b0d7c9a16b00eb463a94355f4a2aaf9e69af020,1690,1361,1.0,False,0,-0.25,0.0,0,0,0,0,0,0,0,0,1690,1361,128.191,77.544,193.0,3128.48,5.8915,0.282269,3e-06,0.463,0.537,0.0,False,False,False,False,False,False,0.737,review,very_small_content_region,
734,Baptisms-San-Antonio-Baptism-Records-1788-1824--1858-1898_p711-929.docx,25,raw/fs_0734.png,3a02581b09fc2116589e44d3f50097e572d6f0f2d6b5cc7441e9c64903750564,dlstupka/hth-baptisms-san-antonio-1788-1824--1858-1898,9f03a2632820a26b9724dac7a7a62e87776b1b04,dlstupka/hth,4b0d7c9a16b00eb463a94355f4a2aaf9e69af020,1690,1361,1.0,False,0,-0.25,0.0,0,0,0,0,0,0,0,0,1690,1361,131.328,76.512,195.0,2821.119,5.9419,0.265274,1e-06,0.224,0.516,0.0,False,False,False,False,False,False,0.741,review,very_small_content_region,
735,Baptisms-San-Antonio-Baptism-Records-1788-1824--1858-1898_p711-929.docx,26,raw/fs_0735.png,621787d13fc8283ca374304c90f50c0a3bb26016bb803effba9c5bc4ac79a4a7,dlstupka/hth-baptisms-san-antonio-1788-1824--1858-1898,9f03a2632820a26b9724dac7a7a62e87776b1b04,dlstupka/hth,4b0d7c9a16b00eb463a94355f4a2aaf9e69af020,1690,1361,1.0,False,0,-0.25,0.0,0,0,0,0,0,0,0,0,1690,1361,125.408,76.546,192.0,3521.558,5.9866,0.288383,2e-06,0.424,0.588,0.0,False,False,False,False,False,False,0.733,review,very_small_content_region,
736,Baptisms-San-Antonio-Baptism-Records-1788-1824--1858-1898_p711-929.docx,27,raw/fs_0736.png,7dbb4e7843a5fd393a930c7a4735e73458eeb9a75c403f71ba7719dc99e58be8,dlstupka/hth-baptisms-san-antonio-1788-1824--1858-1898,9f03a2632820a26b9724dac7a7a62e87776b1b04,dlstupka/hth,4b0d7c9a16b00eb463a94355f4a2aaf9e69af020,1690,1361,1.0,False,0,-0.25,0.0,0,0,0,0,0,0,0,0,1690,1361,141.859,64.678,192.0,3926.078,6.4347,0.194108,0.0,0.0,0.665,0.0,False,False,False,False,False,False,0.757,review,very_small_content_region,
738,Baptisms-San-Antonio-Baptism-Records-1788-1824--1858-1898_p711-929.docx,29,raw/fs_0738.png,72644907708b2c004cfa0e481d3ef80f235c3c5ae2b14894695950aa87d3cfa6,dlstupka/hth-baptisms-san-antonio-1788-1824--1858-1898,9f03a2632820a26b9724dac7a7a62e87776b1b04,dlstupka/hth,4b0d7c9a16b00eb463a94355f4a2aaf9e69af020,1690,1361,1.0,False,0,-0.25,0.0,0,0,0,0,0,0,0,0,1690,1361,122.892,78.02,192.0,3874.45,5.9444,0.308,3e-06,0.577,0.596,0.0,False,False,False,False,False,False,0.729,review,very_small_content_region,
740,Baptisms-San-Antonio-Baptism-Records-1788-1824--1858-1898_p711-929.docx,31,raw/fs_0740.png,d7efa3376cb4626c6f5d3b271c7f57aa3bed5eefdb43749b649fa00b902cb6a2,dlstupka/hth-baptisms-san-antonio-1788-1824--1858-1898,9f03a2632820a26b9724dac7a7a62e87776b1b04,dlstupka/hth,4b0d7c9a16b00eb463a94355f4a2aaf9e69af020,1690,1361,1.0,False,0,-0.25,0.0,0,0,0,0,0,0,0,0,1690,1361,125.459,77.834,193.0,3571.64,5.9037,0.294017,3e-06,0.652,0.569,0.0,False,False,False,False,False,False,0.733,review,very_small_content_region,
742,Baptisms-San-Antonio-Baptism-Records-1788-1824--1858-1898_p711-929.docx,33,raw/fs_0742.png,0cfb26fd9c610e8ca82b71f26d3ba428112ae457bfd8a324122c591989b04600,dlstupka/hth-baptisms-san-antonio-1788-1824--1858-1898,9f03a2632820a26b9724dac7a7a62e87776b1b04,dlstupka/hth,4b0d7c9a16b00eb463a94355f4a2aaf9e69af020,1690,1361,1.0,False,0,-0.25,0.0,0,0,0,0,0,0,0,0,1690,1361,129.578,72.458,191.0,4029.17,6.2513,0.260756,1e-06,0.619,0.635,0.0,False,False,False,False,False,False,0.739,review,very_small_content_region,
749,Baptisms-San-Antonio-Baptism-Records-1788-1824--1858-1898_p711-929.docx,40,raw/fs_0749.png,883200178cab19b4bcca1bdd3597e3f2ffa4ce66b49b41d923e819d8dc62a8f3,dlstupka/hth-baptisms-san-antonio-1788-1824--1858-1898,9f03a2632820a26b9724dac7a7a62e87776b1b04,dlstupka/hth,4b0d7c9a16b00eb463a94355f4a2aaf9e69af020,1690,1361,1.0,False,0,-0.25,0.0,0,0,0,0,0,0,0,0,1690,1361,144.758,64.672,193.0,2965.965,6.2774,0.181582,2e-06,0.197,0.591,0.0,False,False,False,False,False,False,0.761,review,very_small_content_region,
750,Baptisms-San-Antonio-Baptism-Records-1788-1824--1858-1898_p711-929.docx,41,raw/fs_0750.png,4254adc2384008d5ed20b6927de813647ce05fc1ce578a46497925b5a8f405e0,dlstupka/hth-baptisms-san-antonio-1788-1824--1858-1898,9f03a2632820a26b9724dac7a7a62e87776b1b04,dlstupka/hth,4b0d7c9a16b00eb463a94355f4a2aaf9e69af020,1690,1361,1.0,False,0,-0.25,0.0,0,0,0,0,0,0,0,0,1690,1361,126.655,77.582,193.0,3244.232,5.9618,0.289069,4e-06,0.612,0.559,0.0,False,False,False,False,False,False,0.734,review,very_small_content_region,
754,Baptisms-San-Antonio-Baptism-Records-1788-1824--1858-1898_p711-929.docx,45,raw/fs_0754.png,b41bb9f3a24eb3ee7346597e104c8b982ebd74959378f47ab0b51d35b6610b43,dlstupka/hth-baptisms-san-antonio-1788-1824--1858-1898,9f03a2632820a26b9724dac7a7a62e87776b1b04,dlstupka/hth,4b0d7c9a16b00eb463a94355f4a2aaf9e69af020,1690,1361,1.0,False,0,-0.25,0.0,0,0,0,0,0,0,0,0,1690,1361,146.684,65.382,196.0,3878.701,6.335,0.186307,6e-06,0.0,0.656,0.0,False,False,False,False,False,False,0.764,review,very_small_content_region,
755,Baptisms-San-Antonio-Baptism-Records-1788-1824--1858-1898_p711-929.docx,46,raw/fs_0755.png,fdd691c1a781aff158c15a546212dfdbea3ba534bdba7d9ec6b169273673c561,dlstupka/hth-baptisms-san-antonio-1788-1824--1858-1898,9f03a2632820a26b9724dac7a7a62e87776b1b04,dlstupka/hth,4b0d7c9a16b00eb463a94355f4a2aaf9e69af020,1690,1361,1.0,False,0,-0.25,0.0,0,0,0,0,0,0,0,0,1690,1361,148.772,64.761,195.0,2869.465,6.1926,0.173682,1e-06,0.045,0.576,0.0,False,False,False,False,False,False,0.767,review,very_small_content_region,
757,Baptisms-San-Antonio-Baptism-Records-1788-1824--1858-1898_p711-929.docx,48,raw/fs_0757.png,38568da40cb95117e2b0b02e9b1d2e3d9dfe4061b2af6f780e689dea840c7df8,dlstupka/hth-baptisms-san-antonio-1788-1824--1858-1898,9f03a2632820a26b9724dac7a7a62e87776b1b04,dlstupka/hth,4b0d7c9a16b00eb463a94355f4a2aaf9e69af020,1690,1361,1.0,False,0,-0.25,0.0,0,0,0,0,0,0,0,0,1690,1361,125.935,77.411,192.0,3090.504,5.9281,0.292276,1e-06,0.614,0.569,0.0,False,False,False,False,False,False,0.733,review,very_small_content_region,
758,Baptisms-San-Antonio-Baptism-Records-1788-1824--1858-1898_p711-929.docx,49,raw/fs_0758.png,113cb63968e53b401bf6d4061e6ba411b198b1ade29ae21a41293222fe0794d8,dlstupka/hth-baptisms-san-antonio-1788-1824--1858-1898,9f03a2632820a26b9724dac7a7a62e87776b1b04,dlstupka/hth,4b0d7c9a16b00eb463a94355f4a2aaf9e69af020,1690,1361,1.0,False,0,-0.25,0.0,0,0,0,0,0,0,0,0,1690,1361,138.824,71.215,194.0,3065.383,6.0828,0.222773,1e-06,0.025,0.577,0.0,False,False,False,False,False,False,0.752,review,very_small_content_region,
759,Baptisms-San-Antonio-Baptism-Records-1788-1824--1858-1898_p711-929.docx,50,raw/fs_0759.png,8ce5a8abfff3ffba7aed3e144eabeb9279d154982ba4637340897848815ac221,dlstupka/hth-baptisms-san-antonio-1788-1824--1858-1898,9f03a2632820a26b9724dac7a7a62e87776b1b04,dlstupka/hth,4b0d7c9a16b00eb463a94355f4a2aaf9e69af020,1690,1361,1.0,False,0,-0.25,0.0,0,0,0,0,0,0,0,0,1690,1361,126.412,76.379,191.0,3249.755,5.9787,0.286064,2e-06,0.477,0.574,0.0,False,False,False,False,False,False,0.734,review,very_small_content_region,
761,Baptisms-San-Antonio-Baptism-Records-1788-1824--1858-1898_p711-929.docx,52,raw/fs_0761.png,8bee65c1b1efd8a0d4e5c3a8669a506546999940503b328377eb9dcdbca68532,dlstupka/hth-baptisms-san-antonio-1788-1824--1858-1898,9f03a2632820a26b9724dac7a7a62e87776b1b04,dlstupka/hth,4b0d7c9a16b00eb463a94355f4a2aaf9e69af020,1690,1361,1.0,False,0,-0.25,0.0,0,0,0,0,0,0,0,0,1690,1361,127.147,77.398,192.0,3295.814,5.9306,0.290366,1e-06,0.29,0.547,0.0,False,False,False,False,False,False,0.735,review,very_small_content_region,
763,Baptisms-San-Antonio-Baptism-Records-1788-1824--1858-1898_p711-929.docx,54,raw/fs_0763.png,087923c1eba9589063b95a76a1fecad6bb20b90ddba082794d42ab21cf31675b,dlstupka/hth-baptisms-san-antonio-1788-1824--1858-1898,9f03a2632820a26b9724dac7a7a62e87776b1b04,dlstupka/hth,4b0d7c9a16b00eb463a94355f4a2aaf9e69af020,1690,1361,1.0,False,0,-0.25,0.0,0,0,0,0,0,0,0,0,1690,1361,140.981,70.421,193.0,2742.91,6.0112,0.218265,1e-06,0.0,0.531,0.0,False,False,False,False,False,False,0.755,review,very_small_content_region,
771,Baptisms-San-Antonio-Baptism-Records-1788-1824--1858-1898_p711-929.docx,62,raw/fs_0771.png,2dd98770f0ae4b0f0d044216dbe3ef1834c78e577b3ba930c588649c4037f42d,dlstupka/hth-baptisms-san-antonio-1788-1824--1858-1898,9f03a2632820a26b9724dac7a7a62e87776b1b04,dlstupka/hth,4b0d7c9a16b00eb463a94355f4a2aaf9e69af020,1690,1361,1.0,False,0,-0.25,0.0,0,0,0,0,0,0,0,0,1690,1361,145.203,66.723,193.0,2679.861,6.0908,0.192046,0.0,0.0,0.544,0.0,False,False,False,False,False,False,0.762,review,very_small_content_region,
772,Baptisms-San-Antonio-Baptism-Records-1788-1824--1858-1898_p711-929.docx,63,raw/fs_0772.png,9322dd7e59f6ad753959080c6da6d7e4ee56e6796b557e11309ad3632a59c194,dlstupka/hth-baptisms-san-antonio-1788-1824--1858-1898,9f03a2632820a26b9724dac7a7a62e87776b1b04,dlstupka/hth,4b0d7c9a16b00eb463a94355f4a2aaf9e69af020,1690,1361,1.0,False,0,-0.25,0.0,0,0,0,0,0,0,0,0,1690,1361,145.029,68.806,199.0,2827.907,6.1297,0.198437,1e-06,0.203,0.539,0.0,False,False,False,False,False,False,0.761,review,very_small_content_region,
779,Baptisms-San-Antonio-Baptism-Records-1788-1824--1858-1898_p711-929.docx,70,raw/fs_0779.png,7d90abdf9a94362f80edb9f1e88c72081cda86ad60cda8811b0dbdcb83291f07,dlstupka/hth-baptisms-san-antonio-1788-1824--1858-1898,9f03a2632820a26b9724dac7a7a62e87776b1b04,dlstupka/hth,4b0d7c9a16b00eb463a94355f4a2aaf9e69af020,1690,1361,1.0,False,0,-0.25,0.0,0,0,0,0,0,0,0,0,1690,1361,128.888,77.131,193.0,3120.19,6.0074,0.280097,2e-06,0.272,0.511,0.0,False,False,False,False,False,False,0.738,review,very_small_content_region,
783,Baptisms-San-Antonio-Baptism-Records-1788-1824--1858-1898_p711-929.docx,74,raw/fs_0783.png,ebe7c1757a13981093336bacef63f75d3eef4f76b3b60b60ca9809e9520c4227,dlstupka/hth-baptisms-san-antonio-1788-1824--1858-1898,9f03a2632820a26b9724dac7a7a62e87776b1b04,dlstupka/hth,4b0d7c9a16b00eb463a94355f4a2aaf9e69af020,1690,1361,1.0,False,0,-0.25,0.0,0,0,0,0,0,0,0,0,1690,1361,126.01,77.291,192.0,3063.68,5.9499,0.288682,0.0,0.477,0.529,0.0,False,False,False,False,False,False,0.733,review,very_small_content_region,
788,Baptisms-San-Antonio-Baptism-Records-1788-1824--1858-1898_p711-929.docx,79,raw/fs_0788.png,8324e1be27a1abd5175644d11be12bfcb9907bcdc97e0fea9152845e4814d1aa,dlstupka/hth-baptisms-san-antonio-1788-1824--1858-1898,9f03a2632820a26b9724dac7a7a62e87776b1b04,dlstupka/hth,4b0d7c9a16b00eb463a94355f4a2aaf9e69af020,1690,1361,1.0,False,0,-0.25,0.0,0,0,0,0,0,0,0,0,1690,1361,129.246,76.012,192.0,2310.933,5.8763,0.269325,1e-06,0.401,0.459,0.0,False,False,False,False,False,False,0.738,review,very_small_content_region,
792,Baptisms-San-Antonio-Baptism-Records-1788-1824--1858-1898_p711-929.docx,83,raw/fs_0792.png,79711636a38940a3134c0080ebbf715187d306c5871a12ba084022cd6fcc43a9,dlstupka/hth-baptisms-san-antonio-1788-1824--1858-1898,9f03a2632820a26b9724dac7a7a62e87776b1b04,dlstupka/hth,4b0d7c9a16b00eb463a94355f4a2aaf9e69af020,1690,1361,1.0,False,0,-0.25,0.0,0,0,0,0,0,0,0,0,1690,1361,134.464,74.41,196.0,2873.464,6.0316,0.247135,0.0,0.417,0.551,0.0,False,False,False,False,False,False,0.746,review,very_small_content_region,
793,Baptisms-San-Antonio-Baptism-Records-1788-1824--1858-1898_p711-929.docx,84,raw/fs_0793.png,a8dbd5b23e4af191198b27dc6500936ad763417078f63796e2b6ffa03ca97aed,dlstupka/hth-baptisms-san-antonio-1788-1824--1858-1898,9f03a2632820a26b9724dac7a7a62e87776b1b04,dlstupka/hth,4b0d7c9a16b00eb463a94355f4a2aaf9e69af020,1690,1361,1.0,False,0,-0.25,0.0,0,0,0,0,0,0,0,0,1690,1361,127.785,76.088,192.0,2854.25,5.9981,0.27714,1e-06,0.267,0.537,0.0,False,False,False,False,False,False,0.736,review,very_small_content_region,
802,Baptisms-San-Antonio-Baptism-Records-1788-1824--1858-1898_p711-929.docx,93,raw/fs_0802.png,ac32533010b051e265df8d3ce688930de95d1f556d2d76e0413d8db2ef344db0,dlstupka/hth-baptisms-san-antonio-1788-1824--1858-1898,9f03a2632820a26b9724dac7a7a62e87776b1b04,dlstupka/hth,4b0d7c9a16b00eb463a94355f4a2aaf9e69af020,1690,1361,1.0,False,0,-0.25,0.0,0,0,0,0,0,0,0,0,1690,1361,127.852,76.21,193.0,2986.424,6.0579,0.278874,0.0,0.264,0.565,0.0,False,False,False,False,False,False,0.736,review,very_small_content_region,
826,Baptisms-San-Antonio-Baptism-Records-1788-1824--1858-1898_p711-929.docx,117,raw/fs_0826.png,e8b8dbe08f3b1dfedddca3a9c4f9911793cc3058cf0727cf59ea09f068fd3419,dlstupka/hth-baptisms-san-antonio-1788-1824--1858-1898,9f03a2632820a26b9724dac7a7a62e87776b1b04,dlstupka/hth,4b0d7c9a16b00eb463a94355f4a2aaf9e69af020,1690,1361,1.0,False,0,-0.25,0.0,0,0,0,0,0,0,0,0,1690,1361,133.225,78.548,205.0,2764.5,5.9993,0.268087,3e-06,0.38,0.508,0.0,False,False,False,False,False,False,0.744,review,very_small_content_region,
829,Baptisms-San-Antonio-Baptism-Records-1788-1824--1858-1898_p711-929.docx,120,raw/fs_0829.png,af363865ae507d757cb5857015b616c9db3c481eadf289b1397f50aa847abac4,dlstupka/hth-baptisms-san-antonio-1788-1824--1858-1898,9f03a2632820a26b9724dac7a7a62e87776b1b04,dlstupka/hth,4b0d7c9a16b00eb463a94355f4a2aaf9e69af020,1690,1361,1.0,False,0,-0.25,0.0,0,0,0,0,0,0,0,0,1690,1361,131.392,78.697,198.0,2623.284,5.9758,0.276561,2e-06,0.231,0.512,0.0,False,False,False,False,False,False,0.741,review,very_small_content_region,
833,Baptisms-San-Antonio-Baptism-Records-1788-1824--1858-1898_p711-929.docx,124,raw/fs_0833.png,d347913c4bb940b3eabcf2314d1bb0d8c588c451a428c31bd23be2c20f3fcc32,dlstupka/hth-baptisms-san-antonio-1788-1824--1858-1898,9f03a2632820a26b9724dac7a7a62e87776b1b04,dlstupka/hth,4b0d7c9a16b00eb463a94355f4a2aaf9e69af020,1690,1361,1.0,False,0,-0.25,0.0,0,0,0,0,0,0,0,0,1690,1361,130.427,78.406,196.0,2856.27,5.9869,0.280084,0.0,0.115,0.528,0.0,False,False,False,False,False,False,0.74,review,very_small_content_region,
838,Baptisms-San-Antonio-Baptism-Records-1788-1824--1858-1898_p711-929.docx,129,raw/fs_0838.png,7c191cb07977f38887827c5c27e6e7f053d691784ccdba22431443868ce8ff59,dlstupka/hth-baptisms-san-antonio-1788-1824--1858-1898,9f03a2632820a26b9724dac7a7a62e87776b1b04,dlstupka/hth,4b0d7c9a16b00eb463a94355f4a2aaf9e69af020,1690,1361,1.0,False,0,-0.25,0.0,0,0,0,0,0,0,0,0,1690,1361,147.775,65.732,195.0,2312.048,6.1759,0.178103,1e-06,0.066,0.501,0.0,False,False,False,False,False,False,0.765,review,very_small_content_region,
844,Baptisms-San-Antonio-Baptism-Records-1788-1824--1858-1898_p711-929.docx,135,raw/fs_0844.png,57fdda9633d3172d2b420848c907d1b17727ef0a29c501bae97f7aa3efadaecf,dlstupka/hth-baptisms-san-antonio-1788-1824--1858-1898,9f03a2632820a26b9724dac7a7a62e87776b1b04,dlstupka/hth,4b0d7c9a16b00eb463a94355f4a2aaf9e69af020,1690,1361,1.0,False,0,-0.25,0.0,0,0,0,0,0,0,0,0,1690,1361,126.445,79.438,195.0,3155.292,6.0326,0.299479,1e-06,0.218,0.56,0.0,False,False,False,False,False,False,0.734,review,very_small_content_region,
848,Baptisms-San-Antonio-Baptism-Records-1788-1824--1858-1898_p711-929.docx,139,raw/fs_0848.png,6f59f584aa8f8b74db5bc98b44ec1b6858f91b7c92d4684c55267cda206515d5,dlstupka/hth-baptisms-san-antonio-1788-1824--1858-1898,9f03a2632820a26b9724dac7a7a62e87776b1b04,dlstupka/hth,4b0d7c9a16b00eb463a94355f4a2aaf9e69af020,1690,1361,1.0,False,0,-0.25,0.0,0,0,0,0,0,0,0,0,1690,1361,130.248,79.481,196.0,2020.488,5.8473,0.282357,0.0,0.484,0.401,0.0,False,False,False,False,False,False,0.74,review,very_small_content_region,
852,Baptisms-San-Antonio-Baptism-Records-1788-1824--1858-1898_p711-929.docx,143,raw/fs_0852.png,bb5a04d46ee0e3e09c0d965de72379d17571f4b4bb68337b30ec8d3c92d77e02,dlstupka/hth-baptisms-san-antonio-1788-1824--1858-1898,9f03a2632820a26b9724dac7a7a62e87776b1b04,dlstupka/hth,4b0d7c9a16b00eb463a94355f4a2aaf9e69af020,1690,1361,1.0,False,0,-0.25,0.0,0,0,0,0,0,0,0,0,1690,1361,129.676,78.93,194.0,2419.21,5.833,0.28325,1e-06,0.623,0.468,0.0,False,False,False,False,False,False,0.739,review,very_small_content_region,
853,Baptisms-San-Antonio-Baptism-Records-1788-1824--1858-1898_p711-929.docx,144,raw/fs_0853.png,c5340bb2372bf7bfd0e928bce00a2f096b810e2e9d2d0b8cff32079f0694967d,dlstupka/hth-baptisms-san-antonio-1788-1824--1858-1898,9f03a2632820a26b9724dac7a7a62e87776b1b04,dlstupka/hth,4b0d7c9a16b00eb463a94355f4a2aaf9e69af020,1690,1361,1.0,False,0,-0.25,0.0,0,0,0,0,0,0,0,0,1690,1361,130.49,78.431,195.0,2261.554,5.9199,0.276203,0.0,0.464,0.472,0.0,False,False,False,False,False,False,0.74,review,very_small_content_region,
855,Baptisms-San-Antonio-Baptism-Records-1788-1824--1858-1898_p711-929.docx,146,raw/fs_0855.png,0d997cc92d02783edcc49f7aa226f76096729959698dfe3e08cdd9e283923fd3,dlstupka/hth-baptisms-san-antonio-1788-1824--1858-1898,9f03a2632820a26b9724dac7a7a62e87776b1b04,dlstupka/hth,4b0d7c9a16b00eb463a94355f4a2aaf9e69af020,1690,1361,1.0,False,0,-0.25,0.0,0,0,0,0,0,0,0,0,1690,1361,129.503,79.711,194.0,1838.193,5.685,0.284908,0.0,0.468,0.38,0.0,False,False,False,False,False,False,0.739,review,very_small_content_region,
857,Baptisms-San-Antonio-Baptism-Records-1788-1824--1858-1898_p711-929.docx,148,raw/fs_0857.png,86f5e9f776d97e294036c8834e0da51ae5f83007b9e0922a69e5656b9e1e9c04,dlstupka/hth-baptisms-san-antonio-1788-1824--1858-1898,9f03a2632820a26b9724dac7a7a62e87776b1b04,dlstupka/hth,4b0d7c9a16b00eb463a94355f4a2aaf9e69af020,1690,1361,1.0,False,0,-0.25,0.0,0,0,0,0,0,0,0,0,1690,1361,135.152,78.231,195.0,1665.188,5.6846,0.258893,0.0,0.234,0.341,0.0,False,False,False,False,False,False,0.747,review,very_small_content_region,
859,Baptisms-San-Antonio-Baptism-Records-1788-1824--1858-1898_p711-929.docx,150,raw/fs_0859.png,0b73e3e27991066a9ff8d97f48843f4b79b75303e6230926d32b0336ab524ba6,dlstupka/hth-baptisms-san-antonio-1788-1824--1858-1898,9f03a2632820a26b9724dac7a7a62e87776b1b04,dlstupka/hth,4b0d7c9a16b00eb463a94355f4a2aaf9e69af020,1690,1361,1.0,False,0,-0.25,0.0,0,0,0,0,0,0,0,0,1690,1361,131.416,78.865,194.0,2144.317,5.8272,0.277445,1e-06,0.362,0.432,0.0,False,False,False,False,False,False,0.741,review,very_small_content_region,
860,Baptisms-San-Antonio-Baptism-Records-1788-1824--1858-1898_p711-929.docx,151,raw/fs_0860.png,cf1377bff774e059608161886218f099f33fbc56a24451c37da14ec26946a34d,dlstupka/hth-baptisms-san-antonio-1788-1824--1858-1898,9f03a2632820a26b9724dac7a7a62e87776b1b04,dlstupka/hth,4b0d7c9a16b00eb463a94355f4a2aaf9e69af020,1690,1361,1.0,False,0,-0.25,0.0,0,0,0,0,0,0,0,0,1690,1361,133.683,77.68,195.0,2344.605,5.8878,0.263539,0.0,0.238,0.457,0.0,False,False,False,False,False,False,0.745,review,very_small_content_region,
861,Baptisms-San-Antonio-Baptism-Records-1788-1824--1858-1898_p711-929.docx,152,raw/fs_0861.png,bd9f37c44df7b44c43ca22d3360e6ec173782a6ad53bc2790f5ae2205fc36ae8,dlstupka/hth-baptisms-san-antonio-1788-1824--1858-1898,9f03a2632820a26b9724dac7a7a62e87776b1b04,dlstupka/hth,4b0d7c9a16b00eb463a94355f4a2aaf9e69af020,1690,1361,1.0,False,0,-0.25,0.0,0,0,0,0,0,0,0,0,1690,1361,133.46,78.393,195.0,1990.357,5.7627,0.266243,0.0,0.258,0.394,0.0,False,False,False,False,False,False,0.744,review,very_small_content_region,
862,Baptisms-San-Antonio-Baptism-Records-1788-1824--1858-1898_p711-929.docx,153,raw/fs_0862.png,94c0fd8f3753cda239df4a440f6085e969c55dde6df77a2a042050c75fd4dc6f,dlstupka/hth-baptisms-san-antonio-1788-1824--1858-1898,9f03a2632820a26b9724dac7a7a62e87776b1b04,dlstupka/hth,4b0d7c9a16b00eb463a94355f4a2aaf9e69af020,1690,1361,1.0,False,0,-0.25,0.0,0,0,0,0,0,0,0,0,1690,1361,133.494,79.093,193.0,1247.259,5.5911,0.269819,0.0,0.512,0.293,0.0,False,False,False,False,False,False,0.744,review,very_small_content_region,
863,Baptisms-San-Antonio-Baptism-Records-1788-1824--1858-1898_p711-929.docx,154,raw/fs_0863.png,cbaab38562582136dad2ce3ed9ad09ef572c91df5205b360167dce0d09181ff8,dlstupka/hth-baptisms-san-antonio-1788-1824--1858-1898,9f03a2632820a26b9724dac7a7a62e87776b1b04,dlstupka/hth,4b0d7c9a16b00eb463a94355f4a2aaf9e69af020,1690,1361,1.0,False,0,-0.25,0.0,0,0,0,0,0,0,0,0,1690,1361,130.316,77.176,191.0,1787.093,5.8226,0.27156,0.0,0.579,0.386,0.0,False,False,False,False,False,False,0.74,review,very_small_content_region,
864,Baptisms-San-Antonio-Baptism-Records-1788-1824--1858-1898_p711-929.docx,155,raw/fs_0864.png,fe0a246eaff17cd7a59e1bd391f76ed814c367b0f0fc01976d2be375e08c7598,dlstupka/hth-baptisms-san-antonio-1788-1824--1858-1898,9f03a2632820a26b9724dac7a7a62e87776b1b04,dlstupka/hth,4b0d7c9a16b00eb463a94355f4a2aaf9e69af020,1690,1361,1.0,False,0,-0.25,0.0,0,0,0,0,0,0,0,0,1690,1361,134.289,78.258,194.0,1418.922,5.6182,0.262939,0.0,0.583,0.325,0.0,False,False,False,False,False,False,0.746,review,very_small_content_region,
865,Baptisms-San-Antonio-Baptism-Records-1788-1824--1858-1898_p711-929.docx,156,raw/fs_0865.png,efbe33f2419164ffd89cd5b0f0d00c0fd6bf237b17237d04b2ffb0793c6348b8,dlstupka/hth-baptisms-san-antonio-1788-1824--1858-1898,9f03a2632820a26b9724dac7a7a62e87776b1b04,dlstupka/hth,4b0d7c9a16b00eb463a94355f4a2aaf9e69af020,1690,1361,1.0,False,0,-0.25,0.0,0,0,0,0,0,0,0,0,1690,1361,133.453,78.732,196.0,2068.838,5.836,0.267736,0.0,0.327,0.424,0.0,False,False,False,False,False,False,0.744,review,very_small_content_region,
866,Baptisms-San-Antonio-Baptism-Records-1788-1824--1858-1898_p711-929.docx,157,raw/fs_0866.png,2b841f9caab9ca2cb4ec75447110c5cd12d5f4f2656022ebc3d0ef72071645bf,dlstupka/hth-baptisms-san-antonio-1788-1824--1858-1898,9f03a2632820a26b9724dac7a7a62e87776b1b04,dlstupka/hth,4b0d7c9a16b00eb463a94355f4a2aaf9e69af020,1690,1361,1.0,False,0,-0.25,0.0,0,0,0,0,0,0,0,0,1690,1361,132.798,75.939,191.0,1705.2,5.8012,0.258665,0.0,0.53,0.377,0.0,False,False,False,False,False,False,0.743,review,very_small_content_region,
867,Baptisms-San-Antonio-Baptism-Records-1788-1824--1858-1898_p711-929.docx,158,raw/fs_0867.png,0b5a872ce8d5d4536b73f05b53a1ac069c386837fb41247e90c4b918f923e64b,dlstupka/hth-baptisms-san-antonio-1788-1824--1858-1898,9f03a2632820a26b9724dac7a7a62e87776b1b04,dlstupka/hth,4b0d7c9a16b00eb463a94355f4a2aaf9e69af020,1690,1361,1.0,False,0,-0.25,0.0,0,0,0,0,0,0,0,0,1690,1361,143.279,72.604,196.0,2002.491,5.9121,0.21375,0.0,0.0,0.418,0.0,False,False,False,False,False,False,0.759,review,very_small_content_region,
868,Baptisms-San-Antonio-Baptism-Records-1788-1824--1858-1898_p711-929.docx,159,raw/fs_0868.png,17d109484fc1f892edf16e9312a3f654a48e74ce7462926ef6dee24e239c1acc,dlstupka/hth-baptisms-san-antonio-1788-1824--1858-1898,9f03a2632820a26b9724dac7a7a62e87776b1b04,dlstupka/hth,4b0d7c9a16b00eb463a94355f4a2aaf9e69af020,1690,1361,1.0,False,0,-0.25,0.0,0,0,0,0,0,0,0,0,1690,1361,130.96,78.465,193.0,2080.628,5.8092,0.274654,1e-06,0.519,0.436,0.0,False,False,False,False,False,False,0.741,review,very_small_content_region,
869,Baptisms-San-Antonio-Baptism-Records-1788-1824--1858-1898_p711-929.docx,160,raw/fs_0869.png,c8a431ffbd404d5056c72a7bc34ee6e28602f35a068a9a3d4d10d77dcdd4a2b1,dlstupka/hth-baptisms-san-antonio-1788-1824--1858-1898,9f03a2632820a26b9724dac7a7a62e87776b1b04,dlstupka/hth,4b0d7c9a16b00eb463a94355f4a2aaf9e69af020,1690,1361,1.0,False,0,-0.25,0.0,0,0,0,0,0,0,0,0,1690,1361,130.584,79.211,194.0,1887.437,5.6874,0.277888,0.0,0.405,0.392,0.0,False,False,False,False,False,False,0.74,review,very_small_content_region,
870,Baptisms-San-Antonio-Baptism-Records-1788-1824--1858-1898_p711-929.docx,161,raw/fs_0870.png,3820969300835f77eb7b2e5d2d1abc47108aa1092fc88ae4e2ea0bdba81c10c8,dlstupka/hth-baptisms-san-antonio-1788-1824--1858-1898,9f03a2632820a26b9724dac7a7a62e87776b1b04,dlstupka/hth,4b0d7c9a16b00eb463a94355f4a2aaf9e69af020,1690,1361,1.0,False,0,-0.25,0.0,0,0,0,0,0,0,0,0,1690,1361,128.219,80.733,195.0,1885.855,5.716,0.294098,1e-06,0.254,0.363,0.0,False,False,False,False,False,False,0.737,review,very_small_content_region,
871,Baptisms-San-Antonio-Baptism-Records-1788-1824--1858-1898_p711-929.docx,162,raw/fs_0871.png,3cb20f204daac5e4a4e516445fca69908cfd9d801ccd8251fe67038e4775a494,dlstupka/hth-baptisms-san-antonio-1788-1824--1858-1898,9f03a2632820a26b9724dac7a7a62e87776b1b04,dlstupka/hth,4b0d7c9a16b00eb463a94355f4a2aaf9e69af020,1690,1361,1.0,False,0,-0.25,0.0,0,0,0,0,0,0,0,0,1690,1361,131.681,79.283,194.0,1770.701,5.7196,0.276687,0.0,0.433,0.348,0.0,False,False,False,False,False,False,0.742,review,very_small_content_region,
872,Baptisms-San-Antonio-Baptism-Records-1788-1824--1858-1898_p711-929.docx,163,raw/fs_0872.png,fd4ddf4227d591504387e5d71642794532a0c260edad7e0b874b58143b5ae39e,dlstupka/hth-baptisms-san-antonio-1788-1824--1858-1898,9f03a2632820a26b9724dac7a7a62e87776b1b04,dlstupka/hth,4b0d7c9a16b00eb463a94355f4a2aaf9e69af020,1690,1361,1.0,False,0,-0.25,0.0,0,0,0,0,0,0,0,0,1690,1361,131.876,79.088,194.0,1668.068,5.7082,0.274394,0.0,0.428,0.346,0.0,False,False,False,False,False,False,0.742,review,very_small_content_region,
873,Baptisms-San-Antonio-Baptism-Records-1788-1824--1858-1898_p711-929.docx,164,raw/fs_0873.png,c7034922896e4a3b616f8f871deb92cc0db5a3c9e441430535d3bc5ee3c908aa,dlstupka/hth-baptisms-san-antonio-1788-1824--1858-1898,9f03a2632820a26b9724dac7a7a62e87776b1b04,dlstupka/hth,4b0d7c9a16b00eb463a94355f4a2aaf9e69af020,1690,1361,1.0,False,0,-0.25,0.0,0,0,0,0,0,0,0,0,1690,1361,131.066,78.993,194.0,2025.085,5.6662,0.277442,0.0,0.493,0.423,0.0,False,False,False,False,False,False,0.741,review,very_small_content_region,
874,Baptisms-San-Antonio-Baptism-Records-1788-1824--1858-1898_p711-929.docx,165,raw/fs_0874.png,8bd3b3bc3a6b5e7ff3d7de39231b0f5607879712ba22c33c375f21a9f71b4cba,dlstupka/hth-baptisms-san-antonio-1788-1824--1858-1898,9f03a2632820a26b9724dac7a7a62e87776b1b04,dlstupka/hth,4b0d7c9a16b00eb463a94355f4a2aaf9e69af020,1690,1361,1.0,False,0,-0.25,0.0,0,0,0,0,0,0,0,0,1690,1361,146.699,67.701,193.0,1824.688,5.9149,0.185527,0.0,0.109,0.417,0.0,False,False,False,False,False,False,0.764,review,very_small_content_region,
875,Baptisms-San-Antonio-Baptism-Records-1788-1824--1858-1898_p711-929.docx,166,raw/fs_0875.png,2bca84394fff7e9f2c4764a6816ab6b69cf48ffe17305a1e9a50101ea0d75f07,dlstupka/hth-baptisms-san-antonio-1788-1824--1858-1898,9f03a2632820a26b9724dac7a7a62e87776b1b04,dlstupka/hth,4b0d7c9a16b00eb463a94355f4a2aaf9e69af020,1690,1361,1.0,False,0,-0.25,0.0,0,0,0,0,0,0,0,0,1690,1361,130.884,79.684,196.0,1967.924,5.8149,0.280117,0.0,0.375,0.401,0.0,False,False,False,False,False,False,0.741,review,very_small_content_region,
876,Baptisms-San-Antonio-Baptism-Records-1788-1824--1858-1898_p711-929.docx,167,raw/fs_0876.png,0ed904905b25c330db8e7753712f463271c8c8dfabc7a4d9960473f52e238d2b,dlstupka/hth-baptisms-san-antonio-1788-1824--1858-1898,9f03a2632820a26b9724dac7a7a62e87776b1b04,dlstupka/hth,4b0d7c9a16b00eb463a94355f4a2aaf9e69af020,1690,1361,1.0,False,0,-0.25,0.0,0,0,0,0,0,0,0,0,1690,1361,131.759,79.589,196.0,1933.901,5.7125,0.276858,0.0,0.369,0.389,0.0,False,False,False,False,False,False,0.742,review,very_small_content_region,
877,Baptisms-San-Antonio-Baptism-Records-1788-1824--1858-1898_p711-929.docx,168,raw/fs_0877.png,4096f511181459ef68f3fee27e4371cdbdab6e9a21da852df5192c874e4d945d,dlstupka/hth-baptisms-san-antonio-1788-1824--1858-1898,9f03a2632820a26b9724dac7a7a62e87776b1b04,dlstupka/hth,4b0d7c9a16b00eb463a94355f4a2aaf9e69af020,1690,1361,1.0,False,0,-0.25,0.0,0,0,0,0,0,0,0,0,1690,1361,139.565,74.282,195.0,2081.356,5.8092,0.230128,0.0,0.278,0.439,0.0,False,False,False,False,False,False,0.753,review,very_small_content_region,
878,Baptisms-San-Antonio-Baptism-Records-1788-1824--1858-1898_p711-929.docx,169,raw/fs_0878.png,b9004efa6883e8fd162e461e63f5f89e4d5aa9dbc58cea9d98bbaa3975f715f3,dlstupka/hth-baptisms-san-antonio-1788-1824--1858-1898,9f03a2632820a26b9724dac7a7a62e87776b1b04,dlstupka/hth,4b0d7c9a16b00eb463a94355f4a2aaf9e69af020,1690,1361,1.0,False,0,-0.25,0.0,0,0,0,0,0,0,0,0,1690,1361,133.601,78.203,194.0,1790.39,5.6976,0.264274,1e-06,0.462,0.364,0.0,False,False,False,False,False,False,0.745,review,very_small_content_region,
879,Baptisms-San-Antonio-Baptism-Records-1788-1824--1858-1898_p711-929.docx,170,raw/fs_0879.png,7c00ff579288aa8b6665280b20be2736900b30e1b53b9e4dcc92de880919e7a4,dlstupka/hth-baptisms-san-antonio-1788-1824--1858-1898,9f03a2632820a26b9724dac7a7a62e87776b1b04,dlstupka/hth,4b0d7c9a16b00eb463a94355f4a2aaf9e69af020,1690,1361,1.0,False,0,-0.25,0.0,0,0,0,0,0,0,0,0,1690,1361,131.282,78.339,192.0,1472.993,5.5852,0.272584,0.0,0.58,0.321,0.0,False,False,False,False,False,False,0.741,review,very_small_content_region,
880,Baptisms-San-Antonio-Baptism-Records-1788-1824--1858-1898_p711-929.docx,171,raw/fs_0880.png,117713720e9d30c94a22aea048e7d881e54fda6558f6a14cb602ce73db0e2203,dlstupka/hth-baptisms-san-antonio-1788-1824--1858-1898,9f03a2632820a26b9724dac7a7a62e87776b1b04,dlstupka/hth,4b0d7c9a16b00eb463a94355f4a2aaf9e69af020,1690,1361,1.0,False,0,-0.25,0.0,0,0,0,0,0,0,0,0,1690,1361,131.009,78.253,194.0,2723.325,5.9327,0.274517,0.0,0.307,0.541,0.0,False,False,False,False,False,False,0.741,review,very_small_content_region,
881,Baptisms-San-Antonio-Baptism-Records-1788-1824--1858-1898_p711-929.docx,172,raw/fs_0881.png,3adce6a2156c0da8d3a4273d89b9c53b2c23863ce8b0fa853af1460fadb0ed96,dlstupka/hth-baptisms-san-antonio-1788-1824--1858-1898,9f03a2632820a26b9724dac7a7a62e87776b1b04,dlstupka/hth,4b0d7c9a16b00eb463a94355f4a2aaf9e69af020,1690,1361,1.0,False,0,-0.25,0.0,0,0,0,0,0,0,0,0,1690,1361,126.98,77.823,191.0,2873.604,5.821,0.286364,2e-06,0.514,0.527,0.0,False,False,False,False,False,False,0.735,review,very_small_content_region,
882,Baptisms-San-Antonio-Baptism-Records-1788-1824--1858-1898_p711-929.docx,173,raw/fs_0882.png,3f17c8a41ae5b5246b6e4dea079c600566afde92fbb1e35f7a3ce8eb38e88f20,dlstupka/hth-baptisms-san-antonio-1788-1824--1858-1898,9f03a2632820a26b9724dac7a7a62e87776b1b04,dlstupka/hth,4b0d7c9a16b00eb463a94355f4a2aaf9e69af020,1690,1361,1.0,False,0,-0.25,0.0,0,0,0,0,0,0,0,0,1690,1361,135.511,77.148,196.0,2396.137,5.9348,0.254927,1e-06,0.212,0.489,0.0,False,False,False,False,False,False,0.747,review,very_small_content_region,
883,Baptisms-San-Antonio-Baptism-Records-1788-1824--1858-1898_p711-929.docx,174,raw/fs_0883.png,8a30649e488d8f23be26fe1dcca6ea413f99a5e7c2cabc81545ce10ef1e3af41,dlstupka/hth-baptisms-san-antonio-1788-1824--1858-1898,9f03a2632820a26b9724dac7a7a62e87776b1b04,dlstupka/hth,4b0d7c9a16b00eb463a94355f4a2aaf9e69af020,1690,1361,1.0,False,0,-0.25,0.0,0,0,0,0,0,0,0,0,1690,1361,129.866,78.021,192.0,1926.97,5.7338,0.276755,0.0,0.549,0.387,0.0,False,False,False,False,False,False,0.739,review,very_small_content_region,
884,Baptisms-San-Antonio-Baptism-Records-1788-1824--1858-1898_p711-929.docx,175,raw/fs_0884.png,2b9fa6f16fd289eea5afc6a885b9c5979d48cd32024d686d78af8e20e7c7b4da,dlstupka/hth-baptisms-san-antonio-1788-1824--1858-1898,9f03a2632820a26b9724dac7a7a62e87776b1b04,dlstupka/hth,4b0d7c9a16b00eb463a94355f4a2aaf9e69af020,1690,1361,1.0,False,0,-0.25,0.0,0,0,0,0,0,0,0,0,1690,1361,131.189,78.609,192.0,1681.234,5.7066,0.274114,0.0,0.238,0.345,0.0,False,False,False,False,False,False,0.741,review,very_small_content_region,
886,Baptisms-San-Antonio-Baptism-Records-1788-1824--1858-1898_p711-929.docx,177,raw/fs_0886.png,71fa0d84b6838b18d5c2bf7b870610171d8bf2fe63d7b9e2beab34e7dd43cdd9,dlstupka/hth-baptisms-san-antonio-1788-1824--1858-1898,9f03a2632820a26b9724dac7a7a62e87776b1b04,dlstupka/hth,4b0d7c9a16b00eb463a94355f4a2aaf9e69af020,1690,1361,1.0,False,0,-0.25,0.0,0,0,0,0,0,0,0,0,1690,1361,130.162,79.972,194.0,1814.597,5.6698,0.284022,0.0,0.446,0.363,0.0,False,False,False,False,False,False,0.74,review,very_small_content_region,
887,Baptisms-San-Antonio-Baptism-Records-1788-1824--1858-1898_p711-929.docx,178,raw/fs_0887.png,047b0fd3d806a73fe99b7aa34bae4bdacacce5a66325e8841a40ac81b5deefc4,dlstupka/hth-baptisms-san-antonio-1788-1824--1858-1898,9f03a2632820a26b9724dac7a7a62e87776b1b04,dlstupka/hth,4b0d7c9a16b00eb463a94355f4a2aaf9e69af020,1690,1361,1.0,False,0,-0.25,0.0,0,0,0,0,0,0,0,0,1690,1361,130.049,77.952,191.0,2112.734,5.7531,0.275414,0.0,0.418,0.421,0.0,False,False,False,False,False,False,0.739,review,very_small_content_region,
888,Baptisms-San-Antonio-Baptism-Records-1788-1824--1858-1898_p711-929.docx,179,raw/fs_0888.png,a38bfec2c5cd2a6cca6f302c75b64e89418dda3178d1c600d26ebf488ad93c3f,dlstupka/hth-baptisms-san-antonio-1788-1824--1858-1898,9f03a2632820a26b9724dac7a7a62e87776b1b04,dlstupka/hth,4b0d7c9a16b00eb463a94355f4a2aaf9e69af020,1690,1361,1.0,False,0,-0.25,0.0,0,0,0,0,0,0,0,0,1690,1361,132.334,78.653,194.0,2090.042,5.7254,0.270493,0.0,0.3,0.421,0.0,False,False,False,False,False,False,0.743,review,very_small_content_region,
889,Baptisms-San-Antonio-Baptism-Records-1788-1824--1858-1898_p711-929.docx,180,raw/fs_0889.png,cdbfff843a1889070db6a72019787a50050845a4fb87796a021d7de0e954021d,dlstupka/hth-baptisms-san-antonio-1788-1824--1858-1898,9f03a2632820a26b9724dac7a7a62e87776b1b04,dlstupka/hth,4b0d7c9a16b00eb463a94355f4a2aaf9e69af020,1690,1361,1.0,False,0,-0.25,0.0,0,0,0,0,0,0,0,0,1690,1361,128.415,77.896,191.0,2084.301,5.7341,0.279824,0.0,0.649,0.417,0.0,False,False,False,False,False,False,0.737,review,very_small_content_region,
890,Baptisms-San-Antonio-Baptism-Records-1788-1824--1858-1898_p711-929.docx,181,raw/fs_0890.png,b7b6b83c98857e6b045400042fae9df6c43d449d119309cac26339f441e9c348,dlstupka/hth-baptisms-san-antonio-1788-1824--1858-1898,9f03a2632820a26b9724dac7a7a62e87776b1b04,dlstupka/hth,4b0d7c9a16b00eb463a94355f4a2aaf9e69af020,1690,1361,1.0,False,0,-0.25,0.0,0,0,0,0,0,0,0,0,1690,1361,130.108,77.771,191.0,1975.557,5.7005,0.272878,0.0,0.674,0.377,0.0,False,False,False,False,False,False,0.739,review,very_small_content_region,
891,Baptisms-San-Antonio-Baptism-Records-1788-1824--1858-1898_p711-929.docx,182,raw/fs_0891.png,6f09f5521690ae7ec61d976421289065518e4a99f17bcc8c2fee3bf9adc87c83,dlstupka/hth-baptisms-san-antonio-1788-1824--1858-1898,9f03a2632820a26b9724dac7a7a62e87776b1b04,dlstupka/hth,4b0d7c9a16b00eb463a94355f4a2aaf9e69af020,1690,1361,1.0,False,0,-0.25,0.0,0,0,0,0,0,0,0,0,1690,1361,145.131,67.837,192.0,1793.64,5.9162,0.188847,0.0,0.091,0.375,0.0,False,False,False,False,False,False,0.762,review,very_small_content_region,
893,Baptisms-San-Antonio-Baptism-Records-1788-1824--1858-1898_p711-929.docx,184,raw/fs_0893.png,a6a0a69691227c0fc0df208cc0018f02b802289e92105baaaae617c841dec5ff,dlstupka/hth-baptisms-san-antonio-1788-1824--1858-1898,9f03a2632820a26b9724dac7a7a62e87776b1b04,dlstupka/hth,4b0d7c9a16b00eb463a94355f4a2aaf9e69af020,1690,1361,1.0,False,0,-0.25,0.0,0,0,0,0,0,0,0,0,1690,1361,131.639,77.792,192.0,1700.774,5.7554,0.267563,0.0,0.407,0.343,0.0,False,False,False,False,False,False,0.742,review,very_small_content_region,
895,Baptisms-San-Antonio-Baptism-Records-1788-1824--1858-1898_p711-929.docx,186,raw/fs_0895.png,78c9edc26602de69e7ddf47650698c43a65490e1186bd6922d600f40c66616f3,dlstupka/hth-baptisms-san-antonio-1788-1824--1858-1898,9f03a2632820a26b9724dac7a7a62e87776b1b04,dlstupka/hth,4b0d7c9a16b00eb463a94355f4a2aaf9e69af020,1690,1361,1.0,False,0,-0.25,0.0,0,0,0,0,0,0,0,0,1690,1361,146.148,68.057,193.0,1933.887,5.9235,0.188068,1e-06,0.111,0.411,0.0,False,False,False,False,False,False,0.763,review,very_small_content_region,
897,Baptisms-San-Antonio-Baptism-Records-1788-1824--1858-1898_p711-929.docx,188,raw/fs_0897.png,d016135c92a4f13e57344f07569249fec0c05536d952d790e2d232c69c4617f3,dlstupka/hth-baptisms-san-antonio-1788-1824--1858-1898,9f03a2632820a26b9724dac7a7a62e87776b1b04,dlstupka/hth,4b0d7c9a16b00eb463a94355f4a2aaf9e69af020,1690,1361,1.0,False,0,-0.25,0.0,0,0,0,0,0,0,0,0,1690,1361,130.694,78.732,193.0,1846.52,5.6586,0.274148,1e-06,0.664,0.387,0.0,False,False,False,False,False,False,0.74,review,very_small_content_region,
898,Baptisms-San-Antonio-Baptism-Records-1788-1824--1858-1898_p711-929.docx,189,raw/fs_0898.png,4ea5d8a56c60330e1c23cd62e84582d819846077dc3eb8ad45ba9bf00d3a32b0,dlstupka/hth-baptisms-san-antonio-1788-1824--1858-1898,9f03a2632820a26b9724dac7a7a62e87776b1b04,dlstupka/hth,4b0d7c9a16b00eb463a94355f4a2aaf9e69af020,1690,1361,1.0,False,0,-0.25,0.0,0,0,0,0,0,0,0,0,1690,1361,141.038,72.941,193.0,1728.665,5.736,0.217641,0.0,0.05,0.386,0.0,False,False,False,False,False,False,0.756,review,very_small_content_region,
899,Baptisms-San-Antonio-Baptism-Records-1788-1824--1858-1898_p711-929.docx,190,raw/fs_0899.png,d2b32bb1346c6f242699b06d917babefc0a098ad6c607bb92d07d96bdf651d8e,dlstupka/hth-baptisms-san-antonio-1788-1824--1858-1898,9f03a2632820a26b9724dac7a7a62e87776b1b04,dlstupka/hth,4b0d7c9a16b00eb463a94355f4a2aaf9e69af020,1690,1361,1.0,False,0,-0.25,0.0,0,0,0,0,0,0,0,0,1690,1361,138.764,73.958,192.0,1762.469,5.7572,0.231599,0.0,0.588,0.383,0.0,False,False,False,False,False,False,0.752,review,very_small_content_region,
911,Baptisms-San-Antonio-Baptism-Records-1788-1824--1858-1898_p711-929.docx,202,raw/fs_0911.png,c0088e2e9671407657c528bb094c92cd58c016e0af500dff7c3f69354103e702,dlstupka/hth-baptisms-san-antonio-1788-1824--1858-1898,9f03a2632820a26b9724dac7a7a62e87776b1b04,dlstupka/hth,4b0d7c9a16b00eb463a94355f4a2aaf9e69af020,1690,1361,1.0,False,0,0.25,0.0,0,0,0,0,0,0,0,0,1690,1361,133.878,77.755,194.0,2569.744,5.8002,0.261201,1e-06,0.249,0.508,0.0,False,False,False,False,False,False,0.745,review,very_small_content_region,
919,Baptisms-San-Antonio-Baptism-Records-1788-1824--1858-1898_p711-929.docx,210,raw/fs_0919.png,7ea9f3259d49952e5450741d5eb51f2dcba8ea692be51f086c9ea147b0b8a050,dlstupka/hth-baptisms-san-antonio-1788-1824--1858-1898,9f03a2632820a26b9724dac7a7a62e87776b1b04,dlstupka/hth,4b0d7c9a16b00eb463a94355f4a2aaf9e69af020,1690,1361,1.0,False,0,-0.25,0.0,0,0,0,0,0,0,0,0,1690,1361,124.532,81.378,194.0,2010.768,5.7115,0.305598,3e-06,0.347,0.405,0.0,False,False,False,False,False,False,0.731,review,very_small_content_region,
924,Baptisms-San-Antonio-Baptism-Records-1788-1824--1858-1898_p711-929.docx,215,raw/fs_0924.png,42eff5e2e770a5f407642a58460277b7b32786aabb5250e7626e89941198d3ed,dlstupka/hth-baptisms-san-antonio-1788-1824--1858-1898,9f03a2632820a26b9724dac7a7a62e87776b1b04,dlstupka/hth,4b0d7c9a16b00eb463a94355f4a2aaf9e69af020,1690,1361,1.0,False,0,-0.25,0.0,0,0,0,0,0,0,0,0,1690,1361,126.3,81.428,193.0,1394.692,5.531,0.298391,2e-06,0.432,0.32,0.0,False,False,False,False,False,False,0.734,review,very_small_content_region,
926,Baptisms-San-Antonio-Baptism-Records-1788-1824--1858-1898_p711-929.docx,217,raw/fs_0926.png,cfaa74d7a14f0390a758c670f4dbfcc2dec98f8f61c340bc628ff348370db9d0,dlstupka/hth-baptisms-san-antonio-1788-1824--1858-1898,9f03a2632820a26b9724dac7a7a62e87776b1b04,dlstupka/hth,4b0d7c9a16b00eb463a94355f4a2aaf9e69af020,1690,1361,1.0,False,0,-0.25,0.009,0,0,0,0,0,0,0,0,1690,1361,142.4,74.31,209.0,1457.979,6.2288,0.213776,1.3e-05,0.334,0.361,0.0,False,False,False,False,False,False,0.758,review,very_small_content_region,
927,Baptisms-San-Antonio-Baptism-Records-1788-1824--1858-1898_p711-929.docx,218,raw/fs_0927.png,4a3da390d139eecd9c488671e5c6229a8075a0ab401ba169801110aa8c4d18f8,dlstupka/hth-baptisms-san-antonio-1788-1824--1858-1898,9f03a2632820a26b9724dac7a7a62e87776b1b04,dlstupka/hth,4b0d7c9a16b00eb463a94355f4a2aaf9e69af020,1690,1361,1.0,False,0,-0.25,0.0,0,0,0,0,0,0,0,0,1690,1361,157.325,82.769,221.0,1227.334,4.2033,0.21484,0.0,0.078,0.309,0.0,False,False,False,False,False,False,0.779,review,very_small_content_region,
928,Baptisms-San-Antonio-Baptism-Records-1788-1824--1858-1898_p711-929.docx,219,raw/fs_0928.png,c759e37c5a32e29eb334f5446b691aa5b34fbd52c67ffe90e54590795bb94814,dlstupka/hth-baptisms-san-antonio-1788-1824--1858-1898,9f03a2632820a26b9724dac7a7a62e87776b1b04,dlstupka/hth,4b0d7c9a16b00eb463a94355f4a2aaf9e69af020,2552,1058,0.705329,False,0,-0.0,1.0,0,0,0,0,0,0,0,0,2552,1058,15.084,49.995,187.0,585.276,1.1452,0.92041,0.000877,0.276,0.135,0.0,False,False,False,False,False,True,0.55,review,possible_underexposure;very_small_content_region,
